wallet_address,first_trade_utc,last_trade_utc,participant_rows,buy_yes_shares,sell_yes_shares,buy_no_shares,sell_no_shares,gross_participant_notional_usd,unique_transactions
0x00009cc4f8197b892b521c48dcf8224130e503dd,2026-06-11T18:48:22+00:00,2026-06-11T18:48:22+00:00,1,0,0,1.102,0,1.099796,1
0x0002937f9fcdac72decc53b7d1023676492622df,2026-05-13T11:06:35+00:00,2026-06-05T11:43:42+00:00,3,0,0,200.0,100.0,296.6000,3
0x000dbd5013d2573207aabf3fe6a535cd352a45d6,2026-03-31T07:54:45+00:00,2026-03-31T07:54:45+00:00,1,16.666665,0,0,0,0.999999000000090,1
0x000df877b239124348852c599f8fe060b3ea8c9b,2026-04-30T17:45:06+00:00,2026-05-09T13:11:29+00:00,3,285.714284,285.71,0,0,15.0033589971428628,3
0x0029a52dc3663cfa5ff4e0cfcdc15637534f3329,2026-03-09T14:26:53+00:00,2026-03-18T14:53:35+00:00,2,17.241378,17.24,0,0,9.999598999310392,2
0x0032478cf7e410fc14701ca119ae382a3f19932d,2026-06-15T01:25:46+00:00,2026-06-15T01:25:46+00:00,1,0,0,8.176,0,8.159648,1
0x003ad123d1fa2d5c3f1b97498bd70105a925dd0b,2026-01-29T22:45:54+00:00,2026-01-29T22:45:54+00:00,1,1.85185,0,0,0,0.9999990,1
0x005906e3a4154efb7414231fe00a1dba6972a974,2026-03-20T17:34:41+00:00,2026-03-20T19:26:35+00:00,53,10316.407307,0,0,0,928.4766580001294793,44
0x00590dcc12300f44fb7f6607d69991249e0e3257,2026-05-07T11:04:18+00:00,2026-05-07T16:05:51+00:00,2,0,0,39.95,39.95,77.5030,2
0x005ed998fcb786679eb8bfd0d20c15c0903d6d8e,2026-05-26T14:06:22+00:00,2026-05-28T01:03:53+00:00,2,0,0,92.0,0,90.2770,2
0x0067ed4e37fdb1bc71f19b77f73baf48bd462236,2026-04-30T08:45:26+00:00,2026-04-30T15:47:26+00:00,2,0,0,50.31,50.31,97.70202,2
0x006e1cfc13825aeaa91c56ab708adfbf9286bbc2,2026-05-04T09:21:02+00:00,2026-05-04T09:21:02+00:00,1,0,0,3.641077,0,3.5099980000685798,1
0x0075edf4e637a36aba8b4fc56f0dcd163794bec7,2026-06-02T11:53:41+00:00,2026-06-02T11:53:41+00:00,1,0,0,1.029222,0,1.0199590000444782,1
0x00773ecc05eb729e8cd541159ae4a5642ce469e6,2026-02-03T17:24:36+00:00,2026-02-03T17:24:36+00:00,1,1329.0,0,0,0,597.96499995090,1
0x0086646c84c241f443a9d51ee594e9d17d3677cb,2026-05-06T23:00:11+00:00,2026-05-07T04:00:48+00:00,2,0,0,51.33,51.33,99.37488,2
0x00979e14f0989f61e78258c089c836c5eb407d18,2026-06-12T12:25:22+00:00,2026-06-12T12:25:22+00:00,1,0,0,1.052,0,1.049896,1
0x0097bcc58f3ebba5bbf597a6c1ed119c761398de,2026-05-06T11:32:02+00:00,2026-05-13T20:39:46+00:00,2,27.027027,27.02,0,0,1.324238999000001,2
0x0098e9dc7e6bb27952860638c86d3b465127c7eb,2026-05-24T15:43:58+00:00,2026-05-24T15:43:58+00:00,1,2083.333333,0,0,0,24.9999989543333335,1
0x009d1d369eed95c9e38b8592f75a6076c553946f,2026-05-13T08:32:54+00:00,2026-06-05T06:27:28+00:00,3,0,0,200.0,100.0,296.6000,3
0x009fd6e149e21fdbc502314658696b75ceb4a365,2026-04-30T15:08:02+00:00,2026-05-01T07:31:46+00:00,6,172.00,0,0,0,4.98800,6
0x00a21868f7211678a79c0c4136dae5d0a549f3a9,2026-04-12T05:52:09+00:00,2026-06-01T18:43:13+00:00,2,0,0,3.191483,3.19,6.1644739998936571,2
0x00a3bbfb67891ac75e709c06e7f690e37957b7db,2026-05-10T11:36:41+00:00,2026-05-10T11:36:41+00:00,1,222.222222,0,0,0,3.9999989960000010,1
0x00a8d1158bd84516852f26c29da133b7755236ee,2026-05-04T11:19:08+00:00,2026-05-08T11:40:31+00:00,5,0,0,90.51,90.51,175.71900,5
0x00a8e2783a7ac4e14472c244b1b6b9c9e84ffe7d,2026-06-06T20:13:10+00:00,2026-06-08T15:47:24+00:00,17,10000.00,9999.994999,0,0,109.9999680164350014,17
0x00b5bf50899223aa865b7a0d513c96ba8b3d0252,2026-06-08T10:04:39+00:00,2026-06-08T10:04:39+00:00,1,216.666666,0,0,0,1.2999989993333364,1
0x00b7003a4bb86ed5e53df52f9c75b25d467e780d,2026-06-09T09:02:13+00:00,2026-06-09T09:02:13+00:00,1,0,0,1.044,0,1.039824,1
0x00c8ef6895e2fb38b538cac8c08edd6b82289ccd,2026-05-16T06:34:16+00:00,2026-06-17T08:40:41+00:00,9,15551.111107,541.66,0,0,59.6882767110000101,9
0x00cfe989b387570612d296a7a6e97aad8b9f5655,2026-06-11T18:29:43+00:00,2026-06-11T18:29:43+00:00,1,0,0,7.014,0,6.999972,1
0x00e020a8978a2658ae50f71241b0f170e8672fc7,2026-05-29T16:21:32+00:00,2026-06-06T11:35:15+00:00,3,166.666666,166.66,0,0,2.999957992000008,3
0x00e09d569c6a39f846e852b47fe813b570e2ce49,2026-06-17T13:11:01+00:00,2026-06-17T13:11:01+00:00,1,333.333332,0,0,0,0.999999996,1
0x00e122b25d6012593633624bd1ee551b29de489c,2026-04-05T21:03:27+00:00,2026-06-16T14:03:41+00:00,3,0,0,3.543012,3.54,6.8222959999148819,3
0x00e13dc911296486f060dc3f1af5ab93933b8581,2026-06-08T04:09:19+00:00,2026-06-08T04:09:22+00:00,2,0,0,12.2914,12.29,24.4462030,2
0x00f4ad09629321e5e0dead90412b77e8db6536f9,2026-06-13T10:07:54+00:00,2026-06-13T10:07:54+00:00,1,0,0,3.006,0,2.999988,1
0x00f75478dd0b6cd66ae65e4e14e7edc71db5500b,2026-06-05T13:54:25+00:00,2026-06-05T13:54:25+00:00,1,142.857142,0,0,0,0.999998994000006,1
0x011b7173e3d3b7425ae4f175fe6d8e6ee67664f5,2026-04-17T18:14:58+00:00,2026-04-19T21:13:28+00:00,4,320.00,0,0,0,14.8000,4
0x01264e5c1a37e6301e9ef80164854734f062065c,2026-06-09T03:40:51+00:00,2026-06-09T03:40:51+00:00,1,0,0,193.96,0,193.18416,1
0x013030f40f88692b12d246ebca00c2e1665cbd5e,2026-06-02T11:31:29+00:00,2026-06-02T11:31:29+00:00,1,0,0,1.029222,0,1.0199590000444782,1
0x0130afd6f3efddf1c3e16e01217b172dd9befb49,2026-03-12T01:47:15+00:00,2026-06-07T19:29:48+00:00,181,0,269.442221,9540.063535,1919.673881,10609.1151519734493388,178
0x0138498bc5f317325fbda9d6510de48483140313,2026-03-15T05:41:53+00:00,2026-03-15T05:41:53+00:00,1,16.666665,0,0,0,4.99999900000005,1
0x013c74b9bc3e54d544924bb2323b4a1136b6c475,2026-05-20T03:36:11+00:00,2026-05-20T03:36:11+00:00,1,111.11111,0,0,0,1.000000001111111,1
0x0141c989e1e39815df5f1cc5013960b489c80a66,2026-06-05T10:08:28+00:00,2026-06-05T10:08:28+00:00,1,0,0,1.431375,0,1.419924000,1
0x0144631dbe9938ca63aac59607a27a70d9c4db6b,2026-06-16T06:15:28+00:00,2026-06-16T06:15:28+00:00,1,566.0,0,0,0,2.8300,1
0x014c4e7ae2145992861c2d1b124af633a97f820c,2026-04-20T05:16:08+00:00,2026-05-30T06:39:09+00:00,22,57036.83,9231.77,0,0,1202.483600036330,22
0x0151f140895f130d5922dee7bcd4cff2f440847b,2026-03-20T17:35:19+00:00,2026-03-21T03:36:15+00:00,18,0,0,7.77,7.77,14.0637,18
0x0152c8dadfbc1f0aebc01eac4e04490278aa9a37,2026-06-10T23:26:37+00:00,2026-06-10T23:26:37+00:00,1,0,0,10.02,0,9.99996,1
0x0154ce36c7ae8cfe7ac24cd5a0caaba852204834,2026-06-12T15:40:01+00:00,2026-06-12T15:40:01+00:00,1,0,0,1.002,0,0.999996,1
0x015b394ad2031dbed42de70cbe98df63190f9b8f,2026-06-12T06:45:22+00:00,2026-06-12T06:45:22+00:00,1,0,0,1.002,0,0.999996,1
0x015c23d57ce8f597424c84fb2fe71b8046274b07,2026-06-13T17:43:18+00:00,2026-06-13T17:43:18+00:00,1,0,0,1.002,0,0.999996,1
0x018239187c4b9137daf718de3b88fefa72969ffe,2026-06-14T07:11:16+00:00,2026-06-14T07:11:16+00:00,1,333.333333,0,0,0,0.999998999000001,1
0x01828ee003c3d7dc94203fa09767c0003935810a,2026-05-20T17:18:04+00:00,2026-05-20T17:18:04+00:00,1,416.666666,0,0,0,4.999999992,1
0x01932b5fcc5b34f08b15f8fbca9e98ba0ffb6db1,2026-05-15T15:42:42+00:00,2026-05-15T15:42:42+00:00,1,100.0,0,0,0,1.000,1
0x019a7307a285868bc0552befa6c8bc48d92e92e9,2026-06-16T21:26:23+00:00,2026-06-17T11:20:01+00:00,9,41333.333330,0,0,0,123.9999928233333340,9
0x019e20a59d71d71ba94d0ed52e718ffe0b1eaf1d,2026-05-29T13:37:23+00:00,2026-05-29T13:37:23+00:00,1,0,0,823.0,0,813.1240,1
0x019f25361b6eae6762a6c1c930643ed55b993849,2026-03-30T18:53:21+00:00,2026-05-28T04:42:31+00:00,2,0,0,5.26314,5.26,10.1863430,2
0x01a035e52005c42d28fad17f8b588c0fe73fdd14,2026-03-02T05:17:21+00:00,2026-03-02T05:17:21+00:00,1,4.255318,0,0,0,1.9999990000001242,1
0x01a4d27820052bd63cc8303e3a7ac2137c9a076e,2026-06-15T20:02:16+00:00,2026-06-15T20:46:30+00:00,4,727.28,727.28,0,0,5.09096,4
0x01b11f4b4ca54c12ef2a9623889e7a7f595876b0,2026-02-14T14:07:03+00:00,2026-04-10T17:39:13+00:00,3,20.00,20.0,0,0,12.000,3
0x01ca87224909075aa7b81c236cf8ed95da415091,2026-02-02T08:27:52+00:00,2026-05-24T05:20:10+00:00,2,10.0,10.0,0,0,5.300,2
0x01d1d1626dbbd38d5429ac4063e26d0de91abfdc,2026-05-05T14:17:18+00:00,2026-05-16T03:31:36+00:00,4,0,0,64.262560,64.26,125.9823560001205975,4
0x01d2550ce2480442c76f490cd4538646c57bc603,2026-06-01T18:29:06+00:00,2026-06-17T15:50:14+00:00,49,0,0,65.223087,65.21,129.9178409998065757,49
0x01d5f94800ae12ca070c707f606112121eb5eff3,2026-05-13T15:49:12+00:00,2026-05-13T15:49:12+00:00,1,838.461538,0,0,0,10.899999994,1
0x01f2222e0945138296ad4b7e339894f2a31d2449,2026-06-17T13:45:29+00:00,2026-06-17T13:45:29+00:00,1,0,0,57.0,0,56.8860,1
0x01f36dd6ea6f8c3f09c23f57ea0965d55f58c4cc,2026-06-10T19:14:03+00:00,2026-06-10T19:14:03+00:00,1,0,0,1.032,0,1.029936,1
0x02149b71b55ed09ecfe60517a423c1e82784a935,2026-05-13T04:55:36+00:00,2026-06-04T05:42:09+00:00,3,0,0,179.981382,90.26,267.0865690022276698,3
0x02187919a1bfb8e2fe11f4a44c9db3520a2741ae,2026-04-18T15:51:52+00:00,2026-04-18T15:51:52+00:00,1,333.333332,0,0,0,19.9999989866666704,1
0x021fe36ad969ac3c7660ab7385de98695736120d,2026-04-24T10:19:34+00:00,2026-04-24T10:40:14+00:00,2,1000.00,0,0,0,42.00000,2
0x022a1b8ede51ad59734e370cb65697bedd9c2409,2026-05-14T15:06:43+00:00,2026-05-14T15:06:43+00:00,1,0,0,15.0,0,14.7900,1
0x022f5a2835a3de2ec0814b3b10f5b1882ed3e5f5,2026-06-16T01:46:16+00:00,2026-06-17T18:00:41+00:00,2,0,0,110.0,110.0,219.4500,2
0x0248d5cafb1f9b8ff970ce090cea12e7d2d7506a,2026-06-14T22:09:04+00:00,2026-06-14T22:09:04+00:00,1,0,0,37.3345,0,37.2598310,1
0x0258ca70fffa7c9d22097d6a46560409ea744018,2026-05-03T16:38:46+00:00,2026-05-04T00:38:52+00:00,2,0,0,59.82,59.82,115.27314,2
0x026260138767c7d6e7f2afd4d0f5d636b3dfd7b6,2026-06-11T08:16:40+00:00,2026-06-15T07:16:43+00:00,2,6666.666666,6666.66,0,0,33.3333193313333334,2
0x0275ac8f6793cc3ffe90dc1095330e240622b936,2026-03-19T02:34:37+00:00,2026-03-19T07:38:01+00:00,2,39.5,39.5,0,0,8.295,2
0x027e587a1086809d1a00f22216bef6a808f1c97f,2026-05-17T09:37:06+00:00,2026-05-21T14:05:49+00:00,4,4310.714284,0,0,0,31.2999990365714287,4
0x02930fdb8afed0ddc469f779ccb06552d4edea2b,2026-05-04T13:41:38+00:00,2026-06-01T02:44:13+00:00,4,0,0,20.422393,20.42,39.9877529994956728,4
0x029df49e0611c8c2f21d419a6211ddb260001d43,2026-05-23T17:26:52+00:00,2026-06-14T19:58:39+00:00,3,38553.863333,0,0,0,130.99999996560111,3
0x02a3558bd151554d94b76af0fc63cc7bcb1c3bcf,2026-04-30T05:57:06+00:00,2026-04-30T05:57:06+00:00,1,200.0,0,0,0,5.0000,1
0x02b9ece6d276ff4227a397e4940cf6073ae41c14,2026-05-12T07:52:55+00:00,2026-06-03T06:20:54+00:00,4,0,0,171.747172,171.74,338.9368750008252828,4
0x02c57a08d34d6eaeb575dda68faffb47b232ef2a,2026-06-16T23:47:40+00:00,2026-06-16T23:59:28+00:00,5,9133.333331,0,0,0,27.3999962863333368,5
0x02d875659379ac56fc5528adfd3075e42cf19126,2026-02-02T22:23:06+00:00,2026-02-02T22:23:06+00:00,1,108.695651,0,0,0,49.9999990034782658,1
0x02dad8de9125e3bb5a05b74fdfcfb0ecc7af5b67,2026-05-06T15:44:24+00:00,2026-05-08T13:08:03+00:00,2,8.0,8.0,0,0,0.4480,2
0x02e8c280481b4bbf82f353ef452c54ed772e0334,2026-05-09T00:24:24+00:00,2026-05-09T00:24:24+00:00,1,588.235293,0,0,0,9.999999981,1
0x02ee16211be408b98c04de6453e98ac675a07a9b,2026-05-13T08:51:04+00:00,2026-05-13T12:01:26+00:00,2,0,0,7.092197,7.09,13.9907379999930057,2
0x02faebfd40fdfa97f177f81f70af57108fbebd0f,2026-02-28T05:02:55+00:00,2026-03-22T22:22:21+00:00,3,22.0,22.0,0,0,12.760,3
0x030a4dfe35f8d0e8c3056e4114b5b7871dddb678,2026-06-12T02:19:33+00:00,2026-06-12T02:19:33+00:00,1,0,0,2.004,0,1.999992,1
0x030c4078f88f9f7984c82f592270c930dd54f59d,2026-05-08T00:41:14+00:00,2026-05-08T04:45:02+00:00,2,0,0,55.37,55.37,107.52854,2
0x031a5098c83dec3a3b321dd901c23c0771d26081,2026-05-14T17:18:25+00:00,2026-05-14T17:18:25+00:00,1,714.285714,0,0,0,9.9999989960000004,1
0x031aa5315f726d9304f2c8332fcb632adb7efdf7,2026-05-17T18:51:23+00:00,2026-05-17T19:05:48+00:00,2,0,0,8.0645,8.06,15.9874440,2
0x031c6afe61da9d3ad775e3e2bd511b3ae1112ac0,2026-05-29T01:25:39+00:00,2026-05-29T01:25:39+00:00,1,0,0,57.0,0,56.2020,1
0x03217ce1c1e1d1a0e25d17b4bf989857d3afa5a6,2026-04-28T03:19:00+00:00,2026-04-28T03:35:20+00:00,2,0,0,63.0,63.0,121.4010,2
0x0328bd8eb1c13a717e36b260a9e0fef84190b22e,2026-06-16T23:55:16+00:00,2026-06-16T23:55:16+00:00,1,0,0,4.3685,0,4.3597630,1
0x0342ea25a0bde2dc47003a2dcb2add2f5adcae82,2026-05-16T04:42:20+00:00,2026-06-06T16:12:57+00:00,8,0,0,71.57,71.57,141.99605,8
0x034a3987364122cf6f560e5a093d7c7dffbdd14b,2026-02-28T20:32:23+00:00,2026-02-28T20:32:23+00:00,1,1.960783,0,0,0,0.9999990000002211,1
0x034e9eea81f8db278af28c0cd6ce7e6aba7a2475,2026-05-16T03:48:13+00:00,2026-05-18T03:03:29+00:00,2,0,0,21.99,21.98,43.50834,2
0x035568c46bdb2bfdeda432f6b233781cec9cc56c,2026-06-11T21:52:48+00:00,2026-06-11T21:52:48+00:00,1,0,0,1.002,0,0.999996,1
0x03562015a28d1443284f940990334c81918d0755,2026-06-14T14:13:27+00:00,2026-06-14T16:53:30+00:00,2,0,0,14.028,14.02,27.977884,2
0x035dfaa3263e78446697831f549babd1f2b1e6d6,2026-05-07T19:26:30+00:00,2026-05-12T02:09:15+00:00,4,0,0,97.89,97.89,190.78231,4
0x035fb608d34bdc151e23e1105f375696bd9f7879,2026-06-03T00:22:48+00:00,2026-06-06T19:03:09+00:00,26,26499.99175,26499.99,0,0,366.162443730645,26
0x035fd066c524a3b21c8ef4f10e7ae8130919a462,2026-03-26T19:06:31+00:00,2026-03-26T19:06:31+00:00,1,233.333332,0,0,0,20.9999989933333384,1
0x03609e38d899ab01dbca9b211a6f42778a4abe31,2026-04-15T11:18:06+00:00,2026-04-15T11:18:06+00:00,1,50.0,0,0,0,3.000,1
0x0362bb926368b144e0ff98f6828a251e4cb6449e,2026-02-08T04:27:47+00:00,2026-02-08T04:38:25+00:00,2,1000.0,0,0,0,583.680,2
0x036c9d1ff11f11a266fb314d0d41c8c30b6f2ceb,2026-03-27T12:17:45+00:00,2026-04-06T04:56:57+00:00,10,499.99650,499.99,0,0,84.9988200,10
0x0377f289ff75135abde2d17904e75a782ed41833,2026-04-23T16:19:54+00:00,2026-06-01T04:53:27+00:00,2,2422.222222,0,0,0,29.9999991091111112,2
0x0379f755b406f10371faafc190eb1c457030512b,2026-05-17T16:10:41+00:00,2026-05-18T02:42:20+00:00,2,0,0,107.65,107.65,213.03935,2
0x03805a13a0b3e058f55f6c6af95389d4f431073d,2026-05-29T01:25:39+00:00,2026-06-17T17:43:22+00:00,73,0,0,26546.155918,0,26410.9136590353306085,70
0x038dd2a39b77e911489819b3792a4a47a824d501,2026-05-26T21:10:49+00:00,2026-05-26T21:10:49+00:00,1,467.98,0,0,0,9.744340023016,1
0x03997729f56ae7cab5278d15460fff0822bca697,2026-05-19T07:01:04+00:00,2026-05-19T07:01:04+00:00,1,90.909089,0,0,0,0.9999989971818388,1
0x039c121354bc9c82b99c38d507e29b975b9a33bf,2026-05-04T13:10:42+00:00,2026-05-04T18:12:26+00:00,2,0,0,27.01,27.01,52.45342,2
0x03a0d7d40ebbfed6716864133de38406db5f7e09,2026-05-04T03:41:54+00:00,2026-05-04T03:41:54+00:00,1,27.027027,0,0,0,0.999998999000001,1
0x03b0e32af14d1e40c7f985ae65692d55949ea2a0,2026-06-16T09:06:37+00:00,2026-06-16T09:06:37+00:00,1,0,0,46.0,0,45.8160,1
0x03b54ddf9eaf97dcff69980d5c9e4421799f9418,2026-05-05T14:27:56+00:00,2026-05-08T05:34:41+00:00,4,0,0,62.17,62.17,120.70432,4
0x03b59eb6f7204309a0a0bb822b7270c4c491bda3,2026-06-08T11:49:24+00:00,2026-06-08T11:49:27+00:00,2,0,0,12.48975,12.48,24.85739100,2
0x03b6557ae168279af9375e3b2bff0a6b542d2c93,2026-06-08T03:37:19+00:00,2026-06-08T03:55:04+00:00,2,1608.67,1608.67,0,0,18.043349933651,2
0x03bd89173ebcbb074c298986d293cc4b23e8b422,2026-04-23T08:57:40+00:00,2026-04-24T04:04:18+00:00,6,61.388645,61.0,0,0,5.3936549998759730,6
0x03c0692038bc1f44282afca8117ae514bb05ee17,2026-03-23T06:09:57+00:00,2026-03-23T06:09:57+00:00,1,50.0,0,0,0,5.00,1
0x03ca4f26700992708b0f08cf7cc6b5aa09f669f3,2026-04-12T21:21:23+00:00,2026-04-12T21:21:23+00:00,1,71.42857,0,0,0,4.999999000000018,1
0x03cca2fd29bbca83e95c370c02f9394b877253b3,2026-05-07T11:32:30+00:00,2026-05-08T03:59:41+00:00,4,0,0,111.8,111.8,216.9386,4
0x03ce1e71a98d0926a25ada512ff7e2c19ae5fa72,2026-04-28T03:03:00+00:00,2026-06-10T12:47:04+00:00,4,0,0,69.221953,69.22,133.8849329997793460,4
0x03e1c80c80e78ac7e241bec68ed86b50ab1885ee,2026-06-06T17:11:07+00:00,2026-06-07T21:25:15+00:00,2,200.0,200.0,0,0,2.0000,2
0x03ee29ccfce3f06bf65b49969e196971e078ed41,2026-05-03T09:33:14+00:00,2026-05-05T10:41:36+00:00,2,54.054053,54.05,0,0,3.2971999988378371,2
0x03f02009d35e9a20cd18ed817d15e3c568d363e0,2026-06-06T07:39:01+00:00,2026-06-13T17:41:22+00:00,2,3571.428571,3571.42,0,0,32.1428389255714287,2
0x03f19908a337af298cee6b04e0e649686b03b1fe,2026-05-04T01:43:10+00:00,2026-05-13T19:06:26+00:00,10,0,0,786.59,786.59,1536.21027,10
0x03f598c84408af2327eed02429fb4044984c003a,2026-05-02T08:19:14+00:00,2026-05-02T08:19:14+00:00,1,25.641024,0,0,0,0.9999990001026240,1
0x04045703a1b01f44ab8dfe125c51830082bf4719,2026-05-25T18:20:06+00:00,2026-05-25T18:20:06+00:00,1,214.285714,0,0,0,2.999999996,1
0x041062576803da5e4928bfd4e4fde66b84e556ad,2026-06-08T11:39:01+00:00,2026-06-08T11:39:06+00:00,2,0,0,12.6705,12.67,25.2264680,2
0x0417756ce7f72c513ce7ff3b59b1d8107e80aaa7,2026-06-17T06:37:34+00:00,2026-06-17T08:09:55+00:00,2,0,0,104.104,104.1,207.787596,2
0x0418086ab206192154f05d72f9a231629ad5d347,2026-06-12T02:22:42+00:00,2026-06-12T02:22:42+00:00,1,0,0,397.8155,0,397.0198690,1
0x0419cf23db02f7d9dfdd5831e3b52fbefc7a5664,2026-05-24T08:19:42+00:00,2026-05-24T08:19:42+00:00,1,263.636363,0,0,0,2.8999989911818206,1
0x042ea695a2f17941deb434506d8e1815eb1c70b4,2026-05-29T00:09:39+00:00,2026-06-04T01:50:16+00:00,6,0,0,83.53,83.53,165.63245,6
0x0432bf3827cb8b934a322756f1ca496b99dc5686,2026-05-21T02:32:53+00:00,2026-06-17T03:14:39+00:00,4,0,0,32.656181,32.65,64.9912579998999371,4
0x0446b81836c07ea7447a3f72f5f6a72e05d60893,2026-02-23T04:27:32+00:00,2026-06-09T07:57:55+00:00,2,217.391303,217.39,0,0,100.8695590104347849,2
0x0456d522075e8432312cd1b392ef02d1217bc797,2026-04-26T14:30:18+00:00,2026-04-27T16:26:10+00:00,2,0,0,12.0,12.0,22.9920,2
0x046ecab68867f6361f091cbbf266140bc2ceb2c0,2026-05-07T12:09:36+00:00,2026-05-07T17:13:17+00:00,2,0,0,26.84,26.84,52.04276,2
0x047670d6e9fa9cfbce167396a082c17913075794,2026-05-17T16:46:30+00:00,2026-05-17T20:04:57+00:00,11,2500.0,2499.985554,0,0,42.4998669893018938,11
0x0486831c6caaae51d11a0fc6aee42ca16a3d2a2f,2026-03-03T09:10:59+00:00,2026-03-07T02:21:21+00:00,18,399.990768,399.981427,0,0,279.9902679986236598,18
0x04931c3456da20f5de4abf785b677284be3e8d1c,2026-03-07T06:56:15+00:00,2026-03-07T07:02:01+00:00,2,0,0,5.0,5.0,6.500,2
0x0495a7e04a2e74258b366596daffaf99ef3d9fdc,2026-05-15T21:10:32+00:00,2026-05-16T03:41:24+00:00,2,123.333333,123.33,0,0,2.2199689980000027,2
0x04ae4baa5b9da09567769e26fa5ee73284395b9b,2026-06-10T13:41:43+00:00,2026-06-14T23:47:52+00:00,2,200.0,200.0,0,0,1.0000,2
0x04b954ec5d65e0a855d31b5e695083f3c4ad79e0,2026-02-11T13:38:39+00:00,2026-05-04T23:25:34+00:00,25,343.470677,0,1950.0,1606.514671,2817.3235990029679485,25
0x04be653a0ed8cb2eb774ddfd85f3aea2345c30af,2026-02-04T09:32:22+00:00,2026-02-07T00:56:19+00:00,2,2.127658,2.12,0,0,2.1235990000001924,2
0x04be83d521676eb735cbc8e4a8e559e27378fe8c,2026-05-06T00:16:04+00:00,2026-05-07T17:14:34+00:00,4,0,0,12.62,12.62,24.48206,4
0x04d5cab68fd3a335d90a14ee3176c5a0de91ee3b,2026-05-05T12:55:20+00:00,2026-05-06T03:28:00+00:00,2,0,0,277.23,277.23,539.48958,2
0x04d7c3d9aea26b8dd17d818817a95d85837bff1b,2026-05-17T18:48:56+00:00,2026-05-18T05:27:48+00:00,2,0,0,100.5,100.5,198.8895,2
0x04dcbd9b805b220a9b2d27e4d9e649ed07902387,2026-03-09T12:20:29+00:00,2026-04-20T04:16:14+00:00,4,2625.0,0,0,0,105.3561900000,4
0x04de891bcabc657ff8b78994c0c4a7c5c3aea84d,2026-05-31T05:23:31+00:00,2026-06-11T15:04:48+00:00,2,0,0,810.0,810.0,1611.0900,2
0x04e110b194da9c6824b9f7b73417d06d517b46d8,2026-06-06T11:04:13+00:00,2026-06-06T11:04:13+00:00,1,714.285714,0,0,0,4.9999989980000004,1
0x04e35aae15c0bf12684d7605afd5bd0ed9c3ef1e,2026-05-25T18:35:11+00:00,2026-05-25T18:35:11+00:00,1,100.0,0,0,0,1.4000,1
0x04e86fd4eaf9ce927ca9b530b25e6d33f3a24fca,2026-03-19T06:35:49+00:00,2026-03-19T06:35:49+00:00,1,45.454544,0,0,0,4.9999989990909360,1
0x04eba92c75382cf99bdd192961e3a25ee3a362f1,2026-06-08T15:33:52+00:00,2026-06-17T18:01:08+00:00,3,689.333333,689.33,0,0,3.469328999000001,3
0x04f14a65aad308e6d795474937c0e8570feb953a,2026-05-20T01:12:46+00:00,2026-05-20T01:12:46+00:00,1,1111.111111,0,0,0,9.9999989990000001,1
0x0515f26be91ea273c24b76586c581fb074e3910e,2026-05-20T06:35:58+00:00,2026-05-20T06:35:58+00:00,1,0,0,5.04025,0,4.99992800,1
0x052f4191cd324a348835a846d34df5b0061e53fb,2026-06-17T15:45:47+00:00,2026-06-17T15:46:16+00:00,5,0,0,9999.993332,0,9969.9933530578413328,5
0x05315088911904571f08bbce6529bb0520393770,2026-05-04T12:26:02+00:00,2026-05-04T12:26:02+00:00,1,300.0,0,0,0,11.1000,1
0x0534086733ff7b9711cd4690d1db97f35f4d7df6,2026-06-12T08:55:39+00:00,2026-06-12T08:55:39+00:00,1,0,0,1.002,0,0.999996,1
0x053591cc194be97575767ee2f897bf5d2da71ddb,2026-05-10T20:28:41+00:00,2026-05-11T02:33:25+00:00,2,0,0,38.05,38.04,74.53016,2
0x053af5a38bddb0ccf0d3ffa29edbace65c3a3b9e,2026-05-11T02:28:31+00:00,2026-05-11T02:29:34+00:00,2,0,0,202.0408,202.04,395.797144,2
0x05403a18ec9843d2e1328648c2e0c7ca64ca44e0,2026-06-06T16:12:21+00:00,2026-06-06T16:57:22+00:00,3,0,0,43.47,43.47,86.46183,3
0x0547fd02fb4c0115e0fb694a756bfd2ce5d9dd3a,2026-06-05T20:54:10+00:00,2026-06-08T12:11:49+00:00,3,10094.285713,10094.28,0,0,111.0371181244285719,3
0x0567e4d3d89789c0adceb3b6ea79f1e1470f82d1,2026-06-06T14:57:12+00:00,2026-06-06T14:57:12+00:00,1,285.714285,0,0,0,1.9999989950000025,1
0x0568fc80dee6d54721154b22c9d854d553fb0bcb,2026-06-09T07:39:28+00:00,2026-06-09T07:39:28+00:00,1,0,0,275.01,0,273.90996,1
0x056df154c13aa454d262327df31f549fd05fb973,2026-06-15T00:11:06+00:00,2026-06-15T03:36:40+00:00,2,0,0,13.026,13.02,25.980888,2
0x0575c380f546745302a394d8fe65f3137e4266f3,2026-04-09T02:34:55+00:00,2026-04-09T02:34:55+00:00,1,22.222221,0,0,0,1.9999989988889379,1
0x057b1278c6f10ce28fa1bda1248c3280e5eb9819,2026-06-02T19:29:10+00:00,2026-06-16T18:28:50+00:00,2,1000.0,1000.0,0,0,12.0000,2
0x0584b3607733a8b23d944c180f67eb33f8cd5daa,2026-06-17T15:42:50+00:00,2026-06-17T15:42:50+00:00,1,626.666665,0,0,0,1.879999995,1
0x05882fd2e27730ffd956d09261b92e7a4cd7ed3e,2026-03-16T15:07:07+00:00,2026-05-12T12:53:19+00:00,2,0,0,15.0,15.0,24.8100,2
0x0591298f2efd237535d543767bd95367d95d4250,2026-05-13T08:08:31+00:00,2026-06-05T05:38:13+00:00,3,0,0,200.0,100.0,296.5000,3
0x0594641760645aa117db7e40a70800a32524479b,2026-05-15T03:14:57+00:00,2026-06-05T16:22:03+00:00,3,0,0,200.0,100.0,296.6000,3
0x0596ccfab3269995c8795e39b8cfe54c7302e8b3,2026-06-17T13:52:38+00:00,2026-06-17T13:52:38+00:00,1,15000.0,0,0,0,45.0000,1
0x059dcfb9b7a0b2b8b39683e89efcc6a4c51a1b78,2026-05-31T11:27:27+00:00,2026-05-31T11:27:27+00:00,1,111.111111,0,0,0,0.999998999000001,1
0x05a32432c421ddef15ed446ae30aba14008deb9a,2026-06-12T01:27:42+00:00,2026-06-12T01:27:42+00:00,1,0,0,1.222,0,1.219556,1
0x05a639f27c38e9f52a525f421affcc4dffbd7991,2026-05-07T01:56:19+00:00,2026-05-07T07:56:23+00:00,2,0,0,59.3,59.3,114.8048,2
0x05c2b5a096cb4b71f5dd73f745afc0609de2d3cf,2026-05-19T04:46:07+00:00,2026-05-19T04:46:07+00:00,1,130.0,0,0,0,1.0400,1
0x05c888a78fafb6384c727a34070cb49e6748bf2b,2026-02-23T04:09:24+00:00,2026-06-09T07:43:12+00:00,3,318.996413,318.99,0,0,131.2759580029749212,3
0x05d5c3a020cfbe32263d5f4ed84e1a00e1e8358d,2026-06-09T02:45:49+00:00,2026-06-09T02:45:49+00:00,1,0,0,5.9235,0,5.8998060,1
0x05ddbe2edc2fcb293eb149028f45e93cec14305c,2026-04-24T18:55:08+00:00,2026-05-04T16:03:58+00:00,11,0,0,147.92,147.92,283.14612,9
0x05e1da2871fceadcf1a70adafd44761d84ad5e0c,2026-06-10T16:27:28+00:00,2026-06-10T16:27:28+00:00,1,0,0,1.032,0,1.029936,1
0x05eb506f9f33273174047857fcd92e372d73fa66,2026-05-05T03:25:20+00:00,2026-05-05T10:27:34+00:00,2,0,0,61.83,61.83,120.63033,2
0x05f8678caad9bbf77336dd12ad05195b833e9b8c,2026-06-15T06:38:34+00:00,2026-06-15T06:38:34+00:00,1,333.333333,0,0,0,0.999998999000001,1
0x0609ebaf7c97e1e276d6559162aa1fba2e107f0e,2026-05-16T04:49:51+00:00,2026-05-16T04:49:51+00:00,1,222.222221,0,0,0,1.999999989,1
0x060c0771656c873da899bec39185b95b3d28f798,2026-05-28T02:14:52+00:00,2026-05-28T02:14:52+00:00,1,0,0,1.317076,0,1.2999540000146084,1
0x061933ed3b65f72e11c14ec13b5c43b5631f9684,2026-06-13T22:43:42+00:00,2026-06-14T11:20:01+00:00,2,0,0,90.97,90.97,181.39418,2
0x061a55f65a8b765759bf25c9c312791d1d8de2db,2026-06-14T07:47:28+00:00,2026-06-14T09:10:01+00:00,2,0,0,112.8455,112.84,225.1212890,2
0x061ac16314b2c878aaf1a6797b980955e7a4142b,2026-06-17T17:43:14+00:00,2026-06-17T17:43:14+00:00,1,3333.333333,0,0,0,9.9999989990000001,1
0x061d42892935c2d96e618830b3c93e6e467e0dd3,2026-02-10T18:04:29+00:00,2026-02-20T15:07:30+00:00,6,0,20.0,70.0,0,43.344700,6
0x0628e9c41831d66c695f8ed62a901ee0d24dbcd8,2026-04-30T05:36:48+00:00,2026-05-13T04:21:29+00:00,57,0,0,2091.68,2091.655572,4097.3141820003174094,48
0x063723db69f8009d36a39dc2342adbab7f331e31,2026-06-01T05:38:29+00:00,2026-06-01T06:32:02+00:00,4,0,0,6.905237,4.98,11.7851739997466726,4
0x063f7fe02390ac64f1c3342033fea5e5da7ed956,2026-06-03T11:34:27+00:00,2026-06-11T15:04:58+00:00,3,0,0,336.0,336.0,667.9680,3
0x0673813f8dcd881b54bc5a80eb9ca427c76fafab,2026-03-02T10:55:03+00:00,2026-03-02T11:13:13+00:00,2,12.0,12.0,0,0,9.840,2
0x067503e84eca23127cea2c677515e30954d208f0,2026-05-26T07:41:12+00:00,2026-06-01T12:42:24+00:00,2,63.75,63.75,0,0,1.509999999375,2
0x06807c2ce526b3dfc353684b30bb592150017ff8,2026-05-13T20:37:10+00:00,2026-05-13T20:37:10+00:00,1,76.923075,0,0,0,0.9999989980769475,1
0x0684e98f96f1e73635e296edf3cfc6408eac87a3,2026-05-28T16:31:40+00:00,2026-06-05T09:02:57+00:00,5,2277.777775,0,0,0,20.9999969730000051,5
0x06a2576e935cf05126105bdae75e8ff814630acb,2026-02-17T09:29:59+00:00,2026-02-17T09:29:59+00:00,1,300.0,0,0,0,165.000,1
0x06ab9e1c743ac4d5615faa7a6162ae55778222a4,2026-05-27T03:00:35+00:00,2026-05-27T03:00:35+00:00,1,0,0,1.622714,0,1.5999959999432150,1
0x06b2934b382d4429d50d7239ee375a76167f9f35,2026-05-16T11:30:24+00:00,2026-05-16T11:32:21+00:00,2,285.0,0,0,0,2.2800,2
0x06b4c588518a662192cf9de55c187422bd3cf030,2026-05-10T15:24:50+00:00,2026-05-11T04:05:58+00:00,2,0,0,82.68,82.68,162.13548,2
0x06b5dec5adfe4469a9075aa7896a068b085c6319,2026-06-02T04:48:52+00:00,2026-06-04T00:54:27+00:00,2,1361.111111,0,0,0,11.9999989990000001,2
0x06b6bedc27a0b9cfc6a2653006373523d368ebab,2026-04-29T10:06:18+00:00,2026-05-05T06:29:10+00:00,2,0,0,1.04165,1.04,2.0139840,2
0x06b9afb3692989937cf2971adc078a792f26fb44,2026-04-20T14:46:26+00:00,2026-04-20T14:46:26+00:00,1,50.0,0,0,0,2.2500,1
0x06c644da0456fb4cbbaa3954d29f51dc3b3e51c0,2026-05-12T07:34:24+00:00,2026-06-03T06:15:01+00:00,4,0,0,177.844869,177.84,350.9727740032267716,4
0x06c66bea1147681eb6579ac9959e8c5df674577b,2025-12-22T20:37:09+00:00,2026-01-06T02:15:33+00:00,2,20.0,20.0,0,0,17.200,2
0x06cb73531a43553e31a8ad031026d4b33f1af47f,2026-03-26T11:00:49+00:00,2026-06-05T13:43:49+00:00,124,0,0,95.653114,25.49,114.8355960000611965,124
0x06da66efe045ab24e87cdfe0b70b23b2edc2f2ed,2026-04-27T16:48:18+00:00,2026-05-13T04:25:36+00:00,2,487.804878,487.8,0,0,26.829199998,2
0x06e16256e33d2b9bf4bbe15b2bb0bb4f75714978,2026-06-09T04:30:18+00:00,2026-06-09T04:30:40+00:00,4,0,0,14.799,14.79,29.455854,4
0x07046535ff9a910d7343a2c319a3e62234621858,2026-05-08T14:13:29+00:00,2026-05-17T06:40:12+00:00,185,0,12610.113333,128214.888883,0,126360.3484594590651228,184
0x070560c01eab85d0031d1feddc15280a03410f55,2026-05-05T13:45:28+00:00,2026-05-07T15:25:45+00:00,4,0,0,121.05,121.05,234.78885,4
0x07134c6b1a0437d0bf662f40ee37c5e81a04e04c,2026-04-06T15:04:39+00:00,2026-04-15T12:29:08+00:00,2,0,0,33.652162,33.65,62.5909889996174056,2
0x071b6e72916485b97da34aab5b5c231ebe44b46c,2026-05-01T17:21:36+00:00,2026-05-01T20:50:42+00:00,2,0,0,19.04,19.04,36.5568,2
0x071f0591b6f21c636f6556ede25725df2bbee574,2026-06-17T08:45:13+00:00,2026-06-17T08:45:13+00:00,1,0,0,43.8875,0,43.7997250,1
0x072f91b8aa8a2a601c63eb1624fa9ef4d3e6ff17,2026-06-14T00:56:10+00:00,2026-06-15T14:19:00+00:00,3,666.666666,666.66,0,0,3.999977998000002,3
0x0738796bc34f414d772363bf5f9ef59014f91c04,2026-06-16T18:20:43+00:00,2026-06-16T18:20:43+00:00,1,33333.333333,0,0,0,99.999999999,1
0x073b26497fa507520eaf98938e630104540f8ab4,2026-03-21T14:23:51+00:00,2026-06-05T10:59:31+00:00,12,4212.698402,4212.69,0,0,447.6674130018838493,12
0x073de23ff755eea53144bc538b290cb69ac211d6,2026-04-13T11:26:33+00:00,2026-04-23T06:58:44+00:00,2,83.33,83.33,0,0,8.91631,2
0x07405d21b26f03d5d157ec25e8cb30af6ace8a92,2026-05-30T02:51:32+00:00,2026-05-30T02:51:32+00:00,1,111.111111,0,0,0,0.999998999000001,1
0x0740c8b8a88b5a040d4592c41617c6a085121ad4,2026-04-14T14:39:45+00:00,2026-05-10T13:05:11+00:00,11,91.856058,91.85,5.189346,5.18,14.5158709988290668,11
0x0744d01b46fc70cb9dffe131cfd44d3e12a06b29,2026-04-01T08:11:15+00:00,2026-04-27T14:06:34+00:00,2,0,0,23.86,23.86,45.0954,2
0x07603804c2a73784a09380380cce0d2cec2e0201,2026-05-08T06:32:10+00:00,2026-05-08T06:32:10+00:00,1,0,0,5.576107,0,5.4199760000967251,1
0x0762027417a6dad03ae16895ad615c33ed742b73,2026-05-10T21:11:06+00:00,2026-05-23T05:08:56+00:00,2,47.619046,47.61,0,0,1.3808789993333662,2
0x076ca0207aaa48365da2eb6a917edcbdee5e4e7b,2026-03-19T02:34:37+00:00,2026-04-26T16:53:38+00:00,37,2619.989332,2619.98,2714.07,2714.069098,5184.0605559990128342,35
0x0780e3896ec9ae457b5356ffaf11a5d46baeb0e9,2026-06-08T22:13:03+00:00,2026-06-08T22:13:03+00:00,1,40000.0,0,0,0,200.0000,1
0x078b54b8d103c55b8bcfdec3d68175defd1bf671,2026-02-23T04:06:06+00:00,2026-06-09T07:42:57+00:00,3,315.972221,315.97,0,0,131.263879005555558,3
0x079dd56255bc5b54026d9e513caf2afdfdb061a5,2026-03-04T05:11:21+00:00,2026-06-09T07:35:52+00:00,2,93.75,93.75,0,0,30.37500,2
0x079f8b12422b99c751e07b5314b9f7873a2d64e7,2026-06-16T21:40:32+00:00,2026-06-16T21:40:32+00:00,1,102160.0,0,0,0,306.4800,1
0x07a44507993167c6002a51289e5619a0f06762f7,2026-05-08T03:54:00+00:00,2026-06-14T09:00:00+00:00,2,770.114940,0,0,0,4.9999980026207076,2
0x07adfba570d33fc1881fbde1a0ea5bce4b0b1d99,2026-05-13T08:52:05+00:00,2026-06-05T06:54:06+00:00,3,0,0,200.0,100.0,296.6000,3
0x07bbdabd1ee06f7ef2aad96aee05c8a17b25b1db,2026-05-15T01:54:24+00:00,2026-05-15T01:54:24+00:00,1,142.857141,0,0,0,1.9999990025714412,1
0x07c8fbe28989b5996ca70ce79c78b7652b4797cf,2026-05-04T10:26:34+00:00,2026-05-04T10:26:34+00:00,1,28.0,0,0,0,1.0360,1
0x07d126ea6f8542a58ee2c4c7c31535dd9b3e8ffa,2026-04-05T18:05:51+00:00,2026-05-21T15:48:00+00:00,5,197.142854,57.14,0,0,11.5711979971429552,5
0x07d35d8964a799abd37ae0a371179067e211eab7,2026-05-04T16:39:26+00:00,2026-05-04T16:39:26+00:00,1,0,0,10.24,0,10.00448,1
0x07e099ae8cc4811b6bbeed81fbf011fedc93e1e8,2026-05-06T11:46:38+00:00,2026-05-06T11:46:38+00:00,1,0,0,53.0,0,50.880,1
0x07e60f2b43ea039adfecef7f189e0920741591e7,2026-06-04T17:46:06+00:00,2026-06-04T17:46:06+00:00,1,125.0,0,0,0,1.0000,1
0x07ec6edc0697c9eef8d8137fe6f5829da9720ec4,2026-02-17T03:59:41+00:00,2026-03-22T22:22:21+00:00,7,118.0,118.0,0,0,113.980,7
0x07ec7cedd0c0f0975613e521a15ebe13b0ad2ea5,2026-05-16T14:45:35+00:00,2026-06-08T12:53:48+00:00,30,7009.204218,6479.0,0,0,122.0019999181798018,30
0x07f4f8ea9c84af40a359982259616e6370fe2326,2026-03-25T15:22:55+00:00,2026-06-11T15:04:48+00:00,5,0,0,525.32,525.32,1033.706440004032,5
0x0815b772082319711b333e072cabcaa021e9b3e4,2026-06-07T13:26:54+00:00,2026-06-07T13:26:57+00:00,2,0,0,12.351757,12.35,24.5658980000794282,2
0x081a3b357baafc91af26f83f622e2652668c66d0,2026-05-06T13:14:04+00:00,2026-05-07T02:58:37+00:00,5,250.00,250.00,0,0,17.99368,5
0x082d785fb4c89561a69a26f49b7b76c31021e528,2026-05-08T12:32:17+00:00,2026-05-08T12:32:17+00:00,1,20.0,0,0,0,0.5000,1
0x085147048445bbfcd5f5cbfca1ce999bd869e119,2026-04-17T17:31:32+00:00,2026-04-17T17:31:32+00:00,1,22.0,0,0,0,1.100,1
0x085481c05a68087405812839adda36ba3aed186b,2026-05-15T08:39:16+00:00,2026-06-06T02:22:34+00:00,3,0,0,200.0,100.0,296.6000,3
0x08622d67151c9093456a97f11cc019d959228403,2026-05-03T13:13:04+00:00,2026-05-03T20:40:36+00:00,3,27.027026,27.02,0,0,1.9727199998378364,3
0x087bb0695f721da24d5f2e3a5a273aa475c4713e,2026-05-15T05:58:26+00:00,2026-05-15T06:19:24+00:00,2,0,0,2500.0,2500.0,4940.0000,2
0x0886b39e5ef38fd23c070e214f739e730282b3a6,2026-05-21T15:21:17+00:00,2026-05-30T07:31:01+00:00,2,10000.0,10000.0,0,0,160.0000,2
0x088df58450244304d72636aa9d2a9b1e6fc396eb,2026-06-17T07:21:16+00:00,2026-06-17T07:21:16+00:00,1,333.333333,0,0,0,0.999998999000001,1
0x089d154e1519cd4563c098c23e2c734c6b7b00c8,2026-03-19T02:33:45+00:00,2026-03-19T02:33:45+00:00,1,46.0,0,0,0,4.60,1
0x08a2b5e4692e177c532945350206e23228ed81c1,2026-05-02T22:23:06+00:00,2026-05-05T02:51:50+00:00,5,0,0,127.38,127.38,246.84114,5
0x08a68118aaf43cf3806d66dac6617dc95ce2fd74,2026-06-07T19:53:19+00:00,2026-06-07T19:53:24+00:00,2,0,0,10.8442,10.84,21.5649390,2
0x08a74887485b41e8f2179f772f76d519a8831ba5,2026-05-13T03:01:02+00:00,2026-06-03T07:05:47+00:00,3,0,0,180.072891,90.35,267.1752710009644734,3
0x08a7ba9b10839f1f7616365d39c5691708093b86,2026-06-01T02:18:37+00:00,2026-06-02T02:24:49+00:00,2,0,0,913.16,913.16,1809.88312,2
0x08a9b5143b788047fb9503a0700d40106d839a52,2026-06-10T09:50:09+00:00,2026-06-10T09:50:09+00:00,1,2500.0,0,0,0,10.0000,1
0x08ab85cd4836e0cf068594a49ab8dc732c3a3af9,2026-05-01T17:06:50+00:00,2026-05-04T15:35:52+00:00,2,0,0,10.0,10.0,19.3800,2
0x08adb952cede72402b644118ff49e441b56d3d98,2026-05-13T18:24:17+00:00,2026-05-17T14:19:58+00:00,2,3193.571427,0,0,0,34.0899989170000001,2
0x08b1a1d8e87ffc9185688be02db162987d5efca2,2026-05-04T04:06:10+00:00,2026-05-04T04:06:10+00:00,1,27.027027,0,0,0,0.999998999000001,1
0x08b998214993e924e774f47c5659ae97d06a552d,2026-05-12T03:12:05+00:00,2026-05-16T01:42:05+00:00,2,301.587300,0,0,0,4.9999979965714371,2
0x08c55bade87cba447b6207fbb5edb85f58bccc72,2026-05-09T08:59:22+00:00,2026-05-09T08:59:22+00:00,1,62.5,0,0,0,1.0000,1
0x08c6b07c3ba0f2c9ee83e1f00e03cbfcf9d018ef,2026-06-03T11:44:34+00:00,2026-06-15T06:10:09+00:00,2,0,0,12.633666,11.62,24.1051029996831670,2
0x08f1cc9e65553cfe63e570868a880bc74781e52b,2026-05-02T02:09:32+00:00,2026-05-02T07:14:14+00:00,2,0,0,63.45,63.45,121.76055,2
0x08f524bb382bda797346c75fc2e7a652809f59a0,2026-05-29T00:00:24+00:00,2026-05-29T11:40:41+00:00,5,87983.77,0,0,0,1104.867021090242,5
0x08fb4bc720d13aa773ce4d37792c05a5c6028b8b,2026-04-15T14:46:30+00:00,2026-04-15T14:46:30+00:00,1,165.0,0,0,0,9.900,1
0x09018247cf51bd9c13709a2bb4a1b40d9f6aa2cf,2026-03-05T02:37:53+00:00,2026-06-09T08:06:24+00:00,2,93.75,93.75,0,0,30.37500,2
0x090285c7e69d0e7a4d557fefa75230118900f5fe,2026-05-15T15:11:58+00:00,2026-05-15T15:43:57+00:00,2,0,0,1793.138222,1793.13,3552.198678002,2
0x0907233b0636590f1a389cc82e3acc06b8ed7929,2026-05-07T03:19:07+00:00,2026-05-07T14:15:00+00:00,2,0,0,323.0,323.0,625.6510,2
0x090af6fd2aeb04202abc97370aa86c1b81d90fa6,2026-02-03T16:26:30+00:00,2026-04-24T04:04:20+00:00,168,0,0,10418.923721,6.27,9457.7921970001142252,168
0x0941cf51f1ce2fb55061dcfacaccc9f0c72ded63,2026-05-12T22:09:31+00:00,2026-05-12T22:09:31+00:00,1,0,0,2.3225,0,2.2899850,1
0x094332a791a6630a2aaa992d7009ddb427e9bc94,2026-06-12T12:31:43+00:00,2026-06-12T12:31:43+00:00,1,0,0,1.002,0,0.999996,1
0x094905de40d1018094338e359e7d50febc79cb3c,2026-04-09T12:16:51+00:00,2026-04-09T12:16:51+00:00,1,0,0,3.260862,0,2.9999929998913974,1
0x094eee4d5249f84658b02f147c2610268785d40e,2026-01-31T18:32:54+00:00,2026-06-08T17:19:34+00:00,2,58.18,58.18,0,0,29.90452,2
0x094f2f17ec2a090a4babfa7a9e6eec4dd8088796,2026-04-25T04:20:54+00:00,2026-04-25T13:41:32+00:00,2,71.086955,71.08,0,0,6.7529189987608895,2
0x0957bf4725f6d0c62428f356d40d5cf7eeb977e8,2026-05-13T18:52:01+00:00,2026-05-16T06:01:12+00:00,10,0,0,381.11,0,377.36046000,10
0x095dcfb123a4bc035ee6b0d624bab0cc964352cf,2026-05-06T14:02:14+00:00,2026-06-17T13:53:31+00:00,304,0,0,12559.993330,0,12463.2926820004836025,304
0x09691cabe7638b42763c9aa30eaca3a983bea451,2026-05-07T16:35:17+00:00,2026-05-07T20:38:04+00:00,2,0,0,39.49,39.49,76.65009,2
0x096f1ad2ec150f7c37e67483f7066500ed4cf082,2026-04-30T00:53:22+00:00,2026-05-21T22:58:51+00:00,303,63430.366382,63430.364114,0,0,3817.2897142807511999,283
0x09705c0b0a5a7359f5c94688687fc73447e65ae4,2026-03-06T22:39:33+00:00,2026-03-11T12:28:07+00:00,2,50.0,50.0,0,0,34.500,2
0x09712a738ce89e115790a39b1967fc1cacc46839,2026-03-04T10:51:29+00:00,2026-03-04T10:51:29+00:00,1,32.258063,0,0,0,9.9999990009677668,1
0x097ad1b5813f10c3996d7cb0c5f7cd8bfef811fc,2026-05-01T03:27:24+00:00,2026-05-01T03:27:24+00:00,1,57.142857,0,0,0,1.9999990007142882,1
0x0981ff249363fe03d327b5fe63990d3cf8c67c3e,2026-05-09T04:29:12+00:00,2026-05-09T04:54:19+00:00,2,0,0,1.01625,1.01,1.99383000,2
0x0988c812e1e1ce3e37a571e2db53891e201409bb,2026-06-03T10:53:47+00:00,2026-06-11T20:14:10+00:00,2,433.333333,0,0,0,1.999998999000001,2
0x098eddabb2d388f31e79aaf525e49588f22a6fa2,2026-05-30T02:45:23+00:00,2026-05-30T02:45:23+00:00,1,2600.0,0,0,0,13.0000,1
0x099974905080316d7c31d5ede780f16bb00edd96,2026-03-05T02:12:47+00:00,2026-04-16T12:56:32+00:00,58,0,1152.58,10274.70,0,9632.3040,58
0x09a5493166f9b9ee2ba2170d19a36fca20b3d241,2026-04-08T01:31:31+00:00,2026-04-08T01:31:31+00:00,1,9.090908,0,0,0,0.9999990000001056,1
0x09a9ea4ecbaa5473df040f8800daad1eaef0bb98,2026-06-11T09:20:25+00:00,2026-06-11T09:20:25+00:00,1,0,0,1.002,0,0.999996,1
0x09abe5a741c7ffeb454d82eb4efc2764252ce15e,2026-05-07T21:55:20+00:00,2026-05-07T21:55:20+00:00,1,0,0,6.961862,0,6.7599679999114414,1
0x09ac815bd072224ac64e9d39b8152dde7bb36e1e,2026-06-16T10:25:04+00:00,2026-06-16T10:25:04+00:00,1,0,0,10.5828,0,10.5298860,1
0x09bb1174c65192b4cfbd9483e6750de46cfb0679,2026-06-07T19:07:51+00:00,2026-06-07T19:07:55+00:00,2,0,0,11.42857,11.42,22.700057999428644,2
0x09bc05672263d9713f7179fa5e8065a25b89300f,2026-06-14T08:29:39+00:00,2026-06-14T08:29:39+00:00,1,0,0,11.022,0,10.999956,1
0x09bcd8004a1f55a2e457cdeae71d848522a4685e,2026-05-24T00:25:34+00:00,2026-05-24T00:25:34+00:00,1,791.666666,0,0,0,9.4999989628333342,1
0x09c181083b1e9080a108ccc7d99ef6de2b138743,2026-06-09T03:23:43+00:00,2026-06-11T05:48:24+00:00,2,0,0,7.028,7.02,13.998828,2
0x09d392cc82855e181bfcf6c103d3fa6736e592b4,2026-06-16T21:33:43+00:00,2026-06-16T21:33:43+00:00,1,33333.333333,0,0,0,99.999999999,1
0x09dd62c87cf17284221ce88cf8d80cb204e08748,2026-02-03T06:32:56+00:00,2026-02-03T06:32:56+00:00,1,40.816325,0,0,0,19.9999990010204175,1
0x09ded8376d9824635b878fad3cf5f2f14e4949b8,2026-06-11T06:51:16+00:00,2026-06-11T06:51:16+00:00,1,0,0,397.9455,0,397.1496090,1
0x09fc877d0f2065b37c5cb5aafc0e66602c7d4cd4,2026-05-30T02:45:23+00:00,2026-06-05T17:14:01+00:00,47,49999.9928,49999.983333,0,0,605.6203831817396667,47
0x09fe78c8b9f10fb9c7c0a584bfab4205c76876ee,2026-01-22T03:20:00+00:00,2026-05-09T23:45:38+00:00,106,0,0,6286.187753,5.57,5795.8236880002800809,106
0x0a070f03c7e1f208b831544369b02bbb56fdbc3b,2026-06-12T14:26:46+00:00,2026-06-12T14:26:46+00:00,1,0,0,1.002,0,0.999996,1
0x0a3411bd59b167e3f88f38349ecddafe634214b8,2026-03-03T08:25:23+00:00,2026-03-10T17:06:21+00:00,8,25.0,25.0,12.0,12.0,29.964,8
0x0a355ce4fa768b760b6e6833c3af1c7eb1ee33a7,2026-06-17T09:06:41+00:00,2026-06-17T09:06:41+00:00,1,1166.666666,0,0,0,3.4999989480000006,1
0x0a38dcf3740ee299a0607e80cb955c42a34cf931,2026-03-14T11:17:47+00:00,2026-04-29T06:57:14+00:00,7,210.0,210.0,0,0,30.8600,7
0x0a425cf8c881885b3db22b0d663785e4ea6b1596,2026-05-17T14:27:55+00:00,2026-05-17T14:34:03+00:00,2,0,0,2017.1025,2017.1,4007.9801850,2
0x0a64f3e8921eec2a56574e70dc0c6f3f8c5b42c8,2026-05-04T00:39:10+00:00,2026-05-30T02:45:23+00:00,2,0,0,640.0,640.0,1253.7600,2
0x0a6d26d31b28fd5a84c301f8b27296612f3b1d0a,2026-03-08T07:34:17+00:00,2026-05-01T16:31:48+00:00,13,2698.418878,180.0,1028.0,180.0,1248.774923998,13
0x0a6d615a5a52f2a245a4f209f7864bfe663f78f2,2026-03-24T09:59:55+00:00,2026-04-12T17:42:55+00:00,2,133.92857,0,0,0,9.999999000000018,2
0x0a6f28d5b4600cd6df5270e552dd915109d9e420,2026-05-28T04:10:05+00:00,2026-05-28T04:10:05+00:00,1,714.285714,0,0,0,9.9999989960000004,1
0x0a78b65696c797fdcd4f2a4af75936a4156f4f6e,2026-06-10T16:41:19+00:00,2026-06-10T16:41:19+00:00,1,0,0,1.042,0,1.039916,1
0x0a7aaf83341b52df34e8ffef52aa295538d6df1b,2026-03-28T13:56:31+00:00,2026-04-04T14:14:45+00:00,5,666.00,666.0,0,0,78.2800,5
0x0a7dbe00f315b77a66ca2f85b0fc254373268fb8,2026-05-27T13:24:59+00:00,2026-05-27T13:24:59+00:00,1,66.666665,0,0,0,0.9999990016666910,1
0x0a8682078e01e7403d4c5b39babe4dc27d6e8738,2026-04-08T19:11:39+00:00,2026-04-08T19:11:39+00:00,1,111.11111,0,0,0,9.999999000000009,1
0x0a8ee64df6cdc2f7ba7da95f294fb24c41f43468,2026-06-09T03:27:51+00:00,2026-06-09T03:27:51+00:00,1,0,0,163.41,0,162.75636,1
0x0a8eee5cb1f039540abbbecc03571146048c05a4,2026-05-29T14:29:46+00:00,2026-05-29T14:29:46+00:00,2,381.06,0,0,0,4.587029990232,2
0x0a9df73e2f11a1dec3945a9ba81af0c2d003e3a7,2026-05-17T16:10:41+00:00,2026-05-18T05:23:40+00:00,2,0,0,296.47,296.47,586.733559991566,2
0x0a9e931266c0c352928e4eefcc14a87fc89c903c,2026-03-22T22:16:07+00:00,2026-05-14T07:36:25+00:00,2,0,0,6.666665,6.66,12.566758000000125,2
0x0aa076ea6ec2ea7928a1ab26a15637d61e4604a3,2026-06-10T13:41:43+00:00,2026-06-15T06:47:37+00:00,6,666.66,666.66,0,0,3.99996,6
0x0aa43a2b2d01d31733cb6894fa7cf7171e8050a3,2026-05-08T02:40:38+00:00,2026-05-08T02:40:38+00:00,1,103.448274,0,0,0,2.9999990046207066,1
0x0aa551ad564f4897637a7014c6bc87cf724cc262,2026-05-29T03:23:40+00:00,2026-06-10T06:47:46+00:00,3,0,0,220.0,220.00,436.26000,3
0x0aace183084c7a926351ce1587804f3d24d8aff2,2026-04-30T07:48:16+00:00,2026-05-04T05:48:12+00:00,2,208.333333,208.33,0,0,12.4998789920000016,2
0x0ab057cba8d6ea01fc16c7abd88f701f2b29ab0d,2026-06-16T11:47:28+00:00,2026-06-16T11:47:28+00:00,1,200.0,0,0,0,1.0000,1
0x0ab1eb2568b58cf14c1bf85723e2de264bceae01,2026-05-02T00:55:26+00:00,2026-05-02T00:57:46+00:00,2,0,0,18.94,18.94,36.32692,2
0x0ab23bd1a1c49a5d8b54a1c957504cb1531ee3f4,2026-04-27T20:34:42+00:00,2026-04-27T20:34:42+00:00,1,0,0,28.583325,0,27.43999200,1
0x0ab8455d512848ee0b9e58142b1491d5734f334b,2026-05-01T15:30:44+00:00,2026-05-01T15:32:42+00:00,2,60.0,5.0,0,0,2.0750,2
0x0ac7cce8b471e5f4722f6987ca5be8e5e0915a6b,2026-05-17T02:56:51+00:00,2026-06-08T21:54:09+00:00,2,0,0,300.0,300.0,596.7000,2
0x0acdc2963b913dc3eafae8811d57b04ec132d687,2026-05-06T08:28:00+00:00,2026-05-06T22:10:57+00:00,2,0,0,52.93,52.93,102.57834,2
0x0ad4786a9607cd258e948b1fbdcc8d1aeaf0bab7,2026-05-17T16:10:41+00:00,2026-05-18T04:48:20+00:00,2,0,0,94.35,94.35,186.71865,2
0x0ad7f3411bc87f0b5362155e638f04ef05700971,2025-12-11T21:18:41+00:00,2025-12-11T23:13:12+00:00,3,0,0,9.39,9.39,5.3523,3
0x0ae3572f4912a12cc3965769751b971fbcee8269,2026-05-17T12:22:23+00:00,2026-05-18T03:10:34+00:00,2,0,0,12.072333,12.07,23.9129889995855334,2
0x0ae7399adcdbb53db2038d0f365367205b092147,2026-06-15T15:58:52+00:00,2026-06-15T15:58:52+00:00,1,0,0,100.0,0,99.6000,1
0x0ae99678e3f23b3323a3a3e3fb747d0b344cdb31,2026-05-06T08:28:00+00:00,2026-05-06T15:35:44+00:00,9,0,0,1010.0,1010.00,1954.35000,9
0x0aeb64a1402b415eb5669d21f16dfd46ca09399f,2026-04-29T21:38:48+00:00,2026-05-11T20:16:41+00:00,11,7993.545867,0,0,0,190.7299949561028463,11
0x0afd4b703969222b8789f8503c0bba097d843b40,2026-05-13T02:32:31+00:00,2026-05-13T02:32:31+00:00,1,0,0,2.028396,0,1.9999980000165792,1
0x0b07fb93090080ffac378175877409808566c39e,2026-04-29T14:33:52+00:00,2026-04-29T14:33:52+00:00,1,76.666665,0,0,0,2.9899989996666870,1
0x0b2550e4a9b45e058d47ed8c2058f1bb4ce2439f,2026-04-05T13:32:05+00:00,2026-04-05T13:42:19+00:00,2,20.0,0,100.0,0,95.400,2
0x0b3492ec87748d0f32427e8be4cbc650ff67ffc3,2026-02-03T17:24:36+00:00,2026-03-06T14:08:11+00:00,110,0,0,384.558745,384.524080,395.8493459998672189,106
0x0b374004aab64d7cf437850ce18a7804005588fc,2026-06-09T14:18:49+00:00,2026-06-09T14:18:49+00:00,1,1000.0,0,0,0,5.0000,1
0x0b4046a493b25077f7ba5348ea060a3405e8b77a,2026-05-07T13:04:18+00:00,2026-05-07T13:04:18+00:00,1,300.0,0,0,0,9.3000,1
0x0b4243355df01d7b7f64b36fcd030ccdeae61dd5,2026-05-12T10:25:45+00:00,2026-06-03T06:31:59+00:00,4,0,0,171.834932,171.83,339.0258519994238773,4
0x0b4274f118eefeb3304ad5d8195a5876cc7d9fc4,2026-04-11T08:40:57+00:00,2026-04-14T12:35:53+00:00,12,250.00,250.00,0,0,30.0000,12
0x0b498c2501f1c3a541f76218f083d48c92e7f2df,2026-06-17T17:34:08+00:00,2026-06-17T17:40:32+00:00,2,5262.32,0,0,0,15.78696,2
0x0b51a2a7a519ca86daf1bbfe96334e0a58912bec,2026-06-14T17:00:01+00:00,2026-06-14T17:00:01+00:00,1,0,0,46.022043,0,45.9299979981613443,1
0x0b56e09b34b02205fc5a0b7b930627d775a0ad2e,2026-03-18T21:27:49+00:00,2026-03-23T09:57:01+00:00,2,159.846152,159.84,0,0,34.3855990035932864,2
0x0b5e130c993eef224111dc030142d0b1c0e11277,2026-05-02T20:59:20+00:00,2026-05-02T20:59:20+00:00,1,25.897434,0,0,0,0.9999989999635104,1
0x0b65046ce30d7b35c22da8d77e30cd849db8e17e,2026-05-23T11:00:25+00:00,2026-05-23T11:00:25+00:00,1,100.0,0,0,0,1.000,1
0x0b67fffb37746d5a02f106b008cf43c1af68d6fe,2026-06-11T06:03:00+00:00,2026-06-11T06:03:00+00:00,1,0,0,189.238,0,188.859524,1
0x0b69b4e52af7713dc6cca8bd512e7e64e1b2cf12,2026-04-05T07:45:51+00:00,2026-04-05T07:53:39+00:00,2,0,0,17.0,17.0,31.620,2
0x0b7b25b4689536fba1304e33e0142b36fc9c173b,2026-03-16T15:07:07+00:00,2026-03-17T02:16:37+00:00,2,0,0,25.0,25.0,34.250,2
0x0b84a5b60a6f06a64384c7813a9cd2fb1a19d20f,2026-05-30T11:20:49+00:00,2026-05-30T11:39:03+00:00,2,0,0,1510.574,1510.57,2998.485422,2
0x0b8b3a186741aab9a50795cbcc3a7e0cb8fab16f,2026-06-13T11:07:43+00:00,2026-06-13T11:07:43+00:00,1,0,0,1.002,0,0.999996,1
0x0b95d54adc6f657d569a94120944d935c9243815,2026-05-07T04:28:48+00:00,2026-05-07T04:28:48+00:00,1,0,0,28.0,0,27.0480,1
0x0ba0e20ff550877765fed6720e770fcc18a2fe2d,2026-05-14T03:30:55+00:00,2026-06-01T02:52:14+00:00,2,76.923075,76.92,0,0,1.6153589980769475,2
0x0ba87ac9880cbf32da83b388653ca56316e2209c,2026-06-16T09:08:46+00:00,2026-06-16T09:08:46+00:00,1,350.0,0,0,0,1.7500,1
0x0bbe511b04bc19aa1a45b9a2427d32d2753bee84,2026-05-14T04:02:55+00:00,2026-05-27T05:42:49+00:00,2,769.230768,769.23,0,0,20.769219984,2
0x0bbeaf078681b13ca964cb2fe8c37cf1d33f37ec,2026-06-12T11:47:22+00:00,2026-06-12T11:47:22+00:00,1,0,0,1.002,0,0.999996,1
0x0bd370f8c4b34c6c0df552bcc373c0763ec7e1c2,2026-06-01T09:55:06+00:00,2026-06-01T09:55:06+00:00,1,0,0,6.0,0,5.9520,1
0x0becc0d171a2216f7733faca8e2efa3b74f16e4a,2026-06-08T11:17:40+00:00,2026-06-08T11:17:45+00:00,2,0,0,12.9144,12.91,25.6823680,2
0x0c039489a1bae14fb223326d6b75e1a57c51879a,2026-04-01T08:12:49+00:00,2026-04-02T19:06:39+00:00,2,42.86,42.86,0,0,5.5718,2
0x0c06dd32fdc693285134fd10d3fe0f21e3a8adae,2026-05-17T16:10:41+00:00,2026-05-18T04:05:00+00:00,2,0,0,112.9,112.9,223.3162,2
0x0c18cf122dce8556302ff496affe379097aba04c,2026-06-01T12:32:22+00:00,2026-06-17T18:08:34+00:00,14,24353.781109,24353.78,0,0,95.8527839930000017,14
0x0c34a33933738f4cdfbf676a693d73cc866bdfc0,2026-06-16T23:55:22+00:00,2026-06-16T23:55:22+00:00,1,0,0,6.4725,0,6.4595550,1
0x0c3b68d945e64284412a9b32deedb75607d84592,2026-03-22T04:07:33+00:00,2026-03-24T02:46:05+00:00,2,0,0,1.11111,1.11,2.021199,2
0x0c3ecec19a02eb4c2d33d6754d882e2857550891,2026-05-23T16:01:14+00:00,2026-05-23T16:24:08+00:00,2,0,0,50.403224,50.4,99.9463980013467816,2
0x0c459bdbed456adec588a8fb3a6a5192dea4ed6e,2026-04-30T08:49:30+00:00,2026-05-08T19:09:51+00:00,2,98.823529,0,0,0,1.9999989988823599,2
0x0c4fae78833f92352664340f9ddf8992803907a0,2026-05-05T06:40:48+00:00,2026-05-08T12:34:48+00:00,2,0,0,13.4,13.4,26.1836,2
0x0c54b66e2f8a1f9f0f36257d88f897b41169747c,2026-06-17T05:17:37+00:00,2026-06-17T05:44:26+00:00,2,23000.0,0,0,0,69.0000,2
0x0c643de32ced19368a630bd2e6797a0c1f2f2146,2026-03-18T21:53:09+00:00,2026-03-22T22:00:05+00:00,4,42.0,42.0,0,0,8.200,4
0x0c66de003760a8156629bb5b4ba15c82ad951e4e,2026-06-05T17:14:01+00:00,2026-06-06T16:12:57+00:00,2,0,0,18.11,18.11,36.02079,2
0x0c6eda1ce29f551643ccdf01f577102ddc776a35,2026-05-06T02:31:00+00:00,2026-05-10T00:55:15+00:00,2,0,0,22.633743,22.63,44.2679179990864359,2
0x0c778ea1425177f2c8bbd946675a4d336dcfcae0,2026-03-03T18:35:37+00:00,2026-03-03T18:35:37+00:00,1,9.090908,0,0,0,2.9999990000000768,1
0x0c79a8f6ef0c1cbb42de3d87fea7985d67801d00,2026-02-12T10:20:27+00:00,2026-02-16T08:20:57+00:00,8,1095.0,1095.0,0,0,1076.800,8
0x0c83a1c64a0eb9926d1d22c65ede26878971dfb6,2026-05-30T15:15:19+00:00,2026-05-30T15:15:31+00:00,2,0,0,403.826714,403.82,801.589367002,2
0x0c84d6969b58bcebac2cce2c6eefe25978328650,2026-05-01T10:22:10+00:00,2026-05-12T00:23:21+00:00,4,0,0,97.62,97.62,190.00920,4
0x0c975dcdfad35707b8ba69b3958c9c12b76c44eb,2026-05-12T22:20:34+00:00,2026-05-12T22:20:34+00:00,1,0,0,4.401571,0,4.3399489998378006,1
0x0ca3857c0332bf635543c59bab82256e56765da5,2026-05-20T13:42:46+00:00,2026-05-20T13:42:46+00:00,1,0,0,4.297268,0,4.2499980000030572,1
0x0cab9d4a524ee0d99780c3abb218542f3f4db611,2026-05-01T11:03:00+00:00,2026-05-01T19:08:36+00:00,2,0,0,39.11,39.11,75.56052,2
0x0cb45497e28f7fe135664551c83cc5860e40fe88,2026-01-08T00:52:31+00:00,2026-01-08T00:52:31+00:00,1,42.671062,0,0,0,19.999999001507966,1
0x0cc0895c67364ac47f8de8691801a2a8bd97f382,2026-06-09T17:29:07+00:00,2026-06-12T03:56:55+00:00,2,0,0,6.024,6.02,12.001844,2
0x0cc785dbf9e8d76fd68512484af8001062bb7ba9,2026-05-09T01:45:36+00:00,2026-05-09T01:45:36+00:00,1,66.666665,0,0,0,0.9999990016666910,1
0x0cc789e5e75cd066f9bd72d0f63cb3d88bcb7349,2026-05-11T18:32:13+00:00,2026-05-11T18:32:13+00:00,1,476.190475,0,0,0,10.0000000226190475,1
0x0cd01465a3a6579f1e5052a9c0bdfde557ff0e01,2026-04-22T07:07:22+00:00,2026-04-22T13:25:50+00:00,4,49.998243,0,0,0,2.0499279999132674,4
0x0ce78809a92729158d8945e393a1544e743f2309,2026-06-15T12:42:13+00:00,2026-06-15T12:42:13+00:00,1,0,0,4.523333,0,4.5097630000953334,1
0x0cffb5cbd0f9c4b58810e3da84a35328dd148cca,2026-05-22T18:12:51+00:00,2026-05-22T18:12:51+00:00,1,90.909089,0,0,0,0.9999989971818388,1
0x0d01b7bd3adcb2d3a2bc9e65be497b8941a0afaa,2026-05-19T17:50:52+00:00,2026-05-19T19:07:05+00:00,2,0,0,2026.209625,2026.2,4019.990348000,2
0x0d16879780c9a5b58d53effa65fa126e4c1c064f,2026-04-06T16:23:45+00:00,2026-04-06T16:23:45+00:00,1,0,0,10.0,0,9.100,1
0x0d1ba02479f85887852ce15cdbff065e8e79ef4e,2026-05-26T13:28:06+00:00,2026-05-26T13:28:06+00:00,1,0,0,5.450846,0,5.3799849998196616,1
0x0d3b6e4700089d7cfed49d9cd30a9f524ef73f76,2026-04-06T04:56:57+00:00,2026-04-11T01:42:11+00:00,2,0,0,26.59,26.59,49.4574,2
0x0d449c4ddce33db0ec58128e738bae9c2755ad95,2026-05-17T16:10:41+00:00,2026-05-18T04:24:53+00:00,2,0,0,270.26,270.26,534.84454,2
0x0d4552eb41469d56cc5b977e89a2e5157e38de92,2026-06-10T03:36:03+00:00,2026-06-10T03:36:03+00:00,1,0,0,6.8,0,6.7796,1
0x0d4e1cf7fcb396d9ec21be5f3c7ffe617b5a360b,2026-06-12T12:02:55+00:00,2026-06-12T12:02:55+00:00,1,0,0,1.112,0,1.109776,1
0x0d4ee253f2076055e2b9d704b1ae816e98e03e96,2026-04-30T12:38:50+00:00,2026-04-30T12:38:50+00:00,1,34.482757,0,0,0,0.9999990012759068,1
0x0d5bbd0fa9be585cea0fc2b3d85928ce854275c5,2026-05-02T00:31:58+00:00,2026-05-02T00:31:58+00:00,1,73.17073,0,0,0,2.999999000731729,1
0x0d61d1c6c9229d952b17707af4b65d6d543c4b13,2026-05-05T12:55:20+00:00,2026-05-08T20:55:55+00:00,2,0,0,20.0,20.0,39.2000,2
0x0d7e9ddc0a0e6a7cd703ce8d1c0fd3b517a7cb13,2026-06-09T13:21:36+00:00,2026-06-17T18:01:11+00:00,63,185320.4865,60320.493333,0,0,516.7144519407533335,61
0x0d82eff4f8a445d2f675c1a450f99af33da25065,2026-05-15T02:32:00+00:00,2026-06-05T15:19:54+00:00,3,0,0,200.0,100.0,296.7000,3
0x0d90e5c92316318b2b7bd1067c647f26dc241dee,2026-05-29T02:01:30+00:00,2026-05-29T02:01:30+00:00,1,1666.666665,0,0,0,24.9999989750000010,1
0x0d9fa82820538157b15ecfa32bc6c035ef510c05,2026-05-02T02:03:58+00:00,2026-05-02T02:03:58+00:00,1,0,0,1.041665,0,0.999998000000640,1
0x0da485cef0d3c5f620abba2233122577a49ae5c1,2026-06-13T10:49:30+00:00,2026-06-13T10:49:30+00:00,1,0,0,2.004,0,1.999992,1
0x0da58c7693c99a4ef1e0c4e7470f332006828594,2026-03-02T16:17:49+00:00,2026-03-10T13:17:05+00:00,5,114.0,114.0,0,0,81.900,5
0x0db2da529138e4e9cf24e5719b2e5e522fa28b33,2026-04-15T11:44:30+00:00,2026-04-15T11:44:30+00:00,1,1691.475,0,0,0,99.9999999702300,1
0x0db91d46cc9f1e0d8346e1eb04065ba3167a0280,2026-05-04T05:25:26+00:00,2026-05-04T05:25:26+00:00,1,27.027027,0,0,0,0.999998999000001,1
0x0dc5f369f20865dad9d7ff1fbe0404e0cee522f0,2026-05-11T14:55:27+00:00,2026-05-11T16:28:31+00:00,4,0,0,821.749698,821.74,1611.3851829822732975,4
0x0dcc0d2eba171d8abcff04c594e38b5b16d8031e,2026-03-20T04:28:25+00:00,2026-04-08T15:19:09+00:00,2,0,0,8.61,8.61,15.4119,2
0x0dcdb49911327784e9d27e3e1c415039bfc058a3,2026-06-05T18:27:34+00:00,2026-06-05T18:27:34+00:00,1,500.0,0,0,0,3.0000,1
0x0dd0abeac4383abb68568b614fc9f169bc950c38,2026-06-13T05:42:24+00:00,2026-06-13T05:42:24+00:00,1,0,0,38.3265,0,38.2498470,1
0x0dd2b5d10cb2a5231eeba2f02e1f08e5bfbd3434,2026-05-15T03:14:43+00:00,2026-06-05T16:22:25+00:00,3,0,0,200.0,100.0,296.6000,3
0x0dd9a6002e59d28f70edcd0a96020be7eb7e5272,2026-05-22T06:39:20+00:00,2026-05-22T17:52:10+00:00,2,0,0,176.41125,176.41,349.46945000,2
0x0ddf5201cbc38ca8e42b668006edb2f80d72ffd0,2026-05-27T02:58:33+00:00,2026-05-27T02:58:33+00:00,1,0,0,1.987785,0,1.959956000061075,1
0x0def6cc1092c59004f85dd32d471ab5fa08ff683,2026-05-02T11:15:18+00:00,2026-05-05T04:52:14+00:00,6,0,0,66.36,66.36,128.14844,6
0x0dfc21119c4044c000d2f2691ec7b8c8721ec41c,2026-02-02T11:27:54+00:00,2026-02-07T00:42:41+00:00,2,0,0,110.0,110.0,103.400,2
0x0e0b1399f78eb79146cab0e0047e98c5320f1e47,2026-06-16T11:49:34+00:00,2026-06-16T11:49:34+00:00,1,0,0,81.0,0,80.6760,1
0x0e0c90d514c11fe3424a91c66edae76c77dbb93e,2026-05-02T03:38:18+00:00,2026-05-02T09:38:24+00:00,2,0,0,62.96,62.96,121.07208,2
0x0e1558304c2bc2c511845176638f80cbca15e186,2026-05-01T06:22:18+00:00,2026-05-01T10:29:12+00:00,2,0,0,41.28,41.28,80.16576,2
0x0e17a49cb2b5c72a9e50e1c0eb3dfc7292666dd9,2026-06-09T06:09:54+00:00,2026-06-09T06:09:54+00:00,1,0,0,1.044,0,1.039824,1
0x0e284613451fff9e9305224a189a625f423affb5,2026-05-28T21:43:36+00:00,2026-05-28T21:43:36+00:00,1,83.333333,0,0,0,0.999998996000004,1
0x0e314d8191e521b231a68621fb1b104f8c1ced82,2026-06-03T00:22:37+00:00,2026-06-03T17:11:52+00:00,2,10.0,10.0,0,0,0.1800,2
0x0e47628492e95b93168e2f07ca599d4174a421ce,2026-05-10T23:26:33+00:00,2026-05-10T23:26:33+00:00,1,50.0,0,0,0,1.000,1
0x0e581b2b7e7b121ede20a1ac828b8a3e4af1c1f6,2026-06-07T15:23:49+00:00,2026-06-07T15:23:54+00:00,2,0,0,12.052312,12.05,23.9456480002454928,2
0x0e5bd76779e74304d08e759072abf126d87da593,2026-03-23T10:36:23+00:00,2026-06-06T16:15:00+00:00,654,52671.954897,105918.18,443032.445657,36044.314357,464388.0454648195950743,649
0x0e5c61fd9a518c9ffc954089d4655bcf52ec3036,2026-03-04T23:01:17+00:00,2026-06-17T18:00:41+00:00,63,10771.883118,10756.873332,0,0,1662.6408359671187111,63
0x0e5d8922c92f34adc932dba7a311b3f7831fe207,2026-05-12T10:22:57+00:00,2026-05-12T16:27:39+00:00,2,0,0,66.85,66.84,131.21670,2
0x0e5e1906e35fd9224a8703168ea2d641b6268ea6,2026-02-04T17:01:19+00:00,2026-03-22T22:22:19+00:00,7,112.219386,112.0,0,0,96.9899990004081666,7
0x0e6c506082ed7c58fc0e567cdfa65a0bd7ac7640,2026-05-08T19:56:59+00:00,2026-05-08T19:56:59+00:00,1,117.647057,0,0,0,1.9999990042941326,1
0x0e713477423ec730987a19511345e9e3a6d39784,2026-03-05T13:45:11+00:00,2026-03-23T08:03:15+00:00,2,0,0,1.35135,1.35,2.2149990,2
0x0e7379b9cf3d26263769c5b7e3178bb2814f5413,2026-03-15T19:35:17+00:00,2026-04-16T14:14:00+00:00,2,0,0,5.0,5.0,8.250,2
0x0e7751fa37bd7aef28ace4c8631a5aa57183a84c,2026-06-03T05:50:50+00:00,2026-06-03T05:50:50+00:00,1,111.111111,0,0,0,0.999998999000001,1
0x0e7fa09bf44514693b5ecc2420c50abc39b62015,2026-01-22T03:20:20+00:00,2026-06-03T19:06:57+00:00,164,0,12.6,27743.561352,0,26878.5527179963092008,164
0x0e8d62037099fc4509bdeaf04c42b3ab63489b8d,2026-04-30T21:57:32+00:00,2026-05-01T09:59:36+00:00,5,200.0,200.00,0,0,13.10000,5
0x0e905608679d28b916ed20990da9f331869f89d8,2026-06-15T02:34:31+00:00,2026-06-15T02:34:31+00:00,1,0,0,28.056,0,27.999888,1
0x0e99878b88debf3da0a8f9243b61377b981968ad,2026-04-09T10:39:29+00:00,2026-04-17T03:16:16+00:00,2,305.555553,0,0,0,24.999998004444464,2
0x0ea266e459774bb7e0e06e053d2741a09b229c1c,2026-04-13T17:24:59+00:00,2026-04-13T17:24:59+00:00,1,0,0,6.25,0,6.0000,1
0x0ea88a0c82e0b6e5c42bc4597657a5a8de477ab7,2026-06-11T22:28:13+00:00,2026-06-11T22:28:13+00:00,1,0,0,1.082,0,1.079836,1
0x0ec16c60be63e07e30928f1b78018791bd86df1a,2026-06-09T04:11:34+00:00,2026-06-09T04:11:52+00:00,4,0,0,15.01,15.01,29.88491,4
0x0ed4b4bf6ca8794aedac734daeac371675ae03d8,2026-05-30T19:21:29+00:00,2026-06-04T21:46:18+00:00,5,4444.444442,0,0,0,39.9999949891111143,5
0x0ee6fe7da23aa4019187af1ff2d29a1fb80440ca,2026-06-16T10:59:15+00:00,2026-06-16T11:00:25+00:00,2,0,0,609.43775,609.43,1213.38284900,2
0x0ef5d8b438805dcfa8e492c64faa8fb87bfc9191,2026-06-08T14:50:40+00:00,2026-06-08T14:50:43+00:00,2,0,0,11.72675,11.72,23.34124300,2
0x0efaae84c8b1efd0e0ea60dd09c48d600179f55c,2026-01-30T16:14:10+00:00,2026-03-29T07:13:28+00:00,4,56.393441,56.39,0,0,28.1833990001639354,4
0x0f0662c8c80e0181af5b0a4be54377c022eb37f5,2026-06-11T09:08:52+00:00,2026-06-11T09:08:52+00:00,1,0,0,1.002,0,0.999996,1
0x0f073e6202b68c4d9a307caf497525980356d756,2026-03-19T17:12:37+00:00,2026-05-05T19:41:04+00:00,2,41.666665,41.66,0,0,6.1664790000000320,2
0x0f0743f4de1b50760f4734e354657e63d1189d45,2026-03-12T14:33:51+00:00,2026-03-12T14:33:51+00:00,1,7.2,0,0,0,2.448,1
0x0f15bca68d73e79fda8ad13794861c6644ce0ce5,2026-03-23T14:32:29+00:00,2026-04-08T19:38:05+00:00,8,333.411819,333.41,48.23,48.23,142.0469579984286562,8
0x0f3433d8b7596000bf1046aa822308d93cf67684,2026-03-28T21:27:32+00:00,2026-06-17T16:59:35+00:00,35,11120.0,2373.0,0,0,335.18920000450,35
0x0f3cc1f560d01bec8fa097914c43ec673cfbd55c,2026-03-19T16:58:11+00:00,2026-05-14T06:36:34+00:00,4,143.717946,143.71,0,0,4.9676589955385958,4
0x0f3e095fea8bb18a066003a2716969dd5bb2f0dc,2026-06-17T15:23:46+00:00,2026-06-17T15:23:46+00:00,1,2593.333332,0,0,0,7.779999996,1
0x0f4e3d003ab524f765b0667e82a2dd6ee607bdab,2026-06-08T16:03:42+00:00,2026-06-08T16:03:48+00:00,2,0,0,11.6665,11.66,23.2215340,2
0x0f589116419fa0d6658b7a68b99343325dbf0b39,2026-06-12T19:22:03+00:00,2026-06-12T19:22:03+00:00,1,0,0,2.828333,0,2.8198479998686668,1
0x0f5bf3ed01d1285c3462fd1310884838d2016846,2026-05-21T12:40:24+00:00,2026-05-26T22:11:42+00:00,17,0,0,90.00,90.0,178.032500,17
0x0f607897e7a3e05ae15e7a99e57856454d17026a,2026-03-24T15:13:49+00:00,2026-04-25T21:50:18+00:00,42,0,0,1529.84,0,1428.8396,10
0x0f6d869c5d77000879832655e668773fc3d91f8a,2026-06-14T02:17:46+00:00,2026-06-14T02:17:46+00:00,1,333.333333,0,0,0,0.999998999000001,1
0x0f6f4ae2f7d5206950f93b201e4437d46a3e596b,2026-05-06T05:55:32+00:00,2026-05-12T10:29:33+00:00,2,0,0,53.61,53.61,104.48589,2
0x0f8149ee439b02c4e80aa663434da6433f878d29,2026-06-08T19:54:04+00:00,2026-06-11T22:16:43+00:00,2,0,0,7.028,7.02,13.998828,2
0x0fae03e17d79d4a0d997d78925440e7de16c532f,2026-04-30T09:26:06+00:00,2026-05-04T10:17:42+00:00,5,1918.32294,1918.32,0,0,126.85473996,5
0x0fb31aa4e190a58c620e2246de7ecddaf0036e1a,2026-05-11T10:07:25+00:00,2026-05-11T10:07:25+00:00,1,50.0,0,0,0,1.000,1
0x0fda55255e462cefe10f58c6dd14a6ac48e38405,2026-06-17T17:37:25+00:00,2026-06-17T17:37:25+00:00,1,8533.333333,0,0,0,25.5999991456666667,1
0x100a77f449260fecd373dd922219459228137151,2026-04-30T08:08:22+00:00,2026-04-30T14:17:50+00:00,2,0,0,48.11,48.11,93.62206,2
0x100be911880bb48613130d1af9d22a7fa3828734,2026-06-16T09:51:04+00:00,2026-06-16T09:51:04+00:00,1,2000.0,0,0,0,10.0000,1
0x1027cc30e23b6f21307185aad3322e52e6907a5d,2026-06-06T19:03:09+00:00,2026-06-07T09:51:45+00:00,2,0,0,104.22,104.22,207.18936,2
0x10445fd428f2293dec2d117f3cf75f9c57d88ceb,2026-05-15T14:02:34+00:00,2026-05-15T14:02:34+00:00,1,0,0,2.5,0,2.475,1
0x10547077ae248a305d28586624990b94f4622715,2026-06-17T15:44:07+00:00,2026-06-17T15:44:07+00:00,1,0,0,267.9,0,267.0963,1
0x105cb71f6d993640e55953ecf04cdf2e82a8f2f9,2026-01-30T07:27:04+00:00,2026-02-07T01:04:39+00:00,2,6.976743,6.97,0,0,6.6317990004426414,2
0x105f6e40545166d0eb031484417793310ee65108,2026-05-13T21:16:59+00:00,2026-05-13T21:16:59+00:00,1,384.615383,0,0,0,5.0000000174615383,1
0x1077e1de24cf2c59e8c1101d8f5d6730bf81c9f1,2026-05-16T23:51:40+00:00,2026-06-01T15:38:44+00:00,2,809.523808,0,0,0,6.9999979880000070,2
0x107bcfe7daea02680cfe60797d380d2b8660481f,2026-06-15T13:09:48+00:00,2026-06-17T18:00:41+00:00,2,0,0,1056.77,1056.77,2109.31292,2
0x10832faeae3bb07e776b03d05b1359d0e74fbe16,2026-03-25T11:31:25+00:00,2026-03-29T15:35:14+00:00,13,1559.057535,1559.04,0,0,232.5082970000000625,13
0x10851308d94f2c7bf29fcfaedddddb8af5eacef3,2026-05-14T09:11:18+00:00,2026-06-05T19:25:25+00:00,3,0,0,200.0,100.0,296.6000,3
0x1086771735622e6d38e22aeb939ef2bc6f317b3c,2026-01-31T09:01:04+00:00,2026-03-18T08:05:53+00:00,40,1409.160598,1378.81,598.798460,598.16,2002.6584860318233707,40
0x108d4cf10de91d535fda791bd93ba5d1ad7768db,2026-03-20T14:02:29+00:00,2026-04-07T22:57:11+00:00,4,0,0,3.898303,3.89,7.1298809999870268,4
0x109a54dbc6d0555281387b078fa3623a6d62f8ba,2026-05-12T10:27:15+00:00,2026-05-12T14:47:28+00:00,2,0,0,25.0,25.0,49.0750,2
0x10a97107d52fc0700fee943a508c5a2a8cb0c8a4,2026-04-30T08:14:02+00:00,2026-04-30T13:22:08+00:00,2,0,0,66.56,66.56,129.72544,2
0x10ab807ac93681f1f8d567501721ce245ec5b2e8,2026-04-13T09:21:17+00:00,2026-04-13T13:50:29+00:00,2,100.0,100.0,0,0,11.000,2
0x10b289276b2b69cac7b1bbc58601009b6ee74ceb,2026-03-03T11:13:29+00:00,2026-06-05T18:07:15+00:00,30,3493.392859,746.36,0,0,270.3608660087698014,30
0x10c1e7107a8ef8149786c8587346c1e1a54891f9,2026-05-07T04:01:07+00:00,2026-06-12T06:04:24+00:00,3,0,0,15.733468,15.73,30.7389970003997980,3
0x10c587974ee246c542aca89379f21f050e74d26e,2026-06-03T11:39:47+00:00,2026-06-03T14:35:30+00:00,4,986.0,986.0,0,0,17.7480,4
0x10d7efcf9f5f3143958881ff941bd412cb107065,2026-04-29T06:30:12+00:00,2026-04-30T13:31:54+00:00,89,18954.864385,18954.838349,0,0,1397.1832923310356690,85
0x10dfc4bff8cd2d08dd1419323c10e93a1d17e7fe,2026-04-29T10:56:10+00:00,2026-05-25T10:58:35+00:00,5,3450.782952,0,0,0,94.9999950957826570,5
0x10e976907149a7f34229366277ddc7021ac3d318,2026-05-15T07:35:37+00:00,2026-05-15T07:35:37+00:00,1,83.333333,0,0,0,0.999998996000004,1
0x10ea03416347e8a9c0d8c1457f288181900902ed,2026-05-03T00:10:04+00:00,2026-05-23T17:10:13+00:00,3,379.554652,0,0,0,5.9999980017652409,3
0x10eac4d3df66808f0eefec619cf06a50bad09329,2026-03-12T14:18:11+00:00,2026-03-12T14:18:11+00:00,1,5.714284,0,0,0,1.99999900000012,1
0x10feeaddaa7e395153f34a88ce805c0262599af6,2026-02-14T06:21:37+00:00,2026-03-06T22:32:23+00:00,3,1.923075,1.92,0,0,1.62439900,3
0x11030c6326066b8690bdef3a8118c56b296c25b6,2026-06-11T07:07:04+00:00,2026-06-11T07:07:04+00:00,1,0,0,342.68,0,341.99464,1
0x110a2b4c886b4c1915baa3c0eed3fe47f1ea4a55,2026-05-05T21:42:48+00:00,2026-05-05T21:42:48+00:00,1,68.965517,0,0,0,1.9999989998965552,1
0x1110cc281f72223f3e6254096c96e77229860d48,2026-06-16T22:06:58+00:00,2026-06-17T18:00:40+00:00,3,19573.333333,19573.33,0,0,78.2933290656666668,3
0x112fa4f58d49f543e9858c20296eed5b5cb70dbe,2026-06-15T16:24:06+00:00,2026-06-15T16:24:06+00:00,1,0,0,55.1605,0,54.9398580,1
0x1138bc822bc37b318246838efe5b830e144b183c,2026-05-21T12:58:04+00:00,2026-05-21T13:49:50+00:00,2,0,0,280.0,280.0,555.2400,2
0x115ae85b98d59d0940d2dc9cc7febb0a7d421914,2026-06-14T16:57:54+00:00,2026-06-14T16:57:54+00:00,1,0,0,2.004007,0,1.999998000028556,1
0x1163b61f1d4998eae91501860e0ca262ab57aa1b,2026-05-17T06:45:29+00:00,2026-05-17T18:44:53+00:00,2,0,0,262.53,262.53,521.12205,2
0x118baf07a4b60df3b4826c8368fbfd088c47faa3,2026-05-11T01:47:13+00:00,2026-05-11T01:47:22+00:00,2,50.0,50.0,0,0,1.9500,2
0x119ccb743016d5799694f8b08f2df3374a622d4a,2026-06-08T19:45:45+00:00,2026-06-08T19:47:37+00:00,2,12000.0,0,0,0,60.0000,2
0x11a579592ce5919b5ff85992f159af9daae6e0a6,2026-05-28T01:57:33+00:00,2026-05-28T01:57:33+00:00,1,0,0,2.026307,0,1.9999650000842492,1
0x11afc5d8478f7aee307412194bf5a05eff734fc3,2026-06-07T18:14:42+00:00,2026-06-07T18:14:45+00:00,2,0,0,11.9798,11.97,23.8180810,2
0x11b0031abc66434d752e4068d387585e1d3b88af,2026-05-18T14:18:19+00:00,2026-06-11T15:04:58+00:00,3,0,0,511.0,511.0,1014.4590,3
0x11ce3c7c12f7ee82af01ba10e0827559f9e3848b,2026-05-30T13:13:52+00:00,2026-06-07T19:47:13+00:00,2,125.0,125.0,0,0,1.6250,2
0x11d32eff6b8346f379726c9c8c0c98db019428ae,2026-05-01T16:25:38+00:00,2026-05-01T16:45:40+00:00,10,0,0,1012.0,1012.00,1946.07600,10
0x11f0a91f29da8ce5e2d6edb3e5e54ac8f837ef27,2026-05-03T09:49:38+00:00,2026-05-10T02:38:09+00:00,2,27.027026,27.02,0,0,1.4323199998378364,2
0x11f81771621c68c3bd7c4122dd420431b3e114fe,2026-06-15T15:34:09+00:00,2026-06-15T15:57:12+00:00,254,0,0,15690.581292,15690.58,31271.327228124,254
0x11fd80fb653be4866f0ec3fb8c830569d172a67e,2026-06-12T09:14:21+00:00,2026-06-12T09:14:21+00:00,1,333.333333,0,0,0,0.999998999000001,1
0x11ffcc31dbc0a257569e4adf309d82eb2a89fb23,2026-05-04T06:12:26+00:00,2026-05-18T00:04:19+00:00,4,265.675674,265.67,0,0,13.2836990081351410,4
0x120b4e836fd3cf9f4344a7149bffb260bd26a351,2026-05-14T12:52:11+00:00,2026-05-14T12:52:11+00:00,1,1428.571428,0,0,0,19.999999992,1
0x121264280c09aa34d3d4d1899406ec5d01d39e06,2026-05-23T18:41:55+00:00,2026-05-23T18:41:55+00:00,1,416.666666,0,0,0,4.9999989920000016,1
0x121a699ac77e435f04d7dcec9efc3b263cb51e19,2026-05-02T20:39:00+00:00,2026-05-03T03:40:44+00:00,2,0,0,46.91,46.9,90.24522,2
0x121a8347a0f86074e50355bb812c5ff97237db9e,2026-04-11T08:47:47+00:00,2026-06-08T15:56:54+00:00,2,958.333333,0,0,0,14.9999989980000004,2
0x12220183b30600063ae2a054d8ad57ca9af7c578,2026-06-07T00:07:16+00:00,2026-06-07T06:44:10+00:00,2,0,0,38.1525,38.15,75.9591400,2
0x1223987eb4bf8564a932f43e3cec9f28b5ced424,2026-04-29T18:26:40+00:00,2026-06-03T11:28:49+00:00,257,89630.298532,3074.924847,0,0,1716.2325088795079620,257
0x12289eca4a160805acff6beca1b87700fef44662,2026-04-30T09:02:50+00:00,2026-04-30T14:04:38+00:00,2,0,0,49.78,49.78,96.87188,2
0x122d9ce327d1d40ded62b8782aea3d1c32af95fe,2026-04-30T01:06:36+00:00,2026-06-16T18:26:23+00:00,1615,0,0,22218.155,22218.148744,44073.3275579991169505,1615
0x1232e5b39f0fe5ace85c1ab9d84aaf1a22776158,2026-06-15T11:29:42+00:00,2026-06-15T11:29:42+00:00,1,500.0,0,0,0,2.0000,1
0x123359632390af69ac767adc08c4ee6ee55ef7ab,2026-05-04T08:10:46+00:00,2026-05-23T02:30:33+00:00,2,0,0,51.867218,51.86,101.3413980015850678,2
0x1252c9654a0f25e2d4fd62311f698cee43aa76a6,2026-04-17T08:27:46+00:00,2026-04-17T08:27:46+00:00,1,20.0,0,0,0,1.000,1
0x12537eb645a2c16896f3d96a293d62e7111326e2,2026-06-07T15:40:45+00:00,2026-06-07T15:40:45+00:00,1,0,0,1.026,0,1.019844,1
0x1263e2a3aacc8d2bad78c038ca8f7a06cd4c923f,2026-06-17T09:10:10+00:00,2026-06-17T21:12:58+00:00,2,0,0,54.56,54.56,108.90176,2
0x127af74b07b24de97c11e5bdc9cb86cac84c3344,2026-02-11T14:14:01+00:00,2026-02-11T14:14:01+00:00,1,8.58,0,0,0,4.4616,1
0x128628becf446a0a64a6d41c582d11108281ae58,2026-05-25T13:50:12+00:00,2026-05-25T13:50:12+00:00,1,0,0,101.2145,0,99.9999260,1
0x128d4d6192bab97cff63da54f92718f690900c53,2026-05-26T05:11:20+00:00,2026-06-10T06:48:10+00:00,9,0,0,1319.62,1319.62,2606.53214,8
0x1298e0d3effdafcce673e5eb576625fad7c10297,2026-04-22T08:08:50+00:00,2026-04-22T08:08:50+00:00,1,0,0,3.128243,0,2.9999850000867326,1
0x12993f065bb58058cda9a2e24cb6e387e48029fb,2026-03-05T02:05:59+00:00,2026-06-09T07:01:16+00:00,2,111.11111,111.11,0,0,30.444439000000007,2
0x129d2f7f0fc98957e97e47372ca50a73035ebc4b,2026-05-29T07:20:56+00:00,2026-05-29T08:45:55+00:00,2,0,0,34.0,34.0,67.0140,2
0x12a6691323f6cdfaeba64a9aeadf47c5a3c3876e,2026-06-03T09:47:00+00:00,2026-06-03T09:47:00+00:00,1,111.111111,0,0,0,0.999998999000001,1
0x12b31d64711c8c6c3e7a84a13a3f1782b546eb4e,2026-05-25T12:36:03+00:00,2026-06-11T15:04:48+00:00,4,0,0,813.91,813.91,1613.951139989257,4
0x12b908875cdef3905aa6c58830ae0042b32729ea,2026-05-25T00:12:03+00:00,2026-05-25T00:12:03+00:00,1,5862.880769,0,0,0,74.9999999400821509,1
0x12bbd176fa7ba2106939927b48a88423742a5953,2026-06-05T14:47:49+00:00,2026-06-17T18:00:40+00:00,3,0,0,449.0,449.00,895.19375,3
0x12c143df52220ba1961b8871fd18ce46643d0747,2026-05-10T01:48:01+00:00,2026-06-05T20:14:37+00:00,2,187.5,0,10.060333,0,12.9999709999879334,2
0x12c42a7a6090f804c5755b423781c1489e55d1eb,2026-06-05T11:40:42+00:00,2026-06-14T19:46:24+00:00,2,0,0,57.0,57.0,113.4300,2
0x12c805698795651f1e7dc25067f0483bfd233cb0,2026-03-27T12:19:09+00:00,2026-03-27T12:25:15+00:00,3,0,0,20.0,20.0,36.600,3
0x12cf1709482e0468143acaa63937903fb3753db1,2026-05-12T21:47:30+00:00,2026-05-12T21:47:30+00:00,1,0,0,3.438071,0,3.3899380001552793,1
0x12e5bb512155fefb95a4ea87e8657025f696c04a,2026-06-07T12:45:52+00:00,2026-06-08T03:13:55+00:00,2,0,0,51.65,51.65,102.73185,2
0x12ebed12312696c0b3e5db571b2340af45eef6b1,2026-05-17T16:10:41+00:00,2026-05-18T06:14:39+00:00,2,0,0,117.94,117.94,233.52120,2
0x12f296a41f323624323f61dc5d9f90926a1d0379,2026-06-06T19:03:09+00:00,2026-06-07T06:08:51+00:00,2,0,0,93.15,93.15,185.27535,2
0x12fc7739aaac37b6312d7f976e4bae84e8550e54,2026-05-11T20:51:15+00:00,2026-05-11T20:51:15+00:00,1,87.826085,0,0,0,1.9999989957064355,1
0x1308de20d37e93dffc38aaa09245c0eb9de7774c,2026-03-09T09:56:25+00:00,2026-03-09T09:56:25+00:00,1,20.0,0,0,0,6.00,1
0x130c2eeddc2285f39c82bbd4e06839c5ec79bcd0,2026-05-01T04:42:22+00:00,2026-05-07T13:54:42+00:00,6,0,0,172.66,172.66,333.61081,6
0x13167216b6539289cac3458c7a9eace6db53b090,2026-05-11T15:12:34+00:00,2026-05-11T15:12:55+00:00,2,0,0,7.673468,7.67,15.0289280000327688,2
0x131a2d27d9f5ec25bbb42db80e1a474dc4f6e4d0,2026-05-09T00:13:37+00:00,2026-06-08T16:38:33+00:00,137,807.60,807.60,21.229670,21.22,56.7416940001638958,19
0x131da18dda251c19d60894c2a9c0af00a2c1c308,2026-06-15T21:08:21+00:00,2026-06-15T21:08:21+00:00,1,2500.0,0,0,0,10.0000,1
0x132c3a2bee115063edcc00847c63475f84337295,2026-03-06T00:18:49+00:00,2026-03-10T23:08:45+00:00,5,58.830031,58.0,0,0,37.5299979996818431,5
0x13504bfb2de9f708cc93f2dfde8f5b47b7cc9d64,2026-06-10T10:12:40+00:00,2026-06-10T10:12:40+00:00,1,0,0,1.033,0,1.029901,1
0x1352baa111c142d42306c527d3c13fc002e4e45d,2026-05-30T15:22:56+00:00,2026-06-17T18:00:41+00:00,5,0,0,1326.0,1326.00,2641.58500,5
0x13558f3c3ea3f6e74e058a529101a4100e859955,2026-05-22T01:37:31+00:00,2026-05-22T01:37:31+00:00,1,111.11111,0,0,0,1.000000001111111,1
0x136e540e6d646784a0189704b115729c753edb8d,2026-06-16T10:23:12+00:00,2026-06-16T22:13:19+00:00,2,0,0,99.49,99.49,198.18408,2
0x137f248e19e679fd90ddbf041f01249f91f26689,2026-03-20T14:26:57+00:00,2026-03-23T10:37:59+00:00,2,0,0,9.31,9.31,16.8511,2
0x137ff98578e2043100f1d33abcccdf3a1c44968d,2026-03-16T17:03:19+00:00,2026-03-16T17:03:19+00:00,1,313.107271,0,0,0,99.9999990092476554,1
0x1380ba7927e090807bf6ed7eea86da8fc95a12cb,2026-04-24T15:30:00+00:00,2026-05-19T07:48:03+00:00,2,0,0,4.21052,4.21,8.1678940,2
0x13ca9bde45d728cda6b77f7bbf86d4665bfd220d,2026-06-13T22:31:28+00:00,2026-06-13T22:31:28+00:00,1,0,0,1.002,0,0.999996,1
0x13d3d5171e3df07622ff9940e762741cab577e30,2026-05-01T04:17:46+00:00,2026-05-01T11:19:42+00:00,2,0,0,24.63,24.63,47.70831,2
0x13f1ea0008c8bf123b0cf82bc92ae46f0b6349f5,2026-05-16T14:15:15+00:00,2026-05-16T14:15:15+00:00,1,200.0,0,0,0,1.4000,1
0x13f6e108c2d04c2c6ccd8209ac1c8973fc66289e,2026-05-14T09:26:40+00:00,2026-05-14T09:26:40+00:00,1,0,0,200.0,0,197.4000,1
0x13faf92cb8c27923ef598cac1cad902c4bc252e8,2026-03-08T07:32:41+00:00,2026-03-08T16:30:01+00:00,2,0,0,2.0,2.0,2.780,2
0x140200af3741d04ebb56a426496803ba79808e82,2026-05-13T08:14:51+00:00,2026-06-05T06:04:46+00:00,3,0,0,200.0,100.0,296.5000,3
0x140891ee5c1214859198b80f0a5a4880ba57b4f8,2026-02-20T15:02:00+00:00,2026-05-06T12:23:32+00:00,81,227.987934,175.0,220.0,166.993442,398.8242640002115459,69
0x140f79a517883bc5ab3bbe0fc70aa4e1de9b6497,2026-06-15T12:04:22+00:00,2026-06-15T12:04:22+00:00,1,11500.0,0,0,0,46.0000,1
0x14111cf80a2de8598a0738fb57df838c6ed1fc07,2026-05-30T06:07:44+00:00,2026-06-01T10:47:32+00:00,2,0,0,12.648428,12.64,25.0861290002054716,2
0x1413c4378a0f87cd0c20cb71ceb6bbce68f15ad6,2026-06-15T04:10:25+00:00,2026-06-15T13:41:03+00:00,2,916.666666,0,0,0,2.9999989980000010,2
0x1421f2042e4ead99f5ca6d01e2addf917210c812,2026-02-25T21:52:42+00:00,2026-03-01T10:27:31+00:00,4,14.504443,14.50,0,0,14.0343989997778916,4
0x1430a55833ee6f452cd1e6fb349be98b72a0967e,2026-03-24T15:13:07+00:00,2026-04-10T19:38:51+00:00,7,0,0,9.6774,9.67,17.799682,7
0x143f2c7e309d6d58abc327837e624e999dae4e3e,2026-05-22T09:34:06+00:00,2026-05-22T09:34:06+00:00,1,111.111111,0,0,0,0.999998999000001,1
0x144c3a0b14f55f277db20a0c98bcdb6f3dbadb68,2026-05-07T01:39:38+00:00,2026-05-07T09:44:21+00:00,2,0,0,41.09,41.09,79.59133,2
0x144e019d576f112fa767cc77240b98a7f31e5e08,2026-05-08T14:34:36+00:00,2026-06-16T18:26:23+00:00,1303,0,0,16028.316665,16028.303654,31841.0968319997946868,1303
0x1453088a259f36294e5b8982f13a18e1408a67a4,2026-06-17T18:03:35+00:00,2026-06-17T18:03:35+00:00,1,0,0,5.87,0,5.86413,1
0x145aa57c75c7bf02ec3ebfdbff67fb0bf8833e32,2026-03-23T07:59:35+00:00,2026-03-23T07:59:35+00:00,1,50.0,0,0,0,5.00,1
0x1463437aae239612408f5336de24977b9674ce78,2026-05-21T23:13:40+00:00,2026-05-21T23:13:40+00:00,1,555.555554,0,0,0,4.999999986,1
0x1467187ec2bcd46e0ba50e54be852c27f6b9c7b0,2026-06-11T18:20:57+00:00,2026-06-11T18:33:52+00:00,114,0,0,15349.2745,15349.27,30621.7981410,114
0x146e5aab23e989c6cc2073cf51cd014408e0ab0b,2026-05-28T19:42:09+00:00,2026-05-28T19:42:41+00:00,2,10000.0,10000.0,0,0,225.5155700000,2
0x1471ef729ec910fb657c0aa0d13e2fb68114fab4,2026-06-09T03:15:31+00:00,2026-06-09T03:15:49+00:00,2,0,0,10.281,10.28,20.468476,2
0x1477b38f21ad2d1f2a14596039329b93afcc17e4,2026-04-15T15:21:56+00:00,2026-04-17T07:45:02+00:00,2,0,0,105.26314,105.26,198.9443830,2
0x147a779b486b91f2b619f058d71ac43f3b1d7e76,2026-05-15T04:09:39+00:00,2026-06-05T16:55:55+00:00,3,0,0,200.0,100.0,296.6000,3
0x147ca0f8d9941614565d85ae29563c8cbaedefd6,2026-04-01T07:42:53+00:00,2026-04-01T09:40:11+00:00,11,7600.0,7599.987616,0,0,961.9991980057143232,11
0x149bcbfbdc772d60cdb252c1513405cef7c8d435,2026-02-26T18:10:38+00:00,2026-02-26T18:10:38+00:00,1,0,0,1.724135,0,0.999998000000510,1
0x14a162a24890fb654e9b55f1a10863587cf030d7,2026-05-04T18:53:38+00:00,2026-05-08T14:34:36+00:00,4,0,0,92.66,92.65,180.91152,4
0x14ab213b886015f7aa7e809dd466de3fa2c09bd5,2026-04-08T18:40:53+00:00,2026-04-14T08:54:27+00:00,2,11.11111,11.11,0,0,1.44439900000009,2
0x14b33092bb98cbecb041b44176350cf84559ae28,2026-06-16T23:55:28+00:00,2026-06-16T23:55:28+00:00,1,0,0,4.158,0,4.149684,1
0x14b58aa600b254d5f69b7af34952f9adf7793607,2026-03-01T10:06:23+00:00,2026-03-02T18:40:51+00:00,2,0,0,3.846152,3.84,4.2271990000000192,2
0x14c197c2dd431ff0972115e2d1440aae76ef4dba,2026-04-26T09:16:36+00:00,2026-04-26T09:22:36+00:00,2,0,0,1.164018,1.16,2.1950369999894452,2
0x14c7d82030013636ccf56b1847b2c0811380d560,2026-06-15T02:51:06+00:00,2026-06-15T02:51:06+00:00,1,3333.333333,0,0,0,9.9999989990000001,1
0x14c933897fb5d5edb816fd663d1e9e5b2b782afc,2026-03-03T05:46:49+00:00,2026-04-12T06:41:31+00:00,2,11.627905,11.62,0,0,5.6971990000000255,2
0x14cf90941a793b39fdf4bd4c1db03b7c049d0a47,2026-06-11T15:21:03+00:00,2026-06-11T15:21:03+00:00,1,0,0,59.118,0,58.999764,1
0x14d827ede2ef87dc5b7e44d46c8f41d6a612e828,2026-05-12T06:57:36+00:00,2026-05-12T06:57:36+00:00,1,45.454544,0,0,0,0.9999989998182128,1
0x14dc46e49e0c3b89196fbe088ec259899dc3f468,2026-03-19T17:24:31+00:00,2026-03-23T02:45:17+00:00,2,18.0,18.0,0,0,3.960,2
0x14e29ec5fd642fe195efe9d3e7dbda14356a42a2,2026-06-17T14:44:40+00:00,2026-06-17T15:19:11+00:00,2,7343.333332,0,0,0,22.029999996,2
0x14e7694386ac840e04729d53c656da9740f73a2a,2026-02-20T06:32:30+00:00,2026-03-02T00:31:07+00:00,2,12.0,12.0,0,0,11.475000,2
0x14eb75d494f27fe1ba8dd028140e576c5c2eb7f6,2026-04-01T08:11:15+00:00,2026-04-09T23:07:55+00:00,9,0,0,600.0,600.00,1114.9779,9
0x14f0c4cfaacecb632524e630cdf24339c9a39aa3,2026-05-14T02:00:39+00:00,2026-05-27T23:57:17+00:00,2,3923.076922,3923.07,0,0,101.999909986,2
0x150657df3cc85b57834e2fb697dd63c095ceca77,2026-04-22T14:47:46+00:00,2026-04-22T14:47:46+00:00,1,7794.811165,0,0,0,399.9999990650446025,1
0x150f9c54241a89ad7bc21890148f763f151606a1,2026-06-08T11:42:48+00:00,2026-06-08T11:42:51+00:00,2,0,0,12.60025,12.6,25.08684900,2
0x1512ad8f764d6f23f9ffa24bf0800d7d6f1c67da,2026-05-11T02:28:31+00:00,2026-05-11T02:28:45+00:00,2,50.0,50.0,0,0,2.000,2
0x151574867a304b1c24fcd6f791c6786730a7f3e5,2026-06-11T15:31:31+00:00,2026-06-11T15:31:31+00:00,1,0,0,1.002,0,0.999996,1
0x1516825816159a8cd7a77890f3dda4babc4996b5,2026-05-13T15:49:12+00:00,2026-05-13T15:49:12+00:00,1,0,0,5.27,0,5.20149,1
0x1524ee2bf0a85524b3f5f0dcce6acaf35860df4e,2026-06-14T16:55:49+00:00,2026-06-17T18:00:41+00:00,2,0,0,12.024047,12.02,24.0079780005892609,2
0x152ee0ec65999ca23c958c3d442a7deb7765748b,2026-06-17T09:10:10+00:00,2026-06-17T17:31:29+00:00,129,0,0,1140908.356557,0,1137485.6315571086762216,117
0x152fdae6b14b9131a61ec77ed61dda50f68da549,2026-05-12T06:41:30+00:00,2026-05-12T06:41:30+00:00,1,4279.38,0,0,0,89.999999819982,1
0x1538b16ccb0b8ea9636cabdbba275e75c5d20090,2026-01-20T20:59:56+00:00,2026-03-26T16:20:59+00:00,6,30.0,10.0,10.0,10.0,19.340,6
0x153f0b54c107bdbbc3866eec1760fd172f6a20a4,2026-05-10T02:24:28+00:00,2026-05-10T07:03:46+00:00,4,0,0,176.00,176.0,346.19200,4
0x15569119746fbc9d7a035e686d545b6bed040edf,2026-06-14T01:12:01+00:00,2026-06-14T01:12:01+00:00,1,0,0,18.4265,0,18.3896470,1
0x15635e44b716c60a066681ebe4966098f3ab2ccc,2026-04-23T20:26:04+00:00,2026-04-23T20:26:04+00:00,1,100.0,0,0,0,5.000,1
0x1563ee330880b71a533cde6d8a4763b8db12c575,2026-05-04T19:15:26+00:00,2026-05-08T04:12:36+00:00,29,0,0,3920.168454,3920.161675,7640.4189340428800735,28
0x156b1a354e7b56b8a39a3b860d0352bdea1c0f5b,2026-06-01T06:07:41+00:00,2026-06-15T10:28:28+00:00,194,0,0,146.849388,146.84,291.3717790001909855,194
0x156bf597c459111570b3fe413a0e9abef081baa0,2026-06-17T10:48:44+00:00,2026-06-17T13:52:59+00:00,2,1552.46,0,0,0,4.15738,2
0x157cfdd331ae9de01b0848cddae64cc6c3534381,2026-05-10T05:00:34+00:00,2026-06-02T07:49:12+00:00,2,55.555554,55.55,0,0,1.4443989997778050,2
0x1584cb3b5a84944bd0db072c43d67189397071b6,2026-02-07T07:17:37+00:00,2026-02-07T07:17:37+00:00,1,0,0,576.4,0,201.740,1
0x159043956f9d93483965a621e51960f28938bbbf,2026-05-01T11:57:48+00:00,2026-05-01T18:01:22+00:00,2,0,0,56.33,56.33,108.71690,2
0x159799fcd583b2eadf01f8d7e76de8dd36076ede,2026-04-19T07:38:02+00:00,2026-04-19T07:39:04+00:00,2,100.0,100.0,0,0,9.000,2
0x159f57410ee73b065aa6322a96b2e871791dfbb0,2026-06-08T13:22:12+00:00,2026-06-08T13:22:18+00:00,2,0,0,12.24875,12.24,24.37855500,2
0x15a4827638a72aafd5a25a7c69d3d0823f10d291,2026-05-17T14:52:36+00:00,2026-05-17T14:52:36+00:00,1,0,0,5.030166,0,4.9999849999758672,1
0x15a753675b686e536c4cc6aeec4e234dd3f71d74,2026-03-06T07:09:17+00:00,2026-06-09T08:19:45+00:00,2,340.227665,340.22,0,0,101.3608790126498435,2
0x15a9cc7430043b3a95a0144b97685ed9d9aa26a2,2026-05-20T10:52:05+00:00,2026-05-20T10:52:05+00:00,1,0,0,1.01109,0,0.999967999990209,1
0x15bb2f3645085e85e6f6e55edf71ab62c2535108,2026-06-14T18:54:55+00:00,2026-06-15T05:54:39+00:00,2,0,0,12.024,12.02,23.983892,2
0x15c4b33c91941118556f9916af34c96332384829,2026-05-08T05:56:24+00:00,2026-05-09T09:45:54+00:00,2,0,0,13.415607,11.26,24.1198099999753179,2
0x15ce43a13627116dd126bfb517a899c45039d47e,2026-04-20T19:44:46+00:00,2026-04-27T20:53:16+00:00,16,1000.00,1000.0,0,0,72.889410000,16
0x15dac51ed08722f4c22002d022d15c6b4d49d514,2026-04-26T18:55:08+00:00,2026-04-26T18:55:08+00:00,1,2319.298635,0,0,0,99.9999990082513875,1
0x15db5802a78b3274f79ffd3f85a79312b3cfb2b8,2026-04-22T14:06:26+00:00,2026-04-22T14:06:26+00:00,1,2246.819564,0,0,0,99.9999991014406096,1
0x15e1a7dee76133a7c9f9278a6c1db25a39b99912,2026-06-14T14:59:48+00:00,2026-06-14T14:59:48+00:00,1,0,0,2.004,0,1.999992,1
0x15ebbab1c62beb989d5963ec2424f404dfe5434d,2026-05-08T04:10:06+00:00,2026-05-08T04:10:06+00:00,1,34.482757,0,0,0,0.9999990012759068,1
0x15efeac3cc3dc244645126f357dede6b181a2d7b,2026-04-01T18:57:37+00:00,2026-04-02T11:59:19+00:00,2,0,0,8.12765,8.12,15.1915910,2
0x15fe8d2626ff26f403d7722915139fc9a8f8a0dd,2026-05-12T22:43:26+00:00,2026-05-12T22:43:26+00:00,1,0,0,100.0,0,98.6000,1
0x1603a8c5cbd51aef036cbc9034f75608e1aae19f,2026-06-06T19:03:09+00:00,2026-06-07T06:38:51+00:00,2,0,0,102.61,102.61,203.98868,2
0x1619162ccb5fb7c17358202c049d4e0353ee1a50,2026-05-01T18:50:48+00:00,2026-06-10T10:21:22+00:00,2,0,0,10.0,10.0,19.5500,2
0x1629f34db3b83f6a49b8b4d191985c6e32c26524,2026-06-10T18:17:27+00:00,2026-06-11T04:42:30+00:00,2,0,0,9.0,9.0,17.9460,2
0x163c54fda891ffca4a77364b7d014ed2eacdd1a1,2026-05-17T23:35:23+00:00,2026-05-18T13:58:22+00:00,2,0,0,90.6,90.6,179.388,2
0x1643a9a8610a2056467ca680381fd2c8672b8a81,2026-04-26T13:58:38+00:00,2026-05-10T12:21:59+00:00,2,44.444443,44.44,0,0,2.755479001666697,2
0x16582c0fcaeb678c730f4568243299d661c48c34,2026-05-12T06:29:09+00:00,2026-06-03T05:24:14+00:00,4,0,0,169.628122,169.62,334.8393179995065728,4
0x166ccc99d4999a0b5d5a96f449db5d722c8bae55,2026-05-27T07:08:51+00:00,2026-05-27T07:08:51+00:00,1,461.176469,0,0,0,7.8399990045294151,1
0x166d14b0ca657444bb0e64230c0a83bb477b662e,2026-06-08T13:27:27+00:00,2026-06-08T13:27:28+00:00,2,0,0,12.20875,12.2,24.29891500,2
0x1677cfc3bda842facb0d7ee8b0ab4f2617bb03a3,2026-05-07T15:13:53+00:00,2026-05-07T22:16:43+00:00,2,0,0,28.82,28.82,55.91080,2
0x167a33bb57b861e238fe678c2d51f069c28c23d3,2026-06-05T12:14:06+00:00,2026-06-11T02:12:03+00:00,4,0,0,376.92,376.91,749.68391,4
0x167f195f1481ad83523f8bacc78c48a1d30443c6,2026-06-02T02:44:07+00:00,2026-06-16T01:59:30+00:00,5,0,0,932.94,110.00,1038.43824,5
0x16835c5fd47e83ef4e15d69dbbbb57814cf03348,2026-05-17T00:35:29+00:00,2026-06-15T08:12:03+00:00,2,392.857142,0,0,0,1.999998994000006,2
0x1683acbf69fc8d5eab2f2ef150904efe2e166906,2026-01-22T03:20:04+00:00,2026-01-30T21:06:22+00:00,22,0,0,110.0,110.0,119.005600,22
0x168fd7301811b13e0596c4725fe6507884249e00,2026-04-06T05:29:57+00:00,2026-05-12T12:48:25+00:00,19,1000.0,1000.0,1500.0,1500.0,2890.16699999880,19
0x1690fd4a07adbe92b0a040c4f3df68a01ac99d6c,2026-05-29T11:34:25+00:00,2026-05-29T14:43:43+00:00,2,0,0,7.591083,7.59,14.9989100002044585,2
0x169f5dd68c1d6e96b156f6928b46d6e5a9b734be,2026-03-19T01:46:19+00:00,2026-03-19T01:46:19+00:00,1,666.666665,0,0,0,59.9999989833333355,1
0x16b34ff28e08b02b1bf72494932c881cfb31db07,2026-06-12T16:22:55+00:00,2026-06-12T16:22:55+00:00,1,0,0,1.232,0,1.229536,1
0x16b8ba8d9a8534197abb224d147f01574ab789c8,2026-06-17T17:30:28+00:00,2026-06-17T17:30:28+00:00,1,333.333332,0,0,0,0.999999996,1
0x16c2d66deeb0f3201c08f5775148af27d7afa6e0,2026-02-16T18:14:43+00:00,2026-03-08T23:47:45+00:00,9,161.0,160.9,0,0,119.036,9
0x16c50d7fb860b0e92394afb4dc0fafd489b07fee,2026-06-15T03:53:10+00:00,2026-06-15T03:53:10+00:00,1,0,0,13.026,0,12.999948,1
0x16c6649aa7c5cfe3fd29a26b3c4642330e94c9b8,2026-02-11T20:39:43+00:00,2026-02-13T17:52:55+00:00,2,0,0,18.867923,18.86,19.1157990000139777,2
0x16d45f55461a19bad90566bc658c5da5a4f1a868,2026-05-18T08:18:15+00:00,2026-05-18T08:18:15+00:00,1,0,0.2,0,0,0.0022,1
0x16d71975b3a046ff1f7dce8689de2b5fef695221,2026-06-01T04:24:30+00:00,2026-06-10T06:48:10+00:00,3,0,0,238.6,238.60,474.09820,3
0x16dcefc1f0cb2e75a96e7301abfb39bfabec7f9c,2026-04-30T01:12:16+00:00,2026-04-30T01:12:16+00:00,1,34.482757,0,0,0,0.9999990012759068,1
0x16e299bad4bb958c5ee956aa8abb8468d574bcc8,2026-06-17T13:00:14+00:00,2026-06-17T13:00:14+00:00,1,3666.666665,0,0,0,10.999999995,1
0x16e4cbd4808821233aa85ccb4568ac519e9a0e92,2026-05-13T04:27:14+00:00,2026-06-03T10:25:26+00:00,3,0,0,179.778410,90.06,266.6890380009939215,3
0x16e6462e079c5b3cc53edc042982e6623de5920c,2026-05-17T01:17:02+00:00,2026-05-17T01:17:02+00:00,1,142.857142,0,0,0,0.999998994000006,1
0x16f6f9719e286a220c135b2903d293e65703fc9b,2026-04-30T06:30:24+00:00,2026-05-13T13:09:59+00:00,117,3195.434622,150.43,98.677165,98.67,271.9807059831479188,117
0x16fe6fa4eb99404fb5499c2d403e89f5adbe1ddc,2026-03-30T21:32:51+00:00,2026-04-30T19:05:54+00:00,78,0,544.06,981.24,304.2,1244.5088100,70
0x1703526d18a9b96af3e8a11cdc3b32fffca07e89,2026-05-21T14:05:07+00:00,2026-05-22T00:58:33+00:00,4,0,0,210.0,210.0,416.6300,4
0x17147c37806443022a160b83f4da226c7db2cbb8,2026-06-17T07:12:01+00:00,2026-06-17T07:12:01+00:00,1,97416.666666,0,0,0,292.249999998,1
0x17152bc17026b9b7c3c5bf9ddfbd037db626ea73,2026-03-20T12:42:01+00:00,2026-06-15T12:44:31+00:00,2,8.333332,8.33,0,0,1.0249890000001344,2
0x171664d47114a3bc20d284c132e7f3bc6eea3802,2026-05-08T03:18:23+00:00,2026-05-08T11:26:17+00:00,2,0,0,56.56,56.56,109.89608,2
0x172fd440f490d6cad9bc068b03fe170a225f3423,2026-06-12T09:10:19+00:00,2026-06-12T09:10:19+00:00,1,0,0,1.002,0,0.999996,1
0x17393a3ef9492f26448675e912d1beb79111c465,2026-05-01T17:28:26+00:00,2026-06-10T10:12:15+00:00,3,0,0,20.0,20.0,39.1100,3
0x17423cbc788fd32e8aef71dd472aea8ec2e9f616,2026-03-18T18:37:03+00:00,2026-03-18T22:53:41+00:00,7,37.75,37.75,0,0,11.1150,7
0x17441691af47d9cebf3d64fc916d88015544a331,2026-06-04T03:38:22+00:00,2026-06-15T06:04:42+00:00,2,0,0,18.266128,12.6,30.6821980005887648,2
0x1746937bf25ffba7f90d332c8599ba0e3ed66082,2026-04-30T20:12:48+00:00,2026-04-30T20:12:48+00:00,1,0,0,1.127181,0,1.089983999947656,1
0x1746fdf3348041a42f6dfa88c411d73b5c1ccc59,2026-05-10T15:03:16+00:00,2026-05-10T15:03:16+00:00,1,55.555554,0,0,0,0.9999989997778050,1
0x17567dc9d66780be03bbba641d10851a93e389fd,2026-05-08T10:49:23+00:00,2026-05-08T10:49:23+00:00,1,172.413793,0,0,0,4.9999989970000006,1
0x1777b97ce00517d72dfb904ac670e504e7def809,2026-05-04T10:45:56+00:00,2026-05-18T08:55:35+00:00,2,28.0,28.0,0,0,1.3440,2
0x17785bde78a669148c904511ef4204c37c0d0ee6,2026-06-11T11:39:36+00:00,2026-06-11T11:39:36+00:00,1,0,0,1.002,0,0.999996,1
0x177a27c3b9384285f3f90e713aba1b914afa51a0,2026-06-16T11:24:13+00:00,2026-06-16T11:24:13+00:00,1,1000.0,0,0,0,5.0000,1
0x177bf7c8545869c02fb76f96e7e103136e13d43d,2026-02-08T03:38:29+00:00,2026-02-09T01:22:09+00:00,3,0,0,96.0,96.0,83.680,3
0x1797e83946419960d232a0418c92c36afc03a40e,2026-05-17T00:51:54+00:00,2026-05-17T06:45:29+00:00,2,150.0,150.0,0,0,2.1000,2
0x17af2b79e42399c22e0671ff3ce18901d8241ac5,2026-06-11T11:59:36+00:00,2026-06-11T11:59:36+00:00,1,0,0,1.002,0,0.999996,1
0x17b16d85b1c2f82470a491625e4229ad8a3cea5e,2026-05-03T11:13:14+00:00,2026-05-03T19:17:44+00:00,2,0,0,45.27,45.27,87.23529,2
0x17b4aa863bf1add299f3ece1a54a9bf19cf44d48,2026-04-30T10:52:10+00:00,2026-05-01T06:26:28+00:00,2,0,0,10.0,10.0,19.4400,2
0x17b9cffb96c4557dc94531740c448ebe12c5f903,2026-05-07T00:48:20+00:00,2026-05-11T15:12:29+00:00,2,0,0,5.675935,5.67,11.0509110002425690,2
0x17c457758b8781c3865d48618218d2ebbc981cd0,2026-05-10T17:06:37+00:00,2026-05-10T17:06:37+00:00,1,0,0,3.091835,0,3.029998000092005,1
0x17caa2a1b2c70ebfa134e74154e6b297f5edb235,2026-05-02T13:11:38+00:00,2026-05-02T18:17:02+00:00,2,0,0,49.37,49.37,94.93851,2
0x17d45664cfe6cb4edf066d60ec39570a592eb467,2026-04-29T12:49:38+00:00,2026-05-12T17:46:12+00:00,2,121.951218,121.95,0,0,6.7072989989756214,2
0x17e042b6c9a3225d0a19b0ed6420e694426b64e7,2026-05-27T19:30:32+00:00,2026-06-02T09:47:37+00:00,2,62.5,62.5,0,0,1.5000,2
0x17f6bb9a90e4d7b4f9f669c2a120c448bba4c6c9,2026-06-15T01:24:10+00:00,2026-06-15T01:24:10+00:00,1,0,0,7.705,0,7.689590,1
0x1804f2799f7add5f792884481fb901ddbd26db9d,2026-05-01T02:46:10+00:00,2026-05-02T02:43:06+00:00,6,0,0,653.0,653.00,1257.06322,6
0x182648a4645ea8fb66ea8569b3a337b22a3f363a,2026-05-01T17:09:06+00:00,2026-06-10T17:07:10+00:00,2,0,0,10.0,10.0,19.5800,2
0x1828d13966c34e6954c7338e12bcffc3eb0739c3,2026-03-18T22:28:13+00:00,2026-03-18T23:31:55+00:00,6,33.33333,33.33,0,0,5.54079700000027,6
0x182e811514e787f9aaadd42bdb1bffbfdcda497f,2026-05-06T01:51:16+00:00,2026-05-06T02:43:28+00:00,3,0,0,825.514400,825.51,1603.9702060276234836,3
0x1833334f093289d35308021e60364ce42df7dd2b,2026-06-11T21:49:34+00:00,2026-06-11T21:49:34+00:00,1,0,0,1.002,0,0.999996,1
0x183a29e96e313bec3bfd6d9e67549bf14f89ad09,2026-06-14T04:12:25+00:00,2026-06-14T04:12:25+00:00,1,0,0,432.25,0,431.38550,1
0x184e55a00a3dc5bfb57c8e8ad3a3485b9ab29a12,2026-06-17T11:49:29+00:00,2026-06-17T11:49:35+00:00,2,0,0,50.1,50.1,99.9495,2
0x1876f3975612e40cc44680a9d6f5ef371d818eb7,2026-05-15T23:27:46+00:00,2026-06-05T13:20:24+00:00,4,0,0,39.40,39.40,78.16682,4
0x1881ea22b4b9ae8972fa24d9314d9f89f918edd9,2026-05-21T11:49:56+00:00,2026-05-21T11:49:56+00:00,1,833.333332,0,0,0,9.999999984,1
0x188f9f63783c449516f591f8878e9d98ed500825,2026-05-18T09:00:48+00:00,2026-05-18T09:00:48+00:00,1,0,0,5.05561,0,4.999997999807986,1
0x189a62a391e2558f48ecc28e7bb17bcb78c46033,2026-05-13T08:46:33+00:00,2026-06-05T06:47:27+00:00,3,0,0,200.0,100.0,296.6000,3
0x189aee31e98b39349009a851bc1070508cc3094b,2026-03-26T11:37:05+00:00,2026-03-28T23:02:32+00:00,3,0,0,6.109736,6.1,11.3329889999977648,3
0x18b6b05905a0c9b941d071aa802cc19e8c85d7ed,2026-02-16T18:07:03+00:00,2026-02-26T12:55:12+00:00,2,141.0,141.0,0,0,135.61739999790,2
0x18b77cb9d528df196e53cb4fc0376df1dfb4afb5,2026-06-08T05:16:57+00:00,2026-06-08T05:17:00+00:00,2,0,0,11.8792,11.87,23.6185840,2
0x18c32929d8354f77f8e366d200387944e8a9c46c,2026-06-16T01:37:31+00:00,2026-06-16T01:37:31+00:00,1,400.0,0,0,0,2.0000,1
0x18efc2a35c1f16d9a3a9b5390b5a10ae9b0b32c3,2026-05-14T05:22:01+00:00,2026-05-20T16:51:16+00:00,4,0,0,1090.00,1090.0,2152.84000,4
0x18f0faf72b241dc55094ae704987e391c2a23d5e,2026-06-03T17:29:12+00:00,2026-06-03T17:29:36+00:00,2,150.0,150.0,0,0,2.5500,2
0x18f1bbc019bd30683062906d0b1b46697d6c35b0,2026-05-15T02:17:26+00:00,2026-06-05T15:05:30+00:00,3,0,0,200.0,100.0,296.7000,3
0x18f76103e17679437a1506f0d7b7e975ccb68166,2026-05-12T01:48:05+00:00,2026-05-24T12:22:27+00:00,2,0,0,5.107251,5.1,10.0438980001952823,2
0x1905c56414cdc86bc6b6b146e5573d0a7800d06c,2026-06-10T23:26:13+00:00,2026-06-16T02:47:40+00:00,2,9546.711333,0,0,0,34.4199986735029334,2
0x191e35891382d3d6590918ff7a4b732689c1ef6b,2026-06-12T16:47:46+00:00,2026-06-12T16:47:46+00:00,1,0,0,5.01,0,4.99497,1
0x191f60059e145c7cc98eb8f746a4e97ce1de052a,2026-05-12T11:05:52+00:00,2026-05-15T06:56:06+00:00,2,0,0,60.62,60.62,119.23954,2
0x191f6d1f297356d745ce8e05345e18a1a0e44545,2026-06-12T16:47:34+00:00,2026-06-13T08:29:40+00:00,2,0,0,82.34,82.34,164.18596,2
0x192d3b3c83c4224e32b961c30488671cfa9fbf81,2026-02-19T02:33:54+00:00,2026-03-18T23:41:35+00:00,2,3.211537,3.21,0,0,1.9267990000981861,2
0x192deea5284933b4a34f113f2af90ffc040c5d8c,2026-03-08T13:02:17+00:00,2026-03-10T12:13:03+00:00,2,29.411763,29.41,0,0,20.5875989994117891,2
0x1931928e1b74f2a82ee253405d2252a666d048fe,2026-06-11T21:46:28+00:00,2026-06-11T21:46:28+00:00,1,0,0,1.002,0,0.999996,1
0x193c3399c50b41e1aa55ea0598c2e07dd2c0e04e,2026-05-05T15:04:28+00:00,2026-05-05T15:20:12+00:00,2,0,0,182.286301,182.28,353.8115979975705485,2
0x1954fe5412f7023ee7dd4375aa24e22e26cf8046,2026-05-13T05:46:51+00:00,2026-06-04T14:50:33+00:00,3,0,0,200.0,100.0,296.5000,3
0x19580c442085fb520ac9c56edc1a7a97fdf4310b,2026-05-04T21:38:20+00:00,2026-05-19T20:11:18+00:00,23,51850.0,2000.0,0,0,1034.03384988000,23
0x196d07f7c78168965bbc867daa0a3c5692b6b763,2026-06-11T10:23:21+00:00,2026-06-11T10:23:21+00:00,1,9333.333333,0,0,0,27.999999999,1
0x19858a0a93f82f6cc183743c395f1814f0ce8cbd,2026-02-18T23:16:10+00:00,2026-02-18T23:16:32+00:00,2,24.528299,0,0,0,12.9999980003773953,2
0x1987733c8beae675c544752eafe437968efe6487,2026-05-21T12:40:24+00:00,2026-06-16T18:01:10+00:00,662,0,0,6231.133332,6231.129656,12384.2784769992876664,662
0x1987d11b54e0714a107875c233aa2901cacde630,2026-06-10T13:09:13+00:00,2026-06-17T06:58:01+00:00,10,9943.333332,0,0,0,36.9799969960000024,10
0x19926df278f9f309e2e945a097888ad1522d93b0,2026-04-30T12:33:42+00:00,2026-04-30T12:33:42+00:00,1,344.827585,0,0,0,9.9999999994827585,1
0x1995615e11f2f4f0120b2185b37376eadead0de9,2026-05-18T04:01:39+00:00,2026-05-18T04:06:17+00:00,2,0,0,5.0,5.0,9.8700,2
0x19a6e7ecb87d5693cc6c78f498d8b8775c7866a8,2026-04-13T08:32:03+00:00,2026-04-25T11:20:20+00:00,2,32.833332,32.83,0,0,3.545839000666704,2
0x19ab1c7ae5b2f39a4e3be9e8465ee598a833cd60,2026-05-12T01:53:49+00:00,2026-05-12T01:53:58+00:00,2,90.0,90.0,0,0,3.6000,2
0x19b2ff5927bd25cec0aa9afb10c05c0e679094b8,2026-04-29T21:14:24+00:00,2026-04-29T21:14:24+00:00,1,14182.625832,0,0,0,499.9999995882253800,1
0x19b7dbd666ba35bc74e4a37e03b021938fbfdde4,2026-05-15T03:20:05+00:00,2026-06-05T16:28:04+00:00,3,0,0,200.0,100.0,296.685000,3
0x19b90c76b782f1f1e589730e95bf345cb7bf4a9e,2026-05-02T20:47:22+00:00,2026-05-03T04:47:36+00:00,2,0,0,57.71,57.71,110.97633,2
0x19c36fd5c8c1d81e01d48ff1486dbbf74f38af1d,2026-05-14T15:38:24+00:00,2026-05-14T18:49:23+00:00,2,0,0,6.085142,6.08,11.994829999829716,2
0x19c97b13768ec40be381fc4fbbf7698e4fe5fa5e,2026-04-30T08:24:52+00:00,2026-04-30T08:24:52+00:00,1,4454.480769,0,0,0,109.6500001223733084,1
0x19db81061b1a94a2f5a1be08f7cbd3a129037284,2026-05-05T14:50:46+00:00,2026-05-16T07:17:33+00:00,4,0,0,1537.480780,1537.48,3042.4615670043505204,4
0x19df80c33741ff7e175119676ccd286428f6e8c7,2026-02-11T17:46:03+00:00,2026-06-15T17:16:28+00:00,8,200.00,200.0,0,0,100.8000,8
0x19ea6595f69f491188a3529b2f7f9b9bc4062cd4,2026-03-18T21:52:25+00:00,2026-03-21T09:07:53+00:00,3,0,0,15.0,0,13.550,3
0x19ee66c834318dbff21d563f6841425bf892446c,2026-06-17T06:14:37+00:00,2026-06-17T06:14:37+00:00,1,15000.0,0,0,0,30.0000,1
0x19f255dfc0cbcc21fc7510f7e3fdc4821f69a8c1,2026-05-06T06:49:52+00:00,2026-05-06T12:53:26+00:00,2,0,0,68.14,68.14,131.85090,2
0x19f83e2cd86e19468acb5a3621971d2ba662fa4d,2026-05-09T17:38:48+00:00,2026-05-09T17:38:48+00:00,1,5882.352941,0,0,0,99.999999997,1
0x19fe88da83a58ac50bb76f30804c7934011933de,2026-06-04T10:04:30+00:00,2026-06-05T10:34:13+00:00,2,100.0,30.0,0,0,1.0400,2
0x19ffbdd5841dcd74cc3dd43912914679cc15c8f6,2026-05-13T02:45:45+00:00,2026-05-30T02:45:23+00:00,2,90313.924116,90313.92,0,0,1999.9642696761791412,2
0x1a00e07f49ebf92559315234ac481d854ec75134,2026-05-01T02:01:36+00:00,2026-06-11T08:52:37+00:00,5,13235.833331,10485.83,0,0,209.6208079168888903,5
0x1a07c36a7dd0f4f6f8ece550dd1d4f9612552dcd,2026-06-11T18:42:13+00:00,2026-06-11T18:42:13+00:00,1,0,0,1.002,0,0.999996,1
0x1a0bb1100a547cb15c7700e6661005b94a351a20,2025-12-11T21:18:41+00:00,2025-12-11T21:18:41+00:00,1,132.533622,0,0,0,99.9999960015046068,1
0x1a0e59c900db40c92df6b482e295783ab575a1fd,2026-05-06T08:28:00+00:00,2026-05-06T21:03:33+00:00,2,0,0,53.96,53.96,104.46656,2
0x1a0e5b22a1cc4b90ba3d96f6c1c7b7cef6c5b3f9,2026-06-07T06:43:22+00:00,2026-06-07T06:43:51+00:00,2,0,0,6.12425,5.03,11.10460300,2
0x1a1d6de2c386d5cc7b5547d0f66ddfbe6501014a,2026-05-13T18:18:08+00:00,2026-05-13T18:22:20+00:00,29,60399.98,0,0,0,821.51042992000,29
0x1a31813b0ffa50ebf92136374bc7c7174aa65b0a,2026-06-17T15:09:14+00:00,2026-06-17T17:28:58+00:00,2,666.666664,0,0,0,1.999999992,2
0x1a361259c79f12aa35897bc15f5855edc96dcc51,2026-05-20T12:53:56+00:00,2026-05-20T12:53:56+00:00,1,416.666666,0,0,0,4.999999992,1
0x1a3c4abca3ed116914db1fb6d3c9cf9012b45cc3,2026-06-17T17:48:11+00:00,2026-06-17T17:48:11+00:00,1,1666.666666,0,0,0,4.9999989980000004,1
0x1a4a1add87fbfdfca274621c68242e7025d722cb,2026-05-17T18:48:56+00:00,2026-05-18T05:46:14+00:00,2,0,0,111.49,111.49,220.75020,2
0x1a4b7239a46e4b2c30973ee6502f4d57e03df701,2026-05-01T03:26:18+00:00,2026-05-01T07:27:58+00:00,2,0,0,28.16,28.16,54.51776,2
0x1a5188bdc82d99438be50b75315115f56f27eb08,2026-06-13T09:04:10+00:00,2026-06-13T09:04:10+00:00,1,0,0,2.004,0,1.999992,1
0x1a59b221d9c8bf5a8e0e4c3e12f4f12210cbf81e,2026-02-28T14:23:09+00:00,2026-03-05T14:05:17+00:00,2,1.923075,1.92,0,0,1.49919900,2
0x1a5de229d907a6123426726c670692440241a898,2026-06-17T09:54:47+00:00,2026-06-17T09:54:47+00:00,1,333.333333,0,0,0,0.999998999000001,1
0x1a68cd3aa3e02a82979566fcb029cac9d4464089,2026-05-17T23:35:23+00:00,2026-05-18T10:21:13+00:00,2,0,0,281.31,281.31,556.43118,2
0x1a862fac236dec6735d7a58ff8931dd60ccda432,2026-04-30T21:26:00+00:00,2026-04-30T21:26:00+00:00,1,30.0,0,0,0,1.0500,1
0x1a8f895713ff2a71acbd82d8a7205e1b2fa3ae7c,2026-06-08T04:18:21+00:00,2026-06-08T04:18:28+00:00,2,0,0,12.243459,12.24,24.3243179999064741,2
0x1a94a406136161424bdfc811b9f3ec915165cacc,2026-05-08T18:43:55+00:00,2026-05-08T18:43:55+00:00,1,58.823529,0,0,0,0.9999989988823599,1
0x1a9667f4eb8f9c84932c69e20edfc144015dc518,2026-05-31T11:11:39+00:00,2026-06-06T13:39:45+00:00,2,0,0,85.0,85.0,168.7250,2
0x1a967b272e98b708fb26a947a50c23785ac29797,2026-05-19T08:00:55+00:00,2026-06-13T17:03:16+00:00,164,0,0,179.808699,179.80,356.4722120000565117,164
0x1a9e59d95c76299f0f2c8ae6bdba25ecc9cc8fbb,2026-05-12T11:21:30+00:00,2026-05-12T15:25:25+00:00,2,0,0,60.18,60.18,118.19352,2
0x1aabed122af1c2b714936f6b2986b3aa84f0266d,2026-05-11T00:31:02+00:00,2026-05-11T00:31:11+00:00,2,50.0,50.0,0,0,1.9500,2
0x1ac3727e569bb657078aad67c56d5a39220543db,2026-05-06T08:32:32+00:00,2026-05-07T15:57:26+00:00,2,0,0,22.9,22.9,44.4718,2
0x1ac673fb3ea6424428a170912892b9beda379a1b,2026-06-11T11:43:01+00:00,2026-06-11T11:43:01+00:00,1,0,0,1.002,0,0.999996,1
0x1aca97d43af918fd22a38d0e9edea0db5c64bdc0,2026-05-03T01:38:38+00:00,2026-05-03T05:41:26+00:00,2,0,0,67.18,67.18,129.32150,2
0x1ad2477b310cc709daa5ff9104c91b820037ffb8,2026-06-07T08:23:40+00:00,2026-06-17T18:00:41+00:00,2,0,0,612.0,612.0,1220.9400,2
0x1ad45761dd6bb4ec504d32552f5e4a7775446a88,2026-06-14T15:39:21+00:00,2026-06-14T15:39:21+00:00,1,333.333333,0,0,0,0.999998999000001,1
0x1adcd9de9ed5ef5f7adb280e5715a2987aaefc23,2026-06-17T09:39:32+00:00,2026-06-17T09:39:32+00:00,1,0,0,155.3105,0,154.9998790,1
0x1ae7f82eb46e032a837578ebaed99641beb64896,2026-05-04T08:42:18+00:00,2026-05-05T07:08:02+00:00,4,0,0,103.39,103.39,201.30265,4
0x1aecf423b9f4b388b2270fd093441f25e89ed9b8,2026-06-14T15:24:06+00:00,2026-06-14T15:24:06+00:00,1,333.333333,0,0,0,0.999998999000001,1
0x1b0e979539ce6772baba309b69dbe3fdc36af132,2026-05-23T16:12:32+00:00,2026-05-23T16:21:25+00:00,2,0,0,130.0,130.0,257.7900,2
0x1b140e2978c5c8289e968087a94077674c15802a,2026-03-06T13:53:55+00:00,2026-03-06T13:53:55+00:00,1,2.702701,0,0,0,0.9999990000002331,1
0x1b1a53f7c37765d722a048b60841975690143852,2026-06-05T07:48:07+00:00,2026-06-05T07:48:07+00:00,1,20000.0,0,0,0,180.0000,1
0x1b2c3a397fa667a06cb5d3b7df788107fc674bad,2026-02-25T18:37:04+00:00,2026-02-25T18:48:26+00:00,4,5.0,5.0,5.07,0,7.2892,4
0x1b41345b41d5656ed7757d8b40bcda132c852a52,2026-02-26T18:14:56+00:00,2026-04-22T09:39:30+00:00,7,0,0,38.653507,38.65,58.2805429988682017,7
0x1b446bebd565b39ac47badc678ed01786842b275,2026-06-16T19:31:14+00:00,2026-06-16T19:31:14+00:00,1,333.333333,0,0,0,0.999998999000001,1
0x1b457d52dbe1b1053d5eaa4a8f1acb7c408fbc22,2026-03-04T16:08:57+00:00,2026-03-23T18:48:37+00:00,20,4550.72,4550.716665,0,0,1678.1322989921333360,20
0x1b4a6dcd4c0398ed00d22910ed31eeeb1f5ceb24,2026-05-10T16:58:31+00:00,2026-06-17T18:00:41+00:00,81,0,0,830.76,830.756932,1644.4686359996272633,72
0x1b55f0bd72130396d38911b2bd010cf3f826dcf0,2026-06-08T11:24:21+00:00,2026-06-08T11:24:25+00:00,2,0,0,12.8442,12.84,25.5429390,2
0x1b6de094aa5371b056a911aa8c7c66fc612e2f1a,2026-05-25T14:28:49+00:00,2026-05-25T14:28:49+00:00,1,5384.615384,0,0,0,69.9999989150769232,1
0x1b6e820dbf588842efff6b00bceac556c37c8b4b,2026-06-07T17:13:01+00:00,2026-06-07T17:13:01+00:00,1,0,0,1.035,0,1.029825,1
0x1b79ae89ae2f3594833b865384fa6bbdc8a1fb3d,2026-05-02T01:28:02+00:00,2026-05-12T11:29:48+00:00,5,0,0,48.510486,48.51,94.0853970003342376,5
0x1b7e4c05fa1f047e9b14110bfdafbb99bdc4781c,2026-06-10T10:09:58+00:00,2026-06-10T10:09:58+00:00,1,0,0,1.053,0,1.049841,1
0x1b87c9586000fad9f73471fd3e0103bf27b49bc0,2026-06-16T23:55:28+00:00,2026-06-16T23:55:28+00:00,1,0,0,4.639,0,4.629722,1
0x1b886b383517c6afe0ac6ee0a788871f7edb9e35,2026-05-05T12:55:20+00:00,2026-05-05T23:42:54+00:00,2,0,0,93.33,93.33,181.62018,2
0x1b88cb3afa38bc7fdc133ae256428e890a44c46b,2026-06-07T16:36:07+00:00,2026-06-07T16:36:07+00:00,1,0,0,1.035,0,1.029825,1
0x1b8a16bdd435024d038ebd26daaf9e6fe4d51dae,2026-06-17T05:59:37+00:00,2026-06-17T05:59:37+00:00,1,0,0,184.484,0,184.299516,1
0x1b8a3b7fe9a56e5b3d88bd6578af327c1e06806f,2026-04-15T14:59:48+00:00,2026-04-15T14:59:48+00:00,1,16.666665,0,0,0,0.999999000000090,1
0x1b9c659910d7731ed881f8e5fbf50fb56e85edee,2026-06-13T08:33:01+00:00,2026-06-13T08:33:01+00:00,1,1666.666666,0,0,0,4.9999989980000004,1
0x1bb0aab975b52960b6e14d5be1e69ecdc047c5c7,2026-04-23T14:08:44+00:00,2026-04-26T10:55:04+00:00,2,23.255812,23.25,0,0,2.0462489997210072,2
0x1bb62d50ead87a5985ad45eae58122631dcc03f0,2026-05-17T06:45:29+00:00,2026-05-17T21:09:50+00:00,2,0,0,55.79,55.79,110.63157,2
0x1bbf49f059edad4ebc8b11bc5957b7dc3028c27a,2026-05-13T05:25:46+00:00,2026-06-04T14:30:45+00:00,3,0,0,199.9,99.9,296.4027,3
0x1bc007867517cfd6aeab57d073521bbc018ea610,2026-05-07T12:21:51+00:00,2026-06-16T13:00:03+00:00,2,96.774192,96.77,0,0,3.3870790036129184,2
0x1bd05f95050f58a35fd0c69573109a6adab9046f,2026-04-17T14:32:58+00:00,2026-05-17T04:46:17+00:00,9,650.00,0,0,0,7.10000,9
0x1bd26466c901aa2535abe52a1ce03fc048bf3117,2026-05-17T23:35:23+00:00,2026-05-18T12:45:37+00:00,2,0,0,115.85,115.85,229.3830,2
0x1bd5a1a9c5ed9721cf76e8e16a04d130df87f114,2026-06-07T16:52:09+00:00,2026-06-07T16:52:09+00:00,1,6061.666665,0,0,0,36.369999990,1
0x1bdb1cfca9bafa72e7815fe57405d1ac64789974,2026-05-10T02:42:58+00:00,2026-05-10T02:42:58+00:00,1,2748.99,0,0,0,47.049999944331,1
0x1beb73616f1f939403e2c0957db4bdd932cca29d,2026-06-12T09:12:31+00:00,2026-06-12T09:12:31+00:00,1,0,0,1.002,0,0.999996,1
0x1bee6504d197a3f160e64b791a153510355212c6,2026-05-13T19:25:34+00:00,2026-05-14T04:48:36+00:00,2,416.666666,416.66,0,0,9.9999189920000016,2
0x1bf7a34b562c2766d501c686d96a9569df3b217b,2026-05-27T08:24:53+00:00,2026-05-27T08:24:53+00:00,1,0,0,1.116733,0,1.0999819999747015,1
0x1c02971b808b976960c3a5aa5966e67a2acb6930,2026-02-13T20:32:41+00:00,2026-02-15T18:16:09+00:00,2,1.923075,1.92,0,0,1.92159900,2
0x1c0f1faca3cda999a750c701281e3bedcdde2298,2026-05-09T09:36:02+00:00,2026-05-09T09:36:28+00:00,2,125.0,125.0,0,0,3.8750,2
0x1c1365977ddebd2e1195d70f3f1cb6420e86b588,2026-05-02T20:48:50+00:00,2026-05-03T04:49:18+00:00,2,0,0,54.25,54.25,104.32275,2
0x1c15b896134708bd4c4a52a878a811a9ab8cc2bf,2026-05-08T16:10:44+00:00,2026-06-17T16:12:13+00:00,53,11797.766924,4462.24,0,0,104.9180449381851854,53
0x1c1675a7c3662131acfd00aaabcbc97a6a4f45e9,2026-05-02T17:23:08+00:00,2026-05-02T17:23:08+00:00,1,0,100.0,0,0,3.8000,1
0x1c169cf8899e9f15fb6459e29a5fccc529865a1a,2026-05-03T15:11:08+00:00,2026-05-16T15:17:22+00:00,5,0,0,529.0,528.991085,1035.7731380010664230,5
0x1c16acbb29b9a4ba58b94b7c1e7c63d18c489872,2026-06-17T15:45:47+00:00,2026-06-17T15:45:56+00:00,6,0,0,3.306,3.3,6.589488,6
0x1c1e37154646dc998266c96a76e3ea66ce301e4b,2026-05-24T07:33:28+00:00,2026-05-24T07:34:22+00:00,2,1090.909090,0,0,0,11.9999980263636392,2
0x1c233698c5a729d4b06f8cdc19cfcd7e46752136,2026-06-11T09:16:58+00:00,2026-06-11T09:16:58+00:00,1,0,0,1.002,0,0.999996,1
0x1c266db0f8529b1f25b77123e9c0c918ac2f6e31,2026-01-30T14:20:34+00:00,2026-03-18T18:37:03+00:00,30,0,0,761.935416,761.93,1031.7599199983798393,30
0x1c27287c75508510150d24945e68d3f356887550,2026-06-05T13:20:24+00:00,2026-06-09T15:43:00+00:00,26,19500.00,19499.995712,0,0,224.9999469297811534,26
0x1c27d9a9da7ba8621d61a1428d716692d6c4cf3c,2026-05-21T13:49:21+00:00,2026-05-21T13:49:21+00:00,1,111.111111,0,0,0,0.999998999000001,1
0x1c3335090be7bb888e283f4b3dd14de072b27659,2026-05-24T13:29:48+00:00,2026-05-24T13:29:48+00:00,1,90.909089,0,0,0,0.9999989971818388,1
0x1c335c7361bb791e180c3e17ad1308b1eebfab72,2026-03-27T12:15:57+00:00,2026-04-11T06:50:43+00:00,13,490.952366,284.75,0,0,58.9324889949211851,13
0x1c399f5787adb4cd26d81c422846f19136e7ffd1,2026-05-12T11:29:48+00:00,2026-05-12T11:29:48+00:00,1,20.0,0,0,0,0.3800,1
0x1c3f804358f94713b192ed651467cf1cb69d05ae,2026-06-11T16:56:21+00:00,2026-06-11T19:57:03+00:00,2,0,0,100.2,100.2,199.8990,2
0x1c459cb945dbd98f89a8358e87ac37dcdd1b110d,2026-05-19T10:58:10+00:00,2026-05-19T10:58:10+00:00,1,111.11111,0,0,0,1.000000001111111,1
0x1c560b61a14bb030f2eceeda8f1da9074c3f0b1d,2026-05-18T03:03:31+00:00,2026-05-24T21:07:20+00:00,5,0,0,20.020166,5.02,24.7696839999838672,5
0x1c6c5f81f4e88870db1c8b060912e8b2b7ad78d1,2026-06-13T22:43:42+00:00,2026-06-14T10:58:46+00:00,2,0,0,99.89,99.89,199.18066,2
0x1c76ba18d6b1a99042a47c57e309bc36da8671f2,2026-06-05T14:16:52+00:00,2026-06-05T14:16:52+00:00,1,166.666665,0,0,0,1.0000000066666665,1
0x1c87b296eec675c409a664386d72e963473652ca,2026-05-11T01:34:47+00:00,2026-05-11T01:34:47+00:00,1,95.238094,0,0,0,2.0000000025714282,1
0x1c8e95d4bc7c32dbcf8603c3e3612ee12b860ad7,2026-05-01T21:09:20+00:00,2026-05-01T21:09:20+00:00,1,48.780486,0,0,0,1.999998999170766,1
0x1c949ad83b8669c49a77fdab0bb339b82d995931,2026-06-07T06:25:30+00:00,2026-06-14T13:29:30+00:00,2,0,0,259.0,259.0,516.1870,2
0x1ca4fd853a8eea337a93ed969338b55a655bf2d4,2026-03-30T21:32:19+00:00,2026-03-31T06:23:03+00:00,68,8490.11194,8490.11,0,0,933.9121970,68
0x1cb8f300d5971ede0e141f7d5bf5b10c786334b7,2026-06-11T20:30:40+00:00,2026-06-11T20:43:24+00:00,132,0,0,15530.4340,15530.43,30983.2118420,132
0x1cba88f928f41ffc8af6180f582a799ab311db41,2026-06-10T01:27:16+00:00,2026-06-10T19:53:36+00:00,2,5566.666666,0,0,0,18.9099989910000002,2
0x1cbd4148630bd021635becfed9413c3e4f657f8a,2026-06-02T16:30:49+00:00,2026-06-02T16:30:49+00:00,1,500.0,0,0,0,5.000,1
0x1cc678ece707cb151193b77ed60acee584ecc0f1,2026-05-07T04:40:51+00:00,2026-05-07T04:40:51+00:00,1,0,0,25.0,0,24.1500,1
0x1cccfadea1f38b222503442ebcb085681dfeae75,2026-05-14T06:52:10+00:00,2026-06-05T11:55:25+00:00,3,0,0,200.0,100.0,296.6000,3
0x1ccfad45c4c2fff4c29d8f6da23f66413a0235eb,2026-03-29T23:44:44+00:00,2026-03-31T03:00:09+00:00,2,14.285713,14.28,0,0,1.7139990000000819,2
0x1cd88c423accc0286c5e3dd09558da347ec72011,2026-06-16T15:56:56+00:00,2026-06-16T15:56:56+00:00,1,333.333333,0,0,0,0.999998999000001,1
0x1cdd071bb612de6d66d0c882b676c663697de595,2026-03-01T08:39:51+00:00,2026-05-22T12:27:36+00:00,89,1027.164771,44.0,983.317726,0,1015.1840569985588039,87
0x1cf64ef1eef7918fb1b9c9aa65d86048706e9b92,2026-04-30T11:38:40+00:00,2026-05-08T10:22:37+00:00,4,0,0,27.49,27.49,53.34203,4
0x1cfa1a12ce540750bffaaa992f8503568c8c6483,2026-06-10T12:11:07+00:00,2026-06-10T12:57:33+00:00,2,0,0,5300.0,5300.0,10562.9000,2
0x1d01efe78410a500369750e2402bc50710165f66,2026-05-03T02:44:28+00:00,2026-06-13T10:05:43+00:00,2,51.28205,0,10.02,0,11.999959001282075,2
0x1d0da8e86a0f1c3cde6436109cfda5e5d017139c,2026-05-02T06:59:12+00:00,2026-05-07T06:41:45+00:00,4,0,0,121.70,121.70,234.64946,4
0x1d39bdcd345a346a4db9de5fc71db587a9fe193e,2026-05-15T07:49:04+00:00,2026-06-05T17:16:28+00:00,3,0,0,200.0,100.0,296.7000,3
0x1d43d50beab79f495a9ce7b8903c8ba111dd6c53,2026-04-30T19:52:46+00:00,2026-04-30T19:52:46+00:00,1,235.294116,0,0,0,7.999999002823536,1
0x1d4aa5ff7a11195f3b7751730fdb6a90e66237a5,2026-06-12T07:12:51+00:00,2026-06-12T07:12:51+00:00,1,0,0,1.002,0,0.999996,1
0x1d55aeab2ac1da8ce5887d8709a8328b2051f488,2026-06-17T16:59:40+00:00,2026-06-17T16:59:40+00:00,1,0,0,1265.0,0,1261.2050,1
0x1d5f88f1b97317cccad804374e5bd847512e634d,2026-02-11T15:36:07+00:00,2026-03-11T16:14:29+00:00,7,415.00,415.0,0,0,393.4500,7
0x1d603dad31fac599c1de6b6002d066993460453d,2026-04-16T17:59:58+00:00,2026-05-20T11:18:50+00:00,3,1918.181818,0,0,0,24.9999979980000002,3
0x1d635e2ebe0f0021a52976ca2cef2c0df705759a,2026-06-07T22:21:27+00:00,2026-06-08T12:14:48+00:00,2,42000.0,42000.0,0,0,462.0000,2
0x1d6714d24b6270e1d3aba27bd3bf7fcc1e966a24,2026-05-03T15:57:38+00:00,2026-05-03T15:57:38+00:00,1,81.08108,0,0,0,3.000000000540540,1
0x1d6e4a16b0d78712758705c639202c3a2d89e04b,2026-06-13T19:26:19+00:00,2026-06-13T19:26:19+00:00,1,0,0,1.002,0,0.999996,1
0x1d6ecbfb1bf2ae9543c3e55d56d52c94e3305859,2026-06-14T08:00:16+00:00,2026-06-14T10:38:54+00:00,2,0,0,4.008,4.0,7.987984,2
0x1d8539811d072c49dd609388b49839e4d437c158,2026-06-12T03:49:43+00:00,2026-06-12T03:49:43+00:00,1,0,0,439.108,0,438.229784,1
0x1d8688e9663e4ab7bfa90dfafb0acb480b07d1ce,2026-05-06T08:28:00+00:00,2026-05-06T18:53:56+00:00,2,0,0,95.77,95.77,185.31495,2
0x1d8c256b15d3cd1f5db221e70c77f552eb8d757a,2026-01-29T19:55:42+00:00,2026-04-27T12:21:50+00:00,64,0,0,4321.498296,29.24,3116.241137000769648,63
0x1d940c365823352548ce86dad57ac3a30b1c8333,2026-05-08T08:06:54+00:00,2026-05-08T13:11:26+00:00,2,0,0,61.74,61.74,120.45474,2
0x1d9f719da81cc9ddcc68109522aac482260ac9c6,2026-03-18T21:14:53+00:00,2026-04-26T23:40:16+00:00,6,113.555553,56.1,0,0,12.3649980006001316,6
0x1dc135eeee973646541d6e5cb9b6d9b940bc5c4e,2026-05-14T15:14:01+00:00,2026-05-14T15:14:01+00:00,1,0,0,10.0,0,9.8600,1
0x1dcf7849ead1c15304e4dcd85d2726711fa2e723,2026-05-06T08:28:00+00:00,2026-05-06T22:12:44+00:00,2,0,0,50.77,50.77,98.39226,2
0x1ddd2559c7291478f088dd5e2f8a4a63cb01f13b,2026-05-10T17:19:18+00:00,2026-05-13T13:00:44+00:00,2,50.0,50.0,0,0,1.6500,2
0x1dfc5d168606dbd6c01627978e63cd1dfcc7fb8e,2026-02-26T16:32:02+00:00,2026-02-26T16:32:02+00:00,1,5.0,0,0,0,2.150,1
0x1e0424e04f60bfbe29ac79fe55d94181053f2f4e,2026-04-04T18:00:19+00:00,2026-04-22T12:19:44+00:00,2,20.0,20.0,0,0,1.9000,2
0x1e149c4d66e424e80d50e5739189fce5f15967f5,2026-04-05T10:39:03+00:00,2026-05-13T10:50:09+00:00,5,0,0,353.39,353.39,676.95653,5
0x1e1995428abd1e6fa1ba568266f69114866a15ef,2026-04-15T07:23:22+00:00,2026-04-15T07:23:22+00:00,1,33.333332,0,0,0,1.9999990000000368,1
0x1e1b8150b6409fef7772ae48b834254bd3288f43,2026-06-09T03:58:45+00:00,2026-06-09T03:58:52+00:00,2,0,0,10.10025,10.1,20.10934900,2
0x1e1d37049b063efc043bd663cea9e87902a84a9d,2026-06-17T12:33:37+00:00,2026-06-17T17:29:16+00:00,4,10079.999995,0,0,0,30.239999985,4
0x1e1dbb4391b9d7e802ce75c506e6f7f9838887e6,2026-06-07T18:46:48+00:00,2026-06-07T18:46:52+00:00,2,0,0,11.6682,11.66,23.1998990,2
0x1e1fffab168fcc619b7ca7bd006bdb01b2f12c7c,2026-05-05T12:55:20+00:00,2026-05-06T01:49:44+00:00,2,0,0,281.94,281.94,548.65524,2
0x1e29756e7b63827cafb9cd39caa55eee77e5740f,2026-06-17T14:21:43+00:00,2026-06-17T14:21:43+00:00,1,50000.0,0,0,0,150.0000,1
0x1e38e41180a6a17127d58d0166bdc41bd0a4afcb,2026-05-15T12:32:23+00:00,2026-05-15T12:32:23+00:00,1,774.545453,0,0,0,8.519999983,1
0x1e5d679c30db45a87e2ae5837f0eb9df32da5786,2026-06-07T13:07:49+00:00,2026-06-07T13:07:52+00:00,2,0,0,12.530119,12.53,24.9473480002410258,2
0x1e6356be8bf81f6e8478974b5d9bb397d31d7267,2026-05-17T14:59:32+00:00,2026-06-17T12:29:26+00:00,68,0,0,149.626415,149.60,297.7964709997196078,68
0x1e66abb6c966fa1ffbedec7af06190cbcf9441e7,2026-05-13T19:08:09+00:00,2026-06-08T19:29:39+00:00,16,1524.67,1524.67,0,0,31.33678,15
0x1e690d80aa96cc17d8732775d87eb817149534df,2026-03-29T00:34:10+00:00,2026-04-24T11:30:06+00:00,6,1076.754143,0,0,0,58.2999939907957328,6
0x1e69b81f0c69d3ecf8b721c58a3625d67599e777,2026-02-26T02:21:56+00:00,2026-02-26T02:21:56+00:00,1,0,0,5.0,0,2.800,1
0x1e713e48b4d6cbd4484321ff09c5b756bf805967,2026-06-14T04:07:15+00:00,2026-06-15T02:48:48+00:00,2,0,0,11.022,11.02,21.986896,2
0x1e82e3eb816aaf755ac9b44bc9d98f01b08aaf92,2026-02-26T07:12:12+00:00,2026-05-16T05:52:56+00:00,88,0,631.01,3477.01,0,3061.56511,86
0x1e9851cf9c439811937fc19c0a144c8a9fd06345,2026-03-18T21:52:29+00:00,2026-06-15T23:29:07+00:00,485,17441.107499,17441.104827,0,0,893.1696099951857351,479
0x1e9e6a2cbf362a7c446c966a999fbf4514d70bbf,2026-06-15T03:40:34+00:00,2026-06-15T03:40:34+00:00,1,1000.0,0,0,0,3.0000,1
0x1eb0a0748165967a52a6e40103e2cee0008941c7,2026-05-12T10:55:39+00:00,2026-05-12T10:55:39+00:00,1,43.478259,0,0,0,0.999999000478302,1
0x1ec17ddf604e722550280d8740fac58c5d93c588,2026-05-30T11:12:55+00:00,2026-05-30T11:30:54+00:00,2,0,0,121.0,121.0,240.1850,2
0x1ec322feacbe0406e09b1ecc919798ae80ef0888,2026-04-09T10:50:27+00:00,2026-04-09T10:50:27+00:00,1,555.555554,0,0,0,49.9999990266666690,1
0x1ec82fe9eed412a15edefd0054f149a87b3d6938,2026-05-02T21:42:16+00:00,2026-05-07T22:08:57+00:00,7,0,0,170.80,170.80,330.45676,7
0x1ed1cd062f8fb61fc4a699dfa63cde05555abf55,2026-05-11T07:29:50+00:00,2026-05-12T08:10:20+00:00,2,0,0,17.3469,17.34,33.958482,2
0x1edfb719e2502197c4f5a8515bc6154a0d016be6,2026-06-05T18:50:57+00:00,2026-06-05T18:50:57+00:00,1,1428.571428,0,0,0,9.9999989960000004,1
0x1ee8082e9a57f0406d2328ab31cea138687e15bc,2026-05-03T14:53:44+00:00,2026-05-03T21:53:54+00:00,2,0,0,48.87,48.87,94.17249,2
0x1eee1dd0e163bec3b4c6897142509abf5b2893d9,2026-05-16T22:15:09+00:00,2026-05-17T15:47:38+00:00,2,714.285714,714.28,0,0,9.2856789980000004,2
0x1f000dbb3b3c91fe5261d300d6d962ae4701e20f,2026-05-01T08:34:28+00:00,2026-05-07T06:49:02+00:00,6,0,0,166.65,166.65,321.73143,6
0x1f0771db621c324fa9eafe754938cc0e2fc14d5a,2026-05-15T17:29:48+00:00,2026-05-15T17:29:48+00:00,1,100.0,0,0,0,1.000,1
0x1f129727dafe0a90ec93480415f1e375a4bb672f,2026-04-24T21:15:02+00:00,2026-04-24T21:30:24+00:00,2,22.727271,22.72,0,0,1.9769589990000703,2
0x1f22f588b1efe30542cfd001e44627318909e531,2026-03-12T15:30:07+00:00,2026-03-19T01:22:29+00:00,2,9.090908,9.09,0,0,3.6362990000000768,2
0x1f251ad2aad0eed4b2fbaebf763bc7449f6daa45,2026-06-16T12:20:01+00:00,2026-06-16T12:20:01+00:00,1,221.0,0,0,0,1.1050,1
0x1f34e3989926c419bf22e8172fc286492110b6cb,2026-05-01T13:25:08+00:00,2026-05-01T23:45:54+00:00,2,0,0,10.0,10.0,19.3100,2
0x1f4e6974176183c01ee4f9356f9caf20c27d34ff,2026-03-18T21:14:07+00:00,2026-03-31T06:23:03+00:00,2,5.0,5.0,0,0,1.300,2
0x1f571f63d50c8f3d7b72f523851990f761d579eb,2026-04-12T05:52:09+00:00,2026-04-15T08:41:02+00:00,8,0,7.5,83.87,7.5,85.9868,8
0x1f5743455adfd2a544c1bd953725404fe93c54fe,2026-05-04T18:07:40+00:00,2026-05-04T18:07:40+00:00,1,125.0,0,0,0,3.0000,1
0x1f683bf950a36ba43f8164d43d1f603d2867756c,2026-03-09T05:17:29+00:00,2026-03-19T03:08:59+00:00,2,20.0,20.0,0,0,7.600,2
0x1f85e6e3e41e5f1fe03f6cf22a52ae4e352ea51b,2026-02-01T06:53:16+00:00,2026-02-01T06:53:16+00:00,1,60.0,0,0,0,33.600,1
0x1f85eb9c455c5bdef5d96c2739076678c7157b02,2026-05-28T01:04:15+00:00,2026-05-28T01:04:15+00:00,1,0,0,87.0,0,85.6080,1
0x1f8d1f9aac083c54d9b94b6ac208d710057a6790,2026-03-19T02:33:45+00:00,2026-03-20T07:21:33+00:00,12,0,0,1210.00,1210.00,2172.2276,12
0x1f8eb04fcc9bdf2b0b7645dba660b5db2faeeb3b,2026-06-17T07:53:38+00:00,2026-06-17T07:53:38+00:00,1,2976.666666,0,0,0,8.9299991050000002,1
0x1fa0a90956ba1035aed765389618103817800465,2026-05-02T07:36:48+00:00,2026-05-30T02:45:23+00:00,3,0,0,330.0,330.0,645.3500,3
0x1fa3d50c03c67c337825c5259aebe12d1f23f36d,2026-06-16T02:01:58+00:00,2026-06-17T11:05:07+00:00,2,583.333333,0,0,0,1.999998999000001,2
0x1fa4dd8c03e07040d5fe3ce5bed648733f6e72f8,2026-06-16T02:33:49+00:00,2026-06-17T11:55:29+00:00,2,220.0,220.0,0,0,1.5400,2
0x1fab4329888452e1ac1580ab338ba587e374b549,2026-04-23T00:34:04+00:00,2026-06-07T02:34:09+00:00,2,0,0,5.21919,5.21,10.183934000167078,2
0x1fb6cc0e3dd451af00ffe6303db9d599a36f5ec0,2026-05-13T16:23:27+00:00,2026-05-13T16:23:27+00:00,1,1446.923075,0,0,0,18.8099989621538475,1
0x1fb7daa25d0ece7e0b737b38f727bf29ad16c1a7,2026-06-13T20:47:49+00:00,2026-06-14T15:22:31+00:00,2,0,0,11.022,11.02,21.986896,2
0x1fb8a87c711d2026ed0f5358211838dc0a0186b8,2026-05-07T05:58:56+00:00,2026-05-07T05:58:56+00:00,1,0,0,3.102363,0,2.9999849999039316,1
0x1fb93211e7fb9cf8c15415004b69a6d686670292,2026-05-30T15:09:29+00:00,2026-06-11T15:04:48+00:00,3,0,0,705.0,705.00,1402.42125,3
0x1fbbb7f8e75ba775ce499043a7311aee1c83faec,2026-06-17T02:51:18+00:00,2026-06-17T02:51:18+00:00,1,333.333333,0,0,0,0.999998999000001,1
0x1fd06adbea5290548df0637cf82cce686b78c6a7,2026-03-21T04:17:39+00:00,2026-06-16T05:40:36+00:00,5,0,0,326.86,206.0,518.7810,5
0x1fd09c4d5b5b7803bd3d4ecfaa02f85d31807bd8,2026-06-03T10:26:43+00:00,2026-06-07T23:07:21+00:00,3,236.111111,236.11,0,0,3.416658999000001,3
0x1fd6a333b70cf89ef787a7c59d36d9603d20e004,2026-05-01T01:33:58+00:00,2026-05-01T03:58:58+00:00,2,0,0,155.0,155.0,299.1500,2
0x1fdf2fb1f1239a5adce70c7907d25ea612856232,2026-02-15T17:31:45+00:00,2026-04-08T07:04:21+00:00,6,3.2549,3.25,2.93046,2.93,8.6946800,6
0x1fe3109107661b5259cdbc7e3f42e83bdc9d305d,2026-05-21T04:02:48+00:00,2026-05-21T04:02:48+00:00,1,140.0,0,0,0,1.5400,1
0x1fe530fc99f051052b554cf4025b722c6f7030e0,2026-05-24T14:39:32+00:00,2026-05-24T14:41:33+00:00,2,2002.778255,0,0,0,23.7699990385956316,2
0x1fe8e04f559b4367abd11607fe83ebb4b42718ac,2026-06-08T13:35:01+00:00,2026-06-08T20:54:43+00:00,2,0,0,13.052,13.05,25.984542,2
0x1ffba2433b9ef052ecfd416e1c462e74ad5aae48,2026-05-16T15:17:22+00:00,2026-05-16T15:46:13+00:00,2,0,0,1665.995974,1665.99,3308.6620779894004026,2
0x20029d6a8487f0af6242de522dd27571be9f2066,2026-05-02T17:47:12+00:00,2026-05-07T10:23:30+00:00,4,0,0,127.65,127.65,246.28000,4
0x202090032fa76fe48fc52f3033c493f1e2d74a10,2026-06-12T05:38:36+00:00,2026-06-12T05:38:36+00:00,1,0,0,348.8575,0,348.1597850,1
0x20394fcc62d27afda6544447ad2cdb6fc87cf9c5,2026-06-05T13:57:07+00:00,2026-06-07T15:04:13+00:00,135,29999.94525,29999.938567,0,0,341.9205319582497299,135
0x203eccb2272fe2941bc6024b9c16379ccdf54d7a,2026-06-11T07:26:22+00:00,2026-06-11T07:26:22+00:00,1,0,0,1.002,0,0.999996,1
0x2041156607302f2dfe416649a2d344902529d8bc,2026-06-07T18:48:21+00:00,2026-06-07T18:48:21+00:00,1,0,0,1.035,0,1.029825,1
0x20455187d22b447f365695025e875a48c4643986,2026-06-13T19:35:22+00:00,2026-06-13T19:35:22+00:00,1,0,0,1.002,0,0.999996,1
0x204c073e84e4b664fb445180ef28b52c5fc9f89d,2026-06-14T17:11:28+00:00,2026-06-14T17:11:28+00:00,1,0,0,57.074,0,56.959852,1
0x2051f657cf09a3dfa926f15a696f4f54fb98df41,2026-06-16T10:23:12+00:00,2026-06-17T00:23:31+00:00,2,0,0,55.67,55.67,110.89464,2
0x205612b0e51c9ff0a8f198138c6f111d0ab34078,2026-06-16T11:08:33+00:00,2026-06-16T18:10:43+00:00,2,18333.333333,0,0,0,74.9999991656666667,2
0x2058985681426f5d02b9e318ef77bc57b23572b1,2026-05-21T18:15:33+00:00,2026-05-22T20:33:49+00:00,18,5799.972625,5799.97,0,0,110.199451000,18
0x20608b1cab03a4b8ab1f108c7f580525863b8335,2026-03-21T03:46:47+00:00,2026-05-01T23:06:10+00:00,4,0,0,43.62,43.62,80.9704,4
0x206118910728f446d3b67a2cb0e6e8f925a8b275,2026-05-10T02:31:06+00:00,2026-05-10T07:15:16+00:00,3,0,0,176.0,176.00,346.19200,3
0x20671c71b917f44f9dae3027e4fbee6131653e6c,2026-06-14T22:58:48+00:00,2026-06-14T22:58:48+00:00,1,0,0,43.637,0,43.549726,1
0x206a9f494c463da299784d853f595b18c51e94dd,2026-03-20T05:34:09+00:00,2026-04-02T00:28:15+00:00,2,0,0,25.2,25.2,45.612,2
0x207011d2827714cdbd380d0ee2286090b95bcdf7,2026-04-30T07:59:30+00:00,2026-04-30T15:05:36+00:00,2,0,0,48.65,48.65,94.67290,2
0x207ca4de770e8195731fd09ff754f328df5452fa,2026-06-07T21:20:48+00:00,2026-06-15T12:06:42+00:00,3,583.333332,0,0,0,2.999997992000008,3
0x2094dae3539e58dd410cbab1cfa7db663b8c26e6,2026-04-30T12:29:06+00:00,2026-05-17T13:45:41+00:00,2,1593.842363,0,0,0,14.9499990044827587,2
0x2099ecad0083eadb09a4857adf8992b7ceb83024,2026-04-21T02:22:46+00:00,2026-05-26T22:11:42+00:00,21,414.084833,412.580433,0,0,16.0504529991284987,21
0x209b73673a81b25eae7a0489151f0d8c281b834a,2026-03-03T10:12:21+00:00,2026-03-22T23:01:27+00:00,8,170.290321,170.0,0,0,104.8299990008100037,8
0x20b7ce7c2086c27538c402c75d8430aa28b2fdcb,2026-04-30T06:21:00+00:00,2026-05-26T19:39:54+00:00,2,4438.4,0,0,0,88.4600,2
0x20cebfc3781b1b61638b838b3870a6df1b4b0d67,2026-05-17T06:45:29+00:00,2026-05-17T19:32:53+00:00,2,0,0,117.42,117.42,232.96128,2
0x20d6d055759f4015b2132406ceee540dd033d648,2026-06-16T16:41:37+00:00,2026-06-16T16:41:37+00:00,1,625.0,0,0,0,2.5000,1
0x20dde9b570dafaa4b8beec071af8102033049858,2026-06-13T17:06:25+00:00,2026-06-13T17:06:25+00:00,1,0,0,30.0,0,29.9100,1
0x20e1a577baaf178226c750ea577b8dd4be46126e,2026-02-23T04:47:52+00:00,2026-06-09T08:14:21+00:00,3,264.945651,264.94,0,0,101.0597590034782658,3
0x20f5f78ff1068d02806151ec253d967b4ea30084,2026-06-15T19:19:13+00:00,2026-06-15T19:19:13+00:00,1,1000.0,0,0,0,4.0000,1
0x2102fb992b40f73b0c202d29e9844f6f40a8087d,2026-04-24T13:44:40+00:00,2026-04-24T14:30:44+00:00,2,116.279068,116.27,0,0,10.4646890053953628,2
0x21044f0b5f6161a56ba8c2f90e3bf5fdf51f9c4f,2026-05-31T05:09:32+00:00,2026-06-11T15:04:48+00:00,2,0,0,1000.0,1000.0,1989.0000,2
0x21050974f4e97624dd4b8c6eac023ee4cb4b463b,2026-05-18T14:14:42+00:00,2026-06-10T06:47:15+00:00,2,0,0,293.0,293.0,582.4840,2
0x2105d8bf84db44d5c9221f3bfd602df3738da80c,2026-04-20T06:09:44+00:00,2026-04-20T06:09:44+00:00,1,20.87375,0,0,0,0.999999999937125,1
0x2115f5f3ff44e0ea31bae7fc3baaa8c3029c80cc,2026-04-19T07:37:46+00:00,2026-05-06T05:13:02+00:00,2,100.0,100.0,0,0,7.8000,2
0x211673a785433201c6f6b3fb17733298b3813cd2,2026-05-05T12:55:20+00:00,2026-05-06T02:40:42+00:00,2,0,0,50.87,50.87,98.99302,2
0x211becff440a31e0c80f08517b5d8f0ea6ed9970,2026-02-27T04:01:50+00:00,2026-02-27T04:01:50+00:00,1,11.11111,0,0,0,4.99999900000005,1
0x211ec0abd9171963c388940705b4a3adc77ab366,2026-04-19T20:35:02+00:00,2026-05-06T07:16:56+00:00,108,13199.958278,6419.195012,0,0,797.1216279943907550,107
0x211f9ebca1f49c02e6a58c21fb8dc311c4958e0f,2026-05-31T10:18:37+00:00,2026-05-31T10:18:37+00:00,1,1111.111111,0,0,0,9.9999989990000001,1
0x2125f30759bfc8b90ed85dd986c4328a3e5e3b78,2026-05-14T07:13:38+00:00,2026-06-05T12:07:46+00:00,3,0,0,200.0,100.0,296.5000,3
0x2128460b680c9fe0c8a8252206cf8d33091df83e,2026-06-16T09:41:21+00:00,2026-06-16T09:41:21+00:00,1,188.0,0,0,0,0.9400,1
0x2138c0a10de043721ea9e5f9a7a8d4210202ebe5,2026-04-23T05:27:42+00:00,2026-06-16T04:06:00+00:00,2,2373.630424,0,0,0,100.9999989007507320,2
0x2138c93e2e88d7b6d7f8d10ab0852513f1cc3082,2026-06-09T20:46:19+00:00,2026-06-09T20:46:19+00:00,1,0,0,23.069,0,22.999793,1
0x214c69288c346a70b96007cad9d8c59fac216378,2026-05-02T05:48:10+00:00,2026-05-14T06:16:58+00:00,23,0,0,2499.996665,2499.99,4860.9870459983333295,23
0x214fbcb02ec510d2ed1e7ef9cec497b1c0befabc,2026-06-17T13:34:26+00:00,2026-06-17T13:34:26+00:00,1,3333.333332,0,0,0,9.999999996,1
0x215806dbeaa870bc6341609bd63db1813cfc9198,2026-05-30T22:25:19+00:00,2026-06-11T13:29:16+00:00,2,454.545454,454.54,0,0,5.9090789940000012,2
0x215f475167835935134c1723b5e0388468a57e02,2026-05-01T14:09:02+00:00,2026-05-01T14:09:02+00:00,1,312.5,0,0,0,10.0000,1
0x2166eb324cfbf25b5c6ba5e8b91dfc5ecaf13dcb,2026-04-27T04:54:14+00:00,2026-04-27T04:54:14+00:00,1,22.727271,0,0,0,0.9999989990000703,1
0x216a49a7d410b7f63fdb904d23615ef04642e47d,2026-06-15T10:32:55+00:00,2026-06-15T10:32:55+00:00,1,0,0,1.003,0,0.999991,1
0x21777e3bc9c9874b7add4c9271b2a18ee813c50b,2026-05-13T05:04:04+00:00,2026-06-04T05:48:10+00:00,3,0,0,179.778410,90.06,266.7790980009939215,3
0x217d35cc8560c87098883c812c75ccc3b5ec3673,2026-03-09T00:51:29+00:00,2026-03-09T00:51:29+00:00,1,2.631577,0,0,0,0.9999990000001924,1
0x21844a32dab8a0b7be36e7596c18aa1cf3731e4a,2026-06-13T03:47:06+00:00,2026-06-13T03:47:06+00:00,1,0,0,57.4845,0,57.3695310,1
0x2186b5353ffdcee35178054c80e542c2c68cc542,2026-05-08T15:26:26+00:00,2026-05-08T15:34:52+00:00,2,0,0,15.71,15.71,30.7916,2
0x218740b1609febf516789f5e0090ae7448af261a,2026-05-27T19:03:07+00:00,2026-05-27T19:03:07+00:00,1,3398.84,0,0,0,50.98260,1
0x21879721c11b83fe50b149d43f7f2cf13575555e,2026-03-31T03:34:03+00:00,2026-03-31T06:01:03+00:00,2,0,0,1200.0,1200.0,2256.000,2
0x218f3746e293b2004198f44cc6d33e42cd8926b5,2026-05-12T08:46:00+00:00,2026-06-03T06:25:43+00:00,4,0,0,171.747200,171.74,338.9369020009764624,4
0x2193589270f5508c92daca22391bd65a63dfeac2,2026-05-17T15:12:22+00:00,2026-05-19T10:50:50+00:00,2,191.428571,191.0,0,0,2.8679990015714308,2
0x21b2007b4b4b2e7b48ee8191bf93318ebfdfce68,2026-02-09T16:53:53+00:00,2026-05-08T13:39:29+00:00,12,23.356052,23.35,4.347825,0,26.4562909999978083,12
0x21b6719adfe150a539c9afdd88220422a30583d8,2026-05-20T10:14:43+00:00,2026-05-28T01:03:53+00:00,4,5000.00,300.0,0,0,46.90000,4
0x21b6a2b33842bfca938b95336ee62e6e23f95889,2026-06-08T11:21:25+00:00,2026-06-08T11:21:30+00:00,2,0,0,12.8742,12.87,25.6026090,2
0x21bafab6fe342e2b7211778f47702cbdf06b928b,2026-02-13T20:28:01+00:00,2026-02-13T20:28:01+00:00,1,1.923075,0,0,0,0.99999900,1
0x21c09307285b2bcfdc29e645773b1cddc211dff6,2026-03-18T08:05:37+00:00,2026-03-18T21:21:43+00:00,3,268.01,0,0,0,61.4869,3
0x21c24a79a0c2f07b2ed34e30d42dffa3d0b66749,2026-03-25T19:04:29+00:00,2026-03-26T23:28:19+00:00,10,240.0,0,0,0,21.000,10
0x21d90f53083a1cfd0df94d42f32bdc89cd516ffb,2026-06-05T00:54:52+00:00,2026-06-13T13:22:34+00:00,2,0,0,190.0,190.0,377.9100,2
0x21e79af6eb2f30e7184aa88e4e8106a11da8ca91,2026-05-31T11:24:57+00:00,2026-05-31T16:01:51+00:00,2,5378.888888,5378.88,0,0,91.4410389162222224,2
0x21ec7682b95c2e8c7182355d23b5a1c33ba5af0a,2026-05-06T13:31:46+00:00,2026-05-06T13:31:46+00:00,1,0,0,30.0,0,28.8900,1
0x21efcf1ef0f5c815e66582fd6aa7be077d9b1441,2026-05-19T18:38:21+00:00,2026-06-05T12:15:22+00:00,44,13999.985142,13999.937774,0,0,223.9993279710921735,44
0x21f45bb286f55ce8dc5a08fbb443389047dac5ae,2026-04-08T03:11:03+00:00,2026-04-08T03:11:03+00:00,1,10.0,0,0,0,1.00,1
0x21f80ad21fd579ef3dbc51d600669b61aa20cd5f,2026-06-07T15:43:43+00:00,2026-06-07T15:43:43+00:00,1,1428.571428,0,0,0,9.9999989960000004,1
0x21ff16230285273f6097846437b46d35e97f5e2a,2026-06-05T05:31:22+00:00,2026-06-13T05:34:55+00:00,15,36120.0,0,2761.25,0,2927.01191023400,15
0x21ffd2b7a212a6f277ed3eca1a9f8efcbca90d71,2026-03-21T03:47:01+00:00,2026-06-14T00:16:51+00:00,460,1500.00,1499.97,28816.828640,28816.826692,55562.9984680143561768,434
0x2200ed75d0939174d8961e810f419bf3781f7079,2026-06-04T11:54:36+00:00,2026-06-13T01:43:46+00:00,3,0,0,42.312666,14.7,56.6946279992387334,3
0x22143de5fdbe8c074f7f7a72415c9975b3470428,2026-05-29T11:15:21+00:00,2026-06-02T02:48:52+00:00,2,0,0,15.263083,15.26,30.2025859994210751,2
0x221b6e1544e8450799d6058990900f107094ea52,2026-06-09T15:43:00+00:00,2026-06-09T15:43:00+00:00,1,13704.37,0,0,0,68.52185,1
0x221cf29a86f9457b6f7d1629c3b104906de6cf1a,2026-05-22T19:46:16+00:00,2026-06-15T07:38:09+00:00,3,3703.030301,0,0,0,18.6999989630000012,3
0x2239580a394e206caa649947447897598528f0b5,2026-05-01T16:25:38+00:00,2026-05-01T16:31:48+00:00,2,0,0,15.9,15.9,30.6552,2
0x22398b5b692d2d8a17c585279306b4f7d21d4274,2026-06-01T08:19:49+00:00,2026-06-01T08:19:49+00:00,1,0,0,5.04025,0,4.99992800,1
0x2245d401d2a0dd16eac5e11b36911b7b894c3e6c,2026-05-01T10:57:56+00:00,2026-05-04T06:31:26+00:00,2,34.482757,34.48,0,0,2.2412790012759068,2
0x2251f0b651a57f86194dc687e063b1f956b825a0,2026-05-04T15:35:52+00:00,2026-05-04T15:36:02+00:00,2,400.0,400.0,0,0,16.4900000,2
0x225265165171db89820c7f9720e786adcad7cbf2,2026-05-19T15:54:38+00:00,2026-05-19T15:54:38+00:00,1,111.11111,0,0,0,1.000000001111111,1
0x225608ff8bc39653db20dfc4c4cbb3175b742225,2026-04-22T02:46:46+00:00,2026-05-01T17:09:10+00:00,3,124.00,0,0,0,4.93200,3
0x225a3e87bdce7003ee2bc59ede7511b100bbc603,2026-06-13T11:07:21+00:00,2026-06-13T11:07:21+00:00,1,0,0,1.202,0,1.199596,1
0x225febd75a913d96f875a7d854d604f65b6a990b,2026-04-24T15:14:58+00:00,2026-05-07T00:40:38+00:00,5,0,0,33.321193,33.32,64.1615709997761135,5
0x226fc9758507ace02c2d5a3c42fa65c1fdb3a3eb,2026-06-11T17:57:42+00:00,2026-06-11T18:38:54+00:00,102,0,0,14028.1240,14028.12,27986.1033920,102
0x227819d92a1c9eec5f70d7786952fd82d8a0ad2e,2026-06-14T11:30:54+00:00,2026-06-14T11:30:54+00:00,1,333.333333,0,0,0,0.999998999000001,1
0x227a0c154360a7ed7f70112377708c430e5a7d78,2026-05-04T21:52:08+00:00,2026-05-04T21:52:08+00:00,1,130.434781,0,0,0,2.9999989977826206,1
0x227a489627671e91c0f2b511c7bd2d1533068a0e,2026-06-01T02:18:42+00:00,2026-06-02T02:24:54+00:00,2,0,0,892.98,892.98,1769.88636,2
0x227aac5d31a65e230f856c54c5e5154e16851a18,2026-06-16T16:27:11+00:00,2026-06-16T16:27:11+00:00,1,0,0,10.0,0,9.9700,1
0x227bae2c175dc2f652202044f391db7117a376f9,2026-06-03T21:35:58+00:00,2026-06-17T03:43:58+00:00,57,0,0,286.389825,286.37,570.5283320019295575,57
0x22963c9743356c7b5a1fb347c6bac0da4227059e,2026-06-01T02:18:23+00:00,2026-06-02T02:24:33+00:00,2,0,0,905.41,905.41,1794.52262,2
0x229a8531d39e1e09f5fcf577938c0f22e403701f,2026-05-06T12:12:24+00:00,2026-05-06T12:12:24+00:00,1,257.435896,0,0,0,9.9999989881205488,1
0x229c8b62c53d7a649e8e410eae7eb236b9d7641e,2026-05-09T11:05:29+00:00,2026-05-09T11:05:29+00:00,1,250.0,0,0,0,4.0000,1
0x22a72b12031caf28e1498c713cb0193acdde8f74,2026-04-03T14:03:13+00:00,2026-04-03T14:27:19+00:00,5,90.00,0,0,0,4.5000,2
0x22a9e95ad8536026f50fe2a4d3d0fc037fde1298,2026-06-07T14:06:16+00:00,2026-06-07T14:06:19+00:00,2,0,0,12.1708,12.17,24.2069260,2
0x22b4a1fbf544b543fbd997bef58188e6e08c1950,2026-06-16T23:10:40+00:00,2026-06-16T23:10:40+00:00,1,1000.0,0,0,0,3.0000,1
0x22ba6601a23a4052722dccb1c0eb81b7b68e7a6e,2026-05-22T20:33:49+00:00,2026-05-22T20:33:49+00:00,1,9090.909089,0,0,0,99.9999990699090911,1
0x22bbf6683b9359128b11a24e4cb00dac8ec5582f,2026-05-05T12:55:20+00:00,2026-05-05T23:22:26+00:00,2,0,0,285.74,285.74,556.05004,2
0x22c0c6b5df569ea949e4e16be28c433dc6ea3758,2026-05-17T16:10:41+00:00,2026-05-18T03:41:54+00:00,2,0,0,50.7,50.7,100.2846,2
0x22c800297810af9883b924dc045313afb4c96c7b,2026-05-05T01:07:16+00:00,2026-05-08T10:46:23+00:00,2,223.448274,0,0,0,5.9999990046207066,2
0x22e26a44ad4fcab6405052c73a17b2bef216fac4,2026-05-05T12:55:20+00:00,2026-05-06T02:49:22+00:00,2,0,0,87.79,87.79,170.83934,2
0x22fb05fc74d637aa9d6601cd8a373c04cb69d7d6,2026-03-20T13:30:31+00:00,2026-03-21T03:46:47+00:00,13,2000.00,2000.0,0,0,400.000,13
0x230658fe924c1fdc1f43b07dee75608274ea8694,2026-06-16T22:18:14+00:00,2026-06-16T22:18:14+00:00,1,1666.666666,0,0,0,4.9999989980000004,1
0x2308f7eeafd72637f55b23b647f9110aa592e2dc,2026-05-28T11:06:17+00:00,2026-05-28T11:06:17+00:00,1,615.384615,0,0,0,7.9999990103846160,1
0x230d7d406100cbf7ba3b2229a6dc8a985872af46,2026-06-03T13:44:18+00:00,2026-06-07T12:45:52+00:00,7,19000.00,19000.0,0,0,246.00000,7
0x231ed51eaf76d6a9ce28e010e032ed469b115d85,2026-02-17T15:21:09+00:00,2026-02-17T16:56:29+00:00,2,0,0,24.125,24.12,22.43400,2
0x2327c46f12b99d3c309337a008a92ef683a4bb63,2026-05-07T15:06:18+00:00,2026-05-11T19:54:05+00:00,4,0,0,96.90,96.90,188.75865,4
0x232870da75543ee482c039dcbb5741c2e8ed5ada,2026-03-18T21:52:31+00:00,2026-03-18T22:24:01+00:00,2,19.99695,0,0,0,1.5997560,2
0x232f720cb79bf69debf45507fa6d1c1bec34927f,2026-06-08T13:20:07+00:00,2026-06-08T13:20:10+00:00,2,0,0,12.289,12.28,24.458444,2
0x233482cc859694d25d865e8b3d06b48ea87acd00,2026-05-08T12:54:55+00:00,2026-05-08T12:54:55+00:00,1,0,0,5.107251,0,4.9999980001952823,1
0x234e004ffbd27fd2e81b22c7ffa4d1cadcbb65d2,2026-05-14T05:22:01+00:00,2026-06-17T09:09:26+00:00,1746,164999.654545,1124412.578478,29711.501908,1886.0,39285.4608451459536795,1738
0x2352f0bd8393a8017b09282faead25d033781d44,2026-05-09T08:20:44+00:00,2026-05-09T08:20:56+00:00,2,125.0,125.0,0,0,3.8750,2
0x235c96a8ef8f5e7320c62732fb073aa01838e30b,2026-05-01T04:37:54+00:00,2026-05-01T09:38:16+00:00,2,0,0,39.81,39.81,77.11197,2
0x238ed943f2993d4f18a15518c11e2d3dd80863e9,2026-05-24T12:37:14+00:00,2026-05-29T14:29:44+00:00,2,0,0,505.0,505.0,999.9000,2
0x238fe1b4a91d47bda4fb418dd4a6a09494983015,2026-04-19T23:37:00+00:00,2026-05-29T16:45:15+00:00,28,1165.13,1165.13,0,0,38.35600,28
0x23a6d11f29f836ae1aa3f9cc7c370f9e9fc55e01,2026-02-19T17:22:10+00:00,2026-02-19T17:22:10+00:00,1,19.230768,0,0,0,9.9999990003846384,1
0x23b32ed680c64a08813628a4c04e45023bba2c5c,2026-03-08T08:03:35+00:00,2026-03-08T08:03:35+00:00,1,8.571427,0,0,0,2.9999990000000825,1
0x23ca4376e7b74376b9247c4daac3dcad1fec9ae6,2026-03-20T09:53:55+00:00,2026-05-06T23:29:19+00:00,6,713.58,713.58,0,0,108.46416,6
0x23cc4d606d11eefaccb6609195322e1885284f5a,2026-06-17T15:36:20+00:00,2026-06-17T15:36:20+00:00,1,0,0,1.002,0,0.999996,1
0x23e9b87cbee5123b560abc63c251b53cebbda14b,2026-05-06T11:27:38+00:00,2026-05-06T11:27:38+00:00,1,0,0,30.0,0,28.9500,1
0x23ede9fcfbe04f1333cfcd2b7d049c3d6fbb256c,2026-04-30T19:02:56+00:00,2026-04-30T19:02:56+00:00,1,1176.470587,0,0,0,39.999999958,1
0x23efe23f4cc5b64996e3f84b6ed46293191d9365,2026-05-12T05:38:47+00:00,2026-06-03T05:03:17+00:00,4,0,0,200.101111,200.1,394.9990979982113342,4
0x2402e1249936d00ebfb8d0c4558d99e85898ad7f,2026-05-01T07:49:02+00:00,2026-05-08T19:41:10+00:00,10,0,0,264.83,264.83,515.122710002176,10
0x2416993b0bd8661eb48db4db5e321f4415cf5e55,2026-06-06T12:35:19+00:00,2026-06-07T12:45:52+00:00,57,19999.9796,19999.97,0,0,189.9997480,57
0x2416adf3a720c655d8d7efa96460a08033a7ca5b,2026-06-17T02:46:43+00:00,2026-06-17T02:46:43+00:00,1,0,0,34.8795,0,34.8097410,1
0x241ff966f22080fbee3928e194763e575847e15a,2026-04-29T18:26:40+00:00,2026-05-13T20:21:49+00:00,86,14806.72,14806.72,11500.00,11499.954922,23012.4290510259167277,85
0x2424387278d10e1893c7d8dc768aefff50f529d3,2026-06-12T16:47:36+00:00,2026-06-12T16:53:30+00:00,4,0,0,10.025044,10.02,19.9798979998958836,4
0x24321a44a49296dd8fd47694326515db52998f2c,2026-03-31T15:53:09+00:00,2026-04-01T01:27:45+00:00,2,16.666665,16.66,0,0,1.832999000000090,2
0x24371a148c4633f03ec07ce560552911eb4b2da4,2026-05-12T20:16:16+00:00,2026-05-12T20:16:16+00:00,1,66.666665,0,0,0,0.9999990016666910,1
0x243b62245f828e60ded50e11c9123df847674810,2026-05-02T08:02:12+00:00,2026-05-02T08:02:12+00:00,1,125.0,0,0,0,5.000,1
0x244496da09c6ee1819a2aed6a2720306b492a0b7,2026-05-21T06:17:52+00:00,2026-06-16T17:17:20+00:00,2,0,0,112.24,112.24,222.90864,2
0x244fae8d5aec81bfe13c3cbe80a971cf61cd2c94,2026-04-29T20:31:16+00:00,2026-05-03T01:54:32+00:00,22,0,0,284.92,284.90,550.29733,20
0x245097e25f2bbc64300359f875c52ae3e0248108,2026-01-06T02:15:33+00:00,2026-01-16T06:35:30+00:00,4,36.39,36.39,0,0,28.0203,4
0x2467a7955ff126c3d197a916ed58ae527a75ace6,2026-05-04T15:35:52+00:00,2026-05-04T15:35:52+00:00,1,10.0,0,0,0,0.2700,1
0x246bb09c214f79d92ab97d37022b733b04781eb7,2026-06-08T03:25:03+00:00,2026-06-08T03:25:48+00:00,3,666.666665,333.33,0,0,5.666648990000001,3
0x2470dc33131593c4d7818705adcadd13a5842f63,2026-05-22T03:09:04+00:00,2026-05-22T03:09:51+00:00,2,0,0,2.016125,2.01,3.991906000,2
0x24766bae83d85faa96f1a05af12fb6dd9a418c29,2026-05-15T12:31:31+00:00,2026-05-17T17:00:28+00:00,120,0,0,507.47,507.46,1007.09586,120
0x24787691ebc296444add2ee3dea03c9d6f9b2e62,2026-04-08T19:38:05+00:00,2026-04-08T19:38:05+00:00,1,186.68,0,0,0,14.9344,1
0x2487d958e2c4ef4aa883df66b028e9f8add9c8c0,2026-06-13T21:18:46+00:00,2026-06-14T11:08:13+00:00,2,0,0,10.02,10.02,19.98990,2
0x2487e9157873c58e5c22e2a7114d2f926bbd55ad,2026-05-28T01:52:25+00:00,2026-05-28T01:52:25+00:00,1,516.666665,0,0,0,7.7499989933333365,1
0x24891b34d9e2731c41e8d84e00b6dac7e07f57c3,2026-05-14T15:14:59+00:00,2026-05-28T01:57:20+00:00,2,333.333333,333.33,0,0,9.333289995,2
0x248f27f0fab24c62d1f4d51bb1a6e57668316f05,2026-05-21T13:59:00+00:00,2026-06-08T12:06:13+00:00,6,0,0,530.0,530.0,1052.0500,6
0x24992fcd5e2d8a5a4b3a647190e713d17330b542,2026-06-16T17:54:20+00:00,2026-06-16T17:54:20+00:00,1,2500.0,0,0,0,5.0000,1
0x24a255320b556d9970f04d1362e9bc2f92400a6a,2026-01-09T16:52:54+00:00,2026-01-11T19:30:00+00:00,2,106.291665,106.29,0,0,91.2891990017773980,2
0x24a2bfc4e0e6da501b549d0936d61d4733354a6a,2026-06-13T22:41:00+00:00,2026-06-14T10:33:55+00:00,2,0,0,33.066,33.06,65.960688,2
0x24a41a9d9f8ff7892787ff14a80e85fc508daacf,2026-06-12T17:52:51+00:00,2026-06-12T17:52:51+00:00,1,0,0,2.004,0,1.999992,1
0x24ae25607c5fe81863d2b1dc9860ee24bed712d1,2026-03-08T13:00:57+00:00,2026-03-14T23:28:03+00:00,2,2.941175,2.94,0,0,1.85259900000025,2
0x24bac564ab1943c5e2748a97c8e3d31481033d59,2026-05-12T10:32:31+00:00,2026-05-12T10:32:31+00:00,1,43.478259,0,0,0,0.999999000478302,1
0x24bae2b850c03a17fbab929fba5860deed9d4ff9,2026-05-06T16:00:20+00:00,2026-05-06T23:01:38+00:00,2,0,0,60.93,60.93,117.83862,2
0x24be82833456f7aaa644bcc5ab4558e747f51141,2026-05-01T18:53:54+00:00,2026-05-02T00:55:30+00:00,2,0,0,47.28,47.28,90.73032,2
0x24c310d00f7f2257c69dddffa5b393865b183758,2026-05-13T06:32:02+00:00,2026-06-05T03:48:10+00:00,3,0,0,200.0,100.0,296.5000,3
0x24c8cf69a0e0a17eee21f69d29752bfa32e823e1,2026-04-29T10:10:06+00:00,2026-06-15T23:29:07+00:00,215,61109.833250,119098.572665,63328.938617,0,64205.5828552166301714,214
0x24d82029f40bd3ebb01b013dba591c0c820e5403,2026-05-15T02:14:28+00:00,2026-05-15T19:25:44+00:00,2,0,0,21.0,21.0,41.5380,2
0x24dcb5b6fe33db55624cc71dbbc6ecd41ec38ed5,2026-05-18T11:44:26+00:00,2026-05-18T11:44:26+00:00,1,0,0,10.0,0,9.900,1
0x24e6c8ffb0a6f2b72c3ae711f5403ae92ce39f79,2026-04-10T10:14:03+00:00,2026-04-10T10:14:03+00:00,1,10.0,0,0,0,1.00,1
0x24f97c3cbba6cd844073b11067d1570c8c47ed2f,2026-05-15T06:08:09+00:00,2026-05-15T06:19:24+00:00,2,0,0,166.23,166.23,328.47048,2
0x250418f393c9eb2617711905b290d875f1e7483b,2026-05-29T03:12:00+00:00,2026-05-29T03:12:00+00:00,1,0,0,2.028357,0,1.999959999971643,1
0x250b4a6b7d348dcd990227da2e8c5712f35f9cb5,2026-05-18T13:57:47+00:00,2026-05-18T19:09:41+00:00,2,593.24,593.24,0,0,9.49184,2
0x25283ba1d7a67cb1226bb38155f843514ef9a4f7,2026-04-18T07:18:38+00:00,2026-04-18T07:18:38+00:00,1,800.0,0,0,0,40.000,1
0x2534fd811013f184a0b98f081db1bce11dfff596,2026-05-31T13:05:27+00:00,2026-05-31T13:05:27+00:00,1,11111.111111,0,0,0,99.9999988878888889,1
0x2535e6b38e7886672e9640048b81ebfbbb74053f,2026-04-21T21:32:44+00:00,2026-04-27T20:53:16+00:00,18,5028.97,0,0,0,185.98498,18
0x253814dc9c42a95a1a8aa476476d1f5f32b9afa4,2026-05-11T16:09:26+00:00,2026-05-15T13:30:54+00:00,2,0,0,51.0,51.0,100.4190,2
0x253dd32e803be191000687f230fe3f5186b9d46d,2026-05-29T03:46:09+00:00,2026-05-29T03:46:09+00:00,1,0,0,1.622714,0,1.5999959999432150,1
0x25480c7f1126125f6ae219e4f5977b1a45ee5fb0,2026-05-07T16:02:00+00:00,2026-05-07T21:04:54+00:00,2,0,0,44.87,44.87,87.09267,2
0x25499a225257acae2f0648d8dd535db4754f6901,2026-05-15T10:54:25+00:00,2026-05-15T10:54:50+00:00,2,0,0,1.0101,1.01,1.998889,2
0x254cef549c8afdb7e8f2b722971f6af76fbf9a2a,2026-02-16T09:53:55+00:00,2026-02-16T09:53:55+00:00,1,0,0,2.0,0,1.00,1
0x254d574bbd3509ffc03bc322b44d1d144b75af5d,2026-05-20T22:55:28+00:00,2026-05-20T22:55:28+00:00,1,850.083333,0,0,0,10.0000000021288158,1
0x25516d867c3ed6188433aa76a1bc85b16ae96621,2026-04-30T11:54:14+00:00,2026-04-30T19:55:10+00:00,2,0,0,45.25,45.25,87.83025,2
0x25539e7819b181d79db9dda65b1a7266bcb7e2d5,2026-05-15T02:17:09+00:00,2026-06-05T15:05:07+00:00,3,0,0,200.0,100.0,296.7000,3
0x255b9786d426f369c08ed1bc956d093a5e5ecb5e,2026-05-06T06:41:44+00:00,2026-05-06T06:41:44+00:00,1,103.448274,0,0,0,2.9999990046207066,1
0x255e4bc0a80a1a9c96b5c1870e747b6199bffed1,2026-05-10T18:39:05+00:00,2026-05-10T22:18:47+00:00,22,0,0,5.153033,5.13,10.0743900001007856,22
0x2562c5bcacc1fe5b5fec19f52865c0efd83a65ab,2026-04-19T19:20:08+00:00,2026-04-19T19:20:08+00:00,1,100.0,0,0,0,5.000,1
0x25730bfb7d580fb269c9c883974a98ce851e9274,2026-03-13T06:46:01+00:00,2026-03-13T13:10:43+00:00,2,17.241378,17.24,0,0,10.159599000010392,2
0x257d95c1deca6d6b3e3a66712c8c078a27dea183,2026-04-09T20:41:09+00:00,2026-06-10T16:46:25+00:00,7,7363.226190,2110.25,0,0,194.1739989970000001,7
0x2588cc22bb4f3d35a80d0317279cb34842708c49,2026-05-30T09:41:20+00:00,2026-05-30T09:41:20+00:00,1,2500.0,0,0,0,20.0000,1
0x2593608088c00504a40bf3e19db6fb19cb431749,2026-05-13T04:50:20+00:00,2026-06-04T05:33:37+00:00,3,0,0,179.778410,90.06,266.6890380009939215,3
0x2598fe00e88cc0b7862e7514b0ea1d960e14029b,2026-05-14T10:45:23+00:00,2026-05-17T07:37:50+00:00,2,0,0,21.256307,21.25,42.0812250004974772,2
0x25991090bba65fc2b8835467ef16070c7fb89a4a,2026-04-24T05:18:58+00:00,2026-04-24T06:04:18+00:00,2,0,0,11.65,11.65,22.23985,2
0x25ac39f91310418dcd9901d4680f6305b7d1d8cb,2026-05-10T02:20:41+00:00,2026-06-10T08:00:24+00:00,3,187.5,0,20.06,0,22.99982,3
0x25bca833f232af668cb4601071724ebfaec53973,2026-05-29T03:46:16+00:00,2026-05-29T03:46:16+00:00,1,0,0,2.028357,0,1.999959999971643,1
0x25d7f1506ac6162fff2b11cbffcc01611ad2e73c,2026-06-17T06:48:49+00:00,2026-06-17T18:00:43+00:00,2,0,0,10.0,10.0,19.9700,2
0x25dbeff062ef0ac6ecd1229d53519dc475a94b3f,2026-05-05T12:55:20+00:00,2026-05-06T01:06:12+00:00,2,0,0,288.0,288.0,560.4480,2
0x25dcf4635fe93082e0849fbbf81c95680cf5e33b,2026-02-01T02:29:50+00:00,2026-02-02T06:46:36+00:00,2,243.38,0,0,0,125.653800009434,2
0x25eab22ed399dd19dd2731b0c4dcb6194eb32bd0,2026-05-02T15:11:44+00:00,2026-05-12T08:34:06+00:00,4,0,0,101.18,101.18,196.43932,4
0x25efacc34c33df7c481e0087fefbe479be4a8959,2026-05-14T02:29:39+00:00,2026-05-14T02:29:39+00:00,1,160.0,0,0,0,1.9200,1
0x25f169824ebd758c3e425d5acbd923c73e0944bc,2026-06-05T16:23:13+00:00,2026-06-05T16:23:13+00:00,1,0,0,30.181085,0,29.9999980010664230,1
0x25fe203bc6dbdf092885f34cc191f566a4a7acc2,2026-06-05T05:55:03+00:00,2026-06-14T17:06:40+00:00,2,0,0,100.0,100.0,199.0000,2
0x260b23c83c634ea471e0123d3b15d911510e1de7,2026-06-01T09:03:25+00:00,2026-06-01T09:03:25+00:00,1,1555.555555,0,0,0,13.9999990616666670,1
0x261068e6979b1e09675e134045814afe5d6afdea,2026-05-29T14:10:43+00:00,2026-06-08T06:49:34+00:00,2,76.923075,76.92,0,0,1.3845989980769475,2
0x26107384f743b9bc0eedc6bd5b96bb68817b6ac5,2026-06-07T16:58:58+00:00,2026-06-07T16:58:58+00:00,1,0,0,7.0,0,6.9650,1
0x262da2d4529b7998f95459c28bd1985853807461,2026-05-15T07:57:51+00:00,2026-06-05T17:23:01+00:00,3,0,0,200.0,100.0,296.7000,3
0x263aa369294e5b521a1f763c6b17c455e04865c3,2026-06-12T07:44:03+00:00,2026-06-12T07:44:03+00:00,1,0,0,1.002,0,0.999996,1
0x263f76f23602fb5dd7729b85e36a01570465b5d0,2026-06-16T14:47:40+00:00,2026-06-16T14:47:40+00:00,1,500.0,0,0,0,2.0000,1
0x264023078964bb8561b977177bddf7b81d8e38f7,2026-04-08T08:02:01+00:00,2026-04-08T08:02:01+00:00,1,100.0,0,0,0,10.00,1
0x2643cd253b18346b9897145963c2d60245dfaf8a,2026-02-27T01:10:36+00:00,2026-03-17T22:12:35+00:00,2,4.444443,4.44,0,0,3.2875989997778916,2
0x26493ab6df66729ccf68ba6cd62624e1345a9d3c,2026-03-13T17:40:33+00:00,2026-05-31T14:09:09+00:00,2,125.396824,0,0,0,5.9999979990000505,2
0x264d13deb59cbce20be7e9432c03c5cac0c3e101,2026-06-02T02:29:34+00:00,2026-06-02T02:29:41+00:00,2,0,0,10.080625,10.08,19.989260000,2
0x265974800ecc76b67a6abe4b205aa6ba5876a631,2026-06-13T21:28:45+00:00,2026-06-15T21:20:37+00:00,80,0,0,3853.459642,3853.45,7680.117825074,80
0x265a27353e8168005d815af8a6099d5b8c35b88a,2026-05-12T14:08:35+00:00,2026-05-12T14:08:35+00:00,1,66.666665,0,0,0,0.9999990016666910,1
0x266394734d96d8d117d0138396b4a14f18fe87d7,2026-04-29T18:32:28+00:00,2026-04-29T18:36:04+00:00,5,119.45,119.45,0,0,8.36150,5
0x2664fb14b922ab0d35c739db8af24b6bd93053f8,2026-04-18T07:05:00+00:00,2026-04-18T07:05:00+00:00,1,100.0,0,0,0,5.000,1
0x266d4afad91ed09c1b28f9f8cceb031f050000b7,2026-04-05T08:46:53+00:00,2026-04-12T06:00:13+00:00,2,14.285713,14.21,0,0,1.8525990000000819,2
0x26799b17d7be1bd05be4fb352c5ee075c8a8261d,2026-05-28T01:57:10+00:00,2026-05-28T01:57:10+00:00,1,0,0,1.013153,0,0.9999819999566323,1
0x267aec64f2ebc2a8c326282b486aee271063f31e,2026-05-11T04:41:43+00:00,2026-05-11T04:41:43+00:00,1,0,0,5.0,0,4.900,1
0x267cdfd8c193f34158fe20a24cf5de9c8ab77041,2026-03-09T21:15:21+00:00,2026-03-25T12:33:01+00:00,2,134.06,0,0,0,25.600000003142,2
0x267fa506ad814aeb232fe1bc625ef2e1dd8dfa03,2026-06-11T13:21:33+00:00,2026-06-11T13:21:33+00:00,1,333.333332,0,0,0,0.999999996,1
0x269db7dbd48c343d980d7f230a101be6f767b251,2026-05-17T23:35:23+00:00,2026-05-18T11:21:20+00:00,2,0,0,49.79,49.79,98.48462,2
0x26ad905167bb4ab90b62c88bdb20485fa566aa96,2026-05-02T10:36:56+00:00,2026-05-09T08:00:57+00:00,4,0,0,34.111017,34.11,66.3615529999259689,4
0x26b0bad7058f84a5527bc27c794acc794b04b22d,2026-05-09T03:53:04+00:00,2026-05-24T11:48:42+00:00,8,1317.888887,310.0,0,0,18.9800000058888887,8
0x26b1a0a59920f47eb49ed3d60ce524829becc8fc,2026-05-17T23:35:23+00:00,2026-05-18T10:48:28+00:00,2,0,0,53.69,53.69,106.14513,2
0x26b64bd633d44b27785b6fbcd679e26dde830c77,2026-05-20T11:48:45+00:00,2026-06-12T06:13:10+00:00,3,0,0,15.894842,15.89,31.4774880004793312,3
0x26bf611b093f1c278f1aa50549f1c027c130b413,2026-04-18T12:18:12+00:00,2026-04-30T07:47:58+00:00,12,400.00,399.999997,200.0,200.0,398.5999279962283909,12
0x26bfd54a78879e02c44ad62c27573a95d9d8e6c3,2026-06-17T07:12:01+00:00,2026-06-17T20:00:28+00:00,2,0,0,122.26,122.26,244.03096,2
0x26c70c61ade37f73ace01358df2fdadcef5e1ca4,2026-05-07T07:32:02+00:00,2026-05-07T09:12:55+00:00,2,30.303029,30.3,0,0,1.9392989994242836,2
0x26ca9feff5fe0a918e4cbd16d333bbae481fda6a,2026-05-31T10:36:16+00:00,2026-05-31T10:36:16+00:00,1,500.0,0,0,0,4.5000,1
0x26cd02212c986dee4efc34b4303c672ae6504bbd,2026-05-16T02:23:09+00:00,2026-05-16T02:23:09+00:00,1,111.11111,0,0,0,1.000000001111111,1
0x26d04f520b94eaf9eb3ada75e765c6fb3b1543b6,2026-06-07T11:41:57+00:00,2026-06-07T11:42:00+00:00,2,0,0,13.062,13.06,26.004452,2
0x26e195ff9bbd46739c69dd3ccac9e8ce3e551043,2026-06-15T00:32:13+00:00,2026-06-15T17:49:51+00:00,2,0,0,53.46,53.46,106.54578,2
0x26ea7de5a14d84989a910a326fa522321cc667ad,2026-04-13T17:22:13+00:00,2026-04-14T17:35:58+00:00,2,0,0,5.208332,5.2,9.8879980002085176,2
0x26ebafbb4492da566625f063a22433f19cf500b4,2026-06-17T12:55:23+00:00,2026-06-17T12:55:23+00:00,1,5333.333332,0,0,0,15.999999996,1
0x26ece0c3ce85a650dde3567f264667c947a193f5,2026-06-09T11:48:25+00:00,2026-06-09T11:48:25+00:00,1,30000.0,0,0,0,150.0000,1
0x26f193d62d15db75301054d44f20195824aaebee,2026-05-06T03:19:40+00:00,2026-05-06T03:19:40+00:00,1,172.413793,0,0,0,4.9999989970000006,1
0x26f427fc0019ae4210a8f73abd1914d81c96e110,2026-04-30T01:06:36+00:00,2026-06-16T10:38:46+00:00,1951,0,0,16628.773075,16628.753855,32923.6658399993224380,1950
0x26fc2184a54851b8fbf0c34849a0a329b27853e4,2026-04-08T07:02:51+00:00,2026-04-08T07:02:51+00:00,1,0,0,2.1978,0,1.999998,1
0x27029d71859d0ff93ff2fef5b43ab4cf2131e7af,2026-05-12T11:12:46+00:00,2026-05-15T06:54:17+00:00,2,0,0,45.15,45.15,88.81005,2
0x2703925e96e9f7fae43dd2d77dc72ecda3dcf506,2026-05-09T10:51:59+00:00,2026-06-15T15:11:31+00:00,3,812.5,0,10.060361,0,13.9999979999960731,3
0x270afb53118b0f5a9d706f4d90b82bb877d27b78,2026-05-11T00:34:51+00:00,2026-06-02T04:05:37+00:00,5,4452.99,400.0,0,0,63.456419971858,5
0x270d627c490ea2a58a66215ab0ee8db9c1d45ff2,2026-03-13T18:11:33+00:00,2026-03-13T18:11:33+00:00,1,56.603054,0,0,0,19.9999989981641050,1
0x27154f5bb3a719d1176958c1f920e23379db29bc,2026-05-01T20:15:38+00:00,2026-05-01T20:15:38+00:00,1,24.390242,0,0,0,0.9999990000488524,1
0x27213ee3781c0f432680a778ae3f275d0b73325b,2026-02-03T12:28:10+00:00,2026-02-25T15:19:40+00:00,62,3182.577715,0,3337.3,109.0,3359.9011180831172397,62
0x2724e11acddb165172b0256f0993fc22d84d6d08,2026-05-09T16:37:37+00:00,2026-05-09T16:37:37+00:00,1,58.823529,0,0,0,0.9999989988823599,1
0x2739797da5d2f93c0dfc7acba3879051364d49b9,2026-06-07T13:33:43+00:00,2026-06-07T13:33:49+00:00,2,0,0,12.2612,12.26,24.3863340,2
0x273b657f5b7f3450a84d0f5898219298459e6596,2026-05-30T19:23:40+00:00,2026-05-30T19:23:40+00:00,1,111.111111,0,0,0,0.999998999000001,1
0x2740fbc66a26eff11f4e06a61c303133c6e67171,2026-05-01T06:22:20+00:00,2026-05-01T06:22:20+00:00,1,0,0,1.030926,0,0.9999980000003916,1
0x274402b1a2e2ca37fd25b7dd315bff061cf87f3d,2026-05-02T05:50:16+00:00,2026-05-02T12:53:44+00:00,2,0,0,52.17,52.17,100.175220001059,2
0x2746bf356f11ebe39e665b4a6e984fee832fc1a8,2026-06-16T15:02:53+00:00,2026-06-16T15:02:53+00:00,1,20000.0,0,0,0,60.0000,1
0x274e7d48f5b244731cb743b970e075a1f27701e9,2026-05-23T01:20:02+00:00,2026-05-25T03:11:09+00:00,2,163.636363,163.63,0,0,3.5999289948181857,2
0x275db13dcce9202c3f6e7bafa04ce1dda6144589,2026-06-11T02:20:48+00:00,2026-06-11T02:20:48+00:00,1,3333.333333,0,0,0,9.9999989990000001,1
0x2766095108562cb44462b01b613a33464c41ae00,2026-02-10T17:19:19+00:00,2026-02-10T17:19:19+00:00,1,25.862067,0,0,0,14.9999979987931689,1
0x276b3536fa3d2383a1425f4ca607d4bac33aadd4,2026-05-31T05:43:00+00:00,2026-05-31T05:43:00+00:00,1,500.0,0,0,0,5.000,1
0x2776dd3970c370050b02aaee9c32bfce7a1ec1a4,2026-05-13T06:40:14+00:00,2026-06-05T03:53:00+00:00,3,0,0,200.0,100.0,296.5000,3
0x2778572406d9f4017472ca4d2bef2fded762cbae,2026-05-05T02:31:08+00:00,2026-05-05T15:47:36+00:00,4,0,0,47.76,47.76,93.08664,4
0x277bcc203e717dc1d2735e7c5bc1b572dc7d8095,2026-06-14T07:54:55+00:00,2026-06-14T07:54:55+00:00,1,0,0,44.719,0,44.629562,1
0x2781b8961260bc7a34c3a2f6b41dbc493e9473a7,2026-06-14T16:00:15+00:00,2026-06-14T16:28:48+00:00,2,999.999999,0,0,0,2.9999979970000020,2
0x278681aa3a8870eee8083985c3852df7692d8ece,2026-05-16T15:08:36+00:00,2026-05-17T12:30:39+00:00,2,0,0,30.181085,30.18,59.9687380010664230,2
0x278b288b195593d0cee4c31525422bbbf8a93253,2026-05-16T05:15:47+00:00,2026-05-16T05:15:47+00:00,1,200.0,0,0,0,2.000,1
0x279457e19eab66454a8b297febe7bb933c70acf6,2026-04-05T18:08:19+00:00,2026-04-05T18:08:19+00:00,1,142.857141,0,0,0,9.9999989985714399,1
0x279586b44e055dfe58bd21fff9d67a675043acd0,2026-05-19T19:54:02+00:00,2026-06-06T12:51:24+00:00,5,2708.337776,2710.33,0,1.0,55.166669984,5
0x279bc54fba66ea74eef17938d3ae53f27c10e05b,2026-05-27T19:34:21+00:00,2026-05-27T19:34:21+00:00,1,500.0,0,0,0,7.980000,1
0x27a17e021c45ce37580e5fa00c4b61094271936b,2026-04-23T14:23:58+00:00,2026-04-23T14:23:58+00:00,1,46.511626,0,0,0,1.9999990017209678,1
0x27abdfc9393c72a6330a3be987da4b46c726e521,2026-04-04T13:58:37+00:00,2026-06-12T16:48:16+00:00,866,0,0,85226.92,0,83736.727230009364,866
0x27ba37b86949081f6100c3707a18438045dab6dd,2026-03-19T14:04:15+00:00,2026-03-20T05:07:25+00:00,3,0,0,7.29846,7.281234,12.8299590000239696,3
0x27bf71d8b5abc8cf97da465c94355aa26f92f9d3,2026-03-13T15:00:19+00:00,2026-03-16T02:50:39+00:00,2,0,0,7.0,7.0,9.64710000030,2
0x27ce7cdce5c3b523e5b692d58cd1a067f618dc03,2026-04-13T16:48:07+00:00,2026-04-13T20:19:27+00:00,4,7322.55,7322.55,0,0,687.773699901804,4
0x27deb4e34a1e51ab5cc40764076477aad6d1b51c,2026-06-16T23:55:19+00:00,2026-06-16T23:55:19+00:00,1,0,0,4.4085,0,4.3996830,1
0x27ea4538cdf1db27877fb7de0274bf9fc9725627,2026-05-28T17:20:38+00:00,2026-05-28T17:20:38+00:00,1,416.666666,0,0,0,4.9999989920000016,1
0x27f12ccbe605b1baf72178bd607cbc3cbb5347f8,2026-06-07T19:15:21+00:00,2026-06-07T19:15:21+00:00,1,0,0,1.026155,0,1.0199980000162290,1
0x27fb7d6cf3b48ae3ce38eab4e94ab7a08e21c69f,2026-06-17T09:10:10+00:00,2026-06-17T19:52:34+00:00,2,0,0,49.04,49.04,97.88384,2
0x27fc5a7aa89fb910088b0def52acf41ce2adf1a1,2026-06-01T02:16:15+00:00,2026-06-02T02:23:07+00:00,2,0,0,875.68,875.68,1736.47344,2
0x27fff08fb448430ac994de218eb4ad59f5940eba,2026-05-31T09:55:49+00:00,2026-05-31T09:59:24+00:00,4,0,0,15.120875,15.12,29.983828000,4
0x280091dc12e8da5c7224fb164952124c92ac9840,2026-05-14T03:13:38+00:00,2026-05-21T00:33:44+00:00,6,1580.00,0,0,0,16.0400,6
0x2801d61ecdcc23054a4c0d95822ed81f838c9dfe,2026-05-25T13:25:14+00:00,2026-05-25T13:25:14+00:00,1,250.769229,0,0,0,3.2599989990000069,1
0x28098711cbf8701330ed3cce0044239bbff8ff9f,2026-04-03T22:26:37+00:00,2026-04-03T22:26:37+00:00,1,166.666665,0,0,0,9.9999990000000090,1
0x280e6cbe24d8dfd0cfba0c2b6cd1fa8348cf8b52,2026-06-13T13:29:13+00:00,2026-06-13T13:29:13+00:00,1,333.333333,0,0,0,0.999998999000001,1
0x280e86068732c80400a41ba8a3d80f8956513238,2026-03-20T06:55:09+00:00,2026-03-20T06:55:55+00:00,2,0,0,200.0,200.0,350.000,2
0x280efb63f6c7dc82af88b0a7a975b25b76bb39aa,2026-05-08T04:12:27+00:00,2026-06-02T08:06:44+00:00,16,0,0,783.483094,688.48,1448.4383889954586383,16
0x2818c3bbaf02cdeac7c2cd992b49e15ebf42793e,2026-04-05T19:06:59+00:00,2026-04-13T12:53:05+00:00,2,42.857141,42.85,0,0,5.1424990000000377,2
0x281fc585202da27523358d1984c0578179d9f6e4,2026-05-09T03:36:30+00:00,2026-05-09T03:36:30+00:00,1,62.5,0,0,0,1.0000,1
0x28451d428e9f207e972dacfe0f1f809310fb23f9,2026-05-05T22:24:18+00:00,2026-05-08T07:07:41+00:00,4,0,0,111.44,111.44,216.52792,4
0x2850f24dc306e51100af5c1c13d9ebcc5eb1acdf,2026-05-11T07:30:25+00:00,2026-05-11T07:30:25+00:00,1,0,0,200.0,0,196.000,1
0x28568d685afd9eae8fb4e6a1c56bee2ffaa33929,2026-05-10T13:51:19+00:00,2026-05-10T13:51:19+00:00,1,555.555554,0,0,0,9.9999990275555582,1
0x285e6a6d7f4f8b5f64fb23ac351a0b41844af38c,2026-05-16T21:25:41+00:00,2026-05-22T21:53:16+00:00,2,2842.857142,2842.85,0,0,48.3284991411428574,2
0x28774462a63a2e64c2a39f445ea6ce4d94e8474b,2026-06-14T03:53:19+00:00,2026-06-14T21:49:12+00:00,2,0,0,19.038,19.03,37.972834,2
0x287ccce4d00185a3c57846c95a8aeb5b7da85250,2026-05-06T23:29:19+00:00,2026-05-06T23:29:19+00:00,1,306.297271,0,0,0,9.9999990007372406,1
0x2880627c456c4af07fd6cd4db2b02e65499f3fca,2026-05-01T00:06:58+00:00,2026-05-01T00:09:46+00:00,2,100.0,100.0,0,0,6.9000,2
0x288d225ea01401bb853158ad5fd4bf0d5ce85da3,2026-01-30T15:49:00+00:00,2026-01-30T15:49:00+00:00,1,27.454357,0,0,0,9.9999989997697608,1
0x2897633146356cd2ef249ae0e82c631335fdcaa0,2026-06-10T20:49:54+00:00,2026-06-11T07:44:34+00:00,2,0,0,9.0,9.0,17.9460,2
0x2897e67a43e398aac9b0f5fb8619ab9bec4e31bc,2026-06-14T15:59:46+00:00,2026-06-14T15:59:46+00:00,1,333.333333,0,0,0,0.999998999000001,1
0x2898d041d2201e168063ca4c1b500f63756af86c,2026-05-05T07:24:00+00:00,2026-05-06T10:20:40+00:00,4,60.0,60.0,0,0,3.3000,4
0x28b9054040ebddeaee5c3722b409966b6080396a,2026-05-07T06:17:48+00:00,2026-05-07T06:17:48+00:00,1,2917.941175,0,0,0,99.2099990746176475,1
0x28b91257f3ef6800ee913df93040483de26c70cc,2026-02-24T00:42:10+00:00,2026-03-03T18:14:17+00:00,2,10.0,0,0,0,4.100,2
0x28bbf569d7adbd30f2c0fd194d0e0a8dfbb618d5,2026-05-13T05:57:37+00:00,2026-05-13T09:08:20+00:00,2,0,0,6.085142,6.08,11.988749999829716,2
0x28be4b74deeee711d155ff2a0ad1034591f29967,2026-05-29T01:25:39+00:00,2026-05-29T01:25:39+00:00,1,0,0,200.0,0,193.0000,1
0x28bf066c6cb952da62d6d182c16ad173ada64a4e,2026-04-30T02:19:52+00:00,2026-06-12T21:30:31+00:00,83,0,31.41,2052.240478,0,2023.4142409987052475,81
0x28ca4e9a04531f2eac0c2770f95db4e1c6a65d19,2026-03-31T00:24:13+00:00,2026-04-19T01:08:48+00:00,5,7171.733332,0,0,0,392.0699990273543232,5
0x28cf12bac92a5c601660fe8c8e42d9021a78e664,2026-06-16T15:54:04+00:00,2026-06-16T15:54:04+00:00,1,333.333333,0,0,0,0.999998999000001,1
0x28cffacd63a300d107f9099aaea962edd8086de3,2026-02-23T04:28:50+00:00,2026-06-09T07:58:09+00:00,3,529.891303,529.89,0,0,202.1195590104347849,3
0x28d4748a6f702c23ed8030ea9d5139463d75d81b,2026-06-14T09:15:15+00:00,2026-06-14T15:58:25+00:00,2,0,0,7.014,7.01,13.988942,2
0x28d75d9a2810748843cc7af7ec67b8a054c696d8,2026-05-05T22:02:36+00:00,2026-05-06T16:51:36+00:00,2,35.17,35.17,0,0,2.21571,2
0x28e054d1818f66231188578487799831f77d2383,2026-05-23T22:29:58+00:00,2026-05-24T10:06:32+00:00,2,0,0,1.47,1.46,2.89923,2
0x28e7c608b202eb29149654712039dc34114fc0c3,2026-05-03T02:20:56+00:00,2026-06-12T02:05:40+00:00,2,0,0,2.074687,2.07,4.0637879999504396,2
0x28fcfce0a2910e031ab59fc5dc76487e94504e92,2026-06-06T18:30:06+00:00,2026-06-06T18:30:06+00:00,1,166.666666,0,0,0,0.999998996000004,1
0x28ffdd16e119686298ad9df3baad0405980e721c,2026-01-30T17:29:20+00:00,2026-03-23T04:12:09+00:00,3,9.105688,9.1,0,0,3.8189980000003701,3
0x290ed9d38cac896906635f22993a7787796f57fd,2026-05-01T02:24:40+00:00,2026-05-01T10:30:20+00:00,2,0,0,50.93,50.93,98.65141,2
0x2920a6a7134bb15e280ada620a9bbecac43c7a6a,2026-04-14T14:39:45+00:00,2026-06-07T15:01:34+00:00,5,11252.070331,0,0,0,169.9999989986388095,5
0x29211764005b7142f594d8a5c54a85c5453b8485,2026-06-13T20:59:21+00:00,2026-06-13T20:59:48+00:00,2,14390.0,0,0,0,43.1700,2
0x292c72e927c3e79bb3f59e466b878ebaefd6a010,2026-02-21T16:46:56+00:00,2026-02-21T16:46:56+00:00,1,5.0,0,0,0,2.150,1
0x29313474cc4e8dd00406bd2dbd69a0d92e5d365b,2026-05-20T17:12:53+00:00,2026-05-20T17:12:53+00:00,1,8299.844615,0,0,0,99.9999997465224545,1
0x29385841092c87824d4230aa09a1142679bd0d98,2026-05-02T05:48:10+00:00,2026-05-02T05:54:04+00:00,2,0,0,22.85,22.85,43.82630,2
0x293a637c4cfe4e2c866c3ea730f355d0cf82456b,2026-06-16T08:38:43+00:00,2026-06-16T08:38:43+00:00,1,200.0,0,0,0,1.0000,1
0x293d7097462a089e11ced9437c11b04d4ce62737,2026-05-05T04:52:44+00:00,2026-06-17T18:00:41+00:00,47,0,0,558.64,558.63,1104.69249,42
0x293e5821578e7c437adce886ee45c4593ac37674,2026-05-13T15:05:20+00:00,2026-05-15T10:47:23+00:00,2,76.923075,76.92,0,0,1.7691989980769475,2
0x293ff04a3879e40278790a52027adcdf420728c1,2026-06-14T05:44:24+00:00,2026-06-14T11:46:40+00:00,2,0,0,36.072,36.07,71.961646,2
0x2946f84060975d79893fb34ca4772af183933efd,2026-05-09T19:56:44+00:00,2026-05-09T20:02:25+00:00,3,608.598235,608.59,9.329933,0,28.5088340082211600,3
0x2955e8043937664c322950b3a68e7f1cbf740b87,2026-03-19T07:34:23+00:00,2026-03-19T07:34:23+00:00,1,40.403075,0,0,0,4.9999990011465150,1
0x2965a6becff051c7c3c73611f1adea5cbd214725,2026-05-09T04:31:43+00:00,2026-05-09T04:31:43+00:00,1,117.647057,0,0,0,1.9999990042941326,1
0x2977a92b98ac2713b952dd51c0e031e6adab4eb0,2026-04-28T20:30:30+00:00,2026-04-29T00:04:38+00:00,4,500.0,499.9,500.0,499.9,997.9004,4
0x29811548b0c01b0867cbfbc39a89a706d656d695,2026-06-14T00:10:36+00:00,2026-06-14T06:10:45+00:00,2,0,0,21.042,21.04,41.976796,2
0x2984cdd6b023c3cf6c9290348a54f686dfc03ae8,2026-05-10T10:31:42+00:00,2026-05-10T10:31:42+00:00,1,58.823528,0,0,0,0.9999999995294112,1
0x298f4b702bee30469a7f1f6578d3d5c0faab7642,2026-02-10T01:32:49+00:00,2026-04-24T08:14:26+00:00,3,34.664781,0,0,0,6.9999959998400253,3
0x299af8616883b73337cffa615c99d41d56ea3576,2026-05-16T07:57:34+00:00,2026-06-16T05:10:09+00:00,2,1375.0,1375.0,0,0,16.5000,2
0x29a4efd0055cd0f269ea0fba1e124225770be001,2026-04-18T18:37:08+00:00,2026-04-19T07:47:00+00:00,16,0,0,47.934875,47.93,91.36340200,16
0x29acfd8884113defac7829dc2a8d8945edd0069b,2026-05-04T01:54:22+00:00,2026-05-04T15:00:10+00:00,4,0,0,113.61,113.61,219.08484,4
0x29b0a24ba068de2ab61cd9c4461482b465b60eaf,2026-06-10T18:09:06+00:00,2026-06-10T18:09:06+00:00,1,0,0,1.002,0,0.999996,1
0x29b68c91a1249f1a262032e6daaad552a051e710,2026-06-07T00:22:16+00:00,2026-06-07T00:22:16+00:00,1,200.0,0,0,0,1.0000,1
0x29ba45c185e5dc19885256ebfe80557427e11223,2026-06-07T19:07:00+00:00,2026-06-07T19:07:00+00:00,1,0,0,1.006035,0,0.9999979999607145,1
0x29c48724dd67c4bb37d7c5560496c3bbb526694a,2026-05-05T16:04:18+00:00,2026-05-17T06:03:41+00:00,4,0,0,1473.240542,1473.24,2920.5260240028065858,4
0x29d29897bbcb1b5e4a08069c103bf7b5d18622f9,2026-06-10T07:52:04+00:00,2026-06-10T07:52:04+00:00,1,0,0,1.023,0,1.019931,1
0x29e0b205bd64877081f49d8ecc8897867bcdbb97,2026-05-22T05:39:53+00:00,2026-06-07T06:19:46+00:00,2,3111.11111,0,0,0,19.99999999,2
0x2a0126be371e3845396c24325db095ba68580b56,2026-05-19T22:12:42+00:00,2026-05-19T22:12:42+00:00,1,1000.0,0,0,0,9.0000,1
0x2a019dc0089ea8c6edbbafc8a7cc9ba77b4b6397,2026-06-17T15:44:07+00:00,2026-06-17T15:44:07+00:00,1,0,0,3000.0,0,2991.0000,1
0x2a0412a2f8b363d7ad85c8b3a3953eb398f73319,2026-06-13T06:43:54+00:00,2026-06-13T06:43:54+00:00,1,0,0,10.02,0,9.99996,1
0x2a0576a4b5e3ecb8204a62a63cc724692f2da023,2026-06-08T03:04:12+00:00,2026-06-08T03:04:16+00:00,2,0,0,12.7938,12.79,25.4430910,2
0x2a0aeffc0f11f9e800d4fc4694e640b2de3d222c,2026-03-05T02:04:47+00:00,2026-06-09T07:01:43+00:00,2,112.444443,112.44,0,0,30.4497589992911805,2
0x2a0cfefdef5a581dce2f31806b838739af5d0e04,2026-06-14T16:13:49+00:00,2026-06-14T16:13:49+00:00,1,6666.666666,0,0,0,19.9999993313333334,1
0x2a107eb58461d60129d002da2a7d93f50600932b,2026-06-07T19:03:25+00:00,2026-06-07T19:03:30+00:00,2,0,0,11.478872,11.47,22.7997080000634632,2
0x2a110798e0efc2cff637780db64dc1bdb5d7007b,2026-05-12T07:43:37+00:00,2026-06-03T06:15:53+00:00,4,0,0,170.531795,170.53,336.5384299993870682,4
0x2a1410533fe6abeeff9d124a51f023539b64e0fb,2026-06-17T18:00:52+00:00,2026-06-17T18:00:52+00:00,1,0,0,30000.0,0,29970.0000,1
0x2a1951c5f517398bdfbaca2e849f7ac6684aa5ab,2026-04-29T10:42:18+00:00,2026-05-25T06:36:14+00:00,2,0,0,5.1979,5.19,10.117704,2
0x2a1d307fce5b38e1fd23961e0d4ba95d4d768a73,2026-03-27T04:29:49+00:00,2026-04-02T06:30:47+00:00,8,4108.222221,4108.22,0,0,577.2775989986222232,8
0x2a24e4e4acd896e269bea0c04dfc921b36ceb8dd,2026-05-15T04:02:40+00:00,2026-06-05T16:50:33+00:00,3,0,0,200.0,100.0,296.6000,3
0x2a25f7cbf3fc823e315c31602d2eccab85788055,2026-04-06T05:02:39+00:00,2026-04-20T05:34:06+00:00,34,0,984.23,74.92,0,120.9091,34
0x2a2af94bf4f4a5de77e0d888e7ec6569b1a99468,2026-05-02T07:05:50+00:00,2026-05-11T09:52:01+00:00,4,0,0,127.25,127.25,246.6818,4
0x2a3d6f6df6879520ebadf5df3e7aed4f6aea1a5c,2026-06-17T12:17:10+00:00,2026-06-17T12:17:10+00:00,1,298.0,0,0,0,0.8940,1
0x2a4577db3a370947fa0d7ec0f785f179bffbf03c,2026-05-15T08:10:55+00:00,2026-06-05T17:49:55+00:00,3,0,0,200.0,100.0,296.6000,3
0x2a468c88b0601a749a806e4761b4fe75e9bc6564,2026-03-03T22:16:45+00:00,2026-03-13T04:02:47+00:00,2,0,0,1.408449,1.4,1.9659980000009559,2
0x2a544058be9f5c1a8c1e5b5efb6419bbc3d8e334,2026-06-13T22:43:42+00:00,2026-06-14T10:47:34+00:00,2,0,0,306.72,306.72,611.59968,2
0x2a57609f209f4aaf665a52b53300f5aeba2c4f76,2026-02-03T18:41:08+00:00,2026-02-03T18:41:08+00:00,1,6.521738,0,0,0,2.9999990000000832,1
0x2a587ed36bb857e935a5605f55a7b46115689b9c,2026-03-31T03:34:03+00:00,2026-03-31T07:03:39+00:00,2,0,0,1200.0,1200.0,2256.000,2
0x2a59864837b56ced63998a99fc26e1107a7c778c,2026-04-26T04:11:10+00:00,2026-05-18T16:38:47+00:00,3,0,0,60.077923,60.07,116.6033739998678501,3
0x2a5b53ce9c6c0f04330280de203be0c6427ab78b,2026-04-03T14:27:21+00:00,2026-04-07T22:57:09+00:00,2,0,0,1.06314,1.06,1.9745830,2
0x2a5c973ed4236a966a98540c5b9c0f8bda1ee98b,2026-06-07T06:20:37+00:00,2026-06-07T06:20:37+00:00,1,0,0,10.04,0,9.99984,1
0x2a65a1efd4fa45e1b2818d92db7ae3a02337ed4a,2026-05-11T00:20:35+00:00,2026-05-11T00:21:05+00:00,3,50.00,50.0,0,0,2.0000,3
0x2a7827f1c2887b5b8e8ddcef7f05f579479670dc,2026-05-01T08:27:12+00:00,2026-05-01T08:27:12+00:00,1,166.666665,0,0,0,4.9999990000000095,1
0x2a89f07d0fbc8efc62edcda49713d494751c45f3,2026-05-04T20:55:58+00:00,2026-05-07T17:34:42+00:00,4,0,0,102.53,102.53,199.55677,4
0x2a8b77177c1bd8a26e00d98d1fb6bb35a2ab4484,2026-05-11T15:18:29+00:00,2026-05-11T15:18:29+00:00,1,47.619046,0,0,0,0.9999989993333662,1
0x2a9ef3ecb2d858e9aa095e3d49fba370f34b0edd,2026-05-07T12:21:27+00:00,2026-05-08T12:30:36+00:00,15,0,0,1.134,0.81,1.88649,15
0x2aae07fd1388d00b5a4d425fdfc6ea13e9a5a80c,2026-05-01T02:46:38+00:00,2026-06-06T05:19:43+00:00,4,0,0,144.0,144.0,281.53216000,4
0x2ab08c5432caa4a82b260d175334f279c0388a73,2026-05-15T08:16:01+00:00,2026-06-05T17:55:46+00:00,3,0,0,200.0,100.0,296.6000,3
0x2ab19a824698f0468033a336bf9ddffc171b1386,2026-05-17T16:10:41+00:00,2026-05-18T04:01:58+00:00,2,0,0,128.42,128.42,254.114740004064,2
0x2ab38459f9e1f912656051a42b41db58b847d47c,2026-02-02T19:27:28+00:00,2026-03-22T11:12:31+00:00,22,480.00,479.992701,0,0,340.0972990000002331,22
0x2ab6ef9a25cd7c169af2c4b41da6214bacf6c8a8,2026-03-04T01:03:01+00:00,2026-03-04T23:27:47+00:00,2,7.78125,7.78,0,0,4.5906000,2
0x2ac94a65cb9b6227608e4a058daa1c011aaba3ca,2026-05-16T15:24:47+00:00,2026-05-16T15:47:20+00:00,2,0,0,1777.665833,1777.66,3530.438558002,2
0x2accf659831fc5b1370c8fc03fbbd0b000d3cfed,2026-05-05T18:10:46+00:00,2026-05-16T18:54:01+00:00,6,357.00,357.0,0,0,12.13800,6
0x2addd7539b86e88b72a522b13ce9d78e77f6f5ba,2026-05-02T01:26:46+00:00,2026-05-11T16:59:00+00:00,4,0,0,39.49,39.49,76.35871,4
0x2aed2d57bde02ca2f081f457a42b0c3bfc1f0d3c,2026-06-10T20:49:54+00:00,2026-06-11T02:38:06+00:00,2,0,0,15.0,15.0,29.9100,2
0x2afbcac2dd38ac9f0bb0e20c6ea98a447bb1af2d,2026-06-07T18:03:51+00:00,2026-06-07T18:03:51+00:00,1,0,0,23.1154,0,22.9998230,1
0x2b0730c44acc3e4c101b48ca34229da3bd6037ea,2026-02-06T23:00:33+00:00,2026-02-06T23:06:19+00:00,2,7.142856,7.14,0,0,7.7841990000000576,2
0x2b0879f4781829de2ddb656f9d6cc4585228c326,2026-06-08T04:33:06+00:00,2026-06-08T04:33:06+00:00,1,0,0,1.1054,0,1.0998730,1
0x2b0ddf6bf2e8fcae62c749d82383c633201d966c,2026-05-02T03:36:42+00:00,2026-05-02T10:36:50+00:00,2,0,0,50.62,50.62,97.34226,2
0x2b0ed9bf247a907f09ac3bd6e19fb5100f5da9bd,2026-02-13T13:40:55+00:00,2026-02-13T13:52:59+00:00,2,0,0,3.883858,0,1.9999980000002211,2
0x2b108ca8372d8f0a508a9322f4b12c3f5ac131a8,2026-05-05T12:55:20+00:00,2026-05-05T23:47:18+00:00,2,0,0,88.71,88.71,172.62966,2
0x2b27b235a4d597f61d7cde07519fb181262bb245,2026-06-09T04:01:45+00:00,2026-06-09T04:02:06+00:00,2,0,0,10.08025,10.08,20.06952900,2
0x2b2d5e76e841d8be28b3657b6c24526dcccb0c95,2026-05-13T21:26:03+00:00,2026-05-22T16:36:34+00:00,2,372.001428,372.0,0,0,8.7199999926746808,2
0x2b3a0e34f97786fcbe6db55f82854cc8baef865f,2026-03-05T02:58:05+00:00,2026-06-09T08:14:01+00:00,2,156.25,156.25,0,0,50.62500,2
0x2b449193ae4854db9d0aee42e62e2ff82abc41ef,2026-06-07T13:22:52+00:00,2026-06-07T13:22:55+00:00,2,0,0,12.412059,12.41,24.6855379999950488,2
0x2b5920274740ca61745eeb077587bf5bb4ff9db6,2026-04-29T06:31:50+00:00,2026-06-17T18:00:41+00:00,284,0,0,42703.37,0,42021.17214,284
0x2b6b6c07a76905dfcf60c083236341c7ec83f0a8,2026-06-08T22:13:03+00:00,2026-06-09T07:39:03+00:00,2,0,0,13.0,13.0,25.8700,2
0x2b7d790cebea3744a67b86786899c3f6499f636c,2026-06-12T17:53:04+00:00,2026-06-12T17:53:04+00:00,1,0,0,1.002,0,0.999996,1
0x2b7f75ad55f960b7e5d4003c0b4f2106d1a24080,2026-06-08T03:21:43+00:00,2026-06-08T03:21:49+00:00,2,0,0,12.4422,12.44,24.7453490,2
0x2b8ec9e06e9d527fb54f9b99530ff2f4a4a277a6,2026-06-14T08:09:37+00:00,2026-06-14T08:09:37+00:00,1,0,0,1.002,0,0.999996,1
0x2b92d30cb8157833f898bced93d987ebd4b9b1d0,2026-05-01T15:27:14+00:00,2026-05-01T15:27:14+00:00,1,31.25,0,0,0,1.00000,1
0x2b9dd0a3ae93bf0d08ef733650bb9002160574f5,2026-04-26T22:24:44+00:00,2026-05-30T14:55:59+00:00,48,62706.96,5939.7,0,0,2153.298780946277,48
0x2b9f20a79dbeccf2d87bfaa04a68b33ae0953987,2026-06-16T18:26:23+00:00,2026-06-17T17:42:26+00:00,7,14.992,9.99,0,0,0.043964,7
0x2baa47571daf431e057917a3b931cfd4643fe6db,2026-04-30T14:36:52+00:00,2026-04-30T14:36:52+00:00,2,200.0,0,0,0,5.8000,1
0x2bab6c0afb82710ec3c5999b49cec9305b084795,2026-06-07T19:26:12+00:00,2026-06-07T19:26:16+00:00,2,0,0,11.156833,11.15,22.1618419997686334,2
0x2bb27385f1e37233c9dd8ec8346a0033188f8221,2026-05-17T16:10:41+00:00,2026-05-18T02:47:06+00:00,2,0,0,57.86,57.86,114.50494,2
0x2bc901c96def875b5508e6f9ef8082404663d4ed,2026-06-11T09:45:48+00:00,2026-06-11T09:45:48+00:00,1,0,0,1.002,0,0.999996,1
0x2bd05d56c530ddb90b51a29664e5f4a0ba3fa501,2026-06-14T15:09:24+00:00,2026-06-14T15:09:24+00:00,1,0,0,2.004,0,1.999992,1
0x2be7cbe3447b74ef315c2d0c45a020137fee546f,2026-06-01T10:19:36+00:00,2026-06-01T10:19:36+00:00,1,277.777777,0,0,0,2.4999989930000028,1
0x2bea18413369d2de928c41223fda6b9f58cf2aed,2026-04-30T05:24:10+00:00,2026-06-17T18:00:41+00:00,52,0,0,2387.23,2387.224443,4701.3051580002500689,49
0x2bea6092d618f9511ffb14e2ea231eb940b35625,2026-05-25T19:26:26+00:00,2026-05-25T19:26:26+00:00,1,428.571428,0,0,0,5.9999990062857156,1
0x2bf01d62ce8eda982331383a4488ec10b3175acf,2026-06-16T00:03:49+00:00,2026-06-16T00:03:49+00:00,1,0,0,29.216866,0,29.0999980013313522,1
0x2bf7b0c3cfe50297994fba546e664d2bd30228e5,2026-06-10T22:58:46+00:00,2026-06-10T22:58:46+00:00,1,0,0,31.062,0,30.999876,1
0x2bf7bbaf6e5ea490a26ffba837078c636699f162,2026-06-02T17:19:07+00:00,2026-06-02T17:19:07+00:00,1,0,0,1.039333,0,1.0299789999859343,1
0x2bfa33b633e37e1436c5e99d6db77317f020b5a7,2026-06-13T22:32:06+00:00,2026-06-13T22:32:06+00:00,1,0,0,37.715,0,37.639570,1
0x2bfb3faaa8aa9eb92c1776e9675300a3ea83d88c,2026-05-14T05:36:34+00:00,2026-05-14T05:36:34+00:00,1,0,0,3.667615,0,3.6199359998653390,1
0x2c20c67117fa24cd2222454859f469ea133864c4,2026-05-25T19:44:52+00:00,2026-05-28T13:28:20+00:00,2,773.809523,0,0,0,9.9999979900000020,2
0x2c27b150af3b40fd01359628c4d14fe9d2bc92d0,2026-06-10T17:55:15+00:00,2026-06-10T17:55:15+00:00,1,0,0,1.002,0,0.999996,1
0x2c3c9aee6063b234d360d408ca844ddb1ecf4732,2026-06-02T20:59:55+00:00,2026-06-05T20:03:15+00:00,2,242.857142,0,0,0,1.999998994000006,2
0x2c4216942da11aeb0ef5b50265b491fcf425a094,2026-05-06T07:00:18+00:00,2026-05-06T07:00:18+00:00,1,137.931033,0,0,0,3.9999990052758723,1
0x2c48f56e4d5074053df4a3f2f361094c05d0b942,2026-05-05T12:55:20+00:00,2026-05-06T00:52:30+00:00,2,0,0,58.46,58.46,113.76316,2
0x2c4f966273d4125533ebb527d5ce71ce11a9fd4d,2026-05-28T02:15:15+00:00,2026-05-28T02:15:15+00:00,1,0,0,1.013153,0,0.9999819999566323,1
0x2c5a93a259c34e42a854c944afff63c2894129e7,2026-05-31T03:00:46+00:00,2026-05-31T03:08:58+00:00,4,0,0,20.202018,20.2,39.9777959997981782,4
0x2c63a5c7a65adfccb4de200be529a8ae50500680,2026-06-16T16:47:02+00:00,2026-06-16T16:47:02+00:00,1,6000.0,0,0,0,18.0000,1
0x2c654dcc402d870945293201df05902f14d79379,2026-05-13T23:01:43+00:00,2026-05-26T17:15:24+00:00,3,335.714284,146.86,0,0,6.9028990024285764,3
0x2c734154d2d600a57925ff9efd08245f81dc1ba6,2026-06-07T09:31:25+00:00,2026-06-07T09:31:25+00:00,1,200.0,0,0,0,1.0000,1
0x2c743b52e9d518af9a1340a1660ccdd987606173,2026-05-26T08:10:39+00:00,2026-05-26T08:10:39+00:00,1,0,1.7,0,0,0.0238,1
0x2c7838acef26efee3354581f602934a6cfe3adf3,2026-05-16T00:30:37+00:00,2026-05-19T01:20:05+00:00,20,0,0,9.988529,9.94,19.7801860001565585,20
0x2c876ab08baab2a3984903aae35dd9f90affb44b,2026-06-17T15:53:47+00:00,2026-06-17T15:53:47+00:00,1,750.0,0,0,0,2.2500,1
0x2ca841c1092828e59ec3878085df57bde773429c,2026-05-02T02:28:18+00:00,2026-05-18T05:54:36+00:00,5,0,0,447.91665,447.91,872.9829740,5
0x2cc133f81a8ba9aca82341153dc71b09cb203e21,2026-05-30T02:45:23+00:00,2026-05-30T02:45:23+00:00,1,10.0,0,0,0,0.0500,1
0x2cc22b9adde19093bd7d9f9328933e66705ccc9a,2026-05-22T08:18:12+00:00,2026-05-25T05:52:16+00:00,2,0,0,10.887,9.9,20.581104,2
0x2cc798c8eef1fae6266c5cda2bf2b607c5372385,2026-05-06T11:46:38+00:00,2026-05-06T11:46:38+00:00,1,0,0,20.0,0,19.200,1
0x2ccf682db781cdcac1832a0150a756d274a32381,2026-04-13T20:53:03+00:00,2026-04-18T19:37:04+00:00,2,0,0,5.208325,5.2,9.93999200,2
0x2ce2177f0733389b29d4ec335b06c8a9361289f9,2026-05-13T03:07:10+00:00,2026-06-03T07:10:48+00:00,3,0,0,180.072953,90.35,267.1753319986802048,3
0x2ce4bfec67a1b9a4497f83afc7d3883ab9ecbb54,2026-06-03T20:10:15+00:00,2026-06-05T19:40:16+00:00,3,4583.333333,4583.33,0,0,67.499979997,3
0x2cf3d8ca4387c79a39ff9319f1b246961d6651c6,2026-04-30T01:21:00+00:00,2026-05-18T05:54:36+00:00,2,137.931033,137.93,0,0,5.5172290052758723,2
0x2cf830ba437bbd453d84816b865b231b7f1ffbc3,2026-06-15T01:20:54+00:00,2026-06-15T01:20:54+00:00,1,0,0,8.8475,0,8.8298050,1
0x2d04d9a5f307f6e1d95d8bdfc78c85a269ef1c96,2026-03-03T00:20:21+00:00,2026-03-03T00:20:21+00:00,1,10.0,0,0,0,4.400,1
0x2d10abf42c3553e4cdba277f06f2fbb4a9399704,2026-03-30T18:12:47+00:00,2026-03-31T11:28:43+00:00,2,0,0,5.26314,5.26,9.9443830,2
0x2d16f5b4bf5b39c0600d962865a11fa68420843b,2026-02-16T15:45:49+00:00,2026-03-09T16:57:39+00:00,3,30.0,30.0,0,0,23.500,3
0x2d1a65179f2668b0c1a5f0836ca190a649575c0b,2026-04-25T03:57:20+00:00,2026-04-25T03:57:20+00:00,1,217.391303,0,0,0,9.9999990032173971,1
0x2d1b42b5acda2aa7ca085d5448b78f039001b3a2,2026-05-18T02:32:24+00:00,2026-06-10T14:56:15+00:00,2,76.923075,76.92,0,0,1.1538389980769475,2
0x2d1b894074fa4c26f5afc0b8b7405a35c758f055,2026-03-31T22:48:11+00:00,2026-05-16T07:13:33+00:00,19,27041.996287,27041.99,0,0,1957.8333287461675349,19
0x2d1fd3e2e3b8d6052f7eb7dfb5b137dbd9b016ac,2026-05-17T18:44:51+00:00,2026-05-18T07:49:37+00:00,3,0,0,116.33,116.33,230.33340,3
0x2d274e6bffb78ab4b64fc1e00a59ee47b5e68cc0,2026-04-18T04:30:42+00:00,2026-04-18T12:18:28+00:00,2,0,0,336.1,0,318.455,2
0x2d2b98920d32e24c82a46418c512a3b7a9ec7240,2026-06-08T03:55:57+00:00,2026-06-09T13:01:21+00:00,2,1000.0,1000.0,0,0,10.0000,2
0x2d2c34bbb190ac2ef1e7930c10dcb47b6fb5b86b,2026-05-31T13:04:28+00:00,2026-06-04T09:25:03+00:00,2,0,0,110.0,110.0,218.2400,2
0x2d3aff42cfc7045533b501c325ae09e11be83658,2026-03-23T14:30:37+00:00,2026-03-23T14:30:37+00:00,1,20.0,0,0,0,1.400,1
0x2d404f1ad667fb3577441981174ce5a67a536a65,2026-05-03T18:34:28+00:00,2026-05-04T01:35:28+00:00,2,0,0,60.98,60.98,117.50846,2
0x2d477c66e77e5eb48b2d8ae53caae4f24e7e222e,2026-05-03T19:14:50+00:00,2026-05-27T02:45:36+00:00,2,936.936934,0,0,0,19.9999979820540610,2
0x2d5264f35bbf1377fc8de80f44999e5bc8125bb8,2026-06-09T12:21:39+00:00,2026-06-09T12:21:39+00:00,1,18876.0,0,0,0,94.3800,1
0x2d5f6e7926e0c898819adc071d556ca7edd19c36,2026-06-07T15:04:13+00:00,2026-06-07T15:04:13+00:00,1,0,0,20.0,0,19.8800,1
0x2d74177de2c5381767a811e7513f0b2c37733458,2026-04-25T00:49:40+00:00,2026-04-25T00:49:40+00:00,1,111.111111,0,0,0,4.999999995,1
0x2d862f563e09c8e594b2225f08d2a3b348c0fb47,2026-05-17T06:45:29+00:00,2026-05-17T20:12:19+00:00,2,0,0,121.95,121.95,241.94880,2
0x2d9d55a845ebc59f09df2e006cc856655a9a7118,2026-05-08T19:37:31+00:00,2026-05-08T19:37:31+00:00,1,58.823529,0,0,0,0.9999989988823599,1
0x2da0a81b0548e8bf2d9d4b601113f7ae3aeaebe4,2026-05-05T20:42:20+00:00,2026-05-06T04:47:40+00:00,2,0,0,52.62,52.62,102.24066,2
0x2da55567afa789db6cd2838d58aced669a49b902,2026-06-16T21:46:59+00:00,2026-06-16T21:46:59+00:00,1,1000.0,0,0,0,3.0000,1
0x2dada6827be62cb4dcca4d0761805b32de4a00cb,2026-04-20T13:34:38+00:00,2026-05-04T15:43:50+00:00,2,63.886421,0,0,0,1.999997999702850,2
0x2db90f8bf381b2092654fe1de8950a1195ec846c,2026-06-17T18:03:35+00:00,2026-06-17T18:08:34+00:00,3,0,0,33.89,0,33.85611,3
0x2dbce932a92c8ea4146347b4e6f9f1ecdbfd8979,2026-05-01T00:27:06+00:00,2026-05-01T00:27:06+00:00,1,57.142857,0,0,0,1.9999990007142882,1
0x2dcecb193daf0c313fa7575f250a7a639d93b793,2026-05-25T10:16:10+00:00,2026-05-26T02:55:15+00:00,2,1392.930768,0,0,0,18.731799984,2
0x2dd928687d0e68d1a95a7446d6f4e5e53ef0fe70,2026-05-06T12:48:24+00:00,2026-05-06T12:48:24+00:00,1,0,0,30.0,0,28.9200,1
0x2de4553df0307cb3267e67d50db9ad1645c5da40,2026-06-07T17:16:27+00:00,2026-06-07T17:16:27+00:00,1,0,0,1.0452,0,1.0399740,1
0x2df3ec7581662101a5ab9850ca4135b18ae8cdac,2026-03-13T14:57:47+00:00,2026-03-19T20:04:33+00:00,3,0,0,3.166939,3.16,4.9807969999291932,3
0x2df47ce6394617e1817fba1f2c1efa87400bb816,2026-05-12T13:39:01+00:00,2026-05-29T09:26:00+00:00,4,0,0,96.9635,96.96,191.45094000123733,4
0x2df4acea40d521fe031dec4d0e386a6980daa9b5,2026-06-17T02:38:48+00:00,2026-06-17T02:48:58+00:00,2,3333.333332,0,0,0,9.9999979960000008,2
0x2e087647701e5c24ea467bd15cec1e52baed6f18,2026-06-16T10:32:45+00:00,2026-06-16T10:32:45+00:00,1,0,0,57.0,0,56.7150,1
0x2e13b2a7d753d2f5cba3633a24d4de83633fdc6a,2026-05-01T11:43:52+00:00,2026-05-01T20:15:30+00:00,2,0,0,42.27,42.27,81.58110,2
0x2e26624d65c861b1e3adf4b953d1a137e493256d,2026-02-17T08:43:03+00:00,2026-02-17T08:43:43+00:00,2,11.272726,11.27,0,0,12.2857990001454884,2
0x2e311671ca5726d1e1999da8926bb3398d4b93a3,2026-06-03T18:16:13+00:00,2026-06-04T14:10:22+00:00,51,8000.00,8000.00,0,0,128.00000,51
0x2e39156d0f2e4ecfd945324a4d1cb1d3b0743cb9,2026-06-07T19:01:12+00:00,2026-06-07T19:01:16+00:00,2,0,0,11.519113,11.51,22.879427999464836,2
0x2e3a93094a7897105533cebae59f252d04d5bb1d,2026-03-05T02:14:19+00:00,2026-03-05T02:14:19+00:00,1,0,0,6.94,0,4.9968,1
0x2e3caae0d6a274d1894ed4e48047f99bc27abbd8,2026-04-27T23:12:30+00:00,2026-05-27T08:49:20+00:00,13,1373.08,1373.08,0,0,72.14632,13
0x2e488c22ba4466e3c171a1d0529fa67d5f9838ba,2026-04-06T22:10:11+00:00,2026-04-07T02:53:01+00:00,2,29.44,29.44,0,0,5.0048,2
0x2e4a59328fa2783fa6716ad54c675131b9f0f551,2026-05-09T06:45:30+00:00,2026-05-09T06:45:30+00:00,1,62.5,0,0,0,1.0000,1
0x2e523161931e1214a7533856fabe8d1500a8e520,2026-04-02T15:31:15+00:00,2026-04-02T15:31:15+00:00,1,14.285713,0,0,0,0.9999990000000819,1
0x2e55d610035896e10eef01b681e4a777d48b760d,2026-05-11T08:55:44+00:00,2026-06-15T15:51:15+00:00,5,2250.0,2250.0,0,0,51.7500,4
0x2e57351bf530137c7fe659084c330c3377992deb,2026-02-23T16:29:16+00:00,2026-03-04T00:33:17+00:00,2,23.47,23.47,0,0,17.8372,2
0x2e61725bfec412f6f989275aed893fcd8980e7ae,2026-05-18T08:59:56+00:00,2026-05-18T08:59:56+00:00,1,0,0,1.01109,0,0.999967999990209,1
0x2e658aaf7409d4b8aaac7f019970f9aa3a6acaf9,2026-03-06T13:40:03+00:00,2026-03-13T15:16:21+00:00,4,15.711915,15.71,0,0,10.7113979999530965,4
0x2e68845170af9dcf46c1e477d688205a90276898,2026-06-09T19:35:24+00:00,2026-06-17T18:00:41+00:00,4,0,0,188.476666,188.47,376.080342002,4
0x2e6c1d2a76fefe284fb4f6acc2912f33b5b63e81,2026-03-21T08:54:53+00:00,2026-03-24T17:29:05+00:00,2,9.090908,9.09,0,0,1.6362990000001056,2
0x2e72c799b9a56de3b09ae99d50cec7902797c55f,2026-04-29T21:28:38+00:00,2026-04-29T21:28:38+00:00,1,200.0,0,0,0,7.2000,1
0x2e7406ca0afa3e33eec087f8178a3483348b38e1,2026-06-08T14:41:19+00:00,2026-06-12T17:59:39+00:00,2,0,0,29.11625,29.11,58.02245500,2
0x2e81a8e605b0ea323b2dfe20970efa536f586917,2026-05-01T14:27:22+00:00,2026-05-06T04:14:22+00:00,2,0,0,49.85,49.85,96.75885,2
0x2e92c3c34f224f26fce69661486b855c4d7c284c,2026-06-08T06:52:22+00:00,2026-06-08T06:52:27+00:00,2,0,0,11.427,11.42,22.721345,2
0x2e98512b844abd242707a54032955c15f65f4198,2026-05-02T05:48:10+00:00,2026-05-02T05:52:58+00:00,2,0,0,22.86,22.86,43.84548,2
0x2ea6a2539fd4dd829415545271cc2a4e2cce470f,2026-06-13T22:43:42+00:00,2026-06-16T04:44:37+00:00,2,0,0,520.0,520.0,1035.8400,2
0x2ebff74bafa9ec483bb8a1659f759533b85404ad,2026-01-31T13:27:40+00:00,2026-02-25T10:06:18+00:00,2,4.407406,4.4,0,0,4.3599989997963730,2
0x2ec2bfb1bddf77dfc96136485618b620aa161176,2026-05-26T17:30:13+00:00,2026-05-30T20:13:45+00:00,2,71.875,71.87,0,0,1.724960,2
0x2ed5fdd789e4e7925f74a84c32d33b9a1e62e533,2026-03-13T14:58:07+00:00,2026-03-19T18:34:31+00:00,2,0,0,2.2,2.2,3.432,2
0x2ed8f7a10686dbb0fb15f5c3335f30e0043793d4,2026-01-30T17:20:08+00:00,2026-06-06T21:26:58+00:00,4,1059.02,1059.02,0,0,213.864679998348,4
0x2eda3ba7b7d0ce1c0ed3c3d9957ab9610f1a6d2a,2026-05-12T15:51:22+00:00,2026-05-12T15:51:22+00:00,1,333.333333,0,0,0,4.999998995000001,1
0x2edf5ec446eb7be866387de2377cb13854874f78,2026-05-12T08:30:33+00:00,2026-05-12T10:34:51+00:00,3,0,0,185.0,185.00,361.86000,3
0x2eef3a18bc771827af0649a81aa54148a8e8eaca,2026-05-21T04:58:18+00:00,2026-05-26T13:01:15+00:00,2,100.0,100.0,0,0,2.4000,2
0x2ef701756c3b9952387dbeb016cc3d5ef49691dc,2026-05-20T20:51:27+00:00,2026-05-20T20:51:27+00:00,1,4642.769165,0,0,0,54.9999998881651195,1
0x2ef90ad5483d2de06e4d6fa997dfd0a29b8919ea,2026-05-09T02:23:09+00:00,2026-06-10T08:27:37+00:00,2,200.0,0,10.03,0,12.99991,2
0x2f007c0b492f98246c7e6d2b9a534f03f93338ff,2026-05-17T16:10:41+00:00,2026-05-18T03:04:44+00:00,2,0,0,108.77,108.77,215.25583,2
0x2f257695062172caac60bd4fc8f8d91d70f42318,2026-04-15T12:55:56+00:00,2026-04-29T22:23:56+00:00,2,517.166665,517.16,0,0,49.5302490464446695,2
0x2f3702c417681d83a30a90c7c68c7a2159754c12,2026-06-07T15:04:13+00:00,2026-06-07T15:04:13+00:00,1,4385.067142,0,0,0,28.1199999106637092,1
0x2f3d7cc8ee900b0a631ca7de4dc24ed645c126e4,2026-05-15T15:46:17+00:00,2026-06-01T14:18:25+00:00,2,995.0,995.0,0,0,17.9100,2
0x2f4695864f7873c68a02eb15d6bdd2823c9a6485,2026-05-20T10:20:33+00:00,2026-06-12T10:19:01+00:00,2,0,0,9.99,9.99,19.83015,2
0x2f4e752269cd12b2db2a584c67b463811dc6d6c1,2026-03-13T10:07:01+00:00,2026-03-22T23:01:27+00:00,2,7.0,7.0,0,0,2.870,2
0x2f5242b73c0f0222b44f5b35351ebf9c0d339fba,2026-03-10T20:47:09+00:00,2026-03-24T14:09:03+00:00,6,20.34,0,20.34,0,23.0386,6
0x2f5403f783af311ef7c07c2becafb8985a67447b,2026-05-17T16:10:41+00:00,2026-05-18T02:31:40+00:00,2,0,0,95.26,95.26,188.705020002972,2
0x2f5a1cc62bc769d9647aa825b3965195eb1fe25d,2026-02-23T04:31:10+00:00,2026-06-09T07:57:10+00:00,3,532.065216,532.06,0,0,203.1282390086956544,3
0x2f5d490376a3b66d8c070318af0ee9d1ada66c80,2026-06-17T06:48:49+00:00,2026-06-17T19:05:50+00:00,2,0,0,84.96,84.96,169.66512,2
0x2f5ec283291d0af6d39241b6ae30b1fba573e184,2026-05-28T11:38:26+00:00,2026-05-28T11:38:26+00:00,1,3846.153846,0,0,0,49.9999988441538462,1
0x2f61c53d80b5cf77d202496682b03fbb4088ea25,2026-05-07T12:04:09+00:00,2026-05-07T12:04:09+00:00,1,0,0,150.0,0,145.500,1
0x2f69ea536420c890cc8ffc0a37c3b553905425c1,2026-05-27T10:32:30+00:00,2026-05-27T11:15:47+00:00,2,62.5,62.5,0,0,1.9375,2
0x2f7733d410c61115b3bfe31e3345251148d64b79,2026-06-15T23:29:07+00:00,2026-06-16T23:00:31+00:00,2,0,0,7.452333,7.45,14.8576260002547667,2
0x2f77de76a585b996c89426d560723844f3c97d26,2026-06-07T18:24:54+00:00,2026-06-07T18:24:57+00:00,2,0,0,11.8592,11.85,23.5788040,2
0x2f7860e5c8ab85c92d137b9d8a518c8870cccf68,2026-06-07T11:57:24+00:00,2026-06-07T11:57:24+00:00,1,250.0,0,0,0,1.0000,1
0x2f7fd6bd8281c4510ed7e455154f45b9b14e16dc,2026-02-23T04:39:02+00:00,2026-06-09T08:06:13+00:00,3,266.971947,266.97,0,0,116.4378780108444773,3
0x2f807fa1f4923154a2eb12e081c90adda03894b8,2026-04-09T19:23:45+00:00,2026-04-09T19:23:45+00:00,1,10.0,0,0,0,1.00,1
0x2f810fd87208328864f417f7b281526718f109b9,2026-04-30T13:43:08+00:00,2026-05-04T15:35:52+00:00,2,0,0,5.15,5.15,10.02705,2
0x2f916905350a9407fd9cd6105528d84d0160f6ff,2026-03-19T18:10:47+00:00,2026-03-19T18:10:47+00:00,1,25.0,0,0,0,3.000,1
0x2fa4218c0d9f11ddac2a819b75013cd9069b8880,2026-05-16T07:21:54+00:00,2026-05-20T13:20:17+00:00,2,0,0,10.090752,0,9.9998939997658156,2
0x2fa75511ce4002a783845361f6d0b8471dc5bb0f,2026-05-12T04:03:12+00:00,2026-05-12T04:03:12+00:00,1,238.095238,0,0,0,4.9999989980000004,1
0x2fb1200d06810ee535949d8eaa414a5ead21fb84,2026-06-08T13:01:42+00:00,2026-06-14T19:46:24+00:00,2,75000.0,75000.0,0,0,525.0000,2
0x2fb88078ac5df63e039b774a28bc87c6d586d4a0,2026-06-12T02:15:54+00:00,2026-06-15T10:34:27+00:00,4,1166.68,0,0,0,4.00004,4
0x2fba9c366060d2ee09e78b33403d184aaa45f3bf,2026-05-17T18:48:56+00:00,2026-05-18T07:00:42+00:00,2,0,0,97.58,97.58,193.20840,2
0x2fc0c5d5a3a1468abbbf848ca8c4aff229a32305,2026-05-02T09:56:54+00:00,2026-05-02T09:56:54+00:00,1,6374.871793,0,0,0,248.6199992895128207,1
0x2fc46229b551c248635ff50edc1f005168a99619,2026-05-04T15:33:42+00:00,2026-05-04T15:33:42+00:00,1,46.81,0,0,0,1.35749,1
0x2fc7ffe0bf47022774e111105356c7d23b2b70a0,2026-05-06T07:51:36+00:00,2026-05-06T07:51:36+00:00,1,0,0,6.012296,0,5.8499640001840152,1
0x2fd88241f239fdc133f0b00d1b848a6e7c0fd22e,2026-06-08T11:06:52+00:00,2026-06-08T11:06:57+00:00,2,0,0,13.0752,13.07,26.0014040,2
0x2fe4ae98d12dd1c3d77355a28d01669b1ea25504,2026-02-02T03:39:16+00:00,2026-03-18T08:05:35+00:00,7,353.640178,353.63,98.80392,98.80,376.8493969978275196,7
0x2fe727db6aaa00b13cbb6741f07044317b8142c1,2026-03-19T02:34:37+00:00,2026-06-01T00:47:09+00:00,15,100.0,10.0,90.0,2.0,93.6150,15
0x301402876ccac8c16a2e8f1ff43c9db6bf9e43a9,2026-04-29T10:29:16+00:00,2026-04-29T10:29:16+00:00,1,338.333332,0,0,0,14.2099989966666704,1
0x301d906a18bedb26eb5545a0fa1ee2faaabfc1a0,2026-05-30T09:14:42+00:00,2026-06-05T13:51:39+00:00,2,0,0,336.0,336.0,667.6320,2
0x301e5f19976436824aaa28c3d782508620bb42ee,2026-03-27T10:35:53+00:00,2026-03-27T10:35:53+00:00,1,555.555554,0,0,0,49.9999990266666690,1
0x3024821d3a7a3ffa5f1258bab54bd906d9e6b996,2026-05-13T07:10:28+00:00,2026-05-14T06:16:58+00:00,3,999.999998,999.99,0,0,27.1821079476820035,3
0x3034130802522f6d0fd9ff89381be90fe1df715b,2026-05-02T07:54:36+00:00,2026-05-02T07:54:36+00:00,1,24.634145,0,0,0,0.999998999447045,1
0x303cc6814b2036369be522fb3aa4ad246f0aaacd,2026-06-07T06:49:27+00:00,2026-06-07T06:49:27+00:00,1,0,0,21.08425,0,20.99991300,1
0x3042336336edebe712b68abc7c949f04d4d048ce,2026-06-08T03:55:57+00:00,2026-06-09T13:26:36+00:00,25,7499.9204,7499.92,0,0,74.9992020,25
0x3054410c7a6b86e2cccfd54b160fc244b72a1442,2026-06-15T16:42:52+00:00,2026-06-15T16:42:52+00:00,1,0,0,48.81525,0,48.61998900,1
0x3073c570e6efe13c771a077cfd71199c153e05b5,2026-01-31T11:56:08+00:00,2026-02-04T10:58:02+00:00,2,9.433961,9.43,0,0,9.149198999811365,2
0x3074e114dd3c1a00c57d716e445e91af2138bae5,2026-03-18T22:24:47+00:00,2026-03-18T22:24:47+00:00,1,25.0,0,0,0,2.000,1
0x3078db4a9737866b4d6529f655025b3a20f80389,2026-01-31T12:37:24+00:00,2026-03-18T21:29:15+00:00,97,325.162602,321.23111,164.40,162.817247,356.5603009993818487,49
0x3079eaf79c56da221725043503dea3ce47e34181,2026-06-11T11:57:12+00:00,2026-06-11T11:57:12+00:00,1,0,0,1.002,0,0.999996,1
0x30817c0ffef51ddf85c7c6ef246f1d28efbe004b,2026-05-29T00:09:39+00:00,2026-05-29T14:29:44+00:00,2,0,0,22.42,22.42,44.36918,2
0x308811b04a3ea02f6803df7973c43ccd039de280,2026-05-11T23:47:46+00:00,2026-05-12T23:14:49+00:00,2,0,0,20.0,20.0,39.2800,2
0x3094588e0c445cfe4b64a5bbea0c57a452d2419f,2026-06-08T07:28:13+00:00,2026-06-08T07:28:18+00:00,2,0,0,13.8792,13.87,27.5965840,2
0x3095d65742b8d87a12b52f6d13b76d196cf1b03a,2026-03-19T12:59:33+00:00,2026-03-19T21:36:09+00:00,3,9.996963,9.99,0,0,2.2984660000638833,3
0x30a53e00e89e032bdb79568a1fb0672999ac2ee0,2026-04-19T08:15:32+00:00,2026-04-19T08:15:32+00:00,1,100.0,0,0,0,5.000,1
0x30b61c4cb7e5507de520548798ab5c02c17ddfd1,2026-04-25T17:30:50+00:00,2026-04-25T17:33:38+00:00,2,0,0,15.9,15.9,30.0828,2
0x30ba20d8462d5bae3886e353bcd104a86274e054,2026-02-12T05:47:15+00:00,2026-02-12T05:47:39+00:00,2,0,0,100.0,0,53.000,2
0x30c56c29bfd12310dd80a8687fcf6164713c54c5,2026-05-06T02:17:48+00:00,2026-05-14T09:44:50+00:00,4,0,0,44.975285,44.97,87.7478119989481574,4
0x30c6374531803fe09614006d778fbc7c0cae62d3,2026-04-23T16:06:54+00:00,2026-04-23T16:06:54+00:00,1,220.0,0,0,0,11.000,1
0x30cc79b0acff35d82194aa81a2b067e026c352fc,2026-06-12T16:47:36+00:00,2026-06-15T23:32:00+00:00,4,0,0,2.405333,1.89,4.2808290000373336,4
0x30cecdf29f069563ea21b8ae94492e41e53a6b2b,2026-01-22T03:20:30+00:00,2026-04-07T23:28:41+00:00,6,0,0,65.40,0,53.0363,6
0x30d03c40e98bcc3913158d871b665e7038f7f464,2026-05-14T02:26:02+00:00,2026-05-17T16:14:18+00:00,42,0,0,2278.35,2278.35,4510.29409,42
0x30d6644f6ad0d35d735670785557562c56d3e125,2026-05-06T07:10:50+00:00,2026-05-06T07:16:56+00:00,2,3253.793102,3253.79,0,0,175.1858189344700694,2
0x30ee227cdd717014316495613e7b9847493d02b6,2026-05-17T23:35:23+00:00,2026-05-18T11:48:13+00:00,2,0,0,91.21,91.21,180.50459,2
0x30f86ca100a1e1fd2c88f9cb45b1e7350df7e0f3,2026-03-30T20:27:05+00:00,2026-03-30T20:27:05+00:00,1,166.666665,0,0,0,9.9999990000000090,1
0x30fbf4ceddae574317b46c591fb6649a9cdf5fb0,2026-04-30T07:04:44+00:00,2026-05-07T20:21:42+00:00,6,0,0,92.47,92.47,179.32097,6
0x30fd9297708218c769e97ba55452dcc271e3394a,2026-06-15T03:09:31+00:00,2026-06-15T03:09:31+00:00,1,0,0,56.663,0,56.549674,1
0x310d730e8008d04819aa399e092b59641d33a485,2026-03-21T16:11:27+00:00,2026-03-21T16:31:31+00:00,3,29.853927,0,0,0,3.2839319995404376,3
0x310e09c8dbe14e70d4d15a93eafd7eb74b959380,2026-05-11T02:07:36+00:00,2026-05-11T02:07:36+00:00,1,47.619046,0,0,0,0.9999989993333662,1
0x310efa0e425af9c658c8527edb565a4d84c78985,2026-05-11T22:04:05+00:00,2026-05-12T06:07:20+00:00,2,0,0,63.69,63.69,124.70502,2
0x31115b84c02a19209631c964452951a97babfaff,2026-04-26T04:11:10+00:00,2026-04-26T04:11:10+00:00,1,18.867923,0,0,0,0.9999990001321499,1
0x311516d65026a25962a72bd06e73f11d5bd1964f,2026-05-14T06:52:35+00:00,2026-06-05T11:55:48+00:00,3,0,0,200.0,100.0,296.6000,3
0x31258ab5a5d0adcc72667926aaba30fe9bd7aba1,2026-05-05T22:11:40+00:00,2026-05-05T22:11:40+00:00,1,103.448274,0,0,0,2.9999990046207066,1
0x3129b6a86b5c765b60a4b23074dd411f5fe06bd6,2026-04-30T07:55:56+00:00,2026-04-30T07:55:56+00:00,1,166.666665,0,0,0,3.9999989933333430,1
0x312c7da59809172fbea79787ec5ff290afbe27d4,2026-05-25T12:41:32+00:00,2026-06-11T15:04:48+00:00,4,0,0,916.82,916.82,1817.82553,4
0x312d4c38336c5a630dd9bd9f251e7f830d90cc44,2026-02-25T18:13:30+00:00,2026-02-25T18:13:30+00:00,1,2.933332,0,0,0,1.3199989998935152,1
0x312da96f8b3f8cb3123d5389557f34580cf04360,2026-06-16T10:23:12+00:00,2026-06-16T21:17:52+00:00,2,0,0,53.06,53.06,105.69552,2
0x312f23a1e8e7d72276317298a47c03fcfa2810f5,2026-06-08T05:21:54+00:00,2026-06-08T05:21:57+00:00,2,0,0,11.7988,11.79,23.4590660,2
0x312f5aeb14e6c496f0dd6e185b3b62179287b91c,2026-04-18T18:42:26+00:00,2026-04-18T18:42:26+00:00,1,0,8.0,0,0,0.480,1
0x31319733fbe99763c3b00c15b4950bf3b47bfa72,2026-06-16T23:55:26+00:00,2026-06-16T23:55:26+00:00,1,0,0,4.629,0,4.619742,1
0x313883cbefd63d6ab0012e660994560a9077f2c1,2026-06-11T21:42:43+00:00,2026-06-11T21:42:43+00:00,1,0,0,1.002,0,0.999996,1
0x314a67272e2937d90f180fdd171ab848d9d07554,2026-06-17T00:33:55+00:00,2026-06-17T10:07:07+00:00,2,999.999999,0,0,0,2.9999979970000020,2
0x315eb51eb01fce8d586996b447e5c46bf2348787,2026-05-05T02:03:02+00:00,2026-05-05T06:03:54+00:00,2,0,0,67.67,67.67,132.02417,2
0x3160698513763074d4a05d1df582bda8143813ab,2026-05-26T08:55:08+00:00,2026-06-10T19:14:43+00:00,5,802.777774,0,0,0,4.9999970063333595,5
0x31644149cc87bcbf70d987a0d94885902a7202ba,2026-06-17T12:50:37+00:00,2026-06-17T12:50:37+00:00,1,3333.333332,0,0,0,9.999999996,1
0x318f586b664c5ee960c19ba06ab3bd1cb088d375,2026-05-01T13:01:18+00:00,2026-05-01T13:01:18+00:00,1,100.015332,0,0,0,2.9999989993363452,1
0x319ba2e06cd39ccba1a771e4cb67f68b257ff816,2026-06-02T22:17:10+00:00,2026-06-02T22:17:10+00:00,1,200.0,0,0,0,2.000,1
0x31aea27d6d56f453f84e010f17831d17834ef7f6,2026-05-29T05:42:52+00:00,2026-05-29T05:42:52+00:00,1,0,0,3.711928,0,3.6599609998337584,1
0x31c4578b25af36f34c8aa4cc85f0794bfbea622f,2026-03-11T12:32:07+00:00,2026-03-18T21:26:15+00:00,3,0,0,3.857839,3.85,5.977997000000384,3
0x31c5b3e935eff0e100b3ec386f6b7b1359b9e7af,2026-06-17T09:10:10+00:00,2026-06-17T21:00:02+00:00,2,0,0,55.56,55.56,110.89776,2
0x31c87a7ba5c89e47fa13e1e34d13b5b993b69277,2026-06-15T20:19:31+00:00,2026-06-15T20:19:31+00:00,1,11000.0,0,0,0,44.0000,1
0x31d97749f16214c64f231b41b4da03dde5d53a59,2026-06-16T07:08:04+00:00,2026-06-16T07:08:04+00:00,1,1000.0,0,0,0,5.0000,1
0x31e3db113adc90af70d305f69128b597d735bf2c,2026-04-22T05:26:58+00:00,2026-04-22T05:50:02+00:00,3,0,165.42,0,166.0,164.92519,3
0x31eafd012e3a2d9b5898c034bf9406016babb40e,2026-06-08T01:17:25+00:00,2026-06-08T01:17:25+00:00,1,0,0,5.03018,0,4.999997999980078,1
0x31f0bc25678c7f1db7e45b2eb260262e9cb84240,2026-06-10T05:26:13+00:00,2026-06-10T16:12:33+00:00,2,0,0,8.024,8.02,15.995868,2
0x31f32fbe0fdf42090a51efb3b543077c0d04cec8,2026-06-03T02:10:09+00:00,2026-06-03T02:10:09+00:00,1,111.111111,0,0,0,0.999998999000001,1
0x31f732b9bc4f28dcd8c3bdc14e27d16fac888233,2026-04-29T14:13:24+00:00,2026-04-29T18:07:42+00:00,2,128.205128,128.2,0,0,9.9997990048205144,2
0x32068ccfef4fc3c2b10596327a2c03871163596d,2026-06-15T06:33:24+00:00,2026-06-15T06:33:24+00:00,1,0,0,8.7675,0,8.7499650,1
0x3208848a64bdc82d49ec35fb613d3e30b87c5872,2026-05-03T05:39:38+00:00,2026-05-03T09:45:58+00:00,2,0,0,51.98,51.97,100.10385,2
0x3208fe3a2dfda7b56c5cd17990fb4c124a6757a1,2026-01-31T19:59:44+00:00,2026-06-10T13:45:15+00:00,5,12593.137253,0,0,0,53.9999980656666989,5
0x3215767eb957e36fabaf7b4fc6fefc6de1e38819,2026-05-05T02:39:06+00:00,2026-05-05T14:55:18+00:00,4,0,0,91.51,91.51,178.29455,4
0x321b936f1aadd61a344819d4a7110700e9ed9a6a,2026-06-12T16:47:34+00:00,2026-06-13T07:49:58+00:00,2,0,0,57.27,57.27,114.19638,2
0x321ffe4c5706de4b3828242a3075c40eecb69e25,2026-06-16T23:55:17+00:00,2026-06-16T23:55:17+00:00,1,0,0,1.142,0,1.139716,1
0x32206eeb372d0ff01d02e8f894171cecd5f79800,2026-05-15T21:10:32+00:00,2026-05-22T14:14:34+00:00,21,1555.555554,1555.55,0,0,26.4667570082222252,21
0x323d1e68c82ca47c4522df3ef2fc86a1a83d781c,2026-06-02T10:27:57+00:00,2026-06-05T06:18:07+00:00,2,0,0,30.0,30.0,59.4600,2
0x3246c05b4c4648e9cfe5c96d86c8e817348299dd,2026-06-07T10:14:21+00:00,2026-06-07T10:14:21+00:00,1,0,0,100.0,0,99.6000,1
0x326045a64722a7efa72a4651a476eefcb62c8818,2026-03-05T02:21:37+00:00,2026-06-09T07:14:33+00:00,2,100.0,100.0,0,0,30.4000,2
0x327779de0cb7c9efd65616a7edeaeebe75084d96,2026-05-15T21:01:02+00:00,2026-05-15T21:01:02+00:00,1,11111.111111,0,0,0,99.9999988878888889,1
0x32835f17fbda571f0f02c0a3bf0a6f94d60a1da9,2026-02-02T11:27:54+00:00,2026-03-05T01:12:29+00:00,109,8219.938637,0,0,0,3070.4744529820168528,108
0x3290bac7dce32780f5fcdc8bee6b310c9d65ff41,2026-05-16T19:06:01+00:00,2026-05-16T19:06:01+00:00,1,285.714285,0,0,0,1.9999989950000025,1
0x3297ba887178c6fe907660ee31ae82ed18fac332,2026-05-30T03:53:22+00:00,2026-05-30T03:53:22+00:00,1,0,0,5.22,0,5.18346,1
0x329b75abcb1be15a80e2d3aa473253d37d89f523,2026-05-08T02:51:22+00:00,2026-05-15T11:14:22+00:00,2,0,0,796.28,796.28,1562.30136,2
0x329d0640aa195887f437fc53a94742dd01359133,2026-05-30T14:19:12+00:00,2026-06-11T15:04:48+00:00,3,0,0,1026.35,1026.34,2041.65681,3
0x32a3861b2ea08e3365a958cfa1ec667766e5a93f,2026-05-26T18:24:26+00:00,2026-05-30T00:33:29+00:00,2,0,0,40.598214,40.59,80.1840589986236766,2
0x32a7c8dce9e8000a76c20ff358b21d4c421653f2,2026-01-31T17:11:06+00:00,2026-02-23T14:19:30+00:00,2,1.886791,1.88,0,0,1.8647990000001771,2
0x32b7cd90841a7a831d31c904fc97506801e3caf9,2026-06-05T00:27:19+00:00,2026-06-09T13:11:54+00:00,2,0,0,111.0,111.0,220.5570,2
0x32c6fa0ec74a64854dede51e14184397baa9047d,2026-06-17T08:04:58+00:00,2026-06-17T08:04:58+00:00,1,0,0,222.0,0,221.5560,1
0x32c83186265fe98e1a346013e123275d07536ade,2026-06-05T07:48:07+00:00,2026-06-05T12:55:03+00:00,2,0,0,15.35,15.35,30.43905,2
0x32c95253642b69562aea686567a572e579d7719b,2026-04-04T06:52:23+00:00,2026-04-04T06:52:23+00:00,1,83.333332,0,0,0,4.999999003333348,1
0x32cffe20c2feeb3dcf5f4800ac1f1958ec930cda,2026-06-02T08:48:40+00:00,2026-06-02T09:03:33+00:00,2,0,0,250.0,250.0,495.7500,2
0x32d2cb9343fc69882d48161483db0b790a11270e,2026-04-30T09:01:12+00:00,2026-06-15T03:54:36+00:00,3,290.0,290.0,0,0,2.5800,3
0x32fe997606d971a1a34c1e8cbaf1c9f47d19e4d2,2026-05-17T19:27:52+00:00,2026-05-17T23:14:23+00:00,4,6079.999999,3039.99,0,0,79.0753391309304456,4
0x33175349046ea26bbeb0a52189960d15d2df76b4,2026-05-18T13:41:08+00:00,2026-06-12T01:02:31+00:00,77,0,0,60.743574,60.73,120.6152810000425388,77
0x33199cb224aed0e7ef7923a4247285fbf588d44a,2026-06-07T13:04:15+00:00,2026-06-07T13:04:18+00:00,2,0,0,12.59036,12.59,25.067047999728980,2
0x3325a5f688dd334b7987f1bcf561023a0ddd6a3e,2026-05-31T08:58:21+00:00,2026-06-01T06:21:48+00:00,2,100.0,100.0,0,0,1.8000,2
0x33299570b336c35004f27079aeef87a640992f5c,2026-04-30T09:34:32+00:00,2026-04-30T09:34:32+00:00,1,400.0,0,0,0,10.0000,1
0x3332fed4d60dd62b2912fd4123c149fafcd889b6,2026-02-26T18:14:30+00:00,2026-04-12T21:31:09+00:00,7,0,0,16.377580,16.37,26.2240929999268915,7
0x333552988d1e56380b81f288ad80d9d19591309e,2026-04-15T15:20:10+00:00,2026-04-18T21:56:58+00:00,2,166.666665,166.66,0,0,17.8079990008400090,2
0x3335f72f5a623a9c366cd42f980976dad24243a9,2026-05-02T11:35:18+00:00,2026-05-04T01:20:36+00:00,4,0,0,112.42,112.42,216.40302,4
0x333f95c0d78aebe771758eaf7a120f189bfb5a33,2026-05-06T05:22:20+00:00,2026-06-05T07:48:07+00:00,3,896.57,896.57,0,0,29.66966,3
0x3354df12a6e3107fedfe40bccbd1e96e803a1c05,2026-05-12T22:37:36+00:00,2026-05-12T22:37:36+00:00,1,133.333333,0,0,0,1.9999989950000025,1
0x33697d93707b88189833fe563d3fa734cdb46a15,2026-05-14T18:54:57+00:00,2026-05-14T18:54:57+00:00,1,2142.857141,0,0,0,29.9999989025714295,1
0x336b076482ac79150b8eb25962ec6ccefd26889f,2026-06-16T11:19:58+00:00,2026-06-16T11:19:58+00:00,1,1000.0,0,0,0,5.0000,1
0x336e4606ca3b21f8b82d7946f663ebc3c02e42f3,2026-04-24T15:24:36+00:00,2026-04-24T15:24:36+00:00,1,60.0,0,0,0,3.000,1
0x3376af22d333213cc84be18e9687d421ef5d3c7f,2026-01-28T04:31:53+00:00,2026-01-28T14:06:17+00:00,2,0,0,20.0,0,9.900,2
0x337ab14754ab159cb5745aa81bbc4ab79f59913a,2026-05-18T06:11:09+00:00,2026-06-11T08:27:49+00:00,3,0,0,15.338724,15.33,30.3794880007209348,3
0x337e366e622e2d07c4347f31ab1cab18e85419df,2026-05-20T19:24:27+00:00,2026-05-20T19:24:27+00:00,1,90.909089,0,0,0,0.9999989971818388,1
0x3380a3ac5ff13f6bf13f0996ec7cde63ded03cab,2026-02-14T18:06:09+00:00,2026-02-24T21:35:22+00:00,3,97.161537,97.16,0,0,97.4935989968352753,3
0x338debb0054502a74775e8a660d4a7b9cb0f2169,2026-04-02T06:43:23+00:00,2026-04-24T11:51:36+00:00,2,14.285713,14.28,0,0,1.5854790000000819,2
0x339512cd4d456b54d589ba48668325f59d5966bb,2026-05-13T02:55:51+00:00,2026-06-03T06:54:11+00:00,3,0,0,178.049725,89.34,264.17852599969544,3
0x3396450a4e2ef17ee79e8d323da96bfd3c2990fb,2026-05-14T17:53:11+00:00,2026-05-14T17:53:11+00:00,1,666.666665,0,0,0,9.9999989750000025,1
0x33a8c3d404f5f0699c09fb3c56e231727a362f02,2026-05-12T10:10:00+00:00,2026-05-15T07:37:40+00:00,2,0,0,54.58,54.58,107.30428,2
0x33aa711447a66227b7b6eaec899363c0887b9490,2026-05-09T08:22:29+00:00,2026-05-09T08:22:29+00:00,1,0,0,155.0,0,152.6750,1
0x33b5f21aa055585b48770655ad151092b48db8c7,2026-05-15T08:38:55+00:00,2026-06-06T01:00:34+00:00,3,0,0,200.0,100.0,296.6000,3
0x33beef432ce5f3eaeb2cea4937234ca5a5e8adc8,2026-06-09T08:32:34+00:00,2026-06-09T08:32:34+00:00,1,5600.0,0,0,0,28.0000,1
0x33c98244b01ef1a538fbd260e7c4c46227772fd4,2026-06-03T13:16:56+00:00,2026-06-03T13:16:56+00:00,1,0,0,30.272444,0,29.9999920009727556,1
0x33caa8044658dac87acb729cf4eae2917078f810,2026-05-07T21:46:05+00:00,2026-05-07T21:46:05+00:00,1,193.548386,0,0,0,6.0000000047096772,1
0x33db830243f31a39ceb24704f20a6892dff64bca,2026-06-16T21:10:58+00:00,2026-06-16T21:10:58+00:00,1,6750.0,0,0,0,20.2500,1
0x33e04520c924ebca63c7cbc5a2c0788b514072e5,2026-05-13T02:15:38+00:00,2026-05-25T09:06:42+00:00,2,0,0,89.249428,89.24,176.2582959990750572,2
0x33ec7f5a2fce0d8faabdb59cc0900b46ef66b7bc,2026-06-14T02:18:30+00:00,2026-06-14T02:18:30+00:00,1,322.0,0,0,0,0.9660,1
0x33f5766ffecc24cb5ac4f4d8c1e1d3df641397d0,2026-05-04T12:52:38+00:00,2026-05-04T12:52:38+00:00,1,290.0,0,0,0,10.1500,1
0x33f7dbde10fe53b1582b9bab80d3ce6607b28505,2026-05-07T05:16:26+00:00,2026-05-10T15:37:36+00:00,2,0,0,10.0,10.0,19.4700,2
0x342ecf6685960a6937cf09226a8c4443b3400ce7,2026-06-17T06:19:47+00:00,2026-06-17T06:19:47+00:00,1,5000.0,0,0,0,10.0000,1
0x34433fa8e2c30950e69fa0fc2860ad238db86474,2026-06-09T08:34:40+00:00,2026-06-09T08:34:40+00:00,1,0,0,10.04,0,9.99984,1
0x3457c7ad09a908b75c68e0e67d5fdd19f1b0353d,2026-06-12T02:16:12+00:00,2026-06-12T02:16:12+00:00,1,0,0,2.2745,0,2.2699510,1
0x3457e10713d25e6e02c146ab8995ff796d033f71,2026-05-26T12:36:34+00:00,2026-06-11T15:04:58+00:00,3,0,0,1091.7,1091.7,2163.0628,3
0x3469925a4cdafb6844839e363c435c409377d0c7,2026-04-10T22:23:49+00:00,2026-04-14T22:52:06+00:00,2,55.0,55.0,0,0,7.700,2
0x346a052ec7df54bffe8a29e3ed658be4727981bb,2026-06-06T18:27:42+00:00,2026-06-06T18:27:42+00:00,1,166.666666,0,0,0,0.999998996000004,1
0x346c6cc607e847825ccb77de944e8e1fe36e7f27,2026-05-02T02:26:00+00:00,2026-05-03T21:44:44+00:00,4,0,0,104.75,104.75,201.41541,4
0x347214d9b17ea322a570f846346c6fae8a21bc66,2026-04-14T21:12:48+00:00,2026-06-17T11:50:49+00:00,5,716.666665,0,0,0,17.999998002333349,5
0x3472865108b0eb50fc7bb38a56e0c4ecccffe853,2026-05-30T11:40:13+00:00,2026-06-17T18:00:40+00:00,3,0,0,869.57,869.56,1731.30389,3
0x3476bc017e15d84121ed84f446bc34de13f98b53,2026-05-14T20:28:12+00:00,2026-05-14T23:39:16+00:00,2,0,0,7.092153,7.09,13.9906949996525552,2
0x347e8ef49425d65606f0ed54dd75a7c85ae16b6c,2026-05-01T07:16:00+00:00,2026-05-09T16:14:25+00:00,2,125.490194,0,0,0,2.9999979955490504,2
0x3484983393ceae3cc789a0f467dc1a4ec3ffbc0b,2026-06-07T19:18:15+00:00,2026-06-07T19:18:18+00:00,2,0,0,11.348087,11.34,22.5406180002455373,2
0x348be2ac83602532a45921017da7ba182bc5ddd9,2026-05-14T08:43:53+00:00,2026-05-14T08:43:53+00:00,1,0,0,250.0,0,246.7500,1
0x348d0e8f255e6ed8d907f314e81ff9670cf65102,2026-02-01T10:56:26+00:00,2026-02-18T11:37:58+00:00,2,11.11111,11.11,0,0,11.77719900000004,2
0x349bf53447bb7559bb6ad88aa61a44027f0611b2,2026-05-11T08:46:19+00:00,2026-05-11T08:46:19+00:00,1,63.333332,0,0,0,1.3299999973333328,1
0x34b16f592ba80161b236441b71a802f8a48879f2,2026-05-16T14:57:06+00:00,2026-06-05T03:02:55+00:00,3,1301.60125,1301.60,0,0,21.297880004755625,3
0x34bafcba4587b0ea0c83eb377502bdb89ae77480,2026-05-20T13:23:31+00:00,2026-05-20T13:23:31+00:00,1,0,0,5.05561,0,4.999997999807986,1
0x34d8fab9bf59d1ec83b7c8f4dbbb1c884d80f241,2026-05-07T04:38:43+00:00,2026-05-10T15:13:46+00:00,2,7.0,7.0,0,0,0.3640,2
0x34dd98427eb66ad5feb5b95d8ee13dc736285dae,2026-06-03T14:13:49+00:00,2026-06-03T14:13:49+00:00,1,200.0,0,0,0,1.8000,1
0x34e92a90d42d9b10cb3ad0320c7b0cf9dbbac4e1,2026-05-13T15:49:12+00:00,2026-05-15T10:37:39+00:00,7,0,0,250.0,250.0,493.6200,7
0x34f6bd10f5449440fccae7a3003efb869872b30d,2026-05-11T16:09:26+00:00,2026-05-17T04:46:17+00:00,4,0,0,999.989997,999.98,1972.9703289768216597,4
0x3502c93899ca7ad2d771e53bf1fb1a12a74b56f4,2026-05-20T08:33:55+00:00,2026-06-17T18:03:38+00:00,5,14387.43,10000.00,0,0,137.682540192643,5
0x3506af747e30b34c939b449c082b8d7cd4957ae7,2026-04-16T21:23:12+00:00,2026-05-04T08:55:44+00:00,10,5550.9098,5550.90,0,0,509.38908982976576,10
0x35096cc8b216b50daee7689ba0cbb31138b73e5a,2026-04-30T11:39:06+00:00,2026-05-11T11:07:08+00:00,2,74.074074,74.07,0,0,3.4073289980000010,2
0x3525fdbad411371ac2fe2c3034fb6c32381300ec,2026-05-24T13:02:16+00:00,2026-05-24T13:02:16+00:00,1,5.0,0,0,0,0.050,1
0x35272c86561e9903e8b019eebcbdc007e1545db4,2026-06-13T20:03:19+00:00,2026-06-13T20:03:19+00:00,1,0,0,1.002,0,0.999996,1
0x352a8f1a83f6f0f5eac5f63044da37e7f873ae8a,2026-06-17T09:07:37+00:00,2026-06-17T09:07:37+00:00,1,0,0,59.539,0,59.419922,1
0x353590cc0421f69f53aadbe0b9f561aef0df945f,2026-04-06T22:03:21+00:00,2026-04-06T22:03:21+00:00,1,11.11111,0,0,0,0.99999900000009,1
0x3547f29403c920f069809d259e0c63df2d8631fd,2026-03-19T15:03:05+00:00,2026-03-19T15:03:05+00:00,1,8.333332,0,0,0,0.9999990000001344,1
0x3548781533b883b2a1049d9eb424c21b3be71c00,2026-06-07T19:32:21+00:00,2026-06-07T19:32:24+00:00,2,0,0,11.0652,11.06,22.0035140,2
0x354a06950782ab51be3a29956019a7e54a956665,2026-05-09T22:31:31+00:00,2026-05-09T22:31:31+00:00,1,500.0,0,0,0,8.0000,1
0x35619869ef510c13ed18d5a9d48e885ced07a790,2026-04-25T07:30:40+00:00,2026-05-25T22:10:49+00:00,2,1000.0,1000.0,0,0,60.0000,2
0x35657497bb6330a9f5785984617ff114dda4e044,2026-05-21T10:00:25+00:00,2026-05-21T10:36:05+00:00,3,0,0,970.64709,970.64,1918.96229201,3
0x356d2d0b60e4fd6454c6e1bad679a0227863a126,2026-06-15T01:20:01+00:00,2026-06-15T01:20:01+00:00,1,0,0,6.012,0,5.999976,1
0x3576871638c92f5fbdaccd99903f199ccd3209de,2026-01-31T07:13:10+00:00,2026-02-07T07:38:01+00:00,30,0,0,117.391244,117.39,115.9458480002035118,30
0x35805e3301f9d64319629f57c53e353bc42bad44,2026-04-28T16:31:12+00:00,2026-04-28T16:31:12+00:00,1,24.362618,0,0,0,0.9999999999635324,1
0x3590a412558e63d0abcb85f509523361b039185e,2026-04-28T05:16:58+00:00,2026-04-28T06:22:40+00:00,2,0,0,124.61,124.61,240.12347,2
0x359cb1d73986b51ea86e9e5016e1af323bd53163,2026-03-17T19:00:35+00:00,2026-03-19T22:24:17+00:00,2,39.743587,0,0,0,7.9999979992308594,2
0x35c7967f64ae96c21731ca371c237915c18fab35,2026-04-30T07:36:26+00:00,2026-04-30T15:37:42+00:00,2,0,0,41.93,41.93,81.55385,2
0x35d991d668e0efb9fce5a730e3d6f66c93d05f19,2026-05-02T01:28:02+00:00,2026-05-02T01:32:18+00:00,2,0,0,19.28,19.28,36.97904,2
0x35e3f0485eb163f8a74420aee0f334a5beea3d33,2026-05-19T06:30:19+00:00,2026-05-27T00:03:57+00:00,2,24449.491172,0,0,0,249.9999996685725312,2
0x35f72bf2e0dfda1814bea7a5c22f400ab224a19a,2026-05-25T20:41:11+00:00,2026-05-25T20:41:11+00:00,1,0,0,4.269775,0,4.2099980001308975,1
0x35f9c656c4e0cc8e32c419d51aa8c2ea826345d0,2026-06-12T12:32:27+00:00,2026-06-12T12:32:27+00:00,1,0,0,1.002,0,0.999996,1
0x3601f3a762d29db41784ec5a9cbea2f9224df722,2026-05-17T14:59:08+00:00,2026-05-17T15:26:36+00:00,2,0,0,7.042166,7.04,13.9906329997747004,2
0x3609bd0eb1fbb2508dfbbff72e0ff356f5044e3b,2026-06-15T18:22:27+00:00,2026-06-16T06:39:04+00:00,2,0,291.66,20.0,0,20.79498,2
0x361bddedd7c34252e6f8207c3db06af9f1fcd899,2026-06-14T04:51:31+00:00,2026-06-14T04:51:31+00:00,1,333.333333,0,0,0,0.999998999000001,1
0x361d068d46b091c072ebe29f678cbebbb2b11b75,2026-06-17T07:27:23+00:00,2026-06-17T07:49:31+00:00,2,0,0,91.182,91.18,181.906096,2
0x362353d162a924511023a3240854091a28dc1a5f,2026-05-08T11:20:34+00:00,2026-05-08T11:21:26+00:00,2,34.0,34.0,0,0,1.9380,2
0x36343bc7eaddffd3ac1f66d635bab0817dac6886,2026-06-03T00:21:31+00:00,2026-06-07T22:12:36+00:00,63,19000.00,18999.983172,0,0,263.9998127690231149,63
0x36440ea07e2393b983bc7b40642ccdc6fdd85313,2026-06-14T08:41:21+00:00,2026-06-14T08:41:21+00:00,1,1000.0,0,0,0,3.0000,1
0x3649934456f6bbaa934ffbffaa3efaa365cd7316,2026-05-04T01:47:24+00:00,2026-05-06T06:18:04+00:00,4,0,0,98.72,98.72,191.14208,4
0x364e212e87e181b7b2389c71172422cb3b4ec657,2026-06-07T12:56:19+00:00,2026-06-17T18:00:41+00:00,2,0,0,319.75,319.75,637.58150,2
0x364e5d5a1d049920049f297eabb763e607e26c9f,2026-05-31T04:55:39+00:00,2026-06-17T18:00:40+00:00,2,0,0,820.0,820.0,1631.8000,2
0x364f935ccafae7bb980616b81999239ed816562c,2026-05-12T05:09:41+00:00,2026-06-17T05:01:49+00:00,3,0,0,7.106039,5.1,12.0234900001021191,3
0x36547fcbebaaaf59ac0a93cd88f0124a5fd5f000,2026-05-30T14:12:47+00:00,2026-05-30T14:12:47+00:00,1,125.0,0,0,0,1.0000,1
0x365c198cd168f34207e3647261859d0af9c4d281,2026-04-15T11:44:30+00:00,2026-04-15T11:44:30+00:00,1,0,25.0,0,0,1.250,1
0x36725a1c8dfbcd261d8d2b44ffe8c63de509edea,2026-06-17T15:01:49+00:00,2026-06-17T15:01:49+00:00,1,333.333332,0,0,0,0.999999996,1
0x36758fe7dd99b0a225a9e719707393cbad3f4e07,2026-05-05T12:55:20+00:00,2026-05-06T00:47:44+00:00,2,0,0,55.58,55.58,108.15868,2
0x368dad331361c3a5deddaac77cef61a1bc3e4b24,2026-06-01T02:16:01+00:00,2026-06-02T02:22:50+00:00,2,0,0,884.81,884.81,1754.57823,2
0x3690ed7d0c563a1c3b1667cc77b6830952bff430,2026-05-13T08:23:30+00:00,2026-05-13T08:23:30+00:00,1,66.666665,0,0,0,0.9999990016666910,1
0x36a9a7aef013a4c893951ef85d58c41984f00b72,2026-05-30T14:54:42+00:00,2026-05-30T14:54:42+00:00,1,0,0,100.0,0,99.3000,1
0x36afee952224a5b27049836f6981790619e6fa87,2026-06-15T11:59:39+00:00,2026-06-15T11:59:39+00:00,1,7500.0,0,0,0,30.0000,1
0x36b71a3bba4ff529684b4d91baa143079c666af2,2026-05-29T02:29:18+00:00,2026-05-29T02:29:18+00:00,1,6365.483125,0,0,0,100.0000002072119375,1
0x36c9ca6eda03c26aa69e5001fec1b66d4aedc678,2026-06-02T08:15:25+00:00,2026-06-04T14:41:19+00:00,2,111.111111,111.11,0,0,1.777768999000001,2
0x36d6500083a30ef0148463e489c1e40bc1634547,2026-05-30T14:21:51+00:00,2026-06-16T02:46:57+00:00,4,0,0,1619.0,1079.0,2682.8925,4
0x36d921298df64f1ca0cfc117742535b7531eeae4,2026-05-01T06:58:16+00:00,2026-05-11T00:05:48+00:00,2,33.333332,33.33,0,0,1.6665990000000384,2
0x36f538ce39306e80e5d65b0f2a030569442a5fe7,2026-06-09T06:39:09+00:00,2026-06-09T06:39:09+00:00,1,470.0,0,0,0,2.3500,1
0x3701a7a5c30c9bfdcbd565faa9451d0b1189fab5,2026-06-09T08:05:57+00:00,2026-06-11T10:08:19+00:00,39,12999.97225,12999.953332,0,0,90.9997460440000021,39
0x370c671980712b4014fc6900766c0c6c66923eb1,2026-03-20T12:52:57+00:00,2026-06-17T17:42:26+00:00,28,546.96,504.488834,0,0,49.9239080025270008,21
0x3712f9d81674be11c1620d79f1ee6fb7ddd4b1f8,2026-06-14T06:58:27+00:00,2026-06-14T06:58:27+00:00,1,0,0,63.0,0,62.8740,1
0x37180dc76f8c54acd26f3f5857b653f9f3e0d66f,2026-04-08T09:01:25+00:00,2026-04-08T09:01:25+00:00,1,10.0,0,0,0,1.00,1
0x3725a9feade772a7fd33c2e0f8a392c7b44dbfc3,2026-05-17T22:32:49+00:00,2026-05-17T22:44:17+00:00,2,0,0,10.070428,10.07,19.9893749999718288,2
0x372ebb733068a765c12ba061c59328fdd9524ed8,2026-05-07T13:41:04+00:00,2026-06-05T13:43:37+00:00,42,0,0,11.610089,11.61,22.6173510000277252,42
0x374783b42c216b63950a515cf0f8c88c1a7ab09d,2026-04-14T13:55:37+00:00,2026-04-14T13:55:37+00:00,1,200.0,0,0,0,12.000,1
0x37483e63176a139273b8d3d52e43ff95b0f1a9f1,2026-06-14T16:47:25+00:00,2026-06-14T16:47:25+00:00,1,0,0,2.004007,0,1.999998000028556,1
0x374a2ee4aa6f78e6d362c6a7223db280174b1a47,2026-05-04T12:53:06+00:00,2026-05-04T20:55:34+00:00,2,0,0,62.46,62.46,121.35978,2
0x375843f9c92b94e9e02cca107dee785f8b107e20,2026-04-27T12:00:06+00:00,2026-05-05T19:19:28+00:00,2,113.636362,113.63,0,0,8.1816389961818316,2
0x37617e0259f67d4ac706e21911913873678e1c93,2026-06-09T03:09:24+00:00,2026-06-09T03:09:28+00:00,2,0,0,10.37125,10.37,20.64791500,2
0x377e2f23835171dee0d5395f5a0e33394aa5a2ae,2026-06-07T12:45:52+00:00,2026-06-08T01:25:19+00:00,2,0,0,116.28,116.28,231.16464,2
0x378d4fc4b3c2affeede01df17c059f13b9a0a852,2026-06-12T05:01:27+00:00,2026-06-12T05:01:27+00:00,1,3333.333333,0,0,0,9.9999989990000001,1
0x3797b8a57dda5ded8d57855b42def7a0389e8be6,2026-05-04T23:25:34+00:00,2026-05-04T23:33:44+00:00,2,165.0,165.0,0,0,7.9200,2
0x37a542389733a2650b01e26c8d5047d5f6f1923b,2026-05-08T05:42:23+00:00,2026-05-12T09:35:58+00:00,4,0,0,78.02,78.02,152.35316,4
0x37b169dea3eadf60ea6665b019454f8390eb9f0e,2026-05-17T06:45:29+00:00,2026-05-17T19:49:12+00:00,2,0,0,79.34,79.34,157.41056,2
0x37b46a9d45509eed664e302eb70b14ffed50d5e5,2026-04-20T05:30:52+00:00,2026-04-27T04:10:22+00:00,50,29562.994361,29562.99,0,0,2700.4674851039497444,50
0x37be322343b5d6be155426b0d1f3f9f5b8a50bd9,2026-05-21T08:50:37+00:00,2026-05-21T08:50:37+00:00,1,90.909089,0,0,0,0.9999989971818388,1
0x37c0ced968e1c8e5fdd83af2abd9c592509645fc,2026-05-06T08:28:00+00:00,2026-05-06T22:39:39+00:00,2,0,0,108.85,108.85,211.06015,2
0x37c41721294f657b70dd97191f74238f9c8b2fd3,2026-06-07T16:42:46+00:00,2026-06-07T16:42:46+00:00,1,0,0,1.005,0,0.999975,1
0x37d6a21d216bfee1d42e55303de5a44c66596352,2026-05-03T17:01:38+00:00,2026-05-06T10:41:44+00:00,4,0,0,93.13,93.13,180.14737,4
0x37ef154d1505d051291ab2317ae83281282df4a0,2026-06-16T14:58:52+00:00,2026-06-16T14:58:52+00:00,1,4432.5,0,0,0,17.7300,1
0x37ffc58d8fc8663c532b39b8294ada926a4ee4a2,2026-03-27T15:07:31+00:00,2026-04-13T20:19:27+00:00,11,0,0,604.78,604.778332,1136.9847980002085176,11
0x3806095014481d18dbf9761c44780931735fd265,2026-06-03T16:19:31+00:00,2026-06-06T19:40:48+00:00,2,666.666666,666.66,0,0,9.3332989940000010,2
0x381a0635475cd2d136af3fb3431ff0f6848a360a,2026-05-28T03:03:00+00:00,2026-05-28T03:03:00+00:00,1,2013.248,0,0,0,29.9999999402624,1
0x381b87feb85472a6b7e5803dda85c9bf6882e2d3,2026-06-02T14:57:29+00:00,2026-06-08T02:48:34+00:00,2,100.0,100.0,0,0,1.5000,2
0x381be964bf58baefe4a05b97e1e3aab71046bfdc,2026-06-01T19:29:23+00:00,2026-06-01T19:29:23+00:00,1,22222.222222,0,0,0,199.999999998,1
0x381fc945bc8bf9365acf87f42f6d879d421e0b87,2026-06-12T10:19:45+00:00,2026-06-13T05:53:00+00:00,2,999.999999,0,0,0,2.9999979970000020,2
0x3825180182703613f3619d4611890c5b655504e8,2026-04-15T20:36:54+00:00,2026-04-16T17:15:08+00:00,11,0,0,200.00,0,189.2000,11
0x3832510037b8dde263a254f5c1e899a7c69565ef,2026-03-06T07:44:37+00:00,2026-03-06T07:44:37+00:00,1,10.0,0,0,0,2.900,1
0x383f87c91932e637924238eca690cf04f92a651e,2026-05-26T08:07:46+00:00,2026-05-26T08:07:46+00:00,1,66.666665,0,0,0,0.9999990016666910,1
0x384b6657da7b9926d9fba1e42f9766db2dbbc2d6,2026-05-25T03:21:18+00:00,2026-05-25T03:21:18+00:00,1,0,0,5.060363,0,4.9999189997490349,1
0x385410301ab2575fce599c1cf43c8d61b8935859,2026-05-12T00:58:14+00:00,2026-05-30T02:45:23+00:00,2,0,0,270.0,270.0,532.9800,2
0x386377f5ba6b66ccedfb27d350a7610e8a623c07,2026-05-09T07:28:35+00:00,2026-05-09T07:28:35+00:00,1,117.647057,0,0,0,1.9999990042941326,1
0x386c72a463927020eaf92b0ef56f3d68e923c67c,2026-05-14T03:19:50+00:00,2026-05-14T03:19:50+00:00,1,76.923075,0,0,0,0.9999989980769475,1
0x38784a9598e310e22e9f2755e7b2740771b8a125,2026-03-09T11:01:33+00:00,2026-03-22T22:22:17+00:00,7,170.0,170.0,0,0,75.960,7
0x388e2f8bc716d0f36429f13ed9ef405815840e13,2026-05-18T18:30:08+00:00,2026-05-18T18:30:08+00:00,1,285.714285,0,0,0,1.9999989950000025,1
0x3898a9f6865b52c1f0b2b60d258f0a9202b94b07,2026-02-20T06:46:02+00:00,2026-02-20T18:42:54+00:00,6,20.18,20.18,0,0,19.5710,6
0x38a46fccff1b72be55b9f7087f0ce0cf71f54ef2,2026-02-03T13:36:56+00:00,2026-02-20T15:25:44+00:00,11,30.12,29.07,0,0,28.5948,11
0x38a54bebb1dd2b934f290fc735222283916bb4d9,2026-03-30T07:08:42+00:00,2026-03-31T03:34:05+00:00,7,50.0,50.00,0,0,6.0000,7
0x38a6b57902a10b9bdf65c24d2d9d07031d989110,2026-06-04T15:35:37+00:00,2026-06-07T17:58:58+00:00,2,1000.0,1000.0,0,0,13.0000,2
0x38ab8ff9075817800f5545b05156e63c146aab66,2026-05-15T17:23:32+00:00,2026-06-17T16:24:22+00:00,120,0,0,112.313062,112.25,223.0272679998096140,120
0x38ac8021e68d171047c2aeaab629ff234e2d6356,2026-05-10T14:25:02+00:00,2026-06-08T11:51:15+00:00,2,0,0,7.121056,7.12,14.0843980002889248,2
0x38bdf18078675bc7ed2545c174e5c8ec1416ad94,2026-05-22T01:34:06+00:00,2026-05-22T04:28:05+00:00,2,0,0,100.0,100.0,198.3000,2
0x38c49282c13d63a4e66defeabbc4c6679aba285e,2026-04-30T15:32:38+00:00,2026-06-17T18:00:40+00:00,41,4050.983187,0,0,0,31.858815999926748,37
0x38cea815795c2bcedb3d6e20ccc18556c8e16ac9,2026-06-09T17:22:15+00:00,2026-06-11T13:42:24+00:00,2,0,0,111.0,111.0,221.2230,2
0x38d72c4eac4a119315f289e2eb1ffe1a34c7059e,2026-04-18T16:16:08+00:00,2026-04-18T16:16:08+00:00,1,50.0,0,0,0,3.000,1
0x38e59b36aae31b164200d0cad7c3fe5e0ee795e7,2026-02-02T22:00:44+00:00,2026-02-03T01:42:08+00:00,5,517.0,0,0,0,232.53569999000,5
0x38ef3a374029d007e4112bfec6ef9a4df18c6a53,2026-03-15T19:35:01+00:00,2026-04-02T22:26:07+00:00,4,0,0,16.732386,16.73,27.6061939997634104,4
0x38f50488b14a87769e0c5cd6c514b6c2e8ec6824,2026-04-20T19:54:14+00:00,2026-04-21T16:06:36+00:00,3,147.76,147.76,0,0,12.80636,3
0x38f527b3a8be7f4ec3725644e859d994ac228c5d,2026-05-13T08:08:05+00:00,2026-06-05T05:37:52+00:00,3,0,0,200.0,100.0,296.5000,3
0x38fc5d68e95907cb21ab31020b120000c7e733e2,2026-02-03T11:34:40+00:00,2026-03-10T03:13:27+00:00,13,0,0,154.732389,154.73,176.8273909979757495,11
0x38fca0ef81d81d1c0cc4e2ed3b8febfadbc9884f,2026-06-15T14:03:24+00:00,2026-06-15T15:03:28+00:00,2,0,0,105.626666,105.62,210.507306002,2
0x392050c2fd434d1622a60108b0e16230090d1f5a,2026-05-10T19:53:08+00:00,2026-05-11T23:20:33+00:00,6,0,0,57.21,57.20,112.06273,6
0x39216fe21a8e5280b8fc58cdc3d0bbae2726562e,2026-05-30T03:22:11+00:00,2026-05-30T03:22:11+00:00,1,125.0,0,0,0,1.0000,1
0x3922acb328fadd8286bbfbd5b27964c87b9e3bdf,2026-06-11T09:35:45+00:00,2026-06-11T23:18:10+00:00,2,0,0,19.038,19.03,37.972834,2
0x392e025e58a76add8ba61efe5dc60a59c0c6b64c,2026-04-24T04:04:32+00:00,2026-04-25T03:26:08+00:00,3,44.555553,44.55,0,0,4.0047480005541711,3
0x39339f88c77b1612da6b11ff2c025d4316d07818,2026-05-15T21:32:44+00:00,2026-05-17T15:19:29+00:00,2,111.111111,111.11,0,0,1.666658999000001,2
0x393698963563734a4263313c2d87c43211a08f21,2026-04-12T05:52:11+00:00,2026-05-04T07:29:46+00:00,2,0,0,1.063816,1.06,2.0207670000005184,2
0x3943b3e8882d61db37bcf4b97e5c4d19292811fc,2026-04-29T18:27:26+00:00,2026-04-29T18:38:52+00:00,2,51.28205,51.28,0,0,3.794799001282075,2
0x3950c58ef9770f05a8074c72981314cd6139c04a,2026-06-02T06:25:40+00:00,2026-06-16T03:01:58+00:00,12,0,0,1716.00,980.0,2682.27600,12
0x3957caa970caa1fdc6407344a8579e5ccdc4443a,2026-05-04T14:05:52+00:00,2026-05-04T14:05:52+00:00,1,116.470588,0,0,0,3.9599990020000020,1
0x395dd552ddcdd58f663a4a2da13a670996b1ab30,2026-06-15T21:54:58+00:00,2026-06-15T21:54:58+00:00,1,2500.0,0,0,0,10.0000,1
0x395ebbf74ee98a29909697a7d1de604f4c8747b5,2026-05-06T08:04:34+00:00,2026-05-06T08:04:34+00:00,1,0,0,1.02774,0,0.999990999959070,1
0x3969a2817c118e29a97149367b815c1a9dd153f4,2026-05-02T17:02:38+00:00,2026-05-02T17:02:38+00:00,1,0,0,20.79,0,19.99998,1
0x3976222d2854cea48edf8878e60cd7d7555947f7,2026-06-12T09:04:01+00:00,2026-06-12T09:04:01+00:00,1,0,0,1.002,0,0.999996,1
0x397e490bf7829c6c1687a03583113416a1762558,2026-05-20T10:07:41+00:00,2026-05-20T10:07:41+00:00,1,0,0,1.008,0,0.999936,1
0x3990f05a6ae1d6cb3b99569b26fc92a0cc4e196b,2026-06-16T01:06:48+00:00,2026-06-16T01:06:48+00:00,1,0,0,91.485942,0,91.1199980032851450,1
0x39a464df7142c4d331c0f112bf5d9c12ec86fb68,2026-05-31T02:32:11+00:00,2026-06-11T15:04:48+00:00,3,0,0,544.0,544.0,1080.6560,3
0x39a539b6668c79eaac74d4402e8dd20965cf7045,2026-05-01T01:44:48+00:00,2026-05-01T06:49:10+00:00,2,0,0,47.44,47.44,91.79640,2
0x39a5f94e851642404751cc5310edaa180eac87f2,2026-05-19T14:36:37+00:00,2026-05-19T14:36:37+00:00,1,2104.27,0,0,0,18.93843,1
0x39aaed185b92e99a78249610cc14a589b764583c,2026-04-30T08:06:32+00:00,2026-06-17T17:58:13+00:00,67,6723.12,0,16984.45,0,16944.282589999640,67
0x39ad6c38d8580cb6149e389e8d986314d975f00d,2026-05-03T02:32:40+00:00,2026-05-03T02:32:40+00:00,1,131.578946,0,0,0,4.9999990006315888,1
0x39aecfabe57a6d8b08a7ed4bb9e00ad7d36f1f80,2026-05-15T06:31:41+00:00,2026-06-05T17:11:33+00:00,3,0,0,200.0,100.0,296.8000,3
0x39af043283cbdaed60e12d5740f95e68c1ca8dcf,2026-03-22T00:47:27+00:00,2026-03-25T21:23:05+00:00,2,18.181817,18.18,0,0,3.2725989990909657,2
0x39b9e71afaa94497f360c8ee74f6c9bf0a7a3edf,2026-05-17T06:45:29+00:00,2026-05-17T18:35:59+00:00,2,0,0,82.88,82.88,164.51680,2
0x39c3d7208946b664aab88797225a418f9d4e0c7e,2026-04-17T16:53:12+00:00,2026-05-13T15:41:11+00:00,23,17036.10,14152.10,0,0,981.487470056719,23
0x39cac8852a124601e5fbef955baad1e7c192dddf,2026-04-17T06:03:34+00:00,2026-05-07T18:29:35+00:00,3,18.38,18.38,0,0,1.4704,3
0x39dd782c46c213b96da03eb7b6a56f18a7a20233,2026-06-08T04:52:22+00:00,2026-06-08T04:52:27+00:00,2,0,0,11.9596,11.95,23.7781020,2
0x39f8c88f48b62e1eb6db081abe6e3919966c0aa9,2026-04-05T04:50:47+00:00,2026-04-05T04:57:17+00:00,2,0,0,20.43,20.43,37.9998,2
0x39fd921acf9be28b17a422bf624dc6b30685849e,2026-03-08T04:47:41+00:00,2026-05-28T08:08:08+00:00,108,0,2482.11,956.74,0,1220.69338,108
0x3a0f8de31c7174e16a7004a8bf66a4b053650c61,2026-05-09T15:01:09+00:00,2026-05-09T15:01:09+00:00,1,235.0,0,0,0,3.7600,1
0x3a1fffc4e8c1d43f8c2c7934c4e1a01feb00db6d,2026-06-15T12:51:06+00:00,2026-06-17T18:00:41+00:00,2,0,0,375.98,375.98,750.45608,2
0x3a20e034c819e0669e4390cd0469e9abc48292ba,2026-04-16T02:21:06+00:00,2026-04-16T02:21:06+00:00,1,20.0,0,0,0,1.000,1
0x3a2241fe7f93520f27766bcd582eabdf30cd1ba0,2026-05-29T14:57:44+00:00,2026-06-04T05:14:15+00:00,2,1818.181818,1818.18,0,0,33.7890891179870910,2
0x3a3099e8714178666a19bfd7e7525250426f99ec,2026-06-10T13:41:43+00:00,2026-06-15T08:39:40+00:00,15,1666.64,1666.633333,0,0,10.3331490058386687,15
0x3a3cfd23375764606569d1f166ec3d14eca70283,2026-06-17T17:58:07+00:00,2026-06-17T17:58:07+00:00,1,333.333333,0,0,0,0.999998999000001,1
0x3a4a90e2a42b4f555bf99a8b49048d8b7909eea8,2026-05-19T18:14:21+00:00,2026-05-19T18:14:21+00:00,1,0,0,5.0,0,4.9600,1
0x3a4da9b5043ecd9a064682fc4b883366d8a6eff0,2026-05-06T13:21:06+00:00,2026-05-06T13:21:06+00:00,1,2578.284101,0,0,0,97.1099988714642143,1
0x3a571b7007be7a46b78a1d01a0232b637940bd22,2026-05-27T02:58:27+00:00,2026-06-06T15:08:36+00:00,2,0,0,16.0,16.0,31.6640,2
0x3a708d594c696f90d9c019193f98f4f39bf4f6a7,2026-05-05T18:48:00+00:00,2026-05-06T18:10:47+00:00,4,0,0,46.40,46.40,89.98752,4
0x3a74127397584a446eee45e4b218146d08f14e9a,2026-05-06T10:07:44+00:00,2026-05-08T12:30:36+00:00,2,0,0,50.0,50.0,97.1000,2
0x3a7c2831db59aae0afd02fdd87cf3c22aa053423,2026-05-13T04:14:43+00:00,2026-05-13T04:14:43+00:00,1,0,0,1.014197,0,0.9999980000125958,1
0x3a8651c42ac19aa3e3141531a298abc72f51dea8,2026-04-13T21:34:51+00:00,2026-05-04T13:32:50+00:00,18,0,0,2041.0,2041.00,3893.68300,18
0x3a87634be39964cb1a1fa7df1631e5b844c43fa5,2026-05-03T02:53:16+00:00,2026-05-03T08:54:54+00:00,2,0,0,55.04,55.04,106.00704,2
0x3a8aa345d5db7ec5138298c8c4f4540259be7699,2026-06-15T16:21:49+00:00,2026-06-16T09:11:46+00:00,20,0,0,130000.00,0,129450.00000,20
0x3ab0d84287c6fd4f35768f2502c19bdfe172fcbd,2026-05-11T14:38:12+00:00,2026-05-11T14:38:12+00:00,1,0,0,10.20408,0,9.999998000000064,1
0x3abeddf2174f7db341526aabc9d2bee27bc0b612,2026-03-23T06:16:53+00:00,2026-04-27T12:03:58+00:00,2,100.0,100.0,0,0,14.3000,2
0x3ac7608c7705249918a29be27bfb7f40a3f6eac3,2026-05-15T00:14:32+00:00,2026-05-15T14:41:15+00:00,2,0,0,36.396665,36.39,71.8768160004306220,2
0x3ad10aa6061ec6cebeb837dc1a051e496cad684a,2026-05-13T07:25:10+00:00,2026-05-13T07:27:41+00:00,2,0,0,206.8965,206.89,407.7865990,2
0x3ae1aeaf9903ee23c6f13972f91ed674fb3092f2,2026-02-20T06:07:32+00:00,2026-04-23T13:37:44+00:00,6,10.00,10.0,5.0,5.0,12.9700,6
0x3ae6b15a7dd979c7c218d5c9ca2752234d495fb5,2026-06-17T15:07:04+00:00,2026-06-17T15:07:04+00:00,1,833.333332,0,0,0,2.499999996,1
0x3aea75bde373e9ce0b1f73c040c1cb4a81778369,2026-06-12T06:37:06+00:00,2026-06-12T09:36:01+00:00,2,0,0,798.0,798.0,1592.0100,2
0x3af93a31bc8de182afd814becfc626c3e6403737,2026-05-13T19:39:49+00:00,2026-06-07T23:41:52+00:00,2,3355.0,0,0,0,30.2600,2
0x3b03970e08072b77a38f03ec54ceb702454e4153,2026-05-12T11:32:45+00:00,2026-05-15T07:42:55+00:00,2,0,0,56.19,56.19,110.58192,2
0x3b086298bd898ed072a72c68998b6e34c235497e,2026-04-30T10:50:30+00:00,2026-05-26T16:08:12+00:00,2,1300.0,1300.0,0,0,55.9000,2
0x3b08c8934749e184db087acef93b16ae87ab1fef,2026-04-14T18:01:20+00:00,2026-05-03T03:00:30+00:00,2,16.666665,16.66,0,0,1.616419000000090,2
0x3b0a3639165c67985a4edd6aaba4a36a11d7ca77,2026-06-04T17:34:37+00:00,2026-06-06T16:12:57+00:00,4,0,0,46.75,46.75,92.89181,4
0x3b12dc6cff3449eaa477990a91f988663e3cb081,2026-06-15T13:19:46+00:00,2026-06-15T13:19:46+00:00,1,1750.0,0,0,0,7.0000,1
0x3b433962b883158f9561043daaf2dcf5154e0d4c,2026-06-12T21:39:22+00:00,2026-06-12T21:39:45+00:00,2,1010.99,0,0,0,5.05495,2
0x3b4d54f349eabc651610c638333188c7c13f44e5,2026-06-17T06:51:28+00:00,2026-06-17T06:51:28+00:00,1,3563.333333,0,0,0,10.6899989300000001,1
0x3b5ee95d51ccd5b07dae500e3e6401c55c060e71,2026-04-23T16:26:02+00:00,2026-04-23T16:26:20+00:00,2,0,0,17.07,17.07,32.4330,2
0x3b766c434c908c0e888a86343e4e1336e93bfd12,2026-05-17T16:10:41+00:00,2026-05-18T06:14:18+00:00,2,0,0,118.22,118.22,234.19382,2
0x3b790e880513793eeb4e7b985e2f66c13e936e76,2026-05-31T15:25:53+00:00,2026-05-31T15:58:49+00:00,2,0,0,31.0,31.0,61.4730,2
0x3b7ed1242417f4b8f6992b5dd53aa9415a2c23eb,2026-04-12T05:52:09+00:00,2026-06-06T16:12:57+00:00,2,0,0,5000.0,5000.0,9625.0000,2
0x3b8d47990d8ec44f11c9643808a1da1c107551c8,2026-04-07T14:37:15+00:00,2026-04-07T19:11:39+00:00,2,23.53,23.53,0,0,4.0001,2
0x3b92a354c4b888d105d086bfdbc9b6d351131501,2026-05-16T16:58:17+00:00,2026-05-21T15:23:45+00:00,2,125.0,125.0,0,0,2.1250,2
0x3b9d958db7c1245c335c403d2e624ab0ddd93836,2026-04-30T01:06:36+00:00,2026-06-09T07:14:31+00:00,1670,0,0,17010.718699,17010.709942,33597.7137679998638413,1670
0x3ba03796a443c057d00cfd1a0091577fc8ffc149,2026-05-09T10:39:55+00:00,2026-05-09T10:39:55+00:00,1,125.0,0,0,0,2.0000,1
0x3ba608aa7eb18ac3ec32bf07d7ab5686b555f533,2026-06-13T13:06:43+00:00,2026-06-13T13:06:43+00:00,1,0,0,19.158,0,19.119684,1
0x3babe2c155727d0529825214c3728e1279c47e20,2026-06-15T11:05:24+00:00,2026-06-15T11:07:51+00:00,2,0,0,106.078,106.07,211.405486,2
0x3bb7cbea74e600a96cdf9497f8db3494fc33d4f4,2026-06-16T13:14:32+00:00,2026-06-16T13:14:32+00:00,1,0,0,43.20275,0,43.02993900,1
0x3bbf0e21a29c8306d326ab11521e2423e64fb04a,2026-06-13T12:35:42+00:00,2026-06-13T12:35:42+00:00,1,0,0,1.002,0,0.999996,1
0x3bc4c9c1fee21b7fb06ad461bfd68e58c3082d14,2026-06-10T13:27:16+00:00,2026-06-10T13:49:28+00:00,2,3381.0,0,0,0,11.1630,2
0x3bd62bfa43403949589d008303174c76719bd707,2026-06-06T11:59:39+00:00,2026-06-09T06:06:19+00:00,2,1718.571428,0,0,0,10.589998997428572,2
0x3be0c0fe19e3e02fc048f2c159f7c30f2dc53b41,2026-05-06T14:30:44+00:00,2026-05-06T17:27:46+00:00,2,26.315788,26.31,0,0,1.9208489992632108,2
0x3be5154418600817761c827f7d992124e387ae59,2026-06-10T06:47:15+00:00,2026-06-17T18:00:40+00:00,2,105.0,0,0,0,0.1150,2
0x3bff9b4f19522c304eca65d6dbfca90cf2678d57,2026-06-11T07:18:19+00:00,2026-06-11T07:18:19+00:00,1,0,0,1.002,0,0.999996,1
0x3c11594724ccd74a50f17cb27eb14e19d453903d,2026-05-17T06:45:29+00:00,2026-05-17T20:45:19+00:00,2,0,0,102.71,102.71,203.67393,2
0x3c1a4f11d9e544e156239c3724b5f00f2eb60241,2026-04-28T03:14:32+00:00,2026-04-28T03:26:46+00:00,2,0,0,24.29,24.29,46.78254,2
0x3c1d180d35bedea7736a5472936da63154ef72c5,2026-06-07T16:47:04+00:00,2026-06-07T16:47:04+00:00,1,0,0,7.0,0,6.9650,1
0x3c2903c531e1b90620d25aeb68eeeac8a8f1e8dd,2026-06-16T10:23:12+00:00,2026-06-16T21:17:47+00:00,2,0,0,115.47,115.47,230.01624,2
0x3c345994037eacd37a73980f7a65657dd5842055,2026-05-30T03:28:33+00:00,2026-05-30T03:28:33+00:00,1,125.0,0,0,0,1.0000,1
0x3c4a6ff33917a66bfe1c80b97264dca93fe76f8d,2026-06-02T04:28:36+00:00,2026-06-13T11:20:36+00:00,2,111.111111,111.11,0,0,1.222218999000001,2
0x3c4d4e70eea2530496c4de55d4380067e0be4829,2026-03-21T03:47:01+00:00,2026-03-21T04:03:09+00:00,2,0,0,200.0,200.0,356.000,2
0x3c668caf56a91c91c777197cbecba9e78d04d7a9,2026-06-14T08:23:45+00:00,2026-06-14T08:23:45+00:00,1,0,0,31.653,0,31.589694,1
0x3c6c4cabf743294c9f25f7746f70e22e9b18916f,2026-05-11T17:30:44+00:00,2026-05-11T17:30:44+00:00,1,0,0,4.179407,0,4.0999979999358927,1
0x3c7437723471918e37075f9bdd35ffc533f56493,2026-05-08T19:40:54+00:00,2026-05-08T19:40:54+00:00,1,294.117646,0,0,0,5.0000000114117646,1
0x3c8183b12e46ef33c14fd7cc4fc012cf8d8d81cf,2026-06-15T10:10:01+00:00,2026-06-15T10:10:01+00:00,1,1112.5,0,0,0,4.4500,1
0x3c8865543bd0070724169d2fbffc0b21b869359a,2026-06-03T00:07:34+00:00,2026-06-03T00:07:34+00:00,1,139.0,0,0,0,1.390,1
0x3c8ac99131bc97a70123eafb3899a5e49a09ed18,2026-06-15T15:38:24+00:00,2026-06-15T15:38:24+00:00,1,0,0,86.0,0,85.7420,1
0x3c8fadd6c016ec96e23d8455316055b2e809830e,2026-06-07T14:47:00+00:00,2026-06-07T14:47:00+00:00,1,0,0,1.025,0,1.019875,1
0x3c9600b8317800e1d42e6d8721d8161fe5656143,2026-05-27T08:24:06+00:00,2026-05-27T08:24:06+00:00,1,0,0,1.0152,0,0.9999720,1
0x3c9d6be626c193065417afd0140b2df4593df962,2026-05-03T10:37:28+00:00,2026-05-10T02:16:57+00:00,2,37.837836,37.83,0,0,1.9674490011892344,2
0x3ca00d4c7506cd90c3f9486e42af87832add2c0c,2026-05-07T17:59:03+00:00,2026-05-21T17:49:04+00:00,2,299.032257,299.03,0,0,11.6622399969032257,2
0x3ca61f665fc7e7c46cedb4349ea9eb90c0963afd,2026-06-06T02:04:49+00:00,2026-06-17T18:00:40+00:00,2,0,0,764.89,764.89,1524.42577,2
0x3cb7bbd9547a1aa0df62a02749999a8811e10aca,2026-06-05T17:52:39+00:00,2026-06-15T10:22:58+00:00,14,0,0,625.409411,625.40,1246.3621940117887985,14
0x3cbaa863fa48b9702ede5af809e321183e7a4d67,2026-06-15T18:28:57+00:00,2026-06-16T06:37:33+00:00,2,0,0,4.0,4.0,7.9680,2
0x3cbed611cc00d0420b5cff0aaaabe8f69f363c50,2026-05-05T21:20:50+00:00,2026-06-09T16:03:49+00:00,2,172.413793,0,4.86925,0,9.8497719970000006,2
0x3cca3c93f53fa21a00c9efe186c97fca6600d975,2026-05-07T03:49:52+00:00,2026-05-23T06:12:39+00:00,2,31.0,31.0,0,0,1.2710,2
0x3cca95542d6385f37fbf08fb5fe8525d3322eb13,2026-06-17T15:46:16+00:00,2026-06-17T15:46:16+00:00,1,0,0,117.06,0,116.59176,1
0x3ccb45ae1680d39b25b46c4ddf93de83e46da1d4,2026-06-17T09:09:13+00:00,2026-06-17T09:09:13+00:00,1,4076.666666,0,0,0,12.2299991826666668,1
0x3ccf70018686b3f674c3b584d2f3d1720efc19c9,2026-02-28T17:20:51+00:00,2026-02-28T17:20:51+00:00,1,29.411763,0,0,0,14.9999990005882428,1
0x3cd05bf427ec0267b157079c2083a24572db9570,2026-03-08T22:59:37+00:00,2026-03-09T00:10:01+00:00,4,0,0,17.218429,0,11.3299980001984733,4
0x3cdcf11630cc89676284bb3283cf58a6c6e57ce5,2026-06-17T17:31:29+00:00,2026-06-17T17:31:29+00:00,1,33333.333333,0,0,0,99.999999999,1
0x3ce84cf30c2cafdd0fc3ed75456f92ba42f25bd9,2026-05-28T14:34:06+00:00,2026-06-05T15:15:16+00:00,2,0,0,18.0,18.0,35.7120,2
0x3cf67cc88c67e6f6f75403871eef4e236d477be7,2026-05-20T10:20:33+00:00,2026-06-12T10:27:51+00:00,2,0,0,50.0,50.0,99.2500,2
0x3cf836b35818ee3968d2c7c2f40e22f26ce55144,2026-02-10T14:10:09+00:00,2026-04-10T00:46:55+00:00,3,13.92857,13.92,0,0,8.791999000000032,3
0x3cff88ce3c624a08a2b967c971109b8d22f4c216,2026-05-15T01:40:05+00:00,2026-05-19T08:51:47+00:00,2,2500.0,0,0,0,30.0000,2
0x3d0057fba036be916325bf4777a766ae98c5553d,2026-05-16T16:25:39+00:00,2026-05-16T16:48:01+00:00,2,0,0,1286.1945,1286.19,2553.90035303528505,2
0x3d045940a8ff9051b0b0ecf2ef99188ed131680a,2026-05-21T12:28:56+00:00,2026-05-21T12:28:58+00:00,3,561.21,0,0,0,5.6121,3
0x3d04e5362bc3c7adf18fceb42febd39e8889fe94,2026-06-07T05:24:49+00:00,2026-06-07T05:24:49+00:00,1,0,0,1.47575,0,1.46984700,1
0x3d055084621e08c0cd869a7f55039b777a3609cf,2026-04-30T05:18:42+00:00,2026-06-12T16:47:34+00:00,165,0,0,5200.273524,5160.120727,10213.0942140036835882,147
0x3d0df1258ab4d87b77e9993cc60b5f391c9225b8,2026-05-23T18:14:53+00:00,2026-05-23T18:14:53+00:00,1,47646.474166,0,0,0,499.9999986884932794,1
0x3d27fc3f49fca07882be06d39dbdcc8a2ccde2ae,2026-06-16T12:46:24+00:00,2026-06-17T07:12:26+00:00,2,0,0,90.05,90.05,179.37960,2
0x3d2f0c9d1b45a013fa817f72c5e1fd12d61d420c,2026-04-15T18:41:24+00:00,2026-04-15T18:41:24+00:00,1,50.0,0,0,0,3.000,1
0x3d3d81ca56d1c2c80e7990edd57fd6f1badd8c7e,2026-03-11T12:32:23+00:00,2026-05-22T17:28:00+00:00,5,0,0,5.802633,5.8,9.7361940000004416,5
0x3d451494ad494ba30f3afd2f821ca73bcf21097d,2026-05-04T06:44:26+00:00,2026-05-04T23:27:44+00:00,2,29.99,29.99,0,0,1.79940,2
0x3d5f4b29b706ac39d3d8d03c05f282b66bf3e4bc,2026-03-28T13:56:31+00:00,2026-04-16T19:41:28+00:00,2,333.33,333.33,0,0,36.6663,2
0x3d682d09daf3747055285b0ee1b64bfc018edb93,2026-04-27T01:10:40+00:00,2026-04-30T17:18:26+00:00,3,200.0,200.0,0,0,15.0800,3
0x3d699b8a6bda3b0910d50c05f408df4d362a35ff,2026-05-17T06:45:29+00:00,2026-05-17T19:40:28+00:00,2,0,0,117.01,117.01,232.14784,2
0x3d6b13fb5601755508174b69d3c6082c6e45b046,2026-06-16T23:55:20+00:00,2026-06-16T23:55:20+00:00,1,0,0,4.559,0,4.549882,1
0x3d72780077fb650113eb21b0e7bcc05a31478281,2026-05-16T03:16:33+00:00,2026-05-17T14:30:08+00:00,2,0,0,16.145222,16.14,32.0269350003854778,2
0x3d803650de48d4037e3a701055c2b5ff2e134a15,2026-06-08T12:14:48+00:00,2026-06-09T09:30:07+00:00,12,10000.0,10000.00,0,0,90.00000,12
0x3d8f577944baea3bdba378a8ba267272e282c2ea,2026-06-14T03:51:55+00:00,2026-06-14T03:51:55+00:00,1,0,0,268.2965,0,267.7599070,1
0x3d984004d1f87dfec739851106e64add36ab6dae,2026-06-08T05:31:51+00:00,2026-06-08T05:31:55+00:00,2,0,0,11.6782,11.67,23.2197890,2
0x3da083c11a39ea36f5f1c86b0b37cbc18f682338,2026-06-14T09:45:51+00:00,2026-06-14T09:45:51+00:00,1,5000.0,0,0,0,15.0000,1
0x3dc4fa6a203f6f8c4600a44683db7b99813a7c1d,2026-04-30T12:20:22+00:00,2026-05-04T19:58:10+00:00,8,3448.27586,3428.68,0,0,200.49168994200,8
0x3dc6a512162ade7b71e71249fe92f05e8125a2d6,2026-05-23T10:36:16+00:00,2026-06-16T15:02:53+00:00,2,0,0,100.0,100.0,198.8000,2
0x3dd2db2d398ff72c2c71c9ad6473368b941e9ab1,2026-01-09T16:52:54+00:00,2026-05-25T16:15:01+00:00,185,0,324.00,25163.649423,0,20709.0412549729222260,183
0x3de4c179a752ca597fc73fb8782cc1c69d64b5d6,2026-06-08T05:39:39+00:00,2026-06-13T13:37:03+00:00,2,0,0,870.0,870.0,1733.0400,2
0x3df91399b391d2a710ed6bb40dc87cca98e5408c,2026-04-30T17:16:20+00:00,2026-04-30T20:12:46+00:00,2,57.983190,0,0,0,1.9999980001093503,2
0x3df9966b6503e323465f6f053d10a0fd3cd1bce6,2026-06-17T08:46:53+00:00,2026-06-17T08:46:53+00:00,1,0,0,56.0,0,55.8880,1
0x3df9f9b0c22e6d101a037afa9d09ba976ff5e310,2026-06-15T06:29:45+00:00,2026-06-15T06:29:45+00:00,1,0,0,8.006,0,7.989988,1
0x3e0d94dbda91210d7f71e8a9aaa8092c6edb185c,2026-05-08T00:13:59+00:00,2026-05-08T08:22:55+00:00,2,0,0,56.51,56.51,109.74242,2
0x3e0e8eb414b92dd1a0dae1b322f824cd390612bd,2026-03-19T19:59:23+00:00,2026-03-19T21:36:09+00:00,2,33.47,33.47,0,0,8.0328,2
0x3e0fe0ebf9cc6f8e56acbff354817b81289f9e9a,2026-06-17T17:40:23+00:00,2026-06-17T17:40:23+00:00,1,310.0,0,0,0,0.9300,1
0x3e1a2c5c7f0a1bcee0640a33e7d3a3085af751a6,2026-04-29T10:23:36+00:00,2026-04-29T10:23:36+00:00,1,47.619046,0,0,0,1.9999989986666984,1
0x3e1f77f332cd00df3096da6359fcac931936dea6,2026-06-01T13:27:31+00:00,2026-06-01T13:27:31+00:00,1,0,0,8.0645,0,7.9999840,1
0x3e275d9852829bdbdf795cdd18100642edce8fa8,2026-06-11T20:29:21+00:00,2026-06-11T20:29:21+00:00,1,124850.0,0,0,0,374.5500,1
0x3e34356e1121a40b7315431e2d7e9e83f38dcafc,2026-06-17T14:36:53+00:00,2026-06-17T14:36:53+00:00,1,333.333332,0,0,0,0.999999996,1
0x3e49d0ad7c027860093cc807e42bfccc397c4328,2026-02-04T16:30:11+00:00,2026-02-09T16:55:07+00:00,5,142.895832,142.0,0,0,140.1499990027604200,5
0x3e4e6d300b93233711344250923670855541c486,2026-05-13T08:33:11+00:00,2026-06-05T06:27:45+00:00,3,0,0,200.0,100.0,296.6000,3
0x3e5082efc392e0612a40f26c03f0998ae7f49bbf,2026-05-13T05:20:27+00:00,2026-06-04T06:05:40+00:00,3,0,0,200.0,100.0,296.6000,3
0x3e59f2c319b3a0d9574fb94fb0045aea801db2be,2026-06-02T17:35:31+00:00,2026-06-02T17:35:31+00:00,1,1100.0,0,0,0,11.000,1
0x3e59fa30eab06ff17b34594308634fd52c7f5945,2026-04-16T17:46:20+00:00,2026-04-16T17:46:20+00:00,1,500.0,0,0,0,25.000,1
0x3e624b4d4c421fe0ed09731ece14267b58c23fce,2026-06-07T12:31:19+00:00,2026-06-07T12:31:25+00:00,2,0,0,12.768,12.76,25.438656,2
0x3e6565173bf7078c693dc2f080f10069f0669d5f,2026-05-14T09:38:08+00:00,2026-05-14T12:48:23+00:00,2,0,0,7.092153,7.09,13.9906949996525552,2
0x3e685ee904f78286763ee87905ae69c0a9e998b3,2026-06-17T11:15:05+00:00,2026-06-17T11:15:05+00:00,1,333.333333,0,0,0,0.999998999000001,1
0x3e6aee1898c37494b2cdb06da1f43c10b16ae86d,2026-04-30T15:06:34+00:00,2026-05-23T18:14:53+00:00,763,19585.060119,19583.616375,880.0,878.564590,2289.8987389947621011,576
0x3e7d693f1ae11d65675a48c2704c776be0b66435,2026-05-15T08:55:04+00:00,2026-06-06T02:34:42+00:00,3,0,0,200.0,100.0,296.6000,3
0x3e8381b1c52ded938b8bc81e4edcf82b322f87fc,2026-06-17T06:48:49+00:00,2026-06-17T17:48:44+00:00,2,0,0,51.9,51.9,103.5405,2
0x3e9291090a1a3152f2a6a1f8894bd5d6a793499d,2026-06-08T11:28:39+00:00,2026-06-08T11:28:42+00:00,2,0,0,12.7738,12.77,25.4033110,2
0x3e99e479b08a4f4ba1d6768c994997b806226951,2026-01-31T06:38:12+00:00,2026-01-31T06:38:12+00:00,1,21.276594,0,0,0,9.9999989991489510,1
0x3ea26ecb7db5627faf3d61dfaa9a7b5ea3d292ad,2026-05-11T13:13:41+00:00,2026-05-11T13:13:41+00:00,1,0,0,3.2551,0,3.189998,1
0x3ea30c3f45d814e82e1ad32198213c71a223c850,2026-04-30T21:55:32+00:00,2026-05-07T16:54:13+00:00,6,79.9925,79.99,0,0,5.6094250,6
0x3eab1f230ab7b99bbe9719ba05780b3d95c2a4b0,2026-05-10T00:49:36+00:00,2026-05-10T00:49:36+00:00,1,187.5,0,0,0,3.0000,1
0x3eac1bc638fee6650d9ce711bfe21ae8d5e1889c,2026-04-29T16:36:08+00:00,2026-04-29T16:36:08+00:00,1,34.25,0,0,0,1.3700,1
0x3eae57986be5e0ca435102ffe1f14206ffa2e2ed,2026-06-02T02:22:50+00:00,2026-06-02T02:24:33+00:00,12,0,0,10000.00,0,9910.00000,12
0x3eae9f8a3e1eba6b7f4792fc3877e50a32e2c47b,2026-02-28T17:44:13+00:00,2026-02-28T17:44:13+00:00,1,70.0,0,0,0,35.00,1
0x3eb385f452fff561cdde1b838f9e452ebde07133,2026-05-28T20:36:52+00:00,2026-06-05T15:15:16+00:00,4,400.0,0,0,0,3.1000,4
0x3ebcd55d64104b5ada7b054561784a4e39b214df,2026-03-21T03:47:01+00:00,2026-03-21T09:07:53+00:00,2,0,0,200.0,200.0,356.000,2
0x3ec00b2a559cb87098747f8a8e1c3133546c55c5,2026-06-04T17:53:37+00:00,2026-06-06T00:59:31+00:00,26,9999.972427,9999.931423,0,0,139.9993178540776024,26
0x3ecd1fb69996e51766e672b75cc120cfcf6526b1,2026-05-23T20:33:18+00:00,2026-06-11T22:05:36+00:00,2,83.333333,83.33,0,0,1.166658996000004,2
0x3ee66e066794310413618fd1c36ff97b6f3eddc6,2026-05-16T08:49:41+00:00,2026-05-16T08:49:41+00:00,1,125.0,0,0,0,1.0000,1
0x3ee6adebae38f5d7147a5992e990bf666f2d1733,2026-06-07T10:58:01+00:00,2026-06-13T09:27:15+00:00,2,200.0,200.0,0,0,1.4000,2
0x3ef10487e6520dd273a3837cf40758f8bb4cf748,2026-05-18T02:55:35+00:00,2026-05-21T16:10:31+00:00,20,7357.61,0,0,0,95.04893,20
0x3ef7e53b5e2563089dd44c2e9fe67a3bc21c064c,2026-05-05T19:34:22+00:00,2026-05-07T13:24:01+00:00,4,0,0,105.91,105.91,205.37104,4
0x3f02a8b650d4b30449e83616f2165460209ca51c,2026-05-16T13:42:58+00:00,2026-05-16T13:52:33+00:00,2,0,0,12740.0,0,12650.8200,2
0x3f186de19d1f189752462dc2b2cfc758476f080e,2026-05-12T07:49:55+00:00,2026-05-12T07:49:55+00:00,1,90.909089,0,0,0,1.9999990034545655,1
0x3f20b410be0fbcd81bf57c8df862f001dc525d9b,2026-06-15T05:24:40+00:00,2026-06-17T16:08:40+00:00,5,4949.999999,0,0,0,16.3499979970000008,5
0x3f21f66abf803682784b8d7923502290340c3c1f,2026-05-13T05:15:42+00:00,2026-06-04T06:00:27+00:00,3,0,0,200.0,100.0,296.6000,3
0x3f257dcc5d94897634cebccbdd8ae853e30e8974,2026-06-11T02:54:51+00:00,2026-06-13T08:53:28+00:00,2,0,0,38.0,38.0,75.7720,2
0x3f26f212ea938e885cc21fcbfbe956d454848a46,2026-05-06T06:47:34+00:00,2026-06-10T06:34:40+00:00,12,0,0,912.107384,762.1,1652.830588008,12
0x3f2c23981924b8ab207cc352a6da9e9e9dc20f39,2026-02-17T17:03:39+00:00,2026-02-21T14:39:34+00:00,2,100.0,0,3.571427,0,57.8721990000000528,2
0x3f2cc8d9fc346f11bc5dfb3786d83e7edba7aa92,2026-05-14T09:18:21+00:00,2026-06-05T14:29:27+00:00,3,0,0,200.0,100.0,296.8000,3
0x3f4506620189a9b4979f2574a8e83fee43e7d7b2,2026-06-07T12:24:12+00:00,2026-06-07T12:24:16+00:00,2,0,0,12.808333,12.8,25.5187079997191667,2
0x3f4c7cc8d1d05d028d7359b25a1e2acb1940d00a,2026-04-16T15:12:16+00:00,2026-04-16T15:12:16+00:00,1,16.666665,0,0,0,0.999999000000090,1
0x3f5f69e73d784a1041b625f560bc4d94610c554f,2026-03-19T11:32:37+00:00,2026-03-19T13:56:23+00:00,2,0,0,2.02,2.02,3.5754,2
0x3f6980cbf54a77a447db115d66bf9974df050348,2026-06-17T12:31:29+00:00,2026-06-17T12:31:29+00:00,1,7576.666665,0,0,0,22.729999995,1
0x3f6a924d284f1fe7e0fbc71eb5f8a851cd7475ec,2026-04-06T04:56:57+00:00,2026-04-19T22:57:12+00:00,4,0,0,10.70,10.70,20.1148,4
0x3f6e8c73bf193456371e5cb2a37435ddee6eba62,2026-06-17T14:43:29+00:00,2026-06-17T14:43:29+00:00,1,9633.333332,0,0,0,28.899999996,1
0x3f7d39abd585d6e5f657a4f1a417aafb8970fdde,2026-06-16T06:21:00+00:00,2026-06-16T06:21:00+00:00,1,0,0,10.6725,0,10.6298100,1
0x3f838a36103c8bb4fc49b0ac55a9c5491a6854a9,2026-06-12T07:00:00+00:00,2026-06-12T07:00:00+00:00,1,0,0,1.002,0,0.999996,1
0x3f8ad7b648ca2cb5c80e8d1e3613d51e3769f059,2026-05-07T15:48:25+00:00,2026-05-12T09:46:49+00:00,4,0,0,58.81,58.81,114.660730001116,4
0x3f9627d84580cf38ef8a064b681caa65a3d69d38,2026-05-04T19:51:00+00:00,2026-05-07T03:57:30+00:00,4,0,0,97.67,97.67,189.72998,4
0x3f9809057c96b915629cd61e40b2cef495028db1,2026-06-17T15:52:19+00:00,2026-06-17T15:52:19+00:00,1,3306.666666,0,0,0,9.9199990060000002,1
0x3fa30e0a6567f76473b5fb4e6f760ffbe29e3587,2026-05-14T04:18:17+00:00,2026-05-14T04:18:17+00:00,1,76.923075,0,0,0,0.9999989980769475,1
0x3fa66e366a650045ef74dab0be7cd06bf533e929,2026-05-27T08:38:41+00:00,2026-05-27T08:38:41+00:00,1,312.5,0,0,0,5.0000,1
0x3fb5726477ac087db5e6606b7fc86c74e7f8df41,2026-05-07T10:25:03+00:00,2026-05-07T16:25:33+00:00,2,0,0,52.72,52.72,102.27680,2
0x3fb6009b140e600120540c42b1de0b451e8737a2,2026-04-06T04:56:57+00:00,2026-04-06T05:41:07+00:00,5,29653.868886,0,0,0,2498.7399986089307780,5
0x3fcc5bcb2e4d41ca07980df3a6bdf7022df54b74,2026-06-11T23:31:21+00:00,2026-06-12T00:22:12+00:00,2,0,0,8700.0,8700.0,17356.5000,2
0x3fd3c06505bcf09b54018af8c8671abe0e302f78,2026-04-28T03:36:24+00:00,2026-04-28T03:41:40+00:00,2,0,0,40.767611,40.76,78.5518569999232389,2
0x3fd6f6a5485f814dde5f5e1a8dddf8c308d7aec0,2026-06-07T12:11:34+00:00,2026-06-07T12:11:39+00:00,2,0,0,12.848333,12.84,25.5984279997151667,2
0x3ff0b5be16909969c326150f3c84e11008f46cf4,2026-05-21T12:51:41+00:00,2026-05-22T01:02:11+00:00,4,0,0,520.0,520.0,1030.9000,4
0x3ff4703a593e8b23d75617ffdd99bfe64d36b0a5,2026-05-26T07:51:35+00:00,2026-05-26T07:51:35+00:00,1,133.333332,0,0,0,2.0000000066666664,1
0x3ffa6a4a809ce5787c609685b16ad67292b7cd3e,2026-05-28T06:04:39+00:00,2026-06-06T16:28:57+00:00,3,682.142857,0,0,0,6.9999989980000004,3
0x3ffc88577a3f4172d4fb1621adc758c5c2cf83f4,2026-05-09T12:06:15+00:00,2026-06-12T10:56:15+00:00,5,0,0,60.496194,30.43,90.0950649997341628,5
0x400331d3cdefd200a99b3f7dc26c8fe1db7e41bd,2026-06-17T15:40:50+00:00,2026-06-17T15:40:50+00:00,1,329.0,0,0,0,0.9870,1
0x40134bc0835d5c480524e51b3d55b01d700b4281,2026-04-29T09:40:24+00:00,2026-04-29T11:24:46+00:00,8,0,0,14.863986,14.86,28.4509589997803735,8
0x403756b83c7166b3d3f35700470e08936465fb5b,2026-04-11T01:41:35+00:00,2026-04-13T17:41:25+00:00,2,123.45,123.45,0,0,16.0485,2
0x4043ef57bcf8b58dcaaa11e672e930d3b19e3f36,2026-04-11T01:45:09+00:00,2026-04-13T16:12:57+00:00,2,0,0,5.0,5.0,9.400,2
0x40533e55077ddefb2997b99fe939efa3ddebbf40,2026-04-30T08:48:48+00:00,2026-05-12T02:15:54+00:00,4,0,0,108.55,108.55,211.88428,4
0x405457c95ea0dd781ca11114c2b5c0165a726691,2026-03-24T02:57:01+00:00,2026-03-24T02:57:01+00:00,1,62.5,0,0,0,5.000,1
0x405e325e5ff15aff3dfcbd1f7a7f67fcc5778bc0,2026-06-03T17:39:31+00:00,2026-06-10T13:41:43+00:00,6,0,0,113.04,113.04,224.61020,6
0x40695bbf4c4369f6ca1674269704eb8512678c06,2026-06-01T22:13:27+00:00,2026-06-01T22:13:27+00:00,1,111.111111,0,0,0,0.999998999000001,1
0x406e2bf7fab439c38d65ce7abd5e59ddf379436a,2026-05-07T14:59:39+00:00,2026-05-07T23:02:16+00:00,2,0,0,65.58,65.58,127.29078,2
0x4083fe0385fccbc5a496e6e0707baf8af53b11a2,2026-06-15T12:30:27+00:00,2026-06-15T12:30:27+00:00,1,0,0,54.383,0,54.219851,1
0x408c18173600b57e3131bc7ab710cf8aea215eff,2026-05-11T12:01:37+00:00,2026-05-11T12:01:56+00:00,2,0,0,6.992863,6.99,13.7101980002152094,2
0x40901ea6ec803e843b6890900b69a27db3abcae4,2026-04-06T02:03:09+00:00,2026-04-13T00:24:39+00:00,2,71.42857,71.42,0,0,9.285199000000018,2
0x409072b523e8c63b4ce731677b113301686bce9b,2026-05-06T05:44:48+00:00,2026-06-12T09:01:22+00:00,2,1034.482757,1034.48,0,0,32.0689590219655187,2
0x409ac6c46543ca16e4b02ba98af1fcc1d1420293,2026-06-16T17:41:01+00:00,2026-06-16T17:41:01+00:00,1,4985.0,0,0,0,9.9700,1
0x409c7d7895a91e8c6c9f11eb4c1e39d3c6b61025,2026-05-18T16:08:15+00:00,2026-05-18T16:08:15+00:00,1,100.0,0,0,0,1.000,1
0x40a801c2dc068196ee5badcea678031b79ab5cad,2026-03-04T06:27:27+00:00,2026-04-07T01:07:45+00:00,2,93.75,93.75,0,0,37.5000,2
0x40ae4694cb2f67125bbb378800e296c3d30169c6,2026-05-03T20:36:50+00:00,2026-05-05T13:49:44+00:00,5,368.1,368.10,30.3,30.3,77.714700004924,5
0x40bcabbcb258bc832d29039dc898aa3effb5eb41,2026-06-11T09:47:45+00:00,2026-06-11T21:26:31+00:00,2,0,0,7.014,7.01,13.988942,2
0x40c54e7f9fe32843a8174f927338e87d8fc85cba,2026-06-10T13:41:43+00:00,2026-06-17T18:00:41+00:00,58,6299.9905,0,6299.991665,0,6293.6916770024486590,57
0x40d3b984a22fbb7e2ee3f5e9e49b72a54f4c259b,2026-03-15T19:36:33+00:00,2026-03-18T05:23:11+00:00,4,0,0,8.4507,8.45,11.914997,4
0x40d7371eae6ee5159cac090a8a43e21669641218,2026-04-29T23:03:50+00:00,2026-05-05T21:50:08+00:00,2,20.0,20.0,0,0,1.2800,2
0x40da04ed8573a59075706462b0184b6ff1942fe1,2026-06-15T13:13:21+00:00,2026-06-15T13:13:21+00:00,1,5000.0,0,0,0,20.0000,1
0x40dda619a79804c8249e072540b54031d1afe214,2026-06-15T13:39:15+00:00,2026-06-17T17:48:37+00:00,5,32989.999999,0,0,0,105.9799984970000001,5
0x40f831201e7e9682e54c1735387b75422c67f97d,2026-06-14T18:41:15+00:00,2026-06-14T18:41:15+00:00,1,0,0,1.2625,0,1.2599750,1
0x40fc0fc1e6392ad49ccaae521d7a2bbd6ceffc5f,2026-06-17T13:52:41+00:00,2026-06-17T13:52:41+00:00,1,8333.333332,0,0,0,24.999999996,1
0x40fe57965a53d6efde2c678b8b442bb76c3a3bfd,2026-05-25T03:20:10+00:00,2026-05-30T15:57:15+00:00,5,437.217190,0,0,0,5.9999960001357999,5
0x40ffa37b35e5cdc0a8babcb87130b88d72c24e47,2026-05-07T16:28:59+00:00,2026-05-07T16:34:26+00:00,3,0,0,15.51,15.51,30.12042,3
0x4101fa92ac42152557e6e0f86a70aa887fbd1faa,2026-06-16T20:15:11+00:00,2026-06-16T21:48:58+00:00,2,18333.333333,0,0,0,54.9999991656666667,2
0x4109b4244d2875df730226008c17d9cd1bfc24b2,2026-05-14T08:39:15+00:00,2026-06-05T12:52:55+00:00,3,0,0,200.0,100.0,296.5000,3
0x412723eb1de86d350963ac6b81a0b1445b6cd187,2026-05-11T00:21:37+00:00,2026-05-11T00:31:11+00:00,3,50.00,50.0,0,0,1.9500,3
0x412766b46d59b686fd9c551d695313d4d05e26ba,2026-05-13T02:55:21+00:00,2026-06-03T07:00:43+00:00,3,0,0,174.003143,87.3,258.1650499970304637,3
0x4129b8ce80eb18e4315fad0c202bcf8940d04dc9,2026-05-21T22:18:16+00:00,2026-06-17T15:49:31+00:00,3,5999.999997,0,0,0,21.9999978810000006,3
0x412a81837a89b2f38bc704c89b699a0881baac29,2026-05-17T16:10:41+00:00,2026-05-18T06:07:04+00:00,2,0,0,55.18,55.18,109.36676,2
0x4130533ea3656eb86750bb5fa07d721d2b162fd6,2026-04-17T02:02:02+00:00,2026-04-23T08:33:36+00:00,2,214.29,214.29,0,0,23.109029999928,2
0x413531f78b28c2f2014dd82e92f46802769ce462,2026-06-07T21:09:36+00:00,2026-06-07T21:09:36+00:00,1,166.666666,0,0,0,0.999998996000004,1
0x4138c51307b7c47c36ab60e65830dd56ec49cb3e,2026-04-09T14:55:25+00:00,2026-04-11T14:23:33+00:00,2,111.11111,111.11,0,0,16.666599000000009,2
0x41443b6b3f53c82e8d69610d101b2ae08a561af1,2026-05-19T11:18:38+00:00,2026-05-19T11:18:38+00:00,1,111.11111,0,0,0,1.000000001111111,1
0x4162f4acb1d840020e26b00cb8ec96854f43e118,2026-06-13T11:16:58+00:00,2026-06-13T11:16:58+00:00,1,0,0,1.002,0,0.999996,1
0x41661933cd1890cb42198dc1b7af9942ea369937,2026-06-05T01:56:09+00:00,2026-06-14T17:06:40+00:00,2,0,0,145.0,145.0,288.5500,2
0x4169bcdf30f25dde88af6095ea92095e264098e9,2026-02-10T15:53:57+00:00,2026-03-19T09:51:51+00:00,62,0,0,142.70936,142.70,169.666060999848608,62
0x41770509f6c2b30295529654d01a545f35a3cb7b,2026-06-15T02:50:34+00:00,2026-06-15T02:50:34+00:00,1,0,0,76.3825,0,76.2297350,1
0x418a4a1b82cadb66fbaa395de13b57f703b9e91d,2026-01-22T13:01:40+00:00,2026-01-27T21:46:57+00:00,2,1.960783,1.96,0,0,1.9211990000002211,2
0x418b2ca5d00f1da556d2cc36f1137c6b70483a98,2026-04-30T00:41:46+00:00,2026-05-01T18:03:04+00:00,6,0,0,1996.19,1996.19,3864.11070,6
0x419f32f30814030554f5df3e9f508ad7394ce853,2026-04-29T13:24:14+00:00,2026-06-17T18:01:07+00:00,30,2609.846798,1953.59,0,0,65.6294039950469615,29
0x419f424c173066a7ec91cfbebe5d378354e51d9a,2026-05-18T13:08:57+00:00,2026-06-16T02:51:03+00:00,3,0,0,323.0,36.0,357.7070,3
0x41b8c085875d2489400850998258857f8113ecfb,2026-06-03T00:22:48+00:00,2026-06-06T19:03:09+00:00,46,22100.00,22099.996666,0,0,347.7999690780786668,46
0x41bad62aaed94b9ed1f168f895cd948f15bec25b,2026-06-17T15:44:07+00:00,2026-06-17T15:44:07+00:00,1,0,0,34.29,0,34.18713,1
0x41c587d1c5d7efc4c5f96567cae4b87d678a0840,2026-05-19T07:34:12+00:00,2026-06-17T18:00:40+00:00,5,0,0,1075.0,1075.00,2137.63750,5
0x41df1d70fa15f4f6a8bbdad042e3ffb639ca71b4,2026-05-28T01:57:55+00:00,2026-05-28T01:57:55+00:00,1,0,0,1.317076,0,1.2999540000146084,1
0x41e7d23ceb5e1cebcc3f11f4234c790bab2297a8,2026-05-02T10:07:50+00:00,2026-05-11T10:06:26+00:00,2,0,0,5.0,5.0,9.7100,2
0x41eccf801ec10f91e02ce71e8721401f15b15529,2026-05-12T12:31:33+00:00,2026-05-13T05:56:41+00:00,2,0,0,5.091611,5.09,10.0136119999633556,2
0x41fc0db187dee7ff532131126d8d3795e16aa467,2026-03-01T23:13:19+00:00,2026-03-20T17:34:41+00:00,6,0,0,104.87,0,84.4377,6
0x4204ff386d86ebfebbc615ec405f996eb30c165a,2026-06-03T00:22:48+00:00,2026-06-03T04:03:30+00:00,28,2203.821375,2203.82,0,0,35.913421000,22
0x4207c4f53b785c6d0d48512a497ebd845c29b81b,2026-01-29T07:06:18+00:00,2026-06-05T18:29:27+00:00,689,300.0,204660.377881,120665.346433,13037.452754,131850.1481224939214464,616
0x4239d76b8b28d6ff2649af8bceff352d7e47df0c,2026-05-15T05:01:41+00:00,2026-05-17T06:27:05+00:00,2,0,0,14.488307,14.48,28.6930790003070158,2
0x42477970683d4d0a52ec7082fee5d760cc5591c4,2026-05-14T16:39:44+00:00,2026-05-14T16:39:44+00:00,1,207.142857,0,0,0,2.8999990037142864,1
0x4249091bc30c5ff67b98142a57a3c0c6128a21ae,2026-04-15T11:45:18+00:00,2026-04-17T14:41:46+00:00,2,0,0,23.02,23.02,43.7380,2
0x426801c602b626c291111ec59852f889687f51d6,2026-06-05T12:10:43+00:00,2026-06-06T19:03:09+00:00,5,5000.00,5000.0,0,0,80.00000,5
0x426c6c39ac431c5e5ca4379d4a8e2f4d15ecbdf1,2026-03-31T03:34:03+00:00,2026-03-31T06:02:41+00:00,2,0,0,1200.0,1200.0,2256.000,2
0x4274900506094b5e090cee69718af68213b416fe,2026-06-17T02:30:15+00:00,2026-06-17T02:30:15+00:00,1,3333.333333,0,0,0,9.9999989990000001,1
0x4276afc89529686cd4e1415475535f308be5598e,2026-05-17T14:06:40+00:00,2026-05-17T14:23:56+00:00,2,0,0,10.060333,10.06,19.9895509999879334,2
0x427c212a9a374acb48051c31b309354435b4a0fe,2026-06-07T18:49:03+00:00,2026-06-09T19:23:25+00:00,2,0,0,888.0,888.0,1767.1200,2
0x42840854a24784402c8951c141e0866d7aa54e8c,2026-05-10T19:39:45+00:00,2026-05-12T01:53:51+00:00,29,0,0,57.67,57.67,112.88572,22
0x42863e924ce2ff7469099ccf3a7c146707da4750,2026-05-13T08:20:39+00:00,2026-06-05T06:09:40+00:00,3,0,0,200.0,100.0,296.5000,3
0x428e3ea2970c4b13cefc9ec8e5b003cde296472f,2026-04-15T11:54:50+00:00,2026-04-15T11:54:50+00:00,1,16.666665,0,0,0,0.999999000000090,1
0x42916748df3695ed298524aa80981993810846f3,2026-06-01T02:16:08+00:00,2026-06-02T02:22:29+00:00,2,0,0,878.11,878.11,1741.29213,2
0x4298f6655d1aa8bffa73c7c45de69a463d6cfbf0,2026-03-11T06:10:53+00:00,2026-03-11T06:10:53+00:00,1,27.027026,0,0,0,9.9999990010811046,1
0x4299f21b0c0fe81c0c7b56e6d77f64b82ef53722,2026-04-30T22:01:24+00:00,2026-04-30T22:01:24+00:00,1,57.142857,0,0,0,1.9999990007142882,1
0x42a1ba58f59cd4fe54407749a248b3a020218e59,2026-05-13T10:10:43+00:00,2026-06-05T11:32:51+00:00,3,0,0,200.0,100.0,296.5000,3
0x42a8cd42c2bba65467a05855e59eac10182970a5,2026-05-24T16:45:20+00:00,2026-06-11T22:34:04+00:00,11,9868.714280,9868.71,0,0,221.8694760765494821,11
0x42aa397fe530dbf8ec0f69264c0aaed4c7e07ae8,2026-05-17T10:35:31+00:00,2026-05-17T15:50:56+00:00,2,0,0,7.042252,7.04,13.9907179999719364,2
0x42acf90008f234be67dd291094f15f41e614bfdd,2026-03-27T12:17:45+00:00,2026-03-28T04:02:35+00:00,16,0,0,3.695978,3.69,6.8081770000551216,16
0x42b279b94eb8404095b0b1f9ffcd9038461c00c3,2026-01-09T16:52:54+00:00,2026-01-09T16:53:00+00:00,2,0,0,9.29,0,4.8379,2
0x42b316bd04bc6ed3d075ebf174e861fb883dc57e,2026-05-14T03:29:23+00:00,2026-05-14T19:39:35+00:00,4,717.948716,717.94,0,0,19.7178290124615393,4
0x42b7601fea87e5b1ea958ffe47647945fabcabff,2026-04-11T01:41:35+00:00,2026-04-12T05:09:55+00:00,5,100.0,100.00,0,0,14.0000,5
0x42b9a6068b209d608b6ee9ecbdb247717b02405f,2026-05-12T05:57:53+00:00,2026-06-03T05:17:35+00:00,4,0,0,170.240372,170.24,336.0519129995065728,4
0x42baa53b87e6ece3141357d11cbeb1526dbeb9a6,2026-05-15T08:46:09+00:00,2026-06-06T02:29:10+00:00,3,0,0,200.0,100.0,296.6000,3
0x42c71ee3425abf9e6abeccce1770f3a1587ed381,2026-05-03T03:18:58+00:00,2026-05-03T03:18:58+00:00,1,78.947367,0,0,0,2.999998998631596,1
0x42d4112a3592155cbbe057bd2e076121175eb0d3,2026-05-15T23:21:52+00:00,2026-05-15T23:21:52+00:00,1,111.11111,0,0,0,1.000000001111111,1
0x42d997ba2c67500e18b362c1ea718f21abe13e05,2026-05-14T10:18:00+00:00,2026-05-14T10:18:32+00:00,2,0,0,23.0,22.7,45.0832,2
0x42d9d2d6f162c6fb4df64aad2761329bc9190211,2026-04-30T01:06:36+00:00,2026-06-16T18:26:23+00:00,1943,0,0,28401.596881,28401.591330,56128.1515939998747099,1942
0x42df9a693274b7c43937df609760062ab414f6a9,2026-05-08T10:33:50+00:00,2026-05-09T10:31:36+00:00,2,0,0,15.833332,14.4,29.5595979994167260,2
0x42fe6f38a1f9bfa0504197e95d55b29c4ae2cb2b,2026-06-11T22:13:31+00:00,2026-06-11T22:13:31+00:00,1,0,0,1.002,0,0.999996,1
0x4305c60d2eddf44a89a245aa66aec337d02fdc49,2026-06-17T13:26:41+00:00,2026-06-17T13:26:41+00:00,1,333.333332,0,0,0,0.999999996,1
0x43094a25eb2b799de86392ebaa2456a191ec3cb1,2026-06-17T16:37:23+00:00,2026-06-17T17:22:16+00:00,2,3333.333332,0,0,0,9.9999979960000008,2
0x432519f460f413744617681b4e14d3c16d49aa54,2026-06-15T14:47:24+00:00,2026-06-15T14:47:24+00:00,1,250.0,0,0,0,1.0000,1
0x432756fb27124bd68caff0178f186b663a5675a0,2026-05-08T15:26:26+00:00,2026-05-08T15:34:52+00:00,2,0,0,20.1,20.1,39.396,2
0x43392502ce187776d045b509afa4c366363713f0,2026-05-08T12:13:42+00:00,2026-05-08T18:14:15+00:00,2,0,0,19.96,19.96,39.02180,2
0x433dca12876cbd7ad78df178bf241b643a58a85a,2026-03-19T13:39:29+00:00,2026-03-20T15:35:25+00:00,2,149.25,149.25,0,0,31.3425,2
0x433e8ad93164b547a13969db912b79f445b086fc,2026-04-09T13:04:21+00:00,2026-06-17T08:20:47+00:00,4,17777.777776,111.11,0,0,68.5554973313333424,4
0x433f196cd1be309ba66b0e32c18f1f115d6846c4,2026-05-13T13:12:45+00:00,2026-05-14T12:12:46+00:00,28,1000.02,1000.02,0,0,26.92911,28
0x4343b551b9649e635db4ebc4d0d662e3445fa1e8,2026-06-13T22:43:42+00:00,2026-06-15T20:59:28+00:00,2,0,0,50.45,50.45,100.54685,2
0x434929364d4e31945028215e2f60d71d94071b4e,2026-06-14T09:23:39+00:00,2026-06-14T09:23:39+00:00,1,0,0,2.004,0,1.999992,1
0x434a4b90409156be0a173335f82a6b5055e7b9b7,2026-05-01T04:20:20+00:00,2026-05-06T20:02:05+00:00,8,0,0,219.81,219.81,424.97508,8
0x434cfdd8330aadcd7ba15a52f8e5f8372b2f88b6,2026-06-16T23:55:22+00:00,2026-06-16T23:55:22+00:00,1,0,0,21.673,0,21.629654,1
0x4353caa306d921364aa67b2c36c509aa453f6b02,2026-05-05T05:35:10+00:00,2026-05-05T05:35:10+00:00,1,40.0,0,0,0,1.0000,1
0x4357f2f297aaee4c28cce58f252be6010d4d65ad,2026-05-05T12:55:20+00:00,2026-05-06T01:52:30+00:00,2,0,0,56.3,56.3,109.5598,2
0x4360ef77612ac94109b41735fd58ca222b010379,2026-03-05T07:01:33+00:00,2026-03-18T18:37:49+00:00,4,18.966665,18.94,0,0,9.9453990000600880,4
0x436bb7b3ba8a78e67ef7a752da457b5461686f4e,2026-06-10T08:00:00+00:00,2026-06-10T08:00:00+00:00,1,250.0,0,0,0,1.0000,1
0x437bfc757c5b6cfba1cf1027c09bd031306d6e7d,2026-06-01T18:55:04+00:00,2026-06-01T19:19:48+00:00,2,21794.444444,0,0,0,189.899999996,2
0x437f377bfe6490c4c066f3dd0318a433b6a7513f,2026-05-27T15:56:58+00:00,2026-05-27T15:56:58+00:00,1,83.333333,0,0,0,0.999998996000004,1
0x4395192204db104b5eede12499c8b1d2852d1120,2026-05-10T23:53:19+00:00,2026-05-11T00:20:35+00:00,2,47.619046,47.61,0,0,1.9521989993333662,2
0x439738226d205bdaa8607caba08ff3b59a232c9b,2026-06-16T19:23:02+00:00,2026-06-16T19:23:02+00:00,1,0,0,53.0,0,52.8940,1
0x43a3e297ddd5360008726ac41deca61763bcd0a5,2026-05-05T12:55:20+00:00,2026-05-06T03:01:38+00:00,2,0,0,83.07,83.07,161.65422,2
0x43a79668df05aac2f0f326c74c282316c588be97,2026-05-29T05:40:59+00:00,2026-05-29T05:40:59+00:00,1,0,0,2.636857,0,2.5999409998905144,1
0x43b0f534cf556031cc904ce2adc21c02d2227bcd,2026-06-05T12:55:03+00:00,2026-06-06T19:03:09+00:00,2,10000.0,10000.0,0,0,160.0000,2
0x43b40907768d8e916d9e71023548d291a7b43533,2026-05-05T08:42:04+00:00,2026-05-05T15:47:50+00:00,2,0,0,24.35,24.35,47.40945,2
0x43b47f0fd178121d5745aa4bc7acc739d5495389,2026-04-06T04:56:57+00:00,2026-04-06T07:57:57+00:00,4,0,0,250.0,250.0,457.000,3
0x43b64c676eebc071c55152775aa630e34519fd3b,2026-06-14T21:44:40+00:00,2026-06-14T21:44:40+00:00,1,0,0,10.02,0,9.99996,1
0x43b7615ac2c92fb880d1514330f0761d56a789cb,2026-03-28T19:10:20+00:00,2026-04-29T15:08:24+00:00,41,0,0,1.1702,1.17,2.215168,41
0x43bfd60a58e6f76ecda191a959ee510984c33141,2026-05-17T04:50:15+00:00,2026-05-17T05:25:59+00:00,2,5.0958,0,0,0,0.0254790,2
0x43e3208cb3678c8a8134e980790ebeae971eb90e,2026-05-29T07:38:29+00:00,2026-05-29T07:38:29+00:00,1,66.666665,0,0,0,0.9999990016666910,1
0x43e5c19adb35513a080bd42a80d565d8ca65ba5f,2026-04-12T05:52:09+00:00,2026-04-12T20:45:53+00:00,4,16.645299,16.64,0,0,1.9971179999957242,4
0x43e9f80a4db7a2dfe6a349d2d6b08e5cab435a6d,2026-06-07T23:11:43+00:00,2026-06-08T05:18:34+00:00,2,1800.0,0,0,0,10.0000,2
0x43f5f0ac66d75814c34d9c3eed1fae9d5fed0a01,2026-06-13T20:06:01+00:00,2026-06-13T20:06:01+00:00,1,0,0,1.002,0,0.999996,1
0x44002315e217826d692180c94bbb43f4f357e061,2026-05-01T04:05:34+00:00,2026-05-07T11:02:12+00:00,4,0,0,106.92,106.92,207.05997,4
0x440983e1003d34a48a7f93c5a63c507f965821e2,2026-06-11T08:58:37+00:00,2026-06-11T08:58:37+00:00,1,0,0,1.002,0,0.999996,1
0x44128db8ea4c5a1fbb9bebeb5e82f2b63e71f131,2026-03-04T08:48:31+00:00,2026-03-04T16:27:37+00:00,2,1.74,1.74,0,0,1.0614,2
0x44184f1870e76ee8815198fea7d2675d364c3572,2026-03-01T12:04:25+00:00,2026-03-01T23:07:53+00:00,2,0,0,48.0,48.0,48.480,2
0x441b6871e0c5a88103e0d6686d33a85ca8a79b87,2026-06-08T07:38:16+00:00,2026-06-08T07:38:21+00:00,2,0,0,13.7586,13.75,27.3573070,2
0x442bc5ff29d2f7438d849b8cbfad3db66f7dc8d0,2026-05-27T08:06:26+00:00,2026-05-27T08:06:26+00:00,1,0,0,1.5634,0,1.5399490,1
0x4436091aabbb3305d9ac6426c928b9c260206497,2026-06-11T18:34:55+00:00,2026-06-14T09:10:16+00:00,2,0,0,6.0,6.0,11.9640,2
0x44376f99338874fe00598cd33dcf9101e8df4646,2026-05-02T14:26:58+00:00,2026-05-06T14:45:26+00:00,6,0,0,156.31,156.31,302.59659,6
0x443838fefa551cbf52f30cf7dfc0f2edae191786,2026-05-29T08:12:25+00:00,2026-06-01T11:41:35+00:00,2,0,0,900.0,900.0,1779.3000,2
0x4448c4df788a4ec14fe5a19da2ee92cf7cad5a77,2026-05-03T08:54:32+00:00,2026-05-08T02:41:27+00:00,6,0,0,141.67,141.67,274.86232,6
0x4453deb4d0da7a6437419ed43aa49009f9f22203,2026-05-27T08:24:27+00:00,2026-05-27T08:24:27+00:00,1,0,0,1.8274,0,1.7999890,1
0x445513c03759eccc184b6ebb8b2ce90740abdf44,2026-05-04T22:07:22+00:00,2026-06-08T04:29:51+00:00,29,0,0,183.81,183.81,359.76484,29
0x44566484c413c4a67f6b69aeea7c385a55b42df5,2026-05-01T08:35:14+00:00,2026-05-06T09:36:30+00:00,4,0,0,108.82,108.82,211.26815,4
0x4457af63a830b014820ad5836049b3aaaa232c04,2026-05-17T06:45:29+00:00,2026-05-17T20:04:57+00:00,2,0,0,108.05,108.05,214.37120,2
0x4458f71a80726b8513875f70e466e836053fd618,2026-06-17T17:35:25+00:00,2026-06-17T17:35:25+00:00,1,666.666666,0,0,0,1.9999989980000010,1
0x446d141559fffcf7bab8daabbbf5f541176206c6,2026-03-04T05:06:37+00:00,2026-06-09T07:35:15+00:00,2,94.687186,94.68,0,0,30.3787190019936338,2
0x4474fb11573ada357c4d04d4cdd6f5adee3bba58,2026-04-28T07:05:14+00:00,2026-05-01T11:35:34+00:00,2,0,0,25.6062,25.6,49.5419830,2
0x44838c5624005ca6c89fd7351159d1967d0244f3,2026-05-13T08:19:48+00:00,2026-06-05T06:10:00+00:00,3,0,0,200.0,100.0,296.5000,3
0x448c8961f3717ab297b7b25c2b846a45f6588255,2026-05-15T15:54:22+00:00,2026-05-15T16:07:44+00:00,2,0,0,5.045333,5.04,9.9895249999728002,2
0x448d666494e6a9c0617e8bdc42d5ea3702957f19,2026-05-15T08:52:16+00:00,2026-05-15T08:58:15+00:00,2,0,0,2123.356909,2123.35,4197.869783001,2
0x448dc58aa9eafd11aafad97ea7d38c894eb87e67,2026-06-08T22:13:03+00:00,2026-06-10T20:26:28+00:00,2,0,0,113.06,113.06,225.21552,2
0x448dfc6ecfb724691cc60ac2ed9f282bb4883ade,2026-05-19T13:31:14+00:00,2026-05-21T08:27:33+00:00,6,0,0,6455.41,6455.41,12797.02709,6
0x4494b52b03564de62e2071ef79a68643f3cf1be3,2026-06-11T09:05:25+00:00,2026-06-11T09:05:25+00:00,1,0,0,1.002,0,0.999996,1
0x44a12a553f3b61da151eaf12252540d43743dd38,2026-03-21T13:01:39+00:00,2026-03-21T13:07:53+00:00,2,0,0,9.090908,9.09,16.1810089999998944,2
0x44a282cfa833c14e749d8967d6ab28b7c8b5169c,2026-04-08T20:06:19+00:00,2026-04-09T00:17:09+00:00,2,0,0,2.0,2.0,3.660,2
0x44aee489e56bb8153625fc8c372dcc4a2fdc0337,2026-05-02T04:09:32+00:00,2026-05-08T21:37:19+00:00,7,0,0,157.09,157.08,304.58539,7
0x44ba335af2b744d21c3f13c6f3ab17dae9ae2981,2026-05-28T23:52:33+00:00,2026-05-28T23:52:33+00:00,1,0,0,6.101009,0,6.0399979997294572,1
0x44bb45717c53841235c3ccb691e7345ae09455b9,2026-05-17T06:45:29+00:00,2026-05-17T18:28:00+00:00,2,0,0,288.82,288.82,573.30770,2
0x44c75162a4737abdd2d4596100b43d2fbf5fbf1a,2026-05-01T16:26:16+00:00,2026-05-12T12:06:14+00:00,2,232.558138,232.55,0,0,14.650999003767448,2
0x44c9f23cacbcc097b5a57f30dca3c48df920ca41,2026-03-20T13:30:11+00:00,2026-04-14T21:07:06+00:00,4,286.4,286.4,0,0,44.460,4
0x44cf0128c4ee83ea249ae1cda25ba74b981e0e5a,2026-06-07T18:44:06+00:00,2026-06-07T18:44:09+00:00,2,0,0,11.7084,11.7,23.2796580,2
0x44e6c9804f5dee5a44aed59ae7c33b783c63437b,2026-05-17T06:45:29+00:00,2026-05-17T21:03:06+00:00,2,0,0,280.86,280.86,556.94538,2
0x44f50d7c70481f89deed92a729acf9a78035ea4b,2026-05-04T11:32:30+00:00,2026-05-05T16:26:58+00:00,4,0,0,200.0,200.00,387.20000,4
0x4506546e807a08b13cfeaf29ce64442914083dd1,2026-05-06T11:10:20+00:00,2026-05-12T12:30:28+00:00,2,29097.77861,29097.77,0,0,1547.759918535493406,2
0x4512b74d3d1bbe6128ce430169cd7f1f5618c4a9,2026-04-01T06:25:11+00:00,2026-04-01T06:25:11+00:00,1,50.0,0,0,0,3.000,1
0x4517c53ccd80df2dcde0c0263f63928acd755f9e,2026-06-09T09:44:03+00:00,2026-06-11T10:23:21+00:00,4,12000.0,12000.00,0,0,84.00000,4
0x453abdc4213206c6e075e9528bdc0f1c6aeffdb8,2026-04-20T14:46:26+00:00,2026-05-04T15:42:44+00:00,72,474.649711,474.64,0,0,41.3126859994179360,71
0x4554dcf3a0375c7a4fc28591ffa6b7268afe673e,2026-05-03T09:49:40+00:00,2026-05-10T03:25:14+00:00,2,40.540539,40.54,0,0,2.1891789984054413,2
0x45579d85a62c77f914de71e2c7e508f27a518f88,2026-06-16T23:59:49+00:00,2026-06-16T23:59:49+00:00,1,333.333333,0,0,0,0.999998999000001,1
0x45593a47832c0ca090b7b10f54b7fdf679089bc5,2026-04-15T11:44:30+00:00,2026-04-17T14:41:52+00:00,2,0,0,32.14,32.14,61.3874,2
0x4563dd260f0e30bb411e7bc22a3fedd1c76eddd1,2026-04-24T14:39:16+00:00,2026-05-12T21:04:58+00:00,3,125.961534,0,0,0,3.9999970031731962,3
0x458c5bfd9bff538f98216a67b156832e7486c504,2026-04-05T04:50:29+00:00,2026-06-07T15:03:19+00:00,132,0,0,4702.106192,4702.096935,9211.1786850001735065,128
0x4593ce54c43918e596d45c8eca7437998250e072,2026-06-17T16:46:35+00:00,2026-06-17T16:48:29+00:00,2,14999.999997,0,0,0,44.999999991,2
0x45952ed80d6394d98cf9e9ce073c5d674520158c,2026-06-06T05:04:33+00:00,2026-06-14T19:46:24+00:00,2,0,0,178.6,178.6,355.7712,2
0x45a4a505f98f13504205a4b797d4ba4110b9151f,2026-06-01T18:55:33+00:00,2026-06-07T10:59:12+00:00,7,0,0,48.35,48.35,96.12907,7
0x45b117dfe4b7c7d4a67d2aa088adcc83d39cbb9b,2026-05-25T15:48:49+00:00,2026-05-25T16:38:19+00:00,2,0,0,1012.145666,1012.14,1996.957818008,2
0x45d8a44c08efe5b4bf9bf59f900ed61a20abbcfb,2026-06-11T11:33:58+00:00,2026-06-11T11:33:58+00:00,1,0,0,1.052,0,1.049896,1
0x45dd2e1404f5b6419becb0832748bd9d371d83e2,2026-05-26T17:09:29+00:00,2026-06-06T20:04:37+00:00,3,0,14.84,0,0,0.153949999873,3
0x45e08142fa4dbb7d3d96b6f2547775ae6021bf93,2026-06-15T16:01:48+00:00,2026-06-15T16:01:48+00:00,1,3000.0,0,0,0,15.0000,1
0x45e1535c178dcafb136aec8b7058f2129b695934,2026-06-07T12:00:03+00:00,2026-06-17T18:03:38+00:00,87,0,0,10992.793332,8118.79,19045.0641230016746624,86
0x45e7baf3547d9732e93fff7d8db0f05f7f1b3577,2026-03-21T18:53:05+00:00,2026-04-02T13:50:53+00:00,2,50.0,50.0,0,0,8.500,2
0x45f72e18c3694ed1fcb94f29e308bade6288b841,2026-04-30T09:00:12+00:00,2026-04-30T14:07:26+00:00,2,0,0,41.48,41.47,80.71038,2
0x460a20d648c4601abfcd0c71ec37eb6dfd26d738,2026-04-27T02:27:28+00:00,2026-04-29T02:48:48+00:00,50,2082.80,0,0,0,89.95820,49
0x460c62485daeb8782fb93eff331ec8c917fc287c,2026-05-13T01:19:46+00:00,2026-05-13T01:19:46+00:00,1,0,0,11.156142,0,10.9999559997282438,1
0x46151815cfaef60e8daeb26b49855911616c07d9,2026-03-03T13:13:21+00:00,2026-03-22T22:22:23+00:00,5,76.934405,76.0,0,0,39.3699979975431745,5
0x461c734bd415f989db22e66cad2e086be627431b,2026-04-30T08:42:26+00:00,2026-05-04T07:35:40+00:00,4,0,0,111.96,111.95,216.31579,4
0x461ee42167f246504e5057264658b562dd4dec51,2026-03-16T13:21:51+00:00,2026-04-01T06:50:55+00:00,2,0,0,14.225351,14.22,23.3667989997513767,2
0x462042465adfd3ae18b12289241507d6c8016ca7,2026-05-07T13:53:19+00:00,2026-05-07T21:59:58+00:00,2,0,0,57.31,57.31,111.12409,2
0x462128e09a5e2becc0e867dba764d429c0c2efcc,2026-03-20T05:07:25+00:00,2026-04-05T04:50:29+00:00,58,4379.967505,4379.96333,0,0,689.3944519892937332,55
0x462fe30b66aba0ebe1fbea426afeaddbd1862749,2026-03-30T06:58:54+00:00,2026-03-30T06:58:54+00:00,1,14.285713,0,0,0,0.9999990000000819,1
0x463127ec057da71eb4f0c1d40aa43f487c300c09,2026-05-17T06:45:29+00:00,2026-05-17T19:24:10+00:00,2,0,0,58.4,58.4,115.8656,2
0x463a9faf97c93fb32555b1124376f6ff7f1b020b,2026-04-19T14:40:34+00:00,2026-04-19T14:40:34+00:00,1,2033.2,0,0,0,121.00000009344,1
0x463d49b2c13be21aa8c5d611be7da66c854dd991,2026-04-27T21:30:42+00:00,2026-04-27T21:30:42+00:00,1,25.641024,0,0,0,0.9999990001026240,1
0x46534fc22afebe321394196c32bbcfe4b93a056a,2026-05-03T00:58:40+00:00,2026-05-03T06:59:24+00:00,2,0,0,51.31,51.31,98.77175,2
0x465f41c26ba9a048148cce6059d0306f6bae7bcb,2026-04-30T11:02:32+00:00,2026-04-30T17:06:14+00:00,2,0,0,50.87,50.87,98.68780,2
0x46699a85cd16c57d096271ffd93cfe75337bec81,2026-04-09T12:53:51+00:00,2026-04-09T12:53:51+00:00,1,0,0,2.173912,0,1.9999990000000192,1
0x466acf549dd0f356529336f459b5ef89562adbb5,2026-03-23T01:42:29+00:00,2026-05-10T17:30:18+00:00,4,0,0,40.21,40.21,75.4852,4
0x46707cba6f4737e282831437a37e6ec45b5b05b0,2026-04-01T08:11:15+00:00,2026-05-13T11:16:02+00:00,3,0,0,28.32,28.32,54.48684,3
0x468218a8e2dfaf7da85be422bce8b97cdc0b4d40,2026-05-22T11:06:40+00:00,2026-06-16T13:48:50+00:00,4,1866.666666,0,0,0,12.9999989980000010,4
0x468bc046896354c5a12c94737c3ee008cdb6f64a,2026-05-13T09:03:56+00:00,2026-06-05T11:20:48+00:00,3,0,0,200.0,100.0,296.5000,3
0x4692c040acef1a74aaaee98122ab49f376c92aba,2026-03-25T21:44:13+00:00,2026-04-26T02:33:48+00:00,7,0,0,60.34648,60.34,113.315331000105472,7
0x469c7f793fa34a154f2d378b2397daa9eb65309b,2026-04-24T10:19:34+00:00,2026-06-10T12:57:33+00:00,2254,380680.791089,380657.149639,975.527271,951.89,11838.6953812369091999,2154
0x469dd0abab02966d23620f6fa28d188ce612649f,2026-06-16T07:08:34+00:00,2026-06-16T07:08:34+00:00,1,0,0,62.0,0,61.7520,1
0x46a2033c48ada55198b66560bdc13a986deb3f44,2026-06-16T10:23:12+00:00,2026-06-17T00:07:50+00:00,2,0,0,55.97,55.97,111.49224,2
0x46b0761a3fe06702f46819950ab65f384801dcde,2026-05-12T06:41:30+00:00,2026-05-12T07:34:24+00:00,3,0,0,40.0,39.991449,78.311628000010009,3
0x46b97fdc6979b0d764affd5e38d53164ae04b865,2026-05-13T05:56:50+00:00,2026-05-13T05:57:47+00:00,2,999.999998,0,0,0,14.9999979700000035,2
0x46c828f76e319d0eb9102267e616e7ea190d4f57,2026-06-17T13:51:02+00:00,2026-06-17T13:51:02+00:00,1,4503.333332,0,0,0,13.509999996,1
0x46c8dfc0852dde06e158374e24dbeaac950c695a,2026-05-27T01:20:31+00:00,2026-05-27T01:20:31+00:00,1,0,0,2.034529,0,1.9999420000826014,1
0x46c8e549c39f43f0b3618e54449bbe16a8255894,2026-05-18T12:54:57+00:00,2026-05-18T12:54:57+00:00,1,500.0,0,0,0,5.000,1
0x46cb63e89dfa29b11030ec75c863d3beca59cdb8,2026-02-04T12:30:54+00:00,2026-02-09T17:39:41+00:00,2,0,0,1.785713,1.78,1.8187990000002016,2
0x46ce2ce7adc4786092c7ddcee6d889f67ee5352c,2026-03-02T19:52:01+00:00,2026-06-17T15:27:46+00:00,7,5811.518084,0,0,0,69.7099969972090940,7
0x46e5e708868fe1ef2fd07c5e8056e5e1d7001bda,2026-05-13T07:22:10+00:00,2026-05-13T07:22:10+00:00,1,66.666665,0,0,0,0.9999990016666910,1
0x46ee2dcff4543e808d5ef1030348bec4ea84eb1e,2026-03-13T10:41:43+00:00,2026-05-25T23:23:46+00:00,58,12420.179268,4496.55,0,0,684.3918199995339226,58
0x46ee84132281e482a6ea9eaf2a26db8328b90752,2026-06-04T11:36:30+00:00,2026-06-14T19:46:24+00:00,15,10999.9430,0,0,0,27.9998860,15
0x46f00889eabb28dba9c279b8a7a308f3839ec032,2026-06-16T11:38:40+00:00,2026-06-16T11:38:40+00:00,1,800.0,0,0,0,4.0000,1
0x46f296c00b7f5ee9a7472c544a986873391a395a,2026-06-14T10:49:27+00:00,2026-06-14T10:49:27+00:00,1,0,0,2.004,0,1.999992,1
0x46f83e5b122d012488539e1c353304d16e8fae3e,2026-06-17T17:37:56+00:00,2026-06-17T17:37:56+00:00,1,6666.666666,0,0,0,19.9999993313333334,1
0x46f90edf8096675e5793235f3ff2ed9e7b437089,2026-06-15T18:05:58+00:00,2026-06-15T22:26:18+00:00,2,5245.0,0,0,0,20.9800,2
0x470c5d058bc80bcbb5ec04496ed70deaa1a5ca16,2026-05-23T02:56:17+00:00,2026-05-25T22:00:01+00:00,3,200.0,140.0,60.0,0,63.0400,3
0x470eb8122e99df8ff6219973d0b9e5db1c27b228,2026-05-23T13:11:15+00:00,2026-05-23T13:11:15+00:00,1,100.0,0,0,0,1.000,1
0x47106960be5217730521d86ee5ecf1fdb61a6604,2026-06-02T09:53:31+00:00,2026-06-11T15:04:48+00:00,2,0,0,102.0,102.0,202.9800,2
0x471167a58d4de44acf5be6423d38dbea58428eeb,2026-06-17T17:39:11+00:00,2026-06-17T17:39:11+00:00,1,333.333333,0,0,0,0.999998999000001,1
0x472acbdeaebebf19896caf423bf091bb1bccd664,2026-06-10T10:32:51+00:00,2026-06-10T10:32:51+00:00,1,0,0,1.203333,0,1.1997230000373336,1
0x4731f2d01e53e9804188d95007591012b8d12466,2026-05-04T01:54:06+00:00,2026-05-04T01:54:06+00:00,1,0,0,6.182571,0,5.9599980000914022,1
0x4755072010b0a6963d5140b4c34ba6a544664338,2026-05-02T08:02:12+00:00,2026-05-07T20:26:47+00:00,21,0,0,999.995,999.980822,1929.9765959998977400,21
0x4756615f6964f34d48350e768e1cc0c0ea4258a4,2026-04-26T11:54:36+00:00,2026-05-26T10:53:21+00:00,2,5.0,5.0,0,0,0.2900,2
0x475e3f06ddbde34ecc0348d742599ca4ff16eac8,2026-05-04T07:55:36+00:00,2026-05-07T12:28:23+00:00,4,0,0,119.50,119.50,231.00712,4
0x4762b4ed805d05427a39d2a14e799e0a664229f6,2026-06-03T16:50:27+00:00,2026-06-06T07:45:22+00:00,2,0,0,78.0,78.0,154.8300,2
0x47756accbec6b288905f888cfd097baf6e581abb,2026-05-07T01:33:24+00:00,2026-05-07T07:34:50+00:00,2,0,0,48.85,48.85,94.57360,2
0x4775e4c406772cbabcf35ff804e9e1a6d6592c69,2026-06-13T02:01:06+00:00,2026-06-13T02:01:06+00:00,1,0,0,1.033,0,1.029901,1
0x477695c11c62aba4443b345d661c68ebc78d6cf9,2026-03-06T13:22:11+00:00,2026-03-06T13:22:11+00:00,1,0,70.0,0,0,18.200,1
0x477d1ff1b2a3b61c67803e024b3c0140f81955a9,2026-02-13T21:17:49+00:00,2026-02-17T09:29:59+00:00,3,40.0,17.5,0,0,29.550,3
0x478dcef6c89d2c0fefc1f3fa47dd65296893fbb0,2026-05-13T05:10:55+00:00,2026-06-04T05:53:48+00:00,3,0,0,199.3,100.0,295.9049,3
0x478f607e14f179b5cf0e0cebd8f3687d2d881c70,2026-05-29T18:27:37+00:00,2026-05-29T18:27:37+00:00,1,83.333333,0,0,0,0.999998996000004,1
0x47939a2c7ce2cfb3ed6ac86dc346fcbe42841d39,2026-02-25T16:00:06+00:00,2026-02-25T16:00:06+00:00,1,0,0,5.0,0,2.750,1
0x47972436b2389a38041339085dbdb926ad42e4db,2026-06-15T11:04:12+00:00,2026-06-17T18:00:41+00:00,2,0,0,137.6,137.6,274.6496,2
0x47997089cee8cd3a3be2f80d0a55e64b12376062,2026-06-11T15:16:10+00:00,2026-06-11T15:16:10+00:00,1,0,0,53.106,0,52.999788,1
0x47ab026767cc320ac6e62f6ec747d59cf4d795df,2026-04-29T18:26:06+00:00,2026-05-22T16:45:40+00:00,4,2499.999358,2499.99,0,0,122.499874999338716,4
0x47ae472386340dc4c3fbcda40f0efe8c7a854aa2,2026-03-21T03:47:01+00:00,2026-03-21T03:47:01+00:00,1,0,0,10000.0,0,8900.000,1
0x47afa477eae5260792eece8300e1bd33d4713160,2026-06-17T15:53:31+00:00,2026-06-17T15:53:31+00:00,1,333.333333,0,0,0,0.999998999000001,1
0x47b8d23c9c07145ce185bdc8e7808f620e82949f,2026-02-08T16:09:55+00:00,2026-03-05T19:30:19+00:00,2,170.2,170.2,0,0,142.84540000420,2
0x47d48f3eafe31fa2575982349ac6f28c4e48071e,2026-05-15T00:03:06+00:00,2026-05-15T03:14:14+00:00,2,0,0,9.127788,9.12,17.992318000454472,2
0x47e6d461c40169233b41ea6cdad6b6cb8126fd61,2026-04-27T12:18:32+00:00,2026-05-31T17:22:28+00:00,24,147612.683763,0,0,0,2231.8264985731739441,24
0x47f00e602c659ee6a36f6d940f3ef437fbbe8008,2026-06-04T07:36:58+00:00,2026-06-04T09:40:21+00:00,2,0,0,14.3,14.3,28.3855,2
0x47f0eaf0561aa605dbdf9d6abc5bb1f111e58dfd,2026-05-25T23:02:39+00:00,2026-05-26T22:09:34+00:00,7,0,0,40.0,40.0,78.7900,7
0x47f29e9fa70137a7c046e7c0030dc7eb56e567ff,2026-05-24T12:20:44+00:00,2026-05-24T12:20:52+00:00,2,0,0,50.454,50.45,99.932934001880,2
0x47f356e6c235aca603f36d206634118346dde50a,2026-02-20T04:20:26+00:00,2026-02-20T04:20:26+00:00,1,1.960783,0,0,0,0.9999990000002211,1
0x47f5bf33b38a575d287e0450ace84e8e0fca7b7c,2026-06-11T22:02:03+00:00,2026-06-11T22:02:03+00:00,1,0,0,1.032,0,1.029936,1
0x480cddb90e1910108a7b514c3245737ab40c0166,2026-06-15T06:34:09+00:00,2026-06-15T06:34:09+00:00,1,0,0,10.17,0,10.14966,1
0x48185887c8dc95de60ee89722f1d0ee7894cbf0b,2026-06-16T09:11:46+00:00,2026-06-16T09:25:46+00:00,5,0,100000.00,0,0,500.00000,5
0x481a58a8873c416da74dc3cf1a65d26ab7428ee4,2026-04-20T21:11:50+00:00,2026-04-27T20:40:06+00:00,61,1770.255222,1769.706156,0,0,151.6714609974401043,61
0x482f5987631773659dd551567b4298d2cf8c3090,2026-06-10T12:36:06+00:00,2026-06-10T12:36:06+00:00,1,22500.0,0,0,0,90.0000,1
0x48381bef213db76ca470d55aa93db585ea60022e,2026-05-17T16:10:41+00:00,2026-05-18T04:13:57+00:00,2,0,0,71.09,71.09,140.68711,2
0x483f6c021aa25dd4117be9035ef65c9aabd67e4e,2026-05-15T09:13:30+00:00,2026-06-06T02:46:51+00:00,3,0,0,200.0,100.0,296.7000,3
0x4844b54026d9ac78482906cde953e65000bfe85e,2026-06-15T13:44:00+00:00,2026-06-15T13:44:00+00:00,1,0,0,129.418,0,129.029746,1
0x4848379a9779a8dcfe80be3ba46e3912f4c50e2c,2026-04-30T01:06:36+00:00,2026-06-16T18:26:23+00:00,2013,0,0,27822.652850,27822.645240,54957.1302379977889535,2011
0x48513c0b2a79fab2ab444b499b83c1a41e2ea6da,2026-04-30T07:38:38+00:00,2026-04-30T07:38:38+00:00,1,125.0,0,0,0,3.0000,1
0x4867293b553c91c8f35a8fd811660d23c353a6f8,2026-03-21T03:47:01+00:00,2026-05-06T07:14:30+00:00,33,3009.02,3009.02,6121.68,6121.68,11519.12519999287,33
0x4869856eee031070f96dbf95784dacfe1a3d509b,2026-05-02T10:15:46+00:00,2026-05-11T09:21:43+00:00,3,224.979320,224.97,0,0,12.2744280084334328,3
0x4870bc9f8216361c23cdf6d9176ca65969c485f7,2026-05-21T07:29:08+00:00,2026-05-21T07:29:08+00:00,1,0,0,10.111181,0,9.9999579998999371,1
0x487372e07a499acaa311505c84c3a36791c009cf,2026-06-17T02:09:10+00:00,2026-06-17T02:09:10+00:00,1,1666.666666,0,0,0,4.9999989980000004,1
0x4881ce588d3e5607aa275bc3f39f6fa69f737d9e,2026-06-16T23:55:23+00:00,2026-06-16T23:55:23+00:00,1,0,0,4.4785,0,4.4695430,1
0x4882abef4167fb152c4f8955971ede209e3166dd,2026-03-18T19:15:45+00:00,2026-03-18T19:15:45+00:00,1,0,0,60.402595,0,46.5099979989935125,1
0x488d40a8cff75974954e44da63c14ce09e66046a,2026-06-13T12:18:40+00:00,2026-06-13T12:18:40+00:00,1,0,0,2.004,0,1.999992,1
0x48961ddb892fa67fbfff75b5ef4107f2df006151,2026-05-04T06:03:50+00:00,2026-05-04T06:03:50+00:00,1,0,0,6.379667,0,6.1499979997895817,1
0x48ae2a999cc0404027e3b6f45ae5bbeb9af9a5c8,2026-05-18T19:22:17+00:00,2026-06-11T10:08:19+00:00,4,20109.890109,0,0,0,99.9999979964945059,4
0x48afc6cd4a0541eddd62fe48cb99ac81ff63db9c,2026-06-07T09:15:36+00:00,2026-06-08T20:00:36+00:00,2,0,0,9.036,9.03,17.984706,2
0x48d5ce164dc6e641781c14dad34b2d697a5bec29,2026-05-18T21:39:19+00:00,2026-05-21T13:43:31+00:00,4,4982.5,4982.5,0,0,96.5250,4
0x48ded2254b3ca897372c60f402693b88d010cf35,2026-06-08T05:12:09+00:00,2026-06-08T05:12:16+00:00,2,0,0,11.9194,11.91,23.6983430,2
0x48e4d96c9b837cad75cb5dd2ba9f3093e6d99b0c,2026-05-20T10:20:33+00:00,2026-05-20T10:20:33+00:00,1,0,0,19.99,0,19.75012,1
0x48ee6abc90292cf91aacfb166244e1e4ef9598d0,2026-05-07T00:07:00+00:00,2026-05-07T06:07:44+00:00,2,0,0,46.32,46.32,89.58288,2
0x48f570dd255e56a248c1f53f43ce361ecde4b5e0,2026-05-25T10:11:37+00:00,2026-05-25T10:15:25+00:00,2,0,0,5.060666,5.06,9.9941579999029344,2
0x48f97930ac76cf00a8cc95deea81704f7f08e61d,2026-05-08T20:55:05+00:00,2026-05-15T21:17:16+00:00,2,1499.99,0,0,0,17.49983,2
0x490aea5b27800ce207cd60ed97ca30cfdd399fc9,2026-05-05T20:44:44+00:00,2026-05-05T20:44:44+00:00,1,172.413793,0,0,0,4.9999989970000006,1
0x49161f6833d0be67e00b0ed06477536134f4f56f,2026-02-07T07:38:01+00:00,2026-02-07T08:22:37+00:00,2,9.36,9.36,0,0,10.8576,2
0x4922fbfadca14c6f4fa3fd35165e8dd1a98f9743,2026-06-14T23:43:07+00:00,2026-06-17T18:00:41+00:00,2,0,0,10.02,10.02,20.00994,2
0x49314251831997510f3906f79530440fd36bcc66,2026-05-11T00:21:05+00:00,2026-05-11T00:21:28+00:00,3,50.00,50.0,0,0,2.0000,3
0x494a186d2add600e70efacc5dcb8dcf4ac5bcf01,2026-05-20T09:15:45+00:00,2026-05-20T09:15:45+00:00,1,0,0,5.04025,0,4.99992800,1
0x4959175440b8f38229b32f2f036057f6893ea6f5,2026-01-08T00:52:31+00:00,2026-03-13T14:56:51+00:00,235,0,0,3220.053868,3220.049375,3601.4190770011058568,219
0x49599c54d9c1dcc52c68829c7b17acff3b4bcd46,2026-06-14T07:31:07+00:00,2026-06-14T07:31:07+00:00,1,0,0,1.3025,0,1.2998950,1
0x496c22109429b6668ab0b5fe01ede220a29cf370,2026-06-15T01:24:42+00:00,2026-06-15T01:24:42+00:00,1,0,0,35.671,0,35.599658,1
0x497ad50d16e5d9affe455f535c2e734d34fd89fd,2026-05-31T18:01:35+00:00,2026-05-31T18:01:35+00:00,1,3972.0,0,0,0,39.720,1
0x49813ffac26187b7267b2ee2ffa330ce3ed163ac,2026-02-23T17:03:58+00:00,2026-02-23T17:05:06+00:00,2,0,0,1.86,1.86,1.9902,2
0x498cc389096f34e0a88e73abb3ee9ebc9f24a5cb,2026-06-10T10:34:24+00:00,2026-06-10T10:34:24+00:00,1,0,0,1.053,0,1.049841,1
0x49911a9ebf3d2afe919906d0b1a3faaed59d481d,2026-05-03T20:36:22+00:00,2026-05-10T17:24:39+00:00,4,162.16,162.16,6.1,6.1,21.05526,4
0x49929092c94564645683fcabd5649cd2218e9cd4,2026-03-20T09:56:19+00:00,2026-03-25T08:46:11+00:00,2,200.0,200.0,0,0,38.000,2
0x49a0950f54866e8462686c7a814f2d6236ec685a,2026-06-03T13:44:18+00:00,2026-06-05T07:48:07+00:00,14,6999.99125,6999.973331,0,0,118.9996859954444491,14
0x49a0b413e4f8d98fc79a8226aae396f8fe53f4cf,2026-03-09T04:09:03+00:00,2026-03-09T04:09:03+00:00,1,14.285713,0,0,0,4.9999990000000495,1
0x49a4fdb3fbb1d6a2edf496440064771b145ca8a3,2026-06-08T13:35:03+00:00,2026-06-08T13:35:07+00:00,2,0,0,12.1285,12.12,24.1393860,2
0x49d2efd81a0017cb168282656937b45245252edd,2026-04-24T12:10:56+00:00,2026-04-24T12:10:56+00:00,1,232.558138,0,0,0,9.999999003767448,1
0x49d91bba68db2f424de788d14097d0ea915fd45d,2026-04-30T12:43:02+00:00,2026-05-24T12:41:21+00:00,2,670.846392,0,0,0,7.9999989862759068,2
0x49ee568787cc20e7ec93bffb87b0921949e4bcd0,2026-03-21T06:01:25+00:00,2026-05-02T05:55:14+00:00,6,0,0,65.32,65.31,122.24687,6
0x49eea54fdeb71a22c49f554c87fbcf8c5f04821c,2026-06-17T09:44:19+00:00,2026-06-17T09:44:19+00:00,1,0,0,54.3085,0,54.1998830,1
0x49f206f4fb2210a28af4795e4e0b6532cf0bd7b4,2026-05-04T15:35:52+00:00,2026-05-04T23:42:58+00:00,8,10000.0,10000.00,0,0,470.00000,8
0x49fbced8f22cbd67a1dd38a6b2f26fcaed61fd30,2026-05-03T14:58:58+00:00,2026-05-22T11:24:01+00:00,2,227.027026,0,0,0,2.9999999998378364,2
0x4a00a3ffeb21c7baaced69352b2e1a36da824968,2026-06-14T06:50:58+00:00,2026-06-14T06:50:58+00:00,1,0,0,81.0,0,80.8380,1
0x4a0422997fa095c3bcc8ac072da0c719b729889f,2026-06-06T13:27:48+00:00,2026-06-06T13:27:48+00:00,1,168.571428,0,0,0,1.1799990014285748,1
0x4a0659da044e22ebf389b34cf014cf54d4498bd0,2026-06-15T20:43:24+00:00,2026-06-15T20:43:24+00:00,1,250.0,0,0,0,1.0000,1
0x4a07e3a1e896a07518bfe37f7f994c6b4ffc095d,2026-06-05T13:20:24+00:00,2026-06-06T19:03:09+00:00,2,10000.0,10000.0,0,0,140.0000,2
0x4a1587952b4011b463827c816c33e420795d97cb,2026-05-14T17:11:58+00:00,2026-05-28T10:57:23+00:00,3,20390.720388,0,0,0,249.9999973703724057,3
0x4a1cec077ca40afd1e19d63d48047e280d35ac7b,2026-06-08T14:01:18+00:00,2026-06-08T14:01:24+00:00,2,0,0,12.08825,12.08,24.05949700,2
0x4a21e331bff2647eb6a642791ab3600732333cf6,2026-05-29T00:09:39+00:00,2026-06-10T13:41:43+00:00,4,0,0,33.60,33.60,66.71574,4
0x4a278d377bbae4f802626ae5ee10f110a9dd36ed,2026-04-23T09:18:02+00:00,2026-04-23T09:18:02+00:00,1,22.727271,0,0,0,0.9999989990000703,1
0x4a293515eafaa4ec56a63ad8b2c09892adbf59dc,2026-05-26T13:31:52+00:00,2026-05-26T13:31:52+00:00,1,71.065333,0,0,0,0.9999999977380138,1
0x4a568b9dd3816be06638c4065e013d8b452e4422,2026-06-06T23:16:21+00:00,2026-06-07T00:38:15+00:00,4,0,0,1142.90100,1142.9,2275.51489600,4
0x4a5dae5e9d2813350b0eac7474ca661ebee006be,2026-03-18T04:31:13+00:00,2026-03-21T03:20:35+00:00,2,33.333332,33.33,0,0,12.999699000000024,2
0x4a644243ea31a610423b2f8f6961f345ec6d0f58,2026-06-01T08:47:31+00:00,2026-06-01T08:47:31+00:00,1,333.333333,0,0,0,2.999998997000001,1
0x4a8515b41d661efa711c164ce3fda8d54f94e5e7,2026-05-01T11:23:12+00:00,2026-05-01T18:23:20+00:00,2,0,0,54.14,54.14,104.59848,2
0x4a8edde3aef3494cb5a2b3bef8a12655f580a8ef,2026-06-16T01:29:25+00:00,2026-06-17T18:00:41+00:00,2,0,0,126.9,126.9,253.1655,2
0x4a92e65297fceeb1dc7efc6e556c1d7e33c56747,2026-05-21T00:13:51+00:00,2026-05-24T16:27:36+00:00,2,90.909089,90.9,0,0,1.9998989971818388,2
0x4aa20fe9422d2eb24e22d1acab4a47df8649423a,2026-05-14T08:44:51+00:00,2026-06-05T13:01:40+00:00,3,0,0,200.0,100.0,296.6000,3
0x4aa86bc1850be0cdadd6bb5268151160a352872d,2026-04-22T23:59:54+00:00,2026-04-23T16:15:28+00:00,2,322.222221,0,0,0,14.9999989894444497,2
0x4aa9061b7a23bae1ec4258884ce500c2222baeec,2026-06-08T07:33:54+00:00,2026-06-08T07:34:00+00:00,2,0,0,13.7988,13.79,27.4370660,2
0x4aaa9980ed41992349ac7df77b70a1b7463e5d17,2026-06-14T11:13:04+00:00,2026-06-14T11:13:04+00:00,1,0,0,72.054,0,71.909892,1
0x4aab7c3756b4f5581abb5f846dee034e5276cf43,2026-02-07T08:59:43+00:00,2026-02-12T10:21:59+00:00,3,19.993635,19.99,0,0,20.9915359995758795,3
0x4aabc7dd8916e23d1f1d7ce9947c39d8ea8ae765,2026-06-17T17:39:29+00:00,2026-06-17T17:39:29+00:00,1,33333.333333,0,0,0,99.999999999,1
0x4ab6f03b6dc5ee503a8db8d9487800ad361c7038,2026-05-17T06:45:29+00:00,2026-05-17T17:52:25+00:00,2,0,0,65.76,65.76,130.53360,2
0x4ad974d169e64ec09ae68581bdb0061e925ced7b,2026-06-15T16:00:46+00:00,2026-06-16T06:01:31+00:00,2,0,0,57.78,57.78,114.98220,2
0x4adc536863249615891b2a244df4672108ae3d1d,2026-06-16T14:46:22+00:00,2026-06-16T14:46:22+00:00,1,7270.0,0,0,0,29.0800,1
0x4ae1d83e8993efb136be56e45c6d90180b6bc802,2026-05-12T14:50:16+00:00,2026-06-06T16:15:00+00:00,2,12444.281665,0,0,0,69.0000004712459405,2
0x4ae51cd7da31a71a91a20302930a9a9d0db9a415,2026-06-11T09:35:24+00:00,2026-06-11T09:35:24+00:00,1,0,0,1.002,0,0.999996,1
0x4aea779b14c7c8dad013ee16a432661f7652faae,2026-04-30T12:08:26+00:00,2026-05-27T14:18:08+00:00,11,0,0,143.02,143.01,277.45975,11
0x4af862717f92713afc945184b0a17903a502036c,2026-06-17T13:58:53+00:00,2026-06-17T13:58:53+00:00,1,0,0,10.02,0,9.99996,1
0x4afb650a343091d97f2549deae7721fbe0bc19ed,2026-05-01T08:51:34+00:00,2026-05-08T01:30:54+00:00,5,0,0,113.55,113.55,220.18550,5
0x4b026aaad5dfaa016de0457bf3e9870ce29c6ee6,2026-05-09T02:21:57+00:00,2026-05-29T02:12:24+00:00,7,0,0,320.0,240.0,552.8800,7
0x4b0d54fbfab87f9067bfac4a1f5d5528ad31131b,2026-05-19T10:56:42+00:00,2026-05-23T19:02:13+00:00,2,0,0,45.362902,45.36,89.8156779992217954,2
0x4b0f4dda7623290cb75d8761537dc4f4e4b35eb7,2026-05-06T07:30:04+00:00,2026-05-06T07:36:34+00:00,3,0,0,21.29,21.29,41.42703,3
0x4b0faae6ca319b6f45644d2454b838edd57c38e7,2026-06-16T11:06:55+00:00,2026-06-16T11:06:55+00:00,1,9612.0,0,0,0,48.0600,1
0x4b10d87cbff16a249a201e8e8b0745492937847b,2026-06-07T19:41:34+00:00,2026-06-07T19:41:39+00:00,2,0,0,10.9748,10.97,21.8131360,2
0x4b150e9a6f144d24dcda6373a1984bbfaf6da73f,2026-06-13T04:16:19+00:00,2026-06-13T04:16:19+00:00,1,0,0,3.4365,0,3.4296270,1
0x4b1767d29f25385136eb6fe87b0c4f08eafb53f1,2026-04-26T04:11:12+00:00,2026-05-18T16:38:47+00:00,2,0,0,107.38,107.38,208.42458,2
0x4b1d2b43c5814222e1e029506ad8f36fcee38f47,2026-03-31T03:34:03+00:00,2026-03-31T06:01:21+00:00,2,0,0,1000.0,1000.0,1880.000,2
0x4b1e2009fb2b7bfe6d57cf5ff2de0d26ca7b2cf2,2026-05-07T03:51:16+00:00,2026-05-21T10:19:38+00:00,2,113.636361,0,0,0,1.9999990000909500,2
0x4b29439104526675f9ed85bc266b7d9baebd1ec7,2026-06-08T23:00:31+00:00,2026-06-09T15:58:49+00:00,3,0,0,14.00,14.0,27.86000,3
0x4b43ca8be6cf36857e6954f12ac3a414e284de7c,2026-05-29T03:12:00+00:00,2026-05-29T03:12:00+00:00,1,0,0,2.636857,0,2.5999409998905144,1
0x4b473b3771872e551d8b761daeac92f89d54a650,2026-05-06T08:10:06+00:00,2026-05-06T08:10:06+00:00,1,0,0,1.02774,0,0.999990999959070,1
0x4b4dc6af3a8aa20cb704c39b8115767ae080046c,2026-04-25T07:19:30+00:00,2026-04-26T02:29:08+00:00,3,204.508854,0,0,0,9.9999980051465754,3
0x4b500ec874c87892e7a940da51588ced5576418a,2026-06-06T00:26:03+00:00,2026-06-06T21:53:15+00:00,2,457.142857,457.14,0,0,5.0285589932857146,2
0x4b51012b9d23c0419901fe6846fafbbe07ab9c34,2026-02-01T02:10:42+00:00,2026-03-13T10:50:57+00:00,2,9.80392,9.8,0,0,7.939999000000032,2
0x4b520057a156e91605facfe3661d4389e7d0a30d,2026-06-15T15:11:36+00:00,2026-06-15T15:11:36+00:00,1,50000.0,0,0,0,200.0000,1
0x4b5ce5195127fc6af4f811b662cf67329be4183f,2026-05-02T05:48:10+00:00,2026-05-02T05:53:30+00:00,2,0,0,19.76,19.76,37.89968,2
0x4b6374cc17336b20f8c8b26c902d34e0ff9c7fd2,2026-05-13T19:20:08+00:00,2026-05-14T08:02:49+00:00,6,0,0,117.16,117.15,231.27212,6
0x4b679c8c1fea9df81f887e54b636f13a23f0ee63,2026-03-23T22:28:15+00:00,2026-03-23T22:28:15+00:00,1,25.0,0,0,0,2.000,1
0x4b6c5c0ea8de42bd982f35576924640defda9a83,2026-03-20T17:32:31+00:00,2026-03-20T19:21:03+00:00,9,0,0,21.164773,21.16,38.3039429999695765,9
0x4b7410aefbf0f38012b0dfb1131a4de147a9e8d7,2026-04-02T18:25:09+00:00,2026-06-03T15:03:16+00:00,280,0,0,21361.333457,21361.329767,41370.8262659785641096,261
0x4b8c8f25a0ab91aa2bffe45de975f16fde2f9e5d,2026-05-25T20:36:08+00:00,2026-05-26T00:24:54+00:00,34,14270.0,14269.994284,0,0,410.2624191188571432,31
0x4b91aa7e2084de59ba1d966dd9799c306878982d,2026-04-13T09:21:17+00:00,2026-06-16T17:17:20+00:00,138,5710.387664,5610.387156,0,0,136.2286860069780114,136
0x4b993c6805381666e6ce5188b4e7eddb50cc3a79,2026-05-10T18:51:44+00:00,2026-05-10T18:51:44+00:00,1,476.190476,0,0,0,9.999999996,1
0x4b9b72ea902ed3b393bb0c0f757c22c738f97e7c,2026-03-20T06:35:11+00:00,2026-03-20T14:52:53+00:00,3,190.0,0,0,0,21.600,3
0x4ba30e73c48aa74c3afd68c0c2c4c8f20d719cab,2026-04-15T04:31:14+00:00,2026-04-30T07:52:18+00:00,2,225.0,0,0,0,9.0000,2
0x4bacff6390b33bcf0f7c3ad5fe59130956dce62c,2026-06-15T06:29:49+00:00,2026-06-15T06:29:49+00:00,1,0,0,9.4085,0,9.3896830,1
0x4bb911ea50703e0263d079dc545af4fa37497a43,2026-06-17T14:17:59+00:00,2026-06-17T14:19:25+00:00,2,1333.333332,0,0,0,3.999999996,2
0x4bbfbfbc5ab05dd48a6b74a9aab57c4b86f0517e,2026-05-06T18:01:57+00:00,2026-06-04T15:09:36+00:00,2,763.888887,0,0,0,9.9999990014444571,2
0x4bcd0b7acc5522a1a809a49aabd45e4cd2e8a6c3,2026-01-23T20:44:40+00:00,2026-01-23T20:44:40+00:00,1,4.66,0,0,0,2.330,1
0x4bf2aeaa4d71f139c8270690fe08dacfc20f3eaa,2026-06-05T12:54:58+00:00,2026-06-05T12:54:58+00:00,1,111.111111,0,0,0,0.999998999000001,1
0x4bf344efe9b34b343038c21b54c59455225efd86,2026-02-23T04:22:56+00:00,2026-04-07T01:36:39+00:00,3,373.641303,373.64,0,0,179.8911990104347849,3
0x4bf459194025b2ca11a2db2deb9ef2a08c467021,2026-05-06T07:23:12+00:00,2026-06-02T21:36:10+00:00,10,0,0,144.23,144.23,279.85994,10
0x4bf6bfba6f00d3528748f2d57739e5976d59bc29,2026-04-30T01:26:12+00:00,2026-05-26T09:52:50+00:00,2,34.482757,34.48,0,0,1.4482390012759068,2
0x4bfdd4bb9ab0c827f19d7a33ab81d28a5e23f024,2026-05-03T01:34:40+00:00,2026-05-04T12:52:10+00:00,4,0,0,106.60,106.59,205.35013,4
0x4c1100ab37fa9c3f65b521e1ada99b999596107e,2026-05-09T01:16:14+00:00,2026-05-16T05:26:10+00:00,2,0,0,5.070992,5.07,10.0243679999310768,2
0x4c16f19c0b786bc32706a2bd5382b36e508d4c26,2026-06-12T18:02:42+00:00,2026-06-12T18:02:42+00:00,1,604.995,0,0,0,1.9999999729380,1
0x4c21154e2ca9851f23157c5c4fcc289dde492fcb,2026-03-23T13:40:07+00:00,2026-04-25T16:42:12+00:00,2,400.0,400.0,0,0,56.000,2
0x4c224de10a3b74c979b14a1645453a76e0e10960,2026-03-25T17:02:57+00:00,2026-06-15T13:53:57+00:00,17,14901.072756,470.05,0,0,185.2652750645616092,17
0x4c2966a198cd7ac982110d0219b037afa9997570,2026-06-17T17:15:19+00:00,2026-06-17T17:15:19+00:00,1,1000.0,0,0,0,3.0000,1
0x4c29a0d9c4759f7e4a3a816db61f994e97f3bb8e,2026-05-09T11:00:58+00:00,2026-05-09T11:00:58+00:00,1,125.0,0,0,0,2.0000,1
0x4c2a306f6ede61c38819d7c2b6d5bc4ec2f25a26,2026-03-23T14:30:45+00:00,2026-04-11T13:41:35+00:00,6,0,250.0,0,0,16.200,6
0x4c3b9b29e10ca4b0ae333f650141acb33438ebe3,2026-05-18T01:42:10+00:00,2026-06-02T09:23:47+00:00,2,0,0,646.92,646.92,1280.90160,2
0x4c3c0c3a0574971eefa053d9984589edf502c646,2026-06-17T11:45:04+00:00,2026-06-17T11:45:04+00:00,1,30896.666666,0,0,0,92.689999998,1
0x4c3c2ebf85e0b301ac8bab38cb324ccf142ad58b,2026-06-17T11:35:37+00:00,2026-06-17T11:35:37+00:00,1,333.333333,0,0,0,0.999998999000001,1
0x4c3d8215882f177fa07f89d81670ddf4af4d959d,2026-02-28T08:43:05+00:00,2026-02-28T08:43:05+00:00,1,2.0,0,0,0,1.00,1
0x4c4089c1c2d4169a9de43fad0382c1cdbfdbaf19,2026-05-19T06:27:07+00:00,2026-05-19T06:27:07+00:00,1,200.0,0,0,0,1.8000,1
0x4c575f7603dffd9579cfe9b51d56728586edba19,2026-06-12T12:08:31+00:00,2026-06-12T14:06:25+00:00,2,0,0,107.214,107.21,213.887942,2
0x4c665fd7beed46e626187088690b210f5c8880c4,2026-06-15T21:01:00+00:00,2026-06-15T21:01:00+00:00,1,250.0,0,0,0,1.0000,1
0x4c807026e13ca466a215152b62ea51558936a99e,2026-05-03T03:38:36+00:00,2026-05-03T03:38:36+00:00,1,131.578946,0,0,0,4.9999990006315888,1
0x4c8d958e19bcb6ea76572984196ee05084277b9b,2026-04-16T05:06:30+00:00,2026-04-24T15:41:40+00:00,2,13405.684107,0,0,0,799.9999975992552449,2
0x4c9554e92df6a9bb06b2c181bbeecb17cb3b2d9a,2026-06-08T05:40:31+00:00,2026-06-08T05:40:36+00:00,2,0,0,11.5476,11.54,22.9606220,2
0x4cb184a2f282a996d2b2fad0a7519f1037b27505,2026-05-19T15:04:04+00:00,2026-05-19T15:04:04+00:00,1,1000.0,0,0,0,9.0000,1
0x4cb27cf1d977b5af50d17999076d22179a158c1f,2026-05-25T17:03:48+00:00,2026-05-25T17:03:48+00:00,1,71.428571,0,0,0,0.9999990011428631,1
0x4cb5ec560735efca23f76f2dd152b74bc6a9b536,2026-01-29T19:55:42+00:00,2026-04-21T23:59:44+00:00,37,2499.954382,2499.95,0,0,1419.1211630387808174,37
0x4cd944a1c28b8338dd8407eb1a68541fa99c86b4,2026-05-01T05:04:52+00:00,2026-05-07T15:01:06+00:00,4,0,0,78.57,78.57,152.19008,4
0x4cdcbe7f40e82b8c0532c839266da8eedf5fdf02,2026-05-06T17:56:14+00:00,2026-05-07T00:59:56+00:00,2,0,0,25.2,25.2,48.6864,2
0x4cdcfb5d0a41915c4bc59366303b6b182993b859,2026-05-31T07:45:33+00:00,2026-06-11T15:04:48+00:00,2,0,0,700.0,700.0,1392.3000,2
0x4ce117cbd974ae4f75d8cacec7a085cd167a3cf0,2026-05-19T07:42:38+00:00,2026-06-07T10:58:27+00:00,3,0,0,448.0,448.00,890.17600,3
0x4ce617df58045a2a7266d4071a1a449f7a008ad7,2026-03-20T17:28:23+00:00,2026-05-23T10:04:20+00:00,2,0,0,4.3956,4.39,8.350486,2
0x4cf7e50208e00942e7323dd457184b66f333e64b,2026-06-15T00:42:10+00:00,2026-06-15T00:42:10+00:00,1,3476.666666,0,0,0,10.4299989550000002,1
0x4d0bed9bb2fae6a41dfc967de987f45a406bb099,2026-06-16T23:55:26+00:00,2026-06-16T23:55:26+00:00,1,0,0,4.128,0,4.119744,1
0x4d1783bdadca15943aff1e7ee85309af3404e488,2026-06-15T05:28:28+00:00,2026-06-15T05:28:28+00:00,1,333.333333,0,0,0,0.999998999000001,1
0x4d1de0d8bf27bbb1f34545e974cfb794ac8e01ac,2026-06-10T11:24:28+00:00,2026-06-10T11:26:04+00:00,4,1000.0,0,0,0,4.0000,4
0x4d3092d337ff24c77b3dfd19118cd1d4d124b23a,2026-05-15T16:51:48+00:00,2026-05-15T16:51:48+00:00,1,500.0,0,0,0,5.000,1
0x4d31dc3c9fb0564522ba1471448d583cce67b81f,2026-03-15T13:41:13+00:00,2026-03-15T13:41:13+00:00,1,16.666665,0,0,0,4.99999900000005,1
0x4d351c0bd88ed92ce4a80466c63bc3a33a3bd275,2026-06-03T10:38:06+00:00,2026-06-07T19:55:37+00:00,2,10000.0,10000.0,0,0,150.0000,2
0x4d36c0e0d1d3e9c10d17787272c9fbbf55d552f7,2026-03-16T15:17:49+00:00,2026-04-25T21:51:34+00:00,34,0,10.0,1782.32,0,1414.2102000,34
0x4d3d3a91b53eef6f1b12859ee7c92622c7043b7f,2026-05-15T09:45:16+00:00,2026-05-15T09:45:16+00:00,1,50.0,0,0,0,0.500,1
0x4d3e14cdd0aa30e3cf20e1e57d49263c69d12e20,2026-05-31T00:54:09+00:00,2026-05-31T13:24:30+00:00,3,10000.0,10000.0,0,0,190.0000,3
0x4d484962394aa47e4ce891f092386b3ed6dc5d11,2026-05-13T09:49:45+00:00,2026-06-05T11:21:07+00:00,3,0,0,200.0,100.0,296.5000,3
0x4d5208e50d3e2d37bb8b2d376f5e948d821f3862,2026-05-28T17:05:55+00:00,2026-05-28T17:05:55+00:00,1,83.333333,0,0,0,0.999998996000004,1
0x4d52e1f6a682f1f2e104047585797b5803406236,2026-06-17T18:03:35+00:00,2026-06-17T18:03:38+00:00,2,0,0,11.68,0,11.66832,2
0x4d5f2daa1dcd2d15b9857f857b5a81c805b2ddf5,2026-05-13T13:37:10+00:00,2026-06-03T21:35:37+00:00,2,214.285714,214.28,0,0,4.7142390102857156,2
0x4d6a63e0ac956ac3fe91ba3846cb50cbd697a5db,2026-04-18T12:21:24+00:00,2026-04-18T12:21:24+00:00,1,50.0,0,0,0,3.000,1
0x4d75fb3586d34cf9d0651683a1a67d327641da99,2026-05-29T22:39:43+00:00,2026-05-29T22:39:43+00:00,1,181.818181,0,0,0,1.9999989910000045,1
0x4d766f62e3d1a97243eaa244ea72dcfeac7390a0,2026-05-11T16:47:55+00:00,2026-05-20T23:57:29+00:00,14,0,0,1277.19,1277.19,2518.498320016177,14
0x4d79d9b656a6d0d02813767ba02494c8f52ef7a1,2026-05-09T21:06:04+00:00,2026-05-09T21:06:04+00:00,1,0,0,6.984733,0,6.8799620001106869,1
0x4d7cf0a57cccfa5bac5f22778b8acf20e559fcaa,2026-05-21T13:03:44+00:00,2026-06-04T04:46:00+00:00,6,200.0,200.0,500.0,500.0,993.4000,6
0x4d8280abcfaf435334476c0c17ae5872b838fda6,2026-05-02T22:29:22+00:00,2026-05-03T03:34:06+00:00,2,0,0,56.04,56.04,107.82096,2
0x4d86949e352449ab09706267910a0e8b6d4e1cb2,2026-05-04T12:52:38+00:00,2026-05-30T06:28:29+00:00,54,32360.11,32360.109384,0,0,1163.1412520018674132,51
0x4da0a8760941a4d501f465d4a30585a2847dcfde,2026-05-18T07:55:56+00:00,2026-05-18T10:10:17+00:00,9,0,0,377.0,377.00,745.32900,9
0x4db571a5ead4327234cf6705ae3427bb8da07532,2026-05-10T00:41:45+00:00,2026-05-16T09:25:41+00:00,2,187.5,187.5,0,0,4.3125,2
0x4db7faf6e54524836661a3570fa296ff0734d20e,2026-04-28T17:48:38+00:00,2026-04-29T00:04:16+00:00,2,0,0,313.27,313.27,599.91205,2
0x4dc4830dcf69fb7a60bc3d411d8c303d3b66c764,2026-06-06T23:53:45+00:00,2026-06-07T07:41:51+00:00,2,0,0,27.10825,27.1,53.96431700,2
0x4dd947f16a602f34f9d651ea13f5cb4f879f51fb,2026-02-17T18:24:35+00:00,2026-03-18T16:51:35+00:00,7,174.080857,0,0,0,64.9999939981763958,7
0x4de572de93f67b48270c0aeb50490e1c5a7a3d85,2026-03-19T16:20:53+00:00,2026-03-19T16:20:53+00:00,1,8.333332,0,0,0,0.9999990000001344,1
0x4de80893ef444d3977e5d3e3ecf2f5eb8ebcd267,2026-06-11T13:27:24+00:00,2026-06-11T13:27:24+00:00,1,0,0,1.042,0,1.039916,1
0x4df2b7e73476128b725b59ce5a2bcaf809097623,2026-05-08T10:33:36+00:00,2026-05-08T14:34:54+00:00,2,0,0,50.76,50.76,99.08352,2
0x4df7da721042bf8b75bd1cb7acbeb7f83aaf522d,2025-12-11T21:18:41+00:00,2026-03-13T06:11:21+00:00,13,0,0,472.143622,0,268.5429260005723464,13
0x4e02cc663985722f35c97214ebd8cd67f4f0b7f6,2026-05-02T00:55:26+00:00,2026-05-02T00:59:50+00:00,2,0,0,22.07,22.07,42.33026,2
0x4e0a2603cc47fc9fdd39bc37b8c1e01599da971e,2026-06-15T14:17:13+00:00,2026-06-15T14:17:13+00:00,1,0,0,15.05,0,15.00485,1
0x4e0ab422e0b8eaa72b7b9e914eba77ea6476b9bc,2026-05-05T08:52:48+00:00,2026-05-14T18:32:09+00:00,2,0,0,1.024583,1.02,2.0057130000082526,2
0x4e147760ce625be315be4512d3bc221d894adc1b,2026-06-17T13:26:17+00:00,2026-06-17T13:26:17+00:00,1,333.333332,0,0,0,0.999999996,1
0x4e25605fd905e9972efc0f4d8814530c655cd7a7,2026-03-25T21:44:13+00:00,2026-04-19T22:43:12+00:00,32,2879.98427,0,5219.981420,0,4994.9819220108823116,29
0x4e27ccc6a8ddfc799a379f1178e11fda0b32a9e1,2026-06-08T04:24:43+00:00,2026-06-08T04:24:46+00:00,2,0,0,12.203218,12.2,24.2445980000775394,2
0x4e292dad67467c6e45a0d2dd8a088c00a23c7f1a,2026-06-08T05:27:54+00:00,2026-06-08T05:27:58+00:00,2,0,0,11.7184,11.71,23.2995480,2
0x4e46b9f0294af694769ba6432c0f1132329e2819,2026-05-01T20:13:34+00:00,2026-05-29T17:24:46+00:00,4,2502.499999,0,0,0,34.3799980650000012,4
0x4e4df74a651fc71c680a1962669bef9d448bd700,2026-06-08T07:52:18+00:00,2026-06-08T07:52:21+00:00,2,0,0,13.1958,13.19,26.2406810,2
0x4e5ec376e7cb80ed964d0749779f402451a25717,2026-05-31T07:38:24+00:00,2026-06-11T15:04:48+00:00,2,0,0,700.0,700.0,1392.3000,2
0x4e611edff05fc4fc36823be1cc5eb86ebaeabf7c,2026-06-11T08:50:57+00:00,2026-06-11T08:50:57+00:00,1,0,0,2.004,0,1.999992,1
0x4e750b2a0b3d6e215e9a3988280cab1a5508bc7f,2026-05-29T03:17:43+00:00,2026-05-29T03:17:43+00:00,1,0,0,2.636857,0,2.5999409998905144,1
0x4e970b85d01ad72b1b8085ca7d022492278d8603,2026-06-12T10:10:52+00:00,2026-06-12T10:10:52+00:00,1,0,0,1.002,0,0.999996,1
0x4e9f607a6367f1ba76aa8f0336013cd3b453d796,2026-06-11T15:19:37+00:00,2026-06-11T15:19:37+00:00,1,0,0,24.048,0,23.999904,1
0x4ea50cffd7c1bb33beea79eb1309e3101dd79d40,2026-05-14T05:43:47+00:00,2026-05-14T08:54:16+00:00,2,0,0,7.092153,7.09,13.9906949996525552,2
0x4eb03d9cdbd447bd322ff9e0f388e62ff1b16981,2026-06-16T10:05:04+00:00,2026-06-16T10:05:04+00:00,1,2000.0,0,0,0,10.0000,1
0x4eb7caa432466d3f40f74d55873840e64c464ab2,2026-06-14T14:17:54+00:00,2026-06-14T14:17:54+00:00,1,666.666666,0,0,0,1.9999989980000010,1
0x4ed6b58df7f64192569c984a25d23485d6cb4371,2026-05-25T03:32:34+00:00,2026-05-25T03:32:34+00:00,1,83.333333,0,0,0,0.999998996000004,1
0x4edf3d4b2220a3c20109a83f589213200f6b677c,2026-06-08T14:49:10+00:00,2026-06-08T14:49:15+00:00,2,0,0,11.767,11.76,23.421132,2
0x4ee9eecca87494a7715131432cfedb654c09a420,2026-05-17T22:40:57+00:00,2026-05-25T00:25:22+00:00,2,3125.0,3125.0,0,0,62.5000,2
0x4ef7cf1c0d6ebba4cdb9b1cf14b0347e642c1d9d,2026-06-08T02:49:18+00:00,2026-06-08T02:49:18+00:00,1,333.333333,0,0,0,1.999999998,1
0x4f023f72d725d2f5149d80768e164a42a0e2823d,2026-05-29T16:58:12+00:00,2026-06-12T01:07:57+00:00,2,833.333332,0,0,0,3.9999979900000050,2
0x4f172775f53f3a499f59ed7903cbc4c055d7f9d1,2026-05-17T05:20:26+00:00,2026-05-28T18:06:03+00:00,2,0,0,17.77,17.77,35.22014,2
0x4f1c294fb86f6a5f5c4d487db226c8985f3401aa,2026-05-02T16:06:40+00:00,2026-05-06T03:57:52+00:00,4,0,0,110.07,110.07,212.70282,4
0x4f1d5ae26fc31472966e951af3183308736d8de2,2026-04-29T06:31:48+00:00,2026-06-06T19:04:12+00:00,476,0,428.57,29042.324312,3.78,28586.6403869980120400,475
0x4f24c99574d2a23e9e2063bbadcabf3f97c71a65,2026-04-17T05:16:02+00:00,2026-04-20T05:05:06+00:00,2,216.666665,216.66,0,0,20.6430989904560070,2
0x4f4627ff7550d8d21fab81217afa39aba3a4d0bf,2026-06-15T16:45:34+00:00,2026-06-15T16:45:34+00:00,1,0,0,55.6625,0,55.4398500,1
0x4f4f9fb3cb06c9d0750d58ceec9ebad2e8e21dc4,2026-05-16T03:45:10+00:00,2026-06-16T22:03:56+00:00,3,1222.222221,222.22,0,0,5.888879989,3
0x4f56b0b6d46695c31e6082861ff1fa51c8d24d0d,2026-06-14T08:13:13+00:00,2026-06-14T08:13:13+00:00,1,0,0,1.062,0,1.059876,1
0x4f5e5161d65d6cd1100ad8142abfaaf506d813c6,2026-06-01T12:37:49+00:00,2026-06-01T12:37:49+00:00,1,35415.922222,0,0,0,300.0000004415387186,1
0x4f637754e9d45c736498f064d2f1d5a302fb0f5e,2026-06-01T22:24:06+00:00,2026-06-01T22:24:06+00:00,1,2222.222222,0,0,0,19.9999991091111112,1
0x4f696f2b50d0ffd530cf0484e683b2a9b7c670ea,2026-05-19T15:45:46+00:00,2026-05-19T15:45:46+00:00,1,0,0,1.058375,0,1.049908000,1
0x4f7d5e97dc4f96bd3ab1e2903ea8a2ea8d6d85f1,2026-05-12T15:40:31+00:00,2026-05-12T17:47:19+00:00,2,0,0,199.797142,199.79,393.7931319920202858,2
0x4f8f78f9f707602984a68923bfee059e8b19bc1c,2026-04-08T21:39:51+00:00,2026-04-11T19:17:21+00:00,2,11.11111,11.11,0,0,1.66659900000009,2
0x4fbf34f915a3bdca9aecb085a561a84d554a68d2,2026-06-02T05:52:01+00:00,2026-06-11T15:04:48+00:00,2,0,0,390.0,390.0,776.1000,2
0x4fc1594e0de76df4c81f467849b7106910209423,2026-05-11T19:58:59+00:00,2026-05-15T19:00:24+00:00,5,0,0,500.0,500.0,987.0500,5
0x4fc2fb1fe75ca587856eaf1c54d555e734e9c55d,2026-05-21T15:41:42+00:00,2026-05-21T15:41:42+00:00,1,1000.0,0,0,0,10.000,1
0x4fc5ea59ba941565aa7ea2766fea2dcf9267377f,2026-05-17T06:45:29+00:00,2026-05-17T20:41:03+00:00,2,0,0,90.83,90.83,180.11589,2
0x4fd118696965be90b67d5744f320b866fa5943c8,2026-05-04T09:45:18+00:00,2026-05-04T09:51:42+00:00,2,0,0,52.41,52.4,100.98444,2
0x4fdc996cc20781b0ff8bc6e0c9f0beb051061f4f,2026-06-11T09:44:45+00:00,2026-06-11T09:44:45+00:00,1,333.333333,0,0,0,0.999998999000001,1
0x4fdf7eef165deeb93605ada5a4feed1a3e714452,2026-05-21T12:38:23+00:00,2026-05-21T13:59:37+00:00,5,10000.0,10000.00,0,0,140.27760,5
0x4ffc5ee1177d5a8730d2b403fefbebd78b0c9526,2026-05-27T08:06:19+00:00,2026-05-27T08:06:19+00:00,1,0,0,1.0152,0,0.9999720,1
0x4ffe49ba2a4cae123536a8af4fda48faeb609f71,2026-01-22T05:36:12+00:00,2026-05-26T19:30:11+00:00,29,1236.344135,1236.338178,41.0,40.99111,136.5927920008179042,29
0x500af1767e2ac72ae5c740061092c4b0d119c8e4,2026-04-30T12:48:50+00:00,2026-05-05T00:46:56+00:00,2,400.0,0,0,0,10.4000,2
0x5011224f4848cb2cf2d87cf2b823551dfd0e220e,2026-04-30T15:44:20+00:00,2026-05-12T12:30:28+00:00,7,0,0,3110.997646,3110.99,6043.6590569853787044,7
0x5028d34cd2691f64255971410d595289a2a191c5,2026-01-22T11:27:54+00:00,2026-05-09T07:32:22+00:00,200,8504.189643,8502.662897,3500.518781,3498.948194,9079.3382260154785310,200
0x50391807bae05cf66d9e27613e4b215d0957f973,2026-05-02T09:43:46+00:00,2026-05-07T16:40:50+00:00,6,0,0,171.41,171.41,331.989329998788,6
0x503a7b9eaeb96d8f46d25bdde3f4eaa663dff862,2026-06-09T03:28:15+00:00,2026-06-09T03:28:15+00:00,1,0,0,160.81,0,160.16676,1
0x5043be91aa3fe6eefd1f9556d60c3ffe3b7e84b5,2026-06-11T05:23:57+00:00,2026-06-11T05:23:57+00:00,1,0,0,283.707,0,283.139586,1
0x5045bd77c28db27547272647491c899959b7f004,2026-06-17T11:27:35+00:00,2026-06-17T11:27:56+00:00,2,0,0,1002.004,1002.0,1998.993992,2
0x5057b2d24b99ded3a61db1d94928e9d5a6ba479f,2026-06-09T23:15:34+00:00,2026-06-09T23:15:34+00:00,1,250.0,0,0,0,1.0000,1
0x50590f527c1d32fb5ef47ba5e1774c325ab636ac,2026-06-12T16:06:55+00:00,2026-06-12T16:06:55+00:00,1,0,0,1.002,0,0.999996,1
0x505941198e6b3faf6c08e39c9b45cecb6467720c,2026-02-15T23:26:13+00:00,2026-02-16T08:22:55+00:00,3,8.29,8.29,0,0,8.1242,3
0x50624a8c95cdfc7750d25b86087d5b41eaf00b34,2026-05-18T03:37:31+00:00,2026-05-18T16:40:55+00:00,2,15251.549284,15251.54,0,0,291.5092388645799912,2
0x50677ce405977e5c3eee8f53c391f1ad5382ba4f,2026-04-18T19:27:48+00:00,2026-04-18T20:33:20+00:00,2,83.333332,83.33,0,0,8.670499002460348,2
0x506f3851ab75685ea3622bf4dd9d28cacadfe8bb,2026-05-11T20:35:53+00:00,2026-05-13T04:21:29+00:00,2,0,0,200.0,200.0,392.6000,2
0x507c6d489e56dcff9fe0687f45c4211e73084166,2026-03-05T02:37:53+00:00,2026-03-06T07:43:51+00:00,2,0,0,66.0,66.0,91.740,2
0x5084a220edeaabe32ff8498ec68f8c2971b41969,2026-05-30T15:43:54+00:00,2026-05-30T15:43:54+00:00,1,591.196666,0,0,0,4.9999999849533850,1
0x508df11ef1d6f560e2d5978b504f84c839978772,2026-03-20T12:22:17+00:00,2026-03-20T12:22:17+00:00,1,16.666665,0,0,0,1.999999000000080,1
0x5096b6472462afece19908334c549e4639e62294,2026-05-07T11:49:46+00:00,2026-05-07T16:52:16+00:00,2,0,0,19.57,19.57,37.94623,2
0x50b91b327d002b7a0b8b0c00bebcbe78e3547900,2026-06-14T18:16:22+00:00,2026-06-14T18:16:22+00:00,1,333.333333,0,0,0,0.999998999000001,1
0x50ba637da02414b350949c33f2312767516558c3,2026-03-21T03:47:01+00:00,2026-04-27T13:47:22+00:00,8,0,0,88.55,88.55,162.60754,8
0x50be8f95f7eea6ddee8a7b8ee41bb7c6bfd02b52,2026-06-17T11:54:14+00:00,2026-06-17T11:54:14+00:00,1,3333.333333,0,0,0,9.9999989990000001,1
0x50caadfb5704f936a752fd7de0cb1850e13e0d17,2026-06-15T06:47:37+00:00,2026-06-15T06:47:37+00:00,1,0,0,48.0,0,47.8560,1
0x50cc85c2ff8b3371ba9601f7b9eafe6fa9d4a01f,2026-06-08T04:35:55+00:00,2026-06-08T04:36:00+00:00,2,0,0,12.1608,12.16,24.1870360,2
0x50e00416841d5fbf95f3aa8469345364c936ee9b,2026-05-02T10:46:18+00:00,2026-05-02T15:50:52+00:00,2,0,0,52.35,52.35,100.61670,2
0x50e9c0d387c3889eb457d0d0071fcd258e055efe,2026-03-16T18:03:53+00:00,2026-03-28T05:10:53+00:00,2,100.0,100.0,0,0,37.000,2
0x50ee0b5df458d6eca99a5bc02da6e1d27c1e8828,2026-06-02T16:45:00+00:00,2026-06-02T16:45:00+00:00,1,0,0,1.019111,0,1.009938999980889,1
0x50f7710e4ae4619f53651b21f8732482aa263da2,2026-03-31T10:57:49+00:00,2026-04-01T04:49:27+00:00,3,2071.333330,2071.33,0,0,227.8464980314666700,3
0x50f8d6e0a0100df5815eaed245601f56fc56de0d,2026-05-16T17:08:46+00:00,2026-05-16T17:08:46+00:00,1,125.0,0,0,0,1.0000,1
0x50fe6457c00f515103354c8c3ffe5c26ef31b1e7,2026-05-10T05:00:12+00:00,2026-05-10T05:05:07+00:00,2,2026.0,2026.0,0,0,70.9100,2
0x51015085b071286e71188ac6fb5b54063ab63cbc,2026-06-07T18:22:49+00:00,2026-06-07T18:22:49+00:00,1,0,0,1.035,0,1.029825,1
0x5104791ea1959ab29fada744f273a705709ba114,2026-04-14T18:38:20+00:00,2026-04-25T09:19:54+00:00,4,2038.675101,2038.67,0,0,200.7401500188330884,4
0x510f4963b66b1b18505faab74b0bb943d1dda43c,2026-05-26T14:28:20+00:00,2026-06-12T11:13:36+00:00,7,180.0,180.0,0,0,4.8150,7
0x511f9c771449162349795d17becf8b37031acbe1,2026-05-26T14:28:48+00:00,2026-05-29T01:25:39+00:00,6,0,0,4289.0,0,4159.2640,4
0x5136541bced26e7c2bc20550cc26345f7d4a0e4f,2026-05-16T05:51:01+00:00,2026-05-29T01:25:39+00:00,3,0,0,75.0,0,73.1750,3
0x5145b041293e4d22ebea003f3fcbb1978d824cc9,2026-05-10T18:28:21+00:00,2026-05-10T22:17:13+00:00,2,0,0,11.43,11.43,22.4028,2
0x5145c9942e6822245b2230cd794e9ee97e2d324d,2026-04-30T17:39:20+00:00,2026-05-02T11:29:08+00:00,15,5714.285713,5714.258458,0,0,422.8560746686931596,15
0x514ff8e406c538e7959017979dc8386563415d84,2026-03-07T06:56:15+00:00,2026-03-09T12:46:17+00:00,2,27.162161,27.16,0,0,17.3331989995582469,2
0x51608d7cc1a202d1ffabc352f6fdca5c8e7157b7,2026-06-17T09:10:10+00:00,2026-06-17T20:07:43+00:00,2,0,0,53.05,53.05,105.88780,2
0x516cb971ec49c78a4eee406d05e54a3be3a5eb2a,2026-06-07T04:13:37+00:00,2026-06-07T04:13:37+00:00,1,200.0,0,0,0,1.0000,1
0x5174c1b98075097f355d3745fe72ba75c2fe1263,2026-05-27T02:58:29+00:00,2026-05-27T02:58:29+00:00,1,0,0,1.622714,0,1.5999959999432150,1
0x51770054fcaae5a317628b460101347f003a1e02,2026-06-17T01:48:40+00:00,2026-06-17T01:48:40+00:00,1,666.666666,0,0,0,1.9999989980000010,1
0x5182c3f408d428118d7917bc73446b56e45b0b05,2026-06-13T13:49:21+00:00,2026-06-13T13:49:21+00:00,1,0,0,34.569,0,34.499862,1
0x5183da952b837d84cd17d579685a998b42237380,2026-06-12T12:08:27+00:00,2026-06-12T12:08:27+00:00,1,0,0,1.002,0,0.999996,1
0x518ec94102f7b8405211b45c6b767f98cbeada49,2026-06-05T13:20:24+00:00,2026-06-06T16:53:58+00:00,4,22000.0,22000.0,0,0,256.0000,4
0x518edaaf37f13c0c3075bebea623e264b4b4cdd0,2026-03-11T17:13:51+00:00,2026-03-11T17:13:51+00:00,1,11.11111,0,0,0,3.99999900000006,1
0x5196045e1639adbb70fba26d490e6613b815403e,2026-05-07T17:55:19+00:00,2026-05-08T11:24:37+00:00,2,64.516128,64.51,0,0,3.8062800002580640,2
0x519fc5d3084ecde4ef93d57dd601847c46b3fdf1,2026-05-06T13:14:16+00:00,2026-05-06T17:16:48+00:00,2,0,0,57.28,57.28,110.43584,2
0x51a2df1e2ea93999dcd26dfd20a855994b52a340,2026-06-09T11:02:33+00:00,2026-06-09T11:02:33+00:00,1,200.0,0,0,0,1.0000,1
0x51a4bb8423d30a175dfed1aebed955e7f39f4a25,2026-04-30T05:15:26+00:00,2026-06-17T18:00:41+00:00,109,0,0,3274.12,3272.523922,6449.6880679994137182,96
0x51b00915a602fc14ae6315b914a3c5d630f64fbc,2026-04-05T13:42:19+00:00,2026-04-05T13:47:51+00:00,3,0,0,19.16,19.16,35.6376,3
0x51b0f32bb7cf64fceb0908dfcaa00e4ea2e4767b,2026-05-15T01:14:30+00:00,2026-05-15T01:15:10+00:00,2,0,0,100.30395,100.3,197.895797998024325,2
0x51ba8b2162b4f59d148841edeac4e53955aa5fd0,2026-05-11T11:04:09+00:00,2026-05-12T07:37:17+00:00,7,50.0,50.0,2.040817,2.04,5.9450980000589386,7
0x51c8be2b0e59f5f7c7f8785ea208c5c626b9fb0f,2026-05-19T19:22:52+00:00,2026-05-20T18:06:22+00:00,3,1747.16111,1747.16,0,0,29.824439983573433,3
0x51d94ef09bc7e0e0b126da5a5c695fec26abb111,2026-03-20T03:33:35+00:00,2026-06-11T12:44:37+00:00,6,0,0,37.954763,37.95,70.1787199999111269,6
0x51dab742181f08c3e9256c6e61fbc8a46b64407f,2026-05-29T02:38:55+00:00,2026-05-29T02:38:55+00:00,1,0,0,2.636857,0,2.5999409998905144,1
0x51e1f3e827cb90c746e549f6d3d58e3fc9c4f9b8,2026-06-17T09:57:29+00:00,2026-06-17T09:57:29+00:00,1,303.0,0,0,0,0.9090,1
0x51fd8f0358cc9e8a1ee5f87a0c7e3b07ed634272,2026-01-30T02:37:26+00:00,2026-02-03T12:28:18+00:00,25,0,0,797.220883,749.995453,794.6081840012827102,20
0x520dd6eb2c8f71a03a16f6879d231c00387ff2e3,2026-05-15T14:25:51+00:00,2026-05-15T14:28:25+00:00,4,0,0,175.58,175.58,347.82398,4
0x5211756c1db77f0c6c0b87bfcdbe5f1a8e4b6cd3,2026-05-15T15:54:26+00:00,2026-05-15T16:07:47+00:00,2,0,0,8.072555,8.07,15.9892020001564670,2
0x5217907c9810e663e8c3cdc9a110137dc8ee20ca,2026-06-01T06:01:25+00:00,2026-06-15T20:32:25+00:00,4,2706.65,0,0,0,13.38660,4
0x521f2bae97275060010b87f8f13ee48036c151aa,2026-05-18T09:55:28+00:00,2026-05-18T09:55:28+00:00,1,83.333332,0,0,0,1.0000000006666664,1
0x522d6286d48c5825363c0598d0a5b2463f63e761,2026-05-01T11:09:40+00:00,2026-05-02T07:35:42+00:00,2,172.413792,172.41,0,0,11.8964000024827584,2
0x523a993a7c99c12ba178a37400ade9ff21bee246,2026-06-12T14:36:19+00:00,2026-06-12T14:36:19+00:00,1,0,0,1.082,0,1.079836,1
0x523e16117246b65ebc5b429767eb06525e5ea2cd,2026-06-07T04:37:10+00:00,2026-06-07T04:37:10+00:00,1,200.0,0,0,0,1.0000,1
0x523e31950d42e39aad76c2710e0ff73be7160ae0,2026-06-08T11:54:42+00:00,2026-06-08T11:54:46+00:00,2,0,0,12.4095,12.4,24.6978620,2
0x5245220d4165539c3729ca89b64afcc382195b53,2026-04-29T23:46:42+00:00,2026-06-08T04:29:51+00:00,35,0,0,246.72,246.71,484.57170,35
0x524867a6c73c3ab5b63e43628267635db1c8eca8,2026-05-06T03:35:16+00:00,2026-05-19T10:50:35+00:00,2,68.965517,0,5.040321,0,6.9999969999410455,2
0x524cafbaceb5da059c316d79b201e3bffa96cde5,2026-05-12T12:10:56+00:00,2026-05-12T12:11:03+00:00,4,0,0,46.00,0,45.0800,4
0x525462f49cbb9635ce2491ed0513377c560fe8e0,2026-06-17T04:11:58+00:00,2026-06-17T18:00:43+00:00,10,0,0,8850.0,8850.00,17673.45000,10
0x525912d44c400188bf03e29af77729b7993bfc71,2026-05-16T09:42:22+00:00,2026-05-16T09:53:39+00:00,2,0,2.0,0,0,0.0140,2
0x52623409309040dbceb2d482282fe27546001dff,2026-05-01T01:45:00+00:00,2026-05-07T15:15:36+00:00,6,0,0,184.07,184.07,355.47418,6
0x526dec3ab7334666143acedcfdb7b61614c60958,2026-06-08T22:13:03+00:00,2026-06-09T05:59:31+00:00,2,0,0,36.0,36.0,71.6400,2
0x5278c33109aef2f240571bb3cbd3c96f90b23ca2,2026-06-03T16:30:34+00:00,2026-06-14T19:47:48+00:00,3,238.0,238.0,0,0,3.3100,3
0x528197cb492d533443cd446373aacadf205cbe82,2026-03-24T14:09:03+00:00,2026-04-19T23:10:48+00:00,2,625.0,625.0,0,0,69.24900000,2
0x52870486f74fcd2fe707821b9aa8da0f6d8c3a16,2026-04-05T07:30:37+00:00,2026-04-18T18:09:28+00:00,22,0,0,6489.251427,6489.242172,11939.1567260024181681,22
0x528d5ac4fe26ccdf2ed29d6467fc57317c2b3652,2026-05-17T16:10:41+00:00,2026-05-18T02:53:04+00:00,2,0,0,97.38,97.38,192.81240,2
0x52968f8783027beae11728c1fbac057de1cd6d7b,2026-05-08T14:13:29+00:00,2026-05-08T14:13:29+00:00,1,113.47,0,0,0,2.2694,1
0x52bde7fed954a806cc4136853db7fb508fc2cfe6,2026-06-09T18:28:40+00:00,2026-06-09T18:28:40+00:00,1,0,0,10.04,0,9.99984,1
0x52bf7a839abab5661a28e1634b8df7b6264d5b55,2026-04-19T22:11:18+00:00,2026-04-19T22:11:18+00:00,1,0,0,3.64,0,3.4944,1
0x52c6a7cc59e81f4e09388046faf1e96b9549564d,2026-05-26T15:20:40+00:00,2026-05-26T17:21:07+00:00,4,0,0,3.04770,3.04,5.99131200,4
0x52cf796b2ef7ed638629e973fa498881e39d015e,2026-05-21T12:38:23+00:00,2026-05-21T12:38:23+00:00,1,119.99,0,0,0,1.07991,1
0x52d5dcd7582c6af51ba645f632024acacfff38e4,2026-04-30T03:05:28+00:00,2026-05-01T05:31:30+00:00,2,740.740739,740.74,0,0,45.1851589900370393,2
0x52da0de899aa23770122c78090613721eb3add00,2026-06-05T21:15:57+00:00,2026-06-16T01:33:43+00:00,2,985.714285,0,0,0,6.4999989735714295,2
0x52efce56e7f8724ef292979320bcd4ee505fb91a,2026-05-10T23:26:33+00:00,2026-05-11T00:05:48+00:00,2,0,0,16.13,16.13,31.6148,2
0x52f00b1031c6220b5050d3d97f63c4d876a9ffdb,2026-05-05T21:54:24+00:00,2026-05-05T21:54:24+00:00,1,172.413793,0,0,0,4.9999989970000006,1
0x52fcefa7c28f4835ce83bf7d44d423b929f65b0c,2026-06-17T17:52:49+00:00,2026-06-17T18:00:35+00:00,2,3150.0,3150.0,0,0,12.6000,2
0x5304bee05d3e14f61bf28f45210d5336d9db9e77,2026-03-30T07:08:44+00:00,2026-03-31T03:34:07+00:00,6,50.0,49.99,0,0,5.9995,6
0x5346940225c62c3b82feb1376cfcb651946f5b27,2026-04-30T02:45:42+00:00,2026-04-30T02:45:42+00:00,1,37.037037,0,0,0,0.999998999000001,1
0x534ff2d6f89d78623ed0aab8275c9eade8a99a55,2026-05-03T03:25:52+00:00,2026-06-12T09:31:19+00:00,2,412.280700,0,0,0,3.999997997631597,2
0x5364b7cd6f5f79f85b9e7fa53146b6969297855f,2026-05-04T23:27:52+00:00,2026-05-24T17:10:51+00:00,2,208.333333,0,0,0,3.4999990003333373,2
0x5365296bc0987095b85c9e36fc97434a9dba40d7,2026-03-10T12:46:49+00:00,2026-04-13T14:06:35+00:00,84,5216.169235,5216.16,0,0,2256.6120710496905340,79
0x53757615de1c42b83f893b79d4241a009dc2aeea,2026-05-23T23:57:13+00:00,2026-06-17T16:15:52+00:00,6,3494.0,0,1016.0,0,1030.9460,6
0x537ddffa0dde0e626ae8b21eef74e97fdc5d6432,2026-04-14T06:27:09+00:00,2026-04-14T11:05:15+00:00,2,25.0,25.0,0,0,2.250,2
0x538017d4e968f9d9613a91ef78fbf4560e73410e,2026-06-02T16:59:57+00:00,2026-06-02T16:59:57+00:00,1,0,0,1.099888,0,1.0899889999708176,1
0x5399b0928aadd0487815e50cb36187b485f90139,2026-05-29T02:39:07+00:00,2026-05-29T02:39:07+00:00,1,0,0,2.636857,0,2.5999409998905144,1
0x53a4c8762a619cf5af9cce17e0a59bd012008072,2026-04-02T04:51:57+00:00,2026-04-03T03:52:37+00:00,3,761.904757,0,0,0,49.9999969795238299,3
0x53a7ca7aa1a24849ebfc8368b3fc186fefe0e63c,2026-05-10T15:15:21+00:00,2026-05-10T15:15:21+00:00,1,55.555554,0,0,0,0.9999989997778050,1
0x53a808826f84f936c3f37970a37565b865251cd5,2026-06-14T10:20:19+00:00,2026-06-14T10:20:19+00:00,1,0,0,2.004,0,1.999992,1
0x53b2e82fa7544f3a5ce2f1776df496f8cfa99fb8,2026-03-29T20:44:46+00:00,2026-05-13T15:18:07+00:00,2,0,0,2.12765,2.12,4.0924310,2
0x53cf6d87530746e1edf67c5de42dd2e9dfb40479,2026-03-23T14:30:45+00:00,2026-03-23T14:31:05+00:00,3,0,0,38.00,0,34.9600,3
0x53d6826065a9e170fea88aec377e038512bd8258,2026-06-13T20:59:19+00:00,2026-06-13T20:59:19+00:00,1,0,0,4.709,0,4.699582,1
0x53e95b4f80e35d843cc38538a31614cdfaedd896,2026-04-08T20:42:03+00:00,2026-04-09T08:27:27+00:00,2,70.0,0,0,0,5.800,2
0x53ea032a0bcc3b60bbdc9badad11c5cbffbcf4c2,2026-04-30T19:42:10+00:00,2026-05-06T11:10:40+00:00,11,0,0,1002.50,1002.5,1936.62950,11
0x53f03dfc52458cce661a4b5ec3282e11ea354eb1,2026-05-15T18:00:31+00:00,2026-05-15T18:00:31+00:00,1,200.0,0,0,0,2.000,1
0x53f2d75ab610600e73e9180836b359e1994948f9,2026-04-30T09:13:12+00:00,2026-05-06T10:48:12+00:00,4,0,0,106.44,106.44,206.98259,4
0x53f54d7eab43072f95a8d957f1e41bba20d2412b,2026-06-10T07:54:25+00:00,2026-06-10T08:27:00+00:00,3,0,0,1045.837333,1045.83,2084.346501001,3
0x53fe4faf672034a364a687ab5fd7806cf3b45f0b,2026-06-13T12:44:45+00:00,2026-06-13T12:44:45+00:00,1,0,0,1.002,0,0.999996,1
0x53ff7884a9ca95876abaf633cdcd564fe0a89529,2026-05-16T01:16:58+00:00,2026-05-16T01:16:58+00:00,1,0,0,2.78225,0,2.75999200,1
0x53ff7ac69a72295f2fe5d5e73e0c7c143811b15d,2026-05-23T02:32:30+00:00,2026-05-23T02:32:30+00:00,1,0,0,4.419778,0,4.3799990000141276,1
0x5400eae7fd1cca4c6edb72d0745c18a433551342,2026-04-30T13:42:08+00:00,2026-05-01T12:17:22+00:00,5,664.45,664.45,0,0,38.400740015635,5
0x5404c6f8f981c975c69ee77872ac2b51bcc89df1,2026-05-23T21:33:16+00:00,2026-05-23T21:33:16+00:00,1,100.0,0,0,0,1.2000,1
0x541124869a840595d94e48203aab7284a5b4cf12,2026-06-16T04:58:34+00:00,2026-06-16T05:01:06+00:00,2,0,0,105.11025,105.11,209.27425900,2
0x541268f10624d574ddedd59de69f1304a6081907,2026-05-08T03:18:19+00:00,2026-05-11T03:24:41+00:00,8,0,0,118.79,118.79,231.71167,8
0x5423e2006e3f03096804194f36316538aa7a50a3,2026-06-07T23:13:21+00:00,2026-06-12T16:47:34+00:00,2,10000.0,10000.0,0,0,100.0000,2
0x542b183f58027c9a7a45b2488248cceeea348b2e,2026-06-17T12:31:04+00:00,2026-06-17T12:31:04+00:00,1,0,0,610.41,0,609.18918,1
0x542ba5d1c2e467fa1c650a19e16d1eea087a8ef8,2026-02-11T06:54:59+00:00,2026-03-04T14:21:57+00:00,3,225.435011,0,0,0,79.9999969991453974,3
0x54328800f4b47c3f29bbd25dafcc961087e90dc4,2026-04-15T10:34:20+00:00,2026-05-20T16:23:48+00:00,2,16.666665,16.66,0,0,1.183259000000090,2
0x5452a195316d34540bfb67683d92f0923cd184f0,2026-05-14T07:07:47+00:00,2026-06-05T12:00:46+00:00,3,0,0,200.0,100.0,296.5000,3
0x5472155982cbb86bc9a6cd88f9b932993f93f733,2026-01-30T19:20:22+00:00,2026-01-30T19:20:22+00:00,1,4.761903,0,0,0,1.9999990000000962,1
0x5472bfd8e56f7b8863bd80aa7412eb81d4a2634b,2026-05-21T08:27:05+00:00,2026-05-21T08:27:05+00:00,1,416.666665,0,0,0,4.999999980,1
0x547d0c79bfe2e35a290cb7755c7852e2d1c2f305,2026-05-02T14:20:46+00:00,2026-05-02T14:21:02+00:00,2,0,0,31.217461,31.21,59.9615799991477773,2
0x548e07b4ffa81f45146ad0fb4c653399a99cd7c3,2026-05-02T04:52:40+00:00,2026-05-02T04:52:40+00:00,1,510.646,0,0,0,19.9999999940314,1
0x549ccce0f7f270181be9321418ac4c2743599881,2026-06-02T11:38:17+00:00,2026-06-02T11:38:17+00:00,1,0,0,1.039333,0,1.0299789999859343,1
0x549d5fb90ab4acdb92e5d3cab44847076d395a20,2026-06-08T07:57:34+00:00,2026-06-08T07:57:34+00:00,1,166.666666,0,0,0,0.999998996000004,1
0x549f9c97e13e6ff23255f83a71099e57d71e5855,2026-05-17T16:10:41+00:00,2026-05-18T04:08:21+00:00,2,0,0,111.58,111.58,220.836820000888,2
0x54a36507e41f43c720f2d5cbc6764a01c225f945,2026-06-13T15:01:45+00:00,2026-06-13T15:01:45+00:00,1,333.333333,0,0,0,0.999998999000001,1
0x54a5f151a640453e8b3ddf544b2645e5a06c130c,2026-05-05T21:15:54+00:00,2026-05-05T21:15:54+00:00,1,68.965517,0,0,0,1.9999989998965552,1
0x54a986d08882c7244e6263f128a597f8ac79a56e,2026-06-05T12:55:03+00:00,2026-06-06T19:03:09+00:00,2,5300.0,5300.0,0,0,84.8000,2
0x54c1e5d450a2788f46314096d15afbc8ae28af7e,2026-05-23T17:06:26+00:00,2026-06-14T03:24:46+00:00,4,330.00,330.0,0,0,3.90000,4
0x54c6725136cc1db91603941d49506085e428e5c2,2026-06-06T16:12:57+00:00,2026-06-12T19:03:15+00:00,13,1274.70,1274.0,0,0,9.69650,12
0x54d127668a18189073b38606166e13559e17d55a,2026-06-12T10:06:19+00:00,2026-06-12T10:06:19+00:00,1,0,0,1.002,0,0.999996,1
0x54df66de6e80468df5fdd2b5e3505d8742462d9c,2026-05-27T08:24:20+00:00,2026-05-27T08:24:20+00:00,1,0,0,1.0152,0,0.9999720,1
0x54e15a0a77e3147ac78831804e5dde13cb589d5a,2026-03-19T09:45:41+00:00,2026-03-19T13:58:39+00:00,9,25.0,25.0,2924.52,2924.52,5153.1552,9
0x54e2d2037a93723ee38f8a7bc9da20ef59f2d619,2026-04-15T05:59:56+00:00,2026-04-15T05:59:56+00:00,1,0,0,2.10526,0,1.9999970,1
0x54f753c86436400dbe8910cccad41a1c9c51e3b7,2026-06-11T15:12:40+00:00,2026-06-11T15:12:40+00:00,1,0,0,34.068,0,33.999864,1
0x54fea2cf27d066659b411b5f838d0f7e7010a087,2026-06-17T14:19:50+00:00,2026-06-17T14:19:50+00:00,1,0,0,10.02,0,9.99996,1
0x5502ab10fac1f4e5867cab7653afaa978a41496a,2026-06-13T22:54:13+00:00,2026-06-13T22:54:13+00:00,1,0,0,37.194,0,37.119612,1
0x5503ba8c37aa69c2a8936a411c981084be3d2a7d,2026-05-27T15:01:58+00:00,2026-05-27T21:40:02+00:00,2,655.999998,0,0,0,9.5899979974666735,2
0x55173bc7f6e52f45ec05fd14fbc6f34e81b6e334,2026-03-13T12:51:57+00:00,2026-04-25T02:55:44+00:00,110,0,147.28,5545.908332,57.6,5235.5391229996369644,110
0x5528b1ee759471a6aa4b5e27764e8cb7a2ad06e9,2026-06-15T19:39:12+00:00,2026-06-15T19:39:12+00:00,1,0,0,33.711,0,33.609867,1
0x552ab44ccb56164c6b11aecf828ec9b6e7b8c7d2,2026-05-13T16:18:03+00:00,2026-05-14T06:09:16+00:00,2,0,0,26.31575,26.31,51.94162100,2
0x553d793f61ad346fa69b301badb70300a4185e3e,2026-03-31T03:34:03+00:00,2026-03-31T05:56:29+00:00,2,0,0,1000.0,1000.0,1880.000,2
0x55438d5568f385930200c559660a09f84469f8b6,2026-05-11T02:28:31+00:00,2026-05-11T02:28:54+00:00,5,50.00,50.0,0,0,2.0000,5
0x554525bdea78988e8db7d4e42e743b8ea3afa0a9,2026-05-14T09:19:19+00:00,2026-05-28T19:38:46+00:00,2,71.42857,71.42,0,0,1.785620001428571,2
0x554a6b30fefe1c8f8a480b5d98c88338a2669ecd,2026-03-21T13:33:59+00:00,2026-03-21T16:45:29+00:00,2,9.09,9.08,0,0,1.9079,2
0x55501625c01c21c8c1feca0bc1c0fbc66ff763f3,2026-05-02T21:41:56+00:00,2026-05-03T15:48:04+00:00,4,0,0,119.18,119.18,229.49195,4
0x555d53e1431b2ae2f75aabfcfd5ea79d69d01a11,2026-05-26T15:25:51+00:00,2026-05-26T15:29:47+00:00,2,55.6,55.6,0,0,1.88959999940,2
0x5562c7ee374070de66b30254547b377691883b41,2026-03-22T22:40:37+00:00,2026-03-26T01:44:37+00:00,15,0,0,1142.204285,0,1054.2499850000247377,15
0x55647fcf80aabe9d69ad5518ca6229538868b806,2026-03-27T16:15:49+00:00,2026-04-04T09:31:29+00:00,2,222.222221,222.22,0,0,31.110999001111116,2
0x5566b7c96220f4f40146a17bb25bcab6c0d37c29,2026-04-05T08:16:15+00:00,2026-06-10T01:08:42+00:00,159,0,0,6310.229323,245.27,6462.8702119851165071,159
0x55687649fb255e8b3f5ab5243ad292d86a53b890,2026-05-11T19:55:13+00:00,2026-05-20T16:51:16+00:00,2,1055.0,0,0,0,17.1050,2
0x557bd9254c16f77edd04263552b0030da2e47f72,2026-03-25T19:58:21+00:00,2026-05-10T09:59:55+00:00,2,71.323528,0,0,0,1.9999999995294112,2
0x55873f2acbb465a5b66b011b61253e3f524824cd,2026-06-15T16:00:46+00:00,2026-06-16T05:20:58+00:00,2,0,0,94.97,94.97,188.99030,2
0x558c232dcbbf492e14520999f962993438cc150a,2026-01-22T03:20:00+00:00,2026-01-23T02:05:06+00:00,2,0,0,20.0,0,9.700,2
0x558e6ef86385633f533da5a811af0acd866fc327,2026-05-15T03:48:32+00:00,2026-05-15T03:48:32+00:00,1,71.428571,0,0,0,0.9999990011428631,1
0x558f2f82cf0394c28ce3c8e117ee747aeab51a56,2026-03-30T21:23:43+00:00,2026-05-16T05:51:03+00:00,2,0,0,50.0,0,48.5500,2
0x55955294d720ee86aa146d7ea69aaaf74db3c73e,2026-06-17T15:05:49+00:00,2026-06-17T15:05:49+00:00,1,19576.666665,0,0,0,58.729999995,1
0x55a8ab9afb7e9654d14fe13b878ca34b8700f552,2026-03-22T21:21:09+00:00,2026-03-22T21:21:09+00:00,1,0,0,3.477776,0,3.129998000055760,1
0x55b09bc17206dad01117b652157f5fc9c878b35d,2026-05-09T20:15:19+00:00,2026-05-17T10:09:39+00:00,2,121.2,121.2,0,0,2.6664,2
0x55b8b750f7bc7132730d3592281e9ce48157bda4,2026-05-16T20:54:11+00:00,2026-06-16T11:57:46+00:00,3,476.190475,238.09,0,0,2.952357993000007,3
0x55bce28c76585fdab5d56091ee9f0356a8f26fcf,2026-06-16T17:27:17+00:00,2026-06-16T17:27:17+00:00,1,2500.0,0,0,0,5.0000,1
0x55c5f50c1680664c693c366c90ad4807528c1710,2026-06-15T08:20:01+00:00,2026-06-15T08:20:01+00:00,1,127061.05,0,0,0,499.999996244010,1
0x55d04139296f56f381966b7d1f0d32dfe5257f62,2026-06-04T06:11:49+00:00,2026-06-04T06:12:07+00:00,2,0,0,5.035142,5.03,9.9896559999578296,2
0x55d665ee785b151a35c2454547983ade93041f24,2026-05-03T20:45:02+00:00,2026-05-15T06:08:47+00:00,64,27.027027,27.02,0,0,1.820398999000001,64
0x55f0baceb52365f9992bda624e212664b87d1050,2026-05-08T05:39:50+00:00,2026-05-08T12:45:25+00:00,2,0,0,52.2,52.2,101.6856,2
0x55f7ec3f028dd374484c4b9d57870d61ab05b1eb,2026-06-16T12:29:34+00:00,2026-06-16T17:17:20+00:00,2,0,0,8550.0,8550.0,17048.7000,2
0x55fb290085484e739d28beecffa9412443638c38,2026-05-03T05:09:34+00:00,2026-06-10T06:47:15+00:00,2,0,0,5.192081,5.19,10.1744039998847514,2
0x56079370033f6c8152fdeaec24b3c05e83d7c602,2026-06-12T01:12:25+00:00,2026-06-12T01:12:25+00:00,1,0,0,77.154,0,76.999692,1
0x560ec24847764d4a1ce8d61d57bc99ad483985f5,2026-06-06T16:19:03+00:00,2026-06-06T16:19:03+00:00,1,200.0,0,0,0,1.0000,1
0x561856983f8138f51dfe556df56e181c34a1e501,2026-05-17T06:45:29+00:00,2026-05-17T19:27:24+00:00,2,0,0,102.11,102.11,202.58624,2
0x56212fa8ca7028621239e03106f6cd9efdacf6b6,2026-05-17T18:48:56+00:00,2026-05-18T08:46:08+00:00,2,0,0,301.31,301.31,596.59380,2
0x563dc4ac9f8bd6ed2b35f471799510603e1175ae,2026-04-12T05:52:11+00:00,2026-05-07T14:54:31+00:00,2,0,0,28.191483,28.19,53.8442940002659619,2
0x564bcad969506d9e0fb781e3d1ff07f0cf65b868,2026-05-16T07:16:25+00:00,2026-05-20T13:01:51+00:00,2,0,0,10.090752,0,9.9998939997658156,2
0x564c6eb039b9b76148c256ea563861581a0bc9ad,2026-05-06T12:59:22+00:00,2026-05-06T12:59:22+00:00,1,0,0,20.746861,0,19.9999739998506278,1
0x565d78eb0d9b17fa055f9dac4f501fb5446387c7,2026-05-29T03:12:00+00:00,2026-05-29T03:12:00+00:00,1,0,0,1.622714,0,1.5999959999432150,1
0x566c10ef6cbd77bfcb04ba1ca5cb5b5e2ecb46b4,2026-06-17T09:09:49+00:00,2026-06-17T09:09:49+00:00,1,0,0,54.0,0,53.8920,1
0x56777ec5a21e5eb80fceaa217600faf2851a2c57,2026-06-16T12:11:40+00:00,2026-06-17T18:00:53+00:00,5,10957.5,10957.50,0,0,48.97582,5
0x567ea0019fea3c2afc75c7e0e6744241b6afd582,2026-05-04T02:16:26+00:00,2026-05-04T02:16:26+00:00,1,405.405404,0,0,0,14.9999990155675708,1
0x5686404945ed1f64afbbbc0354defff4e7df690a,2026-03-24T18:29:37+00:00,2026-03-25T08:11:13+00:00,3,0,0,15.0,0,13.950,3
0x5688beeffc6f419cec37d9433bb7ad273384ad14,2026-05-27T03:00:35+00:00,2026-05-27T03:00:35+00:00,1,0,0,1.338714,0,1.319971999983858,1
0x568a1d75484c6600798441b0cd02a9ec419fc7b9,2026-06-03T18:13:10+00:00,2026-06-11T20:29:21+00:00,23,8000.00,8000.0,0,0,100.50000,23
0x568e41c30691a262031737479ccc44ce2498fc8b,2026-04-05T08:16:15+00:00,2026-04-05T08:20:41+00:00,2,0,0,24.63,24.63,45.8118,2
0x569330f780104bceeb4ce74593ea3c76f7b5a473,2026-04-18T01:33:32+00:00,2026-04-20T21:11:50+00:00,2,500.0,500.0,0,0,48.34585000,2
0x569e0f32fb1b365a673d0e0239c18ed18a79e666,2026-05-20T09:53:52+00:00,2026-05-26T05:58:07+00:00,2,111.11111,111.11,0,0,2.670030000644111,2
0x569fffa15a130de2000ecd36e53a1532f7195561,2026-01-30T07:54:38+00:00,2026-02-04T20:36:03+00:00,3,53.90,53.9,0,0,48.5100,3
0x56b0296ce42315a6d5e7ddfb034d941e4334cc02,2026-04-17T19:39:44+00:00,2026-04-17T19:39:44+00:00,1,100.0,0,0,0,5.000,1
0x56b45cf3eb03228b6f2b89872f38b83bd05e9966,2026-04-11T06:04:45+00:00,2026-04-13T15:12:37+00:00,2,333.33,333.33,0,0,39.9996,2
0x56b91e930c1d952cfaa3bd5a4b811079c036d2c7,2026-06-15T10:03:19+00:00,2026-06-15T10:03:19+00:00,1,500.0,0,0,0,2.0000,1
0x56bb0baaa03a04d2fa257f4055dbb2e6eb482cf9,2026-06-08T13:01:42+00:00,2026-06-14T06:14:51+00:00,4,0,0,48.042,48.04,95.706796,4
0x56bb9c49b7e681495ae034cd77db00c81745188f,2026-06-16T09:18:15+00:00,2026-06-16T09:18:15+00:00,1,0,0,78.0,0,77.6880,1
0x56beda78ae7499b562c4d77725bdadcbe60a88fe,2026-03-13T13:51:37+00:00,2026-03-24T15:13:49+00:00,41,7629.823903,0,0,0,979.9809831735038868,41
0x56c9fbdeccf198f1f5ad95ace39b24f5f7fb0d9e,2026-03-04T04:52:43+00:00,2026-03-05T01:13:57+00:00,14,0,0,1110.972811,1110.97,1565.184911952984488,14
0x56cf7aad9261aedab589391baa222cbaf35b0a4b,2026-05-29T03:54:59+00:00,2026-05-29T03:54:59+00:00,1,0,0,2.028357,0,1.999959999971643,1
0x56d2e9f6504d66fbabe07539cb28fa25fe6f70a3,2026-05-27T08:32:21+00:00,2026-06-03T15:01:48+00:00,4,118.75,118.75,5.71,5.71,15.00418,4
0x56e52096d6d0504cf520a0cd0f976544be2f02f0,2026-03-19T09:55:15+00:00,2026-06-05T12:15:22+00:00,2,3416.666665,0,0,0,39.9999979953333469,2
0x56ef332d9ae21185333229a6a06e1c5f59a86f4d,2026-05-12T21:53:53+00:00,2026-05-15T15:39:19+00:00,2,133.333333,133.33,0,0,3.1999689950000025,2
0x56f1f9023191501309aa58bef04dac56c59d485c,2026-04-13T07:58:09+00:00,2026-04-13T07:58:09+00:00,1,166.666665,0,0,0,9.9999990000000090,1
0x5701c2b55d4ee83e0b2444b8bf1800e1ca63e3b6,2026-05-27T14:00:55+00:00,2026-05-30T02:45:23+00:00,2,0,0,16.73,16.73,33.12540,2
0x572cf414b8f9cd696ccc69a76957d4695b7b4360,2026-04-03T14:27:21+00:00,2026-04-07T22:57:09+00:00,2,0,0,1.34736,1.34,2.4993920,2
0x57322c76fc996b836a66d096b66541b554edd4ae,2026-04-25T01:48:22+00:00,2026-04-29T09:46:56+00:00,4,0,0,220.0,219.995944,420.5261180003601264,4
0x573283b4e9086dbba67be733bf6a8e895561b57c,2026-06-17T15:41:22+00:00,2026-06-17T17:13:29+00:00,4,23333.333329,0,0,0,69.9999983203333335,4
0x5742da9d24d2a458479bcc3dc8aa0b35f3685e12,2026-02-09T17:50:37+00:00,2026-02-25T06:08:12+00:00,33,144.475765,144.467556,210.93,210.856922,353.9743629984551407,32
0x574f0a436ab32d86ab74f0eb898ae738eb85f90a,2026-05-04T02:12:08+00:00,2026-05-06T21:33:11+00:00,4,0,0,95.57,95.57,184.25777,4
0x574f6202cd18b2dba97cebc12f7be17e3e92a66f,2026-05-28T12:35:06+00:00,2026-05-28T12:35:06+00:00,1,0,0,2.487272,0,2.4599120000407296,1
0x57538ddca236f8e63522dbc89bab3ed02313d640,2026-05-28T17:06:09+00:00,2026-05-28T17:06:09+00:00,1,833.333333,0,0,0,9.9999989960000004,1
0x575f9fb0b758d52e93342def50d678e300fc5b78,2026-05-05T12:56:58+00:00,2026-06-10T03:17:34+00:00,3,238.461537,238.46,0,0,2.715379000461575,3
0x576293d049810a26f85ea7b53f190f3c95dde8b9,2026-05-07T19:34:52+00:00,2026-05-07T23:39:59+00:00,2,0,0,39.12,39.11,75.8831,2
0x5785f2e40386e261016364d7d2bcc7be93a9f668,2026-06-07T12:49:33+00:00,2026-06-07T12:49:33+00:00,1,166.666666,0,0,0,0.999998996000004,1
0x57888968dcff04e31991ed07e123fb059c6e37c9,2026-06-03T00:50:34+00:00,2026-06-17T18:00:41+00:00,4,0,0,384.6,384.6,767.2106,4
0x578d8dccb95f9f6f90ea0d86320f12cd8046297d,2026-06-16T06:35:03+00:00,2026-06-16T06:35:03+00:00,1,0,0,89.0,0,88.6440,1
0x579525f549fbde8edf88b34680eb58cd4fb030fa,2026-02-26T18:14:34+00:00,2026-04-20T10:33:12+00:00,7,0,0,224.898246,224.89,368.7550560007426991,7
0x57ad929f9cbcca4e8a44cb9b7c92273cbeaf2032,2026-03-30T04:16:18+00:00,2026-04-04T13:19:19+00:00,2,142.857141,142.85,0,0,17.1424989985714399,2
0x57b0b33153071d25a0dfa95c7c91f5f64aefc62e,2026-05-03T15:18:36+00:00,2026-05-03T15:18:36+00:00,1,27.027026,0,0,0,0.9999999998378364,1
0x57c3956017e392b6c262bc60bb95fe89d608d55f,2026-05-03T03:00:42+00:00,2026-05-03T09:02:52+00:00,2,0,0,50.77,50.77,97.78302,2
0x57c6a7264735e23c582bd7353c6bc6c5439fc023,2026-06-11T11:50:16+00:00,2026-06-11T11:50:16+00:00,1,0,0,1.002,0,0.999996,1
0x57db180bb3ae56718a5898d23dcbbfa3948b5283,2026-04-28T05:16:58+00:00,2026-04-28T06:22:40+00:00,2,0,0,124.61,124.61,240.12347,2
0x57ea9bf84f894d94ec575734dd39031cdbbdcc99,2026-03-30T15:01:13+00:00,2026-03-30T15:01:13+00:00,1,14.285713,0,0,0,0.9999990000000819,1
0x580a99479f35c7498e62a57b4a4a4a41682da236,2026-05-10T19:28:15+00:00,2026-05-17T15:08:40+00:00,2,2380.952380,0,0,0,29.9999989880000004,2
0x58202dc6b5939232813b99d867091959a3da7781,2026-06-08T05:25:42+00:00,2026-06-08T05:25:45+00:00,2,0,0,11.7586,11.75,23.3793070,2
0x58205958d4b8e447168864834877ba7884394874,2026-06-13T09:37:39+00:00,2026-06-13T10:24:28+00:00,3,0,0,20.8415,20.84,41.5772970,3
0x5822b9376e50d576ef85e62be0f53434816f8774,2026-06-07T12:13:24+00:00,2026-06-17T17:59:56+00:00,94,0,0,9050.18,6792.825044,15786.8069279998958836,91
0x5822ee817b15c98dd6aabcb3fbdb85910436367e,2026-05-11T19:53:54+00:00,2026-05-11T19:53:54+00:00,1,45.477727,0,0,0,1.0000000022216493,1
0x5824a746831f7c69403930ef76db143f570469a9,2026-04-28T20:30:30+00:00,2026-04-28T20:30:30+00:00,1,0,0,200.0,0,191.2000,1
0x582b549f7a8922062179291273178c3844ed1bb3,2026-05-09T04:17:11+00:00,2026-05-09T04:17:11+00:00,1,125.0,0,0,0,2.0000,1
0x583006ccf8eb061d0eab94d69ae3818468545e72,2026-06-15T04:55:07+00:00,2026-06-15T04:55:07+00:00,1,0,0,122.505,0,122.259990,1
0x583278d885a6df2e019269239edb084e4cdd6f77,2026-05-13T06:40:35+00:00,2026-06-05T03:53:21+00:00,3,0,0,200.0,100.0,296.5000,3
0x5838192d931f91d2e56893c634ad8861a49c367c,2026-02-19T10:21:04+00:00,2026-03-08T13:20:51+00:00,2,10.0,10.0,0,0,8.100,2
0x584c353818b133b66a5ed51a751c380615f4db39,2026-05-09T22:06:02+00:00,2026-05-10T14:07:53+00:00,2,2290.625,2290.62,0,0,75.590540,2
0x585ad28a94db249f67c23dcc2606b40c3f804306,2026-05-05T21:50:28+00:00,2026-05-05T21:50:28+00:00,1,172.413793,0,0,0,4.9999989970000006,1
0x58693f895957de62abc2a6fb05e5578a927d071d,2026-06-02T19:14:35+00:00,2026-06-02T19:14:35+00:00,1,100.0,0,0,0,1.000,1
0x5874b7978187a776e3977b1541a0db4c28d1421d,2026-02-06T14:33:27+00:00,2026-02-06T16:34:59+00:00,3,203.993694,0,0,0,110.1565950016206492,3
0x5879012c71908c09d9f754cdb5691f50abce0619,2026-06-06T19:03:09+00:00,2026-06-07T06:48:34+00:00,2,0,0,52.16,52.16,103.69408,2
0x5894e3f5bcf8b930b31fa1632aaa8779a35428fc,2026-06-17T15:44:07+00:00,2026-06-17T15:44:07+00:00,1,0,0,101.1,0,100.7967,1
0x589840ff513a0f30b50ce62be290336778288229,2026-06-15T18:17:19+00:00,2026-06-15T18:17:19+00:00,1,2500.0,0,0,0,10.0000,1
0x58a19b8b281c2c3fc80cea096d5c25bb3e62d654,2026-06-11T00:35:19+00:00,2026-06-11T00:35:19+00:00,1,1666.666666,0,0,0,4.9999989980000004,1
0x58a5e98a5264174cf4c76a1e7d9215fc56265f65,2026-06-16T07:53:58+00:00,2026-06-16T07:53:58+00:00,1,0,0,109.45775,0,109.01991900,1
0x58aa382fddb59b51202caec4372b08006340ff3c,2026-06-17T09:10:10+00:00,2026-06-17T09:10:10+00:00,1,0,0,92.67,0,92.39199,1
0x58ac1d1ff8121ab33046c651d305615284de7d0f,2026-05-27T02:58:29+00:00,2026-05-27T02:58:29+00:00,1,0,0,1.582142,0,1.5599919999757208,1
0x58acac5c0b1bdf4e852ab92fc9e7de3d2d6c27dd,2026-06-15T14:38:37+00:00,2026-06-15T14:39:18+00:00,2,50000.0,50000.0,0,0,350.0000,2
0x58ae7ee8a965d211fc784a04c95ecc9b00d33e8f,2026-06-12T16:59:21+00:00,2026-06-12T16:59:21+00:00,1,0,0,1.043128,0,1.0399980000329160,1
0x58b8132805795c2c4919ce2b32ab1ec1f70f3987,2026-02-28T10:57:59+00:00,2026-03-11T08:47:15+00:00,2,6.25,6.25,0,0,5.1250,2
0x58cccbd7af9315bbac576680f7338d315318cfb5,2026-06-11T11:57:36+00:00,2026-06-12T04:02:00+00:00,2,0,0,27.054,27.05,53.968742,2
0x58d1ce8e603d9ac69ba9dbbb4d9f3157806b5312,2026-04-06T06:30:29+00:00,2026-04-06T06:33:25+00:00,2,137.29,137.29,0,0,23.3393,2
0x58e1857ec79347c539e0b7fabd25089f8c1afca1,2026-04-27T13:16:58+00:00,2026-04-27T13:17:06+00:00,2,70.0,70.0,0,0,5.6700,2
0x58e3f9318e8be0cb303ef6f384c63f493b59eb5f,2026-05-12T10:00:46+00:00,2026-05-12T16:03:13+00:00,2,0,0,25.87,25.87,50.78281,2
0x58ecf55f0648841778d8a4beecacd26e37bc4d0f,2026-05-06T14:05:08+00:00,2026-05-08T13:00:33+00:00,2,7.0,7.0,0,0,0.4060,2
0x58f7a87f1c83a29bff7f12b572daa6ee060dc02d,2026-01-29T05:37:04+00:00,2026-01-29T05:37:04+00:00,1,17.85714,0,0,0,9.999998000000064,1
0x58fc74c0f0337f08e0599114a9d6be2b5e307b99,2026-05-13T21:55:44+00:00,2026-05-13T21:55:50+00:00,2,153.846150,0,0,0,1.9999979961538950,2
0x5900535f7dcd1d3ffe46e6b34b34e8681cfcecc8,2026-03-26T05:57:51+00:00,2026-03-28T23:37:26+00:00,4,164.165862,164.16,0,0,22.9828690000161538,4
0x590c32f05b7c0c2c207012f1a6cdf0ae4476e205,2026-05-14T06:45:40+00:00,2026-06-05T11:50:21+00:00,3,0,0,200.0,100.0,296.7000,3
0x5918dc716df1e2da25d43e6a7d40df13c09aea73,2026-02-03T12:41:10+00:00,2026-02-03T12:41:10+00:00,1,10.869564,0,0,0,4.9999989997826580,1
0x5922bedba122e18efe7ef6890fcf32f54a8bcb63,2026-03-31T11:24:05+00:00,2026-03-31T13:01:07+00:00,2,0,0,5.0,5.0,9.450,2
0x59257c859652041f695d111deb5c0ddc04d8eb46,2026-05-04T18:58:20+00:00,2026-05-04T18:58:20+00:00,1,83.333333,0,0,0,1.9999990003333373,1
0x592da67bae01c5b67325187d67e68e2b808debc6,2026-05-15T13:10:10+00:00,2026-06-13T18:25:19+00:00,4,4731.818179,0,0,0,15.6499979951818191,4
0x59324d1de6b8bcdcfb66606a86fe7483ff809433,2026-05-01T16:12:38+00:00,2026-05-01T16:12:38+00:00,1,11765.466175,0,0,0,399.9999988677202900,1
0x59445423687e28a08c8e24aeddcc51f9a72fc408,2026-04-13T11:56:29+00:00,2026-05-06T09:45:40+00:00,3,73.993144,0,0,0,3.3099969999755452,3
0x59566349d3a542bf0ea715e1295d7d1658d309ce,2026-06-14T13:48:33+00:00,2026-06-14T18:38:18+00:00,2,0,0,17.034,17.03,33.978842,2
0x595d573ac40710718e66dec08a0a4086c4e12c51,2026-04-25T13:03:48+00:00,2026-04-25T13:03:48+00:00,1,20.0,0,0,0,1.000,1
0x5968454ab9fa39745d5d4adf78f23b80ebe53fc4,2026-04-13T09:21:17+00:00,2026-04-18T18:51:22+00:00,15,179.14208,179.133332,0,0,18.2771029996000780,13
0x59784bdfb65655b3d106b4321e70e4045ceb4ada,2026-06-17T04:09:37+00:00,2026-06-17T04:09:37+00:00,1,0,0,78.0,0,77.8440,1
0x597c5e61d9da7f81b4d11969fc406554c48890e5,2026-05-13T05:40:19+00:00,2026-06-04T14:44:06+00:00,3,0,0,200.0,100.0,296.5000,3
0x597f1a30c93298c3f26b6f3fab92746b2f74702c,2026-06-15T06:56:13+00:00,2026-06-17T05:09:53+00:00,4,2099.999998,0,0,0,6.299997994000002,4
0x5982515aa56001cf85793da39a3a5f9f1a31519c,2026-06-08T07:25:43+00:00,2026-06-08T07:25:48+00:00,2,0,0,13.9194,13.91,27.6763430,2
0x5986b1c9a27c78e6fcc7f5340329072b477a0f25,2026-04-12T16:15:15+00:00,2026-04-12T16:15:15+00:00,1,71.42857,0,0,0,4.999999000000018,1
0x598b4ea01bc98e03556af278bdda70b30ea80754,2026-06-16T04:09:36+00:00,2026-06-16T04:25:03+00:00,4,0,0,2.008,2.0,3.989968,4
0x598f515665fe2ecb09da78617aa74bf7f713c5ba,2026-02-28T15:32:45+00:00,2026-03-16T18:03:53+00:00,2,144.75,144.75,0,0,118.42499999625,2
0x599258d383ede677f423c999bbcf2bc6414099e4,2026-06-11T17:18:09+00:00,2026-06-11T17:18:09+00:00,1,1666.666666,0,0,0,4.9999989980000004,1
0x59929214de9f7c30528df67e7dc11fd07f19e670,2026-05-08T11:33:55+00:00,2026-05-08T16:36:31+00:00,2,0,0,64.59,64.59,126.27345,2
0x5996c9784eeb57c1dabc3386a5e761b8419b979b,2026-03-10T10:17:21+00:00,2026-03-11T01:47:07+00:00,2,5.263156,5.26,0,0,3.8409990000001008,2
0x599f45b43468b7161acf3aafee8fa62a8ac3261a,2026-05-18T10:21:32+00:00,2026-05-18T10:21:32+00:00,1,333.333332,0,0,0,3.999999984,1
0x59a0ec34c50d3e551bac41c719b5481038e871b8,2026-06-16T09:00:39+00:00,2026-06-17T18:00:41+00:00,2,0,0,395.79,395.79,789.60105,2
0x59a910337253cefc8e23f0809cd2dafeae57ce4d,2026-06-11T17:54:03+00:00,2026-06-11T17:54:03+00:00,1,0,0,1.002,0,0.999996,1
0x59b84f3938b35337f32bf779ad1d337077e92e18,2026-04-25T10:35:22+00:00,2026-06-07T11:10:54+00:00,10,14791.801592,8191.8,0,0,221.5102254227188164,10
0x59c2348d91f641b7a1f848a9b86d0e1177437c74,2026-05-09T07:30:41+00:00,2026-05-09T10:05:40+00:00,2,0,0,15.243901,15.24,29.9961580001585917,2
0x59d0bc7467f07f4b39069527998245ea298ca4f0,2026-06-08T15:08:48+00:00,2026-06-08T15:08:48+00:00,1,800.0,0,0,0,4.0000,1
0x59d577f2a97d134f6863b90c57b2577c98dae993,2026-04-22T09:23:04+00:00,2026-04-22T13:04:06+00:00,2,20.408162,20.4,0,0,1.917998999224548,2
0x59d883fe83c528cc7ea2909827503f610b7219b6,2026-05-06T15:30:22+00:00,2026-05-06T19:30:30+00:00,2,0,0,21.58,21.57,41.61817,2
0x59e923ca44513de41d8d33f1f609bb03143975e8,2026-06-15T23:33:54+00:00,2026-06-15T23:33:54+00:00,1,4967.5,0,0,0,19.8700,1
0x59f773feee90d53086306722716fc3742c872b21,2026-05-04T23:39:50+00:00,2026-05-05T04:44:28+00:00,2,0,0,67.05,67.05,130.902609996810,2
0x59fee6ccaca4793228f09c83868df3442a8714fd,2026-03-03T09:10:55+00:00,2026-05-06T07:13:32+00:00,31,55.77,0,85.0,29.0,99.3536,30
0x5a183bfd237de9fc2d2c4d5e3d67f8b87d81e0a3,2026-05-22T06:41:45+00:00,2026-05-22T06:41:59+00:00,2,0,0,40.3225,40.32,79.9570400,2
0x5a1c1697c0d1756616faa712416e9d459e0f49c1,2026-05-17T09:53:02+00:00,2026-05-17T09:53:02+00:00,1,1000.0,0,0,0,7.0000,1
0x5a1df0546225c6ecca67c2c2eaae9dc221a8c5ba,2026-05-05T02:50:52+00:00,2026-05-05T02:50:52+00:00,1,1050.0,0,0,0,25.2000,1
0x5a218c7ad04135830a45c41aaed7294df7809318,2026-04-24T01:45:20+00:00,2026-05-29T01:25:39+00:00,69,0,0,3396.656978,0,3300.1410330128133104,69
0x5a223fc05523ca07952fe28d03c33a0a93acdb8d,2026-05-13T17:28:38+00:00,2026-05-13T17:28:38+00:00,1,76.923075,0,0,0,0.9999989980769475,1
0x5a245369d77324c248e773096448b44d976c90ee,2026-06-14T22:23:49+00:00,2026-06-16T03:14:31+00:00,2,0,0,105.41,105.41,210.08213,2
0x5a26e13a1b20ae161f4842fb89ab251bc236cae8,2026-06-16T12:14:19+00:00,2026-06-16T12:14:19+00:00,1,200.0,0,0,0,1.0000,1
0x5a280f2d8b3c514f32f14e4dad2fec9d0ed2c803,2026-02-23T04:56:02+00:00,2026-04-07T01:35:41+00:00,3,264.945651,264.94,0,0,121.1951990034782658,3
0x5a71742d2747b2835bb215e096eacb2fd54fc7f0,2026-05-26T14:59:19+00:00,2026-05-26T14:59:19+00:00,1,58.823529,0,0,0,0.9999989988823599,1
0x5a809172b54e5bf6d5d42913eb7ca62bc865b986,2026-06-08T03:19:27+00:00,2026-06-08T04:59:15+00:00,3,0,0,28.6732,28.67,57.0278140,3
0x5a87cc92f4b9bc2b238c4c87b8c9bfd6df11b23c,2026-06-02T21:22:15+00:00,2026-06-02T21:22:15+00:00,1,500.0,0,0,0,5.000,1
0x5a892cefe9c01ed049d8e5193136abaf5808c186,2026-04-30T01:06:36+00:00,2026-06-16T18:07:49+00:00,1667,0,0,23288.725,23288.702160,46193.6629039997963459,1666
0x5a8951687d8f8fa5bc1d856017dd88253abab1c2,2026-05-20T15:47:25+00:00,2026-05-20T15:47:25+00:00,1,1666.666666,0,0,0,19.999999992,1
0x5a9cb343543812a6a0a958bc4868c38aaa4b4490,2026-06-16T17:10:47+00:00,2026-06-16T17:10:47+00:00,1,333.333333,0,0,0,0.999998999000001,1
0x5ab676dbd8bb2dfcb7478ee13618b505babe6eec,2026-04-29T21:14:04+00:00,2026-04-29T21:14:04+00:00,1,8000.0,0,0,0,272.0000,1
0x5aba12fa2a8680356d12c0c7b148b41d5c64a3a4,2026-06-15T04:43:57+00:00,2026-06-15T17:24:07+00:00,2,1866.666666,0,0,0,5.9999989980000004,2
0x5ac62ed12c9c18892ef2839141a80659d0fdca2d,2026-06-06T06:24:51+00:00,2026-06-16T08:52:18+00:00,3,32857.142855,0,0,0,209.9999988421428572,3
0x5ac6a47e5cec3139781051e917a44d512507a9c2,2026-02-16T15:55:15+00:00,2026-02-21T13:09:38+00:00,2,9.469055,9.46,0,0,9.067799000042005,2
0x5ac80fa35b756aa78fe23d67d1751333c91595c7,2026-06-11T07:52:54+00:00,2026-06-11T07:52:54+00:00,1,2470.0,0,0,0,7.4100,1
0x5ac99d7d8023f6b7f10f8b40a087149e3aa9b12d,2026-04-05T12:51:51+00:00,2026-05-01T05:48:50+00:00,2,437.229434,0,0,0,24.9999979897402746,2
0x5ada7f95a1d1c1ba98ec310de003e8bdc0117363,2026-06-13T17:06:25+00:00,2026-06-14T04:35:04+00:00,2,0,0,50.75,50.75,101.19550,2
0x5aec01932a51836bc151b5aa515ccea15a7d904b,2026-03-25T21:57:21+00:00,2026-04-24T19:37:06+00:00,150,0,0,11903.09,0,11286.171879999208,149
0x5af9165a87fb112a78967eb1d0a0283ed1f2b199,2026-06-07T16:29:10+00:00,2026-06-08T02:52:13+00:00,2,0,0,22.1104,22.11,43.9771880,2
0x5afba739333776724d4f4b3f3f05e501e2cc92ed,2026-06-15T16:50:18+00:00,2026-06-15T16:50:18+00:00,1,0,50.0,0,0,0.2000,1
0x5b070b2183dfc63f00bdc6f5d3fe59fe6d77499e,2026-06-17T05:23:50+00:00,2026-06-17T05:23:50+00:00,1,0,0,30.88,0,30.84912,1
0x5b0db8782ed5480b0036027494ab22dda5931640,2026-06-04T13:30:40+00:00,2026-06-04T13:30:40+00:00,1,0,0,100.0,0,99.3000,1
0x5b10e5c23f9da1f3c39933289ca977e8ec4a5faa,2026-06-11T08:22:55+00:00,2026-06-11T08:22:55+00:00,1,0,0,1.022,0,1.019956,1
0x5b11004049305cb61e64af0f46914fa61699d87e,2026-05-06T13:30:02+00:00,2026-05-06T18:32:56+00:00,2,0,0,29.62,29.62,57.07774,2
0x5b17ad81c843573b825e004fa911d27b255e6f98,2026-06-12T12:24:18+00:00,2026-06-12T14:03:42+00:00,2,0,0,103.106,103.1,205.690488,2
0x5b49659eaf096ff1ca1d032c97c9bf664e7c499e,2026-06-12T14:45:55+00:00,2026-06-12T14:45:55+00:00,1,0,0,1.022,0,1.019956,1
0x5b4c06c83bbc5beec9ecc70146610ffe90bced21,2026-05-07T16:19:37+00:00,2026-05-07T22:22:27+00:00,2,0,0,43.7,43.7,84.8217,2
0x5b5b23755c3fb39467e25bbd1e902c08b6447967,2026-06-17T15:02:44+00:00,2026-06-17T15:02:44+00:00,1,333.333332,0,0,0,0.999999996,1
0x5b62382cf2d592e9976ec13eed2493bbc9c7b8c9,2026-05-05T15:43:08+00:00,2026-05-05T15:43:08+00:00,1,34.482757,0,0,0,0.9999990012759068,1
0x5b6331e7ff0831a3fe2ed12004747db1a9c911a4,2026-03-03T05:56:05+00:00,2026-06-17T06:35:55+00:00,130,257232.076104,62230.33,172.983332,172.0,4287.2638320811749968,130
0x5b72cb652605bd55d072544c5a4ab3ef79543af4,2026-05-25T08:22:25+00:00,2026-05-25T08:23:25+00:00,2,90.91,90.91,0,0,1.90911,2
0x5b7a483e3179f4f7d66f925ce67a8404f90648d6,2026-05-15T14:22:56+00:00,2026-05-15T14:22:56+00:00,1,100.0,0,0,0,1.000,1
0x5b7db0afd96e2238d23b4ec46190d3d8a2908a55,2026-05-06T01:15:00+00:00,2026-05-06T01:15:00+00:00,1,344.827586,0,0,0,9.9999989940000006,1
0x5b8632a2e0f21a8a0dbd82b89056ddb8cf45713b,2026-05-27T03:00:35+00:00,2026-05-27T03:00:35+00:00,1,0,0,2.028357,0,1.999959999971643,1
0x5b8a6f873316ea6b48ae5df6d51ab301f582e67c,2026-06-15T04:27:58+00:00,2026-06-16T01:01:48+00:00,3,933.333333,0,0,0,3.999998999000001,3
0x5b8eacab8751287d63becf8e01298cbbb2212d77,2026-04-22T05:06:52+00:00,2026-05-04T11:10:16+00:00,7,180.0,180.0,0,0,14.0360,7
0x5ba29ee8bd368cc7d99caaf21363b8d2ef048129,2026-05-15T03:38:23+00:00,2026-06-05T16:34:33+00:00,3,0,0,200.0,100.0,296.6000,3
0x5ba5d5e48b730f99e7d659be0bc51e303af966b4,2026-05-18T03:24:17+00:00,2026-05-18T03:24:17+00:00,1,0,0,5.060727,0,4.9999980001903785,1
0x5ba5e317939a99334a0e32151a4a3e0fdbf1f246,2026-06-07T19:46:49+00:00,2026-06-07T19:51:28+00:00,4,0,0,21.7888,21.78,43.3291760,4
0x5bb44d0d51c6a04b8e292ed163936d491bda692a,2026-03-17T10:37:55+00:00,2026-03-17T18:25:49+00:00,5,96.78,96.78,0,0,57.1002,5
0x5bbf4e3139938c8b54d18342772c8c429d303439,2026-05-13T02:17:31+00:00,2026-05-13T02:17:31+00:00,1,200.0,0,0,0,3.0000,1
0x5bca5aa4124adafe67cbf31c46b128da28e76ce3,2026-04-01T13:01:17+00:00,2026-04-01T13:01:17+00:00,1,14.285713,0,0,0,0.9999990000000819,1
0x5bcc376344db880e2eff96c088486c2ecd5e0694,2026-03-09T08:19:09+00:00,2026-03-22T22:22:19+00:00,2,31.0,31.0,0,0,12.710,2
0x5bcd012df905647463ab8e21b4f13a60cf07fa31,2026-06-17T17:28:37+00:00,2026-06-17T17:29:16+00:00,3,0,0,1999.986664,0,1993.9867060064099824,3
0x5bd269cff4bc94007203aa0985c4406ebb8d8cf5,2026-06-17T13:03:14+00:00,2026-06-17T13:03:14+00:00,1,3666.666665,0,0,0,10.999999995,1
0x5be2fef0ead625122e00ed627b23ea85d204ecdf,2026-06-16T03:44:33+00:00,2026-06-16T03:44:33+00:00,1,0,0,74.347388,0,74.049998001915672,1
0x5beacb3467cc06be8be80bb6832937ee443c0544,2026-05-01T21:13:54+00:00,2026-05-18T13:44:53+00:00,2,0,0,20.833325,20.83,40.62169200,2
0x5bec99dc89136be66d68eb94bc700279ffe84ae2,2026-04-28T05:16:58+00:00,2026-04-28T06:22:40+00:00,2,0,0,124.61,124.61,240.12347,2
0x5bed76642ffcc218d97934d98c5c1d96ecf26bc1,2026-05-17T20:32:11+00:00,2026-05-18T10:41:05+00:00,3,0,0,95.35,95.35,188.60230,3
0x5bfd539dec37a7a9ffee9cb140817877104edb32,2026-03-18T21:11:51+00:00,2026-03-18T21:14:53+00:00,17,422.841017,422.84,0,0,159.7680240046060955,17
0x5c02b9d4df63b673776e9bb82ffd5aec791399ca,2026-06-17T09:10:10+00:00,2026-06-17T09:10:10+00:00,1,0,0,52.95,0,52.79115,1
0x5c0af092b533934008144d223d704b4cbebfa2c3,2026-05-15T14:19:05+00:00,2026-05-15T16:17:40+00:00,2,100.0,100.0,0,0,1.9000,2
0x5c0b46ed3630e3fdf91da446e3e89ec6d502c928,2026-06-09T17:47:03+00:00,2026-06-11T13:10:25+00:00,2,0,0,60.0,60.0,119.5800,2
0x5c0b9ee4a45a9fcaa5490f395e47385fe3944d31,2026-03-03T08:42:33+00:00,2026-03-10T18:54:21+00:00,17,2.702701,2.48,15.308813,15.28,21.6321860000017263,17
0x5c112aebbe70cc019c51f5b8455bab518ac2873f,2026-06-01T02:18:31+00:00,2026-06-02T02:24:42+00:00,2,0,0,880.66,880.66,1745.46812,2
0x5c246d251780b5e3ce2fa93d33d07a7fe95e85bb,2026-04-29T08:50:34+00:00,2026-04-29T19:27:46+00:00,2,3144.444443,0,0,0,140.9999980616667051,2
0x5c30fe718d49f3afd34771a357fcf27124629c2c,2026-05-25T12:44:54+00:00,2026-06-06T16:13:34+00:00,57,197.324529,197.32,0,0,4.2976969999173986,25
0x5c3a543de31006077836b7210e6863afe6601632,2026-06-11T12:35:34+00:00,2026-06-12T09:37:57+00:00,2,0,0,6.012,6.01,11.991946,2
0x5c3ffa38bbecb0046ee48577cb3dd386b33c558e,2026-05-18T13:16:01+00:00,2026-05-24T19:55:33+00:00,2,1001.725150,0,0,0,10.9999990325160236,2
0x5c56e85f00dfa82ce2f012dd55aba063403587ac,2026-03-05T14:44:55+00:00,2026-03-18T18:27:21+00:00,2,0,0,20.0,20.0,28.600,2
0x5c610ac9277bfe14af738d21d2ee256b8792fce1,2026-05-04T15:30:42+00:00,2026-05-05T08:46:08+00:00,2,450.0,450.0,0,0,23.8500,2
0x5c6275c2c08b993823b06721c5a85c362e2ea497,2026-06-11T09:48:33+00:00,2026-06-11T09:48:33+00:00,1,0,0,1.002,0,0.999996,1
0x5c6cc2289f4d85a77958b5a7ab63e9a4a16c998f,2026-05-26T07:07:48+00:00,2026-05-28T09:15:08+00:00,5,200.0,0,327.87,0,325.87982,5
0x5c7086565959d6e4a09dc685061de9d86fa8b830,2026-06-10T19:19:37+00:00,2026-06-10T19:19:37+00:00,1,0,0,1.002,0,0.999996,1
0x5c7280c8cee0c5542792c8b59bf0e48bfd8f681d,2026-05-23T02:27:35+00:00,2026-05-23T02:27:35+00:00,1,140.0,0,0,0,1.400,1
0x5c7ae9d70bcee044792a656173d085e27da01a97,2026-05-08T08:04:30+00:00,2026-06-01T15:14:21+00:00,48,0,0,8286.72,8286.71,16392.89632,48
0x5c7bd15c159659f5d39ad30d089f7f6d0dc5d463,2026-05-04T15:40:50+00:00,2026-06-06T19:20:58+00:00,4,810.0,810.00,0,0,29.96976,4
0x5c81f1d6291d216294f7b74c0c4c7d08c91c0ee2,2026-05-01T10:53:08+00:00,2026-05-01T16:59:46+00:00,2,0,0,17.29,17.29,33.42157,2
0x5c8cb148f2c3a4d3bf29b37d880ecf8426ec56ba,2026-06-14T22:23:49+00:00,2026-06-15T12:38:25+00:00,2,0,0,99.79,99.79,198.88147,2
0x5c8d4bb2ea46817eeb547d2a46d12c07ac4bf56c,2026-06-14T09:03:07+00:00,2026-06-14T09:03:07+00:00,1,0,0,1.002,0,0.999996,1
0x5c941a66b53062556b29bae01ce09f4837bf6261,2026-05-30T22:15:57+00:00,2026-05-30T22:15:57+00:00,1,90.909089,0,0,0,0.9999989971818388,1
0x5c96b9078beadf1f26c798f0513e1d33ba136577,2026-04-30T08:42:04+00:00,2026-04-30T08:42:04+00:00,1,1150.0,0,0,0,28.7500,1
0x5ca236f4b4a51730502b0a1be637372592888d6b,2026-05-15T09:37:06+00:00,2026-06-06T03:10:25+00:00,3,0,0,200.0,100.0,296.7000,3
0x5ca5ec813835de9051cd9adf86eeb3f7bb34ebce,2026-05-03T17:04:36+00:00,2026-05-03T23:06:58+00:00,2,0,0,42.95,42.95,82.76465,2
0x5cae29fc2427904add54f99284febcd055e534a2,2026-05-13T08:46:17+00:00,2026-06-05T06:47:06+00:00,3,0,0,200.0,100.0,296.6000,3
0x5cbd795df9f26c386c098a5cdf7be691118020a4,2026-06-03T16:18:40+00:00,2026-06-06T19:49:30+00:00,2,555.555555,555.55,0,0,7.7777489950000010,2
0x5cc01d551ec2167191201381565861602bbf4bb6,2026-06-14T21:37:03+00:00,2026-06-14T21:37:03+00:00,1,0,0,109.9395,0,109.7196210,1
0x5cceab57c73c43d769ac42d57ae05dd47236733e,2026-04-11T06:44:41+00:00,2026-04-12T12:01:35+00:00,4,157.142856,157.14,10.752685,10.75,40.4258959923195301,4
0x5ccfd6a813da36425564cbdd3ae4fcaf9fa51188,2026-04-05T18:56:47+00:00,2026-05-22T13:57:54+00:00,6,3650.440471,0,0,0,59.9999969941702815,6
0x5cd4e34a8dee36b8f7ed7b312526153f8b180568,2026-03-31T06:55:31+00:00,2026-04-29T20:13:04+00:00,2,200.0,200.0,0,0,18.4000,2
0x5cd5c8d7a17c78d7389d8b87b611aed83322ac33,2026-02-12T13:06:13+00:00,2026-03-21T01:26:13+00:00,11,231.943772,231.0,0,0,131.0135729990094300,11
0x5cdd3894568e7f5577d553afca3c76cf451b099f,2026-01-30T00:34:40+00:00,2026-02-20T16:20:02+00:00,2,18.181817,18.18,0,0,18.2327989985729319,2
0x5ce613d41433aa7bf1e1f9209de325127d6ade1f,2026-02-20T08:24:26+00:00,2026-02-21T05:14:36+00:00,2,0,0,4.725489,4.72,5.0059990001471575,2
0x5ceb897c9ab70bb2111b29d835547ad65a2a2b9f,2026-05-10T17:41:06+00:00,2026-05-10T17:43:40+00:00,2,0,0,21.94,21.94,43.0024,2
0x5ceedc79d0bb4534a44f2ab2eb9d622e41c022ff,2026-03-18T14:02:07+00:00,2026-05-03T13:12:38+00:00,8,1441.607707,1441.6,0,0,326.0693989642133782,8
0x5cf5a397519f06ba0a466eb76b6f0c65e7e77f12,2026-06-05T13:33:00+00:00,2026-06-05T14:29:09+00:00,2,99999.73,0,0,0,640.198329454738,2
0x5cfffda08ea9e2f3b58310f797069cb24fb22da1,2026-06-09T21:19:42+00:00,2026-06-10T22:46:21+00:00,2,0,0,11.033,11.03,21.996811,2
0x5d12645232e1bf9970652f85fe46671d22a32729,2026-05-10T02:27:48+00:00,2026-05-10T07:09:31+00:00,5,0,0,176.00,176.00,346.19200,5
0x5d1c64d45ebf9f594d25a129fea3ebf4e6dcf1c8,2026-06-07T16:47:45+00:00,2026-06-07T16:47:45+00:00,1,0,0,1.015,0,1.009925,1
0x5d1e992b849d7ad1df6cc7c8e354211e2ae71434,2026-06-13T11:52:58+00:00,2026-06-13T11:52:58+00:00,1,376.666666,0,0,0,1.1299990186666684,1
0x5d228e42cb085ad6b6fd4aa201fa23793f1d2146,2026-06-17T11:27:34+00:00,2026-06-17T11:27:56+00:00,2,0,0,1002.004,1002.0,1998.993992,2
0x5d263134f120af0a14475200fb835fdac14f102b,2026-05-14T01:10:47+00:00,2026-05-14T01:10:47+00:00,1,142.857141,0,0,0,1.9999990025714412,1
0x5d2e0736fb39feace0ddf66f9cff7fa3ad1d2581,2026-05-12T14:17:47+00:00,2026-05-12T14:17:47+00:00,1,66.666665,0,0,0,0.9999990016666910,1
0x5d340a5bf4d7dc0bc0aa4f52d2d974e84b1ede83,2026-05-11T01:52:51+00:00,2026-06-17T18:00:41+00:00,66,0,0,854.16,854.16,1690.75209,63
0x5d49d539a83e2f80653c8efa6b91fb34b739d70c,2026-05-06T12:19:42+00:00,2026-05-06T12:19:46+00:00,2,0,0,10.373442,10.37,19.9863079998257430,2
0x5d4e39a97022cfba502f783df0187eedc9d01b51,2026-05-06T13:57:26+00:00,2026-05-06T13:57:26+00:00,1,1323.0,0,0,0,50.2740,1
0x5d52338be9a054770aa94e54dd78bad9d53d9fd8,2026-06-08T17:49:21+00:00,2026-06-17T10:17:10+00:00,3,333.333333,0,33.8875,0,34.799643999000001,3
0x5d668288e880589784ecfa69ed77733c3d309fa3,2026-04-27T04:44:02+00:00,2026-05-19T05:30:14+00:00,2,147.727271,0,0,0,1.9999989990000703,2
0x5d724d335ec72a0768048b74eeb40c3987b2f3bb,2026-05-13T02:25:01+00:00,2026-06-03T06:54:32+00:00,3,0,0,177.959053,89.24,264.0797639990750572,3
0x5d75b0d4dee43c07205b66d30ba43a92ae8cce91,2026-05-05T15:51:26+00:00,2026-05-09T07:32:22+00:00,10,9929.980368,9929.98,0,0,553.1371848857540560,10
0x5d7b06d38363c76d5b8d0641883cb077e51c8c38,2026-06-17T15:44:07+00:00,2026-06-17T15:44:07+00:00,1,0,0,87.36,0,87.09792,1
0x5d7e0a804d4baee95600c2ba9458b44e5d8fb4b0,2026-06-15T18:54:37+00:00,2026-06-17T20:00:37+00:00,2,0,0,1454.363,1454.36,2902.905551,2
0x5d89bbf5314113d3462944b77fdd8cde91a4f157,2026-03-18T00:14:13+00:00,2026-03-18T21:14:51+00:00,2,0,0,7.04,7.04,10.8416,2
0x5dafb8c947c8a3ab14b0485ee3a37faccafe7ded,2026-05-13T02:25:19+00:00,2026-06-03T07:00:25+00:00,3,0,0,173.914571,87.22,258.0860679972778929,3
0x5db29494bf1083fde5bdc279c32192d40b82ab4e,2026-05-28T09:51:20+00:00,2026-06-13T20:00:12+00:00,2,153.846152,153.84,0,0,2.3076790067692424,2
0x5db5b9ab664ff73b7bcef7be3fe2fb39e5d0abf1,2026-04-18T09:02:54+00:00,2026-04-18T09:02:54+00:00,1,100.0,0,0,0,5.000,1
0x5dc2de45ec4488296ef9f6519dd62881f20f9b98,2026-06-01T19:34:45+00:00,2026-06-01T19:34:45+00:00,1,111.111111,0,0,0,0.999998999000001,1
0x5dc978a47d28f2dcdc2b2c8ffc4e3d4e343b1d9e,2026-05-07T16:37:14+00:00,2026-05-29T14:42:47+00:00,2,1052.853224,1052.85,0,0,42.1293289767620632,2
0x5dcafbf8eeb883b164dc43ce5a1364233afe35c0,2026-04-15T11:45:18+00:00,2026-04-19T20:37:44+00:00,3,0,0,30.14,30.14,57.5674,3
0x5dd8109e8bd5aa80e074b6c884a9eb102b966d32,2026-06-16T10:23:12+00:00,2026-06-16T22:10:26+00:00,2,0,0,55.57,55.57,110.69544,2
0x5de97d11d864ab13a744539da6e341f42b9c1758,2026-06-14T15:38:19+00:00,2026-06-14T15:38:19+00:00,1,0,0,172.3445,0,171.9998110,1
0x5dee649775d456c66e199b55b042631f31612f43,2026-06-09T16:11:24+00:00,2026-06-11T19:28:43+00:00,2,0,0,11.0,11.0,21.9120,2
0x5df6236f8b0e820cfbd7996a6e427e7c07b3cf87,2026-06-07T09:45:34+00:00,2026-06-07T09:45:34+00:00,1,0,0,30.0,0,29.8800,1
0x5e01157a4ad584b9a1df8cf3a92d7c71c93b0d21,2026-06-15T12:16:01+00:00,2026-06-15T12:16:01+00:00,1,1250.0,0,0,0,5.0000,1
0x5e01d2d7989686659712d66f63118fcb93cffb3e,2026-06-11T18:38:57+00:00,2026-06-11T18:38:57+00:00,1,0,0,1.002,0,0.999996,1
0x5e040a09b01671be88a71add482c8c824402864c,2026-05-14T21:32:34+00:00,2026-06-16T18:26:23+00:00,1095,0,0,13920.611427,13920.608323,27666.1087599982328209,1095
0x5e1ce10d7353fdcc0085553d4e49ec099e835841,2026-04-30T12:55:14+00:00,2026-04-30T12:55:14+00:00,1,35.714284,0,0,0,0.9999989984286172,1
0x5e2a5ebc94e2b03483391b3eee27fe19b8e4abc7,2026-05-12T01:35:41+00:00,2026-05-12T01:35:41+00:00,1,90.909089,0,0,0,1.9999990034545655,1
0x5e2c5ee8fe7c3c1a3689538c6859af5e2802a680,2026-06-02T06:10:00+00:00,2026-06-11T15:04:48+00:00,2,0,0,270.0,270.0,537.3000,2
0x5e30482081263340bc128c3569c130ca40242d76,2026-05-16T01:50:16+00:00,2026-05-16T01:50:16+00:00,1,0,0,5.12,0,5.07392,1
0x5e3e51633496d0cf5c3b594e8d11a7a2114fa409,2026-05-02T15:24:28+00:00,2026-05-03T03:44:36+00:00,2,25.0,23.5,0,0,1.8695,2
0x5e4612532fa2f5b72c7f77f1b51b7e04eb4fd88a,2026-04-05T08:16:15+00:00,2026-04-05T08:21:27+00:00,2,0,0,16.78,16.78,31.2108,2
0x5e622ec108a3b75803880ea08abac74262c7dcc7,2026-03-04T04:57:19+00:00,2026-06-08T08:34:51+00:00,2,127.340625,127.34,0,0,40.6367000040221875,2
0x5e6451a9afc26e56f61839af472621a3ce1b673b,2026-05-18T05:16:03+00:00,2026-05-18T05:16:03+00:00,1,642.857141,0,0,0,8.9999990097142885,1
0x5e65b106d311085647028979e9ca9d5f297975d0,2026-04-18T06:08:12+00:00,2026-04-21T04:40:06+00:00,2,20.0,20.0,0,0,1.9400,2
0x5e6a074e47248aa07d5223e25d776aef44eb80a4,2026-06-17T08:57:52+00:00,2026-06-17T08:57:52+00:00,1,1666.666666,0,0,0,4.9999989980000004,1
0x5e6d4067e7f602eaef0e840fcacd3cad041ba2a1,2026-05-16T13:36:12+00:00,2026-05-26T16:02:34+00:00,4,5625.0,5625.00,0,0,134.884000108634,4
0x5e6d734c375993fbc137a8ca60e257723a4518d9,2026-05-23T06:53:49+00:00,2026-05-23T06:53:49+00:00,1,555.555555,0,0,0,4.9999989950000010,1
0x5e717d49744bef6dcd1b7764d07c2934a1e4ba82,2026-06-16T17:17:20+00:00,2026-06-17T17:43:22+00:00,136,2448371.1930,0,0,0,4896.7423860,124
0x5e74f39b542c3bfabbc7d9c4d5107dca6f22ce72,2026-05-23T09:09:16+00:00,2026-05-29T14:29:44+00:00,2,0,0,352.0,352.0,698.0160,2
0x5e755b22fecd0959e54b8be8b7c55f98ffe8db98,2026-05-11T16:09:33+00:00,2026-05-12T01:53:58+00:00,4,130.0,130.0,0,0,5.170000,4
0x5e83c9db1593a9113fffa791797cf9655b383bb7,2026-05-16T12:47:27+00:00,2026-05-20T18:01:30+00:00,2,433.75,0,0,0,3.98999999800,2
0x5e8efc5865d34192e925b7d68de8e89d5fd543e5,2026-05-08T03:11:25+00:00,2026-05-08T03:11:25+00:00,1,0,0,5.144031,0,4.9999979997984033,1
0x5e8f18dc0e9428d7a218063b462bec735cda3179,2026-05-01T05:14:52+00:00,2026-05-01T05:14:52+00:00,1,2857.142857,0,0,0,99.9999991378571429,1
0x5e939ecaea8637ede4526548910e32293197ed7b,2026-05-24T12:40:20+00:00,2026-05-24T12:41:56+00:00,2,90.909089,90.9,0,0,1.8190590011718388,2
0x5e97cd3654e111c0a886403df08d7776b5cd1b4c,2026-05-01T17:45:44+00:00,2026-05-01T22:56:20+00:00,2,0,0,56.31,56.31,108.1152,2
0x5e9a40777110847592914116970b4bd004cf5055,2026-05-29T01:25:39+00:00,2026-05-31T08:16:02+00:00,2,0,0,10.0,10.0,19.5400,2
0x5e9e7647180282ce3aedcc3f51d06871dc7d565e,2026-06-09T04:26:48+00:00,2026-06-09T04:27:27+00:00,4,0,0,14.83925,14.83,29.53574300,4
0x5ea3971a040a9ae66445cf0940438b355688adbb,2026-04-26T22:01:00+00:00,2026-04-26T22:01:00+00:00,1,22.222221,0,0,0,0.9999990005556075,1
0x5ea76651681668b7b1b888b0a642aa17cafe7450,2026-03-19T13:32:51+00:00,2026-03-19T23:28:59+00:00,8,0,0,377.77,0,333.9376,8
0x5eabfc7237003ab76cf262ae454c63be8683ba1f,2026-05-31T08:31:56+00:00,2026-05-31T08:44:33+00:00,2,0,0,29.0,29.0,57.4490,2
0x5ebe75a6ab432766d6b9edfd40ac0998fdb6892d,2026-05-23T18:57:07+00:00,2026-05-23T18:57:07+00:00,1,1500.0,0,0,0,18.0000,1
0x5ed5f6d2cf67f15e0051e207814c70533ca0776b,2026-06-12T16:47:34+00:00,2026-06-15T00:42:16+00:00,4,1194169.401999,0,0,0,4132.2499944608086,4
0x5ed65edf15fdd9c8bd9779c7755f175a102e4093,2026-05-01T04:01:32+00:00,2026-05-01T04:01:42+00:00,2,0,0,140.0,140.0,270.3400,2
0x5edaf80ee7ff0e299c4d84beee45c8dd821d3d6e,2026-06-17T16:00:11+00:00,2026-06-17T16:04:29+00:00,3,999.999999,0,0,0,2.999996997000003,3
0x5edc7bba7516cd28dc886ad576ba197bb114bbad,2026-03-30T21:23:43+00:00,2026-05-29T01:25:39+00:00,90,0,0,9466.009658,120.0,9045.6773940003378519,89
0x5ee1c4ff61fbbfa336b5f15390357608b99b7d40,2026-06-11T02:54:51+00:00,2026-06-11T02:54:51+00:00,1,0,0,22.04,0,21.97388,1
0x5ee469962356413457dc488840845c5a33399904,2026-05-16T07:11:05+00:00,2026-06-01T13:44:31+00:00,6,1619.949491,0,0,0,16.9999969570000100,6
0x5ee7ecfb56f28fcaa61f3f03872eb52b80332c9b,2026-05-12T12:00:17+00:00,2026-05-15T05:39:58+00:00,2,700.329668,0,0,0,11.3899989845714344,2
0x5eeccf0c1116f51c2f7cae85f3bfbc574f647551,2026-05-22T12:19:14+00:00,2026-05-22T12:19:14+00:00,1,100.0,0,0,0,1.000,1
0x5efe5cd6098bea9c57d6a601ab2f35d5a3f16595,2026-06-14T18:30:45+00:00,2026-06-14T18:30:45+00:00,1,0,0,1.002,0,0.999996,1
0x5f08e6ef2c72c441315f741950657ff3b3fc4cfb,2026-05-30T02:53:28+00:00,2026-05-30T02:53:28+00:00,1,111.111111,0,0,0,0.999998999000001,1
0x5f1bb2243dc044511b05adb6e95490c66c550223,2026-06-03T09:39:07+00:00,2026-06-03T09:39:07+00:00,1,222.222222,0,0,0,1.9999989980000010,1
0x5f1cca5c617f29d2e61f2dabb53d0e26a672c8b4,2026-03-05T02:29:21+00:00,2026-04-07T01:09:19+00:00,2,96.774192,96.77,0,0,37.7415989974193632,2
0x5f1d88154384bacfc95b207a87bc32e3014f20af,2026-05-12T13:05:34+00:00,2026-05-21T20:42:47+00:00,2,173.61111,0,0,0,2.000000001111111,2
0x5f2392d3d77cd1a2941d50f107ebb2f130515b1a,2026-05-22T13:27:31+00:00,2026-05-22T13:27:59+00:00,2,200.0,0,0,0,2.000,2
0x5f2583730950fe150e4f603cbe02ed1501c2940d,2026-06-08T10:19:24+00:00,2026-06-08T10:19:24+00:00,1,166.666666,0,0,0,0.999998996000004,1
0x5f350267ed1c7dc77d58c4065a6a92a248d15886,2026-06-14T08:59:57+00:00,2026-06-14T08:59:57+00:00,1,0,0,30.611,0,30.549778,1
0x5f390e4b7d6f06d6756a6c92afdbf7b3176aa78c,2025-12-11T09:59:41+00:00,2026-04-05T07:30:53+00:00,15,0,0,1300.60,0,1216.2959,15
0x5f3a161bc0d538bd8e0d55623ced144f4ec5ae1d,2026-06-15T07:53:16+00:00,2026-06-15T07:53:16+00:00,1,0,0,37.3745,0,37.2997510,1
0x5f5c2cd685bb19bb6d5d64013280d2327adcab09,2026-04-13T07:48:21+00:00,2026-04-13T07:48:21+00:00,1,42.02,0,0,0,2.5212,1
0x5f61c97fa746ad5c012a78d5ec61b1a136a69b4c,2026-05-11T12:02:34+00:00,2026-05-15T06:19:24+00:00,2,0,0,51.0,51.0,100.3680,2
0x5f69f6f5a25fad5816070a941235b27df82253a4,2026-06-16T05:44:25+00:00,2026-06-16T05:44:25+00:00,1,234.0,0,0,0,1.1700,1
0x5f6b7c013559cd86d614c6aa52d48c7a2e7a4c24,2026-05-04T15:35:52+00:00,2026-05-04T15:35:52+00:00,1,300.0,0,0,0,7.5000,1
0x5f787670b978ac4cf52d3e46edbcff22b43af063,2026-06-12T16:47:34+00:00,2026-06-13T06:34:12+00:00,2,0,0,52.45,52.45,104.58530,2
0x5f8ec8b9c07547d93ac7206ef75c1b625e6021b7,2026-04-30T14:14:18+00:00,2026-06-16T17:29:28+00:00,221,208976.739708,13658.82,0,0,2733.0300905491843573,221
0x5f8f0f1bf5ab7bc875082f4e8a4f6093372799b8,2026-06-13T23:54:01+00:00,2026-06-17T14:40:08+00:00,5,10806.666665,0,0,0,35.4199989950000001,5
0x5f95f768511ba2e50c576066fd611c77335746c4,2026-04-08T16:00:29+00:00,2026-05-04T20:19:06+00:00,4,10.0,10.0,0,0,1.0600,4
0x5f980a62ef6ea4a2b6e18b2174504b1aff76f509,2026-06-16T06:58:16+00:00,2026-06-16T06:58:16+00:00,1,0,0,1.60625,0,1.59982500,1
0x5f9af170a30eeab5fae9a6aa2a4f7da135e2e1fa,2026-06-17T16:03:05+00:00,2026-06-17T18:00:37+00:00,2,4473.65,4473.65,0,0,17.89460,2
0x5fa8e3d20960b5608b669fe0846a207affb9f7c3,2026-03-04T05:12:55+00:00,2026-06-09T07:35:42+00:00,2,93.75,93.75,0,0,30.37500,2
0x5fb5ae93cb7468c3e180acd7c34be188b89108fa,2026-04-30T20:45:48+00:00,2026-04-30T20:45:48+00:00,1,1428.571427,0,0,0,49.9999989450000011,1
0x5fb9652400a37610503a991df8c3774eabb00a14,2026-05-14T08:56:48+00:00,2026-06-05T13:14:40+00:00,3,0,0,200.0,100.0,296.6000,3
0x5fba9b018c1ed98ca0450c5bb2cbdee183f7a7e7,2026-05-01T17:21:36+00:00,2026-05-01T20:50:42+00:00,2,0,0,19.09,19.09,36.6528,2
0x5fc3e59ff800360c8059ed0cadbd041acca50670,2026-03-22T09:46:49+00:00,2026-03-22T09:46:49+00:00,1,833.333332,0,0,0,99.999999006666668,1
0x5fc50816f1592dabeaf8a9a7d83ca94edce5610e,2026-03-31T22:48:11+00:00,2026-04-01T15:01:13+00:00,14,196.13,196.13,1044.0,1044.0,1982.37560,14
0x5fc9a0eafbb0b5ac7a12cf258c627d6cc0464fcb,2026-03-11T09:09:09+00:00,2026-03-19T13:20:19+00:00,3,676.063615,0,0,0,120.5899969936566627,3
0x5fcc588ebfc6cc047b866a22a3dee9aff1684c71,2026-05-13T08:37:20+00:00,2026-06-05T06:33:22+00:00,3,0,0,200.0,100.0,296.6000,3
0x5fdb5b45368ff706df9ec351d4bc31d04716818d,2026-06-14T10:54:21+00:00,2026-06-14T10:54:21+00:00,1,0,0,2.004,0,1.999992,1
0x5fdd48ccf05f6b0a0352cbfc7fd063a2aceb2132,2026-02-26T02:21:56+00:00,2026-04-14T12:43:57+00:00,9,0,3.0,91.211493,0,87.4399610003564005,9
0x5fdeb7e28e763f4a3ec5bbadd0140483001dcfb3,2026-05-03T02:47:00+00:00,2026-05-03T02:47:00+00:00,1,52.631577,0,0,0,1.9999989996842448,1
0x5ff32763f64484ddb78fef706ec6f2c00410f73d,2026-04-06T07:38:39+00:00,2026-04-08T00:38:19+00:00,2,75.555554,0,0,0,6.9999989988889130,2
0x600c593c8f8e4cf870b5430fefaf3a088916de0c,2026-05-05T13:45:20+00:00,2026-05-12T13:56:57+00:00,4,0,0,111.79,111.79,218.11139,4
0x6011bdebddfb48b9234cf872fa4ce5a8167a7f7b,2026-05-03T03:34:06+00:00,2026-06-08T11:29:07+00:00,2,0,0,10.0,10.0,19.5700,2
0x6022e0af04aa53bfaad233a45706d726966fd414,2026-02-25T18:04:18+00:00,2026-02-25T18:04:18+00:00,1,2.222221,0,0,0,0.9999990000002475,1
0x602e46f9dfbfeccc77dbf575f717a2419f833d92,2026-05-14T08:16:35+00:00,2026-06-05T12:17:39+00:00,3,0,0,200.0,100.0,296.5000,3
0x6032181b1bbbd74f4f6ffa3d1808c7e4bd1bfde9,2026-05-17T13:56:06+00:00,2026-05-17T14:07:46+00:00,2,0,0,5.030166,5.03,9.9947749999758672,2
0x603febad3937da39bc475dee9367af3f5ad52dd0,2026-06-13T07:17:43+00:00,2026-06-14T03:37:07+00:00,2,0,0,308.82,308.82,615.78708,2
0x604399e8d55acbb1fd046597ad70eecf9c4e0c7b,2026-05-27T13:24:59+00:00,2026-06-09T19:23:25+00:00,2,0,0,51.0,51.0,101.0310,2
0x60489d531f34881196540701c312303be8c9bb55,2026-06-06T19:03:09+00:00,2026-06-07T08:17:36+00:00,2,0,0,80.86,80.86,160.74968,2
0x6059ea38ecd310835379c6dad7d4909b8439112e,2026-05-20T08:19:27+00:00,2026-05-20T08:19:27+00:00,1,0,0,5.04025,0,4.99992800,1
0x605e51db4a3d6aabbbcadf534c0c85a974688b39,2026-04-10T04:29:57+00:00,2026-06-03T04:22:08+00:00,79,0,0,894.0,35.0,902.680600,78
0x6060c8280a34508abd26e674b65a1c28de50f91e,2026-05-09T01:40:30+00:00,2026-05-09T02:37:37+00:00,2,0,0,2.049664,0,2.0199429999655782,2
0x606c80e103a4f197ca83064872faafcacbbd03fc,2026-06-08T11:56:57+00:00,2026-06-08T11:57:00+00:00,2,0,0,12.36925,12.36,24.61797300,2
0x607066b9542b4587da028c1b91403bf5f83a8a11,2026-04-01T08:11:15+00:00,2026-04-23T15:04:10+00:00,23,0,0,55.0,54.997658,103.5777980000003848,23
0x6076d53725d44254af1c84d81425d21a418b8131,2026-02-11T13:51:19+00:00,2026-02-11T13:51:19+00:00,1,7.0,0,0,0,3.850,1
0x60778ddf864faab8d15c2c32548859e7c394dff8,2026-06-14T03:21:09+00:00,2026-06-14T03:21:09+00:00,1,0,0,101.0,0,100.7980,1
0x60a6b67dd285d381087433e218fe17fcfd0a124f,2026-06-11T11:52:21+00:00,2026-06-11T12:14:39+00:00,2,0,0,5000.0,5000.0,9975.0000,2
0x60ab628a82cdf7b9274ff1587f1b30211b763206,2026-03-19T21:36:09+00:00,2026-04-14T12:36:13+00:00,36,35338.09,0,0,0,3025.8089,36
0x60cf8a1b4e003acaa2f05e2501a55ab8590c24ad,2026-05-10T18:45:47+00:00,2026-05-10T18:45:47+00:00,1,47.619046,0,0,0,0.9999989993333662,1
0x60de0ca3446c5a825a426927a4c1a9acaa1b821e,2026-06-12T12:11:40+00:00,2026-06-13T20:55:57+00:00,2,0,0,64.0,64.0,127.6800,2
0x60e0b5e6b6d558aecc549f1c6a6117cb48f3e006,2026-05-15T03:55:26+00:00,2026-06-05T16:45:12+00:00,3,0,0,200.0,100.0,296.6000,3
0x60e2fcc6ed98597786677728df2c554b60a9c26f,2026-03-05T06:41:07+00:00,2026-04-01T17:18:55+00:00,2,10.0,10.0,0,0,3.600,2
0x60ecb272bcd1258c5bff8b15cee9f45f6ec0f09c,2026-05-14T09:14:06+00:00,2026-05-14T09:14:06+00:00,1,2142.857141,0,0,0,29.9999989025714295,1
0x60f892213d176b3a4659302d311896b7c9359fe8,2026-06-07T15:54:52+00:00,2026-06-07T15:54:52+00:00,1,166.666665,0,0,0,1.0000000066666665,1
0x60fc80c41e2b2b215506d2e47215aceb03a5a72f,2026-03-06T02:02:49+00:00,2026-03-11T11:46:43+00:00,2,20.0,20.0,0,0,12.600,2
0x60fd421fb445029d7c8ce20a6a86e0bb364589a9,2026-03-20T13:37:15+00:00,2026-06-05T14:18:21+00:00,551,29989.207319,29989.199904,0,0,1726.0359139836485770,524
0x60fd7a2336d5aa8a868182a317e3fa934040bd67,2026-02-08T10:59:39+00:00,2026-04-12T15:45:55+00:00,3,165.914781,0,0,0,15.9999959982207703,3
0x610043427af92a65f6c967d804a84b32118e0b49,2026-05-12T20:36:20+00:00,2026-06-08T16:31:13+00:00,3,3333.333333,3333.33,0,0,66.6666389950000001,3
0x6109cbfcf8e222c71abe012008ab18752830ed6a,2026-05-28T01:57:47+00:00,2026-05-28T01:57:47+00:00,1,0,0,1.013153,0,0.9999819999566323,1
0x610b34082d25960c3b1f40895917921894b936a3,2026-04-02T22:21:31+00:00,2026-04-14T07:24:55+00:00,2,83.333332,83.33,0,0,8.333199003333348,2
0x611cfdfc973e7ad77da1d8d84da0e87fc500a931,2026-06-04T17:16:10+00:00,2026-06-04T17:16:10+00:00,1,250.0,0,0,0,2.0000,1
0x61306816e15043b2ace6a3e1db031e248ffaf1ed,2026-02-27T13:32:03+00:00,2026-03-28T17:40:31+00:00,5,0,0,34.424932,34.42,54.9705939995447050,5
0x61479f04cdd48ea1703331621196d2daf6ae6b68,2026-05-15T06:31:24+00:00,2026-06-05T17:11:12+00:00,3,0,0,200.0,100.0,296.8000,3
0x614a2fc9829d38109684018dd514f6559c0ad202,2026-04-15T14:04:14+00:00,2026-05-28T03:17:01+00:00,2,3383.333332,3383.33,0,0,246.9832889050000004,2
0x615346ac3277f46c5282bd7eb20fc496d55144ab,2026-05-14T21:32:50+00:00,2026-06-16T18:26:23+00:00,977,0,0,11574.656662,11574.650959,23014.6721990000611472,977
0x6158f604f443fb6d537e09729807fe4799d0fa72,2026-06-13T15:16:19+00:00,2026-06-13T15:16:19+00:00,1,333.333333,0,0,0,0.999998999000001,1
0x615fe10be7153fc2517cdef86249448fb0feb3ab,2026-04-20T09:11:14+00:00,2026-06-11T20:01:10+00:00,2,465.022044,465.02,0,0,20.8300390101195964,2
0x6160ed1d25eb5b68f5890fb57dcfffeefee03a54,2026-05-07T15:47:57+00:00,2026-05-07T19:52:24+00:00,2,0,0,45.3,45.3,87.8820,2
0x616314857b904848c51884f12e27316c48f46f2e,2026-06-08T03:20:19+00:00,2026-06-08T03:20:22+00:00,2,0,0,12.4722,12.47,24.8050190,2
0x6166b7f2addd1f762a463ff30cb5765c2be1b25a,2026-05-24T08:21:35+00:00,2026-05-24T08:21:35+00:00,1,909.090909,0,0,0,9.9999989990000001,1
0x616ce70256aca90567e22aef11b65c0fb8699733,2026-05-16T04:39:39+00:00,2026-05-16T05:53:14+00:00,2,0,0,1334.006,1334.0,2643.993946,2
0x6180e8ab6db364c8772e95aef27fb4f37592b403,2026-05-13T10:10:24+00:00,2026-06-05T11:32:31+00:00,3,0,0,200.0,100.0,296.5000,3
0x6189043bcc370edec3a500cb3d3739e7a5e2d6eb,2026-05-15T03:40:09+00:00,2026-06-01T14:59:04+00:00,2,0,0,65.0,0,64.4050,2
0x619deb9580775270bb75b685be633811fe7975c0,2026-05-18T09:17:54+00:00,2026-05-18T09:17:54+00:00,1,416.666666,0,0,0,4.9999989920000016,1
0x61a5f7976bb5af4dffc92df1e7ce06891627b012,2026-06-17T14:02:08+00:00,2026-06-17T14:02:08+00:00,1,0,0,56.4225,0,56.3096550,1
0x61a725bd05ea77f2a68fc02e0f8ac81640d9810c,2026-05-15T04:46:27+00:00,2026-05-22T05:29:11+00:00,4,2137.619046,2137.61,0,0,42.6108789805714288,4
0x61b0338d8a545d060fdef6b459080e3d2265ee9a,2026-04-30T11:18:54+00:00,2026-04-30T19:24:04+00:00,3,0,0,47.55,47.55,92.24700,3
0x61c2adcd072cf46adc6b5e01edff51aa64ead436,2026-06-15T18:59:49+00:00,2026-06-17T20:05:37+00:00,2,0,0,1539.618666,1539.61,3073.070200002,2
0x61d0cfae8628b345690c8326525a5c63328787b8,2026-03-28T07:39:13+00:00,2026-04-18T17:19:46+00:00,12,104.40,104.40,1.96774,1.96,15.619098000077616,12
0x61d73af601e1afd1e16497defa631a5d19edce1c,2026-05-21T16:36:04+00:00,2026-05-21T16:36:04+00:00,1,100.0,0,0,0,1.000,1
0x61d9e1ff009a85a213e6ebef492d3ccc9e25969c,2026-06-04T19:09:27+00:00,2026-06-04T19:09:27+00:00,1,125.0,0,0,0,1.0000,1
0x61e0da359ca7a86c6904184241e86a759f57b5b7,2026-05-03T02:33:28+00:00,2026-06-13T20:01:58+00:00,6,0,0,751.0,751.00,1480.0230,6
0x61e37d7fc5999eb48324f83b579aa9c3e88e5fc2,2026-05-29T00:09:39+00:00,2026-05-29T14:29:44+00:00,2,0,0,30.33,30.33,60.02307,2
0x61fb19f3ecbd5ff2d480ea299e3960ef4f3a9f64,2026-05-30T15:00:47+00:00,2026-05-30T15:01:00+00:00,2,0,0,161.127857,161.12,319.831002001,2
0x61fc86e2a23980e17dc574fb08ae293e6f630f09,2026-05-08T05:13:51+00:00,2026-05-08T09:14:13+00:00,2,0,0,45.53,45.53,88.46479,2
0x61fd45ec1b71c8efd12517bb5579ecd85c0d1111,2026-06-17T09:01:56+00:00,2026-06-17T09:02:13+00:00,2,333.333333,333.33,0,0,1.666658999000001,2
0x620e83de420d7e39c06eda00c3ef523ac87f00cd,2026-05-08T07:12:14+00:00,2026-05-08T12:30:36+00:00,2,0,0,22.78,22.78,44.28432,2
0x62124eccb258a17d989e590600a8f2b5a468e62b,2026-06-07T19:03:28+00:00,2026-06-08T04:13:22+00:00,2,0,0,25.150904,25.15,49.9739480000442984,2
0x6213c328ce75a5d2fdb04d0f1fb33b8ecdf8ae33,2026-06-16T23:55:22+00:00,2026-06-16T23:55:22+00:00,1,0,0,4.3485,0,4.3398030,1
0x6214b73190c53be48b818a614282f6eb692f7fd0,2026-04-16T14:46:34+00:00,2026-04-16T14:46:34+00:00,1,30.0,0,0,0,1.800,1
0x6217519a0089a157f88412f20cf7ab68cfab6b7c,2026-05-01T11:22:08+00:00,2026-05-01T17:28:36+00:00,3,0,0,50.07,50.07,96.68517,3
0x621949394022c64a3353ceaebecbcc19077dcff6,2026-05-01T20:11:10+00:00,2026-05-01T20:11:10+00:00,1,24.390242,0,0,0,0.9999990000488524,1
0x622beee076f628b6d20a3d38e65aec91f5ec62c2,2026-06-08T06:49:45+00:00,2026-06-08T06:49:48+00:00,2,0,0,11.4672,11.46,22.8011040,2
0x623be98a0bb1b065e5cf9c307fc8e62bc6bcb1f8,2026-05-17T21:25:28+00:00,2026-05-17T21:25:37+00:00,2,119.99,0,0,0,1.07991,2
0x6243b43c6adcc006ef7b4fd73c010dce56403e44,2026-03-19T21:33:47+00:00,2026-03-19T21:33:47+00:00,1,125.0,0,0,0,15.000,1
0x6253a0b3b2cd176f9f1f9b4483270b157b4f453f,2026-06-11T18:59:10+00:00,2026-06-11T18:59:10+00:00,1,0,0,1.002,0,0.999996,1
0x625ae7bdf9964143c45ead79e7d269780545949f,2026-06-14T10:37:54+00:00,2026-06-14T10:37:54+00:00,1,0,0,2.004,0,1.999992,1
0x626586448e14453ef3bbcd1e8dfb44de0303a531,2026-06-16T06:25:48+00:00,2026-06-17T18:00:41+00:00,2,0,0,697.64,697.64,1391.79180,2
0x62858f74566ea8e94a9c8c6ea9a16bebd8bb8b04,2026-06-16T13:39:26+00:00,2026-06-16T13:39:26+00:00,1,4000.0,0,0,0,20.0000,1
0x628b5d9c960c57559c6485d36f28e771bb85e756,2026-06-17T16:40:20+00:00,2026-06-17T16:40:20+00:00,1,626.666666,0,0,0,1.8799989953333344,1
0x628f60700d18bbb40b901e648b4084f50c89464b,2026-06-13T17:06:25+00:00,2026-06-14T07:40:42+00:00,2,0,0,105.51,105.51,210.38694,2
0x62a142cec44d26c5ed1a40a45ca0aa8b3ae97c43,2026-06-07T12:37:15+00:00,2026-06-07T12:37:15+00:00,1,3162.5,0,0,0,12.6500,1
0x62a8771f2f585244858d12a4c82bb7247a49de71,2026-02-17T01:20:09+00:00,2026-03-08T05:04:37+00:00,2,107.142856,107.14,0,0,94.0733989939122896,2
0x62a9cdd741c8e0540dbfb4fe23b12dafcb647b59,2026-02-01T04:53:36+00:00,2026-02-07T07:17:37+00:00,8,241.666665,96.88,0,0,184.9903990000000080,4
0x62ad81eddc36cc1e26234c908a69277bce9779fc,2026-04-20T21:24:42+00:00,2026-05-04T12:52:38+00:00,21,0,19460.04,2438.98,0,3033.859410603422,21
0x62de001b1fe9637c9765dfb85b46c7552b146eb0,2026-06-17T09:10:10+00:00,2026-06-17T09:10:10+00:00,1,0,0,54.46,0,54.29662,1
0x62f4d303bdc8c4e58c9dfecb702318b1cd61087a,2026-04-01T22:12:29+00:00,2026-04-01T22:12:29+00:00,1,14.285713,0,0,0,0.9999990000000819,1
0x62f7a05dacc404b8740feba8c431e63718ca1e00,2026-05-09T10:54:09+00:00,2026-05-09T10:54:09+00:00,1,62.5,0,0,0,1.0000,1
0x63037b962701c1b81a807bc4975154d482f38ca5,2026-04-08T06:53:45+00:00,2026-04-08T06:53:45+00:00,1,0,0,1.0989,0,0.999999,1
0x6312947666a6d3ef40ca8baddccc557bb3c300a0,2026-06-10T20:22:18+00:00,2026-06-16T01:59:30+00:00,2,5164.932666,0,0,0,18.5599991322964002,2
0x63148fffb4cf68b835d83327a9d3265a50ce0183,2026-06-17T12:21:59+00:00,2026-06-17T12:21:59+00:00,1,66666.666665,0,0,0,199.999999995,1
0x632378d502d023faa01dfd94997c529e516329ed,2026-05-10T03:24:53+00:00,2026-05-10T03:24:53+00:00,1,277.777776,0,0,0,4.9999989957777840,1
0x6335f9c919689cb035ddbef6ebc1ce0830132870,2026-06-01T10:32:50+00:00,2026-06-01T10:33:18+00:00,2,0,0,5.04025,5.04,9.99456800,2
0x633fdd77ddf73aedd42e5af1eb4104fdc5243c8a,2026-03-31T09:20:09+00:00,2026-04-04T20:16:05+00:00,2,56.666665,0,0,0,2.999999000000090,2
0x6344506877615371165a7e747dbf306db62ba5f2,2026-06-07T15:03:18+00:00,2026-06-07T15:03:18+00:00,1,0,0,1.0552,0,1.0499240,1
0x634770c1bbe756b960b4a311040d33e75013ee39,2026-03-25T06:57:57+00:00,2026-04-24T16:53:26+00:00,3,25.0,25.0,0,0,3.3000,3
0x637ee1d43e3b240a29dd68144ae98ff5073a9972,2026-03-04T19:27:05+00:00,2026-03-04T19:27:05+00:00,1,31.25,0,0,0,10.0000,1
0x6381c88488c9729ecc21fdd989f11cbce1f56818,2026-06-14T16:26:22+00:00,2026-06-14T16:26:22+00:00,1,0,0,2.004,0,1.999992,1
0x63945e1540f09824c979fe9ae147312e49588cde,2026-05-04T22:07:22+00:00,2026-05-06T15:54:19+00:00,2,17645.21,17645.21,0,0,978.102009128959,2
0x639e6a81478cbc4d4c9296694a5fe7a98ca14ee9,2026-05-17T22:59:29+00:00,2026-05-17T23:10:53+00:00,2,0,0,10.090816,10.09,19.989098000096960,2
0x63a55a2671f88efd582a1b32803286d789e05839,2026-05-14T10:23:10+00:00,2026-05-15T13:30:54+00:00,2,0,0,15.0,15.0,29.6550,2
0x63bd19ec92d98b4cebfb150df81b629a67b4aff2,2026-05-28T16:35:33+00:00,2026-05-28T16:35:33+00:00,1,100.0,0,0,0,1.2000,1
0x63bdc7290af4162805eeab8204c4b3a50f92a974,2026-05-17T23:35:23+00:00,2026-05-18T10:38:10+00:00,2,0,0,93.53,93.53,185.00234,2
0x63bfff097652afc32bff80bdc76d8ea5eb3f9768,2026-05-12T10:29:28+00:00,2026-06-03T06:32:17+00:00,4,0,0,200.0,200.0,394.6000,4
0x63cab1be6c45ba174bbf9bc62b833e03feaf5b3d,2026-04-09T12:25:11+00:00,2026-04-09T12:25:11+00:00,1,0,0,2.173912,0,1.9999990000000192,1
0x63cc40081ebb2b5563bd2949816169d720f8eec5,2026-05-28T20:06:52+00:00,2026-06-01T15:31:06+00:00,4,657.0,304.0,0,0,10.1720,4
0x63cd8e3959f1de73f925852a21ff13b6930113de,2026-05-03T00:01:24+00:00,2026-05-03T05:04:06+00:00,2,0,0,24.8,24.8,47.6904,2
0x63d02f1a4951598a46376928eb4b8c26a3b7a519,2026-06-15T20:35:30+00:00,2026-06-15T20:35:30+00:00,1,0,0,53.500333,0,53.339832001,1
0x63d1f471a110857e9b145e04dde4a401245ae2b9,2026-03-21T13:01:39+00:00,2026-03-21T13:01:39+00:00,1,9.090908,0,0,0,0.9999990000001056,1
0x63d43bbb87f85af03b8f2f9e2fad7b54334fa2f1,2025-12-11T11:03:19+00:00,2026-03-24T23:05:33+00:00,114,0,0,11926.525767,0,8072.2516780068174630,113
0x63d51ef8eb9df6aec9795eda72b38c7b434046d7,2026-05-12T01:53:49+00:00,2026-05-12T01:53:58+00:00,2,80.0,80.0,0,0,3.2000,2
0x63d56b826a96e1d69ee6eb8d3363714aa5542de8,2026-05-19T00:01:35+00:00,2026-05-20T07:01:10+00:00,2,0,0,20.181555,20.18,39.9983010009636890,2
0x63dae11d2ae22c088761798ab1e745a433cc8b80,2026-06-07T19:43:34+00:00,2026-06-07T19:43:39+00:00,2,0,0,10.9346,10.93,21.7443470,2
0x63dddcf925895843647cf2f25492c79812238e99,2026-05-02T16:58:56+00:00,2026-05-02T22:04:46+00:00,2,0,0,65.3,65.3,125.63288000014,2
0x63e0bfe23b7610095a2dd5b42b4b5bfb806c5421,2026-05-06T03:29:20+00:00,2026-05-06T03:29:20+00:00,1,103.448274,0,0,0,2.9999990046207066,1
0x63e1877654e373be5057e8ce3af7a61f639dd14b,2026-05-24T16:26:12+00:00,2026-05-24T16:26:12+00:00,1,166.666666,0,0,0,1.999998992000004,1
0x640d8716c6c812bda43e645309f1e90a70cdadb6,2026-05-13T06:23:48+00:00,2026-06-05T03:42:19+00:00,3,0,0,200.0,100.0,296.5000,3
0x642c34e7ba0bb307aa97830430c2dd0a789b145e,2026-05-05T20:26:16+00:00,2026-05-06T01:32:24+00:00,2,0,0,52.91,52.91,102.80413,2
0x643aad1f84b7e3dd20e11dbec3766299b2f09f77,2026-06-02T02:58:00+00:00,2026-06-02T02:58:07+00:00,2,0,0,10.080625,10.08,19.989260000,2
0x643d05fdb011c2a178d389edc6abbe294476cce1,2026-05-09T02:05:30+00:00,2026-05-09T02:05:30+00:00,1,0,0,5.070928,0,4.9999349998865152,1
0x64472732aa2e792dbb0f85ac5ef63828854b5c72,2026-06-12T16:05:15+00:00,2026-06-12T16:05:15+00:00,1,0,0,1.002,0,0.999996,1
0x644740223c854cb3cda40b40f81761fc09908075,2026-03-18T21:12:05+00:00,2026-03-24T01:45:45+00:00,5,310.09,310.09,0,0,77.5645,5
0x6452eee1d08be21886bafcc4cc41ef4bb53130a1,2026-02-23T17:03:42+00:00,2026-04-08T09:09:01+00:00,29,5185.642621,6.0,0,0,1783.6521810406359335,29
0x6455de9385371253fd83df27f2c22398a8b0eff4,2026-02-16T01:39:09+00:00,2026-02-16T01:39:09+00:00,1,0,0,50.068517,0,26.9999990015605047,1
0x645c5ca9ee358c814799f0c64b000c3a5c5cb26f,2026-05-01T11:32:02+00:00,2026-05-06T03:59:36+00:00,2,0,0,43.09,43.09,83.68078,2
0x64664bb68828cf991a5d53ec047816196d52ae03,2026-05-08T12:47:31+00:00,2026-05-08T20:49:01+00:00,2,0,0,61.68,61.68,120.89280,2
0x647ff916fc778f737876501876089f11706ae7ef,2026-05-09T20:20:48+00:00,2026-05-11T20:32:56+00:00,20,65446.78,0,0,0,1144.430200020736,20
0x648264ac6fa5260b3902ca8b22833dc7cb4c18d4,2026-05-02T02:19:06+00:00,2026-05-02T06:25:42+00:00,2,0,0,48.44,48.44,92.95636,2
0x64914a4193eba7e5f64a6a321829d968ad7b28b5,2026-06-09T03:18:42+00:00,2026-06-09T03:19:04+00:00,2,0,0,10.261,10.26,20.428656,2
0x6498f2743c36eb7b748b6968591f46b5d2ebe22b,2026-04-12T18:13:51+00:00,2026-04-20T19:05:32+00:00,4,0,0,10.62,10.62,19.98708,4
0x649f935bd35b06ad680d97ecc69740a3a410fd8d,2026-04-24T11:33:08+00:00,2026-04-25T11:12:48+00:00,20,108.00,107.621303,0,0,9.9524690001382843,17
0x64c7ceb295957d138751e8399290a3d2eecc050b,2026-04-30T12:08:26+00:00,2026-05-04T13:21:34+00:00,5,1023.298581,0,0,0,31.9999960210077690,5
0x64cecf8f1931ed15c148d130537dc61eb5ba269e,2026-05-13T10:01:18+00:00,2026-06-05T11:26:46+00:00,3,0,0,200.0,100.0,296.5000,3
0x64d645d938082c54e079c3d5fa0a7e39100cee00,2026-06-07T12:03:25+00:00,2026-06-07T12:03:30+00:00,2,0,0,12.898666,12.89,25.6984099994202668,2
0x64ddaca821f044278d9b0234ba673deb2ac58880,2026-05-20T10:24:08+00:00,2026-05-20T10:29:06+00:00,2,83.333333,83.33,0,0,1.916629996,2
0x64dfbd2bd4dea65776e00c77cee621ea7c5e421d,2026-01-31T12:35:22+00:00,2026-03-19T21:36:09+00:00,5,0,0,50.0,3.0,42.310,5
0x64e216256edbe75b6f1474b5cc4b00ecc7e76012,2026-06-12T08:15:33+00:00,2026-06-12T08:15:33+00:00,1,0,0,1.002,0,0.999996,1
0x651da31f29a5b1338d3bd3919c28b9f7705c15c8,2026-06-08T11:37:25+00:00,2026-06-08T11:37:30+00:00,2,0,0,12.73075,12.73,25.34617700,2
0x65217298549f409add51bd02d8986dca2c0b5c30,2026-06-08T05:18:31+00:00,2026-06-08T05:18:37+00:00,2,0,0,11.839,11.83,23.538825,2
0x65253783d37bd19723fd3fcc0be5269302de562e,2026-05-13T05:39:58+00:00,2026-06-04T14:43:42+00:00,3,0,0,200.0,100.0,296.5000,3
0x652efcde631c4f78b1078d2fac1eebe7a1d54a94,2026-05-06T15:21:39+00:00,2026-05-09T02:14:20+00:00,4,54.054054,54.05,0,0,2.813397998000002,4
0x653015c9ef3d9fa1d2e540af45fc18a62cd2601f,2026-05-02T00:22:26+00:00,2026-05-07T21:09:55+00:00,4,0,0,104.78,104.78,202.14782,4
0x654716c3f1d98e152365627538f3e60668d082b3,2026-06-13T20:41:55+00:00,2026-06-13T20:41:55+00:00,1,3333.333333,0,0,0,9.9999989990000001,1
0x65490f9c29118c4fb26aac01107aeb54023524d5,2026-05-14T15:22:28+00:00,2026-05-14T15:22:28+00:00,1,0,0,20.0,0,19.7200,1
0x657d5c8eb80b85d2f8f894ec37feca653b54b34f,2026-06-02T16:15:23+00:00,2026-06-02T16:15:23+00:00,1,0,0,1.019111,0,1.009938999980889,1
0x657f9cab2a44d66cb2476260b7bacc9f6ad2ac51,2026-06-12T08:33:21+00:00,2026-06-12T08:33:21+00:00,1,0,0,1.002,0,0.999996,1
0x65856259dceb94e24750360c8470834051c0596a,2026-05-24T13:38:29+00:00,2026-05-24T13:38:29+00:00,1,1680.9975,0,0,0,19.99999992135600,1
0x6586fb56a335aeb953b09b299eb181de3ffd497c,2026-02-12T13:06:13+00:00,2026-03-01T12:04:25+00:00,17,0,0,259.17,0,135.152599999965,17
0x65943f448ff4278f07692269e295388b72989a61,2026-03-20T05:07:25+00:00,2026-03-22T05:00:09+00:00,74,3452.523215,3452.489993,0,0,768.7861489925786968,73
0x659c09ffd12d734dc5c153cb3138bc02377e3788,2026-06-16T23:55:23+00:00,2026-06-16T23:55:23+00:00,1,0,0,1.9035,0,1.8996930,1
0x659c94a158b514459cc7032e9ac83ef24d31f406,2026-06-12T09:20:22+00:00,2026-06-12T09:20:22+00:00,1,0,0,1.002,0,0.999996,1
0x659e349acec683e8c94ce3218faff5fe8e60aa24,2026-05-11T16:09:33+00:00,2026-05-11T16:09:47+00:00,2,50.0,50.0,0,0,1.9500,2
0x65abaac57a7095d7f88b073a26b5f8f2f4cb273d,2026-04-30T01:37:12+00:00,2026-04-30T01:37:12+00:00,1,100.0,0,0,0,2.8000,1
0x65ac637b0fad7c9a7e34ff4e228d9e1f8937c6c1,2026-05-05T16:54:54+00:00,2026-05-07T19:10:10+00:00,5,0,0,49.48,74.07,120.14023,5
0x65cac7c8ed1d2b9769d5dd8a60b8176667c2f45b,2026-06-16T20:09:58+00:00,2026-06-16T20:09:58+00:00,1,8333.333333,0,0,0,24.9999991656666667,1
0x65ce9ef707b0180a466b3bc20d525a00b87132a7,2026-05-02T01:31:08+00:00,2026-05-10T17:47:53+00:00,5,0,0,35.23,35.23,68.27254,5
0x65d274dbec0381a3767a70cedf9de8a41e225ccc,2026-06-17T17:12:52+00:00,2026-06-17T17:12:52+00:00,1,15693.45,0,0,0,47.08035,1
0x65d843a05597e63d25e8161f8276e97a27ac28ed,2026-04-28T01:06:06+00:00,2026-04-28T01:06:06+00:00,1,133.243242,0,0,0,4.9299999939729726,1
0x65d8e0ee120d9efd5af7629813f59ba03a622542,2026-02-17T15:46:29+00:00,2026-03-10T23:08:45+00:00,4,59.842591,59.0,0,0,45.2399990020178833,4
0x65db623ee1843fe1aaf90f1c82cec6a967b973c4,2026-06-14T22:12:15+00:00,2026-06-14T22:12:15+00:00,1,0,0,49.649,0,49.549702,1
0x65dc1131f86b65aeff2c97a6b122e33dcd0faded,2026-06-09T19:23:21+00:00,2026-06-09T19:23:25+00:00,2,7499.994,0,0,0,29.999976,2
0x65e3d9a4e9754a1029dd690bf876e277fa8cf429,2026-05-15T03:46:55+00:00,2026-06-05T16:39:45+00:00,3,0,0,200.0,100.0,296.6000,3
0x65e9d88d8296455f43df7b094eeff7865053d776,2026-05-12T05:54:08+00:00,2026-06-03T05:10:28+00:00,4,0,0,180.602018,180.60,356.502656002,4
0x65ed74e191b680e6190a891ffe57202df0c7c73a,2026-04-26T14:08:22+00:00,2026-05-27T10:23:15+00:00,2,22.222221,22.22,0,0,1.3332990005556075,2
0x65f61241bf6a6fb90c6b8a2ef290c1b6e25ff0ad,2026-04-30T01:38:26+00:00,2026-05-01T12:30:36+00:00,2,179.54107,179.54,0,0,10.027119005322106,2
0x663b94359753f1645eea4fc397dab8cb075f1636,2026-03-24T23:41:47+00:00,2026-03-24T23:52:47+00:00,2,0,0,12.5,12.5,23.000,2
0x663d60a76bb41efad0c1b86d6e275e5a8fcfff42,2026-06-01T04:29:36+00:00,2026-06-09T02:37:51+00:00,4,0,0,1084.95,1084.95,2152.26957,4
0x663e96b79430308e40e3c4a13d289f4917e85597,2026-02-24T10:31:58+00:00,2026-05-13T04:22:16+00:00,2,12.0,12.0,0,0,6.1680,2
0x66407acd5d549b3bf966b08edc274a0a48543125,2026-05-05T05:55:46+00:00,2026-05-05T05:55:46+00:00,1,0,0,30.0,0,29.2800,1
0x664c1672c8b18ff46dfd40b250e4268ea42fdeef,2026-06-10T19:23:42+00:00,2026-06-10T19:23:42+00:00,1,0,0,1.032,0,1.029936,1
0x6651a80663286558fa08c02523b490e9fe682802,2026-05-15T19:24:03+00:00,2026-05-15T19:24:03+00:00,1,101.0,0,0,0,1.010,1
0x66645141ebe64429b7988b26820567d23ffbb643,2026-05-12T11:47:08+00:00,2026-05-12T15:52:22+00:00,2,0,0,7.29,7.29,14.31756,2
0x66729c3b7244e1d0bb393cade54db14bf249ffd7,2026-05-11T19:52:23+00:00,2026-05-12T00:58:14+00:00,3,0,0,17.10,17.1,33.48180,3
0x667685cfee71274a763b02a9ada8667a8ff3b216,2026-05-30T03:16:56+00:00,2026-05-30T03:16:56+00:00,1,111.111111,0,0,0,0.999998999000001,1
0x6686a706c621747eb352351aea428dde4adb7fcd,2026-05-17T04:46:17+00:00,2026-05-28T01:03:53+00:00,2,170.0,170.0,0,0,4.4200,2
0x66953a6c06a39604b7341f34c69ffc8f3796a976,2026-06-17T13:01:55+00:00,2026-06-17T13:01:55+00:00,1,4700.0,0,0,0,14.1000,1
0x669d9f1c82efde83aaa19b3e47e80cd4da7f7ab0,2026-05-03T09:56:24+00:00,2026-05-05T18:58:34+00:00,4,0,0,104.35,104.35,202.12845,4
0x669f50d603d64df370659e70956c01ba849df27a,2026-05-10T03:00:58+00:00,2026-05-10T03:00:58+00:00,1,294.117646,0,0,0,5.0000000114117646,1
0x66a1db98713015330a82f08273b682bee77e80d9,2026-03-23T14:44:25+00:00,2026-06-11T15:04:58+00:00,115,12928.497992,9038.170906,600.00,38.25,1492.5026040112260200,114
0x66b19bbdcbef11f042b0654b8cf48ac7d79e2a66,2026-06-10T10:22:19+00:00,2026-06-10T10:22:19+00:00,1,0,0,1.003,0,0.999991,1
0x66bc07c6a4ff47303bded48d1aa8e85739de621d,2026-05-22T09:55:16+00:00,2026-05-24T03:16:20+00:00,3,500.0,500.0,0,0,10.000,3
0x66c0040680180bb5e80425a82a6cd982cfdaef10,2026-03-05T02:23:13+00:00,2026-06-09T07:15:01+00:00,2,66.666665,66.66,0,0,20.2666390000000125,2
0x66ccca33279bce703d46e2f053b0d06a5635fdea,2026-05-06T19:30:44+00:00,2026-05-06T19:30:44+00:00,1,0,0,4.741176,0,4.5799759998800016,1
0x66f5678d155e6e13eece5c3a0cff822a98d3b326,2026-04-21T12:21:36+00:00,2026-05-04T15:35:52+00:00,161,14499.938066,9138.794298,0,0,992.1956509965080395,160
0x670eadff4aca25f6d2d0091d3d7255e7b9888c21,2026-06-01T02:16:53+00:00,2026-06-02T02:23:40+00:00,2,0,0,891.06,891.06,1766.08092,2
0x671a326088dea34b79c51947e4a92c83545a2f1e,2026-03-30T21:23:43+00:00,2026-05-29T01:25:39+00:00,16,0,0,1254.70526,0,1207.0899970,16
0x671e25dff0f297183c4e31aadd70ed422cd2c65c,2026-06-09T03:37:34+00:00,2026-06-09T03:37:34+00:00,1,236.0,0,0,0,1.1800,1
0x67246204a1e3d3cef1f65ae3f300087d902984ef,2026-05-17T15:04:25+00:00,2026-05-17T15:21:14+00:00,2,0,0,10.060333,10.06,19.9895509999879334,2
0x672ba4338b8436bbd61e1922b935a31118dab5c2,2026-06-05T08:08:03+00:00,2026-06-05T08:08:03+00:00,1,400.0,0,0,0,3.6000,1
0x672c55d1c554aecb549e41cf4f99606ecbea2885,2026-03-20T09:44:03+00:00,2026-03-31T07:15:01+00:00,2,0,0,3.707863,3.7,6.7779979999213893,2
0x673496d0b8e5025542a4612fdbe5dfd2d339c3d2,2026-05-18T03:38:41+00:00,2026-05-18T03:38:41+00:00,1,71.428571,0,0,0,0.9999990011428631,1
0x6736f3bc275834c5b7a0ddfe31227ef97c2bb6eb,2026-06-10T06:03:46+00:00,2026-06-16T17:17:20+00:00,2,0,0,560.0,560.0,1116.6400,2
0x674b7cdecbdc217fd259be944a9dfae02fe1f1af,2026-04-16T08:05:46+00:00,2026-04-16T08:05:46+00:00,1,500.0,0,0,0,30.000,1
0x674da9132a5e48e69ab9ccc53dd1d737d89baf3e,2026-06-09T16:11:24+00:00,2026-06-17T15:39:23+00:00,4,210497.999998,0,0,0,706.349999994,4
0x67755e11b47ae4348ab419ff43949bb0bd46745f,2026-03-03T08:25:31+00:00,2026-03-18T14:36:47+00:00,3,0,0,4.946393,4.94,6.6479989999477936,3
0x6785405533b87db3524126511ab7456036a022e8,2026-03-19T14:10:25+00:00,2026-03-28T01:46:55+00:00,3,250.0,0,0,0,22.000,3
0x67ac52aa754f556505d570d92e2b6a50f8784763,2026-05-10T02:31:06+00:00,2026-05-10T07:15:16+00:00,2,0,0,176.0,176.0,346.1920,2
0x67b22b32c3ccfddcc3dfca7facf03915031f6a9f,2026-06-12T17:46:27+00:00,2026-06-12T17:46:27+00:00,1,0,0,2.024,0,2.019952,1
0x67bc6af6806df61ba5144b125174ecf5f821d54e,2026-03-20T09:01:55+00:00,2026-05-02T09:26:24+00:00,443,0,680.07,107367.182164,0,100869.7727670477502789,428
0x67be8728afe0dd26c32d0839fb7334896cb4b912,2026-05-28T14:50:08+00:00,2026-05-28T14:50:08+00:00,1,4166.666666,0,0,0,49.9999991586666668,1
0x67c25c9e4e7616f24c00611a1c1a0cd32a0a96d4,2026-04-24T06:13:04+00:00,2026-04-24T06:13:04+00:00,1,21.739129,0,0,0,0.999998999217453,1
0x67c483c6dab545e0e8e214e98e485416dcca4622,2026-04-07T02:53:01+00:00,2026-06-13T19:30:46+00:00,3,600.00,600.0,0,0,49.2000,3
0x67d5aecc441c822e7f057a78f841a0c56b6a2f96,2026-05-15T13:19:35+00:00,2026-06-12T11:24:54+00:00,2,0,0,130.0,130.0,258.3100,2
0x67d9724692c53c0ab5db03e96553e017eaa7ab69,2026-06-12T18:43:12+00:00,2026-06-13T02:37:04+00:00,67,9999.800657,0,0,0,29.9994019797629657,67
0x67d98390556cca8b0245bb06808901b00429a3d2,2026-05-15T09:36:34+00:00,2026-06-06T03:07:16+00:00,3,0,0,200.0,100.0,296.7000,3
0x67fa9da37c8cc1b3e264fee40bef976dea241949,2026-05-18T08:20:56+00:00,2026-05-29T05:35:23+00:00,2,100.0,100.0,0,0,2.5000,2
0x67fd856d1bd159f54a280396b032efafe8a1e137,2026-06-13T18:13:40+00:00,2026-06-13T18:13:40+00:00,1,0,0,1.002,0,0.999996,1
0x6807b0d5e31591ebd80b32f07005fcacebae1a81,2026-06-10T18:53:34+00:00,2026-06-10T18:53:34+00:00,1,1666.666666,0,0,0,4.9999989980000004,1
0x6809dad066c28935b8ce3222ee490f914128ac68,2026-05-02T01:31:08+00:00,2026-05-02T01:34:20+00:00,3,0,0,19.98,19.98,38.32164,3
0x68166c1788c42b7eaf6d629f0560ec3f7ce5426e,2026-05-25T05:22:45+00:00,2026-05-25T05:22:45+00:00,1,1666.666666,0,0,0,19.9999989920000004,1
0x681e659a5be6896a002d01b200bbc37b7ee17aed,2026-06-17T13:04:11+00:00,2026-06-17T13:04:11+00:00,1,333.333332,0,0,0,0.999999996,1
0x6821a8631c31a86fb45233d41b0bed371d02c398,2026-06-07T12:50:21+00:00,2026-06-07T12:50:24+00:00,2,0,0,12.7536,12.75,25.3633320,2
0x68267159aa44db686dde8cb487953fd3e6e5cb77,2026-05-03T08:04:34+00:00,2026-05-03T08:04:34+00:00,1,51.28205,0,0,0,1.999999001282075,1
0x682c92615993fd1f75cdfe101efdc1a8adcb17ae,2026-04-01T09:40:11+00:00,2026-06-07T12:45:52+00:00,842,61219.541455,56593.068319,0,0,2033.4675700116850434,624
0x6839bc511329dd3cb0e9d2a17e962115a31f86b1,2026-05-05T08:30:18+00:00,2026-05-05T08:30:18+00:00,1,120.0,0,0,0,3.0000,1
0x683ab46bc8f3d5548d63bf9210d5ab4e2fb2274e,2026-03-19T15:10:29+00:00,2026-03-21T06:08:51+00:00,2,500.0,500.0,0,0,115.000,2
0x684d4a39fa7c3d1c70125f5762d8e185b31204cf,2026-06-16T06:25:07+00:00,2026-06-16T06:25:07+00:00,1,0,0,97.0,0,96.6120,1
0x685f7a6aa668edbd3233f7c2926ef809f7112b3b,2026-05-01T15:49:56+00:00,2026-05-16T23:00:13+00:00,2,53.636362,53.63,0,0,2.0917790020000288,2
0x686771a2681280b51b5075f6c987b838989af806,2026-06-01T21:18:00+00:00,2026-06-09T20:51:27+00:00,2,7859.166666,0,0,0,46.2699991040000002,2
0x686d22f9a4a1ae9b628e1a51d2e9603e6b61f509,2026-02-27T13:51:47+00:00,2026-02-27T16:08:23+00:00,2,4.444443,4.44,0,0,3.9091989997778916,2
0x6879a2c0c747afb19781188ed5dbccde6aca94a4,2026-05-12T13:55:44+00:00,2026-05-12T13:55:44+00:00,1,666.666665,0,0,0,9.9999989750000025,1
0x6881ddd4ece508aee8efeffc69a9faaa5461996b,2026-03-05T02:06:29+00:00,2026-03-07T05:05:47+00:00,4,36.92857,36.92,12.0,12.0,36.377599001357166,4
0x6895d15cbdc78672832539830302cc2133c73143,2026-05-08T12:30:36+00:00,2026-05-08T12:30:57+00:00,2,80.0,80.0,0,0,4.4000,2
0x68a36fd1bbe22d611aea7c1ed5d53afa2be8750a,2026-04-29T22:35:32+00:00,2026-05-27T17:57:17+00:00,3,849.420849,849.42,0,0,21.8918779930000014,3
0x68a9f10f16c0cc4bc1376ce4e78afc8c7257ccae,2026-05-17T16:10:41+00:00,2026-05-18T04:11:30+00:00,2,0,0,53.72,53.72,106.25816,2
0x68b39a0f9170520c005884741ed19999d5d7781e,2026-05-25T18:35:37+00:00,2026-05-25T18:35:37+00:00,1,71.428571,0,0,0,0.9999990011428631,1
0x68b5eec75f8d01263cc369da4dcda0b82aec0797,2026-05-27T22:28:01+00:00,2026-05-28T05:43:05+00:00,2,0,0,227.537923,227.53,448.924510001,2
0x68cbb3cb4f2983929c47cd11c2bdf5f9ffeee440,2026-05-07T10:53:24+00:00,2026-05-15T10:24:38+00:00,2,0,0,140.206166,140.2,274.6577810059793834,2
0x68d7c82fc36aa01338219f87ba5b8eb865360745,2026-05-05T12:55:20+00:00,2026-05-06T00:08:34+00:00,2,0,0,103.48,103.48,201.37208,2
0x68efd74e71f6b51ed746bb657266d06d8d406770,2026-04-26T20:29:18+00:00,2026-04-26T20:29:18+00:00,1,111.11111,0,0,0,5.000000005555555,1
0x68f021d7c88538400989195502504e5b6aec6964,2026-04-15T20:36:54+00:00,2026-04-16T03:55:56+00:00,2,0,0,26.56,26.56,50.1984,2
0x68fe494c5ca794f3f247f4ec2a8bf95e3ef28792,2026-03-13T07:03:45+00:00,2026-04-12T05:52:17+00:00,595,300288.059574,0,0,0,39558.5938255752434326,595
0x6906472b9b113886e261cf2b941995caf303f4f3,2026-06-01T06:43:11+00:00,2026-06-01T06:43:21+00:00,2,0,0,10.080625,10.08,19.989260000,2
0x691edd97a028d6c499ae45b72771e68854af1295,2026-06-03T05:49:19+00:00,2026-06-03T05:49:19+00:00,1,2.0,0,0,0,0.0180,1
0x6925cb4efe4318add037c7d54cc4002c91e3e21c,2026-05-30T14:36:05+00:00,2026-05-30T15:15:31+00:00,5,3577.983714,3577.98,0,0,53.669725998,5
0x69263f0284f5fe44fc4a31d7e62d16b8886c83d8,2026-06-11T13:18:31+00:00,2026-06-11T13:18:31+00:00,1,0,0,1.002,0,0.999996,1
0x6979680e4747a1a940b5c287969697690e5a7648,2026-06-16T22:12:38+00:00,2026-06-16T22:12:38+00:00,1,0,0,43.4165,0,43.3296670,1
0x6980940714818120e024de4b1c1667055dbbad28,2026-05-01T14:24:10+00:00,2026-05-01T14:24:10+00:00,1,31.44,0,0,0,1.000000000752,1
0x698192238b56a2432ab399fcb2db3dad2f85b18b,2026-05-26T08:19:30+00:00,2026-05-26T08:22:00+00:00,2,0,0,1.014142,1.01,1.9947940000331244,2
0x69914ce4c1caac17fb035f97867cd7fe03e9b08a,2026-06-17T03:15:48+00:00,2026-06-17T03:15:48+00:00,1,0,0,10.02,0,9.99996,1
0x6992d56559dd30b5b5d0f5ca3d5427f9e94e6c1d,2026-05-15T11:14:22+00:00,2026-06-01T16:03:06+00:00,44,100999.9958,33645.666708,0,0,1572.1575630710495167,44
0x69935a08e316ae1dac6117beb91cdd32b0601ed2,2026-05-12T08:34:06+00:00,2026-05-12T10:20:48+00:00,7,0,0,184.994544,184.99,361.8448850001817872,7
0x69a037d1c61785cc12d804f9a419c1a83cff590c,2026-04-09T23:07:55+00:00,2026-04-12T09:32:53+00:00,9,93.9989,0,0,0,6.389901,7
0x69a07a815b8557b26a2e375b1038ae6c090a3eaf,2026-05-04T15:30:42+00:00,2026-05-04T15:30:42+00:00,1,13456.0,0,0,0,403.680,1
0x69af844d4fbacebfc1c4124b0978801db3600a19,2026-03-18T23:31:53+00:00,2026-05-01T06:47:28+00:00,133,0,0,5491.266274,5491.256516,10318.7826610020788731,123
0x69bbcb54ba1d9ec2c72420fbc04f950a14e9a4eb,2026-05-15T06:59:20+00:00,2026-06-01T02:30:17+00:00,5,0,0,35.358682,35.35,69.9560179988847564,5
0x69cc3370b3fac156d4377a73151385953030f225,2026-04-01T23:47:41+00:00,2026-04-19T23:37:00+00:00,2,28.571427,28.57,0,0,2.8856689985714776,2
0x69d90a39eab6eaec7e1ae1925e2ddc9c62b44365,2026-05-18T01:52:26+00:00,2026-05-18T12:32:54+00:00,2,0,0,91.18,91.18,180.26286,2
0x69dbebe04059e94cfac6fa7ba51493fca708362c,2026-04-27T13:16:58+00:00,2026-04-27T13:17:06+00:00,2,50.0,50.0,0,0,4.0500,2
0x69dbf8676c4a008504d256c3222d4ff1a5c5e259,2026-05-11T10:10:31+00:00,2026-05-11T10:10:31+00:00,1,69.0,0,0,0,1.380,1
0x69e01e3bea858092b649efd292110ab609c9dd94,2026-06-03T04:53:52+00:00,2026-06-03T04:53:52+00:00,1,111.111111,0,0,0,0.999998999000001,1
0x69e4f0548c7921b59e205c11e39c3f3c340e2101,2026-02-16T02:37:59+00:00,2026-03-10T13:17:03+00:00,6,130.265305,130.0,0,0,104.7199990003061605,6
0x69e73dfc6d7016d35139927389df4c94aa8f0824,2026-05-02T11:29:08+00:00,2026-05-09T01:24:52+00:00,2,2546.735,2546.73,0,0,135.6542199887435,2
0x69ee7ebd899c62265feebfa6e6a868af7ec8c4e5,2026-06-17T07:26:05+00:00,2026-06-17T07:26:05+00:00,1,333.333333,0,0,0,0.999998999000001,1
0x69f0c154a3412f2b3fa7eb22c6d08e6b5b32fb27,2026-05-26T14:28:48+00:00,2026-05-26T14:28:48+00:00,1,0,0,75.0,0,73.8000,1
0x69f9a54d6ad077b01cadcdbe8c3cb8ef6f358f3f,2026-05-04T11:49:42+00:00,2026-05-04T11:49:42+00:00,1,0,0,2.562239,0,2.4699979998778506,1
0x6a07bd457097672beaa7576de4a2911b8f412952,2026-05-19T01:26:07+00:00,2026-06-16T09:00:39+00:00,81,0,0,783.555707,783.49,1561.0234009999603843,81
0x6a200fba6b964092697fe0ba6c3d121e33191bc8,2026-06-10T13:52:10+00:00,2026-06-10T13:52:10+00:00,1,333.333333,0,0,0,0.999998999000001,1
0x6a29eb19eb42b8186f293bdb2be60b4cbeac9ba3,2026-02-01T09:04:28+00:00,2026-06-05T02:21:25+00:00,2,7.36842,7.36,0,0,4.258878999894794,2
0x6a348228e799eb0c8c7c726d4d3865128bffb2a5,2026-05-14T03:51:24+00:00,2026-05-14T11:12:50+00:00,2,0,0,183.0,183.0,361.2420,2
0x6a39451a18c8a1a2fe4de638067625436f78afeb,2026-04-24T13:00:18+00:00,2026-04-27T14:37:12+00:00,2,379.069766,379.06,0,0,31.5713290076535850,2
0x6a404f060ab084322c2a209fb3d4eb328055599e,2026-03-29T12:07:12+00:00,2026-03-29T12:07:12+00:00,1,14.285713,0,0,0,0.9999990000000819,1
0x6a41d775742c5c2c24171ed3adfd0c5405e5d75d,2026-06-16T23:55:31+00:00,2026-06-16T23:55:31+00:00,1,0,0,4.9695,0,4.9595610,1
0x6a4829e7cbeb4762db5fa983f4df7cd2ceca8ad3,2026-04-27T13:16:58+00:00,2026-04-27T13:17:06+00:00,2,40.0,40.0,0,0,3.2400,2
0x6a4b8a696f2c5a66939d79ae5a75b0cf1246e496,2026-06-11T06:17:24+00:00,2026-06-11T06:17:24+00:00,1,1000.0,0,0,0,3.0000,1
0x6a678ca367432d28cb6aa55bb6bc57d8f53bdf6f,2026-03-18T21:12:33+00:00,2026-04-08T01:29:11+00:00,38,1999.965044,1999.959088,0,0,608.7386580211978395,38
0x6a688f95975d851a8638ec9e96759081b8a39209,2026-04-30T13:40:42+00:00,2026-05-21T12:38:23+00:00,3,58772.890504,58772.89,0,0,1924.9848893232646005,3
0x6a6a012fd9353c0a855cfb151aa7328efc663308,2026-04-25T07:45:18+00:00,2026-04-28T07:10:52+00:00,2,0,0,10.4712,10.47,20.0826060,2
0x6a6dd6532911c5774f407199215cddd80bf64306,2026-06-05T07:48:07+00:00,2026-06-07T11:07:24+00:00,4,0,0,770.0,770.0,1529.9940,4
0x6a84ea5c633000f6143b08cfc02ea49f6f030568,2026-06-07T17:25:27+00:00,2026-06-07T17:25:27+00:00,1,0,0,1.035,0,1.029825,1
0x6a8bd7bbc39710ca3a13004d6f230f8e4fa7a7c1,2026-05-30T16:23:11+00:00,2026-05-30T16:23:11+00:00,1,125.0,0,0,0,1.0000,1
0x6a8d8978c7896f9b64a13f3b9351d5b6ced8e886,2026-05-29T10:57:47+00:00,2026-06-02T03:08:20+00:00,2,0,0,10.223071,10.22,20.2079679998661574,2
0x6a944e6ade26cb35c10d83d7f4db09941819b59f,2026-03-26T18:37:19+00:00,2026-03-26T18:37:19+00:00,1,2222.222221,0,0,0,199.9999990011111116,1
0x6a95d2a3ab5aca5d8bebc3ee3578e80984590ded,2026-06-07T18:19:51+00:00,2026-06-07T18:19:55+00:00,2,0,0,11.9396,11.93,23.7383220,2
0x6aac943f5401cf3cde5b0b4c75c7db5019555bdc,2026-06-16T18:01:40+00:00,2026-06-17T06:24:10+00:00,2,0,0,52.4,52.4,104.5904,2
0x6ab49debd4475b4e29230824b9b4bab05a0b02d6,2026-06-15T23:36:30+00:00,2026-06-17T03:43:56+00:00,3,42864.940666,0,0,0,191.9999992073436677,3
0x6adb6ccac832eb8e2e05ff867e1540dd60e796d9,2026-04-18T18:42:26+00:00,2026-04-18T18:42:26+00:00,1,172.833332,0,0,0,9.9999989969043948,1
0x6ae0775d67368f9546636fc28763459263b9e59e,2026-05-19T08:07:29+00:00,2026-05-19T08:07:29+00:00,1,100.0,0,0,0,1.000,1
0x6aef3a99145ef0e3e77652720d8c8712bbff2a38,2026-05-15T07:49:25+00:00,2026-06-05T17:16:03+00:00,3,0,0,200.0,100.0,296.7000,3
0x6afc56557386f6425e8e423ff649a106cff8f8f6,2026-05-02T14:13:40+00:00,2026-05-02T14:13:40+00:00,1,2500.0,0,0,0,100.000,1
0x6b114a743d6eeceba3e58451a4d5609ed078fb38,2026-05-02T14:04:34+00:00,2026-05-08T07:01:22+00:00,8,0,0,241.84,241.84,468.839079999884,8
0x6b148682c374c4449cfb572e9d41a2c65f053e42,2026-05-21T13:21:28+00:00,2026-05-21T13:21:28+00:00,1,2222.222222,0,0,0,19.999999998,1
0x6b194baee34527e55a55cd0d68d0846745a46759,2026-05-20T11:12:44+00:00,2026-05-20T16:51:16+00:00,3,199.991,0,0,0,1.99991,3
0x6b1a7f4169ccc7592cd7a7648ac3818a103fe343,2026-04-14T09:19:27+00:00,2026-04-14T09:19:27+00:00,1,40.0,0,0,0,2.000,1
0x6b1dae89c9dd098f57ea65e076a40eb48ba6134d,2026-06-12T12:17:55+00:00,2026-06-12T12:17:55+00:00,1,0,0,1.002,0,0.999996,1
0x6b1e26ceca393249536981843feddccc64b506c0,2026-06-07T07:48:33+00:00,2026-06-07T12:32:52+00:00,2,0,0,13.052,13.05,25.997592,2
0x6b2fe9c5d051dcd7575e1d87e4db1478ca808186,2026-05-24T14:58:07+00:00,2026-05-29T06:17:14+00:00,2,0,0,125.2,125.2,247.1448,2
0x6b3772da2becebbb8db65021ea94cc4a00ba13b3,2026-06-12T12:12:46+00:00,2026-06-15T10:40:12+00:00,2,1583.333333,0,0,0,5.999998999000001,2
0x6b392c19956e3d74a1a1e461fab247308c71cc30,2026-06-06T19:03:09+00:00,2026-06-07T09:06:49+00:00,2,0,0,91.94,91.94,182.77672,2
0x6b3ea46c29e41ba749531bc7ae2d44cc2a8b12a6,2026-06-06T15:44:18+00:00,2026-06-10T23:33:33+00:00,2,0,0,3160.0,3160.0,6291.5600,2
0x6b40397d8ee69c5d8bdc4a6fb9a80f96c2998525,2026-05-26T09:24:32+00:00,2026-05-26T09:24:32+00:00,1,75.333333,0,0,0,1.1299990006000044,1
0x6b57b23719376ee2841db4147f62a5b800413149,2026-06-12T09:01:06+00:00,2026-06-12T09:01:06+00:00,1,0,0,1.002,0,0.999996,1
0x6b5e92a88b6e615ddc898200dd38242b0862f34b,2026-05-08T14:13:31+00:00,2026-05-08T14:13:31+00:00,1,0,0,2.0408,0,1.999984,1
0x6b67f1d18691bd34fb3edd2064db1a8133abc179,2026-05-25T18:21:25+00:00,2026-05-30T21:16:03+00:00,2,71.5,71.5,0,0,1.6445,2
0x6b6e8efeadca3d2c96bc60be7fbc730ee0125515,2026-06-05T12:55:03+00:00,2026-06-09T15:43:00+00:00,3,5500.0,5499.99125,0,0,77.96472000,3
0x6b6e93a6f2108f2b2addce05a2309623e7ff6bab,2026-06-11T09:57:43+00:00,2026-06-11T09:57:43+00:00,1,0,0,1.002,0,0.999996,1
0x6b787b168db2c7733ab118e30c28bcbdd969bd55,2026-04-29T06:54:42+00:00,2026-05-04T15:42:48+00:00,2,23.255812,23.25,0,0,1.4882489997210072,2
0x6b872df75e1d8a46941abe78de42030c6f3e7295,2026-05-22T14:16:43+00:00,2026-06-04T06:21:13+00:00,4,29797.775454,27297.77,0,0,638.4956112732543892,4
0x6b88ebd2a40e6b4f4c79d5f2cd9244c799fa1fd0,2026-05-03T15:12:02+00:00,2026-05-03T20:38:36+00:00,3,27.027026,27.02,0,0,1.9727199998378364,3
0x6b8f986bf80a10ac0a21de79449bd8160a8e46dc,2026-06-07T16:52:51+00:00,2026-06-07T16:52:51+00:00,1,0,0,1.025,0,1.019875,1
0x6ba125ed4012e4e3e9a7888eb1c06040d75d0d6e,2026-05-27T22:20:29+00:00,2026-05-27T22:20:29+00:00,1,3000.0,0,0,0,45.0000,1
0x6bb845d933126d8aa48c7223e4776c50ba5e1115,2026-05-24T09:51:27+00:00,2026-06-14T19:46:24+00:00,4,0,0,778.95,778.95,1551.16840,4
0x6bb9b217769efbe8892d404d2f76092bdf3473e9,2026-06-13T10:18:15+00:00,2026-06-13T10:18:15+00:00,1,666.666666,0,0,0,1.9999989980000010,1
0x6bbb46dd1da03f199f4f08fda5422aafb477d491,2026-06-07T09:39:03+00:00,2026-06-07T09:39:03+00:00,1,400.0,0,0,0,2.0000,1
0x6bbcd5873ef33aba7c344c3cbddf2e8c50bbc03c,2026-05-29T22:33:25+00:00,2026-06-16T08:02:58+00:00,3,3090.909089,90.9,0,0,16.7271989971818388,3
0x6bcd48f75827ddb6f965f7d96727e10adc3406b9,2026-05-03T18:54:46+00:00,2026-05-04T23:25:34+00:00,19,6600.0,3137.0,3462.930456,0,3640.8957107953113637,19
0x6bd12b345432033ce8321e3c5d0384616694779c,2026-04-03T21:32:27+00:00,2026-04-03T21:32:27+00:00,1,16.666665,0,0,0,0.999999000000090,1
0x6bdbbbf6b7a21c1bb1e83d5ba4c01ac1c4b64496,2026-06-07T12:45:52+00:00,2026-06-07T12:45:52+00:00,1,217606.483333,0,0,0,999.9999967210631829,1
0x6be584707a7815b26966d192516d91778c5b1d7d,2026-06-13T16:40:48+00:00,2026-06-13T16:40:48+00:00,1,333.333333,0,0,0,0.999998999000001,1
0x6bf76476541a93fafe8dcebcc5cc60bcb9671769,2026-03-12T06:17:17+00:00,2026-03-18T21:14:03+00:00,12,0,0,60.0,0,44.100,12
0x6c00633166e339f4656898687a3d4695c02bc842,2026-05-10T08:46:23+00:00,2026-05-12T12:54:27+00:00,3,0,0,50.993528,50.99,100.3007990000139688,3
0x6c0144962db0b6e3561ff1cb261ad2d2002ebcab,2026-04-29T14:05:56+00:00,2026-04-29T14:05:56+00:00,1,125.0,0,0,0,5.000,1
0x6c08208c8f6c69b7198eea0f9fcd1dc2f5f15c69,2026-05-13T14:34:22+00:00,2026-06-16T17:01:11+00:00,69,12400.00,3200.01,4821.568458,0,4907.4039699844615100,66
0x6c0d1765748b63709fe4615eef57b605a8eacf09,2026-05-09T01:55:07+00:00,2026-05-09T01:55:07+00:00,1,133.333332,0,0,0,2.0000000066666664,1
0x6c12a369df064c4ed0ccc86b5e0b16d6140d748f,2026-06-08T00:04:28+00:00,2026-06-13T05:10:51+00:00,3,658.53,658.52,0,0,5.66681,3
0x6c166fc491e65623b761e1f57750b5f867c9e5ef,2026-05-13T03:18:45+00:00,2026-06-03T07:20:05+00:00,3,0,0,178.049691,89.34,264.1784930010659934,3
0x6c1fb68a250c75dcb321c56e1f21891d330787fc,2026-04-30T14:59:14+00:00,2026-04-30T15:28:38+00:00,3,15048.606094,0,0,0,478.4499969894884181,3
0x6c202a705e1d9bb73ea0b9bc4bac2a817b8b2f0b,2026-06-16T11:39:37+00:00,2026-06-16T11:42:04+00:00,12,0,0,297.18850,297.18,591.69384600,12
0x6c3789734ebd5c9494932e4936b7cc20cfdcd40f,2026-04-01T15:01:13+00:00,2026-06-15T23:29:07+00:00,246,10173.591699,10173.587818,0,0,433.6947770011196697,244
0x6c3a4d133edf76924e533547b35b19e177e8631e,2026-06-16T09:17:10+00:00,2026-06-17T12:59:41+00:00,2,200.0,200.0,0,0,1.4000,2
0x6c505488566cfee917119b54689fcdd5b8e49d59,2026-05-13T04:34:49+00:00,2026-05-13T04:35:10+00:00,2,0,0,1.014197,1.01,1.9948480000125958,2
0x6c5855321e2922f1d430e2ed309c2a4fa602cbef,2026-02-02T04:09:54+00:00,2026-02-02T04:09:54+00:00,2,60.0,0,0,0,30.600,2
0x6c5bfbc30bc028d3a4a54aac4fef19c58c80ac38,2026-05-13T03:40:21+00:00,2026-05-13T19:08:09+00:00,2,0,0,33.0,33.0,65.1750,2
0x6c5cf72d2f91f3569ff7ab126e06b18732dc62f1,2026-05-18T07:26:46+00:00,2026-05-18T07:26:46+00:00,1,1666.666666,0,0,0,19.9999989920000004,1
0x6c69968d093387f7ae66ad943cc4618cc951b30e,2026-05-11T04:27:40+00:00,2026-05-11T04:27:40+00:00,1,47.619046,0,0,0,0.9999989993333662,1
0x6c75046ebe7932c3b6324a8fd0de448d79c9d854,2026-02-28T19:01:19+00:00,2026-04-04T15:00:13+00:00,6,0,0,28.0,28.0,43.830,6
0x6c77b8733297bc9702d3c72283c7918cdc8aa514,2026-04-30T01:06:36+00:00,2026-05-25T23:24:40+00:00,1301,0,0,13794.335963,13794.328926,27204.1000790001277439,1300
0x6c98bcbeb8d9fcce6829597eed52c16ce25c0797,2026-06-10T06:07:13+00:00,2026-06-11T03:02:55+00:00,28,2770.0,2770.0,0,0,15.9500,28
0x6c99e24d021a4c931def2dae93cf50b6402a8807,2026-06-06T14:39:09+00:00,2026-06-07T10:59:12+00:00,4,0,0,51.92,51.92,103.31664,4
0x6c9f0f2cf18a74b72ee9d481ee777ae6c51f1a7e,2026-03-01T23:22:51+00:00,2026-03-10T10:37:29+00:00,3,10.618276,10.61,0,0,7.9256979996776204,3
0x6ca518ff856b2cb7394f6a574bed9032ef591a3c,2026-03-09T08:16:15+00:00,2026-03-09T08:16:15+00:00,1,50.0,0,0,0,15.500,1
0x6cb4eb61222b95afea373457cb01e547e0af6191,2026-05-31T07:43:45+00:00,2026-06-11T02:24:39+00:00,3,0,0,405.0,405.00,804.63375,3
0x6cb91e653a8c5026428f36229f65de886fc34f81,2026-05-13T12:05:02+00:00,2026-06-16T19:27:41+00:00,3,1866.666666,200.0,0,0,10.1999989980000004,3
0x6cc1d1c0eb4fe541b4d36de2de0bce602480125d,2026-06-16T14:28:31+00:00,2026-06-16T14:28:31+00:00,1,0,0,82.0,0,81.7540,1
0x6cc9455943f4071641f9ca0ebaeb08224f25f646,2026-06-11T08:54:42+00:00,2026-06-11T08:54:42+00:00,1,0,0,1.002,0,0.999996,1
0x6cda8602fec17ffed8ab608694700f581bf16b40,2026-05-25T20:19:22+00:00,2026-06-04T12:44:22+00:00,3,6887.003998,6887.0,0,0,149.0089987874218880,3
0x6cef7402e1e3011ed4d14c1f3c3b1d12eb7af7a7,2026-05-19T00:45:05+00:00,2026-05-19T00:45:05+00:00,1,111.111111,0,0,0,0.999998999000001,1
0x6cf84b94467d30a00d7d7c52dd6638db1b4c96cf,2026-05-25T12:17:53+00:00,2026-06-13T11:53:04+00:00,7,0,0,1283.68,1283.68,2543.682470061888,7
0x6d0c356890967b2cb397788cfdbb28e22b0ab842,2026-05-04T13:27:50+00:00,2026-05-04T17:33:12+00:00,2,0,0,3.83,3.83,7.43786,2
0x6d21a6423a1514d972c5f4e4bbc98333f77cf0e5,2026-05-04T15:30:42+00:00,2026-05-07T01:29:43+00:00,2,200.0,200.0,0,0,12.049690000,2
0x6d2d800d8fe4500866929f982241c9bf0ec58d0f,2026-06-05T04:21:00+00:00,2026-06-11T14:40:57+00:00,2,0,0,42.0,42.0,83.5380,2
0x6d43a276818ccc2de7cf7607f05ace1893c83d45,2026-05-13T13:52:46+00:00,2026-06-04T13:39:16+00:00,2,0,0,9.118538,9.11,18.0371169996170234,2
0x6d58028620ef3ed434d0744e261a908443f2911e,2026-06-14T01:29:07+00:00,2026-06-14T01:29:07+00:00,1,0,0,28.206,0,28.149588,1
0x6d5b270c89ac56d1b5c92f85373e82d98f8a4f5a,2026-04-30T08:24:52+00:00,2026-05-08T12:35:21+00:00,4,0,0,300.0,300.0,585.5000,4
0x6d6acbaa21c9c16a445773f1d1b77d24d7f8efc7,2026-03-31T03:34:03+00:00,2026-03-31T06:23:03+00:00,2,0,0,800.0,800.0,1504.000,2
0x6d700af139da809aecbd111630c85ac3fcfd07f8,2026-05-27T03:00:35+00:00,2026-05-27T03:00:35+00:00,1,0,0,1.419857,0,1.3999790000122002,1
0x6d857352146dff12a993c3a1344225806eb2924f,2026-05-01T05:58:14+00:00,2026-05-08T10:13:11+00:00,6,0,0,129.11,129.10,250.47828,6
0x6da19380335fc937479d117339b182590b050b9d,2026-05-01T23:03:06+00:00,2026-05-18T06:04:37+00:00,2,24.390242,24.39,0,0,1.2438990000488524,2
0x6db959e950eeeeee5c3cc8c8421160f63eda6eb4,2026-05-02T09:20:18+00:00,2026-05-02T09:20:18+00:00,1,25.641024,0,0,0,0.9999990001026240,1
0x6dc4bf9d9be9b28e303c3ff1c403fc04e3bc6770,2026-05-03T03:46:00+00:00,2026-05-03T03:46:00+00:00,1,0,0,200.0,0,192.6000,1
0x6dc7a53440ba2bded54a52f7ad98237c10703bad,2026-05-04T21:24:06+00:00,2026-05-05T01:28:12+00:00,2,0,0,30.03,30.03,58.64859,2
0x6dca747d1c1571af6cf3394645b384bf1fa80a09,2026-06-13T10:29:34+00:00,2026-06-13T10:29:34+00:00,1,0,0,2.004,0,1.999992,1
0x6ddafbb0427b73983be3147c4cfc54734a38311a,2026-04-07T06:18:39+00:00,2026-04-07T13:06:45+00:00,2,0,0,1.08695,1.08,1.9827940,2
0x6ddb4496d1395e58be2fc7e3ab309d6586a13f22,2026-06-09T20:11:33+00:00,2026-06-09T20:11:33+00:00,1,0,0,1.123333,0,1.1199629999890003,1
0x6dde6b1b50bb9c47a58ab903f2909276b0968be4,2026-06-09T16:28:19+00:00,2026-06-13T04:44:22+00:00,3,233.0,233.0,0,0,1.6310,3
0x6de1cd0144f7b5523109dade74c8d9e2166b843b,2026-06-12T02:46:24+00:00,2026-06-12T02:46:24+00:00,1,0,0,1.142,0,1.139716,1
0x6df766e3e23ecf297342f37b5783ac066fb8afb0,2026-05-07T15:36:40+00:00,2026-05-07T15:36:40+00:00,1,720.47,0,0,0,21.6141,1
0x6e10e0d02e3148f849d0119eea3fd45e0997c26f,2026-03-26T10:53:25+00:00,2026-03-28T03:08:11+00:00,33,7058.392524,7058.39,0,0,1103.7587020064726496,33
0x6e13480815865f34a4f9ba9d5b3987cd0b8927c5,2026-05-18T21:30:16+00:00,2026-05-30T02:45:23+00:00,2,0,0,28.95,28.95,57.52365,2
0x6e2aada65f61f32364e62712a50dc80bd0b6c227,2026-05-07T13:32:21+00:00,2026-06-11T14:07:15+00:00,8,0,0,970.8,970.80,1903.14120,8
0x6e2e99fdc8cd6c3be25bdb9b6a26cc67153779bf,2026-05-13T01:18:57+00:00,2026-05-13T01:18:57+00:00,1,66.666665,0,0,0,0.9999990016666910,1
0x6e424f0601ed06c961e664964cab4e81ea3d6299,2026-06-10T17:43:00+00:00,2026-06-10T17:43:00+00:00,1,0,0,1.002,0,0.999996,1
0x6e50b13f1499835c6ece61686a450168d140948a,2026-04-15T05:54:54+00:00,2026-04-15T05:54:54+00:00,1,500.0,0,0,0,30.000,1
0x6e6375b9d755a1b2a3bc8cc80ef07deac1368ce3,2026-04-29T14:13:56+00:00,2026-04-29T14:13:56+00:00,1,300.0,0,0,0,11.7000,1
0x6e686ac4ab19f196da8dccdeb796a211e2b51030,2026-05-27T20:41:54+00:00,2026-05-27T20:41:54+00:00,1,5000.0,0,0,0,75.0000,1
0x6e705398435efc5eea6dfba0d18ed1108e0aac02,2026-06-15T05:09:10+00:00,2026-06-15T05:09:10+00:00,1,0,0,38.647,0,38.569706,1
0x6e784f379502a552afa28a61795efd4ef9b2dad0,2026-06-15T08:00:00+00:00,2026-06-15T08:00:00+00:00,1,400.0,0,0,0,1.2000,1
0x6e7902e27a03f628071fad24275ff26e11ff3996,2026-06-07T18:29:22+00:00,2026-06-07T18:29:22+00:00,1,333.333332,0,0,0,1.999999992,1
0x6e7bfda0d3c0faba7b18ba3e85926f886d20e17e,2026-01-30T19:43:52+00:00,2026-02-01T17:38:28+00:00,2,0.23,0.23,0,0,0.2070,2
0x6e832799b69f6d3cd572b88982cae2aac6417511,2026-05-03T22:53:50+00:00,2026-05-08T00:00:06+00:00,4,0,0,106.07,106.06,205.30755,4
0x6e860838e87356751df40c4e0f06602a7b856502,2026-03-10T10:02:49+00:00,2026-06-03T06:44:37+00:00,2,1068.55263,0,0,0,34.999998996875325,2
0x6e89b8fd805689873532c99187c189c20c29cd5b,2026-06-09T16:25:57+00:00,2026-06-10T15:05:22+00:00,2,0,0,9.036,9.03,18.002766,2
0x6e8daa1a1aab08904b7dc945d70bc427afcbb370,2026-04-26T09:44:16+00:00,2026-04-26T09:44:16+00:00,1,80.0,0,0,0,4.4800,1
0x6e8dc6f1bbc37bee6e5947100005a8a0f1ec587d,2026-05-15T13:58:10+00:00,2026-05-15T13:58:10+00:00,1,8159.090908,0,0,0,89.749999988,1
0x6e8e82f9024413d8d4a47cdfd9b859fe781c576b,2026-06-17T09:10:10+00:00,2026-06-17T19:37:37+00:00,2,0,0,53.36,53.36,106.50656,2
0x6e8eec5793d96234f007257cf54c3fc0cf714cac,2026-04-05T07:30:37+00:00,2026-05-06T15:35:44+00:00,5,0,0,399.99,399.980868,753.2049380001089644,5
0x6e8f3d0af6d97a7ad44e977aa02c8e94a3bdb001,2026-04-16T12:40:02+00:00,2026-04-16T12:40:02+00:00,1,25.0,0,0,0,1.500,1
0x6e910e71935be25e3c1daf89aa5486ae698088c1,2026-06-12T01:11:39+00:00,2026-06-16T00:07:25+00:00,2,8133.333333,0,0,0,25.9999992656666667,2
0x6e95aa0f3cdf26c428c185fe2839d35a13133dce,2026-06-15T01:24:43+00:00,2026-06-15T01:24:43+00:00,1,0,0,7.134,0,7.119732,1
0x6e995ce66f7ec0237ce94db760d940bdc2eb72a0,2026-05-05T08:26:40+00:00,2026-05-05T08:26:40+00:00,1,400.0,0,0,0,10.0000,1
0x6e9e81fa0df2622f2cbadfc427715cb06f1bbf57,2026-05-14T08:50:21+00:00,2026-06-05T13:07:24+00:00,3,0,0,200.0,100.0,296.6000,3
0x6ea32b39eaf57d9464893a2fd295eb55b0f29a76,2026-05-12T12:41:21+00:00,2026-05-13T19:39:49+00:00,19,0,69913.459999,0,0,1016.8531679880000056,19
0x6ea36d656f9164d3489d5ab026b8b90d64825dfb,2026-03-22T21:50:57+00:00,2026-05-14T16:26:10+00:00,2,0,0,4.444443,4.44,8.3778380000002275,2
0x6ea9398078b5ffee7a70fde8ba1e5a69384bce7d,2026-04-28T05:16:58+00:00,2026-04-28T06:22:40+00:00,2,0,0,124.61,124.61,240.12347,2
0x6ec3a3b11fc577cb199bedabe0e46cc17ecc7583,2026-03-23T13:43:15+00:00,2026-04-04T21:55:17+00:00,2,33.333332,33.33,0,0,4.3331990000000352,2
0x6ec8b4dff8f90a08b6df2ef8cf30f42be6df10dc,2026-06-12T10:23:51+00:00,2026-06-12T10:23:51+00:00,1,0,0,1.002,0,0.999996,1
0x6ed23033f9adb192e19c3f02be28d9c2dcdd203f,2026-05-29T14:16:56+00:00,2026-05-29T14:17:14+00:00,2,0,0,99.19025,99.19,195.90049700,2
0x6edba0b899532d7c8940c3695fa7332ff35d5641,2026-05-30T20:22:49+00:00,2026-05-30T22:27:37+00:00,2,0,0,351.280125,351.28,695.885804000,2
0x6eded74b3fca5ce85779d7000b4fdfeb029bdc76,2026-06-04T19:35:01+00:00,2026-06-05T13:20:24+00:00,3,0,0,18.76,18.76,37.23860,3
0x6ee52128526ece238e2ece792519a9177233501a,2026-06-01T02:17:48+00:00,2026-06-02T02:24:03+00:00,2,0,0,896.5,896.5,1776.8630,2
0x6ef4acff43195fbc3315fb9b7760bab8b76e1183,2026-03-26T10:15:19+00:00,2026-03-26T10:15:19+00:00,1,11.11111,0,0,0,0.99999900000009,1
0x6ef9743e432eb6af6ec1f3be9bd4a4fbb8a31450,2026-02-25T05:39:54+00:00,2026-03-09T20:35:51+00:00,2,2.083332,2.08,0,0,1.5823990000002304,2
0x6f0e891c8531196ecae6ab1a0454d6636c323165,2026-05-09T08:00:08+00:00,2026-06-05T15:15:16+00:00,14,7599.981465,0,0,0,61.9997220003857588,14
0x6f1111cae6e880ed905683111378493cf9ffe4f0,2026-05-17T16:10:41+00:00,2026-05-18T04:04:04+00:00,2,0,0,90.72,90.72,179.44416,2
0x6f1202c04b6e83f66949c83a28844f6af0860777,2026-06-16T19:24:43+00:00,2026-06-16T19:24:43+00:00,1,333.333333,0,0,0,0.999998999000001,1
0x6f1bbabceb11d8a52bc048267557acc7e3802ace,2026-05-14T14:04:06+00:00,2026-05-14T14:04:06+00:00,1,0,0,4.127785,0,4.0699960000933160,1
0x6f2ca481cc53e5400f6f060e614bd825283ee130,2026-06-03T19:45:07+00:00,2026-06-05T04:41:01+00:00,10,202.490375,202.49,0,0,3.442333000,4
0x6f323a8a96ae15ba044c4847fc275621f26178ce,2026-03-19T12:52:11+00:00,2026-03-19T12:52:47+00:00,2,0,0,200.0,200.0,352.000,2
0x6f33dee053f202f83c236084d491574f767087e9,2026-06-07T18:22:15+00:00,2026-06-07T18:22:15+00:00,1,2166.666665,0,0,0,12.999999990,1
0x6f390b6cc4807a72d3fc49ae38d8d14f98e0ad0d,2026-04-23T18:15:18+00:00,2026-04-23T18:15:18+00:00,1,19.607843,0,0,0,1.0000000008431372,1
0x6f3ebff28d0053e344b16964877faddbf9b8cb61,2026-02-23T04:05:06+00:00,2026-06-09T07:42:39+00:00,2,222.222221,222.22,0,0,100.888879005555558,2
0x6f3f0b8b3a27568e2c2d340cb7af86df7c911819,2026-06-17T04:54:23+00:00,2026-06-17T04:54:23+00:00,1,333.333333,0,0,0,0.999998999000001,1
0x6f610aaf3abb28cc77871d585adf4c6589230f2d,2026-05-17T18:44:53+00:00,2026-05-18T08:44:53+00:00,2,0,0,117.23,117.23,232.11540,2
0x6f687dea85745983e0970ba5be5abe039173d121,2026-06-02T17:05:35+00:00,2026-06-02T17:05:35+00:00,1,0,0,1.029222,0,1.0199590000444782,1
0x6f6e34540e4e5c41dfd18927acad6b48eacb16bf,2026-06-12T12:38:12+00:00,2026-06-12T12:38:12+00:00,1,0,0,1.002,0,0.999996,1
0x6f74efedfda5761a8cdee642b13a6dc0b5b1caf7,2026-06-17T03:33:24+00:00,2026-06-17T03:33:24+00:00,1,333.333333,0,0,0,0.999998999000001,1
0x6f8c9a8bd267bc0cc4bc064926e726f8b5d8a31a,2026-04-15T10:39:36+00:00,2026-04-20T08:53:10+00:00,5,0,0,210.5263,210.52,401.467625,5
0x6f9e323fbd076af872d6d4b615afdae8cc9b9aaf,2026-06-01T02:16:39+00:00,2026-06-02T02:23:56+00:00,2,0,0,904.66,904.66,1793.94078,2
0x6fbc9e989d169000912a6cd82e9c036469b3fa10,2026-05-04T19:45:38+00:00,2026-05-22T10:10:23+00:00,3,145.55,45.45,0,0,3.45530,3
0x6fc31b0deb1d8d7c5d10f65150ace37bd0ba847a,2026-05-04T22:55:12+00:00,2026-05-04T22:55:12+00:00,1,80.0,0,0,0,2.0000,1
0x6fdcff29e55d88fe6b8a49f8022a9c9f78b31e39,2026-05-22T03:15:04+00:00,2026-05-22T03:18:05+00:00,8,0,0,479.96,479.96,951.76068,8
0x6feb9b2c10ef4aaa90b23a47f952ca3942970293,2026-05-05T19:34:34+00:00,2026-05-05T19:34:34+00:00,1,103.448274,0,0,0,2.9999990046207066,1
0x6ffb4354cbe6e0f9989e3b55564ec5fb8646a834,2026-06-17T18:01:11+00:00,2026-06-17T18:03:35+00:00,3,0,0,25587.17,0,25561.58283,3
0x700092a57326262d8276425422f3f07890db6d98,2026-05-07T20:33:08+00:00,2026-05-10T07:15:16+00:00,2,3228.163547,3228.16,0,0,152.9504188054798815,2
0x70080684411edfceeaddc87e2ba3997e2459aa70,2026-06-09T09:44:03+00:00,2026-06-12T05:59:12+00:00,2,11000.0,11000.0,0,0,77.0000,2
0x7009df365f0c826d6e486359d140c3624574c973,2026-05-28T01:57:54+00:00,2026-05-28T01:57:54+00:00,1,0,0,1.317076,0,1.2999540000146084,1
0x702226b14b65b1c8d05ff51759e095f09932f64e,2026-02-16T08:20:57+00:00,2026-02-27T20:49:33+00:00,25,167.24,0,636.23,0,420.7399,22
0x7037ecda4333fe695e53c78f6eb4780eab1869fa,2026-05-14T09:05:10+00:00,2026-06-05T13:23:52+00:00,3,0,0,200.0,100.0,296.7000,3
0x7040e12efc6d8586d468c40905c99240d78c6e98,2026-05-13T09:34:28+00:00,2026-05-13T09:34:28+00:00,1,200.0,0,0,0,3.0000,1
0x70462fe39c01f7a0c3ce44579e51878c5371e3b6,2026-06-08T14:02:49+00:00,2026-06-08T14:02:58+00:00,2,0,0,12.048,12.04,23.979608,2
0x7047d5571a0d1fe09911b68c7854f5655bcc68ec,2026-04-29T05:46:30+00:00,2026-04-29T23:46:42+00:00,15,3023.178047,3023.17,0,0,229.2407259844233533,15
0x7049b7ce16c1bf9c22948589ec3546cae9e2a7f7,2026-04-28T23:54:18+00:00,2026-04-29T18:53:34+00:00,2,0,0,52.0,52.0,100.0480,2
0x704aa5cfd689da5b14e51e52f4ef92ac151b7183,2026-04-08T11:43:51+00:00,2026-04-30T17:53:34+00:00,2,250.0,250.0,0,0,31.0000,2
0x70519320567cf1d39ba3c7fdc7d7b6b555130dbd,2026-04-28T04:31:52+00:00,2026-05-01T01:57:00+00:00,2,0,0,16.02,16.02,30.87054,2
0x70598f972a9c5942cabfc186938d75f6986e9b3d,2026-05-02T03:57:28+00:00,2026-05-02T03:59:14+00:00,2,0,0,1.0395,1.03,1.9898290,2
0x706066919ea90bcea5193bb5274f9d0f0b4bd3b9,2026-05-10T14:30:03+00:00,2026-05-10T14:30:03+00:00,1,111.111111,0,0,0,1.999998998000001,1
0x707003029fc12d25f59db4d2a7eab5d4aec98f25,2026-05-26T08:00:02+00:00,2026-05-26T08:00:02+00:00,1,0,0,9.0,0,8.8740,1
0x7072911fc4967d2c0d1839163d3f20856715e65c,2026-06-17T06:50:05+00:00,2026-06-17T06:50:05+00:00,1,333.333333,0,0,0,0.999998999000001,1
0x7077a3af5a41c8ca8ee8552140ddcb58746ed3e1,2026-05-07T05:16:45+00:00,2026-05-10T15:37:54+00:00,2,5.0,5.0,0,0,0.2650,2
0x7090175c8e4cf039662ddf39b10a1f792cd8a5ff,2026-05-27T08:24:59+00:00,2026-05-27T08:24:59+00:00,1,312.5,0,0,0,5.0000,1
0x70a8ba0f3619a4ba9146abe22649f4a2eeed0599,2026-05-11T03:01:14+00:00,2026-05-11T04:51:56+00:00,2,0,0,21.87,21.87,42.82146,2
0x70aff3f0caa436054cade2c0d999c2c9a4787c41,2026-05-31T16:08:42+00:00,2026-05-31T16:09:00+00:00,4,0,0,8.044250,8.04,15.947536000,4
0x70b2b31b86c80a8096d71cb23f8bfbfe4184065c,2026-05-10T17:23:53+00:00,2026-05-10T17:37:18+00:00,3,0,0,18.26,18.26,35.7896,3
0x70b680d8035b3255fe61488affd10bbd3498aa2f,2026-03-18T21:52:29+00:00,2026-04-04T17:19:57+00:00,33,1099.994324,1099.991665,0,0,167.3193450018329938,33
0x70b68143df4e94107b63d05234e744c2deb184c8,2026-05-06T22:08:25+00:00,2026-05-07T03:10:45+00:00,2,0,0,57.02,57.02,110.39072,2
0x70bbb6bbbe9fbec73ef54069b7e7fe493bdb09b8,2026-06-13T11:17:00+00:00,2026-06-13T11:17:00+00:00,1,0,0,1.002,0,0.999996,1
0x70cca61fbc25c807430fffa8f7716ada04e0ebcf,2026-06-17T16:59:11+00:00,2026-06-17T16:59:11+00:00,1,333.333332,0,0,0,0.999999996,1
0x70d203d14439b127ec5221e98c5703462e725967,2026-06-12T02:41:28+00:00,2026-06-12T02:41:28+00:00,1,0,0,427.515,0,426.659970,1
0x70d8377d6772efedb80fff1275875fa43317c770,2026-04-15T11:45:18+00:00,2026-05-18T19:14:41+00:00,5,0,0,34.95,34.95,67.59864,5
0x70d94a4ff67ed919a8480885cf0808afefe7a684,2026-04-30T09:34:34+00:00,2026-06-15T13:39:15+00:00,80,0,38780.934997,0,0,411.9055879996667284,76
0x70e1bb3915a123fcf750f1f017cbee01519f609e,2026-05-06T12:42:38+00:00,2026-05-06T19:47:30+00:00,2,0,0,17.9,17.89,34.51945,2
0x70ec2e0c4201817e1feff984fa5ea573167a3a2d,2026-05-21T12:12:03+00:00,2026-05-22T17:34:25+00:00,2,1600.0,0,0,0,18.6000,2
0x70ece068a22fd2210b9a9db88c3a58ffce4ef77a,2026-05-29T16:13:15+00:00,2026-05-29T16:13:15+00:00,1,422.575833,0,0,0,4.9999999964041014,1
0x70f2557ab3406ad320e3d36f73a74e834ff25b0c,2026-05-01T09:11:56+00:00,2026-05-01T09:11:56+00:00,1,30.0,0,0,0,0.8700,1
0x70fd8640b7de267bf8f840f6512a57a068cc84ba,2026-05-16T16:28:11+00:00,2026-05-16T16:51:31+00:00,2,0,0,1407.930333,1407.93,2795.6665409831544978,2
0x71006a63770ef62c364a17c53aedf9496ca6a2ba,2026-05-06T07:18:38+00:00,2026-05-08T12:32:17+00:00,2,0,0,17.98,17.98,35.02504,2
0x7106424780ab72c0cf4dfd4d48d63fa811f11caa,2026-05-01T18:39:14+00:00,2026-05-05T16:17:44+00:00,2,120.0,120.0,0,0,8.2800,2
0x710ccd9a6184c2cf076fa7642588616da55fdbb9,2026-04-27T12:18:06+00:00,2026-04-27T12:22:38+00:00,2,0,0,24.27,24.27,46.45278,2
0x71127bb04de6b815b0481e6e6f9c3657f90bf10a,2026-06-08T16:46:43+00:00,2026-06-12T11:36:21+00:00,5,1196.0,774.04,0,0,8.27608,5
0x712584b9cddae44649d3887e250ce4862b400fd7,2026-03-30T12:01:16+00:00,2026-03-30T12:01:16+00:00,1,142.857141,0,0,0,9.9999989985714399,1
0x712a1d01d190fd4eab152f1ad0fa732d4856270e,2026-05-05T10:25:56+00:00,2026-05-06T10:07:44+00:00,2,10.0,5.0,0,0,0.3900,2
0x712a8a7b9443e8fc2cfd834d760fb4f4076fb289,2026-05-17T06:45:29+00:00,2026-05-17T19:49:12+00:00,2,0,0,87.41,87.41,173.42144,2
0x714a685b5454ea4d52979563bbafa77b8168ab2f,2026-05-19T18:38:21+00:00,2026-05-19T18:38:21+00:00,1,0,25000.0,0,0,200.0000,1
0x7155d080ed01ff58275ed4f6047a1228aaac62d0,2026-04-01T11:02:33+00:00,2026-05-01T09:37:16+00:00,3,77.339898,42.85,0,0,6.9994980012759445,3
0x7161d390cc3f0a89fded46da7e57b531f283f0b0,2026-05-02T02:12:50+00:00,2026-05-02T06:19:22+00:00,2,0,0,59.93,59.93,115.00567,2
0x7162b390956d28530f3d157cb9d6efc957b0b33f,2026-04-30T07:23:32+00:00,2026-05-29T17:35:04+00:00,9,1071.593770,1071.59,0,0,63.3707960182630001,9
0x7162baa88f051c2165f7100c4fed93d0533ffab7,2026-05-31T08:25:08+00:00,2026-06-11T15:04:48+00:00,2,0,0,1000.0,1000.0,1989.0000,2
0x717111a47627254461412df6cecd697f9ba07af9,2026-03-23T10:35:47+00:00,2026-05-15T09:45:16+00:00,16,444.992162,444.99,0,0,59.4293729998478106,16
0x717248df1790ca3379b730a55213faafff71d52b,2026-06-17T09:10:10+00:00,2026-06-17T09:10:10+00:00,1,0,0,48.54,0,48.39438,1
0x7178d4b6092ada1ab4064f5e81169c024c1940ce,2026-06-17T11:27:34+00:00,2026-06-17T11:27:56+00:00,2,0,0,1002.004,1002.0,1998.993992,2
0x71846767133c7e20d8d426aea5bf861ef313f314,2026-03-05T02:11:51+00:00,2026-06-09T07:07:37+00:00,2,103.448274,103.44,0,0,30.4137590048275944,2
0x71871d0dca52c576cd00e50c51e76e43cc3d4859,2026-06-06T12:35:19+00:00,2026-06-06T12:35:19+00:00,1,1000.0,0,0,0,5.0000,1
0x71959317f261f3b90fa21f7e38d8736f754175bd,2026-04-10T01:39:17+00:00,2026-05-25T12:47:45+00:00,2,0,0,1.0989,1.09,2.075829,2
0x719964bb606cc89ca4bc7c31f0bbf97cecf4dd18,2026-06-04T09:21:09+00:00,2026-06-04T09:21:09+00:00,1,840.0,0,0,0,6.7200,1
0x71a1aeebe792c8e3e711e4914897dcdbbbf4a631,2026-05-17T16:10:41+00:00,2026-05-18T04:51:43+00:00,2,0,0,109.57,109.57,216.83903,2
0x71adf376cf5243c2ef7b5ca362b60b66a9a099a3,2026-03-19T04:46:01+00:00,2026-03-19T04:46:01+00:00,1,100.0,0,0,0,10.00,1
0x71bab7d5aa36a916f36277d95a527886d2e607a1,2026-05-30T02:46:47+00:00,2026-05-30T02:46:47+00:00,1,111.11111,0,0,0,1.000000001111111,1
0x71bbc3558dc03c1d16ed58c536722cf8016b1d9d,2026-05-23T12:22:08+00:00,2026-06-07T23:43:09+00:00,91,0,0,57348.92,57348.912203,113808.1839211605749079,89
0x71bbd5162b7e3d6787d2771ced0c717f6d506487,2026-05-22T09:50:15+00:00,2026-05-28T20:36:52+00:00,5,0,0,1128.0,1128.00,2234.5640,5
0x71bd821b2c823cf67ed329abbb6a05d3ab9eac00,2026-05-21T08:50:11+00:00,2026-06-16T17:06:16+00:00,590,0,0,5488.117141,5488.107862,10901.8064079993700549,590
0x71c9e47238ecb8106ad6ffaadac338b56fee0781,2026-05-06T14:42:50+00:00,2026-05-06T14:42:50+00:00,1,0,0,51.921078,0,49.9999979997736284,1
0x71d29c4b37e65b9527e36beb59bc9ded1cb28031,2026-05-01T05:29:38+00:00,2026-05-01T12:52:24+00:00,2,0,0,44.68,44.68,86.50048,2
0x71da2961197b6a5fd477127fbecc6fd421ca5695,2026-05-29T02:31:31+00:00,2026-05-29T02:31:31+00:00,1,66.666665,0,0,0,0.9999990016666910,1
0x71e0dec36670ba8599c8d56a0951c8065fb1544b,2026-06-15T19:29:10+00:00,2026-06-17T18:01:08+00:00,2,2500.0,2500.0,0,0,12.5000,2
0x71e9f90922b5beba5399d4229dd2725276cc852c,2026-05-01T14:11:54+00:00,2026-05-03T14:28:02+00:00,2,31.25,31.25,0,0,2.12500,2
0x71ed0bc95433cdf1be29f43219725fce9addd9eb,2026-03-20T11:14:07+00:00,2026-05-18T02:33:30+00:00,63,12779.963616,1999.99,38341.451969,4505.34,41214.7370201755439285,62
0x71fe7f8f123b4f31f2c434970f76dbebabf22095,2026-04-11T01:41:35+00:00,2026-04-11T01:41:35+00:00,2,100.00,0,0,0,8.0000,2
0x721923ffa8e07f386ded6982c5e948017493a4cc,2026-03-13T05:33:43+00:00,2026-03-15T09:28:39+00:00,2,6.666665,6.66,0,0,3.931399000000125,2
0x721a29613c653d9430532402784c8b25ad5d9295,2026-05-08T15:26:26+00:00,2026-05-08T15:34:52+00:00,2,0,0,200.0,200.0,392.000,2
0x7229beba57b8b93903c896f4594d5691e8cf1f9c,2026-03-21T03:03:03+00:00,2026-06-13T22:20:04+00:00,2,10.0,10.0,0,0,1.0200,2
0x722b918c8cc20f5e4baa7ec11b1f133c4b488b92,2026-05-08T12:15:34+00:00,2026-05-08T12:15:34+00:00,1,0,0,10.288064,0,9.9999980001811072,1
0x724db3c436dcc7b26fbe1ae0c0d6af538b588dea,2026-03-01T08:38:07+00:00,2026-05-20T02:34:49+00:00,57,4253.25,0,0,0,258.8925,57
0x726352f10e3b5cb75da7a4000e0ceb3c8820e95f,2026-06-04T02:41:27+00:00,2026-06-13T03:18:03+00:00,2,0,0,18.084676,16.99,34.8790280006310948,2
0x72996d059c03cb9c23beb681bdf5bd4d7eb03288,2026-01-30T11:44:48+00:00,2026-02-02T21:15:48+00:00,2,2.702701,2.7,0,0,2.2149990000002331,2
0x72a4c348e537fd1588969b4fff592cffa4dc2ffc,2026-03-19T16:16:01+00:00,2026-03-24T09:58:45+00:00,2,150.583332,150.58,0,0,28.6105989967333408,2
0x72aba86b25242d0f641deb0083ddf0e95bff1a3e,2026-01-23T20:44:40+00:00,2026-01-23T20:44:40+00:00,1,0,0,4.66,0,2.330,1
0x72ade8148421455183fdfa16293544e4ba256f8a,2026-05-17T06:45:29+00:00,2026-05-17T19:06:09+00:00,2,0,0,56.29,56.29,111.67936,2
0x72b24eb544cd088137f35e5c4e9fa7b98666bf9f,2026-05-24T03:32:17+00:00,2026-05-25T01:22:36+00:00,2,90.909089,90.9,0,0,2.0907989971818388,2
0x72b2d0ffab41c12727fdfe52e530320d50325548,2026-03-12T21:33:21+00:00,2026-04-29T20:28:58+00:00,59,1324.235003,1324.23,0,0,583.0706559980076194,59
0x72bd5ca2c11c6b0e23e7971ef19cfb3ae2942b64,2026-04-02T10:27:09+00:00,2026-04-02T10:27:09+00:00,1,100.0,0,0,0,7.000,1
0x72d26f23134f36e2a55c41ce58a6e6d18839a9aa,2026-06-03T04:39:36+00:00,2026-06-13T03:35:30+00:00,2,0,0,17.489875,11.71,29.024826000,2
0x72debaaf70f61bb63628f77c52c115d31b074b85,2026-04-30T15:45:16+00:00,2026-04-30T15:47:30+00:00,2,0,0,300.0,300.0,579.6000,2
0x72e0244cfb38200a90271ca9f10286e49a030b96,2026-05-15T19:23:10+00:00,2026-06-17T20:04:58+00:00,91,0,0,254.922399,254.76,507.8333260000513992,91
0x72f815e351890a4b65a39b739ff9365c0de725fa,2026-05-15T08:21:12+00:00,2026-05-15T08:21:12+00:00,1,83.333333,0,0,0,0.999998996000004,1
0x7300833941f579802d58791eb1d0152c1b17e52c,2026-03-13T08:14:01+00:00,2026-06-16T18:01:07+00:00,8,14.992821,9.99,10.0,0,11.4181110000224471,8
0x730500352d3c681852b415903370e6d07a723225,2026-05-06T15:34:29+00:00,2026-05-08T13:08:53+00:00,2,7.0,7.0,0,0,0.3990,2
0x731a241767938bb23d1b2fac4c9cd2f3cea9033f,2026-06-17T18:00:19+00:00,2026-06-17T18:00:19+00:00,1,0,0,1000.0,0,999.0000,1
0x731c34cd5ea5a7ba7c8101b9978724cbb57a637d,2026-03-03T05:35:51+00:00,2026-03-03T20:06:31+00:00,4,442.09,0,0,0,155.1642,4
0x732f0385e52d975700200c198ac197e3b1062672,2026-05-10T10:46:50+00:00,2026-05-10T10:46:50+00:00,1,290.523887,0,0,0,4.9999990107873498,1
0x73311bda4de2217920c2a34c55c1f3d6ffe102e1,2026-05-13T04:56:13+00:00,2026-05-13T04:56:13+00:00,1,0,0,1.014142,0,0.9999440000331244,1
0x7336eb2463b094627596fbe830df6ea22da89720,2026-05-01T17:37:34+00:00,2026-05-07T22:14:17+00:00,4,0,0,106.14,106.13,204.50994,4
0x7336f576db4f1e7d7f7f7614e114e84a6a2c94b8,2026-04-02T18:23:15+00:00,2026-06-15T08:29:42+00:00,4,636.190474,83.33,0,0,11.6364980033333522,4
0x733b10f9dddd80b1b43c6aa93ec645fb9dd2c890,2026-05-21T10:05:40+00:00,2026-05-21T10:05:40+00:00,1,83.333332,0,0,0,1.0000000006666664,1
0x733cf3c7b39f16c1cc2464709c0b516f8a29bb46,2026-04-30T20:12:14+00:00,2026-04-30T20:12:14+00:00,1,29.411763,0,0,0,0.999999000823584,1
0x735bd401d387435e9ae7708122b30f700d44aad9,2026-06-07T19:40:55+00:00,2026-06-09T18:14:28+00:00,2,0,0,33.199194,33.19,66.0240479993803112,2
0x735d606ef98c6ee00addf2897a8ca6eaf65c3d29,2026-05-03T15:39:18+00:00,2026-05-08T22:28:33+00:00,4,0,0,106.18,106.18,206.55790,4
0x73607fc946f9ff6e48ece28c21fea34500a4e8ec,2026-05-12T01:59:11+00:00,2026-05-12T01:59:11+00:00,1,50.0,0,0,0,1.000,1
0x736539924a5602b37a03a54fc12c1cc8f98964da,2026-03-04T12:22:17+00:00,2026-03-05T11:35:03+00:00,2,100.0,100.0,0,0,57.000,2
0x7368a0484a5d82ea8b9a7949c128c55bfff1fd66,2026-04-27T16:27:08+00:00,2026-05-06T11:24:46+00:00,16,0,0,77.0,77.00,148.56100,16
0x736ac4f99d4b51460d0dc22a18dda285f03526f0,2026-06-05T04:46:04+00:00,2026-06-06T19:03:09+00:00,2,333.333333,333.33,0,0,5.333308997000001,2
0x7397029fd3607cfb046a8b443c110cba5cd045d6,2026-06-07T11:40:30+00:00,2026-06-07T11:40:33+00:00,2,0,0,13.09225,13.09,26.06443100,2
0x73979596b2e38963d3820a2af66f0b84c2b6df6b,2026-05-13T08:25:36+00:00,2026-06-05T06:20:46+00:00,3,0,0,200.0,100.0,296.5000,3
0x7397dd4d847f3cb06d09c8de23eb23fb6798e053,2026-05-01T16:25:38+00:00,2026-05-01T16:25:40+00:00,2,0,0,500.0,500.0,958.930000,2
0x7399eae307df6c227694e83f60629415eca146d6,2026-03-21T03:46:47+00:00,2026-05-04T15:40:50+00:00,133,0,0,5650.996369,5650.994870,10725.2757839991903123,119
0x73a44fa5b620c1b14e0af4b8ddce06950dad8651,2026-06-17T08:13:20+00:00,2026-06-17T08:13:20+00:00,1,333.333333,0,0,0,0.999998999000001,1
0x73bb7dc4ed5cdbb4f337f4f608a4730d36d0c88d,2026-05-20T00:42:32+00:00,2026-05-20T00:42:32+00:00,1,0,0,36.82,0,36.52544,1
0x73cd2f8aa39ca12e9e3434f8d4eb9f2b0880e093,2026-06-08T12:14:48+00:00,2026-06-08T13:01:42+00:00,2,11000.0,11000.0,0,0,99.0000,2
0x73cd76533614098a2b46d3b238f726ebdcd9bdaf,2026-05-05T16:42:20+00:00,2026-05-07T12:24:17+00:00,5,344.827586,344.82,0,0,20.1991489940000006,5
0x73cf67247bea1834738895aa35a99875c803a2a9,2026-04-30T08:52:14+00:00,2026-04-30T09:58:32+00:00,2,280.0,0,0,0,7.0000,2
0x73d225c851df25d73b14846a370bdeef9434f9b7,2026-03-21T03:47:01+00:00,2026-05-04T18:57:52+00:00,66,3000.0,3000.0,10315.603332,10315.599049,19098.6156259030287983,66
0x73dccd6bf6c0435b074ead034efc9ccddd6be729,2026-04-20T22:15:04+00:00,2026-05-29T01:25:39+00:00,4,162.0,162.0,0,0,12.5780,4
0x73e6706c45a4d855baa4ba997e8c1c952db90cc5,2026-06-05T07:48:07+00:00,2026-06-16T17:17:20+00:00,2,0,0,88.0,88.0,175.0320,2
0x73ef077607d83a083711bf7e3972273254337295,2026-05-24T10:54:22+00:00,2026-05-24T10:54:22+00:00,1,100.0,0,0,0,1.000,1
0x73ffb11f6855bf5a9cf541457b26cfcd9a7fdcfd,2026-05-05T02:10:00+00:00,2026-05-05T07:15:12+00:00,2,0,0,53.94,53.94,105.288709999194,2
0x74007d01b3c9140bbdc8e982c693fb4d6dd120a7,2026-05-17T06:45:29+00:00,2026-05-17T19:08:53+00:00,2,0,0,85.29,85.29,169.21536,2
0x740bc06d6b339c3b4930303ffef11db5be0f1460,2026-06-08T15:05:07+00:00,2026-06-11T07:31:12+00:00,2,0,0,25.10025,25.1,50.02454900,2
0x741200b57cf68651bad2ae90b69cef8c441e97a3,2026-06-17T11:42:32+00:00,2026-06-17T11:42:32+00:00,1,333.333333,0,0,0,0.999998999000001,1
0x7414033e2a000de3de0bd318e39054a87efb82b8,2026-05-04T17:49:34+00:00,2026-05-04T17:49:34+00:00,1,41.666665,0,0,0,0.999999001666705,1
0x74146d586a14446a02fa882080cc962102304ab0,2026-06-16T12:46:24+00:00,2026-06-17T00:40:43+00:00,2,0,0,90.35,90.35,179.97720,2
0x741bef508fd9e9075e9b60f3cb9410a5a1ec3cbf,2026-03-18T22:02:37+00:00,2026-03-18T22:02:37+00:00,1,55.555554,0,0,0,4.9999989988889130,1
0x742ea4c267242f1c87bb9de958aabfe59d509fe7,2026-06-16T11:58:37+00:00,2026-06-17T18:00:41+00:00,2,0,0,154.0,154.0,307.2300,2
0x742ff6df87485287bb4db5b0d7fa7af13047d673,2026-01-30T13:11:00+00:00,2026-03-09T10:54:31+00:00,24,295.0,160.0,29.0,0,215.0824000,24
0x743071a180951ce322a8c8218a92010511f8fd36,2026-05-18T23:41:59+00:00,2026-05-20T21:20:04+00:00,4,1933.018181,1933.01,0,0,38.1961200406271688,4
0x743a58301619138583ab6c56747bf908319351db,2026-04-01T08:11:15+00:00,2026-05-07T15:57:26+00:00,4,0,0,40.65,40.65,77.11370,4
0x7445351fbc97d10c70b52f9febebde7472ed472d,2026-05-11T01:51:41+00:00,2026-05-16T14:45:33+00:00,2,250.0,250.0,0,0,6.5000,2
0x7449904c4f9521c56f3ae6b40f5f6fe42d98c05e,2026-05-18T20:04:45+00:00,2026-06-17T18:06:34+00:00,81,0,0,1603.166960,1602.16,3190.5906450010891054,81
0x745dfd47d561936cc3a69d9519713c2a3ed6c6b2,2026-05-17T01:33:17+00:00,2026-05-17T01:33:17+00:00,1,285.714285,0,0,0,1.9999989950000025,1
0x746eee88d3bfc65f6a6fc3e9861680bb6df14238,2026-05-03T02:36:10+00:00,2026-05-03T02:36:10+00:00,1,526.315788,0,0,0,19.9999989966315816,1
0x747669c1b04148ea8eef2780c25d862d5db2af2b,2026-01-30T23:35:36+00:00,2026-02-10T06:13:53+00:00,2,104.281665,104.28,0,0,104.8055990041610625,2
0x748c9f0f9c9513c0cf808aacd5e9875f2a5a96dd,2026-06-12T09:53:00+00:00,2026-06-12T09:53:00+00:00,1,0,0,1.002,0,0.999996,1
0x74957ea27ac4fbdee46d861fdae357859ff67fcf,2026-04-28T13:30:58+00:00,2026-06-16T17:17:20+00:00,2,900.0,0,0,0,5.6000,2
0x749c3e3780aca6cc865d90697ec45a912901b6d6,2026-05-30T14:33:42+00:00,2026-05-30T14:33:42+00:00,1,200.0,0,0,0,1.6000,1
0x74a2c3d4b3937e15162e5c2f62743c4ad7cd6163,2026-05-17T06:45:29+00:00,2026-05-17T20:29:42+00:00,2,0,0,53.67,53.67,106.48128,2
0x74b200eaad61530ad0afa6d75d1fbe94b90ff6c3,2026-03-26T16:15:19+00:00,2026-03-26T16:15:19+00:00,1,111.11111,0,0,0,9.999999000000009,1
0x74b358f661d779d305cbd07686ff2702dded2367,2026-03-03T22:16:41+00:00,2026-03-22T23:01:29+00:00,6,135.654165,132.0,0,0,85.3699989961600080,6
0x74bbfd706ba5d7a852b72bcdadb93376aa30d1a9,2026-06-06T16:03:37+00:00,2026-06-06T19:03:09+00:00,47,10000.00,10000.0,0,0,120.00000,47
0x74d0c25403a1a1c68aee9481a9d41d462623037d,2026-03-02T06:14:03+00:00,2026-03-02T06:14:03+00:00,1,21.276594,0,0,0,9.9999989991489510,1
0x74dbe6c33156703ff69bf47690322c4ae4c88b83,2026-04-09T12:31:29+00:00,2026-04-09T12:31:29+00:00,1,0,0,2.173912,0,1.9999990000000192,1
0x74ddcbd031b9047bf66e860d2c459d19defb761c,2026-05-15T23:27:46+00:00,2026-05-16T05:57:00+00:00,2,0,0,13.46,13.46,26.69118,2
0x74e2e846f6f6bb30d0f42d50f02f4c46c6086396,2026-02-28T20:27:39+00:00,2026-03-02T21:39:17+00:00,2,21.933422,0,0,0,10.9999980003924212,2
0x74f3b73527c07682bb0abfe61c622ae9fe034750,2026-06-10T22:47:24+00:00,2026-06-14T22:49:54+00:00,2,0,0,34.068,34.06,67.957684,2
0x74f533f305ec441ae0f3ca1b5ff4daf1ceff0f06,2026-05-13T07:21:47+00:00,2026-05-13T10:32:06+00:00,2,0,0,10.141928,10.14,19.9979809998864576,2
0x751a2b86cab503496efd325c8344e10159349ea1,2026-06-17T18:08:34+00:00,2026-06-17T19:05:50+00:00,4,0,0,2378.61,0,2376.23139,4
0x75277cca914cf05ee4243a3dcd67dcd27e9c17bc,2026-05-19T21:00:18+00:00,2026-05-31T16:41:12+00:00,2,111.111111,111.11,0,0,1.888878999000001,2
0x7528ff57a896cf099a46311d18510146f4ae9254,2026-05-04T16:54:14+00:00,2026-05-04T21:58:02+00:00,2,0,0,22.89,22.89,44.74995,2
0x75293c6191b77aa366a162d77e8d1a9ce79c4a6e,2026-05-01T01:47:00+00:00,2026-05-01T07:49:18+00:00,2,0,0,50.4,50.4,97.5240,2
0x75373a9a5f4beaf8b1dda606b507e9114f6c663c,2026-06-02T01:16:04+00:00,2026-06-11T05:41:01+00:00,2,0,0,7.056375,7.05,14.028774000,2
0x75423ff566e847ea6fbbc413e5481702efa9ab72,2026-05-24T12:37:14+00:00,2026-05-29T14:29:44+00:00,4,0,0,376.989997,376.98,746.4302890007654276,4
0x754b6801e889a42d70cd42a6db85be1d21ebe2bc,2026-05-17T15:31:34+00:00,2026-05-17T15:43:26+00:00,2,0,0,7.042166,7.04,13.9906329997747004,2
0x7561188279ea0468ffe6f8ca3d78fffb51a6a902,2026-06-15T06:47:37+00:00,2026-06-15T06:47:37+00:00,1,0,0,10.0,0,9.9700,1
0x75803ebd31926603e18546b6ac7e2cded9ff853d,2026-02-07T03:38:35+00:00,2026-03-31T14:35:19+00:00,2,18.484845,0,0,0,1.999998000000090,2
0x7587c5bd58285fef372b55ed6485f6944d00ce6c,2026-02-07T19:18:21+00:00,2026-02-07T19:18:21+00:00,1,27.0,0,0,0,15.930,1
0x75a9ec03177f1081794787b545450e532d2397d3,2026-06-01T02:18:14+00:00,2026-06-02T02:24:26+00:00,2,0,0,904.67,904.67,1793.05594,2
0x75bd9d04389d61576384e3fdc6a2efd848946d97,2026-04-25T21:37:26+00:00,2026-05-07T21:18:12+00:00,2,18.82648,18.82,0,0,1.545778999158784,2
0x75c0c026f8dd495ed988b4b941d64566eea365d5,2026-02-18T02:26:19+00:00,2026-02-23T07:05:42+00:00,4,0,0,19.7,19.68,19.6224,4
0x75c373013de23a5c0278aad6ae712186a374067b,2026-06-07T13:14:40+00:00,2026-06-08T00:44:15+00:00,2,0,0,10.040159,10.04,19.9697179995422283,2
0x75c6044af77cf413ae1006e42c96bbb7cb732a68,2026-05-26T20:40:24+00:00,2026-05-26T20:40:24+00:00,1,0,0,20.304533,0,19.9999650009390934,1
0x75d0cb443843a4c91de3314da9dae3f401f477cb,2026-04-08T09:55:03+00:00,2026-04-29T22:07:04+00:00,2,90.0,0,0,0,5.9000,2
0x75d1b199a96801338e67a6efaa35c0028ea87a5f,2026-02-07T07:17:37+00:00,2026-03-12T16:01:59+00:00,23,348.39,0,348.56,0,331.0605,23
0x75e9b135850b9eb97573a36c498670569c0133ac,2026-05-13T08:37:04+00:00,2026-06-05T06:33:43+00:00,3,0,0,200.0,100.0,296.6000,3
0x75eebdbc59079a5f2244664decdb3f0c06d26478,2026-06-12T07:16:24+00:00,2026-06-12T07:16:24+00:00,1,0,0,1.002,0,0.999996,1
0x75efb4d1433fcba4a1e54c1774a40df8541fef29,2026-05-07T03:00:31+00:00,2026-05-12T15:49:18+00:00,4,0,0,45.08,45.08,87.86428,4
0x7630f44d6865449a51c39b8a1145445d0fe92be7,2026-04-29T17:41:54+00:00,2026-04-30T07:47:24+00:00,2,50.0,50.0,0,0,3.1500,2
0x76386a0479e1f30383d438d973dfd9be93c7b60c,2026-05-15T14:31:22+00:00,2026-05-15T14:31:22+00:00,1,100.0,0,0,0,1.000,1
0x763c9654ac692ff5958629eec3abea7aefa4ed18,2026-05-17T06:45:29+00:00,2026-05-17T18:19:41+00:00,2,0,0,56.39,56.39,111.93415,2
0x7647554691cec676c011d8e18fa9461d440e68b1,2026-06-09T05:54:45+00:00,2026-06-09T05:54:45+00:00,1,0,0,164.58825,0,163.92989700,1
0x764adb157db6e47e849acdec0f5820383ca7380e,2026-06-11T09:21:57+00:00,2026-06-11T09:21:57+00:00,1,0,0,1.002,0,0.999996,1
0x764b305694b026c1acce7bf862c3b5456a146bad,2026-05-08T12:34:16+00:00,2026-06-17T17:43:22+00:00,21,0,0,631.00,0,621.96700,21
0x765607b295fcc38ac1506267a1f11009b4bdaf3f,2026-05-07T04:37:33+00:00,2026-05-10T15:13:03+00:00,2,0,0,11.99,11.99,23.35652,2
0x7656609ca021c820eccd59515c9bc9ff6d49d9a1,2026-06-15T16:04:15+00:00,2026-06-15T16:04:15+00:00,1,0,0,83.0,0,82.6680,1
0x7658c4974e5e151998e7ab656073e37c5ccc3590,2026-06-01T02:17:37+00:00,2026-06-02T02:24:12+00:00,2,0,0,885.54,885.54,1755.14028,2
0x766f488c405bb3b722b6beaa25ccdeba80800e86,2026-05-26T05:14:35+00:00,2026-05-26T05:14:35+00:00,1,58.823528,0,0,0,0.9999999995294112,1
0x767e13b9f0e16b319e8535c29a6a31d74119e133,2026-03-22T10:28:05+00:00,2026-03-22T10:28:05+00:00,1,250.0,0,0,0,30.000,1
0x767e7f9b8440c3da5876d08eac5cfe7c22742a16,2026-06-16T23:55:25+00:00,2026-06-16T23:55:25+00:00,1,0,0,4.8195,0,4.8098610,1
0x768968d0854cf5b009b391c36abc47b0a4872779,2026-04-18T00:28:38+00:00,2026-04-27T02:19:16+00:00,2,1987.111665,1987.11,0,0,204.5401489896134760,2
0x76999d11bb6a141a36a4ff1fb955f24fc3db70b9,2026-06-17T16:35:53+00:00,2026-06-17T16:35:53+00:00,1,125106.666666,0,0,0,375.319999998,1
0x76ae25207b8b596b6e4efbe982bbf97dd506a90e,2026-04-07T03:06:55+00:00,2026-06-17T18:00:41+00:00,5,0,0,1018.43,1018.43,1958.87431,5
0x76bd725ae017b4740d7cfbc276ba0fd1bb487281,2026-03-15T08:28:27+00:00,2026-03-22T23:01:49+00:00,2,5.0,5.0,0,0,2.00,2
0x76d185f2c47f4979c087a01bec35064c2ce5a453,2026-03-02T11:13:13+00:00,2026-03-02T11:13:13+00:00,1,10.0,0,0,0,4.00,1
0x76d90ed6dc70729e550d49ab035b8ac7b34533bb,2026-05-04T06:32:24+00:00,2026-05-04T08:11:16+00:00,2,0,0,2.074687,2.07,3.9934079999504396,2
0x76de4d26c05a6ae9ee2e96fe0c4e0ecf3920f8be,2026-06-07T16:17:45+00:00,2026-06-07T16:17:45+00:00,1,0,0,1.025,0,1.019875,1
0x76df354a6e72386aca7ad343d0d398e60641d9fe,2026-05-18T05:19:50+00:00,2026-05-18T05:20:06+00:00,2,0,0,50.60725,50.6,99.94216300,2
0x76e453e7b9b73e9dbadeed9a47cc5d5f6fbcce2f,2026-06-09T11:27:16+00:00,2026-06-12T04:09:18+00:00,122,0,0,13970.67625,13970.67,27870.19298800,122
0x76fd168aae35a605ff9abd57dc16663188934e41,2026-03-12T00:04:33+00:00,2026-03-12T00:04:33+00:00,1,2.857141,0,0,0,0.9999990000002275,1
0x77064783aa7bc54e36627b55fafa21367898c20a,2026-05-29T14:41:44+00:00,2026-05-30T00:14:32+00:00,2,0,0,986.855363,986.85,1952.981454007,2
0x770e8604e8d92b92432d442a246f85eda2353b11,2026-05-21T06:58:18+00:00,2026-05-21T06:58:18+00:00,1,83.333332,0,0,0,1.0000000006666664,1
0x7728db7ef443544c8568e193ae27c74461d1b306,2026-05-15T08:10:41+00:00,2026-06-05T17:49:37+00:00,3,0,0,200.0,100.0,296.7000,3
0x772bf0aff1a59fb1dc8c837bcbb633ce6624edd5,2026-06-09T19:23:25+00:00,2026-06-09T19:23:25+00:00,1,4723.68,0,0,0,18.89472,1
0x7735740342639373d65f7a85fb3a6968dc243806,2026-05-12T06:23:44+00:00,2026-05-12T06:23:44+00:00,1,47.619046,0,0,0,0.9999989993333662,1
0x7740253843b20007a4c99c3766878351002acbcd,2026-03-11T12:46:05+00:00,2026-04-23T05:01:58+00:00,2,0,0,108.274243,0,100.8899990001612786,2
0x775bce18df5bfb4cc2cf6295feff7e3483b39e4c,2026-05-14T15:15:25+00:00,2026-06-16T17:17:20+00:00,2,0,0,17.0,10.0,26.7420,2
0x775c6f31f8d1f8eb6c9b3bcba6a5f8fc806a5241,2026-05-07T12:19:09+00:00,2026-05-07T17:19:39+00:00,2,0,0,47.21,47.21,91.54019,2
0x775f90305572f727f7bf7fbe0c2ce4007c79481c,2026-06-10T22:23:00+00:00,2026-06-13T09:07:36+00:00,2,0,0,6.012,6.01,11.991946,2
0x776b9d7c08a0c425078a39d36f9025dd809cbbf6,2026-03-04T08:16:23+00:00,2026-03-04T08:16:23+00:00,1,6.666665,0,0,0,1.999999000000125,1
0x77772e92c2a50210ad69e8f64ea05b2a3544dd10,2026-05-02T13:35:28+00:00,2026-05-02T13:35:28+00:00,1,25.0,0,0,0,1.000,1
0x777c2776c71caacced2afc495018fb521d466a3e,2026-06-07T17:07:03+00:00,2026-06-07T17:07:03+00:00,1,0,0,1.005,0,0.999975,1
0x77801afd885c01bb46213385295fb057ab62763e,2026-05-01T06:11:28+00:00,2026-06-03T05:35:00+00:00,8,10514.823911,4545.45,0,0,450.8751652261622216,8
0x77809f71f4c5b107c68b4ebceb5359d324e1f1ad,2026-05-01T10:30:56+00:00,2026-05-12T17:25:40+00:00,6,0,0,64.09,64.09,124.60368,6
0x778562a8db55d16efabb5ba5848fa046d22cef56,2026-05-10T14:35:22+00:00,2026-05-10T14:49:41+00:00,3,1944.444441,1944.44,0,0,68.0554779657777850,3
0x77909fc7b61f67861eaa248eca5d8aa15d25808c,2026-05-24T12:54:23+00:00,2026-05-24T12:54:23+00:00,1,926.883635,0,0,0,9.9999999781403080,1
0x7793c8eccb72f3b3bba518fe948062de9ae56514,2026-05-18T15:57:15+00:00,2026-05-26T15:20:34+00:00,2,200.0,200.0,0,0,7.8000,2
0x7794fb429b74c135a3c505561d70470032e450e8,2026-06-16T19:07:01+00:00,2026-06-16T19:07:01+00:00,1,333.333333,0,0,0,0.999998999000001,1
0x779acaf3a40131bf21bb0ca9741dce3f528f590b,2026-04-22T19:34:00+00:00,2026-04-30T10:24:28+00:00,2,200.0,0,0,0,7.5000,2
0x77a60034faf34b94331c0f4d0e55f141b655f21f,2026-05-14T19:14:38+00:00,2026-05-14T22:24:59+00:00,2,0,0,7.092153,7.09,13.9906949996525552,2
0x77b5acecbc67d1bef9b63ab6ff3dc886ef809170,2026-01-31T09:00:24+00:00,2026-04-05T07:30:49+00:00,266,78.00,77.99111,3080.309456,3080.308082,4029.9490609988858756,249
0x77b6e783dbad7e5c9f012e7b4b3e91ed4864be65,2026-06-12T06:50:18+00:00,2026-06-12T06:50:18+00:00,1,0,0,1.002,0,0.999996,1
0x77d1b694af2bdce258f35c505bd8bcaa447b9d8d,2026-05-31T13:16:50+00:00,2026-05-31T13:16:50+00:00,1,333.333333,0,0,0,2.999998997000001,1
0x77d30ee476dd17b5e0e92c790836077c595c9b14,2026-01-22T03:20:00+00:00,2026-04-07T01:33:11+00:00,11,204.18,204.18,0,0,95.9244,11
0x77d48aac86bea8a954da4262334bbc0d7b5c3983,2026-06-10T13:41:43+00:00,2026-06-10T13:41:43+00:00,1,334.0,0,0,0,1.0020,1
0x77d541abdc86fa0da286cc04fa5de3772baf7557,2026-02-11T12:41:25+00:00,2026-02-14T08:02:57+00:00,7,0,0,55.072458,55.07,49.6751949995654660,7
0x77dce3edcfec70109f52be29fff9b93fd24a628e,2026-04-16T05:42:20+00:00,2026-04-16T05:42:20+00:00,1,24.857141,0,0,0,1.739999000000065,1
0x77e53815568af989aac867ad05266589d4f0b452,2026-05-23T14:49:19+00:00,2026-05-29T14:00:31+00:00,2,130.0,130.0,0,0,2.6000,2
0x77e879f24775fe5b64102ed04764430cfd31d8e3,2026-03-27T02:20:19+00:00,2026-03-30T04:14:56+00:00,2,0,0,21.739125,21.73,40.20889500,2
0x77f44bccab90a2d3afab983126fce10eff78fd25,2026-06-07T05:47:06+00:00,2026-06-07T17:21:46+00:00,2,0,0,57.22875,57.22,113.87651500,2
0x77fe7379cf4c755890c3d61af056e3b408364156,2026-01-22T05:36:12+00:00,2026-01-22T05:43:16+00:00,2,0,0,4.434135,4.43,4.8735979999525445,2
0x7800bb6cd106de76766ebd3a7d653d85a9858d99,2026-06-10T12:36:06+00:00,2026-06-10T17:54:49+00:00,2,0,0,55.0,55.0,109.6150,2
0x78034bfee367215bdafe8228b8f917d709c12a7c,2026-05-05T13:32:34+00:00,2026-05-05T13:32:34+00:00,1,3763.395161,0,0,0,113.0199998469683052,1
0x7806d97ba3afdd2cde76670e69857cd388ed46e8,2026-04-30T02:12:14+00:00,2026-04-30T15:19:22+00:00,2,74.074074,74.07,0,0,4.2220989980000010,2
0x780a4e12a5308d88c9ed0350b7684b7a50d5e01c,2026-05-16T05:38:13+00:00,2026-05-16T05:38:20+00:00,2,0,0,10.080625,10.08,19.989260000,2
0x780f249bb117d07c981d1c0e5690eb4fbe698955,2026-02-28T07:44:11+00:00,2026-02-28T07:44:11+00:00,1,2009.299,0,0,0,999.9999999967611,1
0x7827a123799fa370a47f70b160948dd70b887810,2026-04-28T12:58:58+00:00,2026-05-05T12:57:14+00:00,2,478.021976,0,0,0,18.9999979937142928,2
0x782c9dd952487f6a05e3c8917a86cdc2dae41224,2026-05-31T05:43:03+00:00,2026-06-11T14:20:25+00:00,4,0,0,1100.0,1100.00,2185.70000,4
0x782d3a29decb1229a61dc0c96a8e13292053b51e,2026-05-30T03:11:31+00:00,2026-05-30T03:11:31+00:00,1,111.111111,0,0,0,0.999998999000001,1
0x782da514cf0bf44254078fdf12b7e78b2e501a1b,2026-03-23T13:40:07+00:00,2026-03-23T13:44:41+00:00,2,0,0,19.84,19.84,36.1088,2
0x78323cc8662eb1f0d63808f7bc0405330102a994,2026-02-15T19:38:33+00:00,2026-02-17T15:45:51+00:00,7,80.00,0,0,0,40.6000,6
0x7837bf605272bdd41f30e42ed07dc273e5be7b4a,2026-04-17T04:20:36+00:00,2026-04-17T04:20:36+00:00,1,3300.0,0,0,0,198.000,1
0x7841ca18b10312fc6b2c5645bb70c738766bab8c,2026-05-27T01:58:01+00:00,2026-05-27T01:58:01+00:00,1,0,0,3.045666,0,2.9999809999493022,1
0x7842b9934ea3ed4c829b6d4287f0d0da91c34d91,2026-06-16T17:17:20+00:00,2026-06-16T17:17:20+00:00,1,1000.0,0,0,0,2.0000,1
0x7842dc2bce0dcf10fb9b9143dfbd21280ae7dfc2,2026-05-05T12:55:20+00:00,2026-05-06T07:16:56+00:00,2,0,0,24.57,24.57,47.91150,2
0x78435b0d6d835d20ee18eea9fc66d6bd51c5fd3c,2026-04-23T05:56:34+00:00,2026-04-23T08:33:36+00:00,4,0,0,100.0,100.0,190.2000,4
0x7844cf4d11f662f9419c417483f46e5031e354a2,2026-06-08T04:48:43+00:00,2026-06-08T04:48:46+00:00,2,0,0,12.0,12.0,23.8680,2
0x785620a8fb40bc7d2599c06b47bce1a82847bc01,2026-06-11T08:03:43+00:00,2026-06-11T08:03:43+00:00,1,0,0,1.002,0,0.999996,1
0x786741c75f1adc3c284021b8c0789df52b863193,2026-06-09T03:15:07+00:00,2026-06-09T19:02:16+00:00,2,0,0,7.028,7.02,13.984788,2
0x787de0f17d7af611a1dc4f8144fd47e023d2cba8,2026-06-06T16:23:27+00:00,2026-06-06T16:23:27+00:00,1,200.0,0,0,0,1.0000,1
0x787e599a988553295b8c48c8db10cb8f4a93abfd,2026-06-11T08:14:42+00:00,2026-06-11T11:29:40+00:00,2,0,0,25.05,25.05,49.97475,2
0x788002f1cf27012ad02a1c055d82800175e29154,2026-05-12T11:05:27+00:00,2026-05-12T15:11:35+00:00,2,0,0,58.0,58.0,113.9120,2
0x7890df50231abe27aaca576e6c8f276ab6b44678,2026-04-03T22:22:31+00:00,2026-04-04T13:58:37+00:00,26,689.99104,0,692.603326,0,685.5466829878158797,26
0x7891e994c65d1348c52aa0c53afc2998f353ab33,2026-05-31T06:35:44+00:00,2026-05-31T06:35:44+00:00,1,100.0,0,0,0,1.000,1
0x7891f9423d6949d118f41c77f47d48a6de174743,2026-05-20T10:15:34+00:00,2026-05-20T10:15:34+00:00,1,555.555555,0,0,0,4.999999995,1
0x789303a32d21593cbf2bd197148debfd1b83c19f,2026-05-14T12:51:04+00:00,2026-05-14T16:19:28+00:00,2,71.42857,71.42,0,0,1.928460001428571,2
0x7897cbbeecc32301ffea14b332b6f80a6e1f65b8,2026-05-13T04:27:33+00:00,2026-06-03T10:25:47+00:00,3,0,0,179.778475,90.06,266.689102000933065,3
0x789e8d96284d09809f20d8a2246308951f0532fb,2026-05-03T15:29:08+00:00,2026-05-03T19:33:40+00:00,2,0,0,49.28,49.28,94.96256,2
0x78ae315d71ff08281117b15ee6da6f1364fb7412,2026-05-17T22:26:00+00:00,2026-06-17T17:58:13+00:00,228,102864.770816,94647.167775,0,0,995.0605409660955124,224
0x78b339d6f29d08a202b580b6fa7b06e7fda06dda,2026-04-11T22:41:51+00:00,2026-04-11T22:41:51+00:00,1,0,0,1.063816,0,0.9999870000005184,1
0x78b4dee7717f53f6c7a07c2089b8f79699843874,2026-02-05T22:11:19+00:00,2026-02-05T22:51:43+00:00,2,20.377357,20.0,0,0,21.1999990001132229,2
0x78b7f157bd012944e7f7e9b2d7645baa71749d93,2026-05-14T09:05:33+00:00,2026-06-05T13:23:28+00:00,3,0,0,200.0,100.0,296.7000,3
0x78cab0bb44543547f507d6f3ec580d57d25afa7a,2026-05-29T07:26:49+00:00,2026-05-29T09:06:19+00:00,2,0,0,21.0,21.0,41.3910,2
0x78d2ad24aafa9344976a590eebc0fae5a49d7a2b,2026-03-03T10:09:15+00:00,2026-03-07T09:06:59+00:00,44,162.16,49.0,142.70,30.0,184.6673,34
0x78ed8966161ea0a22f0719b9c04391c6ac22ab3a,2026-06-16T08:48:03+00:00,2026-06-16T08:48:03+00:00,1,1000.0,0,0,0,5.0000,1
0x790cd45208f30ad1dad1d5a18de015302ff138fd,2026-04-28T07:33:24+00:00,2026-04-28T07:33:24+00:00,1,27.777776,0,0,0,0.9999989998889488,1
0x791b6b53e3c83e5c947e3610ace6de0d91dfe12d,2026-05-18T17:45:24+00:00,2026-05-19T04:46:07+00:00,2,10000.0,10000.0,0,0,144.9639300000,2
0x792d3ea6574b8fa844446844c469fe3fb1e2c475,2026-02-16T00:05:01+00:00,2026-04-29T02:48:48+00:00,2,1000.0,1000.0,0,0,540.947940000,2
0x7937d36a216b64746aab4c5175a3fd15493e833f,2026-05-15T08:05:27+00:00,2026-06-05T17:36:07+00:00,3,0,0,200.0,100.0,296.7000,3
0x7939dc5fd77496291c62f784941c2677d1afd580,2026-05-23T14:48:37+00:00,2026-05-29T14:00:29+00:00,2,0,0,20.0,20.0,39.6000,2
0x793c61ad8897050e828ad173f2fd44fa706de8da,2026-02-12T12:02:35+00:00,2026-03-18T21:21:07+00:00,32,0,0,184.479997,184.471427,241.3090970002176451,32
0x793ed200a1e8344d608a17763d9cb8773b3643bf,2026-04-30T01:06:36+00:00,2026-06-16T18:26:23+00:00,1480,0,0,15570.176748,15545.571038,30833.4791430004424100,1479
0x79463f0b7e76ca148250055da304c4e25b8c387f,2026-04-29T23:46:42+00:00,2026-06-08T02:40:45+00:00,65,0,0,507.31,507.31,990.61605,65
0x795d09b7b184ea7f75b3a425ef527f7030cb98e5,2026-06-05T17:48:10+00:00,2026-06-05T17:48:10+00:00,1,1285.714285,0,0,0,8.9999989664285720,1
0x795e3e3a0df70eb7144386ac6f0b8ae037227768,2026-05-09T10:10:57+00:00,2026-05-12T06:55:02+00:00,2,0,0,1.0152,1.01,1.9887620,2
0x796be6523c6e56e8b62053432bcf333db5206d89,2026-02-03T17:06:10+00:00,2026-02-06T01:24:03+00:00,2,4.545453,4.54,0,0,4.3607990000001088,2
0x796c0ef58d61f2bd64555453865b7587faec5213,2026-05-18T01:52:26+00:00,2026-05-20T14:35:21+00:00,4,0,0,45.0,44.996065,88.9161080002749275,4
0x796d851486da6c6200a9508c5a906156ccfb7398,2026-06-13T17:41:13+00:00,2026-06-13T17:41:13+00:00,1,0,0,1.032,0,1.029936,1
0x7980b9d06f4780153c550bbcb648ebda9f8877df,2026-06-08T13:10:49+00:00,2026-06-08T13:10:52+00:00,2,0,0,12.32925,12.32,24.53833300,2
0x7980f7f786bd97a2056c94cc078bfa5bf5954f1d,2026-05-23T17:28:02+00:00,2026-05-27T06:02:09+00:00,3,111.111111,111.11,0,0,2.777758999000001,3
0x798c52ad38a4b84a8f751554f52077c134e37ff6,2026-06-16T10:38:46+00:00,2026-06-16T10:39:15+00:00,2,0,0,341.5725,341.57,679.86198001685125,2
0x798d8d1bb9d56df0025dc87049137c95097d300d,2026-05-31T04:03:30+00:00,2026-06-17T18:00:40+00:00,3,0,0,690.0,690.0,1371.2025,3
0x799db1518993ed24e66780e3362f6c5603809776,2026-04-29T10:43:20+00:00,2026-04-29T10:43:20+00:00,1,1278.04,0,0,0,53.859999946436,1
0x79a5a5ccaadbf6dd33f2ffad6ef89b52aeaf16c4,2026-04-30T07:22:04+00:00,2026-04-30T07:22:04+00:00,1,0,0,1.023521,0,0.9999800000095514,1
0x79a654ee4b95424a5fd0fda6bbefe39d235a80e0,2026-03-22T17:31:03+00:00,2026-05-13T17:54:28+00:00,2,100.0,100.0,0,0,12.2000,2
0x79b23588d637918bd1471116ef05f350806c7d3e,2026-05-30T14:54:50+00:00,2026-05-30T14:55:03+00:00,2,0,0,302.114714,302.11,599.693031002,2
0x79b94cf0473a80f9e1563a23326044bb3c53ff71,2026-04-15T11:45:18+00:00,2026-04-17T14:51:16+00:00,2,0,0,25.61,25.61,48.6590,2
0x79c6fe44969248e417eb4f6272f2299f412e3630,2026-05-19T18:38:21+00:00,2026-05-23T10:36:16+00:00,40,13999.932875,13999.93,0,0,246.48797310000,40
0x79d135bcc5e2bcdb8f10361deefcc66cc9a035c7,2026-06-16T23:17:29+00:00,2026-06-16T23:17:29+00:00,1,333.333333,0,0,0,0.999998999000001,1
0x79d439281ff8dfffbdb3d874b6fd48cbd3ddfd8f,2026-05-07T08:40:46+00:00,2026-05-07T13:41:04+00:00,2,0,0,17.79,17.79,34.45923,2
0x79e5485bfe06a3b1d60a64311701272b97ca293d,2026-06-12T18:06:07+00:00,2026-06-12T18:06:07+00:00,1,0,0,1.002,0,0.999996,1
0x79f31007e147afc947c0443e11fc5e67ee317d2e,2026-06-14T23:51:16+00:00,2026-06-17T18:00:41+00:00,2,0,0,8.016,8.01,16.001958,2
0x79fba6c2032aed7d3194b58d1a800130e8ba5d88,2026-05-06T13:08:34+00:00,2026-05-30T02:45:23+00:00,9,0,0,916.34,916.34,1791.00396,9
0x79fdd240f0f557219bd26f007a917e4e59998772,2026-05-19T18:00:24+00:00,2026-05-24T11:19:01+00:00,2,1520.1,0,0,0,15.00000002159,2
0x7a0f090632809fdd75152d996dd3510f73e26bde,2026-05-27T12:31:19+00:00,2026-06-09T19:23:25+00:00,2,0,0,51.0,51.0,100.9800,2
0x7a10e1473f86cba1eb4e885b11974752afeb9977,2026-05-03T13:14:24+00:00,2026-05-03T20:40:44+00:00,3,27.027026,27.02,0,0,1.9727199998378364,3
0x7a12b183dc8a5efa2a1a0cd17ed55ffb93ff0484,2026-06-17T14:33:38+00:00,2026-06-17T14:33:38+00:00,1,1000.0,0,0,0,3.0000,1
0x7a20133375dd14cf82fe656592d5aab334d6aba0,2026-06-16T23:56:38+00:00,2026-06-17T00:37:47+00:00,2,0,0,4100.0,4100.0,8179.5000,2
0x7a2fee03f4a421df95b200e285713e60f1559061,2026-05-31T02:02:56+00:00,2026-06-11T15:04:48+00:00,4,0,0,939.0,939.00,1864.61925,4
0x7a455fcac8ba7397d44534f6dbb6481e66f54eec,2026-04-01T09:01:37+00:00,2026-04-02T06:48:29+00:00,2,1000.0,1000.0,0,0,130.000,2
0x7a52855736e4d97e8f4ad4c78963754951853725,2026-05-08T20:55:55+00:00,2026-05-15T05:48:00+00:00,2,1521.11,1521.1,0,0,41.06985,2
0x7a603efbb75086ce111e345788e2fcb2527d5493,2026-06-04T04:57:07+00:00,2026-06-04T04:57:07+00:00,1,2222.222222,0,0,0,19.999999998,1
0x7a61377a704bef219c24ac6b69b776c0b6c89145,2026-05-06T10:47:12+00:00,2026-05-06T15:50:07+00:00,2,0,0,59.48,59.48,114.976839997156,2
0x7a66b43b8c9e55228d36a45b0e9cad6db2e83011,2026-06-02T00:49:42+00:00,2026-06-17T18:00:41+00:00,4,0,0,816.58,816.58,1628.10568,4
0x7a69a8ba63b3574126e052f81c709185ca439799,2026-05-30T14:18:18+00:00,2026-05-30T14:18:18+00:00,1,125.0,0,0,0,1.0000,1
0x7a6b25fd8f92e657298ebcba9f143a178bdfb2d0,2026-05-04T12:01:48+00:00,2026-06-10T06:35:46+00:00,16,0,0,1396.825723,1296.82,2642.0996559821659818,16
0x7a7084c27d6b670eadbadcb1e9bd4767e9f695dd,2026-05-01T20:18:30+00:00,2026-05-03T09:55:44+00:00,5,0,20.28,0,5.21,5.77747,5
0x7a84706bb072406f40b33e1cf51b840eb6b87455,2026-05-09T06:29:12+00:00,2026-06-16T08:55:39+00:00,3,2550.625,550.62,0,0,25.968060,3
0x7a890801d4d823bc85b3009b1147b4a3f135ff1d,2026-06-11T00:15:03+00:00,2026-06-11T00:15:03+00:00,1,666.666666,0,0,0,1.9999989980000010,1
0x7a90d5630bdfd52d04166fb248f6b3bf6d444b00,2026-05-02T06:34:56+00:00,2026-05-05T14:39:28+00:00,4,0,0,51.09,51.09,98.72973,4
0x7a95a45abf49e9b2929873f55bc2e1e83531b532,2026-03-19T04:00:31+00:00,2026-03-20T14:36:29+00:00,4,0,0,11.03,11.024063,20.0691969999870268,4
0x7aa1a2b34fe121de9973e16731c95b09aa433a2d,2026-06-15T22:22:54+00:00,2026-06-15T22:22:54+00:00,1,5172.41,0,0,0,20.68964,1
0x7aae2455dc23569115f72c42bd5f35fc6e416ebb,2026-05-01T08:51:22+00:00,2026-05-01T08:51:22+00:00,1,33.333332,0,0,0,0.9999990000000384,1
0x7ab367db6fcaa03ab5413e3daa34982c8cbbb236,2026-05-04T15:38:18+00:00,2026-05-04T21:40:14+00:00,2,0,0,31.22,31.22,61.00388,2
0x7ab598c4b7c00f578b0019427cf2524f8fcb10e3,2026-06-09T04:23:54+00:00,2026-06-09T04:24:49+00:00,4,0,0,14.87925,14.87,29.61538300,4
0x7ab651348136a675f3273fbdbe35d3976625a0fd,2026-03-03T08:08:35+00:00,2026-03-13T08:58:37+00:00,2,25.0,25.0,0,0,17.250,2
0x7ab8159e9547f291c4bc8afaf0f69b7a55a7eb56,2026-06-08T13:07:36+00:00,2026-06-08T13:07:36+00:00,1,1000.0,0,0,0,5.0000,1
0x7ab8c3e47918594e48b9b50c94d2cdf19d3565db,2026-06-16T15:02:53+00:00,2026-06-16T15:02:53+00:00,1,400.0,0,0,0,1.2000,1
0x7ac42386d934093f2fc7aa2f52fc0da59c434f44,2026-03-27T17:44:21+00:00,2026-06-15T23:29:07+00:00,191,7570.091070,7570.087471,0,0,232.1068599936165548,186
0x7acdae71c7413586e289700bfeed866ee3a11086,2026-06-15T00:16:57+00:00,2026-06-17T08:09:07+00:00,5,8772.666665,0,0,0,27.5299969283333354,5
0x7acf2607875e5ad601fae38f43da0b124b053665,2026-06-17T08:32:41+00:00,2026-06-17T14:44:46+00:00,3,1000.0,0,1.002,1.0,4.996996,3
0x7ad005a8beb095de1c9937678dafa918911b19e3,2026-05-12T17:43:40+00:00,2026-06-05T17:01:51+00:00,15,3966.666665,0,0,0,36.6999990150000015,15
0x7ad3ac9a7a2b1ea9bc12dc03899852b4bdbba2ed,2026-05-29T03:17:57+00:00,2026-05-29T03:17:57+00:00,1,0,0,1.014142,0,0.9999440000331244,1
0x7ada2214f3c97e48de3eb3cc0102e36cccd239ad,2026-06-07T12:45:52+00:00,2026-06-09T23:10:00+00:00,2,0,0,38.0,38.0,75.6580,2
0x7ae36179c54a36c4c9f7f84d566c8264bdcc6276,2026-05-11T19:58:59+00:00,2026-05-12T12:30:28+00:00,2,0,0,338.0,338.0,662.1420,2
0x7ae814c04c554fed9ee85d09a088eaa66154c31a,2026-05-29T02:39:06+00:00,2026-05-29T02:39:06+00:00,1,0,0,2.028357,0,1.999959999971643,1
0x7af756ffe73f8068178564eec2c64af712360ef3,2026-06-11T18:55:30+00:00,2026-06-11T18:55:30+00:00,1,0,0,1.002,0,0.999996,1
0x7b025f4f5a76b299b3a746b8fc9b8e5fdbbf7939,2026-05-01T06:18:34+00:00,2026-05-04T09:38:54+00:00,12,6483.87,6483.864192,1758.01,1758.01,3799.8076890102969184,11
0x7b02b2bac2a30ed5e40b7094e734f4c3dc2a4991,2026-06-04T00:54:04+00:00,2026-06-05T18:05:15+00:00,38,0,56494.378565,115766.07,0,115306.7240101802654527,38
0x7b04bf3fe9853b25666ed585ab9f22ca60733a41,2025-12-11T08:08:19+00:00,2026-01-19T20:05:20+00:00,2,5.0,5.0,0,0,3.100,2
0x7b2074abcfdcf50b9e44b3a8f3375c479cb4f6c0,2026-02-21T07:19:12+00:00,2026-02-24T08:20:28+00:00,2,458.0,458.0,0,0,425.940,2
0x7b40d04bc9347cf476a2c2f3b0d25763fb4d148a,2026-05-26T06:02:39+00:00,2026-05-26T06:02:39+00:00,1,235.294116,0,0,0,3.9999990072941244,1
0x7b47a2fab9123433ce9491b2c26611fa257513a8,2026-05-30T13:37:10+00:00,2026-06-17T18:00:41+00:00,4,0,0,1688.0,1688.0,3364.1880,4
0x7b61e5f083ad07b02b800d6d8fa214f67952fae8,2026-05-02T13:06:14+00:00,2026-05-13T08:52:05+00:00,8,0,0,500.0,499.992197,974.4922979999930057,8
0x7b676d5a6379855773d405fcf19b9aa577651b07,2026-04-29T15:53:06+00:00,2026-06-17T08:28:35+00:00,117,0,2444865.050791,146000.0,0,153091.9944121048549656,117
0x7b6eb7637f48c60f2dbb7e8b2f64dd06160643ad,2026-02-23T04:54:08+00:00,2026-06-09T08:12:57+00:00,3,264.945651,264.94,0,0,101.0597590034782658,3
0x7b714adcb6b9a081fad0b84ae8367e88e8f54ef1,2026-06-13T19:18:36+00:00,2026-06-13T19:18:36+00:00,1,2000.0,0,0,0,6.0000,1
0x7b7cddca9f93f1a043ca2a7073f38841f060ec19,2026-06-14T07:54:30+00:00,2026-06-14T10:51:00+00:00,2,0,0,4.008,4.0,7.987984,2
0x7b8ab9e35e1a4cfa42e9bab2412f14df5f4dcbc3,2026-05-15T09:13:49+00:00,2026-06-06T02:47:18+00:00,3,0,0,200.0,100.0,296.7000,3
0x7b900d4557c9e5400aa7b9832fefb66afccf1d17,2026-02-05T22:51:43+00:00,2026-03-15T07:21:57+00:00,13,295.879165,0,0,0,124.4571660000477945,13
0x7bac8d6d5ed709831d6bd3a91d3b3f2a013fa84e,2026-06-16T23:55:22+00:00,2026-06-16T23:55:22+00:00,1,0,0,5.17,0,5.15966,1
0x7bb1b3c399e8f61c8a651553b9a78c15b62d7803,2026-05-03T00:38:26+00:00,2026-05-12T12:34:00+00:00,11,0,0,242.42,242.42,470.55859,11
0x7bc6158e600d7c3e2d23ebb28e9ae004b0ce1ced,2026-04-18T14:55:30+00:00,2026-04-18T19:37:54+00:00,2,16.666665,16.66,0,0,1.666399000000090,2
0x7bcb7dd4db7b5b616d9c5c6d9d91f52ea26962ec,2026-06-10T21:52:39+00:00,2026-06-10T21:52:39+00:00,1,8333.333333,0,0,0,24.9999991656666667,1
0x7bcf6800b67e99d4aa32158f6f169e654ec50fea,2026-05-04T04:11:14+00:00,2026-05-06T12:00:06+00:00,6,0,0,174.08,174.08,336.95784,6
0x7bd5b12af8ac9ac741c5f5b74e0fe1ac8f94cc12,2026-05-15T01:52:25+00:00,2026-05-15T03:19:30+00:00,2,0,0,4.559269,4.55,8.9862980001126293,2
0x7bf4894abf2f81fe1aec25484b40d995c073eb74,2026-05-16T07:48:04+00:00,2026-05-16T08:04:52+00:00,2,0,0,4.0,4.0,7.9400,2
0x7bfc96b7aa091a6000b66c2adfb76c5c37c21a00,2026-03-12T19:15:37+00:00,2026-06-16T12:15:06+00:00,16,2061.109680,0,0,0,18.1449920002409351,16
0x7c02ca1891ff9339352be524ab9ef8a372eaa124,2026-06-03T11:58:37+00:00,2026-06-13T05:48:39+00:00,2,0,0,9.899,8.71,18.493779,2
0x7c1089d36a285e75f6090dff5e5ea7d06f24c293,2026-05-18T17:45:10+00:00,2026-05-20T11:15:53+00:00,2,142.857142,142.85,0,0,2.428499994,2
0x7c1cf1010b4c63f5ad994531cd60655bf7888533,2026-05-10T20:00:22+00:00,2026-05-11T01:02:55+00:00,2,0,0,33.38,33.38,65.39142,2
0x7c1dc7f904e1edeaef34c3503eb5128a43ee438b,2026-05-14T06:46:01+00:00,2026-06-05T11:50:00+00:00,3,0,0,200.0,100.0,296.7000,3
0x7c3928be3033855d2d1b47060e89f7398d4366e8,2026-06-07T10:28:09+00:00,2026-06-07T10:28:09+00:00,1,220.0,0,0,0,1.1000,1
0x7c460f603804a0f672857faded303f46befc6fe6,2026-05-02T21:36:02+00:00,2026-05-03T02:43:44+00:00,2,0,0,57.58,57.58,110.72634,2
0x7c4eee4f56777d5397fd21e4541a56827b708fc6,2026-05-15T03:47:15+00:00,2026-06-05T16:40:09+00:00,3,0,0,200.0,100.0,296.62000,3
0x7c5538ac52a49582374528cc89ea2139aac025c3,2026-03-20T06:55:09+00:00,2026-03-20T09:56:19+00:00,6,0,0,200.0,200.00,350.0000,6
0x7c55e354cffe4d634cb75c4d35d5fb7a9499a54e,2026-05-07T05:26:42+00:00,2026-05-10T15:52:55+00:00,2,8.0,8.0,0,0,0.4240,2
0x7c5b7753048e57ccaa5e24a363f12f1cf37c8007,2026-05-01T16:41:40+00:00,2026-05-16T19:29:22+00:00,2,125.0,125.0,0,0,5.7500,2
0x7c637a299eb721f5f5d2198565e2a2e8a44e9da6,2026-05-22T15:11:26+00:00,2026-05-30T05:37:21+00:00,2,0,0,1.009,1.0,1.991919,2
0x7c6612d5c4e6d36a505b24dbfc5364b6db92b30b,2026-04-05T18:35:27+00:00,2026-04-05T18:35:27+00:00,1,71.42857,0,0,0,4.999999000000018,1
0x7c668a9165f39023b4c807b4d724e8be2551e875,2026-06-11T08:53:00+00:00,2026-06-11T08:53:00+00:00,1,0,0,10.02,0,9.99996,1
0x7c6e2b00a7bc03c579dabf7f96ed0116558d4644,2026-05-16T11:09:15+00:00,2026-05-23T19:41:20+00:00,2,0,0,18.126857,18.12,35.9025289991873143,2
0x7c705c9435cd9621c069fe002d1513482d3630d7,2026-06-13T22:18:04+00:00,2026-06-13T22:18:04+00:00,1,0,0,1.002,0,0.999996,1
0x7c754ed82582a366dfb424fb6aae8c8074305f5a,2026-06-17T11:57:32+00:00,2026-06-17T11:57:32+00:00,1,0,0,53.9075,0,53.7996850,1
0x7c868c4603b0a01b800123fe95f19d41079a2612,2026-05-06T08:11:20+00:00,2026-05-06T12:13:26+00:00,2,0,0,55.08,55.08,106.57980,2
0x7c8793c16929799e2e16b3270ff8d173330f89d3,2026-06-14T16:24:31+00:00,2026-06-14T16:24:31+00:00,1,0,0,2.004,0,1.999992,1
0x7c87d89abccb2e3f1428d6bfc0ceace511b90bdd,2026-05-17T16:10:41+00:00,2026-05-18T03:52:20+00:00,2,0,0,113.0,113.0,223.61399000490,2
0x7c9344b51129a22ad9883572cc0ca149ea52bb29,2026-04-14T11:19:27+00:00,2026-05-26T17:56:35+00:00,5,6166.466662,6166.46,0,0,441.0486671550886698,5
0x7ca6780cab555651067e9a3f097da7561667424b,2026-05-17T21:24:08+00:00,2026-05-17T21:45:50+00:00,2,0,0,5.045333,5.04,9.9945649999728002,2
0x7cafcb77ed9a72fa626a7dd0079c227d170319d2,2026-05-14T12:34:37+00:00,2026-05-14T12:34:37+00:00,1,714.285714,0,0,0,9.9999989960000004,1
0x7cb518d1acf81b7345faeaabca2aa9bf3acd2b60,2026-05-02T16:38:42+00:00,2026-05-08T18:58:49+00:00,6,0,0,158.11,158.11,307.70689,6
0x7cba1c8760627f2f6c5daea644eae3d82fd9da9c,2026-03-05T02:34:35+00:00,2026-04-07T01:06:41+00:00,2,96.774192,96.77,0,0,37.7415989974193632,2
0x7cbd58aeb376d74392e73d9b3ad6d269f22178bf,2026-05-17T09:17:16+00:00,2026-05-17T10:12:24+00:00,2,0,0,1283.702212,1283.7,2550.7140979577786728,2
0x7ccb7bf1dfec09b4a5efaa9e0ddcadb3bfa0d86c,2026-06-11T12:35:30+00:00,2026-06-11T12:35:30+00:00,1,0,0,1.002,0,0.999996,1
0x7cd0b9cf177f7e8257fc8a7fbeb608aa844fbbd7,2026-06-02T18:02:08+00:00,2026-06-02T18:02:08+00:00,1,0,0,1.079666,0,1.0699489999538704,1
0x7ce6fb6efde6ce69b3a74d666f8dea8f3df416a3,2026-03-31T22:48:11+00:00,2026-04-01T15:01:09+00:00,14,196.13,196.13,1044.0,1044.0,1982.2556,14
0x7cf7e8f368f5de49e0b97122674c778be9213c63,2026-04-12T05:52:09+00:00,2026-04-12T05:52:09+00:00,1,0,0,2.127658,0,1.9999980000003848,1
0x7cfd5ec8c3b264d3fcf55783f6cdb279b9dbb94f,2026-05-25T22:10:05+00:00,2026-05-26T11:16:30+00:00,3,0,0,4127.02,4127.02,8138.48242,3
0x7d0483fc18ccb7224bb3c9df9c8de07125b8e037,2026-02-16T09:37:07+00:00,2026-02-22T19:19:38+00:00,2,3.846152,3.84,0,0,3.6895990000000192,2
0x7d053b58f37821f069f08b18657d184d62626047,2026-06-16T05:49:43+00:00,2026-06-16T05:49:43+00:00,1,0,0,103.0,0,102.5880,1
0x7d0ac178c26f099a0332f3d8259f915b24326a33,2026-05-09T09:42:31+00:00,2026-05-09T09:42:53+00:00,2,125.0,125.0,0,0,3.8750,2
0x7d0c9f5642d77c1fb43fa41e9ab60e2da39db629,2026-06-16T10:04:37+00:00,2026-06-16T10:04:37+00:00,1,0,0,66.0,0,65.7360,1
0x7d0da4f4c68b1e39a81fb5b27b701533d4376c84,2026-04-29T12:33:46+00:00,2026-06-05T13:55:25+00:00,2,243.902438,243.9,0,0,11.4634000067804876,2
0x7d18ffb84a4173adcc86889ff81a3de85148d381,2026-05-08T06:41:02+00:00,2026-05-08T11:45:53+00:00,2,0,0,42.26,42.26,82.15344,2
0x7d1b684e9b61d75dfd29d21bf27bed8a8029f61d,2026-05-14T07:34:38+00:00,2026-05-14T07:34:38+00:00,1,71.428571,0,0,0,0.9999990011428631,1
0x7d1b6caa21153c8d4fb7ca2989ee5db46e1d86d0,2026-06-17T06:30:47+00:00,2026-06-17T06:30:47+00:00,1,500.0,0,0,0,1.0000,1
0x7d28c600a6c14535995278caa2b45517eb8d6b73,2026-06-02T02:38:36+00:00,2026-06-02T02:38:36+00:00,1,0,0,10.080625,0,9.999980000,1
0x7d30490e2cabb558c317afef97ea384ed6d52134,2026-05-05T17:20:22+00:00,2026-05-05T17:20:22+00:00,1,0,0,4.341562,0,4.2199980000330304,1
0x7d397f38eb585b4e7a801045f8456f84cdabe10a,2026-05-05T04:32:24+00:00,2026-06-10T06:36:48+00:00,17,0,0,1199.897644,1099.89,2271.8926379981944764,17
0x7d3aa2894fff517dece73fffd3becba00d473a00,2026-06-12T14:26:07+00:00,2026-06-12T14:26:07+00:00,1,0,0,1.002,0,0.999996,1
0x7d3ec66a5bb6f84001fc3667d7944b125bda346a,2026-05-01T15:36:32+00:00,2026-05-01T15:36:32+00:00,1,28690.701763,0,0,0,953.9200002236836075,1
0x7d4d4116a8cb146c89ae3526066993f56d9bec52,2026-05-12T08:30:33+00:00,2026-05-12T10:29:28+00:00,8,0,0,184.986361,184.979569,361.8266809996568235,8
0x7d78ce270007585df9b39aeb1a3b10ea050bffa6,2026-04-22T09:12:58+00:00,2026-04-22T09:13:18+00:00,4,1654.8,0,0,0,75.5585,4
0x7d7e18a34357ef218eaeae27b4571c01f15e736f,2026-04-15T11:45:54+00:00,2026-04-15T12:03:30+00:00,2,0,0,30.0,30.0,56.400,2
0x7d8502ac6b673febeda4aa91f6d575caa60ffa50,2026-06-12T11:56:03+00:00,2026-06-12T11:56:03+00:00,1,0,0,1.052,0,1.049896,1
0x7d8af8357f3ef24a306915f863d44b1b2dfee464,2026-03-19T12:52:11+00:00,2026-03-19T12:52:11+00:00,1,4192.75,0,0,0,503.1300,1
0x7d916525df0b42b17c313272bd63df62db05db9e,2026-05-17T23:35:23+00:00,2026-05-18T13:58:24+00:00,2,0,0,105.75,105.75,209.3850,2
0x7d9bd1c866f9e906b5a719bd412023ce16f8ec4a,2026-05-19T14:23:12+00:00,2026-05-19T14:23:12+00:00,1,111.11111,0,0,0,1.000000001111111,1
0x7db899fdaf3399aad348b3ee7d6ba5866940dee4,2026-02-04T18:04:59+00:00,2026-03-20T00:20:29+00:00,8,149.423124,149.0,0,0,107.8831969977915523,8
0x7dbeb5fcdca0cd8e39a501c2ae08a1b3ee06f042,2026-06-17T18:00:40+00:00,2026-06-17T18:00:40+00:00,1,5.0,0,0,0,0.0050,1
0x7dc6801551327f603e951f4502766333ac0777d4,2026-06-17T12:56:29+00:00,2026-06-17T12:56:29+00:00,1,666.666665,0,0,0,1.999999995,1
0x7dc984968bae34a9cb75380e8265b26a9645525e,2026-05-08T01:31:47+00:00,2026-06-01T19:19:48+00:00,16,1041.995363,1041.99,0,0,18.477868993,16
0x7dce96e76b248b2220be03e09629f899ee884682,2026-02-09T12:10:37+00:00,2026-02-10T19:24:21+00:00,3,34.73,34.72,0,0,38.717500001664,3
0x7dcf235766e6b09c8869468a75d5495cf171a7bd,2026-05-03T20:36:14+00:00,2026-05-21T06:17:58+00:00,55,0,1.20,1320.885,0,1296.331690,55
0x7dd704860aa837e75239c67393d7d492f025a691,2026-05-09T18:26:05+00:00,2026-05-09T18:26:05+00:00,1,187.5,0,0,0,3.0000,1
0x7de03d784c9832eae1d000000f2ade9becdea7ed,2026-05-03T12:42:22+00:00,2026-05-03T12:42:22+00:00,1,540.540539,0,0,0,19.9999990240810837,1
0x7de6710e7baa54ee540b5099e9db23fd5cb83ea6,2026-02-10T13:46:23+00:00,2026-02-10T13:46:23+00:00,1,35.892856,0,0,0,19.9999989989340912,1
0x7dfa8be2cab0eb1fe763a5d6c77e25250f093c4b,2026-05-18T19:30:06+00:00,2026-06-15T16:58:40+00:00,2,342.857142,0,0,0,1.999998994000006,2
0x7dff3e22e89d0b424317b78448465da76398509e,2026-05-04T00:51:30+00:00,2026-05-04T00:52:02+00:00,2,16.666665,16.66,0,0,1.333199000000090,2
0x7e04d1d00bc847f478b9314522210e12b5fec004,2026-06-17T12:53:22+00:00,2026-06-17T12:57:01+00:00,3,5000.0,0,0,0,15.0000,3
0x7e062a7ec0f0ba4e2209347696d8fc52cb79108f,2026-06-16T08:25:45+00:00,2026-06-16T08:25:45+00:00,1,0,0,47.0,0,46.8120,1
0x7e0854d9725c4ca8c27b311db7cd988df095241f,2026-05-14T18:20:08+00:00,2026-06-09T18:27:12+00:00,4,491.260502,0,0,0,5.2699999959495794,4
0x7e1086a6d143261a3052191e1bedc702a86c5392,2026-03-19T23:34:51+00:00,2026-03-24T16:41:31+00:00,2,8.333332,8.33,0,0,1.5830990000001344,2
0x7e13d3571817777fae146c234e973bb8a21a624f,2026-06-01T00:39:51+00:00,2026-06-01T07:28:22+00:00,2,0,0,10.0,10.0,19.8200,2
0x7e1fad5740b4fccf8857dcb8c4a3ead7a5db43da,2026-05-16T15:21:47+00:00,2026-05-16T15:21:47+00:00,1,0,0,5.88,0,5.83884,1
0x7e211ce988f4a07234e190622f20fd557b212238,2026-04-16T17:15:08+00:00,2026-04-16T17:15:08+00:00,1,400.0,0,0,0,20.000,1
0x7e2145be331e2f05bc312058ea209a14d4484f8a,2026-05-27T08:36:42+00:00,2026-05-27T08:36:42+00:00,1,0,0,1.218266,0,1.1999920000102188,1
0x7e2a2fe4162dac81e1caa084e3a74f350736d881,2026-03-06T18:10:03+00:00,2026-03-06T22:58:43+00:00,8,35.45,35.45,0,0,24.076800001615,8
0x7e33e70d7b128fca9aeb6be78e03cf99e12e2ee0,2026-05-16T16:48:33+00:00,2026-05-16T16:49:39+00:00,2,750.0,0,0,0,6.0000,2
0x7e3a6e4d08ac6d5e6a3a444274e4365d8e335696,2026-05-06T10:57:12+00:00,2026-05-12T17:05:41+00:00,4,0,0,99.52,99.52,194.12444,4
0x7e3e9f23ca05f5d8ff34d2d1bb85f103ab19d17c,2026-05-19T11:46:38+00:00,2026-05-19T17:53:58+00:00,19,5552.116500,5552.099999,0,0,94.3858299956111138,19
0x7e5d3ac87933bb8c5db18503d12a4a73dc683cf8,2026-04-30T10:52:04+00:00,2026-04-30T10:52:04+00:00,1,0,0,1.026693,0,0.9999979999681455,1
0x7e5e420a5cde8a322f3b5b93a12a164827f47315,2026-05-18T12:25:11+00:00,2026-05-18T16:38:45+00:00,21,24999.970332,0,0,0,224.9997329999227276,21
0x7e62a2ee2b7fca5d008d14efd2ca5ff00bfdc647,2026-05-15T02:31:35+00:00,2026-06-05T15:18:58+00:00,3,0,0,200.0,100.0,296.7000,3
0x7e6573864ba03e62f5d9f8df134630494b095624,2026-06-13T22:28:16+00:00,2026-06-13T22:28:16+00:00,1,0,0,1.002,0,0.999996,1
0x7e67dc3def586cb6d2d095afffc7ddfb182c0dd0,2026-06-12T14:36:19+00:00,2026-06-12T14:36:19+00:00,1,0,0,1.042,0,1.039916,1
0x7e80049eb08ac45b6ddadd8d069db6fd94ba631b,2026-04-05T07:30:37+00:00,2026-05-01T16:28:00+00:00,15,0,0,1200.0,1199.955451,2289.9571820231105621,15
0x7e825aeea0de31d53d7e31ff86dda28c4cfad0f4,2026-05-25T09:14:05+00:00,2026-06-16T17:17:20+00:00,2,0,0,127.92,127.92,253.92120,2
0x7e847c9bcf61a5a5fce564260b19ec096101d064,2026-01-29T17:29:42+00:00,2026-04-03T12:41:03+00:00,8,0,0,110.290844,15.86,112.2944989999225852,8
0x7e8f387fe77eeb7252d3987f58ba6b3e9034a83b,2026-04-18T09:41:08+00:00,2026-05-07T23:58:09+00:00,2,100.0,100.0,0,0,7.9000,2
0x7e8f46e1c692fdfa9f84a41b9625fcf909aba888,2026-06-11T23:32:15+00:00,2026-06-12T00:22:22+00:00,2,0,0,8800.0,8800.0,17556.0000,2
0x7e91c3cf2e4e89dd000cf5a9cd341a36a6a60903,2026-02-15T17:31:45+00:00,2026-02-16T09:37:31+00:00,2,3.882351,3.88,0,0,3.9199989999058874,2
0x7e934c930bb56811cbca27707e0be59381183ba7,2026-05-19T21:34:21+00:00,2026-05-19T21:34:21+00:00,1,0,0,12.0,0,11.9040,1
0x7ea0b4260204814866ef03215ea16664240bb654,2026-05-27T16:28:13+00:00,2026-05-27T16:28:13+00:00,1,66.666665,0,0,0,0.9999990016666910,1
0x7ea7d9ebf16ea7b52cb7b0cbe499db24df15466c,2026-05-30T03:32:59+00:00,2026-05-30T03:32:59+00:00,1,125.0,0,0,0,1.0000,1
0x7ea866a842ce0e78dbbdc096732bf1d3903bf746,2026-06-07T13:53:09+00:00,2026-06-08T13:29:18+00:00,2,167.0,167.0,0,0,1.6700,2
0x7ebee4efe5c11fb1ae3f5d60b1c2082384b5287c,2026-06-05T04:21:06+00:00,2026-06-06T01:53:16+00:00,2,555.555555,555.55,0,0,8.3332989950000010,2
0x7ecc0ff565185bd59fa4f013313d7dd4dc227730,2026-05-08T01:42:53+00:00,2026-05-08T01:42:53+00:00,1,100.0,0,0,0,3.000,1
0x7ed26e1b5b2e0c51c2541568f2a6ee83a0e041fb,2026-05-31T01:06:35+00:00,2026-06-17T18:00:41+00:00,4,0,0,373.0,373.0,743.0100,4
0x7eddd563ccfbef29e0790398d9b25982404a3ae8,2026-05-10T14:05:33+00:00,2026-05-10T14:05:33+00:00,1,166.666665,0,0,0,2.9999990033333430,1
0x7ee07bb7329f08814f1d68d34f294e68f048bc39,2026-05-03T09:49:38+00:00,2026-05-09T13:38:53+00:00,2,54.054053,54.05,0,0,2.8647999988378371,2
0x7ee3651acc35c6fb7d15cf8aa1553458c8e7cbb1,2026-06-13T13:51:49+00:00,2026-06-17T16:08:23+00:00,25,1750689.5740,3.99,0,0,4414.7200980,25
0x7eed3dea059c269fe4342c8952822cca2b85a3a9,2026-03-02T17:11:09+00:00,2026-03-04T11:40:27+00:00,3,5.64,5.634284,0,0,4.2199990002287168,3
0x7eefb75b93ab665da08340a9f057198273c581b8,2026-02-10T19:24:21+00:00,2026-03-15T07:41:01+00:00,14,400.00,399.996665,0,0,333.99899900000005,14
0x7ef965815a4770afe4ccfaeb7737d2b020f4681d,2026-05-14T19:43:45+00:00,2026-05-14T19:43:45+00:00,1,137.142857,0,0,0,1.9199989968571439,1
0x7f0a1306dc8632a5b5674f95d66704f1b5d0cd5a,2026-04-26T04:11:12+00:00,2026-05-10T17:28:42+00:00,4,0,0,41.06,41.06,78.89388,4
0x7f0b8cefc325055c4ec798b9770f06976517e459,2026-05-13T02:11:48+00:00,2026-05-25T09:06:54+00:00,2,0,0,89.249428,89.24,176.2582959990750572,2
0x7f0b8e5ccb97ec97e58aa61e38505464e1135886,2026-05-29T00:59:05+00:00,2026-05-29T00:59:05+00:00,1,131.53846,0,0,0,1.710000006307692,1
0x7f0c9de4c930022b8643839f3248f321b48bf073,2026-02-02T03:41:42+00:00,2026-04-22T22:56:48+00:00,20,1262.00,1262.0,0,0,159.75185994980,20
0x7f0d69e3be39e8929dc44c1ce2241a0936f79965,2026-03-02T18:41:05+00:00,2026-03-02T18:41:05+00:00,1,23.809522,0,0,0,9.9999989995238278,1
0x7f0f780b9eceeb62d5c28e5e61859394a8384f31,2026-03-09T09:46:51+00:00,2026-03-12T11:10:37+00:00,28,1327.143539,0,0,0,446.327340999999616,28
0x7f28d3e1886e0b1708ac1793ca71a96c8a1d2a44,2026-04-29T08:53:56+00:00,2026-04-29T08:53:56+00:00,1,0,0,3.64679,0,3.489978000096322,1
0x7f2cdd706e3f368ed6fa7b6db6a963e2d5b07ecd,2026-05-07T21:22:14+00:00,2026-05-08T05:24:42+00:00,2,0,0,37.82,37.82,73.44644,2
0x7f48500d35fb83baa428d0cc5125221dc48679c9,2026-02-12T09:43:45+00:00,2026-02-12T09:44:17+00:00,3,0,0,1900.0,1900.0,1976.450,3
0x7f5b9376ed23c93d1f1e4be5b5e88f875065b202,2026-05-23T10:30:07+00:00,2026-05-25T18:20:06+00:00,4,115.41,115.41,0,0,2.65443,4
0x7f8da2cd352455b682f369224254daabefc9301b,2026-06-16T23:55:26+00:00,2026-06-16T23:55:26+00:00,1,0,0,6.072,0,6.059856,1
0x7f900a36822f3320f8c0d92e3e5cd377d4e6036a,2026-04-09T22:51:43+00:00,2026-04-09T22:52:29+00:00,2,586.4,0,0,0,58.64,2
0x7fb6dbae986fe7b71c5004a0c80daecabd855407,2026-04-30T02:39:26+00:00,2026-05-12T15:55:01+00:00,4,263.89,263.89,1.026692,1.02,21.2686679999918024,4
0x7fb82ba8c30fdbef017b988edb0bf51d620977c6,2026-05-05T12:55:20+00:00,2026-05-06T07:16:56+00:00,2,0,0,19.96,19.96,38.92200,2
0x7fb88b43368893a1cab43e0d05af8bd70a0acc24,2026-04-30T05:17:06+00:00,2026-06-17T18:00:43+00:00,163,0,0,5529.404542,5529.402949,10897.8791919980519302,152
0x7fbd81c2af931d2671c1f0feb8aebde2d9577eab,2026-06-13T05:32:19+00:00,2026-06-13T05:32:19+00:00,1,3333.333333,0,0,0,9.9999989990000001,1
0x7fbfc36c770a25a3d493a726e46094ac8f22f875,2026-05-13T08:25:49+00:00,2026-05-13T08:25:49+00:00,1,200.0,0,0,0,3.0000,1
0x7fc40a33a89859cc0fdb4c80aec8e218d74c55ea,2026-06-12T05:30:19+00:00,2026-06-12T05:30:19+00:00,1,0,0,78.156,0,77.999688,1
0x7fe7bfaf5f92f588896a3db1a3671d7463546234,2026-05-02T12:41:18+00:00,2026-05-02T19:46:24+00:00,2,0,0,27.25,27.25,52.40175,2
0x7ff56781e895b8e66e75d3a483c35a8c2f567d0d,2026-05-01T00:57:46+00:00,2026-05-01T08:02:04+00:00,2,0,0,35.38,35.38,68.49568,2
0x80046e7909d0e9fbf79334ae3142e573c04d35e6,2026-05-19T00:00:20+00:00,2026-05-19T10:17:07+00:00,15,0,6299.985554,0,6296.49,6309.1144369803333363,15
0x8014679752392c08eb09e5dc4189a3c5adea57c8,2026-04-30T05:18:42+00:00,2026-05-13T02:31:12+00:00,35,0,0,1384.644704,1384.64,2713.5551750017058528,32
0x80319df097b973e2eae79e71140eb311a31c27da,2026-05-25T03:42:34+00:00,2026-05-25T03:42:34+00:00,1,76.923075,0,0,0,0.9999989980769475,1
0x8035af529f24226b1e21d1bde5b25243e980f36d,2026-03-30T07:08:56+00:00,2026-04-13T16:39:59+00:00,4,102.0,102.0,19.4,19.0,47.700,4
0x8038f710d8317f0b8b2d2c0348c1486de146b39c,2026-06-17T11:31:50+00:00,2026-06-17T11:31:50+00:00,1,1666.666666,0,0,0,4.9999989980000004,1
0x804026ad943d81827b9ee5b91d581fae51e85c8a,2026-03-30T08:06:48+00:00,2026-04-03T14:28:23+00:00,2,142.9,0,10.5,0,19.978,2
0x80435a55e9bbfdfc5dcd7b49591547076f1808c2,2026-06-08T11:45:58+00:00,2026-06-08T11:46:01+00:00,2,0,0,12.57025,12.57,25.02711900,2
0x804c1770147f92e1481880a296dc551a07c53add,2026-04-28T07:34:20+00:00,2026-04-28T07:34:20+00:00,1,272.899189,0,0,0,9.9500000002359878,1
0x80666c19b1600aca0a67fb89be003d8632cda73a,2026-04-30T18:22:52+00:00,2026-04-30T18:22:52+00:00,1,264.285713,0,0,0,9.2499990035714332,1
0x806c23ad098706619d8fb5ddfa7c109d5fbe8e18,2026-05-06T18:52:35+00:00,2026-05-12T21:01:34+00:00,2,28.571427,28.57,0,0,1.3999789992857663,2
0x80755f2d9681700265848699d24aed59fc9162df,2026-04-05T07:30:37+00:00,2026-04-23T14:58:32+00:00,20,0,0,91.06,91.06,171.55932,20
0x807f3b413e8978d36a2202bef65cd274290cc22c,2026-05-12T18:24:04+00:00,2026-05-12T18:24:04+00:00,1,666.666665,0,0,0,9.9999989750000025,1
0x8082fca978ed786b2e25c72ea7eaf4c866861cd0,2026-06-17T12:32:01+00:00,2026-06-17T12:32:01+00:00,1,1666.666665,0,0,0,4.999999995,1
0x8084a1bdfb3580123db4fdba0f43b9e2d31cf4a3,2026-06-17T16:07:16+00:00,2026-06-17T16:07:16+00:00,1,3370.0,0,0,0,10.1100,1
0x8091278cf783f2151e1a4b75dcd972c25f49064f,2026-06-13T08:45:31+00:00,2026-06-13T08:45:31+00:00,1,333.333333,0,0,0,0.999998999000001,1
0x809205fb1c91f746b9703ca412c4fdd0435db8a2,2026-02-26T18:10:32+00:00,2026-03-16T08:36:01+00:00,6,0,0,125.0,0,87.700,6
0x8093053fbb7efac86c6475b6e60665686b936e6c,2026-06-16T11:34:16+00:00,2026-06-16T11:36:39+00:00,12,0,0,380.522,380.52,757.617312,12
0x809f39a3124b52e17a321054bb2d16ad114f6149,2026-06-17T15:38:35+00:00,2026-06-17T15:38:35+00:00,1,16666.666665,0,0,0,49.999999995,1
0x80a4552cdcde3b861b8adc146ab1fbd4711022cc,2026-03-18T16:56:35+00:00,2026-04-29T18:53:22+00:00,2,0,0,86.93,86.93,147.34635,2
0x80a9a302bb3476d28ffcb8488b2fdee83c936531,2026-06-14T14:59:55+00:00,2026-06-14T14:59:55+00:00,1,0,0,21.042,0,20.999916,1
0x80ab1c097263d3798e42a9582cf5a4c9a6d6fc71,2026-05-08T19:44:26+00:00,2026-05-08T19:44:26+00:00,1,176.470587,0,0,0,2.9999999966470587,1
0x80b2d482de982b0dba7032f8fb0717086c8dc753,2026-03-15T19:26:17+00:00,2026-03-27T13:10:29+00:00,2,16.666665,16.66,0,0,6.33279900000005,2
0x80cf6ca83567d1c84babb5e3a2c84d3fc9a90ec7,2026-02-25T22:57:58+00:00,2026-03-22T11:48:33+00:00,16,78.434366,78.43,0,0,39.6129850006843305,16
0x80d3862a8209f1f2609a3de06db7133422c059ce,2026-03-16T11:05:09+00:00,2026-03-17T10:58:43+00:00,5,695.864443,695.86,0,0,423.8417980047521017,5
0x80eb163facdcd0f496a5dc31e7e58d6aedb7e0a3,2026-05-12T11:08:29+00:00,2026-05-15T07:36:00+00:00,2,0,0,47.87,47.87,94.16029,2
0x80f153a1e3333b6ceedc0b57085e73efadadc8ae,2026-05-22T18:40:56+00:00,2026-05-22T20:10:59+00:00,2,0,0,2323.2323,2323.23,4597.674447,2
0x8100b64c9923830c2ab7a3332de2ce6b6e4753a9,2026-06-17T17:40:55+00:00,2026-06-17T17:40:55+00:00,1,1166.666666,0,0,0,3.4999989480000006,1
0x8101b9dedd1af262b2cb0a64f278d65695bbe7be,2026-04-28T20:30:44+00:00,2026-05-01T03:58:58+00:00,17,0,0,1091.06,1091.059929,2089.8571259958955801,17
0x8105c978ff6345bddb4d187f01de7868be77f7b1,2026-05-19T04:10:09+00:00,2026-05-19T04:10:51+00:00,2,222.222222,0,0,0,1.999997998000002,2
0x8127253b72e667721323d82bff9f165cff58fa17,2026-05-13T03:14:13+00:00,2026-06-03T07:15:35+00:00,3,0,0,179.869891,90.15,266.7779160009847734,3
0x812994885db6f59d34597a6bf8a7942f70f4c29c,2026-06-02T18:18:35+00:00,2026-06-02T18:18:35+00:00,1,100.0,0,0,0,1.000,1
0x812b3086b4d019ad8028ea61d76b40466e9284f8,2025-12-29T03:37:43+00:00,2025-12-29T07:00:09+00:00,4,1.923075,1.92,0,0,1.59519900,4
0x81300b2df0a223f09afbca29640c82ef92d8d63d,2026-05-10T03:02:29+00:00,2026-05-10T03:02:29+00:00,1,55.555554,0,0,0,0.9999989997778050,1
0x814c14baf39c9a43fe404d6c46b474836a017646,2026-05-03T13:19:12+00:00,2026-05-03T13:19:12+00:00,1,0,0,6.57675,0,6.33998700,1
0x814d21413284461cc79fb5a8847418b5f0cc337e,2026-02-23T15:37:44+00:00,2026-02-23T15:37:44+00:00,1,7.041665,0,0,0,3.3799990000167140,1
0x814de45404c20dd9956737a83f7c8b0b039eb842,2026-04-21T15:24:08+00:00,2026-04-29T01:22:26+00:00,26,16016.32,0,0,0,737.27916017806,26
0x814fab2ab63442f9fce056d361f3ce3b853dddaa,2026-06-13T09:18:28+00:00,2026-06-13T09:18:28+00:00,1,0,0,2.004,0,1.999992,1
0x81525952f172646a4104030e9a9ef1e769c7bfda,2026-02-22T23:27:16+00:00,2026-03-19T13:13:53+00:00,52,4646.026731,0,0,0,1491.5872349985099496,52
0x81562c477b91da11e44fb897fc6edded91fd98a9,2026-06-17T17:57:34+00:00,2026-06-17T17:57:34+00:00,1,666.666666,0,0,0,1.9999989980000010,1
0x817c465fc5d5235d1c2314d020d137322c85e6bc,2026-03-31T02:27:33+00:00,2026-03-31T02:27:33+00:00,1,16.666665,0,0,0,0.999999000000090,1
0x819342de5d2775a510f253ac7fd233f8f3ba3581,2026-03-28T19:10:18+00:00,2026-06-11T21:42:39+00:00,14,100464.654755,5333.68,0,0,1981.6408751788306907,14
0x819fabc2547ad67a0c28480951c537d79dc71931,2026-03-05T20:37:31+00:00,2026-03-05T22:53:01+00:00,4,30.00,0,0,0,8.7000,4
0x81a6251a31cd754aeac4be3542e87b0665ff47a3,2026-05-17T16:23:48+00:00,2026-05-17T16:23:48+00:00,1,187.5,0,0,0,1.5000,1
0x81ab261c5299baa5ea07a8796bfc6bde59fe527b,2026-05-14T15:14:59+00:00,2026-05-15T05:06:45+00:00,2,0,0,117.15,117.15,230.90265,2
0x81bacfd1af414ff7d5ed5f9a8492d23f6096a1e4,2026-05-28T09:43:57+00:00,2026-05-28T09:43:57+00:00,1,3846.153846,0,0,0,49.9999988441538462,1
0x81c6403b37d3841485254a67eff3de7f9f825bb9,2026-06-12T18:22:34+00:00,2026-06-12T18:22:34+00:00,1,0,0,1.003008,0,0.9999979999729152,1
0x81cf20c61cfc9db18d465993016c1623806c5c86,2026-02-10T23:20:49+00:00,2026-02-20T20:46:48+00:00,4,26.616584,26.61,0,0,28.8031980000436522,4
0x81d2b31d3ce672afdcdeac9f95a89a855312e13e,2026-04-13T13:50:29+00:00,2026-04-13T15:07:11+00:00,6,17299.999995,0,0,0,999.9999971333333360,6
0x81d99a445487f7ff8642202a9ee695e7e7db49af,2026-06-12T16:47:34+00:00,2026-06-16T03:55:13+00:00,2,0,0,54.96,54.96,109.48032,2
0x81dbc68b0695df0353354912086d608d2e9e5655,2026-05-09T02:00:24+00:00,2026-05-09T02:00:24+00:00,1,0,0,5.070928,0,4.9999349998865152,1
0x81dfb204f6099b42646772ec82daba970821c265,2026-05-03T14:53:48+00:00,2026-05-13T19:04:23+00:00,4,0,0,116.0,116.00,226.54800,4
0x81e0d0c6817669629a58ea8b08d2eb1b93492c3b,2026-03-20T13:38:01+00:00,2026-04-03T15:30:07+00:00,95,6335.135436,6335.05,0,0,917.075965000744666,94
0x81e3ac2fd68cb6e177aa4e1027175166dcbff2c9,2026-05-08T13:30:48+00:00,2026-05-08T13:30:48+00:00,1,0,0,100.0,0,98.000,1
0x81f81b227c6f94af8d5966916b017c00af6677bb,2026-05-06T14:02:14+00:00,2026-05-06T14:02:14+00:00,1,494.692306,0,0,0,19.0799989816055844,1
0x82000022f063138d9e8082cb5eabc0204e7604f4,2026-03-05T02:13:31+00:00,2026-06-09T07:08:13+00:00,2,103.022665,103.02,0,0,30.4120789992692525,2
0x82035a53652f8fa05cec6ebf6edfaf91771dad68,2026-05-19T16:17:29+00:00,2026-05-19T16:17:29+00:00,1,111.11111,0,0,0,1.000000001111111,1
0x8206afa60b5dc5c281279ea65d7afbbddfe8e04f,2026-05-30T13:17:01+00:00,2026-06-11T15:04:48+00:00,3,0,0,1335.26,1335.25,2656.15601,3
0x8215e44c11f89ce6817cfe01f53462c93acd402a,2026-02-10T19:32:43+00:00,2026-02-12T12:02:35+00:00,2,27.543858,0,0,0,14.7999990003508828,2
0x82200ebc96d428946fbb327fbd1767d78fd192a5,2026-05-15T18:16:09+00:00,2026-06-11T04:08:54+00:00,96,0,0,62.024087,61.93,123.0568499997603389,96
0x822371d8466f81e2c2b5d21c7eaa4c75a685a06e,2026-05-04T19:09:56+00:00,2026-05-05T18:15:42+00:00,4,0,0,102.37,102.37,199.53764,4
0x8233768a4f1379ed370987d4eff2130dfd4bdf36,2026-05-18T22:21:40+00:00,2026-06-04T05:28:06+00:00,2,1250.0,1250.0,0,0,19.3140800000,2
0x82518460aa191ae41a61f4a954e027cc07bb7beb,2026-03-19T15:34:25+00:00,2026-03-19T15:34:25+00:00,1,41.666665,0,0,0,4.9999990000000320,1
0x826c5c56a0134189c697b534f708bfa0d3891468,2026-06-09T07:00:43+00:00,2026-06-09T07:00:43+00:00,1,0,0,299.287,0,298.089852,1
0x82719369960062437e69a1acab84d4b5de180172,2026-06-16T23:55:23+00:00,2026-06-16T23:55:23+00:00,1,0,0,101.733,0,101.529534,1
0x827ee44bc0f612d01a456874d4ad8f4753e28e4b,2026-05-31T05:29:54+00:00,2026-06-11T15:04:48+00:00,2,0,0,1012.0,1012.0,2012.8680,2
0x8295ef08ba0143f566d4477be1d188095bbff68b,2026-05-01T12:03:46+00:00,2026-05-04T15:34:04+00:00,3,666.666665,666.62,0,0,38.6653590166666690,3
0x829a21af2578d712c10ee988524ab5ee1fad02eb,2026-06-07T20:27:12+00:00,2026-06-07T20:27:12+00:00,1,166.666666,0,0,0,0.999998996000004,1
0x829c6e901cae1e65b238db1a52b0126274315d77,2026-06-09T18:12:09+00:00,2026-06-09T18:12:09+00:00,1,200.0,0,0,0,1.0000,1
0x829e36846f61ca26cb066d26a2547f2bf08e19b1,2026-05-14T16:05:07+00:00,2026-05-29T06:57:55+00:00,2,357.142857,357.14,0,0,9.9448190105520004,2
0x82a25acad6264e5abea1dafc352ebe88017e8af7,2026-06-16T12:08:07+00:00,2026-06-16T12:08:07+00:00,1,942.0,0,0,0,4.7100,1
0x82b51db94ed1a06083c26741b3efdccffc9e3b50,2026-05-01T04:18:48+00:00,2026-05-04T01:34:42+00:00,4,0,0,104.45,104.45,201.71903,4
0x82b5cb730d1c61da9c641f1efb1145f23a8d0085,2026-06-17T16:30:11+00:00,2026-06-17T16:30:11+00:00,1,1666.666666,0,0,0,4.9999989980000004,1
0x82bc23d626460c2084220bfa988c175c14718508,2026-05-31T07:33:25+00:00,2026-06-11T15:04:48+00:00,2,0,0,110.0,110.0,218.7900,2
0x82c6ac2a058e217f11485f0cafd6ec08515be6c0,2026-02-15T03:59:21+00:00,2026-03-07T01:14:19+00:00,19,469.829298,469.5,0,0,351.7749959998151379,19
0x82cb4550239193217dbe63a6f5b855b3809d1b40,2026-06-08T06:51:25+00:00,2026-06-08T06:51:25+00:00,1,166.666666,0,0,0,0.999998996000004,1
0x82d531991e21f694f76269b377ab08e7afaafab8,2026-04-05T04:50:53+00:00,2026-04-08T12:09:03+00:00,5,0,0,21.6,21.6,39.960,5
0x82dbdfbceef8015d0bacf7a32b06f71779ef9d31,2026-05-11T06:11:47+00:00,2026-05-11T10:13:05+00:00,2,0,0,31.98,31.98,62.6808,2
0x82ddfeda819285ffddb7a4f59b3ec8e70b36139f,2026-05-18T10:49:45+00:00,2026-05-18T10:49:45+00:00,1,83.333332,0,0,0,1.0000000006666664,1
0x82e224f745418011a8a3b4c88cd95b88dcd9ec75,2026-05-09T17:56:32+00:00,2026-05-11T08:34:09+00:00,16,833.86,233.0,800.17,199.31,999.64967,16
0x82e679523efe15e8137bd5a077339955684ab32f,2026-05-09T00:01:50+00:00,2026-05-09T00:12:36+00:00,3,6019.931763,0,101.626015,101.62,299.9940769559848269,3
0x82ecdfcdb7c264c40edb6035dc12784d776114f4,2026-03-15T19:36:43+00:00,2026-04-07T11:41:01+00:00,4,0,0,32.380278,32.38,52.4557969991479450,4
0x82f1d9b5a3cd380164f8d0e67ddff7a22e678915,2026-05-05T15:06:26+00:00,2026-05-05T15:06:26+00:00,1,33.333332,0,0,0,0.9999990000000384,1
0x82f4b3a99a8992ca5c17a4c5b7fc6ec05dbbbc85,2026-06-07T15:32:43+00:00,2026-06-07T15:32:43+00:00,1,0,0,1.006,0,0.999964,1
0x8309f81d4e5aed0bfbd7e609a79e83bf9fbec08c,2026-06-14T11:49:48+00:00,2026-06-14T11:49:48+00:00,1,666.666666,0,0,0,1.9999989980000010,1
0x830eb514be3bd32bed989da4faeff11b794f514f,2026-05-13T13:08:00+00:00,2026-05-28T17:33:02+00:00,3,8665.714285,8665.71,0,0,216.6428088028571429,3
0x83103011d26652b00e210942d7ff54ea45f3ac48,2026-04-29T21:37:20+00:00,2026-05-01T13:32:12+00:00,2,27.027027,27.02,0,0,1.756558999000001,2
0x831e8ed8d700e77c456ae2c199eedcf5e20dc635,2026-06-05T06:44:12+00:00,2026-06-05T06:44:12+00:00,1,0,0,27.79225,0,27.56991200,1
0x832582813afd9158274a21eb38132a30469fc765,2026-05-07T04:04:43+00:00,2026-05-07T09:07:40+00:00,2,0,0,55.72,55.72,107.76248,2
0x832bd1aa9ad82810d14eea9bd56238b8ec6a86ee,2026-06-17T10:38:55+00:00,2026-06-17T10:38:55+00:00,1,333.333333,0,0,0,0.999998999000001,1
0x832e0200986570762249c54da5e4d9566f38618e,2026-05-09T11:26:10+00:00,2026-05-09T11:26:10+00:00,1,0,0,5.076133,0,4.999990999923867,1
0x833c69f1a96e8f2df61d9d1b02320d26f5834a4a,2026-05-03T18:56:56+00:00,2026-05-04T03:01:34+00:00,2,0,0,31.27,31.27,60.25729,2
0x834c0ab7624a954084362a221c2e84567e5eec40,2026-01-31T11:18:24+00:00,2026-01-31T11:39:24+00:00,2,106.3,106.3,0,0,108.426,2
0x8351fd0a6e938c9b5f109792767642bacfb65861,2026-04-18T14:55:30+00:00,2026-04-24T04:04:06+00:00,8,0,0,86.666665,86.66,165.173665999999910,6
0x835a4da39315714bce0fc9c85076456017408b6b,2026-06-17T14:59:46+00:00,2026-06-17T15:00:49+00:00,2,1000.0,1000.0,0,0,5.0000,2
0x83603e67550b0f879bc2bf1e6e0f19632b9fd691,2026-05-31T03:59:27+00:00,2026-06-17T18:00:40+00:00,3,0,0,786.0,786.00,1563.35400,3
0x8362079cb32729b566cefd4bcb369fa465ea9099,2026-05-04T23:57:40+00:00,2026-05-05T03:58:16+00:00,2,0,0,52.85,52.85,103.16320,2
0x837827217f0be7880a3f1e0551cb074838c51573,2026-05-13T04:48:56+00:00,2026-05-13T07:59:14+00:00,2,0,0,7.099357,7.09,13.9907059998701929,2
0x8396f75bdf0ffeeb3002c139ad74306b22dac4ba,2026-06-06T04:18:58+00:00,2026-06-17T18:00:41+00:00,2,0,0,163.0,163.0,324.8590,2
0x83a18e7df3a71d1b5b6f3ddb8ffc7240d1effa1a,2026-05-14T11:48:11+00:00,2026-05-14T21:42:26+00:00,2,1752.857141,1752.85,0,0,47.7978088669407154,2
0x83ac10ef5a14be55296c96705ae4929632fec9bb,2026-06-17T09:10:10+00:00,2026-06-17T09:10:10+00:00,1,0,0,289.56,0,288.69132,1
0x83ad243fc00fbec6ab3febdcd7b951e83f588740,2026-06-04T19:35:01+00:00,2026-06-05T13:20:24+00:00,2,0,0,28.2,28.2,55.9770,2
0x83b7e660a0b93e7301c4765a1d17d0cb5460be96,2026-03-12T00:53:17+00:00,2026-03-12T13:30:09+00:00,2,0,0,38.01,37.97,49.0069,2
0x83bca3cf1cc7ab92d9d73ba67ac915ef99bb678a,2026-05-06T05:31:06+00:00,2026-05-06T05:31:06+00:00,1,68.965517,0,0,0,1.9999989998965552,1
0x83bdbe9f516004915eace23f55ba18d74094ee1c,2026-05-10T02:54:12+00:00,2026-05-10T02:54:12+00:00,1,176.470587,0,0,0,2.9999999966470587,1
0x83cc99e07d421d5ea790611cc58a432d9b4b9519,2026-06-16T02:39:10+00:00,2026-06-17T05:15:22+00:00,2,0,0,20.05,0,19.99987,2
0x83ce1d62a672f163e011a49f42cbc2af0dc1835c,2026-05-29T08:12:25+00:00,2026-06-07T10:58:40+00:00,5,312.00,0,312.0,0,309.19200,5
0x83e1d89d65edb4df2c80be872d7e6131513caca6,2026-06-17T00:51:35+00:00,2026-06-17T02:56:55+00:00,3,33333.333332,0,0,0,99.9999959960000002,3
0x84033e3736fda1c10032abd6626435b69aa9e2ec,2026-06-07T10:06:55+00:00,2026-06-07T10:06:55+00:00,1,0,0,60.0,0,59.7600,1
0x8404bab8e71914ddef3f63827c3a5460d544ea03,2026-05-23T10:36:42+00:00,2026-06-06T09:07:33+00:00,3,265.0,165.0,0,0,3.6400,3
0x8415fce8a1cc59c98b120796a496c86bdaaaefbc,2026-06-11T21:03:52+00:00,2026-06-11T21:03:52+00:00,1,20000.0,0,0,0,60.0000,1
0x841c4aa6a69055a484b40cfe065da9785e72b20d,2026-04-04T18:37:23+00:00,2026-04-18T12:18:12+00:00,6,0,129.38,0,0,7.8950,6
0x842669ca487b703e6855c0186cde9d745ec40829,2026-05-04T15:38:00+00:00,2026-05-04T15:38:00+00:00,1,0,0,3.674512,0,3.589997999854768,1
0x842a77f0eacf5c15c4be48bbe140cbcba1daaa75,2026-06-09T17:06:21+00:00,2026-06-11T12:56:01+00:00,2,0,0,63.0,63.0,125.5590,2
0x842b0f5014bfce5afbf45a0dbd639a898913fecf,2026-05-17T04:46:17+00:00,2026-05-29T01:25:39+00:00,8,2254.62,2254.62,0,0,46.51857,8
0x843b60fb2cffd422b4aa34bdd2bf50d7cfad73ae,2026-06-15T01:14:16+00:00,2026-06-15T01:14:16+00:00,1,0,0,8.006,0,7.989988,1
0x844529050aa48bdf65be0cca43b78003ad207892,2026-06-08T06:33:01+00:00,2026-06-08T13:06:43+00:00,2,0,0,42.211,42.21,83.998895,2
0x844b090555820a5be9abb15a1ceeb188ce7b52d0,2026-06-08T14:43:37+00:00,2026-06-08T14:43:40+00:00,2,0,0,11.8875,11.88,23.6605500,2
0x8454f39e7fa6957dfbf1ecc574820ada1c92331a,2026-04-30T17:39:20+00:00,2026-05-15T11:14:22+00:00,67,60000.0,59999.999761,19999.974277,19999.97,40752.6871375954614572,67
0x84725ab45e02c749d4307f074c4a0496c5e8aa71,2026-05-30T13:55:54+00:00,2026-05-30T13:55:54+00:00,1,500.0,0,0,0,4.0000,1
0x84734e03dfce882ed62d2fbbb8514920ef3fc2b0,2026-06-16T18:27:20+00:00,2026-06-16T22:15:56+00:00,4,39833.333333,0,0,0,119.4999988490000001,4
0x8475ee9a40dc8150d479ff8498643d9e2fb0fbe2,2026-06-04T17:34:37+00:00,2026-06-05T13:20:24+00:00,2,0,0,26.32,26.32,52.24520,2
0x847a81cd10a88e93a874ce63a3704df8b45d3382,2026-04-21T02:10:34+00:00,2026-04-27T16:26:10+00:00,2,0,0,20.0,20.0,38.5800,2
0x847b1637c12f8d603c2643968678ee18d6367c2d,2026-04-22T05:39:12+00:00,2026-04-22T05:43:28+00:00,2,166.0,0,166.0,0,166.1660,2
0x84940c65e42e8f8e073a3c6d0a204392371bddf5,2026-03-15T15:35:37+00:00,2026-03-15T15:39:13+00:00,2,3.666665,3.66,0,0,2.1613989998668940,2
0x849769b6d6e66fd3359c675db58c41a85ddba3b4,2026-02-22T09:28:00+00:00,2026-04-22T07:07:22+00:00,8,53.0,2.94,50.06,0,49.96544,5
0x849816b404a9a08fbaa1ecbbb008e1b9c9900e94,2026-05-16T15:33:49+00:00,2026-05-16T15:33:49+00:00,1,1428.571427,0,0,0,9.999999989,1
0x84a6bbc9936a9b98f26e0107d6f4dc0a6cfadd3b,2026-05-26T17:35:04+00:00,2026-05-27T17:08:45+00:00,2,598.24,598.24,0,0,18.375360009056,2
0x84aba108461abbd918b4d4868855c7c139afa424,2026-04-22T11:59:48+00:00,2026-05-17T10:19:17+00:00,4,0,0,64.865426,64.86,125.8751409997857370,4
0x84afb653b4002c9ec186edb898b706fab3e9e455,2026-05-24T13:02:07+00:00,2026-05-28T19:42:41+00:00,2,0,0,381.0,381.0,753.9990,2
0x84c386331355f47057afca0c06c7211f4dbe35d4,2026-04-18T18:40:12+00:00,2026-04-28T07:04:54+00:00,3,44.0,44.0,0,0,4.0520,3
0x84c825c5b174d45d7daf0fc405f252c804fe3ee8,2026-05-08T18:23:40+00:00,2026-06-16T17:27:50+00:00,5,4098.879550,0,0,0,19.9999989978095241,5
0x84cea74230950604dadfd59f7908916034e8f117,2026-06-09T19:52:42+00:00,2026-06-09T19:52:42+00:00,1,0,0,1.043,0,1.039871,1
0x84d478d3f8c1235216d3b2f699a19606ebc1e251,2026-04-30T01:30:28+00:00,2026-04-30T01:44:52+00:00,2,492.975734,0,0,0,13.9999979974074090,2
0x84d9d6aeac0f321106611ca239b36bac82d393a1,2026-06-10T20:21:04+00:00,2026-06-16T11:11:37+00:00,9,5143.783333,1200.0,0,0,21.682348999000001,9
0x84df01303b05df10b30d0fc3a5064a303cd9b17d,2026-05-27T08:12:19+00:00,2026-05-27T08:12:19+00:00,1,0,0,5.076133,0,4.999990999923867,1
0x850270805e17ba9e8e61031266024c3b684916a2,2026-04-08T12:34:39+00:00,2026-05-11T02:00:54+00:00,2,293.650792,0,0,0,9.9999979968889134,2
0x8508f4b41f9c6d636043b2c058acaac79ea99fda,2026-04-29T19:51:06+00:00,2026-04-29T19:51:06+00:00,1,118.787877,0,0,0,3.9199990025757717,1
0x850d8d6030cbcc3c3b4a4b8a2f53347dcec2622e,2026-01-22T03:13:02+00:00,2026-06-08T08:27:28+00:00,3,180.471753,180.47,0,0,72.5023490080468435,3
0x850e23d00970fb769c458a0da5131a3fad9fa4c0,2026-05-12T08:41:45+00:00,2026-05-12T08:41:54+00:00,2,268.636361,0,0,0,5.9099989961363945,2
0x851281eee06e684ca9a237030fcef0c26c63a3d2,2026-05-07T14:33:19+00:00,2026-05-29T11:07:42+00:00,283,55.18,36270.695554,80050.723671,0,79526.7302501020025337,236
0x851c7863bd0e0ad5f8118cf57d304e754e0cdafd,2026-05-17T22:51:13+00:00,2026-05-25T01:36:55+00:00,3,15017.813,15017.81,0,0,329.9103109409301,3
0x852892b8b0cf062d219d16569d896fde002679df,2026-06-02T18:43:04+00:00,2026-06-02T18:43:04+00:00,1,100.0,0,0,0,1.000,1
0x852ee0e699f11aec0699cb95b200feb93811082e,2026-02-16T08:20:57+00:00,2026-02-16T11:47:27+00:00,2,120.0,120.0,0,0,120.00,2
0x853250f370923fa7af9b854cdff98c0280bf0a99,2026-06-14T09:05:40+00:00,2026-06-14T09:57:07+00:00,2,0,0,110.3605,110.36,220.1686990,2
0x8538331b8559457459e7c257193d4bbec593ee29,2026-03-18T12:38:39+00:00,2026-03-20T10:23:51+00:00,22,0,0,1319.565207,0,1082.1223839988827435,22
0x85460cb4dc48508caeca57498941e7a08e6b94d0,2026-03-12T19:56:49+00:00,2026-03-12T19:56:49+00:00,1,33.129031,0,0,0,9.99999900122093,1
0x8559e9e87db2904082c5b9999add3dcb10cfdcc7,2026-06-13T23:58:57+00:00,2026-06-14T12:37:21+00:00,2,0,0,92.37,92.37,184.18578,2
0x85646362a9902003d3a1495540037a5d98612bae,2026-05-17T06:45:29+00:00,2026-05-17T17:49:05+00:00,2,0,0,112.38,112.38,223.07430,2
0x8566be033c2722416770131902a7fdd7ecf316ed,2026-05-07T04:33:16+00:00,2026-05-07T04:33:16+00:00,1,0,0,15.445117,0,14.9199830003768362,1
0x85674934fd5445a54aad602b11a00102b06f9a66,2026-05-05T12:55:20+00:00,2026-05-06T02:28:28+00:00,2,0,0,89.74,89.74,174.63404,2
0x856b0f6f136cd869043cd60d80c470f4bddc9cf0,2026-05-28T19:42:09+00:00,2026-06-05T13:20:24+00:00,2,0,0,50.0,50.0,99.0500,2
0x8575467a6743c81ef0a8d06acc76e99b454a87fe,2026-01-31T12:34:36+00:00,2026-04-22T14:47:46+00:00,156,0,0,13659.955083,0,12514.3429939957893956,154
0x85758561f381c18a309050a93cf1aaab92a18637,2026-05-17T23:35:23+00:00,2026-05-18T10:10:24+00:00,2,0,0,286.76,286.76,567.21128,2
0x857f94f56ada2c5d179951b2eac3c774f97d297b,2026-06-13T07:17:43+00:00,2026-06-14T05:42:19+00:00,2,0,0,295.08,295.08,588.38952,2
0x8592b52e3e2937d791a14b2e2ba0d02276fab379,2026-05-03T22:57:06+00:00,2026-05-03T22:57:32+00:00,2,671.08,671.08,0,0,48.98884,2
0x85a0b509b26b43a30ce6dacb191ba50deb6829a1,2026-05-14T17:22:12+00:00,2026-05-14T17:22:12+00:00,1,71.428571,0,0,0,0.9999990011428631,1
0x85aa4c8d17dbcf0f79d0bc1dedd6a1278f32200d,2026-05-16T16:00:01+00:00,2026-05-18T03:27:03+00:00,2,5625.0,5625.0,0,0,106.33286025000,2
0x85c628af65c98eb6e9fd67cde25b122a8f38c660,2026-05-14T00:02:44+00:00,2026-05-14T02:22:33+00:00,2,0,0,2.83,2.83,5.58642,2
0x85cb80f9570d5f2ddcf64d360b0222eca362f098,2026-04-13T13:30:01+00:00,2026-04-13T13:30:01+00:00,1,0,0,2.10526,0,1.9999970,1
0x85db47e2911bd4a127a5d5a699a3fdacac3bef5b,2026-05-13T03:06:56+00:00,2026-06-03T07:10:33+00:00,3,0,0,180.072953,90.35,267.1753319986802048,3
0x85df85a7418f5bfad202878840a93ac235b31e1e,2026-06-17T03:09:12+00:00,2026-06-17T03:09:12+00:00,1,6666.666666,0,0,0,19.9999993313333334,1
0x85e6817f8d6fa197620a9fe32df299480bc5415b,2026-05-18T08:57:59+00:00,2026-05-18T08:57:59+00:00,1,83.333333,0,0,0,0.999998996000004,1
0x85ebae47bb192e46d748db54acc46ed9f3d7d068,2026-05-10T17:41:06+00:00,2026-05-14T02:29:39+00:00,6,8901.068695,8901.0,0,0,295.5019971294651551,6
0x85f66cd85de00a18d3715dc97d857b005c49a439,2026-06-16T00:13:42+00:00,2026-06-16T00:13:42+00:00,1,200.0,0,0,0,1.0000,1
0x85fbad8b0259a70068828484886017a0881e8bf0,2026-06-10T21:16:19+00:00,2026-06-11T06:01:36+00:00,2,0,0,24.048,24.04,47.967784,2
0x86070ee8a777dc470fd4cad5d36623e41731aee6,2026-05-16T22:52:43+00:00,2026-06-10T08:18:19+00:00,2,142.857142,0,10.03,0,10.999908994000006,2
0x860d8835c81025a6de3d83fe37e6b533c84db5ca,2026-05-12T10:35:12+00:00,2026-06-03T06:37:33+00:00,4,0,0,200.10109,200.1,394.799077999989891,4
0x8616e63d341e0e4493502f907a721d46b4720304,2026-03-19T10:18:33+00:00,2026-03-19T10:18:33+00:00,1,41.666665,0,0,0,4.9999990000000320,1
0x861f2ceb15930961568390ccb87f21d89a40e2bb,2026-05-14T15:03:45+00:00,2026-05-14T18:14:19+00:00,2,0,0,9.127785,9.12,17.9923159999594365,2
0x86256a8eed9d362a26054096a5ccc1ec52e90c5d,2026-05-07T06:47:07+00:00,2026-05-07T14:48:30+00:00,2,0,0,31.18,31.18,60.36448,2
0x8633c1c6844c5928b284a71e211584739474a08d,2026-05-01T01:33:58+00:00,2026-05-15T02:18:19+00:00,19,14210.00,14210.0,0,0,715.09000,18
0x8643af0496a35334838a6848fd2b1ee0b5e7a9ff,2026-06-07T17:01:52+00:00,2026-06-07T17:01:52+00:00,1,0,0,1.035,0,1.029825,1
0x86538f8f4a2e614f897dbe6460c75c80f8470d6b,2026-05-25T06:50:08+00:00,2026-05-25T06:50:08+00:00,1,100.0,0,0,0,1.1000,1
0x8666f328e3cdd38a67174322859d9f1ccb592e7d,2026-04-29T16:36:18+00:00,2026-05-04T00:10:46+00:00,2,250.0,250.0,0,0,19.0000,2
0x866f3ba50a45ae5045f44c57130eb84341ab9e9f,2026-05-03T15:56:36+00:00,2026-05-07T22:39:07+00:00,2,0,0,2.074666,2.07,4.0058079999338744,2
0x867126debee94e9c9b6ff604b2ffe979ae3f07b0,2026-06-08T08:33:00+00:00,2026-06-09T11:48:25+00:00,8,9999.9868,9999.98,0,0,99.9998340,8
0x8679f9de1efaac255cfaf12a3c32480057d4797a,2026-05-31T21:43:29+00:00,2026-06-01T01:08:26+00:00,2,0,0,504.540777,504.54,999.999050007,2
0x86810b6c96ab104c380883aa1f43f8025447fbc0,2026-02-28T18:11:49+00:00,2026-03-07T18:36:33+00:00,2,2.0,2.0,0,0,1.640,2
0x8683b4df11f52f00587028261768b987f5a88c25,2026-04-30T11:07:18+00:00,2026-04-30T11:07:18+00:00,1,38.461537,0,0,0,0.999999000461575,1
0x86987c5843cc10f80ef0819272d8034ec7388871,2026-05-14T15:52:43+00:00,2026-05-14T15:52:43+00:00,1,0,0,5.618642,0,5.5399810002008518,1
0x869a45c1469f719bbcd3d5aa9b1abb5d4f816df4,2026-05-17T07:01:33+00:00,2026-06-16T21:29:14+00:00,2,5608.571428,0,0,0,19.2599990222857152,2
0x86a69f9a725eefaf61dcd2b2d8e24bd95dbbb750,2026-04-27T08:49:48+00:00,2026-05-30T02:45:23+00:00,4,0,0,530.84,530.84,1037.42212,4
0x86b14df78f8f7efe6afba72e30029cf257d5758d,2026-03-07T17:18:41+00:00,2026-03-07T17:18:41+00:00,1,15.151514,0,0,0,4.9999990003030774,1
0x86b2f3a628c1d617043af6792e5b8e454f41ab33,2026-05-15T08:32:09+00:00,2026-06-06T01:00:10+00:00,3,0,0,200.0,100.0,296.6000,3
0x86c5cef46a4d53a0b623e6f17c1077e9b5088448,2026-05-08T07:12:37+00:00,2026-05-13T11:32:36+00:00,2,243.842364,0,0,0,5.9999989981428577,2
0x86d5f7efd388e4edb1b94f5ecd287a1ea17db574,2026-04-23T15:55:08+00:00,2026-05-15T13:09:59+00:00,2,0,0,161.57,161.57,313.28423,2
0x86dc5fc5460d624a060e2608f54aa93ed82ce23a,2026-05-25T02:28:40+00:00,2026-05-26T15:07:09+00:00,2,0,0,707.785636,707.78,1395.747734004,2
0x86dd5200572b3eae548d8fd9e807b78468d41af2,2026-03-03T00:20:45+00:00,2026-04-13T12:28:01+00:00,112,177.12,177.119997,280.423330,280.417725,491.2482269997780895,112
0x86e4877d21033126db386c7aac6f77bf48cf3afe,2026-04-30T05:15:00+00:00,2026-05-06T02:35:56+00:00,48,2064.99,0,2065.24,0.24,2067.53647,48
0x86e58d4ad109f34d57029df41bb66a62c4d2370f,2026-03-22T05:00:09+00:00,2026-03-31T23:24:59+00:00,2,249.999997,0,0,0,19.9999979983333558,2
0x86ef3a5c0debd8f5aab5355ecea9d37842593e53,2026-03-20T07:35:11+00:00,2026-04-12T19:10:23+00:00,5,1055.555551,237.77,0,0,114.2661970400000138,5
0x86efa78ee2ea8853b583c005857c5455777a6289,2026-06-03T02:19:14+00:00,2026-06-11T15:04:58+00:00,3,0,0,228.0,228.0,453.0360,3
0x86f30dae25cc2c8f2581cc0a188a6c7ba834bdec,2026-06-17T03:42:16+00:00,2026-06-17T03:42:16+00:00,1,0,0,328.0,0,327.3440,1
0x87012fa035432299e89a4a341aa85be603f42075,2026-04-27T15:00:40+00:00,2026-04-30T12:26:00+00:00,2,101.190476,101.19,0,0,7.0833200021190476,2
0x8706d265c0bf58fc9001ea81599d27f66215f8cc,2026-06-17T15:45:47+00:00,2026-06-17T15:45:47+00:00,1,83333.333332,0,0,0,249.999999996,1
0x870eaaea589c088092af73b2d6bfb6635d1ce7c2,2026-06-16T18:44:59+00:00,2026-06-16T18:44:59+00:00,1,322.0,0,0,0,0.9660,1
0x87102bddd03e1fd209f072e803e8b82154b6a8b9,2026-05-03T19:12:06+00:00,2026-05-03T21:52:18+00:00,2,0,0,98.547716,98.54,189.8940179973402532,2
0x8713b85f828cd9b6c6b1d53dec4009db28f54f05,2026-04-29T23:53:22+00:00,2026-04-30T00:25:30+00:00,2,29.411763,29.41,0,0,1.882299000823584,2
0x87190c4a498d9f64a8090af4c325d5893fea5f6d,2026-05-05T01:31:06+00:00,2026-05-07T04:06:17+00:00,2,0,0,39.959015,39.95,77.551748000655760,2
0x8725d937f146cfc43b2ac07f207e3467ca13bcb7,2026-05-07T04:23:37+00:00,2026-05-07T04:23:37+00:00,1,0,0,5.17597,0,4.999986999813717,1
0x8728887ae9ca8e578fbe3629752258f9a126e2c6,2026-05-10T03:33:50+00:00,2026-06-17T04:23:35+00:00,3,1454.444444,1004.44,0,0,27.465518987555556,3
0x872a0aea35956ab98c921d9ecc5c25e016f55982,2026-04-16T17:08:28+00:00,2026-04-27T12:09:58+00:00,2,213.236362,0,0,0,9.9799989961818316,2
0x872c5953ba25f9552c0294506cd908dcc20f99b1,2026-04-27T13:16:58+00:00,2026-04-27T13:17:06+00:00,2,80.0,80.0,0,0,6.4800,2
0x87650b9f63563f7c456d9bbcceee5f9faf06ed81,2026-03-18T21:36:01+00:00,2026-03-18T21:52:29+00:00,12,534.24,0,0,0,48.0816,12
0x876d34c86e4f2ffabce93af25e33dfad95f2cd87,2026-05-17T23:35:23+00:00,2026-05-18T10:42:03+00:00,2,0,0,55.45,55.45,109.68010,2
0x876e00cbf5c4fe22f4fa263f4cb713650cb758d2,2026-04-22T23:21:00+00:00,2026-04-26T09:27:52+00:00,2,0,0,14.59,14.59,27.76477,2
0x876e080c7d29590075e22a302cfb0e52d38c87a2,2026-05-28T07:31:53+00:00,2026-05-28T07:31:53+00:00,1,0,0,6.366395,0,6.2899980002510840,1
0x877e561e946a0e31b8a6fc3ff5cc2d0624d3f5db,2026-05-31T04:50:47+00:00,2026-06-11T15:04:48+00:00,2,0,0,800.0,800.0,1591.2000,2
0x877e9f218cc8910f4dc23c357c4e4fb7bae03a54,2026-06-17T18:00:40+00:00,2026-06-17T18:00:40+00:00,1,0,0,0,100.0,99.9000,1
0x878a44dbf57f37b44a3356199dba78d4ce984f16,2026-05-17T22:26:00+00:00,2026-05-18T17:45:24+00:00,9,7500.0,7499.997142,0,0,104.999979000991468,9
0x878ea9a067ffc729edf9d8e36eca6768fa53db82,2026-04-30T07:32:10+00:00,2026-04-30T15:37:36+00:00,2,0,0,35.75,35.75,69.53375,2
0x878fa5916c183e20d3eb1ef490a15547e4af1718,2026-06-11T05:45:28+00:00,2026-06-11T05:45:28+00:00,1,0,0,10.0,0,9.9700,1
0x8794fcd5e59392994b2160517fc8ccf9c9b6fa1b,2026-05-20T17:30:02+00:00,2026-06-16T06:24:55+00:00,4,2882.053029,1882.05,0,0,44.820499997117532,4
0x879d0a3ede3b63e13a386fa9c3adcc61fdf8b95a,2026-06-08T07:21:07+00:00,2026-06-08T07:21:12+00:00,2,0,0,14.03,14.03,27.90567,2
0x87a5925d0fc61ad2786688059533428040090713,2026-05-20T05:18:30+00:00,2026-05-20T05:18:30+00:00,1,3777.777776,0,0,0,33.999999984,1
0x87a758b29887305ca786dce42af13e143baadaa3,2026-05-14T15:06:12+00:00,2026-05-14T15:06:12+00:00,1,0,0,10.0,0,9.8600,1
0x87b048a901c1b85d554b27fd9dae94f3b545e816,2026-06-06T16:12:57+00:00,2026-06-08T13:01:42+00:00,2,10000.0,10000.0,0,0,100.0000,2
0x87b54f7d99cbabbfbb91d482885574decb09df63,2026-05-17T14:00:34+00:00,2026-05-17T14:00:34+00:00,1,142.857142,0,0,0,0.999998994000006,1
0x87b91a6f4492971fd4ac49c7038f0e799086cf4a,2026-05-22T14:12:49+00:00,2026-05-24T08:52:04+00:00,2,100.0,100.0,0,0,2.000,2
0x87c385cd15363fc1315709059beca56745e8f3dd,2026-05-26T06:48:09+00:00,2026-06-11T15:04:48+00:00,6,0,0,992.73,992.72,1964.87810,6
0x87d15411aefdb55739d38e87d7b719aa7a89ad8c,2026-06-12T03:45:04+00:00,2026-06-12T03:45:04+00:00,1,0,0,1.002,0,0.999996,1
0x87d8398a2b60df1b749407f282048ae8d8647197,2026-06-16T12:29:18+00:00,2026-06-16T17:17:20+00:00,2,0,0,8604.0,8604.0,17156.3760,2
0x87fa5b42a780ddd37699d8bf52f6f7ff3db29734,2026-05-28T01:57:22+00:00,2026-05-28T01:57:22+00:00,1,0,0,1.317076,0,1.2999540000146084,1
0x87fee8bdc44fcc3176023a7a3fabc129a9974b19,2026-06-11T08:32:25+00:00,2026-06-11T08:32:25+00:00,1,0,0,2.8155,0,2.8098690,1
0x880632f945453e30e0189216cf2f9ab07356f293,2026-02-23T04:13:54+00:00,2026-06-09T07:43:28+00:00,2,222.222221,222.22,0,0,100.888879005555558,2
0x8813f53d382ed20cf0cefa40d5b08a16a828a527,2026-06-17T14:31:59+00:00,2026-06-17T14:31:59+00:00,1,6200.0,0,0,0,18.6000,1
0x88196a2933bfd6752fa78a5ff388899b54603c72,2026-06-13T18:02:51+00:00,2026-06-13T18:02:51+00:00,1,0,0,1.002,0,0.999996,1
0x881d449abe602288ac384ee81c7faf51ee031e93,2026-03-29T17:28:10+00:00,2026-03-29T17:28:10+00:00,1,85.714284,0,0,0,5.9999989971428748,1
0x8822a6c90fabe12c3b5baa0068d76a575f926298,2026-03-24T03:19:41+00:00,2026-06-17T18:00:41+00:00,8,0,0,458.69,458.6801,898.407099,8
0x882a12402fabf50c0054fe4e31ce500780aa062a,2026-05-04T15:40:50+00:00,2026-05-04T15:40:50+00:00,1,600.0,0,0,0,12.000,1
0x883ec9206073c97b9c222bbc4f7dc3b94de4c1b5,2026-02-03T23:14:34+00:00,2026-02-06T15:31:59+00:00,2,40.0,40.0,0,0,40.000,2
0x884284f780c5ebbd0d00070dae7b88202069c94d,2026-06-12T10:21:13+00:00,2026-06-12T10:21:13+00:00,1,0,0,1.002,0,0.999996,1
0x884f87f9f1b0962bf5e73ebb5e550e27084efac2,2026-06-05T04:57:01+00:00,2026-06-14T17:06:40+00:00,2,0,0,371.0,371.0,738.2900,2
0x8850adeb8ac8d1f87d1e255c53f1b9234f5e3145,2026-03-19T04:00:31+00:00,2026-03-20T14:52:53+00:00,3,0,0,11.27,11.27,20.5114,3
0x88599b7de1cc0f0c3e2661dd15f4be7a05a2d60f,2026-06-09T17:07:42+00:00,2026-06-12T03:43:00+00:00,2,204.0,204.0,0,0,1.4280,2
0x8863896b18a1d840416d9f7720a3bb15d244bc59,2026-05-13T08:52:19+00:00,2026-06-05T06:54:28+00:00,3,0,0,200.0,100.0,296.6000,3
0x886d6c66d6c5d4e25abba73fedcb3ec5014ba8f2,2026-06-09T07:25:15+00:00,2026-06-09T07:25:15+00:00,1,0,0,214.87,0,214.01052,1
0x8878332a4106d8e0dc15f49bad0179b044e5a40f,2026-06-08T11:47:24+00:00,2026-06-08T11:48:01+00:00,4,0,0,25.06,25.06,49.89446,4
0x888360fc24374b4fa3e5c93ca1f3c068e81ddf82,2026-05-29T00:10:15+00:00,2026-06-10T13:41:43+00:00,2,0,0,53.0,53.0,105.1520,2
0x88934dbf05a17bede518d148cc09642dccc4be06,2026-05-24T05:06:31+00:00,2026-05-24T05:06:31+00:00,1,0,0,5.3,0,5.247,1
0x8896f671613e242f3a46a8c8f75f3c1885b9aad6,2026-05-02T00:33:14+00:00,2026-05-02T00:33:14+00:00,1,0,0,9.375,0,9.00000,1
0x88a1785fdf046369e9b244fca81bd26bed41a17b,2026-05-12T13:22:15+00:00,2026-05-12T13:22:15+00:00,1,68.0,0,0,0,1.0200,1
0x88aabd7f9046194f3ec9e1df969a785dd089787c,2026-03-26T12:17:37+00:00,2026-05-17T21:56:48+00:00,3,0,0,568.815908,568.81,1097.29070702,3
0x88b2c5688265cc6d3eec6d5553cf35e5895e7883,2026-05-15T02:23:46+00:00,2026-06-05T15:12:22+00:00,3,0,0,200.0,100.0,296.7000,3
0x88b37891713c1a9f2b640fd7b4ddde6d664d9ca3,2026-05-14T15:06:14+00:00,2026-05-14T15:06:14+00:00,1,2000.0,0,0,0,30.0000,1
0x88bacce7f92736fc1e1f86ba806774b941cf598f,2026-05-05T13:07:08+00:00,2026-06-02T15:11:12+00:00,15,23463.282419,23463.272970,0,0,890.6024555329966508,15
0x88bd740507ed0c371524a35f80cd4c261800f43f,2026-06-15T06:30:51+00:00,2026-06-15T06:30:51+00:00,1,0,0,6.693,0,6.679614,1
0x88c8f0c3983638f0bac2ea819992034a35d16262,2026-04-10T17:39:13+00:00,2026-04-10T17:39:13+00:00,1,1000.0,0,0,0,100.00,1
0x88d4330ab1a1c2e1c75c21404461aa4e7fe62dd9,2026-06-05T07:48:07+00:00,2026-06-05T12:55:03+00:00,2,0,0,40.32,40.32,79.95456,2
0x88e22ee262c8b37c2fe2d499d3a1b867195c9b8d,2026-06-05T12:11:28+00:00,2026-06-10T13:41:43+00:00,2,0,0,10.0,10.0,19.8900,2
0x88e63e4a28c398c42ecd74b736585c258c448311,2026-03-19T13:36:27+00:00,2026-03-20T13:33:55+00:00,2,10.08,10.08,0,0,2.2176,2
0x88eb3abdf7dd67fc11c684b58998bd11299e3874,2026-03-25T06:31:13+00:00,2026-04-14T04:19:27+00:00,2,100.0,100.0,0,0,12.000,2
0x88ec2648c195f727288472b6ed3201ccd6247ef0,2026-05-27T15:39:55+00:00,2026-06-06T11:04:13+00:00,10,286.346152,79.63,0,0,4.0177789998461712,10
0x88ed7b8ce9bbc26f3e3ffd0602bc153082921a5f,2026-06-16T08:46:36+00:00,2026-06-16T22:18:17+00:00,5,2433.333333,0,0,0,10.999998999000001,5
0x88f770f4da69211932d7b1d846bb722f4ab6e7ad,2026-06-12T17:23:42+00:00,2026-06-12T17:23:42+00:00,1,912.45,0,0,0,2.73735,1
0x88fb016cf6a0559903d3c5fe1d55d889400ac0b4,2026-06-17T15:07:13+00:00,2026-06-17T15:07:13+00:00,1,31662.69,0,0,0,94.98807,1
0x89031743f7ccd37d52bf43cdc3ddedc755f10dc2,2026-04-27T13:00:06+00:00,2026-05-23T13:13:25+00:00,9,420.0,420.0,0,0,20.1900,9
0x89078fd2967eb21d76dc4bcff583bda55fa4a996,2026-04-15T21:05:34+00:00,2026-04-15T22:01:54+00:00,3,296.96,296.96,0,0,29.6960,3
0x890b4804de4cd90a0f018110602a449cc105ed92,2026-06-09T19:23:21+00:00,2026-06-09T19:23:21+00:00,1,0,0,1.054,0,1.049784,1
0x8910017f9a614495ed5504d870816e5e70deeb5b,2026-05-20T13:04:47+00:00,2026-06-06T18:20:33+00:00,2,769.230768,769.23,0,0,13.076919984,2
0x892680d6056e648be2fe0eb640f2bae379050aea,2026-06-11T08:13:52+00:00,2026-06-11T08:13:52+00:00,1,0,0,1.002,0,0.999996,1
0x892a15ab07df5c100757355993a22d7d4b5c0039,2026-03-31T03:34:03+00:00,2026-03-31T06:03:31+00:00,2,0,0,1000.0,1000.0,1880.000,2
0x893508b4bf29cc9979e72d5203959f19dca7745c,2026-05-30T14:54:42+00:00,2026-06-08T15:45:43+00:00,67,47188.711683,47188.71,0,0,523.5333599955419644,67
0x8937fc9c77180a8b22c4576bb1a3b14fdf1755f6,2026-06-17T08:57:55+00:00,2026-06-17T08:57:55+00:00,1,0,0,54.0,0,53.8920,1
0x8951406f468f0458c431f72bbb2193960ba90e3d,2026-04-22T15:04:46+00:00,2026-04-27T16:26:10+00:00,2,0,0,15.0,15.0,28.7100,2
0x8957de46b5a6237ec6a44289464a92475ba62a87,2026-03-15T19:35:07+00:00,2026-03-19T19:24:21+00:00,4,0,0,4.225344,4.22,6.7135940000004608,4
0x895aadce80d289a53da859d6f4fd2b4504255681,2026-05-08T15:07:32+00:00,2026-05-08T15:52:58+00:00,2,252.631577,0,0,0,4.9999989998421409,2
0x89687c25a41012b265a6856e1574fbfb1a94c3c1,2026-03-06T07:09:23+00:00,2026-03-14T17:11:31+00:00,2,0,0,2.816896,0,1.9999960000003072,2
0x8980519e4c4dfd503a736d9cbb4755f4d34cc8f7,2026-04-29T18:05:26+00:00,2026-05-24T11:35:26+00:00,2,150.0,0,0,0,3.000,2
0x8992436fe7f243325abb2e19881c5ca32c7b66c5,2026-06-01T02:16:25+00:00,2026-06-02T02:23:33+00:00,2,0,0,861.07,861.07,1707.50181,2
0x899843e09e4faaafc65682535cb1fd8ad2f032be,2026-06-17T08:55:13+00:00,2026-06-17T08:55:13+00:00,1,0,0,4980.0,0,4970.0400,1
0x89aad855a85009a3b9ec5b3c195146b14e03d941,2026-05-15T19:25:44+00:00,2026-05-15T19:25:44+00:00,1,100.0,0,0,0,0.9000,1
0x89af0a84eff562be3569d181201a3512462674db,2026-06-05T18:29:27+00:00,2026-06-05T18:29:27+00:00,1,14667.761428,0,0,0,99.9999995913409012,1
0x89b176f14b515679eecb7b5d5b3ed4a8c6d9fa55,2026-04-30T04:27:56+00:00,2026-05-05T03:59:54+00:00,3,80.128202,38.46,0,0,2.884578002128280,3
0x89b3d7b699a558f5d729885ec153251a7381929f,2026-05-20T10:47:16+00:00,2026-05-27T15:26:21+00:00,4,0,0,61.00,61.0,120.59700,4
0x89be29b50fe3f9a811ecbf4dea8aecc6c6fc4774,2026-06-14T00:50:57+00:00,2026-06-14T00:50:57+00:00,1,0,0,13.246,0,13.219508,1
0x89bf830d46e45bb120028594fb8a711e58d6a40c,2026-05-31T14:04:20+00:00,2026-06-06T12:35:19+00:00,3,2320.555555,2320.55,0,0,34.5025090953350010,3
0x89d1b094f935c3b83d59078fdb1696836d6df70d,2026-02-02T05:08:38+00:00,2026-02-09T10:52:31+00:00,2,19.230768,19.23,0,0,20.1715990008786384,2
0x89d8026d5e2792d9b5e083f763ebfaab9018ecbd,2026-05-15T15:04:24+00:00,2026-05-15T15:04:24+00:00,1,0,0,40.363222,0,39.999953002,1
0x89da2456fb1cfa643c4c78b0851da91081038230,2026-05-31T01:04:17+00:00,2026-06-11T15:04:48+00:00,4,0,0,1226.29,1226.29,2436.33432,4
0x89ebfdb966f626c21499e8e50c0d31c2952a8da5,2026-03-04T23:01:17+00:00,2026-03-06T13:52:59+00:00,6,0,0,44.121619,44.12,60.4455979982297334,6
0x89f2750d39e3aa26f89b5fcdb2abc479e91a65ea,2026-04-29T21:50:58+00:00,2026-05-12T20:17:54+00:00,3,1835.210523,0,0,0,47.7499969566017595,3
0x8a0b742770bd8f198f67da29b6808cf70b561097,2026-06-08T03:34:51+00:00,2026-06-08T03:34:52+00:00,2,0,0,12.402,12.4,24.665590,2
0x8a0df59889984b865f8e42c7d5ebd6b5c0dfe395,2026-06-02T06:41:02+00:00,2026-06-02T08:41:05+00:00,2,0,0,250.0,250.0,495.7500,2
0x8a0e42d27e10596e49d23841321842a7bf02c929,2026-05-16T09:33:04+00:00,2026-06-07T00:28:10+00:00,7,19724.206348,0,0,0,154.9999989185714287,7
0x8a1e1e8fec1fb91f12ba3b8ebec52d2eda21bd03,2026-05-26T08:28:08+00:00,2026-06-15T14:01:06+00:00,2,1666.666665,1666.66,0,0,29.9999789750000010,2
0x8a1e5df84155eaec58671f51a23f6603d9e4cb17,2026-05-27T04:54:32+00:00,2026-05-27T04:54:32+00:00,1,62.5,0,0,0,1.0000,1
0x8a3b5ac3e673c0bef3ebc070059ad01000c827c6,2026-05-17T06:45:29+00:00,2026-05-17T17:10:04+00:00,2,0,0,81.97,81.97,162.71045,2
0x8a401085ab420b39c1fac9a6739b05c59bd4a64c,2026-06-10T18:02:46+00:00,2026-06-10T18:02:46+00:00,1,0,0,1.032,0,1.029936,1
0x8a47bcb779b1f29887ae909263dfbf151abf76dc,2026-03-07T13:13:03+00:00,2026-03-07T13:13:03+00:00,1,17.647057,0,0,0,5.9999990005882745,1
0x8a4e085b3ec17075d24e1b43d9189b30b4f137ce,2026-04-10T15:30:41+00:00,2026-04-10T15:30:41+00:00,1,11.11111,0,0,0,0.99999900000009,1
0x8a4e8f6e20b99ae0b05caf1237aeabe184831ba4,2026-06-14T22:32:30+00:00,2026-06-15T22:21:04+00:00,3,242500.0,0,0,0,1000.0000,3
0x8a51d2c233d9b83a0fbf0a8bf2f99127487ad9c5,2026-06-07T19:10:13+00:00,2026-06-07T19:10:13+00:00,1,0,0,1.006035,0,0.9999979999607145,1
0x8a539a71084808357c1e88a8b29765a06b831cad,2026-04-30T16:45:16+00:00,2026-04-30T16:45:16+00:00,1,196.857141,0,0,0,6.8899990097714373,1
0x8a5960859e243577c0bf98e60e5e5b2fc8b058f7,2026-05-06T04:24:44+00:00,2026-05-07T05:48:48+00:00,2,0,0,41.78,41.78,80.96964,2
0x8a644e388e2b6b035abbe131ae7ffec36c283c57,2026-06-15T01:26:15+00:00,2026-06-15T01:26:15+00:00,1,30093.333333,0,0,0,90.279999999,1
0x8a782f05e79a899de8e986a7a497e724279e4898,2026-06-02T11:25:51+00:00,2026-06-02T11:25:51+00:00,1,0,0,1.009,0,0.999919,1
0x8a7b576b7a53ef54876f9eca18bcd84f12d8782f,2026-04-01T02:42:35+00:00,2026-05-12T01:53:49+00:00,48,4424.72,4424.718887,2499.989648,2499.980300,5553.0329829528009668,45
0x8a7db02a13e122729d2936ece34e24e7cfcc5ea4,2026-03-01T22:28:43+00:00,2026-05-13T19:17:20+00:00,2,631.53846,0,0,0,13.439999000384642,2
0x8a97e17a41e1bcc92e658fc8d68ea316eaec5241,2026-04-17T12:40:56+00:00,2026-04-17T12:40:56+00:00,1,200.0,0,0,0,10.000,1
0x8a989694003f9e62036d59e6bc60553bf96ae565,2026-05-04T13:32:50+00:00,2026-06-11T15:04:48+00:00,4,0,0,1260.0,1260.0,2477.1000,4
0x8a98c0e24fd2cb352062e49c524a2a7344ba9c69,2026-04-13T11:56:51+00:00,2026-04-13T23:12:23+00:00,2,20.0,20.0,0,0,2.200,2
0x8a9a2196d49d2cd2e5086a50fa35d1fa1502a9c7,2026-04-29T19:12:18+00:00,2026-04-30T18:12:44+00:00,2,33.333332,33.33,0,0,2.1332190000000384,2
0x8aa279234b2b794eb4f320227599426ab4037bb3,2026-06-09T20:15:57+00:00,2026-06-09T20:15:57+00:00,1,0,0,1.093,0,1.089721,1
0x8aae289ce5af7e3608285f2bed1bd25e302636ab,2026-05-05T09:53:24+00:00,2026-05-05T10:25:56+00:00,2,4387.01,4387.01,0,0,214.96349,2
0x8ab4ba1d5c649f66309537a759fbdfe05e90bff2,2026-04-30T13:29:46+00:00,2026-04-30T13:44:16+00:00,2,69.047616,0,0,0,1.9999979984286556,2
0x8ab78c54e672acef3b205396b7c78664b85f806d,2026-06-12T06:05:42+00:00,2026-06-12T06:05:42+00:00,1,0,0,1.002,0,0.999996,1
0x8abcd27d42f3f9b11138c6f341ad3710cd109e55,2026-03-23T14:30:57+00:00,2026-04-24T17:57:34+00:00,4,0,0,3.548355,3.54,6.6523499999045835,4
0x8ac891ec69f84aa66fe8b3ff63d8c3ff095fb5da,2026-05-04T08:53:16+00:00,2026-05-08T05:46:29+00:00,4,0,0,58.75,58.75,113.74929,4
0x8ae24990b2d1a03db34f716659548baa6bc86ce2,2026-05-14T15:59:50+00:00,2026-05-16T04:27:13+00:00,2,71.428571,71.42,0,0,1.6427790011428631,2
0x8aeee1e4406148dfede55c055398ce721eda629c,2026-06-12T11:03:04+00:00,2026-06-16T20:07:35+00:00,3,291.0,277.0,0,0,1.4270,3
0x8b052e595ca374ed640e3b08ff675f9d5fdc91f6,2026-05-11T03:01:14+00:00,2026-06-16T10:31:28+00:00,79,0,0,849.563332,824.409378,1655.7703270003533220,73
0x8b061efbc841f93380eb1014ed2601b0725c86e6,2026-04-05T04:50:29+00:00,2026-05-04T15:40:50+00:00,22,0,0,900.00,900.00,1726.60000,22
0x8b1912c0e890f980e8d0c8748fb315552a77d41a,2026-06-01T01:32:09+00:00,2026-06-11T15:04:48+00:00,2,0,0,246.0,246.0,489.5400,2
0x8b1a1bc654fbfa417c945cb12b96984dc62dbe0c,2026-06-14T03:31:54+00:00,2026-06-14T03:31:54+00:00,1,0,0,2.8255,0,2.8198490,1
0x8b1f679c3e86c8ab39a03932a308a67166b689e0,2026-03-28T22:58:20+00:00,2026-05-02T16:33:00+00:00,2,42.857141,42.85,0,0,4.6282990000000377,2
0x8b332c82b9072029bd0c2f54dad78c3b42eeb817,2026-05-05T03:59:46+00:00,2026-05-05T11:00:18+00:00,2,0,0,58.21,58.21,113.56771,2
0x8b4125f4e64d00f6faa6c5027bad111cbd43bdaf,2026-04-27T13:16:58+00:00,2026-04-27T13:17:04+00:00,2,60.0,60.0,0,0,4.8600,2
0x8b4410e877fa826c7e986dfb30a5be73d72163fb,2026-02-11T15:31:03+00:00,2026-04-21T15:24:08+00:00,59,1538.48,1538.461507,210.11,210.11,615.8245050003962745,42
0x8b46696e3dff948b89d677a788180c2c6292e83c,2026-06-13T19:59:18+00:00,2026-06-13T19:59:18+00:00,1,333.333333,0,0,0,0.999998999000001,1
0x8b471803baee3031a95b30da38c90f84744b8dec,2026-06-17T15:27:29+00:00,2026-06-17T15:27:29+00:00,1,1666.666665,0,0,0,4.999999995,1
0x8b54f871bd3710a6870e783b82bdaf876c792f95,2026-05-31T13:33:10+00:00,2026-06-01T17:56:23+00:00,2,0,0,45.362902,45.36,89.9971179992217954,2
0x8b56bc5b3adf34e52948b3587308a35e309189bd,2026-04-01T00:46:31+00:00,2026-04-01T00:46:31+00:00,1,50.0,0,0,0,3.000,1
0x8b5a2a371de832fc1750c1e1e97fa5496c30b95d,2026-05-21T08:50:11+00:00,2026-06-05T16:17:46+00:00,4,4695.550903,0,0,0,47.9999968841780076,4
0x8b68d60542bf36630a5fabdf003f83320e588a7f,2026-03-31T03:34:03+00:00,2026-03-31T08:18:57+00:00,3,0,0,1200.0,1200.0,2253.000,3
0x8b767894894b5861b2a1d1aa6ce5f811212d9823,2026-05-01T16:25:38+00:00,2026-05-01T16:27:02+00:00,2,0,0,2900.0,2900.0,5556.4000,2
0x8b8807ad974e6785fc661f8175bbdc40fc0cde16,2026-03-13T14:57:45+00:00,2026-03-13T15:03:19+00:00,2,0,0,1.485293,1.48,1.9867989999766512,2
0x8ba4bb9746b10af5e0068d9f3223d7e4d537df27,2026-05-20T18:10:36+00:00,2026-05-20T18:10:36+00:00,1,0,0,2.684111,0,2.6599539999263556,1
0x8badd6228bf0d39d534d2403216b809c0401d70a,2026-05-12T09:07:46+00:00,2026-05-12T09:07:46+00:00,1,0,0,11.338099,0,11.0999980003463612,1
0x8bcabdaca4c789bcfb8883c3d2f357c6036bf7c2,2026-05-07T10:23:09+00:00,2026-05-15T14:47:12+00:00,2,31.25,31.25,0,0,1.28125,2
0x8bf64180280528d8d1affa2101537c2763bd641e,2026-05-01T17:57:04+00:00,2026-05-01T17:57:04+00:00,1,45.12195,0,0,0,1.849999999634145,1
0x8bfcd1cfa86850f34144bc78a931e43b27d89fb7,2026-04-15T16:15:14+00:00,2026-04-15T16:15:14+00:00,1,33.333332,0,0,0,1.9999990000000368,1
0x8c06f3c1875c2f31b27e3bc81823ad02fc0b37f6,2026-04-26T04:34:06+00:00,2026-05-18T16:38:47+00:00,2,0,0,22.54,22.54,43.70506,2
0x8c1ddf01379a7b94bec899fc6cda1fe376824318,2026-05-27T08:05:52+00:00,2026-05-27T08:05:52+00:00,1,0,0,1.5228,0,1.4999580,1
0x8c24fd21484aa2415c67145d34f727cc9ee35d3f,2026-05-19T17:38:44+00:00,2026-05-19T18:35:51+00:00,2,0,0,148.185375,148.18,293.846272000,2
0x8c29249be5229f8084f9317dbfc19e0af99f0176,2026-06-17T12:43:08+00:00,2026-06-17T12:43:08+00:00,1,3333.333332,0,0,0,9.999999996,1
0x8c2ba0d41228807e53ac552e4b9d0b63c2bcda1c,2026-05-05T15:38:20+00:00,2026-05-05T15:44:50+00:00,2,0,0,204.732509,204.73,397.7928279904897167,2
0x8c2f71eb241d65b3806239501f1a501af2fe1a88,2026-05-08T12:32:17+00:00,2026-06-17T18:03:38+00:00,3,5555.0,0,92222.0,0,92268.6530,2
0x8c3b1e8becaa67d825aa29fcc4576d4db95f6425,2026-04-30T09:58:12+00:00,2026-04-30T09:58:12+00:00,1,120.0,0,0,0,3.0000,1
0x8c54d6796892613292d73090bf1f2f47bddefd37,2026-05-29T05:39:49+00:00,2026-05-29T05:39:49+00:00,1,0,0,2.028357,0,1.999959999971643,1
0x8c5e1be8b02ac48968cc35342df38a463639628c,2026-05-01T21:12:32+00:00,2026-05-07T19:12:38+00:00,8,0,0,232.40,232.40,447.82744,8
0x8c5e3701b8e95833eef77d221a611b505810e00a,2026-03-28T16:18:13+00:00,2026-03-28T16:20:09+00:00,6,0,0,335.48,335.48,627.3476,6
0x8c63a101739c6eadef4d5ad6bffe367c85c156e7,2026-05-01T02:46:10+00:00,2026-05-02T02:42:20+00:00,2,333.0,333.0,0,0,24.9750,2
0x8c69bfbeaba026b9f6129c6c0f2e2e3842b64369,2026-04-13T21:34:51+00:00,2026-06-17T05:48:58+00:00,3,7545.495,5045.49,0,0,312.0136497997885,3
0x8c6a2c3fec322be784002cd3c91e8e90472defbb,2026-05-17T19:55:59+00:00,2026-05-17T19:55:59+00:00,1,1111.111111,0,0,0,9.9999989990000001,1
0x8c781c18a4227f876798b33f45a8661999c8322c,2026-05-25T19:19:28+00:00,2026-05-26T09:36:24+00:00,2,71.428571,71.42,0,0,1.9284590011428631,2
0x8c7b62b41dc15f8897a27aa7d384f6d206a1bf56,2026-06-16T23:55:25+00:00,2026-06-16T23:55:25+00:00,1,0,0,3.9775,0,3.9695450,1
0x8c9a19c8fb892c2a256cd7bd08ff5e85feebcc61,2026-03-31T01:52:01+00:00,2026-03-31T01:54:31+00:00,2,226.89,226.89,0,0,24.9579,2
0x8ca61141ecdc7822651808174a3ab3c3977d3ba1,2026-06-12T11:06:10+00:00,2026-06-12T11:06:10+00:00,1,0,0,54.559,0,54.449882,1
0x8cad1af1e128ba7b0c1f8e1ed292bef117b6b739,2026-05-13T03:58:09+00:00,2026-05-15T11:14:22+00:00,2,0,0,6.085191,6.08,12.0191979998337624,2
0x8cb1fac5c95b0b4135011bcc357f0e84bb96df8b,2026-06-04T17:53:37+00:00,2026-06-06T03:02:51+00:00,13,7500.0,7499.980157,0,0,105.3025050108522029,13
0x8cb3847851a810eea254cdf97530959f0925b8ed,2026-04-30T05:36:48+00:00,2026-06-17T18:00:41+00:00,187,0,0,7298.753529,7293.878699,14391.7313509957038002,163
0x8cbb7388548c0d738864e47b554849bb4d86e3b0,2026-04-27T13:16:58+00:00,2026-04-27T13:17:04+00:00,2,30.0,30.0,0,0,2.4300,2
0x8cc2db33477d81602979cdd4f5b8b1c114f05319,2026-06-02T07:58:44+00:00,2026-06-02T07:58:44+00:00,1,0,0,1.008,0,0.999936,1
0x8cc4225e9b080db536cb238ea958227ae7d7e84d,2026-05-05T12:55:20+00:00,2026-05-06T00:06:16+00:00,2,0,0,57.53,57.53,111.95338,2
0x8cd0e2fa45ea9c90eabea5377d662456623ad4e4,2026-05-01T13:17:50+00:00,2026-05-01T14:25:40+00:00,2,166.666665,166.66,0,0,9.9997990000000095,2
0x8cd2c8fc90cbc806ec3b70464266a004deca7de9,2026-05-29T03:46:09+00:00,2026-05-29T03:46:09+00:00,1,0,0,2.636857,0,2.5999409998905144,1
0x8ce4ea4428e03ac87d5741f7ca77699f67a292b1,2026-06-16T06:13:01+00:00,2026-06-16T06:13:01+00:00,1,2000.0,0,0,0,10.0000,1
0x8ce8fd8c2a2ab3f2b2c376cbda1594ff7a8aef09,2026-05-25T09:12:25+00:00,2026-05-27T14:43:20+00:00,2,0,0,633.0,633.0,1250.8080,2
0x8cf3508fee26f252c91c7011a158f869748fb0fd,2026-04-29T18:54:12+00:00,2026-05-01T21:51:46+00:00,2,50.0,50.0,0,0,3.5000,2
0x8cfb43468ce67c24f8b02f0d295a04a40d4d753f,2026-05-31T16:21:18+00:00,2026-05-31T16:21:18+00:00,1,555.555555,0,0,0,4.9999989950000010,1
0x8cff7fa9cd2c9a78e51a50cb51a097f252e0686e,2026-04-09T13:56:35+00:00,2026-04-15T18:54:54+00:00,2,22.888887,22.88,0,0,3.2039989991334019,2
0x8d0a1a656a76f6cc5604222f1aaafec6d83ec384,2026-05-10T21:48:36+00:00,2026-05-10T21:48:36+00:00,1,1951.42857,0,0,0,40.97999997,1
0x8d0bc9280949c57b3429acfcd2a9c0fb7e909ebd,2026-05-03T09:11:20+00:00,2026-05-03T14:18:16+00:00,2,0,0,52.15,52.15,100.49305,2
0x8d1049c9ca06ad69da7ad214d6bba69a93ccd181,2026-05-29T00:09:39+00:00,2026-05-30T06:54:49+00:00,4,0,0,32.40,32.40,64.21242,4
0x8d2cfe1fbdb7ec847e505034708fc3c7e5ea878d,2026-04-05T02:09:41+00:00,2026-04-09T01:21:01+00:00,2,40.0,40.0,0,0,5.200,2
0x8d3a85f33225c207ae6748fb3afc335243b4a756,2026-05-21T12:23:01+00:00,2026-06-11T01:25:40+00:00,3,0,0,720.0,720.0,1429.2000,3
0x8d3a9210b924c934d2fa3b960dad9c2478ede9ce,2026-06-16T10:18:54+00:00,2026-06-16T22:29:17+00:00,5,0,0,89.14,89.14,177.56688,5
0x8d3f97844dc33d1f296f026652994ce75857a828,2026-05-17T06:45:29+00:00,2026-05-17T19:02:00+00:00,2,0,0,112.68,112.68,223.55712,2
0x8d60d7c7cb16c7fdd60a2b09efaf3b0740706749,2026-04-15T11:44:30+00:00,2026-04-17T14:47:30+00:00,2,0,0,31.85,31.85,60.5150,2
0x8d62999932436ea2a6b788e607ade348c9282fe8,2026-06-07T12:15:37+00:00,2026-06-07T12:15:37+00:00,1,0,0,10.0,0,9.9700,1
0x8d653bf9dcb01ded7c15c6ef0cdf18a085cd63b9,2026-06-17T17:05:44+00:00,2026-06-17T17:05:44+00:00,1,6000.0,0,0,0,18.0000,1
0x8d74e77d1fdc058e80c8eced220b21d0886104e3,2026-06-03T15:08:06+00:00,2026-06-06T20:05:45+00:00,2,555.555555,555.55,0,0,7.7777489950000010,2
0x8d7a04f9761df7376a600f32a730dda671485fcb,2026-06-05T07:43:55+00:00,2026-06-05T07:43:55+00:00,1,112.0,0,0,0,1.0080,1
0x8d7dca50ebad6284231dca8677758242a3303e95,2026-06-16T06:07:28+00:00,2026-06-16T06:07:28+00:00,1,0,0,102.0,0,101.5920,1
0x8d7f31e09a7570bec0d501ff910b1fa7b02db63c,2026-06-17T15:44:07+00:00,2026-06-17T15:44:07+00:00,1,0,0,113.84,0,113.49848,1
0x8d863a90a08bded22b966a57dad3eefe06044c5b,2026-05-03T01:38:04+00:00,2026-05-03T01:38:04+00:00,1,131.578946,0,0,0,4.9999990006315888,1
0x8d884199a2efac0f9b7e837c8533c6d40d02f237,2026-05-01T06:29:34+00:00,2026-05-12T01:53:49+00:00,2,3531.04645,3531.04,0,0,180.038889053880630,2
0x8d90457a256c8a7a7b0d701a4b76508bea70c448,2026-06-16T17:43:34+00:00,2026-06-16T23:46:01+00:00,3,34166.666666,17500.0,0,0,119.9999983313333334,3
0x8d93b297638015d58a4a0a6b6930fec993c80d5c,2026-05-03T11:59:22+00:00,2026-05-08T00:45:54+00:00,4,0,0,76.40,76.40,147.663599999728,4
0x8d987f1ef2a7b66903fa31962628215a5a91f3de,2026-02-09T02:24:27+00:00,2026-02-10T06:51:21+00:00,5,35.400998,35.40,0,0,38.9873970003509468,5
0x8db3b49214dd18f198c825a1777c8bf8dd44ca6c,2026-05-06T14:04:48+00:00,2026-05-08T13:00:47+00:00,2,6.0,6.0,0,0,0.3480,2
0x8db4f2bcb37078763c70dac5d99c285995479c07,2026-03-24T09:59:55+00:00,2026-06-12T19:34:01+00:00,33,89.00,1668.995554,0,0,83.1175989988889130,33
0x8db6e03f5af70344d1c0c12f7f88ae813f2dcc16,2026-05-10T08:46:23+00:00,2026-05-10T08:46:23+00:00,1,58.823528,0,0,0,0.9999999995294112,1
0x8db75f25882b6ffa5a4a26a27c6a1d9313b3e634,2026-05-09T19:53:37+00:00,2026-05-09T19:53:37+00:00,1,0,0,2.9746,0,2.9299810,1
0x8db8779f433de69c7ee540d08ef2fca0cb37c3f0,2026-06-07T18:41:09+00:00,2026-06-17T05:42:11+00:00,40,0,0,201.153917,201.08,400.6819510009746419,40
0x8dc13adfda28963976e8c17b1d4efbe53d14c34a,2026-06-17T18:03:35+00:00,2026-06-17T18:03:38+00:00,2,0,0,20.04,0,20.01996,2
0x8dcb71b042f532753f5bba63d5163adf9a1866ad,2026-04-28T22:20:46+00:00,2026-06-13T22:01:07+00:00,5,449.289400,0,0,0,5.9999960001087124,5
0x8dd31e16333b6dbfcb0c20d1d3b6fe0376eefc21,2026-05-10T22:39:04+00:00,2026-06-17T01:32:55+00:00,18,9638.110417,847.38,0,0,74.0916540300000395,18
0x8df47e34b2824584cd0fa79812100f8b3c1e86cb,2026-06-16T11:44:18+00:00,2026-06-16T11:45:48+00:00,8,0,0,196.78700,196.78,391.79595200,8
0x8df9844798755d67b82a9884dc30680f1e9d73dd,2026-02-20T08:25:06+00:00,2026-03-07T16:48:21+00:00,2,3.92,3.92,0,0,3.2144,2
0x8dfa6facaebb64208e011dfee40d7557ba21f37a,2026-05-14T05:03:54+00:00,2026-05-17T06:37:30+00:00,2,0,0,14.10925,11.14,25.01309900,2
0x8dfe102f4984d3a29ca02f585e2d72212d04d1bb,2026-03-26T08:57:25+00:00,2026-06-11T19:33:03+00:00,2,344.444443,0,0,0,1.999997999000091,2
0x8e02142872622e8f176914e28a01e13089b3a5e5,2026-05-10T20:31:34+00:00,2026-05-11T03:32:55+00:00,2,0,0,50.72,50.72,99.36048,2
0x8e17f990c00790892cebc681ffd746dd7b1aa542,2026-05-06T18:21:31+00:00,2026-05-12T12:11:48+00:00,4,90.277776,90.27,0,0,3.6943189998889488,4
0x8e1a3e6627dd2491bb8b42300245510219dc0785,2026-05-06T03:31:00+00:00,2026-06-07T12:45:48+00:00,2,103.448274,0,5.015,0,7.9999540046207066,2
0x8e1be7eac7144b8caa39b265491e8e09301c9839,2026-05-05T00:11:08+00:00,2026-05-05T00:11:08+00:00,1,1605.492,0,0,0,39.999999929652,1
0x8e23189c27895bdb9a1158e0aab71e21f9fb5531,2026-04-07T23:18:19+00:00,2026-04-07T23:18:19+00:00,1,20.0,0,0,0,2.00,1
0x8e27dff0d1c00749fa9058f6f0e070cf28c2a485,2026-03-08T18:51:05+00:00,2026-03-08T18:51:05+00:00,1,11.764704,0,0,0,3.9999990000000576,1
0x8e3c39f4987abc12d0e4660ac4a9b6094909edb3,2026-03-19T10:15:49+00:00,2026-03-19T10:15:49+00:00,1,23.333332,0,0,0,2.799999000000048,1
0x8e41f822cd43ade23cb514530e068eefac74f345,2026-06-14T05:10:40+00:00,2026-06-14T05:10:40+00:00,1,0,0,47.2645,0,47.1699710,1
0x8e48477d8466e5c83f5ba23a8db0edc8f2939c5f,2026-05-06T13:14:04+00:00,2026-05-06T13:14:04+00:00,1,0,0,150.0,0,144.6000,1
0x8e4c565b6ae6fd089e0e9408ddf1fc41b80f42b3,2026-05-12T08:30:42+00:00,2026-05-12T08:30:42+00:00,1,136.363635,0,0,0,2.9999999972727270,1
0x8e4d9749bdb6cafb060487353d63cf2738b54e88,2026-05-26T11:28:19+00:00,2026-05-26T19:30:09+00:00,7,0,0,4550.0,4549.992088,8955.8421979997445000,7
0x8e4f488203e8abd4e0ea01d0ba8ef271aebde9cd,2026-05-15T03:00:08+00:00,2026-05-15T06:10:22+00:00,2,0,0,7.092197,7.09,13.9978279999930057,2
0x8e573d42d546d135c9fa342c4ca3c1a5956f53b3,2026-05-10T03:18:15+00:00,2026-05-28T10:36:09+00:00,2,555.555554,555.55,0,0,16.6665990275555582,2
0x8e5db604a67610038068f8281e7754f71fed17fe,2026-06-01T21:58:57+00:00,2026-06-01T21:58:57+00:00,1,111.111111,0,0,0,0.999998999000001,1
0x8e5f4f83edc5454fe7de5984756449cb4742ff83,2026-05-20T15:59:56+00:00,2026-05-20T17:05:30+00:00,2,83.333333,83.33,0,0,1.833298996000004,2
0x8e6378c04fc1bd329000fb1d3e274b942de937bf,2026-04-27T08:24:22+00:00,2026-04-27T08:24:22+00:00,1,45.454544,0,0,0,1.9999989996363936,1
0x8e66ed5d72a1e99d9ffd6b09bcd9f022b3a679f0,2026-05-20T19:21:16+00:00,2026-05-20T19:21:16+00:00,1,181.818181,0,0,0,1.9999989910000045,1
0x8e69c7e17c87a41ea246329c1a956e4c05e4b21f,2026-05-23T09:09:16+00:00,2026-06-11T15:47:45+00:00,3,1255.555555,555.55,0,0,13.211049995,3
0x8e77537e059837d3c2ca5b4efe75e74e9498c4f3,2026-05-06T08:28:00+00:00,2026-06-16T17:17:20+00:00,2,0,0,5000.0,5000.0,9845.0000,2
0x8e81e609df3fd05c653566472de54fe2b6522945,2026-04-30T07:48:22+00:00,2026-05-12T13:44:11+00:00,6,0,0,158.78,158.78,310.72051,6
0x8e824a605eefb785fd091aefc4fc1fc581415fad,2026-05-13T17:45:31+00:00,2026-05-13T17:45:31+00:00,1,100.0,0,0,0,1.3000,1
0x8e8288f240f6ffd2a4202574dfdd95945325ce41,2026-03-17T22:29:35+00:00,2026-03-17T22:29:35+00:00,1,33.0,0,0,0,9.90,1
0x8e91643b94b5a41564d9a7a302bc7c576f463335,2026-05-22T08:50:03+00:00,2026-06-05T16:28:09+00:00,2,2000.0,0,0,0,16.2000,2
0x8e94790f9cb88a995a345d3adc72245ba49da463,2026-02-12T05:44:15+00:00,2026-02-12T05:44:15+00:00,1,100.0,0,0,0,48.000,1
0x8e972af464e6e682b9952cdde813449137ae5a7e,2026-06-15T18:29:30+00:00,2026-06-15T18:29:30+00:00,1,250.0,0,0,0,1.0000,1
0x8e99995f9e06fc11353eab75883811b66f1bb0d4,2026-05-12T02:37:47+00:00,2026-05-12T02:37:47+00:00,1,0,0,5.096838,0,4.9999980000183786,1
0x8e9eedf20dfa70956d49f608a205e402d9df38e4,2026-01-31T09:00:24+00:00,2026-06-17T18:01:02+00:00,184,0,232906.15,37487.19,0,39260.67898,184
0x8eb27fa46db7edf3bc1035bcdc00c5288bc0b17c,2026-05-14T09:23:14+00:00,2026-06-05T14:36:57+00:00,3,0,0,200.0,100.0,296.8000,3
0x8ec0aa766f75b2bd58a6fea76af2a336a93511ac,2026-05-10T02:52:27+00:00,2026-05-10T02:52:27+00:00,1,0,0,10.1626,0,9.99999799959356,1
0x8ecbb2d657a3f753fda631c7d9456121bddf7a1a,2026-06-12T12:10:01+00:00,2026-06-12T12:10:01+00:00,1,0,0,1.002,0,0.999996,1
0x8ed794eb5860f71adfa00455bcdbecf297d90cc0,2026-05-21T12:56:56+00:00,2026-06-02T08:40:41+00:00,4,0,0,200.0,200.0,396.6000,4
0x8ee122c4cb61677c363f6014e6676ad81c1778ee,2026-05-02T15:56:34+00:00,2026-05-05T21:00:08+00:00,2,25.0,25.0,0,0,1.7000,2
0x8eea586ff99a3d00e65e66b3c8de93884349b229,2026-05-03T20:36:14+00:00,2026-05-11T16:09:33+00:00,17,3099.99405,0,6100.00,3000.0,8931.9998810,17
0x8eeb738e8fd92e31bbb1a6402b691b1db5434812,2026-06-12T13:55:57+00:00,2026-06-12T13:55:57+00:00,1,0,0,23.99,0,23.94202,1
0x8ef615b0b1068b1428023f1e7ece50101c0a3952,2026-05-01T09:55:38+00:00,2026-05-01T13:47:18+00:00,2,255.0,255.0,0,0,14.7900,2
0x8ef8677403bb709486b8fc24de492177520e1583,2026-05-22T22:40:03+00:00,2026-05-22T22:40:03+00:00,1,1000.0,0,0,0,10.87260000,1
0x8efb096d522da07d76debcff1ae129b675df20b6,2026-06-10T10:04:22+00:00,2026-06-10T10:04:22+00:00,1,0,0,1.003,0,0.999991,1
0x8f07e69500326820155e5bc25ec88049d62fe5ae,2026-05-10T10:54:24+00:00,2026-05-10T10:56:59+00:00,2,0,0,128.178994,0,125.9999509943703110,2
0x8f328a04aba05ca227d0ba52b62514bca9f82e85,2026-04-27T14:06:02+00:00,2026-05-03T15:42:32+00:00,2,254.182753,0,0,0,9.9999999965405402,2
0x8f34e45fe06d6fad7d9d9d2738859a4022c02f50,2026-02-28T10:18:55+00:00,2026-03-21T06:08:51+00:00,31,0,0,293.70,80.0,262.5784,31
0x8f3bbd308ea42b517620c7bfdbe85f3816c4f205,2026-06-04T20:52:16+00:00,2026-06-04T20:52:16+00:00,1,160.0,0,0,0,1.2800,1
0x8f60657d4df13ac574a9b28f7329bd63efb6cf68,2026-06-11T22:24:28+00:00,2026-06-11T22:24:28+00:00,1,0,0,2.004,0,1.999992,1
0x8f88b822c115fc168672b142a953d37d1ea4ca51,2026-04-26T08:58:32+00:00,2026-06-17T05:49:07+00:00,4,799.994018,0,0,0,17.4996710000105548,4
0x8f9202882696be478e42de1e15c3afd469810cb7,2026-05-14T09:23:33+00:00,2026-06-05T14:37:24+00:00,3,0,0,200.0,100.0,296.8000,3
0x8faa240e8f243b441e6b6fedae4a033025d5e76a,2026-06-09T05:26:46+00:00,2026-06-14T16:41:03+00:00,3,733.333333,733.33,0,0,4.466658999000001,3
0x8fb986f0b52cfc8ad95e7cd109ee8fdce02418f5,2026-05-17T06:45:29+00:00,2026-05-17T18:00:08+00:00,2,0,0,55.58,55.58,110.32630,2
0x8fc3e35d0f5f1682dbf4677c288bba72ce8186de,2026-05-13T05:15:28+00:00,2026-06-04T05:59:52+00:00,3,0,0,199.3,100.0,295.9049,3
0x8fc50d9c5c3243143400a41ff44d67f655b7194a,2026-02-23T04:36:58+00:00,2026-06-09T08:05:57+00:00,3,539.971947,539.97,0,0,202.1598780052734969,3
0x8fc513740fb18ee8ad9e107f6d7f5e657ba1ec2a,2026-05-20T11:12:44+00:00,2026-05-20T11:12:44+00:00,1,0,0,10.101,0,9.99999,1
0x8fc9392c8ad729cb5cd7590baa423c04827dec4b,2026-04-30T21:01:28+00:00,2026-06-15T13:29:36+00:00,47,67128.788575,29358.77,0,0,1108.2650489589318793,47
0x8fc9c5805612277543b2a860efa844db7ccd99ed,2026-04-08T01:29:11+00:00,2026-04-08T01:35:13+00:00,2,0,0,26.47,26.47,47.1166,2
0x8fcd416dd3a226ad35daf094ceeadf052c20944d,2026-05-18T08:47:44+00:00,2026-05-18T08:47:44+00:00,1,0,0,3.033363,0,2.9999960000232651,1
0x8fce065d5820ea3deb72976640290959bb952566,2026-04-17T20:16:20+00:00,2026-05-15T12:45:43+00:00,7,594.28,594.28,0,0,34.24260,7
0x8fd49cb1e6d79b87f83df1e2ff7c732bde1c2c20,2026-06-06T20:05:06+00:00,2026-06-08T15:45:43+00:00,32,8000.00,7999.956661,0,0,87.9997299335000202,32
0x8fe90975741f8b80462512d525387b7446be02e9,2026-04-30T03:36:58+00:00,2026-04-30T07:23:28+00:00,2,37.037037,37.03,0,0,1.851688999000001,2
0x8fecfd8ccbbfade542ad2f0cfb13fb2b657f7832,2026-06-13T11:44:12+00:00,2026-06-13T11:44:12+00:00,1,3333.333333,0,0,0,9.9999989990000001,1
0x8ff2c13200698e453ba948274d5000e2b52029a8,2026-04-30T06:47:56+00:00,2026-04-30T06:47:56+00:00,1,428.0,0,0,0,10.7000,1
0x8ffefa4f7e96a5db59f769a27504829a8fe4b822,2026-06-14T10:58:18+00:00,2026-06-15T12:21:19+00:00,3,2916.666666,0,0,0,9.9999989980000010,3
0x8fff01819bd9fa175cc2c8feab5ba3730a770482,2026-06-17T18:03:35+00:00,2026-06-17T18:03:38+00:00,2,0,0,20.02,0,19.99998,2
0x900e3c7bc26b51dfd607cd152e8ffadbe11aa4d3,2026-05-04T16:29:20+00:00,2026-05-08T14:13:29+00:00,17,0,0,1776.0,1776.00,3473.8560,17
0x901558739b9fabe9c7cc1eef3fa4ce0b169ea5ce,2026-05-23T15:22:18+00:00,2026-05-23T15:22:18+00:00,1,919.19,0,0,0,7.35352,1
0x901b478bd79bcd87fc65837d11c3ab9753c237b7,2026-02-25T18:09:56+00:00,2026-02-27T15:50:09+00:00,8,38.03,38.02,31.69,31.69,68.7238,8
0x901f0b462415774c80aeb977ebbe96098be4bbd5,2026-04-21T12:21:58+00:00,2026-04-21T14:03:14+00:00,2,197.86,197.86,0,0,16.81810,2
0x9024a8dd9027ca48712b7dc6259d304f15d66220,2026-05-15T06:51:31+00:00,2026-05-15T06:51:31+00:00,1,102.5,0,0,0,1.2300,1
0x902f88f5b22d21ba8491307496148d50fc611a6d,2026-06-07T12:45:52+00:00,2026-06-09T19:23:25+00:00,2,0,0,1380.0,1380.0,2747.5800,2
0x90389dd640af85af8fe566c08296fdc3f89b9b38,2026-06-13T18:03:30+00:00,2026-06-13T18:03:30+00:00,1,0,0,28.4765,0,28.4195470,1
0x9041365a10ce82edd201d300c208ab529dae42a4,2026-05-02T09:06:14+00:00,2026-05-04T07:12:14+00:00,4,0,0,14.71,14.70,28.29994,4
0x904c33389b909c0a8763b9393f45ec50ae622634,2026-06-12T21:03:39+00:00,2026-06-12T21:03:39+00:00,1,2079.208,0,0,0,9.9999999453088,1
0x9050d9c77be1936a2449c7c5fc8fd29d797b55d1,2026-04-09T12:59:17+00:00,2026-04-09T12:59:17+00:00,1,0,0,2.173912,0,1.9999990000000192,1
0x9051a183490718741a011373eaea3357bc04fc3e,2026-05-14T11:21:18+00:00,2026-05-15T08:18:19+00:00,6,0,0,399.99857,399.99,789.788710999507477,6
0x906e39bd26b25e17eae19e6322f631cc983ee7e6,2026-03-13T04:55:13+00:00,2026-03-22T22:22:17+00:00,4,43.0,43.0,0,0,17.400,4
0x907a83190dfdc777153b20cc804a06ab7418b56b,2026-05-19T10:17:07+00:00,2026-05-19T18:38:21+00:00,2,0,0,1990.0,1990.0,3946.1700,2
0x9085ad66e71ea300ad030cfb51c6178b173ee024,2026-06-10T17:36:31+00:00,2026-06-10T17:36:31+00:00,1,0,0,1.012,0,1.009976,1
0x9087e7dacfb88e92d960ebfced85a4dbd5299532,2026-05-14T06:55:56+00:00,2026-06-04T00:26:28+00:00,12,95925.366654,0,0,0,863.3199994055775071,12
0x908848cdf3a30d2ca179b3883ec98d7b75ddfde4,2026-06-08T22:13:03+00:00,2026-06-09T03:19:31+00:00,2,0,0,32.0,32.0,63.6800,2
0x90898bc124386ba123cb5fcf077292bca91daafe,2026-05-03T19:54:12+00:00,2026-05-03T19:58:32+00:00,2,0,0,2.074686,0,1.9999960000598490,2
0x9090d0af35e381e3e909fd5690a6f9e75d27d0fd,2026-06-03T17:39:03+00:00,2026-06-03T17:39:03+00:00,1,0,0,6.26,0,6.20366,1
0x90a6019b33c0dee813cb7c4826014c54837ef8a9,2026-05-12T18:33:46+00:00,2026-05-26T14:28:22+00:00,2,190.0,190.0,0,0,6.8400,2
0x90a796bdd8082ab8cc9e9a8f9786425946da133e,2026-04-30T08:46:00+00:00,2026-04-30T08:46:00+00:00,1,120.0,0,0,0,3.0000,1
0x90af0540c62c2b89b408f42dc3b3b330c8d469f7,2026-06-17T11:38:29+00:00,2026-06-17T11:38:29+00:00,1,630.0,0,0,0,1.8900,1
0x90bab902f58ea4eebf71a34e73ae97b8c8aafcd9,2026-06-16T11:52:09+00:00,2026-06-17T18:00:41+00:00,2,0,0,1061.85,1061.85,2118.39075,2
0x90bb8a9c2d901285877cf45b79f6ba5d8c5babbb,2026-04-10T16:34:17+00:00,2026-04-14T09:18:27+00:00,2,0,0,64.0,64.0,119.680,2
0x90bc7fb88756fb8d29dbd9792917bc7abb6fbb54,2026-06-16T08:42:39+00:00,2026-06-16T08:42:39+00:00,1,6600.0,0,0,0,33.0000,1
0x90bf2dbb1ab3b3c1bdd76d73848afcb19b5799eb,2026-05-23T21:21:59+00:00,2026-05-25T15:53:12+00:00,29,24110.0,0,0,0,291.70628986940,29
0x90c80c2f44cea8f5bee8e8b2db1c3e8560f19617,2026-02-20T06:07:38+00:00,2026-02-27T13:59:37+00:00,2,200.0,200.0,0,0,184.30000,2
0x90d1322d14c00c77b67f7ac29d8d1dc98fa46e98,2026-06-11T16:43:07+00:00,2026-06-11T16:43:07+00:00,1,0,0,1.012,0,1.009976,1
0x90e4c840cb791a622d249fe2990c447bd64ff625,2026-05-17T18:48:56+00:00,2026-05-18T08:36:53+00:00,2,0,0,110.88,110.88,219.54240,2
0x90f193edb58eeb92fbd5432cc15a7c488e9f6e38,2026-05-30T10:43:04+00:00,2026-05-30T10:43:04+00:00,1,125.0,0,0,0,1.0000,1
0x90f6b890c88a2e1b6a2f46f7293d1ca5d3a605c4,2026-06-12T15:40:10+00:00,2026-06-12T15:40:10+00:00,1,0,0,20.0,0,19.9400,1
0x90fa75acdd607b4ccf60b6cc0617c2cd16b23987,2026-05-16T04:42:20+00:00,2026-05-16T05:51:25+00:00,2,0,0,1297.379,1297.37,2572.693638,2
0x90feb51235ee0b96e266e2520aaa06b96a479828,2026-06-09T03:30:28+00:00,2026-06-09T03:30:33+00:00,2,0,0,10.1705,10.17,20.2489680,2
0x9100264adb83c35ecf8e395dad491148a9e653ce,2026-05-03T05:32:14+00:00,2026-05-06T07:02:16+00:00,2,0,0,10.384189,10.38,20.0789539997310677,2
0x9105e39bb82f96b07f195869cde32bda22ae15c0,2026-06-11T11:37:28+00:00,2026-06-11T11:37:28+00:00,1,0,0,1.002,0,0.999996,1
0x9116a3f24f27d59bcca44bda147017a6ca99cf67,2026-06-03T10:07:12+00:00,2026-06-03T20:30:46+00:00,2,0,0,5.0,5.0,9.9200,2
0x911706a3f9920bb49682bff3359958989a63f87c,2026-02-20T23:14:30+00:00,2026-02-21T04:25:16+00:00,4,2000.0,0,0,0,900.000,4
0x91201e892455aa4878333a91d3c6037df7b32fcc,2026-05-22T01:03:35+00:00,2026-06-17T00:14:26+00:00,34,0,0,28.817524,28.81,57.2798879998826000,34
0x912de54dafb1dd720860f4648af9f26cac58d0d9,2026-03-05T08:29:09+00:00,2026-03-05T08:29:09+00:00,1,20.0,0,0,0,5.600,1
0x9130b0efd96b3fb193b37fc1e7f4b35dfe0a99a9,2026-05-30T04:15:09+00:00,2026-05-31T13:24:30+00:00,4,0,0,32.49,32.49,64.45859,4
0x91327ef84dca65ca90eea309c5d455daee4b8256,2026-05-24T13:22:37+00:00,2026-06-10T06:48:03+00:00,6,0,0,1000.06,1000.06,1984.80661,6
0x9135eb2574796b51d390234ef5af565bca58b8dd,2026-05-08T08:46:50+00:00,2026-05-08T14:49:44+00:00,2,0,0,54.45,54.45,106.34085,2
0x913d1a5d1e4ef0e22f108a292a21765949d99d71,2026-04-30T21:12:14+00:00,2026-05-08T00:29:18+00:00,2,28.571427,28.57,0,0,1.8285289992857663,2
0x91403ee551395ef942c7e6ba24e7e33f8b4bc7dd,2026-05-11T00:15:33+00:00,2026-05-11T00:20:49+00:00,3,60.00,60.0,0,0,2.4000,3
0x9142a9d580ac84394a0731877adea584b80b7882,2026-05-02T17:51:52+00:00,2026-05-02T19:02:54+00:00,4,0,0,6.340954,6.34,12.1927360000068810,4
0x9145aa2e8d931a9260c30815a599728efcf3f5b6,2026-06-16T06:49:21+00:00,2026-06-16T06:49:21+00:00,1,318.0,0,0,0,1.5900,1
0x914787ded899904e206aad90a8b31029155d3c9c,2026-05-28T23:18:52+00:00,2026-05-28T23:18:52+00:00,1,833.333333,0,0,0,9.9999989960000004,1
0x9150991d88a9b02cad9b7e9cf04ed1f7bf9326f4,2026-05-13T20:09:45+00:00,2026-05-28T16:00:22+00:00,2,250.0,250.0,0,0,5.7500,2
0x915ce20b6714ea3df5a1ca74160d0ade3d827730,2026-05-29T01:21:11+00:00,2026-05-29T01:21:11+00:00,1,0,0,3.036416,0,2.9999790001053184,1
0x9160e2826aea86d825a937a83c7942361c6d9ac6,2026-05-16T00:34:37+00:00,2026-05-16T00:34:37+00:00,1,111.111111,0,0,0,0.999998999000001,1
0x9165458a636e623afd80fce1f167de7958667b93,2026-02-27T18:22:17+00:00,2026-02-27T18:22:17+00:00,1,74.943477,0,0,0,34.2199990017494595,1
0x916fa09f7a984cf28453ac39f0ac72fbd8abce65,2026-06-14T02:17:04+00:00,2026-06-14T02:17:04+00:00,1,0,0,90.2,0,90.0196,1
0x9190219565e82fdfbe88407b0e77eca39d66069c,2026-06-09T03:11:28+00:00,2026-06-09T03:11:37+00:00,2,0,0,10.34125,10.34,20.58818500,2
0x9198665ed4d3db95a7546380eadadd4959d66b2f,2026-04-29T19:26:20+00:00,2026-05-20T15:43:38+00:00,2,116.666664,0,0,0,1.9999990006667048,2
0x919c26abe43debac024d23de1c5dda5e47b17ae8,2026-05-23T16:34:40+00:00,2026-06-16T22:03:26+00:00,2,1777.777777,0,0,0,11.9999979970000011,2
0x919db072d7bb4ec3f39edfd48943465bc586f1b1,2026-03-10T20:47:09+00:00,2026-03-11T00:21:43+00:00,2,176.613,176.61,0,0,132.4531000050624,2
0x91a5a476688a347643294ec301c59b10d24763f6,2026-05-05T01:27:46+00:00,2026-05-05T01:27:46+00:00,1,42.99,0,0,0,1.07475,1
0x91b28e77c01e04c127f33680d24d4521417362ff,2026-06-16T07:15:39+00:00,2026-06-16T07:15:54+00:00,2,0,0,90.36125,90.36,179.90800500,2
0x91c6f0d46e1aaea67136c772d9786c92499533e3,2026-06-15T17:10:42+00:00,2026-06-15T17:10:42+00:00,1,0,0,1.004,0,0.999984,1
0x91c80933f19149f08f563c7e4df9df8707d73ba8,2026-05-04T16:56:00+00:00,2026-05-08T21:33:31+00:00,2,48.333333,48.33,0,0,1.9332790011666735,2
0x91c94c0f3acc0ca74354c7b4078b10fb494da5b4,2026-05-21T07:41:52+00:00,2026-05-21T07:41:52+00:00,1,833.333332,0,0,0,9.999999984,1
0x91d757346e322976a9544dd07b9b7e3f58550dfc,2026-05-10T04:18:31+00:00,2026-05-10T04:18:31+00:00,1,0,0,1027.0,0,1008.689729970,1
0x91dc2b851ebc3539c225e58ecbb98071455d8bbc,2026-06-11T22:22:12+00:00,2026-06-11T22:22:12+00:00,1,0,0,1.052,0,1.049896,1
0x91ee2aa8359453daa3bb050da5d66bccc0d4b406,2026-02-26T09:33:04+00:00,2026-02-26T09:34:36+00:00,2,0,0,66.44,66.4,73.0620,2
0x91eeab2536810c457c64dfecf032985bef22b2df,2026-06-08T14:59:21+00:00,2026-06-09T22:45:57+00:00,2,0,0,9.036,9.03,17.993736,2
0x91f1724375ea62c19a2718d0ea7524ec1b0af1cf,2026-06-17T16:07:44+00:00,2026-06-17T16:07:44+00:00,1,100.0,0,0,0,0.3000,1
0x91f46ed8fcb3db41739f6e08dc484a06dafad725,2026-05-05T00:29:48+00:00,2026-05-05T00:29:48+00:00,1,83.333333,0,0,0,1.9999990003333373,1
0x91fe9bec0937b58d11ba798383edab432fc59b1c,2026-06-08T03:37:57+00:00,2026-06-08T03:38:00+00:00,2,0,0,12.3416,12.34,24.5335120,2
0x920032326bccf6fe3593935037493e3a0d4883b5,2026-06-17T17:45:22+00:00,2026-06-17T17:45:22+00:00,1,3263.333333,0,0,0,9.7899990200000001,1
0x920a3b07abddfe674c0bb99c5dda73164767717e,2026-06-14T03:52:12+00:00,2026-06-14T03:52:12+00:00,1,333.333333,0,0,0,0.999998999000001,1
0x920edee4c0efcea920d159175a17d2b52435bdac,2026-06-14T06:05:58+00:00,2026-06-14T06:05:58+00:00,1,0,0,7.014,0,6.999972,1
0x921d8d4f22b528544524c7c08217ebeba063e599,2026-03-05T02:15:25+00:00,2026-06-09T07:08:00+00:00,2,66.666665,66.66,0,0,20.2666390000000125,2
0x922b2b2b13b4c617ed42e6b39c43957704f6f959,2026-06-16T18:30:16+00:00,2026-06-16T18:30:16+00:00,1,333.333333,0,0,0,0.999998999000001,1
0x923ac4dbc9d4321986a798efa9869bc30b67c961,2026-03-23T01:42:29+00:00,2026-03-23T01:42:29+00:00,1,45.454544,0,0,0,4.9999989990909360,1
0x923c17b3ed4095390bfb3a9cdfc770c436a85e80,2026-05-06T06:45:30+00:00,2026-06-02T00:44:41+00:00,15,0,0,1119.0,980.0,2069.7480,15
0x923f612f374db227d65b6d72d3c897f57d9ef1b2,2026-03-21T06:01:25+00:00,2026-03-22T21:45:21+00:00,5,0,0,613.64,613.633330,1098.4095959930228736,5
0x9245a20375d47211dbd2644f52c93fb7970080d0,2026-05-12T01:53:49+00:00,2026-05-12T01:53:58+00:00,2,80.0,80.0,0,0,3.2000,2
0x92590b15e205d849c294b670d9e69a566fc786ab,2026-04-30T06:27:52+00:00,2026-04-30T06:27:52+00:00,1,173.2,0,0,0,4.3300,1
0x925fe2ebb29c54b2a645b425e5b34d6d5e1964e2,2026-05-27T01:53:23+00:00,2026-05-27T01:53:23+00:00,1,0,0,2.0304,0,1.9999440,1
0x9283c5f1eb97253f9b52dc33cd1c4de227b4adcf,2026-06-13T01:32:16+00:00,2026-06-13T01:32:16+00:00,1,0,0,2.006,0,1.999982,1
0x92910328f19390c229d49c8f1b3d2210e00a30a4,2026-06-13T13:51:58+00:00,2026-06-13T13:51:58+00:00,1,0,0,1.002,0,0.999996,1
0x9296e11fb493df71e5730d42698644bf209ac9e7,2026-05-02T15:56:56+00:00,2026-05-07T03:19:30+00:00,6,0,0,169.01,169.00,326.98505,6
0x929902ff2109ba11521addac9b57606995436eb9,2026-05-27T04:12:01+00:00,2026-05-27T04:12:01+00:00,1,0,0,5.070928,0,4.9999349998865152,1
0x92af3debf51af926d586bd8b4ac72ee9ea1fadc1,2026-05-09T15:51:07+00:00,2026-05-09T15:51:07+00:00,1,6046.54,0,0,0,96.74464,1
0x92beea922b86e89301806b740dd671beed8b5345,2026-05-07T11:04:41+00:00,2026-05-07T11:04:41+00:00,1,32.258063,0,0,0,0.9999990013871415,1
0x92c6489019e8e4432d1feda8df7fc30b7fe7e52c,2026-05-17T23:35:23+00:00,2026-05-18T12:31:02+00:00,2,0,0,50.5,50.5,99.990,2
0x92cb07a02ffe3b1918514065b64b59f13346b04a,2026-05-11T20:50:12+00:00,2026-05-11T21:22:59+00:00,4,0,0,8.171522,8.17,15.9860999995938466,4
0x92d5668518c95d439d181e073e5ece9cdd6dc2e1,2026-06-06T14:39:09+00:00,2026-06-06T16:12:57+00:00,2,0,0,23.08,23.07,45.89617,2
0x92d63ca6dffc6d5d8d8acea3e780557256693a39,2026-06-13T12:40:37+00:00,2026-06-13T12:40:37+00:00,1,0,0,1.002,0,0.999996,1
0x92dcf851eba53bc192cbc659e28c2ce9bb665503,2026-04-25T22:02:10+00:00,2026-04-25T22:02:10+00:00,1,92.592591,0,0,0,4.9999989973333491,1
0x92e7aa5767f35048fc01cc9898505fa052a5909f,2026-06-06T05:56:16+00:00,2026-06-17T18:00:41+00:00,3,0,0,300.0,300.0,597.7500,3
0x92eb0f467a3b003eeb3341a5ee0a18267fd5ca47,2026-05-08T11:33:26+00:00,2026-05-08T12:11:52+00:00,4,0,0,392.68,392.68,762.97724,4
0x92eb1cd8de460e6f89115218acd8c35d58ba986a,2026-04-10T16:32:01+00:00,2026-05-15T18:40:11+00:00,10,955.555553,955.55,1000.0,1000.0,2017.0884980144444528,10
0x92ec1912a09e86e40c325410f909666b28ae2a53,2026-06-17T11:21:14+00:00,2026-06-17T11:24:02+00:00,2,14999.999999,0,0,0,44.9999984970000001,2
0x92edd9e32d6d578c2ebf6062f752e8e0d00721dc,2026-06-17T04:21:04+00:00,2026-06-17T18:03:35+00:00,2,8333.333333,0,0,0,14.9999989990000001,2
0x92f6f8de1f28f2d1c0cc2b75a0ccd852e9799978,2026-06-16T10:39:48+00:00,2026-06-16T10:39:48+00:00,1,0,0,94.43775,0,94.05999900,1
0x93015c5a80ca8b96a8b9914c826fe759a2a93b67,2026-06-02T16:30:49+00:00,2026-06-11T16:39:16+00:00,4,0,0,15500.00,0,15465.0000,4
0x930b31d0f304575e3df76d25a332fd107a74a607,2026-06-17T15:49:32+00:00,2026-06-17T16:47:20+00:00,2,5999.999998,0,0,0,17.9999989940000001,2
0x930c447c299d85b359c95da37c100c597c9f25d6,2026-04-11T07:44:31+00:00,2026-04-11T07:44:31+00:00,1,54.125,0,0,0,4.33000,1
0x93173b86dbe2f2dd9922c751806d306b48cf5a5f,2026-04-14T12:35:59+00:00,2026-04-14T18:36:34+00:00,2,0,0,7.84,7.84,14.8176,2
0x931a4fc1cf2e5d416c3cb211c8b40523e0e01f6c,2026-05-05T10:55:36+00:00,2026-05-08T20:14:55+00:00,3,1667.687776,697.2,0,0,53.2043990309735456,3
0x931d5768bc131a6a08ad58a149ca726706d0372e,2026-06-07T19:35:04+00:00,2026-06-07T19:35:07+00:00,2,0,0,11.035,11.03,21.943645,2
0x9320b2ce70df221bab610ea53d8d8b0923b77c3b,2026-05-18T14:09:25+00:00,2026-05-27T21:43:41+00:00,2,116.0,116.0,0,0,2.7840,2
0x932607e2d0ed1c1f85f00670e267e4fda54a3611,2026-04-15T11:44:30+00:00,2026-04-17T14:39:56+00:00,2,0,0,20.86,20.86,39.6340,2
0x932a2849a981794a9e6126db04b53886457d4843,2026-05-31T08:19:16+00:00,2026-05-31T08:19:16+00:00,1,0,0,1.089777,0,1.0799690000254272,1
0x932ddb31ac0a02c488e8f627fbe662aa895d716d,2026-06-08T18:48:46+00:00,2026-06-09T04:04:15+00:00,2,0,0,5.02,5.01,9.98487,2
0x932fbc8aafd762ba7f4bde8a9fa485bf58ce2cd8,2026-06-02T04:45:18+00:00,2026-06-02T04:45:18+00:00,1,2336.666666,0,0,0,21.0299990593333336,1
0x9338752fc01f29ddc0deaf794a6336aa659029ab,2026-04-23T10:31:32+00:00,2026-05-25T09:14:33+00:00,4,0,0,31.879586,31.87,61.8885659993189342,4
0x934532d576861682292a15e788d9a85c0531314d,2026-03-22T16:18:23+00:00,2026-03-22T17:31:03+00:00,3,90.00,0,0,0,9.9000,3
0x93453835bc386aefb517e1a03f65f0dd32b98431,2026-06-03T20:45:54+00:00,2026-06-16T18:35:16+00:00,2,200.0,200.0,0,0,2.0000,2
0x93476cf5d79f104e5974f386e9404b8aab1d757f,2026-06-12T16:45:36+00:00,2026-06-12T16:45:42+00:00,2,0,0,18.036,18.03,35.975838,2
0x935ae8bdcccb465b7b18ef19f0ef13d258c1d1fc,2026-05-12T03:59:04+00:00,2026-05-12T03:59:04+00:00,1,0,0,6.39795,0,6.2699910,1
0x935d089633ca2fdf7dc1510a7840a14298c096e9,2026-06-12T11:05:15+00:00,2026-06-12T11:05:15+00:00,1,0,0,1.102,0,1.099796,1
0x93694d4b9a94bbbe05f638dfa4bcfd2403546de9,2026-05-05T12:45:28+00:00,2026-05-12T17:13:22+00:00,86,89016.401418,0,0,0,1944.2357109997194702,85
0x93781c7873f93a40369359731193b318fb2fc244,2026-05-16T04:48:17+00:00,2026-05-16T05:55:36+00:00,2,0,0,1668.34675,1668.34,3308.32491600,2
0x9386445458feebf16870b898ed9ae5a0ad97b2b7,2026-04-05T05:50:11+00:00,2026-04-05T12:24:03+00:00,2,714.285713,714.28,0,0,92.8567989814285731,2
0x938f74976cd93e3125f3dbfc5fc29adafdfd4424,2026-06-17T13:04:52+00:00,2026-06-17T13:04:52+00:00,1,0,0,67.3645,0,67.2297710,1
0x93a35c4fbacd12d490987424bc2c0c236c0c5654,2026-05-13T10:01:04+00:00,2026-06-05T11:26:27+00:00,3,0,0,200.0,100.0,296.5000,3
0x93b9f046279d0db5abf02398739afba3faa06d73,2026-06-11T08:10:24+00:00,2026-06-11T08:10:24+00:00,1,0,0,1.002,0,0.999996,1
0x93d589b5b11651793513290026ac9df3cd9c271a,2026-06-07T18:41:22+00:00,2026-06-07T18:41:22+00:00,1,0,0,1.035,0,1.029825,1
0x93da8a36998960c1cb58df3691aa96e15f898f44,2026-05-17T16:10:41+00:00,2026-05-18T03:36:34+00:00,2,0,0,113.59,113.59,225.13538,2
0x93de4db48bb008ac483d8d65e0949dbfcdfcff57,2026-06-08T14:45:33+00:00,2026-06-08T14:45:37+00:00,2,0,0,11.84725,11.84,23.58066100,2
0x93ece3205c3e51f17fdc7850c43b5958a1754d2c,2026-05-06T01:31:24+00:00,2026-05-06T09:36:30+00:00,2,0,0,55.93,55.93,108.61606,2
0x93ee5e683d5b4f48be577ef74729f47deb7e35db,2026-06-11T18:26:45+00:00,2026-06-15T15:28:54+00:00,172,0,0,15381.759993,15381.75,30681.269118021,172
0x940226f82be71d0f7394e49a30adc7b4d78caa14,2026-05-17T16:10:41+00:00,2026-05-18T03:42:20+00:00,2,0,0,54.13,54.13,107.06914,2
0x940240c3001500d2cf3951f81df8d5fa90ffe33f,2026-04-27T19:32:18+00:00,2026-04-27T19:32:18+00:00,1,71.42857,0,0,0,2.999998997142876,1
0x940bdc30e4bf3a80992797ec93fe090fb4731431,2026-06-16T23:55:25+00:00,2026-06-16T23:55:25+00:00,1,0,0,5.24,0,5.22952,1
0x940fe692c5fb4af11f88372c31694bc629cb158d,2026-06-15T20:36:09+00:00,2026-06-15T20:36:09+00:00,1,25000.0,0,0,0,100.0000,1
0x941a31fe04c9c41eed39fc7b8cfb2fbcd74000db,2026-06-16T16:07:07+00:00,2026-06-16T16:07:07+00:00,1,2500.0,0,0,0,10.0000,1
0x942e79166821f3f4e67872e44f1672fcccd2be27,2026-05-01T16:25:38+00:00,2026-05-17T23:35:23+00:00,16,0,0.49,397.51,0,382.29119,16
0x94380e7961824660f8c9022b898dd7ccdd8bb07f,2026-06-09T09:50:19+00:00,2026-06-11T03:42:28+00:00,2,0,0,11.044,11.04,22.006704,2
0x9438887b36e6758c6b60d0271689293bebf04c0e,2026-06-04T11:16:36+00:00,2026-06-04T11:16:36+00:00,1,0,0,5.29,0,5.24768,1
0x944dbe062319f779b1bf6ced8ec32e7fb7d14572,2026-06-17T13:02:19+00:00,2026-06-17T13:02:19+00:00,1,1080.38,0,0,0,3.24114,1
0x9455713012a667c82b33eff850d17c93fac6d0cf,2026-05-04T10:07:56+00:00,2026-05-04T10:07:56+00:00,1,27.027027,0,0,0,0.999998999000001,1
0x9465c9ae33e3ff58391c25142fa2216a2940cfee,2026-02-12T05:45:37+00:00,2026-02-12T05:45:37+00:00,1,0,0,100.0,0,53.000,1
0x946b86dae092a07c6b9bc26ab144e7e4734e7277,2026-06-07T02:00:21+00:00,2026-06-08T18:22:43+00:00,2,230.0,230.0,0,0,2.0700,2
0x94746ed6c69bdd5d5711b18d781d3978ef705091,2026-03-18T21:14:53+00:00,2026-06-15T06:47:37+00:00,4,50.0,50.0,0,0,7.6250,4
0x94755d99ebfe5166b147381b5f9a5efb990274eb,2026-06-06T05:43:15+00:00,2026-06-11T21:01:48+00:00,2,0,0,42.2535,42.25,84.1232290,2
0x94791e81060e7cd0ac10777751a0864615c0ed99,2026-06-07T03:48:22+00:00,2026-06-07T03:48:22+00:00,1,0,0,11.044,0,10.999824,1
0x94827562bceba535f4c9ab0cc071f937a8a2679b,2026-05-29T15:04:37+00:00,2026-05-29T15:57:14+00:00,2,0,0,23.99,23.98,47.46632,2
0x9489f52e5dfe75ef06c51bddd747c4c26d4937d8,2026-06-09T06:14:36+00:00,2026-06-09T06:32:13+00:00,2,0,0,284.85925,0,283.71981300,2
0x949ec7c9a1e15486f5c589a07ac14cb23dc7f94d,2026-05-31T10:50:51+00:00,2026-06-16T19:57:10+00:00,2,2222.222222,2222.22,0,0,24.4444391091111112,2
0x94a30a9447fc8cfc5c984f275cb88f76bac767e3,2026-01-30T02:37:26+00:00,2026-02-25T18:23:10+00:00,2,30.0,30.0,0,0,28.500,2
0x94a3e9d196f35bb9a697d8d9d744617006bfad02,2026-04-11T09:51:07+00:00,2026-04-11T09:51:07+00:00,1,0,0,18.78,0,17.6532,1
0x94bac4670a9af67a0ab6cdbb9f3e4b2c327fa2e5,2026-05-16T22:11:20+00:00,2026-05-31T12:47:22+00:00,2,142.857142,142.85,0,0,2.142798994000006,2
0x94bbb8f7632d11dead6b8970646ad5655a5fc320,2026-02-24T12:27:14+00:00,2026-03-05T02:35:43+00:00,9,0,0,78.77,0,52.7303,9
0x94beedf4315eea2817a7153186f2f84874262151,2026-06-08T23:00:28+00:00,2026-06-08T23:00:28+00:00,1,200.0,0,0,0,1.0000,1
0x94cbaf0928e4003205dc2b9c9d6ea4811fa8602b,2026-06-15T21:49:33+00:00,2026-06-15T21:49:33+00:00,1,0,0,75.807333,0,75.579911001,1
0x94ce5776641d73d1ed6033915aa59601a49cdd3d,2026-05-01T11:01:28+00:00,2026-05-10T06:46:29+00:00,2,170.0,170.0,0,0,7.8200,2
0x94d5f98fa028e0079739856e2789d4ea5a1e378a,2026-06-17T17:43:10+00:00,2026-06-17T17:43:10+00:00,1,1000.0,0,0,0,3.0000,1
0x94daa3bf531255d6565e937c7249d3918fa12bf1,2026-06-16T10:23:12+00:00,2026-06-16T10:23:12+00:00,1,0,0,1000.0,0,995.0000,1
0x94e4639e9aef0eab61533ecafe74c5f15662534a,2026-03-18T21:30:45+00:00,2026-03-18T21:30:45+00:00,1,100.0,0,0,0,10.00,1
0x950db6ed14818893d54eff4b8f08856f4161328d,2026-06-12T16:56:54+00:00,2026-06-12T16:56:54+00:00,1,0,0,1.003008,0,0.9999979999729152,1
0x95240dbeaf31dcacd9c6dd69f83524e0c758a60a,2026-05-13T03:00:38+00:00,2026-06-03T07:05:32+00:00,3,0,0,180.072953,90.35,267.1753319986802048,3
0x953d57cc07d9b01fd6b55e94d677af01c975b279,2026-05-20T06:11:30+00:00,2026-05-20T06:11:30+00:00,1,111.11111,0,0,0,1.000000001111111,1
0x95439ccf9914832a6d7a0d1369474b7c610f6eeb,2026-06-13T16:19:16+00:00,2026-06-13T21:58:25+00:00,2,685.0,0,0,0,2.0550,2
0x9550ae2de19048bbd0d5a1f31a85b72b140a1e6c,2026-05-29T02:40:28+00:00,2026-05-29T02:40:28+00:00,1,62.5,0,0,0,1.0000,1
0x9555351426f1e6123db5e705fcdf4df95367a064,2026-06-13T09:22:54+00:00,2026-06-13T09:22:54+00:00,1,0,0,1.002,0,0.999996,1
0x955e15cb5828aebc0e82c8feb67da41c4e0210c9,2026-06-12T08:15:18+00:00,2026-06-12T08:15:18+00:00,1,0,0,1206.55,0,1204.13690,1
0x956170200cd4c0d8f98b68712a78f0dc7a970570,2026-04-22T16:22:12+00:00,2026-04-29T15:24:10+00:00,2,71.0,0,0,0,3.140,2
0x956f07a3852f35b4587ad381ef7f6662d2bcbd27,2026-06-10T03:14:34+00:00,2026-06-10T20:59:18+00:00,2,0,0,40.120333,40.12,79.999612001,2
0x9577afb9d59af57670dd3188614b03d3e47c8766,2026-04-06T04:34:13+00:00,2026-04-06T05:05:27+00:00,3,0,0,10.10,10.1,18.7860,3
0x957f691adbd03039025f06d285a5c3e5384499c8,2025-12-11T21:18:41+00:00,2025-12-12T02:03:04+00:00,2,0,0,16.0,15.0,10.170,2
0x9581cdb35b56842fd8c8b2397d54f45084acb049,2026-05-07T22:08:15+00:00,2026-05-08T01:26:56+00:00,2,0,0,15.76,15.76,30.59016,2
0x9585529159b63e5c606ebb667abee029c15153b2,2026-05-18T08:00:43+00:00,2026-05-18T08:00:43+00:00,1,237.694615,0,0,0,2.9999999982303705,1
0x95a43d3c7d44d95c71a71330d67dfa151053b43d,2026-05-21T19:33:04+00:00,2026-05-21T19:33:04+00:00,1,777.777776,0,0,0,6.999999984,1
0x95ada416f746359a60f23fdbc48130342471097d,2026-05-10T13:44:37+00:00,2026-05-11T00:15:33+00:00,2,55.555554,55.55,0,0,2.1109989997778050,2
0x95b2dd73eb4c498449f10530b5e849ae24fc87af,2026-02-12T05:47:39+00:00,2026-02-12T09:44:09+00:00,4,101.00,0,0,0,47.4700,4
0x95db0c576c4bd75d73f1234e8ed099836fcf2901,2026-06-13T22:22:01+00:00,2026-06-13T22:22:01+00:00,1,0,0,1.002,0,0.999996,1
0x95dcb3d91f4c83b09fbc5a8b6f52a4a45d134b45,2026-02-15T23:26:13+00:00,2026-06-11T22:15:18+00:00,3,0,0,23.52,23.52,36.44304,3
0x95f4c02595dae8114e7c1dd84e9df5f10f17114e,2026-05-24T08:26:33+00:00,2026-06-11T15:04:48+00:00,7,0,0,1066.0,1065.974047,2117.583096000188492,7
0x960a394d902f862b58f73c22c951a3266a6afdee,2026-06-10T06:03:46+00:00,2026-06-11T10:09:55+00:00,2,0,0,27.99,27.99,55.78407,2
0x960ed79c3c5c39eccaed1cd7c16283d92e656780,2026-05-22T09:54:52+00:00,2026-05-22T09:54:52+00:00,1,100.0,0,0,0,1.000,1
0x962ad0c8d3fd926762cd3ecb9200fbcd6b243b60,2026-06-16T01:59:03+00:00,2026-06-16T01:59:03+00:00,1,0,0,6664.6,0,6644.6062,1
0x9637196dd01814d0f325bd1462168bbccb48a880,2026-06-13T18:07:42+00:00,2026-06-13T18:07:42+00:00,1,333.333333,0,0,0,0.999998999000001,1
0x963808d2e48506a2bf0ce55a9f598071e8a29ebb,2026-05-10T01:41:01+00:00,2026-06-10T09:25:55+00:00,2,375.0,0,0,0,3.0000,2
0x96467abb6b5b000e58198d27502544b85682d98d,2026-05-13T19:40:23+00:00,2026-05-14T13:07:03+00:00,87,0,0,472.555319,431.84,892.6810559996149340,87
0x965a1d96ad279adb74d9b43db51168928bb29113,2026-05-12T10:34:51+00:00,2026-06-03T06:37:56+00:00,4,0,0,200.10109,200.1,394.799077999989891,4
0x965f5de7252988832d6b50ea3a7993e6eab69a46,2026-05-20T07:55:51+00:00,2026-05-20T07:55:51+00:00,1,0,0,1.008,0,0.999936,1
0x9674820c685d3b1ff103be44f9023f13515bb765,2026-06-14T06:05:40+00:00,2026-06-14T06:05:40+00:00,1,0,0,48.9975,0,48.8995050,1
0x968d101abbe5442c78f65d44441d5bc65a08e3b6,2026-06-17T12:27:53+00:00,2026-06-17T12:27:53+00:00,1,666.666665,0,0,0,1.999999995,1
0x96b5b9a85b2591661ca02b3c90a6672326252c58,2026-06-08T06:15:01+00:00,2026-06-08T06:15:01+00:00,1,333.333333,0,0,0,1.999998998000001,1
0x96cde3322c936ca462558794234aeb9eeecca807,2026-06-05T04:29:13+00:00,2026-06-14T17:06:40+00:00,2,0,0,333.86,333.86,664.38140,2
0x96ce10726cc852e5f3b8cdd294378e24ba0b5e65,2026-05-21T08:57:51+00:00,2026-05-23T14:55:21+00:00,3,1579.545454,0,0,0,14.9999989940000012,3
0x96d0276d08ee2a34e019e3dfd306085455c66003,2026-06-13T00:34:46+00:00,2026-06-13T00:34:46+00:00,1,600.0,0,0,0,3.0000,1
0x96deee41f26aa7d60f5d1c1f31ae7a0a45276633,2026-05-05T21:57:30+00:00,2026-06-09T17:18:34+00:00,3,315.270934,0,10.04,0,17.9998380008571559,3
0x96df0037c377b23cb5474594c6a86d9971681f97,2026-04-03T10:13:19+00:00,2026-04-03T10:13:19+00:00,1,0,0,105.26314,0,99.9999830,1
0x96e62a298fcb7ade69487b2ac4b1da8a799d8623,2026-05-30T02:49:21+00:00,2026-05-30T02:49:21+00:00,1,111.111111,0,0,0,0.999999999,1
0x96ec9d03363b3c8415c750bdb864eeb25380628a,2026-05-10T10:43:40+00:00,2026-05-12T07:34:43+00:00,2,0,0,11.17886,11.17,21.913087999654510,2
0x96feaacec6d321d72958c8fc63bcd5f594adf1ad,2026-05-10T12:13:10+00:00,2026-05-10T12:13:10+00:00,1,55.555554,0,0,0,0.9999989997778050,1
0x96fec3a8dc1d4d0d12279f59291af2cd513bbe22,2026-05-14T09:33:17+00:00,2026-05-22T17:32:24+00:00,2,1623.376622,0,0,0,19.9999989810000001,2
0x97178ddf57097d99dc9c9055b58a92c95082a0a5,2026-06-08T21:40:13+00:00,2026-06-13T15:40:42+00:00,2,0,0,30.12025,30.12,60.02940900,2
0x971850bbd523509d7e74051c4fabcec6427c2001,2026-05-16T02:38:08+00:00,2026-05-16T02:38:08+00:00,1,222.222221,0,0,0,1.999999989,1
0x9727fe1db1910c2ddb98cb9462a09b2d30624542,2026-05-08T01:24:05+00:00,2026-05-08T01:24:05+00:00,1,161.290321,0,0,0,4.9999989993871061,1
0x973971ea55aa46261bce854c2ee8da83c97b159f,2026-04-30T01:36:24+00:00,2026-05-06T13:21:06+00:00,3,100.00,100.0,0,0,6.30000,3
0x974153062233c50ca424b67cc3802e8fd954466a,2026-06-17T09:03:01+00:00,2026-06-17T09:03:01+00:00,1,5000.0,0,0,0,15.0000,1
0x97466cba292694b76508555f1a08db28eb7c4479,2026-05-13T05:25:27+00:00,2026-06-04T14:30:15+00:00,3,0,0,200.0,100.0,296.6000,3
0x976b5a785056dd542e5782cf2b7fab2202be41cc,2026-06-08T22:57:28+00:00,2026-06-10T20:30:27+00:00,3,0,0,99.59,99.59,198.38328,3
0x976fec6aadd10156ff52ba88b2062a0eec660c5b,2026-05-13T08:56:44+00:00,2026-06-05T09:38:15+00:00,3,0,0,200.0,100.0,296.5000,3
0x978c8e90289303e2d8d468a074e70ed5a57f1467,2026-06-12T07:43:45+00:00,2026-06-12T07:57:13+00:00,106,0,0,7359.1045,7359.10,14681.4089910,106
0x9793031523f4b7a0fa7ec00089b29fac94b1789c,2026-04-29T10:42:18+00:00,2026-06-17T17:13:59+00:00,9,190123.324759,0,0,0,1117.559998485966549,9
0x9795d220df83a54fb971de1e8b8cec9c32de5527,2026-06-03T16:35:09+00:00,2026-06-07T23:41:04+00:00,6,0,0,82.76,82.76,164.32008,6
0x979aaa7b291a356fae9d381e8609c2decbda468c,2026-02-22T14:09:00+00:00,2026-02-22T14:09:00+00:00,1,0,0,5.0,0,2.800,1
0x97a8553aa0bbaefd3e1ff0a273320a33dbdde615,2026-05-14T21:41:37+00:00,2026-05-14T21:41:37+00:00,1,396.146,0,0,0,5.5800000109214,1
0x97a9209e8d0e2c43a825c495fcc99cd2b4b9241b,2026-06-16T11:49:09+00:00,2026-06-16T11:50:37+00:00,8,0,0,201.80700,201.8,401.79077200,8
0x97ac44dd8cf28de154c9b54725fa3594588492b2,2026-06-17T13:08:31+00:00,2026-06-17T13:08:31+00:00,1,1666.666665,0,0,0,4.999999995,1
0x97b1e552772c6dc6b3a5bb6ae1b6b4750b451f26,2026-06-07T07:26:27+00:00,2026-06-14T00:51:10+00:00,2,4000.0,4000.0,0,0,28.0000,2
0x97c41a62a4b4f60bd1a1ce88fc3488b6a72b62f7,2026-03-21T15:48:55+00:00,2026-05-12T02:19:31+00:00,4,0,0,48.12,48.12,90.2004,4
0x97c61828a703bf92c7e472e4247775514a306587,2026-05-16T13:28:31+00:00,2026-06-17T02:10:46+00:00,88,0,0,177.327956,177.24,353.1281590000894486,88
0x97d2a7f68b17f38e7054a168b133d384b082199c,2026-05-01T07:28:18+00:00,2026-05-01T11:29:48+00:00,2,0,0,41.93,41.93,81.455399999463,2
0x97dc62b79d488d02a6c6e693c02c5eee37d86bab,2026-03-02T08:57:19+00:00,2026-03-10T23:08:47+00:00,8,223.0,222.01,0,0,141.8834,8
0x97dd7e769ca9dca5299440c17ae975001083cce2,2026-05-17T18:44:51+00:00,2026-05-18T09:48:09+00:00,2,0,0,113.5,113.5,224.7300,2
0x97e259c0e8f825c51097a30113323c55cc418c5c,2026-05-09T00:20:47+00:00,2026-05-09T00:20:47+00:00,1,58.823528,0,0,0,0.9999999995294112,1
0x97eb4f17af9bd21df2e4f059254196663c5ece45,2026-05-05T09:32:44+00:00,2026-05-06T04:59:30+00:00,4,0,0,35.43,35.43,68.87763,4
0x97f8d4c9c5406f430f92be9bef1421be9701fa1a,2026-06-07T13:01:25+00:00,2026-06-07T13:01:25+00:00,1,220.0,0,0,0,1.1000,1
0x97fe5649116f5c7e8608b3e511acf30e6f2e8c21,2026-05-23T01:16:25+00:00,2026-05-25T00:30:39+00:00,2,0,0,21.2121,21.21,41.934249,2
0x97fe66b75af0351c369ec881675803996ba6f330,2026-06-16T11:35:27+00:00,2026-06-17T09:34:26+00:00,2,20800.0,0,0,0,94.0000,2
0x97fffb9a6a47b6dba7581526c1dbee78858e3d58,2026-05-06T14:03:46+00:00,2026-05-08T13:00:36+00:00,2,0,0,12.0,12.0,23.3040,2
0x98069d26f523eec6adb49b583fcd3ba54bd8a1e9,2026-06-07T13:58:37+00:00,2026-06-07T13:58:40+00:00,2,0,0,12.231,12.23,24.326465,2
0x980f40d5347ef6176954762f6aaa6e8f46b5d8b6,2026-05-29T02:23:15+00:00,2026-06-10T06:47:39+00:00,6,0,0,1169.93,1169.92,2316.45146,5
0x98210c0464ceb3c4fcb54cee839cc5663d6631ff,2026-05-02T02:12:44+00:00,2026-05-02T08:12:58+00:00,2,0,0,35.4,35.4,68.0034,2
0x982837ea616377dee58ba2a5e51d9b719853559f,2026-06-16T06:31:57+00:00,2026-06-16T06:31:57+00:00,1,1000.0,0,0,0,5.0000,1
0x9829accbda1a8f34f180ce489ece0fb2c7ad1d42,2026-05-13T04:37:21+00:00,2026-06-03T10:30:55+00:00,3,0,0,178.967116,89.24,265.0797620010507126,3
0x982a884db91b1ecb40bbc09b5f3ee67c68678284,2026-05-02T07:09:42+00:00,2026-05-02T07:09:50+00:00,2,0,0,1.04165,1.04,1.9973440,2
0x983683cd6788ae767738a1ddb6a66da4d5e79e73,2026-05-09T19:14:49+00:00,2026-05-09T20:53:31+00:00,4,0,0,4.104596,0,4.0399469999894247,4
0x98405ff1b31ccd265f60e31ce1b34d9d8e15e6bc,2026-04-30T01:06:36+00:00,2026-06-16T18:26:23+00:00,1932,0,0,22963.977041,22963.973158,45453.6731180006196801,1931
0x9842dc1ac57c5e3537d8a0993dc000339629132b,2026-05-20T21:18:14+00:00,2026-05-21T16:18:56+00:00,2,8616.307141,8616.3,0,0,187.8766992078518195,2
0x987974be79e3f8b1eb3f8f6fc9313dcac1a301ea,2026-05-19T02:22:00+00:00,2026-05-19T02:22:00+00:00,1,0,0,4.91925,0,4.87989600,1
0x9881a939a646d2f365c7c2d34df8780efab83844,2026-05-08T12:32:17+00:00,2026-05-17T16:10:41+00:00,2,200.0,200.0,0,0,6.8000,2
0x98838efb7785278cac41fa2984d4777dd5aa8c2a,2026-02-23T15:06:20+00:00,2026-02-26T13:35:20+00:00,2,6.25,6.25,0,0,5.6250,2
0x98888d9d8ba279a0354996eb993bdf78b98f4858,2026-05-02T04:40:10+00:00,2026-05-05T07:57:30+00:00,4,0,0,97.10,97.10,188.12288,4
0x988b4c2c164ac1c113eb0948fd5411b359f117be,2026-06-16T23:55:25+00:00,2026-06-16T23:55:25+00:00,1,0,0,4.3785,0,4.3697430,1
0x98c6f4e5c6a9ed1ca77ed5756fc2b0875476e7a3,2026-05-15T19:41:19+00:00,2026-05-26T17:39:23+00:00,2,550.0,550.0,0,0,13.2000,2
0x98cf4e611122cdec53c816613e676ce8d1371f4a,2026-04-09T17:59:51+00:00,2026-06-15T16:00:46+00:00,4,2011.11111,0,0,0,31.999999000000009,4
0x98d3011808ec0963b541aaca63974809dee67e3d,2026-06-01T04:27:33+00:00,2026-06-01T04:27:40+00:00,2,0,0,5.0505,5.05,9.994445,2
0x98d5bcbc6f162c13f3339c126f011bf68d2081fa,2026-05-20T08:56:09+00:00,2026-05-20T08:56:52+00:00,2,0,0,10.08050,0,9.99985600,2
0x98dc1e43f725102ab5071414ba66ffe433bb9949,2026-04-26T19:36:02+00:00,2026-04-26T19:36:02+00:00,1,1111.11111,0,0,0,49.99999995,1
0x98ee73ed1f32442255d5483728d0b6677ff45e2b,2026-05-21T04:00:54+00:00,2026-05-27T20:20:49+00:00,2,2516.75,2516.75,0,0,65.236170128225,2
0x9914633d768186cda7d8b5f512a21ee67345e0e3,2026-06-15T04:18:30+00:00,2026-06-15T04:18:30+00:00,1,0,0,10.02,0,9.99996,1
0x9916c37f0aa85bacaf87275bbe6f2515eaa5a2b2,2026-04-28T14:56:46+00:00,2026-04-29T15:51:40+00:00,2,52.78,52.78,0,0,4.06406,2
0x991dd05561184055a0066d38cff6ea0bc284fe0f,2026-06-09T04:17:07+00:00,2026-06-09T04:18:46+00:00,8,0,0,24.9595,24.95,49.6849120,8
0x993ea2ef918b9ac9b428609532b02691fdc77c69,2026-04-14T18:46:54+00:00,2026-05-12T05:06:53+00:00,2,80.952378,0,0,0,2.9999979993334030,2
0x993eb150086732ea2486f7b570f699d8f19513d3,2026-05-30T13:10:43+00:00,2026-05-30T13:10:43+00:00,1,0,0,35.17,0,34.92381,1
0x993fe20a9ecfb7e3c072f7f8c3dcbf87243b35cb,2026-04-22T21:01:58+00:00,2026-04-29T00:05:58+00:00,2,0,6.0,6.2,0,6.1544,2
0x994143fd1e5816b6d6c3f7e96505f4293a34f6fb,2026-06-12T08:42:01+00:00,2026-06-12T08:42:01+00:00,1,0,0,10.02,0,9.99996,1
0x994e50688300b06bd2159a6c5980443d1746db4b,2026-06-17T03:52:46+00:00,2026-06-17T03:52:46+00:00,1,1666.666666,0,0,0,4.9999989980000004,1
0x994e832a38b16bf7fc0455f714cd19c23854a009,2026-06-15T06:47:37+00:00,2026-06-15T06:47:37+00:00,1,0,0,7.0,0,6.9790,1
0x99539682bba797d0fc8f4d7540d2522938d64916,2026-03-21T14:37:31+00:00,2026-05-06T07:51:16+00:00,4,0,0,44.87,44.87,83.07480,4
0x9956bc70218f005c3909a2f7e018f776d6b7ec0c,2026-02-05T17:24:51+00:00,2026-02-05T17:24:51+00:00,1,29.792451,0,0,0,15.789999000207549,1
0x995825fc6a65e2150a68405152719b830d4b6b5b,2026-06-15T06:58:27+00:00,2026-06-16T03:07:09+00:00,2,0,0,271.18,271.18,539.91938,2
0x9958e86fa33b74bc58584e8c633f61d2ebcca221,2026-06-16T06:19:19+00:00,2026-06-16T06:19:19+00:00,1,200.0,0,0,0,1.0000,1
0x9963413fb0f25d9b6896ca4556aa011e834d14ac,2026-04-29T19:37:40+00:00,2026-05-02T14:13:10+00:00,2,33.333332,33.33,0,0,2.2998690000000384,2
0x99690c56b0ddc03c0501383b822914f4cf4749f1,2026-05-27T00:16:09+00:00,2026-05-29T11:08:03+00:00,2,234.939268,0,0,0,3.3699990010729100,2
0x996c3aecf400774763bfa1a9a7896c5a53948a42,2026-05-07T19:17:03+00:00,2026-05-07T19:17:03+00:00,1,0,0,2.453607,0,2.379997999938546,1
0x996c587f53d708b140fe2a5744c4ae922f764055,2026-04-30T01:26:42+00:00,2026-04-30T01:26:42+00:00,1,34.482757,0,0,0,0.9999990012759068,1
0x9996c6ae4f6d38000a02dc4f324827131748bda1,2026-04-27T20:38:18+00:00,2026-04-29T18:24:00+00:00,2,243.902439,243.9,0,0,19.512099999,2
0x999df71b56167f936c616d01f2ca1803fdaa3173,2026-05-29T17:52:50+00:00,2026-05-29T17:52:50+00:00,1,170.0,0,0,0,2.0400,1
0x999dfbfd8a81dac79797f4032284e5fb592d6009,2026-06-17T13:43:23+00:00,2026-06-17T18:00:14+00:00,2,3083.333332,3083.33,0,0,12.333329996,2
0x999ef93562373dc7037cf118130531ef47981cc9,2026-03-08T07:34:17+00:00,2026-03-18T09:04:25+00:00,2,70.768332,70.76,0,0,44.2303989976500340,2
0x99a9ad5ded7ef30cbf3808bb81ec9a95b4d51196,2026-05-20T09:10:44+00:00,2026-05-20T09:10:44+00:00,1,0,0,5.04025,0,4.99992800,1
0x99bbd387d2e37b00b843e3c24c8bf3e933fa82ed,2026-05-18T12:25:11+00:00,2026-05-20T09:29:31+00:00,12,5242.21,5242.205555,0,0,99.6019489950000010,12
0x99be8626b225694228e305a442ffea2542272e7d,2026-04-29T19:30:34+00:00,2026-04-29T19:30:34+00:00,1,333.333332,0,0,0,9.9999989933333372,1
0x99c434c98ca63058afe634c91be1542b9c685115,2026-04-27T18:15:56+00:00,2026-04-27T18:15:56+00:00,1,487.804878,0,0,0,19.999999998,1
0x99c9478231a09f731dae2ac78be122927f5233c5,2026-06-16T09:11:46+00:00,2026-06-16T09:11:46+00:00,1,10000.0,0,0,0,50.0000,1
0x99ca1a71abf5a2fcfcdba716c0c637eeb0537b17,2026-06-01T02:16:46+00:00,2026-06-02T02:21:59+00:00,13,16839.73,16839.73,0,0,286.27541,13
0x99d13b89a392e987fe43f0c4b863565124a7d5c1,2026-04-13T09:19:19+00:00,2026-04-13T09:20:53+00:00,3,500.00,0,0,0,25.0000,3
0x99d85af266430846b27033b8aaba9a5c015af842,2026-06-07T12:58:37+00:00,2026-06-07T12:58:42+00:00,2,0,0,12.650601,12.65,25.1867480001566929,2
0x99d880c95045f0f67fef67ea297e07980934bf38,2026-05-09T21:31:17+00:00,2026-05-09T21:31:17+00:00,1,261.875,0,0,0,4.190000,1
0x99e1e77076cdaba07f0006c1cda98e9a8cfc1c95,2026-05-17T23:35:23+00:00,2026-05-18T11:04:28+00:00,2,0,0,56.16,56.16,111.08448,2
0x99f44fd0ea19af87700dec799429e8302e7037af,2026-03-19T20:46:23+00:00,2026-06-15T18:00:16+00:00,2,2083.333332,0,0,0,191.9999990483333340,2
0x9a0a07c6948d5ff33933d284879425ea72a8efbc,2026-03-05T02:35:43+00:00,2026-06-09T08:05:51+00:00,2,96.774192,96.77,0,0,30.3870789974193632,2
0x9a0dd83c0199ce20098d4877e8a2923db7f3c5e9,2026-04-15T19:18:06+00:00,2026-04-18T03:40:26+00:00,2,16.666665,16.66,0,0,1.832999000000090,2
0x9a1862cf96194a0f55f7a5a6e46a12986afc82b9,2026-04-26T04:11:12+00:00,2026-04-26T06:09:24+00:00,6,0,0,38.26,38.26,72.38792,6
0x9a29a0e3d77b96f5681963656b6b5b0e3de65f03,2026-06-15T14:21:30+00:00,2026-06-15T14:21:30+00:00,1,33287.5,0,0,0,133.1500,1
0x9a32203f481b3cbd01df0f5310ddc4db3a9fc369,2026-05-06T22:47:28+00:00,2026-05-11T16:39:20+00:00,4,0,0,100.65,100.65,195.93432,4
0x9a39a64ebbf266159c1b6aa5be93475974e87d63,2026-03-08T04:47:41+00:00,2026-03-08T04:47:41+00:00,1,10.0,0,0,0,3.300,1
0x9a3c11901b26300f4bab14f35eb9ad0f58842063,2026-06-10T00:53:36+00:00,2026-06-10T00:53:36+00:00,1,250.0,0,0,0,1.0000,1
0x9a3fa403a6666eef75f92f181fcf13f9c051914a,2026-06-16T04:00:03+00:00,2026-06-17T18:00:37+00:00,3,0,0,2500.0,2500.0,4985.0000,3
0x9a5326decbc2c8169d9cbaf8dbb4872f55e1578f,2026-05-09T01:27:54+00:00,2026-05-30T14:10:18+00:00,4,0,0,34.408863,34.40,68.0638989990118751,4
0x9a6b3684e3e6a98654eb9b4c9c3392f2c965a116,2025-12-12T01:54:50+00:00,2026-02-18T20:00:40+00:00,3,0,0,20.0,20.0,20.400,3
0x9a754bfb1e1b8c6f8653683a0d5dd7381060e8a8,2026-05-12T05:41:19+00:00,2026-06-03T05:09:56+00:00,4,0,0,175.722736,175.72,346.875260004,4
0x9a82a50b8c03a6a324d95c6cbd882a3e9933a2c8,2026-05-03T15:24:40+00:00,2026-05-04T14:31:18+00:00,2,27.027026,27.02,0,0,1.8916599998378364,2
0x9a843d4847ee2b6de33396fa70dfc2bae15c0f74,2026-06-06T16:57:22+00:00,2026-06-07T02:56:28+00:00,3,0,0,39.00,39.0,77.61000,3
0x9a8d4e51e8e079f26a98f2a660489103640edbba,2026-05-17T14:25:07+00:00,2026-05-17T14:25:07+00:00,1,142.857142,0,0,0,0.999998994000006,1
0x9a924951f67dd7167a15857c78bc39ce1f4a05c8,2026-06-15T16:09:01+00:00,2026-06-15T16:09:09+00:00,2,11000.0,0,0,0,55.0000,2
0x9aa07a637500769bc35eee5ff31497d8c0db8779,2026-06-07T11:06:03+00:00,2026-06-07T11:06:03+00:00,1,0,0,5.0,0,4.9800,1
0x9aa1fc8529ceed45960c26def64f7d64853f875c,2026-05-02T07:33:50+00:00,2026-05-08T01:36:39+00:00,4,0,0,115.92,115.92,223.70352,4
0x9ab0ba771ffd567732861361a4bc039321459227,2026-05-13T06:46:40+00:00,2026-06-05T03:59:46+00:00,3,0,0,200.0,100.0,296.5000,3
0x9ab9ff79e101a0e4047ed201ce6d529d75608886,2026-04-11T01:41:33+00:00,2026-04-11T01:41:33+00:00,2,40.00,0,0,0,3.2000,2
0x9abb7004b237283272872e30bdbb01112c4b32d2,2026-05-13T23:52:40+00:00,2026-05-14T00:34:37+00:00,2,0,0,28.601822,28.6,56.429597999379958,2
0x9abc6bdadc4dd83cdc04bad976fbfdf2d21d0053,2026-03-11T12:32:11+00:00,2026-05-22T10:17:17+00:00,3,0,0,57.0,57.0,94.930,3
0x9abd2a42cadb471056204a84cbcd7ea7c06ff67b,2026-04-22T13:25:50+00:00,2026-04-22T13:25:50+00:00,1,100.0,0,0,0,4.1000,1
0x9ac84a94a80d06a4a9d1a576aafd8ee287a88b07,2026-05-17T06:45:29+00:00,2026-05-17T20:40:42+00:00,2,0,0,94.86,94.86,188.10738,2
0x9adb7f4a9352aa1b0d128ec22b25e71aff790dc6,2026-04-28T13:09:00+00:00,2026-05-01T14:06:30+00:00,2,102.040815,102.04,0,0,8.0611989962245020,2
0x9aeb26fffc9ce02d02390ffc6035bfb809542f31,2026-02-02T06:17:24+00:00,2026-03-03T10:08:59+00:00,20,565.26,184.69,0,0,376.7329,20
0x9af4a32be5da25603bcfb82d88f40ef2013c0597,2026-04-20T16:37:44+00:00,2026-04-20T16:37:44+00:00,1,202.6,0,0,0,10.00000000816,1
0x9b0b56b8ff0da15e47f857e9709dd8123daa204d,2026-05-12T07:23:03+00:00,2026-05-12T07:25:15+00:00,3,16001.261418,0,0,0,356.9999970293956332,3
0x9b0c3ee78f2ca11acdd29ae72750066e41e87dd5,2026-06-12T20:29:07+00:00,2026-06-13T05:27:51+00:00,2,200.0,200.0,0,0,1.4000,2
0x9b0f4a1d592dd0bf4649d8c30bad1b59833e4119,2026-05-31T09:45:22+00:00,2026-06-15T03:29:31+00:00,5,328.0,233.0,0,0,4.1110,5
0x9b129ad05bc0a8df3c73dfcc66fe75252daec2d5,2026-05-26T15:20:34+00:00,2026-05-26T15:20:34+00:00,1,0,0,75.0,0,73.4250,1
0x9b1e90c49ab8080d7c3d97144199212a156000b1,2026-05-05T13:28:36+00:00,2026-05-05T18:29:44+00:00,2,0,0,21.99,21.98,42.69487,2
0x9b1f49f8f087cea03037330bd117f1f5d4097e40,2026-05-17T06:45:29+00:00,2026-05-17T20:22:32+00:00,2,0,0,290.23,290.23,575.81632,2
0x9b2844adb9f97bfa9c6b36be17aa4d0847a75b76,2026-06-16T12:57:12+00:00,2026-06-17T03:39:31+00:00,5,7000.0,0,0,0,31.0000,5
0x9b33dd67dfb7007a1a67461dbe65e3e7f9adfb9f,2026-06-17T15:53:47+00:00,2026-06-17T15:53:47+00:00,1,22476.666666,0,0,0,67.429999998,1
0x9b35a73d4321cd5c4b36e0deb5189132b82c72d7,2026-05-04T08:09:30+00:00,2026-05-09T02:23:21+00:00,11,1322.00,0,0,0,38.07400,11
0x9b3a6984ba371312fc656257365168e64c373bb3,2026-05-14T22:23:28+00:00,2026-05-15T01:34:36+00:00,2,0,0,7.092197,7.09,13.9907379999930057,2
0x9b3ff895f35346120578a7f4f90795dcd7e5bc42,2026-05-13T01:01:29+00:00,2026-05-13T01:02:02+00:00,2,0,0,100.405642,100.4,197.8939630019594358,2
0x9b4b782b8ff3b139fc0491a91ff6227632cd591c,2026-05-18T00:18:15+00:00,2026-06-14T04:23:22+00:00,100,0,0,115.223855,115.16,229.0138100000985145,100
0x9b529ce1a2d487cd03b1244a974ee26a24407971,2026-06-16T23:55:17+00:00,2026-06-16T23:55:17+00:00,1,0,0,4.8295,0,4.8198410,1
0x9b674acbc7e425739b591a57e4df14f868da2c97,2026-05-27T21:49:32+00:00,2026-05-27T21:49:32+00:00,1,66.666665,0,0,0,0.9999990016666910,1
0x9b69453fe9d6bd415d2d4d681bc8790e14e03476,2026-06-14T16:48:33+00:00,2026-06-14T16:48:33+00:00,1,0,0,1.102203,0,1.0999980000228033,1
0x9b75ac535827593ba2211a8f7ce17256fda32cc3,2026-06-12T17:24:01+00:00,2026-06-12T17:24:01+00:00,1,0,0,1.002,0,0.999996,1
0x9b9105067a5d1119ba34ffeb50e457e63740374c,2026-06-15T14:58:25+00:00,2026-06-15T14:58:25+00:00,1,0,0,64.463333,0,64.269943001,1
0x9b951d16a3bc935a4defea0146c43e25c9c3050f,2026-06-17T17:58:17+00:00,2026-06-17T17:58:17+00:00,1,0,0,58.77,0,58.59369,1
0x9b97a36840beecb8ccd45cd2367848ff7b2479eb,2026-05-14T11:42:05+00:00,2026-05-15T09:14:19+00:00,5,0,0,450.0,450.0,888.5000,5
0x9b9f8d650105e21bf323515b7c3eb55bd29bb630,2026-05-04T10:21:54+00:00,2026-05-04T15:23:40+00:00,2,0,0,48.35,48.35,93.31550,2
0x9ba7530237ae064492a5d7fd48669c639da273c2,2026-05-01T16:13:16+00:00,2026-06-14T13:11:52+00:00,4,8228.296277,8228.29,0,0,128.6865781871780543,4
0x9bb958a057d181e8126d5b62979fccfffc829d71,2026-04-16T08:05:26+00:00,2026-04-16T08:05:26+00:00,1,83.333332,0,0,0,4.999999003333348,1
0x9bba3b44179012a0ea8d7432348c17e3bf5027d5,2026-04-14T19:15:30+00:00,2026-04-14T19:15:30+00:00,1,33.333332,0,0,0,1.9999990000000368,1
0x9bc59a9ccef08c5e2f73726dea75486773657e90,2026-04-15T14:04:14+00:00,2026-04-18T03:14:10+00:00,14,0,0,1306.52,1306.52,2469.3228,14
0x9be4beac266a62bb4c76f076bbe1e2984aa2942f,2026-06-12T16:48:01+00:00,2026-06-12T16:48:01+00:00,1,0,0,1.003008,0,0.9999979999729152,1
0x9be90ea78bff3f81f3564a11d5e12b2a0783c030,2026-02-04T19:45:27+00:00,2026-03-21T03:47:19+00:00,28,0,0,1972.228563,0,1571.0898270008506062,28
0x9bf19d5560bdad5fdc058f60744c92f60338e7a4,2026-06-10T14:45:45+00:00,2026-06-10T14:45:45+00:00,1,2595.0,0,0,0,7.7850,1
0x9bfd28e1f8502c03171dc8227e6dea265e73a7a1,2026-06-02T08:44:49+00:00,2026-06-02T08:44:49+00:00,1,555.555555,0,0,0,4.9999989950000010,1
0x9c0764f35d0d1373c85ecdf609a9ff6e0c7fcc3b,2026-05-12T09:46:19+00:00,2026-05-12T09:46:19+00:00,1,418.181818,0,0,0,9.199999996,1
0x9c0f1ed7f82704e6f98935a24f85ebe53e3a82f6,2026-05-13T03:58:05+00:00,2026-05-15T11:14:22+00:00,2,0,0,9.127788,9.12,18.028798000454472,2
0x9c186735b73ae4ec377506475850cd5b62b8de25,2026-04-30T00:54:22+00:00,2026-05-23T05:03:18+00:00,3,1936.936934,1936.93,0,0,75.4954379570540595,3
0x9c1e5ed612f51e61ab477b2cae3d1da569410143,2026-06-15T06:16:13+00:00,2026-06-16T02:32:43+00:00,2,2000.0,2000.0,0,0,14.0000,2
0x9c2e0c9ebedbbd6fb2c963506e51dcfc9bd605b8,2026-05-25T08:15:03+00:00,2026-06-14T08:44:46+00:00,4,0,0,21.181475,21.18,42.055762000,4
0x9c44af63227553ea3aa8990c960cd99163e990e6,2026-05-16T07:06:39+00:00,2026-05-16T07:06:39+00:00,1,125.0,0,0,0,1.0000,1
0x9c49e683228d9616c89c4293d0b489ab89719cb3,2026-06-04T13:48:48+00:00,2026-06-06T06:24:51+00:00,6,9000.00,9000.0,0,0,126.00000,6
0x9c4b987ef02450550332a7e8bfe072c4f8ccb068,2026-06-09T15:11:04+00:00,2026-06-13T12:02:37+00:00,2,0,0,37.0,37.0,73.7410,2
0x9c4c0ec09a5b5becedeed832abe76c727bb394fb,2026-03-18T20:20:55+00:00,2026-04-04T00:13:59+00:00,23,0,0,44.481079,44.48,78.1527260006903326,23
0x9c4d6b93e296eb1e2b197c3f0b079976883b5762,2026-05-01T11:32:02+00:00,2026-05-01T12:17:22+00:00,6,999.998655,0,0,0,28.9999610001493275,6
0x9c4dd1d4bfffdfccd9b6e2040368966ec89ee2dc,2026-05-18T16:28:47+00:00,2026-05-18T16:28:47+00:00,1,2000.0,0,0,0,20.000,1
0x9c62b31f3ea2a29d3f24a534e98664b31ebecd27,2026-03-24T12:11:17+00:00,2026-05-03T19:53:02+00:00,15,5049.9904,5049.99,0,0,426.799256,15
0x9c6ec18db22247b6e7d86bdaa8f49e93c0d61bc0,2026-04-27T07:50:54+00:00,2026-04-27T07:50:54+00:00,1,223.81,0,0,0,9.84764,1
0x9c8edb27b14fe4889d7a65e5185a087fb711f762,2026-06-09T17:29:04+00:00,2026-06-09T17:29:04+00:00,1,0,0,10.04,0,9.99984,1
0x9c96af926d42dc2dcb99c786dc0fd23eeb6b7d3c,2026-06-16T05:30:30+00:00,2026-06-16T05:30:30+00:00,1,6000.0,0,0,0,30.0000,1
0x9ca41172e15b69d16f84ab43f1e180689dcf9ccb,2026-05-26T00:48:05+00:00,2026-05-26T00:48:05+00:00,1,0,0,3.039461,0,2.9999480000092397,1
0x9ca63eee3abd3ed8456af01dd8fcbf7f03117179,2026-06-17T16:59:40+00:00,2026-06-17T16:59:40+00:00,1,156430.0,0,0,0,469.2900,1
0x9ca9eda83ec6be77e223127a25766150cf6bd32e,2026-05-05T16:06:24+00:00,2026-05-23T12:06:01+00:00,2,0,0,4.115214,4.11,8.0688880001810934,2
0x9cb7629f0c4556b77e7420830df8c71ac6bd17af,2026-05-06T15:33:44+00:00,2026-05-08T13:08:36+00:00,2,0,0,11.0,11.0,21.3730,2
0x9cd2e1251b1559f6ebc0ff79c286ea34319f950a,2026-06-12T15:39:58+00:00,2026-06-12T15:39:58+00:00,1,0,0,1.102,0,1.099796,1
0x9cdc94f5b449544966d40eceedf09ca7510a7b4d,2026-04-01T18:17:45+00:00,2026-04-01T18:17:45+00:00,1,714.285713,0,0,0,49.9999989814285731,1
0x9d0d57d1955e52e7b627ca7d5eb94be7eed6f8ae,2026-06-16T23:55:25+00:00,2026-06-16T23:55:25+00:00,1,0,0,1.7835,0,1.7799330,1
0x9d0e212821ca357fb661306d0a7f20859e341793,2026-06-16T23:55:17+00:00,2026-06-16T23:55:17+00:00,1,0,0,5.24,0,5.22952,1
0x9d0e422350b3fc48bbfb994ffc1f7f910ca4e700,2026-06-17T09:58:22+00:00,2026-06-17T10:01:37+00:00,2,666.666666,666.66,0,0,3.3333189980000010,2
0x9d1db3d4e9d96999cc05b9649728b420c7edad6a,2026-06-05T20:00:42+00:00,2026-06-05T20:00:42+00:00,1,14475.714285,0,0,0,101.3299985474285715,1
0x9d2668cb1341cbe11cba0cbb7f3da6e3151edb4b,2026-05-12T11:11:50+00:00,2026-05-15T07:09:26+00:00,2,0,0,49.77,49.77,97.89759,2
0x9d2d4160300aab178754895c633d5f94ad1c6988,2026-06-17T12:48:59+00:00,2026-06-17T12:48:59+00:00,1,333.333332,0,0,0,0.999999996,1
0x9d4fcfbb916633b6fabd76412129f7aade802597,2026-04-07T11:16:47+00:00,2026-04-07T11:16:47+00:00,1,11.11111,0,0,0,0.99999900000009,1
0x9d55430dd6651603a5c16dd4e9ae04ef7cc8edde,2026-03-11T00:21:43+00:00,2026-05-17T23:35:23+00:00,14,31.778103,31.772701,0,0,7.0322639999803850,14
0x9d5c22f40c12b3c6a2038f24bec5ee5a059454de,2026-05-11T16:09:26+00:00,2026-05-29T14:29:44+00:00,20,0,0,1285.993635,1281.436724,2528.8337120361653585,20
0x9d5cb4f6505a6e5e5d9b0f9a845f3ed172cb55cc,2026-06-16T03:01:58+00:00,2026-06-16T03:03:09+00:00,2,1350.0,0,0,0,6.0000,2
0x9d61b5a5a36b9aa8560fc8659051b2b1ca00abb3,2026-05-14T04:44:29+00:00,2026-05-14T04:44:29+00:00,1,769.230768,0,0,0,9.999999984,1
0x9d6a3358ca8017782f8271b926f010b0509127c3,2026-05-01T17:21:36+00:00,2026-05-02T00:12:54+00:00,6,0,0,59.65,59.65,114.45702,6
0x9d6cb3d7750e8da1d73288817e6c5756fee7d630,2026-03-27T20:46:13+00:00,2026-03-27T20:46:13+00:00,1,12.5,0,0,0,1.000,1
0x9d736920e486176e7df7a76fa218f1ebd853216b,2026-01-28T02:46:29+00:00,2026-01-30T02:37:42+00:00,7,200.00,0,0,0,100.000,7
0x9d7e1b2d57538385c81b1f7226278051a26a099f,2026-05-06T08:28:00+00:00,2026-05-06T20:03:42+00:00,2,0,0,54.78,54.78,106.05408,2
0x9d9a3c46827fcde172cb540864511cec63f2eefd,2026-03-18T04:12:07+00:00,2026-05-28T04:42:27+00:00,2,159.523806,0,0,0,6.9999980025714912,2
0x9d9b7d9ebad80f958a8c902ed6b45ee2461aef07,2026-05-03T16:43:12+00:00,2026-05-03T16:43:12+00:00,1,0,0,2.271777,0,2.1899930000571429,1
0x9da577254846413124fa6c17353c98ec54188478,2026-05-05T22:01:16+00:00,2026-05-05T22:01:16+00:00,1,206.89655,0,0,0,5.999998998275870,1
0x9da80605e7184a035862d23557f778db31c997ca,2026-04-14T10:31:01+00:00,2026-04-14T10:31:01+00:00,1,20.0,0,0,0,1.000,1
0x9da90afd599f5479288a5f1cbf2861efcf9d0505,2026-05-13T06:52:23+00:00,2026-05-16T02:40:00+00:00,2,0,0,25.354928,25.35,50.0964590003935216,2
0x9da949bf3fddfb8230e9c3b9d23ce013e3aee9c7,2026-04-05T15:19:51+00:00,2026-05-26T14:06:14+00:00,4,640.052378,0,0,0,44.5599980164524000,4
0x9dad16780355ee8988016d9c6eda8b4432ec6c73,2026-05-15T13:02:31+00:00,2026-05-15T13:09:12+00:00,3,0,0,2200.0,2200.0,4353.8000,3
0x9db0ed6e5093da284d9ebb693043a43d953e72ec,2026-04-29T21:45:30+00:00,2026-04-29T21:45:30+00:00,1,105.263156,0,0,0,3.9999990016842272,1
0x9db3b0d6e985e65dc7e68ef40e394dba607e7746,2026-05-07T02:45:16+00:00,2026-05-07T02:45:16+00:00,1,0,0,2.404516,0,2.3299759999123228,1
0x9dd43a0790e5a92117de3de3a697602dd20067d7,2026-04-01T15:49:27+00:00,2026-04-02T15:54:15+00:00,2,14.285713,14.28,0,0,1.8567990000000819,2
0x9dd9e18b9dcc393705e73966bc79eccbbd9108bd,2025-12-11T23:13:10+00:00,2026-04-05T07:30:51+00:00,33,116.0,116.0,615.0,615.0,715.890,33
0x9ddfa4d5b954379a03d19f87df36b9820b862c83,2026-03-01T23:13:19+00:00,2026-03-03T10:59:01+00:00,12,600.0,600.0,0,0,450.000,12
0x9df4937964414c43c6112d2b85169091885933b3,2026-04-13T09:59:27+00:00,2026-04-13T09:59:27+00:00,1,16.666665,0,0,0,0.999999000000090,1
0x9e0a1c23525dab9542cfa2431f3d1f1d8b9a14ba,2026-06-02T10:27:57+00:00,2026-06-02T10:27:57+00:00,1,0,0,5.3,0,5.2523,1
0x9e18bbc7855d74b7f247added2f49621919cf0e3,2026-06-16T21:33:07+00:00,2026-06-16T21:33:07+00:00,1,7333.333333,0,0,0,21.9999992656666667,1
0x9e1d458c5c2f52bb009bc119e1e069177bee414b,2026-04-15T11:54:04+00:00,2026-04-19T22:40:06+00:00,9,0,0,756.02,756.02,1432.6779,9
0x9e2320a6b60ebde516b69d9ed8d55d0c1442e609,2026-05-04T19:20:06+00:00,2026-06-17T11:55:28+00:00,112,0,0,1234.17846,1234.17,2441.087490999457182,101
0x9e30f7c2b25378ca861420999d18f034ea93be1f,2026-05-25T19:02:47+00:00,2026-06-15T16:42:57+00:00,2,1714.285714,0,0,0,14.9999989960000004,2
0x9e4e896a5247aacf40e64f40c4331866bba16002,2026-05-23T12:17:20+00:00,2026-05-23T12:17:20+00:00,1,100.0,0,0,0,1.000,1
0x9e500d8d6b6849afed2fbfc39e33ce4e5e6c9cf9,2026-04-18T11:06:08+00:00,2026-05-11T15:31:07+00:00,2,2000.0,2000.0,0,0,140.000,2
0x9e53334062b284e6c2274063e2de2f1a73906acd,2026-05-15T20:59:01+00:00,2026-06-04T15:43:48+00:00,2,111.111111,111.11,0,0,1.777768999000001,2
0x9e5595a61316283a27ae808bf785f5a1a8ad2584,2026-05-17T23:35:23+00:00,2026-05-18T11:05:54+00:00,2,0,0,56.17,56.17,110.99192,2
0x9e56ef9722851cf97dc3fc8138213820abe3a205,2026-05-19T11:51:04+00:00,2026-05-27T10:33:43+00:00,2,500.0,500.0,0,0,12.0000,2
0x9e599f9eb06607ac4b293796032ee6dbb7d551f2,2026-06-16T21:37:19+00:00,2026-06-16T21:37:19+00:00,1,630.0,0,0,0,1.8900,1
0x9e7e57fbc4dd03dc7b0eea98f1f01bc100083e1d,2026-02-14T05:21:11+00:00,2026-03-17T11:06:27+00:00,3,500.0,500.00,0,0,414.2176,3
0x9e7fcbd1998ef56cf7bc69d6ad18d20c38fd8100,2026-05-18T03:37:31+00:00,2026-05-18T14:23:51+00:00,2,0,0,97.26,97.26,192.18576,2
0x9e806ebc0d5826c377a674d0bd401ab8dde230e2,2026-05-04T15:40:50+00:00,2026-05-04T15:40:50+00:00,1,100.0,0,0,0,2.000,1
0x9e84b02e36a11ef117bd98e0b15b29bd9a9186b4,2026-05-26T21:01:03+00:00,2026-05-27T18:01:05+00:00,2,5138.173477,5138.17,0,0,171.6407202721322653,2
0x9e8f0586d74cceb0d15903a16dca80ff00ef4ca9,2026-06-16T07:00:49+00:00,2026-06-17T18:00:41+00:00,2,0,0,519.0,519.0,1035.4050,2
0x9e960a9a99985f60962e8fab49115f981fbb7b13,2026-05-28T11:57:14+00:00,2026-06-02T15:13:16+00:00,2,8167.307692,0,0,0,104.749999996,2
0x9ea65680ea78011df19b4e92d2cc6c974365ddd4,2026-05-13T05:57:04+00:00,2026-06-04T15:12:12+00:00,3,0,0,200.0,100.0,296.5000,3
0x9eabc606b6347c719bed570d2488242ca945cfd8,2026-05-03T10:07:02+00:00,2026-05-03T17:07:16+00:00,2,0,0,19.72,19.72,38.00044,2
0x9ec0f1f977a0cc3e67319c2d79fc71bb51b6afdb,2026-05-10T16:35:33+00:00,2026-05-12T11:29:48+00:00,2,0,0,1019.367947,1019.36,1999.992116007,2
0x9ec2175a2a1b6773998dc56db611c1db99f81759,2026-06-09T05:03:43+00:00,2026-06-09T05:03:43+00:00,1,0,0,6.99,0,6.96204,1
0x9ee48aa5066a73a949d9992e0dfdf86ce8e2dac2,2026-05-13T20:46:28+00:00,2026-05-13T20:46:28+00:00,1,119.0,0,0,0,1.5470,1
0x9ee95d9e8dab290c3db264f1421133d1c29f5d82,2026-06-15T19:02:16+00:00,2026-06-15T19:02:16+00:00,1,0,0,40.411,0,40.289767,1
0x9efde0a654abdfc54d707079b103363491e0c2b9,2026-06-09T18:15:13+00:00,2026-06-09T18:15:13+00:00,1,200.0,0,0,0,1.0000,1
0x9f086ae32344b489a004109f06fced08154273a8,2026-05-22T15:39:38+00:00,2026-05-22T15:39:38+00:00,1,500.0,0,0,0,5.5000,1
0x9f1085e84c12baee838401386ed37326279bd546,2026-05-17T06:45:29+00:00,2026-05-17T17:07:33+00:00,2,0,0,103.22,103.22,204.89170,2
0x9f10e1e167799b636bc4e2fd851e460ae1d38f59,2026-06-11T14:57:25+00:00,2026-06-11T14:57:25+00:00,1,0,0,1.002004,0,0.99999900001604,1
0x9f162842d6e1d50a06176cd8573bdae1c82536e4,2026-06-07T18:58:01+00:00,2026-06-07T18:58:04+00:00,2,0,0,11.559355,11.55,22.9591479995805685,2
0x9f208e85f326f865077fffa68b32d8b0e2bc12c3,2026-05-26T04:59:51+00:00,2026-06-08T03:14:10+00:00,14,0,0.46,379.54,0,374.51598,13
0x9f33814349f6a03ce8c6878ae176f7859f26eb24,2026-06-08T01:31:55+00:00,2026-06-09T03:36:18+00:00,2,142.857141,142.85,0,0,1.5714000012857141,2
0x9f35a9e310d256a198ce2afcd8fa6a3f6c55cb39,2026-06-11T09:01:54+00:00,2026-06-11T09:01:54+00:00,1,0,0,1.002,0,0.999996,1
0x9f364b6a8c895a53c54703d122b0929108b41105,2026-04-06T04:56:57+00:00,2026-04-21T08:17:28+00:00,7,0,0,21.39,21.39,40.2069,7
0x9f3f80035a799dabcca67ba534abd7120e911530,2026-04-09T18:05:05+00:00,2026-04-09T18:05:05+00:00,1,10.0,0,0,0,1.00,1
0x9f408fdb1e69231179b77a6ae56ad70ce52f5a16,2026-06-15T15:24:24+00:00,2026-06-16T07:03:09+00:00,2,0,0,110.702,110.7,220.516394,2
0x9f4a97ea641a2db9908d67352a2643312029bc4b,2026-05-10T01:58:55+00:00,2026-06-10T06:55:12+00:00,2,125.0,0,10.03,0,11.99991,2
0x9f4d647cbfd234f5bc85bddf8ddbaac4a29090df,2026-05-17T23:30:57+00:00,2026-05-17T23:45:55+00:00,2,0,0,9.072579,9.07,17.9792979996532926,2
0x9f5271ea59500b26655d2384149e60df096288f8,2026-04-25T19:12:04+00:00,2026-05-22T15:51:53+00:00,2,185.185184,185.18,0,0,11.8517989915555616,2
0x9f6085a7137a6ad59b961063f1898e3070b4b0a4,2026-05-21T18:31:18+00:00,2026-05-21T18:31:18+00:00,1,1111.111111,0,0,0,9.9999989990000001,1
0x9f62797a75e42232a415feab9c81e529faf60517,2026-06-10T19:09:40+00:00,2026-06-10T19:09:40+00:00,1,0,0,1.002,0,0.999996,1
0x9f66c0615b9b74c4b51a518f1cbeb8b57b226392,2026-05-28T16:18:24+00:00,2026-05-28T16:18:24+00:00,1,0,0,99.0,0,97.9110,1
0x9f6b4a4d837cd0a964e4f66b28d6082b457ab245,2026-05-01T21:20:14+00:00,2026-05-01T21:20:14+00:00,1,243.902438,0,0,0,10.0000000067804876,1
0x9f6edf14057ccf454e5e494323bea99d9a2cbb44,2026-06-08T22:21:16+00:00,2026-06-10T13:12:58+00:00,2,0,0,8.032,8.03,15.997752,2
0x9f76886ad7f040b2d9718646d6f40267920bfb8a,2026-05-17T23:57:49+00:00,2026-05-27T01:11:42+00:00,243,60000.763923,0,0,0,740.7122110019149807,241
0x9f8d4f2136bd75774195144e7abc422d74575bff,2026-05-29T09:25:58+00:00,2026-05-29T09:25:58+00:00,1,125.946875,0,0,0,2.0000000015425000,1
0x9f9656f174dc5a86d8c28884574613b656de2201,2026-05-01T16:25:38+00:00,2026-05-01T16:31:48+00:00,2,0,0,25.51,25.51,49.18328,2
0x9f9f61c788e9c7c66499e1faa9424923245ebd2d,2026-06-17T15:46:16+00:00,2026-06-17T15:46:16+00:00,1,0,0,86.05,0,85.79185,1
0x9fa720da01b30c71dde3485668bdd7fb05b8e8c2,2026-05-19T17:47:24+00:00,2026-06-11T02:38:01+00:00,2,111.111111,111.11,0,0,1.222218999000001,2
0x9fbf42b4dc3f5ef5de2cbc22f38cb9c0b9a4759e,2026-06-03T13:16:44+00:00,2026-06-03T13:16:44+00:00,1,1008.0,0,0,0,10.080,1
0x9fcfa5857423a85fc290ecb361fc0190daa66ce2,2026-05-05T02:13:58+00:00,2026-05-05T02:13:58+00:00,1,40.0,0,0,0,1.0000,1
0x9fd44e4cd32876a9062cd5721ed52dad936298f1,2026-05-17T18:22:08+00:00,2026-05-17T18:22:08+00:00,1,625.0,0,0,0,5.0000,1
0x9fd8187b9479f6ccc243b772da7ccf0414a6dff5,2026-06-08T04:39:48+00:00,2026-06-08T04:39:52+00:00,2,0,0,12.1004,12.1,24.0672980,2
0x9fda9b5b0af817d117e9450e6b9af145f16e0983,2026-04-15T06:43:42+00:00,2026-04-15T11:08:22+00:00,4,0,0,10.526307,10.52,19.8887909999119416,4
0x9fe09a32994a9df52d2cada482aa189ca935fbe0,2026-05-28T22:01:27+00:00,2026-05-28T22:01:27+00:00,1,83.333333,0,0,0,0.999998996000004,1
0x9fe5afcd0d7b3bc037658df93e529d716b2bb2f2,2026-05-07T14:46:45+00:00,2026-05-08T19:41:35+00:00,4,0,0,108.28,108.28,211.13523,4
0x9fefea0c1b15cbd010bc88f22846686f042b4849,2026-06-03T06:23:00+00:00,2026-06-17T12:42:26+00:00,3,71409.999998,0,0,0,306.929999990,3
0x9fff8722019e4ce3c15ca12666ed5610ca268e68,2026-04-27T19:32:18+00:00,2026-04-28T00:00:24+00:00,3,0,0,26.14857,26.14,50.332151000160834,3
0xa014f1822e71199730f156a016f319bedbe1fa1a,2026-05-07T09:30:42+00:00,2026-05-07T14:31:21+00:00,2,0,0,72.3,72.3,140.1897,2
0xa026cc4a49e147b5e68cdefdbf9feb7ae64a9a32,2026-04-06T16:23:45+00:00,2026-04-07T03:35:29+00:00,2,0,0,36.0,36.0,65.520,2
0xa02b81812045d0cf7f315c9357460b1bf7381abc,2026-06-13T18:19:07+00:00,2026-06-13T18:19:07+00:00,1,0,0,1.032,0,1.029936,1
0xa02d721e14345b2afd627911e5d26b54752af508,2026-03-26T03:46:27+00:00,2026-03-26T03:46:27+00:00,1,111.11111,0,0,0,9.999999000000009,1
0xa02ea40b9bd4ed3dea0be129103dafea70439917,2026-05-05T12:55:20+00:00,2026-05-06T01:00:56+00:00,2,0,0,294.25,294.25,572.61050,2
0xa04a739c8ebcc907abaef05cf3b08b6b342b6bf2,2026-04-04T03:17:31+00:00,2026-04-04T04:35:17+00:00,2,243.999997,0,0,0,14.6399980090000265,2
0xa05978fdc615344fcd2eb7cefc258c04cc5ba6e6,2026-06-09T05:29:55+00:00,2026-06-09T05:29:55+00:00,1,0,0,178.554,0,177.839784,1
0xa070510e2c39ed2224fe75358043e601eeadc260,2026-04-15T20:36:54+00:00,2026-05-12T11:29:48+00:00,2,0,0,21.0,21.0,40.320,2
0xa075a7a9ff8f418e2bf09a1ed0f33f0c9d08fea7,2026-06-05T17:33:21+00:00,2026-06-08T14:18:07+00:00,2,0,0,1.006035,1.0,1.9949979999607145,2
0xa084157a716e34b9e5cf9e05708f7a4be5fdd389,2026-05-05T12:55:20+00:00,2026-06-17T18:00:41+00:00,93,0,0,1130.79,1130.785344,2237.1023160000543558,87
0xa08fd6102f59145ff46ce49a8d98bd65fdd34b72,2026-06-08T18:35:31+00:00,2026-06-10T03:33:46+00:00,2,0,0,17.06825,17.06,33.99173700,2
0xa0adfa35a4931b7a2adf60e46e0556a287a4d29b,2026-05-02T00:06:54+00:00,2026-05-02T00:14:16+00:00,2,0,0,21.62,21.62,41.46716,2
0xa0c2e76abb4f41aa74ef208a79bd9b45ee3451b2,2026-05-27T20:10:26+00:00,2026-05-27T20:10:26+00:00,1,126.25,0,0,0,2.000000005250,1
0xa0d3909f97ef568bd7089c16c1f5ac6617145b5e,2026-02-16T18:47:15+00:00,2026-03-18T01:21:29+00:00,4,1096.0,1095.991912,0,0,914.2733979991490752,4
0xa0e54ddba58077282e7be3142871ff51ee51e24d,2026-06-16T12:52:09+00:00,2026-06-17T18:00:41+00:00,2,0,0,469.0,469.0,935.6550,2
0xa0f063c5c1370b27341286a42dbebdaba7818266,2026-05-19T12:20:23+00:00,2026-06-06T15:09:39+00:00,2,0,0,1.461625,1.46,2.899712000,2
0xa10cba85f6dc82a91959134ebf91010f3ec7f7bd,2026-05-03T04:01:04+00:00,2026-05-03T12:05:38+00:00,2,0,0,48.98,48.97,94.32585,2
0xa11522abc369c80510b790f7e4a50d8847960a69,2026-05-12T22:55:20+00:00,2026-05-30T05:19:05+00:00,2,663.333333,663.33,0,0,14.5933090000000005,2
0xa128b1e35c60e3d0cf05567e82addb06c7df9804,2026-05-06T22:35:53+00:00,2026-05-07T15:32:07+00:00,2,31.25,31.25,0,0,1.90625,2
0xa12a130dfac53a8409540337f42472dfa4918108,2026-06-17T17:59:40+00:00,2026-06-17T18:00:55+00:00,2,30.0,30.0,0,0,0.0900,2
0xa13032b5e767471f641d1d1af86c6887482c2117,2026-06-02T01:43:13+00:00,2026-06-04T01:50:16+00:00,2,0,0,970.0,970.0,1925.4500,2
0xa1311e8dcf35bd3f0f3ad0949582862b3ce4dde2,2026-02-12T15:02:05+00:00,2026-03-05T07:15:19+00:00,4,754.773351,0,0,0,322.4982420105929628,4
0xa133062ec5a2cd7f52fef1347e4aeae43972bbc3,2026-06-13T23:58:57+00:00,2026-06-14T13:41:48+00:00,2,0,0,56.16,56.16,111.98304,2
0xa1348cb7ac90174bdf92ab42de4f70a9770a8466,2026-06-03T09:17:36+00:00,2026-06-11T15:04:58+00:00,2,0,0,318.0,318.0,632.8200,2
0xa14395bfa32e0c924f539a50f3ba96d99a1d5b6f,2026-04-24T05:05:36+00:00,2026-05-29T08:22:11+00:00,2,88.849924,0,0,0,1.9999980010281370,2
0xa1584176d267c05da8dfe044724a9439c22a1c1b,2026-06-01T22:03:55+00:00,2026-06-15T15:33:34+00:00,81,0,0,74.523032,74.46,148.2831869999653240,81
0xa159cd50b7b2777d836995ece97f00f32e4c8e35,2026-05-18T11:16:57+00:00,2026-05-20T10:20:33+00:00,2,5.0,5.0,0,0,0.1200,2
0xa15a8c7b85b5e9d36528b83d5582a5263680baa9,2026-06-16T03:30:30+00:00,2026-06-16T03:30:30+00:00,1,10860.0,0,0,0,54.3000,1
0xa165756a3cb112d01d9779ffdc8edb72ba4eaab5,2026-06-16T01:02:27+00:00,2026-06-17T13:09:17+00:00,3,12333.333332,0,0,0,44.999999996,3
0xa16d3e16fbb11a0ca09d4f4db3db2e82f005abbb,2026-06-09T09:10:00+00:00,2026-06-09T09:10:00+00:00,1,0,0,20.08025,0,19.99992900,1
0xa16faa0428bef8e639b815d8017884187454f064,2026-06-12T17:43:01+00:00,2026-06-12T17:43:01+00:00,1,0,0,1.002,0,0.999996,1
0xa17e4a4c0dcd3f61442ac2fe4145de440b0d7a40,2026-05-01T23:02:54+00:00,2026-05-01T23:05:12+00:00,2,0,0,16.35,16.35,31.35930,2
0xa18267346c98548f9b9dad3b232ecfaaf347aca0,2026-02-24T15:05:46+00:00,2026-02-25T16:01:56+00:00,3,0,0,15.0,0,8.250,3
0xa19694e5ac07ee36c6a572564efae990f7b0543f,2026-05-03T02:31:34+00:00,2026-05-03T08:33:58+00:00,2,0,0,38.56,38.56,74.26656,2
0xa19fe64d48626df5408ac2747984ea40918683a0,2026-05-22T16:32:28+00:00,2026-05-22T16:32:28+00:00,1,909.090909,0,0,0,9.9999989990000001,1
0xa1a3b8feaaf69cd4ba44910a0232e7d715a672eb,2026-06-14T22:23:49+00:00,2026-06-14T22:23:49+00:00,1,0,0,42.0,0,41.8740,1
0xa1b76aa4d4e8d49ff213f904d32359be064e1daf,2026-04-27T09:43:36+00:00,2026-04-27T13:06:28+00:00,2,0,0,65.0,65.0,124.4750,2
0xa1b94590d492673cdce06bcb8309a2e1fa72dd0a,2026-06-11T01:37:07+00:00,2026-06-11T01:37:07+00:00,1,333.333333,0,0,0,0.999998999000001,1
0xa1b98b15fa9aa08b1eaeefcb59cf746ca5bbefb5,2026-06-05T12:55:03+00:00,2026-06-09T16:11:24+00:00,2,7500.0,7500.0,0,0,97.5000,2
0xa1c3d523010be656ca3af31b876ebf644e0e4c56,2026-03-03T08:25:27+00:00,2026-03-10T23:08:49+00:00,9,196.991156,196.0,0,0,141.9799979953697244,9
0xa1c555181aa9f02e77c8b216ba5338ca42beade6,2026-04-17T17:31:16+00:00,2026-04-17T17:31:16+00:00,1,2000.0,0,0,0,100.000,1
0xa1dd15e04571131553f92455ecacc7b712dfafb7,2026-04-24T15:41:42+00:00,2026-04-24T18:48:50+00:00,5,0,0,5.0,4.98,9.466710,5
0xa1dd9be32a9a11bf235ffebaf229c0a53341c4c9,2026-05-08T19:11:02+00:00,2026-05-09T05:46:31+00:00,2,60.0,60.0,0,0,1.9200,2
0xa1e813dfdf7ca58fe177ff732ca302d60c3d0f51,2026-02-26T17:21:14+00:00,2026-02-28T14:22:41+00:00,13,149.974470,149.97,0,0,134.9748790002987667,13
0xa1ffbb2952fcd18b3b4759ccddeb7fdf90f655bd,2026-05-04T15:35:52+00:00,2026-05-12T23:24:11+00:00,5,23754.7,19611.52,4143.17861,0,5052.981160868635722,5
0xa207274febe8611d28ae2242df7e63a782b754fb,2026-06-07T09:47:21+00:00,2026-06-07T09:47:21+00:00,1,0,0,20.0,0,19.9200,1
0xa20822056c007d8d91f4e88fb6ffed9ca87c2e1b,2026-03-18T00:14:09+00:00,2026-03-25T08:11:11+00:00,30,0,0,546.77,0,438.44150000200,30
0xa220411ab3a751944530e042445aa2fddeafe5b8,2026-05-08T12:53:12+00:00,2026-05-08T17:54:22+00:00,2,0,0,45.23,45.22,88.68620,2
0xa223b004a62547da56061643157311e8987bfbf3,2026-06-17T09:40:08+00:00,2026-06-17T09:40:08+00:00,1,0,0,70.09,0,69.94982,1
0xa22be1f772e1cdbf621b5f09828905c82ec308dc,2026-05-07T05:26:07+00:00,2026-05-10T15:52:20+00:00,2,0,0,9.0,9.0,17.5230,2
0xa2318872246843edc16df793b90a9db247a76af3,2026-05-05T00:05:48+00:00,2026-05-05T04:11:06+00:00,2,0,0,55.44,55.44,108.27432,2
0xa232c3e1d73576c897bd928c7f48e3b3270e687c,2026-05-31T01:18:25+00:00,2026-05-31T01:18:25+00:00,1,90.909089,0,0,0,0.9999989971818388,1
0xa23a1f35778a6051b5e5ff8790bd3c2ed166f84e,2026-04-21T12:21:44+00:00,2026-04-21T14:03:14+00:00,2,0,0,220.94,220.94,421.99540,2
0xa2599e236c7f278cdc2543c27ec160b229463809,2026-06-07T23:13:21+00:00,2026-06-09T11:48:25+00:00,7,10000.0,10000.00,0,0,100.00000,7
0xa259a8413d3e635821bc3d76fea47cea26ca35cc,2026-02-23T20:41:22+00:00,2026-02-24T13:31:20+00:00,2,0,0,3.773582,3.77,3.8849980000003542,2
0xa267cbbe390501d7ec756bd437b19d7b7e04ae14,2026-05-14T15:09:19+00:00,2026-05-14T15:09:19+00:00,1,0,0,10.0,0,9.8600,1
0xa269b9963d939a91baf778ff64954aa4fe94ddc9,2026-05-17T19:09:58+00:00,2026-06-12T19:16:28+00:00,4,2333.835111,0,0,0,11.999998964858001,4
0xa26d1f72aa0bcd44e1dfdd4da9119befc6b3c0c6,2026-04-29T05:34:12+00:00,2026-05-01T06:54:36+00:00,2,0,0,5.0,5.0,9.6450,2
0xa279a087fda7755bbfcdd149be3a82da5827170d,2026-05-10T23:00:26+00:00,2026-05-10T23:32:38+00:00,3,0,0,883.414881,883.41,1732.0148080007375357,3
0xa27acb9d4b85ad760cad5da5f976781b59deabce,2026-04-26T12:54:34+00:00,2026-06-04T17:47:31+00:00,4,0,0,6.091355,6.09,12.0058419999645270,4
0xa27b02bed6651174c6df253a20e7e040adb8096b,2026-05-15T03:09:35+00:00,2026-06-05T15:36:07+00:00,3,0,0,200.0,100.0,296.7000,3
0xa2805ccac45e33db3976ec4d9f78775bee45b987,2026-05-31T15:45:38+00:00,2026-05-31T15:45:38+00:00,1,111.111111,0,0,0,0.999998999000001,1
0xa28c597bc020042bc0804b1e9d9855b027779ee5,2026-05-05T01:01:38+00:00,2026-05-05T02:50:52+00:00,5,0,0,880.0,879.99172,1717.75191799981576,5
0xa2906039b7b13654ed4609a516829887d51163b9,2026-03-06T09:29:21+00:00,2026-03-09T02:56:41+00:00,3,20.0,20.0,0,0,11.400,3
0xa29147e413f8d43cd7d9a56f7a6d421337dc6171,2026-06-05T02:12:09+00:00,2026-06-14T17:06:40+00:00,2,0,0,438.0,438.0,871.6200,2
0xa297222093a0aae6db9da63a2f86e9ffe0322574,2026-03-31T14:10:29+00:00,2026-04-01T12:34:39+00:00,4,730.633332,730.63,0,0,81.2854990297166684,4
0xa2a750da68bbb87f9a781773fdb7fade10396594,2026-05-15T03:09:20+00:00,2026-06-05T15:36:30+00:00,3,0,0,200.0,100.0,296.72000,3
0xa2b85f444788ba9876d49779f8a42e3537c077ef,2026-06-11T02:54:51+00:00,2026-06-12T15:40:31+00:00,2,0,0,7.0,7.0,13.9580,2
0xa2bbe92ea4d230677b3d498adf1a177dfb5f5bab,2026-01-31T15:21:10+00:00,2026-02-01T03:30:58+00:00,2,0,0,3.125,3.12,2.96640,2
0xa2c70b1569415bc6a5c5bb9057db5d17a12b13cd,2026-05-18T11:10:03+00:00,2026-05-22T12:30:23+00:00,4,950.0,950.00,0,0,20.219220018312,4
0xa2ca4a787bb815f4afd16c7948351b197c2e7f2b,2026-04-30T12:41:38+00:00,2026-04-30T12:41:38+00:00,1,68.965516,0,0,0,1.9999999984827580,1
0xa2d341e5ac64b1f3c350b173ddf3af4028453366,2026-06-16T03:11:34+00:00,2026-06-16T03:11:34+00:00,1,0,0,53.811333,0,53.649899001,1
0xa2d86fb095d6cb6b367a05adebbcfa6716ff012a,2026-03-13T12:39:31+00:00,2026-03-13T12:39:31+00:00,1,321.387095,0,0,0,99.6299990000580670,1
0xa2d928d905d79dd775522dc2aa577aa4b9ea42d5,2026-05-15T09:26:34+00:00,2026-06-06T03:00:00+00:00,3,0,0,200.0,100.0,296.7000,3
0xa2dc41d481e3b8fe8f066e344fb5388f8381e7d3,2026-05-26T01:03:50+00:00,2026-05-26T23:02:39+00:00,2,127.675235,0,0,0,1.9999990022085475,2
0xa2e47f10fcf705ff009ff375acde6b40a4256276,2026-05-02T09:23:48+00:00,2026-05-02T17:30:36+00:00,2,0,0,53.19,53.19,102.28437,2
0xa2f011a3379637d003ee496ae847ceb4078d26e3,2026-05-29T03:45:58+00:00,2026-05-29T03:45:58+00:00,1,0,0,1.379285,0,1.3599749999312195,1
0xa2f7d77da8896cc11a847c1b4877744128bbc23a,2026-05-15T01:56:11+00:00,2026-06-05T14:50:10+00:00,3,0,0,200.0,100.0,296.75645000,3
0xa2fb14fa653b9ed58d7b0ad55022b305be2da6a2,2026-04-05T14:12:01+00:00,2026-04-05T14:12:01+00:00,1,142.857141,0,0,0,9.9999989985714399,1
0xa302da058dbca734473580f3276666d686f6f2b9,2026-06-13T10:59:54+00:00,2026-06-13T10:59:54+00:00,1,0,0,25.4805,0,25.4295390,1
0xa31152545d25e09be73472263bc164eb19c899df,2026-05-04T05:32:30+00:00,2026-05-04T05:32:30+00:00,1,0,0,2.468878,0,2.3799979999421736,1
0xa3282d3e882501229c75d0caf134e62e3afb4977,2026-04-03T12:41:07+00:00,2026-06-10T05:02:10+00:00,131,0,7.73,18101.762853,0,17511.6591860119998821,128
0xa32a492b9cac6e7dbbb010fd7f37d78600535dca,2026-04-06T04:12:01+00:00,2026-05-15T07:24:16+00:00,2,42.857141,42.85,0,0,3.4713490000000377,2
0xa33c6c0cae73ac718855b1bf1789285e5693ea80,2026-04-13T22:18:17+00:00,2026-04-17T22:18:10+00:00,2,133.333332,0,0,0,7.499999003333348,2
0xa33d7104059352d748d0e38546c4aeaed112eabe,2026-06-09T02:45:07+00:00,2026-06-09T02:45:07+00:00,1,0,0,314.57,0,313.31172,1
0xa33e1771243dd0f519d7e8df10ca57953c02425b,2026-06-11T08:06:51+00:00,2026-06-11T08:06:51+00:00,1,0,0,1.002,0,0.999996,1
0xa33fd2e923717db4f01e159c788f48381f678e65,2026-06-07T14:25:03+00:00,2026-06-07T15:11:03+00:00,2,0,0,12.0804,12.08,24.0154380,2
0xa349e113d4a28fa83d65a6d3fa653f5a5380a150,2026-02-26T18:14:16+00:00,2026-03-17T15:48:25+00:00,7,0,0,17.722409,17.72,24.1839939998370025,7
0xa35dc235507053aaca9116b45c11f4b4cb8dfe01,2026-05-01T07:43:42+00:00,2026-05-12T09:31:57+00:00,4,0,0,124.86,124.86,243.257109999080,4
0xa366d92935ef042f93538aad29356a0a7bba0c35,2026-03-18T22:06:51+00:00,2026-03-18T22:06:51+00:00,1,222.222221,0,0,0,19.999999001111116,1
0xa372c319fd06ba0ad908d83c3ad18bbd1b298570,2026-05-18T09:04:27+00:00,2026-05-18T09:04:27+00:00,1,83.333332,0,0,0,1.0000000006666664,1
0xa372c37f9d8b6a24637bda6d4693b245747c88fd,2026-03-05T18:12:17+00:00,2026-03-05T19:47:41+00:00,5,10.00,10.0,0,0,6.0000,5
0xa37e256c1c0e5ca3356587f7b2c1a77c4dfe4e02,2026-04-13T13:47:09+00:00,2026-04-13T13:47:09+00:00,1,0,0,2.10526,0,1.9999970,1
0xa37f4fad1412c156985fbd2c0af71634e13f5672,2026-04-29T00:14:06+00:00,2026-05-13T08:37:04+00:00,5,0,0,410.0,410.00,797.86000,5
0xa388458dcf91e336f77e5a726084918872c6d84e,2026-05-29T22:36:34+00:00,2026-06-01T16:03:06+00:00,4,29615.909089,27615.9,0,0,431.6280887547718388,4
0xa392e5c2afd3a153911dce5d0d1cbd91b8dc532e,2026-05-20T16:51:16+00:00,2026-05-20T16:51:16+00:00,1,130.0,0,0,0,1.0400,1
0xa3a3588f7dfa9cf96602b57ee21b73c02ad4275b,2026-06-16T22:00:17+00:00,2026-06-16T22:00:17+00:00,1,1000.0,0,0,0,3.0000,1
0xa3a44da995fbc49e45de51670a7246f7f7f77bd5,2026-06-07T18:49:03+00:00,2026-06-09T19:23:25+00:00,2,0,0,900.0,900.0,1791.0000,2
0xa3a4f0001c6ac62d2176fb27d5adf87fc0d9709a,2026-04-30T05:52:30+00:00,2026-05-31T07:53:26+00:00,2,40.0,40.0,0,0,1.3600,2
0xa3ad70cf48a2f2b44163e798223c01a2c2536866,2026-01-31T12:34:36+00:00,2026-04-27T14:06:34+00:00,672,0,0,67530.807109,0,56385.1988190169237798,655
0xa3ae576889fd55d2ad50ca0bdd36a186cd4792f6,2026-05-14T13:12:25+00:00,2026-05-14T13:12:25+00:00,1,0,0,1.519692,0,1.4999360000488008,1
0xa3af760e15e6b6bd3c43d8cf2ae6952f0a9bb7a6,2026-06-02T07:16:15+00:00,2026-06-17T03:12:21+00:00,44,0,0,353.00,170.0,520.80000,44
0xa3af7bb68317a275c5a62841969aac398cd8c794,2026-06-14T17:57:58+00:00,2026-06-14T17:57:58+00:00,1,666.666666,0,0,0,1.9999989980000010,1
0xa3b62b058dcb76b3b51362401a8a0e542e10be4b,2026-05-16T02:38:55+00:00,2026-05-16T02:38:55+00:00,1,0,0,4.9395,0,4.8999840,1
0xa3c7c8c3c49427d840f7e62e46d202fae2a53e1f,2026-05-28T19:55:06+00:00,2026-06-16T18:07:52+00:00,571,0,0,5283.05,5283.048270,10509.0245440004245481,570
0xa3c89106f91031a5fdfb5a1f3d495061d4a5a967,2026-05-17T03:03:16+00:00,2026-05-17T03:03:16+00:00,1,142.857142,0,0,0,0.999998994000006,1
0xa3cd9532b437ddc252b86dc4bd20fad5fa001afa,2026-02-26T18:14:26+00:00,2026-04-15T11:42:24+00:00,7,0,0,12.081807,12.08,16.7779939999903772,7
0xa3de21c8e8248a3bccfec6b68e33d4504802111a,2026-05-15T21:10:32+00:00,2026-05-19T00:00:20+00:00,38,20908.250375,20908.24,0,0,318.9060959502210040,38
0xa41f7bc26abf650aee09f00481c62797e1c1c0f7,2026-05-06T08:32:32+00:00,2026-05-12T05:51:14+00:00,131,0,0,9544.653102,9544.647454,18749.1105710014218338,111
0xa424ab4da9c2f75e35d39ec3dcc31a5b9f74d45e,2026-06-08T07:14:33+00:00,2026-06-08T07:14:37+00:00,2,0,0,14.1004,14.1,28.0452980,2
0xa42aa7f691ee175fb66682798cd90bf2bdc8cafa,2026-06-17T11:39:10+00:00,2026-06-17T11:42:05+00:00,3,0,0,976.9535,976.95,1949.0187430,3
0xa4388d94b809dc915553c6e1112f677eea15f00c,2026-06-16T18:37:53+00:00,2026-06-16T18:37:53+00:00,1,0,0,31.192,0,31.129616,1
0xa4445a4233c090e73d2cc3da6f3669ccd0090f6a,2026-04-16T14:35:18+00:00,2026-04-16T14:35:18+00:00,1,83.333332,0,0,0,4.999999003333348,1
0xa44afec2040343f9cdd68a9763a12719fb9498b1,2026-05-23T09:12:56+00:00,2026-05-29T14:29:44+00:00,2,0,0,436.0,436.0,864.5880,2
0xa44d0b1338d8d9abf8310323140522777429edf1,2026-05-09T07:41:39+00:00,2026-06-14T06:50:42+00:00,2,11645.943958,0,0,0,74.9999990149688542,2
0xa44dd6f5f6f3e046154dc8b9a800853a43307177,2026-06-12T18:41:43+00:00,2026-06-12T18:41:43+00:00,1,0,0,1.003008,0,0.9999979999729152,1
0xa459b0ab779f37449bda02c525b36f05d8a97dd6,2026-01-30T23:35:36+00:00,2026-01-31T18:32:54+00:00,11,0,99.998456,0,0,50.5369980001816956,9
0xa45cdb0a5ba4629b5c7860dc3f310978a4dd1d10,2026-01-30T15:23:56+00:00,2026-02-13T21:19:19+00:00,36,2448.65,0,2745.06,0,2630.618299988338,36
0xa45d13c4d06661e8dde2e95b81c8c4ed04af8049,2026-06-17T15:49:38+00:00,2026-06-17T15:49:38+00:00,1,3333.333333,0,0,0,9.9999989990000001,1
0xa462e1d68c684a3cef3aafa4dd4bc62967d4cd56,2026-06-04T05:45:30+00:00,2026-06-09T13:01:21+00:00,6,13545.472222,0,0,0,81.6339989980000010,6
0xa467ea597900094293e073f1bc5286d2b7bd3be4,2026-04-30T03:09:56+00:00,2026-05-04T02:40:54+00:00,2,88.0,0,0,0,2.8760,2
0xa468ae2b3a2ee80097e0618b64d06ee2425c2bda,2026-06-07T06:48:18+00:00,2026-06-07T06:48:18+00:00,1,368.0,0,0,0,1.8400,1
0xa47453db644583f2554b62f02d43fcf592eafbd3,2026-04-25T19:57:14+00:00,2026-04-25T19:57:14+00:00,1,96.153845,0,0,0,4.9999999976923070,1
0xa4769af019de04e4b319a9dcaf43b48c6a14fbb7,2026-05-13T05:47:14+00:00,2026-06-04T14:51:27+00:00,3,0,0,200.0,100.0,296.5000,3
0xa47894d13a83810d81d46962e64760ec482e4708,2026-06-16T10:23:12+00:00,2026-06-16T21:59:55+00:00,2,0,0,105.82,105.82,210.79344,2
0xa485266fb7a2c0a79c841244ba0bbff98d01a7d5,2026-04-16T09:13:58+00:00,2026-04-16T09:13:58+00:00,2,250.0,0,0,0,12.500,2
0xa48650dfb96a6d2f0264cc4fcff7ad418561790a,2026-02-17T19:57:31+00:00,2026-03-22T23:01:27+00:00,5,94.111635,94.0,0,0,91.7599990013021980,5
0xa496338cf85ac177ea0b2d44eedcc4fbd6f4bc52,2026-06-17T15:44:07+00:00,2026-06-17T15:44:07+00:00,1,0,0,50.15,0,49.99955,1
0xa49becb692927d455924583b5e3e5788246f4c40,2026-05-26T19:05:46+00:00,2026-06-04T17:34:37+00:00,6,85000.0,0,0,0,912.1205100000,6
0xa49d1048efd4334ab6c41351acd436faa94ac835,2026-05-11T19:58:59+00:00,2026-05-12T12:30:28+00:00,2,0,0,332.0,332.0,650.3880,2
0xa4a8710042372ec8a4b3e80377e629981b56cae2,2026-03-25T12:09:59+00:00,2026-03-25T12:09:59+00:00,1,167.625,0,0,0,13.41000,1
0xa4b366ad22fc0d06f1e934ff468e8922431a87b8,2026-02-26T18:10:32+00:00,2026-05-15T09:03:02+00:00,9,0,688.0,2336.0,0,1666.69890000100,9
0xa4bd8f49695cf5d55924aca4cc2694952874e8a2,2025-12-11T09:59:41+00:00,2026-03-07T09:26:01+00:00,34,184.205,184.196414,106.025125,106.02,317.6261259999062157,34
0xa4c15f612dbf05550a60a86acfbd16b84e4e9fe3,2026-05-16T02:11:22+00:00,2026-05-16T16:18:34+00:00,2,0,0,80.02,80.02,158.67966,2
0xa4e3529aab6ff85b5d65c98c2dbacc0d94574c6f,2026-05-30T02:49:03+00:00,2026-05-30T02:49:03+00:00,1,111.11111,0,0,0,1.000000001111111,1
0xa4e6aee5f9de7f98959fde13e00bbb131ce0c29e,2026-05-15T17:19:15+00:00,2026-05-16T10:04:42+00:00,2,100.0,100.0,0,0,1.7000,2
0xa4e8e518d1441e56566866b1390478a6ffa1fc21,2026-05-01T15:29:52+00:00,2026-05-22T22:54:27+00:00,2,122.159089,0,0,0,1.9999989971818388,2
0xa4f7e0ec74dae3d3376dc29bff992e3e358d710d,2026-05-15T08:05:47+00:00,2026-06-05T17:35:51+00:00,3,0,0,200.0,100.0,296.7000,3
0xa4fcd42731853ed3711aac964a14f442b1f6977d,2026-06-12T16:47:34+00:00,2026-06-15T06:47:37+00:00,8,0,152886.72,100039.0,0,100203.86051,2
0xa5082efdd4e17b9703513f514c79137ecb264879,2026-04-23T04:46:58+00:00,2026-05-19T17:31:06+00:00,3,611.226887,0,0,0,9.9999990020801822,3
0xa50b246e0b9d7fe80b3bc80d47eac688410f56c4,2026-06-06T19:03:09+00:00,2026-06-07T05:28:21+00:00,2,0,0,48.64,48.64,96.69632,2
0xa50f35a6bab0562e6f465a52fcc9db4830f80bde,2026-06-16T23:55:26+00:00,2026-06-16T23:55:26+00:00,1,0,0,4.9195,0,4.9096610,1
0xa5158d0298e3e5ba631f34e2f6c3fbb937325f37,2026-05-18T11:38:13+00:00,2026-06-08T02:35:00+00:00,2,0,0,4.959594,4.95,9.8302979999889126,2
0xa51e52448c7bffbadc9cb4f7773b23e04592f876,2026-06-05T17:18:16+00:00,2026-06-08T14:09:55+00:00,2,0,0,1.006035,1.0,1.9949979999607145,2
0xa520d6f8a88532c29536502c8f625e4ae06d7260,2026-06-11T19:07:22+00:00,2026-06-11T19:07:22+00:00,1,0,0,1.002,0,0.999996,1
0xa529f07f6951d08d7568a5dac9066cc0f9fa1609,2026-06-14T23:34:49+00:00,2026-06-14T23:34:49+00:00,1,375.05,0,0,0,1.12515,1
0xa52f6b4b7e3fea841df09e175306f50c5c120429,2026-05-17T05:25:59+00:00,2026-05-17T05:57:39+00:00,2,0,0,1337.4884,1337.48,2659.45492806585128,2
0xa53c26443fb636d8ae31ac24f62fc1d5ef8f67a5,2026-05-04T19:27:28+00:00,2026-06-11T15:24:10+00:00,21,0,400.0,409620.0,0,408502.6400,21
0xa550060d334487a2662774cb88161c46fa53836f,2026-03-19T04:48:49+00:00,2026-04-05T14:39:49+00:00,2,0,0,1.18888,1.18,2.167392,2
0xa551ca5e9084afa40c11e66495576383d7e3a8f5,2026-04-30T12:40:42+00:00,2026-05-12T07:42:43+00:00,3,117.746002,117.74,0,0,6.4725389976535240,3
0xa5609f1c559ca4797350626ac1bdd9462871d833,2026-05-27T08:36:54+00:00,2026-05-27T08:36:54+00:00,1,0,0,1.0152,0,0.9999720,1
0xa569e5b2b200b65bb1596de440e62eeeadc992eb,2026-06-08T01:19:31+00:00,2026-06-08T01:19:31+00:00,1,142.857141,0,0,0,1.0000000012857141,1
0xa5787b63f5d922ccc13614b0499d89a26d697b2c,2026-03-07T00:49:01+00:00,2026-03-07T20:49:25+00:00,4,82.8,82.8,0,0,54.222,4
0xa58d4f278d7953cd38eeb929f7e242bfc7c0b9b8,2026-03-19T02:37:07+00:00,2026-05-12T07:24:20+00:00,832,109378.245656,169361.626463,2000.00,116.74,18942.3069877351873568,827
0xa5962a65efa850822bc9e249e84386d7d8db15e9,2026-06-17T02:03:25+00:00,2026-06-17T02:03:25+00:00,1,3000.0,0,0,0,9.0000,1
0xa5b27f6fb718c32c62143cce3895badd3aec0ede,2026-02-12T05:44:15+00:00,2026-02-12T05:44:15+00:00,1,0,0,106.0,0,55.120,1
0xa5ba717bd19aa1d7a234861b8be851dca28d6b30,2026-04-30T02:24:04+00:00,2026-05-19T04:30:32+00:00,2,37.037037,37.03,0,0,1.296238999000001,2
0xa5bed506b4d561a0efe9f56cd9962baca05de845,2026-05-01T05:33:56+00:00,2026-05-01T09:36:18+00:00,2,0,0,37.4,37.4,72.4438,2
0xa5c7114b3c17cc6b64afd5883eaabc7272497e7b,2026-04-30T13:40:42+00:00,2026-05-27T14:18:08+00:00,9,0,0,122.81,122.79,238.23776,9
0xa5dd567b47d7812abbd71fc90da21441837759a8,2026-03-24T19:32:13+00:00,2026-03-30T21:32:19+00:00,4,52.5,0,0,0,3.750,4
0xa5ddca18164883b02786f9424d33fd770436bcd9,2026-06-05T13:33:00+00:00,2026-06-08T10:11:21+00:00,2,0,0,800.0,800.0,1590.4000,2
0xa5dde9caa026fd25ffebd1c5538416f98919d644,2026-05-02T09:55:46+00:00,2026-05-02T16:57:56+00:00,2,0,0,50.94,50.94,97.95762,2
0xa5de2f67c373cf1d85ba5db87622ef9eb78307d3,2026-05-13T13:03:02+00:00,2026-05-13T16:13:18+00:00,2,0,0,7.092153,7.09,13.9977849996525552,2
0xa5e3044fd953605f9407d58c76e48fd75a394d7e,2026-02-19T21:52:46+00:00,2026-06-01T11:41:35+00:00,866,32896.620795,23053.941200,1480.0,0,3499.8686739919090844,728
0xa5f0a7ae9cf2144357cdfb907c770566147f6f34,2026-02-26T18:10:44+00:00,2026-03-25T18:56:33+00:00,5,0,0,23.301345,23.3,36.7559959995303901,5
0xa5f0b4439489864eb93e1822915f8100bcb039e3,2026-06-13T12:26:54+00:00,2026-06-13T12:26:54+00:00,1,0,0,2.034,0,2.029932,1
0xa5fb258e1e9387fb6f7aa12ee091826e095ef3b0,2026-05-09T22:01:16+00:00,2026-05-09T22:01:16+00:00,1,0,0,3.837533,0,3.7799700000112071,1
0xa5fda0340959e67ef9de8bc5caf1c502c6f736d1,2026-03-20T00:19:49+00:00,2026-03-21T06:59:17+00:00,3,11.0,0,5.0,5.0,10.060,3
0xa5ff8f804f9c41343d48b963b4b85f0225bb1d2f,2026-06-16T23:55:22+00:00,2026-06-16T23:55:22+00:00,1,0,0,4.3985,0,4.3897030,1
0xa6011dd310bd8d1244df2dcc5a6a327186430621,2026-05-08T00:50:09+00:00,2026-05-08T00:50:09+00:00,1,96.774192,0,0,0,2.9999990036129184,1
0xa602ff883ce07aa731193ed27e2c400d0e055d62,2026-06-08T15:17:52+00:00,2026-06-09T08:14:55+00:00,2,0,0,10.04,10.03,19.97969,2
0xa60a9158a5591fe732063b7cce6650849f482ea3,2026-06-05T14:15:49+00:00,2026-06-17T18:00:40+00:00,2,0,0,685.82,685.82,1367.52508,2
0xa60fbdd4673b25b6a22a9cbfcffded088e09e0b7,2026-05-01T12:38:14+00:00,2026-05-06T10:33:58+00:00,6,0,0,174.05,174.05,336.26409,6
0xa61b2981fe679b2a34608db90bc4057569219d74,2026-05-08T17:38:17+00:00,2026-05-29T23:56:55+00:00,15,13300.00,13299.994543,0,0,284.2999161679090966,15
0xa61df237eadcc9c44378803dcc04dbfe3348175e,2026-06-05T23:01:03+00:00,2026-06-05T23:01:03+00:00,1,142.857142,0,0,0,0.999998994000006,1
0xa61e204cc61cb7ab640b3b280391a572e7673eeb,2026-05-07T08:01:22+00:00,2026-05-12T17:46:09+00:00,4,0,0,40.81,40.81,79.68570,4
0xa61e5fbc4fcefa3223dbd711251ea3bc073023cb,2026-05-11T00:31:02+00:00,2026-05-11T00:31:11+00:00,2,50.0,50.0,0,0,1.9500,2
0xa61ef8773ec2e821962306ca87d4b57e39ff0abd,2026-05-10T19:39:45+00:00,2026-06-17T18:00:08+00:00,268,1183.0,850122.295021,6500.0,0,10016.9562766239301265,260
0xa6299106ea99c41b328e2fb25251de7313da5e02,2026-06-17T09:10:10+00:00,2026-06-17T09:10:10+00:00,1,0,0,116.14,0,115.79158,1
0xa62c41929814bd6efa808da05619ac24787be626,2026-04-24T00:08:30+00:00,2026-05-13T14:02:20+00:00,9,192.612275,192.61,0,0,10.2227950034913647,9
0xa63354fc4d60a47071e2575f7a2c02753ec72e98,2026-05-03T10:37:28+00:00,2026-05-10T02:09:11+00:00,2,35.135134,35.13,0,0,1.8269500001621608,2
0xa6485a6ae0be206401141cdd6de54b81e9bed863,2026-05-04T16:27:18+00:00,2026-05-11T16:09:33+00:00,2,0,0,100.0,100.0,195.7000,2
0xa652efcd4c7e4119f578032b056136b3f29a6f8f,2026-05-02T17:24:28+00:00,2026-05-02T17:24:28+00:00,1,0,0,100.0,0,96.2000,1
0xa655dc04f5bdd39e6dce905523ac76607c192d2f,2026-05-27T08:24:20+00:00,2026-05-27T08:24:20+00:00,1,0,0,1.0152,0,0.9999720,1
0xa65a7c2de82ff8ca15f766db8679ce0274fb5623,2026-04-13T13:49:15+00:00,2026-04-16T18:02:16+00:00,3,0,0,4.21052,4.21,7.9994940,3
0xa65b204a7186f4edae9bef2401fb91da912ea0a9,2026-04-30T11:02:24+00:00,2026-05-08T00:27:33+00:00,6,0,0,156.29,156.29,302.24347,6
0xa6641fac09579cb948106d9a8427951572cbf849,2026-05-22T12:27:36+00:00,2026-05-22T12:27:36+00:00,1,12937.13,0,0,0,129.3713,1
0xa666a94c0ccb6d7fd22fcfec43a17ab5c98aca2d,2026-03-18T12:58:07+00:00,2026-03-19T14:24:23+00:00,2,58.0,58.0,0,0,23.780,2
0xa66790e2b0075e73c3781ddaf1d0b875a3aaceb3,2026-02-01T22:29:20+00:00,2026-06-13T20:58:49+00:00,43,936.58,924.730908,2548.52,8.29,2646.6749390000001056,42
0xa67b002908627bba1f92850d86c6ddfc27d466ee,2026-03-28T16:15:59+00:00,2026-03-28T19:10:22+00:00,2,33.34,33.34,0,0,4.3342,2
0xa685bd0aa0f0aa13ae6370ad1340717f47d46a1e,2026-05-04T02:05:54+00:00,2026-05-04T02:05:54+00:00,1,27.027027,0,0,0,0.999998999000001,1
0xa69613c47f6b6fe42c66dc7ec0cdd559901cc178,2026-03-25T14:28:01+00:00,2026-05-30T16:35:19+00:00,2,12.5,12.5,0,0,1.0875,2
0xa6a3e0d25d9a63fb7cf60392d8453137e2db99c1,2026-05-25T14:52:33+00:00,2026-05-25T14:52:33+00:00,1,76.923075,0,0,0,0.9999989980769475,1
0xa6aa9c1eec24b676b8e4f65cfcdcecce39e67cb0,2026-06-06T16:11:36+00:00,2026-06-06T16:11:36+00:00,1,166.666665,0,0,0,1.0000000066666665,1
0xa6ab225c4744641f8a4ae6a063c2c713593098c2,2026-06-06T07:07:28+00:00,2026-06-06T14:55:57+00:00,2,0,0,46.2775,46.27,91.9459450,2
0xa6b10e8ee8570bcdae4998f9c102b47d1ee83e4e,2026-04-28T18:20:42+00:00,2026-04-29T03:40:56+00:00,2,989.0,989.0,0,0,82.48699996210,2
0xa6b25d18e41c7a5c8fedcbd5461fd819b48fc3f8,2026-05-26T14:28:22+00:00,2026-06-16T23:00:14+00:00,8,165051.091684,159124.42,0,0,4155.3616984873450534,8
0xa6b88f7d969dd6c268cf22ab6a81c02785c0f109,2026-06-13T19:44:06+00:00,2026-06-13T19:44:06+00:00,1,0,0,1.002,0,0.999996,1
0xa6bc9e29f7285ed2f102dcd55206904a3993c639,2026-04-06T20:30:43+00:00,2026-04-08T12:32:33+00:00,2,18.89,18.89,0,0,3.2113,2
0xa6c582c78061fa797a8109ca6fe9a8e7f3c34467,2026-06-08T18:47:39+00:00,2026-06-09T04:34:55+00:00,2,0,0,15.06,15.06,29.98446,2
0xa6d1576d4d9a185202b7a0ce8687a05254fa0638,2026-06-17T12:08:58+00:00,2026-06-17T12:08:58+00:00,1,333.333333,0,0,0,0.999998999000001,1
0xa6d9e409805c05046559148eeaa010c27c731b3e,2026-04-16T15:05:00+00:00,2026-05-12T12:53:19+00:00,2,896.166665,896.16,0,0,68.108559003833335,2
0xa6daf134b9759d35ae585d8f3c28bef71a869d84,2026-05-07T05:04:48+00:00,2026-05-07T05:04:48+00:00,1,29.411763,0,0,0,0.999999000823584,1
0xa6e4f80efe6ff53c0d3090caa301cf68ebc213b1,2026-04-13T14:00:05+00:00,2026-04-13T14:00:05+00:00,1,0,0,2.10526,0,1.9999970,1
0xa6e996a7b93a4224c3ee2084b52cc4eee30e1762,2026-05-17T16:10:41+00:00,2026-05-18T03:54:30+00:00,2,0,0,275.51,275.51,545.255709993317,2
0xa6ea150721e3c8fc8ca2ff9438e492c352bc0457,2026-05-13T08:42:21+00:00,2026-06-05T06:40:15+00:00,3,0,0,200.0,100.0,296.6000,3
0xa6f12af661a74fb40bc44322050c2feca903f9b7,2026-05-21T14:27:07+00:00,2026-05-21T14:27:07+00:00,1,0,0,2.016128,0,1.9999979999924352,1
0xa6f7042b614c3a15e120b2c8a848fbcc7360da77,2026-02-06T06:12:19+00:00,2026-02-06T06:12:19+00:00,1,56.603772,0,0,0,29.9999990015094384,1
0xa6f9f666d39929ccb3b6d0352318388cf64e1f62,2026-05-08T01:47:14+00:00,2026-05-08T01:47:14+00:00,1,166.666665,0,0,0,4.9999990000000095,1
0xa6fb664bc7b3a8771f9c415ff55d23677cf16959,2026-06-08T04:46:15+00:00,2026-06-08T04:46:21+00:00,2,0,0,12.0402,12.04,23.9477590,2
0xa703add0c6af4cb6bd3ceb49e00d11f13de45fed,2026-05-08T06:07:12+00:00,2026-05-08T10:13:01+00:00,2,0,0,58.71,58.71,114.07353,2
0xa70b3c2f47ed423898829daddccfb1d27157f324,2026-06-17T07:09:58+00:00,2026-06-17T07:09:58+00:00,1,666.666666,0,0,0,1.9999989980000010,1
0xa71714b0de4613ab713608af18f6284b1c5073d2,2026-06-07T12:45:52+00:00,2026-06-09T08:05:57+00:00,3,0,0,300.0,300.00,597.30000,3
0xa72c8dffac9ebfd8b0819e16c506ca3d582364a4,2026-06-09T21:57:57+00:00,2026-06-09T21:57:57+00:00,1,250.0,0,0,0,1.0000,1
0xa739b731cead11f5134b2af72c704dd6126c0d24,2026-06-03T10:37:04+00:00,2026-06-03T14:26:12+00:00,2,0,0,37.15,37.15,73.66845,2
0xa746c50f9ebc209c7f6e253a51d6e6e5dcb429c1,2026-05-01T01:33:58+00:00,2026-05-01T03:58:58+00:00,2,0,0,155.0,155.0,299.1500,2
0xa752cbb95cee1ad747eef209d2635aaee558a7b9,2026-03-08T22:27:57+00:00,2026-03-31T22:48:11+00:00,64,4954.140054,4954.139995,2148.904869,2148.904724,5642.2554249983004382,63
0xa7754dfcdd1cd0d5c74382f1cef35d7bc07cafdd,2026-05-23T12:13:30+00:00,2026-05-30T04:27:30+00:00,2,100.0,100.0,0,0,1.7000,2
0xa7767a641b7717a50309ba36f06f672bf58c9948,2026-06-16T22:42:47+00:00,2026-06-16T22:42:47+00:00,1,333.333333,0,0,0,0.999998999000001,1
0xa791e3090312981a1e18ed93238e480a03e7c0d2,2026-03-28T00:52:13+00:00,2026-04-30T17:25:52+00:00,4,0,0,12.5,12.5,23.6625,4
0xa793291660d89a4bc6225160e4085462f601afc0,2026-06-08T03:14:46+00:00,2026-06-08T03:14:49+00:00,2,0,0,12.5828,12.58,25.0118260,2
0xa7a0544cb1fdab57ef7dcf4e4183be67fd49781e,2026-05-15T08:30:22+00:00,2026-06-06T02:19:40+00:00,3,0,0,200.0,100.0,296.6000,3
0xa7b3114134872c0f9498f61a301d4709c114ff69,2026-03-04T14:58:07+00:00,2026-03-10T02:23:01+00:00,6,0,0,203.499838,203.49,287.8427929922807559,6
0xa7b5bf2089e3de036ae68425461407343466fa78,2026-03-06T14:52:29+00:00,2026-03-08T07:31:57+00:00,11,499.984196,0,0,0,154.9951010051391252,11
0xa7be938e84f382b7356916825023f0739fd1ef59,2026-06-12T05:11:30+00:00,2026-06-12T05:11:30+00:00,1,0,0,361.733,0,361.009534,1
0xa7bf96026a282a3afd97dd280058ab93d49d1c11,2026-05-05T18:59:42+00:00,2026-05-05T23:05:44+00:00,2,0,0,41.7,41.7,81.0231,2
0xa7dadfb545325ad27b1674e5ddbed5e21d63e693,2026-05-22T22:40:03+00:00,2026-05-23T02:56:17+00:00,2,0,0,15.18,15.18,30.07158,2
0xa7fb95a2dc1038eac7172b0956fb76481c5d8fde,2026-06-17T11:39:56+00:00,2026-06-17T11:39:56+00:00,1,333.333333,0,0,0,0.999998999000001,1
0xa802d3769e7ee00e24e774c90a4e2f74accb23df,2026-01-06T06:23:25+00:00,2026-04-24T15:49:42+00:00,47,3012.779125,12.12,0,0,248.7079809976634652,47
0xa804e57920b24ee03ce48a974393ad35cf967334,2026-05-17T23:47:36+00:00,2026-05-17T23:47:36+00:00,1,454.545454,0,0,0,4.9999989940000012,1
0xa8181c58fee05c69c506cb42ef32c68454527eb2,2026-06-17T16:53:08+00:00,2026-06-17T16:53:08+00:00,1,1666.666665,0,0,0,4.999999995,1
0xa81f6e1a47950bffefa18283390d17e9586e86bb,2026-05-15T13:22:14+00:00,2026-06-16T17:17:20+00:00,2,0,0,10.0,10.0,19.8800,2
0xa829c25238b3e084692f85f55181cd76bccaff29,2026-06-17T09:10:10+00:00,2026-06-17T20:28:47+00:00,2,0,0,98.59,98.59,196.78564,2
0xa85323c6249a8b4b59da5690df9bfd99cc74f639,2026-06-15T06:33:09+00:00,2026-06-15T06:33:09+00:00,1,0,0,9.2985,0,9.2799030,1
0xa856e8f656178c27e17e2aaed52d7064f9bb3c0e,2026-05-11T00:31:02+00:00,2026-05-11T00:31:11+00:00,2,50.0,50.0,0,0,1.9500,2
0xa8594d02bb7cf43773ea9b3254f664c5f111fdb5,2026-04-17T04:15:40+00:00,2026-04-26T19:40:42+00:00,2,166.666665,166.66,0,0,17.3330390000000090,2
0xa85afe52397c797085cd455c5cd04cf99d04b9fc,2026-06-17T10:09:41+00:00,2026-06-17T10:09:41+00:00,1,16000.0,0,0,0,48.0000,1
0xa86ab3e2fc59774bd71f33accf55c2f7f25bf8ff,2026-05-24T06:45:40+00:00,2026-05-25T06:08:54+00:00,2,0,0,1.0101,1.01,1.997879,2
0xa88a39d4c504d25a75cf0c491d307114f1cf59ea,2026-05-29T07:44:21+00:00,2026-05-29T07:44:21+00:00,1,666.666665,0,0,0,9.9999989750000025,1
0xa88bb4a3fa869ce7ac842a49e10d79c5790b1486,2026-06-13T07:17:43+00:00,2026-06-14T05:20:09+00:00,2,0,0,114.44,114.44,228.19336,2
0xa88ec7bc1cf09c1f7dd15ed28b466d8a8df942a2,2026-06-12T18:21:48+00:00,2026-06-12T18:21:48+00:00,1,1836.848,0,0,0,8.0000000316912,1
0xa88f7f8037e316d2fbaa136caf3d2e6d87b8be4b,2026-06-17T15:57:31+00:00,2026-06-17T15:57:31+00:00,1,1000.0,0,0,0,3.0000,1
0xa88fe610e85b4212829ac6c52115928759dc790f,2026-05-26T11:32:49+00:00,2026-06-07T08:39:31+00:00,3,1869.841269,0,0,0,17.9999979910000014,3
0xa893499266f2e268daef83842b27422f0014cca2,2026-05-02T17:33:34+00:00,2026-05-03T01:39:54+00:00,2,0,0,53.63,53.63,103.18412,2
0xa893c440ddf1debef56b92e660d76765d0a9eec4,2026-06-04T17:57:25+00:00,2026-06-04T17:57:25+00:00,1,0,0,5.810571,0,5.7698970000947145,1
0xa89501732a22b6786f89067446f7de845644054a,2026-06-17T09:10:10+00:00,2026-06-17T09:10:10+00:00,1,0,0,96.38,0,96.09086,1
0xa8986d79c4c18a749e7589c15bee1de7e1a471c1,2026-06-11T13:38:58+00:00,2026-06-11T13:38:58+00:00,1,3333.333333,0,0,0,9.9999989990000001,1
0xa8ab5046aae305ddcabb1b1b5e97afe3766cbb89,2026-06-17T17:54:34+00:00,2026-06-17T17:54:34+00:00,1,333.333333,0,0,0,0.999998999000001,1
0xa8ac822c567cd1cf80a61fa411009af1f29f47c7,2026-05-15T01:27:01+00:00,2026-05-15T04:38:05+00:00,2,0,0,7.092197,7.09,13.9907379999930057,2
0xa8b32ef7998212ae5bc07ba9b6199ad131df9bc4,2026-06-10T23:53:25+00:00,2026-06-15T16:41:00+00:00,2,0,0,6.3625,6.36,12.6779750,2
0xa8b7f8b34185e9cc62c471e1d353595148a3ee3c,2026-05-01T05:37:48+00:00,2026-05-03T10:26:38+00:00,36,2400.0,2399.996129,900.0,899.985641,1882.6860530033493852,32
0xa8bb5cabdeee812a8e1ba2b6b915ff5576d9d8df,2026-06-12T09:06:30+00:00,2026-06-12T09:06:30+00:00,1,0,0,1.002,0,0.999996,1
0xa8caf48f52f932c2be04812e428ceeeff653e5c6,2026-06-07T10:37:37+00:00,2026-06-07T10:37:37+00:00,1,2000.0,0,0,0,10.0000,1
0xa8cfd1bf190c3753aad1b96e52606234d35b0351,2026-03-16T17:19:53+00:00,2026-03-23T11:01:31+00:00,3,6.451610,6.45,0,0,2.5159980000004950,3
0xa8db529d4c4032fac6a611c4bc18605e68e99495,2026-05-01T02:52:26+00:00,2026-05-07T21:39:09+00:00,8,0,0,175.81,175.81,340.09768,8
0xa8df84840bacb9a606fc5241d9bcb4bf9ffbfdaf,2026-03-30T08:54:38+00:00,2026-04-11T01:17:23+00:00,2,714.285713,714.28,0,0,107.1423989814285731,2
0xa8e92b83481d25337cd5234bf65d4a79341d4980,2026-05-09T04:17:22+00:00,2026-05-15T13:45:38+00:00,2,5725.681111,5725.68,0,0,150.1611199437489002,2
0xa8f16d8d3236e1c84c0c5749ceff7f1ccd45fee6,2026-05-19T00:00:18+00:00,2026-05-20T00:25:47+00:00,12,19349.26,19349.216666,0,0,342.8723156077760050,12
0xa8f8560c0ad5fdf0196f910874bf721a2be7f6b9,2026-06-09T04:35:15+00:00,2026-06-09T04:36:18+00:00,4,0,0,14.75875,14.75,29.37596500,4
0xa912465adb1e033e3fbe7f9f9cf49370c9c2297f,2026-03-12T06:15:27+00:00,2026-03-12T06:17:19+00:00,2,0,0,110.0,0,72.600,2
0xa914e81926fd6622599fcd9936cf2833f3e9566c,2026-06-12T06:55:24+00:00,2026-06-12T06:55:24+00:00,1,0,0,1.002,0,0.999996,1
0xa91b08eef37a3f03588ffea4de240b5363cebc48,2026-06-13T08:11:06+00:00,2026-06-13T08:12:03+00:00,2,1800.0,0,0,0,5.4000,2
0xa91e73fc8a3663c609813eb503ea2fac7c3d3607,2026-05-19T17:23:50+00:00,2026-05-19T17:23:50+00:00,1,1000.0,0,0,0,10.000,1
0xa9202b737605fdbd1a668f219355429309f207a4,2026-05-12T05:07:17+00:00,2026-05-12T05:08:04+00:00,2,0,0,6.530611,6.53,12.7928680002450466,2
0xa924b4e9fd91ef7ed47632732f3bc5e94ba3d002,2026-06-17T03:22:46+00:00,2026-06-17T03:22:46+00:00,1,31336.666666,0,0,0,94.009999998,1
0xa92628190f94aec9ccb0b7ceecb43abdf393d15e,2026-06-17T05:26:52+00:00,2026-06-17T05:26:52+00:00,1,2500.0,0,0,0,5.0000,1
0xa9375dd942a17890f6600a91cceb626b2f038896,2026-05-28T13:23:10+00:00,2026-05-28T13:23:10+00:00,1,416.666666,0,0,0,4.9999989920000016,1
0xa93f7ec57717699f309114332bb4e9d0a6953925,2026-06-03T02:37:06+00:00,2026-06-03T02:37:06+00:00,1,111.111111,0,0,0,0.999998999000001,1
0xa953683622245fb04abcbb5b9da53e921b980922,2026-06-17T12:11:58+00:00,2026-06-17T12:11:58+00:00,1,333.333333,0,0,0,0.999998999000001,1
0xa964d95b462d016cafda8cab92dc60b4069422c9,2026-05-01T11:01:30+00:00,2026-05-11T14:22:38+00:00,5,0,0,97.04,97.04,188.93636,5
0xa96b3b8d87cbf03108aad9aa4f5b5e54ecde1d7d,2026-06-05T12:55:03+00:00,2026-06-09T16:11:24+00:00,2,7000.0,7000.0,0,0,91.0000,2
0xa9722d2ea77f3fec1246e4728cebd63c630161b5,2026-06-12T14:37:21+00:00,2026-06-12T14:37:21+00:00,1,333.333333,0,0,0,0.999998999000001,1
0xa976d4a7248126439a189bcd5538c4e501735c43,2026-05-12T14:53:01+00:00,2026-06-06T22:34:58+00:00,15,2337.770555,2337.77,0,0,35.3510719852698730,15
0xa97cb2eb997156154e3506ee0c069d49e5aa55b2,2026-05-06T20:06:19+00:00,2026-05-06T20:06:19+00:00,1,1428.571427,0,0,0,49.9999989450000011,1
0xa97d0729dc17fc5d3dfcf161e97f51ac7e9f6b13,2026-02-07T17:55:55+00:00,2026-02-08T03:38:29+00:00,2,5.0,5.0,0,0,5.650,2
0xa981d48312687720fe5dac55828b36b8febf108f,2026-05-28T15:58:25+00:00,2026-05-28T15:58:25+00:00,1,333.333333,0,0,0,3.999998996000001,1
0xa9843f14b6e1be09a19d90e5ea7a932755b7cbe2,2026-05-09T11:25:32+00:00,2026-05-09T11:25:32+00:00,1,125.0,0,0,0,2.0000,1
0xa9877021e2d8bc5ed8d8db9a8983a93e4dfa3a4d,2026-04-21T01:33:26+00:00,2026-04-21T15:54:02+00:00,4,0,0,2.070352,2.07,3.9808799999095440,4
0xa987aa8fb1e08f3cc21513c26e18242ad42a54ff,2026-03-21T13:08:55+00:00,2026-04-09T09:12:47+00:00,2,295.363635,295.36,0,0,56.1187989934454585,2
0xa9913c58de2030a04c28be5e0dc6135f7bb519e9,2026-05-08T01:51:51+00:00,2026-05-12T00:44:52+00:00,7,0,0,104.23,104.23,203.31311,7
0xa99405156426ff2cb885d8f0a2b56ac9010a19a6,2026-05-13T04:21:29+00:00,2026-06-13T07:17:43+00:00,95,4178.957051,4178.95,0,0,71.0811059998654272,95
0xa996340a9373a817fecc2d0646c8c50c803834b5,2026-05-18T23:14:24+00:00,2026-06-17T05:22:55+00:00,75,0,0,49.493914,49.41,98.2212370002799053,75
0xa9983f3de0f6c05702f0e18ef34897f8b7aa1b64,2026-06-17T14:35:52+00:00,2026-06-17T14:35:52+00:00,1,156696.666665,0,0,0,470.089999995,1
0xa99b41e9ac6539fbcabce0703127b78438bd1211,2026-04-29T18:26:40+00:00,2026-05-01T16:44:00+00:00,7,700.0,700.00,300.0,300.0,627.10000,6
0xa9a907ce0829230f671cdb8c0a7468c412e83d63,2026-05-22T11:00:10+00:00,2026-05-22T11:00:10+00:00,1,0,0,2.785064,0,2.7599980001132592,1
0xa9aacd03ba53e878d54196066584f8350e56f3e7,2026-05-24T10:05:22+00:00,2026-06-10T01:32:49+00:00,4,0,0,211.68,211.68,420.28982,4
0xa9b09d8e952f8fb8372b5afaa50f151c12936596,2026-05-18T01:23:02+00:00,2026-05-18T03:47:02+00:00,2,0,0,18.200181,18.2,35.9451789998999095,2
0xa9b8cff558c7b563e45a017229173b4c19f3a8cb,2026-06-17T09:10:10+00:00,2026-06-17T19:57:50+00:00,2,0,0,91.97,91.97,183.57212,2
0xa9c42d94a6eae73c3aa76bd28ed03c5381a96414,2026-06-03T09:25:19+00:00,2026-06-11T15:04:58+00:00,2,0,0,203.79,203.79,405.54210,2
0xa9d674dc3c76b3f2dc77a3d2d19edf4d65dea483,2026-03-19T00:23:25+00:00,2026-03-22T21:25:13+00:00,2,5.0,5.0,0,0,0.900,2
0xa9d7006dfaf85b94bb0ad6508547decd171bce9b,2026-06-10T13:29:57+00:00,2026-06-10T13:41:43+00:00,2,351.0,0,0,0,1.3030,2
0xa9db091d589a206d538fec4497e622a26f181cfd,2026-06-16T12:46:24+00:00,2026-06-17T07:17:52+00:00,2,0,0,96.18,96.18,191.59056,2
0xa9e43dfbc2d4dd493544248c20b1e4d394a4552a,2026-06-09T17:37:28+00:00,2026-06-09T18:26:04+00:00,2,878.0,878.0,0,0,7.9020,2
0xa9ed04e1294b43962102209c1a4d4aa013160aed,2026-06-13T09:23:31+00:00,2026-06-13T09:23:31+00:00,1,18333.333333,0,0,0,54.9999981656666667,1
0xa9ef70f9f0e6c35ca73866bc6383eccf404837dc,2026-05-17T23:35:23+00:00,2026-05-18T12:26:29+00:00,2,0,0,92.11,92.11,182.28569,2
0xa9ef7ded736affc7c25f0f7427b5987e749d05a3,2026-04-03T08:39:17+00:00,2026-04-03T08:39:17+00:00,1,16.666665,0,0,0,0.999999000000090,1
0xa9fe4929d4ea1525ca03bd0ff68ea1fbf9e7f135,2026-03-07T23:17:55+00:00,2026-03-19T12:59:29+00:00,2,1112.587946,0,0,0,199.9999979942256298,2
0xaa23e69c9506df40296bf4a3dbb19ad22d1003e2,2026-06-16T21:37:26+00:00,2026-06-16T21:37:26+00:00,1,1666.666666,0,0,0,4.9999989980000004,1
0xaa29273305050b36c6bb11d3a7fe6c1be2f5f4a0,2026-05-06T03:38:16+00:00,2026-05-11T14:22:13+00:00,4,0,0,88.29,88.29,172.00986,4
0xaa36dd006022179f23bc16be6779e4cea07ccdae,2026-06-14T05:53:52+00:00,2026-06-14T10:20:34+00:00,2,0,0,11.022,11.02,21.986896,2
0xaa3d35481a521a48a4cdbad90262f8e131c397c0,2026-06-11T07:13:24+00:00,2026-06-11T07:13:24+00:00,1,0,0,1.002,0,0.999996,1
0xaa3edea4bd9ae90718d4326e8f0b0db90ac77de5,2026-06-13T17:59:00+00:00,2026-06-13T17:59:00+00:00,1,333.333333,0,0,0,0.999998999000001,1
0xaa56cf8b46b2695e8176067b8c3f9e8ac9af6652,2026-05-28T02:14:56+00:00,2026-05-28T02:14:56+00:00,1,0,0,1.013153,0,0.9999819999566323,1
0xaa5df64a81b34a283e689f841853b73d37e601d2,2026-03-13T23:44:03+00:00,2026-03-13T23:44:03+00:00,1,80.0,0,0,0,27.200,1
0xaa64c4ee095e011f257f44c028ecaf18186309be,2026-03-06T13:05:21+00:00,2026-03-10T13:00:39+00:00,6,210.0,210.0,0,0,141.830,6
0xaa67bea66eb9d34cb5784e117db533f2d9226650,2026-05-28T20:01:00+00:00,2026-05-30T01:23:52+00:00,2,83.333333,83.33,0,0,1.749968996000004,2
0xaa6910d0a8ecc4d010ba4f7968fb3747c8ba1df0,2026-01-30T22:49:38+00:00,2026-01-30T22:49:38+00:00,1,4.551019,0,0,0,2.2299990000756061,1
0xaa6ddd9f67d92ba26d0693509ad083b58abd356e,2026-05-16T06:41:07+00:00,2026-05-16T07:16:32+00:00,2,0,0,1273.917285,1273.91,2528.718584005,2
0xaa72a5b88589c3e7609d835afdae03f909e68cb1,2026-05-02T13:43:36+00:00,2026-06-08T17:27:21+00:00,5,1001.5,0,0,0,9.6700,5
0xaa86114522d85c24dec0f3bb46817d715a9d9124,2026-05-17T16:10:41+00:00,2026-05-18T03:43:11+00:00,2,0,0,103.12,103.12,203.97136,2
0xaa87c26662d1a5cef0bd0d4346383d04def61ab8,2026-06-09T05:36:51+00:00,2026-06-09T05:36:51+00:00,1,0,0,128.1,0,127.5876,1
0xaa8ca385f1acbfbab5895ec2a65eee1648c98873,2026-03-21T06:01:25+00:00,2026-05-18T09:58:09+00:00,22,0,0,816.89,816.881159,1537.0256400088056523,22
0xaa936de0a44c39f4ed8119f18542f41da20c0a6c,2026-06-12T15:40:10+00:00,2026-06-13T05:17:19+00:00,2,0,0,99.59,99.59,198.58246,2
0xaa9530890edc0ba4a3043861ce602805f062ab20,2026-06-02T14:34:56+00:00,2026-06-02T21:07:44+00:00,2,123.0,123.0,0,0,2.3370,2
0xaa9ddecb73d9b3f13aa7f2bfc8ac72292ab09ca7,2026-06-11T14:20:55+00:00,2026-06-11T14:21:16+00:00,2,333.333333,333.33,0,0,1.666658999000001,2
0xaa9e8f12fb14408577fdb158f094b49fc859f346,2026-06-13T13:39:28+00:00,2026-06-15T22:21:31+00:00,2,2416.666666,0,0,0,7.9999989980000004,2
0xaa9f65acf563e0c257b5ba92e6d52301311f0df3,2026-05-05T04:50:08+00:00,2026-06-05T09:38:36+00:00,20,1901.007875,0,0,0,34.324863000,20
0xaaaba2b6e1ae301853701d95b2f5807764bb46ed,2026-05-31T10:34:57+00:00,2026-06-02T17:40:18+00:00,2,0,0,65.0,65.0,128.8300,2
0xaabdac21fc092ad9535a62d359e0d0b778484598,2026-03-20T11:44:53+00:00,2026-05-21T13:58:14+00:00,17,839.98,0,0,0,26.73983,17
0xaabf2ad631cd0ada5d1fce9bb7bef5f13ee57c0f,2026-05-17T16:10:41+00:00,2026-05-18T05:13:39+00:00,2,0,0,55.89,55.89,110.60631,2
0xaadb0a49deb51fabc6e2ee2621de7b923ec4f488,2026-05-02T20:56:16+00:00,2026-05-06T12:06:14+00:00,4,0,0,52.23,52.23,100.76406,4
0xaae9b14ddc0e65a0cfc42a56500abec79eebbada,2026-06-16T14:38:10+00:00,2026-06-16T14:38:10+00:00,1,0,0,1.003,0,0.999991,1
0xaaf177afc2e4c978ddf0d269bbd74ffbe98b55f4,2026-05-01T11:29:42+00:00,2026-05-01T19:30:52+00:00,2,0,0,43.53,43.53,84.09996,2
0xaaffd20da952d34e2267c138aadf4e240f3623b0,2026-05-08T03:46:26+00:00,2026-05-08T09:48:05+00:00,2,0,0,40.23,40.22,78.15718,2
0xab00b13ad0e7298d1e95a4a8eeaeb67a9b0db447,2026-06-09T19:18:27+00:00,2026-06-09T19:18:27+00:00,1,0,0,10.04,0,9.99984,1
0xab04bacaa131b2123f2cc554472637d7259bcca5,2026-05-17T06:45:29+00:00,2026-05-17T17:41:48+00:00,2,0,0,79.95,79.95,158.70075,2
0xab205fec857d9cfc3730fa9dc5e9bbbb2f0b1f7f,2026-06-07T18:49:03+00:00,2026-06-09T19:23:25+00:00,2,0,0,2000.0,2000.0,3980.0000,2
0xab34b2c87ef204b83cfc4463abd0d68500efa308,2026-05-15T15:33:15+00:00,2026-06-10T20:37:21+00:00,2,500.0,500.0,0,0,6.0000,2
0xab3afd9559a9cf5e431a5c88e33c3ab9d3b3644d,2026-06-07T19:01:24+00:00,2026-06-07T19:01:24+00:00,1,0,0,1.036216,0,1.0299979999948496,1
0xab3c3c4e4526190a38937415281d794326970442,2026-05-01T01:33:58+00:00,2026-05-01T03:58:58+00:00,3,0,0,155.00,155.0,299.15000,3
0xab3c3f03a2cf96b385a8a4b8af5e5f688ee00c79,2026-06-17T13:12:44+00:00,2026-06-17T13:12:44+00:00,1,17596.666665,0,0,0,52.789999995,1
0xab4d046f4213eb7d44569ad6a9ddcf9b4c1f4971,2026-01-19T08:53:20+00:00,2026-01-27T10:28:51+00:00,9,0,0,32.95,32.95,36.6335,9
0xab5474cad0c34739822d6e703f9197d78a94da9f,2026-06-17T12:01:55+00:00,2026-06-17T12:01:55+00:00,1,1666.666666,0,0,0,4.9999989980000004,1
0xab6bd7024ad345a18caee52ca079238f2be6f28b,2026-05-29T06:35:52+00:00,2026-05-31T22:10:17+00:00,2,7802.666665,0,0,0,94.6899989752000005,2
0xab7659eb8367c899260649c07d073e8d7552bbfc,2026-02-09T06:33:07+00:00,2026-05-26T06:34:35+00:00,3,8.92857,8.86,0,0,5.132899000000032,3
0xab7722657944cfdfac6cf2a0373e82461e7982ff,2026-05-12T12:56:31+00:00,2026-05-18T12:25:18+00:00,2,176.470588,176.47,0,0,4.5882290077647072,2
0xab7786aa6bcc7fd60ebd08cfe95d0b96a3434882,2026-03-19T15:10:29+00:00,2026-03-19T15:10:29+00:00,1,0,436.23,0,0,52.3476,1
0xab7a8fa42537aa060b1cb14c1bf9a4dfbe22375e,2026-05-09T12:57:42+00:00,2026-05-24T23:15:10+00:00,2,312.067057,312.06,0,0,8.4326589906764694,2
0xab7ea900dd013c4de92fc6dc6f9b06e0e36065d6,2026-04-27T13:16:58+00:00,2026-04-27T13:17:06+00:00,2,30.0,30.0,0,0,2.4300,2
0xab8241441f7dc0aa3f4ad72d4459ae5d33f68354,2026-06-17T17:52:53+00:00,2026-06-17T17:55:38+00:00,2,4739.999999,0,0,0,14.2199980810000005,2
0xab85bb1f232e5512d239de56c3fcc2b482363564,2026-06-14T14:42:07+00:00,2026-06-14T14:42:07+00:00,1,0,0,117.8855,0,117.6497290,1
0xab87c154d79afa981fe5bbe06cea98b3b40a4746,2026-05-12T12:30:28+00:00,2026-05-12T12:30:28+00:00,1,28.99,0,0,0,0.55081,1
0xaba298e1d2b35a3a62c05159a3dfd6ddbefd003d,2026-04-14T07:27:17+00:00,2026-04-14T07:27:17+00:00,1,20.0,0,0,0,1.000,1
0xabb3e9076ce604618af74d3efd8077c0e40c9149,2026-06-02T10:32:57+00:00,2026-06-02T10:33:05+00:00,2,0,0,10.090777,10.09,19.9890599999364561,2
0xabb6348db088533c0feef9aee83681bf7014f660,2026-01-30T16:32:30+00:00,2026-01-30T17:22:00+00:00,4,40.5,40.5,0,0,29.81499999930,4
0xabc13cf65a6ec9c5c68692206b949ebbb2314b20,2026-05-12T20:44:07+00:00,2026-05-15T09:09:51+00:00,2,66.666665,66.66,0,0,1.7332590016666910,2
0xabc4bd161f810efb7020313be36a88a62e8aad83,2026-06-16T23:55:26+00:00,2026-06-16T23:55:26+00:00,1,0,0,6.012,0,5.999976,1
0xabc6e57534d95097d7c1fea30acb8ebe8bf80c10,2026-05-04T04:53:32+00:00,2026-05-27T03:25:10+00:00,2,27.027027,27.02,0,0,1.378278999000001,2
0xabca7d0eb18e5d10d60dcebc84ef445c170ad726,2026-05-21T11:43:45+00:00,2026-05-21T11:43:45+00:00,1,0,0,65.0,0,64.2850,1
0xabdd4e7ea7e0324b1dc6030b9e273f52b8e1c8d4,2026-05-27T08:36:46+00:00,2026-05-27T08:36:46+00:00,1,0,0,1.5228,0,1.4999580,1
0xabdfdcc8ffca8be1727a1865fc1d753c8de9a8f5,2026-04-06T04:12:01+00:00,2026-05-02T01:00:22+00:00,5,0,0,39.06,39.06,73.85742,5
0xabe1a72747f1b5f14bd0996733ab29f114b8efa3,2026-06-16T15:27:40+00:00,2026-06-16T15:27:40+00:00,1,2000.0,0,0,0,8.0000,1
0xabe94616a0b667df46e47dde4a4c3fc28c879b34,2026-05-28T19:02:28+00:00,2026-05-29T16:58:03+00:00,2,833.333333,833.33,0,0,19.1666289960000004,2
0xabfc0bd0da2981666c9094cdc20fefadcc494247,2026-06-15T23:03:22+00:00,2026-06-15T23:03:22+00:00,1,5000.0,0,0,0,20.0000,1
0xabfe613e23bdaa2d71ec75649983daf862696ad4,2026-02-11T23:43:07+00:00,2026-04-12T11:07:09+00:00,2,0,0,96.0,96.0,139.200,2
0xac060546d85e430f946ed301b22b28a20eecb47b,2026-05-08T07:23:44+00:00,2026-06-01T04:42:42+00:00,4,0,0,34.884585,32.72,66.4177439995486043,4
0xac12263f8d270bd758f6eee1b09503a1e6d9a26a,2026-05-10T08:46:09+00:00,2026-05-12T12:54:27+00:00,3,0,0,50.997646,50.99,100.304846999116442,3
0xac13cf641ddd14ea597acc4fa5d5d66c17ee7b74,2026-05-03T13:36:42+00:00,2026-05-05T10:11:54+00:00,2,0,0,72.614083,72.61,140.7947259974771834,2
0xac16752999c588db5385abe45114eb3bfd5c857f,2026-05-18T01:52:26+00:00,2026-05-18T15:32:17+00:00,2,0,0,87.43,87.43,172.84911,2
0xac20e62b3d9c44aa8cf2c20b80d7b74c8564cd24,2026-02-19T10:21:22+00:00,2026-02-23T07:05:50+00:00,4,3.921566,0.95,0,0,2.4369980000004422,4
0xac2a083b0ef8990e5fdcb8f9a19c4c5f41a2192a,2026-05-12T06:30:19+00:00,2026-06-03T05:25:36+00:00,4,0,0,176.539036,176.53,348.475484004,4
0xac3d10b61c4989880f2eac71fdf043bed4e178a7,2026-06-02T00:44:01+00:00,2026-06-11T15:04:48+00:00,2,0,0,297.0,297.0,591.0300,2
0xac4a1fabdac2438d6afa2a9e8e83845310a0bf1e,2026-04-06T05:29:51+00:00,2026-04-19T23:37:00+00:00,12,0,0,200.0,200.0,371.3800,11
0xac504e960700210a526461c3df8cfbd6c3938a29,2026-02-28T15:46:05+00:00,2026-02-28T15:46:37+00:00,2,31.372548,31.37,0,0,31.3712990000000156,2
0xac51f6e8cf1b6e244b42a50c6734b99944184018,2026-05-14T04:02:45+00:00,2026-05-27T15:13:55+00:00,2,0,0,635.6275,635.62,1255.9925300,2
0xac6a1ca423ef87d52b6baa7afb70c90229d22ed3,2026-02-13T13:40:15+00:00,2026-02-16T08:22:55+00:00,5,12.28,12.28,0,0,12.1544,5
0xac7229eedf32992e087d6af8c8deacb9ecb807c1,2026-04-12T18:10:11+00:00,2026-04-12T18:12:15+00:00,2,14.285713,14.28,0,0,1.8567990000000819,2
0xac7559630629bfb4d9df5ee4a7556f039b753653,2026-06-04T10:23:57+00:00,2026-06-04T11:30:13+00:00,2,0,0,12.930428,12.93,25.6664750001208716,2
0xac7b6d42110f68546ffb18f38b7cfae9cd912e00,2026-06-16T21:29:40+00:00,2026-06-17T06:47:40+00:00,2,833.333333,0,0,0,1.999998999000001,2
0xac839672bfbad35d7c7d02dceb370851f25526c4,2026-05-01T06:18:34+00:00,2026-05-01T06:18:34+00:00,1,30.0,0,0,0,0.9600,1
0xac85b069d3d4866ef5791b1615718dbe6956f014,2026-04-01T15:52:25+00:00,2026-04-01T15:52:25+00:00,1,14.285713,0,0,0,0.9999990000000819,1
0xac89455487230c7ffd0b73705075531a9bf6bc26,2026-06-16T13:28:01+00:00,2026-06-16T13:28:01+00:00,1,0,0,1.024,0,1.019904,1
0xacad719640f36eebb10367a584274b74eacc9470,2026-04-01T08:11:15+00:00,2026-05-04T15:35:52+00:00,2,0,0,23.31,23.31,44.47548,2
0xacb8d798d5892b3e97a2bbe04c9a844bddbee002,2026-05-02T03:59:48+00:00,2026-05-02T11:47:42+00:00,2,256.410255,171.79,0,0,16.5280189962820565,2
0xacc1231253c7dec8b99e548cdbc43f2623be9970,2026-05-08T01:31:47+00:00,2026-05-12T11:52:21+00:00,17,0,0,119.525472,119.52,234.1194759996911165,17
0xacc229cf44c4ea1be919d5f802d90d5baae57479,2026-02-13T13:52:21+00:00,2026-02-13T14:25:19+00:00,2,9.557691,9.54,0,0,9.7399989998173515,2
0xacce0bfbb466154993ff90f69991ce81f5b4b451,2026-04-13T14:14:27+00:00,2026-04-14T18:28:14+00:00,3,533.333330,0,0,0,29.9999980000000180,3
0xacd0ae0055f6574db9a099c7cff5a3dad5a23ff6,2026-05-26T11:44:06+00:00,2026-06-02T02:38:56+00:00,2,0,0,12.292088,12.29,24.2993879997445000,2
0xacd7bb59d62902ce1215ee3255aee7ec9593db5b,2026-05-04T04:06:04+00:00,2026-05-07T17:05:07+00:00,4,0,0,108.36,108.36,209.50152,4
0xacf64499c1ab4cf57e491c3b8757d88dff347a2b,2026-03-13T10:33:37+00:00,2026-03-19T19:56:33+00:00,2,3.225805,3.22,0,0,1.3541990000002475,2
0xacf9d586e04d7d8dd7bdce33ac70fb39b4e8c19f,2026-06-03T04:03:30+00:00,2026-06-06T19:03:09+00:00,75,13999.892875,13999.884443,0,0,230.4980980052126718,75
0xad11f096b81ffdb9ca0ba31c773e9aebdffaba41,2026-05-28T01:57:43+00:00,2026-05-28T01:57:43+00:00,1,0,0,1.317076,0,1.2999540000146084,1
0xad3672f44156e75701b195bac6dacbbd0627c9a2,2026-05-01T10:30:00+00:00,2026-05-07T00:38:06+00:00,6,0,0,161.41,161.41,311.63278,6
0xad42fc3c80f9e44da0e56639ec3b997ce8efe38f,2026-03-20T12:02:57+00:00,2026-03-20T12:02:57+00:00,1,41.666665,0,0,0,4.9999990000000320,1
0xad432c497d456ea1c9423724bf17af841ec7b63c,2026-06-03T06:05:27+00:00,2026-06-13T08:14:46+00:00,2,0,0,17.66125,13.24,30.72024000,2
0xad45e9875d382d0b6ca408a2ec1020584dacb8c9,2026-05-03T17:22:12+00:00,2026-05-09T18:05:22+00:00,2,1351.35135,1351.35,0,0,70.270249004054055,2
0xad4e509405ccc7240755051dc9894f9435ac7b07,2026-06-08T13:11:25+00:00,2026-06-13T13:21:40+00:00,4,200.0,200.00,0,0,1.40000,4
0xad5353afe30c2da57709e2704ef3ccdcf67eef24,2025-12-11T09:02:19+00:00,2026-03-18T21:21:29+00:00,117,1296.629509,20.0,1187.020641,10.39,1150.3008629984409492,109
0xad5666b913e3cae584a427a498083deb52371de2,2026-06-03T16:56:15+00:00,2026-06-03T16:56:15+00:00,1,555.555555,0,0,0,4.9999989950000010,1
0xad57e9b1b83e7eec04442bdc867cc0069a1c740b,2026-06-17T06:48:49+00:00,2026-06-17T17:29:38+00:00,2,0,0,285.27,285.27,569.11365,2
0xad5e5aaa4da79d94adeb02744d3feb31cda0e2f0,2026-05-11T23:02:56+00:00,2026-05-11T23:02:56+00:00,1,134.545453,0,0,0,2.9599989972727384,1
0xad6059e1c0b7be5df53d0d4efef3b7b512c49169,2026-05-25T20:39:38+00:00,2026-05-25T20:39:38+00:00,1,333.333333,0,0,0,4.999998995000001,1
0xad6c39c21c2b02e455633e9a2a83a287b3ce3c05,2026-06-17T17:59:29+00:00,2026-06-17T18:00:28+00:00,2,333.333333,333.33,0,0,1.333328999000001,2
0xad76e2ed62a0a8369387aa982fe1931cc4a0d92b,2026-05-14T06:58:14+00:00,2026-06-05T12:00:25+00:00,3,0,0,200.0,100.0,296.5000,3
0xad7ccc348007636767f88927a684e70941a46244,2026-04-29T18:55:40+00:00,2026-04-29T18:56:18+00:00,8,3333.00,0,0,0,99.9900,8
0xad821a130f6f4c3c40fa8c92ec61432ecb11025b,2026-06-05T18:10:01+00:00,2026-06-05T18:10:01+00:00,1,5000.0,0,0,0,30.0000,1
0xad8448590deaefa838b3301a930c0a228eb23df9,2026-06-04T14:43:04+00:00,2026-06-04T14:43:04+00:00,1,625.0,0,0,0,5.0000,1
0xad96914d7762dac84ebbabafe366ae8ff24dd498,2026-06-06T19:03:09+00:00,2026-06-07T22:21:27+00:00,7,0,0,149999.991426,0,149049.9914882012108546,7
0xad9786d98b07bdb72737b0af3ae781c3a31f3b48,2026-04-25T14:32:14+00:00,2026-04-25T14:32:14+00:00,1,100.0,0,0,0,5.000,1
0xad9ef288be4ed0f7d9210783ae1a581000b19ed0,2026-05-18T05:56:49+00:00,2026-05-26T00:47:21+00:00,2,441.666665,441.66,0,0,11.041579980,2
0xada241992ce45ae48df319fd9f3d31511e45d348,2026-05-13T05:51:52+00:00,2026-06-04T14:59:39+00:00,3,0,0,200.0,100.0,296.4000,3
0xadb8a0aef2f8599a56a55614a64f6485d922f4d5,2026-04-29T16:38:24+00:00,2026-04-29T16:38:24+00:00,1,266.25,0,0,0,10.6500,1
0xadd53cc0dd1ccb5d968c595b06b8b98da0c95843,2026-04-29T23:42:48+00:00,2026-05-10T22:18:44+00:00,3,0,0,20.714658,20.71,40.2957539996634044,3
0xae09c943050019293d233ae50d7b8a6d890a6b16,2026-05-12T12:30:28+00:00,2026-05-12T12:30:28+00:00,1,17.0,0,0,0,0.3230,1
0xae0eb86209077121cb2bff65d0cc7d1bbec36639,2026-06-09T16:12:09+00:00,2026-06-13T03:43:06+00:00,2,0,0,6.024,6.02,12.001844,2
0xae116a132a3f38e5c160be391c1f05067e96a3f1,2026-06-17T15:44:01+00:00,2026-06-17T15:44:01+00:00,1,8333.333332,0,0,0,24.999999996,1
0xae15e943d98c23d804bead4f19c763a2c2cb5b25,2026-02-16T01:45:09+00:00,2026-03-10T13:17:05+00:00,3,117.976255,117.0,0,0,94.4499979989681790,3
0xae28bdfca1fcba625735a6f4e3789eb8e35b7b65,2026-05-08T22:21:49+00:00,2026-05-09T00:09:34+00:00,4,0,0,594.512187,594.506015,1169.9939100058048875,4
0xae3c1dae6c1d73b50b5294656b4509d2a755f3a0,2026-04-30T15:15:14+00:00,2026-04-30T15:15:14+00:00,1,32.258063,0,0,0,0.9999990013871415,1
0xae44e937f48a8441f0376d6a95e5f0a68cb0a6ad,2026-05-19T09:27:13+00:00,2026-05-19T09:27:13+00:00,1,1111.111111,0,0,0,9.9999989990000001,1
0xae4eaed429457421736840dbecaa9316b5cbb7c9,2026-06-07T10:06:37+00:00,2026-06-07T10:06:37+00:00,1,0,0,10.04,0,9.99984,1
0xae5a271ed296f7851dc36fd8dac2018f2dfcf1ac,2026-03-30T04:06:36+00:00,2026-03-30T04:06:36+00:00,1,0,0,3.3617,0,3.159998,1
0xae631cc61595e32f89bd649f1f67c25ab0eb4a47,2026-06-14T12:56:49+00:00,2026-06-14T17:31:31+00:00,2,0,0,11.022,11.02,21.986896,2
0xae7c98235d5dc797edfa3d3af2e0334238a4487e,2026-03-06T13:36:27+00:00,2026-03-06T13:36:27+00:00,1,38.66,0,0,0,12.3712,1
0xae81fd873099252a463d5c41eea3c914bb91a99d,2026-06-08T18:29:57+00:00,2026-06-08T18:29:57+00:00,1,0,0,10.04,0,9.99984,1
0xae8739813b024631b3769e8788464795ee70d629,2026-06-15T21:19:57+00:00,2026-06-15T21:19:57+00:00,1,1250.0,0,0,0,5.0000,1
0xae91e6386cfe780909559d19d549f2ab866fabf8,2026-04-27T02:19:16+00:00,2026-04-27T02:19:16+00:00,1,7.93,0,0,0,0.34892,1
0xae95eb473a11a8e1629f6e151298c821c693a424,2026-05-18T04:34:05+00:00,2026-05-18T04:34:05+00:00,1,76.923075,0,0,0,0.9999989980769475,1
0xae9a4e352cc5882fce745ad1c7a19f4334117cea,2026-03-02T08:53:27+00:00,2026-03-18T23:31:09+00:00,6,16.812804,16.81,2.786884,2.78,10.9807959995124618,6
0xae9d0d2de6d93decc672e6129087cf5b605d8186,2026-03-05T02:28:15+00:00,2026-06-09T07:14:45+00:00,2,100.0,100.0,0,0,30.4000,2
0xaeb036a14193873b54613eb5dcd695435d93e10c,2026-06-09T20:06:07+00:00,2026-06-09T20:06:07+00:00,1,0,0,1.013,0,1.009961,1
0xaec91cddf6004c82f27a6216488bc817c36f9ce4,2026-03-08T05:04:37+00:00,2026-03-08T05:04:37+00:00,1,30.0,0,0,0,9.600,1
0xaed654698370e0e49a7476f6f8f077d0b5d25c5e,2026-05-17T18:48:56+00:00,2026-05-18T07:02:08+00:00,2,0,0,98.89,98.89,195.80220,2
0xaedd6c816358bc3bb09508d5c36699610244150c,2026-04-15T11:44:30+00:00,2026-05-04T15:30:42+00:00,49,0,0,3004.464782,3004.461577,5784.8702620070472891,46
0xaee08d3c20281b8e242dc9ecef62485eff0d2fc9,2026-04-30T17:53:34+00:00,2026-05-12T20:00:29+00:00,8,330.00,330.0,0,0,15.84000,8
0xaef3a1f4a98a20b350eff3c1bf48b41b16d3ec32,2026-06-14T03:05:52+00:00,2026-06-14T03:05:52+00:00,1,3333.333333,0,0,0,9.9999989990000001,1
0xaf002a981f0bc391c6b578d97b1e93c2a62ae63e,2026-04-05T07:30:37+00:00,2026-04-05T07:35:05+00:00,2,0,0,20.07,20.07,37.3302,2
0xaf07b49ddb4fed4ad88739378cc7aa62c59e508f,2026-06-14T17:21:19+00:00,2026-06-14T17:21:19+00:00,1,333.333333,0,0,0,0.999998999000001,1
0xaf0d639ad3f743098599ba0eb9a93a04b5e0a3f5,2026-06-16T06:46:13+00:00,2026-06-16T06:46:13+00:00,1,0,0,89.0,0,88.6440,1
0xaf0f8f053abb7b82e59789ace5c3d29b01e542d9,2026-05-30T20:51:10+00:00,2026-05-30T20:51:10+00:00,1,8816.96,0,0,0,96.879999984832,1
0xaf1dfa315efcec77b97ef2eb5ec6224d98a5e1b8,2026-06-09T09:04:16+00:00,2026-06-09T09:04:16+00:00,1,0,0,1.034,0,1.029864,1
0xaf2c09698a7f7d1bfe19fda3f7f604b95e78ecf0,2026-02-09T07:44:17+00:00,2026-03-21T18:49:19+00:00,2,3.508769,3.5,0,0,2.3499979998248371,2
0xaf3c92e8468782bf3461faf8352bd6612316ddd0,2026-06-01T04:17:44+00:00,2026-06-17T17:03:28+00:00,56,29410.1745,29410.17,0,0,536.649434528435,56
0xaf442bebe3d05c938db961e9bc8f14c2b9eabccc,2026-05-18T07:32:47+00:00,2026-05-18T07:32:47+00:00,1,416.666665,0,0,0,4.999999980,1
0xaf458bee32b8f1d9ba39ee876f20c7e3ce62ec7d,2026-05-01T14:58:14+00:00,2026-05-06T14:02:14+00:00,228,220000.12,219999.698820,0,0,14232.2682039983880011,228
0xaf591ce7261e236f6fc1914c52e24cb9627b646d,2026-06-07T17:33:36+00:00,2026-06-07T17:33:36+00:00,1,0,0,1.015,0,1.009925,1
0xaf61f9249f16b612ac91a23c5c7fcdf327b296e9,2026-03-04T16:08:39+00:00,2026-03-04T16:08:39+00:00,1,166.666665,0,0,0,49.999999000000005,1
0xaf64c5b0dba1d1d3256f9a8fa1a89ae2ac33177a,2026-06-11T04:36:16+00:00,2026-06-11T04:52:09+00:00,2,0,0,24.749,24.74,49.365282,2
0xaf7a459d26b0b2d546fcf5d69faca69e57fa01f6,2026-06-05T19:26:10+00:00,2026-06-16T04:41:07+00:00,3,875.857142,0,0,0,3.998998994000006,3
0xaf828d3c6f071883f421dcb9bba5dc19b87e17fe,2026-06-06T01:37:01+00:00,2026-06-06T05:43:18+00:00,2,2542.857142,0,0,0,17.7999990168571444,2
0xaf99d090085c0496a761e775b25cf46515e57323,2026-06-16T12:05:01+00:00,2026-06-16T12:05:01+00:00,1,20000.0,0,0,0,100.0000,1
0xaf9a76e9fefe44712cd04e036480c89e7833983b,2026-05-02T09:47:38+00:00,2026-05-02T17:48:38+00:00,2,0,0,60.11,60.11,115.59153,2
0xafa158f5c022c73e358bff88df38106b5fc399ab,2026-06-13T22:43:42+00:00,2026-06-14T10:52:33+00:00,2,0,0,103.41,103.41,206.19954,2
0xafaa2576b1a904b25f0a435f76f7b158d2dff0e4,2026-05-09T00:12:57+00:00,2026-05-12T12:49:52+00:00,5,0,0,272.44,272.43,536.21109,5
0xafb59a5e5eacf09b40ae0c725361661915a26d0c,2026-06-17T14:58:20+00:00,2026-06-17T14:58:20+00:00,1,333.333332,0,0,0,0.999999996,1
0xafbc731830384e26964c47a968191881367fcb2d,2026-06-09T11:23:10+00:00,2026-06-09T11:23:10+00:00,1,600.0,0,0,0,3.0000,1
0xafbcfbb51d831d53f0bdd8e5cc2333b548eb18c6,2026-02-28T19:52:57+00:00,2026-03-25T21:57:23+00:00,100,482.15,0,650.71,0,666.96250000010,100
0xafc19b97c117564d279f08797ae2cc6fd7cc2560,2026-05-10T11:42:56+00:00,2026-05-26T09:39:19+00:00,2,277.777776,277.77,0,0,8.6110089957777840,2
0xafd4538987cff2378cd85d058d739eb4d644375e,2026-02-25T08:00:44+00:00,2026-03-12T04:07:51+00:00,2,4.255318,4.25,0,0,3.4449990000001242,2
0xafd4bbb7fba90623ab456684f6d03b8331ddf648,2026-05-26T15:16:42+00:00,2026-05-28T13:44:55+00:00,3,1294.117647,294.11,0,0,20.2352089990000002,3
0xafdb088cf6d7f65f75035ba284005300edfa621e,2026-05-01T04:11:46+00:00,2026-05-01T09:12:32+00:00,2,0,0,57.16,57.16,110.71892,2
0xafeaa13403a0b78b4c45c4263789fe151c3cdb1f,2026-06-02T10:45:22+00:00,2026-06-02T10:45:22+00:00,1,100.0,0,0,0,1.000,1
0xafee5d9cec28d692ed03821275d6306572743e91,2026-06-10T22:03:57+00:00,2026-06-11T09:06:54+00:00,2,0,0,10.02,10.02,19.98990,2
0xaffd6c0e602e4e03be1b78f58100d8992c412c4a,2026-05-17T18:48:56+00:00,2026-06-04T16:56:09+00:00,7,16249.990125,16249.99,0,0,293.749851000,7
0xaffdf4f3fe045a5829315ef2b47a593eda49c3f5,2026-03-14T21:21:31+00:00,2026-03-16T18:20:29+00:00,2,138.709676,138.7,0,0,83.222999005161296,2
0xaffe3fccda43f0e0481e1ec6850508e79ac795c9,2026-04-30T16:58:32+00:00,2026-04-30T16:58:32+00:00,3,771.428568,0,0,0,27.0000000342857136,3
0xb0029883065f40b3406de40e4b102195aee2bc16,2026-03-14T12:24:49+00:00,2026-03-14T12:24:49+00:00,1,161.290321,0,0,0,49.9999989938709728,1
0xb00a931266c43046be0688a0bf624cc39dd9001b,2026-04-27T13:16:58+00:00,2026-04-27T13:17:06+00:00,2,30.0,30.0,0,0,2.4300,2
0xb01f6dcfdb538b223a403d3e9146a397b9c554f5,2026-06-16T06:45:06+00:00,2026-06-16T06:45:06+00:00,1,0,0,48.1325,0,47.9399700,1
0xb02314a883fe60dc0a7c15b2f990a30be0bb974b,2026-05-01T12:44:04+00:00,2026-05-07T02:32:29+00:00,6,0,0,166.77,166.77,322.01723,6
0xb02fcf45a269ecb15d3ab9419b08f2b2648c7155,2026-06-16T09:25:25+00:00,2026-06-16T18:47:01+00:00,2,1666.666666,0,0,0,6.9999989980000010,2
0xb036475ba9b267285903929f0ac6de8ab9bb321a,2026-05-08T20:08:51+00:00,2026-06-14T11:07:06+00:00,2,450.980390,0,0,0,2.9999980032941336,2
0xb03ce7c085aa43a4bd0c0bc004dd4feaed9e5cfc,2026-06-15T05:27:36+00:00,2026-06-17T08:35:52+00:00,2,0,0,10.02,10.02,19.98990,2
0xb059ddb622094eebeb27e0f45ef5565c8eb01035,2026-05-04T01:36:30+00:00,2026-05-11T20:00:32+00:00,6,0,0,181.48,181.48,351.89570,6
0xb05ef9143e9e611bab02ed80c8b2a46ed487703b,2026-06-14T20:14:21+00:00,2026-06-14T20:14:21+00:00,1,0,0,8.016,0,7.999968,1
0xb061cc1f3d94cd45af5a09174d5602398c227486,2026-04-30T15:11:26+00:00,2026-04-30T15:11:26+00:00,1,322.580644,0,0,0,9.9999999962580644,1
0xb06aeb2b6e388bb1a3d86e6a30af463edf5340f6,2026-05-15T08:18:14+00:00,2026-05-15T09:44:53+00:00,2,0,0,165.63,165.63,327.61614,2
0xb06bbdfaf487ca1416078ae7bcd96489f42ca61b,2026-06-15T15:06:48+00:00,2026-06-15T15:06:48+00:00,1,47085.0,0,0,0,188.3400,1
0xb0725fe50d53a97e93f52e6c6bacf9b0de2c3347,2026-05-27T02:58:33+00:00,2026-05-27T02:58:33+00:00,1,0,0,1.247428,0,1.2299640000164608,1
0xb077a68186184fbd65d52564f21fa06ddfc6ddc6,2026-04-06T06:56:41+00:00,2026-06-06T15:33:39+00:00,2,55.555554,55.55,0,0,5.3332989988889130,2
0xb08bb018e1c40b6e0ada794b962b7e8c95991f03,2026-01-31T07:13:10+00:00,2026-03-02T12:19:13+00:00,2,10.0,10.0,0,0,8.800,2
0xb091d0a9706a9a32f2ee94ff96594d00cd87afaa,2026-06-15T18:01:37+00:00,2026-06-15T18:01:37+00:00,1,0,0,78.355,0,78.119935,1
0xb099a6698386c61ca40d0514e22268bd56629f5d,2026-04-08T07:23:15+00:00,2026-04-11T01:46:11+00:00,2,14.0,14.0,0,0,2.380,2
0xb0af91dcd682d0dc2b1f3bbd6c60680c9ff1d41c,2026-05-01T07:47:42+00:00,2026-05-03T06:18:52+00:00,4,0,0,58.60,58.59,113.10023,4
0xb0b192b7bb935b67b44d7287e7ae664a57ffaf68,2026-06-15T19:50:27+00:00,2026-06-17T12:47:44+00:00,5,11065.833330,0,0,0,40.929999990,5
0xb0b57f846906483311d92fe23bc4132f221317ae,2026-05-03T17:33:10+00:00,2026-05-03T17:33:10+00:00,1,81.081081,0,0,0,2.9999989997027037,1
0xb0bcab2d3a73ec6e8dd80792f0678bf3b7b0ef90,2026-06-17T09:10:10+00:00,2026-06-17T09:10:10+00:00,1,0,0,286.86,0,285.99942,1
0xb0c3a1689b27117acb29411edbaf177f7eaba3cd,2026-05-08T11:07:28+00:00,2026-05-08T11:07:28+00:00,1,344.827586,0,0,0,9.9999989940000006,1
0xb0c3d26ead947ac1a110b56e5e5e5923d5ca0b92,2026-05-11T11:06:52+00:00,2026-05-11T11:06:52+00:00,1,50.0,0,0,0,1.000,1
0xb0d5791d740bcf4f69eec023bd921cd7fe93c6fd,2026-05-17T16:10:41+00:00,2026-05-18T02:33:30+00:00,2,0,0,89.11,89.11,176.34869,2
0xb0d62e7959377b18fd63b772c74147724e0e7475,2026-05-26T15:23:03+00:00,2026-05-26T15:23:52+00:00,2,0,0,50.00,0,49.20000,2
0xb0de852c05466f9fe78b26f94c5430fe89ec8cd7,2026-06-11T19:01:39+00:00,2026-06-11T19:01:39+00:00,1,0,0,1.002,0,0.999996,1
0xb0e27e1fed1474f4d5d1cbd418b1b1f43cf94516,2026-06-11T12:15:27+00:00,2026-06-11T12:38:21+00:00,2,0,0,5600.0,5600.0,11172.0000,2
0xb0e31535ae9166baef870d571060975a4ca0c961,2026-06-07T03:08:31+00:00,2026-06-11T03:23:43+00:00,2,0,0,334.0,334.0,665.6620,2
0xb11ebd1cdd2b8091f3e154272f0655b3c8151352,2026-06-12T02:05:54+00:00,2026-06-12T06:11:33+00:00,2,0,0,1499.08,1499.08,2990.66460,2
0xb1241479cf3811cc929deb524c32c07147a67047,2026-04-30T02:37:48+00:00,2026-05-03T15:11:12+00:00,2,37.037037,27.77,0,0,1.999718999000001,2
0xb12602f6a05a8d145648fb79fd3958716af6d7fa,2026-05-28T19:55:06+00:00,2026-05-28T20:36:52+00:00,2,12889.878333,12889.87,0,0,286.6265000637945142,2
0xb12d2a6bbbf5e820b64394ee653789007fae5065,2026-05-27T08:06:06+00:00,2026-05-27T08:06:06+00:00,1,0,0,1.8274,0,1.7999890,1
0xb135c3512dec4cc99512d4b390ae720236706525,2026-06-06T19:03:09+00:00,2026-06-07T05:49:03+00:00,2,0,0,54.02,54.02,107.44578,2
0xb13805ad5eeab93adc203598a5da6c25e60736ab,2026-03-13T12:42:51+00:00,2026-03-31T14:46:01+00:00,6,0,0,12.769256,12.76,20.9943949999970672,6
0xb138382a7407238578e4a975b2693b2c4fbbfc4f,2026-06-03T01:20:12+00:00,2026-06-03T01:20:12+00:00,1,111.111111,0,0,0,0.999998999000001,1
0xb1476a7f721c2ffee6eb58f8c8691e89481330a4,2026-06-09T15:49:25+00:00,2026-06-09T15:49:25+00:00,1,0,0,10.04,0,9.99984,1
0xb1783dcdfaa39d4b0798f919bafea1e7a11d1fa0,2026-04-19T07:24:50+00:00,2026-04-19T07:24:50+00:00,1,400.0,0,0,0,20.000,1
0xb17c3ebf406be91582ad847a3acea28bfded3aa2,2026-06-16T23:56:59+00:00,2026-06-17T00:38:05+00:00,2,0,0,4300.0,4300.0,8578.5000,2
0xb17ccbb5d186b070ea1848ff33020fb39f7d8109,2026-05-30T23:00:38+00:00,2026-05-30T23:00:38+00:00,1,407.272727,0,0,0,4.4799990195454552,1
0xb186ec58be2dc4f5776d2568e2b91e30a6521ad9,2026-03-24T11:59:15+00:00,2026-03-24T11:59:15+00:00,1,62.5,0,0,0,5.000,1
0xb18e409ae6d65acff4484708dfd70123da51e00e,2026-02-06T14:33:27+00:00,2026-02-06T14:33:27+00:00,1,0,0,163.683694,0,74.9999989975990098,1
0xb199ed2c6aa5b7cdde7a9a22cf6763882eefc8a3,2026-04-28T12:58:02+00:00,2026-04-28T12:58:02+00:00,1,30.0,0,0,0,1.4700,1
0xb19c8578b12f044c5ad6ef7144bbea3f71af2467,2026-06-13T18:57:30+00:00,2026-06-13T18:57:30+00:00,1,33333.333333,0,0,0,99.999999999,1
0xb1a032323d7a446912df7e0909b656b2ff0e361f,2026-05-02T20:23:26+00:00,2026-05-03T02:27:24+00:00,2,0,0,58.54,58.54,112.63096,2
0xb1affa28db1509e4436d1c0588e31bf459550c3c,2026-06-04T23:22:13+00:00,2026-06-06T22:47:48+00:00,2,166.666666,150.0,0,0,2.099998994000004,2
0xb1c27012a2cc665bcf09a0373787ebfedd2c7ced,2026-05-09T16:10:47+00:00,2026-05-29T01:33:12+00:00,178,0,0,6557.695997,6557.693468,12901.0792580000723379,170
0xb1d8ec3a2202253426674813f1c115c397d71033,2026-05-03T11:23:52+00:00,2026-05-03T19:25:06+00:00,2,0,0,52.39,52.39,100.95553,2
0xb1db21dbe0a14b6dfe7ff19d330c381d34833988,2026-02-22T10:34:38+00:00,2026-02-22T10:34:38+00:00,1,10.0,0,0,0,4.400,1
0xb1decc6b244ea3a4e3c1e59a1060f4d64397b375,2026-06-08T15:50:04+00:00,2026-06-08T15:50:04+00:00,1,1083.333333,0,0,0,6.4999990230000003,1
0xb1eb1489fd649a3adf1115538fea6ed34ddbd9fc,2026-06-11T12:04:28+00:00,2026-06-11T12:04:28+00:00,1,0,0,1.002,0,0.999996,1
0xb20711e6bfb5ee3f9aea1c679d0482ff1b7df7a9,2026-06-11T18:36:10+00:00,2026-06-11T18:36:10+00:00,1,500.0,0,0,0,1.5000,1
0xb20b5168cf35dcc590c5819e7d1cf7ef1b9ad46e,2026-06-08T00:31:34+00:00,2026-06-08T14:37:22+00:00,3,1047.97,447.97,0,0,8.56933998815,3
0xb21260088b77dd0ef50480e74feeb2d273e8b076,2026-06-08T05:42:58+00:00,2026-06-08T05:43:01+00:00,2,0,0,11.5074,11.5,22.8808630,2
0xb214c59b26618165e8a588a0dc61d9b4a590bb2a,2026-06-12T11:48:51+00:00,2026-06-13T20:42:40+00:00,2,0,0,40.0,40.0,79.8000,2
0xb22078e030851acf6400c2637b70a57c50502a5d,2026-04-04T14:14:45+00:00,2026-06-11T13:57:34+00:00,10,1000.00,1000.0,0,0,42.0000,10
0xb223b08aa8461c1bbff4344fb31a4baea31e156b,2026-06-12T14:57:16+00:00,2026-06-12T14:57:16+00:00,1,3333.333333,0,0,0,9.9999989990000001,1
0xb22895fcdc9d368ef47b7feb476412283bd3ea0b,2026-06-04T13:46:06+00:00,2026-06-04T19:34:58+00:00,11,9000.0,9000.00,0,0,135.00000,11
0xb2496133ab2deb02baa87310a65aa131d1384fc5,2026-05-12T21:50:14+00:00,2026-05-12T21:50:14+00:00,1,400.0,0,0,0,6.0000,1
0xb24b01c2c10086435d573b45ae488e5b4f82848c,2026-03-04T04:52:43+00:00,2026-06-08T08:33:00+00:00,2,157.4625,157.46,0,0,50.78730000770125,2
0xb257e76698dd9abe776c5070ee9b38a898df0ef6,2026-04-19T22:31:30+00:00,2026-04-28T16:28:46+00:00,2,44.390242,0,0,0,1.9999990000488524,2
0xb25cae76cd218a1edea17e997f67dd5b58b65e6a,2026-06-12T02:11:28+00:00,2026-06-12T02:11:28+00:00,1,0,0,1.202,0,1.199596,1
0xb25e2ca617fd6fa58ab1c80d0bb1acf1a716fad2,2026-06-16T23:55:26+00:00,2026-06-16T23:55:26+00:00,1,0,0,4.719,0,4.709562,1
0xb2679e8714df57ac21897432875dccf4890de784,2026-04-22T13:46:22+00:00,2026-04-22T13:46:22+00:00,1,69.76744,0,0,0,2.999998999069792,1
0xb27491613dace24b02931d0b634b95077644fa10,2026-06-06T05:16:43+00:00,2026-06-06T05:16:43+00:00,1,714.285714,0,0,0,4.9999989980000004,1
0xb282292389495bea9e5119b9ac51e24a2df876ae,2026-05-11T00:21:19+00:00,2026-05-11T00:21:28+00:00,2,50.0,50.0,0,0,2.000,2
0xb2856a3c737e0aa11d020b380dd27f3b5a823c15,2026-06-08T09:10:15+00:00,2026-06-08T13:13:45+00:00,2,0,0,9.0452,9.04,17.9947740,2
0xb289245fa2366a09ce3a5e2ba0c8b632d7b533b5,2026-05-15T14:51:38+00:00,2026-05-15T14:51:38+00:00,1,300.0,0,0,0,3.000,1
0xb28e3e711ff3ad52d6cc8b2b463cd6313280cc7b,2026-05-07T07:13:20+00:00,2026-05-07T15:14:14+00:00,2,0,0,25.05,25.05,48.54690,2
0xb29054e637dad1e49aa8668348fea963b9138cee,2026-05-27T15:52:01+00:00,2026-05-27T15:52:01+00:00,1,83.333333,0,0,0,0.999998996000004,1
0xb2a2d9524623a46f25fbe9e45250f4d1960f9f1e,2026-03-05T02:28:43+00:00,2026-03-19T00:29:27+00:00,5,6.451610,3.22,1.369862,1.36,5.3137970000006874,5
0xb2a90b91990b5ea32a52eab8602c6a844e73a958,2026-04-17T13:03:50+00:00,2026-04-30T05:44:38+00:00,2,80.0,80.0,0,0,5.9200,2
0xb2b4aa9329735afb5d84bedb81167e6524c5c209,2026-05-10T15:24:50+00:00,2026-05-11T03:12:33+00:00,2,0,0,52.95,52.95,103.83495,2
0xb2b6d7e8032abea962c972ddc9f926524b0d9410,2026-05-05T02:32:42+00:00,2026-05-05T02:32:42+00:00,1,200.0,0,0,0,5.0000,1
0xb2bacf64b1bb086b4b07bf0199154f2c0509af8d,2026-06-09T04:07:40+00:00,2026-06-09T04:07:52+00:00,4,0,0,12.028,12.02,23.939788,4
0xb2d4a5a06f1c2cb8062421a371eb194ed8f8361e,2026-06-12T14:46:36+00:00,2026-06-12T14:46:36+00:00,1,0,0,1.002,0,0.999996,1
0xb2daabc63b0064b2b9d36bc339444a1b7f01391f,2026-04-13T13:32:37+00:00,2026-04-13T13:32:37+00:00,1,833.333332,0,0,0,49.9999990033333348,1
0xb2e1f19540a8b8c26602b7a80113ed804aaf8131,2026-05-06T20:50:15+00:00,2026-05-07T01:55:55+00:00,2,0,0,40.28,40.28,77.90152,2
0xb2f0ec6ca572b140e0335a4b95116bf7f9f55ec0,2026-06-16T14:19:14+00:00,2026-06-16T14:19:14+00:00,1,0,0,92.0,0,91.6320,1
0xb2f2ad12b5db390d87382ac27f14e9d852cf64be,2026-06-12T08:39:13+00:00,2026-06-12T08:39:13+00:00,1,0,0,1.002,0,0.999996,1
0xb2f32986ee2f3091d67f3e2a990c4e4978b9e6f8,2026-05-21T13:20:02+00:00,2026-06-03T16:36:09+00:00,2,2362.222222,2362.22,0,0,40.1577590531111112,2
0xb2f51ca34e346397bacefeee952d1c35fa4bc37c,2026-06-16T23:55:20+00:00,2026-06-16T23:55:20+00:00,1,0,0,21.513,0,21.469974,1
0xb2f58cf88e0ee4faac251ff36b0b903afb18f8eb,2026-06-11T08:19:18+00:00,2026-06-11T08:19:18+00:00,1,0,0,1.002,0,0.999996,1
0xb2fa97909198fbca64cf24764870426523d0206c,2026-05-02T00:06:54+00:00,2026-05-10T17:26:53+00:00,4,0,0,35.58,35.58,68.97114,4
0xb301ddba810aca4cf080796351ebc0bf5e4d6803,2026-05-14T10:18:44+00:00,2026-05-14T10:18:44+00:00,1,71.42857,0,0,0,1.000000001428571,1
0xb310776b6f963953a9c4b24be8dd08f101e3aad6,2026-05-17T13:56:11+00:00,2026-05-17T19:00:22+00:00,4,0,0,14.092559,14.09,27.9751969998321401,4
0xb31871d4f6ef44020abda3a97597d09ebb882714,2026-06-02T11:15:46+00:00,2026-06-14T00:46:45+00:00,2,0,0,100.0,100.0,198.7000,2
0xb31c9c7aed1bb41189b875500bbce0e72fdbfca0,2026-05-08T02:43:21+00:00,2026-06-11T14:07:15+00:00,4,0,0,729.45,729.45,1431.54970,4
0xb33686c2b5988cf9008e95f1247b9936289c9bc2,2026-06-11T12:58:10+00:00,2026-06-11T12:58:10+00:00,1,3333.333333,0,0,0,9.9999989990000001,1
0xb33b8268388599efa70112d5b944ff8d2a1f7c41,2026-06-17T09:10:10+00:00,2026-06-17T09:10:10+00:00,1,0,0,54.66,0,54.49602,1
0xb3472a1ff7ebc53e2ecda6680a9ed50f1516accd,2026-05-16T08:13:28+00:00,2026-06-16T04:00:03+00:00,2,0,0,28.0,28.0,55.6920,2
0xb34abb68347d1369afd5ad12b9713e8ab0c9919a,2026-04-25T11:01:54+00:00,2026-04-26T10:42:06+00:00,2,2055.521885,2055.52,0,0,201.2611288895659915,2
0xb34dc1f6b56c295fa8ad1fa9fc2b3f897ed9c8ed,2026-05-13T05:51:33+00:00,2026-06-04T14:58:28+00:00,3,0,0,200.0,100.0,296.4000,3
0xb36b3ad59f7cf6e40c1f2de3631dfd4ce6656b53,2026-06-08T14:47:12+00:00,2026-06-08T14:47:16+00:00,2,0,0,11.807,11.8,23.500772,2
0xb36cda8ebbc412d1988d0e99d4c2080f0a4747b1,2026-03-04T04:55:25+00:00,2026-06-08T08:35:40+00:00,2,93.75,93.75,0,0,30.46875,2
0xb380dbf68884b7b40bcffa0fe3a21b82196886ef,2026-05-04T15:30:42+00:00,2026-05-08T07:52:00+00:00,2,31.25,31.25,0,0,1.81250,2
0xb383adcbdb6394c551b997ddbb9ce6cb7e5a452b,2026-03-06T17:41:39+00:00,2026-03-17T13:29:53+00:00,6,127.766665,127.76,0,0,79.0933990023600165,6
0xb38e398d8ffa44ef32fd7089a57f5ee5ad7d007a,2026-05-03T10:32:06+00:00,2026-05-03T10:32:06+00:00,1,0,0,10.373416,0,9.9999730001411432,1
0xb38ea393a17280ebcfd9be6b47b161d5cdb8272b,2026-06-16T15:40:05+00:00,2026-06-17T08:18:55+00:00,8,3999.987499,0,0,0,8.9999729970000020,8
0xb39177def1c005b4751bad4479e9139684273b18,2026-02-02T01:37:06+00:00,2026-05-15T03:31:00+00:00,3,38.413075,38.41,0,0,22.2493269985399811,3
0xb39595857d1caa721ba5bb3febb1d5eeb90b3a1f,2026-06-04T14:10:22+00:00,2026-06-06T19:36:49+00:00,2,875.0,875.0,0,0,11.3750,2
0xb39c1c08eed4eeef8ae4f6852f70b17f4d2065c5,2026-06-13T23:58:57+00:00,2026-06-14T15:28:19+00:00,2,0,0,294.28,294.28,586.79432,2
0xb39df61e7fb34e8a09e62209f22f2763ca5e6cc9,2026-01-25T21:28:18+00:00,2026-02-16T02:36:19+00:00,2,0,0,5.0,5.0,5.150,2
0xb3aa9b12c28a7302895af83b6a018132636523f9,2026-06-07T18:40:33+00:00,2026-06-07T18:40:37+00:00,2,0,0,11.7486,11.74,23.3594170,2
0xb3abed36eb6208586642e71a0b8d877e27a564f8,2026-06-07T12:02:25+00:00,2026-06-07T12:02:25+00:00,1,0,0,40.120333,0,39.999972001,1
0xb3b0558f91a7227cd444e901e0e87ea0fc347644,2026-05-18T07:55:56+00:00,2026-05-18T12:25:11+00:00,2,0,0,354.75,354.75,701.69550,2
0xb3b68b23a167f2f765caf5f055fc0299f06da63c,2026-05-09T18:28:06+00:00,2026-05-09T18:28:06+00:00,1,62.5,0,0,0,1.0000,1
0xb3bae36aedfd7e66d7d6a782f9d01df72814f948,2026-05-01T06:18:34+00:00,2026-05-01T06:26:28+00:00,2,5300.0,5300.0,0,0,323.3000,2
0xb3cd88851fed22e69f57bae69eb83fdd824513b6,2026-05-15T03:38:16+00:00,2026-05-15T06:49:16+00:00,2,0,0,7.092153,7.09,14.0048749996525552,2
0xb3d4615b09b07d723627f2e3d8e149c64c5ff1f0,2026-03-22T04:33:41+00:00,2026-03-24T05:25:07+00:00,2,0,0,5.0,5.0,9.100,2
0xb3d4c3aec894c555aad1d442421260bae491e68a,2026-05-03T13:14:46+00:00,2026-05-03T20:38:54+00:00,3,27.027026,27.02,0,0,1.9727199998378364,3
0xb3d7d66dc60ceb9aea9f60d6fd042a50f5c43377,2026-04-07T01:10:11+00:00,2026-04-07T20:44:51+00:00,3,50.00,50.0,0,0,8.5000,3
0xb3d9d4e78072a16b46d126980473187747e75f9c,2026-06-08T07:33:28+00:00,2026-06-11T02:21:30+00:00,2,0,0,220.0,220.0,438.2400,2
0xb3ee53f062be6abdb41474b776d1de43905d332f,2026-05-13T13:18:54+00:00,2026-05-13T15:37:55+00:00,2,169.285714,169.28,0,0,4.4013589972142874,2
0xb3f11bc13a87ac378121984c3f94ee115b444464,2026-03-02T11:43:03+00:00,2026-03-22T22:22:21+00:00,3,19.0,19.0,0,0,8.340,3
0xb3f42f0f574814b3ec1ba61ee6a48a12d555906f,2026-05-02T12:14:52+00:00,2026-05-07T01:18:17+00:00,4,0,0,95.44,95.44,183.96537,4
0xb3f901cd6eb8d9c551929393db65f42ab7ff781b,2026-06-11T15:04:48+00:00,2026-06-11T15:04:48+00:00,1,500.0,0,0,0,1.0000,1
0xb3f9284dadf0b79bffd94b72215573547ce547c2,2026-05-05T12:47:40+00:00,2026-05-05T19:52:16+00:00,2,0,0,56.2,56.2,109.4214,2
0xb4119278ce385787c189b9a597f25d88fb978a7c,2026-06-15T11:09:52+00:00,2026-06-15T11:09:52+00:00,1,250.0,0,0,0,1.0000,1
0xb414bd8d17c921cdaf49023f653710c2b5324cd5,2026-05-04T12:53:20+00:00,2026-06-17T18:04:04+00:00,346,0,0,28876.539395,28876.538692,56980.8300390122642906,327
0xb419b8ca025e77cbb87b305df33ef87f64f95a0c,2026-05-10T08:46:09+00:00,2026-05-10T08:46:09+00:00,1,294.117646,0,0,0,5.0000000114117646,1
0xb422f09dd945dce7e711c745d5f56836412fc97b,2026-06-04T08:11:27+00:00,2026-06-04T13:49:06+00:00,2,625.0,625.0,0,0,9.3750,2
0xb4261378733294ea83bfe6e8b46006984a5af8ea,2026-06-08T07:07:55+00:00,2026-06-11T06:42:25+00:00,3,566.666666,566.66,0,0,4.5333190093333358,3
0xb42cd36616d63a72b8450c1ba2293a25500a60f1,2025-12-20T08:45:16+00:00,2025-12-30T11:45:15+00:00,2,0,0,30.0,30.0,36.35000000100,2
0xb43c40e006a2ff5d2c84f2ad92286943a7f0066d,2026-06-13T07:17:43+00:00,2026-06-14T03:18:57+00:00,2,0,0,49.44,49.44,98.58336,2
0xb4512a5b28b9bcaae34f0ef2630f618bb6a03f57,2026-06-07T09:18:33+00:00,2026-06-07T09:18:33+00:00,1,10000.0,0,0,0,50.0000,1
0xb453c7ad00761c1b66909faa7d312bde6e83c257,2026-05-25T23:02:39+00:00,2026-05-25T23:02:39+00:00,1,66.666665,0,0,0,0.9999990016666910,1
0xb45bc96a696fec2fce4e1aeef48484b2fab4101e,2026-05-08T06:45:12+00:00,2026-05-26T14:10:31+00:00,2,0,0,57.553925,57.55,112.6867190019784300,2
0xb45e0d42f591ce541b4e9f9389de5adf0d9c57f1,2026-05-19T00:24:54+00:00,2026-06-10T06:47:22+00:00,4,0,0,532.0,532.00,1058.14800,4
0xb46508dca739e04ab1d03d1da3937c3189e4d7f2,2026-05-02T15:50:22+00:00,2026-05-03T04:55:22+00:00,2,25.0,25.0,0,0,1.9250,2
0xb4746ca382f7fdda411ee400230dc2ded1ced6b6,2026-05-01T09:41:38+00:00,2026-05-14T02:21:11+00:00,4,0,0,49.380622,49.38,96.4297510018166986,4
0xb483d5718da4ac6f2aa39dc933f2043c5a3a0880,2026-05-20T12:53:56+00:00,2026-06-16T18:08:04+00:00,599,0,0,4917.073332,4917.065027,9768.2226810004129001,599
0xb484942f04bff0798b844d0dc3b8775e78dd6f4a,2026-05-15T13:57:44+00:00,2026-05-15T13:57:44+00:00,1,0,0,5.51,0,5.4549,1
0xb4884bbca9291e5a31a34757e7c97fea60bc8897,2026-04-24T19:29:34+00:00,2026-04-24T19:29:34+00:00,1,22.100652,0,0,0,1.0000000005821028,1
0xb49ca9711f0c965ad48522dbb0694da6fd97a67c,2026-06-06T16:12:57+00:00,2026-06-08T13:01:42+00:00,2,12000.0,12000.0,0,0,120.0000,2
0xb4b7140e8fc8d331749d20640452da362bf476c7,2026-06-03T15:01:52+00:00,2026-06-03T19:07:15+00:00,3,0,0,41.93,41.93,83.14719,3
0xb4ba8f2a1bd08a73af64b2abc82f5e43569841e6,2026-03-09T15:45:59+00:00,2026-03-18T18:37:03+00:00,22,3518.820539,0,0,0,1107.9531089824560127,22
0xb4c0051dbb74caf47f04164369d3b1b046b13710,2026-05-24T23:25:44+00:00,2026-05-24T23:25:44+00:00,1,0,0,1.01109,0,0.999967999990209,1
0xb4f0f0a1c46aca4de34f4d2216363ea69d58f749,2026-03-19T19:13:25+00:00,2026-03-19T19:13:25+00:00,1,8.333332,0,0,0,0.9999990000001344,1
0xb4f2f0c858566fef705edf8efc1a5e9fba307862,2026-06-02T06:41:41+00:00,2026-06-15T08:20:01+00:00,2077,917033.250398,917033.246648,0,0,5762.9688339631511927,2056
0xb4fe307cc3e10808784febc8bca56389eca78c79,2026-05-15T04:09:25+00:00,2026-06-05T16:55:34+00:00,3,0,0,200.0,100.0,296.6000,3
0xb5035d603ce3daee0c54b4af35e9815a2af73415,2026-05-10T00:55:47+00:00,2026-05-10T00:55:47+00:00,1,125.0,0,0,0,2.0000,1
0xb5076dbe5e2a6ce08f5c108ef6ae37af1b3fb627,2026-05-27T02:25:26+00:00,2026-05-28T05:15:39+00:00,2,317.333333,317.33,0,0,8.8852890112666677,2
0xb508ee5e7ee60643fcf0ee8a4a59f67fbf260ee6,2026-06-13T02:44:51+00:00,2026-06-13T02:44:51+00:00,1,0,0,10.02,0,9.99996,1
0xb50cb91fd67c398ea64118c4410f52eaffe7207b,2026-05-03T01:48:42+00:00,2026-05-03T06:52:54+00:00,2,0,0,27.65,27.65,53.25390,2
0xb5120413add83f8eaaa5c32e5e851878cb08b7a1,2026-06-11T11:46:55+00:00,2026-06-11T11:46:55+00:00,1,0,0,1.002,0,0.999996,1
0xb51d64fddb8e10caacd2120a9ad83cccd85081a6,2026-04-10T07:48:19+00:00,2026-04-10T07:48:19+00:00,1,342.6,0,0,0,34.26,1
0xb5273b2aac92e4280b4c89218f6df3e8ec1edd69,2026-03-04T18:58:39+00:00,2026-04-21T07:22:34+00:00,3,7.125,7.12,0,0,2.57904,3
0xb52e392589009829a6a92bd78729b9f449f86104,2026-05-05T02:34:28+00:00,2026-06-15T13:44:18+00:00,7,103520.663271,0,0,0,718.749999040517448,7
0xb5344b578718d2492a6d726a277b16054937374e,2026-05-19T08:12:54+00:00,2026-06-03T10:09:59+00:00,3,0,0,19.818333,19.81,39.2258979990363334,3
0xb53a02db3aa13e31d3808fcd39f95bc51f6043f7,2026-04-03T14:27:19+00:00,2026-04-04T00:06:43+00:00,2,0,0,1.05262,1.05,1.9869890,2
0xb53ebe5bf74f13885ee9ced499c5377e1e56a25d,2026-06-15T01:15:15+00:00,2026-06-15T01:15:15+00:00,1,0,0,12.4645,0,12.4395710,1
0xb54a3769b1fb212870e56aaadb397c1840ccc622,2026-04-01T11:52:39+00:00,2026-04-20T19:56:20+00:00,3,442.857141,0,0,0,24.1399989985714399,3
0xb553cd9bca7b1749e812b3ef2a84024790872738,2026-06-17T12:02:08+00:00,2026-06-17T15:04:40+00:00,4,0,0,212.4845,212.48,423.9020910,4
0xb5936454728e52db5956a87475e896253b9d2c9d,2026-04-03T03:52:41+00:00,2026-04-04T17:32:37+00:00,9,0,0,5.263136,5.26,9.951678000001344,9
0xb59e09aacab8810657f3d8ef6983f3eee6b2006d,2026-04-27T14:29:42+00:00,2026-04-27T14:29:42+00:00,1,285.714284,0,0,0,11.9999990137142912,1
0xb5a2ddfaa2fb6d6b195d7d399b7c7512b0606961,2026-05-26T06:44:49+00:00,2026-06-14T11:18:12+00:00,3,0,0,753.0,753.00,1491.31650,3
0xb5a5cb19b20c5a45c541e91a3f087648a738c35e,2026-05-15T11:53:04+00:00,2026-06-17T18:00:40+00:00,2,0,0,126.0,126.0,250.6140,2
0xb5bd07658c6fb475c6f20911b6011338578a39ce,2026-02-06T09:25:19+00:00,2026-02-06T09:25:19+00:00,1,2.54,0,0,0,1.3462,1
0xb5db056ed7e8605e0c5276cb06b7d19d6d4cf0e4,2026-01-24T21:35:06+00:00,2026-02-22T22:23:02+00:00,2,0,0,3.773583,3.77,4.1488979998118208,2
0xb5e04bf9dceff093b04930e193b63081dc3507d3,2026-02-13T21:13:19+00:00,2026-02-13T21:17:49+00:00,2,100.00,0,0,0,51.0000,2
0xb5e98b2ac1a871194e01c12beac41536a528510a,2026-05-02T09:29:40+00:00,2026-05-02T09:29:40+00:00,1,256.410255,0,0,0,9.9999989962820565,1
0xb5ef998dba5dd4b5323f810367259d9a72bb80b3,2026-04-05T11:02:35+00:00,2026-04-06T11:11:43+00:00,2,14.285713,14.28,0,0,2.1423990000000819,2
0xb5f20bede4008461bc010a2adfc43ca94a8ad9d2,2026-05-28T02:15:10+00:00,2026-05-28T02:15:10+00:00,1,0,0,1.317076,0,1.2999540000146084,1
0xb5f73eedd945039836230e71674866bf8af63c1f,2026-05-19T11:18:05+00:00,2026-05-19T11:18:05+00:00,1,0,0,3.024192,0,2.9999980000889472,1
0xb5fd87724c198e77663321d0b484e22b5b253b24,2026-05-05T16:36:44+00:00,2026-05-05T18:10:46+00:00,4,103.448271,103.44,0,0,5.8963170038277204,4
0xb5ff4b5a5f68b7ba5ce420b61f7b025f3da4bb6c,2026-04-18T05:24:56+00:00,2026-04-30T05:15:10+00:00,9,279.99946,0,0,0,12.9199730,9
0xb60019d8306dbd1f18383c40e1fcc204323976f4,2026-05-28T02:15:06+00:00,2026-05-28T02:15:06+00:00,1,0,0,1.317076,0,1.2999540000146084,1
0xb600fbc5be0b2e40551d81da744a5a86c0f22a2d,2026-04-13T13:34:09+00:00,2026-04-13T13:34:09+00:00,1,1083.333332,0,0,0,64.9999990533333344,1
0xb609970b5d34035f39a8eecdc62ca51b3df63c8e,2026-02-17T19:20:19+00:00,2026-03-10T23:08:43+00:00,14,396.001024,396.0,0,0,324.9999990035826112,14
0xb618bf6f8ddceefd51cd9ea0af86b4fc08c071f1,2026-06-11T07:30:24+00:00,2026-06-11T07:30:24+00:00,1,0,0,1.002,0,0.999996,1
0xb61a49d33b91465e9b573c182904b4ab938f9426,2026-05-12T12:54:44+00:00,2026-05-12T12:54:44+00:00,1,100.0,0,0,0,1.6000,1
0xb62424e6d3ac24cf07ae426c5dae090523d396f8,2026-03-19T04:00:31+00:00,2026-05-11T19:45:16+00:00,4,0,0,34.40,34.40,65.28658,4
0xb6249ac5885089bd1ff1a38ddbeef03d9430b2b8,2026-05-18T09:45:01+00:00,2026-05-18T09:45:01+00:00,1,83.333333,0,0,0,0.999998996000004,1
0xb625f16d0d339e5b95e543bf594c6b63de3c79c1,2026-05-17T05:53:06+00:00,2026-05-17T05:53:06+00:00,1,833.333333,0,0,0,4.9999989980000004,1
0xb62d6612b03446fa6edbfe3d813106c1221ef10d,2026-06-16T12:03:31+00:00,2026-06-16T12:04:01+00:00,2,2000.0,2000.0,0,0,18.0000,2
0xb642fd3d411d82e687e47ed089e9113415fcad9a,2026-05-03T14:51:42+00:00,2026-05-03T14:51:42+00:00,1,27.027026,0,0,0,0.9999999998378364,1
0xb6458a560b96b3ba7c1ccc591a319a1e999a476f,2026-04-04T09:31:29+00:00,2026-04-04T12:12:07+00:00,6,864.00,0,0,0,43.2000,6
0xb6510229d322ffc73fb146d954099dfa95662089,2026-03-13T15:03:19+00:00,2026-03-14T09:57:49+00:00,4,0,0,54.35,54.35,72.8290,4
0xb661942691daa6133d22cb1c31500629731d734e,2026-01-13T21:25:02+00:00,2026-01-13T21:25:58+00:00,2,6.382977,6.38,0,0,5.4881989997872854,2
0xb661ed6e6d3f76f1db9d0a6acf80b4bbe6ebaa83,2026-02-04T18:16:07+00:00,2026-02-22T09:28:00+00:00,3,847.976,847.97,0,0,791.8273999577216,3
0xb67cdaaad2a314fd61b66c0e76d49412fde6c390,2026-06-15T16:00:46+00:00,2026-06-16T02:53:01+00:00,2,0,0,94.37,94.37,187.89067,2
0xb67ef38c8e32e70285fe778c416d6c3ade4374aa,2026-03-19T04:48:45+00:00,2026-05-10T18:35:40+00:00,9,0,0,80.72,80.72,154.19434,9
0xb687f00464e33934f5d591f224e71c3559ecaee5,2026-05-30T22:57:33+00:00,2026-06-05T12:16:06+00:00,117,0,64974.363332,0,0,553.8711239994022302,96
0xb6987e4a9b5f238bf627ff2aa511f0c0da50976a,2026-06-10T14:25:54+00:00,2026-06-10T18:19:13+00:00,3,10000.0,10000.0,0,0,50.0000,3
0xb69c54bfc7449e119415f09a24b476542af32a0d,2026-04-29T18:10:50+00:00,2026-06-17T13:39:37+00:00,27,9292.857141,6524.63,0,0,61.2065300012857141,27
0xb6b8e38032ec6e9da1ea87edc9e844eabe87c09a,2026-06-16T12:46:24+00:00,2026-06-17T01:36:47+00:00,2,0,0,85.32,85.32,169.95744,2
0xb6bee88cc1da79dd92c02fb1824ef02558634937,2026-05-17T06:45:29+00:00,2026-06-17T09:10:10+00:00,3,0,0,104.11,52.26,155.37829,3
0xb6ca52fec31144ce18d7edaf94245f19f14c2c14,2026-04-30T06:47:16+00:00,2026-05-09T06:43:54+00:00,2,800.0,800.0,0,0,32.0000,2
0xb6cc6f64a8616ccef7d552d1bb71401668740f34,2026-05-31T12:54:13+00:00,2026-05-31T12:54:27+00:00,2,0,0,5264.112875,5264.11,10438.732982000,2
0xb6d80072dfa59b8af3e88cd27794a7e1e619756a,2026-05-17T19:49:03+00:00,2026-05-17T19:49:03+00:00,1,666.666666,0,0,0,5.9999989940000010,1
0xb6d8bf22f9dfc3ad9cb1e9730270edebf6fdd3bd,2026-06-11T09:53:18+00:00,2026-06-11T09:53:18+00:00,1,0,0,1.042,0,1.039916,1
0xb6ef46aee11d056cba0cdbfb27adcf5512f23836,2026-05-06T00:11:12+00:00,2026-06-09T18:10:48+00:00,2,503.448274,0,0,0,4.9999990046207066,2
0xb6fa57039ea79185895500dbd0067c288594abcf,2025-12-11T09:02:19+00:00,2026-04-27T12:21:28+00:00,161,0,0,20785.6,0,17041.52979999635,161
0xb70f33fddbd8fc34718d49cd6bfce6fdc5480884,2026-05-07T09:33:41+00:00,2026-05-07T13:34:31+00:00,2,0,0,54.45,54.45,105.52410,2
0xb716835bb032212e9acc82da09383480338d3eee,2026-04-04T13:58:37+00:00,2026-04-04T13:58:37+00:00,4,200.00,0,0,0,10.0000,4
0xb71e184bd5d8d8d16a03944d775582a32ce1f4ae,2026-06-17T17:28:37+00:00,2026-06-17T17:28:37+00:00,1,333.333332,0,0,0,0.999999996,1
0xb72812fa3ffdee70bdd3c617346e182abb3ec347,2026-06-16T23:55:16+00:00,2026-06-16T23:55:16+00:00,1,0,0,3.4865,0,3.4795270,1
0xb72e0bd108d44cffbf7ae3050f8b39bc67f0a00f,2026-06-08T04:38:07+00:00,2026-06-08T04:38:10+00:00,2,0,0,12.1306,12.13,24.1271670,2
0xb72ed1e2b96a085d968ad335a1c91b9ae4d91551,2026-05-10T10:56:19+00:00,2026-05-10T10:56:19+00:00,1,555.555554,0,0,0,9.9999990275555582,1
0xb735a96261a37b0e80f7d8213bef8ead535ec912,2026-06-04T17:29:10+00:00,2026-06-04T17:29:10+00:00,1,125.0,0,0,0,1.0000,1
0xb744e4cead293b6a0dd0f29357ca6fd512da0403,2026-06-16T08:28:18+00:00,2026-06-17T06:50:29+00:00,2,0,0,6.022,0,5.999916,2
0xb746d83373eeccb83a7d4fa75464eb77ceba1287,2026-05-06T04:54:32+00:00,2026-05-06T08:59:50+00:00,2,0,0,64.23,64.23,124.73466,2
0xb77559d1dfbcfa9d2630f790ea2c73365fc5d7e0,2026-06-08T11:05:09+00:00,2026-06-08T11:05:13+00:00,2,0,0,13.1154,13.11,26.0811630,2
0xb7823bdf5f9950c655d06786790db81652d7aa2d,2026-04-30T16:20:30+00:00,2026-04-30T16:20:30+00:00,1,28.571427,0,0,0,0.9999989992857663,1
0xb7932937fe5e08b8d7c53207e852279c1b6a2a18,2026-06-09T07:24:49+00:00,2026-06-09T07:24:49+00:00,1,0,0,239.98,0,239.02008,1
0xb795c2151989887cc21869e6f12fc82530693c3f,2026-05-03T01:40:08+00:00,2026-05-08T22:33:08+00:00,7,0,0,154.86,154.86,300.736440000128,7
0xb79a6c3eea8b4d50fc4702f7dd5499676348da41,2026-06-16T10:26:07+00:00,2026-06-16T10:26:07+00:00,1,0,0,52.0,0,51.7400,1
0xb7a49647811cd2fcb0633464932a7281501d7937,2026-04-29T03:59:02+00:00,2026-04-29T03:59:02+00:00,1,116.279068,0,0,0,4.9999990053953628,1
0xb7b5342e4872f8ccff34fa5c0e2ff09c02c5ede7,2026-05-15T03:34:19+00:00,2026-05-15T09:10:00+00:00,10,0,0,30.49,30.49,60.21955,10
0xb7c051650a517200c4fd7997ffed4d737266e24e,2026-05-10T13:42:31+00:00,2026-05-10T13:42:31+00:00,1,277.777776,0,0,0,4.9999989957777840,1
0xb7c504db1b9bbc9968d8a9c16a660cbac45be160,2026-04-04T15:00:13+00:00,2026-04-26T17:52:16+00:00,4,0,0,545.47,545.47,1040.21129,4
0xb7c74975b4529ca35cd0cd91e444b2ca5c8db3bb,2026-06-05T17:15:51+00:00,2026-06-05T17:15:51+00:00,1,142.857142,0,0,0,0.999998994000006,1
0xb7ca1174c475c5fd0d5ae49a6371711f6fc00afc,2026-05-18T09:48:16+00:00,2026-06-17T18:00:41+00:00,65,0,0,1188.00,1147.68,2319.47920,65
0xb7cc0a713a5c2775586b598f020f9dab0e75cec1,2026-06-08T19:52:07+00:00,2026-06-08T19:52:07+00:00,1,0,0,25.502,0,25.399992,1
0xb7d1d5bb99105fe6f2dfc66ba751fec89c9550db,2026-05-01T21:26:52+00:00,2026-05-02T17:55:46+00:00,4,0,0,108.09,108.09,207.60931,4
0xb7d4cc5ccb2958023a4c3d75aa7cff8fa5de6a1d,2026-03-06T13:56:57+00:00,2026-04-28T15:32:26+00:00,14,99.0,99.0,60.0,10.0,64.3170,14
0xb7e60df7408850a820c92393ec82f6392e84d9e3,2026-06-05T22:39:13+00:00,2026-06-05T22:39:13+00:00,1,145.0,0,0,0,1.0150,1
0xb7e90681f15a36e24591baf24645f84726b6bdac,2026-05-03T20:36:14+00:00,2026-05-14T13:58:32+00:00,34,0,0,7199.997825,7199.989935,14030.1883940125489181,34
0xb7e9ac63138cb3e70a08df292caeba72151f311a,2026-05-08T14:13:50+00:00,2026-05-08T14:13:59+00:00,2,50.0,50.0,0,0,2.000,2
0xb7f366076aedbb9ef9a2968c14ead53c1f3fdc1b,2026-05-06T23:28:56+00:00,2026-05-07T05:29:58+00:00,2,0,0,57.19,57.19,110.66265,2
0xb7f6da5b46f4158c3e4afcbbddbc48f1aaff7b3e,2026-04-30T01:05:18+00:00,2026-04-30T01:05:18+00:00,1,0,0,7.201642,0,6.9999960002345814,1
0xb7fded1aba4fb3eb6abb8f42e57db1ada9e75b93,2026-04-25T21:50:18+00:00,2026-04-25T21:50:44+00:00,2,0,0,17.07,17.07,32.22816,2
0xb7fe61de6354866f3f8bf9ab9961d9cdfca772b0,2026-02-24T14:00:08+00:00,2026-02-28T14:22:41+00:00,7,62.00,61.993332,0,0,58.8967989995833564,7
0xb8008e18fe99a0cb2cce68aa8eca298e870d6f6c,2026-05-10T15:24:50+00:00,2026-05-11T03:01:14+00:00,2,0,0,108.96,108.96,213.67056,2
0xb80d0d386e7e5fd280ba983487a9069b8d24c714,2026-06-15T00:13:00+00:00,2026-06-15T00:13:00+00:00,1,0,0,21.232,0,21.189536,1
0xb80e65bff96c4d31899f90136dc768dbccf6f2f7,2026-04-23T14:13:10+00:00,2026-04-27T16:26:10+00:00,2,0,0,14.92,14.92,28.69116,2
0xb83465ea10c45108c2fae896cecf238396ee7e1d,2026-03-30T12:43:46+00:00,2026-06-12T13:21:04+00:00,3,1114.285711,0,0,0,18.9999969697142995,3
0xb83882471610567aee2b35608b03823c314dc49f,2026-06-06T19:03:09+00:00,2026-06-07T07:23:21+00:00,2,0,0,53.17,53.17,105.70196,2
0xb8396ab0dc0cce2e1c4fe532ffdc3b3c613a33e5,2026-03-23T00:34:37+00:00,2026-03-23T00:34:37+00:00,1,0,0,5.16666,0,4.649994,1
0xb840a9da464bedc98308da9cf223acd52e2ae138,2026-05-30T22:10:56+00:00,2026-05-30T22:10:56+00:00,1,90.909089,0,0,0,0.9999989971818388,1
0xb8455941aeeb884e7ee00c3a80d771afe43fa7c1,2026-03-18T06:06:57+00:00,2026-03-18T06:06:57+00:00,1,3.333332,0,0,0,0.99999900000024,1
0xb84f2f2939e4427a736ed94d0fbd2388b41b5d75,2026-05-17T16:10:41+00:00,2026-05-18T03:23:00+00:00,2,0,0,93.85,93.85,185.72915,2
0xb85697d04f7b270a5d9b0a1ee2c28cb180ad8fb6,2026-01-22T21:33:42+00:00,2026-01-29T18:20:26+00:00,3,17.542614,17.54,0,0,18.1315980003940777,3
0xb85b1aba5bab6e6193d32ebd05c8f71f365fee18,2026-05-05T07:15:12+00:00,2026-05-05T07:27:22+00:00,2,0,0,25.38,25.38,49.54176,2
0xb85e215ec431ec6928ea7e5040742d60331c064f,2026-05-06T08:28:00+00:00,2026-05-06T20:26:53+00:00,2,0,0,104.22,104.22,201.76992,2
0xb8631a907d752a110a78a04f8ee8190d3e2e332f,2026-06-16T23:55:22+00:00,2026-06-16T23:55:22+00:00,1,0,0,3.707,0,3.699586,1
0xb868277d3657a3f63ebef7bf283b7c74f9e8d3b0,2026-02-27T09:46:11+00:00,2026-02-27T13:21:43+00:00,6,10.0,7.6,5.0,5.0,13.494,6
0xb86e0c60a45deca715e25a62f20851ba29d501d5,2026-05-13T08:42:37+00:00,2026-06-05T06:40:36+00:00,3,0,0,200.0,100.0,296.6000,3
0xb8864cdad2c72be0c08631ebc6b280e888e6f178,2026-05-08T03:23:20+00:00,2026-05-08T03:23:20+00:00,1,68.965517,0,0,0,1.9999989998965552,1
0xb886813fbc2ef1a542e3879bfe3002255d5072fc,2026-03-11T23:10:47+00:00,2026-03-13T18:11:33+00:00,2,20.0,18.893054,0,0,13.6014989997918418,2
0xb899c91ec236f2bae34c8c74eec22b431181fffd,2026-06-16T08:46:00+00:00,2026-06-16T08:46:00+00:00,1,248.0,0,0,0,1.2400,1
0xb8b2026330e179c59e088086117b4be4c5821296,2026-05-17T23:53:38+00:00,2026-05-17T23:53:38+00:00,1,487.8,0,0,0,4.878,1
0xb8bc03c2ab5b8f3fd12c411befb3af10cd86ea6a,2026-04-06T05:41:35+00:00,2026-05-17T11:17:16+00:00,2,0,0,2.0,2.0,3.8460,2
0xb8c88987e5674f44cd22faa968375b0d237c4076,2026-04-06T10:39:43+00:00,2026-04-06T10:39:43+00:00,1,55.555554,0,0,0,4.9999989988889130,1
0xb900d080ea7ee8c8bad20140be764f031b6f4d10,2026-05-07T02:20:53+00:00,2026-05-07T10:24:21+00:00,2,0,0,56.71,56.71,109.84727,2
0xb904acabbd3066cad0e4e6f25b697f5afadabdf0,2026-05-06T15:24:46+00:00,2026-05-06T15:24:46+00:00,1,0,0,20.0,0,19.2800,1
0xb91b223efc34d4798619cf8a2f29fd890708a805,2026-02-12T09:43:45+00:00,2026-02-12T09:45:57+00:00,3,1900.0,1900.0,0,0,1822.95000000150,3
0xb91b3e4c7d0aed3335420f5e2cbe1023a6a321bc,2026-06-07T19:29:48+00:00,2026-06-07T19:29:52+00:00,2,0,0,11.116699,11.11,22.0822280000393225,2
0xb91e1d1a614fc87144a05d47c51d2a307931549c,2026-05-26T07:01:23+00:00,2026-06-07T10:57:34+00:00,3,0,0,2.0192,1.01,3.0038960,3
0xb91f52fda8c6036f2cc86c9f499a86db7b29e381,2026-06-17T16:06:44+00:00,2026-06-17T16:06:44+00:00,1,0,0,109.128,0,108.909744,1
0xb92449f0f035e2e9de00f1f9a8f19e0158af0803,2026-03-19T04:48:45+00:00,2026-04-13T22:17:21+00:00,8,200.00,200.0,400.0,400.0,770.000,8
0xb92994de32cb64150eea2bed978c44f99a5fb5c1,2026-05-05T11:12:14+00:00,2026-05-08T11:50:57+00:00,2,0,0,28.6885,28.68,55.8482560,2
0xb93dc1237ef5d711629bc9a26d248cfde1dac77f,2026-06-17T15:09:49+00:00,2026-06-17T15:09:49+00:00,1,666.666665,0,0,0,1.999999995,1
0xb953095a67587e403c7a5cf396403f413dd19666,2026-05-19T04:46:07+00:00,2026-06-09T07:34:12+00:00,3,330.0,130.0,0,0,3.8600,3
0xb95b60a222166b60de649b8bd91adc114d7a80ae,2026-05-08T04:32:26+00:00,2026-06-17T02:58:22+00:00,4,647.816090,0,0,0,4.5999980002759078,4
0xb95e984f072710e69109ee03759d1a0922bfdc45,2026-05-04T04:43:02+00:00,2026-05-04T08:46:20+00:00,2,0,0,11.51,11.51,22.17977,2
0xb96d273018a8fe71aacb26b5cbfa3dd1c333afcd,2026-05-14T19:53:43+00:00,2026-05-15T19:43:09+00:00,2,1825.396825,0,0,0,19.9999979950000005,2
0xb96daa4e1202d122d8f90186fccca1666baa6af2,2026-05-13T10:36:30+00:00,2026-05-13T10:36:30+00:00,1,71.428571,0,0,0,1.0000000011428571,1
0xb971db81044db31409e28e38621663659cbfc0d6,2026-05-04T21:54:46+00:00,2026-06-08T04:29:51+00:00,46,0,0,396.73,396.72,779.34306,46
0xb980d6424b0c87945bbbb63c2889f56ef7e078d6,2026-05-02T02:33:00+00:00,2026-05-09T01:16:28+00:00,2,1065.040648,0,0,0,35.0000000425040648,2
0xb98b176859c2b375cf06c1c4974e46ed69cd7e18,2026-05-21T13:57:01+00:00,2026-06-14T06:49:45+00:00,2,11000.0,0,0,0,39.0000,2
0xb98d294c7e08f12092e9c55a51bc95cc93370dd5,2026-06-13T18:27:06+00:00,2026-06-13T18:27:06+00:00,1,0,0,1.002,0,0.999996,1
0xb990d33a0a83ce071b5642895a4d9feabe05dbc2,2026-05-15T00:03:02+00:00,2026-05-15T03:13:19+00:00,2,0,0,8.113589,8.11,15.9964580002475819,2
0xb9913327c7aae18b5949113e2b3d60d6d77da963,2026-06-04T06:20:52+00:00,2026-06-06T19:03:09+00:00,59,15999.954999,15999.95,0,0,247.9992850003806283,59
0xb9b2e09ca672c41bc123170cceb61b815e5d1bef,2026-06-11T08:32:04+00:00,2026-06-11T08:32:04+00:00,1,6270.0,0,0,0,18.8100,1
0xb9bb09872f78ee6ff735d858e40f29e179fef2dc,2026-04-15T13:25:30+00:00,2026-04-19T01:08:48+00:00,7,0,65.0,0,0,3.600,7
0xb9d92cc5df9de7fc39ecc10446b52efa0cfabf88,2026-04-28T18:42:40+00:00,2026-04-29T18:16:46+00:00,2,23.255812,23.25,0,0,1.9067489997210072,2
0xb9dbc870d03ab669a02ca9f419896494f2f97594,2026-05-14T21:32:50+00:00,2026-05-14T21:32:50+00:00,1,622.857141,0,0,0,8.7199989774285744,1
0xb9e22411f571fee4edc99b9e21ac9c986ad7f41a,2026-06-12T00:23:13+00:00,2026-06-12T00:23:13+00:00,1,0,0,25.05,0,24.99990,1
0xb9e6d8ad57c0912c1dba8a5776391e502d951ec7,2026-05-15T14:29:30+00:00,2026-05-15T14:30:45+00:00,2,0,0,39.354111,39.35,77.956424001,2
0xb9efc7564bc9471d8c6912443eb1f384f934410b,2026-04-23T05:56:34+00:00,2026-05-17T23:21:23+00:00,2,2425.422222,0,0,0,29.9999991039911112,2
0xb9f58a4feca815cf9af4248fb0be8dfe2412f639,2026-05-11T19:13:43+00:00,2026-05-11T19:13:43+00:00,1,95.238094,0,0,0,2.0000000025714282,1
0xb9f8c0b89bd1f73480394714332491340973c987,2026-05-17T06:45:29+00:00,2026-05-17T20:32:11+00:00,2,0,0,109.96,109.96,218.159570001232,2
0xb9fec0f4953eb6a4f29d183e485e765679edce8c,2026-04-20T21:23:52+00:00,2026-04-20T21:23:52+00:00,1,25.641024,0,0,0,0.9999990001026240,1
0xba03811cf0c748126cb475308894114a2e2b65be,2026-04-29T19:16:06+00:00,2026-05-14T10:58:47+00:00,6,4801.312991,0,0,0,88.5499969531360612,6
0xba117cbf509b71501cc7ca4bdf4d0f8d43f84964,2026-05-03T05:15:52+00:00,2026-05-03T09:18:34+00:00,2,0,0,55.22,55.22,106.35372,2
0xba1664e94c28c5ec3693050b690867e0d75d1a8a,2026-05-08T08:42:04+00:00,2026-06-10T13:24:04+00:00,16,0,0,791.260769,693.26,1467.751079003,16
0xba2fa3798d695f82bab736121c8fbb3596dc2687,2026-04-22T03:37:36+00:00,2026-05-24T20:50:39+00:00,2,972.73,0,0,0,30.700120015558,2
0xba3bbf7b5ebe83af2f045bcce65450dc186945d8,2026-05-13T18:22:06+00:00,2026-05-14T04:40:31+00:00,2,0,0,52.94,52.94,104.45062,2
0xba4a063455bb795041256bfc517723b8901bf951,2026-03-08T23:43:31+00:00,2026-03-16T00:28:57+00:00,32,1299.99515,1299.976660,0,0,816.9913469987736860,32
0xba6059126c100f3cdd446921629aa65c2868d70a,2026-05-17T06:53:32+00:00,2026-05-17T08:03:50+00:00,2,0,0,1219.315833,1219.31,2422.774768002,2
0xba6c032adf7c2817d06e34ae055fcffb63c908eb,2026-04-15T10:51:52+00:00,2026-04-17T09:13:46+00:00,2,150.0,150.0,0,0,15.000,2
0xba867932513a362b5dc31703eef7982cdf4a786d,2026-04-08T03:26:43+00:00,2026-04-08T03:26:43+00:00,1,10.0,0,0,0,1.00,1
0xbab24fea276b0a600fc0f5abca58ad110574e175,2026-06-16T23:55:29+00:00,2026-06-16T23:55:29+00:00,1,0,0,8.8675,0,8.8497650,1
0xbab61372573aaecbcc520092e9f7ab93d56dd9f5,2026-04-11T03:05:19+00:00,2026-04-11T06:22:17+00:00,6,0,0,5.376328,5.28,9.8575839998611898,6
0xbad3c62ad79b733f0a6539b2b02e55b0a6900900,2026-05-01T14:06:34+00:00,2026-05-01T14:06:34+00:00,1,96.774192,0,0,0,2.9999990036129184,1
0xbad5892adfb23f866c846ebb91da590b2023174b,2026-05-21T04:16:29+00:00,2026-06-17T18:00:41+00:00,4,0,0,835.76,835.76,1663.38968,4
0xbade38bdb5af04765284c7af3a065240dcd55c92,2026-03-20T06:55:09+00:00,2026-03-21T03:58:55+00:00,7,400.00,400.0,400.0,400.0,786.000,7
0xbae6bf8077e28c0c069378d9d583d154591b1984,2026-06-16T12:03:57+00:00,2026-06-16T12:03:57+00:00,1,0,0,94.23675,0,93.85980300,1
0xbaea734c25038eeeaf77dc728c68f3299d250e66,2026-06-16T19:59:35+00:00,2026-06-16T19:59:35+00:00,1,0,0,27.3945,0,27.3397110,1
0xbaea98acb9b43218eaf8e43b320a4dff2e1695e8,2026-06-05T16:02:27+00:00,2026-06-13T12:32:42+00:00,2,13809.523808,0,0,0,69.9999986110476192,2
0xbaf8cdfabea6da26271e5c352f36c423e4da4919,2026-05-09T12:23:13+00:00,2026-05-09T12:23:13+00:00,1,0,0,50.0,0,49.2500,1
0xbafd23af42f5cdb6f2121a80dd689acf68ba6ae4,2026-06-03T01:41:27+00:00,2026-06-11T15:04:58+00:00,2,0,0,139.0,139.0,276.6100,2
0xbb006ae8681ee76ccf641d367e8a16ff39562f38,2026-05-14T17:48:13+00:00,2026-06-17T21:12:58+00:00,26,13163.907641,12100.07,0,0,120.5463550283298881,26
0xbb00a0c5426bcb112b1701c491ad62ace96ec811,2026-05-14T08:50:39+00:00,2026-06-05T13:08:00+00:00,3,0,0,200.0,100.0,296.6000,3
0xbb1f6ce24220761355fb2adbeafd5939716886c9,2026-06-05T20:29:46+00:00,2026-06-08T11:29:07+00:00,4,20459.094285,20459.09,0,0,230.5405186917654667,4
0xbb309303ac9fa4d27e5cb39f13aeb98662491e16,2026-03-21T21:03:47+00:00,2026-05-14T01:49:11+00:00,2,0,0,5.617976,5.61,10.5314580001125336,2
0xbb397c97ec160ea34cae808310c5072eebc5a8b6,2026-04-17T12:09:44+00:00,2026-04-17T12:09:44+00:00,1,24.0,0,0,0,1.200,1
0xbb3b4573e4ef1d55db760c37e85c44bdc6b9eefe,2026-06-01T08:34:11+00:00,2026-06-01T12:37:49+00:00,32,5491.806750,5491.8,0,0,87.868854000,32
0xbb40acb8e7b3545c615abf8a6df579648bd9c661,2026-05-04T20:50:44+00:00,2026-05-30T16:14:00+00:00,2,2193.844346,2193.84,0,0,65.3568790699174012,2
0xbb41dfe22ae940d09462274f64bc2e5d7856111f,2026-05-30T01:24:13+00:00,2026-06-09T14:45:00+00:00,3,290.909089,290.9,0,0,4.1635989971818388,3
0xbb44d8d8675553ca1e1a8a1ba6b448c6af3bd3d2,2026-05-12T18:46:28+00:00,2026-06-04T01:50:45+00:00,3,600.0,600.0,0,0,10.2000,3
0xbb4daed8cd1760edb0405a3dd98f3c9a97175408,2026-05-18T19:15:07+00:00,2026-05-18T19:15:07+00:00,1,164.285714,0,0,0,1.1499989958571446,1
0xbb4f1c34c6c0c66520ea32baa089420a5cdf297f,2026-06-02T20:32:00+00:00,2026-06-02T20:32:00+00:00,1,100.0,0,0,0,1.000,1
0xbb50fa724ac755197246d950008d6a0564ee7bfc,2026-01-30T17:00:50+00:00,2026-02-24T15:05:46+00:00,29,0,0,633.299533,633.291427,659.6788349968284886,29
0xbb550f07b67a7b244cdec69796156f7bf8d9827a,2026-05-30T14:36:05+00:00,2026-05-30T14:36:51+00:00,2,0,0,5036.253714,5036.25,9996.17428803825,2
0xbb64729482ce548df1ec4ed011bed9c89476f0aa,2026-06-17T15:44:07+00:00,2026-06-17T15:44:07+00:00,1,0,0,80.04,0,79.79988,1
0xbb729d37ae1126f36f0e0836e4a7c173b18299a7,2026-05-13T06:47:01+00:00,2026-06-05T04:00:00+00:00,3,0,0,200.0,100.0,296.5000,3
0xbb8c88b74bb544b4eb0ff5b42e674a5d2bc2f845,2026-05-01T18:53:34+00:00,2026-05-25T10:41:26+00:00,2,100.0,100.0,0,0,5.20025000,2
0xbb8e808a298471ca04a658e6917e953eb88eaf0f,2026-05-24T16:39:51+00:00,2026-06-03T00:22:48+00:00,4,4648.94,0,0,0,38.05152,4
0xbb925aef553f3f1745103d7ac1974152609b701c,2026-06-15T08:05:21+00:00,2026-06-15T08:05:21+00:00,1,333.333332,0,0,0,0.999999996,1
0xbb97d438cf45699c952c35d481955a741b7b5bb6,2026-06-09T03:20:55+00:00,2026-06-09T03:20:55+00:00,1,0,0,146.72,0,146.13312,1
0xbbad10c01d4991c023475cdd66ce8cdf02262270,2026-05-08T06:47:37+00:00,2026-05-15T09:44:53+00:00,2,0,0,51.0,51.0,100.0110,2
0xbbb940370b5f96370be946e45b6ca449c92ba17e,2026-04-06T12:22:43+00:00,2026-04-24T16:34:14+00:00,3,0,0,8.695649,8.69,16.2207360000004227,3
0xbbba99ff47c8959e8e1a1b6327a4a51d38576b20,2026-06-05T02:05:00+00:00,2026-06-05T02:05:00+00:00,1,0,0,11.139,0,11.049888,1
0xbbc01f5429e0bd9fa57c2a75be70946aee9610d2,2026-04-22T13:25:42+00:00,2026-04-22T13:25:42+00:00,1,22.222221,0,0,0,0.9999990005556075,1
0xbbc39792b199faac7453bfd085106a6c1da6b385,2026-05-04T12:45:24+00:00,2026-05-04T20:48:02+00:00,2,0,0,47.31,47.31,91.82871,2
0xbbde5668b677bcf7966797e3b38511d11abcf818,2026-04-30T22:16:24+00:00,2026-04-30T22:16:24+00:00,1,0,0,5.17597,0,4.999986999813717,1
0xbbe52357040b5c7cc8d3f25638d354c3744d7ff6,2026-06-13T18:09:46+00:00,2026-06-13T18:09:46+00:00,1,0,0,1.002,0,0.999996,1
0xbbe589b9182d573abee3363392e937ed357b28b7,2026-05-02T05:03:18+00:00,2026-05-02T05:03:18+00:00,1,25.0,0,0,0,1.000,1
0xbbfb29aeddfd43ab86241bad86013bc395b5212f,2026-04-23T13:19:04+00:00,2026-04-23T13:19:04+00:00,1,23.255812,0,0,0,0.9999989997210072,1
0xbbff817636c5b0c3da85b5566838a1159329ca93,2026-06-06T16:25:45+00:00,2026-06-06T16:25:45+00:00,1,200.0,0,0,0,1.0000,1
0xbc0331e14ae58bbbb30f838581870148040574c7,2026-06-12T14:28:18+00:00,2026-06-12T14:28:18+00:00,1,3333.333333,0,0,0,9.999999999,1
0xbc03fc0e820e4b0bb02d447d12f437d5d76136eb,2026-04-27T13:16:58+00:00,2026-04-27T13:17:06+00:00,2,30.0,30.0,0,0,2.4300,2
0xbc089d481548b33b05177b4b5aab57588bd1475b,2026-05-09T20:47:11+00:00,2026-05-09T22:01:58+00:00,29,1600.00,1600.0,0,0,49.60000,24
0xbc0af077d95bec59f5d4b7ea9215f9563494f54a,2026-05-29T14:23:04+00:00,2026-05-29T14:23:25+00:00,2,0,0,323.886583,323.88,639.669504004,2
0xbc0ea2c640aaee1f4a0966a93314b8b6a78d7cc0,2026-04-17T20:00:22+00:00,2026-04-18T03:22:44+00:00,4,0,0,375.37,375.37,709.4493,4
0xbc13381d109f46c33c78d30f08c2dbcd3e24dcd2,2026-05-21T18:52:04+00:00,2026-05-21T18:52:04+00:00,1,527.459,0,0,0,5.0000000136982,1
0xbc156c479d3b8f5f23915ef5d34fa1f1fbf60732,2026-06-13T22:11:30+00:00,2026-06-13T22:11:30+00:00,1,1000.0,0,0,0,3.0000,1
0xbc17d10a2b6bd7d0ea8ebbf38ebcfb96197431b0,2026-06-17T18:03:35+00:00,2026-06-17T18:03:35+00:00,1,0,0,5.0,0,4.9950,1
0xbc2497d91b7b90a28dc79b3dec96fe19f2e4dd67,2026-06-14T06:52:00+00:00,2026-06-14T17:46:24+00:00,2,0,0,8.016,8.01,15.985938,2
0xbc38b65970ec717b0b9ad0168fc2bc2e874732ae,2026-05-23T15:28:05+00:00,2026-05-28T03:45:59+00:00,4,0,0,35.363799,35.36,69.8799969997740454,4
0xbc44698d4cb1ebb81a5dce7f6da7aff48fe488ae,2026-06-09T03:23:57+00:00,2026-06-09T03:24:42+00:00,2,0,0,10.20075,10.2,20.30894700,2
0xbc4bcd3a442f0d59a8f87539e15573e91cfce9f9,2026-06-14T00:51:13+00:00,2026-06-14T12:46:57+00:00,2,0,0,28.056,28.05,55.965738,2
0xbc4f9a739088514aa39c400b14ff0a769bd9f3df,2026-04-28T05:16:58+00:00,2026-04-28T05:16:58+00:00,1,539.590525,0,0,0,19.9999989993071300,1
0xbc508655c01813a88613e57840bfef8bbf2460c4,2026-06-16T22:14:55+00:00,2026-06-16T22:14:55+00:00,1,333.333333,0,0,0,0.999998999000001,1
0xbc54e69667ceb6ccec538e5a0ba1927fc1fe680f,2026-03-27T12:17:43+00:00,2026-06-17T18:03:38+00:00,1081,501798.679437,501798.671555,300.0,300.0,5749.7976466172948437,1042
0xbc5ab618da357b4af0844846a289b417ef4d202e,2026-06-10T09:58:30+00:00,2026-06-10T09:58:30+00:00,1,0,0,1.053,0,1.049841,1
0xbc677771dc8e527ef7e44e9113224fb03f77aea4,2026-05-09T17:38:59+00:00,2026-05-09T17:38:59+00:00,1,0,0,3.038616,0,2.9899979999696016,1
0xbc6c65193d9865f3d544529fa31bfb909077287c,2026-05-01T11:00:20+00:00,2026-05-01T11:05:16+00:00,4,0,0,300.00,0,291.30000,4
0xbc74379d13fcce4d0da9195b61dac83b8b36db84,2026-06-08T00:00:43+00:00,2026-06-08T08:21:24+00:00,2,0,0,9.0452,9.04,17.9857340,2
0xbc765ed48d8ac8c903dbe318a6ae5d99908ab8cf,2026-06-16T10:48:00+00:00,2026-06-16T10:48:00+00:00,1,1000.0,0,0,0,5.0000,1
0xbc7f8aa37fcb94b487f43e8f047c65b2a3dcf922,2026-02-23T19:38:24+00:00,2026-02-27T12:57:43+00:00,4,20.833332,20.83,39.285713,39.28,62.6763979990147941,4
0xbc80a7df286e26bb256110355f3bc2dd4861ea16,2026-06-08T11:10:42+00:00,2026-06-08T11:10:48+00:00,2,0,0,13.035,13.03,25.921645,2
0xbc80b31122eb98dd07dcfa157b153c4d699aefcb,2026-01-16T22:10:36+00:00,2026-01-16T22:10:36+00:00,1,109.130433,0,0,0,49.999999000223457,1
0xbc80b70a728499c5194c775da64f831d88ea1258,2026-05-11T13:44:17+00:00,2026-05-11T18:46:20+00:00,2,0,0,13.96,13.96,27.34764,2
0xbc829d3ea3d053a9866e67cb24eff8d00d0a5af0,2026-06-12T19:14:28+00:00,2026-06-12T19:14:28+00:00,1,2106.558,0,0,0,9.9999999826074,1
0xbc8848d548e5eee32e131d586475345cae4b03cc,2026-06-07T18:28:01+00:00,2026-06-07T18:28:03+00:00,2,0,0,11.819,11.81,23.499045,2
0xbc8c4eaf4e7f536fa15a6875d4bccc41d98be0fe,2026-05-09T21:02:46+00:00,2026-05-09T21:02:46+00:00,1,62.5,0,0,0,1.0000,1
0xbc8c61c1de7c31a8ff68aebf55256c028db9273f,2026-06-16T13:50:13+00:00,2026-06-17T04:46:52+00:00,2,32466.666666,0,0,0,128.9999983313333334,2
0xbc8ce26cacd0f4e7d63a445905148108c74b726f,2026-06-15T18:56:22+00:00,2026-06-17T20:03:05+00:00,2,0,0,1143.43,1143.43,2282.28628,2
0xbc96a6e759a76451d0086f3de148661495ab7058,2026-05-11T19:58:59+00:00,2026-05-14T20:07:15+00:00,2,0,0,125.0,125.0,245.5000,2
0xbca2e0e738e6b616f5e88abb0ca3f45f1ce43993,2026-05-15T02:10:35+00:00,2026-06-05T14:55:21+00:00,3,0,0,200.0,100.0,296.7000,3
0xbca4029dda9e1b2f5e5ca717572b8f797c1016d2,2026-05-01T09:42:58+00:00,2026-05-01T16:47:36+00:00,2,0,0,14.67,14.67,28.38645,2
0xbca69be5edef416ba701f9a3a2983efdf58273e3,2026-04-13T08:28:43+00:00,2026-04-13T08:52:27+00:00,20,7926.14,0,0,0,396.3070,20
0xbcbcc28e619eb1e01b33a91ac0f3efe53caec27c,2026-05-10T22:17:13+00:00,2026-05-10T22:17:23+00:00,2,0,0,1450.0,1450.0,2840.5500,2
0xbccba01cdbb48f2d3e491aab18823cae4e383b8b,2026-05-27T06:02:09+00:00,2026-05-27T06:02:09+00:00,1,589.182941,0,0,0,10.0000000267625311,1
0xbcf446bdb50de4f5fa41454f91beda3587fec07e,2026-06-01T02:40:33+00:00,2026-06-11T01:28:19+00:00,2,0,0,297.0,297.0,590.7330,2
0xbd0a9736131f621c26b6efe92ef7ac4d08145473,2026-05-15T11:14:22+00:00,2026-05-15T11:14:22+00:00,1,10.0,0,0,0,0.100,1
0xbd0d7edbf0b9df03c6aaaa5dc56bac78876c8d26,2026-06-12T14:19:01+00:00,2026-06-12T14:19:01+00:00,1,0,0,1.002,0,0.999996,1
0xbd13cf8398a436b68b611ff21ace16e69552f10c,2026-05-15T02:23:25+00:00,2026-06-05T15:11:33+00:00,3,0,0,200.0,100.0,296.7000,3
0xbd14da5083afdef8518339c2c1b7b19a491576b4,2026-04-28T20:30:30+00:00,2026-04-28T20:30:44+00:00,2,0,0,991.06,991.06,1894.90672,2
0xbd1e797b994da35eab1ae9c53a9933ca554f8d24,2026-06-07T15:52:49+00:00,2026-06-07T15:52:49+00:00,1,180.0,0,0,0,1.0800,1
0xbd2c09c493ae7159932446392bc302cd6c91f9c9,2026-05-02T10:24:10+00:00,2026-05-02T14:26:02+00:00,2,0,0,17.6,17.6,33.8272,2
0xbd2df8b1747a52fb768890e339d51ac92c873bed,2026-04-13T18:25:51+00:00,2026-04-13T18:26:51+00:00,2,16.666665,16.66,0,0,1.832999000000090,2
0xbd2f718bb16116a98106f619c2a1ffbb1e0aef17,2026-06-11T12:39:09+00:00,2026-06-11T12:39:09+00:00,1,0,0,1.002,0,0.999996,1
0xbd4535e4a022bbe8769b56edb3ebdb893be2f2aa,2026-03-24T00:36:01+00:00,2026-03-24T02:26:51+00:00,8,0,0,36.66,36.66,67.4544,3
0xbd50846808aa14a62088b0f7bc8448407baa6500,2026-06-13T17:06:25+00:00,2026-06-13T17:06:25+00:00,1,28216.666666,0,0,0,84.649999998,1
0xbd56103e077f0c32e47d11a8e81b0f7a08fa70fe,2026-05-05T10:52:24+00:00,2026-05-08T11:55:57+00:00,2,0,0,36.885208,36.88,71.8104430006229584,2
0xbd58ac87ce3a928d9ef500f4cec7994d5791ee78,2026-06-04T07:01:48+00:00,2026-06-13T06:36:34+00:00,2,0,0,17.109714,13.51,30.4594160002890286,2
0xbd5d224a258d40f062141382e126dcdd858e2748,2026-06-17T11:39:19+00:00,2026-06-17T11:39:19+00:00,1,333.333333,0,0,0,0.999998999000001,1
0xbd6e45c934c31514811bc1e3cb153c4aa05cb651,2026-06-11T18:34:55+00:00,2026-06-11T18:34:55+00:00,1,1666.666666,0,0,0,4.999999998,1
0xbd73ffe7bbb7ab1b972b6c1cfed676969ca2de1b,2026-05-03T09:10:18+00:00,2026-05-07T11:19:18+00:00,4,0,0,103.79,103.79,200.45805,4
0xbd7c2369c645347873fb02961a96d4a03cbaee32,2026-06-16T13:56:37+00:00,2026-06-16T13:56:37+00:00,1,3000.0,0,0,0,15.0000,1
0xbd848c80fbf82d6f31a883660549342935ae1292,2026-03-18T15:44:07+00:00,2026-03-22T16:18:23+00:00,2,34.482757,34.48,0,0,13.7927989989655422,2
0xbd8a9c8bb1141d3d59b55e6d15a4e42e8bbef9bd,2026-01-29T17:29:42+00:00,2026-02-23T16:29:16+00:00,6,25.00,25.00,0,0,24.9500,6
0xbd90052e2ed6bc730682fdf6c38551eaa07ca7bf,2026-06-08T02:23:10+00:00,2026-06-08T02:23:10+00:00,1,1.01,0,0,0,0.00707,1
0xbd9ce7ca808c36fa7956c1b555b4a1eda5d8f8cd,2026-06-16T11:26:52+00:00,2026-06-16T11:26:52+00:00,1,0,0,41.536,0,41.369856,1
0xbdbe7a4521f152ce69c8bfc74f487b1b1ac56a45,2026-06-17T12:44:08+00:00,2026-06-17T13:39:47+00:00,4,3333.333329,0,0,0,9.999999987,4
0xbdcb1b6773525350f04d91bd5b52222e9ff3777c,2026-05-29T14:53:41+00:00,2026-06-10T01:03:22+00:00,2,0,0,15.1515,15.15,30.089385,2
0xbdd73cbbe8e850e99246b4c6d3bb3b1d073c5f9e,2026-05-24T14:58:07+00:00,2026-05-24T14:58:07+00:00,1,7912.5,0,0,0,94.9500,1
0xbdebabb4e221db3d99a6aea471d9731a354f58ef,2026-05-07T07:24:07+00:00,2026-05-31T14:07:54+00:00,4,0,0,19.266184,19.26,37.8404180005395373,4
0xbdf4b123270d5ef58a8d69ceb5ac2fdd883b59b4,2026-03-20T06:55:09+00:00,2026-04-15T07:36:48+00:00,16,0,0,1800.0,1799.994156,3285.0526979995281256,16
0xbdf61c672bb559282114941e55afe7bcf456ceb2,2026-04-16T21:15:40+00:00,2026-04-16T21:15:40+00:00,1,600.0,0,0,0,30.000,1
0xbe011f6db287a254871a92813ee6fedc1ab4cd10,2026-05-15T14:46:05+00:00,2026-06-14T13:36:19+00:00,3,2713.333333,0,0,0,9.9399990736666668,3
0xbe02fbc660dacc0e839686007d30581ad6de565e,2026-06-11T15:01:12+00:00,2026-06-11T15:01:12+00:00,1,0,0,1.002004,0,0.99999900001604,1
0xbe0487c193aec2f38f7c25a048b4270319c1f038,2026-05-10T20:29:21+00:00,2026-05-10T20:32:39+00:00,2,1563.333332,0,0,0,32.829999972,2
0xbe0fbec3ff2e8a83e0e01704c6499a4c7ededb07,2025-12-20T08:45:16+00:00,2026-01-08T00:52:31+00:00,3,5.0,4.992221,0,0,3.7964990000002475,3
0xbe11997cd3d3481e793a21ba7ee12ed13f0a2561,2026-05-02T05:18:58+00:00,2026-05-04T21:07:22+00:00,8,0,0,204.77,204.77,395.15602,8
0xbe194b63ace6116161adc21c4013639d4b49016a,2026-05-15T09:44:53+00:00,2026-05-15T09:44:53+00:00,1,100.0,0,0,0,1.1000,1
0xbe206c45dc17cd7c2eb81e2ad941e2c0db0b35ca,2026-06-17T10:02:53+00:00,2026-06-17T10:03:34+00:00,2,666.666666,0,0,0,1.999997998000002,2
0xbe232c1c735b03a94850b2387cc4ce233e685d53,2026-03-18T21:16:05+00:00,2026-03-18T21:21:25+00:00,2,0,0,1.176466,1.17,2.017896000000390,2
0xbe2492c9f288db38c1b060ef7062575efb1d1187,2026-05-14T09:18:00+00:00,2026-06-05T14:29:51+00:00,3,0,0,200.0,100.0,296.8000,3
0xbe27f28ed5619e3d63bda7c5e4384749b3f7dbbe,2026-05-03T20:24:16+00:00,2026-05-04T19:14:04+00:00,4,0,0,35.51,35.51,68.73572,4
0xbe31518cb02ba090bf9e8b336fb5b06d1cc3b42d,2026-05-02T00:13:22+00:00,2026-05-04T22:19:54+00:00,2,121.95,121.95,0,0,7.92675,2
0xbe31e4463ba60ca6eac73a6359578a1054a8222a,2026-03-19T01:28:19+00:00,2026-03-19T23:03:13+00:00,2,60.222221,60.22,0,0,12.2263989977017813,2
0xbe3253641c8c95d634803d6e6625fe0a27758471,2026-05-11T01:47:13+00:00,2026-05-11T01:47:22+00:00,2,60.0,60.0,0,0,2.3400,2
0xbe3d884a68cf04189e1ece6443c3128937b8a212,2026-03-21T03:46:47+00:00,2026-05-11T19:40:12+00:00,6,0,0,40.78,40.776665,76.6368380005117175,6
0xbe40cc69c1f43232273d5e8e54b38b25fc62ba66,2026-03-20T00:40:51+00:00,2026-04-17T14:18:06+00:00,2,125.0,125.0,0,0,20.000,2
0xbe460c888a0d8ea9e0f5e06b57b751b2c928df37,2026-05-17T06:45:29+00:00,2026-05-17T18:59:03+00:00,2,0,0,82.47,82.47,163.62048,2
0xbe5d654e26ca8136808a5f77549c453f6ac3a5a9,2026-05-06T11:35:08+00:00,2026-05-06T11:35:08+00:00,1,0,0,50.0,0,48.1500,1
0xbe618dff5e3231eeb739cf569093838dc17536f8,2026-06-17T11:27:35+00:00,2026-06-17T11:27:56+00:00,2,0,0,1002.004,1002.0,1998.993992,2
0xbe62ea2cad9dc40465d9cf52e17c5db6c583d98a,2026-06-10T20:42:54+00:00,2026-06-14T13:30:04+00:00,3,13333.333332,6666.66,0,0,53.3333186626666668,3
0xbe89905ca9a689f5129621b62fcf715b5a45b88c,2026-03-06T13:41:45+00:00,2026-03-06T13:41:45+00:00,1,138.326922,0,0,0,49.9999989995749692,1
0xbe9b4d6c20b3bb09e4681b10c63d797220a5faa6,2026-06-17T09:10:10+00:00,2026-06-17T09:10:10+00:00,1,0,0,93.17,0,92.89049,1
0xbea27ecca9ec8a3d8e904a2dc8acb60b3a922d33,2026-05-24T07:00:11+00:00,2026-05-28T09:03:10+00:00,551,0,185.0,87303.0,0,86104.5400,551
0xbea6b127a46fa4362b0108751a44e0b28c0364a8,2026-04-29T20:31:16+00:00,2026-04-29T20:41:58+00:00,2,317.36,317.36,0,0,21.89784,2
0xbea6b3b2b41646f8f9891aaa78695de46f4c3229,2026-06-17T11:35:58+00:00,2026-06-17T11:36:23+00:00,3,0,0,1.002,1.00,1.996996,3
0xbea7bc64a0be27e0a8dc85013e87197dbeaaa100,2026-04-11T11:38:15+00:00,2026-04-11T11:38:15+00:00,1,71.42857,0,0,0,4.999999000000018,1
0xbebd35b1e1e699760218c66965612b894a08ee86,2026-04-30T01:47:08+00:00,2026-06-12T06:59:15+00:00,8,0,0,106.164476,106.16,208.8410450017206093,8
0xbec38db397bd3bfbf28c1f1e55cd618170f7360d,2026-06-08T07:03:09+00:00,2026-06-16T20:01:11+00:00,3,3916.666666,0,0,0,17.9999989960000004,3
0xbec6c2c614459983d792ecba51a117be1d914c3c,2026-06-16T19:58:32+00:00,2026-06-16T19:58:32+00:00,1,0,0,99.0,0,98.8020,1
0xbede2bc3608067b09a6ba9fb217638a3ee547160,2026-06-05T18:07:19+00:00,2026-06-05T18:07:19+00:00,1,250.0,0,0,0,1.5000,1
0xbee3a22eeaacf3a8acd9ff42b5e5da0eb90b2daa,2026-05-27T17:43:49+00:00,2026-05-27T17:43:49+00:00,1,66.666665,0,0,0,0.9999990016666910,1
0xbf01a836d722402bed21194337cdbf865b29fa49,2026-05-04T12:58:36+00:00,2026-05-04T12:58:36+00:00,1,27.971665,0,0,0,0.9999990012169530,1
0xbf13d4c2c9167fca910ef41f064f40aa0d7dd3b1,2026-05-05T02:22:34+00:00,2026-06-06T03:02:03+00:00,14,0,0,1230.00,1130.0,2321.03000,14
0xbf22590f68d08a248fa1ce066b04d105a46c8c56,2026-06-06T18:56:54+00:00,2026-06-06T18:56:54+00:00,1,208.333333,0,0,0,1.2499989980000016,1
0xbf2459f7f9afcbddaf014ababd0f7296d831875f,2026-02-12T06:51:31+00:00,2026-02-12T06:51:31+00:00,1,3.530611,0,0,0,1.7299989998674845,1
0xbf254a583ba28e60e8c03360ba17884239b1b853,2026-06-07T14:03:06+00:00,2026-06-07T14:03:09+00:00,2,0,0,12.201,12.2,24.266795,2
0xbf27be83f759da6e52bcc4638de01e5722380125,2026-06-17T08:15:23+00:00,2026-06-17T08:15:23+00:00,1,333.333333,0,0,0,0.999998999000001,1
0xbf356ea8f76dc8102ca0a1708b82002faccc908c,2026-06-07T14:15:42+00:00,2026-06-07T14:15:45+00:00,2,0,0,12.1406,12.14,24.1470570,2
0xbf3be81521c14b9dbe46b0d890b0eeee3e68467d,2026-06-01T07:15:07+00:00,2026-06-01T07:15:07+00:00,1,222.222222,0,0,0,1.9999989980000010,1
0xbf3d103cd964aa08e21e70cf8ef204de2e13ac6d,2026-03-15T11:29:41+00:00,2026-03-15T11:29:41+00:00,1,8.32,0,0,0,2.496,1
0xbf456093cfe9b5a16ffab4314b685a4340ec0bc8,2026-06-15T11:08:04+00:00,2026-06-17T11:37:25+00:00,2,1049.166666,0,0,0,3.5999989836666678,2
0xbf4f265f6d3a6d22bd39d83a8ebee08a3f18e762,2026-05-17T23:35:23+00:00,2026-05-18T13:11:21+00:00,2,0,0,129.19,129.19,255.66701,2
0xbf56e4b28e057508891c06746d0b9a5d23e9c4d2,2026-05-27T08:24:15+00:00,2026-05-27T08:24:15+00:00,1,0,0,1.5228,0,1.4999580,1
0xbf59f1f4ea2024a7e3b56661f8e85c3be10736f3,2026-04-12T05:52:11+00:00,2026-04-30T14:55:16+00:00,2,0,0,21.26595,21.26,40.5909330,2
0xbf5b8bfefacb7e39739f009fa86ad5914d9307d1,2026-05-04T22:30:34+00:00,2026-05-04T22:30:34+00:00,1,0,0,15.0,0,14.6400,1
0xbf7e712031aeb3a80190e868a0bbf95df7b4be26,2026-06-15T07:49:13+00:00,2026-06-15T07:49:13+00:00,1,0,0,46.8835,0,46.7897330,1
0xbf8b4f5afc97ba60318342ef95e253583efbb0c7,2026-05-28T02:14:57+00:00,2026-05-28T02:14:57+00:00,1,0,0,1.317076,0,1.2999540000146084,1
0xbf8c9cba24c09c139523b5372856ac304a9bc51b,2026-05-17T01:20:48+00:00,2026-05-17T04:46:17+00:00,2,0,0,20.120666,20.12,39.9992219999758668,2
0xbfa41f1b082c5382dbc056c0ea4ad21fbff06fd8,2026-06-02T17:46:18+00:00,2026-06-02T17:46:18+00:00,1,0,0,1.029222,0,1.0199590000444782,1
0xbfb273d0f28b074d5dab2000b97cabc76c35d820,2026-05-07T07:05:08+00:00,2026-06-12T02:02:33+00:00,2,0,0,3.099156,3.09,6.0807129999421944,2
0xbfb2d311ca998c79818e34a8c562ea15ed40cac9,2026-06-07T16:26:18+00:00,2026-06-07T16:26:18+00:00,1,0,0,5.7,0,5.6715,1
0xbfba1136a9484c7eb8cd9bc6e08a3fa244b59774,2026-03-28T00:45:41+00:00,2026-04-05T05:36:09+00:00,3,0,0,10.695475,10.69,19.9416829995722642,3
0xbfbb9bdd654cb928a1b7b36e994bd53512a4dc2b,2026-04-15T19:46:04+00:00,2026-04-15T19:46:04+00:00,1,1000.0,0,0,0,50.000,1
0xbfd6c5b57c681e1dbe979f195ded2057158e4182,2026-06-02T20:36:59+00:00,2026-06-12T12:51:03+00:00,2,1059.0,1059.0,0,0,12.7080,2
0xbfdd1f7688eb2cbadb776d4cec807053987586cf,2026-05-11T22:09:14+00:00,2026-05-11T22:09:14+00:00,1,136.363635,0,0,0,2.9999999972727270,1
0xbfde5c88517a0b806f27f046b90f19d5fd778267,2026-04-15T06:17:30+00:00,2026-05-16T11:58:12+00:00,8,42786.540927,0,0,0,877.9299974915711811,8
0xc00b398d48e893ec240efae0cb1aa93fb1a77f8d,2026-06-16T12:19:31+00:00,2026-06-17T14:29:14+00:00,2,4000.0,0,0,0,17.4000,2
0xc0107029fdf737ee322b6a36cc2d4844eca7fd3b,2026-03-29T01:48:42+00:00,2026-06-11T15:04:48+00:00,8,0,0,722.37,722.37,1418.87173,8
0xc0166ea8c28550a57a9b2488b798ab5d963acbdb,2026-06-14T19:19:49+00:00,2026-06-14T19:19:49+00:00,1,333.333333,0,0,0,0.999998999000001,1
0xc0293cf2134d901a36768378e027754eb71d6bb5,2026-06-14T07:37:12+00:00,2026-06-14T07:37:12+00:00,1,0,0,34.4085,0,34.3396830,1
0xc033ff0045ed574400cee888b842fc840ae4d08c,2026-05-04T14:02:40+00:00,2026-05-04T14:02:40+00:00,1,441.176469,0,0,0,14.9999990195294151,1
0xc03fd7f514a6d52fe0b8291846717724f6c1249d,2026-02-14T05:21:11+00:00,2026-04-01T08:41:33+00:00,6,19.84,19.84,600.0,600.0,1112.4352,6
0xc05308e5f38921ee2e494e508b48343e13b27efb,2026-05-02T12:52:50+00:00,2026-05-02T18:54:52+00:00,2,0,0,53.98,53.98,103.80354,2
0xc062ea8ae665dc5afb2f0b2f25ed7d73b9808c5e,2026-06-10T06:03:46+00:00,2026-06-10T06:03:46+00:00,1,10287.5,0,0,0,41.1500,1
0xc06bad1e87c15771fde220b2f28ef8d18413d849,2026-06-02T20:41:30+00:00,2026-06-15T00:00:37+00:00,2,0,0,3.027222,3.02,6.0109169998809446,2
0xc06fed6c3e3cfdff1400afe191d977cfd9c8ac41,2026-04-29T19:09:34+00:00,2026-05-03T17:32:54+00:00,3,499.999997,499.99,0,0,32.9996379933333467,3
0xc078b8cbbfed2e48579f25929c24cafd7d39e0ae,2026-03-19T20:59:25+00:00,2026-03-19T20:59:25+00:00,1,8.333332,0,0,0,0.9999990000001344,1
0xc089689df5df2027831c1741d0538889e6290351,2026-06-14T08:58:19+00:00,2026-06-14T08:58:19+00:00,1,0,0,1.032,0,1.029936,1
0xc0922d43e7d1e87a0a07130cde64cdb8981a5428,2025-12-30T11:45:15+00:00,2026-01-01T19:21:25+00:00,2,5.0,0,5.0,0,4.850,2
0xc0931826dd2ec873ba3444f15cef392248f899f2,2026-05-13T04:55:57+00:00,2026-06-04T05:42:40+00:00,3,0,0,179.981382,90.26,267.0865690022276698,3
0xc0987800a15bb1ed55e27fbe5efeb2447a99c066,2026-06-03T05:22:01+00:00,2026-06-03T05:22:01+00:00,1,111.111111,0,0,0,0.999998999000001,1
0xc09a1026da7da1753734c541ec28118f0516deb9,2026-06-12T15:49:40+00:00,2026-06-12T15:49:40+00:00,1,0,0,1.042,0,1.039916,1
0xc0a4f09a9c26b9237623a3a2491b716a8124f0ea,2026-06-02T23:52:17+00:00,2026-06-03T08:48:05+00:00,2,100.0,100.0,0,0,1.8000,2
0xc0b0eac278da11dbefa55fa13d3339570fab298f,2026-04-28T13:30:58+00:00,2026-05-29T01:25:39+00:00,3,200.0,90.7772,0,0,12.538860,2
0xc0b4c26db244985508a41ecfbb9837d7619da644,2026-05-13T10:32:20+00:00,2026-05-13T10:53:25+00:00,5,282.85714,282.85,0,0,7.637049988285714,5
0xc0bd0bb9f8f75a7a7432665cd74e4eb465cf17ee,2026-04-30T14:58:02+00:00,2026-05-02T04:09:12+00:00,2,0,0,11.3402,11.34,21.886394,2
0xc0fd6f5816c3d4ebfec4c52b7061be36e198f75d,2026-05-18T08:38:45+00:00,2026-05-18T08:38:45+00:00,1,83.333333,0,0,0,0.999998996000004,1
0xc10466ca44b3f436544e93101f2d28c56f72d8a2,2026-05-07T03:57:58+00:00,2026-06-05T05:03:39+00:00,2,0,0,5.165281,5.16,10.1135520002520785,2
0xc1057d8df682e5b648b90724bc59183109bc4e6f,2026-05-20T02:25:34+00:00,2026-05-20T02:25:34+00:00,1,555.555554,0,0,0,4.999999986,1
0xc10f786374abdde0dff0cf9439ba3d49c527c7df,2026-02-04T18:16:43+00:00,2026-03-08T23:47:41+00:00,13,262.710186,262.0,0,0,180.7899970022777580,13
0xc1128168389806232c7867f8dd5fb3cad0514dcd,2026-06-17T00:19:35+00:00,2026-06-17T00:19:35+00:00,1,3333.333333,0,0,0,9.9999989990000001,1
0xc124bd6e5d91489b66c987dfa72bcd8de37a25cb,2026-02-11T12:27:09+00:00,2026-04-25T20:11:30+00:00,77,5475.58,5475.58,0,0,3105.232179990084,77
0xc12811f6a3eb2a57b032fbf35b8fd6d6b6b1f04c,2026-06-14T02:26:46+00:00,2026-06-14T02:26:46+00:00,1,0,0,99.0,0,98.8020,1
0xc128f107aa5f36475eb9a1ed01dcadf6dedc290f,2026-05-03T00:44:38+00:00,2026-05-11T16:16:35+00:00,4,0,0,119.45,119.45,231.7945,4
0xc13188b4b548102e3d7467e8be018ca276dcefd2,2026-04-28T00:00:24+00:00,2026-04-29T18:33:20+00:00,4,52.68,52.65,0,0,3.87023,4
0xc148fa26a2a12a93a8cf6a881b5b39d6b52caade,2026-04-30T05:18:42+00:00,2026-04-30T05:18:42+00:00,1,200.0,0,0,0,5.0000,1
0xc15e31e36eb84e190c32ef24eb8988e100654fa4,2026-06-11T17:48:04+00:00,2026-06-11T17:48:04+00:00,1,666.666666,0,0,0,1.9999989980000010,1
0xc164a2de4415dddf1c3992c1eb096f0b4afdaf25,2026-05-29T23:27:01+00:00,2026-05-29T23:27:08+00:00,2,0,0,93.9393,93.93,185.896677,2
0xc16c25fc5c6a0d815b99bba9a2b9e8a76548e3dc,2026-06-05T13:10:12+00:00,2026-06-05T13:10:12+00:00,1,2500.0,0,0,0,20.0000,1
0xc17749244b29703a7627d1774863891b467048dd,2026-05-05T20:43:02+00:00,2026-05-28T04:00:55+00:00,2,34.482757,34.48,0,0,1.4482390012759068,2
0xc18ec25f0d11938128f592299835a404e38e44e3,2026-06-17T07:19:41+00:00,2026-06-17T07:19:41+00:00,1,333.333333,0,0,0,0.999998999000001,1
0xc19281e7f049a7f7482421c346f3d5217f6649cc,2026-05-13T04:49:45+00:00,2026-06-04T05:33:09+00:00,3,0,0,179.778525,90.06,266.6891520002479555,3
0xc19e89eb4248973d995389ec6a249edb4a28c7e0,2026-06-17T15:46:16+00:00,2026-06-17T15:46:16+00:00,1,0,0,111.73,0,111.39481,1
0xc19f98acf766503501a77f79fe4394af6de1eb75,2026-05-29T15:38:59+00:00,2026-05-29T15:39:25+00:00,2,1692.953332,0,0,0,20.0000000586272318,2
0xc1a030baa198011b7a6e6dfb0f9649c933c84a06,2026-03-13T06:14:53+00:00,2026-03-18T21:28:51+00:00,2,0,0,7.0,7.0,11.200,2
0xc1a333e9d97fc7aa6c91bc8bf445c81c6d851c9a,2026-05-07T04:44:42+00:00,2026-05-07T04:44:42+00:00,1,0,0,30.0,0,28.9800,1
0xc1a4273c62497ab957c8ce84fc798e89ee9ccd85,2026-06-13T09:08:46+00:00,2026-06-13T09:08:46+00:00,1,0,0,2.004,0,1.999992,1
0xc1a79c4b66e2d613967f3e0bb89c7114eace34d6,2026-05-16T08:29:11+00:00,2026-06-16T14:39:58+00:00,2,375.0,0,0,0,2.0000,2
0xc1b11abd420766a623bbf6e6f36a6fed37219af8,2026-04-23T23:54:08+00:00,2026-04-24T00:07:24+00:00,2,392.156861,0,0,0,19.9999989992353098,2
0xc1ba69c7bed3fd1df60f665529bf535bac6eddbf,2026-06-06T03:37:30+00:00,2026-06-06T03:37:30+00:00,1,0,0,25.0,0,24.8500,1
0xc1c0cd75398fa4ab693693d89e01c6267c63466c,2026-06-09T03:41:40+00:00,2026-06-09T03:41:46+00:00,2,0,0,10.12025,10.12,20.14916900,2
0xc1c15775a381513b1b772010ee5de8f6e4f5c63a,2026-06-01T05:32:24+00:00,2026-06-01T05:32:24+00:00,1,555.555555,0,0,0,4.9999989950000010,1
0xc1c914c4fa5f8350a3c354b7a2d346bbaee4adb8,2026-04-30T12:48:44+00:00,2026-05-01T04:11:22+00:00,2,0,0,1.02774,1.02,1.984290999959070,2
0xc1d31af32690ecc52f9c372d1dc16dea79a77d51,2026-06-17T18:03:35+00:00,2026-06-17T18:03:38+00:00,2,0,0,15.02,0,15.00498,2
0xc1d34a260304978cd525e3b0a57ea85c7628ef7a,2026-06-06T16:19:45+00:00,2026-06-06T16:19:45+00:00,1,200.0,0,0,0,1.0000,1
0xc1d7d64589975f233d1844e7c71dda4694f9c442,2026-06-17T07:39:55+00:00,2026-06-17T07:39:55+00:00,1,416.0,0,0,0,1.2480,1
0xc1db5b20bac16a14949741e3b64233e9e78f9877,2026-05-16T13:42:58+00:00,2026-05-18T15:08:52+00:00,35,15967.136826,15967.13,0,0,221.9844010008603924,35
0xc1f0ec8b0c7b98f8ae40453f87e4766e028e75fd,2026-05-10T09:19:26+00:00,2026-06-04T06:59:31+00:00,3,0,0,17.276421,17.27,33.9190379996707587,3
0xc1f4a93f7faddabbad85f4c0b4b456232e53bee0,2026-05-02T20:43:46+00:00,2026-05-03T02:44:38+00:00,2,0,0,65.91,65.91,126.74493,2
0xc20bada1db2dc44966522c4b8cf623ae87b320ed,2026-05-05T02:31:04+00:00,2026-05-05T08:35:32+00:00,2,0,0,21.97,21.97,42.86347,2
0xc2105b07aa43ed0c2f2ed752a9c5e18b09d1eee3,2026-04-15T02:28:42+00:00,2026-04-15T02:28:42+00:00,1,1983.333332,0,0,0,118.9999989283333340,1
0xc21ea96be762bb55041529af6e386e7c53b80215,2026-03-19T21:36:09+00:00,2026-03-19T21:36:09+00:00,1,0,4664.3,0,0,559.716,1
0xc222b9663a00b0406518edb4b6d2e83d6cee70fc,2026-06-07T12:54:43+00:00,2026-06-07T12:56:10+00:00,2,0,0,12.6934,12.69,25.2437930,2
0xc24e423355ee868b9a93c7113fdcb5e6ffe7b5b9,2026-04-20T21:25:06+00:00,2026-05-06T20:44:46+00:00,3,0,0,2.08,2.08,4.01232,3
0xc2613a8f9e73bd4595beb34b7aff0eb7b78aabe3,2026-05-13T11:00:59+00:00,2026-06-05T11:43:19+00:00,3,0,0,200.0,100.0,296.6000,3
0xc26196cd1d1c0c7196ca017d1362a6050783187f,2026-05-17T06:45:29+00:00,2026-05-17T17:51:34+00:00,2,0,0,100.8,100.8,200.0880,2
0xc264d13584541d1d94843e1aab27e3ac55e82560,2026-02-12T05:45:37+00:00,2026-02-12T05:45:37+00:00,1,100.0,0,0,0,47.000,1
0xc27830f67a48df607b661ac1417e4d96b2e9a116,2026-03-07T19:56:01+00:00,2026-03-07T19:56:01+00:00,1,100.0,0,0,0,33.000,1
0xc2856f76e696d9747b56f4f340392b3d9718e4e6,2026-06-17T03:13:09+00:00,2026-06-17T03:13:09+00:00,1,405.0,0,0,0,1.2150,1
0xc288a080d9fd922a1d7a43cc164442b784f3edb1,2026-04-05T04:50:53+00:00,2026-04-06T04:56:57+00:00,2,14.285713,14.28,0,0,1.9995990000000819,2
0xc28b15daa7b2e190525f58a23c6302fcd0735ae7,2026-04-09T07:59:11+00:00,2026-04-09T07:59:11+00:00,1,0,0,5.0,0,4.600,1
0xc2910da80aceb8ba55ec436e9d388d6d788130ab,2026-06-04T08:00:58+00:00,2026-06-04T08:00:58+00:00,1,181.25,0,0,0,1.45000,1
0xc29b5e208dc294438d02763a76e39b62aba150f6,2026-05-12T01:53:49+00:00,2026-05-12T01:54:05+00:00,2,50.0,50.0,0,0,2.0000,2
0xc29d23ba03e3b7d7fbba678d7a56c5fe02c32250,2026-05-16T23:20:59+00:00,2026-05-16T23:21:25+00:00,2,428.571427,0,0,0,2.9999979890000085,2
0xc29f3261d23beca785dcdafcb231a9429d57110b,2026-05-18T04:56:43+00:00,2026-05-18T04:56:43+00:00,1,153.846152,0,0,0,1.9999990067692424,1
0xc2a38d2fc9a34800a95c0437d4f19f80fe577180,2026-06-17T11:15:20+00:00,2026-06-17T11:15:20+00:00,1,866.666666,0,0,0,2.5999989580000008,1
0xc2ab79eabd52bc12df2f32abaa614772e1905448,2026-05-28T02:15:17+00:00,2026-05-28T02:15:17+00:00,1,0,0,1.317076,0,1.2999540000146084,1
0xc2aef27cc8b4f653bfad4dc32e59ac94642dc069,2026-05-05T10:47:56+00:00,2026-05-05T10:47:56+00:00,1,40.0,0,0,0,1.0000,1
0xc2b260dabd4f7f90530aa3cd5a7f5e2fe72b2174,2026-05-12T08:30:33+00:00,2026-05-12T08:30:33+00:00,1,227.272726,0,0,0,4.9999999947272726,1
0xc2bb6045824d665fcde7fbc9092df3e85d311ed0,2026-05-08T13:50:34+00:00,2026-05-08T21:55:59+00:00,2,0,0,31.45,31.45,61.73635,2
0xc2cd2fae2b6fb5b40c7edbeb2b5f6413c007adaf,2026-03-14T21:21:31+00:00,2026-03-19T15:21:59+00:00,2,451.5625,451.56,0,0,192.67160000359375,2
0xc2d07f2ffe96731edfe179a1372e8c66fb2cf92f,2026-04-05T10:34:13+00:00,2026-04-05T10:34:29+00:00,2,14.285713,14.28,0,0,1.8567990000000819,2
0xc2f0cdc980f8eb806ba2467c0e0e4b5279277ab9,2026-06-14T19:13:24+00:00,2026-06-15T00:15:18+00:00,2,3333.333333,1799.99,0,0,13.5999789990000001,2
0xc2f6bc53c533e786d84a0ef7dbca1de8bc790375,2026-03-24T17:09:17+00:00,2026-03-27T14:19:19+00:00,2,12.5,12.5,0,0,2.000,2
0xc2f9b99ac403feeabe5f885750f7c14c9951730f,2026-05-29T03:17:43+00:00,2026-05-29T03:17:43+00:00,1,0,0,2.028357,0,1.999959999971643,1
0xc3035ed502d5659e0332ce4b442014608713bdf7,2026-05-01T10:38:06+00:00,2026-05-01T10:38:06+00:00,1,68.965517,0,0,0,1.9999989998965552,1
0xc307318ac3756f1e8ddd294e9be3f6e3e93b8a38,2026-03-18T21:14:01+00:00,2026-03-18T21:14:03+00:00,2,20.00,0,0,0,4.000,2
0xc30aa03645ea1f983443a65d8eed22de11fd18aa,2026-06-06T17:36:19+00:00,2026-06-07T01:23:46+00:00,2,0,0,7.028,7.02,13.984788,2
0xc31b00f6835b63e7fbe747cae6d7aa828b00e385,2026-06-17T15:49:43+00:00,2026-06-17T15:49:43+00:00,1,0,0,49.0,0,48.9020,1
0xc31bcdc98737ffa5d6bc391c845db290fe22e5b5,2026-05-01T06:48:46+00:00,2026-05-20T09:25:17+00:00,2,33.333332,33.33,0,0,1.2666390000000384,2
0xc320ee33d99b0d952d2f3dd7bf24af82a2aabac8,2026-04-15T11:45:54+00:00,2026-04-18T04:30:42+00:00,15,0,0,1160.44,1160.44,2193.2316,15
0xc32c1ec778772c1e9e7ef86ead7d8feb7816a1be,2026-05-05T12:55:20+00:00,2026-05-05T23:16:12+00:00,2,0,0,318.87,318.87,620.52102,2
0xc33060102c9d8d0c9751d20909d00f6dc4b89794,2026-05-12T16:26:10+00:00,2026-05-17T04:46:17+00:00,44,5999.984498,0,0,0,46.9999069999370638,44
0xc3335aed1ffafe0d413cbb08424a7086a212543e,2026-05-09T20:42:54+00:00,2026-06-16T23:13:37+00:00,5,3388.257575,812.5,0,0,38.0104580032500005,5
0xc34b01c51c987180f19242bc45c8044ab476cbe2,2026-05-24T00:06:57+00:00,2026-06-07T23:34:45+00:00,13,0,0,55331.59,55331.59,109723.279589625025,12
0xc34dd53585b1e16551507474d46eb3cbb072002c,2026-06-17T03:24:55+00:00,2026-06-17T03:24:55+00:00,1,0,0,10.02,0,9.99996,1
0xc34f4c308af162a9781d2f7e26cc9c5257955f3b,2026-05-31T11:49:44+00:00,2026-06-11T14:00:00+00:00,2,0,0,93.0,93.0,184.9770,2
0xc34fd2f70594ab94b5ab3a054869ced73e76e0ed,2026-06-17T18:52:44+00:00,2026-06-17T18:52:44+00:00,1,1000.0,0,0,0,1.0000,1
0xc353f70c68bc47df0d01187015ac86bd8fb9a4a4,2026-06-05T08:26:57+00:00,2026-06-05T18:12:52+00:00,2,0,0,30.241875,30.24,60.058500000,2
0xc35793db316a56a58cc39d9252e2fa543d5fe776,2026-05-13T00:38:09+00:00,2026-05-13T00:38:09+00:00,1,66.666665,0,0,0,0.9999990016666910,1
0xc3654b53edeaaa62231c7c93139a64b1a40503b4,2026-05-09T20:03:04+00:00,2026-05-30T15:52:11+00:00,5,5322.207798,5322.2,0,0,123.3684882277416262,5
0xc36d157dc1030c5c5e5239f6de2593b9421b45e9,2026-05-10T02:27:34+00:00,2026-05-10T02:27:34+00:00,1,125.0,0,0,0,2.0000,1
0xc383504a0571f0a4b18571f0cf38d6e2c83ffbb9,2026-05-17T09:46:07+00:00,2026-05-17T09:46:07+00:00,1,125.0,0,0,0,1.0000,1
0xc388e844f37740a36ff0f829812e2019106df7b5,2026-06-11T05:53:36+00:00,2026-06-11T05:53:36+00:00,1,0,0,288.73,0,288.15254,1
0xc3941bdf09500a5ba4a36e45e17490e2440b2686,2026-04-30T07:31:04+00:00,2026-04-30T11:36:16+00:00,2,0,0,26.39,26.39,51.46050,2
0xc3a263872e00ccb02ca18e4b14e070db6399d0bd,2026-05-12T13:22:15+00:00,2026-06-03T17:39:31+00:00,2,132.0,130.0,0,0,3.1500,2
0xc3a5a6efac2ac49796dbdb8a79b05db107ee95e6,2026-05-01T17:10:30+00:00,2026-05-01T22:14:04+00:00,2,0,0,22.77,22.77,43.76394,2
0xc3a79b6f4c56c3de9f58f83311daf278b4f1955d,2026-05-04T18:35:50+00:00,2026-05-08T08:59:59+00:00,4,0,0,94.38,94.38,183.80219,4
0xc3a9fff578eb8e7521de56de4cbfee3cd6d16324,2026-04-30T14:14:18+00:00,2026-04-30T14:17:30+00:00,2,0,0,150.00,0,145.5000,2
0xc3b250584a1e900d304ad013dc0e4f35eee6d86f,2026-06-08T03:10:57+00:00,2026-06-08T03:11:00+00:00,2,0,0,12.6532,12.65,25.1640340,2
0xc3bf686de655c75d8984e477d56999e0970dedad,2026-06-02T09:56:01+00:00,2026-06-11T15:04:48+00:00,2,0,0,300.0,300.0,597.0000,2
0xc3c5a293f4e0708195647fcd07d901b7aca366e8,2026-02-26T18:14:50+00:00,2026-03-15T19:41:29+00:00,5,0,0,13.560680,0,8.9999939999268915,5
0xc3cd1d612bbf9fbf80da5a9bff0b0470cb46816c,2026-04-24T15:41:40+00:00,2026-06-10T20:28:54+00:00,248,70299.963226,70299.923329,2232.671885,2232.67,4885.2971480227616266,244
0xc3d95e16bf747e51b6819060ed08f97aa7e772aa,2026-02-23T21:09:36+00:00,2026-03-08T23:47:43+00:00,11,188.0,188.0,0,0,128.460,11
0xc3dd01e2ca4e0238a9ab319b89ff08f5fe66e27a,2026-03-18T18:53:21+00:00,2026-03-18T18:53:21+00:00,1,4.166665,0,0,0,0.999999000000240,1
0xc3e3bd150be60e68b25b0b2bf6f8c831db09c57a,2026-05-13T15:08:52+00:00,2026-05-17T15:06:29+00:00,2,0,0,273.279333,272.0,540.095981004,2
0xc3e47fbd3674f2bea7b5be8a485d791b39b2b707,2026-05-05T16:04:12+00:00,2026-05-05T23:04:46+00:00,2,0,0,52.04,52.04,101.11372,2
0xc3ead3f865c6cbc1f56509ff70b9fa6905c6ae3f,2026-06-05T12:55:03+00:00,2026-06-08T10:11:21+00:00,4,17300.0,17300.0,0,0,216.8000,4
0xc3f96d947b4cc24be840502b6f8e2f6b405f3614,2026-05-09T18:39:18+00:00,2026-05-26T13:43:18+00:00,2,62.5,62.5,0,0,1.8750,2
0xc3f9f59863b87ae3c827f7e5d8aa06144a53a6b4,2026-06-16T07:22:21+00:00,2026-06-16T07:22:21+00:00,1,1000.0,0,0,0,5.0000,1
0xc4075a3d4a17adabea8422e98e7d64925dcb0875,2026-05-10T12:39:34+00:00,2026-05-10T20:06:29+00:00,2,111.0,111.0,0,0,4.2180,2
0xc410657de94fd3c90be05ad0d1e27c252c931aa3,2026-05-12T12:59:44+00:00,2026-05-12T12:59:44+00:00,1,125.0,0,0,0,2.0000,1
0xc412ddc5446984a3eb6272ca5d6df54bc1b242cc,2026-05-13T05:33:37+00:00,2026-05-25T12:00:07+00:00,2,0,0,100.0,100.0,197.3000,2
0xc41f2a1887e74e966a7ab02c423d5bc4cedc1098,2026-06-10T16:30:15+00:00,2026-06-10T16:30:15+00:00,1,0,0,1.032,0,1.029936,1
0xc42a90e22d2974462418b967b376c5453db789b4,2026-06-07T13:37:43+00:00,2026-06-07T13:37:43+00:00,1,0,0,5.025,0,4.999875,1
0xc42ac19942e86815fd6991190752cff56c8b9fce,2026-06-07T11:44:46+00:00,2026-06-07T11:44:49+00:00,2,0,0,13.032,13.03,25.944722,2
0xc42e3461cfaca0aaa2ffbe7718cb8c3eec86d662,2026-06-16T06:03:07+00:00,2026-06-16T06:03:07+00:00,1,0,0,78.0,0,77.6880,1
0xc42f07c17163604f47d8311674b002036ba7f19c,2026-06-17T17:58:01+00:00,2026-06-17T17:58:01+00:00,1,350.0,0,0,0,1.0500,1
0xc4336f1de3aaf5709db8e9fc7d749f4bfea8d38e,2026-05-15T14:35:14+00:00,2026-05-15T17:33:32+00:00,2,500.0,500.0,0,0,9.5000,2
0xc4375ba352b239125237a166a45ae97954c3db3d,2026-06-08T07:44:06+00:00,2026-06-08T07:44:07+00:00,2,0,0,13.3566,13.35,26.5597170,2
0xc44586ee87a7aad5f6d5ef27fe67c64ed050f6eb,2026-03-29T00:51:44+00:00,2026-05-26T17:01:57+00:00,2,285.714284,285.71,0,0,24.5713589942857196,2
0xc44aea33faab1f335cd240eaf8af12078aaf5be1,2026-06-13T09:48:30+00:00,2026-06-13T12:32:27+00:00,2,0,0,110.631,110.63,220.707848,2
0xc459b44713fe6d9aff4a9660757b70848cefe16d,2026-05-13T06:24:02+00:00,2026-06-05T03:41:55+00:00,3,0,0,200.0,100.0,296.49089000,3
0xc46ce0e64d4cda1fd1b57ad5485fb3cd3c357669,2026-05-16T01:50:16+00:00,2026-05-16T13:29:06+00:00,2,0,0,87.28,87.28,173.07624,2
0xc471354d7961aee537910b8206bbd183b8f853ed,2026-05-14T08:38:54+00:00,2026-06-05T12:52:33+00:00,3,0,0,200.0,100.0,296.5000,3
0xc471d0c1796f6b1ab003d20e98c0786833ff4002,2026-05-04T21:05:22+00:00,2026-05-05T01:10:36+00:00,2,0,0,59.5,59.5,116.2035,2
0xc47a2336c8123de6968ddac9feb068c4b9537a12,2026-06-16T23:55:23+00:00,2026-06-16T23:55:23+00:00,1,0,0,5.09,0,5.07982,1
0xc47df4490ea67eca1f0fb706e8c4a7bf62f5eab0,2026-05-07T08:42:51+00:00,2026-05-07T08:42:51+00:00,1,30.303029,0,0,0,0.9999989994242836,1
0xc4819c9d851da3c40ec3a5cd1e1772c84dcd52ee,2026-05-28T13:23:33+00:00,2026-06-17T11:54:02+00:00,8,6191.55,124.25,0,0,33.99665,8
0xc48cd1b7ae8b6b191c3cf09844cda6e3dfbf858f,2026-06-15T12:38:18+00:00,2026-06-17T18:00:41+00:00,2,0,0,111.0,111.0,221.5560,2
0xc48de089a7dbd2c2781afb27768e0dd727f9c398,2026-02-27T13:32:09+00:00,2026-03-19T08:15:51+00:00,4,0,0,5.781496,5.78,7.3035970000005846,4
0xc4933e874d5965a66559e673df7b7e778586c50a,2026-04-29T18:50:06+00:00,2026-04-29T18:50:06+00:00,1,27.027027,0,0,0,0.999998999000001,1
0xc4934280e344ae195ee90e1da049278e9e72c0b2,2026-05-15T04:38:38+00:00,2026-06-05T17:00:34+00:00,3,0,0,200.0,100.0,296.4000,3
0xc4946d6d89b5187bc1e2e3c632109edc475036c9,2026-06-12T05:30:58+00:00,2026-06-12T05:30:58+00:00,1,0,0,328.9075,0,328.2496850,1
0xc4c32c1699b59413d5b371388846db0067dc65c7,2026-05-07T12:21:27+00:00,2026-05-07T12:21:27+00:00,1,32.258063,0,0,0,0.9999990013871415,1
0xc4c8e99d4f98d9dbe18ca1c88c4a424a74c77892,2026-05-16T06:39:07+00:00,2026-05-16T07:16:55+00:00,2,0,0,1555.891142,1555.89,3088.442784006,2
0xc4decdb140fe2bbda1eaa3055b833b2ece8cc46b,2026-05-01T09:46:44+00:00,2026-05-01T17:49:36+00:00,2,0,0,65.23,65.23,126.02436,2
0xc4ee10a1c5f13ad71cad8f5e1cf7051802b07387,2026-06-11T13:43:57+00:00,2026-06-12T16:47:01+00:00,2,0,0,8.016,8.01,15.985938,2
0xc4f1c123aa9cfe2bd3aed4b7be25fc1224f81ec9,2026-06-17T10:03:05+00:00,2026-06-17T10:03:05+00:00,1,3606.666666,0,0,0,10.8199989160000002,1
0xc503051e34808ec8c39e2b0e9a956d7763123acd,2026-06-17T15:02:29+00:00,2026-06-17T15:53:25+00:00,2,0,0,103.8775,103.87,207.2281350,2
0xc5031a747580c56b54ccdfe9702a388534089f88,2026-06-03T17:53:43+00:00,2026-06-09T17:49:54+00:00,3,0,0,187.0,94.0,279.2180,3
0xc504a387f9ede18bb07ac3f45c140802177d2a5b,2026-03-21T19:23:15+00:00,2026-03-23T15:33:11+00:00,2,45.833332,45.83,0,0,8.7080990012500244,2
0xc50db5d0202d59152d9c346dba84fbc6473e6184,2026-06-16T16:17:02+00:00,2026-06-16T16:17:02+00:00,1,250.0,0,0,0,1.0000,1
0xc50ec19e74cfa66a9baab035b01bd0232b303a52,2026-05-06T08:28:00+00:00,2026-05-06T20:01:22+00:00,2,0,0,119.56,119.56,231.46816,2
0xc512e354c8a3aaf797b34ae2c7a12accf0f6a401,2026-05-02T23:06:30+00:00,2026-05-02T23:06:30+00:00,1,51.28205,0,0,0,1.999999001282075,1
0xc516890c15e4ec547e5c99b1fe515d059b9b4398,2026-04-09T12:09:37+00:00,2026-04-09T12:09:37+00:00,1,0,0,3.260862,0,2.9999929998913974,1
0xc5187cb669690150643ba2f9aac6b7d98d212594,2026-01-22T13:01:40+00:00,2026-06-06T16:03:57+00:00,306,0,0,8377.160682,10.3,6938.4404249912298591,305
0xc5275033865503f51ed001c4012ba619f9068182,2026-06-09T09:44:12+00:00,2026-06-09T09:44:12+00:00,1,0,0,50.20075,0,49.99994700,1
0xc53817effc570fe046bca2c38965981f95787490,2026-06-14T16:41:15+00:00,2026-06-14T16:41:15+00:00,1,0,0,15.030059,0,14.9999979997355367,1
0xc53979901c7f9d918b3c5bcccafb1938f87be4f1,2026-05-09T19:45:20+00:00,2026-05-09T19:45:20+00:00,1,616.003529,0,0,0,9.9999999798327228,1
0xc5403a67309b34f5936e429568bccf02726df00d,2026-03-01T23:07:51+00:00,2026-05-22T18:27:47+00:00,145,0,16261.61,2136.016664,188.13,2792.1308059999997312,143
0xc5528b16d0d39e3ae58a04d52d9015890d647689,2026-06-07T18:49:03+00:00,2026-06-07T18:49:03+00:00,1,0,0,5.75,0,5.71550,1
0xc5573dc6497c40e1c2a3bd836c9e48cf33157797,2026-06-08T03:13:07+00:00,2026-06-08T03:13:12+00:00,2,0,0,12.613,12.61,25.084275,2
0xc55a73dc42a5263fe6afdce3b0b9c8eb59e17281,2026-03-30T21:23:47+00:00,2026-03-31T17:05:15+00:00,9,0,0,36.39990,36.39,68.7865050,9
0xc562e46929e8d2f94f276fa3b02bd31c4a0af421,2026-03-13T15:08:41+00:00,2026-03-13T15:54:31+00:00,6,100.00,0,0,0,34.0000,6
0xc563bd2377038ce9bfda1b0bd534663f1f1dce83,2026-05-16T06:44:29+00:00,2026-05-16T07:18:08+00:00,2,0,0,1667.673714,1667.67,3310.328638002,2
0xc574046fe322f98140bb0cdca9774f2512e6b9da,2026-06-17T18:00:49+00:00,2026-06-17T18:00:49+00:00,1,1666.666666,0,0,0,4.9999989980000004,1
0xc5777ad30093dc7589e9fdfaa6d557892262faf6,2026-06-05T14:18:21+00:00,2026-06-06T16:12:57+00:00,2,0,0,53.09,53.09,105.59601,2
0xc57e83d7e9988f8e19b6ef7984a2dfd0005433a7,2026-05-03T22:01:42+00:00,2026-05-11T13:07:02+00:00,4,0,0,124.16,124.16,241.01728,4
0xc5932a820c5bfce9c84155f02449530bad6df6f7,2026-06-09T05:55:37+00:00,2026-06-09T05:55:37+00:00,1,0,0,126.58,0,126.07368,1
0xc5960d6b3cf133fb7809eba48af1447fbd4d2428,2026-02-16T08:22:37+00:00,2026-02-16T13:50:43+00:00,8,400.00,0,0,0,200.000,8
0xc5b3260e9d42a80683201acb409b7595d01b2a31,2026-06-16T04:00:40+00:00,2026-06-16T04:00:40+00:00,1,200.0,0,0,0,1.0000,1
0xc5b326793b5574c09373fcaaa5aaaecbdf23c466,2026-05-09T10:45:24+00:00,2026-06-11T13:25:18+00:00,2,187.5,0,10.02,0,12.99996,2
0xc5b44af2c896522771856a4906c3d59769f61f8a,2026-04-18T12:18:12+00:00,2026-04-18T18:40:12+00:00,2,0,0,361.19,361.19,682.6491,2
0xc5bf7a7e42cc2f83ef43e82a302b2942ff88e6db,2026-02-16T18:10:25+00:00,2026-03-22T22:22:17+00:00,6,73.092591,73.0,0,0,42.3199989999537475,6
0xc5bfa5fde1671d21d15e3e074305fb381e980be2,2026-02-20T15:34:26+00:00,2026-02-20T15:34:26+00:00,1,14.893616,0,0,0,6.9999990002128016,1
0xc5c1661cba8606fc4076d58f8b80bf6b5386119c,2026-03-23T06:33:21+00:00,2026-03-23T06:33:21+00:00,1,150.0,0,0,0,15.00,1
0xc5ce76fd24f0b7ae2b73f9c75f2318f34890266d,2026-05-29T03:51:08+00:00,2026-06-04T09:47:40+00:00,2,0,0,342.0,342.0,676.4760,2
0xc5d08bf80fd2d540e35d53b11113adb4519c02c2,2026-04-30T07:42:56+00:00,2026-05-04T09:17:40+00:00,2,235.360360,0,0,0,5.9999979910000026,2
0xc5dc3b5c2ab083ee5bbe069392c5ceb7b205c5ab,2026-05-09T21:43:48+00:00,2026-05-09T21:43:48+00:00,1,62.5,0,0,0,1.0000,1
0xc5f58d173ed0622f768982125e21203c76c30cae,2026-06-01T02:16:18+00:00,2026-06-02T02:23:19+00:00,2,0,0,899.74,899.74,1784.18442,2
0xc5f8323c73bbecb5aedba217aaf8057c434c759b,2026-03-06T14:36:15+00:00,2026-03-06T14:36:15+00:00,1,62.351763,0,0,0,19.9999989994530534,1
0xc5fac9f73af8fa65bb0e24829e2e86db3cc7bc7a,2026-05-11T17:48:38+00:00,2026-05-12T12:30:28+00:00,2,0,0,50.0,50.0,98.1000,2
0xc602e34792d9a5e129f3404daef2df43d1d37fc1,2026-03-19T01:46:19+00:00,2026-05-13T04:44:21+00:00,260,2561.36,2561.355423,9913.38,9913.370100,19019.6606920016962615,233
0xc60d3cdf4e0fe1c757a4a84a6d6a8748f7594a14,2026-04-30T08:45:42+00:00,2026-05-06T05:59:00+00:00,2,200.0,200.0,0,0,10.6000,2
0xc6145993b368c312240c6ff42e0440afb2939d44,2026-05-05T12:22:18+00:00,2026-05-05T12:22:18+00:00,1,150.0,0,0,0,3.7500,1
0xc634dd8f094e264caed76a0484cf4874633fa191,2026-06-05T13:18:12+00:00,2026-06-05T20:00:42+00:00,4,7000.00,7000.0,0,0,98.00000,4
0xc6466899d3e1bf9bd8fa90495a6fc73165947077,2026-05-06T15:41:36+00:00,2026-05-23T10:45:41+00:00,2,0,0,3.1088,3.1,6.0689920,2
0xc655991b30d1ab3df63db67245d64e8c4d96fdb8,2026-05-04T02:22:58+00:00,2026-05-04T07:24:24+00:00,2,0,0,65.65,65.65,126.50755,2
0xc65cd99ff815c0c0567da4dbdc2817f79468da74,2026-05-30T14:39:35+00:00,2026-06-11T15:04:48+00:00,7,0,0,850.00,850.0,1690.22500,7
0xc65dc22040feb63fc97856048e6ef27cac4ed523,2026-03-06T18:02:09+00:00,2026-03-06T18:02:09+00:00,1,3.085713,0,0,0,1.0799990001259434,1
0xc65fa281194ed02b41cc6d908400a08d32492322,2026-04-30T08:58:28+00:00,2026-04-30T15:03:48+00:00,2,0,0,49.34,49.34,95.96630,2
0xc662522c3498dd3f25c6ac592a9f59d422a72cca,2026-05-02T14:27:00+00:00,2026-05-06T00:55:00+00:00,2,0,0,36.420384,36.42,70.3638089985057312,2
0xc66ac119bd156d4415edb488c0fca203794509e4,2026-06-14T03:55:06+00:00,2026-06-14T03:55:06+00:00,1,0,0,33.4765,0,33.4095470,1
0xc67640dbf7976ce3ff93d32c2d6bb158d91e7753,2026-04-28T08:12:56+00:00,2026-04-28T08:13:26+00:00,2,0,0,32.601028,32.6,62.8537920004393832,2
0xc676eec602b65d0d3ef6e47239d311a543851e74,2026-06-14T18:25:25+00:00,2026-06-15T01:10:27+00:00,2,0,0,7.014,7.01,13.988942,2
0xc6777f27f1829916c5fabdd97662c79d6d77677a,2026-05-10T19:39:45+00:00,2026-05-12T01:53:58+00:00,3,0,0,10.0,10.0,19.5800,2
0xc67f572e0f39ef85e4cfafcf353d144c054fdac8,2026-03-13T14:00:21+00:00,2026-03-18T21:15:01+00:00,8,45.0,0,0,0,12.26000000020,8
0xc681a59315cb993c45056a85d1a5b6cb3324bcd8,2026-05-05T16:09:24+00:00,2026-05-06T13:56:00+00:00,2,0,0,350.0,350.0,676.9000,2
0xc68920a7beec99f68295df3daa7fa85fb11c9f1f,2026-06-16T16:36:16+00:00,2026-06-16T16:36:16+00:00,1,250.0,0,0,0,1.0000,1
0xc692fe80d9515d4f72456f9b77ccc323c129f33c,2026-05-02T17:42:32+00:00,2026-05-03T00:43:06+00:00,2,0,0,62.08,62.08,119.37984,2
0xc694ebd30649012e35dc2e700bcc988c58366054,2026-05-25T11:04:13+00:00,2026-05-25T11:10:57+00:00,2,76.923075,76.92,0,0,1.9230389980769475,2
0xc6a317081831cd353e99dda35151a5ff7151567f,2026-06-06T11:19:30+00:00,2026-06-06T11:19:30+00:00,1,142.857142,0,0,0,0.999998994000006,1
0xc6afd988219e2bac8ebdd0f711b90aafbf1d05c6,2026-04-15T22:01:54+00:00,2026-04-21T14:15:44+00:00,2,1376.033332,1376.03,0,0,133.76870902977252,2
0xc6b0f060e52ffb3b74dc626449ea7ee2daf0e71e,2026-05-01T18:50:48+00:00,2026-06-17T15:44:07+00:00,4,355320.316054,0,0,0,1199.9999998590933698,4
0xc6b749bdacfb31a91897895416f01a502bdbd5a5,2026-06-16T12:46:24+00:00,2026-06-17T00:54:49+00:00,2,0,0,118.69,118.69,236.43048,2
0xc6c539db34e0edc6f89254cbe4f31561b9856f9c,2026-05-06T07:50:00+00:00,2026-05-06T07:50:00+00:00,1,1071.42857,0,0,0,29.999998995714287,1
0xc6e4a81b0db599380cc11165c9d14783d39b3267,2026-05-08T06:07:12+00:00,2026-06-10T13:41:43+00:00,16,2324.986107,0,0,0,17.6296609999032749,16
0xc6f21c653d815964b8eb3bcabcbe661e399abf52,2026-04-01T05:51:43+00:00,2026-04-08T01:49:55+00:00,2,16.666665,16.66,0,0,2.499399000000090,2
0xc6fa9a0058f324cf4d33e7ddd4f0b957e5d551e5,2026-02-12T05:49:31+00:00,2026-05-29T19:25:35+00:00,9,0,0,75.53,74.53,128.5976500,9
0xc6fd8b51924453648903723887c808aef39453df,2026-06-15T13:22:13+00:00,2026-06-15T13:22:13+00:00,1,250.0,0,0,0,1.0000,1
0xc71fbf6f9ab449989d2d747927472049dbe986f4,2026-06-17T09:10:10+00:00,2026-06-17T09:10:10+00:00,1,0,0,90.47,0,90.19859,1
0xc720734eea5685ec69f36185d287646cf80d9061,2026-04-25T16:02:44+00:00,2026-06-09T15:07:06+00:00,6,5000.00,0,0,0,92.829420000,6
0xc729f4afcf10334ade3573d7889883e336ed6f9d,2026-05-01T08:31:00+00:00,2026-05-01T14:32:48+00:00,2,0,0,41.63,41.63,80.76220,2
0xc7501aaeeb166abb9b3ee253eee1337eba2d81d9,2026-02-11T04:18:43+00:00,2026-02-11T04:18:43+00:00,1,18.57,0,0,0,10.5849,1
0xc7583b2fdba3f2a782f3d88f80ddc5a7b0d8773b,2026-04-28T22:21:30+00:00,2026-04-29T15:09:26+00:00,2,400.0,400.0,0,0,33.2000,2
0xc75c5c5aba8b19be6d9f4ba1c55d5692f8ea7f27,2026-06-15T05:01:46+00:00,2026-06-17T18:00:41+00:00,2,0,0,6.012,6.01,12.003966,2
0xc76bd55289c2364095939bb75c840d15488fc1d3,2026-05-01T16:50:18+00:00,2026-05-01T16:50:18+00:00,1,256.956923,0,0,0,9.9999999984460747,1
0xc76c5040c2517c70eb61e0bce2c08fa55cb109c4,2026-06-12T07:20:10+00:00,2026-06-12T07:20:10+00:00,1,0,0,1.182,0,1.179636,1
0xc7763dc356951b4d18476d875b9df7c7aa5c6661,2026-06-14T09:05:15+00:00,2026-06-14T09:05:15+00:00,1,0,0,9.018,0,8.999964,1
0xc77675258d62af0a8d733598b53829dc6f142915,2026-01-30T14:20:34+00:00,2026-01-30T14:20:34+00:00,1,2.777776,0,0,0,0.9999990000002304,1
0xc77f8a31333a79669379e6c79411a2f11725b837,2026-04-08T06:34:01+00:00,2026-04-09T11:33:37+00:00,2,20.0,20.0,0,0,3.600,2
0xc784cda566378fb4f7875f75664903417fb30a7d,2026-05-08T04:36:35+00:00,2026-05-08T08:38:34+00:00,2,0,0,45.31,45.31,88.03733,2
0xc786795f461488ae2a476f30ea4f05962326f62e,2026-05-01T20:28:02+00:00,2026-05-27T01:09:36+00:00,4,335.632182,335.63,0,0,18.3700769951823219,4
0xc78b3bb6a155127a402e191e178c3a1088fd2e2e,2026-05-24T14:21:51+00:00,2026-05-24T14:21:51+00:00,1,83.333333,0,0,0,0.999998996000004,1
0xc78bdf5cbc99c23471b4758bbf43dacc58ac867f,2026-03-29T16:17:00+00:00,2026-03-29T16:17:00+00:00,1,0,0,4.255316,0,3.9999970000000296,1
0xc78d45a110d2a8b0f9682d4f5d6ceedf432787eb,2026-04-30T13:40:42+00:00,2026-05-27T14:18:08+00:00,10,0,0,112.00,111.99,217.23140,10
0xc794c5efa8471a6441a1e1770e3b883a1ba6d010,2026-05-03T17:36:58+00:00,2026-05-03T17:36:58+00:00,1,27.027027,0,0,0,0.999998999000001,1
0xc7af20793fe9395a08c65db858ad9288159925d4,2026-06-14T16:32:27+00:00,2026-06-14T16:32:27+00:00,1,0,0,25.05,0,24.99990,1
0xc7b91837a51329f5bac4d7b3ee5e59ce66ca7767,2026-05-01T03:12:54+00:00,2026-05-01T03:12:54+00:00,1,28.571427,0,0,0,0.9999989992857663,1
0xc7c961a1ce27ba6e54767c276c570524617b2ef8,2026-06-03T00:21:24+00:00,2026-06-03T00:21:24+00:00,1,100.0,0,0,0,0.9000,1
0xc7d06c1e42d8394380fdd4572a6a3f1bc5972fde,2026-06-06T00:13:22+00:00,2026-06-06T15:38:57+00:00,2,0,0,17.1025,17.1,33.9801850,2
0xc7d50e54396d1a87e9d713d9a87646f0f6d9cced,2026-05-21T16:55:08+00:00,2026-06-08T02:28:12+00:00,12,0,0,100.0,100.0,198.1900,12
0xc7da0b460109ce17b7e7cbbeb15c9f08e498c00a,2026-06-07T15:44:36+00:00,2026-06-07T15:44:36+00:00,1,0,0,1.006,0,0.999964,1
0xc7ef0c8cad8dcf1f5bfb9a7027659fca2412163d,2026-06-07T15:16:30+00:00,2026-06-07T15:18:27+00:00,2,285.714284,0,0,0,1.999997988000012,2
0xc7ffa788c0ade8cee5d58dcd6b13061b00b1e32a,2026-06-12T08:21:57+00:00,2026-06-12T08:21:57+00:00,1,0,0,1.002,0,0.999996,1
0xc80c55fdb34d25d0c52cacbf685023a56cd1d1e8,2026-05-17T06:45:29+00:00,2026-05-17T20:58:07+00:00,2,0,0,49.74,49.74,98.63442,2
0xc81239ee4f479556c701ce194f3ccee5274d7191,2026-05-15T01:56:28+00:00,2026-06-05T14:43:09+00:00,3,0,0,200.0,100.0,296.8000,3
0xc81d240a30af4ddcd0db5d21b6ed15081e24bc5d,2026-04-30T05:17:48+00:00,2026-06-17T18:00:41+00:00,156,0,0,6133.118885,6133.111515,12091.7737619995132939,139
0xc82050041e8f7a4869f2b42c8c9c91c7da4b9e00,2026-05-04T16:44:32+00:00,2026-05-05T19:01:36+00:00,4,1106.321837,1106.32,0,0,60.9769569896666717,4
0xc82214e25ce087de157fc1f9f90685f2c40aa169,2026-05-23T10:36:16+00:00,2026-05-23T10:36:16+00:00,1,24142.286,0,0,0,230.0000001490436,1
0xc8266f21fd7a6e31b9d3ce3621d1406e6bfafcb3,2026-06-05T03:00:39+00:00,2026-06-08T15:30:01+00:00,7,1756.666665,1756.66,0,0,21.0599359820555613,7
0xc828a4ebaa5dae5cc1e66a028256ed84efc7dbfa,2026-06-17T17:14:41+00:00,2026-06-17T17:59:56+00:00,3,20000.00,0,0,0,50.00000,3
0xc8304a590c41acd0a51c3d58b383b00b66ea2a10,2026-04-27T13:16:58+00:00,2026-04-27T13:17:06+00:00,2,40.0,40.0,0,0,3.2400,2
0xc83872136e4e75adeae3204ddc5f3d1ee6161263,2026-03-15T14:26:13+00:00,2026-03-15T18:21:15+00:00,4,0,0,11.24,0,7.9804,4
0xc83fef0dbd3a5b8c8d82350fd4783465490ad99a,2026-06-08T16:08:37+00:00,2026-06-08T16:08:37+00:00,1,200.0,0,0,0,1.0000,1
0xc848eaa0e319e0f71905bc5cd138c57ed3b0537b,2026-05-12T22:23:47+00:00,2026-05-26T14:28:36+00:00,2,101.333333,101.33,0,0,2.8372890019333366,2
0xc84c0405f4a539bae42d766f49ba11c9897c22af,2026-06-12T22:32:28+00:00,2026-06-12T22:32:28+00:00,1,666.684,0,0,0,2.999999997972,1
0xc8640c58ca1046fc45ebcb07ba1fdae2e5db8347,2026-05-02T22:01:04+00:00,2026-05-12T19:16:51+00:00,7,0,0,137.74,137.74,267.5295400016,7
0xc868f402b8eeddf964bd83506ef867f5eef135f9,2026-06-11T11:37:40+00:00,2026-06-12T08:17:13+00:00,2,0,0,26.052,26.05,51.971746,2
0xc86f5255e8222614bda7b2745ade15b21e3fa99c,2026-06-12T18:23:06+00:00,2026-06-12T18:23:06+00:00,1,0,0,1.033098,0,1.0299979999808268,1
0xc8707cbf4022826193ef008d000afe2dce0c382c,2026-05-18T09:43:15+00:00,2026-05-18T09:43:15+00:00,1,166.666666,0,0,0,1.999998992000004,1
0xc8773301f25228a280e12c6387c588fd3c0c05b4,2025-12-11T23:13:10+00:00,2025-12-22T20:37:09+00:00,2,20.0,20.0,0,0,21.000,2
0xc87bcb52fe17e1e0e56a07e4cb656154c6829152,2026-02-14T07:01:59+00:00,2026-02-14T07:01:59+00:00,1,19.230768,0,0,0,9.9999990003846384,1
0xc89f8c8c55e251e946bb2b6f32e97bafb6220df8,2026-02-20T20:13:42+00:00,2026-02-25T06:21:50+00:00,2,20.0,20.0,0,0,18.000,2
0xc8a557377debc0f03d404a1cfd2ec14051ab3c5d,2026-05-28T20:36:52+00:00,2026-05-28T20:36:52+00:00,1,10.0,0,0,0,0.100,1
0xc8ab97a9089a9ff7e6ef0688e6e591a066946418,2026-01-31T12:39:10+00:00,2026-05-17T18:44:51+00:00,629,59059.545085,58059.533239,194537.730064,166029.666115,361679.9923411527681717,625
0xc8aedfab0ccba10830110c996faf42041670d24b,2026-04-30T21:32:34+00:00,2026-06-17T16:40:11+00:00,2,1723.809523,0,0,0,6.9999979987142886,2
0xc8aeea557036fbb49ab54c2dfd966c661fc8f471,2026-02-11T04:07:45+00:00,2026-02-12T02:31:21+00:00,2,17.54,17.54,0,0,18.0662,2
0xc8b4a7c47acf784bc1143c8bb8bdcf7bafe919fe,2026-03-11T12:36:39+00:00,2026-03-11T12:36:39+00:00,1,0,0,2.272726,0,1.4999990000000896,1
0xc8ba1599f0fc6ed1507ba78e10931b2c53f519ae,2026-06-07T13:29:28+00:00,2026-06-07T13:29:34+00:00,2,0,0,12.321607,12.32,24.5060780002181719,2
0xc8c46d5662d598e7e431e6a506b20f16a1b134b3,2026-06-11T13:23:54+00:00,2026-06-11T13:23:54+00:00,1,0,0,1.002,0,0.999996,1
0xc8c7487a4f6b5073f73174d05ca00741b4021e47,2026-04-29T09:28:20+00:00,2026-04-29T09:28:20+00:00,1,44.444443,0,0,0,1.999999001666697,1
0xc8cbc4c03716b5c2299cde3c6334bcf676202854,2026-03-28T16:49:35+00:00,2026-03-28T16:49:35+00:00,1,14.285713,0,0,0,0.9999990000000819,1
0xc8d995403eb4824602d3c8dc1c5e093abc8e8afd,2026-05-25T14:12:31+00:00,2026-06-10T06:47:39+00:00,3,0,0,543.0,543.00,1077.85500,3
0xc8dacc71387cb6335a5954a440cc261e9da6f45d,2026-06-07T14:00:31+00:00,2026-06-07T14:00:31+00:00,1,166.666666,0,0,0,0.999998996000004,1
0xc8e34b3462c30b241eaac6426f54c40d2b65518a,2026-05-13T03:13:58+00:00,2026-06-03T07:15:51+00:00,3,0,0,179.869908,90.15,266.7779319977208228,3
0xc8e7ab0e92292b96cd08cb567587528a702d64ac,2026-03-31T10:08:55+00:00,2026-03-31T10:08:55+00:00,1,16.666665,0,0,0,0.999999000000090,1
0xc9047ad0438d465eb1c3b81c170c8d4f4a4b8796,2026-05-09T02:59:43+00:00,2026-05-09T02:59:43+00:00,1,365.91,0,0,0,5.48865,1
0xc90b6e86d4772f27edb00f54919bb9b50266c74f,2026-05-03T04:09:48+00:00,2026-05-03T04:09:48+00:00,1,51.28205,0,0,0,1.999999001282075,1
0xc90fe7b874612eeb50d61af6aa3a6947d66d5a04,2026-06-12T18:36:36+00:00,2026-06-12T18:36:36+00:00,1,0,0,2.006017,0,1.9999979999533573,1
0xc914cefa6b145a2c7792103ee8be95cc1bccef5d,2026-05-17T23:35:23+00:00,2026-05-18T13:39:24+00:00,2,0,0,56.57,56.57,111.89546,2
0xc91643f4c06a200e7deaa7167b6dde95ff320ac2,2026-05-14T15:10:31+00:00,2026-05-14T15:10:31+00:00,1,0,0,10.0,0,9.8600,1
0xc91f5a17b0d399e125ad80b07009d4a94ff0929c,2026-06-14T16:56:49+00:00,2026-06-14T16:56:49+00:00,1,0,0,1.002004,0,0.99999900001604,1
0xc923245aa3fe2b13563dada2e77d02c9592b4a9a,2026-06-17T13:14:08+00:00,2026-06-17T13:14:08+00:00,1,16886.666665,0,0,0,50.659999995,1
0xc92aa97eceeca0e152e4633ab5a6b088114866c8,2026-05-10T16:37:43+00:00,2026-05-10T16:42:23+00:00,4,0,0,2.038630,2.03,3.9892960000321390,4
0xc9366975e39f47cf06c4338692c3b7665eb4c80c,2026-04-23T15:55:08+00:00,2026-04-23T15:55:08+00:00,1,500.0,0,0,0,25.000,1
0xc94dbb500e3237c96573b18b618f6a3843b9873d,2026-05-10T17:04:07+00:00,2026-05-12T08:06:38+00:00,2,204.186189,204.18,0,0,8.4877789937921352,2
0xc953f042ad550d094625d3cb418124e20d421ae5,2026-05-01T19:12:22+00:00,2026-05-16T18:11:39+00:00,4,191.056908,191.05,0,0,4.3779979940488564,4
0xc95692e622aee8b90f02f814a120d8ee55c59db7,2026-06-11T14:19:04+00:00,2026-06-11T14:19:04+00:00,1,0,0,1.002004,0,0.99999900001604,1
0xc95b859efdf89439f8cd773ed60569b77329995f,2026-05-07T03:19:07+00:00,2026-05-21T02:30:52+00:00,5,11111.068708,0,0,0,197.5699968650484504,5
0xc962b7dcda88e1264e8f460bb32c4bbe9ccb7866,2026-06-17T17:12:46+00:00,2026-06-17T17:12:46+00:00,1,0,0,95.0,0,94.8100,1
0xc96d77a7754db3c74098a5180b59a28738d5ee46,2026-06-13T14:51:30+00:00,2026-06-13T14:51:30+00:00,1,1060.0,0,0,0,3.1800,1
0xc971eb1c25d4ee3315d136e280fa7e1b6cde79da,2026-04-03T06:00:37+00:00,2026-04-03T18:11:39+00:00,2,16.666665,16.66,0,0,1.832999000000090,2
0xc97a875bb1c986150eae221d58683af1f4c4b10f,2026-06-04T10:28:28+00:00,2026-06-04T10:48:46+00:00,2,125.0,125.0,0,0,1.8750,2
0xc97b0b2a2547bb3ed57167092ef8a6e816c347e5,2026-05-06T10:07:44+00:00,2026-06-07T11:07:24+00:00,6,0,0,3999.987094,3999.98,7861.9675760211117680,6
0xc97b6dc8d6e292bb4495390b83fe0948c11d3516,2026-02-13T21:13:19+00:00,2026-02-13T21:13:19+00:00,1,0,0,10.19,0,4.9931,1
0xc985c38a64ead48fea54a3f4a446b4cc287aee44,2026-05-01T21:42:46+00:00,2026-05-04T06:04:10+00:00,4,0,0,118.82,118.82,228.55888,4
0xc98e490c770db253fb89732db1f88f746cda3583,2026-05-30T14:04:07+00:00,2026-05-31T00:59:52+00:00,2,250.0,250.0,0,0,4.5000,2
0xc990b97a6fde349a6e67d8ec145e42db85aa889b,2026-05-13T06:47:36+00:00,2026-05-17T16:52:14+00:00,2,191.666665,0,0,0,1.9999990016666910,2
0xc998b97b5dc23c46bdb4b0fc29311b7e1f42b949,2026-06-04T08:40:07+00:00,2026-06-04T08:40:07+00:00,1,125.0,0,0,0,1.0000,1
0xc9b11ce769c4011dee73557ba28960746dfe9e65,2026-05-05T13:44:18+00:00,2026-05-05T14:08:04+00:00,2,0,0,103.092766,103.09,199.8941929993814468,2
0xc9b981d81a47d5eec789b915a07141c0d1000d8b,2026-06-17T17:37:28+00:00,2026-06-17T17:37:28+00:00,1,2000.0,0,0,0,6.0000,1
0xc9bacaaaa804d435b5e0709f48aab0b21b6dcf54,2026-04-15T13:30:32+00:00,2026-04-30T07:14:58+00:00,39,3999.97100,3999.97,0,0,295.065650191401,39
0xc9e3208526a3554342652c26bec1ba2c230993f2,2026-05-19T05:32:15+00:00,2026-05-21T23:31:24+00:00,6,748.17,260.0,500.0,82.75,586.925250004573,6
0xc9ef6fb70c57e98bee55d5f648a7896d7b3cdb59,2026-05-05T21:32:56+00:00,2026-05-30T20:48:31+00:00,3,68.965514,68.96,0,0,2.6206380025518136,3
0xca069f00cdfc0a75ab23536caa2da835d4c2489f,2026-05-13T08:15:12+00:00,2026-06-05T06:05:01+00:00,3,0,0,200.0,100.0,296.5000,3
0xca17a3777cea85dce7d6be64a4227f7ed00bc46a,2026-05-12T15:01:58+00:00,2026-05-23T20:07:24+00:00,2,66.666665,10.0,0,0,1.1099990016666910,2
0xca181f4c33b1a9d3383e7528e871d6260c207d7a,2026-05-23T10:36:16+00:00,2026-05-29T14:29:44+00:00,2,0,0,345.0,345.0,684.1350,2
0xca1f1061fffafa09d792bbba4a8b6f53daed4336,2026-06-14T09:23:37+00:00,2026-06-14T09:23:37+00:00,1,0,0,1.002,0,0.999996,1
0xca2c803e0cdabaa05b26500aa4216d312e5f19a8,2026-05-02T15:49:48+00:00,2026-05-07T06:32:46+00:00,4,0,0,112.11,112.10,216.35566,4
0xca2d2b6453daac77af1407f9f3a05eca084827ac,2026-06-13T23:58:57+00:00,2026-06-14T12:12:51+00:00,2,0,0,55.26,55.26,110.18844,2
0xca43ffebd0603cc7c037e8a72aed1dfd113a1df5,2026-06-08T12:44:45+00:00,2026-06-08T13:55:00+00:00,2,0,0,110.74275,110.74,220.48607900,2
0xca4ab62c5fa5426a7ade56bbd8182daf1b13a055,2026-03-19T12:01:59+00:00,2026-03-19T12:01:59+00:00,1,83.333332,0,0,0,9.9999989983333468,1
0xca6ec93f25bab332ed965e798a63df27c8108dfc,2026-05-13T16:26:34+00:00,2026-05-18T07:55:56+00:00,2,6467.3,0,0,0,81.5536,2
0xca76a466f0848444113c51d275789a5a8aafb9c1,2026-04-01T02:42:35+00:00,2026-04-03T02:43:11+00:00,3,48.857141,48.85,0,0,5.4424989981363746,3
0xca778eb4bb405528d857c8794b6ae972450ca0ed,2026-04-17T20:00:22+00:00,2026-04-18T03:14:26+00:00,5,0,0,183.87,183.87,347.5143,5
0xca8f0374e3fc79b485499cc0b038d4f7e783d963,2026-03-18T21:52:29+00:00,2026-04-16T21:15:40+00:00,53,2462.68,2462.677137,0,0,361.5104959996761351,53
0xca939b308e611a3211c5d3690cd624602350c4d7,2026-06-16T06:59:12+00:00,2026-06-16T06:59:12+00:00,1,0,0,85.0,0,84.6600,1
0xca9692dd419c8e54e190a14a4108a7e37e3d22f0,2026-06-15T21:54:12+00:00,2026-06-15T21:54:12+00:00,1,2500.0,0,0,0,10.0000,1
0xca9a42625f07352b83e43faf48b78f706492ff2f,2026-04-25T21:56:00+00:00,2026-04-25T21:56:00+00:00,1,18.518517,0,0,0,0.9999989994815568,1
0xcaa05683909e533941ae5f7de116d727dee464df,2026-06-16T12:33:27+00:00,2026-06-16T12:33:27+00:00,1,5000.0,0,0,0,25.0000,1
0xcaa10ce678cc53dac882bdb39de6e54ce2221ece,2026-05-11T04:57:19+00:00,2026-05-11T04:57:19+00:00,1,0,0,1.22445,0,1.1999610,1
0xcab86254c7526e38f2b03957d06c0f5c39c9f069,2026-05-15T17:32:50+00:00,2026-05-15T17:32:50+00:00,1,454.54,0,0,0,4.5454,1
0xcab8afb53eeb469c358382610d4c8f872acf8113,2026-03-20T09:01:55+00:00,2026-03-22T09:11:19+00:00,2,33.32,0,0,0,3.9984,2
0xcac5c4685ec491f9fa01edd1c5d2602464518fd1,2026-05-11T21:40:36+00:00,2026-05-11T21:40:36+00:00,1,90.213477,0,0,0,2.0000000015124582,1
0xcac9efa6921daa29c57a79a8d7918a26a84747a9,2026-06-14T12:27:15+00:00,2026-06-16T10:33:07+00:00,3,0,0,30.10,0,29.98959,3
0xcad0b4e4aa236554250f379bd95a0ae7f861330a,2026-04-11T00:30:13+00:00,2026-04-29T20:52:20+00:00,8,134.922472,35.07,0,0,9.1573039997769115,8
0xcad402b53af13a80efd2c5ed1b136bf8e0b0317a,2026-04-30T15:19:00+00:00,2026-06-12T13:38:51+00:00,2,161.290321,161.29,0,0,5.3225789993871061,2
0xcae5cb13ae744578371e4d9bcff936d171dd8a23,2026-03-20T05:48:07+00:00,2026-03-21T14:37:31+00:00,2,10.0,10.0,0,0,2.200,2
0xcaf16a23195dc50e617f830ef0d1954eceab63c8,2026-01-29T11:38:56+00:00,2026-05-21T16:34:26+00:00,2,237.0,237.0,0,0,134.8530,2
0xcaf43b26bbe4407f14b0f409a55e46b7f3ecf5e2,2026-05-12T01:53:49+00:00,2026-05-12T01:53:58+00:00,2,50.0,50.0,0,0,2.0000,2
0xcb0adbcd0064a79f9cb13f4ba5d3a9128840db99,2026-04-30T07:34:18+00:00,2026-04-30T12:37:56+00:00,2,0,0,58.84,58.84,114.62032,2
0xcb199218bce29b303f07f34ecc3d842393d00227,2026-06-13T08:51:03+00:00,2026-06-13T08:52:30+00:00,2,666.666666,0,0,0,1.999997998000002,2
0xcb2842cdce72c72572b457d62ca8e9738b75ad8b,2026-04-29T21:02:12+00:00,2026-04-29T21:02:12+00:00,1,80.882351,0,0,0,2.7499990038529635,1
0xcb4853af0bcd109bcebcce1c11698de30e99b0ca,2026-06-13T06:35:54+00:00,2026-06-13T06:37:33+00:00,4,0,0,200.0,200.0,399.0000,4
0xcb608ffc4f9489af258054fff0ba28be693e57f9,2026-06-05T18:29:27+00:00,2026-06-06T16:12:57+00:00,2,0,0,25.35,25.35,50.42115,2
0xcb657c15486bd0aa4fc3ea36484a8f8effb8c4a3,2026-06-04T16:56:09+00:00,2026-06-07T22:12:36+00:00,14,25000.00,25000.0,0,0,347.00000,14
0xcb6aaac027d17ff654583778e3c63165bf1d9836,2026-04-30T07:54:04+00:00,2026-05-30T11:49:48+00:00,2,300.0,0,0,0,4.0000,2
0xcb7afa6e53140fec4f845336660de123957db4c3,2026-05-03T05:08:40+00:00,2026-05-11T09:37:26+00:00,4,0,0,120.86,120.86,234.94318,4
0xcb82cb90cc080b755e016fa2197fb20034088935,2026-05-12T13:39:36+00:00,2026-05-12T13:39:59+00:00,2,0,0,6.146043,6.14,12.1078979997364136,2
0xcb8b1cf74d82372c59f88af1cae7b431891c632e,2026-05-26T08:53:07+00:00,2026-06-11T09:17:06+00:00,2,0,0,15.537153,15.53,30.8033499995479346,2
0xcb96473c2950247628e560635a43973febb6d1f7,2026-06-10T17:59:03+00:00,2026-06-10T17:59:03+00:00,1,0,0,1.002,0,0.999996,1
0xcb9a2ee6892fc824363e0435e92a6c3ccfd109c9,2026-06-16T14:01:23+00:00,2026-06-16T14:01:23+00:00,1,2000.0,0,0,0,10.0000,1
0xcba5271d22d4a6234b587b4c3dd01e0b24b1c713,2026-04-30T07:30:12+00:00,2026-04-30T12:31:18+00:00,2,0,0,45.74,45.74,89.10152,2
0xcbb677e9f0a33181bb5c6d8843ea8ec675622e2f,2026-06-12T07:39:42+00:00,2026-06-12T07:39:42+00:00,1,0,0,1.002,0,0.999996,1
0xcbc4bf6c04bfe8bfbfe40135faf301c3c1f5db9e,2026-06-17T16:17:29+00:00,2026-06-17T16:17:29+00:00,1,3333.333333,0,0,0,9.9999989990000001,1
0xcbd172d7f4397207447d9f3f688e69eb11d5ec13,2026-05-15T08:46:28+00:00,2026-06-06T02:28:43+00:00,3,0,0,200.0,100.0,296.6000,3
0xcbd7eab76fc74d1e72a054f8ec0712eb7b0a0a3f,2026-03-21T12:20:59+00:00,2026-03-21T12:20:59+00:00,1,181.81818,0,0,0,19.999999000000008,1
0xcbf75a9051fe17fef1bd456b111c1dc5ef078ab4,2026-05-27T03:00:35+00:00,2026-05-27T03:00:35+00:00,1,0,0,1.277857,0,1.2599669999554288,1
0xcbfdc59a11cb2b21a4be412e7c6400670c2e337d,2026-05-09T02:37:35+00:00,2026-05-09T02:37:35+00:00,1,1848.774375,0,0,0,28.2399999221221875,1
0xcc01682db0be8422e4b2d7f2f5701f16ee7a6f1a,2026-05-02T20:15:44+00:00,2026-05-03T03:22:02+00:00,2,0,0,52.7,52.7,101.3948,2
0xcc08f9d3c23cf539f111237f1a22e2da49526ba8,2026-06-03T09:51:50+00:00,2026-06-03T09:51:50+00:00,1,111.111111,0,0,0,0.999998999000001,1
0xcc0a7b22d2871231b22c28d2b36286f135ee2973,2026-05-31T10:16:40+00:00,2026-06-14T02:56:25+00:00,2,0,0,82.0,82.0,163.0980,2
0xcc0fff9c887f224efb7896a74b028a003459b9d0,2026-05-21T18:44:38+00:00,2026-06-07T22:00:03+00:00,4,2361.11111,2361.11,0,0,42.22220999,4
0xcc163d8e353aa8bfe57b2b10d4d66cdc38015486,2026-06-09T21:07:24+00:00,2026-06-09T21:07:24+00:00,1,250.0,0,0,0,1.0000,1
0xcc222ea8f9b9671f65d974c66eb3860f59d7a078,2026-06-16T12:54:12+00:00,2026-06-16T12:54:12+00:00,1,1000.0,0,0,0,5.0000,1
0xcc327b582a95f470419bfcdd83da2fa11e414b88,2026-05-02T04:52:54+00:00,2026-05-03T17:48:54+00:00,4,0,0,92.12,92.12,177.38396,4
0xcc36dfa5cf09cccc4bf668609c30df3117cb9e9f,2026-03-05T18:32:37+00:00,2026-03-05T18:32:37+00:00,1,13.133332,0,0,0,3.9399989998067276,1
0xcc4c8faaf4a34a0f16e11d170ac78bca53d850ae,2026-06-11T22:23:40+00:00,2026-06-11T22:23:40+00:00,1,333.333333,0,0,0,0.999998999000001,1
0xcc4e0fae21bb54f2b78f5fb8ee658986cde8d54a,2026-06-06T19:03:09+00:00,2026-06-07T07:15:54+00:00,2,0,0,55.18,55.18,109.69784,2
0xcc543431637cd90df836b32a61e7e3f8268cec24,2026-05-12T08:56:02+00:00,2026-05-12T16:00:02+00:00,2,0,0,41.58,41.58,81.66312,2
0xcc554f8e9204a10cfc7420996662595e61c52e11,2026-03-15T19:35:07+00:00,2026-03-16T09:42:25+00:00,3,0,0,208.295772,208.29,293.6929979997113060,3
0xcc57ae5dc2b454241af816798e8167d7cef2de14,2026-05-29T02:54:31+00:00,2026-05-29T02:54:31+00:00,1,0,0,1.622714,0,1.5999959999432150,1
0xcc5aaa90e53081e6e21688874aa8fe029291ff90,2026-02-17T20:28:13+00:00,2026-04-12T18:56:45+00:00,2,1.81818,1.81,0,0,1.1085990,2
0xcc743ea22d5a751caaf44516731e9c9240cc4035,2026-06-16T09:23:03+00:00,2026-06-16T09:23:03+00:00,1,1210.0,0,0,0,6.0500,1
0xcc7492a3f437917778e5603c5972a64a3d20431e,2026-06-09T20:02:52+00:00,2026-06-09T20:02:52+00:00,1,0,0,1.063,0,1.059811,1
0xcc76e5fc2f037af7dec468df22af0528325ec591,2026-06-10T03:45:36+00:00,2026-06-10T03:45:36+00:00,1,2000.0,0,0,0,8.0000,1
0xcc7ec529e2fa1bd45a92c4e07020345bd5df3b2b,2026-05-19T10:17:07+00:00,2026-05-19T10:17:07+00:00,1,11111.11111,0,0,0,99.99999999,1
0xcc82f1ea11337a155e38fab89d75ccb02f6ea9f4,2026-06-17T18:00:25+00:00,2026-06-17T18:00:25+00:00,1,0,200.0,0,0,0.2000,1
0xcc8b15476e5b302683e46de224d7ceb0a2a3cab4,2026-05-31T16:22:07+00:00,2026-05-31T16:22:07+00:00,1,111.111111,0,0,0,0.999998999000001,1
0xcc8e4435e57939524608695833cb27c8834e5e49,2026-05-05T02:43:42+00:00,2026-06-06T12:15:24+00:00,2,80.0,0,10.060333,0,11.9999709999879334,2
0xcc943ce969f1192fbeeac99fd3e844d2523166e2,2026-05-17T18:48:56+00:00,2026-05-18T07:30:41+00:00,2,0,0,56.45,56.45,111.77100,2
0xcca19cb977515c56460374d7b15ccc63cb752252,2026-06-16T06:04:49+00:00,2026-06-16T06:04:49+00:00,1,200.0,0,0,0,1.0000,1
0xcca27b828971f89a8840a71045777d9e858e0cf1,2026-06-05T12:17:58+00:00,2026-06-14T19:46:24+00:00,2,0,0,135.5,135.5,269.6450,2
0xcca5c0929011bc39970a5052c24228938fd20b73,2026-06-07T13:02:07+00:00,2026-06-07T13:02:10+00:00,2,0,0,12.62048,12.62,25.126898000490976,2
0xcca7e9005e33ed72a040fec8306374db962197bc,2026-04-06T22:36:13+00:00,2026-04-15T10:57:10+00:00,2,11.11111,11.11,0,0,1.55549900000009,2
0xccaecbebd36daf0fcaaeb5c1c8933f4ecd018742,2026-05-29T05:41:07+00:00,2026-05-29T05:41:07+00:00,1,0,0,2.028357,0,1.999959999971643,1
0xccb97a194e87109a5a8c05a26b894d7526175f1c,2026-06-16T09:55:01+00:00,2026-06-16T09:55:01+00:00,1,0,0,93.0,0,92.6280,1
0xccbffa506be6a8afe2c7825bb142261d8433c77a,2026-05-17T18:48:56+00:00,2026-05-18T05:53:18+00:00,2,0,0,99.19,99.19,196.39620,2
0xccc1afdec8b8a8d7770eeabc0041b610c621889d,2026-04-29T18:36:48+00:00,2026-04-29T23:25:52+00:00,2,3791.54,3791.54,0,0,259.767000062872,2
0xccc20e4c56e03c0a86d728d36a96ff87c7109d94,2026-05-21T12:38:23+00:00,2026-05-21T18:15:33+00:00,2,6904.52,6904.52,0,0,103.56780,2
0xccc42be574a1d9eb31cb7ce29f03b3530bd377ca,2026-05-01T05:37:48+00:00,2026-05-10T15:27:41+00:00,8,10.0,0,20.0,10.0,29.3900,8
0xccc5c17b623fed337aa41edd41ac84b6e121f8a5,2026-05-29T15:21:13+00:00,2026-06-09T11:24:13+00:00,9,256220.334179,0,0,0,1829.0799962379953410,9
0xccc689ffe00ac8b8e69c1a1548e008ce7ec66da5,2026-05-12T14:14:41+00:00,2026-05-12T14:14:41+00:00,1,133.333333,0,0,0,1.9999989950000025,1
0xcccda7cd1557340aaf94e753344dce6d5a42e51c,2026-06-07T19:38:57+00:00,2026-06-07T19:39:00+00:00,2,0,0,11.005,11.0,21.883975,2
0xcccff852ac50fec1ba4097cca1283b1437d50972,2026-06-08T11:26:22+00:00,2026-06-08T11:26:27+00:00,2,0,0,12.814,12.81,25.483070,2
0xcceee64e8fee75e024a76aa11eaa97921d446dcf,2026-05-21T09:06:05+00:00,2026-05-21T09:06:05+00:00,1,90.909089,0,0,0,0.9999989971818388,1
0xccf23b362ce60f05f4d275a1691ff60e52ae3b32,2026-06-15T06:29:04+00:00,2026-06-15T06:29:04+00:00,1,0,0,8.33,0,8.31334,1
0xccf393a100384295c579f8996cafa4ba6bc37627,2026-06-17T18:03:35+00:00,2026-06-17T18:03:35+00:00,1,0,0,5.0,0,4.9950,1
0xccf9d299178d5a4116f35c213650ee6263167383,2026-05-03T05:32:28+00:00,2026-05-03T05:32:28+00:00,1,26.315788,0,0,0,0.9999989992632108,1
0xccfb528dbe36e974103dfd02fc1ed76bb9b62b58,2026-06-15T06:50:24+00:00,2026-06-17T05:05:05+00:00,2,0,0,9.679,9.67,19.300632,2
0xcd18a73e663a4ea2fd76364a983e980f0f3a8847,2026-06-13T22:03:40+00:00,2026-06-13T22:03:40+00:00,1,3333.333333,0,0,0,9.9999989990000001,1
0xcd244d2392026315e363d723686ca6c65fb95f12,2026-06-07T12:51:42+00:00,2026-06-17T18:00:41+00:00,2,0,0,441.91,441.91,881.16854,2
0xcd45eef140fa66d5a39839fdd7ff4ba6aa7255e7,2026-05-12T07:49:55+00:00,2026-05-12T10:55:43+00:00,11,0,0,184.999089,184.99,361.8493299995505369,11
0xcd601537ca97ddb910f97c24b81305f4eeb8b822,2026-05-18T11:44:03+00:00,2026-05-26T06:42:43+00:00,3,799.99,799.99,0,0,20.79974,3
0xcd6571a3c9af27338ced1ba867b4464f1a8499a6,2026-06-16T23:55:17+00:00,2026-06-16T23:55:17+00:00,1,0,0,4.088,0,4.079824,1
0xcd69271c678bd64d138c06a71077abc47f560986,2026-06-17T17:34:52+00:00,2026-06-17T17:35:17+00:00,2,42816.666666,0,0,0,128.4499990496666667,2
0xcd6e1c1b1a641b71ce1cee59b557d8674c3da9ee,2026-05-31T04:01:02+00:00,2026-06-17T18:00:40+00:00,3,0,0,824.0,824.0,1637.2880,3
0xcd7bd785178c7c52bf2ba57d43228252f4612005,2026-06-13T17:11:00+00:00,2026-06-13T17:11:00+00:00,1,1773.333333,0,0,0,5.3199989350000002,1
0xcd7cc5bebe2ae73fc133d6a32d716cec5d3ad046,2026-06-11T01:05:19+00:00,2026-06-12T08:24:10+00:00,2,0,0,5.01,5.01,9.99495,2
0xcd7e3fb569913cb9cedee54bf01a97d690dd9b29,2026-03-19T12:16:29+00:00,2026-03-19T12:16:29+00:00,1,1.1,0,0,0,0.132,1
0xcd7fe847171be479c4043e0cf3b7b533712298e4,2026-05-04T23:08:02+00:00,2026-05-05T05:08:36+00:00,2,0,0,52.44,52.44,102.31044,2
0xcd817ebfbf28d8be01af268dc6dd7051fa5ba049,2026-05-09T13:01:17+00:00,2026-05-12T09:21:09+00:00,2,294.117647,294.11,0,0,11.176309999,2
0xcd86ceff99ade88c248e5101d4e030b83c3b589f,2026-06-07T19:24:22+00:00,2026-06-07T19:24:27+00:00,2,0,0,11.197182,11.19,22.2416679999085398,2
0xcd88a0bd7cf7ce81e71f866ced9aa7d425174cbb,2026-05-18T07:32:57+00:00,2026-05-18T12:25:11+00:00,4,0,0,426.00,426.0,842.62800,4
0xcd8cff5d73829ef6d461a278de81eda8ff16aadd,2026-04-27T14:25:10+00:00,2026-04-27T14:25:16+00:00,2,35.0,0,35.0,0,35.0000,2
0xcd91a549956854fdc38efad7e80ff5da8f5432b8,2026-01-31T12:35:22+00:00,2026-04-28T12:58:58+00:00,132,0,336.986664,14422.649074,16.53,12054.8149690214491186,132
0xcd9661393d5a92d3b2ff3c3e1d9c26df11759ee4,2026-04-07T23:47:07+00:00,2026-04-07T23:47:07+00:00,1,200.0,0,0,0,20.00,1
0xcda4564c6cc195ef5e2a788efdce5df0b42ce7fb,2026-06-13T19:37:52+00:00,2026-06-13T19:37:52+00:00,1,0,0,1.002,0,0.999996,1
0xcdb1f1ef8213c06911e4ba6a884176c5571e276c,2026-02-03T12:28:18+00:00,2026-04-07T22:57:07+00:00,45,9292.683148,9292.669482,1155.24,1155.24,4341.7177859757543586,45
0xcdb30c695c1ccb5b90925a53f39ad2c5829bb582,2026-04-21T02:52:22+00:00,2026-05-25T04:54:05+00:00,4,0,0,67.045815,67.04,129.6460800001490970,4
0xcdc9ce7931c2598fb6f38724865276b7620af49b,2026-05-12T01:01:30+00:00,2026-05-12T08:02:45+00:00,2,0,0,49.11,49.11,96.10827,2
0xcdd3de5c1cc420f28b553b622434ba98d84a4193,2026-06-06T04:41:31+00:00,2026-06-17T18:00:41+00:00,2,0,0,156.0,156.0,310.9080,2
0xcdd7502ec593864a86502de24595b126921f7438,2026-05-04T00:30:56+00:00,2026-05-04T05:33:58+00:00,2,0,0,62.03,62.03,119.53181,2
0xcddd85cae226374ae8217ce88917d37452f9aa1f,2026-06-16T08:06:48+00:00,2026-06-16T08:13:01+00:00,4,400.0,400.0,0,0,3.6000,4
0xcdf605efc268e7f0921f8953564c19f5ba6d9046,2026-06-12T12:38:43+00:00,2026-06-12T12:38:43+00:00,1,0,0,1.002,0,0.999996,1
0xcdf82242c9984bd8d274085ab54165633c54b8ea,2026-06-01T09:04:54+00:00,2026-06-05T13:39:28+00:00,4,0,0,6000.0,0,5958.0000,4
0xcdf83ab47c4b5541108b5c5baf7296675c3cd0f4,2026-02-10T15:59:31+00:00,2026-02-12T15:40:39+00:00,6,0,0,322.37,322.37,290.613000000351,6
0xce0d96ae677b481349d2bdebfe86f94279397672,2026-01-30T20:32:26+00:00,2026-01-30T20:32:26+00:00,1,2.173912,0,0,0,0.9999990000002496,1
0xce159ecccbd4ffef2ad90c018e1e9be21d3189cd,2026-03-05T13:54:37+00:00,2026-03-22T22:22:23+00:00,9,211.0,211.0,0,0,129.450,9
0xce205050f87f61935cf50c7838fb2ffcbaf5931d,2026-06-08T11:51:16+00:00,2026-06-08T11:51:19+00:00,2,0,0,12.44975,12.44,24.77775100,2
0xce2fb28bca604d3fa2adc0d84f98541ec9afb3e9,2026-06-08T09:09:30+00:00,2026-06-08T09:09:30+00:00,1,1433.333333,0,0,0,8.5999989946666669,1
0xce3a9e65c1c6c3f87d07c8833005f2ed2ba2ba8d,2026-06-11T07:20:46+00:00,2026-06-11T07:20:46+00:00,1,0,0,340.6,0,339.9188,1
0xce472610ac040c8c73b55469b4a46f2a21a87577,2026-02-23T04:33:06+00:00,2026-02-23T04:33:06+00:00,1,6.0,0,0,0,2.760,1
0xce4954688eeffd3db64b6f4e57c47b08287c4d44,2026-04-04T12:12:07+00:00,2026-04-05T08:22:29+00:00,2,50.0,50.0,0,0,5.500,2
0xce4ab3b2c9822593ff2043701461969b5fa9bbb3,2026-05-31T04:07:39+00:00,2026-06-13T19:04:55+00:00,3,0,0,414.0,414.0,822.1005,3
0xce505efae8c3bceed7d99ab1be2036e4792e2597,2026-05-01T14:06:26+00:00,2026-05-26T10:03:49+00:00,2,31.25,31.25,0,0,1.40625,2
0xce5169e51263f179a7e54ca0eea50dc2b8f78d4c,2026-05-13T07:00:42+00:00,2026-05-13T10:11:04+00:00,2,0,0,5.070928,5.07,9.9938849998865152,2
0xce53d6ba1e9465a6cd1a151bead5a025463d9269,2026-06-08T14:39:00+00:00,2026-06-08T14:39:04+00:00,2,0,0,11.9275,11.92,23.7401900,2
0xce55df1923066aa949dcf5a56368feade2893d99,2026-06-10T14:26:40+00:00,2026-06-10T14:26:40+00:00,1,0,0,14.028,0,13.999944,1
0xce5cf4d4a2f9750b640aa94140aad638d7e2bef6,2026-05-02T05:48:10+00:00,2026-05-02T05:48:44+00:00,2,0,0,18.02,18.02,34.56236,2
0xce6167ca73ec98c6b00b399855fb5f593f6322cc,2026-06-06T19:03:09+00:00,2026-06-07T06:23:07+00:00,2,0,0,101.1,101.1,200.9868,2
0xce812dc2e6851d0a0b8b16092b3a86e5adefa60c,2026-05-24T09:01:56+00:00,2026-06-17T18:00:41+00:00,9,0,0,1137.56,1137.56,2258.66561,9
0xce86e704330cb50cd9c0fa617ccdebbb220b4f6b,2026-05-27T08:24:34+00:00,2026-05-27T08:24:34+00:00,1,0,0,1.5228,0,1.4999580,1
0xceb584c28a9e4226f502964b68b09d4e7d57820a,2026-06-17T09:10:10+00:00,2026-06-17T09:10:10+00:00,1,0,0,106.11,0,105.79167,1
0xcec1477c10d41a9ee3d8a13897e5015ad2923520,2026-05-31T00:11:34+00:00,2026-05-31T00:11:34+00:00,1,272.727272,0,0,0,2.9999990101818208,1
0xcec5304f666be9fa6bd44b9b881130ea82b700c8,2026-04-08T22:45:27+00:00,2026-04-08T22:45:27+00:00,1,888.888887,0,0,0,79.9999990300000017,1
0xcec58e7fba15171d35e82472de60577a828cbbd0,2026-05-11T18:29:07+00:00,2026-06-12T00:41:54+00:00,2,238.095237,238.09,0,0,5.4761800008095237,2
0xcee2ab61ca60c86544e72aa888af472b7757dc5a,2026-06-04T14:56:36+00:00,2026-06-04T14:56:36+00:00,1,250.0,0,0,0,2.0000,1
0xceeafc72fcd749828751a35deaabf60c1b2bad73,2026-04-20T04:27:16+00:00,2026-04-20T04:27:16+00:00,1,25.575,0,0,0,1.0000000009725,1
0xceed435e718f62f5854877d1ca2710d5c98a6dfd,2026-06-04T08:23:18+00:00,2026-06-04T09:23:48+00:00,2,0,0,10.070428,10.07,19.9893749999718288,2
0xcef6b3200e0d2e8750895d4accfdf636f36e6117,2026-05-01T01:34:10+00:00,2026-05-01T03:58:58+00:00,2,0,0,155.0,155.0,299.1500,2
0xcefc8df254779c14962ee344bf4705ec9f5f6204,2026-05-07T05:16:54+00:00,2026-05-10T15:38:06+00:00,2,6.0,6.0,0,0,0.3180,2
0xcf017c040a616470ce479286c650eab998d03b2d,2026-05-06T10:07:44+00:00,2026-05-20T08:33:55+00:00,48,7111.9908,0,26750.887759,6800.0,33037.4637482259173511,48
0xcf0de4f613fc192c6bf4ec355d0696c0eee2ac0a,2026-04-04T12:12:07+00:00,2026-04-04T12:12:07+00:00,2,100.00,0,0,0,5.0000,2
0xcf15ecc05e0d94bcb8e1af93b8c7320666d582f9,2026-06-08T14:33:21+00:00,2026-06-08T14:33:25+00:00,2,0,0,12.008,12.0,23.899968,2
0xcf166dafb2a86e435e85b6eac12438636c6f01cb,2026-03-16T16:19:25+00:00,2026-04-09T08:18:33+00:00,12,0,0,90.344379,17.23,81.2139839978728537,12
0xcf19c420814435ffb1c459588208ed23a7ee6402,2026-03-11T12:46:05+00:00,2026-03-18T19:14:05+00:00,137,14752.505098,14752.5,0,0,8083.7743170098939982,137
0xcf258252a6886dec7b2d0a3f8d508ebc7b2d6f68,2026-04-18T20:19:58+00:00,2026-04-18T20:19:58+00:00,1,50.0,0,0,0,3.000,1
0xcf2c8c37856dceff9217bba79ba759a2381ce75d,2026-05-08T01:26:56+00:00,2026-06-11T15:04:58+00:00,8,0,0,1165.32,1165.32,2291.04862,8
0xcf3728821cf7d5429b3046f2d33e8f4ac3130409,2026-06-11T15:44:25+00:00,2026-06-11T15:44:33+00:00,2,0,1720.0,0,1720.0,1718.2800,2
0xcf3bc33860863be4386ac8c8f5d12946ef627fa3,2026-06-04T20:20:19+00:00,2026-06-05T18:07:45+00:00,3,689.49,689.49,0,0,9.41337,3
0xcf3c5ab296f56626a386455e94dbc77e5cb40f8c,2026-05-04T23:07:12+00:00,2026-05-04T23:07:12+00:00,1,0,0,3.944671,0,3.8499980001652159,1
0xcf4173574717bda8df6e73bcd83b8372fc188226,2026-02-22T14:09:00+00:00,2026-02-22T14:09:00+00:00,1,297.45,0,0,0,133.653199992930,1
0xcf49725ae9ffd87f23f2a8655d39ce0f8dabf17a,2026-05-26T20:02:26+00:00,2026-05-31T17:55:17+00:00,5,1250.0,0,0,0,16.7000,5
0xcf4e8c0bd8941caea7a5e90ee37657aafd88c5c0,2026-04-29T17:21:26+00:00,2026-05-22T16:16:57+00:00,2,115.909089,0,0,0,1.9999989971818388,2
0xcf4f61683af36343148c85f62311c268278cce62,2026-05-16T14:56:26+00:00,2026-05-30T06:54:49+00:00,4,0,0,47.07,47.07,93.49389,4
0xcf50483cc89cbaaf878d7b1cc34d32139b058f94,2026-05-18T13:58:17+00:00,2026-06-17T18:00:41+00:00,8,0,0,1913.56,1913.551320,3812.4015449996043950,8
0xcf56d4fe5cf915f855b6bdc496e8f9fa69ebee5f,2026-04-07T22:57:53+00:00,2026-04-08T00:27:55+00:00,3,0,0,50.0,50.00,91.0000,3
0xcf5710c86c27e21edde0935f9fab64da8f549711,2026-05-01T09:29:06+00:00,2026-05-07T16:31:16+00:00,6,0,0,154.29,154.29,299.581839999285,6
0xcf62a1faa3246d0d1426cc701638445174cd872d,2026-06-11T20:29:21+00:00,2026-06-12T07:55:09+00:00,2,0,0,38.0,38.0,75.7720,2
0xcf64eb43a0e6c18722176988076a774396d034b3,2026-05-22T21:47:43+00:00,2026-05-22T21:47:43+00:00,1,454.545454,0,0,0,4.9999989940000012,1
0xcf657c14225f66348926f5eaf295457796a48486,2026-05-01T02:37:08+00:00,2026-05-04T02:51:54+00:00,4,0,0,110.45,110.45,213.45436,4
0xcf6918662ce4fb5ce24cd132f174ce9a8dcee617,2026-05-17T21:03:27+00:00,2026-05-17T21:32:46+00:00,2,0,0,4.0,4.0,7.9280,2
0xcf696c6fe543f5440f681025627ebd53a2d27731,2026-04-23T02:35:12+00:00,2026-05-13T19:03:57+00:00,9,0,0,741.42,741.42,1444.28616,9
0xcf7ec20ea9e1858948b9b96822f328746877bb8e,2026-06-11T07:21:51+00:00,2026-06-11T07:21:51+00:00,1,0,0,1.002,0,0.999996,1
0xcf85545f1770d10ab071ab4de4248d1f3d71fdc2,2026-05-16T23:17:33+00:00,2026-05-18T23:56:19+00:00,2,0,0,2.12,2.12,4.21032,2
0xcf8c7dd104740893eff7c1553bdc5f393fee670b,2026-06-02T12:37:26+00:00,2026-06-10T06:48:10+00:00,2,0,0,140.0,140.0,278.3200,2
0xcf8d0b0efd515675f76225bd07c875d3c2bd7661,2026-06-14T03:28:07+00:00,2026-06-14T03:28:07+00:00,1,0,0,40.9015,0,40.8196970,1
0xcf9555cef256c96a91dd4cd6c3a159c033867865,2026-01-30T03:34:48+00:00,2026-03-11T18:22:53+00:00,84,1114.109365,1114.094511,0,0,879.6823730017992196,83
0xcf9b13c9a0e652db51cee27f3a3bda8dd00ddef7,2026-01-30T00:42:32+00:00,2026-03-22T23:26:03+00:00,2,181.28232,181.28,0,0,118.12799899482176,2
0xcfaf3097f5e0694b7623a640d448f50ebce5df16,2026-03-12T17:24:23+00:00,2026-04-23T23:13:22+00:00,2,3.51515,3.51,0,0,1.335499000145670,2
0xcfb04170dc1cd8d8a51e416e524ddb4fdf355b93,2026-06-08T03:16:58+00:00,2026-06-08T03:17:03+00:00,2,0,0,12.5326,12.53,24.9247570,2
0xcfb0f2b466bf1185e49fda9b59e7a25dbb47316a,2026-06-17T07:42:38+00:00,2026-06-17T07:42:38+00:00,1,0,0,1019.0,0,1016.9620,1
0xcfb27b7bf4d38eb17ed30b5a668bf257d517a187,2026-05-17T15:26:24+00:00,2026-05-17T15:38:04+00:00,2,0,0,9.054166,9.05,17.9864910003783336,2
0xcfb513cbb83518d03fb7a8d356d7a441dac121ba,2026-05-04T19:45:38+00:00,2026-05-26T13:11:22+00:00,93,7256.748069,7256.74,200.0,200.00,657.8344229998285050,65
0xcfc004e30f9ba6d3018a03c49317fa3093728dcd,2026-05-17T18:48:56+00:00,2026-05-18T06:38:20+00:00,2,0,0,52.72,52.72,104.38560,2
0xcfc00ff98ba4b0e6aebcc68b4236cef818aa1f82,2026-05-12T05:57:32+00:00,2026-05-12T14:02:07+00:00,2,0,0,56.52,56.52,111.06180,2
0xcfc325e18278884af1ab417ca02e8980b03ebec9,2026-03-30T21:23:43+00:00,2026-04-03T06:36:41+00:00,9,399.99156,399.99,0,0,39.9990780,9
0xcfce69e79160b389c074157722f9f5056ce90a02,2026-06-17T17:07:04+00:00,2026-06-17T17:07:04+00:00,1,333.333333,0,0,0,0.999998999000001,1
0xcfd4456fd6ad1824860e282980223db50617fe7b,2026-05-13T22:10:51+00:00,2026-05-13T23:47:39+00:00,2,76.923075,76.92,0,0,1.9999589980769475,2
0xcfd5872fd79488f0468bc38cac3640c4dd154c2a,2026-05-10T02:50:00+00:00,2026-05-10T02:50:00+00:00,1,58.823528,0,0,0,0.9999999995294112,1
0xcfde3896af1ec5b591c6016d7c1a8bcea2bbce12,2026-05-09T02:07:01+00:00,2026-06-17T04:55:38+00:00,2,933.333331,0,0,0,5.9999979863333405,2
0xcfe8e196f7ea88ac511cdc46e3b11daae569055d,2026-05-05T23:09:24+00:00,2026-05-05T23:09:24+00:00,1,34.482757,0,0,0,0.9999990012759068,1
0xcffd250e937f0359a0fbe7ac2a8878bec86065cc,2026-05-16T11:13:27+00:00,2026-05-16T11:13:27+00:00,1,150.0,0,0,0,1.2000,1
0xcffe0ac3009b8fbe9c366241735cdff6aafb1aec,2026-06-07T20:39:43+00:00,2026-06-07T20:39:43+00:00,1,1666.666666,0,0,0,9.9999989960000004,1
0xcfff4295288ee29f75a38a7028611b7c1e93673d,2026-04-26T11:54:36+00:00,2026-05-25T09:14:05+00:00,6,0,0,170.19,0,165.62734,6
0xd0065312d72dd748024425fd727aa8d51f62d79e,2026-05-03T18:20:48+00:00,2026-05-12T10:32:56+00:00,4,0,0,48.03,48.03,93.24711,4
0xd0070ce0cd77e1d2c4b46796d14203d25bc70950,2026-05-07T05:26:35+00:00,2026-05-10T15:52:41+00:00,2,7.0,7.0,0,0,0.3710,2
0xd00c2c61344d2efad90c3300e806509784dd8fac,2026-03-25T21:57:21+00:00,2026-03-25T23:59:41+00:00,4,0,0,21.16,21.16,38.9344,4
0xd00e5735d852ff44f3795c3cadb19c0106eda04f,2026-04-26T06:34:46+00:00,2026-04-26T08:58:32+00:00,2,0,0,19.62,19.62,37.08180,2
0xd0182c611ec2c9c09904519d811cc67f2dc38ca5,2026-05-17T21:24:18+00:00,2026-05-17T21:24:18+00:00,1,1000.0,0,0,0,10.000,1
0xd0183c0280e86efe51f41b65c0a68a1387674a2a,2026-03-07T13:12:47+00:00,2026-03-07T16:19:57+00:00,2,14.705881,14.7,0,0,9.7039990002941673,2
0xd01906d52991cc3f765609a6c7450399f278681f,2026-02-28T22:41:31+00:00,2026-02-28T22:41:31+00:00,1,10.0,0,0,0,5.00,1
0xd019e9af81ec46c66cc09be94e73bab2422715b3,2026-05-21T13:08:41+00:00,2026-05-21T14:06:12+00:00,2,0,0,140.0,140.0,277.7600,2
0xd0215da137857fb8e0ecb80669bc9181868d1425,2026-05-06T03:27:42+00:00,2026-06-07T12:41:58+00:00,2,68.965517,0,10.03,0,11.9999089998965552,2
0xd029b13f2e562c77e2db3e5eda140cee79a44fc1,2026-05-01T18:24:40+00:00,2026-05-01T18:24:40+00:00,1,48.780486,0,0,0,1.999998999170766,1
0xd0407c3fa6f55c03b725a167af631868ef8a74ef,2026-05-26T02:18:58+00:00,2026-06-03T04:34:39+00:00,2,0,0,161.89,161.88,320.20851,2
0xd046a47f1a5916bab739ebea092a2d6d26c54ea3,2026-05-28T01:57:40+00:00,2026-05-28T01:57:40+00:00,1,0,0,2.026307,0,1.9999650000842492,1
0xd04d93be590ded67b99f053d4b6d29d3f8483312,2026-06-17T14:35:01+00:00,2026-06-17T14:35:01+00:00,1,0,300000.0,0,0,600.0000,1
0xd06574f350036d4dc0861de5ac83aa021ae8a787,2026-05-25T11:10:01+00:00,2026-05-25T11:10:01+00:00,1,769.230768,0,0,0,9.999999984,1
0xd06f0f7719df1b3b75b607923536b3250825d4a6,2026-05-12T03:09:52+00:00,2026-05-14T13:16:16+00:00,9,5.0,0,50.0,0,49.2850,8
0xd07d29c05fe167d994649d4ac954dde3b41be09d,2026-04-29T00:04:16+00:00,2026-05-18T16:38:45+00:00,2,252.0,0,0,0,3.7300,2
0xd083938be592a5a65fc1962c055834d39630fe53,2026-06-09T09:10:10+00:00,2026-06-09T09:10:10+00:00,1,400.0,0,0,0,2.0000,1
0xd0845a33fca60194a3436e20c33bcfe149bb57a8,2026-05-14T02:54:58+00:00,2026-05-17T15:09:10+00:00,2,0,0,546.558666,545.0,1081.184962008,2
0xd089355ba63c4cf3f41620d81990474a8c6dc21b,2026-05-12T05:18:34+00:00,2026-06-03T04:56:00+00:00,4,0,0,184.869231,184.86,364.9176650043702231,4
0xd09645dd39a3dca6983f0c9554bbe9224018c2de,2026-06-16T12:46:24+00:00,2026-06-16T23:50:34+00:00,2,0,0,50.35,50.35,100.29720,2
0xd09660784975d4be6b0c39efbe52bd2a0613c574,2026-06-11T09:28:39+00:00,2026-06-11T09:28:39+00:00,1,0,0,1.002,0,0.999996,1
0xd0a042d1da4cab5293f6a758a0082234b05d2760,2026-04-01T08:11:15+00:00,2026-06-09T09:44:03+00:00,2,36246.89,36246.89,0,0,2644.987559463705,2
0xd0a73646ced678b4ac3a79044e3401287beaadb9,2026-06-09T04:14:09+00:00,2026-06-09T04:15:07+00:00,4,0,0,14.97975,14.97,29.81498100,4
0xd0b4e7b58affa7db392635444303a8cefa887e4c,2026-06-05T17:09:15+00:00,2026-06-05T17:09:15+00:00,1,8333.333333,0,0,0,49.999999998,1
0xd0bd69c97d346fc7a4b9ee9e024f73ce48ace598,2026-03-18T18:37:53+00:00,2026-04-14T14:34:59+00:00,4,429.914282,429.91,0,0,76.4954979968628798,4
0xd0bdcfdec35fb2fc773ec5e23f5d1aa6c1a4c997,2026-04-12T00:18:37+00:00,2026-04-12T00:18:37+00:00,1,14.285713,0,0,0,0.9999990000000819,1
0xd0c8eed6bbf0fdebc92775a58a6c05ad4649e944,2026-02-11T15:01:25+00:00,2026-02-26T13:45:36+00:00,2,5.66,5.64,0,0,5.3686,2
0xd0d1ebe4eae633870144fc76e2ade11fbe3a5ef4,2026-02-07T17:55:55+00:00,2026-02-28T14:22:41+00:00,2,40.0,40.0,0,0,44.000,2
0xd0e3c5c6b00d433d09e29ab218cf4ea70540e818,2026-06-17T00:33:20+00:00,2026-06-17T00:33:20+00:00,1,112690.0,0,0,0,338.0700,1
0xd0e6de46bd097020bcd24c7d01d1dbf4a61da83e,2026-02-01T12:59:54+00:00,2026-02-12T04:00:19+00:00,3,90.339284,90.33,0,0,94.2517990030798180,3
0xd0e715233af895db8433a871c6ef5b3011ff16eb,2026-03-13T11:13:53+00:00,2026-03-19T02:20:01+00:00,6,64.52,49.70,0,0,28.8292,6
0xd100d57e798692d221da180d8fce143e95ccd9fe,2026-05-31T04:08:56+00:00,2026-06-04T02:51:07+00:00,3,0,0,831.0,831.00,1646.41875,3
0xd104b4bec3744faa02897e94e856dae244cd3501,2026-06-07T03:16:13+00:00,2026-06-08T12:46:00+00:00,2,0,0,22.08825,22.08,43.96949700,2
0xd1193130ae9468e96c98f195fc46cf3001e4ff32,2026-05-07T07:01:21+00:00,2026-05-07T15:07:10+00:00,2,0,0,41.93,41.93,81.21841,2
0xd11a8797b184e4546bed9a03633f2ce5bb04c654,2026-05-10T23:26:33+00:00,2026-05-11T00:15:33+00:00,3,0,0,17.57,17.57,34.4372,3
0xd126b55faf3e9a570b9b709699181d4e6884f4f6,2026-05-17T09:10:48+00:00,2026-05-17T10:06:51+00:00,2,0,0,704.321666,704.32,1399.38966599812404,2
0xd128f90c43cbcf2b708f7c30c2c7ca2ed2207664,2026-06-17T09:10:10+00:00,2026-06-17T09:10:10+00:00,1,0,0,90.57,0,90.29829,1
0xd133d98e41e0be0016d559ac90182ad95db6ef27,2026-05-16T12:42:19+00:00,2026-05-20T13:07:49+00:00,6,3221.388888,3221.38,0,0,63.2565589863333352,6
0xd1357490a211910aafee73a862e44aec16e0c665,2026-05-03T06:26:12+00:00,2026-05-03T13:30:34+00:00,2,0,0,50.07,50.07,96.43482,2
0xd13bfa16f79bce44f1081a452431da1d219a0324,2026-04-29T19:01:52+00:00,2026-04-29T19:17:16+00:00,2,33.333332,33.33,0,0,1.9665690000000384,2
0xd15691dc26854486cde9a682a4af31aba0b1a105,2026-05-13T21:26:52+00:00,2026-05-13T21:26:52+00:00,1,357.142857,0,0,0,4.9999989980000004,1
0xd15ed6c3e2c6339695e49aaccb4816dc2c5ae152,2026-05-27T08:36:47+00:00,2026-05-27T08:36:47+00:00,1,0,0,1.0152,0,0.9999720,1
0xd161daaf8ca4d433d5c14f80e5c63f361a1ca82f,2026-06-13T01:42:33+00:00,2026-06-13T01:42:33+00:00,1,0,0,2.056,0,2.049832,1
0xd1673a290e77e3b6b8d4de99120d5956e47a598b,2026-06-17T16:31:44+00:00,2026-06-17T16:31:44+00:00,1,333.333333,0,0,0,0.999998999000001,1
0xd16f62d1b56a62415c1c8ed4971d497811e9c6db,2026-04-05T13:42:19+00:00,2026-04-05T13:45:23+00:00,2,0,0,19.84,19.84,36.9024,2
0xd16ff236a0ae065024aa4e3570b4820f741022df,2026-05-02T05:05:20+00:00,2026-05-02T05:05:20+00:00,1,175.0,0,0,0,7.000,1
0xd188394ebc9757df38f51c43fde165668f58ae31,2026-03-30T12:08:20+00:00,2026-05-28T06:02:22+00:00,3,315.270934,315.27,0,0,19.0985079955714405,3
0xd18b3903775c2fd54833574f184b9d5dcb222c09,2026-06-11T02:36:07+00:00,2026-06-11T04:46:09+00:00,2,0,0,4.008,4.0,7.987984,2
0xd192c3f9900f4e58a10a9a3bcd237ce6d504ba61,2026-06-16T06:31:36+00:00,2026-06-16T08:13:46+00:00,4,400.0,400.0,0,0,3.6000,4
0xd194d47a88c3159a2359604cfb6004ac226024b8,2026-02-24T08:20:28+00:00,2026-02-27T14:52:39+00:00,2,43.74,43.74,0,0,39.3660,2
0xd1a63a243042d864520512fbdbd2fd20e0ab1507,2026-04-19T11:04:02+00:00,2026-06-17T17:40:34+00:00,3452,0,0.13,280097.47,138.07,277617.883729998958,3452
0xd1a7a6bdd65d927a4fc8200f18468c4b1743f60d,2026-06-15T15:06:48+00:00,2026-06-15T15:06:48+00:00,1,0,0,100.0,0,99.6000,1
0xd1a9710743cb37de46476cb9beda826be61de935,2026-06-13T10:48:45+00:00,2026-06-13T10:48:45+00:00,1,0,0,1.002,0,0.999996,1
0xd1ad315adb0a518e5ca95dc60dc291405f885570,2026-05-10T21:23:15+00:00,2026-05-10T21:28:25+00:00,2,0,0,18.66,18.66,36.53628,2
0xd1bd482eaf0aa8be12bdc4a7a71107524272c869,2026-06-17T12:48:34+00:00,2026-06-17T13:49:11+00:00,2,3666.666664,0,0,0,10.999999992,2
0xd1beacc9ae23d2475daf8c80456cb29734799662,2026-06-08T06:56:15+00:00,2026-06-16T07:24:55+00:00,5,6166.666666,0,1.005,0,25.9999739980000004,5
0xd1c2e7f5cb14203099344d20d7d0ef1af6a2054e,2026-05-12T14:29:11+00:00,2026-05-20T21:13:16+00:00,2,918.416665,0,0,0,10.9999990065166910,2
0xd1cd7a4bb519ad94b6eb18fd4aa4ebbd91654fbc,2026-05-05T22:30:34+00:00,2026-05-05T22:30:34+00:00,1,68.965517,0,0,0,1.9999989998965552,1
0xd1dd4c0e9cad479d3c0226b2a0df9e9515922892,2026-06-13T10:32:52+00:00,2026-06-13T10:32:52+00:00,1,0,0,2.004,0,1.999992,1
0xd1e0e79fd0ec06a30bcaed51c527ff3f74279065,2026-06-14T11:26:30+00:00,2026-06-14T19:00:28+00:00,2,0,0,17.034,17.03,33.978842,2
0xd1ec1d21fe2d497105884996cf846ff60706d09c,2026-03-18T22:28:21+00:00,2026-04-07T14:44:17+00:00,3,11.9978,11.99,0,0,2.039002,3
0xd205e8ec35275129f52180a79daf2fb3d501a98c,2026-04-26T08:58:32+00:00,2026-06-10T06:47:15+00:00,7,0,0,718.27,718.256476,1410.3891560074436842,7
0xd218e474776403a330142299f7796e8ba32eb5c9,2026-01-22T03:13:02+00:00,2026-06-11T12:58:03+00:00,302,5.0,0,53940.112546,0,53489.9656480194980222,292
0xd21bd1814fca13b977260f449f710b92612f6903,2026-05-05T16:09:32+00:00,2026-05-06T13:56:32+00:00,2,353.0,353.0,0,0,23.2980,2
0xd2208fc08dd76d4005288a915cef64c2e77754d1,2026-03-19T12:29:39+00:00,2026-03-19T12:29:39+00:00,1,20.0,0,0,0,2.200,1
0xd2391c34b74e347718894adcf3416120362b0230,2026-03-27T12:17:45+00:00,2026-03-27T12:17:45+00:00,1,200.0,0,0,0,16.000,1
0xd23f8c8aab13cfb2a35da40b67f8471faf9894a1,2026-06-07T15:27:58+00:00,2026-06-17T18:00:43+00:00,40,0,0,3488.0,0,3476.6194000,40
0xd245304a12ba711de764a45cd0912aee5ad52318,2026-02-26T18:10:38+00:00,2026-03-16T08:36:05+00:00,6,0,0,59.83,0,40.5857,6
0xd248124c1c503c2f58cced3f2ab6a61b7f36b919,2026-05-14T21:57:15+00:00,2026-05-15T01:08:07+00:00,2,0,0,7.092197,7.09,13.9907379999930057,2
0xd2580648bfccd4cd3b591d37395a769095c89b6c,2026-06-14T22:41:43+00:00,2026-06-14T22:41:43+00:00,1,0,0,44.689,0,44.599622,1
0xd25e928cd35100267d929429ff02f8a8a4c4f22d,2026-05-16T02:45:05+00:00,2026-05-16T02:45:05+00:00,1,100.0,0,0,0,1.000,1
0xd25ee3bb83830ce19290bde91b865065689540cb,2026-05-26T12:56:14+00:00,2026-05-26T12:56:14+00:00,1,68.0,0,0,0,1.00000000320,1
0xd26015107281cd7e82531c0f3c35a1d17093515c,2026-04-30T08:37:00+00:00,2026-04-30T15:40:52+00:00,2,0,0,60.53,60.53,117.67032,2
0xd26801cd791db7155519c69f5596e0a424034537,2026-06-11T05:35:58+00:00,2026-06-11T05:35:58+00:00,1,0,0,209.719,0,209.299562,1
0xd2734bf74acebbd36744b820f1dc98f532c846c7,2026-06-08T03:36:18+00:00,2026-06-08T03:36:22+00:00,2,0,0,12.3718,12.37,24.6057210,2
0xd28080653a98c3a872c2a53ffe3442143b11aa72,2026-06-07T08:51:34+00:00,2026-06-07T11:51:18+00:00,2,0,0,4.016,4.01,7.989886,2
0xd281708868eaa6f79deac5a78e7bd8e048d13072,2026-06-01T12:46:46+00:00,2026-06-01T12:46:46+00:00,1,0,0,5.645125,0,5.599964000,1
0xd28576a56cfc81045c3312a3c1b32bb2d539db76,2026-03-17T08:52:25+00:00,2026-03-17T08:52:25+00:00,1,49.0,0,0,0,14.70,1
0xd28a58d7752255d74f31b7430be037ce4895635a,2026-03-19T19:52:07+00:00,2026-03-19T19:52:07+00:00,1,50.0,0,0,0,6.000,1
0xd29227b490c8602134e64f8d697ab9be5961fd9a,2026-05-22T01:18:23+00:00,2026-05-22T04:10:24+00:00,2,0,0,250.0,250.0,495.7500,2
0xd2a2d62090ceea58d3dd275fb952c0b84bf32762,2026-05-13T13:02:06+00:00,2026-05-28T15:01:05+00:00,2,476.190474,0,0,0,5.9999979985714422,2
0xd2ab47f407f650a86891f75ff5886b330cb0bf2b,2026-02-08T06:18:09+00:00,2026-02-09T02:53:35+00:00,3,400.0,400.0,0,0,432.000,3
0xd2b343f43b3c69fcf2183878e6e87a02ef75d39a,2026-06-15T21:28:22+00:00,2026-06-15T21:28:22+00:00,1,3555.0,0,0,0,14.2200,1
0xd2ba40ce7e64db7500e59a5e58d57033b35b0fa4,2026-04-30T08:12:02+00:00,2026-04-30T08:12:02+00:00,1,41.666665,0,0,0,0.999999001666705,1
0xd2c3d83ec39a12c22f3a2bbbea231dcb5b4bcde4,2026-04-01T10:04:39+00:00,2026-04-05T19:39:29+00:00,2,28.571427,28.57,0,0,3.7141989985714776,2
0xd2e77dec8e674c63c2eb80f29addb04f7d1fddac,2026-03-17T06:55:11+00:00,2026-03-31T23:08:19+00:00,2,16.0,16.0,0,0,5.760,2
0xd2eceef0cba7e2a9b5b2fa4e7a4e243025edd904,2026-05-09T04:44:33+00:00,2026-05-09T04:44:41+00:00,2,5.00,0,0,0,0.07500,2
0xd2f3f05a95da903bd203863a1b1c034a461a64c3,2026-05-14T21:32:34+00:00,2026-05-15T08:21:39+00:00,2,0,0,95.23,95.23,187.98402,2
0xd30e0708966a8a8eb2a8f058364890ca5bf1b8a6,2026-06-08T07:30:37+00:00,2026-06-08T07:30:43+00:00,2,0,0,13.8492,13.84,27.5369140,2
0xd3288b9242c483a81ca7c9f46820268ef4eda68c,2026-06-12T12:26:36+00:00,2026-06-12T12:26:36+00:00,1,0,0,1.052,0,1.049896,1
0xd32ce89f16509d3c8f8b5e9750305a5b2bc2a4c2,2026-02-18T10:58:44+00:00,2026-06-06T16:03:55+00:00,691,0,7.32,19121.358891,0.83,17164.3347579994827376,690
0xd33400ea2363524910812b99bd1f6a6138eca836,2026-05-12T09:57:19+00:00,2026-05-12T09:57:19+00:00,1,0,0,2.042899,0,1.9999980000603792,1
0xd334c63fc0c4600ebecbcdd4c93add6ae7aac11e,2026-06-07T13:10:58+00:00,2026-06-07T13:11:04+00:00,2,0,0,12.5,12.5,24.8875,2
0xd33d4d1ce6c7f5819f108f63a3857848a729bb87,2026-06-08T09:47:36+00:00,2026-06-08T09:47:36+00:00,1,0,0,10.0502,0,9.9999490,1
0xd33d9bb0d79df0597e382f8f86e3e0511d474b28,2026-04-30T04:29:16+00:00,2026-04-30T04:29:16+00:00,1,192.307692,0,0,0,4.9999989920000016,1
0xd3576f2c058ca88a5a48093bdae4732e2ce2c03a,2026-02-23T20:41:22+00:00,2026-02-23T22:22:38+00:00,3,4.993582,4.99,0,0,4.6423839999996458,3
0xd362566464efa05a15a3d7ce3224067564879bc4,2026-02-12T10:20:27+00:00,2026-03-18T21:21:21+00:00,8,0,0,95.00,95.0,115.6000,8
0xd368f3e054279f04ac803ead5bb61c596243cc93,2026-06-07T09:42:39+00:00,2026-06-07T09:42:39+00:00,1,0,0,50.0,0,49.8000,1
0xd3764584ed6bad3aaa6829fa5b889a836473b9b4,2026-05-02T16:22:30+00:00,2026-05-02T22:25:26+00:00,2,0,0,46.44,46.44,89.30412,2
0xd3783a427e995d23180a03b35aa7ef7a1a2c7b01,2026-05-01T20:50:42+00:00,2026-05-02T00:55:26+00:00,2,0,0,66.36,66.36,127.34484,2
0xd37a64ea0713e50e5e5c8be827ba305b2a566817,2026-05-08T23:26:06+00:00,2026-05-08T23:26:06+00:00,1,0,0,3.089375,0,3.039945000,1
0xd37ad6060b5e683e27009ac76b69e8588c8e9de2,2026-06-04T15:28:25+00:00,2026-06-04T15:28:25+00:00,1,1250.0,0,0,0,10.0000,1
0xd37c954c1700abdc7d480ba41e8dc596b744281a,2026-04-26T09:33:38+00:00,2026-05-18T03:59:12+00:00,2,20.714284,20.0,0,0,1.3999990008572176,2
0xd37f2eb3d606e2c16ec57134dcb0a110bf483763,2026-06-05T00:40:27+00:00,2026-06-14T17:06:40+00:00,9,0,0,74.0,73.948370,147.2084669991050674,9
0xd39cdfe5a9c49b739d7111dadc5acea256418d35,2026-05-16T11:43:38+00:00,2026-06-16T04:09:22+00:00,136,0,0,174.457676,174.43,346.8312779986705469,136
0xd3a13c435209049fa41dd386431983d9a510b690,2026-05-27T03:00:35+00:00,2026-05-27T03:00:35+00:00,1,0,0,1.622714,0,1.5999959999432150,1
0xd3a78e37d6c6ec95b8d06809eebff3f6b5454cd5,2026-05-01T05:02:06+00:00,2026-05-01T05:02:06+00:00,1,30.0,0,0,0,1.0500,1
0xd3b4cb5efe52ce31201bc3a2334da4e3305730a6,2026-04-06T06:57:15+00:00,2026-04-07T06:57:27+00:00,2,0,0,5.38,5.38,9.8454,2
0xd3da32436572b6d6c0fc01bc09aa9208ce60609a,2026-04-21T15:03:16+00:00,2026-04-30T04:00:46+00:00,4,235.520030,235.52,0,0,17.1235170035261389,4
0xd3dd28971ed3691c6c9516474f1d07c0f5bc5f7e,2026-04-18T12:18:12+00:00,2026-04-18T18:09:28+00:00,2,0,0,60.0,60.0,113.400,2
0xd3ee20761b945340f33095de75d234c5afc2bca4,2026-05-30T03:07:10+00:00,2026-05-30T03:07:10+00:00,1,111.111111,0,0,0,0.999998999000001,1
0xd3ef82a9866c1d75c815a9e0a12834df3f7b0472,2026-04-15T20:36:54+00:00,2026-04-16T03:55:56+00:00,2,0,0,29.81,29.81,56.3409,2
0xd3f9cb70188f05d89cdf53f8157ea07de4f871ee,2026-05-07T11:24:40+00:00,2026-05-07T16:28:59+00:00,2,0,0,36.88,36.88,71.58408,2
0xd40b2066042b25ce0eec346dabc774f0b665bcb1,2026-05-15T09:08:22+00:00,2026-06-06T02:41:22+00:00,3,0,0,200.0,100.0,296.6000,3
0xd42c5e35d244a03c754c488fa778cb51c1d94331,2026-06-17T17:11:35+00:00,2026-06-17T17:11:35+00:00,1,0,0,1.002,0,0.999996,1
0xd43a88f36e8921a97fd397432d08f56604b21c11,2026-05-03T13:14:36+00:00,2026-05-03T20:40:10+00:00,3,27.027026,27.02,0,0,1.9727199998378364,3
0xd442e06fd02e630da4ebca5005c2d866f75e4602,2026-05-16T05:37:38+00:00,2026-05-16T05:37:45+00:00,2,0,0,5.04025,5.04,9.99456800,2
0xd44c919a655a007bcee15777c76b00cd3d8828c5,2026-06-15T16:27:00+00:00,2026-06-15T16:27:00+00:00,1,0,0,1.004,0,0.999984,1
0xd4514284cfc8fbd655cfbc347ec3de9bb3c035b6,2026-06-10T18:05:10+00:00,2026-06-10T18:05:10+00:00,1,0,0,1.002,0,0.999996,1
0xd45794a2b627bebb9403dbe3d553b893cc8567ab,2026-05-24T12:41:21+00:00,2026-05-29T14:29:44+00:00,3,0,0,615.993635,615.99,1219.6637960035199065,3
0xd46511de34f0cd187b5cfee7accd1e4fe81438b9,2026-05-15T07:57:37+00:00,2026-06-05T17:22:28+00:00,3,0,0,200.0,100.0,296.7000,3
0xd469796e93803fe0eb9458dbf7386e2157e2cb79,2026-04-16T15:38:56+00:00,2026-04-16T15:38:56+00:00,1,166.666665,0,0,0,9.9999990000000090,1
0xd47897eddeb589358f9a3e726d7eff2da80dcae3,2026-06-17T10:50:32+00:00,2026-06-17T10:50:32+00:00,1,0,0,83.0,0,82.8340,1
0xd47a5ea7fa108dd863e9ad089ea2b944f6e9c4bb,2026-06-09T16:44:10+00:00,2026-06-09T16:44:10+00:00,1,0,0,57.0,0,56.7720,1
0xd47fc7916a06a1ded8b9d0f919c67e4c8b22bdd4,2026-05-08T05:47:27+00:00,2026-05-08T10:49:42+00:00,2,0,0,47.73,47.72,92.72968,2
0xd483bc25cdb8b4ee9f16556d752096236e8623b6,2026-05-02T13:46:20+00:00,2026-05-04T23:30:30+00:00,6,0,0,160.25,160.25,309.241299998567,6
0xd48f687f19ad6aacbc2391b3e9b57d2861a77f39,2026-06-17T17:56:28+00:00,2026-06-17T17:56:28+00:00,1,2333.333333,0,0,0,6.9999990656666668,1
0xd493f4c198961ab6a6c765876c479d5700d50c64,2026-06-15T13:14:24+00:00,2026-06-17T18:03:38+00:00,3,198827.5,0,0,0,257.7900,3
0xd4945f4c96aed794963b41fc28e2bc24a7ebaaa1,2026-05-15T12:06:07+00:00,2026-05-15T12:06:07+00:00,1,1228.181817,0,0,0,13.509999987,1
0xd49b42bce7ea10bac53e2901c188cae20ea4bdf9,2026-05-06T11:46:38+00:00,2026-05-21T12:40:34+00:00,421,0,0,97159.344833,0,95680.8504190544116812,372
0xd4bc41c5d9e6462e56c9b8238835bcaec2b343f9,2026-06-09T03:13:37+00:00,2026-06-09T03:13:43+00:00,2,0,0,10.311,10.31,20.528206,2
0xd4c099bfa2cbb99dc35452979e42c2916c8e2b7f,2026-05-14T13:04:31+00:00,2026-05-14T16:15:39+00:00,2,0,0,7.092153,7.09,13.9906949996525552,2
0xd4c5641f814619269d5b6ccc264b96fe654394f6,2026-06-17T16:27:53+00:00,2026-06-17T16:27:53+00:00,1,2430.0,0,0,0,7.2900,1
0xd4c5d8d1d5ca0846d2a8988b59e44fbecc84e2fc,2026-05-14T15:14:59+00:00,2026-05-15T04:31:38+00:00,2,0,0,84.87,84.87,167.27877,2
0xd4cc6af3f8ccd01edad52cd3a7edef00f97f5f2b,2026-06-14T14:25:21+00:00,2026-06-14T14:25:21+00:00,1,666.666666,0,0,0,1.9999989980000010,1
0xd4e0581172278b91286deeb77d6f8b71d9d9cb7b,2026-06-09T12:44:07+00:00,2026-06-11T04:49:24+00:00,2,0,0,14.056,14.05,28.007626,2
0xd4e5ec6ea5b1fb935c44993515b06a260b9e2cb7,2026-05-28T02:15:11+00:00,2026-05-28T02:15:11+00:00,1,0,0,1.013153,0,0.9999819999566323,1
0xd4ee0c98f44f17f11cec5c657d78b4c113b0c3b7,2026-05-06T06:56:06+00:00,2026-06-08T19:46:16+00:00,2,103.448274,0,10.04,0,12.9998390046207066,2
0xd4fa0a4cc29d7f7fcee19f56b2146167cf311eb3,2026-06-08T09:00:45+00:00,2026-06-08T09:00:45+00:00,1,166.666666,0,0,0,0.999998996000004,1
0xd4fd475e577bb4f204a9354f9bf4eb821e7a1a7d,2026-06-11T11:52:51+00:00,2026-06-11T11:52:51+00:00,1,333.333333,0,0,0,0.999998999000001,1
0xd50602dbb8efffd8b51f004579a0132128f63706,2026-06-14T11:43:33+00:00,2026-06-14T17:49:33+00:00,2,0,0,17.034,17.03,33.978842,2
0xd515a2819c5e02bbb03482b32ce9c5a613afd68b,2026-04-26T17:55:44+00:00,2026-04-26T17:55:44+00:00,1,46.511626,0,0,0,1.9999990017209678,1
0xd5196bdf50199e195c58a6aff2114cc0e455932c,2026-06-15T06:43:18+00:00,2026-06-17T06:59:26+00:00,5,399999.55,0,0,0,1192.79465,5
0xd51dfb9873983d2e88ded4446494de9d3a6ca84e,2026-03-03T12:06:11+00:00,2026-03-03T12:06:11+00:00,1,181.48148,0,0,0,48.999999001111116,1
0xd52489829c3bce645456fa87867cf665253d5d84,2026-05-17T17:14:51+00:00,2026-05-17T17:14:51+00:00,1,125.0,0,0,0,1.0000,1
0xd525357aff9d6c29b9132507e85e4d16a21fe168,2026-04-08T13:35:29+00:00,2026-04-13T16:30:33+00:00,2,299.888887,299.88,0,0,38.9851989903111164,2
0xd52d644535d729fae717069c5503ce9c09886520,2026-06-14T01:19:09+00:00,2026-06-14T01:19:09+00:00,1,0,0,1.182,0,1.179636,1
0xd52f24ea903c83a3c4d5cca4cd5e6f967db9c851,2026-06-16T05:59:15+00:00,2026-06-16T06:07:39+00:00,2,0,0,107.6805,107.68,214.3913780,2
0xd53c7eb950288a1fc488472247e5e49de31a0cb6,2026-06-07T19:31:33+00:00,2026-06-07T19:31:33+00:00,1,166.666665,0,0,0,1.0000000066666665,1
0xd546eb09385de8c7140297cd3025974408b46623,2026-05-15T09:18:42+00:00,2026-06-06T02:53:25+00:00,3,0,0,200.0,100.0,296.6000,3
0xd55ab3b9829ff2084710f739655a755f6316d426,2026-06-10T17:32:21+00:00,2026-06-10T17:32:21+00:00,1,0,0,1.002,0,0.999996,1
0xd55c74ed23afe752f49bb4393b7cff2cbeb2d703,2026-05-20T19:34:36+00:00,2026-06-06T03:40:12+00:00,2,454.545454,454.54,0,0,7.7272389940000012,2
0xd55e12c53d35bf0a6b8ad8316e948786346273e4,2026-03-20T13:30:11+00:00,2026-03-25T23:44:59+00:00,3,25.0,5.0,0,0,2.750,3
0xd5621d1d7b5e53b6b5a3d6d2b79dc3d1358f6912,2026-05-19T08:51:47+00:00,2026-05-30T06:56:48+00:00,4,155.0,155.0,0,0,2.0350,4
0xd56b789ce7d3b174d099e219d3ef0a47a3cd3c7a,2026-06-13T22:43:42+00:00,2026-06-14T10:52:46+00:00,2,0,0,104.11,104.11,207.59534,2
0xd576bb03811082b995eb15ae49322be14a30b8f4,2026-05-06T11:10:20+00:00,2026-05-10T18:18:48+00:00,30,5720.0,5719.994284,365.0,365.00,1086.7838179456000022,30
0xd5813296afafe628c7288d47fb131ef45967655e,2026-06-09T11:59:30+00:00,2026-06-09T21:21:42+00:00,2,1600.0,1600.0,0,0,12.8000,2
0xd5817f224f4f03b4184141b42f3b5a35344abd3b,2026-05-02T03:10:06+00:00,2026-06-06T20:58:04+00:00,7,671.428571,671.42,0,0,28.6239190011428631,7
0xd5869e1f53937b3cff2a643d30a2b22f786208e9,2026-05-15T00:44:06+00:00,2026-05-15T00:44:06+00:00,1,714.285714,0,0,0,9.9999989960000004,1
0xd587a61e3ea396bc79d88b54d2dc4b8b461b0213,2026-05-18T16:38:47+00:00,2026-05-18T16:38:47+00:00,1,130.0,0,0,0,1.0400,1
0xd58af19bf16e7049f78d9be9b5d0348f5856224a,2026-05-05T01:39:18+00:00,2026-05-05T01:39:18+00:00,1,120.0,0,0,0,3.0000,1
0xd58cf672224d508c14ee88c69a3876f61d1a8954,2026-03-21T03:47:01+00:00,2026-03-21T03:47:19+00:00,4,0,0,700.0,700.00,1249.8875,4
0xd594c3f395c3955b8b06aa5fb428b514bbf29d1b,2026-05-04T19:44:40+00:00,2026-05-07T14:12:48+00:00,2,86.95652,86.95,0,0,4.60849900347828,2
0xd5951b96f393f6397747e1439a332f69aa42edf7,2026-04-16T08:05:46+00:00,2026-04-16T13:19:26+00:00,2,0,0,20.48,20.48,38.7072,2
0xd5a7f79757713744ce1e5214cdc82c07e4987746,2026-05-13T14:37:36+00:00,2026-05-15T09:48:11+00:00,9,0,0,430.0,430.0,849.0800,9
0xd5af4dcbf2a3b0d4a8ea4c5d0bae2669756ffd6b,2026-06-11T07:34:12+00:00,2026-06-11T07:34:12+00:00,1,0,0,1.002,0,0.999996,1
0xd5ca34876af4b65b1bfb0c298b3af85d228208f3,2026-05-11T01:52:51+00:00,2026-06-17T18:00:43+00:00,125,0,0,1556.439997,1556.43,3081.7474390002501341,108
0xd5ce01e4fae87bf9decb4502a6b96bd4109da41e,2026-05-01T21:40:54+00:00,2026-05-01T21:40:54+00:00,1,243.902438,0,0,0,10.0000000067804876,1
0xd5d03939185841e36b6270874ba72d9c318b02b4,2026-01-30T23:49:42+00:00,2026-03-25T22:53:43+00:00,2,10.20408,10.2,0,0,5.815999000000032,2
0xd5d07832c41e509bc5645ec64bd82cf725396730,2026-05-21T09:47:09+00:00,2026-05-25T03:05:18+00:00,2,83.333332,83.33,0,0,1.9166300006666664,2
0xd5dcf9043989926bcae732a2428aebdc64b917d8,2026-02-01T11:35:24+00:00,2026-04-02T19:06:39+00:00,3,175.925923,9.25,0,0,19.8099979996296822,3
0xd5df24bb77efd5f44bc2a7f86438a63abf47f505,2026-06-16T06:14:13+00:00,2026-06-16T06:14:13+00:00,1,0,0,76.0,0,75.6960,1
0xd5e3226b2d399b64063c3659ac93a670cbb6e379,2026-05-25T22:57:34+00:00,2026-05-25T22:57:34+00:00,1,0,0,2000.0,0,1972.0000,1
0xd6000a815572e5cbbe2c743bb6b716aa3763b66e,2026-03-16T15:04:51+00:00,2026-06-12T16:47:34+00:00,3849,747569.826618,747569.818039,0,0,19582.0302470990765022,3628
0xd60e11f37cb9c44901106cb378e968be24c78954,2026-06-16T16:29:16+00:00,2026-06-17T07:29:20+00:00,2,0,0,87.24,87.24,173.86932,2
0xd6108871a7d6778a572af92788964b80c2c2099f,2026-06-06T17:15:58+00:00,2026-06-06T17:15:58+00:00,1,0,0,5.60225,0,5.57984100,1
0xd61a1e1727d255771393aaaf165628dce592c7f1,2026-05-20T17:44:14+00:00,2026-05-20T18:01:30+00:00,2,15.0,15.0,0,0,0.2850,2
0xd626f449b29fc2bdb32280cc0b9c6d762acea6b7,2026-05-10T21:10:45+00:00,2026-05-11T11:57:53+00:00,2,142.857141,142.85,0,0,5.7141490038571553,2
0xd62e5a4320f4eb09248c3bee58a156f24577f3da,2026-05-15T11:51:51+00:00,2026-05-15T11:51:51+00:00,1,0,0,2.5858,0,2.559942,1
0xd631676686ee53301ab13f09c781df7f34c6ea6b,2026-06-07T19:13:22+00:00,2026-06-07T19:13:25+00:00,2,0,0,11.388328,11.38,22.6203380001126816,2
0xd6321c049c527e8a622d6aa35f514ae74f798afb,2026-02-04T04:09:22+00:00,2026-03-04T14:21:57+00:00,9,199.986880,199.98,0,0,148.9881820023960913,9
0xd64328dfb706508a8f290ae41e248667dfefe05f,2026-06-11T21:59:12+00:00,2026-06-11T21:59:12+00:00,1,0,0,1.092,0,1.089816,1
0xd644fd86a2ea1b57ba00ad6e6af669ff3fa658b5,2026-06-12T22:39:04+00:00,2026-06-17T17:02:31+00:00,2,200.0,200.0,0,0,1.4000,2
0xd6491baa48dc15856d2d6602082d23d713c2d648,2026-06-02T16:49:57+00:00,2026-06-02T16:49:57+00:00,1,0,0,1.009,0,0.999919,1
0xd64c2f26dc189739f422a3c7660f7c00eba392c7,2026-06-05T12:55:03+00:00,2026-06-11T20:29:21+00:00,2,7500.0,7500.0,0,0,82.5000,2
0xd651a71f567dcd270281ca6b1869664a23790908,2026-05-04T12:20:24+00:00,2026-05-04T12:20:24+00:00,1,0,0,5.829874,0,5.6199980002345794,1
0xd656a26890d10b93e57a188f81847b68a8d22ad5,2026-06-08T10:54:52+00:00,2026-06-08T10:54:52+00:00,1,166.666666,0,0,0,0.999998996000004,1
0xd65d581a6dc87a4dc7af24b8f78d44c15ad29ec9,2026-05-30T06:01:16+00:00,2026-06-02T03:11:02+00:00,2,0,0,15.800571,15.8,31.3477669998398858,2
0xd6600ed6ac94d8e6149bfbd70e269243a1431439,2026-04-15T06:10:42+00:00,2026-04-17T07:14:54+00:00,2,266.666665,0,0,0,14.9999990000000090,2
0xd66323ecd38450e81b3347df05192e703db3c21b,2026-06-06T18:25:34+00:00,2026-06-06T18:25:34+00:00,1,166.666666,0,0,0,0.999998996000004,1
0xd66820a9f9f0bfc26a64c804bb5e6e1d7b742235,2026-06-07T19:55:37+00:00,2026-06-09T11:22:28+00:00,22,9999.9906,9999.99,0,0,99.9999030,22
0xd67ba0d65caf8677bbf21e484fc571e678aa51b5,2026-06-14T16:36:52+00:00,2026-06-14T23:30:31+00:00,2,0,0,10.02,10.02,19.98990,2
0xd6a78cb422442215379efc60bc70d46ca88f6356,2026-06-02T09:44:33+00:00,2026-06-17T18:00:41+00:00,8,0,0,2035.48,2035.48,4057.04665,8
0xd6b1065c4bd09880ddf6733638a2286478af9a4e,2026-05-23T09:12:56+00:00,2026-05-29T14:29:44+00:00,2,0,0,373.0,373.0,739.6590,2
0xd6b600e0b67a2f881a9f1ea3b9ef5f170b82750c,2026-06-02T13:12:01+00:00,2026-06-02T13:12:01+00:00,1,0,0,100.0,0,99.1000,1
0xd6b6ddb3ae8b63489cee5d0dc8269883eafbf547,2026-06-05T02:38:18+00:00,2026-06-15T06:00:37+00:00,2,0,0,21.25,15.51,36.54347,2
0xd6b80a997d6bbc28f0d5d5599bf3ba402a636f30,2026-01-22T20:45:38+00:00,2026-01-29T19:06:18+00:00,5,15.2,15.2,0,0,15.150,5
0xd6c2222ae00d99e97acd234f49ef164ab23ba53d,2026-04-25T13:25:34+00:00,2026-05-16T05:58:18+00:00,7,0,0,28.0,18.0,45.2350,7
0xd6c720eed22d5353955e2b7a35744b494fb1ff7c,2026-06-08T03:07:33+00:00,2026-06-08T03:07:36+00:00,2,0,0,12.7034,12.7,25.2509830,2
0xd6d548afece12d6a7d0956f43d0e76f2ed14f2c6,2026-03-19T18:31:03+00:00,2026-04-12T17:53:53+00:00,2,0,0,8.0,8.0,14.560,2
0xd6dec7f76c10d131c3d672552d1a3746e60d6b85,2026-05-15T09:27:09+00:00,2026-06-06T03:00:19+00:00,3,0,0,200.0,100.0,296.7000,3
0xd6eaccb999ca6c3acfb042ca93b624b198511515,2026-05-13T08:57:13+00:00,2026-06-05T09:38:36+00:00,3,0,0,200.0,100.0,296.5000,3
0xd6eef76188c7068719ac881460b7431e1ae137a2,2026-02-01T13:45:34+00:00,2026-03-19T02:37:07+00:00,242,771.999812,771.998826,1183.212365,1183.153637,1920.7273789978188991,233
0xd6f53138fddd86b733dba470c6564ffdfbcdf450,2026-04-29T18:26:40+00:00,2026-05-04T17:04:42+00:00,2,100.24,100.24,0,0,6.285120002392,2
0xd6f8142d53981c4fdcb5aa98fe28077e6cfa9804,2026-06-08T21:01:18+00:00,2026-06-08T21:01:18+00:00,1,0,0,5.32125,0,5.29996500,1
0xd6fd71adeb58faa5cf020df7703c32e40cbeebe6,2026-04-30T13:43:16+00:00,2026-05-15T06:22:09+00:00,5,902.014648,0,0,0,20.9999960215348230,5
0xd70055f373ea2f2246c371ba481ae4923a6f58db,2026-05-11T07:45:21+00:00,2026-05-11T15:48:14+00:00,2,0,0,66.32,66.31,129.91109,2
0xd706807a87696333af277be68d4c75e59ad3fac2,2026-02-21T03:05:30+00:00,2026-02-21T03:05:30+00:00,1,21.276594,0,0,0,9.9999989991489510,1
0xd71b256a51687071501df8c3f456126287e678f5,2026-05-09T08:34:17+00:00,2026-05-09T08:34:17+00:00,1,0,0,150.0,0,147.7500,1
0xd71f26a8f3c429045e6d14319101b249c16631bd,2026-05-29T11:00:56+00:00,2026-05-29T11:00:56+00:00,1,500.0,0,0,0,7.0000,1
0xd71f7546731983742805148b8b4135673bf89377,2026-05-11T11:45:06+00:00,2026-06-11T15:04:58+00:00,6,0,0,1449.0,1449.0,2871.3660,6
0xd73b94e93d5e464d72e0e2295bbe6be4bb31d8e4,2026-03-27T17:44:07+00:00,2026-03-31T23:08:19+00:00,10,0,0,511.73,0,482.9258,10
0xd74549c8a8c47779a2e94d452c6a6a6425fa7ad3,2026-05-14T07:01:08+00:00,2026-05-14T07:01:08+00:00,1,71.428571,0,0,0,0.9999990011428631,1
0xd74d491cc2e24e6e866eb0e8edfe741715a01f9a,2026-05-08T07:12:14+00:00,2026-05-08T12:30:36+00:00,2,0,0,15.57,15.57,30.26808,2
0xd751bc316153c1556da1568182c7ede22860742e,2026-05-22T03:07:56+00:00,2026-05-25T21:12:59+00:00,2,111.11111,111.11,0,0,2.666650001111111,2
0xd75787e9373a81bc03a463ef8f81385d1d0a5688,2026-06-07T13:05:55+00:00,2026-06-07T13:05:58+00:00,2,0,0,12.560239,12.56,25.0071980000391635,2
0xd768776321066958f7a032652acb5344a26a8e1f,2026-05-10T02:13:51+00:00,2026-05-10T02:13:51+00:00,1,125.0,0,0,0,2.0000,1
0xd779c7c0509706d2b332cfaa18e39e4a50ef06c3,2026-03-09T19:24:15+00:00,2026-03-09T19:24:15+00:00,1,3.333332,0,0,0,0.99999900000024,1
0xd77debb259be5c25fc6334e0684c1116fb90e0d2,2026-04-22T12:15:10+00:00,2026-06-15T06:59:34+00:00,4,0,0,400.00,300.0,679.50000,3
0xd7989915b70c9aeaef7ebe90ef95d31e32b3f8bc,2026-06-16T15:02:01+00:00,2026-06-16T15:02:01+00:00,1,1250.0,0,0,0,5.0000,1
0xd7a11577a02b1224bdc17a0e973f4f5fc5b82a3d,2026-05-28T12:25:56+00:00,2026-05-28T12:25:56+00:00,1,100.0,0,0,0,1.2000,1
0xd7bad9327760cb2627b70a31103c5aaae986a72a,2026-03-31T03:34:03+00:00,2026-03-31T06:03:05+00:00,2,0,0,1200.0,1200.0,2256.000,2
0xd7c105fe6428acbf80fe4dd38df835c6a61ad89b,2026-06-12T17:22:43+00:00,2026-06-12T17:22:43+00:00,1,0,0,1.002,0,0.999996,1
0xd7d566a74c0f0289bc4ea0e80659e54a0ffa3e8f,2026-06-04T10:45:21+00:00,2026-06-04T10:45:21+00:00,1,125.0,0,0,0,1.0000,1
0xd7d6b87c67e6d6bc78879e45e1542c023d524336,2026-03-26T10:53:59+00:00,2026-03-29T12:54:24+00:00,47,0,0,71.853741,71.85,131.9990019996632100,47
0xd7f6a2b70a04cb0c54a4b64e45f065529dda86bd,2026-06-14T15:36:03+00:00,2026-06-14T15:36:03+00:00,1,0,0,2.034,0,2.029932,1
0xd7f82696e1ff2c0dc051191348db91046c6c1356,2026-06-03T04:16:44+00:00,2026-06-13T05:41:43+00:00,2,0,0,10.72575,8.58,19.19420400,2
0xd802f65e6d7f14fc24524c2eafb2292981f7a6bf,2026-05-01T17:29:18+00:00,2026-05-01T23:30:14+00:00,2,0,0,61.16,61.16,117.36604,2
0xd80a8aff93c544781131598229c602c79ea18e8f,2026-05-03T10:26:38+00:00,2026-05-09T08:35:52+00:00,2,0,0,114.107861,114.1,222.274378004,2
0xd810ce3c9450d093a4d7f6be843a05bf83cd34db,2026-06-09T19:09:03+00:00,2026-06-09T19:09:03+00:00,1,0,0,1.024,0,1.019904,1
0xd8185f4688f7c9d7dea14f24bd8de430dca1ef89,2026-05-13T05:10:31+00:00,2026-06-04T05:53:27+00:00,3,0,0,199.3,100.0,295.9049,3
0xd8222dbe4984e04a1ce46a773b60642e4eab763c,2026-05-12T05:38:02+00:00,2026-06-03T05:03:44+00:00,4,0,0,168.412947,168.41,332.4408659998063070,4
0xd8345f47d3b78a65636ef56e444c7a4c9c4be011,2026-04-28T16:58:14+00:00,2026-04-28T17:49:22+00:00,3,200.0,200.0,0,0,16.8000,3
0xd8471b88c26f12941dfabb05ab91db91b747924a,2026-06-15T19:59:13+00:00,2026-06-15T19:59:13+00:00,1,1250.0,0,0,0,5.0000,1
0xd8474df65bfc771faa0459ce6e32b83b5b0dae3a,2026-06-15T10:58:30+00:00,2026-06-15T11:02:18+00:00,2,35000.00,0,0,0,105.00000,2
0xd857b37bacaf88abbc3ea2fad9cf3c3e471033f1,2026-05-01T02:46:18+00:00,2026-05-02T02:42:12+00:00,2,320.0,320.0,0,0,24.0000,2
0xd861c02435b0bbd2f46078c57a80e3611715371a,2026-05-20T10:20:33+00:00,2026-06-12T10:46:46+00:00,2,0,0,9.99,9.99,19.83015,2
0xd8644adc5769856f7154a927a537412c6cb6805e,2026-06-07T18:39:52+00:00,2026-06-07T18:39:52+00:00,1,0,0,1.025,0,1.019875,1
0xd86e2f2a8211795e4673d48f10fa123ff9e2a820,2026-06-17T03:04:48+00:00,2026-06-17T03:04:48+00:00,1,666.666666,0,0,0,1.9999989980000010,1
0xd88e3b4b38adfd47b3e3dc84b13890fc72cb597f,2026-05-14T08:56:29+00:00,2026-06-05T13:14:16+00:00,3,0,0,200.0,100.0,296.6000,3
0xd8994616ac1315fd2c680356f303436dafdf8e49,2026-05-10T17:13:00+00:00,2026-05-10T17:13:00+00:00,1,150.0,0,0,0,3.000,1
0xd89a7963738a3b77ac0aa591cc32ca85bcba49a4,2026-05-18T18:45:20+00:00,2026-05-21T16:37:38+00:00,2,1500.0,1500.0,0,0,24.0000,2
0xd89b654c0be205f4ff877c639fc2b2e7c2d05538,2026-04-14T12:37:29+00:00,2026-04-29T19:08:28+00:00,2,99.999997,0,0,0,3.9999979966667273,2
0xd89d0ba7e21d16afc6880024b0b8d21581c4a71c,2026-05-25T05:22:35+00:00,2026-06-11T08:04:31+00:00,3,0,0,18.776454,18.77,37.1499230003670638,3
0xd89faef69161ecd1cdfcef3a2a2c9fd2fcd6e124,2026-05-09T01:43:09+00:00,2026-05-09T01:43:09+00:00,1,66.666665,0,0,0,0.9999990016666910,1
0xd89fed9b3dc8a2cd10634171538dafe59b8f1071,2026-05-13T05:34:27+00:00,2026-06-04T14:37:34+00:00,3,0,0,200.0,100.0,296.6000,3
0xd8a6c56f9f35ba1413c633450b49c2b0fce11961,2026-03-04T23:57:57+00:00,2026-03-06T20:45:07+00:00,3,0,0,13.698628,13.69,18.8984980002740412,3
0xd8beead4aecac0a9822f9ccb55a14efc53547308,2026-06-16T10:23:12+00:00,2026-06-16T22:11:02+00:00,2,0,0,106.23,106.23,211.61016,2
0xd8cd00dc707b18de5e0a847e6514ca500605b982,2026-05-09T12:28:51+00:00,2026-06-17T17:46:37+00:00,2,0,0,10.050733,10.05,19.9198219999746335,2
0xd8dac4276d4606008b7ba198526d09e054769b0b,2026-05-16T22:15:43+00:00,2026-05-21T15:53:20+00:00,2,714.285714,714.28,0,0,11.4285189980000004,2
0xd8dd77cf23648a703b9ee280a6187a0b11dd67f5,2026-06-08T16:43:36+00:00,2026-06-08T16:43:46+00:00,2,0,0,11.64824,11.64,23.160157999765912,2
0xd8e71c280bc65e1ea8d94c2e3a38e614f339b9a1,2026-03-19T21:33:23+00:00,2026-04-01T07:13:41+00:00,2,88.083332,88.08,0,0,14.9739990032083460,2
0xd918779f7fe79b90300af65f584386d1c3d8e4bd,2026-05-21T13:54:23+00:00,2026-05-27T02:01:17+00:00,3,0,0,39.925554,39.92,78.8874249994404910,3
0xd920d1b7eb9979b3342c2b2994ccb964e8c96844,2026-04-18T06:07:34+00:00,2026-04-18T06:07:34+00:00,1,200.0,0,0,0,10.000,1
0xd922a2dd19e268bfe01deb279c915d00f5a4c7a5,2026-06-02T11:21:16+00:00,2026-06-02T11:21:16+00:00,1,454.545454,0,0,0,4.9999989940000012,1
0xd93d443d5c9fba0bc3a028b34ee5c051f8ca0095,2026-06-11T18:39:27+00:00,2026-06-11T18:39:27+00:00,1,39863.333333,0,0,0,119.589999999,1
0xd9430448ac33ddce60fa8feaee5e83d0b6b7195c,2026-06-01T14:25:23+00:00,2026-06-10T02:27:52+00:00,2,0,0,1.008,1.0,1.995936,2
0xd94bd43f9c1db57cad07c08441bfd91e761fa523,2026-06-16T10:31:19+00:00,2026-06-16T10:32:54+00:00,10,0,0,306.5320,306.53,609.6901600,10
0xd9514f3301356f8f07f316c3b7d27938ba61f4af,2026-03-16T00:48:05+00:00,2026-03-16T22:11:13+00:00,2,6.666665,6.66,0,0,3.997999000000125,2
0xd95a43431751736619efe804467426e234fe4ea9,2026-05-19T17:19:06+00:00,2026-05-20T16:51:16+00:00,4,0,0,400.0,400.0,792.8000,4
0xd96d91ccbb50323bbc67a33f574ad6cec83fb761,2026-05-05T21:27:42+00:00,2026-05-06T06:02:10+00:00,2,0,0,60.1,60.1,116.7743,2
0xd9764080f587b26bb9fdb09e9ce553d596e2f7cb,2026-06-12T07:02:09+00:00,2026-06-12T07:02:09+00:00,1,0,0,1.042,0,1.039916,1
0xd97953896da5505e17685e0d4f932a9a9a8dfd69,2026-05-04T09:02:08+00:00,2026-05-04T12:05:52+00:00,5,16.666665,18.66,0,0.99,2.303799000000090,5
0xd97ad470ddd08fc0acc36d71309d133f8ea2e522,2026-05-20T09:40:58+00:00,2026-05-20T09:40:58+00:00,1,0,0,5.04025,0,4.99992800,1
0xd98a2e91ce1826ab619372b81161ccd65a657c77,2026-06-17T17:56:55+00:00,2026-06-17T17:56:55+00:00,1,1666.666666,0,0,0,4.9999989980000004,1
0xd98ddd551bcfe1131bd0ff10d2a2719e34491179,2026-04-27T14:06:34+00:00,2026-04-30T01:52:00+00:00,4,0,0,120.0,0,115.8300,4
0xd990ad35098482db6b99fdd9aa5c446eac6f4349,2026-05-31T03:47:07+00:00,2026-05-31T03:47:07+00:00,1,0,0,2.0202,0,1.999998,1
0xd99f368555fe7100c2c7794a99d20cfdd5e6dc99,2026-04-25T17:09:18+00:00,2026-04-29T20:50:34+00:00,3,110.0,20.0,0,0,4.8600,3
0xd9a22b99c65da90c28c1e53c94a52596bda05be5,2026-05-20T06:55:52+00:00,2026-05-20T06:55:52+00:00,1,0,0,5.04025,0,4.99992800,1
0xd9b20c6b3271c991a2dcaed4ed7af25f8befc884,2026-05-20T22:16:51+00:00,2026-06-15T07:25:10+00:00,4,1561.58,0,0,0,13.79632,4
0xd9b4717949a8f709552ccf968d9df720f1992d6c,2026-05-01T19:07:12+00:00,2026-05-01T19:07:12+00:00,1,121.951218,0,0,0,4.9999989989756214,1
0xd9b5455d1ee240ce157787b87ff2e0a60f639db1,2026-05-26T14:28:48+00:00,2026-05-26T14:28:48+00:00,1,0,0,100.0,0,98.4000,1
0xd9b66019af0155395465205851ab481a75a8f63d,2026-05-13T18:19:58+00:00,2026-05-30T08:45:34+00:00,4,0,0,30.39,30.39,60.14181,2
0xd9be5bfaed43405f152bb8c585ad6fe8955606f0,2026-05-31T23:29:07+00:00,2026-06-01T04:17:44+00:00,14,5999.994222,5999.99,0,0,107.9998579999071110,14
0xd9bf198e1f7ce571995c16eb8de5b1c2382e1be3,2026-05-21T02:01:40+00:00,2026-05-21T06:58:28+00:00,2,0,0,18.444443,14.93,33.0108380000667113,2
0xd9bf68f9c140cf57190221de12b9b7e467dc3a84,2026-02-03T17:24:36+00:00,2026-02-04T04:09:24+00:00,2,0,0,59.545453,0,32.7499989993181897,2
0xd9e5ccc440f98d2cb2c53a73887c7643eb67b727,2026-04-10T06:53:13+00:00,2026-04-10T06:53:13+00:00,1,0,0,1.815212,0,1.669995000065336,1
0xd9ed4846d17e2a16fd2fd5bc9746d12e42f5b0b8,2026-03-31T03:34:03+00:00,2026-03-31T06:01:35+00:00,2,0,0,1000.0,1000.0,1880.000,2
0xd9fdb812e4eb7da289989aba7be9ca7515c19a0e,2026-05-03T10:37:28+00:00,2026-05-10T02:30:38+00:00,2,40.540539,40.54,0,0,2.1080989984054413,2
0xda0027ab4a23150a855c9314e0e38b0e796f29cd,2026-05-17T18:48:56+00:00,2026-06-17T15:44:07+00:00,3,0,0,214.98,107.96,320.45974,3
0xda08e030b44b0f51f2154b853a8da60704d30e21,2026-04-20T20:15:00+00:00,2026-04-20T20:15:02+00:00,3,79.999578,0,0,0,3.0399839999249616,3
0xda0f426005ad0c8ed453f4dde98c6ef49c772a19,2026-06-01T20:53:36+00:00,2026-06-01T20:53:36+00:00,1,0,0,23.901125,0,23.709916000,1
0xda244ee1461c070ca9c2fa8508094ace11a6a490,2026-05-30T02:49:58+00:00,2026-05-30T02:49:58+00:00,1,111.111111,0,0,0,0.999998999000001,1
0xda2e1c9b2c0e9a2e59eb9fffe42f642f5af09b6c,2026-05-04T23:12:46+00:00,2026-05-30T18:13:56+00:00,3,600.0,600.0,0,0,14.8000,3
0xda33143b5bb1e0f95ef5386c02331dffb72310c8,2026-05-12T07:53:32+00:00,2026-06-03T06:21:10+00:00,4,0,0,171.747172,171.74,338.9368750008252828,4
0xda37e75f4b469148b0b314fcf5e4d2ca527dfa9e,2026-04-30T10:03:46+00:00,2026-06-11T19:58:21+00:00,3,59692.188727,0,0,0,679.9999974771872691,3
0xda3d11dd7a7bfa315cc0d22c3a07f55cf6d7145c,2026-06-09T13:37:55+00:00,2026-06-09T13:38:36+00:00,4,0,0,51.20475,51.2,101.94393100,4
0xda484dc8b659afe03d316553d42f21351dc04288,2026-06-05T18:29:27+00:00,2026-06-06T16:12:57+00:00,2,0,0,32.74,32.74,65.11986,2
0xda49fb70a88a02499325fbc837e0eff775b8db09,2026-03-31T03:34:03+00:00,2026-03-31T05:48:07+00:00,2,0,0,1000.0,1000.0,1880.000,2
0xda4cbe6037486958f95a3d28e01413c0365e609a,2026-05-15T00:08:19+00:00,2026-05-15T03:19:15+00:00,2,0,0,9.127788,9.12,17.992318000454472,2
0xda64e97717db5ddf4e90a1dc528b263c346cb94c,2026-03-16T16:08:43+00:00,2026-06-15T09:27:00+00:00,4,3363.333333,3363.33,0,0,32.5999889990000001,4
0xda652c10c45bae41d574d22ee85c8814c9bdcf92,2026-01-22T05:35:18+00:00,2026-06-09T07:36:07+00:00,4,195.047192,195.04,0,0,74.9501590055105888,4
0xda66d3066df7502a7e26f5d031526c2f3b352699,2026-06-14T10:34:45+00:00,2026-06-14T10:34:45+00:00,1,0,0,2.204,0,2.199592,1
0xda6900e0fd8bf40d36f83ea490749f9556bc507f,2026-05-15T13:18:28+00:00,2026-05-15T13:57:44+00:00,2,0,0,2500.0,2500.0,4948.8544100000,2
0xda84f286f2a28b5f6b1ee37abb3f1728ec363d98,2026-05-30T21:46:44+00:00,2026-05-30T21:46:44+00:00,1,91.39,0,0,0,0.9139,1
0xda99344c8385a2ce2413a69f8076301414307a22,2026-06-13T12:30:34+00:00,2026-06-13T12:30:34+00:00,1,0,0,1.002,0,0.999996,1
0xdaa59ce7b7aad0da727e527653866e46f4051a17,2026-06-17T09:10:10+00:00,2026-06-17T09:10:10+00:00,1,0,0,15.0,0,14.9550,1
0xdaa7228568a5f52a8315e04335bc2bf80754dbde,2026-03-13T08:24:55+00:00,2026-03-13T08:24:55+00:00,1,16.333332,0,0,0,4.8999990005667156,1
0xdabb82488881fec0309ab150bac87b455fe97e44,2026-06-08T11:13:04+00:00,2026-06-08T11:13:07+00:00,2,0,0,12.9948,12.99,25.8418860,2
0xdabd480f585535ffba17e423ab3b6003e6e173ae,2026-05-17T09:12:06+00:00,2026-05-17T10:09:44+00:00,2,0,0,1219.315833,1219.31,2422.774768002,2
0xdacaa3fbc1af946f116c3741144c9dbc494737d1,2026-04-25T10:02:04+00:00,2026-05-21T11:37:17+00:00,2,0,0,111.6,111.6,216.8388,2
0xdad56773d0bc378657bfe431f6efd00be0b22574,2026-05-16T02:12:47+00:00,2026-05-16T02:12:47+00:00,1,111.11111,0,0,0,1.000000001111111,1
0xdad6b8f4f3ca2d306c5fb9ca981ac6ceea450d14,2026-05-04T12:53:00+00:00,2026-05-04T12:53:34+00:00,2,15.0,15.0,0,0,1.0500,2
0xdade2a871d7ac93759b1a42893904bc528618757,2026-05-02T16:51:54+00:00,2026-05-02T20:54:56+00:00,4,0,0,103.950078,103.95,199.9998750048149766,4
0xdae37ea4238f43fc3f25c1ef6c83be1aa5270863,2026-04-30T01:06:36+00:00,2026-06-16T18:26:23+00:00,2019,0,0,28421.171585,28421.170762,56185.5585390063516205,2019
0xdaf4e3869c35ae9a7eadb75730ce744e360b603c,2026-06-16T23:55:17+00:00,2026-06-16T23:55:17+00:00,1,0,0,5.2505,0,5.2399990,1
0xdafd031c1b545a4dc5d9b247da005fdfb2ad32b3,2026-06-08T03:24:58+00:00,2026-06-13T12:25:49+00:00,2,0,0,801.0,801.0,1595.5920,2
0xdb0b48e061bd8dcfd8667f1fa022f3d296952e35,2026-03-01T19:20:17+00:00,2026-03-17T17:29:23+00:00,2,106.426537,106.42,0,0,85.8617989968570799,2
0xdb18d8bc913452561bea26ef747342358326284a,2026-06-17T09:10:10+00:00,2026-06-17T09:10:10+00:00,1,0,0,48.34,0,48.19498,1
0xdb224efe7bf19d79b37cb7534a4e96757e8f670a,2026-05-20T08:55:14+00:00,2026-05-20T08:55:14+00:00,1,0,0,5.04025,0,4.99992800,1
0xdb240384f01a96bbb82817d02ebe059265e9a06a,2026-05-25T12:21:34+00:00,2026-05-31T11:33:59+00:00,2,142.857141,142.85,0,0,3.1427990025714412,2
0xdb337d3a3dc8227ac0bee6d4c64c78e301f64a4c,2026-03-30T02:07:26+00:00,2026-03-30T15:13:07+00:00,3,0,285.0,570.0,0,552.900,3
0xdb405a9ad581a23c68a32b5d5869d4ad5ae73612,2026-05-04T15:35:52+00:00,2026-05-16T07:05:34+00:00,13,3000.00,3000.0,1000.0,1000.0,2037.00000,13
0xdb4b4bc03616996f3ac2b0c463d0bf049418f4df,2026-05-19T01:49:53+00:00,2026-06-03T00:58:12+00:00,2,0,0,215.0,215.0,426.5600,2
0xdb4fffd7a6fa32e1ccd9c599f8fc48593a0c11ed,2026-05-10T02:42:58+00:00,2026-05-23T02:56:17+00:00,4,0,0,100.0,99.999778,197.3997790000141276,4
0xdb6092d9c90a672eef511b0906be1a19222f137a,2026-06-17T16:56:53+00:00,2026-06-17T16:56:53+00:00,1,8333.333332,0,0,0,24.999999996,1
0xdb61e8b52bdece524cffcec80a73d5565b6a6032,2026-05-10T04:33:11+00:00,2026-05-21T15:12:37+00:00,2,1246.465788,0,0,0,16.4813500246315788,2
0xdb6c64b65192be4552ac36d4bfb5583f480dee14,2026-03-16T09:42:25+00:00,2026-03-22T17:31:03+00:00,7,20.0,0,40.0,40.00,62.2000,6
0xdb6e7d9bbb9447b709262f0a23aa089b1c4e5ce6,2026-06-16T18:41:01+00:00,2026-06-16T18:41:01+00:00,1,6666.666666,0,0,0,19.9999993313333334,1
0xdb78fa343711ad506779fc21433b9770f97e7d84,2026-06-13T21:13:51+00:00,2026-06-16T16:54:08+00:00,6,916.666666,750.76,0,0,5.9477389980000010,6
0xdb7e433dd6e7072a58cbad6e2dc98c802648558a,2026-05-07T08:24:09+00:00,2026-05-08T06:05:34+00:00,2,0,0,120.0,120.0,232.6800,2
0xdb8a73edcae9a918bdeb0e351e0e12db4d244d20,2026-05-05T14:24:46+00:00,2026-06-10T14:13:54+00:00,2,225.80645,225.8,0,0,7.451599001612910,2
0xdb8b3be18b1c093da4772a88545efd000677a2eb,2026-05-02T18:24:38+00:00,2026-05-02T22:25:26+00:00,2,0,0,53.76,53.76,103.38048,2
0xdb919100329364dd3e67b1386aa602f706473294,2026-06-12T10:20:48+00:00,2026-06-15T17:30:30+00:00,2,533.333333,0,0,0,1.999998999000001,2
0xdba87adf84a5de3c65c768c34ac0f9a8e24ab0cb,2026-06-11T12:58:27+00:00,2026-06-16T00:11:21+00:00,2,10666.666666,0,0,0,39.999999998,2
0xdbb103dad643426f87a1e77899dd053a681593b6,2026-05-13T10:20:35+00:00,2026-05-13T10:20:35+00:00,1,142.857141,0,0,0,1.9999990025714412,1
0xdbb693f434b07bcfb3f7427eb9586426704cc466,2026-06-10T16:52:43+00:00,2026-06-10T16:52:43+00:00,1,0,0,1.002,0,0.999996,1
0xdbb9add499e7ae8786ad197c44f0c72bf6c2a2cf,2026-05-22T12:51:09+00:00,2026-05-22T12:51:09+00:00,1,100.0,0,0,0,1.000,1
0xdbbe8795a6b8a79c06912f08729d778120e6e18a,2026-06-08T08:28:33+00:00,2026-06-08T17:54:22+00:00,2,0,0,38.1908,38.19,75.9988960,2
0xdbdb8a35920ecf5283b7e754a9acb645ee9df5b8,2026-05-09T12:55:53+00:00,2026-05-09T12:55:53+00:00,1,63.0,0,0,0,1.0080,1
0xdbe5a26742b83a48781f43a2f3103745ff10d613,2026-06-15T16:43:10+00:00,2026-06-17T16:50:26+00:00,6,18679.666664,0,0,0,66.6049979893333336,6
0xdbe76702b7b112029c4d027cde41a614f94e473b,2026-05-05T03:33:28+00:00,2026-05-05T03:33:28+00:00,1,40.0,0,0,0,1.0000,1
0xdbef6b38c23ea9ee9594ae2e47f0b459630a323c,2026-02-18T02:26:19+00:00,2026-02-20T20:13:42+00:00,2,63.812726,63.81,0,0,63.106498997091444,2
0xdbf10b04299947b01791a43daa5cb3e132e35650,2026-06-17T17:08:35+00:00,2026-06-17T17:08:35+00:00,1,333.333333,0,0,0,0.999998999000001,1
0xdbf5e4653c7900d322926f072912aa12d82543f5,2026-05-29T14:04:52+00:00,2026-05-29T14:04:52+00:00,1,76.923075,0,0,0,0.9999989980769475,1
0xdbf76dc145740ae122066a70e554277360a16377,2026-06-13T07:30:06+00:00,2026-06-13T07:30:06+00:00,1,0,0,10.02,0,9.99996,1
0xdbff1654a9a1b90b04be1d94dbf66228a7461b78,2026-04-27T14:25:16+00:00,2026-05-03T17:03:32+00:00,3,238.095238,0,280.082972,280.08,549.717025004,3
0xdc075d35edef95c4707d01a7a87197b2309b7594,2026-05-30T13:18:00+00:00,2026-05-30T13:30:01+00:00,2,0,0,265.0,265.0,526.0250,2
0xdc110309044bd9d3b2b9bdc1be1922745df13ab9,2026-05-02T04:18:06+00:00,2026-05-12T02:08:07+00:00,6,0,0,52.93,52.93,102.62512,6
0xdc154d8503ffe62a5ed1e7f62e71761859e5cc49,2026-05-17T05:07:29+00:00,2026-05-21T01:37:37+00:00,2,170.0,170.0,0,0,2.7200,2
0xdc16a688d88f2168673bbb2f9ecff389975ccba8,2026-06-16T08:04:25+00:00,2026-06-16T08:04:25+00:00,1,0,0,103.0,0,102.5880,1
0xdc17961132cbe21a95be99287ae08e4a1681c4ab,2026-04-12T00:25:21+00:00,2026-06-11T08:59:31+00:00,2,9.8,9.8,0,0,0.7056,2
0xdc1b9fa4a192c1e6bede44393e11fe1efc7ae318,2026-02-14T17:43:07+00:00,2026-02-16T10:20:25+00:00,2,0,0,40.025685,40.02,39.2095989981586725,2
0xdc23d2338010eac3e06db73ffbaaa8c3eb37cf4f,2026-05-15T02:10:53+00:00,2026-06-05T14:56:27+00:00,3,0,0,200.0,100.0,296.7000,3
0xdc2b6cc51b18cf89ce5739330a7b5f5c679aa5a4,2026-05-20T20:59:22+00:00,2026-06-08T16:31:51+00:00,2,14349.441666,0,0,0,110.0700001502105681,2
0xdc3ce383e04eb23ff3db7ec5863654da6bfb411d,2026-05-29T03:11:54+00:00,2026-05-29T03:11:54+00:00,1,0,0,2.028357,0,1.999959999971643,1
0xdc3d4370e3c23cdd41b8eb5eb0824dafb265acf9,2026-06-08T08:16:01+00:00,2026-06-08T08:16:04+00:00,2,0,0,13.1556,13.15,26.1609220,2
0xdc40bed433ca678b07083bd93537b66cb8d04ce9,2026-05-16T09:39:23+00:00,2026-05-24T10:08:15+00:00,2,1250.0,1250.0,0,0,21.2500,2
0xdc431627d022d3c1db187b7f4f180bea7e32342a,2026-06-14T02:57:00+00:00,2026-06-14T09:28:58+00:00,2,0,0,4.008,4.0,7.987984,2
0xdc62ee4f66555520c58230d6ae8a9d10a5bf1eb3,2026-03-24T00:36:01+00:00,2026-06-07T22:14:07+00:00,341,0,0,15329.127945,15329.120596,29546.7175550100487512,321
0xdc6f2527cd3fed6142f290f2cb4a6352418d28e5,2026-04-25T19:47:48+00:00,2026-04-25T19:47:48+00:00,1,19.230768,0,0,0,0.9999989994615984,1
0xdc782d8135ff0dcf8d75f4da4aa32ceff08f343f,2026-06-11T19:11:16+00:00,2026-06-11T19:11:16+00:00,1,3140.0,0,0,0,9.4200,1
0xdc810b7cb69ca6cecf3801c0f52696b27d723cc7,2026-03-28T11:14:47+00:00,2026-03-28T11:14:47+00:00,1,12.5,0,0,0,1.000,1
0xdc8285dd35dcee216d2249eb22dc15484e87033a,2026-05-18T07:03:16+00:00,2026-05-18T07:03:16+00:00,1,583.333333,0,0,0,6.9999990043333339,1
0xdc96b29216be53da7ed6d79dcf7e5344113d24dd,2026-06-10T00:10:01+00:00,2026-06-10T00:27:16+00:00,3,0,0,1204.994666,1204.99,2401.549722002,3
0xdc9e30430b844284a7a2a335bb3dede8ce39c5a8,2026-05-07T16:28:59+00:00,2026-05-07T16:29:38+00:00,2,0,0,16.39,16.39,31.82938,2
0xdca026c4d9197c37bd575194d5a4943c372f76b8,2026-05-28T02:15:03+00:00,2026-05-28T02:15:03+00:00,1,0,0,2.026307,0,1.9999650000842492,1
0xdca13127915c701a9eb4506e1da6bc46be879a58,2026-06-15T14:25:07+00:00,2026-06-15T14:25:07+00:00,1,0,0,107.0,0,106.6790,1
0xdca71e901f4f9d5b89dd4614e489cf5867fdcf42,2026-05-15T08:15:28+00:00,2026-06-05T17:55:19+00:00,3,0,0,200.0,100.0,296.6000,3
0xdcb414546828953ce41a34a62e00a3f3f8de9e9f,2026-06-14T07:23:58+00:00,2026-06-14T07:23:58+00:00,1,0,0,1.002,0,0.999996,1
0xdcb8f5e3423f79468927193edd4deb61b027f205,2026-06-17T14:59:50+00:00,2026-06-17T15:36:05+00:00,4,14666.666662,0,0,0,43.999999986,4
0xdcbf50ce4754092fc728383a8e69d9ece6a06b1a,2026-03-06T13:39:19+00:00,2026-05-03T15:16:18+00:00,2,3.125,3.12,0,0,1.11232,2
0xdcc70bdc83a5d1e0fd3517441e788c1d7a514278,2026-05-08T18:14:29+00:00,2026-06-12T04:34:06+00:00,2,0,0,481.148372,481.14,953.1465779998851628,2
0xdcdaece468c29b79ec96769ba3e859a35d91c6b8,2026-05-08T10:36:47+00:00,2026-05-08T10:36:47+00:00,1,172.413793,0,0,0,4.9999989970000006,1
0xdcdf8b3cea8d8e8c26a621beb9d4e91c6f0c403e,2026-02-15T09:44:51+00:00,2026-02-15T09:44:51+00:00,1,961.53846,0,0,0,499.999999007692308,1
0xdce3c932ca63a8aee14a661ef40b4d8a5a52f469,2026-05-17T15:30:54+00:00,2026-06-16T12:14:09+00:00,6,0,0,49.262383,49.26,97.8324849988884558,6
0xdce3f866b5f33bc3d2c093faf55912eb069f8bd0,2026-05-01T11:57:12+00:00,2026-06-08T19:11:00+00:00,4,903.333333,903.33,0,0,12.9333190340000004,4
0xdce4c08f6ba0f1e8f12b5cfd06e6a795d2257b7a,2026-06-07T19:57:10+00:00,2026-06-07T19:57:13+00:00,2,0,0,10.814,10.81,21.505070,2
0xdce6b8eab82a42a13afd982083bcb32d4cfb6069,2026-05-16T21:53:45+00:00,2026-05-16T21:53:45+00:00,1,142.857142,0,0,0,0.999998994000006,1
0xdd05146f506d3bc3423def43f81e8028bd202d29,2026-06-01T11:41:35+00:00,2026-06-01T12:37:49+00:00,2,5500.0,5500.0,0,0,88.0000,2
0xdd0620e01db4655dbaa427d429c1bd5c01d6e886,2026-05-31T08:13:24+00:00,2026-06-11T15:04:48+00:00,2,0,0,777.0,777.0,1545.4530,2
0xdd0dd9f0006a22949bc2e1e92cc47645ae349bad,2026-05-13T12:38:22+00:00,2026-06-07T09:44:19+00:00,2,0,0,9.017153,9.01,17.8648800001794164,2
0xdd2875894146f348dbc2d2dce57dfb7beba6fbbe,2026-04-20T22:07:34+00:00,2026-06-06T11:40:42+00:00,2,105.263156,105.26,0,0,4.6315590016842272,2
0xdd4127d1765ae584a5d8b8b34bb050e2ebe3f94f,2026-06-07T18:33:00+00:00,2026-06-07T18:33:00+00:00,1,0,0,1.025,0,1.019875,1
0xdd51fce5c2899b78b6da80f5527784fc89277ce2,2026-05-29T23:29:21+00:00,2026-05-29T23:29:21+00:00,1,887.272727,0,0,0,9.7599990210000003,1
0xdd5604ba6910d11e5d3f2cf17936984659052677,2026-05-01T01:09:08+00:00,2026-05-01T01:09:08+00:00,1,142.857141,0,0,0,4.9999990064285835,1
0xdd641a8edd33b4b4de3a9fe01d57fd61ecacaef1,2026-05-14T12:33:10+00:00,2026-05-14T12:33:10+00:00,1,714.285714,0,0,0,9.9999989960000004,1
0xdd70643a907f41e09017a58866efddb5cf0fce91,2026-05-15T09:08:40+00:00,2026-06-06T02:41:45+00:00,3,0,0,201.112181,101.11,298.7910769988887819,3
0xdd708a99df6c56d856b93f113603829f1a8c651b,2026-04-30T11:03:18+00:00,2026-05-12T19:08:41+00:00,8,0,0,214.98,214.98,420.35039,8
0xdd76bbd006d9287a9565fdad59190f74b4e20f1c,2026-05-19T06:43:43+00:00,2026-06-03T07:58:56+00:00,2,0,0,99.899,99.89,197.990899,2
0xdd8659d6605c10416ab09b57e447c3dcc7deb5db,2026-05-16T04:07:07+00:00,2026-05-16T04:18:25+00:00,2,0,0,6.054489,6.05,11.9894980002110379,2
0xdd895961c5109faa53420e828e3f3ca6902878e1,2025-12-11T08:03:11+00:00,2025-12-11T08:08:19+00:00,2,5.0,5.0,0,0,3.550,2
0xdd8a3ebcf94a583eff5a7a61b982143e9b8101f5,2026-06-17T15:20:46+00:00,2026-06-17T15:20:46+00:00,1,334.0,0,0,0,1.0020,1
0xdd8bb6ada389a7c6db8c66930f476d6b55830f0f,2026-05-14T01:44:14+00:00,2026-05-14T01:46:18+00:00,2,0,0,101.317076,101.31,199.8916140018682924,2
0xdd8d0f95ad3e5fda02f27e3970827a1c8b8032d8,2026-06-16T09:55:58+00:00,2026-06-16T09:55:58+00:00,1,0,0,63.0,0,62.7480,1
0xdd96433a82268b478696b7eb8c23bff73fc82656,2026-05-29T20:23:16+00:00,2026-06-15T19:27:45+00:00,2,340.909089,0,0,0,1.9999989971818388,2
0xdd980f6a6e4fb5612998a58dfc20054cfca4e5d2,2026-04-17T15:48:12+00:00,2026-04-17T17:54:28+00:00,2,40.0,40.0,0,0,3.600,2
0xdd9c961288a032098076267bd665d407dac231a0,2026-05-13T22:27:11+00:00,2026-05-29T19:16:37+00:00,74,57779.2,57779.190664,0,0,1551.7678268976559011,74
0xdda0a1bfb4f1b682f603aa89edc56774ffc0ba5a,2026-05-14T15:25:22+00:00,2026-06-07T09:41:40+00:00,2,0,0,120.0,0,119.3200,2
0xdda263b53e18d3b1dbbfc878834805847595c8f3,2026-06-08T01:44:55+00:00,2026-06-08T01:44:55+00:00,1,142.857141,0,0,0,1.0000000012857141,1
0xdda3a0e185d4324b05badff866dc4f6dd5897ba2,2026-03-20T09:19:15+00:00,2026-03-20T09:19:15+00:00,1,41.666665,0,0,0,4.9999990000000320,1
0xdda7e237fb08c896dba2001a885b16e3412a7223,2026-06-06T16:53:58+00:00,2026-06-16T05:01:30+00:00,4,35603.038333,26990.36,0,0,238.9807183486192149,4
0xddaa62da408d182e276386d46c514781a34cfdec,2026-02-17T18:41:53+00:00,2026-03-22T23:01:27+00:00,4,42.0,42.0,0,0,32.300,4
0xddacc2546219e9d7507114f8725f3f3d5112f8d8,2026-04-30T15:01:14+00:00,2026-04-30T15:11:22+00:00,6,0,0,249.998063,0,242.2481239986128585,6
0xddb214eb5cdc2ae6dd910d3155939d405e0bef09,2026-06-07T12:52:18+00:00,2026-06-07T12:52:22+00:00,2,0,0,12.7236,12.72,25.3036620,2
0xddb2216b31b3affdf923180468b3b490263a4870,2026-05-05T23:57:48+00:00,2026-06-09T18:14:51+00:00,2,68.965517,0,10.04,0,11.9998389998965552,2
0xddba251979a6d34dc8e0ef6b18c8cfbab77a1372,2026-05-01T10:10:24+00:00,2026-05-02T01:56:52+00:00,2,416.316231,0,0,0,14.9999990037804882,2
0xddbaedf45f180c87c56392939ce96f17ecb3f6ad,2026-06-13T19:47:04+00:00,2026-06-13T19:47:04+00:00,1,0,0,1.002,0,0.999996,1
0xddd2f8c8819da685505e242fe2824c4eb7f53342,2026-06-17T07:28:44+00:00,2026-06-17T07:28:44+00:00,1,0,0,17.7655,0,17.7299690,1
0xddd72fc3cafbb94df0ef12abd4660a5846b905b6,2026-05-04T08:56:18+00:00,2026-05-12T09:32:00+00:00,6,0,0,147.65,147.65,286.47342,6
0xdde426187acefc5340801309c3e811dd5e6bfc44,2026-06-09T04:04:57+00:00,2026-06-09T04:05:04+00:00,2,0,0,10.06,10.06,20.02946,2
0xdde983fbce06b0c9f2b6bc25ab0a44012b3d4bd5,2026-06-16T15:02:53+00:00,2026-06-16T15:02:53+00:00,1,3676.0,0,0,0,11.0280,1
0xddec10b2bd4d97b2c457fa4bfd4ffb917dc50015,2026-05-16T20:41:00+00:00,2026-05-20T22:12:57+00:00,2,428.571428,428.57,0,0,7.7142690102857156,2
0xdded70effefa298d8fcd829c73ae3b22fe29e92b,2026-05-15T14:12:50+00:00,2026-05-15T14:12:50+00:00,1,909.090908,0,0,0,9.999999988,1
0xddf66e40cb4e2470941e4a30c2c9518f6c0c2117,2026-04-21T03:33:30+00:00,2026-04-21T03:35:08+00:00,2,0,0,10.449302,10.43,19.9189120004159074,2
0xde0463ea7f611b065e8ab06bbfbddad75e6dfa37,2026-02-02T22:00:44+00:00,2026-06-04T16:56:09+00:00,260,49523.275891,0,24592.230146,0,29971.0732760254300399,258
0xde065f672f9b57d0c0ad4b353d4cd59eb7cb7a72,2026-06-17T09:59:49+00:00,2026-06-17T09:59:49+00:00,1,333.333333,0,0,0,0.999998999000001,1
0xde07bc3d7058cdf5746f3fd2308b2b9c75c8f1c0,2026-05-03T20:30:42+00:00,2026-06-16T04:40:39+00:00,5,3399.046102,0,0,0,54.9999980291351422,5
0xde0fac2d76e345205aace9e62be24625b2b657c1,2026-05-16T07:54:55+00:00,2026-06-17T16:55:43+00:00,3,3000.0,2000.0,0,0,35.0000,3
0xde1665e90e75bf11eb819a401af323a76c5b743e,2026-05-15T03:55:44+00:00,2026-06-05T16:45:36+00:00,3,0,0,200.0,100.0,296.6000,3
0xde173cc384c3f23a0f588041afcb04d3be2555b0,2026-05-30T07:28:13+00:00,2026-06-16T12:31:03+00:00,3,467.857142,0,0,0,2.999998994000006,3
0xde1fb1d6b9f9c50ac5e88867c1e864b910bfd499,2026-06-12T15:40:10+00:00,2026-06-12T15:40:10+00:00,1,0,0,90.0,0,89.7300,1
0xde242261bcd8d4320113f12230da34d705ca25a8,2026-05-18T19:29:19+00:00,2026-06-17T17:58:17+00:00,75,142350.548428,141086.881816,0,0,1223.3130627931271728,75
0xde3a6324fef5dba9a1e8afdf12a569cd10b8a787,2026-03-04T00:40:27+00:00,2026-03-10T13:17:05+00:00,7,244.006875,244.0,0,0,165.1000000001038750,7
0xde4e042094bccdc2de603a23cf137b02f95afed0,2026-06-08T04:12:39+00:00,2026-06-08T04:12:42+00:00,2,0,0,12.2612,12.26,24.3863340,2
0xde74213e21bb0f3af15d1a8589188ee4ace56ee0,2026-05-29T02:48:47+00:00,2026-05-29T02:48:47+00:00,1,0,0,2.647,0,2.609942,1
0xde7613ae53614f11290c58e8706eb5c4371cf7f4,2026-05-01T03:36:10+00:00,2026-05-01T07:43:32+00:00,2,0,0,42.04,42.04,81.38944,2
0xde79176b8228d0c2244484df74ea3c2fca20f187,2026-04-28T22:00:58+00:00,2026-06-11T17:08:51+00:00,2,377.777776,0,0,0,2.999998000666698,2
0xde7ed2253d8da0b623e026b0e5ef55f4ca91396b,2026-03-30T15:10:59+00:00,2026-05-25T17:01:37+00:00,273,63205.155898,9584.02,0,0,2510.5411149978563049,270
0xde8dddc5e70340fff352692bf1b8dd5c21421f05,2026-05-10T04:18:06+00:00,2026-05-10T04:19:39+00:00,2,5436.0895,0,0,0,104.9999999303867,2
0xde8f13c400405dd1a5d249ce431228d367ea6719,2026-06-03T04:50:01+00:00,2026-06-13T15:14:30+00:00,5,0,0,1066.0,1066.00,2122.86725,5
0xdea1a664831b5e69400da49f32b808f4e290437f,2026-06-17T12:55:41+00:00,2026-06-17T12:55:41+00:00,1,666.666665,0,0,0,1.999999995,1
0xdea1b263e2b05a186d24afeec936f2c431c43d9f,2026-06-11T19:41:49+00:00,2026-06-11T19:41:49+00:00,1,3333.333333,0,0,0,9.9999989990000001,1
0xdea39bbe8b553adc65f7ef3f7013ca2bf844dd96,2026-06-04T07:15:01+00:00,2026-06-15T09:07:18+00:00,2,0,0,16.414857,12.47,28.7200729993585143,2
0xdea720f16b8eb4b965e1064ce7012f9a2e4b3687,2026-06-16T05:37:24+00:00,2026-06-16T05:37:24+00:00,1,0,0,8.0,0,7.9680,1
0xdea764fb2b57d741222fa28f8a43ea54dc045730,2026-06-11T09:43:01+00:00,2026-06-11T09:43:01+00:00,1,0,0,1.002,0,0.999996,1
0xdea8b449f20561f91c47690160b372e7f8a1014f,2026-05-17T23:35:23+00:00,2026-05-18T12:20:50+00:00,2,0,0,126.92,126.92,250.92084,2
0xdec83a737cb9e992d9596b92ef70e76eaf053b24,2026-06-07T10:58:40+00:00,2026-06-16T00:51:51+00:00,7,1450.00,1250.0,0,0,8.50000,7
0xdecdecb133c5a9869d958c4c01d363ef5340d5e0,2026-02-12T22:03:45+00:00,2026-03-09T01:55:13+00:00,2,102.040815,102.04,0,0,86.7343990030612290,2
0xdef1e4fa3b65be6d239eee7bb60e031165e97a1e,2026-05-18T05:03:46+00:00,2026-05-18T05:03:46+00:00,1,71.428571,0,0,0,0.9999990011428631,1
0xdef22a5ddb36586eea89fb9145e66f3ae304b9ec,2026-04-26T04:11:12+00:00,2026-05-18T16:38:47+00:00,2,0,0,9.33,9.33,18.10020,2
0xdef9e7dedc5439fe4f5f779a200d9a458323ca09,2026-05-26T01:43:42+00:00,2026-05-26T01:43:42+00:00,1,0,0,3.039461,0,2.9999480000092397,1
0xdefa1d28c56b30a053e870f89754f5e0abacd902,2026-06-04T13:31:06+00:00,2026-06-06T07:34:19+00:00,2,125.0,125.0,0,0,1.7500,2
0xdf0045874ee6042ab2517534b0545552528e972c,2026-06-11T06:25:34+00:00,2026-06-15T01:49:45+00:00,2,3333.333333,3333.33,0,0,16.6666589990000001,2
0xdf0105cff891c77f232a623f596ddf17d7bf6865,2026-06-17T15:15:52+00:00,2026-06-17T15:15:52+00:00,1,66666.666665,0,0,0,199.999999995,1
0xdf01b1da642bb5c8e28ce0ce96b676500140c782,2026-05-22T19:58:51+00:00,2026-06-02T02:24:42+00:00,83,3501.874998,3501.868945,0,0,79.8086820014347239,82
0xdf06f3e54ed7dab674a7d17270f56644ea588055,2026-03-27T18:48:27+00:00,2026-03-27T18:48:27+00:00,1,20.0,0,0,0,1.400,1
0xdf0850b029c97de282c491e91ce500384782cf97,2026-01-22T05:31:36+00:00,2026-05-11T06:14:33+00:00,58,204.71,0,236.720468,32.00,252.4997719995217682,55
0xdf0931977717e6a454dca0f59049e8f1a2974806,2026-06-16T16:05:38+00:00,2026-06-16T16:06:02+00:00,2,27500.0,0,0,0,110.0000,2
0xdf0d0579f8935d735ec6c69b079cb600f909c7be,2026-02-17T15:10:41+00:00,2026-04-06T03:24:37+00:00,2,535.80357,267.9,0,0,316.073998975294026,2
0xdf1d664fa094dc93948eb89154a47873107504d2,2026-05-15T04:48:00+00:00,2026-06-05T17:05:36+00:00,3,0,0,200.0,100.0,296.5000,3
0xdf2980aef0e15ea2ee95003f524926cf1878c439,2026-04-06T08:22:31+00:00,2026-04-06T08:22:31+00:00,1,55.555554,0,0,0,4.9999989988889130,1
0xdf33e4fd7d64d7a9873bc81081139e6db0209e60,2026-05-13T06:31:23+00:00,2026-06-05T03:47:33+00:00,3,0,0,200.0,100.0,296.5000,3
0xdf36047f7992c7657e6ab91168508eb4d45c71f8,2026-03-07T05:29:53+00:00,2026-04-16T15:18:28+00:00,2,19.444441,0,0,0,1.9999980000003204,2
0xdf3709bc0f9086221f6e44e7af3189eb22968b49,2026-05-04T15:30:42+00:00,2026-05-06T11:46:38+00:00,2,500.0,200.0,0,0,22.8000,2
0xdf3effcb0b58f9e025ecf0fed48a260dd6de6e88,2026-06-11T22:09:54+00:00,2026-06-11T22:09:54+00:00,1,0,0,2.054,0,2.049892,1
0xdf409ebc2cda86c98f3abf7666ff4bdc01ff38b8,2026-02-15T19:49:25+00:00,2026-03-18T18:37:03+00:00,42,0,0,811.303646,811.298517,1106.9297480020336710,42
0xdf43d397ccdf4a1c34870eac9e5f891790317a0b,2026-05-14T08:44:37+00:00,2026-05-14T08:44:42+00:00,2,0,0,28.368769,28.36,55.9629350001631231,2
0xdf4b099ec20f019d45068a216380cd85b7945c8d,2026-06-09T08:21:06+00:00,2026-06-09T08:21:06+00:00,1,1000.0,0,0,0,5.0000,1
0xdf4f1e2dcd19a8838eb4dbff012a96b45ad9137e,2026-05-05T08:24:52+00:00,2026-05-05T08:24:52+00:00,1,120.0,0,0,0,3.0000,1
0xdf57d7c9c9f5ccdf1d36f7f14c39dbb27b3e7acb,2026-05-14T09:10:39+00:00,2026-06-05T15:42:06+00:00,3,0,0,200.0,100.0,296.7000,3
0xdf5ba34d59c513aeeb467bad9d467f6f8142b9db,2026-06-15T02:10:57+00:00,2026-06-15T02:10:57+00:00,1,0,0,28.056,0,27.999888,1
0xdf5fedac69ecf790b97c4be506aab7181eeaa1e3,2026-05-19T09:32:00+00:00,2026-06-17T02:20:12+00:00,19,0,0,11871.17,11871.17,23629.91801,19
0xdf611b0f9d28ec8627d01360eda6c14f2f9ad6d9,2026-06-12T02:41:54+00:00,2026-06-12T02:41:54+00:00,1,333.333333,0,0,0,0.999998999000001,1
0xdf7005b722669ece65280b3042ed0cf861624931,2026-06-17T15:46:16+00:00,2026-06-17T15:46:16+00:00,1,0,0,51.04,0,50.88688,1
0xdf739da47be5d3c9a1697ce7003cd2c05809ab32,2026-05-17T06:45:29+00:00,2026-05-17T19:25:57+00:00,2,0,0,95.56,95.56,189.59104,2
0xdf8103a369799de9f938a6ffcfca446e1c3e697d,2026-04-23T01:20:10+00:00,2026-05-27T02:04:35+00:00,3,3500.0,0,0,0,110.9300,3
0xdf84f5ffaae4f0e5f937ce8a9e3e527572e6dd85,2026-05-17T23:35:23+00:00,2026-05-18T13:06:29+00:00,2,0,0,280.6,280.6,555.3074,2
0xdf879bb1c7525c7665a330a5615b54bf26cc2974,2026-06-17T17:54:52+00:00,2026-06-17T18:00:40+00:00,2,5333.333333,5333.33,0,0,21.3333289323333334,2
0xdf894ba54efd191131f0bcc0ba46b217b03c6568,2026-04-15T01:05:22+00:00,2026-04-15T01:05:22+00:00,1,83.333332,0,0,0,4.999999003333348,1
0xdf97aab8a30098b20ed4f58aaf6ff6adbd5d8729,2026-05-08T08:24:31+00:00,2026-05-08T08:24:31+00:00,1,0,0,165.0,0,160.3800,1
0xdf9fc66c8354fb48a923b26e8c7c5b86db167dd6,2026-04-30T17:39:22+00:00,2026-05-04T02:27:32+00:00,12,0,0,1.552794,1.55,2.9901489999627356,12
0xdfa707f496996fd591e2d8a77011e91f09114620,2026-03-22T08:35:25+00:00,2026-03-22T08:35:25+00:00,1,8.333332,0,0,0,0.9999990000001344,1
0xdfaeb8e6e30ac3dce9f5efb98979622a5a96b290,2026-06-01T02:19:05+00:00,2026-06-02T02:25:20+00:00,2,0,0,851.05,851.05,1687.63215,2
0xdfb071e30e79968ebb80c415ae3b7ce1fcf3d1dd,2026-04-21T12:59:02+00:00,2026-04-21T12:59:02+00:00,1,30.0,0,0,0,1.2600,1
0xdfc0d927a341a66a1d616d8217f8af00137bae26,2026-05-25T04:31:22+00:00,2026-06-03T05:17:51+00:00,2,0,0,89.989818,89.98,178.170110002,2
0xdfc7146f0ac30e2f1072a6140c7e1ad31047b2e8,2026-05-30T03:39:52+00:00,2026-05-30T03:39:52+00:00,1,125.0,0,0,0,1.0000,1
0xdfcb9f18f31483949b3ac26fc06d8f9726194a6d,2026-06-15T19:00:48+00:00,2026-06-17T20:03:38+00:00,2,0,0,1426.278666,1426.27,2846.843560002,2
0xdfcbeed582615fb48d42816abee61dbdbeeab714,2026-05-13T20:05:52+00:00,2026-06-15T15:24:19+00:00,2,100.0,100.0,0,0,1.5000,2
0xdfdc44b3a34ae193ae67107a35b9f8d2aee9bab4,2026-06-17T16:00:50+00:00,2026-06-17T16:00:50+00:00,1,3333.333333,0,0,0,9.9999989990000001,1
0xdfe024d711af19c97501f851fa0fb0cc426e1051,2026-05-05T12:55:20+00:00,2026-05-06T00:29:56+00:00,2,0,0,53.74,53.74,104.57804,2
0xdff3d0ff4678293fc81f29c9b8f45537a27b4b5b,2026-04-13T14:27:19+00:00,2026-04-13T14:27:19+00:00,1,0,0,2.10526,0,1.9999970,1
0xe000e1dd06d3d17dc943dc9215a2e166efd5cbb1,2026-03-18T18:37:03+00:00,2026-04-24T10:40:14+00:00,10,389.990211,194.99,0,0,53.7886990013400422,9
0xe0045ff9358b92112bbaf80c3e7345dabfffcce7,2026-06-05T17:59:22+00:00,2026-06-05T17:59:22+00:00,1,2690.0,0,0,0,18.8300,1
0xe00aba5787113f48896ae822983b59b0621d8e76,2026-05-23T21:36:36+00:00,2026-05-23T21:36:36+00:00,1,83.333333,0,0,0,0.999998996000004,1
0xe013cd0c85a0a075eeb52dac28e6137444be6c26,2026-03-12T08:35:07+00:00,2026-03-12T22:14:45+00:00,3,0,0,190.17,190.17,258.6312,3
0xe017151f934f0c92d5fc373f2f4687d3a7dd829f,2026-05-02T07:33:58+00:00,2026-05-05T03:18:46+00:00,6,0,0,176.75,176.75,341.84307,6
0xe02371bafae1f8383d286360e0fe4a4bd1852c57,2026-04-30T09:51:30+00:00,2026-04-30T15:51:50+00:00,2,0,0,50.92,50.92,98.88664,2
0xe0287f4f2e20315254d21749f5c85553ebccaab7,2026-05-01T07:18:14+00:00,2026-05-07T07:09:01+00:00,4,0,0,35.92,35.92,69.58515,4
0xe02c5438dfb907d5ac4cbf3967b45d14e4ed5d08,2026-02-07T07:17:37+00:00,2026-02-22T09:28:00+00:00,2,5.0,0,5.0,0,4.050,2
0xe033e9d4a0e8b30c417f3f7abcb029bc695940a5,2026-04-13T09:57:31+00:00,2026-06-04T19:34:58+00:00,125,89988.990410,0,0,0,1886.84335000,124
0xe035c406601e8cf87079300140a22731cb17f675,2026-04-23T20:26:40+00:00,2026-04-23T20:26:40+00:00,1,20.0,0,0,0,1.000,1
0xe040ffe586e21cb49449e8daf19b1cdff87a824f,2026-04-16T06:21:34+00:00,2026-04-16T06:21:34+00:00,1,0,0,30.0,0,28.200,1
0xe0490f4b335d9a266f769c5c2765d1d3ec8ccf67,2026-05-15T15:26:47+00:00,2026-05-15T15:26:47+00:00,1,300.0,0,0,0,3.000,1
0xe052658d492d05a8e587a9c87ee508c67f1d5954,2026-05-01T16:05:58+00:00,2026-05-01T16:07:56+00:00,2,596.831468,0,0,0,19.9999989732619148,2
0xe055257f722f55eea5223e60d8996c15c6a58df9,2026-04-13T01:03:07+00:00,2026-04-28T14:56:42+00:00,38,4327.254456,4327.246313,0,0,427.6799359997089810,38
0xe063f75535526e65939284babfb340a907fd4de6,2026-05-25T14:19:48+00:00,2026-05-26T05:50:06+00:00,2,1416.289591,0,0,0,20.9999989710000003,2
0xe069d0d68bb556f8fe7f7229f17b5dbe6a833c17,2026-01-29T17:29:42+00:00,2026-02-17T02:57:57+00:00,24,0,17.0,169.993111,0,92.3962129999996988,21
0xe0720520b8fd9ad9d1738477878231af7661f446,2026-06-07T15:19:42+00:00,2026-06-07T15:19:42+00:00,1,7142.857142,0,0,0,49.9999992797142858,1
0xe0724afbe2199e01c79ecbf011120b4c238a45ab,2026-06-08T14:36:39+00:00,2026-06-08T14:36:43+00:00,2,0,0,11.96775,11.96,23.82007900,2
0xe0743f93ebcde07bc77918e233276335a339e618,2026-05-17T06:45:29+00:00,2026-05-17T17:54:36+00:00,2,0,0,95.46,95.46,189.48810,2
0xe075b12f508d73587f7c3d61abadc68614bb4bc8,2026-06-12T21:14:09+00:00,2026-06-12T21:14:09+00:00,1,250.0,0,0,0,1.0000,1
0xe07f664253230f8f2cf82cccfd5fdf486b84752d,2026-05-19T19:44:16+00:00,2026-05-19T19:44:16+00:00,1,0,0,3.185482,0,3.1599980000162136,1
0xe08691b2fa09bab4aea66b27ef39f9e5d298cd36,2026-03-18T23:06:25+00:00,2026-03-19T22:05:03+00:00,2,500.0,500.0,0,0,105.000,2
0xe08acde984e5e0c602112fbb9c86378b758003d3,2026-05-03T02:40:16+00:00,2026-05-03T02:41:44+00:00,2,0,0,45.17,45.17,86.95225,2
0xe0989c2688f97a526b8dbbb8c9ffab9c1952fa25,2026-06-14T08:42:52+00:00,2026-06-14T08:42:52+00:00,1,0,0,81.012,0,80.849976,1
0xe09c0d8c45932d4e6be4376024a03629953bf6d8,2026-06-07T12:45:52+00:00,2026-06-07T18:40:07+00:00,2,0,0,14.0,14.0,27.8460,2
0xe0a4e7a083c445bb53c8bbcbea212cfe08a3ce71,2026-06-16T23:55:17+00:00,2026-06-16T23:55:17+00:00,1,0,0,4.9795,0,4.9695410,1
0xe0a7279e947d42129cbbdf39c5db9167b2ec7344,2026-06-05T10:43:39+00:00,2026-06-05T10:43:39+00:00,1,666.666666,0,0,0,5.9999989940000010,1
0xe0aec04280b1e8f00f5f4ed513a8d52662604f65,2026-05-29T18:20:30+00:00,2026-05-29T18:20:30+00:00,1,91.666666,0,0,0,1.0999990020000072,1
0xe0cadec6bd14f9dcfd11de7f733940293c0f9579,2026-06-01T02:17:04+00:00,2026-06-02T02:23:49+00:00,2,0,0,868.49,868.49,1721.34718,2
0xe0d4cca042eb6100c13ba2ed9e8666b5a064e138,2026-06-16T23:55:28+00:00,2026-06-16T23:55:28+00:00,1,0,0,1.002,0,0.999996,1
0xe0d7273da34ebe3fbd5fef7fa0d1626b1e04f0ce,2026-06-06T05:01:40+00:00,2026-06-07T03:18:40+00:00,2,0,0,11.066333,11.06,22.0046349997867334,2
0xe0d841d4c3ff7453d72c95f52a7879d3addccd07,2026-05-03T18:44:16+00:00,2026-05-03T18:44:16+00:00,1,0,0,20.746886,0,19.999998000265570,1
0xe0e66b6187af336cf884464690f460d4d004736c,2026-06-07T13:21:06+00:00,2026-06-07T13:21:09+00:00,2,0,0,12.44221,12.44,24.745357999415156,2
0xe0e735ccb972ef5647fbf0f8d01b337b2734fed8,2026-05-21T21:47:09+00:00,2026-05-21T22:56:59+00:00,2,800.0,800.0,0,0,13.6000,2
0xe0f38b22f228aa2bb2170cbd04b6124713a2765c,2026-03-19T07:38:01+00:00,2026-04-15T19:13:32+00:00,2,83.612141,83.61,0,0,15.200498996411089,2
0xe0f479b0180d370f4636c95b0ea2089332991d8b,2026-06-09T18:02:06+00:00,2026-06-17T00:17:58+00:00,3,533.333333,200.0,0,0,2.399998999000001,3
0xe0ff06569cbe84a0e22783b6fd023228ac00e04a,2026-06-06T04:13:25+00:00,2026-06-17T18:00:41+00:00,4,0,0,364.0,364.00,725.33800,4
0xe1028f11b83f9e2e2c2f15663be65d7bda8d2311,2026-04-01T07:59:05+00:00,2026-04-01T07:59:05+00:00,1,333.333332,0,0,0,19.9999989866666704,1
0xe102ac9dfb966f2d226d05d22054e9d99ab026fb,2026-06-02T23:32:39+00:00,2026-06-02T23:32:39+00:00,1,100.0,0,0,0,1.000,1
0xe103c08bec33499d2a033576c5db7bf775666645,2026-03-22T20:08:37+00:00,2026-04-11T01:42:11+00:00,4,0,0,48.74,48.74,88.7060,4
0xe108f14526e6b22085f11f19f58e345613caa373,2026-06-01T02:18:49+00:00,2026-06-02T02:25:03+00:00,2,0,0,867.17,867.17,1719.227519957631,2
0xe11709069a9ba8d772483e024689b456d13fa9d0,2026-05-15T04:47:44+00:00,2026-06-05T17:05:51+00:00,3,0,0,200.0,100.0,296.5000,3
0xe1173c89e54a444c355f928031aadbbc0bdfb4e7,2026-05-13T04:21:29+00:00,2026-05-23T05:03:18+00:00,2,1950.0,0,0,0,19.9200,2
0xe11d69980fdf6cbfef3ff921b474ed555e87e235,2026-05-03T04:16:52+00:00,2026-05-10T10:03:42+00:00,5,0,0,46.632793,46.63,90.2194820017397969,5
0xe134e01528615ea849075cb4dc88d937ef609064,2026-06-07T09:54:45+00:00,2026-06-07T09:54:45+00:00,1,0,0,30.0,0,29.8800,1
0xe138d6007fe928585c25a9cf454f4ea774f2f8de,2026-05-01T16:40:40+00:00,2026-05-07T07:54:20+00:00,6,124.92,124.91,0,0,8.16482,6
0xe1492eee063a198486225c227fdfe4ef0b0cf3b3,2026-05-10T01:43:05+00:00,2026-06-10T08:49:28+00:00,2,187.5,0,9.709,0,12.679873,2
0xe15392f8ade7093defaf6b0846284f8ed5abd7bf,2026-05-22T01:24:30+00:00,2026-05-22T03:52:26+00:00,2,0,0,250.0,250.0,495.7500,2
0xe154165732b79548f7533fc45168b102dd7a0b7f,2026-03-30T18:12:47+00:00,2026-06-06T19:20:58+00:00,43,9091.96704,9091.96,0,0,540.87769900,43
0xe15bb86a33eddf80633a99130da66f737fd4ac5f,2026-06-15T08:30:58+00:00,2026-06-15T08:30:58+00:00,1,6666.666666,0,0,0,19.9999993313333334,1
0xe168709c34b47c9ac876342ea6bd62a045aeba01,2026-05-29T11:52:34+00:00,2026-05-29T14:15:36+00:00,2,0,0,22.0,22.0,43.4500,2
0xe168a26d188430627689613a8ab02e54ac995290,2026-03-03T07:49:01+00:00,2026-03-03T10:09:19+00:00,2,5.0,5.0,0,0,3.400,2
0xe1699105ba93cb737bf60a2e88117a4ac9e3d7af,2026-03-15T23:14:49+00:00,2026-03-24T04:39:13+00:00,2,1200.0,0,0,0,228.000,2
0xe17a354f118de43a6eea0a8e88bedcab5d63176c,2026-05-23T06:43:45+00:00,2026-05-23T06:43:45+00:00,1,111.111111,0,0,0,0.999998999000001,1
0xe181cb26477131a07b5928825333b9a9d7bd9135,2026-06-15T04:36:31+00:00,2026-06-17T18:00:41+00:00,2,0,0,48.096,48.09,96.041718,2
0xe18327fffc58a236a7f34af721ac848fa091835d,2026-05-05T12:55:20+00:00,2026-05-06T01:35:46+00:00,2,0,0,52.82,52.82,102.78772,2
0xe1854aedcf68e568a6f104edf07f0a6a9559de06,2026-06-14T06:26:24+00:00,2026-06-14T06:26:24+00:00,1,1266.666666,0,0,0,3.7999989846666672,1
0xe1861b4ffd5e7a329b46d2afdac9882fd266c040,2026-03-06T09:12:55+00:00,2026-03-06T19:25:29+00:00,2,34.482757,34.48,0,0,21.3783989989655422,2
0xe18691e8c30e7171dcbd599073a2c3fc583971ea,2026-05-27T08:06:34+00:00,2026-05-27T08:06:34+00:00,1,0,0,1.5228,0,1.4999580,1
0xe18839ddc5461fe6625faa6a9698eff85e7ea901,2026-01-29T07:06:18+00:00,2026-01-30T03:34:48+00:00,2,74.666665,74.66,0,0,74.8103990025928585,2
0xe18962a42e02b81fa7d2d0830acfe5dc189113fb,2026-05-04T14:18:18+00:00,2026-05-04T14:18:18+00:00,1,0,0,150.0,0,145.0500,1
0xe193a595ddb04817a571bf973965601cb7f54458,2026-02-04T12:30:48+00:00,2026-02-04T12:30:48+00:00,1,1054.094422,0,0,0,499.9999989964974384,1
0xe196f409e71330371e9b9b7a4e09596ac04a0ab5,2026-01-30T17:00:50+00:00,2026-03-06T22:10:49+00:00,5,461.84,0,0,0,150.649899998868,5
0xe19ad531e4d3ad23c5cec19d63ce222243ac425b,2026-06-11T15:17:42+00:00,2026-06-14T01:15:01+00:00,2,0,0,89.178,89.17,177.902134,2
0xe19cc505ab4e265adad9ba995d410523a1d87ec4,2026-03-05T02:07:07+00:00,2026-06-09T07:01:25+00:00,2,107.12,107.12,0,0,30.42208,2
0xe1a8cb4222598207fd8ed2e232dfda6b2e9d85bc,2026-04-30T14:04:00+00:00,2026-04-30T14:04:00+00:00,1,33.333332,0,0,0,0.9999990000000384,1
0xe1a95ebd3e2adbff235daafaa467db1ca46c59d3,2026-05-04T00:02:06+00:00,2026-05-04T00:02:06+00:00,1,27.027027,0,0,0,0.999998999000001,1
0xe1b1bc25f4a99f5c126b3b88516cb87c5669b9c6,2026-06-02T04:51:33+00:00,2026-06-02T04:51:33+00:00,1,277.777777,0,0,0,2.4999989930000028,1
0xe1b537a593c8115c327ce07e7b7f4560f5b620ac,2026-04-30T01:06:36+00:00,2026-06-16T14:10:44+00:00,2101,0,0,41251.262171,41251.253124,81507.5620480028857167,2100
0xe1b600124b938e65366597340acad96e5fb1614f,2026-05-07T23:03:40+00:00,2026-05-07T23:03:40+00:00,1,100.0,0,0,0,3.000,1
0xe1be45fe7c304c26cf846766eb51447c65ae9ee6,2026-04-03T14:43:31+00:00,2026-06-11T15:04:48+00:00,6,0,0,1228.23,1228.23,2431.90369,6
0xe1bf12b3317494da0d33acc95fb4aea96cd1c3ca,2026-06-04T10:41:03+00:00,2026-06-04T10:41:03+00:00,1,125.0,0,0,0,1.0000,1
0xe1c4a5bbc350d30ed4aa7463a6e67f09dac756ae,2026-06-07T18:22:25+00:00,2026-06-07T18:22:30+00:00,2,0,0,11.8994,11.89,23.6585630,2
0xe1ce0205fedbf3bc4a975627af91472449ee17c7,2026-05-27T08:24:41+00:00,2026-05-27T08:24:41+00:00,1,0,0,1.0152,0,0.9999720,1
0xe1d2f456a0bc188cb67615395a3e9a153a8e0ecf,2026-04-13T17:37:49+00:00,2026-04-15T11:45:54+00:00,4,10.0,20.0,0,0,1.500,4
0xe1e2e3f939c4b05347a2193694323ff4cd0f69fa,2026-06-16T23:55:19+00:00,2026-06-16T23:55:19+00:00,1,0,0,4.669,0,4.659662,1
0xe1eb5945b7992da9db2695018bd21cf3b299583f,2026-04-19T10:20:12+00:00,2026-04-25T11:10:08+00:00,2,332.4,332.4,0,0,32.61957001512,2
0xe1f43a22f7e36199a06482572e48ac4da2dc972b,2026-05-15T03:17:19+00:00,2026-05-15T06:27:47+00:00,2,0,0,7.092153,7.09,14.0048749996525552,2
0xe1ffc582c6afd38a776b9d0d61b44bc7799da963,2026-05-14T18:39:44+00:00,2026-05-15T14:30:55+00:00,3,404.761904,404.76,0,0,9.6428379961428641,3
0xe205f223a15c0a6ee84d709fc71c815aed22daa2,2026-04-23T16:39:08+00:00,2026-04-23T16:39:08+00:00,1,19.607843,0,0,0,1.0000000008431372,1
0xe20bd4624d3191e6651826a4154fcb3348793217,2026-06-17T04:11:38+00:00,2026-06-17T18:00:41+00:00,2,0,0,8510.0,8510.0,16994.4700,2
0xe228f29215f2a0e9b5a5f57a0974063e23401f4c,2026-04-15T23:25:28+00:00,2026-06-16T23:50:41+00:00,116,563047.978907,477821.31,0,0,9229.4430574118819973,116
0xe243070d11670abc32aac7125cb7abaf39a279f7,2026-04-19T23:05:08+00:00,2026-04-28T07:34:20+00:00,39,498.02,498.017776,0,0,44.4753489998889488,39
0xe244d0aa84fda0d95b2f0e3c5dee67de00024c4b,2026-05-20T01:50:59+00:00,2026-05-20T01:50:59+00:00,1,222.222221,0,0,0,1.999999989,1
0xe25c1e5d08e4841051e9e1af9c9678b51e7df888,2026-04-09T06:48:01+00:00,2026-04-11T06:12:07+00:00,2,11.11111,11.11,0,0,1.77769900000009,2
0xe2666a4409e027710a52c66ba4f24b2b2c0f2a74,2026-05-14T08:16:58+00:00,2026-06-05T12:17:58+00:00,3,0,0,200.0,100.0,296.5000,3
0xe2684a06110d756ee0348830ad7530e07d8d6718,2026-04-27T10:01:20+00:00,2026-04-27T10:01:20+00:00,1,22.727271,0,0,0,0.9999989990000703,1
0xe26d028ccef5fdb5b4d84d8913f20f9f0df5e809,2026-05-17T05:32:18+00:00,2026-05-17T05:59:29+00:00,2,0,0,1095.4772,1095.47,2178.8969940,2
0xe2837a317fddd3fb82caffa1db15d151fc4b265b,2026-05-28T22:52:09+00:00,2026-06-11T01:42:00+00:00,2,2916.666666,0,0,0,19.9999989980000004,2
0xe283c74d4942536c57033d0bbae3e1daf8f18477,2026-05-04T20:28:04+00:00,2026-05-05T04:31:48+00:00,2,0,0,66.69,66.69,130.37895,2
0xe2843ebdbb29ac62062bb19df6719198c04e9364,2026-04-16T00:43:22+00:00,2026-04-16T00:43:30+00:00,2,0,0,16.6354,16.63,31.768484,2
0xe28c7152f2c4275c3b3c15b023f56221f9593476,2026-06-08T17:00:48+00:00,2026-06-08T17:00:48+00:00,1,0,0,9.1265,0,9.0899940,1
0xe28ed06245dfe36b610d887b8a18912ad4c7231d,2026-05-15T15:00:32+00:00,2026-05-15T15:00:32+00:00,1,0,0,5.045333,0,4.9999249999728002,1
0xe28feccdb51543d833715b6e45d1d0e293d76a3d,2026-02-22T12:51:56+00:00,2026-02-26T07:47:40+00:00,5,612.0,13.0,0,0,279.250,5
0xe29b404ff13c5eaff13b514241f399e787823963,2026-05-02T21:21:08+00:00,2026-05-03T04:24:32+00:00,2,0,0,43.44,43.44,83.53512,2
0xe2a0d8abc7c0f0c067d9a6fda551c53b9fbe4230,2026-05-17T00:20:41+00:00,2026-05-17T00:22:33+00:00,2,400.0,0,0,0,2.8000,2
0xe2a267fb0f34a4812759dc5a519016514001f1f7,2026-05-04T22:14:04+00:00,2026-05-04T22:14:04+00:00,1,200.0,0,0,0,5.0000,1
0xe2b5fd0ea94c2d745508883f99096d80ffb6fc1a,2026-03-31T19:25:51+00:00,2026-03-31T19:25:51+00:00,1,0,0,1.05262,0,0.9999890,1
0xe2bb04d6d12a4e188379c13394099124bf40a4a0,2026-06-03T01:36:16+00:00,2026-06-16T21:19:34+00:00,2,111.111111,111.11,0,0,1.222218999000001,2
0xe2c050916a0383e4d785a9e2ae549343464b89e6,2026-05-01T17:02:42+00:00,2026-05-01T17:02:42+00:00,1,50.526314,0,0,0,1.9199990023158224,1
0xe2c584af387f536b7c1b2e8c6e2d3facb4aec0bb,2026-02-01T17:21:30+00:00,2026-02-11T15:36:07+00:00,2,11.226414,11.22,0,0,11.6721990001321164,2
0xe2e6ed48785fa705a734ddef13633d8165c1af8f,2026-05-15T02:04:26+00:00,2026-06-05T14:49:06+00:00,3,0,0,200.0,100.0,296.7000,3
0xe2f0085a5c2b4d010877b65ad7baddf25adce15a,2026-05-24T11:41:18+00:00,2026-05-24T11:41:18+00:00,1,97.715453,0,0,0,1.0000000022780427,1
0xe302386af696af12e83069fce873504538cafc55,2026-04-21T12:50:10+00:00,2026-04-21T19:40:46+00:00,10,2111.444443,0,0,0,91.9999989916417176,10
0xe30ba9cf64c4137a497f2abfdb00c62e31b3e7c4,2026-05-01T08:47:16+00:00,2026-05-01T09:03:54+00:00,2,0,0,111.771344,111.77,216.9468750016457312,2
0xe3164027a2be859579fcd84fce34513f0bc9bcf9,2026-06-13T10:49:46+00:00,2026-06-13T10:49:46+00:00,1,0,0,140.75,0,140.46850,1
0xe316f354517f14344aaac402e1366323bbc71766,2026-02-26T18:14:20+00:00,2026-06-15T08:45:48+00:00,6,0,0,18.426636,18.42,30.6263149999004882,6
0xe326b983aaccd12f3cdcc982a4943faf2900446a,2026-05-17T16:10:41+00:00,2026-05-18T04:39:18+00:00,2,0,0,118.93,118.93,235.48140,2
0xe3322b9e04d516995629546314e824e026e176ff,2026-04-13T01:54:59+00:00,2026-04-13T01:54:59+00:00,1,166.666665,0,0,0,9.9999990000000090,1
0xe339198f63903c803e8c2c8ab7a17f5c724aa166,2026-05-12T13:22:15+00:00,2026-05-12T13:22:15+00:00,1,555.0,0,0,0,8.3250,1
0xe33b0b080e8c6ad0bdf3c8f4d471d5029f946de8,2026-02-15T17:31:45+00:00,2026-02-15T19:49:25+00:00,3,0,0,7.137251,7.0,6.9972530000941126,3
0xe33b6eab4166b5dec37142be297d5d6cb8a324d5,2026-06-17T13:20:08+00:00,2026-06-17T13:20:08+00:00,1,0,0,64.0,0,63.8720,1
0xe3479950ef6e8984df109ec5c9be40630f9fb438,2026-01-31T09:00:24+00:00,2026-04-21T19:40:36+00:00,52,0,0,3643.0,0,3088.25460000080,52
0xe350017f50028ff1bb6c871f57b31d17651f1d18,2026-05-06T06:34:36+00:00,2026-05-06T06:34:36+00:00,1,68.965517,0,0,0,1.9999989998965552,1
0xe355ea39b8ff4dc5868d5d434de6706f9a1a3bfb,2026-04-15T11:22:46+00:00,2026-04-15T11:22:46+00:00,1,166.666665,0,0,0,9.9999990000000090,1
0xe35b3e181ce4ac3c3dd94f64fa9141ad70f5436e,2026-06-17T07:05:29+00:00,2026-06-17T07:05:29+00:00,1,1666.666666,0,0,0,4.9999989980000004,1
0xe35e04c9761b9ba34bd62c015a95024d9d37a52f,2026-05-25T19:46:28+00:00,2026-05-25T19:46:28+00:00,1,1428.571427,0,0,0,19.999999978,1
0xe369d106075762ae11c4caeea00ca87fad570515,2026-05-02T18:13:30+00:00,2026-05-19T18:36:15+00:00,2,25.641024,25.64,0,0,1.2051190001026240,2
0xe36a6a2709dc72475d431e1bb33547a0a26e671d,2026-05-19T10:17:04+00:00,2026-05-24T11:10:51+00:00,17,0,0,18.229742,18.21,36.1127330002312549,17
0xe36c0b03b7d1df0c084ebacad612727e33c3a05b,2026-04-30T06:49:30+00:00,2026-04-30T14:50:28+00:00,2,0,0,25.2,25.2,49.0140,2
0xe3726a1b9c6ba2f06585d1c9e01d00afaedaeb38,2026-02-11T12:43:45+00:00,2026-06-09T16:43:06+00:00,489,0,61107.990680,0,0,4449.2278720074168132,478
0xe37e55be42fa01b68116852d2af981007bd19de0,2026-06-02T19:11:18+00:00,2026-06-02T19:11:18+00:00,1,149.0,0,0,0,1.490,1
0xe38338a6066dc6f86a21ef89739346406f51b39d,2026-06-01T07:06:29+00:00,2026-06-01T07:06:29+00:00,1,111.111111,0,0,0,0.999998999000001,1
0xe3850ec8daef3bda9a02d3314f37a8333e18b0c4,2026-05-11T12:02:34+00:00,2026-06-16T18:26:23+00:00,1091,0,0,13611.152895,13611.148537,26994.9792940001973741,1090
0xe38c6963c0f1a6dbf9b23dd3a7265cc1d8681ee8,2026-05-30T08:27:53+00:00,2026-06-02T14:55:20+00:00,2,125.0,125.0,0,0,2.1250,2
0xe3973a78f90868528e0f3a7d8065330566a17a7e,2026-05-10T16:27:20+00:00,2026-05-21T15:53:58+00:00,2,600.0,600.0,0,0,17.4000,2
0xe39b6f58125c363c3d7b1b2eb469d3f7af820d5f,2026-06-07T09:53:19+00:00,2026-06-07T09:53:19+00:00,1,0,0,30.0,0,29.8800,1
0xe39d73960576800ce56756a599c79e576e59b2fd,2026-06-17T10:32:43+00:00,2026-06-17T10:32:43+00:00,1,0,0,45.2705,0,45.1799590,1
0xe3ad53140d67f37f561d47dc80dbe7b8166c8487,2026-05-17T16:10:41+00:00,2026-05-18T03:38:24+00:00,2,0,0,80.76,80.76,159.82404,2
0xe3b1e226e9e0511959797a71d3324749cf369a06,2026-06-05T12:06:37+00:00,2026-06-06T19:03:09+00:00,8,7000.00,7000.0,0,0,112.00000,8
0xe3c6bfde2d276d961f195f96c3709cd2ca574770,2026-06-16T23:55:28+00:00,2026-06-16T23:55:28+00:00,1,0,0,4.7595,0,4.7499810,1
0xe3cf1268583abb630d6101509ecd0afb223497aa,2026-06-16T11:05:45+00:00,2026-06-16T11:05:45+00:00,1,0,0,66.0,0,65.7360,1
0xe3cf47ec60b21c79416ce1ffd58fd7e5959acd6c,2026-02-05T09:24:27+00:00,2026-02-14T14:07:03+00:00,5,100.0,100.0,0,0,100.452000,5
0xe3cfb831bbb62cf5ec0bd545415f57831a5869b3,2026-05-11T00:21:19+00:00,2026-05-11T00:21:37+00:00,3,50.00,50.0,0,0,2.0000,3
0xe3d176f5eb48cd7c370236020cb6baee37a4d312,2026-04-28T04:19:00+00:00,2026-05-21T02:38:01+00:00,2,500.0,500.0,0,0,24.0000,2
0xe3d75756b0cd5f918f57f3a488f8883ca50cf102,2026-06-04T11:44:01+00:00,2026-06-04T11:44:01+00:00,1,125.0,0,0,0,1.0000,1
0xe3db83b6f6cb8bdb07e685ced661bcdad9d52595,2026-06-09T10:55:21+00:00,2026-06-09T10:56:25+00:00,2,400.0,0,0,0,2.0000,2
0xe3e085d584be6cc4f17282b65d52cf5657064c3f,2026-05-06T00:08:10+00:00,2026-05-08T00:34:02+00:00,10,0,0,281.25,281.25,544.59677,10
0xe3ebb88dcef510eb6082dfdd54934fde7241443c,2026-02-19T11:37:12+00:00,2026-03-30T15:46:17+00:00,31,65.539209,65.53,18.414816,0,38.3087229996043645,31
0xe3f0a0e9f6ddaa9ab041999dee170e874c406c6b,2026-06-16T10:19:25+00:00,2026-06-16T10:19:25+00:00,1,0,0,98.0,0,97.6080,1
0xe3f210cc8b3fa3c1eb7f679044deb83c56b3afab,2026-06-16T16:02:50+00:00,2026-06-17T07:09:55+00:00,2,0,0,107.12,107.12,213.59728,2
0xe40240cf93137a3fa199ad897fb87db8cc88b2f9,2026-06-14T09:11:22+00:00,2026-06-14T09:11:22+00:00,1,0,0,1.002,0,0.999996,1
0xe41025beab828426cc6816f46b926a8f34c93a87,2026-05-04T01:00:00+00:00,2026-05-04T06:04:26+00:00,2,0,0,69.32,69.31,133.57001,2
0xe4128e6d3b1ece19b4c416586999d6f7c9519f0c,2026-05-14T15:12:18+00:00,2026-05-14T15:12:18+00:00,1,0,0,10.0,0,9.8600,1
0xe41a495275808bdbfdf3dd524ce9a67743b0f103,2026-05-27T08:05:58+00:00,2026-05-27T08:05:58+00:00,1,0,0,1.0152,0,0.9999720,1
0xe439dad9c3b3cd7cb9feee522895ac9c0cfd923a,2026-05-14T03:09:17+00:00,2026-05-14T11:14:19+00:00,2,100.0,100.0,0,0,2.7000,2
0xe43ad8d6afc515036014ebed7b60a20a776e9c1f,2026-03-20T09:58:31+00:00,2026-03-31T17:01:45+00:00,2,8.333332,8.33,0,0,1.4164990000001344,2
0xe43f4fe23fb4ea9e33833daebf68784fdb92f290,2026-05-17T23:35:23+00:00,2026-05-18T13:45:14+00:00,2,0,0,49.49,49.49,97.9902,2
0xe442b6dbfcfbd37ad6e27292f57a0c1908f497f7,2026-04-22T10:51:40+00:00,2026-05-14T08:34:52+00:00,4,0,0,32.253062,32.25,62.0450159991442597,4
0xe44481b8fbe5fadf8a5d87826c9747662dc1b042,2026-05-05T12:55:20+00:00,2026-05-17T20:47:07+00:00,4,0,0,174.5,174.5,342.7664,4
0xe4482b293bd87ef0faa5099ecd1e70d4ef30bedd,2026-05-09T17:38:20+00:00,2026-05-09T17:38:20+00:00,1,176.470588,0,0,0,2.9999990077647072,1
0xe44c2693a46bea9be5f1e4035315af38866295cd,2026-06-17T17:17:50+00:00,2026-06-17T17:18:50+00:00,2,666.666666,0,0,0,1.999997998000002,2
0xe451a47f3813ca0680c655d590c3f0b07aa1c811,2026-05-09T19:14:49+00:00,2026-05-11T05:41:24+00:00,3,0,0,2.052842,2.05,4.0269460000090376,3
0xe4539c7b5f89574710dfcac65551cbcd41b7b05d,2026-03-06T20:28:27+00:00,2026-03-16T16:20:13+00:00,4,60.0,60.00,0,0,38.2381,4
0xe453b18e3ab8e5887f472b8d526504c18ddc57b2,2026-05-15T08:23:32+00:00,2026-06-05T18:00:57+00:00,3,0,0,200.0,100.0,296.6000,3
0xe45a6f1c7255ef87f6180823f72a5e6d96cdeac1,2026-06-16T10:23:12+00:00,2026-06-16T10:23:12+00:00,1,0,0,37.22,0,37.03390,1
0xe467463809d651fd88a44052785458f57aeb1397,2026-06-15T18:58:36+00:00,2026-06-17T20:02:22+00:00,2,0,0,1135.406,1135.4,2266.264382,2
0xe468480ea4452ad9ebe01498ae749d64f45cde6d,2026-05-11T04:40:12+00:00,2026-05-11T11:43:35+00:00,2,0,0,23.38,23.38,45.8248,2
0xe472ce6be1fb4673d6155de37e414ead8bace7eb,2026-06-15T14:38:37+00:00,2026-06-17T18:08:34+00:00,72,18775.0,0,35000.00,0,34889.58000,70
0xe4799dfd574f63c4e14068fdae62a3b3451fbc22,2026-06-02T11:44:59+00:00,2026-06-02T11:44:59+00:00,1,0,0,1.039333,0,1.0299789999859343,1
0xe4814373bd20f2c590ef162ee484fd301bd787d0,2026-06-16T18:01:40+00:00,2026-06-17T04:59:23+00:00,2,0,0,93.98,93.98,187.49010,2
0xe4944ca6e5d6edf73b12ff551ad440e25749d17e,2026-06-03T17:39:03+00:00,2026-06-03T19:45:07+00:00,2,0,0,42.59,42.59,84.45597,2
0xe494816a5c94c04ebc822ea15552f5c48cd5a469,2026-06-11T12:43:01+00:00,2026-06-11T12:43:01+00:00,1,0,0,1.002,0,0.999996,1
0xe494a0aff780c2aed0533b4df979d3f580a49a96,2026-04-11T05:49:05+00:00,2026-04-13T17:01:05+00:00,2,200.0,200.0,0,0,22.000,2
0xe4ad686ea808c45135177d73cb8fe18b8f520603,2026-05-04T17:31:50+00:00,2026-05-04T17:31:50+00:00,1,1250.0,0,0,0,30.0000,1
0xe4b40d75a8aec9c5198564df662dbaf51dba874d,2026-04-30T01:06:36+00:00,2026-06-17T05:22:01+00:00,1961,0,0,31019.926728,31019.924901,61397.0978179969208914,1961
0xe4ca3841ade21e05cbd5786dd5feea5d65c01383,2026-02-11T14:11:07+00:00,2026-04-21T14:31:26+00:00,54,560.47428,560.460927,147.21,147.202650,454.6814579997723154,47
0xe4cf813ff28b33495cec7bb7c8b4322b7850279a,2026-04-30T19:42:10+00:00,2026-05-01T06:49:30+00:00,2,28.0,28.0,0,0,1.7640,2
0xe4cfbb89c05d3429280c69969aee2cfb7a4678c4,2025-12-11T21:18:41+00:00,2026-03-30T21:23:43+00:00,27,0,0,983.581605,4.29,672.1028769801417086,27
0xe4cfee4e0e995200b032d8f21c55804cb77ac9ea,2026-05-06T05:57:46+00:00,2026-05-12T10:28:14+00:00,2,0,0,65.05,65.05,126.78245,2
0xe4d11693d862ffcd9e9cbd61ef68155da1b73fcb,2026-05-31T02:26:37+00:00,2026-06-11T15:04:48+00:00,2,0,0,570.0,570.0,1133.1600,2
0xe4d30bc37f99956828dcda67c982dbf43839edb6,2026-02-25T15:58:00+00:00,2026-03-22T22:22:17+00:00,3,29.88936,29.0,0,0,16.789999000742432,3
0xe4d7b0fb1db4ff0487874578ac730d214a0600d1,2026-06-17T14:43:26+00:00,2026-06-17T14:43:26+00:00,1,3133.333332,0,0,0,9.399999996,1
0xe4deb9a815fc26d82730aa3a7d9296265911aaff,2026-06-16T10:23:12+00:00,2026-06-16T21:42:16+00:00,2,0,0,48.84,48.84,97.28928,2
0xe4e50c00913f4dd01d16b28a2cbac2079832ef73,2026-06-15T03:23:21+00:00,2026-06-15T16:01:57+00:00,25,0,1300.0,0,0,2.6500,25
0xe4f24d3db558aa1b6a660fcb5e259f36d696df93,2026-06-09T05:53:30+00:00,2026-06-11T02:03:10+00:00,2,0,0,46.1845,46.18,92.0412220,2
0xe4f8b2bff41725bc4a61e0eda092a29f3376b2cc,2026-05-20T15:47:25+00:00,2026-06-17T18:00:41+00:00,47,0,0,450.41,450.40,892.55364,42
0xe4feefd2f55a46df2b560b9cc307d2c0de546ad7,2026-05-01T14:26:56+00:00,2026-05-01T18:30:36+00:00,3,0,0,24.25,24.25,46.75400,3
0xe4ff8a61396932ad480bdd720f677b66eaaa85ba,2026-04-30T01:06:36+00:00,2026-06-16T18:26:23+00:00,2031,0,0,26180.837016,26180.833716,51753.1891410002858307,2024
0xe5032558f335bfdb3e5992328de6713ea445badf,2026-03-24T17:09:17+00:00,2026-03-24T17:17:27+00:00,2,0,0,12.5,12.5,23.000,2
0xe5147e0028709dbacccbf2a9f14bb90632ab618c,2026-05-10T00:59:08+00:00,2026-06-11T14:26:45+00:00,2,187.5,0,10.020039,0,12.999998000156412,2
0xe5157a66729f362adbea1afc30dcb6e095803e99,2026-05-14T23:42:02+00:00,2026-05-14T23:42:02+00:00,1,100.0,0,0,0,1.4000,1
0xe51d3385ced6d5b32dad3b5262410e8285d46eb7,2026-04-21T12:21:36+00:00,2026-04-21T14:03:12+00:00,2,0,0,157.07,157.07,300.048700005255,2
0xe51f35c39907fe129514e0bc0eec6e7696473b96,2026-03-15T19:04:03+00:00,2026-03-23T09:34:55+00:00,84,0,0,1051.99,0,883.841,84
0xe5212a0fa294c913b3edc708dc779adc37107fa1,2026-06-16T16:42:41+00:00,2026-06-16T16:42:41+00:00,1,500.0,0,0,0,2.0000,1
0xe521d1740c8753b153cc58ed04238ce8cc1e25d4,2026-02-26T10:49:24+00:00,2026-06-01T11:47:58+00:00,2,22.727271,22.72,0,0,10.1817589990909274,2
0xe534f5a0408251ab5f051862c06ab007ef1e3c13,2026-04-30T14:35:48+00:00,2026-05-03T18:39:04+00:00,3,0,0,2.059724,2.05,3.9741420000865244,3
0xe53841fbefefc0678b6b50fa45e63b10468c62f6,2026-06-02T02:44:53+00:00,2026-06-02T14:26:57+00:00,2,1856.666666,1856.66,0,0,33.4199390656666670,2
0xe53a30eccc0e938e8b745880beb214933af7c045,2026-06-11T09:25:28+00:00,2026-06-11T09:25:28+00:00,1,400.0,0,0,0,1.2000,1
0xe54308bbaf490d86d4721ccb99e553e8228a50a1,2026-05-01T09:20:44+00:00,2026-05-01T16:20:58+00:00,2,0,0,63.38,63.38,122.83044,2
0xe547f012e9779a9ee456612b7a9312f20acc654c,2026-05-17T03:37:15+00:00,2026-05-17T05:20:26+00:00,2,0,0,1325.0,1325.0,2634.1000,2
0xe54fb819b3932a89fceab1609c1a2d2172af6b5f,2026-04-30T05:25:04+00:00,2026-06-17T18:00:41+00:00,239,0,0,8488.834832,8488.831952,16771.6561489969408745,208
0xe5508f49a020e35403fc22769d5f8eeb07f28c73,2026-05-11T03:01:14+00:00,2026-05-11T04:53:21+00:00,2,0,0,21.67,21.67,42.42986,2
0xe5551888079468751f78b20c453a8c21cf79d90b,2026-05-04T02:48:00+00:00,2026-05-04T02:48:00+00:00,1,0,0,4.979252,0,4.7999979998674272,1
0xe55f0cbc961144dea6109e6d4c6d4f26656511a4,2026-04-30T05:22:52+00:00,2026-06-17T18:00:41+00:00,106,0,0,3712.093332,3712.090079,7306.3446710006162863,94
0xe564d9e0b5b34a06d4a204cfbec479f37a2e1e80,2026-05-15T06:36:56+00:00,2026-05-21T11:13:02+00:00,8,3503.246750,3503.24,0,0,72.0323980471168845,8
0xe56564946389a32e217a40dea3826b135f6a391e,2026-04-30T08:45:44+00:00,2026-04-30T16:52:54+00:00,2,0,0,64.43,64.43,125.05863,2
0xe56fc57882449cebba11afce0c8783d45b556130,2026-05-14T15:14:59+00:00,2026-05-15T02:05:01+00:00,2,0,0,106.59,106.59,210.08889,2
0xe57ae69943bc3d341e2a726aae3946a3149ade6b,2026-06-15T03:57:40+00:00,2026-06-15T03:57:40+00:00,1,3333.333333,0,0,0,9.9999989990000001,1
0xe57b2e7f0bf07b4e51e5c6d29f35f7df10bebe4e,2026-05-13T05:20:10+00:00,2026-06-04T06:05:22+00:00,3,0,0,200.0,100.0,296.6000,3
0xe57f7d6aac8b7f4ced72f20865408d24cbc26147,2026-04-30T14:36:52+00:00,2026-04-30T14:36:52+00:00,1,200.0,0,0,0,5.8000,1
0xe582686912e8f492b6bccd4f1e337fc32ec9ae44,2026-05-19T08:51:49+00:00,2026-05-19T08:51:49+00:00,1,555.555555,0,0,0,4.9999989950000010,1
0xe58c43aa8d03db523da5125df2ae42bd45d98c03,2026-05-02T02:31:10+00:00,2026-05-07T05:11:48+00:00,4,0,0,109.77,109.77,211.60111,4
0xe592378a68a49d82ae0e1731d87fb00e767e580d,2026-04-30T18:58:20+00:00,2026-05-02T22:45:38+00:00,5,495.296162,495.29,0,0,38.2728370038477237,5
0xe595a7c980beafac6623cb209dbd7ccdccde5fe1,2026-06-14T08:27:43+00:00,2026-06-14T14:44:15+00:00,2,0,0,19.038,19.03,37.972834,2
0xe59fd63f98ef5bc3cfbaacf11541cf2afcfee818,2026-06-03T18:18:39+00:00,2026-06-11T20:29:21+00:00,54,14499.961625,14499.96,0,0,214.956453000,54
0xe5b611baff8dcef484739050ea7ca7fb27a448ca,2026-03-19T08:01:33+00:00,2026-03-19T08:01:33+00:00,1,38.461537,0,0,0,4.9999989984615693,1
0xe5b79d0b4c4f8f90ac9607b796c39cb8d83afd0e,2026-05-06T00:05:34+00:00,2026-05-06T00:05:34+00:00,1,206.89655,0,0,0,5.999998998275870,1
0xe5c3312778e197de96071788049626fe285fd310,2026-05-20T17:12:53+00:00,2026-06-09T19:23:25+00:00,7,0,0,2666.0,2666.00,5289.3440,7
0xe5ce1a65c210e08d3ffbd94e28a61911700c7f3f,2026-03-18T21:23:07+00:00,2026-05-02T07:26:28+00:00,157,0,0,6869.297664,6869.287734,12971.2754609984773403,143
0xe5cec4bf45a05fdc4c395a24644fc52ed9097dad,2026-04-30T14:51:14+00:00,2026-04-30T17:06:38+00:00,2,454.654375,0,0,0,14.7799979991751280,2
0xe5d14b2a08b4bf2368534f2988c1396bb77c3135,2026-05-14T07:40:16+00:00,2026-05-14T07:40:20+00:00,2,0,0,10.131692,10.13,19.9881599999473232,2
0xe5d76570b606399afdf0c09cff6c15b09e75887d,2026-03-12T21:17:21+00:00,2026-03-22T23:01:27+00:00,2,10.0,10.0,0,0,4.00,2
0xe5e9f90f89db51ea8925ef5133f6dcc5c78234dc,2026-02-01T13:45:46+00:00,2026-03-01T06:18:55+00:00,2,91.35839,91.35,0,0,94.447998002656437,2
0xe5eeb6d5678e776343428092f018cf1c3b94f710,2026-06-08T17:50:55+00:00,2026-06-08T17:50:55+00:00,1,200.0,0,0,0,1.0000,1
0xe5f737d6b597ad3f3a8f73d0c6201320932a6f09,2026-04-17T20:00:22+00:00,2026-05-14T19:35:12+00:00,7,11184.897555,11184.89,0,0,785.4035669766908277,7
0xe5fc2da91a72005536f757113bee568719ce390e,2026-05-02T14:26:32+00:00,2026-05-02T14:26:32+00:00,1,25.0,0,0,0,1.000,1
0xe607e3765c13ac53653e29f1d87dd78a6c2191fc,2026-04-30T14:57:28+00:00,2026-06-02T08:34:51+00:00,5,509.254724,509.25,0,0,31.2437479904749866,5
0xe60f68e5f8c79a0cd822f3263a9b5f8962fe02db,2026-06-17T17:57:20+00:00,2026-06-17T17:57:20+00:00,1,5000.0,0,0,0,15.0000,1
0xe621721da637fa5c06afb0b84705b6d6d99c30f3,2026-01-23T02:05:06+00:00,2026-06-09T07:55:25+00:00,3,386.55,386.55,0,0,186.972599987931,3
0xe624a79c8d5680258c5615ee1489662536b15280,2026-05-13T08:25:52+00:00,2026-06-05T06:21:06+00:00,4,0,0,200.00,100.0,296.50000,4
0xe6374f46c25133ce88ac7ddc4c0e35308aaafb20,2026-04-30T06:44:02+00:00,2026-04-30T06:44:02+00:00,1,160.0,0,0,0,4.0000,1
0xe639e41094bbeae18f3e6d1790c17299183f082a,2026-06-07T22:21:27+00:00,2026-06-13T00:54:46+00:00,225,0,0,347884.604561,0,346084.6850271551428013,224
0xe63fbec4aae693d26569f4620994f53012031135,2026-06-15T06:47:37+00:00,2026-06-15T18:11:49+00:00,2,0,0,51.85,51.85,103.33705,2
0xe641a1284835c9da88949c4c293c4da8cb27abd3,2026-03-11T12:36:27+00:00,2026-03-11T12:36:27+00:00,1,0,0,2.272726,0,1.4999990000000896,1
0xe6550e937218dad25501150210ca71ceecb03f51,2026-05-17T21:24:18+00:00,2026-05-18T09:06:02+00:00,2,0,0,80.8,80.8,159.8224,2
0xe65ea689f1b97167f23bc18e1b741176e7842588,2026-06-08T07:55:09+00:00,2026-06-08T07:55:09+00:00,1,0,0,1.0552,0,1.0499240,1
0xe666c64fae09dccbcd5cc488aa4774041118dcec,2026-06-07T18:18:52+00:00,2026-06-07T18:18:52+00:00,1,0,0,1.025,0,1.019875,1
0xe6775e8f06f63d083fec698b4cdfdb2dd0cc7c45,2026-05-04T07:53:00+00:00,2026-06-06T02:46:51+00:00,17,0,0,1327.463605,1227.46,2494.1644539915767740,17
0xe6817684bc879c55c9b08d012dd8393a093db2fc,2026-05-21T13:54:23+00:00,2026-06-15T11:25:07+00:00,13,12624.999995,0,0,0,65.9999949610000050,13
0xe681c8a0a49cda37d5453fb1ec3cc2a7b94419f8,2026-05-26T14:28:22+00:00,2026-05-26T14:28:22+00:00,1,0,0,75.0,0,73.5750,1
0xe690f6928762a4d92d9c897ec1fe6da8ccf54d32,2026-06-17T15:19:55+00:00,2026-06-17T17:36:02+00:00,5,20000.0,0,0,0,60.0000,5
0xe6940b14e6652d9f2c6b774e3eb4b35ceeee7e7c,2026-04-01T15:01:03+00:00,2026-05-15T13:57:44+00:00,20,214.31,18.82,0,0,10.48650,20
0xe69c8b3dcee64b2f0fa7202bd7b56c8c4eb01895,2026-06-08T15:45:43+00:00,2026-06-08T15:45:43+00:00,1,0,0,122.0,0,121.3900,1
0xe6ad14920d11af2efd1f8db5d29c22b1914da012,2026-04-17T19:02:04+00:00,2026-05-04T21:54:52+00:00,2,700.0,700.0,0,0,49.93289000,2
0xe6b0bc6fe28a31f3a2f9a2d7a69c25b23df0efd2,2026-05-12T16:53:07+00:00,2026-05-12T16:53:07+00:00,1,166.666665,0,0,0,2.4999989916666765,1
0xe6b65d11657efe4a856c11493effd40630681427,2026-02-25T16:28:10+00:00,2026-02-25T16:28:10+00:00,1,22.222221,0,0,0,9.9999989988889137,1
0xe6bd5847c168a0d6b182ff5be7a24742a2560f6d,2026-04-06T04:56:57+00:00,2026-04-19T12:57:32+00:00,2,0,20.0,4.0,0,5.200,2
0xe6d572e0844169f7d9f1d108b953779f9644e124,2026-05-02T09:22:52+00:00,2026-05-02T09:22:52+00:00,1,128.205128,0,0,0,4.9999990048205144,1
0xe6dbb9cf2715836ed4fc3498a3046ed0551f927d,2026-05-01T20:30:58+00:00,2026-05-02T03:38:42+00:00,2,0,0,44.58,44.58,85.59360,2
0xe6e0ca2472c9e03ebfff33c6599c550534c51120,2026-05-16T17:21:44+00:00,2026-06-17T12:21:25+00:00,2,8925.0,0,0,0,29.9000,2
0xe6e715f09f6cc94214e5c342e3a0133c0721dbe2,2026-06-02T06:14:28+00:00,2026-06-17T18:00:40+00:00,4,0,0,1112.0,1112.0,2213.5750,4
0xe6ea8801a771013cd21b34d4a4462860dd170b03,2026-06-07T11:37:52+00:00,2026-06-07T11:37:57+00:00,2,0,0,13.1525,13.15,26.1841400,2
0xe6ff1073e896cd5a9de2ab6e3fbbb6d52405e0ff,2026-05-12T10:20:48+00:00,2026-05-12T14:26:39+00:00,2,0,0,51.15,51.15,100.40745,2
0xe7019a58cfbc6ef312ceea05c93beb4b3680c6f9,2026-05-29T05:30:04+00:00,2026-05-29T05:30:11+00:00,2,0,0,98.377214,98.37,193.894383004,2
0xe709a85a31cf01fa165a3b8fc9c633c9a5d5bcc6,2026-05-20T09:29:31+00:00,2026-05-20T09:29:31+00:00,1,4500.0,0,0,0,40.5000,1
0xe709ade770d5f10e6355fb8af4bd12fe39b9f88f,2026-05-03T01:58:34+00:00,2026-05-07T01:04:15+00:00,4,0,0,102.63,102.63,198.03861,4
0xe71faf9562e3fbfafbd9279cdac0ddfd1c031cd6,2026-06-09T19:38:15+00:00,2026-06-09T19:38:15+00:00,1,0,0,1.083,0,1.079751,1
0xe734d5a008576905ec700019e530a7cc8da88f6a,2026-04-08T23:50:59+00:00,2026-04-13T06:14:13+00:00,2,2511.25,2511.25,0,0,351.5750,2
0xe73997795829e24535705db66d79189a83ef0484,2026-03-09T05:37:51+00:00,2026-03-16T04:37:25+00:00,2,317.121209,0,0,0,99.9999980071238271,2
0xe73d3ed9eb0e495e1ff2811c75f8719b6fb677a6,2026-06-14T15:33:25+00:00,2026-06-14T15:33:25+00:00,1,0,0,2.004,0,1.999992,1
0xe7461f0c8540ddf4154a307f951b0e8083e2450c,2026-05-27T09:31:50+00:00,2026-05-30T16:36:47+00:00,2,187.5,0,0,0,2.0000,2
0xe7574c537cb86087127897138fd2493814838047,2026-03-03T18:22:25+00:00,2026-03-03T18:22:25+00:00,1,15.151514,0,0,0,4.9999990003030774,1
0xe76a4752ccc8bb3937f5cf62b4aa40ef4c0d5cb4,2026-05-12T12:02:11+00:00,2026-05-12T12:02:11+00:00,1,198.494284,0,0,0,3.9999990096324992,1
0xe76a93146abb7f757cbe54b5059ca678f0fa073e,2026-06-08T11:15:51+00:00,2026-06-08T11:15:55+00:00,2,0,0,12.9546,12.95,25.7621270,2
0xe76b8befa27b7e4d876f9fd2b678e02e5ebe94f5,2026-06-09T21:00:00+00:00,2026-06-09T21:00:00+00:00,1,0,0,20.06,0,19.99982,1
0xe770c961cf3a4d3313c5a0d7e7ba6e096e408276,2026-04-15T06:43:40+00:00,2026-04-15T08:51:12+00:00,4,0,0,10.526307,10.52,19.8887909999119416,4
0xe77bea685e6bcd04439390394dee7063a18644d0,2026-03-19T14:17:27+00:00,2026-06-02T09:06:54+00:00,2,399.999998,0,0,0,10.999997997000021,2
0xe7837bea33b91dac11ec700633efb156108730e9,2026-06-13T10:39:22+00:00,2026-06-13T10:39:22+00:00,1,333.333333,0,0,0,0.999998999000001,1
0xe79579643d540b0b0fff94241b4f6ded860a0eaa,2026-02-11T18:35:25+00:00,2026-02-11T18:35:25+00:00,1,5.725489,0,0,0,2.9199990000941991,1
0xe7afc697b1ca89c2a4ef16b0603f0c082f0a1e9f,2026-04-20T03:32:12+00:00,2026-05-02T04:29:34+00:00,2,305.714284,305.71,0,0,22.2544590044607196,2
0xe7b51b50888899979924ba7a9ab6372a946f9f02,2026-05-12T10:55:43+00:00,2026-05-12T15:05:40+00:00,2,0,0,38.21,38.21,75.00623,2
0xe7cd255a3187d0b0bd7693e2e4c0a82d1fedab77,2026-05-13T04:44:03+00:00,2026-06-03T10:36:24+00:00,3,0,0,177.959116,89.24,264.0798260010507126,3
0xe7d439ac4ce08efbe54116e200944799808106a9,2026-05-05T05:33:02+00:00,2026-05-05T10:34:34+00:00,2,0,0,53.15,53.15,103.69565,2
0xe7d8c36c1630025d5c8ad9cdf2bba16095a25b9d,2026-05-17T05:21:36+00:00,2026-05-17T05:25:59+00:00,2,1000.00,0,0,0,6.00000,2
0xe7d9de8980ac8e9ac487926b9c819a6a370006a3,2026-05-30T11:40:42+00:00,2026-06-17T13:20:23+00:00,25,76758.633402,4758.63,0,0,494.6435239990544442,25
0xe7dab6942144a6cd612c1227510a9e20822606a3,2026-05-18T22:42:26+00:00,2026-05-18T22:42:26+00:00,1,0,0,2.364166,0,2.3499809999809178,1
0xe7dabbba855727ff22e2e870f2eb0d9dd6da97f7,2026-06-07T06:52:33+00:00,2026-06-07T06:52:33+00:00,1,0,0,5.02,0,4.99992,1
0xe7f8bbaff25984739ba644aa5038a3bc34008a19,2026-06-07T18:54:24+00:00,2026-06-07T18:54:33+00:00,2,0,0,11.599596,11.59,23.0388679994547864,2
0xe7ffbdd59a8734b35a5303016eb123e823cebfea,2026-03-24T16:29:29+00:00,2026-03-24T16:29:29+00:00,1,13.0,0,0,0,1.040,1
0xe800aaeb486e694b73999040620d8c65515028f7,2026-05-19T17:19:06+00:00,2026-05-19T18:38:21+00:00,2,0,0,18.06,18.06,35.81298,2
0xe81e677e982a5c4b85b0780975cf09c5af22bc80,2026-03-30T07:08:40+00:00,2026-03-30T20:27:05+00:00,3,50.0,50.00,0,0,6.0000,3
0xe821d597d53bb282e03bcc63fde018c8f6b9b27e,2026-03-23T03:13:27+00:00,2026-06-12T16:47:34+00:00,2219,610972.602332,610982.597837,379.982221,379.98,15563.9499944739834047,2158
0xe82c1244feb1166840da5ab703d1773cd88d4cd5,2026-05-17T06:45:29+00:00,2026-05-17T18:44:51+00:00,2,0,0,289.32,289.32,574.30020,2
0xe838ce4239d6658be09895f604ceb59f4eb1639d,2026-06-15T04:12:33+00:00,2026-06-17T09:40:20+00:00,6,7909.999998,6576.66,0,0,43.4599746786666708,6
0xe849936cd0442537cd946684709b770d37e755b0,2026-04-14T14:42:29+00:00,2026-04-16T19:42:30+00:00,3,83.333330,83.33,0,0,8.3331980000001125,3
0xe84e1b721edf6fa2fb2eff061555bc6d1732f8d9,2026-05-12T10:51:11+00:00,2026-05-15T07:18:37+00:00,2,0,0,37.59,37.59,73.90194,2
0xe84ea31deece63a28c5b9b7382d4d2c0828889f2,2026-05-09T17:56:32+00:00,2026-05-25T03:57:00+00:00,3,300.0,100.0,0,0,4.6000,3
0xe85845a5bf472014325ed44482aa0cbc92f05bc6,2026-04-08T13:13:49+00:00,2026-04-30T15:21:46+00:00,21,9937.345332,9937.336664,0,0,892.4870771583626116,21
0xe85905186bcd74acca36f8099b675a1b38f00086,2026-05-19T15:53:58+00:00,2026-05-19T15:53:58+00:00,1,111.11111,0,0,0,1.000000001111111,1
0xe85c0580508636c0d47c89ff55cf11c7276ded6b,2026-05-18T16:38:47+00:00,2026-06-02T14:32:05+00:00,6,1174.77,1174.77,0,0,27.48790,6
0xe85cd01c7be367bb559dd505e1322aff04866af2,2026-05-15T03:11:47+00:00,2026-05-15T03:11:47+00:00,1,142.857141,0,0,0,1.9999990025714412,1
0xe8770a01d8aa60b0ddeaa71e522b0bf26f388440,2026-05-15T22:31:44+00:00,2026-05-15T22:31:44+00:00,1,111.111111,0,0,0,0.999998999000001,1
0xe87f36bd50c6bd299a7253761980e4398bfd6d49,2026-05-29T04:59:20+00:00,2026-05-29T04:59:27+00:00,2,0,0,89.249428,89.24,175.9013359990750572,2
0xe89e7e270f4944fefdf4ab9c3d2d1d0e61367219,2026-06-17T00:43:49+00:00,2026-06-17T00:43:49+00:00,1,333.333333,0,0,0,0.999998999000001,1
0xe89f05fffe164ef8722314d15261ec2d943a1aed,2026-05-17T16:10:41+00:00,2026-05-18T06:10:02+00:00,2,0,0,79.43,79.43,157.35083,2
0xe8a70b3ccb8228f5c14e4d72acaf520c982c0b22,2026-06-14T09:16:42+00:00,2026-06-14T09:16:42+00:00,1,0,0,1.102,0,1.099796,1
0xe8ab64fd665397e13799cd43aa1f72038a09f9cf,2026-04-29T18:26:10+00:00,2026-04-29T18:26:10+00:00,1,18.0,0,0,0,0.720,1
0xe8b30d6586b30afd37fd6abb9f4823714aa205cf,2026-06-02T13:48:11+00:00,2026-06-03T04:03:51+00:00,2,100.0,100.0,0,0,1.8000,2
0xe8bf29ac8d00e64803b18a3317adc7b318f6feef,2026-05-12T08:42:06+00:00,2026-06-03T06:26:09+00:00,4,0,0,171.747200,171.74,338.9369020009764624,4
0xe8c7785de0dcb5c5193a88a32bf1bb57fea3efea,2026-04-23T15:55:08+00:00,2026-05-02T01:01:50+00:00,4,0,0,43.40,43.40,82.89308,4
0xe8dd7741ccb12350957ec71e9ee332e0d1e6ec86,2025-12-11T08:03:11+00:00,2026-05-28T07:09:10+00:00,1393,0,0,368208.640713,0,325913.0673960990493956,1181
0xe8e058f4cad2548d424447af9d6917ae8c08f5db,2026-06-11T09:32:27+00:00,2026-06-11T09:32:27+00:00,1,0,0,1.012,0,1.009976,1
0xe8e06e2d750c59c69acb507a65b3693b09d99687,2026-02-26T09:33:02+00:00,2026-02-26T09:35:02+00:00,6,77.00,77.0,0,0,69.1940,6
0xe8e401045d6ab3ca97780710cfdea18cc541322d,2026-05-14T16:52:48+00:00,2026-05-14T16:52:48+00:00,1,714.285714,0,0,0,9.9999989960000004,1
0xe8efe4729130dc268a225e470fd3a38fcaba1eb6,2026-04-21T12:21:40+00:00,2026-04-21T14:03:14+00:00,2,204.29,204.29,0,0,17.424649993429,2
0xe8f2f5bf46daf2ff52edbba6796928f3292bab1e,2026-05-22T00:50:49+00:00,2026-05-22T01:31:07+00:00,2,0,0,210.0,210.0,416.4300,2
0xe8f399c1330ae05092c619522b4390c39975008f,2026-05-02T01:37:22+00:00,2026-05-11T23:19:34+00:00,6,0,0,163.24,163.24,317.20076,6
0xe8f737dab800ca0fbe96dd0f0bcf23787b0569c3,2026-05-23T15:34:51+00:00,2026-06-12T14:20:42+00:00,5,777.777777,777.77,0,0,5.555526997000003,5
0xe8f8c853fea884e5c58ee68a28e87d81af85eeb6,2026-05-15T09:19:06+00:00,2026-06-06T02:53:45+00:00,3,0,0,200.0,100.0,296.7000,3
0xe8f9249f72ed1b9a749d5f193e2dc0a54dc0e537,2026-06-15T16:46:24+00:00,2026-06-15T16:46:24+00:00,1,0,0,1.4055,0,1.3998780,1
0xe8fa0c00658af92c3ca42b6a3094c79c39a0bfb1,2026-05-27T08:24:45+00:00,2026-05-27T08:24:45+00:00,1,0,0,1.8274,0,1.7999890,1
0xe906c532769c454036d952f3c39461539df30513,2026-05-21T16:40:30+00:00,2026-05-21T16:40:30+00:00,1,111.111111,0,0,0,0.999999999,1
0xe90725de6418401c28437aaffc6d79ff2d4bc2c1,2026-04-30T10:32:56+00:00,2026-05-03T10:49:38+00:00,4,0,0,97.91,97.91,189.20326,4
0xe9076a87c5ed90ef16e6fe6529c943baeca0cff6,2026-04-24T05:18:58+00:00,2026-06-17T05:22:01+00:00,827,1466733.070691,284913.55,0,0,8975.6226077890674511,827
0xe907e50e01971602fca8bdf6be14df45dfd3dc65,2026-05-08T00:38:56+00:00,2026-05-08T00:38:56+00:00,1,32.258063,0,0,0,0.9999990013871415,1
0xe908324df13c3884c794266e8bc52c7dfcaf8fc3,2026-06-16T18:07:47+00:00,2026-06-16T20:23:02+00:00,2,666.666665,0,0,0,1.999998995000001,2
0xe90be403a87f261ff2c132a4d40dfdedbb8f7baf,2026-05-10T01:12:50+00:00,2026-05-10T01:12:50+00:00,1,0,0,10.152266,0,9.999981999847734,1
0xe90e625645bfd14b76b6d1b0cd9e743bdf672dbf,2026-05-16T07:52:26+00:00,2026-05-16T07:52:33+00:00,2,0,0,5.035142,5.03,9.9896559999578296,2
0xe91246fbc1daaecc3928fa98a18b849c3416a7f8,2026-06-15T06:44:15+00:00,2026-06-15T06:55:01+00:00,2,416.0,416.0,0,0,2.0800,2
0xe916f45e0c43b554f58a262bdf8a6f9819639ccf,2026-05-01T10:13:14+00:00,2026-05-01T18:16:40+00:00,2,0,0,46.06,46.06,88.98792,2
0xe92ee7d3cb8a93c222997591c4aeb7840876b377,2026-05-26T20:26:12+00:00,2026-06-04T04:13:06+00:00,4,765.555554,0,0,0,7.909998986000001,4
0xe933e97e290c50158a7e015e705fcb82e8d59afc,2026-02-20T15:02:00+00:00,2026-02-23T07:05:28+00:00,9,100.00,100.0,0,0,91.0000,9
0xe9354d07f8dade79f8fd9c0b64c15d98d2423991,2026-05-09T00:12:48+00:00,2026-05-09T00:13:47+00:00,2,0,0,30.487802,0,29.9999960003171834,2
0xe93758897f244033e6f0e92fc6034036d1dfae56,2026-06-16T23:55:25+00:00,2026-06-16T23:55:25+00:00,1,0,0,13.2765,0,13.2499470,1
0xe9397b85d94fdb8ff3bb95fd4c35482179f4b03e,2026-03-04T04:54:03+00:00,2026-06-08T08:36:12+00:00,2,93.75,93.75,0,0,30.46875,2
0xe9487c33bbe602115144d8e68a63d9caf4607139,2026-06-06T06:35:21+00:00,2026-06-12T04:49:54+00:00,2,150.0,150.0,0,0,1.3500,2
0xe95de65f8e7a3ea701c3f9750e062ca4b3bdb2a1,2026-03-12T00:53:17+00:00,2026-04-30T00:07:46+00:00,4,669.303330,669.3,0,0,190.0789980025647697,4
0xe96717a1b48ce74379a01ebe8435c677dd5f69c1,2026-06-08T03:06:09+00:00,2026-06-08T03:06:13+00:00,2,0,0,12.7536,12.75,25.3505820,2
0xe969d1d085d58ea920439b01aaa3ed1707cec813,2026-05-06T14:54:54+00:00,2026-06-13T12:18:27+00:00,12,0,0,1090.0,1090.00,2131.67819996100,12
0xe973c29a6518883fe71685a439d789508bd44f82,2026-02-28T10:58:05+00:00,2026-03-11T08:47:17+00:00,2,0,0,6.296295,6.29,7.4255990002963580,2
0xe98675320a3b38940ccd46d5fd52c566911b477d,2026-05-08T15:26:26+00:00,2026-05-08T15:34:52+00:00,2,0,0,24.86,24.86,48.7256,2
0xe9a0f61628f4983ec357b9db937bb719a843510c,2026-03-05T07:41:43+00:00,2026-03-23T06:26:51+00:00,2,3.571427,3.57,0,0,1.3212990000002464,2
0xe9a2c024161bf9be9c0c59c71d1998d12aa7f869,2026-06-15T16:00:46+00:00,2026-06-16T05:12:55+00:00,3,0,0,285.82,285.82,568.78180,3
0xe9b30cafacda31552bee1953971e9d1e3f90bd26,2026-05-08T01:59:41+00:00,2026-05-08T07:03:52+00:00,2,0,0,40.12,40.11,77.94344,2
0xe9c17bd27e3eddb0ddeb2da292ca67f882ebe713,2026-03-19T10:33:01+00:00,2026-03-19T10:33:01+00:00,1,10.0,0,0,0,1.200,1
0xe9c2ad24853c58c82148c6e8748e45689b6997a5,2026-06-16T19:31:47+00:00,2026-06-16T19:31:47+00:00,1,33333.333333,0,0,0,99.999999999,1
0xe9c50cce57b1450e10fc5f3d14e3264ecb07d7f3,2026-05-13T03:19:55+00:00,2026-06-03T07:20:21+00:00,3,0,0,180.072891,90.35,267.1752710009644734,3
0xe9ce39754cd031ff0bf2f622920d32e5074e7925,2026-06-16T08:22:48+00:00,2026-06-16T08:22:48+00:00,1,1000.0,0,0,0,5.0000,1
0xe9eb60c52d33f9850cf109a2a364f77e311896aa,2026-05-15T08:23:17+00:00,2026-06-05T18:00:21+00:00,3,0,0,200.0,100.0,296.6000,3
0xe9fbf98d5429d5bf8843021822e8f5df2b4adbd0,2026-05-22T10:44:32+00:00,2026-05-22T16:28:45+00:00,2,100.0,100.0,0,0,2.000,2
0xea0e7b6c58316beb4fa57ba65c314e8fc8d0345a,2026-04-20T19:41:24+00:00,2026-04-23T15:44:24+00:00,2,5.0,5.0,0,0,0.4400,2
0xea1a60b01cde7dcba39225d76a4b3260d21b68a8,2026-05-05T22:17:02+00:00,2026-05-05T22:17:02+00:00,1,172.413793,0,0,0,4.9999989970000006,1
0xea1c36ab9201309c30cf5ac4744e7d3a57a4150d,2026-06-04T19:35:01+00:00,2026-06-05T13:20:24+00:00,3,0,0,25.46,25.46,50.53810,3
0xea2837f7e7c552a4e34045fa206f97ffc50f3a0b,2026-03-04T00:54:13+00:00,2026-03-04T03:07:33+00:00,4,14.66,14.66,0,0,8.6494,4
0xea353fa5e614e2a9b4ad43b1e379a518ab764dc3,2026-04-13T23:36:31+00:00,2026-04-30T19:51:16+00:00,3,193.137250,0,0,0,6.9999970076472132,3
0xea35f2f05379e6f9d0442c21708fd2684f82e42f,2026-03-30T10:37:30+00:00,2026-04-01T23:20:45+00:00,2,14.285713,14.28,0,0,1.8567990000000819,2
0xea36547554f1a944f65365656bf8d73443f38718,2026-06-17T15:11:26+00:00,2026-06-17T15:11:26+00:00,1,15000.0,0,0,0,45.0000,1
0xea4b96762e9313c997dcc59f835b3144f860eb8c,2026-05-17T18:48:56+00:00,2026-05-23T05:03:18+00:00,2,0,0,20.0,20.0,39.6800,2
0xea4e88d693f48297bb76d140e2949562c6d5fb99,2026-06-15T14:46:07+00:00,2026-06-15T14:54:42+00:00,80,0,0,5919.381319,5919.38,11797.325655043,80
0xea5426e4221994e4089403359d4c42f88de5b997,2026-05-11T08:18:12+00:00,2026-05-11T08:18:12+00:00,1,47.619046,0,0,0,0.9999989993333662,1
0xea5f09a65eb6111d880df931e94ada74ac5773fc,2026-05-02T07:56:32+00:00,2026-05-02T15:59:06+00:00,2,0,0,49.52,49.52,95.12792,2
0xea74f4555a0daf1ef5ac2c89fb91d27e5b0ebe51,2026-06-07T11:35:25+00:00,2026-06-07T11:35:33+00:00,2,0,0,13.1825,13.18,26.2438700,2
0xea76f55163ba7639734f78d837c915f07f5021fe,2026-06-14T13:42:00+00:00,2026-06-14T13:42:00+00:00,1,0,0,27.7955,0,27.7399090,1
0xea7b524d137604760ee70112ade8a69d1285c76d,2026-06-12T12:31:21+00:00,2026-06-12T12:31:21+00:00,1,0,0,70.0,0,69.8600,1
0xea7e08fccce95626bacad3c5c05808d974438603,2026-05-13T19:12:56+00:00,2026-05-13T19:12:56+00:00,1,83.333333,0,0,0,0.999998996000004,1
0xea809204cdb0679bf7b27c47e3b6bb29a9f9da9b,2026-06-13T01:57:55+00:00,2026-06-13T01:57:55+00:00,1,0,0,1.003,0,0.999991,1
0xea89196d4fbcc1e787f9a8dbb851d7a773a61c22,2026-04-30T05:36:48+00:00,2026-04-30T05:36:48+00:00,1,360.0,0,0,0,9.0000,1
0xea8931a84c5ed9e38145c8c4d4366408669487f0,2026-06-10T21:53:40+00:00,2026-06-14T06:03:22+00:00,2,0,0,39.078,39.07,77.952634,2
0xea981398920511bc8a581d7dac0cecab88c415d8,2026-02-09T00:30:35+00:00,2026-02-09T00:30:35+00:00,1,5.0,0,0,0,2.900,1
0xea9a968b9d356f731e67aa123f73f19218b365d8,2026-05-21T16:04:27+00:00,2026-05-21T16:04:27+00:00,1,4980.758181,0,0,0,49.9999999542758463,1
0xeaa19cc828ee3f7ab84ea847e53be57fa8a7daeb,2026-03-04T18:16:39+00:00,2026-03-04T18:16:39+00:00,1,99.25,0,0,0,31.7600,1
0xeaa47fd0ec1ed4e3f67fc643ea09bd3089cd7161,2026-05-27T02:58:33+00:00,2026-05-27T02:58:33+00:00,1,0,0,2.028357,0,1.999959999971643,1
0xeaacb85b432f1baf35f4c8a8243195a8732da678,2026-05-28T01:04:35+00:00,2026-05-28T01:04:35+00:00,1,0,0,14.95,0,14.71080,1
0xeab10c32f1b93853fcfc196b722f3f6023153817,2026-06-12T06:31:37+00:00,2026-06-12T06:31:37+00:00,1,0,0,1.002,0,0.999996,1
0xeab1fc7c921c0c962bcd91f9bf75b6ccd257910c,2026-03-15T17:55:23+00:00,2026-03-15T22:32:31+00:00,2,90.0,90.0,0,0,53.100,2
0xeab3e0e5043df018a3c1dbab7c9d04523f7e36e9,2026-06-11T11:25:31+00:00,2026-06-11T11:25:31+00:00,1,0,0,1.032,0,1.029936,1
0xeaba1ee52d5592095cb7bf25aaec03c22daa3c25,2026-06-15T18:15:58+00:00,2026-06-15T18:15:58+00:00,1,5857.5,0,0,0,23.4300,1
0xeac09615d3cb2a86043ec9553db0bd3499b82ce7,2026-03-20T06:55:09+00:00,2026-03-21T03:57:09+00:00,4,0,0,400.0,400.0,710.000,4
0xeadaad025dbcb15a5f325019a31f20766d9489bd,2026-03-05T02:16:45+00:00,2026-04-07T01:33:33+00:00,2,100.0,100.0,0,0,38.000,2
0xeae43e9ba1c5d833adc1c99a3aa5c0fcc596ad95,2026-05-30T22:19:33+00:00,2026-05-30T22:19:33+00:00,1,454.545454,0,0,0,4.9999989940000012,1
0xeaed0093e2b1719a67b714f570291ee9289ea2ab,2026-06-15T05:27:54+00:00,2026-06-15T05:27:54+00:00,1,0,0,53.4165,0,53.3096670,1
0xeaef09a3a6223e77387e9fcb77d830f16a7ad242,2026-05-27T03:40:31+00:00,2026-05-27T03:40:31+00:00,1,125.0,0,0,0,2.0000,1
0xeaf31a11d7c64ff7e11c71558ec4e0c0e4cf0ac3,2026-06-07T13:24:30+00:00,2026-06-07T13:24:33+00:00,2,0,0,12.381908,12.38,24.6257179993930224,2
0xeb026eb5fe32962a089e1f1d71c23d157a47ad92,2026-06-01T12:20:37+00:00,2026-06-01T12:20:37+00:00,1,111.111111,0,0,0,0.999998999000001,1
0xeb076b4cfec6bccdc42a9638289f98f99f972e36,2026-05-10T20:03:55+00:00,2026-06-15T12:18:43+00:00,2,2738.095238,0,0,0,14.9999989980000004,2
0xeb2090bf79f39559e7be0b6185ed8fb31cf7a80f,2026-05-18T14:36:52+00:00,2026-05-18T14:36:52+00:00,1,100.0,0,0,0,1.000,1
0xeb339e1bd399a93c8608a91605d33815539f15cb,2026-06-17T13:28:52+00:00,2026-06-17T13:28:52+00:00,1,33333.333332,0,0,0,99.999999996,1
0xeb37c6fb0d75d92fe838761514a70b24a76c35e0,2026-04-30T08:07:34+00:00,2026-04-30T15:08:48+00:00,2,0,0,52.94,52.94,103.038569998998,2
0xeb3c680ad6a67846aea1b40229c8cb2633562e89,2026-05-08T10:30:13+00:00,2026-05-25T09:21:52+00:00,2,0,0,3.086418,3.08,6.0399580000125138,2
0xeb6208d58115060c883d71b45ae41aeb89fc1739,2026-06-17T10:44:58+00:00,2026-06-17T10:44:58+00:00,1,346.666666,0,0,0,1.0399989926666686,1
0xeb6f0a13ea8c5a7a0514c25495adbe815c1025f0,2026-05-03T20:36:14+00:00,2026-05-17T22:52:22+00:00,249,67323.942832,67323.925296,0,0,3236.4568611852099228,248
0xeb6f8ea158a996bc78329e5bc017fd6edb56d4ad,2026-06-16T05:01:34+00:00,2026-06-16T05:01:34+00:00,1,393.0,0,0,0,1.9650,1
0xeb742d8155e5031bc8b0a4046633d679f27428b0,2026-04-18T17:15:14+00:00,2026-04-19T17:15:24+00:00,2,0,0,18.29,18.29,34.5681,2
0xeb96bdba6045099c61f1c1bd01397ae0e534c5db,2026-04-26T04:11:12+00:00,2026-05-18T16:38:47+00:00,2,0,0,108.05,108.05,209.72505,2
0xeb9db8e621c9b757ca63a9daa315fe0b32ee32b4,2026-06-07T18:10:15+00:00,2026-06-07T18:10:19+00:00,2,0,0,12.01,12.01,23.88789,2
0xeba429cecc9ec96a71912d2bfa0ca0e6c1ccaff3,2026-06-08T07:47:40+00:00,2026-06-08T07:47:45+00:00,2,0,0,13.2762,13.27,26.4001990,2
0xebb27d6e2614fe0b0f0e395460d27964d982c640,2026-02-20T20:28:22+00:00,2026-03-01T05:21:41+00:00,5,200.151665,200.09,0,0,184.142398002013153,5
0xebb4c062a06ed3e0aadd2704eb0f4df6a7560100,2026-05-15T03:38:09+00:00,2026-06-05T16:34:10+00:00,3,0,0,200.0,100.0,296.6000,3
0xebbd73503f80f9e685d34e357ad0152d1e35eb2d,2026-06-14T15:16:19+00:00,2026-06-14T15:16:19+00:00,1,0,0,2.054,0,2.049892,1
0xebc0df15e665da95bf819105b723ae90042ffa41,2025-12-11T21:18:41+00:00,2026-03-18T21:14:03+00:00,28,0,0,553.407695,2.88,318.6887210008620927,28
0xebd10b27809e14abab60e353caf24569d08cff37,2026-06-06T08:09:45+00:00,2026-06-06T08:09:45+00:00,1,142.857142,0,0,0,0.999998994000006,1
0xebd7aed3a1cd73dda0f27a0e978401401fbfe21a,2026-06-13T13:51:13+00:00,2026-06-13T13:51:13+00:00,1,0,0,1.002,0,0.999996,1
0xebdc25a828e75e8b0336ec5e71d094c73dae19fd,2026-06-16T23:38:49+00:00,2026-06-16T23:38:49+00:00,1,333.333333,0,0,0,0.999998999000001,1
0xebee73b47125611403710f45c0610f7a0dd9a320,2026-04-17T11:29:18+00:00,2026-04-17T11:29:18+00:00,1,20.0,0,0,0,1.000,1
0xebefb7cc0454e73df8ee8602033e7c5331a78731,2026-03-19T22:33:15+00:00,2026-05-16T11:53:39+00:00,2,80.0,80.0,0,0,10.9600,2
0xebf1537714601d613561f687d5b76112e8f93f2c,2026-04-30T16:04:44+00:00,2026-06-07T23:13:21+00:00,7,54170.062852,54170.06,0,0,742.6491479379058386,7
0xebf8698b6b61025c8a230c75a2a692a1537992b8,2026-05-20T17:22:15+00:00,2026-06-11T15:26:30+00:00,74,0,0,55599.643319,55599.635549,110151.8023863056696575,73
0xec16e93a134c0fe6969c93cc4c5c82705517d3e2,2026-05-29T10:27:08+00:00,2026-06-07T02:19:37+00:00,2,66.666665,66.66,0,0,1.2666390016666910,2
0xec1e6eafffd999bf93f53ff26801c49fd30827ae,2026-06-03T21:26:09+00:00,2026-06-04T06:38:16+00:00,2,1238.63111,1238.63,0,0,18.670409952186857,2
0xec2060bceeb4c2e803cec5b3963ddfe7800b3fb6,2026-06-17T13:27:04+00:00,2026-06-17T13:27:04+00:00,1,1666.666665,0,0,0,4.999999995,1
0xec23f61cc36b6d4ad6841feb29e906026584d821,2026-03-20T14:52:53+00:00,2026-04-20T18:14:28+00:00,4,902.512460,0,0,0,50.9999990110696145,4
0xec2f2a1790c9393e23d45b5181b5d41a3187b2a5,2026-06-17T08:54:58+00:00,2026-06-17T08:54:58+00:00,1,0,0,27.4345,0,27.3796310,1
0xec38c93bb2b25eaf040384955d4b6415a698d50d,2026-03-15T19:37:51+00:00,2026-04-16T00:53:38+00:00,4,0,0,32.380278,32.38,53.4608969989899450,4
0xec445c8bee160281558ebb9b083ac0025006c92b,2026-06-16T09:25:46+00:00,2026-06-16T09:25:58+00:00,2,200000.0,0,0,0,1000.0000,2
0xec55dc04946bf787330b2a34ea7cac0a4a8175a5,2026-05-22T11:05:02+00:00,2026-05-22T11:05:02+00:00,1,2000.0,0,0,0,20.000,1
0xec59c78e9f8311c0ecb27ea824e88915290b774b,2026-04-05T23:56:05+00:00,2026-04-05T23:56:05+00:00,1,14.285713,0,0,0,0.9999990000000819,1
0xec624c6840e7e43c4ac6132257fe7f2536b7c14f,2026-06-17T15:44:07+00:00,2026-06-17T15:44:07+00:00,1,0,0,109.72,0,109.39084,1
0xec64968389eabc62fb2dc3984b9462437167f26c,2026-06-09T09:05:49+00:00,2026-06-09T09:05:49+00:00,1,0,0,1.054,0,1.049784,1
0xec67ee1e3d3e65d9987fa505974d101ba86e2848,2026-03-05T02:24:07+00:00,2026-06-09T07:14:52+00:00,2,83.333332,83.33,0,0,25.3333190000000096,2
0xec6a9ab2aacd27c0612423fccfab0f5bb07f3829,2026-05-01T20:57:58+00:00,2026-05-02T04:02:38+00:00,2,0,0,41.35,41.35,79.43335,2
0xec6db44edf3a38dc333c0ef25f5c3c521730a0b7,2026-05-25T13:30:04+00:00,2026-06-11T15:04:58+00:00,3,0,0,359.28,359.26,712.25271,3
0xec744c4c81dc2eb17244e2ea3e131504ee56ae73,2026-04-23T19:30:46+00:00,2026-04-23T19:30:46+00:00,1,60.0,0,0,0,3.000,1
0xec789aa3e6ef687a466941c1f1039a0edafb1889,2026-05-16T10:38:24+00:00,2026-05-16T10:46:07+00:00,2,0,0,2265.861,2265.86,4497.733093,2
0xec7caabcfbfabaf600e96c64add5b4730189163d,2026-05-08T04:12:36+00:00,2026-06-11T14:07:15+00:00,6,0,0,1437.73,1437.72,2827.30320,6
0xec829edacf53dad6fdfb89f752ca7b8004a26eaa,2026-03-18T21:36:01+00:00,2026-06-15T23:29:07+00:00,470,18307.026355,18307.019744,0,0,1027.2245629942756191,463
0xecab7d859cbcfdbca074e2feb793a279b7ac5694,2026-06-16T21:36:26+00:00,2026-06-16T21:36:26+00:00,1,1570.0,0,0,0,4.7100,1
0xecb1f2e73018a6438e7296a7b379d6ed8451c94a,2026-06-14T18:52:52+00:00,2026-06-14T18:52:52+00:00,1,333.333333,0,0,0,0.999998999000001,1
0xecb902ced5fb4f962fd20bb2e0696cb0956eaeaa,2026-04-10T08:48:49+00:00,2026-04-10T09:09:55+00:00,2,500.0,500.0,0,0,93.28620000,2
0xecc2d3428f5b0f9a8633f00ee777beae8be4ed46,2026-06-16T13:33:31+00:00,2026-06-16T13:33:31+00:00,1,0,0,50.0,0,49.8000,1
0xeccc2b5c8d5b137aa0e0f1ac0f37c7a1e44971f5,2026-03-04T23:02:51+00:00,2026-03-22T22:22:23+00:00,7,94.0,94.0,0,0,57.630,7
0xecd9b1cf1c860e3cf8e82fc77904459ad806b372,2026-04-30T01:29:20+00:00,2026-04-30T01:29:20+00:00,1,34.482757,0,0,0,0.9999990012759068,1
0xece7e26466411b1a77203f8ce74d94d25a322fbe,2026-05-09T13:03:18+00:00,2026-05-09T13:03:18+00:00,1,294.117646,0,0,0,5.0000000114117646,1
0xeceb449de5ac797fd74020eaecfe49cd8ff3b8ea,2026-06-12T08:27:06+00:00,2026-06-12T08:27:06+00:00,1,0,0,17.7955,0,17.7599090,1
0xecf855f7b11faed29df49ca988ccb3ecb0228a6f,2026-05-10T18:18:33+00:00,2026-05-10T18:20:56+00:00,2,0,0,23.57,23.57,46.1972,2
0xecffc6d4efee9cbb190d315eea5d22064fed4b31,2026-03-27T04:08:39+00:00,2026-04-25T03:01:26+00:00,2,111.11111,111.11,0,0,14.999949000000009,2
0xed04fe9f197e9d25f7f2e2603ce99d78262d7eb0,2026-05-01T09:02:36+00:00,2026-05-01T09:02:36+00:00,1,166.666665,0,0,0,4.9999990000000095,1
0xed18720501536e6962ed6fd4216832497550e9d8,2026-05-10T22:27:08+00:00,2026-05-10T22:29:26+00:00,2,100.0,100.0,0,0,3.9000,2
0xed19b86f7c24fd49629a5aedbc676e2375bc5304,2026-06-07T12:00:03+00:00,2026-06-10T13:41:43+00:00,2,0,0,24.51,24.51,48.84843,2
0xed3c0cdacbdf0b580b516b77eeacbb756a658ae5,2026-06-10T18:18:55+00:00,2026-06-10T18:18:55+00:00,1,333.333333,0,0,0,0.999998999000001,1
0xed3d5fb2d34b17bd74fb987b857d16409bfa5de4,2026-01-22T05:31:36+00:00,2026-04-07T01:38:51+00:00,4,265.984893,265.98,0,0,118.618599004455429,4
0xed3ff913e017282b4422e117f566ce193e5cc5c6,2026-06-14T17:27:30+00:00,2026-06-14T17:27:30+00:00,1,0,0,18.036,0,17.999928,1
0xed58ac9df186275e9270a35ba95d47bd59c574ec,2026-06-09T03:38:13+00:00,2026-06-09T03:38:18+00:00,2,0,0,10.1405,10.14,20.1892380,2
0xed6164987d25dbbadcce7bb159199cec90a04ede,2026-03-10T12:46:49+00:00,2026-03-11T00:21:43+00:00,2,0,0,5.0,5.0,6.350,2
0xed6ccb2364dc7e24b281ee1f2a3ddc097a423e30,2026-05-14T03:42:16+00:00,2026-05-17T13:34:08+00:00,2,0,0,607.287416,607.28,1203.029007008,2
0xed7b5823a08f1fe610e7b97ca22af74125055cbe,2026-02-16T13:50:43+00:00,2026-02-16T13:50:43+00:00,1,55.1,0,0,0,27.55,1
0xed7c81361ffd5e22374f5b4373af8b3f095b0a62,2026-03-24T13:17:47+00:00,2026-04-01T12:24:39+00:00,2,250.0,250.0,0,0,35.000,2
0xed7e1c619d669c2958fcd675db922e70da226a1b,2026-06-07T14:21:16+00:00,2026-06-07T14:21:21+00:00,2,0,0,12.1104,12.11,24.0871880,2
0xed822245523a44947225ab4ef3da009ca2d741dc,2026-06-02T03:24:45+00:00,2026-06-02T03:24:45+00:00,1,111.111111,0,0,0,0.999998999000001,1
0xed86109f1458a599aa252870303c982f1cca6c72,2026-06-03T16:35:09+00:00,2026-06-03T16:35:09+00:00,1,1111.111111,0,0,0,9.999999999,1
0xed89c0a75bc0352efe97a2c6925ba8d6e487647b,2026-04-04T12:12:07+00:00,2026-05-08T20:14:55+00:00,6,55.0,55.0,0,0,2.9500,6
0xed9cc976dee5f785a7df22d068c312c2d7406712,2026-05-18T09:55:38+00:00,2026-05-18T09:55:38+00:00,1,416.666665,0,0,0,4.999999980,1
0xeda5fd9922723fb982b34ec5f322e765bc6db017,2026-06-16T06:38:03+00:00,2026-06-17T18:00:41+00:00,2,0,0,378.0,378.0,754.1100,2
0xedb1de2ab9154a1c89d61affb8ec166ecf51295d,2026-03-05T02:07:57+00:00,2026-06-09T07:01:33+00:00,2,103.448274,103.44,0,0,30.4137590048275944,2
0xedb4ad7b415775705570ab38b14c2743b365ebda,2026-06-15T06:47:37+00:00,2026-06-15T06:47:37+00:00,1,0,0,9.0,0,8.9730,1
0xedb9d6d4b25c114b33784cfbc9705f76efbb04d1,2026-04-27T04:31:12+00:00,2026-05-14T01:56:25+00:00,9,599.993116,599.99,0,0,33.1111839981696232,9
0xedba66466c75ac220319bc156eff822d54be458a,2026-06-13T17:06:25+00:00,2026-06-14T05:35:34+00:00,2,0,0,293.68,293.68,585.59792,2
0xedbf155a1fc26c6978565347401dd58afbfcd73f,2026-06-07T13:19:00+00:00,2026-06-07T13:19:01+00:00,2,0,0,12.469878,12.46,24.8176980004277702,2
0xedc84058541b1ef3586be91fd56860c1de283296,2026-05-01T16:25:38+00:00,2026-05-01T16:45:36+00:00,3,0,0,312.0,312.00,599.66400,3
0xedd2b7e5aecac88d411a8a8c51bce3a26d0016c0,2026-05-05T12:55:20+00:00,2026-05-06T07:16:56+00:00,2,0,0,21.25,21.25,41.43750,2
0xedd955843a5cbf10ca6b4cf1fa822c4f5484748b,2026-06-08T07:16:13+00:00,2026-06-08T07:16:18+00:00,2,0,0,14.0602,14.06,27.9655390,2
0xeddbabe1dc506995d6008cf3851352d498f9b8d7,2026-05-14T13:57:06+00:00,2026-05-14T13:57:06+00:00,1,133.333333,0,0,0,1.9999989950000025,1
0xedecaebfbbdc95aad807df6b6c8f7fd65b2bd967,2026-05-17T07:41:08+00:00,2026-05-17T07:41:08+00:00,1,150.0,0,0,0,1.0500,1
0xedfc87575ca431284c71eda7cd0af3578d39a6cd,2026-05-03T14:08:36+00:00,2026-05-03T20:08:06+00:00,2,0,0,1.037333,1.03,1.9918789999669372,2
0xee0c5b21792130a3e2f74f02d11910f8643f0a49,2026-06-12T22:23:21+00:00,2026-06-12T22:23:21+00:00,1,1084.116,0,0,0,5.0000000165016,1
0xee0e7d34baab533a65d1dbbb2d8d6d97ae3545c2,2026-06-07T12:00:03+00:00,2026-06-10T13:41:43+00:00,2,0,0,44.51,44.51,88.70843,2
0xee116e90289f6243d9b218f528cce3315ce435c8,2026-04-29T19:58:02+00:00,2026-04-29T19:58:02+00:00,1,30.303029,0,0,0,0.9999989994242836,1
0xee159c9532e41b3d05e8b1044d45789b0c15c031,2026-03-19T20:13:27+00:00,2026-03-19T20:13:27+00:00,1,416.666665,0,0,0,49.9999990083333365,1
0xee235705c41168af308e700a26399f47f417cb18,2026-06-17T17:35:49+00:00,2026-06-17T17:35:49+00:00,1,333.333333,0,0,0,0.999998999000001,1
0xee27353d25d7d56f3f2aef7895d72895c33f187b,2026-03-21T14:28:55+00:00,2026-04-12T18:05:41+00:00,2,109.090908,109.09,0,0,18.5453989963636452,2
0xee292e8cbca9cf11b394a98f0ee6904c00e389d8,2026-03-19T01:28:19+00:00,2026-05-29T14:29:44+00:00,135,0,0,5997.823829,5997.823586,11456.0280530120529643,123
0xee2faf22a81f0dc12be8080a0e9507fb2190f4da,2026-05-12T05:27:58+00:00,2026-05-12T05:28:22+00:00,2,0,0,7.132652,7.13,13.9702679999450408,2
0xee3380af2d5087fcaec9ac7bc95c760b54b4bcc5,2026-05-13T04:44:21+00:00,2026-06-03T10:36:42+00:00,3,0,0,200.0,100.0,296.5000,3
0xee38f4cd4e83dc93ad8993068bf2ddfd4fb1fd31,2026-02-15T08:08:55+00:00,2026-03-10T15:33:21+00:00,2,5.0,5.0,0,0,4.500,2
0xee4d4e9f5af7b8bfa0739bbe2e2f70e6d44f98e8,2026-04-07T17:39:21+00:00,2026-04-07T17:39:21+00:00,1,55.555554,0,0,0,4.9999989988889130,1
0xee54f74ce43e8ba515752ca0ea492588b5e81934,2026-05-13T05:03:46+00:00,2026-06-04T05:47:55+00:00,3,0,0,179.981267,90.26,267.1767150029736358,3
0xee557e9ab50041111b556cc7a5f1d4efacc6d15d,2026-05-08T11:51:41+00:00,2026-06-15T07:34:07+00:00,6,16702.376025,8101.18,0,0,377.6947189385172414,6
0xee5919931ab4ca9523b990b550419771fa4f5d8c,2026-06-14T22:26:34+00:00,2026-06-14T22:26:34+00:00,1,0,0,6.012,0,5.999976,1
0xee5b7f8a3291d5b7deff6a012cbe31c5a3246892,2026-04-19T16:39:18+00:00,2026-04-19T16:39:18+00:00,1,16.666665,0,0,0,0.999999000000090,1
0xee78cc064ee78f30715198321d974d0517a32233,2026-05-08T05:01:26+00:00,2026-05-08T12:04:19+00:00,2,0,0,46.78,46.78,90.89354,2
0xee8bd0a80915e280b9f61016d73ce1c623e248d2,2026-06-08T09:15:24+00:00,2026-06-08T09:15:24+00:00,1,1666.666666,0,0,0,9.9999989960000004,1
0xee8d8f600f34cc0cb680f645f71d3ac60360a208,2026-05-11T10:08:23+00:00,2026-05-27T07:36:58+00:00,13,30.0,25.0,5.0,5.0,10.5250,13
0xee8e9b81cf8b6a92fca0353ee61135c19ca69f3b,2026-05-30T03:23:18+00:00,2026-05-30T03:23:18+00:00,1,125.0,0,0,0,1.0000,1
0xee92d227785b7e65d1f95d584284c252f09f170c,2026-06-16T19:18:20+00:00,2026-06-16T19:18:20+00:00,1,7666.666666,0,0,0,22.9999992313333334,1
0xee952de18990b97b302443e0624f6b562a2d0582,2026-06-14T15:24:31+00:00,2026-06-14T15:24:31+00:00,1,0,0,2.014,0,2.009972,1
0xee95d1035fb93ed3419cc150c6137b4761a3a211,2026-03-19T22:33:15+00:00,2026-03-19T22:33:15+00:00,1,0,0,43.84,0,38.1408,1
0xee9d2e59e835eac47ab9d122ee894cf120916ea1,2026-06-16T12:46:24+00:00,2026-06-17T09:44:56+00:00,6,266874.666665,0,0,0,997.8999979950000009,6
0xeead91e73aef91fa965119619dab5af949a8e4f1,2026-06-09T17:37:09+00:00,2026-06-09T17:37:09+00:00,1,0,0,53.0,0,52.7880,1
0xeeb815a791369419a9e8eff144273fa2db9ef621,2026-05-18T08:18:57+00:00,2026-05-18T08:18:57+00:00,1,239.566923,0,0,0,3.0000000073023387,1
0xeeb975706bba0fe52687a637eab8f95c05516f7a,2026-03-06T13:34:51+00:00,2026-04-22T11:59:48+00:00,45,0,0,282.04,282.04,509.59760,45
0xeec0553c7a9dcd843ad1e05066988a46b0807eba,2026-06-03T13:44:18+00:00,2026-06-06T06:24:51+00:00,27,14000.00,13999.982379,0,0,215.9998449680609561,27
0xeec50edede5d961efb02e20bfd3275dd1e7fb6fe,2026-02-13T13:31:35+00:00,2026-02-16T08:22:37+00:00,8,273.126150,273.12,0,0,270.38035200,8
0xeecb8ec56827a1f1b036d63be5a0dfea1c70962a,2026-06-01T02:19:38+00:00,2026-06-02T02:25:13+00:00,2,0,0,896.03,896.03,1776.82749,2
0xeed884f22e7708fff0932b3ba5d92c6474b08d2c,2026-05-17T06:45:29+00:00,2026-05-17T20:43:25+00:00,2,0,0,104.02,104.02,206.27166,2
0xeeddb1b6dff88978ea2a33baec5ed4568c0c682c,2026-04-05T07:30:37+00:00,2026-04-05T07:45:51+00:00,2,0,0,26.92,26.92,49.8020,2
0xeeea97c183550245abdb1ae1d8ee00f7171aa889,2026-04-30T01:36:36+00:00,2026-04-30T01:36:36+00:00,1,100.0,0,0,0,2.6000,1
0xeeeb58053b68a74de0bf93b0b36885023b7aac32,2026-01-29T12:58:34+00:00,2026-03-20T05:17:31+00:00,5,120.0,120.0,0,0,72.300,5
0xeeebc21fc6864fe860d848a4cd6123acff92aa34,2026-05-03T12:48:28+00:00,2026-05-11T01:36:04+00:00,4,0,0,102.72,102.72,199.56224,4
0xeef0a95fb39dbf4402679e552698e31104e9b792,2026-02-11T18:38:19+00:00,2026-04-25T03:11:28+00:00,2,24.21,24.21,0,0,13.43655,2
0xef023e27fc293a3bdac8dfec5ed7671f961ad914,2026-06-17T16:03:49+00:00,2026-06-17T16:31:59+00:00,2,666.666666,0,0,0,1.999997998000002,2
0xef02ae62bf79392eaaa2c7a4a07daa872d444f7e,2026-05-02T20:54:56+00:00,2026-05-03T13:46:38+00:00,3,89.87,89.87,0,0,6.56051,3
0xef1236cae45b90d2de3c42fe9a95b5fd3442b64e,2026-04-18T06:13:34+00:00,2026-04-18T06:13:34+00:00,1,69.4,0,0,0,3.470,1
0xef1712b35dce39931ebce7cdc92875c164d063a4,2026-04-30T12:07:50+00:00,2026-05-14T05:56:17+00:00,3,3944.264284,3944.26,0,0,178.2753788992092864,3
0xef1f437cc5a4af0d91916e51ae8548d0fb7ed517,2026-06-17T18:03:38+00:00,2026-06-17T18:03:38+00:00,1,0,0,5.0,0,4.9950,1
0xef453ae846f2b720491666a994ecdc7d3498e3a8,2026-04-30T12:37:24+00:00,2026-04-30T12:37:24+00:00,1,34.482757,0,0,0,0.9999990012759068,1
0xef55c579e90494d062d12b13fa8496f9069f71c3,2026-03-05T22:33:29+00:00,2026-03-05T22:33:29+00:00,1,166.666665,0,0,0,49.999999000000005,1
0xef66b7375db4a244f4d539eb9ea938e5f1316de5,2026-05-25T16:15:01+00:00,2026-05-25T16:15:01+00:00,1,16229.814,0,0,0,231.3999992187354,1
0xef6dcb35c3c40f253753ee73745e52186731c255,2026-05-08T02:26:24+00:00,2026-05-08T02:26:24+00:00,1,68.965517,0,0,0,1.9999989998965552,1
0xef7138dcc02313ad23e1f809ca06f7b62e6328de,2026-06-13T17:06:25+00:00,2026-06-14T05:45:55+00:00,2,0,0,87.96,87.96,175.39224,2
0xef7c68197f3707edc37c524d0ac559befa8707f6,2026-05-09T01:11:34+00:00,2026-06-07T11:23:19+00:00,2,0,0,10.152266,10.15,20.099231999847734,2
0xef7ef4743cf5d60c5b2357f3f3a1c11412a2e1b1,2026-05-06T11:46:38+00:00,2026-05-06T11:46:38+00:00,1,0,0,400.0,0,384.000,1
0xef87690cdf78ff7d6bba664d8ded462470f4d589,2026-02-07T14:52:15+00:00,2026-03-19T15:56:09+00:00,2,155.098359,155.09,0,0,111.3698980038452548,2
0xefaf10aa37d88ab187489c4b2b0b481f9874b3c8,2026-05-07T02:38:00+00:00,2026-05-07T07:38:46+00:00,2,0,0,46.02,46.02,89.09472,2
0xefb10c62f6ebf32dddf0695ca5044f6046c25399,2026-04-11T01:49:59+00:00,2026-04-17T11:16:46+00:00,2,14.66,14.66,0,0,1.7592,2
0xefbc85f35b3b07d8ee2365c27131599f75123239,2026-02-26T19:58:08+00:00,2026-02-26T19:58:08+00:00,1,5.0,0,0,0,2.150,1
0xefbdfb701e54d07850280852aa31faea95a59210,2026-01-30T03:31:40+00:00,2026-02-09T12:58:53+00:00,2,2.040815,2.04,0,0,2.1015990000002275,2
0xefd99258ef67c828b7767370a03e2342709714d6,2026-05-24T06:50:09+00:00,2026-06-09T22:26:18+00:00,5,9613.636363,0,0,0,59.9999990384545459,5
0xefdbee6003780c1e24abcda2ea5238ba0c403b0b,2026-05-20T09:18:52+00:00,2026-05-20T09:18:52+00:00,1,555.555555,0,0,0,4.9999989950000010,1
0xefdf42f30509b74e4844f7ac1d823c1860c2ea3b,2026-06-10T09:45:46+00:00,2026-06-10T09:46:00+00:00,2,572.5,0,0,0,2.2900,2
0xefdfef6afefbc05e90122d0d0334cfd8c2af9d3b,2026-04-20T02:57:10+00:00,2026-04-28T22:27:04+00:00,3,77.142857,77.14,0,0,6.3170200007142857,3
0xefee1a906e7dca7d70c48e2b32504874d287ca88,2026-06-15T11:46:16+00:00,2026-06-15T11:46:16+00:00,1,300.0,0,0,0,1.2000,1
0xefee4864942b4d8a7d443afac7f70cc213c71c08,2026-05-21T10:14:46+00:00,2026-05-21T10:14:46+00:00,1,1300.0,0,0,0,15.6000,1
0xeff436d566239e4829dd79e194e5d957c591103f,2026-05-28T01:41:28+00:00,2026-05-28T01:41:28+00:00,1,68.666665,0,0,0,0.9999990009281790,1
0xeffc0f9354ae49c5d02b393ead06f5a02eccc123,2026-05-10T00:28:46+00:00,2026-05-10T00:28:46+00:00,1,125.0,0,0,0,2.0000,1
0xf001248378add143949099d8b0be236d10dda1cd,2026-06-16T23:55:26+00:00,2026-06-16T23:55:26+00:00,1,0,0,5.18,0,5.16964,1
0xf005cbe96cc99d15b2c2dcf5329cebd555714b6c,2026-05-29T00:20:03+00:00,2026-05-31T11:31:51+00:00,2,714.0,714.0,0,0,15.2634900180,2
0xf009dce2225226133b8eeb4cf987a26010b743d0,2026-06-04T09:20:21+00:00,2026-06-04T09:20:21+00:00,1,1820.0,0,0,0,14.5600,1
0xf00a0ab14328605d0dc7919ff4bfbc2032a5a705,2026-05-14T07:14:45+00:00,2026-06-05T12:07:28+00:00,3,0,0,200.0,100.0,296.5000,3
0xf01e185a040e94a8f0c2e4be199dede0ed6b87bd,2026-05-01T22:53:10+00:00,2026-05-15T15:26:31+00:00,2,125.0,125.0,0,0,6.1250,2
0xf02a2a8bd815f54831870fd71e8861db9e69629a,2026-05-07T07:25:10+00:00,2026-05-07T12:29:14+00:00,2,0,0,47.07,47.07,91.17459,2
0xf040c7594cc34b62e311af82d6c051691b8e61f4,2026-05-16T01:49:55+00:00,2026-05-23T00:45:16+00:00,4,1180.555555,1180.55,0,0,21.805498995000001,4
0xf040ca161b0f3827a1b4ef1689022482dea83a86,2026-04-30T20:57:54+00:00,2026-06-11T15:26:24+00:00,501,37130.613108,37130.606795,140.0,0,831.8580839465967825,474
0xf051a1db363df55a9f189445746e99d51703fcbb,2026-05-15T04:38:42+00:00,2026-06-05T17:00:12+00:00,3,0,0,200.0,100.0,296.4000,3
0xf058c4e46fd746ba47d12f600813ec3f71b8a5f1,2026-06-14T18:23:28+00:00,2026-06-14T18:23:28+00:00,1,0,0,2.004,0,1.999992,1
0xf05a3efff0a12dec3fb5aaa4c80830d39047b07f,2026-05-29T04:08:38+00:00,2026-05-29T04:33:50+00:00,2,666.666664,0,0,0,10.0000000266666664,2
0xf0677d9fe69c95bb3304aaed406a07db6565bb88,2026-03-18T08:23:09+00:00,2026-03-19T16:33:37+00:00,2,16.666665,16.66,0,0,6.83259900000005,2
0xf068798c20fab9bbc5def31082b7c36f00142014,2026-05-31T00:54:30+00:00,2026-05-31T00:54:30+00:00,1,90.909089,0,0,0,0.9999989971818388,1
0xf07576e16492e9b6717ff3be8a11a41daaded1c3,2026-05-02T01:28:02+00:00,2026-05-10T20:33:14+00:00,4,0,0,38.88,38.88,75.27904,4
0xf08d041f8d869065db77c4dd92aec68c16d8d45f,2026-03-01T18:28:21+00:00,2026-03-22T04:24:39+00:00,2,1.960783,1.96,0,0,1.1959990000002211,2
0xf094a78535a11af916bc99d4173eb84654f62487,2026-05-12T09:00:56+00:00,2026-05-13T12:16:17+00:00,2,0,0,5.372828,5.37,10.5548180000348908,2
0xf0ab314dccef11c470f1490e52b29a4d6dd7dd02,2026-06-17T11:26:29+00:00,2026-06-17T11:26:29+00:00,1,0,0,89.0,0,88.8220,1
0xf0b036bc8a1894ec4b7f9a70a050de7f03830120,2026-06-16T23:55:29+00:00,2026-06-16T23:55:29+00:00,1,0,0,1.002,0,0.999996,1
0xf0b0ef1d6320c6be896b4c9c54dd74407e7f8cab,2026-03-08T07:32:41+00:00,2026-04-29T18:27:18+00:00,137,988.565232,988.261010,979.411763,979.13,1978.8702340031723529,132
0xf0b2eda338875848c19c08820089e7f90b70189e,2026-06-09T05:17:49+00:00,2026-06-09T05:17:49+00:00,1,0,0,148.20275,0,147.60993900,1
0xf0b4cf480527e64d93711843f2abffece9f19299,2026-05-13T07:16:31+00:00,2026-05-13T10:27:37+00:00,2,0,0,5.070928,5.07,9.9989549998865152,2
0xf0ba1b55ae0eb828ed6ec80e3e2b9140dacc55ee,2026-05-02T07:12:40+00:00,2026-05-03T08:26:10+00:00,4,0,0,115.67,115.67,222.39069,4
0xf0bceb8eb61c9c05e8f043f48c61569af3464d6b,2026-05-08T11:42:25+00:00,2026-05-08T11:42:25+00:00,1,137.931033,0,0,0,3.9999990052758723,1
0xf0c3874d5b37f55bfc956df45868056e0978664f,2026-06-17T17:39:56+00:00,2026-06-17T17:39:56+00:00,1,3333.333333,0,0,0,9.9999989990000001,1
0xf0c741ba7c8bc41d0c0bfb9f63bd404fc9886278,2026-05-09T02:38:06+00:00,2026-05-09T02:38:06+00:00,1,125.0,0,0,0,2.0000,1
0xf0d9d82cd8683a7098b64b9461167cd4a98394c6,2026-06-17T06:22:41+00:00,2026-06-17T06:22:41+00:00,1,5000.0,0,0,0,10.0000,1
0xf0e1fb642143d2feb559b8b80a853510423dbe4d,2026-02-12T04:17:41+00:00,2026-03-06T14:42:13+00:00,20,40.00,10.74,32.371763,3.14,41.3725640000392273,20
0xf0e49c1f17a656842eee5a96e4050b830dea06cc,2026-06-12T22:18:21+00:00,2026-06-12T22:18:21+00:00,1,2000.0,0,0,0,10.0000,1
0xf0e8d7924beb3f2ec13545165082ca9fdeefb5cc,2026-05-17T23:35:23+00:00,2026-05-18T10:53:51+00:00,2,0,0,113.83,113.83,225.15574,2
0xf0f725378848ecfc4ae6c675407574a995ce4784,2026-05-24T16:19:59+00:00,2026-05-24T16:19:59+00:00,1,0,0,6.744181,0,6.6699950002325647,1
0xf0f91ab0d22873f6f1a3cbf682a14ee9a9525975,2026-05-14T10:48:48+00:00,2026-05-14T13:59:00+00:00,2,0,0,7.092153,7.09,13.9836049996525552,2
0xf0ff3f80c9bebb081b66506c09e70121199aa5a0,2026-05-14T11:14:19+00:00,2026-05-29T14:29:44+00:00,7,0,0,1525.0,1525.00,3020.27500,7
0xf104a66629ce854dde953785de1a83e92341e43e,2026-06-15T17:12:12+00:00,2026-06-15T17:12:12+00:00,1,200.0,0,0,0,1.0000,1
0xf1149da31539d059bd6b87fdddc34d92352e8003,2026-04-12T21:23:19+00:00,2026-04-15T00:19:42+00:00,3,400.0,400.0,0,0,44.000,3
0xf11984616c87618f741ddf0086f8a63f199d3db7,2026-03-09T06:38:15+00:00,2026-03-22T23:01:27+00:00,6,93.0,93.0,0,0,59.360,6
0xf11ebec29ec65dec9942069779551035f448e680,2026-06-05T08:03:10+00:00,2026-06-05T08:03:10+00:00,1,111.111111,0,0,0,0.999998999000001,1
0xf11fae72af5a63232b7af181605f5bcbb6215ad4,2026-04-30T08:09:54+00:00,2026-04-30T15:11:22+00:00,2,0,0,55.58,55.58,108.15868,2
0xf12434fef28e1efd3f5b4ce0cb451e2a29dac37d,2026-03-22T19:31:29+00:00,2026-03-22T19:31:29+00:00,1,90.909089,0,0,0,9.9999989990909257,1
0xf1253447fc1482467ecc43e105b0c56dead98f66,2026-05-19T17:19:06+00:00,2026-05-19T18:38:21+00:00,2,0,0,19.82,19.82,39.30306,2
0xf1260aaf95b9f868005c7c08f237787a59144754,2026-05-14T02:09:24+00:00,2026-05-14T02:09:24+00:00,1,153.846152,0,0,0,1.9999990067692424,1
0xf13353c9650f959aa79d37706c46ce96f66b928d,2026-06-15T16:21:49+00:00,2026-06-15T17:21:28+00:00,12,9999.96100,0,0,0,39.99984400,12
0xf1378b206acb6b7056c00f798c198349898250b2,2026-05-17T13:11:34+00:00,2026-05-17T13:11:34+00:00,1,714.285714,0,0,0,4.9999989980000004,1
0xf13a6ae9080c0534d77664846aa94e8d8f9a105b,2026-05-12T10:16:31+00:00,2026-05-12T15:22:26+00:00,2,0,0,54.82,54.82,107.61166,2
0xf13f337615e4766b8305301e15908ebcacf531cb,2026-04-25T22:32:58+00:00,2026-05-04T23:42:58+00:00,2,37.037036,21.0,0,0,2.5039999995555540,2
0xf145f6cbfbc56b3add651d17e136546834ae2e5b,2026-03-04T14:41:41+00:00,2026-03-10T23:08:51+00:00,7,128.965516,128.0,0,0,85.1099990003690652,7
0xf15f963d2e13fe8c1212c6b6574136ed4c364770,2026-05-10T09:59:58+00:00,2026-05-12T12:54:44+00:00,4,0,0,51.99,51.99,102.26433,4
0xf16651f1a20d4981dfaa14939cfca472cc9baf38,2026-05-21T06:17:52+00:00,2026-06-17T16:21:04+00:00,8,75982.735383,0,0,0,593.7199987547218025,8
0xf1672924365a491c84bf6564491392947e7acd70,2026-05-08T11:52:56+00:00,2026-05-08T11:52:56+00:00,1,0,0,11.316871,0,10.9999979997572789,1
0xf16c4c3555387f824fcc98fed88f7d1c8d38dbb2,2026-05-28T20:57:02+00:00,2026-06-04T01:50:16+00:00,6,0,0,62.05,62.05,123.04505,6
0xf16c56a457d7aa1db57d9d51a1d37f70107e57b4,2026-05-03T07:52:36+00:00,2026-05-06T08:52:44+00:00,2,120.0,120.0,0,0,8.1600,2
0xf16f21b4c761d23962516ca56cf4766d01cd38ea,2026-06-03T02:29:19+00:00,2026-06-11T15:04:58+00:00,2,0,0,139.7,139.7,278.0030,2
0xf195a08c48a8ce5da7c0a415fbe1fb76c2290d91,2026-06-08T07:45:40+00:00,2026-06-08T07:45:45+00:00,2,0,0,13.3164,13.31,26.4799580,2
0xf1a2f936e355b9cb8ff3b9996e7fb2c8a735f1b6,2026-03-24T00:36:01+00:00,2026-06-07T22:13:37+00:00,269,0,0,13430.818024,13430.814150,26163.0459529982714356,256
0xf1a53c5915fde7f090f72c2509d41cab3c710f33,2026-03-10T00:06:43+00:00,2026-03-10T00:06:43+00:00,1,66.666665,0,0,0,19.9999990000000125,1
0xf1c21395fd20bdb39cabdfb8d74ea37f032c6f18,2026-06-13T03:49:25+00:00,2026-06-13T03:49:25+00:00,1,0,0,53.166,0,53.059668,1
0xf1c5d65be62e962dcacdd032fabfd63582d6b1fe,2026-06-10T19:28:49+00:00,2026-06-10T19:28:49+00:00,1,0,0,1.022,0,1.019956,1
0xf1e21db85f5ed3bb28ea11062ad20f5851d66657,2026-05-14T12:14:00+00:00,2026-05-14T12:14:00+00:00,1,3571.428571,0,0,0,49.9999989225714287,1
0xf1e4b94e1716afccbde2cf86bbc0185c1da1258b,2026-06-13T06:18:24+00:00,2026-06-13T06:18:24+00:00,1,3333.333333,0,0,0,9.9999989990000001,1
0xf1e8c6f1cf05f93291c8db59e54e6fdc41178c20,2026-05-16T02:11:22+00:00,2026-05-16T02:11:22+00:00,1,111.11111,0,0,0,1.000000001111111,1
0xf1eba1fa4470d04ae02f23a4fd2f1dc6313a28fb,2026-06-15T14:06:12+00:00,2026-06-17T10:19:35+00:00,2,261.0,0,92.0,0,92.8600,2
0xf1ff40f082633619cd012bb96affb4ac7a645b03,2026-06-16T02:33:49+00:00,2026-06-17T11:55:28+00:00,5,7000.0,7000.0,0,0,42.0000,2
0xf1ff870c923756cdab9a746ed413d496f6fda352,2026-06-03T11:28:49+00:00,2026-06-11T15:04:58+00:00,4,0,0,851.0,851.00,1692.10711,4
0xf206fca11315dab7cf6edc67cfe2a98fbb99b7a1,2026-05-06T05:28:44+00:00,2026-05-12T09:29:07+00:00,2,0,0,48.97,48.97,95.49150,2
0xf2119f44ff734e42b91db2db7e560f7ecd7268b5,2026-05-09T15:34:31+00:00,2026-05-09T15:34:31+00:00,1,312.5,0,0,0,5.0000,1
0xf21f6dd6a2a8ef0e7baa5f320ace35db0bc17093,2026-03-05T04:49:57+00:00,2026-03-05T05:24:23+00:00,2,0,0,12.86,12.86,17.4896,2
0xf22b92600b8736a7c1552f6de5808eee72647eab,2026-04-02T23:30:49+00:00,2026-04-05T07:30:51+00:00,2,48.99,48.99,0,0,6.8586,2
0xf234134d151b359465ce1b5c9010a6c01321b952,2026-03-18T19:25:57+00:00,2026-04-11T10:38:03+00:00,2,20.0,20.0,0,0,6.000,2
0xf2349ea36cb83e4c85f59264da8a72f70e82a67d,2026-06-16T12:46:24+00:00,2026-06-17T07:09:17+00:00,2,0,0,51.55,51.55,102.68760,2
0xf23e7d4b358c384829754b4cd4ed16a62cc7d15c,2026-05-07T18:04:25+00:00,2026-05-08T01:08:14+00:00,2,0,0,35.44,35.44,68.71816,2
0xf24323b8ac6706e301d687a565d57155bd49ab7a,2026-05-11T04:48:26+00:00,2026-05-11T09:54:41+00:00,2,0,0,27.16,27.16,53.2336,2
0xf2599aa82f2684f48a6f77c1a82557b479ce429a,2026-03-01T22:41:45+00:00,2026-03-21T12:18:25+00:00,2,0,0,5.0,5.0,6.950,2
0xf25b7cebaa861c0784ae62e9826add8fd817e1b6,2026-05-16T15:24:47+00:00,2026-05-16T15:28:45+00:00,2,2399.995833,0,0,0,14.399974998,2
0xf25ebbea507c982ce8a5a4a15816dbedc70ddeaf,2026-03-12T13:42:35+00:00,2026-03-12T22:53:23+00:00,2,0,0,29.850745,29.85,40.596499000746275,2
0xf25f30171c45541a17e9fa755166d8cebed8c1a4,2026-06-17T11:44:14+00:00,2026-06-17T11:44:14+00:00,1,0,0,119.5,0,119.2610,1
0xf26086a593cbe8ab4bf68df2323596f928f05419,2026-05-13T14:34:22+00:00,2026-05-30T06:28:29+00:00,2,200.0,200.0,0,0,4.2000,2
0xf26fd6d0064c8a68d19f8098bdb65778a577fa14,2026-03-30T10:38:28+00:00,2026-04-17T08:49:10+00:00,8,134.126978,0,0,0,9.9999949974606855,8
0xf2746fde924a0ce04f42958ac1417b6b67d49c8e,2026-06-10T07:14:55+00:00,2026-06-10T07:14:55+00:00,1,3750.0,0,0,0,15.0000,1
0xf2748c7a9ee71b12606176afa7ac4ac1266d88c8,2026-05-01T17:21:36+00:00,2026-06-10T09:55:09+00:00,2,0,0,10.0,10.0,19.5600,2
0xf28bafa573975cff006aa08a9e125cd59fefad55,2026-06-10T17:40:40+00:00,2026-06-10T17:40:40+00:00,1,0,0,1.022,0,1.019956,1
0xf28edf6566461fb16e47daf174f5d98186e540d2,2026-05-01T00:34:20+00:00,2026-05-03T03:13:44+00:00,2,100.0,100.0,0,0,7.2000,2
0xf2bf2afd33148173866186b9bb9d7cf555d678f8,2026-05-11T11:44:45+00:00,2026-05-11T11:44:45+00:00,1,0,0,2.415901,0,2.3699979999209053,1
0xf2ca606f901b1c5be9986595f358f33fce97a95e,2026-04-22T05:26:58+00:00,2026-04-22T05:34:04+00:00,4,0,0,166.0,166.00,316.56200,4
0xf2cf5cc4e5654583a6c1ef44e129e04d05dde2b3,2026-04-16T21:44:32+00:00,2026-05-22T21:53:42+00:00,2,845.454545,0,0,0,20.9999990131818190,2
0xf2d06e7247b906c1029730d17f0fe0cf321444b9,2026-05-08T12:51:55+00:00,2026-05-08T12:51:55+00:00,1,130.434781,0,0,0,2.9999989977826206,1
0xf2d87df6665b741ec2c747b68bd08b2f923f3e34,2026-05-06T11:54:02+00:00,2026-05-06T19:55:51+00:00,2,0,0,62.2,62.2,119.9216,2
0xf2ebb6fb4982c8ff49ddc89c802c70b250f16eb5,2026-02-01T17:21:26+00:00,2026-03-18T21:09:35+00:00,8,0,0,240.0,0,144.900,8
0xf2f1245c64581760f919c88b45db0a436ee26cfb,2026-02-17T12:58:57+00:00,2026-03-22T22:22:17+00:00,2,28.0,28.0,0,0,18.200,2
0xf303cf2a0b848965ab71af9859488361197085a4,2026-06-14T14:39:46+00:00,2026-06-14T14:39:46+00:00,1,0,0,41.673,0,41.589654,1
0xf30fd66d27bbb33592db786033ea2542dbca274a,2026-06-01T02:17:56+00:00,2026-06-02T02:24:19+00:00,2,0,0,882.94,882.94,1749.98708,2
0xf3157a3a64af637275b310e7bb032ca5e58a717f,2026-06-15T18:47:42+00:00,2026-06-15T18:47:42+00:00,1,0,0,41.975666,0,41.849739002,1
0xf3159477833b41754b21cbed79e4807e5ef9653b,2026-06-17T09:10:10+00:00,2026-06-17T09:10:10+00:00,1,0,0,55.76,0,55.59272,1
0xf31ad2a3bcb47907234c36bbf49c90e5ad6603fd,2026-05-09T02:11:44+00:00,2026-06-10T09:21:09+00:00,3,200.0,0,20.090333,0,22.9998809999879334,3
0xf31ae267f3b3210598fd119effbce8043cc68fbc,2026-05-07T03:57:58+00:00,2026-05-18T10:07:08+00:00,2,5.165281,5.16,0,0,0.2220489997479215,2
0xf3241cc41409b3351a059da414f43f38302b45fa,2026-06-17T15:37:28+00:00,2026-06-17T15:37:28+00:00,1,333.333332,0,0,0,0.999999996,1
0xf33e2f782eb1c1c426badb50af841a18d9540ab8,2026-05-06T13:21:06+00:00,2026-05-06T22:12:12+00:00,7,149.73,149.73,200.0,199.98,394.81267,7
0xf36595d583c4f10c0f36c84bea01fdfd325af5e3,2026-03-06T13:35:33+00:00,2026-03-22T22:22:19+00:00,3,22.0,22.0,0,0,8.920,3
0xf374cfc08cf0b07405479db8e878ea283c4eb00f,2026-05-03T03:28:14+00:00,2026-05-03T03:28:14+00:00,1,52.631577,0,0,0,1.9999989996842448,1
0xf37f3c3912ae45a6453ec123e764bf77b36647dd,2026-06-17T10:53:32+00:00,2026-06-17T10:53:32+00:00,1,333.333333,0,0,0,0.999998999000001,1
0xf38f21f05ab916d390797aac60f49c10b3926295,2026-06-07T18:49:24+00:00,2026-06-07T18:49:27+00:00,2,0,0,11.639838,11.63,23.1185880000735270,2
0xf392745ac21719f61dac36c7b2c7f6c7c0e82e64,2026-06-16T09:44:25+00:00,2026-06-16T09:44:25+00:00,1,0,0,136.0,0,135.4560,1
0xf3941ad3998fe602febde73fa3b06c47b77d155d,2026-06-08T11:41:07+00:00,2026-06-08T11:41:10+00:00,2,0,0,12.6305,12.63,25.1468280,2
0xf39dc9bf8fc66b2d4300056626f0f73c64c22799,2026-05-10T19:39:17+00:00,2026-05-10T19:39:17+00:00,1,476.190476,0,0,0,9.999999996,1
0xf3b668182f31c89802246c65d4141cb02df2c5cb,2026-06-04T11:16:36+00:00,2026-06-04T11:16:36+00:00,1,12500.0,0,0,0,100.0000,1
0xf3b93935994a99b831ada0facf0916a560b9bdc5,2026-06-16T23:55:25+00:00,2026-06-16T23:55:25+00:00,1,0,0,4.188,0,4.179624,1
0xf3d8d51858427e844e2c4ede24de9ab7d780ea22,2026-06-10T12:10:39+00:00,2026-06-10T12:56:28+00:00,2,0,0,5100.0,5100.0,10164.3000,2
0xf3e032463b9d318c085ecccd5018722e0f2e817b,2026-04-30T04:40:06+00:00,2026-04-30T04:40:06+00:00,1,192.307692,0,0,0,4.9999989920000016,1
0xf3ea14a549363509176e6fc6df9cd511706a3039,2026-03-05T15:21:15+00:00,2026-04-10T06:04:53+00:00,2,15.625,15.62,0,0,6.24960,2
0xf3f348d0951989fe77a1e222e9e884ee65afb450,2026-05-04T15:35:52+00:00,2026-05-04T15:35:52+00:00,1,400.0,0,0,0,9.2000,1
0xf3f39f5df2c8fb6b801e147c019e1666809682f1,2026-06-11T19:12:03+00:00,2026-06-11T19:12:03+00:00,1,1666.666666,0,0,0,4.9999989980000004,1
0xf3f60fd71909c6f4977d7aaac807b79059e0bc90,2026-04-21T06:10:04+00:00,2026-04-21T06:10:04+00:00,1,31.25,0,0,0,1.4800000,1
0xf3f823ba21abd328865469e6edc28a439757ca8f,2026-05-15T00:53:58+00:00,2026-05-15T04:04:27+00:00,2,0,0,7.092197,7.09,13.9907379999930057,2
0xf404396c9f4d02fc564afd64bf3a41c23b129635,2026-06-02T12:57:38+00:00,2026-06-10T06:48:10+00:00,2,0,0,145.0,145.0,288.2600,2
0xf418d79b1cb544c6d98cc0ca0db2a0e4c6c9b2cc,2026-03-30T01:06:42+00:00,2026-06-15T01:52:33+00:00,3,28.571426,28.57,0,0,2.0571380000001638,3
0xf41d4826aa75091b54553015efc7d0bc8abf5e45,2026-04-01T02:42:35+00:00,2026-05-12T01:53:51+00:00,10,16.142856,16.14,5.158095,3.87,10.6516340004232602,10
0xf41f1bf87c4ad6b8c707833c3c2061a0b10f1f7a,2026-05-23T14:03:23+00:00,2026-06-06T16:12:57+00:00,2,150.0,0,0,0,0.8500,2
0xf42a900d8f0dc87010fcbcc1354a0a9b0070d193,2026-05-24T12:44:44+00:00,2026-05-24T12:44:44+00:00,1,100.0,0,0,0,1.000,1
0xf44087ae961056c0d96dede89dec78903cff269c,2026-05-09T12:57:22+00:00,2026-06-17T05:22:01+00:00,98,0,0,1060.204544,1059.68,2101.591415000021472,84
0xf456fd4a847e5e4027f55ea9f41d5287c2d050fb,2026-06-17T16:09:52+00:00,2026-06-17T16:09:52+00:00,1,1666.666666,0,0,0,4.9999989980000004,1
0xf46586bb27c500f58918463b431bb0f3076d7dfa,2026-05-16T07:29:29+00:00,2026-05-16T07:29:29+00:00,1,0,0,5.035142,0,4.9998959999578296,1
0xf477496d0dc47ea7237f61a1f5eb4641ba6772b7,2026-05-31T02:40:56+00:00,2026-06-17T18:00:40+00:00,4,0,0,800.0,800.00,1590.60000,4
0xf477a4e0b90ba2910333122d3d524b4f5d247a3e,2026-05-08T21:22:56+00:00,2026-05-24T22:41:52+00:00,2,460.784313,0,0,0,6.999998991000004,2
0xf47c664343b962895193c2f006a4f4faf950e525,2026-05-01T15:25:36+00:00,2026-05-02T06:57:12+00:00,2,31.25,31.25,0,0,2.25000,2
0xf480d7da9da34a724afa0f589c83575ad59f3320,2026-05-21T21:39:13+00:00,2026-05-21T21:39:13+00:00,1,111.11111,0,0,0,1.000000001111111,1
0xf4855e61f08aa5a3daf2bd9f0d6a5a997c99f5ef,2026-06-06T03:37:24+00:00,2026-06-06T03:37:24+00:00,1,1428.571428,0,0,0,9.9999989960000004,1
0xf485aed939032a9f14a68a710ed12c64c4c79494,2026-05-17T06:45:29+00:00,2026-05-17T20:06:43+00:00,2,0,0,70.39,70.39,139.65376,2
0xf493c97c5f879f9ebbcd86c3fc8d129afb4e6f54,2026-05-07T05:43:56+00:00,2026-05-07T05:43:56+00:00,1,0,0,3.102363,0,2.9999849999039316,1
0xf498de301220fd0bcab430b866e8f2c9b6548587,2026-05-11T00:31:02+00:00,2026-05-11T00:31:11+00:00,2,50.0,50.0,0,0,1.9500,2
0xf4a30c7ef6fbb4a1257ca4e759f61d6c98d8ca01,2026-04-06T04:12:01+00:00,2026-04-06T04:13:27+00:00,2,0,0,23.74,23.74,44.1564,2
0xf4bfcb8c1586f0b189482ebeea9f028648eaf2ca,2026-06-03T13:51:00+00:00,2026-06-05T06:47:00+00:00,2,0,0,20.16125,20.16,39.97852000,2
0xf4c0027bc178c1e8a8c748f29a8c30e5f25bf9b2,2026-05-30T02:13:09+00:00,2026-06-17T12:38:43+00:00,56,0,0,314.969063,314.96,628.1159370000040862,56
0xf4d55be9916e6be49fbbfe0720a7c4ea43be2e74,2026-05-03T07:17:18+00:00,2026-05-31T04:34:17+00:00,2,131.578946,131.57,0,0,6.3156990006315888,2
0xf4d5f0a317d1f56b3dcab8edf608c247dbc1dcd6,2026-05-25T06:16:36+00:00,2026-05-25T21:08:22+00:00,2,989.583333,0,0,0,13.4999990043333339,2
0xf4d9849a5218bb3aeeb4702914c905970a9e6cfd,2026-06-14T10:23:03+00:00,2026-06-14T10:23:03+00:00,1,0,0,2.004,0,1.999992,1
0xf4e9db4f735f7caa5d83ef7667c1e39d21af8d2f,2026-05-15T03:19:51+00:00,2026-06-05T16:28:21+00:00,3,0,0,200.0,100.0,296.6000,3
0xf51059b1e088bc525a9d02cfccbef4e566d6e493,2026-03-31T11:49:31+00:00,2026-03-31T19:56:09+00:00,2,16.666665,16.66,0,0,1.832999000000090,2
0xf5183756a0be58aa0b0960f1e2d2451894b631d5,2026-05-04T00:51:30+00:00,2026-05-04T12:05:52+00:00,7,35.32,0,34.323330,0,32.970331999999820,7
0xf5226fbc7a9fa421f19fe740a9b1d5126db28814,2026-05-11T20:03:25+00:00,2026-05-11T20:04:30+00:00,2,0,0,16.5,16.5,32.2740,2
0xf524bfb554fc488324dafe01ce36178156c38178,2026-04-06T05:29:57+00:00,2026-05-19T17:19:06+00:00,8,300.0,300.0,900.0,900.0,1668.3000,8
0xf5254ce03e3d4cb1d870c62cbcd5beb71318559d,2026-05-04T15:27:14+00:00,2026-05-22T14:14:35+00:00,7,771.79,771.38,0,0,12.31041000794,7
0xf52a00df276b2be640882a25fb047ed5d844fab0,2026-04-22T02:47:28+00:00,2026-04-22T02:47:28+00:00,1,23.255812,0,0,0,0.9999989997210072,1
0xf52cb37623dd736b4c93b939c91c24096537b0dc,2026-03-25T13:54:47+00:00,2026-05-13T14:37:36+00:00,2,0,0,22.94,22.94,43.99892,2
0xf5318416203b757862e442ab5506bd0d3fbfba86,2026-05-02T14:14:18+00:00,2026-05-03T11:42:50+00:00,4,0,0,12.57,12.56,24.17597,4
0xf53ad29d44d28991525e01840a3af77cbb08024f,2026-06-03T17:02:15+00:00,2026-06-14T08:15:04+00:00,2,0,0,57.0,57.0,113.3730,2
0xf542bf2d5e0506eca88c3a71d323461a2fce5695,2026-05-27T02:58:31+00:00,2026-05-27T02:58:31+00:00,1,0,0,1.541571,0,1.5199889999878731,1
0xf54bebb0eb7928c1347ccab9549e373dda7a18c0,2026-06-07T16:13:48+00:00,2026-06-07T16:13:48+00:00,1,0,0,1.0552,0,1.0499240,1
0xf551185282408dc4abf80c3d788174cf5efde19a,2026-06-11T10:00:12+00:00,2026-06-11T10:00:12+00:00,1,0,0,1.032,0,1.029936,1
0xf56ff005d6a1e2190b944327437f435f1249e340,2026-06-08T09:56:04+00:00,2026-06-08T09:56:04+00:00,1,666.666666,0,0,0,3.9999989960000010,1
0xf57badcb3f1e2110726b99f5105d3768ddf354ac,2026-05-21T07:34:56+00:00,2026-05-21T07:34:56+00:00,1,166.666665,0,0,0,1.9999999966666665,1
0xf58118a3269338179c2fcb44aaa02357fa28f229,2026-05-06T10:49:56+00:00,2026-05-06T17:52:04+00:00,2,0,0,52.45,52.45,101.43830,2
0xf5818e7c65223ba85699280bc9299489e8b90892,2026-05-23T13:12:59+00:00,2026-06-01T19:03:21+00:00,2,1000.0,1000.0,0,0,18.0000,2
0xf588477725753ab7affccf18cbc6ca923a2d189f,2026-05-07T04:51:44+00:00,2026-05-07T04:51:44+00:00,1,29.411763,0,0,0,0.999999000823584,1
0xf598263dc82e494a3435ca7b7aa8c0f7259973e8,2026-04-06T04:56:57+00:00,2026-04-21T08:17:28+00:00,7,0,0,21.39,21.39,40.2069,7
0xf59ab083f0088a3e06441a80038ec8378f208e17,2026-05-14T14:22:20+00:00,2026-05-14T14:22:20+00:00,1,0,0,4.279857,0,4.2199389998600715,1
0xf5b1e7346ebeb2ed8ca6b92433a58d00d2b0b8cd,2026-06-06T17:29:07+00:00,2026-06-06T17:29:07+00:00,1,200.0,0,0,0,1.0000,1
0xf5bcf155ece1d1b6ba008667e60e08bd8fe22c49,2026-05-05T04:15:22+00:00,2026-05-07T13:56:49+00:00,2,416.666665,416.66,0,0,22.4997990016666705,2
0xf5cbe181e77769adc191119e87225b120010a040,2026-06-08T22:13:03+00:00,2026-06-09T03:36:51+00:00,2,0,0,8.0,8.0,15.9200,2
0xf5cef85ec484a589ff266fe54e0136a804695584,2026-04-30T08:56:34+00:00,2026-04-30T16:01:14+00:00,2,0,0,54.33,54.33,105.50886,2
0xf5d5606877fddb736d3024e2f5a7fde6153471d3,2026-03-07T03:26:37+00:00,2026-03-07T03:26:37+00:00,1,238.102563,0,0,0,89.7499989902576622,1
0xf5d72f5ca511cdd7c70af860964fad60d9c59ea0,2026-01-22T03:48:40+00:00,2026-04-07T01:10:11+00:00,3,216.100037,216.1,0,0,101.9579980013077512,3
0xf5dc6ebd87bb8c1962743cd882d8679c93200f05,2026-03-20T04:29:17+00:00,2026-03-22T03:05:55+00:00,2,0,0,3.988763,3.98,7.0921990001966475,2
0xf5dcf7e0f01b10b7abfb1d536cf834faff70badf,2026-05-28T01:57:48+00:00,2026-05-28T01:57:48+00:00,1,0,0,1.013153,0,0.9999819999566323,1
0xf5e4552838f27f9d32d7a5ba4ac7a355c107556b,2026-05-04T14:47:14+00:00,2026-05-06T08:02:32+00:00,4,0,0,114.43,114.43,222.39500,4
0xf5e814660a5a5ac071390a36122e7bc7c1309fbd,2026-05-04T15:35:52+00:00,2026-06-11T14:07:15+00:00,67,22549.997,6500.00,0,0,266.149991,53
0xf5ea74d7f565616f07a9809066aeeccdf560a5a6,2026-05-11T07:05:25+00:00,2026-05-11T12:07:30+00:00,2,0,0,50.18,50.18,98.30262,2
0xf5ef1d33de4fd5a53e7fd242ec4480a74e37dc2f,2026-05-12T07:57:13+00:00,2026-05-12T07:57:13+00:00,1,0,0,4.330904,0,4.2399549999756552,1
0xf5fcfd008744e6197ebc9e8d981ea144583a3809,2026-05-06T07:23:12+00:00,2026-05-06T07:30:04+00:00,3,0,0,24.62,24.62,47.91052,3
0xf60fb8fa9df77178ce3b2a0efc86d28ec4e957a8,2026-05-04T23:12:16+00:00,2026-05-06T02:16:06+00:00,2,400.0,400.0,0,0,21.2000,2
0xf610662113ef27656ccc1c0c246a27ce6693da51,2026-06-03T09:09:12+00:00,2026-06-11T15:04:58+00:00,2,0,0,183.0,183.0,364.1700,2
0xf630feff7aa298f9d596465c46babf36e19495ff,2026-04-24T07:40:24+00:00,2026-04-24T07:40:24+00:00,1,23.809522,0,0,0,0.9999990001905464,1
0xf632048d4107011b6941e0e09611652cdd5fee0e,2026-05-06T07:18:54+00:00,2026-05-06T13:21:06+00:00,3,0,0,41.30,41.3,79.91550,3
0xf64571b129b80989ccb9b249e382100891815e86,2026-04-30T14:17:30+00:00,2026-04-30T14:17:30+00:00,1,32.297095,0,0,0,0.9999990009497795,1
0xf649af31d4f6c6489931d1b204f5b26bace121f7,2026-03-29T12:06:24+00:00,2026-03-29T12:06:24+00:00,1,0,0,107.67,0,101.2098,1
0xf64a2898e0352b63d8b46ca7417a6a63dab2f145,2026-05-30T02:56:09+00:00,2026-05-30T02:56:09+00:00,1,111.111111,0,0,0,0.999998999000001,1
0xf64b2514c15d99e0369fdee4b4aa617346f0792f,2026-06-09T03:21:09+00:00,2026-06-09T03:21:16+00:00,2,0,0,10.23075,10.23,20.36867700,2
0xf64da7f882b2cb5934b4575521e9404af92c1429,2026-06-13T22:43:42+00:00,2026-06-14T10:45:58+00:00,2,0,0,91.17,91.17,181.79298,2
0xf650ca9ae63a7eab43fad2af28d8173f98e9dfb9,2026-06-04T17:46:15+00:00,2026-06-11T02:54:51+00:00,4,0,0,35.34,17.82,52.84009,4
0xf657a373912781cabae2b2e5c157aaf8d2ec0677,2026-05-10T08:22:14+00:00,2026-05-10T08:22:14+00:00,1,0,0,10.1626,0,9.99999799959356,1
0xf65cc9fd84124b32b151e4036d8b0622d0f1707e,2026-06-09T03:46:01+00:00,2026-06-09T03:46:01+00:00,1,200.0,0,0,0,1.0000,1
0xf65d4c47ec07998a4359ca72e8b08e216b2f1dc9,2026-06-08T07:50:42+00:00,2026-06-08T07:50:45+00:00,2,0,0,13.236,13.23,26.320440,2
0xf6791cf7a7b9561258f33d9fa9c6d31b6503f30d,2026-03-23T11:01:31+00:00,2026-03-23T11:01:31+00:00,1,6.45,0,0,0,0.5160,1
0xf68373ff1fdaca66781b5cf0906b7588ab3a3201,2026-05-19T21:23:38+00:00,2026-05-19T21:23:38+00:00,1,111.111111,0,0,0,0.999998999000001,1
0xf69331e5951cfc1fd2db963aef9322b9c3a14d1c,2026-06-09T07:44:40+00:00,2026-06-09T07:44:40+00:00,1,0,0,1.034,0,1.029864,1
0xf6b4407dab7e34bffab917fd77e41e6a45aa7ece,2026-02-09T05:53:43+00:00,2026-03-03T15:17:03+00:00,3,20.0,20.0,0,0,16.600,3
0xf6b483194917097960794fb2ea93d00ff6bc8060,2026-05-10T03:11:33+00:00,2026-05-13T07:38:55+00:00,2,1373.888887,0,0,0,22.7299979808888917,2
0xf6c592d6a4ee57c13fc91f69c15d873dd46e301f,2026-04-28T01:59:00+00:00,2026-04-28T01:59:00+00:00,1,28.0,0,0,0,1.0360,1
0xf6cf2d8c7006c941dd45f6c7002f5f1f055ca305,2026-05-26T15:20:34+00:00,2026-06-17T02:00:25+00:00,9,237516.073342,0,0,0,1379.5399965878685891,9
0xf6eab31d96d24310f33f258bc48a01bd48bc0a00,2026-06-08T18:59:40+00:00,2026-06-16T18:26:23+00:00,25,28833.333333,28833.33,0,0,167.3701588323333334,25
0xf6f34b3bc12c91a412cad877b228857a7faad8f4,2026-06-14T04:28:25+00:00,2026-06-14T04:28:25+00:00,1,333.333333,0,0,0,0.999998999000001,1
0xf7100b0aab16b795fdae8b1b7e96930addddca07,2026-05-28T10:50:57+00:00,2026-05-28T10:50:57+00:00,1,0,0,95.0,0,93.8600,1
0xf71061cce6d1ab8aaef8f6928a4fdb5dfe15edc9,2026-04-08T23:50:59+00:00,2026-06-16T10:27:51+00:00,7,0,499.974441,100.03,0,144.5275469988891179,7
0xf72177326c1fb185d4b4d2ae433e373f541e2c26,2026-06-16T18:10:40+00:00,2026-06-16T18:10:40+00:00,1,1666.666666,0,0,0,4.999999998,1
0xf72232d05753492e2678d2828e975c0db4c04af7,2026-05-30T10:50:38+00:00,2026-05-30T10:50:38+00:00,1,125.0,0,0,0,1.0000,1
0xf7243eacddae94f5e29c4e32d9cf7a0472a92e81,2026-06-12T16:47:00+00:00,2026-06-12T16:47:00+00:00,1,0,0,1.002,0,0.999996,1
0xf72ab17dbc12514b68cc32966c2b3630c1ed6fd0,2026-05-08T07:12:14+00:00,2026-05-12T11:29:48+00:00,2,0,0,100.0,100.0,195.3000,2
0xf72ce864dfbec46164880b8084f8e602a96f1ff8,2026-05-11T22:29:04+00:00,2026-05-12T06:30:51+00:00,2,0,0,64.88,64.88,127.03504,2
0xf732ddd15f7849f7cc66ccdbeb4cddc6e2a7b933,2026-05-29T06:20:26+00:00,2026-06-12T05:41:03+00:00,3,0,0,13.154157,13.15,26.040347999596423,3
0xf7440f0c0e4096fff836ddad0b2370c8e2f454bd,2026-06-06T09:49:54+00:00,2026-06-06T09:49:54+00:00,1,0,0,10.060361,0,9.9999979999960731,1
0xf746964d23dfa069681a45c403ccb0b579fe5edb,2026-05-03T14:33:22+00:00,2026-05-12T12:14:49+00:00,6,0,0,142.38,142.38,277.27026,6
0xf754a38cd6f3baea93382620d9947bc1c6dd60ae,2026-04-27T23:10:36+00:00,2026-04-29T23:03:50+00:00,2,26.315788,26.31,0,0,1.9471589992632108,2
0xf763cd9b0eb5f1def0186f2a01770322ced5d3b6,2026-04-26T04:20:26+00:00,2026-05-13T19:05:16+00:00,6,0,0,379.58,379.58,734.48730,6
0xf769c6390f6d564fe4859effbddb682c62660114,2026-03-02T13:01:25+00:00,2026-03-02T15:02:13+00:00,7,1153.00,0,0,0,472.7300,7
0xf7790aafc0eef13e5dead78f565c8688e681d36f,2025-12-29T03:37:43+00:00,2026-03-04T00:54:13+00:00,6,11.92,0,9.993075,0,8.29187600,6
0xf78b890162652022a20fe7ab4c34860ea2bf8b87,2026-04-08T19:26:25+00:00,2026-04-09T10:59:23+00:00,4,0,0,5.59,5.59,10.2297,4
0xf78d63d9e269597bd5c6493f479aa771d154ac7a,2026-05-08T03:28:58+00:00,2026-05-08T03:28:58+00:00,1,68.965517,0,0,0,1.9999989998965552,1
0xf7913df0c748f1e685281b7849aec50cfad94a8f,2026-05-11T00:20:49+00:00,2026-05-11T02:28:45+00:00,6,129.9908,129.0,0,0,5.179816,6
0xf79a511c808af0d809d2a10debcf74c0c17ec0c3,2026-05-06T03:32:36+00:00,2026-05-08T16:29:19+00:00,4,0,0,100.81,100.81,196.03515,4
0xf79e3ae4952139f0919f9911743ddec1023e6c70,2026-06-12T19:19:31+00:00,2026-06-12T19:19:31+00:00,1,641.442,0,0,0,2.9000000135670,1
0xf7a09b5a0e5b169ab75270e0b9f49e668c81715d,2026-06-05T23:25:22+00:00,2026-06-05T23:25:22+00:00,1,142.857142,0,0,0,0.999998994000006,1
0xf7a4a6bda828a948580b097033a12610345d9c43,2026-06-07T22:21:30+00:00,2026-06-13T00:42:52+00:00,11,0,0,11.043108,0,10.9999139999766582,11
0xf7ace2a59e5e2adf7d14f291f7cb06773701553f,2026-05-10T15:24:50+00:00,2026-05-11T01:59:26+00:00,2,0,0,97.25,97.25,190.70725,2
0xf7bbba98b213870cde6a6c7262af85cc4975ddf3,2026-03-20T14:36:17+00:00,2026-03-20T14:36:17+00:00,1,20.0,0,0,0,2.00,1
0xf7c2fe28a89a38914dee319a6db408e806fe486a,2026-06-17T09:10:10+00:00,2026-06-17T16:56:50+00:00,3,198716.056666,0,0,0,596.1481689793333336,3
0xf7c8ebd09e715ce1e95c89f5a4b60782fc7dbd6b,2026-03-20T08:44:15+00:00,2026-03-20T08:44:15+00:00,1,11.333332,0,0,0,1.3599990002000988,1
0xf7ca6c9b65a15721eaa298898c666d816e94cd59,2026-05-06T11:35:08+00:00,2026-05-11T15:53:26+00:00,2,0,0,1000.0,1000.0,1942.0000,2
0xf7d132c9aa541ae09c74357e160fa05ff064f3cb,2026-04-30T13:57:32+00:00,2026-04-30T13:57:32+00:00,1,33.333332,0,0,0,0.9999990000000384,1
0xf7d52d50ac6074ff24c3ac8afe13ca6d09715ee7,2026-05-03T20:36:16+00:00,2026-05-04T12:52:42+00:00,5,26.315788,26.31,0,0,1.9300589992632108,5
0xf7d7b1da2c81078a4eaa1da3a2d59d76122778a6,2026-06-13T16:11:27+00:00,2026-06-13T16:50:55+00:00,2,666.666666,666.66,0,0,3.3333189980000010,2
0xf7dbaf60e6870923dda859a368ef8cc4c1b50625,2026-06-13T22:37:39+00:00,2026-06-13T22:37:39+00:00,1,0,0,8.046,0,8.029908,1
0xf7defc73cf0e487d41c165ee25c48a4039b47805,2026-06-08T13:31:31+00:00,2026-06-08T13:31:36+00:00,2,0,0,12.1685,12.16,24.2190260,2
0xf7e859088d235c2678294f813108be847e69685e,2026-06-14T11:58:21+00:00,2026-06-14T21:46:07+00:00,2,0,0,28.056,28.05,55.965738,2
0xf7ebaa7f2f205a12609f7d1d0927316938c331c3,2026-05-02T11:36:56+00:00,2026-06-10T12:56:42+00:00,3,150.0,150.0,0,0,2.4500,3
0xf7ec841697ccd969d411d3b7e698457aeb4315af,2026-05-01T13:49:28+00:00,2026-05-07T17:55:05+00:00,4,0,0,122.62,122.62,237.18208,4
0xf7fe63888aed0f98540c959b392a858dfa741e42,2026-01-29T11:35:40+00:00,2026-03-17T17:35:05+00:00,10,0,0,53.890815,53.80,63.5143159999997725,10
0xf80f4c90f13f0ddb184fdfd5becd890823420f48,2026-06-02T22:59:33+00:00,2026-06-02T22:59:33+00:00,1,100.0,0,0,0,1.000,1
0xf81157f7e2f11f75ca36b45b2f2131504a4a25bb,2026-05-14T15:26:56+00:00,2026-05-19T05:25:38+00:00,2,333.333333,333.33,0,0,7.666638995000001,2
0xf8164690201a0865ebd29faea573fc3215432a81,2026-05-29T03:02:52+00:00,2026-05-29T03:02:52+00:00,1,0,0,2.636857,0,2.5999409998905144,1
0xf81774f88baf75c9b3cefe22caa5cd36dc44bdda,2026-03-30T15:53:19+00:00,2026-06-12T04:43:34+00:00,2,0,0,5.319133,5.31,10.2940549997872946,2
0xf8500c822c8c1a47ff5cf5d121af6f208ee1bfa9,2026-04-08T12:32:47+00:00,2026-04-09T12:50:59+00:00,2,30.0,30.0,0,0,5.100,2
0xf8591e3fb703c94ef3794bc6458dc1f4557cb0da,2026-05-15T02:03:18+00:00,2026-06-05T14:42:34+00:00,3,0,0,200.0,100.0,296.8000,3
0xf85ad6b0e9bb0760da4bbad657c88b22f2baa2ed,2026-06-01T14:10:06+00:00,2026-06-02T15:54:04+00:00,2,1055.555555,0,0,0,9.9999989950000010,2
0xf85d1e4d411bdbda719b0020b1732b491a185331,2026-06-05T17:45:49+00:00,2026-06-11T20:29:21+00:00,48,49999.0,49998.959996,0,0,466.6537130106900154,48
0xf85fa31a58fcce6c00b5af806a598b1600329800,2026-03-19T14:04:15+00:00,2026-03-19T14:04:15+00:00,1,1666.05846,0,0,0,199.999999056716298,1
0xf861a4dbf77a50431a2d8d0191dfb8a24979018d,2026-06-02T14:26:10+00:00,2026-06-02T14:26:32+00:00,2,0,0,10.090777,10.09,19.9890599999364561,2
0xf86c606c8a360c38037cdab2f81fb5ed2e94ba99,2026-02-25T16:29:20+00:00,2026-03-15T20:52:43+00:00,13,0,0,83.93,83.93,111.7550,12
0xf870a4fcfc27fd74ad9c57f4ccf39a1b33f2415d,2026-05-19T18:27:32+00:00,2026-05-19T18:27:32+00:00,1,111.11111,0,0,0,1.000000001111111,1
0xf878180a7c9cf9c96dc75087e1dab30c4203825f,2026-06-05T09:38:36+00:00,2026-06-09T16:11:24+00:00,32,6999.987875,6999.98,0,0,90.999803000,32
0xf87b4643abd4b796a62375dd45e659c567977b1f,2026-03-19T13:55:21+00:00,2026-03-24T06:33:03+00:00,2,15.0,15.0,0,0,2.850,2
0xf88c7ac9989bceb1e6faa0000adc8acf5fb9a126,2026-05-26T14:09:09+00:00,2026-05-26T14:09:09+00:00,1,68.0,0,0,0,1.00000000320,1
0xf894d31560102bebfbc78a2e06e438272e019cec,2026-04-29T23:49:30+00:00,2026-04-29T23:49:30+00:00,1,590.0,0,0,0,20.0600,1
0xf895a21af66bcebfff0b3eb1b0aea41bdb1d27d1,2026-06-08T14:52:03+00:00,2026-06-08T14:52:07+00:00,2,0,0,11.69675,11.69,23.28151300,2
0xf89b41e9a06f159c3a63e550f7ada4ff405b7adb,2026-05-01T12:21:28+00:00,2026-05-04T22:38:32+00:00,4,0,0,96.68,96.68,187.51186,4
0xf8b29fe7023d1bbf03715b1e19f41d72bed972e8,2026-06-17T14:11:37+00:00,2026-06-17T14:11:37+00:00,1,0,0,66.0,0,65.8680,1
0xf8c958b2d8650c51f973724fbb2d62965e28b457,2026-05-20T10:55:12+00:00,2026-05-20T10:55:12+00:00,1,100.0,0,0,0,1.2000,1
0xf8d44842db2045709d3aa451d89aacd21b81a0b5,2026-05-12T11:52:42+00:00,2026-06-06T12:14:25+00:00,2,0,0,1.019315,1.01,2.0028780000160695,2
0xf8d487b6a1de86a54a7d54cd2e48aadf9a9fe3db,2026-02-01T13:45:34+00:00,2026-02-06T05:24:23+00:00,5,44.565567,44.56,0,0,44.1461979979803487,5
0xf8f48a09b81b8d9aebcd1f9937369d5b99588c7b,2026-05-15T08:54:48+00:00,2026-06-06T02:34:22+00:00,3,0,0,200.0,100.0,296.6000,3
0xf902c618c0341d18ab67d04d3f630e3dab2dc213,2026-06-08T18:56:21+00:00,2026-06-08T18:56:21+00:00,1,0,0,29.31725,0,29.19998100,1
0xf903d722d06c23b638810b278b3a192bf52b29ae,2026-06-17T09:25:22+00:00,2026-06-17T09:25:22+00:00,1,333.333333,0,0,0,0.999998999000001,1
0xf908aa4de8791bff30af2e581279ed1aa337ded2,2026-05-27T06:55:56+00:00,2026-05-27T06:55:56+00:00,1,58.823529,0,0,0,0.9999989988823599,1
0xf91bc99e05f78a1ea811dbf657d7deb590c91d49,2026-05-21T07:45:42+00:00,2026-06-07T09:45:00+00:00,2,250.0,0,10.04,0,12.99984,2
0xf9214186f76845e02cc2d43fc92a8618fe4fbe16,2026-06-17T03:31:49+00:00,2026-06-17T03:31:49+00:00,1,340.0,0,0,0,1.0200,1
0xf9293a832cb016f9b7ab0417ff3cb7a69d2fb257,2026-05-19T13:44:19+00:00,2026-05-19T13:44:19+00:00,1,222.222221,0,0,0,1.999999989,1
0xf92c501eb9322a6e3fd051f0e229ff95fe66a387,2026-06-17T16:51:19+00:00,2026-06-17T16:51:19+00:00,1,1710.0,0,0,0,5.1300,1
0xf95543cccf8e7af18c68b429b3543fbae9d5cb95,2026-06-17T04:34:32+00:00,2026-06-17T04:35:26+00:00,2,3666.666666,0,0,0,10.9999979980000011,2
0xf9591aadeff1546931e81bd22c15ec0cfa7fda16,2026-06-08T05:33:46+00:00,2026-06-08T05:34:24+00:00,4,0,0,23.246,23.23,46.220390,4
0xf9629a5af7368dd03cc9b43538ba2c8fcf322210,2026-05-01T05:42:28+00:00,2026-05-01T05:42:28+00:00,1,0,0,19.390468,0,18.7699730007314384,1
0xf96bdf74ef6eeabb397ddf7b5bdc89f1759d86cc,2026-02-24T19:30:10+00:00,2026-03-05T18:28:23+00:00,2,2.083332,2.08,0,0,1.6239990000002304,2
0xf972a372d349c5d3b752669c22c93faca49f75a5,2026-05-03T02:44:34+00:00,2026-05-07T04:00:41+00:00,4,0,0,110.88,110.88,214.12528,4
0xf983feb22d5eabfc7697b426ec1040b8038a651c,2026-05-09T12:57:22+00:00,2026-06-17T18:00:41+00:00,65,0,0,700.81,700.80,1385.25496,59
0xf985cc85c9474f3201bd1c940ead099077e00dc2,2026-06-15T06:32:43+00:00,2026-06-15T06:32:43+00:00,1,0,0,7.675,0,7.659650,1
0xf9914d5581e3fb9fecb9a549fedff971ffbce099,2026-06-15T18:57:34+00:00,2026-06-17T20:01:40+00:00,2,0,0,1191.574666,1191.57,2378.378372002,2
0xf9937c57170f50538b73a6713c6f2c495552acad,2026-05-10T18:18:33+00:00,2026-05-10T18:20:19+00:00,2,0,0,18.8,18.8,36.848,2
0xf9ac82c361c15cc645c9e46bfb4aabbb48f32f4f,2026-03-11T19:17:51+00:00,2026-03-16T00:52:27+00:00,2,2.702701,2.7,0,0,1.7829990000002331,2
0xf9b9d1ea11822242a5c9f2a43d3fc66071252d38,2026-06-15T06:58:27+00:00,2026-06-16T03:30:34+00:00,2,0,0,257.63,257.63,512.94133,2
0xf9c14b4e50bf560ccaf357b471ad5fe3fd6884ca,2026-05-29T05:42:51+00:00,2026-05-29T05:42:51+00:00,1,0,0,3.6105,0,3.5599530,1
0xf9c222856129e0ef54c7ab8029e23c3f2af8276f,2026-06-13T02:26:48+00:00,2026-06-13T17:14:18+00:00,2,250.0,250.0,0,0,1.5000,2
0xf9c3761d64a7a73d178d588e1ead806506263d81,2026-03-01T06:06:45+00:00,2026-03-01T06:06:45+00:00,1,0,0,5.0,0,2.600,1
0xf9d969bd75d0ee5e76acb2102a9bbc0efb431ff9,2026-03-01T01:54:23+00:00,2026-03-01T01:54:23+00:00,1,294.474508,0,0,0,149.9999989925407968,1
0xf9e044ffb6757c786968e4dd4f4ecbf26814dc8a,2026-05-16T20:40:57+00:00,2026-05-16T20:40:57+00:00,1,1428.571428,0,0,0,9.9999989960000004,1
0xf9e5ff093348bd5b70b8e874f86c2e72808d1cbb,2026-05-25T12:14:30+00:00,2026-05-25T12:33:49+00:00,2,0,0,2077.001,2077.0,4095.92744701550,2
0xf9f0974bf813c066c0522e9cea04702fb9100a1b,2026-04-29T18:53:22+00:00,2026-04-29T20:08:38+00:00,3,0,0,60.0,0,57.9400,3
0xf9fa747f8348268f6552ab0abf6f938403826672,2026-05-13T07:29:03+00:00,2026-05-13T07:29:03+00:00,1,66.666665,0,0,0,0.9999990016666910,1
0xf9fe884b2b133deefce23d6f10ec30805a251998,2026-04-16T06:21:34+00:00,2026-04-20T02:18:12+00:00,22,227.3194,227.30,0,0,20.988930,22
0xfa037eafe2e7961530cc7d3b18d28ae8e0bb8538,2026-04-27T14:25:10+00:00,2026-04-27T14:25:16+00:00,2,45.0,0,45.0,0,45.0000,2
0xfa11dbd7441ce7072b17bde72d6324af6e70cbe3,2026-06-03T18:14:06+00:00,2026-06-05T07:48:07+00:00,36,8000.00,8000.0,0,0,136.00000,36
0xfa13041ad8282dc8578dd2f29e6d532a1ee74229,2026-05-06T11:34:06+00:00,2026-05-06T11:34:06+00:00,1,0,0,30.0,0,28.9500,1
0xfa1a29ecd308a16f6db77d7e1a2dbb127574d173,2026-05-27T08:36:51+00:00,2026-05-27T08:36:51+00:00,1,0,0,1.8274,0,1.7999890,1
0xfa26024d35ebfae8ca7ec240024922df80afe1e2,2026-05-15T11:12:21+00:00,2026-05-15T11:12:21+00:00,1,90.909089,0,0,0,0.9999989971818388,1
0xfa3fa867a2cd254951f04c5960ebbac31013efd8,2026-06-05T06:37:28+00:00,2026-06-05T06:37:28+00:00,1,555.555555,0,0,0,4.9999989950000010,1
0xfa438ad2f23d8a27035784d4cf625efc86880cca,2026-06-11T12:02:00+00:00,2026-06-11T12:02:00+00:00,1,3333.333333,0,0,0,9.9999989990000001,1
0xfa4ab633b61c7fe34dc9d674431dda08d23f59b8,2026-05-14T08:44:21+00:00,2026-06-05T13:01:06+00:00,3,0,0,200.0,100.0,296.6000,3
0xfa53c839d27b430898a7c26699ed91b79759bf5a,2026-06-09T11:22:28+00:00,2026-06-09T11:22:28+00:00,1,400.0,0,0,0,2.0000,1
0xfa583b1835aa8c50cd30c8fc3bf560ac8c2f6c4f,2026-05-10T04:55:46+00:00,2026-05-20T23:51:34+00:00,14,0,0,42.92,42.92,84.19850,14
0xfa5b8b0aa6d978b24ef29f9ba89b523a6b0b6a20,2026-05-17T23:35:23+00:00,2026-05-18T13:14:56+00:00,2,0,0,58.18,58.18,115.1964,2
0xfa5e3894844647d47ee768315630b5fdc8bbc88b,2026-05-22T00:10:04+00:00,2026-05-22T00:10:04+00:00,1,111.11111,0,0,0,1.000000001111111,1
0xfa627cf8cb22ee12e7d132b91c87c0652cfdb1cf,2026-04-30T08:10:50+00:00,2026-05-03T00:41:18+00:00,4,0,0,114.19,114.19,221.284450002053,4
0xfa6d74d8cc5970e3a1d38dc13697fcceba40d774,2026-05-01T22:36:08+00:00,2026-05-01T22:36:08+00:00,1,25.0,0,0,0,1.000,1
0xfa707c472fd7ddf8f5524b3ab52ea704fa61ec65,2026-06-16T09:11:46+00:00,2026-06-16T16:47:02+00:00,2,0,0,999.0,999.0,1990.0080,2
0xfa7d856425fb1e763b54219bb994d2054ab8a524,2026-05-02T21:31:28+00:00,2026-05-20T01:41:23+00:00,4,13439.945128,0,0,0,123.6956590048205144,4
0xfa80a9b18fcd37aa035c1b8bc3dd7c8d5f4cfe77,2026-03-21T15:05:23+00:00,2026-03-28T11:20:05+00:00,2,9.090908,9.09,0,0,1.6362990000001056,2
0xfa81528a9d5ec4fa55b814e19bf9b7dc888ac033,2026-05-15T00:27:36+00:00,2026-05-15T00:27:36+00:00,1,71.42857,0,0,0,1.000000001428571,1
0xfa8e5f9dbaad7f7648dbaf87424886a8aa88a37d,2026-06-06T04:06:21+00:00,2026-06-06T04:55:01+00:00,3,0,0,1157.796666,1157.79,2300.535356004,3
0xfa8f40a9aef478c0430dfa8d9f9d1bc78e1b0c92,2026-04-30T00:53:08+00:00,2026-04-30T00:53:08+00:00,1,68.965517,0,0,0,1.9999989998965552,1
0xfaa67afd7be96d364df11bff02530cfa7ef5d822,2026-06-10T19:04:04+00:00,2026-06-10T19:04:04+00:00,1,0,0,1.002,0,0.999996,1
0xfaa7e54ccfb475b16dda64291c5072f288c43ddf,2026-06-07T20:57:04+00:00,2026-06-07T20:57:04+00:00,1,1266.666666,0,0,0,7.5999989826666672,1
0xfab20445a78ca555401ecba1a0a747ca1dec6479,2026-05-12T05:20:14+00:00,2026-06-03T04:55:42+00:00,4,0,0,190.963820,190.96,376.9535819954750560,4
0xfabc929497365afc4bda978ecac3e3ffc98514c7,2026-04-30T10:19:44+00:00,2026-04-30T10:19:44+00:00,1,76.923075,0,0,0,1.9999989961538700,1
0xfabe6e0e314577c57370a50c6084512b34e8704e,2026-06-16T08:56:51+00:00,2026-06-17T18:00:41+00:00,2,0,0,164.99,164.99,329.15505,2
0xfabffd6355fac7f8f87111d4a5e21282298ed59a,2026-04-26T06:34:46+00:00,2026-05-06T07:51:22+00:00,4,0,0,40.24,40.24,77.28750,4
0xfac65d528ed3de1991e3c2fb82ea4eac8d9c014f,2026-06-02T00:57:03+00:00,2026-06-17T18:00:41+00:00,4,0,0,1147.0,1147.0,2287.7140,4
0xfad46a04be80ce5dbd9766d0c5f710e4cf3caeda,2026-05-01T08:05:32+00:00,2026-05-12T07:59:03+00:00,2,33.333332,33.33,0,0,1.6999290000000384,2
0xfade7fcc3f773343bffd3d65c1d81bf3bbb4180b,2026-05-01T16:50:32+00:00,2026-05-01T16:50:32+00:00,1,25.641024,0,0,0,0.9999990001026240,1
0xfaf4cdb4340d3fd4215d96e2bf416755788beac7,2026-03-30T21:32:09+00:00,2026-06-17T18:44:25+00:00,2,0,0,1.05262,1.05,2.0489390,2
0xfafd85cd918827ddf0b3dce19d2de966d5a6c5ab,2026-06-16T11:23:51+00:00,2026-06-16T11:23:51+00:00,1,0,0,128.23275,0,127.71981900,1
0xfb0c6010d8cdc219990e6eece110cd409f87eba9,2026-05-17T18:48:56+00:00,2026-05-18T07:20:55+00:00,2,0,0,52.41,52.41,103.77180,2
0xfb129bebeda3b049b984ef1965cf69d9806cd1b3,2026-05-31T13:18:24+00:00,2026-05-31T13:18:24+00:00,1,111.111111,0,0,0,0.999998999000001,1
0xfb1667df64b471f3eb6daa61a82918e0e2fb2785,2026-05-13T05:57:19+00:00,2026-06-04T15:12:30+00:00,3,0,0,200.0,100.0,296.5000,3
0xfb1a4556b4034c9b72c277940bff8b5e94bc69c7,2026-05-17T16:10:41+00:00,2026-05-18T06:14:40+00:00,2,0,0,98.08,98.08,194.19840,2
0xfb1bd0b08e5c79c55b55956eb1fd0cda064df198,2026-05-14T13:56:42+00:00,2026-05-19T22:00:25+00:00,2,444.444444,0,0,0,5.999997994000002,2
0xfb30689a6c0146ffcef527005968000f3ca32169,2026-03-28T22:06:54+00:00,2026-03-30T13:49:09+00:00,4,0,0,4.12,4.12,7.7044,4
0xfb3cac4c07b05f3958228ee0b1b4e5e4c2c4ac48,2026-05-13T04:26:12+00:00,2026-05-13T04:26:12+00:00,1,66.666665,0,0,0,0.9999990016666910,1
0xfb447c72da8a141aa53497022eeb03530e491482,2026-03-06T14:16:01+00:00,2026-04-03T12:48:51+00:00,2,301.835,301.83,0,0,115.0914999910330,2
0xfb6e570fa28de12f849e6e585b6b674410561a6e,2026-03-23T19:06:55+00:00,2026-03-23T19:06:55+00:00,1,62.5,0,0,0,5.000,1
0xfb7490411705a1cbecb4d6c1a011c2e744a3ae29,2026-04-13T14:27:19+00:00,2026-04-29T10:10:38+00:00,16,399.99052,0,62.58,52.29,130.0449860,16
0xfb74dd6a2067af7a34a9baa852ecd1f122f72156,2026-06-13T06:52:01+00:00,2026-06-13T06:52:01+00:00,1,0,0,5.01,0,4.99998,1
0xfb75534ce1f1f113bc286a628ad3d98b00a3f3d1,2026-04-27T18:15:56+00:00,2026-04-27T19:54:28+00:00,2,0,0,60.0,60.0,115.1400,2
0xfb93a5d04b6dfd483ce79402ec1ad969ea80b12d,2026-05-01T16:25:38+00:00,2026-05-01T16:27:02+00:00,2,0,0,2700.0,2700.0,5173.2000,2
0xfba277382e9f1c8dc2f93ba4eafacfd5d37297c1,2026-04-12T05:52:15+00:00,2026-06-06T16:13:04+00:00,2,0,0,4.202116,4.2,8.1289890000798980,2
0xfba638c083dcd88a6711a1ffba4352c5431a1fca,2026-06-16T10:23:12+00:00,2026-06-16T12:46:24+00:00,6,0,0,20910.0,0,20805.4500,2
0xfba8d4799348ab3335163b7d7ecb85d5394a32ba,2026-03-24T23:41:47+00:00,2026-06-04T15:42:33+00:00,2,137.5,0,0,0,2.0000,2
0xfbac35185100acb7a35b7ea72e9090215b2119ef,2026-06-09T13:13:49+00:00,2026-06-14T23:22:42+00:00,2,533.333333,0,0,0,1.999998999000001,2
0xfbd8c9c22ca76b3662d0e53a4f79719fdc684027,2026-05-23T18:17:46+00:00,2026-06-17T18:00:43+00:00,1151,0,0,371560.002066,0,368682.1539049930588,1151
0xfbd9bc6313d1e0293853c20fb93fb2e1bdbe700b,2026-04-22T09:16:10+00:00,2026-04-22T09:16:10+00:00,1,61.530611,0,0,0,2.9999989975483996,1
0xfbde5e1baab61f6c52e8c63be7e4831724682b4e,2026-04-30T08:35:10+00:00,2026-04-30T08:35:10+00:00,1,40.0,0,0,0,1.0000,1
0xfbe3f7efafd859084d3bdf688fa1908fc62c889b,2026-05-29T03:17:57+00:00,2026-05-29T03:17:57+00:00,1,0,0,2.028357,0,1.999959999971643,1
0xfbfd14dd4bb607373119de95f1d4b21c3b6c0029,2026-04-28T06:22:40+00:00,2026-06-17T18:00:41+00:00,3547,1892437.513415,8706757.864512,7235.759704,0,53609.0050481375340148,3522
0xfc079f0ba60e705e033bb1fe2a156727bb5aa0b0,2026-04-01T17:35:23+00:00,2026-04-01T17:40:43+00:00,2,142.857141,142.85,0,0,18.5709989985714399,2
0xfc0878758e416dff590ff172cdb2862df12f374f,2026-06-11T16:44:18+00:00,2026-06-11T16:51:58+00:00,44,0,0,4541.5875,4541.58,9060.4595850,44
0xfc1028e91f0ac43324d295d82f4cc80f7923ce53,2026-06-17T11:36:56+00:00,2026-06-17T11:36:56+00:00,1,0,0,145.0,0,144.7100,1
0xfc1df5edd21fa1908110b0254599da6dc5a81997,2026-05-18T07:18:00+00:00,2026-05-29T05:12:01+00:00,2,90.0,90.0,0,0,2.3400,2
0xfc29551537961370ac71ea187fb8293ee3a1f1bb,2026-04-27T12:18:06+00:00,2026-04-27T19:54:28+00:00,2,1136.136362,1136.13,0,0,94.8390989888239104,2
0xfc36ca76484398bcbc3907fb10333e24fbeb843e,2026-06-13T23:58:57+00:00,2026-06-14T11:35:42+00:00,2,0,0,260.48,260.48,519.39712,2
0xfc50137a0e20ff8a7b8112885d29de613019d2dc,2026-05-02T06:50:32+00:00,2026-05-02T06:50:32+00:00,1,998.536584,0,0,0,40.9399990453170744,1
0xfc58c35e7aa3b1ac94787c7a37192581d5d1f30c,2026-02-18T13:05:42+00:00,2026-03-15T15:46:01+00:00,2,9.433961,9.43,0,0,7.734698999811365,2
0xfc7237a646e63b2bf257d46b2f187351ee3f8b6c,2026-06-14T15:39:27+00:00,2026-06-14T15:39:27+00:00,1,0,0,10.02,0,9.99996,1
0xfc7d655608aa68875db2499f1bce987f194ee568,2026-05-15T04:02:56+00:00,2026-06-05T16:50:51+00:00,3,0,0,200.0,100.0,296.6000,3
0xfc89ab9994cd26f9d46aae2447d444bdbde3c5c0,2026-05-07T22:01:20+00:00,2026-05-08T01:31:47+00:00,5,0,0,36.63,36.626919,71.0999179998093384,5
0xfc962743d1f51c9ef13e83de1579bd68c94103b5,2026-06-10T06:38:37+00:00,2026-06-14T19:20:01+00:00,2,0,0,9.027,9.02,17.992859,2
0xfc9e8a31252d1513a02e4b8b610e222adb43ce97,2026-05-03T06:11:28+00:00,2026-05-07T18:53:37+00:00,4,0,0,45.30,45.30,87.53328,4
0xfc9eff49463b5a504579260593012d33e787fc00,2026-03-09T16:45:27+00:00,2026-03-09T16:45:27+00:00,1,3.333332,0,0,0,0.99999900000024,1
0xfcbab35671472409af41a127980f18043a762398,2026-02-09T02:47:21+00:00,2026-02-15T19:38:33+00:00,31,61.84,41.84,27.145131,7.14,70.9851340001751179,30
0xfcc235da8bb7e69f3df0ab097bf115231864d395,2026-06-12T18:03:30+00:00,2026-06-12T18:03:30+00:00,1,0,0,1.002,0,0.999996,1
0xfcca373bf26723ecc3b51c02658f0611688ed40a,2026-03-07T01:50:31+00:00,2026-03-07T01:50:31+00:00,1,28.571427,0,0,0,9.9999989985714534,1
0xfcce875dad7e4a7a12099ddc065e84482f618f74,2026-06-17T16:59:40+00:00,2026-06-17T16:59:40+00:00,1,0,0,58.67,0,58.49399,1
0xfcebaecfb06a433d952f87bb8843db6428aa6334,2026-05-29T10:00:14+00:00,2026-05-29T10:00:14+00:00,1,0,0,5.0,0,4.9300,1
0xfcf5f27ceeb89aa6341e45dca989c5a24e0cee84,2026-05-28T23:12:57+00:00,2026-05-28T23:12:57+00:00,1,833.333333,0,0,0,9.9999989960000004,1
0xfcf6c68564cfe876be7758cc75d34cde1cbf54b9,2026-05-04T15:35:52+00:00,2026-05-06T15:54:19+00:00,4,1000.0,1000.0,979.38,979.38,1939.767980000,4
0xfcfa377eb7a9eea31bbb2bb0ae1f9090e6eea259,2026-05-17T06:45:29+00:00,2026-05-17T18:49:59+00:00,2,0,0,108.25,108.25,214.76800,2
0xfd1a92c3b1267622b9209836b607f518872a8b79,2026-04-24T12:53:00+00:00,2026-04-24T12:53:00+00:00,1,116.279068,0,0,0,4.9999990053953628,1
0xfd1c2ca5067cf9e021a32cbede75bfb7fc381f7c,2026-03-11T04:26:21+00:00,2026-03-11T04:26:21+00:00,1,2.702701,0,0,0,0.9999990000002331,1
0xfd1d11f5f63c96c249712c7dce4afe6e08f9c9e2,2026-05-12T15:22:49+00:00,2026-05-12T15:24:38+00:00,2,68.0,68.0,0,0,1.9720,2
0xfd1fe62cb00ecf9dd5a1455a6016e217e8192bf9,2026-02-10T15:17:35+00:00,2026-03-18T15:22:01+00:00,2,35.714284,35.71,0,0,29.6416990007142876,2
0xfd2d85b71deefe57cdc53088c51bec431dc3fb88,2026-05-08T19:42:45+00:00,2026-05-08T19:42:45+00:00,1,117.647057,0,0,0,1.9999990042941326,1
0xfd375be459d1f816be21603108dc07b273e7ee64,2026-05-18T12:20:48+00:00,2026-05-18T12:20:48+00:00,1,100.0,0,0,0,1.1000,1
0xfd3a9b2108fbd47faadee7b82fdf298322baeae5,2026-02-25T06:16:22+00:00,2026-02-25T06:16:22+00:00,1,440.446807,0,0,0,206.5099990095553195,1
0xfd541f85ae0f5b05b7ea813a83f093c74e2a1923,2026-06-17T05:04:25+00:00,2026-06-17T05:04:25+00:00,1,0,0,10.02,0,9.99996,1
0xfd557e6db670c9704bc1d0d8e8b585c7d9c9f905,2026-05-08T12:30:20+00:00,2026-06-12T22:36:43+00:00,24,0,0.83,610.0,0,600.78032,24
0xfd5b60d8c3e108b05ac25435fde3db43889f8882,2026-06-16T20:43:58+00:00,2026-06-17T04:53:10+00:00,2,9999.999999,0,0,0,29.9999983303333335,2
0xfd5cb734b9030cfdf8d3fb3ba5baf1c948724063,2026-05-17T06:45:29+00:00,2026-05-17T20:54:58+00:00,2,0,0,56.79,56.79,112.61457,2
0xfd66d7ed45d7962ad009e669cdaec9319e38fb6d,2026-06-16T13:43:34+00:00,2026-06-16T13:43:34+00:00,1,50000.0,0,0,0,250.0000,1
0xfd768cd3ecb08f4ccfac58142a2a1de941088c96,2026-05-20T17:03:10+00:00,2026-05-20T18:11:29+00:00,3,765.01068,765.01,0,0,15.36508998098850,3
0xfd8595b7944ffb354af60dd32b0224131f0163c0,2026-02-11T19:35:33+00:00,2026-03-04T18:48:13+00:00,2,2724.017546,2724.01,0,0,2221.3379988419587524,2
0xfd930b55531a99260624e10dccaa5f282d16cb02,2026-06-10T16:48:54+00:00,2026-06-10T16:48:54+00:00,1,0,0,1.032,0,1.029936,1
0xfd98e745ceef76c86aecabce505ef4fb6748bf3a,2026-05-12T02:09:06+00:00,2026-05-12T02:09:06+00:00,1,0,0,12.232414,0,11.999997999443446,1
0xfda0d430a3dd0b2be5e9bf3f59db336631fb5d91,2026-02-14T15:49:51+00:00,2026-02-18T05:59:18+00:00,2,2.173075,2.17,0,0,2.25839900,2
0xfdcd9293320d68ad114d9b0677453793eada66cf,2026-05-01T23:02:54+00:00,2026-05-01T23:02:54+00:00,1,122.317073,0,0,0,5.000000005703864,1
0xfdd4fa5679207d154d03fb991fe6f7bd1466f651,2026-03-23T17:36:05+00:00,2026-06-17T14:33:16+00:00,2,25.0,25.0,0,0,2.0500,2
0xfdd5d0e54596783f320e4f190efa3875d3a4b02b,2026-06-17T16:39:59+00:00,2026-06-17T16:39:59+00:00,1,0,0,64.0,0,63.8720,1
0xfdd63c3d5bb5ad86f623ce5db95c32e8d40cc352,2026-06-17T16:24:52+00:00,2026-06-17T18:00:49+00:00,2,666.666666,666.66,0,0,2.6666589980000010,2
0xfdd6b2b92edd2b82cb15f54306e342afba868133,2026-05-05T15:20:02+00:00,2026-05-05T22:20:10+00:00,2,0,0,62.14,62.14,120.67588,2
0xfde525fbce061f0d12ec00b22f3821c6d32a6f3e,2026-06-01T18:55:33+00:00,2026-06-04T01:50:16+00:00,2,0,0,16.36,16.36,32.47460,2
0xfdee6dcc3c5fe26e9e20411bfa41e327fc209b8c,2026-03-18T17:58:37+00:00,2026-03-18T17:58:37+00:00,1,192.307691,0,0,0,49.9999990061538506,1
0xfdeffd359d509574c9dd42a39d29f92c5ec1dda8,2026-04-30T08:08:50+00:00,2026-04-30T13:12:54+00:00,2,0,0,65.42,65.42,127.50358,2
0xfdfd07a343dd09461b123784189a6876e35c4a7e,2026-06-12T16:22:24+00:00,2026-06-12T16:22:24+00:00,1,0,0,1.042,0,1.039916,1
0xfdfe36da4bcda00c4c647db1522d60d134291376,2026-02-03T16:07:10+00:00,2026-03-11T12:44:17+00:00,2,0,0,3.508769,3.5,4.2399979998248371,2
0xfe0453bbf0468d77671f773644f13bc9b03d3b6d,2026-06-12T02:28:31+00:00,2026-06-12T02:28:31+00:00,1,0,0,1.172,0,1.169656,1
0xfe0b12d5dccf655f9a74bafaa51517694ab76946,2026-05-11T12:26:10+00:00,2026-05-11T12:26:10+00:00,1,142.857141,0,0,0,2.9999990038571553,1
0xfe27bb54c8ae019daad4add07f03635143fb37ac,2026-05-01T11:52:44+00:00,2026-05-05T08:21:48+00:00,2,0,0,10.298655,10.29,20.0327439998506725,2
0xfe2b3c2460755a278bcc5344cc5b672ced589ce1,2026-04-29T13:57:34+00:00,2026-05-15T18:08:57+00:00,2,25.0,25.0,0,0,1.2250,2
0xfe2be179d7916a5a1311bf212fa9fbfc720451de,2026-04-14T19:33:28+00:00,2026-06-16T15:20:31+00:00,4,1916.666665,166.66,0,0,26.3329990000000090,4
0xfe3b74bd99abadb79bb3667aafbb8986113b188c,2026-05-17T18:48:56+00:00,2026-05-18T05:19:52+00:00,2,0,0,81.95,81.95,162.17905,2
0xfe41328c99802a1103d74514f71a16b0eee19f23,2026-05-01T15:36:32+00:00,2026-05-12T01:53:49+00:00,46,250.0,249.991427,500.0,499.996565,987.7225569997113512,46
0xfe4959971aca05aa4fb4fa613529a60b6632f3be,2026-05-03T14:31:56+00:00,2026-05-03T22:33:02+00:00,2,0,0,54.94,54.94,105.86938,2
0xfe5626b5836976d139c01204c395026094d993a2,2026-05-07T04:38:26+00:00,2026-05-10T15:13:24+00:00,2,5.0,5.0,0,0,0.2600,2
0xfe6bebc0ec5a25ebfde025b884e5676ed1791f57,2026-06-10T02:30:37+00:00,2026-06-12T02:15:03+00:00,2,0,0,16.048,16.04,31.991736,2
0xfe6c9f046695f53990cd29291e7e74654144e7af,2026-05-03T13:53:06+00:00,2026-05-07T02:06:53+00:00,8,0,0,214.43,214.43,414.36997,8
0xfe6d82ae3bef14641403c660dc517e7026e20f30,2026-05-03T18:06:58+00:00,2026-05-08T14:26:44+00:00,4,0,0,104.44,104.44,202.30348,4
0xfe70fd49eb4593a2775a5bf12ba9518cba95de8b,2026-06-16T02:10:48+00:00,2026-06-16T02:10:48+00:00,1,0,0,10.04,0,9.99984,1
0xfe728eac39de9ff73d68a073f8c2cd897f6ac936,2026-04-18T12:18:12+00:00,2026-04-18T12:18:12+00:00,1,20020.651427,0,0,0,1297.1099990660487697,1
0xfe78cade30f15e8c5f506a4b547e99bf7323838a,2026-06-09T19:30:48+00:00,2026-06-09T19:30:48+00:00,1,0,0,1.003,0,0.999991,1
0xfe9a49c83798bff4aab140f2fa3a9e56ea29c8a8,2026-05-17T06:45:29+00:00,2026-05-17T19:32:08+00:00,2,0,0,128.6,128.6,255.1424,2
0xfeb5740c6f7bac68d440fa5964a59a59c84cc959,2026-06-13T22:59:00+00:00,2026-06-14T01:06:39+00:00,2,0,0,10.02,10.02,19.98990,2
0xfec046688669bf915101d63726ee6abfe3bcf051,2026-03-24T06:31:59+00:00,2026-03-24T06:31:59+00:00,1,12.5,0,0,0,1.000,1
0xfec90e5659597f29888507942cb1b710eb8bd677,2026-04-09T15:09:47+00:00,2026-04-09T15:09:47+00:00,1,0,0,3.260862,0,2.9999929998913974,1
0xfeccec796fa6d52a9ecc1e4e2fcca41ad6f377f9,2026-06-17T13:38:35+00:00,2026-06-17T13:38:35+00:00,1,356.666665,0,0,0,1.069999995,1
0xfed73096f7b2d526786be2d7060077e86a5ed43d,2026-06-08T03:18:12+00:00,2026-06-08T03:18:15+00:00,2,0,0,12.5024,12.5,24.8648880,2
0xfee0892601ea82617fdf8c7af482db795eecc5c4,2026-06-17T07:01:29+00:00,2026-06-17T07:01:29+00:00,1,333.333333,0,0,0,0.999998999000001,1
0xfee3c10b66c1b11c8eeb94e24ee1b0cb1aac150c,2026-05-09T12:57:21+00:00,2026-05-15T13:32:11+00:00,4,29995.555554,29995.55,0,0,831.134089972,4
0xfeecbae749f0985527a5407d01b0a7d1b1ee0797,2026-06-07T09:48:57+00:00,2026-06-07T09:48:57+00:00,1,0,0,30.0,0,29.8800,1
0xfeeda7a81937667733e28676c4e18082ae9c2453,2026-05-31T05:20:18+00:00,2026-05-31T05:20:18+00:00,1,200.0,0,0,0,2.000,1
0xfef2fd253b231b5bba668efa93ecc64442ac492f,2026-05-01T17:21:38+00:00,2026-05-01T17:22:16+00:00,2,0,0,8.33,8.28,15.93732,2
0xfef4d9da55d6330ec05a4a56bb6740f6508c6399,2026-05-29T06:41:05+00:00,2026-05-29T06:41:05+00:00,1,0,0,4.868153,0,4.7999980002314414,1
0xfef4edf8c1a76e66ff065081a136c9bfeef429bd,2026-06-16T02:33:49+00:00,2026-06-16T12:58:18+00:00,8,0,0,13809.88,13809.88,27495.47108,8
0xfefb8df5b7d1118ef265c2e584104af0b3cb07dc,2026-06-11T22:16:51+00:00,2026-06-11T22:16:51+00:00,1,0,0,2.054,0,2.049892,1
0xff115b7c3b3130869170ed821d261cc196a25edf,2026-06-13T19:24:36+00:00,2026-06-13T19:24:36+00:00,1,0,0,1.002,0,0.999996,1
0xff165cf8eb75ee77933a7544d7cd600ccb2c7511,2026-05-03T10:26:38+00:00,2026-05-06T11:35:08+00:00,45,3999.952274,3999.943510,0,0,291.9961890456226940,45
0xff2b307d34dd3110cc9295035a7e9cc4b5939f88,2026-05-16T16:26:32+00:00,2026-05-16T16:32:09+00:00,2,1854.285712,0,0,0,12.979999984,2
0xff30ba8b58dbc18ac3a20bade626d6dab62d8088,2026-06-07T18:49:03+00:00,2026-06-08T05:18:34+00:00,2,0,0,42.98,42.97,85.47727,2
0xff326eb5b2f8517f55003df0a1f14f25c02b429d,2026-06-17T03:36:13+00:00,2026-06-17T03:49:14+00:00,2,2000.0,0,0,0,6.0000,2
0xff39ce35dbfd9acd0d2b19b587625d72e22c69e8,2026-04-02T08:14:21+00:00,2026-04-02T10:29:37+00:00,2,0,0,5.3,5.3,9.911,2
0xff3fc700fc032c09b78d023f93cb0352f4db76ad,2026-06-06T19:03:09+00:00,2026-06-07T09:09:16+00:00,2,0,0,53.47,53.47,106.29836,2
0xff47425138afb88bdf06369828acce3cf4319ad4,2026-06-06T20:13:15+00:00,2026-06-08T15:54:31+00:00,10,10050.00,10049.993333,0,0,110.5499590230000003,10
0xff4eec9e20a562c2b74a450249d568305b335502,2026-06-16T17:20:25+00:00,2026-06-17T18:03:38+00:00,22,29999.972,29999.97,0,0,60.359272,19
0xff549fad5c77fdacb51c1bb633ed5cfc613e62b5,2026-04-30T08:17:42+00:00,2026-04-30T13:21:48+00:00,2,0,0,64.86,64.86,126.41214,2
0xff5660322c7aa6b9563adc3b2ede0dc6189adfe3,2026-05-22T06:28:29+00:00,2026-05-23T06:13:18+00:00,2,0,0,27.0765,27.07,53.6862580,2
0xff57cebaede74d43f8e0ed001c3b4445f09656d1,2026-05-11T20:32:56+00:00,2026-05-11T22:38:28+00:00,5,0,0,147.0,147.0,287.47900000240,5
0xff73aee0d262f831cc9b3aa2bd0c0d88b8efa11d,2026-05-15T11:14:12+00:00,2026-05-16T12:01:56+00:00,2,90.909089,90.9,0,0,1.6362989971818388,2
0xff75381036a4f60a5c8b91b8fe603a4709d8a3a3,2026-06-08T07:22:51+00:00,2026-06-08T07:22:54+00:00,2,0,0,13.9596,13.95,27.7561020,2
0xff89d43bc0a91493e294bf1f9a12ad00df46146e,2026-05-08T13:13:46+00:00,2026-05-08T18:19:00+00:00,2,0,0,51.02,51.02,100.15226,2
0xff98bc2ffdc690061b61138f1e4881266300678d,2026-05-18T15:06:39+00:00,2026-05-18T15:06:39+00:00,1,500.0,0,0,0,5.000,1
0xffa14f82521b614393bc00bf98e20e213b133c38,2026-05-16T09:46:48+00:00,2026-06-16T14:31:43+00:00,3,375.0,125.0,0,0,3.0000,3
0xffa2dbfe8f976c96397d96050782ade8b8eaff83,2026-06-12T13:45:10+00:00,2026-06-12T13:45:10+00:00,1,1000.0,0,0,0,3.0000,1
0xffa6c8d9dd37e047b1154559cde93b68d7ab08a2,2026-06-12T19:38:00+00:00,2026-06-12T19:38:00+00:00,1,2000.0,0,0,0,10.0000,1
0xffa8b43f14103980cc33dee59b411f4e3768c778,2026-05-23T14:45:45+00:00,2026-05-30T02:31:39+00:00,2,0,0,2.014,2.01,3.989802,2
0xffaf8a35fbe96efb14481112b7f57ac36cfa64c6,2026-06-16T20:02:04+00:00,2026-06-16T22:10:07+00:00,2,75456.87,0,0,0,226.37061,2
0xffb00a469a21f67d82c877c598379474fdf714bd,2026-06-17T09:34:34+00:00,2026-06-17T09:34:34+00:00,1,666.666666,0,0,0,1.9999989980000010,1
0xffb4ca04c8c14d763bccee3cced42ac49792af47,2026-05-15T21:17:48+00:00,2026-06-01T23:27:50+00:00,2,222.222222,0,0,0,1.999997998000002,2
0xffc7fc3c1dde689d8eaea65c8e22a3e0e8d24dd1,2026-06-14T18:36:55+00:00,2026-06-14T18:36:55+00:00,1,0,0,1.002,0,0.999996,1
0xffcb53036e1d8cdd546d9bdf9c85e671dc622ae1,2026-05-06T05:54:34+00:00,2026-05-12T10:15:24+00:00,2,0,0,57.8,57.8,112.6522,2
0xffd21411e46b606fe4a4e6843f6656aea1e7d7ae,2026-02-03T03:01:42+00:00,2026-04-23T05:01:20+00:00,31,4499.976414,0,0,0,746.5358849990739395,31
0xffd5d9eb1cb2dae4935b782126c7f074b753eb04,2026-05-13T04:37:00+00:00,2026-06-03T10:30:34+00:00,3,0,0,178.967116,89.24,265.0797620010507126,3
0xffe03fd417ac751e5bca5d45c2491bf661d9b0df,2026-06-10T17:48:28+00:00,2026-06-10T17:48:28+00:00,1,0,0,1.002,0,0.999996,1
0xffe4faaeae2f5cdd4e9a51192d245c8125d09fca,2026-04-09T08:43:23+00:00,2026-05-21T09:43:47+00:00,2,94.444442,0,0,0,1.9999990006667564,2
0xffef70997dc07f4a9f11c90bc8b0100b31fdd7db,2026-04-20T19:32:02+00:00,2026-04-30T12:55:40+00:00,6,500.00,500.0,0,0,34.50000,6
