wallet_address,first_trade_utc,last_trade_utc,participant_rows,buy_yes_shares,sell_yes_shares,buy_no_shares,sell_no_shares,gross_participant_notional_usd,unique_transactions
0x0002def538e3dc6e331a31b00aec57e4d2072bdd,2026-05-23T04:57:28+00:00,2026-05-23T04:57:28+00:00,1,0,0,10.0,0,9.9800,1
0x000df877b239124348852c599f8fe060b3ea8c9b,2026-04-30T17:37:38+00:00,2026-05-17T09:58:43+00:00,7,5832.5,5832.5,0,0,32.8275,7
0x000edc4d28b9751d1b5101058098b04bac1ce7f6,2026-05-10T16:21:46+00:00,2026-05-14T19:43:59+00:00,2,0,0,12.136333,12.13,24.1935339997863667,2
0x0014801c8e12dbf3df2bf60140dd010c9fff3e66,2026-05-30T04:57:30+00:00,2026-05-30T05:03:41+00:00,2,0,0,106.346,106.34,212.366974,2
0x0027b5352c76355b733a98265e06802be74dc760,2026-05-09T08:40:02+00:00,2026-05-09T09:46:25+00:00,3,0,0,52.838410,52.83,105.2985740015336797,3
0x002936af44de49f2a0136afb35329d8d321e7656,2026-05-28T12:24:18+00:00,2026-05-28T12:24:18+00:00,1,0,0,3.006,0,2.999988,1
0x002c7c89b0684678caa681da46b463ad97b1fe45,2026-05-17T15:40:19+00:00,2026-05-17T18:56:31+00:00,2,3604.99,3604.99,0,0,18.02495,2
0x002fbdc9232ef7fe2e0dcec2015f3523bbb09602,2026-02-16T02:44:09+00:00,2026-02-16T02:44:19+00:00,2,0,0,137.4745,137.47,269.7205590,2
0x0041bb2f614efb3e1784c9e00e54f8b109c164a4,2026-05-11T01:53:54+00:00,2026-05-11T02:52:47+00:00,2,0,0,85.095,85.09,169.589355,2
0x004569a1ce4bb537da08e45b8d5cd5fd9bfd00f5,2026-05-19T07:58:35+00:00,2026-05-19T10:13:57+00:00,2,0,0,10.4205,10.42,20.7883990,2
0x0047a8dac7a9876ddf45fe1d0e3a26749f674053,2026-05-05T04:49:28+00:00,2026-05-05T07:29:00+00:00,2,0,0,126.940666,126.94,252.992084002,2
0x00487dfd9a2213a602184f3e202a17a347a2d4a5,2026-03-07T15:31:59+00:00,2026-03-19T21:23:21+00:00,2,125.0,125.0,0,0,1.8750,2
0x006109fbf51e2e5d5fb75acc1567b59e37b2a51b,2026-05-26T06:59:31+00:00,2026-05-26T06:59:31+00:00,1,0,0,22.0,0,21.9340,1
0x00655bf84f1ba9b0a7c6012a271f8529927753e8,2026-03-26T11:33:37+00:00,2026-03-29T03:38:04+00:00,4,190.909089,190.9,0,0,3.9998989971818388,4
0x006d9b19279245d8032e81dfdff1b34da273da76,2026-04-17T03:19:50+00:00,2026-04-21T02:37:04+00:00,2,0,0,16.06,16.06,31.92728,2
0x0075edf4e637a36aba8b4fc56f0dcd163794bec7,2026-06-02T11:53:18+00:00,2026-06-02T11:53:18+00:00,1,0,0,1.001,0,0.999999,1
0x007a7e8d1b7714f6bd5c8bca0ac5a05808e276d4,2026-05-21T14:22:18+00:00,2026-05-21T16:59:22+00:00,2,0,0,15.4905,15.49,30.9030490,2
0x0085ce10541f7dbfb26e9a21c26850563bb8711d,2026-04-24T13:24:30+00:00,2026-04-24T14:36:52+00:00,2,0,0,163.43,163.43,325.71599,2
0x0086154aa65bff7657893703bfea7a7deed35b87,2026-04-13T01:32:15+00:00,2026-04-13T01:32:15+00:00,1,142.86,0,0,0,1.00002,1
0x0097500b8cc22a1368e52f27b336f3d119add415,2026-05-24T11:42:49+00:00,2026-05-24T11:42:49+00:00,1,0,0,10.0,0,9.9800,1
0x00b0868b5d92f399c422e832c1dc821c6e972b19,2026-06-04T11:44:24+00:00,2026-06-04T11:44:48+00:00,4,0,0,10.360,10.36,20.688920,4
0x00b2b26e6f1068a1cde9c8029a68e64020a4fa96,2026-04-18T06:49:24+00:00,2026-04-18T09:11:36+00:00,2,0,0,119.9296,119.92,238.5304320,2
0x00b5bf50899223aa865b7a0d513c96ba8b3d0252,2026-06-08T10:05:52+00:00,2026-06-08T10:05:52+00:00,1,1420.0,0,0,0,1.4200,1
0x00b780a4b94bbed345302e457194c3448a552aad,2026-04-24T14:13:28+00:00,2026-04-24T15:04:10+00:00,2,0,0,71.985666,71.98,143.461789002,2
0x00c8ef6895e2fb38b538cac8c08edd6b82289ccd,2026-05-26T17:52:27+00:00,2026-06-10T03:43:40+00:00,2,16806.666666,0,0,0,18.1399989980000010,2
0x00cf44503567a035859e5195e607a716e7aae607,2026-05-09T03:55:45+00:00,2026-05-09T05:42:44+00:00,2,0,0,1037.09,1037.09,2066.92037,2
0x00dcbbd2b67c7ce92563af0f649577a172a2e3ec,2026-05-11T18:11:23+00:00,2026-05-11T19:31:11+00:00,2,0,0,53.3565,53.35,106.4397370,2
0x00e020a8978a2658ae50f71241b0f170e8672fc7,2026-05-29T16:21:44+00:00,2026-05-29T16:21:44+00:00,1,500.0,0,0,0,1.0000,1
0x00e7d6d4b13053918efc5bb77a8e3e263461da0f,2026-06-02T15:06:21+00:00,2026-06-02T15:06:21+00:00,1,1000.0,0,0,0,2.0000,1
0x00ecff91266a31bc29225ff379ad44467b622933,2026-05-15T06:53:20+00:00,2026-05-15T06:53:56+00:00,3,0,0,703.4065,703.4,1403.2894870,3
0x00ee3b6011fe1bf274ba09549effd20fcba01128,2026-04-30T06:24:24+00:00,2026-05-20T05:31:52+00:00,6,3000.0,3000.0,0,0,18.0000,5
0x00f75478dd0b6cd66ae65e4e14e7edc71db5500b,2026-06-05T13:55:00+00:00,2026-06-05T13:55:00+00:00,1,1000.0,0,0,0,1.0000,1
0x01092f65433642bacb0dfbcedb13f5e16cfe28da,2026-05-14T07:20:35+00:00,2026-05-14T11:06:30+00:00,2,0,0,1486.2,1486.2,2964.9690,2
0x012c6268e5d32596080eb2b87b1545d6f90595c6,2026-06-02T14:46:24+00:00,2026-06-02T14:46:43+00:00,4,0,0,10.310,10.31,20.589070,4
0x013030f40f88692b12d246ebca00c2e1665cbd5e,2026-06-02T11:31:38+00:00,2026-06-02T11:31:38+00:00,1,0,0,1.001,0,0.999999,1
0x0130afd6f3efddf1c3e16e01217b172dd9befb49,2026-03-17T16:15:09+00:00,2026-04-30T10:13:38+00:00,70,0,100.0,5114.240963,0,5072.0152669944727390,69
0x0138c63bec5a71803fd13796dcff6c47d65ae76f,2026-05-08T17:48:47+00:00,2026-05-29T10:27:48+00:00,3,0,0,15.3325,2.0,17.2918290,3
0x0144631dbe9938ca63aac59607a27a70d9c4db6b,2026-06-15T07:56:10+00:00,2026-06-15T07:56:10+00:00,1,2930.0,0,0,0,2.9300,1
0x014e87c78e83ba0ce052e1971466b4b8ac0268e2,2026-05-01T06:22:32+00:00,2026-05-01T07:37:54+00:00,2,0,0,52.367,52.36,104.360459,2
0x015016057dd22ceeaeebe57baf4e6a7ceaaa1d0f,2026-05-28T02:07:38+00:00,2026-05-28T03:08:08+00:00,2,0,0,10.02,10.02,19.98990,2
0x016727f9fe0d6a3018dbe65af615edb1be492205,2026-05-14T06:25:41+00:00,2026-05-14T06:39:05+00:00,2,0,0,5.01,5.01,9.99495,2
0x016906fcadd1e45ecd46516c3e67fbdc59ea4712,2026-05-22T15:51:22+00:00,2026-05-22T18:46:20+00:00,2,0,0,10.551,10.55,21.048248,2
0x016dc8959be2b3566d9f60cd219851cb9c617f42,2026-05-06T07:16:34+00:00,2026-05-06T09:49:14+00:00,2,0,0,1378.385,1378.38,2747.116325,2
0x0181b0c8c86706678ae80996a625a062210d6f95,2026-05-27T23:40:29+00:00,2026-05-30T11:58:54+00:00,4,0,0,66.122,66.12,131.931416,4
0x018df987405b3126ccd46f6deb5ea8c54b3c3383,2026-05-13T02:11:12+00:00,2026-05-13T03:31:05+00:00,2,0,0,287.2,287.2,572.9640,2
0x0198843c0f76bcd29288a6931e7b47f203102673,2026-05-01T04:23:18+00:00,2026-05-01T11:47:54+00:00,4,0,0,173.279333,173.27,345.336415001,4
0x019a7307a285868bc0552befa6c8bc48d92e92e9,2026-05-30T21:15:52+00:00,2026-05-30T21:15:52+00:00,1,25000.0,0,0,0,50.0000,1
0x01a49c1dafea3c83d3781e1b26f3b557891ad4ee,2026-05-20T06:58:27+00:00,2026-05-20T08:45:18+00:00,2,0,0,9020.0,9020.0,17994.9000,2
0x01a99bd704a0c74f017a797d06f9551d83f08b13,2026-05-15T11:31:01+00:00,2026-05-15T11:50:41+00:00,2,0,0,992.505,992.5,1980.042490,2
0x01c2a1d04d100c4007fde18f303e298b21a85a6c,2026-05-18T06:37:59+00:00,2026-05-19T11:36:17+00:00,2,0,0,209.4185,209.41,417.7814330,2
0x01c8382d90b869b3be23af4e3837934d4e2b779b,2026-05-27T04:26:45+00:00,2026-05-27T09:46:33+00:00,2,0,0,50.3005,50.3,100.3489990,2
0x01c87606f7fb5e3b249d510f3534a793f64162a9,2026-04-12T04:24:19+00:00,2026-04-15T16:35:32+00:00,2,0,0,11.94,11.94,23.72478,2
0x01d2550ce2480442c76f490cd4538646c57bc603,2026-05-31T09:39:23+00:00,2026-06-06T16:25:13+00:00,61,0,0,322.613,322.59,644.235207,61
0x01d5ecb7cde1fbf19fece45e3dff543864eb9b64,2026-05-04T07:31:28+00:00,2026-05-04T11:27:32+00:00,2,0,0,213.981666,213.98,426.463801002,2
0x01deeb6e2e5cc6ea56f459ded95dc94319e0b89d,2026-05-19T00:38:29+00:00,2026-05-19T00:38:29+00:00,1,0,0,3.006,0,2.999988,1
0x01e010aa98a7c8a71bb3cc788bd5816d42155f3f,2026-02-28T12:41:07+00:00,2026-04-23T16:27:22+00:00,2,0,0,8.048166,8.04,16.0077169999759170,2
0x01f039aabd5f1a158fefa4c994e222ddc3d459c0,2026-06-03T06:52:57+00:00,2026-06-03T06:52:57+00:00,1,0,0,4.904,0,4.899096,1
0x01fa9c14d207b251d92809584fb72a2ad1fb9858,2026-05-20T05:03:24+00:00,2026-05-20T05:59:50+00:00,2,0,0,16.3225,16.32,32.5608950,2
0x02016b67a04e822738196e55c64e46275d773079,2026-06-04T11:46:13+00:00,2026-06-04T11:46:25+00:00,4,0,0,10.160,10.16,20.289520,4
0x020a235acc1e3ded6e92926a0a31da8bb98c4b8a,2026-05-27T04:35:14+00:00,2026-05-27T04:35:14+00:00,1,0,0,515.611,0,514.579778,1
0x0213ff2fff478594d26215f18f4e197dca732b7c,2026-05-15T04:41:12+00:00,2026-05-15T04:56:03+00:00,2,0,0,7.014,7.01,13.988942,2
0x021865d408d2c40c13c33926f43b9758ba70b62d,2026-04-26T04:14:40+00:00,2026-04-26T05:15:44+00:00,2,0,0,220.240666,220.24,438.938984002,2
0x0218c0a9bce8ce3e67d5b49550d3840c202d52c0,2026-01-16T22:10:36+00:00,2026-01-16T22:10:36+00:00,1,14.09,0,0,0,0.04227,1
0x021be009b3a5802a21585cf8e2a9f9830018da5c,2026-05-25T01:09:55+00:00,2026-05-25T02:13:38+00:00,2,0,0,10.02,10.02,19.98990,2
0x021e693ca223aea2b4987f8a9b803e2770269444,2026-03-27T10:27:29+00:00,2026-03-28T17:26:45+00:00,6,1627.272727,1627.264543,0,0,33.9999079894517615,6
0x022602d2f11afb24efe13a86917c9a6bafa0bd9e,2026-05-19T21:30:23+00:00,2026-05-19T21:30:23+00:00,1,0,0,47.9855,0,47.8895290,1
0x022a1b8ede51ad59734e370cb65697bedd9c2409,2026-05-17T02:04:35+00:00,2026-05-17T02:04:35+00:00,1,0,0,10.0,0,9.9800,1
0x025387c4f510994a0391b5937875d0cf3b3f317f,2026-04-16T12:03:54+00:00,2026-05-15T15:22:50+00:00,4,0,0,1527.272333,1527.27,3042.129489002,4
0x025e38b11e20341fc5525387229b335076573013,2026-05-24T12:53:46+00:00,2026-05-24T12:53:46+00:00,1,0,0,10.0,0,9.9800,1
0x025f0f30dc35f2cfa8cd43cc75cdd1acaa6aa3dd,2026-04-20T21:38:34+00:00,2026-04-20T21:38:34+00:00,1,196.36,0,0,0,1.17816,1
0x026764d4584cfb13bd2f0b717f9ec3b094c5039c,2026-06-03T16:35:21+00:00,2026-06-03T16:35:40+00:00,4,0,0,10.370,10.37,20.708890,4
0x02798038145616285c1b63c5c7b66f750b6302a0,2026-03-10T06:46:39+00:00,2026-03-10T07:56:23+00:00,2,686.0,686.0,0,0,17.8360,2
0x0298584217d16a3c3a491d511c1392a65ca62966,2026-06-03T15:32:39+00:00,2026-06-03T15:46:04+00:00,4,0,0,10.370,10.37,20.708890,4
0x02a42123a103484f7b6e66c55357518e47416e8a,2026-05-26T10:54:50+00:00,2026-05-26T10:54:50+00:00,1,0,0,18.3565,0,18.3197870,1
0x02b692d9decfe8976bc51f62033f3fb87b98c449,2026-05-27T19:42:43+00:00,2026-05-28T04:14:11+00:00,2,0,0,239.4785,239.47,477.7511330,2
0x02b8a8ae7c81c0c2b19379b4860b67e52c49c75d,2026-05-21T00:31:50+00:00,2026-05-21T00:31:50+00:00,1,0,0,5.0,0,4.9900,1
0x02c35a5d9fde86fd91f9329757a46332e9e8bae0,2026-05-18T00:51:46+00:00,2026-05-18T00:51:46+00:00,1,0,0,6.012,0,5.999976,1
0x02c57a08d34d6eaeb575dda68faffb47b232ef2a,2026-06-16T23:47:50+00:00,2026-06-16T23:51:28+00:00,3,10310.0,0,0,0,10.3100,3
0x02d53aee2fd9d519eeb48c96459491d136a848f4,2026-05-18T09:54:56+00:00,2026-05-29T13:46:15+00:00,2,0,0,51.062,51.06,101.917756,2
0x02e592ef1de041131171c6f02a98873372a962b6,2026-04-16T02:47:16+00:00,2026-05-10T10:20:37+00:00,2,0,0,6.9,6.9,13.7310,2
0x02ee16211be408b98c04de6453e98ac675a07a9b,2026-05-09T23:39:11+00:00,2026-05-17T04:40:06+00:00,8,0,0,29.067,29.06,57.963639,8
0x02fc6c853aba6a332c1477d9fb38e5a80386e212,2026-05-06T06:46:26+00:00,2026-05-06T11:03:56+00:00,2,0,0,56.078,56.07,111.755486,2
0x03016f59834c305ad5e62ce85a62054a83407f88,2026-03-11T18:17:05+00:00,2026-03-29T03:38:04+00:00,6,278.409089,278.4,0,0,5.9998989971818388,6
0x031aa5315f726d9304f2c8332fcb632adb7efdf7,2026-05-14T02:29:28+00:00,2026-05-17T00:18:11+00:00,6,0,0,20.040,20.04,39.979800,6
0x0326ffffc8a67bf14194eac920ea6a4c11133e1e,2026-04-25T12:15:28+00:00,2026-05-23T16:41:33+00:00,3,0,0,1287.645166,930.66,2211.076574002,3
0x032749b4f26b90bdbe553c36811c1886b7e879fe,2026-04-22T13:51:04+00:00,2026-05-26T12:24:16+00:00,3,0,0,107.7994,84.68,191.5016710,3
0x033a947834b13c342707f3be452fcaa9f44edb6d,2026-05-26T05:06:33+00:00,2026-05-26T05:26:08+00:00,2,0,0,717.4345,717.43,1431.2773410,2
0x034b842963e0b003b34d495955c8171bce26c5cb,2026-05-24T14:00:18+00:00,2026-05-24T14:00:18+00:00,1,0,0,10.0,0,9.9800,1
0x034c87630d0013b1a849df93e2fa14b9cfa79d41,2026-04-29T07:50:28+00:00,2026-04-29T09:32:38+00:00,2,0,0,516.2,516.2,1029.8190,2
0x034e2d3ff11137312b10e9e688ca4e2aabead12b,2026-02-05T04:05:13+00:00,2026-02-05T04:07:43+00:00,3,0,0,24.43,24.43,47.98052,3
0x03562015a28d1443284f940990334c81918d0755,2026-05-24T15:38:30+00:00,2026-05-24T18:23:51+00:00,2,0,0,79.158,79.15,157.912234,2
0x03587b62f583be287ba7cf9c995023aa433b8dfa,2026-05-13T05:25:28+00:00,2026-05-20T00:14:30+00:00,2,0,0,15.9,15.9,31.7205,2
0x0373fecdc9074b3965a65f6b983686a19cf8d26e,2026-04-30T03:57:58+00:00,2026-04-30T04:53:32+00:00,2,0,0,126.098,126.09,251.305346,2
0x0377f289ff75135abde2d17904e75a782ed41833,2026-04-23T16:20:04+00:00,2026-04-23T16:20:04+00:00,1,2500.0,0,0,0,10.0000,1
0x03805a13a0b3e058f55f6c6af95389d4f431073d,2026-05-29T01:25:39+00:00,2026-06-06T16:54:00+00:00,27,0,0,4626.3535,0,4619.9729090,27
0x0388fc89417ecf7cf35d5851391c6fb38dc91a93,2026-05-03T03:40:30+00:00,2026-05-04T04:56:12+00:00,2,0,0,932.05,932.05,1857.57565,2
0x038dd2a39b77e911489819b3792a4a47a824d501,2026-05-26T21:11:16+00:00,2026-05-26T21:11:16+00:00,1,1666.666666,0,0,0,4.9999989980000004,1
0x03bcea66e0912c631d00adc740cb9533e45ba4ff,2026-05-02T11:26:16+00:00,2026-05-02T12:23:28+00:00,2,0,0,67.362,67.36,134.250474,2
0x03bf8af073c8a62b4af362ec7852bd2ecc20751d,2026-04-12T04:22:17+00:00,2026-04-15T16:38:14+00:00,2,190.94,190.94,0,0,2.48222,2
0x03c7c2ed277a5df8aefc5d9b36d0b8765ae0a44c,2026-05-18T01:08:25+00:00,2026-05-18T01:08:25+00:00,1,0,0,6.012,0,5.999976,1
0x03dc13fa0c5cf4875b550e59a55c640b9e86a140,2026-05-18T01:37:23+00:00,2026-06-02T09:38:28+00:00,2,0,0,39.539,39.53,78.910862,2
0x03e1d254c1a14b7ab72a673817ac6d78e39531e0,2026-05-23T12:53:02+00:00,2026-05-23T12:53:02+00:00,1,0,0,10.0,0,9.9800,1
0x03e24731e6069403b1fb1c4af03893900e3973c5,2026-05-28T11:39:53+00:00,2026-05-28T11:39:53+00:00,1,0,0,12.9455,0,12.9196090,1
0x03ee29ccfce3f06bf65b49969e196971e078ed41,2026-05-03T07:12:56+00:00,2026-05-03T09:32:42+00:00,2,0,0,108.324666,108.32,215.886412002,2
0x03f1b12280268f30534cb2aac9a04fe7e4cd3d0c,2026-05-24T11:51:51+00:00,2026-05-24T11:51:51+00:00,1,0,0,10.0,0,9.9800,1
0x03f7c6388816f0ff63b8051c5bcd5201e12dd4d0,2026-05-16T00:43:48+00:00,2026-05-16T00:43:48+00:00,1,0,0,6.012,0,5.999976,1
0x03fe48f0c2f7957ef4c15ea85adae54174100fe5,2026-05-17T06:11:30+00:00,2026-05-17T08:02:52+00:00,2,0,0,46.182,46.18,92.131096,2
0x04069a09997bd520f6e78e8327a430c83b06820f,2026-06-04T23:09:33+00:00,2026-06-04T23:10:19+00:00,4,0,0,10.170,10.17,20.309490,4
0x041036457175fc6fdf544c2e8e49dabb3f956fea,2026-04-20T05:41:24+00:00,2026-04-20T06:26:20+00:00,2,0,0,60.9848,60.98,121.2939960,2
0x0415fdfb74e6a4e479f097315dad8752698b4e3a,2026-04-30T13:41:56+00:00,2026-04-30T14:44:16+00:00,2,0,0,55.687,55.68,110.977219,2
0x0418086ab206192154f05d72f9a231629ad5d347,2026-05-08T05:46:31+00:00,2026-05-08T07:24:10+00:00,2,0,0,1682.43,1682.43,3353.08299,2
0x0425075b3ad14f9aff7d91cf4d5361def711c889,2026-05-11T22:31:24+00:00,2026-05-15T08:19:59+00:00,4,0,0,140.1395,140.13,279.5688310,4
0x044af1c4a5cefbc1526c71f5d147fbe6fb7bcc8d,2026-05-05T11:34:48+00:00,2026-05-05T11:34:48+00:00,1,0,0,5.837333,0,5.8198209998325334,1
0x044c0b0c25f1b9bfad7f16b73ce6d9f4fff55d5d,2026-04-17T12:21:06+00:00,2026-04-21T08:00:56+00:00,2,0,0,8.58,8.58,17.06562,2
0x044dfe7dab870a52b7260c1d64cefb32a2a5b999,2026-04-20T06:34:40+00:00,2026-04-20T07:45:46+00:00,2,0,0,43.0954,43.09,85.7113830,2
0x04555a676be92476f1f969525742bcc00f9f27b1,2026-05-18T14:29:40+00:00,2026-05-27T22:32:23+00:00,3,0,0,46.8730,36.47,83.1398440,3
0x045e6013b55f1d484eb8808b3e27e49a6578f5ca,2026-06-04T20:19:16+00:00,2026-06-04T20:19:34+00:00,4,0,0,10.170,10.17,20.309490,4
0x045f265884684b1c5ca6ac7fac036de7b716a5ac,2026-05-15T06:34:43+00:00,2026-05-15T06:35:22+00:00,2,0,0,29.058,29.05,57.962734,2
0x046c8b16f5ae6fd883b98f69bb7f277c6d717eb3,2026-05-07T19:24:48+00:00,2026-05-14T17:38:22+00:00,6,0,0,23.055,23.05,45.971693,6
0x04767772ee4720c0d8f92a6ebe1d237b172d8d17,2026-05-20T12:05:51+00:00,2026-05-20T12:05:51+00:00,1,0,0,360.8415,0,360.1198170,1
0x048441e6e55ea42d03e98c771b54cf7ee07f7e91,2026-05-27T05:19:27+00:00,2026-05-27T10:21:37+00:00,2,0,0,32.4845,32.48,64.8020910,2
0x04851d53c9b32f1818e0d962ba2852ba3f1ef429,2026-05-19T18:54:24+00:00,2026-05-19T18:54:24+00:00,1,1683.333333,0,0,0,5.0499989890000002,1
0x0498d5e99c29dc8651b7be1700990bb260a77067,2026-05-15T02:35:23+00:00,2026-05-15T02:54:53+00:00,2,0,0,8.016,8.01,15.985938,2
0x04aace060ade7531e4fda09841e5112c045109ea,2026-06-04T23:32:24+00:00,2026-06-05T00:37:09+00:00,2,0,0,8908.0,8908.0,17798.1840,2
0x04b954ec5d65e0a855d31b5e695083f3c4ad79e0,2026-02-11T13:30:35+00:00,2026-02-20T05:23:34+00:00,23,1001.31235,1001.31,0,0,36.365807000178,23
0x04cf299eaaa23c2a728bf884bddf6c74d42c0d7f,2026-04-21T16:56:34+00:00,2026-04-21T16:56:34+00:00,1,191.41,0,0,0,1.14846,1
0x04d003de4198a63ada709bef5e38d7707682e27b,2026-05-07T11:39:39+00:00,2026-05-07T12:28:20+00:00,2,0,0,49.749,49.74,99.140793,2
0x04e64233e32e76c62302026b2c0c5a68c5001516,2026-05-12T03:50:12+00:00,2026-05-12T03:50:12+00:00,1,333.333333,0,0,0,0.999998999000001,1
0x04e6a4c945a39173388ea6ddbc836a12f6b51b02,2026-05-25T21:18:28+00:00,2026-05-26T19:32:13+00:00,2,0,0,94.188,94.18,187.897084,2
0x04f048680b0a52cc1c0a3beafbc1a073f573b6d8,2026-03-30T07:56:10+00:00,2026-04-22T07:05:12+00:00,2,0,0,290.0,290.0,575.3600,2
0x04ff6de6d8314bf1498a415a0942036e5ebc4b9a,2026-05-24T10:32:24+00:00,2026-05-25T03:10:26+00:00,2,0,0,52.104,52.1,103.943492,2
0x0509cbeb5ece59a9f0b9d3a8ceefdecc6c5d2099,2026-05-08T08:14:18+00:00,2026-05-09T10:31:59+00:00,2,0,0,11.033,11.03,21.985781,2
0x051bf89f393367a6dacbb5d5d4b329e41ddc2c1e,2026-05-25T13:57:28+00:00,2026-05-25T13:57:33+00:00,2,0,0,211.0,211.0,420.9450,2
0x05241618527d6f279283d152a956217b626a650b,2026-05-21T07:23:04+00:00,2026-05-21T08:35:29+00:00,2,0,0,10.02,10.02,19.98990,2
0x05338ca7c734cdf201f5e08d2d9b7a271aea8acd,2026-05-02T02:55:24+00:00,2026-05-04T06:37:22+00:00,2,0,0,1.003,1.0,1.995991,2
0x053542811480d750e48f155089400124d882d9bd,2026-06-04T05:58:22+00:00,2026-06-04T05:58:27+00:00,2,0,0,191.0,191.0,381.4270,2
0x0547f95d24771a2269db82cbc4b8fbf7f1562d04,2026-01-31T15:32:36+00:00,2026-02-25T08:45:22+00:00,2,0,0,1.017235,1.01,1.9998420000155485,2
0x05586b9ede6e2d7a35b86aeec6228a354f6ee815,2026-06-01T09:54:47+00:00,2026-06-01T13:23:30+00:00,2,0,0,2.602,2.6,5.194198,2
0x056485f62c308598f74a319d8f54fdf915aef13d,2026-05-17T13:57:16+00:00,2026-05-17T13:57:16+00:00,1,0,0,10.0,0,9.9800,1
0x05679552387b65172216a76683ee025fbbe57f94,2026-05-30T02:21:07+00:00,2026-05-30T02:37:46+00:00,2,0,0,169.169,169.16,337.821511,2
0x056f87dc02534fa144e647389228cead7d7df7e0,2026-05-18T15:04:20+00:00,2026-05-18T15:04:20+00:00,1,1666.666666,0,0,0,4.9999989980000004,1
0x05754f12dff26d892f34df0ebaa0c6d7be8d10ae,2026-05-22T09:24:11+00:00,2026-05-22T09:24:11+00:00,1,0,0,20.04,0,19.99992,1
0x057b1145a6b58c26d85af273d8b4daa4ea937722,2026-06-02T10:21:04+00:00,2026-06-02T14:17:05+00:00,2,0,0,400.0,400.0,798.8000,2
0x057f87d7e236918d77e59e20c6848d26f3aea269,2026-05-24T00:25:28+00:00,2026-05-25T03:01:28+00:00,2,0,0,32.3945,32.39,64.6225410,2
0x0584b3607733a8b23d944c180f67eb33f8cd5daa,2026-06-17T15:43:35+00:00,2026-06-17T15:43:35+00:00,1,1880.0,0,0,0,1.8800,1
0x059b12160e5859cab709d9b64bf37fb432c7a64d,2026-05-05T13:16:54+00:00,2026-05-05T13:29:48+00:00,2,0,0,960.682,960.68,1914.637234,2
0x059b8b378a300dad94b9786f4ed597c0b9951de7,2026-04-28T06:48:24+00:00,2026-04-28T09:07:56+00:00,2,0,0,101.8535,101.85,203.1942430,2
0x05b408dbe8f4a7c0e1c0232ec2970a84af46d074,2026-04-20T18:05:36+00:00,2026-04-20T18:05:36+00:00,1,0,0,5.025,0,4.999875,1
0x05b471e36276d7f9b107a0c8154cf335a6c42e6e,2026-05-25T10:03:59+00:00,2026-05-27T21:51:10+00:00,2,0,0,122.244,122.24,243.872792,2
0x05cbca00ee063da98775dcab1ed849d2c503df82,2026-03-10T12:46:49+00:00,2026-04-16T21:48:04+00:00,80,4792.345492,4792.335711,0,0,117.1431820063377519,78
0x05ced306f8ca13b9cdc9d96dc3964dbb0ccb75d4,2026-06-02T10:19:56+00:00,2026-06-02T10:20:43+00:00,4,0,0,10.360,10.36,20.688920,4
0x05ddbe2edc2fcb293eb149028f45e93cec14305c,2026-04-24T18:55:02+00:00,2026-05-04T16:03:52+00:00,12,0,0,163.43,163.43,325.71599,12
0x05df43dc39cb432c5d77a42beaf68dde8d92bfcc,2026-05-24T22:57:24+00:00,2026-06-05T05:02:34+00:00,2,0,0,60.12,60.12,120.05964,2
0x05e45142975c33e0ac186ce632c76dd14298af8c,2026-06-07T09:33:09+00:00,2026-06-07T09:33:09+00:00,1,13140.0,0,0,0,13.1400,1
0x0601830b012d52656be88429f87840ec87d346f8,2026-05-18T20:17:48+00:00,2026-05-18T21:17:56+00:00,2,0,0,46.4025,46.4,92.5704950,2
0x060c8dbf64438b2f88d94937d4fe8464f79848f4,2026-05-02T15:45:34+00:00,2026-05-03T05:10:30+00:00,2,0,0,300.902666,300.9,599.696358002,2
0x060e587c45b2c7549c58d6d285bc6f906a654a6a,2026-05-15T14:41:29+00:00,2026-05-15T15:02:24+00:00,2,0,0,934.4685,934.46,1864.2561830,2
0x060ef0da21118b1a7ceca60296021509f5aa0bdc,2026-04-16T16:40:50+00:00,2026-04-16T16:40:50+00:00,1,176.8,0,0,0,1.2376,1
0x061257c68e029ec9b41cd5c5711c34afd70228ea,2026-05-01T07:18:48+00:00,2026-05-01T07:42:12+00:00,2,0,0,6.0,6.0,11.9580,2
0x061ac16314b2c878aaf1a6797b980955e7a4142b,2026-06-17T17:43:38+00:00,2026-06-17T17:43:38+00:00,1,3000.0,0,0,0,3.0000,1
0x061d42892935c2d96e618830b3c93e6e467e0dd3,2026-02-10T18:04:29+00:00,2026-02-20T15:07:30+00:00,6,0,20.0,70.0,0,69.1200,6
0x062181444258dbad7ef0e69ffd51990f910dea74,2026-05-24T02:41:51+00:00,2026-05-24T04:25:17+00:00,2,0,0,10.02,10.02,19.98990,2
0x06282df4b371cd5237e98b4319399b51edec5afc,2026-04-21T18:21:52+00:00,2026-04-21T19:19:20+00:00,2,0,0,67.6682,67.66,134.5838990,2
0x062c02b970f41b136ad924db6d87b2315a47df7a,2026-05-18T09:49:15+00:00,2026-05-18T09:49:15+00:00,1,0,0,37.084,0,37.009832,1
0x062f07768139888e5b861048e240dc3c31faf446,2026-05-29T10:40:05+00:00,2026-05-29T14:05:46+00:00,2,0,0,10.02,10.02,19.99992,2
0x063723db69f8009d36a39dc2342adbab7f331e31,2026-06-01T21:14:15+00:00,2026-06-01T21:14:15+00:00,1,0,0,1.321,0,1.319679,1
0x06385706436cef4b1f43c8cf531ba9d3bc0d293c,2026-05-21T01:53:36+00:00,2026-05-21T14:42:55+00:00,2,0,0,53.106,53.1,105.940488,2
0x063a3e03bfe6546e94f63d21e95af29d7170a59b,2026-05-31T13:03:54+00:00,2026-05-31T13:03:54+00:00,1,0,0,16.016,0,15.999984,1
0x064c46f676889ba7925046f9b16bd73fcab534dc,2026-05-03T02:47:44+00:00,2026-05-03T04:37:28+00:00,2,0,0,1273.55,1273.55,2538.18515,2
0x0655936cb7032d601f9b2b1af4caf8edf6e92d68,2026-05-23T08:10:47+00:00,2026-05-23T08:10:47+00:00,1,0,0,48.4365,0,48.3396270,1
0x0658beca7d73d4892e7de233487a30d6839f3f1b,2026-05-11T12:17:57+00:00,2026-05-11T12:59:08+00:00,2,0,0,56.399,56.39,112.394243,2
0x0672f4cd44319bbb91d7099851a0d78a282adaec,2026-05-11T07:43:15+00:00,2026-05-11T13:00:28+00:00,2,0,0,2075.225666,2075.22,4135.919109002,2
0x06807c2ce526b3dfc353684b30bb592150017ff8,2026-05-13T20:36:33+00:00,2026-05-13T20:36:33+00:00,1,333.333333,0,0,0,0.999998999000001,1
0x06842a4fe3ee633b74b605f6ea1dc3826f92ea67,2026-05-04T08:44:00+00:00,2026-06-03T10:14:49+00:00,4,0,0,1155.867333,1155.86,2304.095259001,4
0x06a16339b74c8026ecb1fe4aa3b940839dec2ee9,2026-05-28T04:43:02+00:00,2026-05-29T23:46:56+00:00,2,0,0,26.052,26.05,51.997796,2
0x06bb37575975504d745677c147c8cbe4fd1722df,2026-05-19T21:43:27+00:00,2026-05-19T21:43:27+00:00,1,0,0,121.222,0,120.979556,1
0x06cb73531a43553e31a8ad031026d4b33f1af47f,2026-06-06T16:11:58+00:00,2026-06-06T16:11:58+00:00,1,0,0,4.954,0,4.949046,1
0x06d99645e355ed91da6e3d3300c37b6cb13e9b3b,2026-05-06T06:42:22+00:00,2026-05-13T09:30:06+00:00,4,0,0,1165.74,1165.74,2323.77252,4
0x06fc926c3393560decfe85ab2e90129fe8cab47f,2026-05-31T10:11:20+00:00,2026-06-05T21:43:10+00:00,2,0,0,12.012,12.01,23.997978,2
0x06fcf72ab799b3d004bf7eac8aba8f439f4f39de,2026-05-24T10:41:48+00:00,2026-05-25T03:28:20+00:00,2,0,0,132.2645,132.26,263.8631910,2
0x07046535ff9a910d7343a2c319a3e62234621858,2026-05-16T06:37:15+00:00,2026-05-17T03:16:30+00:00,3,0,140825.00,0,0,281.65000,3
0x0716fe91ef505185bf641b606c1a0514ac1c281f,2026-04-24T07:02:42+00:00,2026-05-07T12:48:41+00:00,4,0,0,141.243333,141.24,281.494643001,4
0x0723eb2f194373cf9eae2c2e68115f1e480ef4b4,2026-04-21T14:15:22+00:00,2026-04-21T15:16:08+00:00,2,0,0,44.4722,44.47,88.4530190,2
0x0733a853528a27bde264d87279cc6b8fa1a9111e,2026-05-19T04:36:40+00:00,2026-05-31T01:41:30+00:00,2,0,0,5.3105,5.31,10.5992590,2
0x0736bf949a2921f9aba0b1bd57c83b3b7c244e77,2026-05-04T12:36:52+00:00,2026-05-05T07:02:50+00:00,2,0,0,2114.343,2114.34,4213.882611,2
0x073de23ff755eea53144bc538b290cb69ac211d6,2026-04-13T11:26:47+00:00,2026-04-24T16:22:46+00:00,2,142.857142,142.85,0,0,1.428549994,2
0x0742691707137d88cb982876320012c448bd3e23,2026-05-09T04:39:49+00:00,2026-05-09T07:47:30+00:00,2,0,0,2567.703,2567.7,5117.429091,2
0x0748757f55d05d1ce6e3d83fae9bbfd2093d152a,2026-05-21T03:08:59+00:00,2026-05-21T03:08:59+00:00,1,0,0,489.15,0,488.17170,1
0x074fbe00a958a7af1fdb2641fac718e91ea25ca8,2026-04-20T04:33:44+00:00,2026-04-20T05:22:54+00:00,2,0,0,165.3768,165.37,328.9276960,2
0x0758e4753819e000881120dad73b02cfb05ad7b5,2026-05-24T03:20:42+00:00,2026-05-24T03:20:42+00:00,1,0,0,22.2945,0,22.2499110,1
0x0762027417a6dad03ae16895ad615c33ed742b73,2026-05-10T21:11:51+00:00,2026-05-23T05:08:50+00:00,2,250.0,250.0,0,0,1.5000,2
0x078634da0be4fae71be07c31c1c043afca04ba3b,2026-05-30T10:15:38+00:00,2026-05-30T10:15:38+00:00,1,0,0,40.04,0,39.99996,1
0x078ac6609e1188370c50f5f8f37708033654ca98,2026-05-23T12:02:06+00:00,2026-05-23T12:02:06+00:00,1,0,0,1.052,0,1.049896,1
0x078e22303fa5ad8d317234d660fe47cb395b8b81,2026-05-13T07:36:33+00:00,2026-05-22T14:55:13+00:00,16,0,0,2964.2465,2964.24,5913.6652870,16
0x0797a7e95ff9e0ff253b761abbdaeecb2298d322,2026-05-27T16:38:11+00:00,2026-05-27T16:38:11+00:00,1,0,0,25.4605,0,25.4095790,1
0x079ddf9f741dd8fa65f349585f7de17ef15abc19,2026-04-29T10:14:16+00:00,2026-05-29T11:32:09+00:00,6,0,0,207.461333,207.46,413.599279001,6
0x07a236f248cd67039e460411eb5fa59aabbf9139,2026-03-26T09:57:05+00:00,2026-03-29T03:38:04+00:00,7,372.727270,372.71,0,0,7.9998089881818388,7
0x07b155a7ede8d7ffacc5b3eea0be5f92b22f5dd7,2026-05-01T02:50:04+00:00,2026-05-01T03:35:24+00:00,2,0,0,65.336,65.33,130.208672,2
0x07ba76317f866915c6ef7b81d087e27aa5d03fcb,2026-05-09T04:11:54+00:00,2026-05-09T06:07:30+00:00,2,0,0,1017.0,1017.0,2026.8810,2
0x07d126ea6f8542a58ee2c4c7c31535dd9b3e8ffa,2026-04-05T18:06:03+00:00,2026-04-30T10:15:20+00:00,3,625.0,0,0,0,4.0000,3
0x07e0012c2d91d2e96f7e38770c4bd6d55b60fa25,2026-05-11T20:32:38+00:00,2026-05-11T21:15:26+00:00,2,0,0,71.3425,71.34,142.3257950,2
0x07e60f2b43ea039adfecef7f189e0920741591e7,2026-06-04T17:46:18+00:00,2026-06-04T17:46:18+00:00,1,500.0,0,0,0,1.0000,1
0x07ec7bac318af3be03c63f85e464bfdc70f30150,2026-05-31T08:19:34+00:00,2026-05-31T15:16:51+00:00,2,0,0,31.031,31.03,61.967909,2
0x08001dcf76d029aae9b1af5aa90900afb90c09db,2026-05-08T18:02:58+00:00,2026-05-09T13:11:22+00:00,2,0,0,3.009,3.0,5.987973,2
0x080c03fdc3d70f38267bc684d43a0396689487fd,2026-05-26T08:29:04+00:00,2026-05-26T08:29:04+00:00,1,0,0,442.8455,0,441.9598090,1
0x08228a283349f21b12fdc262cc10b8b720bfc976,2026-05-06T03:03:08+00:00,2026-05-06T06:04:18+00:00,2,0,0,1577.131333,1577.13,3143.221419001,2
0x082f0c729c443b9c9b2df4da42ec415cefed8606,2026-04-23T08:44:44+00:00,2026-04-23T09:43:44+00:00,2,0,0,152.5526,152.55,303.4245370,2
0x085871ebfe65a28d05b9cad2d41a3436e17e6156,2026-05-29T09:14:25+00:00,2026-05-29T09:34:03+00:00,2,0,0,15.03,15.03,29.98485,2
0x086bea8769b82e088cf834b8095bbe98f32b47c4,2026-05-19T15:47:31+00:00,2026-05-30T10:37:23+00:00,2,0,0,4.4085,4.4,8.7908830,2
0x0871456f547d7f4bd19386c7d7aedf48eccb1061,2026-05-18T06:19:05+00:00,2026-05-24T08:36:37+00:00,3,0,0,5.6105,0,5.5992790,3
0x08730443345e11c078c5b2597ce3c0f06af609e8,2026-06-04T01:30:07+00:00,2026-06-05T14:39:36+00:00,4,6666.0,6666.0,0,0,13.3320,2
0x0873f840ad4e8221f8b84463456597ebcf4bbc43,2026-04-30T02:35:38+00:00,2026-05-01T01:24:26+00:00,2,0,0,505.0,505.0,1006.4650,2
0x087a46f51ee2dab396370aa7168415a66778e874,2026-05-20T13:47:52+00:00,2026-05-27T13:20:42+00:00,2,0,0,67.174,67.17,134.008142,2
0x088087b9c87f1dfcf802cae0025754ba8844143d,2026-06-02T15:52:56+00:00,2026-06-02T15:53:34+00:00,6,0,0,15.635,15.63,31.218105,6
0x08840dfea2a62a9af378bea4e94df5695859af4d,2026-05-19T23:59:25+00:00,2026-05-19T23:59:25+00:00,1,0,0,4.098,0,4.089804,1
0x0889d4fa8048c4d980dab502870700ecfaf27f77,2026-05-03T13:53:12+00:00,2026-05-03T13:53:12+00:00,1,0,0,4.292666,0,4.2797879998536670,1
0x08adf107ca0ab4e6d662939b73cc710795293584,2026-05-01T12:45:36+00:00,2026-05-01T13:49:22+00:00,2,0,0,48.585666,48.58,96.825589002,2
0x08b1959817d7d5e29fe1d0557c870558d735aecb,2026-04-12T04:23:31+00:00,2026-04-15T16:36:02+00:00,2,0,0,16.08,16.08,31.95096,2
0x08b6c76af0d016ceea6bb7047f402b0adf0ac439,2026-05-20T06:30:48+00:00,2026-05-20T06:32:35+00:00,2,0,0,12.024,12.02,23.983892,2
0x08bab1b0daae9e35ac070f0e3386185d1bd74928,2026-04-14T01:28:19+00:00,2026-04-21T18:25:08+00:00,2,0,0,53.42,53.42,106.19896,2
0x08bd3b46c015ba720892f4198ed240132fae289d,2026-05-25T23:57:48+00:00,2026-06-02T12:59:25+00:00,4,0,0,53.101,53.10,105.945513,4
0x08ec3f5ef055ce109664207f8da3c3364017121b,2026-05-14T08:55:22+00:00,2026-05-20T09:32:55+00:00,8,0,0,1825.1995,1825.19,3641.2635310,8
0x08ffe1b5f1d96eb0effb5156ab77139350c2079e,2026-05-15T07:01:19+00:00,2026-05-16T01:50:25+00:00,2,0,0,83.136,83.13,165.850338,2
0x0907f7234a892c23054bae40b7ded321ee71a85d,2026-05-15T01:32:24+00:00,2026-05-21T04:53:23+00:00,2,0,0,6.66,6.66,13.28670,2
0x090af6fd2aeb04202abc97370aa86c1b81d90fa6,2026-02-03T16:26:30+00:00,2026-04-24T04:04:06+00:00,161,0,0,10412.63,0,10345.47976,161
0x09148c1f900666a85dfe3889ea4fbd8e01a22691,2026-05-16T01:09:18+00:00,2026-05-16T01:09:18+00:00,1,0,0,6.012,0,5.999976,1
0x091f8aa648d1a91f3da2d0de25783293fe9dd042,2026-04-23T05:19:20+00:00,2026-04-23T06:10:24+00:00,2,0,0,65.5276,65.52,130.3268420,2
0x092aa6d88c587dd209d41cac2a002423076e8dea,2026-05-06T14:26:25+00:00,2026-05-06T14:26:25+00:00,1,0,0,118.0,0,117.6460,1
0x092aba316fad515ea0169f9652e264fcdfab26db,2026-05-07T08:07:24+00:00,2026-05-07T08:21:23+00:00,2,0,0,974.222666,974.22,1941.623118002,2
0x092f6e09d98dce6c39087207f55b1609b7ac8198,2026-05-29T20:21:36+00:00,2026-05-30T00:26:43+00:00,2,0,0,16.016,16.01,31.977964,2
0x09529e3159a34bdf3c8b8334d653eed19c573e23,2026-05-26T07:20:49+00:00,2026-05-26T07:20:49+00:00,1,0,0,9.4785,0,9.4595430,1
0x0957bf4725f6d0c62428f356d40d5cf7eeb977e8,2026-05-13T18:52:01+00:00,2026-05-16T06:01:10+00:00,10,0,0,381.11,0,380.34778,10
0x097f89f97c25f0bf649a65d4c42a9ada0d27868c,2026-05-18T08:59:52+00:00,2026-05-18T08:59:52+00:00,1,0,0,57.3945,0,57.2797110,1
0x098279d262e7375931d36f10ba42d8fc32704ac3,2026-04-25T17:51:40+00:00,2026-04-25T18:44:18+00:00,2,0,0,197.251666,197.25,393.120911002,2
0x098692e23a9cd065c0447ccf84754489cea9784e,2026-05-21T16:06:45+00:00,2026-05-21T16:06:45+00:00,1,333.333333,0,0,0,0.999998999000001,1
0x099974905080316d7c31d5ede780f16bb00edd96,2026-03-05T02:12:47+00:00,2026-04-16T12:56:48+00:00,45,0,1769.28,9658.0,0,9605.49358,45
0x09a967b6be9da170332c39fcd1a4020fa998ab8c,2026-05-25T06:04:26+00:00,2026-05-30T21:16:10+00:00,2,0,0,1.603,1.6,3.196594,2
0x09b57c8e4f902b23aa3f847fdea08344f705e643,2026-05-28T03:01:37+00:00,2026-05-28T05:59:31+00:00,2,0,0,8930.0,8930.0,17815.3500,2
0x09bc05672263d9713f7179fa5e8065a25b89300f,2026-05-10T10:01:17+00:00,2026-05-10T16:31:35+00:00,2,0,0,61.183333,61.18,121.935063001,2
0x09c1438bc27d7c1478ff558625ff4f230c78b3b7,2026-05-14T11:08:29+00:00,2026-05-16T14:50:46+00:00,2,0,0,494.9895,494.98,987.4945810,2
0x09c1565d7946b35c40cbf961f1965d676123541a,2026-05-22T21:12:47+00:00,2026-05-22T21:12:47+00:00,1,0,0,21.2725,0,21.2299550,1
0x09d02577504c6b779403b82f37ed1c020ea188e8,2026-05-28T00:44:08+00:00,2026-05-28T00:44:08+00:00,1,0,0,15.9415,0,15.9096170,1
0x09ded8376d9824635b878fad3cf5f2f14e4949b8,2026-05-01T06:16:10+00:00,2026-05-01T07:46:36+00:00,2,0,0,1552.34,1552.34,3093.81362,2
0x09e3f9865d615c9ce538eb7b63885f3c29fbbaad,2026-03-29T17:01:46+00:00,2026-03-30T03:12:02+00:00,2,90.909089,90.9,0,0,1.9998989971818388,2
0x09e5c1fb652349de6ed9e7d9ba8c8710db9cba27,2026-05-25T07:16:39+00:00,2026-05-25T07:16:39+00:00,1,0,0,10.02,0,9.99996,1
0x09ece2b7b46bd1c7068b70f82778687927a40379,2026-05-18T20:38:20+00:00,2026-05-23T07:09:11+00:00,4,0,0,83.717,83.71,167.008436,4
0x09f1cc1f295ff075205b37fb76e25653e3eacf9c,2026-06-04T23:38:48+00:00,2026-06-05T00:02:25+00:00,2,0,0,270.27,270.27,539.72919,2
0x09fbf244384cfd90f038d70bb7df18a8d414b56a,2026-05-26T02:15:21+00:00,2026-05-26T02:59:41+00:00,2,0,0,10.02,10.02,19.98990,2
0x09fc877d0f2065b37c5cb5aafc0e66602c7d4cd4,2026-06-02T06:17:49+00:00,2026-06-04T01:30:07+00:00,649,499997.104,499997.10,0,0,999.994204,649
0x09fe78c8b9f10fb9c7c0a584bfab4205c76876ee,2026-02-13T17:16:07+00:00,2026-05-09T21:37:55+00:00,91,0,0,6136.05,5.57,6105.94885,91
0x0a0ae7f212fabf68d7e1c52218dba05b7b470e62,2026-05-14T07:04:50+00:00,2026-05-15T01:12:08+00:00,2,0,0,169.3185,169.31,337.7819330,2
0x0a181c7672bcc77b9048607f6ec7fbe21222f0fe,2026-04-24T04:14:58+00:00,2026-05-24T08:03:58+00:00,4,0,0,104.079833,104.07,207.445117001,4
0x0a280d8cad2b8e3bb5fda58aa0658f69d206e256,2026-05-01T12:40:22+00:00,2026-05-20T08:12:41+00:00,3,0,0,53.093333,37.88,90.677743001,3
0x0a35493676fa7a2967c58b0e8e64f1fff5b5ef89,2026-03-26T17:16:31+00:00,2026-03-27T06:29:05+00:00,3,90.909089,90.899089,0,0,1.9998880008245907,3
0x0a3c755e13ebb22ef1dc69cf0cf1312f96e26ffb,2026-05-21T12:54:20+00:00,2026-05-21T15:06:24+00:00,2,0,0,12.2745,12.27,24.4831410,2
0x0a576ce9ff7342050980d1293cb0f98718f3a376,2026-06-04T11:34:37+00:00,2026-06-04T11:36:37+00:00,3,0,0,615.615,615.61,1229.378165,3
0x0a58927fb3814c25db299221ce5df11f3280b094,2026-05-21T20:17:54+00:00,2026-06-05T19:23:10+00:00,2,0,0,5.0,5.0,9.9850,2
0x0a5970e6000746f750772b7a393c3ac104c39f28,2026-05-30T08:50:42+00:00,2026-05-30T08:50:42+00:00,1,0,0,30.03,0,29.99997,1
0x0a5c13ee7d7e82bcee9e960a94ad86a2ee427c4a,2026-05-16T15:20:28+00:00,2026-05-17T02:17:27+00:00,2,0,0,121.242,121.24,241.875796,2
0x0a5ca9a1a113a863d3ae6940c38085518269c14f,2026-04-19T14:22:06+00:00,2026-04-22T02:24:04+00:00,2,222.77,222.77,0,0,2.45047,2
0x0a6496b688b3106680ab8497cd25aaf43092545e,2026-05-12T22:24:57+00:00,2026-05-13T08:54:46+00:00,2,0,0,47.094,47.09,93.948542,2
0x0a6d50501974f76512c3f3fb2792c8cf8d551246,2026-04-10T01:22:45+00:00,2026-04-25T14:54:32+00:00,2,0,0,6.0,6.0,11.9400,2
0x0a82f91f320eb8475c1f18356aaa147a62946c88,2026-04-24T15:23:20+00:00,2026-04-25T12:40:08+00:00,2,253.0,253.0,0,0,1.7710,2
0x0a88673a431ac6d2f3b23f7bdd3beb9e206c3702,2026-03-13T01:28:35+00:00,2026-06-06T09:41:48+00:00,3,0,0,4.036325,4.03,8.025964000,3
0x0a8894dcd7697e0cdfa0400e9930a9baad7dbb65,2026-05-23T04:39:46+00:00,2026-05-23T04:39:46+00:00,1,0,0,44.2785,0,44.1899430,1
0x0ab845bec27a7a163d56801ae47b57384bda22e8,2026-04-24T03:30:56+00:00,2026-04-24T05:46:04+00:00,2,0,0,80.260666,80.26,159.958844002,2
0x0ad7f3411bc87f0b5362155e638f04ef05700971,2026-01-06T14:02:07+00:00,2026-01-31T15:20:52+00:00,7,35.092333,35.09,0,0,1.4391070000258664,4
0x0af7fdb70a2a978cef14d93351cb379b7a121af0,2026-05-12T02:51:13+00:00,2026-05-12T05:32:33+00:00,2,0,0,1373.66,1373.66,2740.45170,2
0x0b18c04e3885689b7eeb58a0bf8fd192653b5b0a,2026-05-19T21:39:57+00:00,2026-05-19T23:12:26+00:00,2,0,0,611.583,611.58,1220.105094,2
0x0b2550e4a9b45e058d47ed8c2058f1bb4ce2439f,2026-04-05T13:32:05+00:00,2026-04-05T13:32:05+00:00,1,0,0,100.0,0,99.3000,1
0x0b258516447c267ccfbdd9cd6b35057bd815efd9,2026-05-09T21:16:28+00:00,2026-05-09T21:30:55+00:00,2,0,0,5.015,5.01,9.989915,2
0x0b25edfac0994ddffb317aafe1e44777d354d4dc,2026-06-01T20:48:22+00:00,2026-06-01T20:48:52+00:00,4,0,0,10.370,10.37,20.708890,4
0x0b3a073f05bae74d86d03901c18734902a4a0d2d,2026-04-16T19:35:30+00:00,2026-04-16T19:35:30+00:00,1,193.77,0,0,0,1.35639,1
0x0b5c5b853e1f5f2e4587113ddfd83b988798ad88,2026-05-25T04:49:20+00:00,2026-05-25T12:45:20+00:00,2,0,0,111.222,111.22,221.885896,2
0x0b5ed0f95e5cf56f4a9699e65d916ffd726d5506,2026-06-01T18:57:46+00:00,2026-06-01T18:58:09+00:00,4,0,0,10.260,10.26,20.489220,4
0x0b67fffb37746d5a02f106b008cf43c1af68d6fe,2026-04-25T10:54:36+00:00,2026-04-25T14:35:26+00:00,2,0,0,1595.767,1595.76,3180.356659,2
0x0b69b4e52af7713dc6cca8bd512e7e64e1b2cf12,2026-03-08T19:55:07+00:00,2026-03-08T22:06:57+00:00,2,0,0,12.37,12.36,24.43324,2
0x0b9334cec4b58e0af162ac71116a027ed85b9b87,2026-05-29T05:21:31+00:00,2026-05-29T11:39:14+00:00,2,0,0,8870.0,8870.0,17695.6500,2
0x0b968ef41078349fdf326a244eeeaff6f4b6db9d,2026-05-17T12:12:53+00:00,2026-05-17T12:12:53+00:00,1,0,0,5.0,0,4.9900,1
0x0bb199e3157e79a04a3287b9b65e5b8dfd7bbe1a,2026-04-28T07:07:50+00:00,2026-04-28T09:12:44+00:00,2,0,0,80.4805,80.48,160.5580990,2
0x0bb7fbde7251366f6ca4b03e90ef6ac42e92c9fe,2026-05-15T04:35:59+00:00,2026-05-17T21:35:15+00:00,4,0,0,15.030,15.03,29.984850,4
0x0bc336c6a72f38d4aa811a59beedabbfb69d9a35,2026-05-23T17:44:17+00:00,2026-05-23T17:44:17+00:00,1,0,0,18.8175,0,18.7798650,1
0x0bd33a49eabc947590263014b3e48b8fb08179e2,2026-05-22T19:16:05+00:00,2026-05-22T19:16:05+00:00,1,0,0,20.14,0,20.09972,1
0x0bd370f8c4b34c6c0df552bcc373c0763ec7e1c2,2026-06-01T09:55:51+00:00,2026-06-01T09:55:51+00:00,1,0,0,6.0,0,5.9940,1
0x0be4ff0338b0db075cbcd3f3750728da25db1831,2026-05-06T11:41:58+00:00,2026-05-06T11:41:58+00:00,1,0,0,6.0,0,5.9820,1
0x0be8aa6856e323ec2ca5fab30ed813d6f77ca17d,2026-05-25T11:00:30+00:00,2026-05-25T11:00:30+00:00,1,0,0,5.4805,0,5.4695390,1
0x0bf6bcac32b12ce4f135d814d815f9f956eb4c2c,2026-05-18T17:11:09+00:00,2026-05-18T18:22:07+00:00,2,0,0,90.661,90.66,180.867698,2
0x0c00f4ff623d629f4463abe5e1afb025bb6f7172,2026-05-23T15:09:12+00:00,2026-05-23T15:09:12+00:00,1,0,0,175.11,0,174.75978,1
0x0c18cf122dce8556302ff496affe379097aba04c,2026-06-01T12:32:41+00:00,2026-06-13T07:45:55+00:00,3,2500.0,0,0,0,3.0000,3
0x0c2a1d1e8819201d78a85cecda25e32085ac04a2,2026-05-13T20:29:56+00:00,2026-05-13T21:44:10+00:00,2,0,0,40.3805,40.38,80.5585990,2
0x0c2dc1c9cc140d7fc330710582aebdddac830587,2026-05-14T19:46:33+00:00,2026-05-22T06:32:28+00:00,6,0,0,1322.6450,1322.64,2638.6717900,6
0x0c3bbfc7b88d9e68e3d5ffad7834d7ce52f14490,2026-05-10T10:34:07+00:00,2026-05-10T17:39:12+00:00,2,0,0,2013.039,2013.03,4011.977763,2
0x0c54b66e2f8a1f9f0f36257d88f897b41169747c,2026-06-17T05:19:16+00:00,2026-06-17T05:19:16+00:00,1,20000.0,0,0,0,20.0000,1
0x0c5af30af0ee0efb96c17fdceae411e0660597bc,2026-03-06T08:14:45+00:00,2026-03-06T19:03:47+00:00,2,0,0,59.42,59.42,117.94870,2
0x0c5d4d5c0297eccc49960532bc52c91c67037951,2026-05-10T07:49:18+00:00,2026-05-10T14:49:57+00:00,2,0,0,209.628666,209.62,417.781300002,2
0x0c697293b14bdad3ec63f85a30d7a10f2f075895,2026-04-30T13:40:28+00:00,2026-06-12T11:42:31+00:00,2,0,0,10.0,10.0,19.9500,2
0x0c752fd68f2aafba1b28cf0766acaa6f3965490e,2026-04-16T21:48:34+00:00,2026-04-16T21:48:34+00:00,1,192.36,0,0,0,1.34652,1
0x0c7918c19aca9e6956e95bc0743610fa679b4e2b,2026-05-15T00:43:21+00:00,2026-05-15T15:02:34+00:00,2,0,0,85.17,85.17,169.91415,2
0x0c8242252a663bfce2a31335a32c06ee8da17571,2026-05-26T13:48:09+00:00,2026-05-26T13:48:09+00:00,1,0,0,274.529,0,273.979942,1
0x0c852c66d1d52def1aee817f61521a94926b28da,2026-03-04T06:58:31+00:00,2026-03-17T09:55:59+00:00,4,0,0,28.56,28.56,56.38120,4
0x0c8675c06b08dd4f6959c0c8e5f691a2409c8154,2026-05-20T16:03:12+00:00,2026-05-20T18:00:48+00:00,2,0,0,10.741,10.74,21.427298,2
0x0c9166064d872d4f6b9f247e4b27ece06be52467,2026-04-16T03:07:08+00:00,2026-04-18T19:00:16+00:00,2,165.48,165.48,0,0,1.98576,2
0x0c9b32a325baad61ed2879fd574c0a54a4827c71,2026-05-03T06:35:42+00:00,2026-05-24T14:30:07+00:00,4,0,0,44.092,44.09,87.957534,4
0x0c9d6fce2f349e38d5e380d242f1d1177e1c2e50,2026-05-25T11:34:40+00:00,2026-05-28T14:43:52+00:00,2,0,0,84.0,84.0,167.5800,2
0x0ca33d680d12426551b94038180e8404f7432971,2026-05-17T09:57:52+00:00,2026-05-17T09:57:52+00:00,1,0,0,10.0,0,9.9800,1
0x0ca48883e10330709ca798c3433b9190c48b190e,2026-05-10T14:54:23+00:00,2026-05-10T14:54:23+00:00,1,0,0,7.021,0,6.999937,1
0x0caaa859b4fa1e06cf919ab18c9f03ec372db59f,2026-04-11T15:24:27+00:00,2026-04-14T04:05:39+00:00,2,189.53,189.53,0,0,2.46389,2
0x0cc33c27f338bfb2704b0f142e06a5c38b59306c,2026-04-19T12:45:38+00:00,2026-05-18T13:43:52+00:00,5,0,0,138.992666,105.83,243.797118002,5
0x0cc793f5b52b45032cf78966fbc32e94c438c324,2026-05-25T20:23:03+00:00,2026-05-25T23:00:41+00:00,2,0,0,161.3225,161.32,321.8358950,2
0x0ccbec6b131dacb9650fb74e1551d5ef89b80fcb,2026-03-24T10:45:31+00:00,2026-03-24T11:20:59+00:00,2,111.111111,111.11,0,0,1.999989999,2
0x0cf0cbc4f940a63929cb35dcc490e61d0a3aa750,2026-06-01T01:47:22+00:00,2026-06-01T01:47:22+00:00,1,0,0,6.406,0,6.399594,1
0x0cffb5cbd0f9c4b58810e3da84a35328dd148cca,2026-06-09T12:46:33+00:00,2026-06-09T12:46:33+00:00,1,1053.62,0,0,0,1.05362,1
0x0d0a43f02f88d1c0df38bfadd180b931558fe388,2026-04-30T03:25:56+00:00,2026-04-30T04:30:58+00:00,2,0,0,56.74,56.74,113.08282,2
0x0d0da5799c7ef0ec7ebc806033ed720b4044d36f,2026-05-07T09:05:22+00:00,2026-05-07T10:12:41+00:00,2,0,0,55.907666,55.9,111.416343002,2
0x0d16879780c9a5b58d53effa65fa126e4c1c064f,2026-04-06T16:23:45+00:00,2026-04-06T16:23:45+00:00,1,0,0,10.0,0,9.9300,1
0x0d177f42abc5f9f4054ea3988a34aebf18b89682,2026-04-01T07:42:53+00:00,2026-04-16T07:07:08+00:00,2,5.0,5.0,0,0,0.0800,2
0x0d1de0f7d9ff40d6ae959cff946f316ee7a69caa,2026-05-08T07:24:08+00:00,2026-05-08T11:27:50+00:00,2,0,0,340.782333,340.78,679.176866001,2
0x0d2d5bcbfe5ab02b1150ecc96748578c703ae9d1,2026-05-01T16:29:38+00:00,2026-05-03T20:48:44+00:00,2,0,0,3343.029,3343.02,6662.647833,2
0x0d2dbb59d1012455a6c8f4515d8b2198cf07f409,2026-05-06T07:40:34+00:00,2026-05-06T10:39:48+00:00,2,0,0,250.561666,250.56,499.367741002,2
0x0d313a4059e9d122a7dfbd442ee8be8b84c4f28b,2026-05-17T15:02:29+00:00,2026-05-17T15:02:29+00:00,1,0,0,5.28,0,5.26944,1
0x0d3e7274d03c63e30c4fd6c3d633574e4da3f849,2026-05-12T18:03:56+00:00,2026-05-13T07:23:13+00:00,2,0,0,197.3945,197.39,393.7975410,2
0x0d518f401018bd338835223d99913992c4fefd92,2026-05-29T02:29:49+00:00,2026-05-29T04:50:47+00:00,2,0,0,9010.0,9010.0,17974.9500,2
0x0d663de30ceb4bffe61c976cefaa835a6b0c4b51,2026-05-28T02:47:53+00:00,2026-05-28T05:16:08+00:00,2,0,0,19.8095,19.8,39.5104810,2
0x0d6d6c5ebfc1afa2d8c8698c8d74c86e75892427,2026-05-19T18:10:53+00:00,2026-05-19T20:22:23+00:00,2,0,0,427.084,427.08,852.028592,2
0x0d7be5490fee6bff709a22396e0da8f223dc0c58,2026-05-02T09:52:04+00:00,2026-05-02T12:56:50+00:00,2,0,0,58.756,58.75,117.094732,2
0x0d7e9ddc0a0e6a7cd703ce8d1c0fd3b517a7cb13,2026-06-09T13:23:18+00:00,2026-06-17T13:42:11+00:00,6,25000.0,0,0,0,25.0000,6
0x0d84a99278e1a1715a6b95d7e0441fce52cd0277,2026-06-06T18:26:49+00:00,2026-06-06T18:26:49+00:00,1,1001.0,0,0,0,1.0010,1
0x0d8a2b0f855a42ee9bff871fef1cd6ec1f2323ae,2026-05-30T01:48:25+00:00,2026-05-30T01:55:13+00:00,2,0,0,106.486,106.48,212.646554,2
0x0d953e10b8626070869b9e6c3967b07d07c7e274,2026-04-19T10:07:32+00:00,2026-04-19T11:08:28+00:00,2,0,0,66.3014,66.3,131.8720930,2
0x0da6aa7e81f62195945ce179b9a06d0e52501615,2026-06-02T17:35:59+00:00,2026-06-02T22:27:14+00:00,4,5500.0,5500.0,0,0,16.5000,4
0x0dac13cf7532b8bfdd3bb115e4d0dd0a1d2fcf62,2026-06-02T15:57:17+00:00,2026-06-02T15:57:17+00:00,1,0,0,1.031,0,1.029969,1
0x0db91d46cc9f1e0d8346e1eb04065ba3167a0280,2026-05-04T05:25:36+00:00,2026-05-04T05:25:36+00:00,1,250.0,0,0,0,1.0000,1
0x0dc92f2114a3fefb467711e2f59bb5d3e011735e,2026-05-23T08:13:40+00:00,2026-05-23T09:23:49+00:00,2,0,0,10.02,10.02,19.98990,2
0x0dd0abeac4383abb68568b614fc9f169bc950c38,2026-05-29T11:02:45+00:00,2026-05-29T17:00:46+00:00,2,0,0,13.4165,13.41,26.7728470,2
0x0dfee1ed6f4d3640b4bc13388ec9743a3537de4d,2026-03-15T08:42:37+00:00,2026-03-19T08:17:17+00:00,2,5.0,5.0,0,0,0.0900,2
0x0e002cda7bebee44e4ed282a9d490ee13dce7aad,2026-05-11T08:34:23+00:00,2026-05-11T12:26:21+00:00,2,0,0,1988.966666,1988.96,3964.003926002,2
0x0e0b0c3c74a50f50839feba6599692b64232c1d5,2026-05-20T23:36:22+00:00,2026-05-21T04:55:11+00:00,2,0,0,177.3545,177.35,353.8177410,2
0x0e17a49cb2b5c72a9e50e1c0eb3dfc7292666dd9,2026-06-02T07:39:24+00:00,2026-06-02T07:39:24+00:00,1,0,0,1.001,0,0.999999,1
0x0e314d8191e521b231a68621fb1b104f8c1ced82,2026-06-03T00:22:39+00:00,2026-06-03T00:24:01+00:00,2,10.0,10.0,0,0,0.0300,2
0x0e37fe695950dcc1d7792a10aca772195127fe04,2026-05-02T06:57:46+00:00,2026-05-13T17:48:42+00:00,4,0,0,112.616,112.61,224.540174,4
0x0e46bc0e758359cdef3cdf94216cb1ef1b7f24cd,2026-05-27T23:18:07+00:00,2026-05-27T23:18:07+00:00,1,0,0,6.4425,0,6.4296150,1
0x0e5bd76779e74304d08e759072abf126d87da593,2026-03-29T11:45:46+00:00,2026-06-06T16:11:46+00:00,446,15.71,360250.063819,100000.0,0,101339.3758528849395730,446
0x0e5c61fd9a518c9ffc954089d4655bcf52ec3036,2026-02-11T13:30:59+00:00,2026-06-05T00:07:19+00:00,505,55683.970325,55673.968249,0,0,1033.0382619352879439,505
0x0e5d59ebb013b6adf8a4f55abf38fa2329d65869,2026-05-07T07:09:10+00:00,2026-05-07T08:43:59+00:00,2,0,0,174.433,174.43,347.641981,2
0x0e5e538a53d0440d305566b3a21519de66fb7fd6,2026-05-14T09:21:43+00:00,2026-05-16T04:04:37+00:00,2,0,0,10.621,10.62,21.187898,2
0x0e6223d126003069122d297b252962c4b0d99a7b,2026-05-23T10:37:36+00:00,2026-05-23T10:37:36+00:00,1,0,0,33.4065,0,33.3396870,1
0x0e6489109d17cbad51a80bea4c407313cb1f279f,2026-05-10T03:04:52+00:00,2026-05-13T07:54:05+00:00,4,0,0,14.034,14.03,27.981814,4
0x0e6703888c8e7a7ab2fb599a24b54a9a27a0a1f3,2026-05-09T02:24:10+00:00,2026-05-09T04:16:47+00:00,2,0,0,1320.72,1320.72,2632.19496,2
0x0e6fbdd3d88a3da4ee04d95f11a49aa79851837f,2026-05-01T05:35:10+00:00,2026-05-01T06:28:10+00:00,2,0,0,66.74,66.74,133.01282,2
0x0e76077df4f01c7d9462a68a12dd4c0cece4f30a,2026-05-16T12:55:02+00:00,2026-05-17T01:05:49+00:00,2,0,0,47.3745,47.37,94.5076410,2
0x0e76e056aed997d6690fc0f71a8c642cee644289,2026-05-06T10:48:16+00:00,2026-05-06T12:08:34+00:00,2,0,0,52.728,52.72,105.078936,2
0x0e7fa09bf44514693b5ecc2420c50abc39b62015,2025-12-11T22:25:56+00:00,2026-06-03T19:06:57+00:00,159,0,0,27750.333431,0,27677.0649939996073536,159
0x0e85328671d263e8b89af61c7b48720f32df6ba5,2026-03-16T18:18:09+00:00,2026-03-16T18:27:09+00:00,3,0,0,121.0,121.00,239.01115,3
0x0e9e1b5d6412a60c6054d5a0314b5a68063e1b5a,2026-05-24T07:12:28+00:00,2026-05-24T10:17:23+00:00,2,0,0,28.8275,28.82,57.5033850,2
0x0eba9973fd26f4bef862f932c8e492259b616966,2026-05-09T18:56:18+00:00,2026-05-09T20:40:38+00:00,2,0,0,278.916666,278.91,555.874276002,2
0x0ec423141f129c7374de7f973663a515c61366af,2026-06-03T15:47:43+00:00,2026-06-03T15:48:00+00:00,4,0,0,10.370,10.37,20.708890,4
0x0ec5399410df09a1c616262ab5d5ef9b6822637e,2026-05-13T10:37:19+00:00,2026-05-28T01:19:59+00:00,2,0,0,39.078,39.07,77.952634,2
0x0ec53c541f6a48961144988569848bb6ed06eeaf,2026-05-23T13:51:36+00:00,2026-05-23T15:27:56+00:00,2,0,0,12.084,12.08,24.103592,2
0x0ed8c94256ee4b20880bb8426b99a905b3eaa0e2,2026-04-24T03:48:52+00:00,2026-05-20T08:06:37+00:00,3,0,0,130.859333,88.14,218.296910001,3
0x0ee42ff3b75dffcfe3ccf251a3f088350a66869f,2026-03-07T03:26:13+00:00,2026-03-20T21:12:39+00:00,7,1872.491285,0,0,0,14.92993898550,7
0x0ee76687a9eb8e1d82f577e7189819fe21a42e67,2026-05-16T06:48:56+00:00,2026-05-16T07:04:40+00:00,2,0,0,7.0,7.0,13.9650,2
0x0eeceea0bddb0b9d36a2b14c547c6d9e30e7461c,2026-05-05T03:44:08+00:00,2026-05-05T05:27:24+00:00,2,0,0,86.76,86.76,172.91268,2
0x0efe8317c51be602fbb00a751ac073d2676196f4,2026-05-10T10:18:05+00:00,2026-05-10T13:23:05+00:00,2,0,0,159.478333,159.47,317.832018001,2
0x0f00fd1467b51328f765a6164d8b79f49a9ba098,2026-06-03T17:12:09+00:00,2026-06-03T17:15:52+00:00,2,0,0,107.327,107.32,214.325033,2
0x0f0125231baa575531092e670ea7e347fc4c6d28,2026-05-19T08:49:18+00:00,2026-05-21T13:07:54+00:00,4,0,0,40.08,40.08,79.95960,4
0x0f0999e1ecee1618d6b65b5aaf6ea9cfd3298ed2,2026-06-02T06:25:26+00:00,2026-06-02T06:26:38+00:00,2,0,0,522.522,522.52,1043.474438,2
0x0f123dc3bd16e504c940592bfdc121414e9fbd66,2026-05-15T01:48:44+00:00,2026-05-15T02:00:09+00:00,2,0,0,5.01,5.01,9.99495,2
0x0f130bfb163a75bf085334631319abefa4e5fe87,2026-01-13T14:20:27+00:00,2026-01-13T14:20:27+00:00,1,5.96,0,0,0,0.01192,1
0x0f1ba8761fa20cdff6dc55a8f2d058898ae2d136,2026-04-18T06:56:46+00:00,2026-04-18T09:25:20+00:00,2,0,0,264.4722,264.47,526.0330190,2
0x0f2231db6c779a25780788c88ad929fcc24eb832,2026-03-29T15:16:44+00:00,2026-03-29T15:16:44+00:00,1,2000.0,0,0,0,22.0000,1
0x0f27e84e2d7e27c4253e8d1f19c148495cb163f1,2026-05-01T17:03:28+00:00,2026-05-24T10:35:05+00:00,4,0,0,88.4415,88.44,176.2892120,4
0x0f2f4f8e61e36198ed2ec2b4a5d608857c470d81,2026-05-02T06:25:36+00:00,2026-05-02T08:22:46+00:00,2,0,0,103.660666,103.66,206.595044002,2
0x0f3433d8b7596000bf1046aa822308d93cf67684,2026-05-11T10:30:28+00:00,2026-05-11T10:30:28+00:00,1,400.0,0,0,0,1.6000,1
0x0f3c40233339145e6739baec5bbb9d6e09eab64c,2026-04-27T09:08:06+00:00,2026-04-27T09:08:14+00:00,2,0,0,634.533333,634.53,1264.621613001,2
0x0f3e340f7bcf902b96abc5e51b2dae02ff46d4cc,2026-05-19T07:50:48+00:00,2026-05-19T10:07:02+00:00,2,0,0,16.553,16.55,33.020244,2
0x0f44da4b1345adbcc996d8655265a25c68f4b79e,2026-03-13T07:55:53+00:00,2026-03-19T12:03:25+00:00,2,353.636363,353.63,0,0,6.365409993,2
0x0f49a460235b84f8f6b9e4cb7f4ac26c89a1f1dd,2026-05-14T16:11:34+00:00,2026-05-14T16:11:34+00:00,1,0,0,122.0,0,121.7560,1
0x0f4c0aa664fd20ae9580d5b54732639c23c69a59,2026-05-25T03:27:35+00:00,2026-05-31T21:35:24+00:00,2,0,0,3.3065,3.3,6.5932870,2
0x0f5ac27026fdb99c8b35109234c8b80336db2308,2026-04-18T13:31:30+00:00,2026-04-18T15:37:12+00:00,2,0,0,111.3968,111.39,221.5614760,2
0x0f607897e7a3e05ae15e7a99e57856454d17026a,2026-03-24T16:02:09+00:00,2026-03-24T18:33:41+00:00,16,0,0,958.865,0,947.434400,7
0x0f61d72af5e0cac3d931448268c3c37c80d2bbfd,2026-05-09T19:48:41+00:00,2026-05-14T08:50:44+00:00,4,0,0,562.222166,562.22,1121.055238002,4
0x0f660766edfdb88fcad6d6eb104f66e709c915f9,2026-05-12T05:05:11+00:00,2026-05-12T05:19:06+00:00,2,0,0,5.01,5.01,9.99495,2
0x0f6781feae03aa83c9a24284ae1c934ef46db0ce,2026-03-08T19:55:07+00:00,2026-03-08T19:57:21+00:00,2,0,0,15.0,15.0,29.6400,2
0x0f84a7b79da3364d49e499c6a3fa68b19ee3d542,2026-05-19T14:11:09+00:00,2026-06-03T11:13:06+00:00,2,0,0,35.571,35.57,70.998718,2
0x0f97b8a9c2051357658e8f0b1a86880ce89514f1,2026-05-12T18:26:24+00:00,2026-05-12T22:40:10+00:00,2,0,0,257.515,257.51,513.737440,2
0x0fa84664b42f1170e40a4e203cea951a9b70824e,2026-05-18T12:26:07+00:00,2026-05-18T12:45:13+00:00,2,0,0,974.9495,974.94,1945.0147810,2
0x0facda10a0dce0ddf6ca57d8e98e2476d9726445,2026-05-08T22:50:15+00:00,2026-05-16T10:08:18+00:00,2,0,0,7.823333,7.82,15.5964030002176667,2
0x0fae03e17d79d4a0d997d78925440e7de16c532f,2026-04-30T09:28:48+00:00,2026-04-30T11:34:16+00:00,2,1433.333333,0,0,0,5.399998999000001,2
0x0fc1b2c0009ce90820e0df5d28d188c53e940a02,2026-05-24T12:57:25+00:00,2026-05-25T04:01:26+00:00,2,0,0,9011.0,9011.0,17976.9450,2
0x0fc538c9e8266644131be00914b16ffcea30c081,2026-05-27T06:57:11+00:00,2026-05-27T06:57:11+00:00,1,0,0,9.028,0,9.009944,1
0x0fd090d04f9213b4adb2f8e03797907c0c5bf601,2026-03-18T21:21:09+00:00,2026-03-18T21:21:09+00:00,1,0,0,1.10875,0,1.09988000,1
0x0fda55255e462cefe10f58c6dd14a6ac48e38405,2026-06-17T13:27:11+00:00,2026-06-17T13:27:11+00:00,1,10000.0,0,0,0,10.0000,1
0x0fdf0cbff5cc08872388867367ee60dcc205a2aa,2026-06-04T16:46:09+00:00,2026-06-04T16:46:34+00:00,4,0,0,10.070,10.07,20.109790,4
0x0fef61aa280b80979440c98c41ef556701e2ea88,2026-06-02T10:28:36+00:00,2026-06-04T06:24:19+00:00,2,0,0,324.324,324.32,647.671036,2
0x100b4aae62bb70e0fd654a8dcce7b0947387f057,2026-05-06T08:01:58+00:00,2026-05-22T10:58:14+00:00,3,0,0,83.953666,55.9,139.406251002,3
0x101e400db42373c902ae4d52a60456004493a95c,2026-04-18T11:20:34+00:00,2026-04-18T12:25:32+00:00,2,0,0,48.5928,48.59,96.6482960,2
0x101faa95a4b78dea7b81b9e144676823a5ee9e1c,2026-04-28T08:52:58+00:00,2026-04-29T08:57:14+00:00,4,0,0,1258.1155,1258.11,2509.9349390,4
0x10230e5c878b88c6dfe503f7b94f0fe61eeec246,2026-05-19T17:25:21+00:00,2026-05-26T03:32:10+00:00,5,0,0,30.06,30.06,59.96970,5
0x102fa87c230514302c3dc61f10e5aafb8f6064f4,2026-05-17T16:41:01+00:00,2026-05-17T20:53:16+00:00,2,0,0,79.8995,79.89,159.3900310,2
0x103547b5f6127beb0d02335754e9fb58d70a172c,2026-05-06T05:30:08+00:00,2026-05-18T08:13:09+00:00,4,0,0,3244.29,3244.29,6469.00061,4
0x104362f263a2ebbcd4cd42b7c991a0a78a7684bf,2026-05-17T06:09:10+00:00,2026-05-17T09:35:11+00:00,2,0,0,54.689,54.68,109.095582,2
0x104e70f5202811a95fdb56bd5d4de080a9e742a4,2026-05-30T13:35:20+00:00,2026-05-30T13:35:20+00:00,1,0,0,21.021,0,20.999979,1
0x1058e2c9fd8a6b941bc3b85645f317db3fc1dbf4,2026-04-25T10:03:32+00:00,2026-04-25T11:03:36+00:00,2,0,0,179.799333,179.79,358.330775001,2
0x10774303ce7ec7cb3c01559d90ed65f807621caa,2026-04-25T05:57:06+00:00,2026-05-17T09:34:55+00:00,4,0,0,227.151166,227.15,452.930091002,4
0x1077e1de24cf2c59e8c1101d8f5d6730bf81c9f1,2026-05-16T23:52:01+00:00,2026-05-16T23:52:01+00:00,1,333.333333,0,0,0,0.999998999000001,1
0x108072562b1854e5d9d75d86676e27264c1410cc,2026-06-01T04:30:16+00:00,2026-06-01T20:52:27+00:00,2,0,0,8.008,8.0,15.983992,2
0x1086771735622e6d38e22aeb939ef2bc6f317b3c,2026-01-31T06:36:46+00:00,2026-02-01T19:32:44+00:00,2,242.3064,242.3,0,0,16.56416000690144,2
0x1092a5ba577b2c44a8fe95bf8fa2f5a7f166422e,2026-05-14T13:51:14+00:00,2026-05-14T13:51:14+00:00,1,1600.0,0,0,0,4.8000,1
0x1094962af8387e60e0b72ea439c9aa6a2563f1f5,2026-04-25T15:15:14+00:00,2026-04-25T17:01:34+00:00,2,0,0,1170.982666,1170.98,2333.765798002,2
0x109bd00e15263d41b44d8178eceafde9f7280684,2026-05-13T11:37:07+00:00,2026-05-15T07:14:32+00:00,2,0,0,34.068,34.06,67.957684,2
0x10a3cec7837e8c4eff289a7818be621b1f04cfa3,2026-05-14T05:56:42+00:00,2026-05-14T11:51:03+00:00,2,0,0,9080.0,9080.0,18114.6000,2
0x10a4e3d868055bbb9c591c066a822fe5cf3b1aa1,2026-02-25T08:25:10+00:00,2026-02-25T08:25:20+00:00,2,0,0,106.34,106.34,210.65954,2
0x10b289276b2b69cac7b1bbc58601009b6ee74ceb,2026-02-04T12:30:54+00:00,2026-02-24T17:40:20+00:00,8,0,0,4.256121,4.25,8.3431559999387023,8
0x10b59d23af6f7e3885b04b885a8f243825dc652c,2026-05-24T06:00:27+00:00,2026-05-25T16:09:23+00:00,2,0,0,269.539,269.53,537.721332,2
0x10b9ca16561f41ba169eb43d1a7d60db935bfd2a,2026-05-16T19:50:01+00:00,2026-05-17T02:51:29+00:00,2,0,0,130.2605,130.26,259.8691990,2
0x10baa5e530fe99766598516f6fd856b22ac210b8,2026-02-07T13:06:03+00:00,2026-02-10T13:35:45+00:00,2,1000.0,1000.0,0,0,47.502170000,2
0x10ea03416347e8a9c0d8c1457f288181900902ed,2026-05-12T12:34:54+00:00,2026-05-13T15:09:27+00:00,3,2499.999999,0,0,0,7.4999979970000020,3
0x10feeaddaa7e395153f34a88ce805c0262599af6,2026-02-14T06:21:59+00:00,2026-03-06T22:10:11+00:00,4,55.555554,55.55,0,0,1.3460689997778050,4
0x11058bbac39fb05a6af69de2eba837c3f5ea54b7,2026-05-11T03:57:07+00:00,2026-05-11T04:12:45+00:00,2,0,0,5.015,5.01,9.989915,2
0x1106a10107b102625430b6e8bce01f1aaf70ffa0,2026-03-29T02:40:36+00:00,2026-03-29T02:40:36+00:00,1,1000.0,0,0,0,10.000,1
0x110f0e13833641d9ada6c3bfc415f7ba84565dc9,2026-05-25T14:09:08+00:00,2026-05-25T14:09:08+00:00,1,0,0,57.0,0,56.8860,1
0x1110cc281f72223f3e6254096c96e77229860d48,2026-06-16T22:13:43+00:00,2026-06-16T22:14:28+00:00,2,26800.0,0,0,0,26.8000,2
0x11143401e73b4dd32ba5f3af53d4e85d65253e94,2026-04-16T04:47:46+00:00,2026-04-16T04:47:46+00:00,1,169.73,0,0,0,1.18811,1
0x11153bbc2058c82271a897a2771da9466901ba6b,2026-06-03T16:30:22+00:00,2026-06-03T16:33:55+00:00,2,0,0,109.759,109.75,219.179741,2
0x111fdb90e86b8ad092902e6dae32bfbba87d5908,2026-04-24T16:40:16+00:00,2026-04-25T12:00:50+00:00,2,0,0,505.0,505.0,1006.4650,2
0x1124b4d6c9e0cd78d481508b2619f70d85cb11e3,2026-05-03T03:45:52+00:00,2026-05-04T05:32:32+00:00,2,0,0,943.27,943.27,1879.93711,2
0x112bc8ff4b2158d389e85f86890427adb887b400,2026-03-25T09:02:53+00:00,2026-03-25T09:07:29+00:00,3,0,0,1060.0,1060.0,2096.6800,3
0x112fa4f58d49f543e9858c20296eed5b5cb70dbe,2026-05-11T17:05:05+00:00,2026-05-11T18:45:04+00:00,2,0,0,63.8675,63.86,127.4081850,2
0x11311e0ef5982edf5aa1b6830e571f15afbf6181,2026-05-02T05:09:04+00:00,2026-05-02T05:53:32+00:00,2,0,0,1623.13,1623.13,3234.89809,2
0x113b83cca8736fb5dcb70a261802033c9ee417cc,2026-05-12T13:49:26+00:00,2026-05-19T12:19:25+00:00,4,0,0,139.278,139.27,277.851634,4
0x113d7ea267ff0b45ebf8d9853c51666b7b741f51,2026-05-23T06:00:12+00:00,2026-05-23T07:39:05+00:00,2,0,0,13.8775,13.87,27.6781350,2
0x1141f07d8a4aae79579656b2a3d5b7137c82d91d,2026-05-20T11:45:50+00:00,2026-05-20T11:45:50+00:00,1,0,0,126.8635,0,126.6097730,1
0x11431378540700be6e0a0fea69f6143ec3e986d7,2026-05-29T09:38:13+00:00,2026-05-29T11:06:25+00:00,2,0,0,14.4385,14.43,28.7963330,2
0x114a09bf493392f41edba355483c990d604c717a,2026-05-02T13:39:16+00:00,2026-05-02T13:39:16+00:00,1,0,0,21.6,0,21.5352,1
0x11592d5dcd7ca08f3f27103371d71dc6279635c2,2026-05-01T20:43:06+00:00,2026-05-01T21:47:12+00:00,2,0,0,53.951666,53.95,107.524011002,2
0x115bfdc49cd151dbc5f000b84e30326d962968ef,2026-03-18T09:47:41+00:00,2026-05-05T11:20:30+00:00,2,76.923075,76.92,0,0,1.2307589980769475,2
0x1161e1ac450967b8e2653078cf015df87192c9bd,2026-05-18T02:55:05+00:00,2026-05-18T04:52:45+00:00,2,0,0,102.174,102.17,203.833142,2
0x1165acc0b14ea7af117fb33f5476ea90bfefc8b0,2026-05-09T03:23:38+00:00,2026-05-09T04:38:30+00:00,2,0,0,1.303666,1.3,2.5945550000445010,2
0x11670c93e2a7aa1ce5856e5829b8d9f9389842d4,2026-05-13T10:31:21+00:00,2026-05-22T16:00:28+00:00,20,0,0,3316.8900,3316.89,6617.1955500,20
0x116726f913495301678930d38ccb759390bec5ac,2026-05-29T14:44:40+00:00,2026-05-29T18:29:33+00:00,2,0,0,10.01,10.01,19.98997,2
0x1167b51b739a4f570b262c18a141e907b4fa66c0,2026-04-30T01:53:46+00:00,2026-05-28T05:59:17+00:00,4,0,0,8872.106,8872.1,17699.843382,4
0x116e8d445a9e849f1fd89dafd281e6b17f0645df,2026-03-25T05:31:15+00:00,2026-03-25T05:33:39+00:00,2,0,0,620.0,620.0,1226.3600,2
0x117a47cebf2f900c945c8e6fedd59f4bb5bcc2fa,2026-04-30T14:12:02+00:00,2026-06-07T09:53:06+00:00,2,0,0,25.075,25.07,50.044705,2
0x117b9d6d804ba1068f5c592991e61020789edfd5,2026-05-21T16:10:48+00:00,2026-05-21T16:10:48+00:00,1,0,0,2.745,0,2.739510,1
0x117ede57b96dc48c3b42c389346153a25698f6bd,2026-05-26T06:59:31+00:00,2026-05-26T06:59:31+00:00,1,0,0,20.0,0,19.9400,1
0x118234bd8c811612fa8d2f91fbaf6cf1685d0aa5,2026-05-21T03:22:59+00:00,2026-05-21T03:22:59+00:00,1,3133.333333,0,0,0,9.3999990590000001,1
0x119b3713be4616cc509c586e6046fbd9e7f50fca,2026-05-23T21:46:24+00:00,2026-06-08T19:05:00+00:00,2,0,0,30.06,7.51,37.50237,2
0x119ccb743016d5799694f8b08f2df3374a622d4a,2026-06-08T19:46:21+00:00,2026-06-08T19:46:21+00:00,1,40000.0,0,0,0,40.0000,1
0x11a8e56bbc8319efd80d40663ed58ae44853cf93,2026-05-08T02:33:51+00:00,2026-05-23T18:41:13+00:00,3,0,0,50.860333,39.16,89.722805001,3
0x11adcaba88f968812352fb69b9b1876acf6620dd,2026-05-19T12:08:43+00:00,2026-06-06T15:07:07+00:00,2,0,0,1.232,1.23,2.457076,2
0x11ca3f9fbb01d696d1fa534790d66bb16a862a8e,2026-05-01T11:24:28+00:00,2026-05-12T10:27:50+00:00,4,0,0,273.6965,273.69,545.7185080,4
0x11de3df871a4730d8506ae7cdaad12ac1d13b10d,2026-05-26T02:08:56+00:00,2026-05-26T02:08:56+00:00,1,0,0,1085.08,0,1082.90984,1
0x11df37a4839c7380eeb099c060689f0a08699081,2026-05-10T12:08:46+00:00,2026-05-10T12:19:02+00:00,2,0,0,993.520333,993.52,1980.085692001,2
0x11eaf4104fff17482832aa739c1dd749eb8ab627,2026-04-23T06:19:32+00:00,2026-04-23T07:35:58+00:00,2,0,0,77.608,77.6,154.354360,2
0x1208d5d5dd9866295fc9c26be2a3b28f67ac87a8,2026-05-07T06:38:44+00:00,2026-05-07T07:53:10+00:00,2,0,0,63.079,63.07,125.707483,2
0x121264280c09aa34d3d4d1899406ec5d01d39e06,2026-05-23T18:42:14+00:00,2026-05-23T18:42:14+00:00,1,1666.666666,0,0,0,4.9999989980000004,1
0x121356810a16ceb9407b7ad4bad3d8bacfd2ff57,2026-06-09T11:21:00+00:00,2026-06-09T11:21:00+00:00,1,50000.0,0,0,0,50.0000,1
0x121c66a698dcb79e439fc7278e8736e29884ad45,2026-05-26T06:59:31+00:00,2026-05-26T06:59:31+00:00,1,0,0,100.0,0,99.7000,1
0x12250aa23a5e03e0795ab3945e2349369932dad3,2026-05-17T00:33:03+00:00,2026-05-17T00:33:03+00:00,1,0,0,7.014,0,6.999972,1
0x122d9ce327d1d40ded62b8782aea3d1c32af95fe,2026-04-30T06:42:04+00:00,2026-06-06T18:33:00+00:00,15,0,0,186.96,186.956919,373.0076279999926904,15
0x122dc7eb9c77669f940e28ca6afae80e3f8bbcb1,2026-05-27T08:24:25+00:00,2026-05-27T08:24:25+00:00,1,0,0,399.599,0,398.799802,1
0x1231d76b85a16d11714c44cfb15b93dc6cc9429f,2026-03-06T12:13:33+00:00,2026-03-08T19:55:07+00:00,4,267.857142,267.85,0,0,3.999949994,4
0x1232e5b39f0fe5ace85c1ab9d84aaf1a22776158,2026-06-15T11:28:21+00:00,2026-06-15T11:28:21+00:00,1,1500.0,0,0,0,1.5000,1
0x123724de1adec43feb13a82951a5579971603366,2026-04-09T03:45:33+00:00,2026-04-16T23:56:46+00:00,2,188.11,188.11,0,0,2.44543,2
0x123763d93c954fab567b14507d07e931d902f312,2026-02-02T08:27:52+00:00,2026-02-02T08:27:52+00:00,1,0,0,10.0,0,9.8300,1
0x123c5d67e3761a26a9eccddecf478a1aa580bece,2026-05-20T08:57:57+00:00,2026-05-20T08:57:57+00:00,1,0,0,20.9715,0,20.9295570,1
0x124032199569d4f20d7fdc1fd034e83cba803f44,2026-04-10T13:53:09+00:00,2026-04-13T08:21:19+00:00,2,0,0,21.26,21.26,42.24362,2
0x1245aaa029c6cfc7f299eecddd70f315398c4caa,2026-05-06T16:12:01+00:00,2026-05-31T03:25:37+00:00,4,0,0,16.037666,16.03,31.9845920001044002,4
0x12469e555ee3d36b124ae338f2f8204af290c10f,2026-04-17T03:18:10+00:00,2026-04-21T02:38:00+00:00,2,0,0,16.06,16.06,31.92728,2
0x124b131e1ac10959321f66d04645637e4806147b,2026-04-22T11:24:42+00:00,2026-04-22T14:08:28+00:00,2,0,0,81.7084,81.7,162.5096580,2
0x124f7d5a8df93627edeedf7c00b94b353325638c,2026-05-30T08:52:30+00:00,2026-05-30T08:56:11+00:00,2,0,0,104.784,104.78,209.249656,2
0x1255a58ed30dfa4730643a71e04d785193b3a4e1,2026-04-11T02:03:25+00:00,2026-04-11T02:03:25+00:00,1,142.857142,0,0,0,0.999999994,1
0x125dc484eaadc09ddc091ab51283791e18af4c0b,2026-05-23T10:14:43+00:00,2026-06-02T13:57:22+00:00,2,0,0,2.3045,2.3,4.5952910,2
0x1262ec5fc809e2d0d9d126419d0d113513c8f9de,2026-05-22T12:55:54+00:00,2026-05-22T12:55:54+00:00,1,0,0,20.0,0,19.9600,1
0x126e36d4415a401a491b65957448ef15a509823c,2026-04-24T10:02:04+00:00,2026-04-24T10:57:22+00:00,2,0,0,67.903666,67.9,135.328355002,2
0x126f5db6b9c443dd5eedc6d4503696300e5ae190,2026-06-01T08:33:35+00:00,2026-06-14T13:33:15+00:00,2,0,0,181.181,181.18,361.998639,2
0x126fdd148710fa05d3c396413f913855019a1934,2026-04-24T12:31:04+00:00,2026-04-24T13:41:32+00:00,2,0,0,124.663666,124.66,248.451035002,2
0x126fef068e520d0aae8ffaaf04b6c54d2e7e4ac0,2026-05-27T03:55:57+00:00,2026-05-31T08:49:06+00:00,2,0,0,90.0,90.0,179.6400,2
0x1284c840159b7d597dfc65d7b7d6bb6976ce3304,2026-05-20T16:29:39+00:00,2026-05-20T18:06:31+00:00,2,0,0,10.02,10.02,19.98990,2
0x1296e7828536611f0c2b328ca61ee9da321a902e,2026-05-26T15:01:54+00:00,2026-05-26T15:01:54+00:00,1,0,0,74.068,0,73.919864,1
0x129da2f9a4951fe58fb3bac7f1c5c8367ba669d7,2026-05-09T21:38:09+00:00,2026-05-10T00:30:43+00:00,2,0,0,93.279666,93.27,185.896747002,2
0x129e0a5dfd79e3e91c9d41c3ce6af379841d99d6,2026-05-02T20:44:32+00:00,2026-05-03T00:39:04+00:00,2,0,0,44.282666,44.28,88.252698002,2
0x129f9c3b20c8d2fce0c02b2814fddea475f8ec8a,2026-04-24T10:37:22+00:00,2026-04-24T11:47:12+00:00,2,0,0,81.544333,81.54,162.513540001,2
0x12a09f2d3c26bcc7c791459b2de935a56460f258,2026-05-19T15:31:52+00:00,2026-05-24T09:53:19+00:00,3,0,0,59.3780,59.37,118.4511340,3
0x12aa09ad863636efcc02da0b49faa09f3b77208f,2026-04-30T07:51:42+00:00,2026-04-30T10:31:50+00:00,2,0,0,174.128,174.12,347.203264,2
0x12beca06bea05600c8656ff76b317ed586e302f1,2026-04-07T02:09:53+00:00,2026-06-09T01:53:36+00:00,2,0,0,29.174142,29.17,58.1107530001651716,2
0x12c047b93f76bbeceb8b910449622242ce17e852,2026-04-27T10:43:44+00:00,2026-05-20T17:39:59+00:00,4,0,0,53.36,53.36,106.36652,4
0x12c805698795651f1e7dc25067f0483bfd233cb0,2026-03-27T12:19:09+00:00,2026-03-27T12:25:03+00:00,3,0,0,20.0,20.0,39.5800,3
0x12d91a7a19cae1fe8228eb59e1af77c4a60d1b5e,2026-04-28T05:42:10+00:00,2026-04-28T05:42:10+00:00,1,0,0,22.9455,0,22.8996090,1
0x12e6b7c6aa0b373a8e3e8abd95567b75abfaba6d,2026-05-14T22:13:05+00:00,2026-05-17T14:13:06+00:00,4,0,0,19.038,19.03,37.972834,4
0x12eec599bd3dcd026aeb0d5b4f8c7f8abf80694d,2026-05-31T11:55:45+00:00,2026-05-31T11:55:45+00:00,1,0,0,19.0,0,18.9810,1
0x12f685268461e322afb634f743a822820fc07812,2026-05-16T08:37:02+00:00,2026-05-16T09:22:53+00:00,2,0,0,888.076,888.07,1771.705638,2
0x12ffe11eee56677ab117a479bf706777bd06395d,2026-05-19T19:47:23+00:00,2026-05-19T20:38:03+00:00,2,0,0,25.15,25.15,50.17425,2
0x13174f4adee6013ceecb29bc81b44b6cefa1f146,2026-05-24T08:01:14+00:00,2026-05-24T08:01:14+00:00,1,0,0,7.014,0,6.999972,1
0x131da18dda251c19d60894c2a9c0af00a2c1c308,2026-06-16T18:33:55+00:00,2026-06-16T18:33:55+00:00,1,15000.0,0,0,0,15.0000,1
0x132242e6591f60f9be684f9a07afd0659b4b13d6,2026-05-16T05:33:59+00:00,2026-06-01T05:02:56+00:00,2,0,0,41.082,41.08,81.997676,2
0x1329c2b036dfacb5203222e3fe432251f7554e42,2026-05-23T12:26:13+00:00,2026-05-23T12:26:13+00:00,1,0,0,26.633,0,26.579734,1
0x132a60ecd1680fde8e4a24b9f3fe033005a70c5e,2026-05-26T10:03:07+00:00,2026-05-26T22:33:43+00:00,2,0,0,42.084,42.08,83.953592,2
0x132de8761941c80439e9eb76e37a390c8a08a34f,2026-05-16T00:30:53+00:00,2026-05-16T00:30:53+00:00,1,0,0,3.006,0,2.999988,1
0x134d0ccb415898ec88b00348ac90bea26fa43b67,2026-05-23T10:55:19+00:00,2026-05-23T10:55:19+00:00,1,0,0,20.0,0,19.9600,1
0x13522d6b800170f8c604be2dc62587e01793a403,2026-05-12T16:48:32+00:00,2026-05-13T04:52:19+00:00,2,0,0,34.068,34.06,67.957684,2
0x1357e0dc6fa820753cf3b077b6f572c722e790fc,2026-05-17T01:34:50+00:00,2026-06-12T14:49:12+00:00,2,0,0,30.06,30.06,60.02982,2
0x1360ff06cdaa26445c41f5732c7cf96fc3d9c971,2026-04-01T06:33:57+00:00,2026-04-01T07:31:53+00:00,2,0,0,800.0,800.0,1582.4000,2
0x13826ff9aba500fc64821ef64ade49db09eff3b2,2026-04-26T05:13:42+00:00,2026-04-26T06:15:58+00:00,2,0,0,193.259666,193.25,385.156887002,2
0x1396cc97b8f8efc07651dd38e11a1252acea3100,2026-06-02T03:39:11+00:00,2026-06-08T06:17:43+00:00,2,0,0,1.011,1.01,2.018979,2
0x139ea121ab948f9ab21b99de3a556f6b60b48e34,2026-05-08T07:07:41+00:00,2026-05-20T04:57:34+00:00,3,0,0,166.964,120.36,286.388271,3
0x13a90bbe59d38a569eea730dfd97b3cfbc086819,2026-04-30T07:34:20+00:00,2026-04-30T10:38:48+00:00,2,0,0,327.014,327.01,652.061932,2
0x13be678f3e3c0aeb621d0cc8e86b40012d4f7af0,2026-05-06T13:45:30+00:00,2026-05-31T01:05:14+00:00,5,0,0,25.750666,12.63,38.2869400002548001,5
0x13cb83542f2e821b117606aef235a7c6cb7e4ad1,2026-04-22T03:35:12+00:00,2026-04-22T03:55:18+00:00,2,0,0,105.5276,105.52,209.8868420,2
0x13cef6e01f0a067835d8615dcfc8a1d493126c54,2026-05-27T17:41:37+00:00,2026-05-27T17:41:37+00:00,1,0,0,8.126,0,8.109748,1
0x13da441db8464f31c865231bee429499316770c4,2026-05-22T09:28:07+00:00,2026-05-23T03:50:49+00:00,2,0,0,76.152,76.15,151.921246,2
0x13eb803f6432f2c42e64fac472072039dc68b05d,2026-04-23T19:09:12+00:00,2026-04-23T20:05:56+00:00,2,0,0,79.267666,79.26,157.972823002,2
0x1401d4c35d184d70d9fefd56d93a213bdc35e40b,2026-04-19T12:26:36+00:00,2026-05-21T10:49:32+00:00,6,0,0,130.6060,130.60,260.1821010,6
0x140891ee5c1214859198b80f0a5a4880ba57b4f8,2026-03-22T22:40:43+00:00,2026-03-23T17:57:15+00:00,2,10.0,10.0,0,0,0.1900,2
0x1413c4378a0f87cd0c20cb71ceb6bbce68f15ad6,2026-06-12T06:07:25+00:00,2026-06-12T06:07:25+00:00,1,1000.0,0,0,0,1.0000,1
0x14172ccc45525522a93f79e75d85c74060690678,2026-03-04T03:03:07+00:00,2026-03-04T09:24:49+00:00,2,0,0,114.33,114.33,226.37340,2
0x141890ee5f227b631115fe960dce5ca6db007632,2026-05-19T10:30:50+00:00,2026-05-19T10:30:50+00:00,1,0,0,21.4925,0,21.4495150,1
0x141c90113d3a66cf22cd39a36e99fcf0150f3c70,2026-05-08T05:39:05+00:00,2026-05-14T17:16:17+00:00,6,0,0,19.043,19.04,37.977769,6
0x1420a9962275b541d7e45e4bf429b3124648d45b,2026-05-15T06:51:24+00:00,2026-05-15T06:55:45+00:00,4,0,0,85.1695,85.16,169.9036810,4
0x142263bd4c1b59f764ad0b67316ac66c63080b5e,2026-06-02T17:55:17+00:00,2026-06-02T17:55:17+00:00,1,0,0,1.051,0,1.049949,1
0x142d3064fcd68ffce4ae7925c1c6a23a197ee3fe,2026-05-18T03:20:35+00:00,2026-05-18T08:15:08+00:00,2,0,0,73.4265,73.42,146.4793870,2
0x1430a55833ee6f452cd1e6fb349be98b72a0967e,2026-03-24T15:13:07+00:00,2026-04-10T19:38:51+00:00,7,0,0,9.084411,9.08,18.0160580000830889,7
0x1432713c2e790a541d8d2189ae3102a801e4ad69,2026-03-27T07:07:33+00:00,2026-03-27T07:51:25+00:00,3,0,0,71.2625,71.26,141.026015,3
0x1438410a696eb57bead98032a433672907a34466,2026-06-08T22:20:03+00:00,2026-06-08T22:20:03+00:00,1,1000.0,0,0,0,1.0000,1
0x143ff4d379651c329066f0eba134fb981a053c63,2026-05-01T06:57:56+00:00,2026-05-26T10:11:35+00:00,3,0,0,1203.55,1003.45,2199.57565,3
0x14403ed4434ef7f80a4e06112ef5da67e36bac2b,2026-05-03T03:50:06+00:00,2026-05-04T05:32:44+00:00,2,0,0,923.41,923.41,1840.35613,2
0x1449842b40424367385c86239d4137bd15c45096,2026-05-16T08:56:54+00:00,2026-05-16T09:07:48+00:00,2,0,0,9.018,9.01,17.982934,2
0x144e019d576f112fa767cc77240b98a7f31e5e08,2026-06-05T14:39:36+00:00,2026-06-06T18:34:22+00:00,6,0,0,41.41,41.41,82.73718,6
0x1452ebad1951b1480c20530a0a4c676fda23994a,2026-05-27T13:43:15+00:00,2026-05-31T10:43:18+00:00,2,0,0,8.517,8.51,16.992946,2
0x1459a25ab1588629871d29390a3c8a935068e27e,2026-05-19T18:39:59+00:00,2026-05-19T19:42:49+00:00,2,0,0,10.651,10.65,21.247748,2
0x1459c42f0d61f23e232a5fa4beef50361704abc8,2026-04-24T14:19:06+00:00,2026-04-24T15:14:24+00:00,2,0,0,70.310666,70.31,140.128494002,2
0x146d5fc63f80c56c9a35f95f6db9b1f42022a613,2026-06-05T00:03:55+00:00,2026-06-05T00:05:24+00:00,4,0,0,10.170,10.17,20.309490,4
0x14796f1f3001f82be07356646e1a822e6ed0dbc7,2026-04-24T05:35:12+00:00,2026-04-24T06:22:04+00:00,2,0,0,241.033,241.03,480.375781,2
0x147f1c4fbafacbf667f3feb99e13fc7ed32f97dd,2026-04-16T05:14:04+00:00,2026-05-10T05:19:46+00:00,2,0,0,35.412333,35.41,70.4682189984587667,2
0x149b747644ded5fce0cfa5db01ef297c6027d122,2026-04-25T09:38:46+00:00,2026-04-25T10:28:24+00:00,2,0,0,157.051,157.05,313.001647,2
0x149bcbfbdc772d60cdb252c1513405cef7c8d435,2026-03-31T11:55:23+00:00,2026-03-31T11:55:23+00:00,1,0,0,2.016125,0,1.999996000,1
0x14bd90891261af5727cf96fbd720dd1d874f74e1,2026-05-06T06:42:08+00:00,2026-05-06T07:44:28+00:00,2,0,0,69.819333,69.81,139.140635001,2
0x14cad08067898a485347b024697eff11b3c6064e,2026-05-17T10:46:56+00:00,2026-05-17T10:57:50+00:00,2,0,0,10.02,10.02,19.98990,2
0x14cf57c68850c4dc626d7459ba5b6b48a851dede,2026-04-12T05:31:15+00:00,2026-04-12T06:03:05+00:00,2,0,0,215.291666,215.29,427.782886004,2
0x14e0b2e8e96de5f6849abb956fc3ef7eeec6a03c,2026-05-31T11:33:03+00:00,2026-05-31T11:33:03+00:00,1,0,0,11.011,0,10.999989,1
0x14e574bcd1ef507faba5e6845c7b4c75df004466,2026-05-11T00:43:33+00:00,2026-05-11T02:37:11+00:00,2,0,0,1018.88,1018.88,2030.62784,2
0x150f0fec13f93809984ec57267ca97bbde5cc02f,2026-05-07T05:07:53+00:00,2026-05-31T13:17:42+00:00,3,0,0,27.456666,14.94,42.2945000005055334,3
0x1512e92966b81a7abc55a811b36a6bd6d518aa5e,2026-05-29T04:10:35+00:00,2026-05-29T04:10:35+00:00,1,0,0,2.505,0,2.499990,1
0x1517b202c2762a5b6566df3cde1b1d82d7788ebe,2026-06-02T23:36:11+00:00,2026-06-02T23:36:34+00:00,4,0,0,10.370,10.37,20.708890,4
0x1518c8ca627d41aba1d7481f61a6b07eaf85d5de,2026-05-07T13:49:46+00:00,2026-05-14T16:21:57+00:00,2,0,0,11.534333,11.53,22.9951399998465667,2
0x1524ee2bf0a85524b3f5f0dcce6acaf35860df4e,2026-05-16T04:13:27+00:00,2026-05-16T17:49:11+00:00,2,0,0,69.138,69.13,137.922334,2
0x1525eaa87725ec2895b91d460dbc59c96ea062dc,2026-05-22T11:50:29+00:00,2026-05-22T11:50:29+00:00,1,0,0,24.7795,0,24.7299410,1
0x152f9de4859e2b688ba2387d11d4f460e571b926,2026-05-14T03:29:17+00:00,2026-05-14T05:34:58+00:00,2,0,0,1265.47,1265.47,2524.61265,2
0x1537ca5a9f9250911606642aec17bfd2756c3fab,2026-04-23T19:16:46+00:00,2026-05-06T06:07:22+00:00,6,0,0,462.887998,462.88,922.527814006,6
0x153a48239911e93e8cf45c1c3cb5257632ae7f65,2026-04-16T16:41:04+00:00,2026-04-16T16:41:04+00:00,1,0,0,30.38,0,30.19772,1
0x1544568dd76b156a81c50664174370b387f636cc,2026-05-24T08:17:20+00:00,2026-05-24T09:32:24+00:00,2,0,0,21.3725,21.37,42.6356450,2
0x154d2cf9d0f9545bcec18cec191cea184c6d7be4,2026-05-31T02:38:26+00:00,2026-05-31T02:38:26+00:00,1,0,0,12.512,0,12.499488,1
0x15583582de940c999f23e1beb391db16c34eff68,2026-05-06T02:50:56+00:00,2026-05-06T03:41:06+00:00,2,0,0,55.506333,55.5,110.617814001,2
0x1562df3b7cab04ea17655e4d352cd3d4c8119c11,2026-05-14T07:11:31+00:00,2026-05-14T07:22:50+00:00,2,0,0,6.012,6.01,11.991946,2
0x156b1a354e7b56b8a39a3b860d0352bdea1c0f5b,2026-06-01T15:44:55+00:00,2026-06-07T02:26:27+00:00,44,0,0,31.263,31.26,62.429677,44
0x15783b8e68aa4f30fb0b5c5fa6614f58e78bb6da,2026-05-20T00:10:37+00:00,2026-05-20T05:32:11+00:00,2,0,0,9010.0,9010.0,17974.9500,2
0x15794b002294d751f879f14dfe424c64c7d2da0f,2026-04-24T12:35:24+00:00,2026-05-27T17:18:49+00:00,3,0,0,135.890,108.73,243.804564,3
0x1584cb3b5a84944bd0db072c43d67189397071b6,2026-02-07T07:17:37+00:00,2026-02-07T07:17:37+00:00,1,0,0,576.4,0,565.92931997404,1
0x158ecdc3e102492b8e221e8a4e8fb0e5d7dd4659,2026-05-26T15:22:51+00:00,2026-05-26T15:22:51+00:00,1,0,0,638.046,0,636.769908,1
0x1597363b8f81b353da923daed7988bba29d3f215,2026-05-28T04:48:59+00:00,2026-05-28T11:14:38+00:00,2,0,0,178.9775,178.97,357.0526350,2
0x15a6ca47fc525106c74cd423924a4487e29be541,2026-05-19T14:39:18+00:00,2026-05-19T22:58:01+00:00,2,0,0,175.3505,175.35,349.8237490,2
0x15a819e417bd5da50cba1f4dabb72169c5309829,2026-04-23T13:29:14+00:00,2026-04-23T13:29:14+00:00,1,833.0,0,0,0,4.9980,1
0x15a9cc7430043b3a95a0144b97685ed9d9aa26a2,2026-05-13T04:48:56+00:00,2026-05-20T10:50:18+00:00,2,0,0,1.002,1.0,1.996996,2
0x15b963e4bde1da642a3bdbad98c8c02727e3fea7,2026-05-17T17:54:31+00:00,2026-05-19T06:56:57+00:00,2,0,0,4.3085,4.3,8.5869830,2
0x15c26ce830414be0e46932c6514859cb5811f337,2026-05-07T14:39:40+00:00,2026-05-07T15:44:04+00:00,2,0,0,61.464333,61.46,122.494100001,2
0x15c2f35942cdd58b7f77a929f354bb94f30a1dd0,2026-04-30T02:35:48+00:00,2026-05-01T01:52:46+00:00,2,252.0,252.0,0,0,1.7640,2
0x15d275b04a85cef07b1a5462e0829153646eb69f,2026-03-02T12:52:17+00:00,2026-03-19T23:59:09+00:00,583,38878.323773,38878.314698,0,0,594.2957467979292777,582
0x15d2d0e0e516a2a4966d909cd0a40d641f38124d,2026-03-21T13:42:17+00:00,2026-03-22T18:05:49+00:00,2,125.0,125.0,0,0,2.0000,2
0x15d890bfc1c0de592330c39d6d2a48c52ad3a0ac,2026-05-31T08:36:34+00:00,2026-06-08T18:19:27+00:00,2,0,0,1.451,1.45,2.898099,2
0x15f2095581d25e374156610697325b3b30b13ae7,2026-05-02T11:11:36+00:00,2026-05-02T12:23:40+00:00,2,0,0,66.77,66.77,133.07261,2
0x15f850b3b1e6e054f4f7c7c64921da1a4d3b46c4,2026-05-21T00:40:55+00:00,2026-05-22T02:27:30+00:00,2,0,0,9010.0,9010.0,17974.9500,2
0x15fc6415e5bb6cb45f05722dfa34b77b72877e5c,2026-04-30T08:53:02+00:00,2026-04-30T10:57:16+00:00,2,0,0,876.25,876.25,1747.24250,2
0x15fda953154cbd85195eb3c2c4c6826e23ca013a,2026-05-26T19:55:02+00:00,2026-05-26T19:55:02+00:00,1,0,0,20.9515,0,20.9095970,1
0x1601ecad6814972696e0ea9a49c404c2a2bf7074,2026-05-24T12:57:46+00:00,2026-05-25T04:01:46+00:00,2,0,0,8905.0,8905.0,17765.4750,2
0x160d393c007e9c5e61597b9b0f1da470be43fa68,2026-06-03T00:58:37+00:00,2026-06-03T01:00:32+00:00,4,0,0,10.170,10.17,20.309490,4
0x16113ab4c702777da2985194e7be712f04bbca34,2026-04-30T08:56:32+00:00,2026-04-30T10:19:06+00:00,2,0,0,60.12,60.12,119.87928,2
0x16139c4d5d25a305faf144be02b759687eb2ae00,2026-05-23T13:44:18+00:00,2026-05-23T14:34:23+00:00,2,0,0,10.02,10.02,19.98990,2
0x1619162ccb5fb7c17358202c049d4e0353ee1a50,2026-05-09T04:17:27+00:00,2026-06-10T10:20:54+00:00,2,0,0,10.0,10.0,19.9500,2
0x161e9cd31b404fcebbfe84044350fd34c604b2eb,2026-05-28T10:41:02+00:00,2026-05-28T11:40:25+00:00,2,0,0,14.218,14.21,28.356934,2
0x1625e950e36e35c36261d252d0b4ef6cd0b06ff7,2026-05-02T04:35:26+00:00,2026-05-02T05:23:08+00:00,3,0,0,802.507,802.5,1599.389479,3
0x162ce81a8902a9dd169a1704f8382324b31c61d6,2026-05-25T00:56:40+00:00,2026-05-25T00:56:40+00:00,1,0,0,4.8195,0,4.8098610,1
0x163e37c0057118a2fab393e59bff2238d81b02ed,2026-04-22T14:47:48+00:00,2026-04-26T16:40:14+00:00,2,0,0,5.0,5.0,9.9550,2
0x1645bc9d5d3631e443e0d4b69f5c98708806c75f,2026-04-15T11:31:50+00:00,2026-04-15T11:31:50+00:00,1,0,0,37.23,0,37.00662,1
0x165cc543df46928fbb89ac2ba0e378ffb6eb3517,2026-05-30T14:35:07+00:00,2026-05-30T14:46:40+00:00,2,0,0,124.0,124.0,247.6280,2
0x165dd358d37a6c14f3e8aea8b6436455a2243970,2026-05-31T01:43:32+00:00,2026-05-31T01:43:32+00:00,1,0,0,36.036,0,35.999964,1
0x16649ac72f8ca2523f12b05c99ef81df9f091ba7,2026-05-24T02:12:55+00:00,2026-05-24T12:51:58+00:00,2,0,0,9111.0,9111.0,18176.4450,2
0x167101e3dffb194b279b5a114d7f714148ac79af,2026-05-08T12:45:11+00:00,2026-05-09T07:56:36+00:00,2,0,0,2137.412,2137.41,4259.860124,2
0x1690a2992ac456182603aefff6b9d0099dd572c8,2026-05-07T01:15:40+00:00,2026-05-09T08:25:45+00:00,2,1500.0,0,1500.0,0,1501.5000,2
0x169896b38cc3cfbee36150e10425825ea6b68aa0,2026-05-20T16:19:20+00:00,2026-05-20T16:19:20+00:00,1,0,0,20.641,0,20.599718,1
0x16a359612c3686e95437ea4df047bba2f9da3076,2026-06-02T10:23:30+00:00,2026-06-03T02:31:58+00:00,2,0,0,42.042,42.04,83.955878,2
0x16a5894ec0c23cc0aedaf9c3af71da6e9ac2a1a7,2026-04-21T17:02:50+00:00,2026-05-11T09:00:24+00:00,4,0,0,120.313266,120.31,239.535793002,4
0x16b1a833cf45c111d15a78391c1cee46b50d49f4,2026-05-16T01:46:45+00:00,2026-05-16T01:46:45+00:00,1,0,0,6.012,0,5.999976,1
0x16b847c3295d090b41746ba0862888b7edc5b96e,2026-05-14T18:42:14+00:00,2026-05-14T20:42:36+00:00,2,0,0,245.16,245.16,489.09420,2
0x16c3b5ae930e5af471f011d5bf5ed32ec3b34014,2026-03-27T08:26:15+00:00,2026-03-30T04:44:48+00:00,6,346.363632,346.34,0,0,7.6197379883636776,6
0x16c7337106a0b3a06ff863a1c06d8e2cbf7322cd,2026-05-26T14:06:22+00:00,2026-05-26T14:06:22+00:00,1,0,0,5.0,0,4.9900,1
0x16c7bf49ea556261aaeb8a1958ab1e934329c110,2026-05-15T01:00:33+00:00,2026-05-16T15:32:48+00:00,4,0,0,15.030,15.03,29.984850,4
0x16c8287286b079186d9ded1bb3a2db1230d9efcc,2026-04-25T10:34:40+00:00,2026-04-25T11:29:38+00:00,2,0,0,129.007,129.0,257.103979,2
0x16c859a14075d3b4e6d4bcef76bf4f7f48b9f19b,2026-06-02T07:33:01+00:00,2026-06-02T07:33:17+00:00,4,0,0,10.220,10.22,20.409340,4
0x16ce16df56ca24321c81be9fbf03eb3b09bf5ecc,2026-04-10T08:05:47+00:00,2026-04-13T05:31:03+00:00,2,0,0,28.35,28.35,56.33145,2
0x16ce8952b2e6ba8844b86291c9c3aba1fd8ab838,2026-05-12T10:10:46+00:00,2026-05-22T08:43:50+00:00,2,0,0,1335.671,1335.67,2664.662648,2
0x16d2278acad8df1af4a09ef51d0339e240d434d8,2026-06-01T15:44:15+00:00,2026-06-01T15:44:41+00:00,2,0,0,20.5,0,20.4795,2
0x16d45f55461a19bad90566bc658c5da5a4f1a868,2026-05-18T08:17:47+00:00,2026-05-18T08:17:47+00:00,1,0,0.2,0,0,0.0004,1
0x16d5a120037560c682828f30c2410cdd0f4cd57e,2026-03-01T15:05:55+00:00,2026-03-02T08:56:27+00:00,2,100.0,100.0,0,0,1.7000,2
0x16e730beb51b59f501a80d277b33c1f0a6e1e637,2026-05-18T16:32:17+00:00,2026-05-18T17:52:15+00:00,2,0,0,52.164,52.16,104.063192,2
0x16ed83f3b853416071aee28c61cf09f94f27c731,2026-04-04T17:16:01+00:00,2026-04-21T01:57:36+00:00,4,0,0,50.291457,50.29,99.947698001,4
0x16f16a6bad0dd45ab0f21996925bee47c7fa9dd5,2026-05-17T00:17:38+00:00,2026-05-17T00:17:38+00:00,1,0,0,6.012,0,5.999976,1
0x16f6f9719e286a220c135b2903d293e65703fc9b,2026-04-30T12:13:34+00:00,2026-05-13T13:10:36+00:00,39,0,0,43.895499,28.89,72.5532520001174336,39
0x16f74768fd9d6c1722bf0dc28fc23d559262a108,2026-06-03T18:14:43+00:00,2026-06-03T18:18:04+00:00,2,0,0,110.5,110.5,220.6685,2
0x16fcad5a8451d69a10782d3b2ec9d01996d4da6e,2026-02-26T15:05:28+00:00,2026-02-28T06:20:59+00:00,2,100.0,100.0,0,0,2.000,2
0x16fe6fa4eb99404fb5499c2d403e89f5adbe1ddc,2026-03-30T21:32:51+00:00,2026-04-30T19:05:54+00:00,53,0,1221.10,0,0,6.38266,53
0x170a5f35a5d5c4ae149e2b6ea0ff9ccc750701a8,2026-05-22T17:59:19+00:00,2026-05-22T17:59:19+00:00,1,0,0,49.4385,0,49.3396230,1
0x170c071a5368d38d5e13014edc31b21ad6f83f78,2026-05-08T05:10:30+00:00,2026-05-08T05:29:10+00:00,2,0,0,235.707,235.7,469.757079,2
0x17393a3ef9492f26448675e912d1beb79111c465,2026-05-09T04:17:27+00:00,2026-06-10T10:12:25+00:00,2,0,0,10.0,10.0,19.9500,2
0x1744e2c06f952813d1dc39c6ea45d88f205ac95b,2026-04-14T04:56:41+00:00,2026-04-14T04:56:41+00:00,1,188.11,0,0,0,1.31677,1
0x174b8718c8abfbd0f9748e6b4370ec78ffb36ae0,2026-04-14T04:55:17+00:00,2026-04-14T04:55:17+00:00,1,185.28,0,0,0,1.29696,1
0x1755ebbbfaf5744451e2bba5e4c8ecfad322c987,2026-05-09T23:49:43+00:00,2026-05-13T08:09:58+00:00,4,0,0,17.044,17.04,33.978732,4
0x175b1f49f2f1fe4e955386473cf46b2199a05874,2026-05-06T13:32:08+00:00,2026-05-06T13:32:08+00:00,1,0,0,8.024,0,7.999928,1
0x1763d488c637fd2b6de4f3dab4a1faf7825d2f57,2026-04-29T19:13:00+00:00,2026-04-29T19:13:00+00:00,1,750.0,0,0,0,3.0000,1
0x176daf55f002a7a8117beb5f99f3e84baa80b33d,2026-05-20T19:54:42+00:00,2026-05-22T07:01:51+00:00,2,0,0,4.4085,4.4,8.7864830,2
0x176e43d840f1bef504c6b9c6efe984fb7e11f31b,2026-05-31T16:35:48+00:00,2026-06-04T16:56:51+00:00,2,0,0,4.004,4.0,7.991996,2
0x177137d58fba70fb2f3c6d62ae31cde35594193f,2026-05-09T05:55:55+00:00,2026-05-23T22:07:43+00:00,3,0,0,242.416333,172.2,413.270494001,3
0x177a27c3b9384285f3f90e713aba1b914afa51a0,2026-06-17T07:12:43+00:00,2026-06-17T07:12:43+00:00,1,1000.0,0,0,0,1.0000,1
0x17823a639c67b1037fe0b786bb8bc68ef9259020,2026-05-21T02:59:11+00:00,2026-05-21T03:22:03+00:00,2,0,0,102.204,102.2,203.892992,2
0x17824692c12e1c50db99aece83d489ccafa0ea38,2026-04-23T09:24:12+00:00,2026-04-23T09:24:22+00:00,2,0,0,786.9346,786.93,1565.2083470,2
0x178771c367d9f2d4364cf756cf432c0d504fbbf1,2026-04-30T02:08:34+00:00,2026-04-30T03:11:18+00:00,2,0,0,77.061,77.06,153.581577,2
0x1796ac782be23e61aa53c55a6f338bd151d7e477,2026-05-17T20:07:03+00:00,2026-05-24T21:19:42+00:00,3,0,0,7.414,7.41,14.786942,3
0x1797e83946419960d232a0418c92c36afc03a40e,2026-04-10T11:55:53+00:00,2026-04-11T22:41:41+00:00,3,0,0,118.96,118.96,236.49248,3
0x17a033c5980d1493ebed30f8e9e1dc80d37f6a53,2026-05-21T22:50:48+00:00,2026-05-29T00:18:55+00:00,2,666.666666,666.66,0,0,3.3333189980000010,2
0x17b4aa863bf1add299f3ece1a54a9bf19cf44d48,2026-04-30T10:53:00+00:00,2026-04-30T21:47:22+00:00,2,0,0,30.0,30.0,59.7900,2
0x17b8249b3f55765ced3f54ce77c21a9573b75ef2,2026-05-11T22:06:18+00:00,2026-05-11T22:59:47+00:00,2,0,0,183.176,183.17,365.430138,2
0x17b988a595adf17de339164c2abb15ef217c3aa3,2026-04-25T09:45:54+00:00,2026-04-25T10:32:20+00:00,2,0,0,122.286666,122.28,243.710686002,2
0x17ba351526570d66fa4235ad26b5e658732f0039,2026-05-05T02:31:24+00:00,2026-06-06T03:11:57+00:00,10,0,0,1000.002166,1000.0,1995.199560002,10
0x17be26e83703687671163d9f6ef1bb8ed3c5a854,2026-04-27T05:25:54+00:00,2026-05-26T14:18:57+00:00,4,0,0,84.459333,84.45,168.345482001,4
0x17bf8071bb36747b53b83671486a13e814d51bdc,2026-04-18T11:04:42+00:00,2026-04-18T12:13:20+00:00,2,0,0,41.8692,41.86,83.2686940,2
0x17c2334ae6bd99f3cbbe58b561a7af3346ad0b5b,2026-06-04T10:05:45+00:00,2026-06-04T10:05:45+00:00,1,0,0,409.0,0,408.5910,1
0x17c6645569df2093eaea6aa339cc03213bad6c26,2026-05-18T05:09:29+00:00,2026-05-18T05:59:58+00:00,2,0,0,120.19,120.19,239.77905,2
0x17cc8cfa4ebb590dfb94e34504ae8cf2f9c88f9f,2026-04-23T16:53:32+00:00,2026-04-23T17:49:18+00:00,2,0,0,84.383,84.38,168.172331,2
0x17e138745a60b61b67f36d2d891b01520b8727f3,2026-03-10T12:39:25+00:00,2026-03-10T13:02:53+00:00,2,0,0,14.34,14.34,28.27848,2
0x17e310e19708d9ebd60c45756d7ee600fec19cc1,2026-05-22T20:00:51+00:00,2026-05-22T22:19:57+00:00,2,0,0,10.02,10.02,19.98990,2
0x17eef3000bd587b0ce8ca7b89d3cdf85c264f91f,2026-05-29T21:34:14+00:00,2026-05-30T06:42:39+00:00,2,0,0,57.057,57.05,113.935843,2
0x17f0408b13a73b3625d4de5acc55912a4f4fbdad,2026-05-07T18:29:37+00:00,2026-05-07T18:29:37+00:00,1,250.0,0,0,0,1.0000,1
0x17f0c69cb62eba0523ebbe57c3c87e252ab59505,2026-05-23T07:47:39+00:00,2026-05-23T07:47:39+00:00,1,0,0,10.02,0,9.99996,1
0x1800810ab8ccaac1ef06d49ea1e9d1332f0155b5,2026-05-31T02:44:24+00:00,2026-05-31T02:44:24+00:00,1,0,0,30.03,0,29.99997,1
0x180893fe6690ca95db306066e21b2f6626c53d97,2026-05-23T11:10:27+00:00,2026-05-23T16:26:33+00:00,2,0,0,105.21,105.21,209.89395,2
0x1814039784e84e14862a2eca4473e3cc764073f8,2026-04-30T04:25:10+00:00,2026-04-30T05:35:10+00:00,2,0,0,45.777,45.77,91.226589,2
0x18154698f6edc7bde0e562be73521df8261e95e4,2026-05-20T18:27:59+00:00,2026-05-26T08:58:56+00:00,2,0,0,111.743,111.74,222.924294,2
0x18202bbb55c1d5628e9782a65c367f7c6d9a367b,2026-05-26T06:59:31+00:00,2026-05-26T06:59:31+00:00,1,0,0,10.0,0,9.9700,1
0x182629db3ac26073799c8ff7474949325f207b04,2026-04-19T08:20:08+00:00,2026-04-19T09:50:48+00:00,2,0,0,45.3266,45.32,90.1480470,2
0x182648a4645ea8fb66ea8569b3a337b22a3f363a,2026-05-09T04:17:27+00:00,2026-06-10T17:06:33+00:00,2,0,0,10.0,10.0,19.9500,2
0x1836b31c1c689e7c0d1ca97255e7abb0e9f6d287,2026-05-16T01:57:53+00:00,2026-05-16T01:57:53+00:00,1,0,0,6.012,0,5.999976,1
0x184c1c4c4f4da0dfd5f895b8bfa9f68b264854af,2026-05-10T06:43:32+00:00,2026-05-10T10:33:50+00:00,2,0,0,239.849333,239.84,478.010425001,2
0x184d56c31a3d35b054eca53c2111b5ad3eedeced,2026-04-20T06:06:24+00:00,2026-04-20T07:17:40+00:00,2,0,0,60.1406,60.14,119.6190570,2
0x184e55a00a3dc5bfb57c8e8ad3a3485b9ab29a12,2026-05-17T12:07:12+00:00,2026-05-23T04:26:43+00:00,2,0,0,10.02,10.02,19.98990,2
0x18562fec518975c3bf7c2b198ccb6b8ce8c2241e,2026-04-18T17:55:50+00:00,2026-05-21T09:40:03+00:00,4,0,0,98.6624,98.66,196.3580880,4
0x1868f633821c3286f11915e3ca48c2ccd9b40e2f,2026-05-28T05:26:30+00:00,2026-05-28T07:11:35+00:00,2,0,0,10.02,10.02,19.98990,2
0x186ad0783811e1f6765ab6d941293234f15260fc,2026-05-22T00:28:00+00:00,2026-05-22T00:28:00+00:00,1,0,0,20.0,0,19.9600,1
0x186c9588ee21531a2f27c2069dffac0909dbcadb,2026-04-09T03:43:09+00:00,2026-04-16T23:55:06+00:00,2,0,0,21.34,21.34,42.40258,2
0x186e93ed69d6a728a0458af1ed328335c9616fe4,2026-04-23T09:15:54+00:00,2026-04-23T10:14:48+00:00,2,0,0,61.3668,61.36,122.0518060,2
0x187635e03a7bb7ab98f379fbab2c96b04e2d6799,2026-06-03T16:38:46+00:00,2026-06-04T06:45:51+00:00,2,0,0,477.477,477.47,953.514583,2
0x18876d5e03215c2b0e333891a2461cebab6342d6,2026-05-14T19:07:44+00:00,2026-05-22T03:48:14+00:00,8,0,0,1852.8735,1852.87,3696.4791430,8
0x189aee31e98b39349009a851bc1070508cc3094b,2026-03-26T11:37:09+00:00,2026-03-28T23:02:28+00:00,6,0,0,22.631932,22.63,44.8135189995539377,6
0x18b77f811455e667102ed25493f77cdffa33c903,2026-05-27T16:57:35+00:00,2026-05-27T16:57:35+00:00,1,0,0,12.4945,0,12.4695110,1
0x18b9e91905b48e0ed5a54aaff197d756ddd70374,2026-05-08T02:16:21+00:00,2026-05-08T03:57:37+00:00,2,0,0,66.870333,66.87,133.272242001,2
0x18c652f5c7eb6ae6ad2008de031f4ac1c735a105,2026-03-18T10:47:17+00:00,2026-03-18T10:47:17+00:00,1,0,0,2.022181,0,1.9999369999001855,1
0x18c7e41724b804bc49fc3728644c4404edb5db72,2026-05-01T13:57:44+00:00,2026-06-13T06:13:12+00:00,2,0,0,166.499333,166.49,332.323345001,2
0x18c9786cfe08ade75800204298142811ecbd4a1d,2026-06-02T09:36:50+00:00,2026-06-02T09:43:32+00:00,2,0,0,105.655,105.65,210.988045,2
0x18d9dad62024de3d9ac31fb024e1c227603de385,2026-04-22T11:09:54+00:00,2026-04-30T09:26:24+00:00,4,0,0,165.5792,165.57,329.8446700,4
0x18de697a860f8a92b4b4a320bf3354b1e2f11f14,2026-04-23T13:26:58+00:00,2026-04-23T13:26:58+00:00,1,1000.0,0,0,0,4.0000,1
0x18f07a55100d6d1fb57f1936fa71cc841990ffbe,2026-03-16T06:51:53+00:00,2026-03-19T14:00:15+00:00,2,382.877141,382.87,0,0,7.7700889980358531,2
0x18f79c6caac50f042efe4322651d08beb3451353,2026-05-04T06:19:32+00:00,2026-05-04T11:08:16+00:00,2,0,0,78.124333,78.12,155.697480001,2
0x1907ae171920d18961c7d7117b18c5b4845dd171,2026-05-28T11:07:48+00:00,2026-06-02T21:51:29+00:00,2,0,0,62.124,62.12,123.995512,2
0x191211bf25a17c29d81935edaf78a31a51efaf12,2026-05-27T06:35:50+00:00,2026-05-27T06:35:50+00:00,1,0,0,15.9115,0,15.8796770,1
0x191c1c19cab6cb74bb585ccf42fa75b3ca80a4c5,2026-05-23T09:14:45+00:00,2026-05-23T10:16:49+00:00,2,0,0,10.02,10.02,19.98990,2
0x1929523bdde2ab504c815fa22326e53aead327fe,2026-05-27T16:30:33+00:00,2026-05-27T20:20:26+00:00,2,0,0,274.549,274.54,547.716282,2
0x192f5dada45fead2cf48cccea130a52b8d31639c,2026-05-27T18:36:13+00:00,2026-05-27T18:36:13+00:00,1,0,0,12.3845,0,12.3597310,1
0x193c7aa6e393ec8429226b66e3d90237041f62e8,2026-04-25T21:08:48+00:00,2026-04-25T23:51:54+00:00,2,0,0,263.821333,263.82,525.794589001,2
0x194d00c2785cbca62ddfa38527db8f568ae1b7d2,2026-05-30T08:08:01+00:00,2026-05-30T08:08:01+00:00,1,0,0,48.048,0,47.999952,1
0x195327f26ed92e0215f949da285fe9084b5b4d51,2026-05-14T09:54:28+00:00,2026-05-19T17:55:57+00:00,10,0,0,2336.3315,2336.33,4660.9798470,10
0x196105da37f877448791acf18ae99167c63a43ab,2026-05-31T23:59:01+00:00,2026-06-01T02:49:47+00:00,2,0,0,33.033,33.03,65.963907,2
0x196a634002dc07c588a90c961963ce6bb650472f,2026-04-19T11:41:56+00:00,2026-04-19T13:06:48+00:00,2,0,0,51.9094,51.9,103.2384530,2
0x197596c0bbfaceefbce03e6ad981a48e8e504320,2026-04-30T04:54:58+00:00,2026-04-30T05:52:14+00:00,2,0,0,58.505333,58.5,116.595817001,2
0x1987733c8beae675c544752eafe437968efe6487,2026-06-05T14:39:36+00:00,2026-06-06T14:40:49+00:00,4,0,0,41.08,41.08,82.05730,4
0x1987d11b54e0714a107875c233aa2901cacde630,2026-06-05T16:38:16+00:00,2026-06-13T22:38:13+00:00,3,4000.0,0,0,0,4.0000,3
0x19a293713d893c3924d91deac2eaa38ceacbe63a,2026-05-02T04:45:10+00:00,2026-05-02T05:59:52+00:00,2,0,0,56.288666,56.28,112.174680002,2
0x19ab71c5d6f914ee8a41738f2565f555bd2ce375,2026-05-18T09:10:35+00:00,2026-05-25T05:07:06+00:00,2,0,0,1.202,1.2,2.395996,2
0x19b2ff5927bd25cec0aa9afb10c05c0e679094b8,2026-05-03T08:41:28+00:00,2026-05-03T08:41:28+00:00,1,6250.0,0,0,0,25.0000,1
0x19c36fd5c8c1d81e01d48ff1486dbbf74f38af1d,2026-05-10T06:35:20+00:00,2026-05-16T19:13:13+00:00,4,0,0,18.045,18.04,35.976743,4
0x19c60fc8b8635aaf169f3eb160089e7e653336d1,2026-05-16T22:59:40+00:00,2026-05-24T20:09:40+00:00,2,0,0,185.3705,185.37,369.8136490,2
0x19cc46b194a4aea760cfb6032e1ae5404a639be1,2026-03-08T10:18:53+00:00,2026-03-08T19:55:07+00:00,2,125.0,125.0,0,0,2.0000,2
0x19d617c315898a27870e7dfd8e76b1c6cc7b773b,2026-06-02T15:01:38+00:00,2026-06-02T15:02:00+00:00,4,0,0,10.370,10.37,20.708890,4
0x19d754f02da5f6ea61330c47cafc06e106b0e297,2026-05-21T08:58:37+00:00,2026-05-21T13:39:57+00:00,2,0,0,37.4645,37.46,74.7371910,2
0x19ddab1dd1a8f7931059b1d9a08ce72c2a661f94,2026-05-04T05:31:04+00:00,2026-05-04T07:49:00+00:00,2,0,0,1469.35,1469.35,2928.41455,2
0x19e68ea0e98297cc5878a24a2e7311e502a55dec,2026-05-27T11:19:41+00:00,2026-05-27T12:41:04+00:00,2,0,0,12.9455,12.94,25.8207890,2
0x19ea6595f69f491188a3529b2f7f9b9bc4062cd4,2026-03-18T21:52:25+00:00,2026-03-21T09:07:53+00:00,3,0,0,15.0,0,14.8950,3
0x19ee14b8f88b9d311f461cadd64214c5d2e0b48f,2026-01-29T09:11:46+00:00,2026-01-29T09:11:46+00:00,1,100.0,0,0,0,1.000,1
0x1a0f4fa153db84c2098dd15bbde0db30c5af5150,2026-05-28T00:37:59+00:00,2026-05-28T00:37:59+00:00,1,0,0,12.3645,0,12.3397710,1
0x1a1f461c6b6745b22dc1007638c1fc5e3f5f5cdd,2026-06-01T13:04:16+00:00,2026-06-01T13:04:16+00:00,1,0,0,15.0,0,14.9850,1
0x1a21ac9006def97588253a40a3c2c88795509d32,2026-05-17T09:29:21+00:00,2026-05-17T15:18:42+00:00,2,0,0,166.3325,166.33,331.8308450,2
0x1a2d096f1a668504eeec6a3c96b0080f45c59982,2026-05-19T20:53:27+00:00,2026-05-19T20:53:27+00:00,1,0,0,52.104,0,51.999792,1
0x1a2e565715f7fa55161979a76260b515bb800964,2026-04-30T06:30:06+00:00,2026-04-30T11:07:24+00:00,2,0,0,115.9815,115.98,231.2656170,2
0x1a3fd9ea78827b7d215496e9358550b32b0170b5,2026-05-23T11:42:18+00:00,2026-05-23T11:42:18+00:00,1,0,0,20.0,0,19.9600,1
0x1a514e185b1b3096404c706200bee24c42cd4655,2026-05-27T06:55:00+00:00,2026-05-27T08:20:52+00:00,2,0,0,13.3965,13.39,26.7195370,2
0x1a51aaa273d2ee04f6e309e85f86b583d0b926a6,2026-05-22T07:22:28+00:00,2026-05-22T07:22:28+00:00,1,0,0,80.16,0,79.99968,1
0x1a5a42bc67226a5ac3ba929a3a41e8b0e4b1de2e,2026-04-13T13:31:27+00:00,2026-04-16T21:48:02+00:00,2,0,0,6.48,6.48,12.87576,2
0x1a967b272e98b708fb26a947a50c23785ac29797,2026-04-27T23:00:54+00:00,2026-05-30T00:14:51+00:00,220,0,0,41192.3660,41192.29,82182.3113210,220
0x1aac4e9ac0ea000f59b99b34f3ad3f7112161730,2026-05-20T16:36:46+00:00,2026-05-20T16:36:46+00:00,1,0,0,31.503,0,31.439994,1
0x1abb71b44f553dfe9184745bf3e79b8490705dd3,2026-05-19T09:34:41+00:00,2026-05-19T11:49:24+00:00,2,0,0,880.701,880.7,1756.997498,2
0x1abc6cf5a412e657a747e3d0d6e5ede01467bdb6,2026-05-26T09:42:27+00:00,2026-05-26T09:42:27+00:00,1,3333.333333,0,0,0,9.9999989990000001,1
0x1ac40caaecbb2d00019d381cc59744351d600ed6,2026-05-07T03:46:48+00:00,2026-05-07T04:57:41+00:00,2,0,0,103.109,103.1,205.487273,2
0x1acb2c869997dff2982429f2ef6c03d6172537bd,2026-04-21T18:43:16+00:00,2026-04-21T20:16:54+00:00,2,0,0,52.0502,52.05,103.5276490,2
0x1ad13ecef4b0fa824c8560795435a93026fee56c,2026-05-23T11:04:51+00:00,2026-05-23T12:19:55+00:00,2,0,0,10.02,10.02,19.98990,2
0x1adae5aa0f52fba00cbe7b958514c4d0b2e15fe0,2026-04-26T07:39:36+00:00,2026-04-26T08:38:12+00:00,2,0,0,207.662666,207.66,413.869038002,2
0x1ae39bc2a16ef1a2bc5baafb0c1f473af93d4d4c,2026-04-27T08:46:10+00:00,2026-04-27T10:56:40+00:00,2,0,0,66.469333,66.46,132.464085001,2
0x1ae9b2054441f7ab1859380b69199b9bee09743a,2026-05-21T15:27:45+00:00,2026-05-21T15:50:23+00:00,2,0,0,300.601,300.6,599.697998,2
0x1aecf423b9f4b388b2270fd093441f25e89ed9b8,2026-06-14T15:26:52+00:00,2026-06-15T12:23:45+00:00,2,6000.0,0,0,0,6.0000,2
0x1af2c8235b6ddd7716fc22897e21775e527ac94f,2026-04-14T04:54:55+00:00,2026-04-14T04:54:55+00:00,1,0,0,44.27,0,44.00438,1
0x1b0db164b9f2f5ac667bff9cbc5ec472959b2e0e,2026-03-22T17:33:49+00:00,2026-03-22T17:33:49+00:00,1,153.84,0,0,0,1.07688,1
0x1b0e979539ce6772baba309b69dbe3fdc36af132,2026-05-22T11:03:21+00:00,2026-05-23T16:24:54+00:00,4,0,0,199.198,199.19,397.392034,4
0x1b1a53f7c37765d722a048b60841975690143852,2026-06-16T15:15:23+00:00,2026-06-16T15:15:23+00:00,1,20000.0,0,0,0,20.0000,1
0x1b2c3a397fa667a06cb5d3b7df788107fc674bad,2026-02-25T18:37:58+00:00,2026-02-25T18:37:58+00:00,1,0,0,5.0,0,4.9600,1
0x1b41345b41d5656ed7757d8b40bcda132c852a52,2026-03-11T12:32:59+00:00,2026-04-22T09:39:54+00:00,3,93.75,0,10.101,10.1,21.53939,3
0x1b4a6dcd4c0398ed00d22910ed31eeeb1f5ceb24,2026-03-23T07:55:27+00:00,2026-03-23T08:38:41+00:00,2,0,0,131.44,131.44,260.11976,2
0x1b5171026f3b6810d4404e004224bcf38a443343,2026-05-29T10:18:51+00:00,2026-05-29T10:35:16+00:00,2,0,0,104.599,104.59,208.666032,2
0x1b526223e205800b1fe7dacae43770d9f6a3255e,2026-05-27T05:09:28+00:00,2026-05-27T05:09:28+00:00,1,0,0,55.8115,0,55.6998770,1
0x1b5e4fafc324186f062bbce4e2b450ff264f3e4d,2026-05-24T13:52:19+00:00,2026-05-24T13:52:19+00:00,1,0,0,10.0,0,9.9800,1
0x1b5f5aa340cbb2b384318510b943210a16fb16fb,2026-05-20T07:42:46+00:00,2026-05-21T05:29:36+00:00,2,0,0,1038.577,1038.57,2071.954136,2
0x1b6d9f069db59e3552ac0ffd2d70de3250e625a7,2026-04-24T03:14:28+00:00,2026-04-24T03:57:54+00:00,2,0,0,70.822333,70.82,141.146586001,2
0x1b9a97c59245312aaa9841c6b21df288c30e2a18,2026-04-25T11:37:10+00:00,2026-05-08T08:08:37+00:00,4,0,0,197.471999,197.47,393.559703003,4
0x1baa11346ab938476c845c631f7ea765c187146a,2026-06-02T02:13:07+00:00,2026-06-02T02:16:14+00:00,4,0,0,962.962,962.96,1923.033118,4
0x1bad1885007e46fda66e055480de8cba0bb599e4,2026-01-29T11:35:52+00:00,2026-01-31T17:11:20+00:00,2,61.4,61.4,0,0,2.0438000030,2
0x1bcb9f55ed9f2e7636a432e348d26696d491f786,2026-03-22T17:04:35+00:00,2026-03-22T17:04:35+00:00,1,142.857142,0,0,0,0.999999994,1
0x1bd5a1a9c5ed9721cf76e8e16a04d130df87f114,2026-05-12T17:25:44+00:00,2026-05-12T17:25:44+00:00,1,15333.333333,0,0,0,45.9999984656666667,1
0x1bea830628c60c7fdee1e3a9d1a2ac6c350e98f8,2026-05-07T23:33:22+00:00,2026-05-07T23:33:22+00:00,1,0,0,2.206333,0,2.1997139998968335,1
0x1bead9a6d42c72a32fae59e7e1c93777962e67ed,2026-05-11T02:13:03+00:00,2026-05-11T03:34:50+00:00,2,0,0,59.598666,59.59,118.771510002,2
0x1bf2fc4f1e20555a639b7e98461f7396acf54117,2026-04-21T16:56:58+00:00,2026-04-21T16:56:58+00:00,1,0,0,12.0,0,11.9400,1
0x1bfc5e77df589aaf836ed3d45f3a3359c87098e0,2026-06-05T00:07:19+00:00,2026-06-05T00:07:19+00:00,1,1000.0,0,0,0,1.0000,1
0x1c02dd7d794d27682774b4d8cc6f061bc4dad7dc,2026-02-22T04:14:28+00:00,2026-02-24T00:54:38+00:00,17,299.997776,7.76,0,0,5.2240900006781880,17
0x1c0558efdc9b29e91bd3ae8da10e3f1c6c4e881a,2026-06-02T13:55:39+00:00,2026-06-05T14:38:10+00:00,2,0,0,135.135,135.13,269.994735,2
0x1c15b896134708bd4c4a52a878a811a9ab8cc2bf,2026-05-28T10:26:20+00:00,2026-06-16T05:37:19+00:00,6,3999.999999,0,0,0,6.9999979970000020,6
0x1c1675a7c3662131acfd00aaabcbc97a6a4f45e9,2026-05-02T17:23:22+00:00,2026-05-02T17:23:22+00:00,1,0,100.0,0,0,0.3000,1
0x1c17898973bba8c53450501f4b72b7d2a3b22d7b,2026-04-19T14:22:06+00:00,2026-04-22T02:25:04+00:00,2,0,0,16.81,16.81,33.43509,2
0x1c1d9f44cb20bce4235f9763dfb4892b859be1f4,2026-05-27T07:36:55+00:00,2026-05-27T07:36:55+00:00,1,0,0,464.2885,0,463.3599230,1
0x1c1fa0c3d9647f9eb60b8750c3fe7477df745054,2026-04-24T16:35:34+00:00,2026-04-25T12:02:40+00:00,2,253.0,253.0,0,0,1.7710,2
0x1c2089ce70928bd6c5e5c7795d6bde4458e3110d,2026-05-18T04:03:17+00:00,2026-05-29T16:20:27+00:00,2,0,0,10.12,10.11,20.18954,2
0x1c275a2112cf5fbb80ea553b594d1b98d73fc4ec,2026-04-21T20:55:10+00:00,2026-04-21T21:56:36+00:00,2,0,0,57.9094,57.9,115.1724530,2
0x1c27d9a9da7ba8621d61a1428d716692d6c4cf3c,2026-05-21T14:52:26+00:00,2026-05-21T14:52:26+00:00,1,333.333333,0,0,0,0.999998999000001,1
0x1c32639d536f1a41612d9849ee88c3d471158c68,2026-05-25T00:51:11+00:00,2026-05-31T05:28:28+00:00,2,0,0,5.9115,5.91,11.7978570,2
0x1c335c7361bb791e180c3e17ad1308b1eebfab72,2026-03-29T12:49:14+00:00,2026-04-06T18:54:45+00:00,6,917.929289,0,0,0,7.9999979933636776,6
0x1c3ffd700ea1118fcbdb168093e4c0d21a4fd624,2026-05-25T04:28:36+00:00,2026-05-25T11:04:55+00:00,2,0,0,13926.8535,13926.85,27784.0692430,2
0x1c42f6e9fc998637835f631607255674b31d213b,2026-03-19T13:32:51+00:00,2026-03-31T11:54:55+00:00,7,0,8.58,20.0,8.58,28.41142,7
0x1c434d9894c365d6b42efa77557bac3071f09a84,2026-04-25T03:34:02+00:00,2026-04-25T04:15:16+00:00,2,0,0,161.715,161.71,322.293015,2
0x1c4ce106e7f891732aee8e271294e2dbefc5332c,2026-05-16T13:20:48+00:00,2026-05-22T05:05:28+00:00,2,0,0,74.148,74.14,147.917284,2
0x1c560b61a14bb030f2eceeda8f1da9074c3f0b1d,2026-05-18T03:03:33+00:00,2026-05-19T17:44:59+00:00,3,0,0,15.0,0,14.9700,3
0x1c57e331de2ba92ed65013d75010512ec6b48909,2026-05-27T05:07:15+00:00,2026-05-27T05:07:15+00:00,1,0,0,89.028,0,88.849944,1
0x1c5cdc74618e6b549685a717440f7b68a226165b,2026-05-13T03:17:40+00:00,2026-06-03T04:45:51+00:00,4,0,0,143.2755,143.27,285.8511600,4
0x1c66afe2aa2d6cd69e7623932d03f4f0c5cbf509,2026-04-13T00:04:15+00:00,2026-04-15T06:03:10+00:00,2,176.8,176.8,0,0,2.2984,2
0x1c8a1865086352540cc067af3b22642a9b863bbd,2026-05-17T14:27:01+00:00,2026-05-17T14:27:01+00:00,1,0,0,10.0,0,9.9800,1
0x1c8e95d4bc7c32dbcf8603c3e3612ee12b860ad7,2026-06-06T06:56:12+00:00,2026-06-06T06:56:12+00:00,1,5000.0,0,0,0,5.0000,1
0x1ca81bd263f5ede8ce4321ea0f0b01581deb2966,2026-05-29T18:31:23+00:00,2026-05-29T21:29:41+00:00,2,0,0,31.341,31.34,62.586979,2
0x1cae80cc7ce397591c24192bf1edbe8aad970a14,2026-05-17T14:32:16+00:00,2026-05-17T14:32:16+00:00,1,0,0,8.28,0,8.26344,1
0x1caf09c06a8292058762c8a2f287258ace0729c0,2026-05-13T08:18:36+00:00,2026-05-13T11:49:43+00:00,2,0,0,70.3605,70.36,140.3686990,2
0x1cb1405a2c55cc09309764eae586bc5426155bf1,2026-03-30T05:52:26+00:00,2026-03-30T06:53:00+00:00,3,1000.0,1000.00,0,0,22.00000,3
0x1cbd4148630bd021635becfed9413c3e4f657f8a,2026-05-30T20:13:15+00:00,2026-05-30T20:13:15+00:00,1,2000.0,0,0,0,4.0000,1
0x1cc17cfaaa175fd0647317c36a41fbc44e2ad7f7,2026-04-30T04:19:40+00:00,2026-04-30T09:59:54+00:00,2,0,0,41.494333,41.49,82.735380001,2
0x1cc463dd57ed030d5bbffd9e91c1bf78771d6601,2026-04-21T21:20:04+00:00,2026-04-21T23:05:26+00:00,2,0,0,42.7336,42.73,84.9935520,2
0x1cd417839e1afbdb30201845cd1c09bc2e9ff100,2026-04-11T19:18:01+00:00,2026-04-11T22:41:41+00:00,14,2999.9915,0,0,0,17.9999490,14
0x1cd755efb421bb75ba37877e2a153e30efaa135c,2026-04-30T11:18:44+00:00,2026-05-29T12:09:51+00:00,11,805.12,805.12,0,0,5.47466,11
0x1cdf9102ae8315fe76927592522d88316476cddb,2026-05-11T08:02:55+00:00,2026-05-11T13:55:06+00:00,2,0,0,2088.264666,2088.26,4161.906832002,2
0x1ce16d470624bae75fb4db6cf927d3d0402ff781,2026-05-15T03:59:47+00:00,2026-05-15T08:55:02+00:00,2,0,0,8.9175,8.91,17.7829350,2
0x1cf6ec53e01c97bf389eb226db924338d62b6e42,2026-05-06T13:54:58+00:00,2026-05-06T15:51:38+00:00,2,0,0,57.572666,57.57,114.739668002,2
0x1cfc8d96c67bc22440d3e05324e1ae4138b6d66f,2026-05-27T05:43:55+00:00,2026-05-27T05:43:55+00:00,1,0,0,15.571,0,15.539858,1
0x1d0dbe5ed62c06fcf4907bda50f21e1935a59b6e,2026-03-18T20:23:21+00:00,2026-05-06T12:42:38+00:00,21,2099.9857,2099.98,0,0,42.986797,16
0x1d10eb764e69a6cf94c04dab30c634a4d22a425a,2026-04-18T11:53:18+00:00,2026-04-20T18:21:50+00:00,2,221.12,221.12,0,0,2.43232,2
0x1d208ca357bdefa23e3ee1e755ffe238a8314a2e,2026-05-19T16:41:46+00:00,2026-05-19T16:41:46+00:00,1,0,0,26.212,0,26.159576,1
0x1d38d829fef5e89210b9e6ef1a939fb936645c36,2026-05-06T06:46:38+00:00,2026-05-06T07:53:14+00:00,2,0,0,46.900666,46.9,93.472364002,2
0x1d40cde92f52001e30bac4a9e76a47ad537bd318,2026-05-02T11:01:48+00:00,2026-05-02T12:39:24+00:00,2,0,0,71.594666,71.59,142.683522002,2
0x1d6997cf03a0a969258ac5dde3f04d5c33d86d7f,2026-05-20T09:13:07+00:00,2026-05-20T22:49:10+00:00,2,0,0,52.104,52.1,103.943492,2
0x1d7f8d415f726a2c10b2eb096ae21ceb1e23f8fb,2026-05-11T02:10:22+00:00,2026-05-11T03:22:25+00:00,2,0,0,65.697,65.69,130.927149,2
0x1d7fad598d215d22d5c279fd38f57fa7a6ffb665,2026-04-19T12:56:34+00:00,2026-04-19T13:55:26+00:00,2,0,0,61.6782,61.67,122.6697890,2
0x1d85b77531e7733db92bad66915d19c789d6061f,2026-05-21T08:31:38+00:00,2026-05-26T12:54:48+00:00,5,0,0,30.06,30.06,59.96970,5
0x1d8c256b15d3cd1f5db221e70c77f552eb8d757a,2026-01-29T19:55:42+00:00,2026-04-27T12:21:50+00:00,61,0,0,4524.67,232.41,4707.831819999985,61
0x1d8f0d512cbd2d1eb85d7f1bb76918bf536a2bda,2026-05-16T17:53:53+00:00,2026-05-16T17:53:53+00:00,1,0,0,48.096,0,47.999808,1
0x1d99a054dc0b1f38344c572f069c6450189baab0,2026-05-06T03:34:40+00:00,2026-05-06T03:34:40+00:00,1,0,0,39.679,0,39.559963,1
0x1db95be744796472609a01de84f64c4a68138287,2026-04-29T15:30:26+00:00,2026-04-29T15:47:16+00:00,2,0,0,21.0,21.0,41.8530,2
0x1dc0949aacedfac12e87ffd145c68d6017aae803,2026-05-13T16:29:39+00:00,2026-05-13T17:18:08+00:00,2,0,0,181.062,181.06,361.216696,2
0x1dc8969b15731643957a97842a1ead1c7f917234,2026-05-31T13:22:29+00:00,2026-05-31T13:22:29+00:00,1,0,0,8.008,0,7.999992,1
0x1dc9779147af2a791b75ff9d916b8c3cd3141146,2026-05-26T23:36:46+00:00,2026-05-26T23:36:46+00:00,1,0,0,332.194,0,331.529612,1
0x1ddc3144580b43593cb9b24caaabe01ac118d2d4,2026-05-18T11:45:27+00:00,2026-05-18T14:41:42+00:00,2,0,0,44.729,44.72,89.225382,2
0x1de99087b7a6ee7027d1f65c696bdcba15ef12ef,2026-04-24T14:20:50+00:00,2026-05-13T15:28:49+00:00,4,0,0,127.737166,127.73,254.703975002,4
0x1de9ec4c8b4bd07a35eb168a5cb5d6445fcbf659,2026-06-03T00:43:34+00:00,2026-06-03T00:43:34+00:00,1,0,0,4.004,0,3.999996,1
0x1dfebe22f26b64199a111de6a2a5554ae2efb4f9,2026-03-22T05:30:53+00:00,2026-03-23T17:56:15+00:00,5,111.0,105.0,0,0,1.5220,5
0x1e16df69e0a985c705d5ff7fabd3b94a2c5bec3c,2026-04-25T17:21:46+00:00,2026-04-25T18:24:20+00:00,2,0,0,165.947666,165.94,330.726063002,2
0x1e216ad083a842ad68d3d99c99a3186b2eb45f8c,2026-05-08T12:38:00+00:00,2026-06-12T13:23:15+00:00,2,0,0,24.573666,24.57,49.0453749995426334,2
0x1e26cf8f53b4193c071535dabd7299be285c1bb4,2026-02-26T17:55:06+00:00,2026-02-28T07:47:21+00:00,2,100.0,100.0,0,0,2.000,2
0x1e2a3c4b0289da5a5b6790d31827814288e95cd8,2026-04-15T11:30:04+00:00,2026-04-15T11:30:04+00:00,1,188.11,0,0,0,1.31677,1
0x1e3a9df45029c41694a7f7fae1fb2b6b0bc10ff5,2026-04-30T11:43:10+00:00,2026-06-07T06:11:09+00:00,2,0,0,31.093,31.09,62.058631,2
0x1e418ac2b8da304181c3f3a1dda367f9749c46c4,2026-05-02T08:40:26+00:00,2026-05-02T10:12:48+00:00,2,0,0,1152.34,1152.34,2296.61362,2
0x1e4f7755981e3d70bfcdb1cf37f4c584d485a903,2026-06-02T16:17:47+00:00,2026-06-02T16:19:41+00:00,6,0,0,15.245,15.24,30.439275,6
0x1e5685ce5d445fb139708c97685e129334968814,2026-04-12T14:27:43+00:00,2026-04-14T15:34:51+00:00,2,0,0,22.62,22.62,44.94594,2
0x1e5e35cd612eda78f131ac367df0e73b72e427b2,2026-05-29T17:42:56+00:00,2026-05-29T18:50:26+00:00,2,0,0,10.01,10.01,19.98997,2
0x1e6356be8bf81f6e8478974b5d9bb397d31d7267,2026-05-17T13:55:52+00:00,2026-06-05T08:00:48+00:00,108,0,0,494.7460,494.74,987.3125990,108
0x1e63888e47904bbfd899698503ad5ba42336e417,2026-06-16T17:47:59+00:00,2026-06-16T17:47:59+00:00,1,3000.0,0,0,0,3.0000,1
0x1e66abb6c966fa1ffbedec7af06190cbcf9441e7,2026-02-08T04:38:25+00:00,2026-04-03T15:41:39+00:00,17,1733.747569,1733.74,0,0,34.6377930058744888,16
0x1e66bb43fb0a7f52c3291c488f7f7ef115805433,2026-06-03T07:38:31+00:00,2026-06-03T09:32:49+00:00,2,0,0,697.697,697.69,1393.293923,2
0x1e69533ccd142916733f197471f789ccf172d7fc,2026-05-07T11:56:55+00:00,2026-05-07T11:57:02+00:00,2,0,38.0,0,38.0,37.9620,2
0x1e69b81f0c69d3ecf8b721c58a3625d67599e777,2026-02-26T02:21:56+00:00,2026-02-26T02:21:56+00:00,1,0,0,5.0,0,4.9600,1
0x1e797011c61ec98efbce968501d18d8a12dcffc6,2026-05-01T11:45:40+00:00,2026-05-01T12:59:26+00:00,2,0,0,118.425,118.42,236.016045,2
0x1e82e3eb816aaf755ac9b44bc9d98f01b08aaf92,2026-02-26T07:12:12+00:00,2026-05-16T05:52:58+00:00,86,0,631.01,3477.01,0,3455.31412000,86
0x1e97b314b2aa6e662ff8f1aa2aa17a99c8d0ce57,2026-05-22T02:03:26+00:00,2026-05-22T02:03:46+00:00,2,0,912.0,0,912.0,911.0880,2
0x1e9851cf9c439811937fc19c0a144c8a9fd06345,2026-01-28T14:06:17+00:00,2026-05-11T15:57:32+00:00,101,3821.972658,3721.967474,0,0,81.3180769986084333,101
0x1ea49ef66a05d23c14f52f9cee5781d407705142,2026-04-19T15:01:54+00:00,2026-04-19T17:03:40+00:00,2,0,0,70.5326,70.53,140.2867570,2
0x1eb30eb2f11b0a77bccef591ebcb890bbea0fef1,2026-05-28T07:03:51+00:00,2026-05-28T08:21:21+00:00,2,0,0,10.02,10.02,19.98990,2
0x1eb4c47c33ce06f16909b1b045ed0be97a46a260,2026-05-02T17:09:18+00:00,2026-05-02T18:08:40+00:00,2,0,0,82.898666,82.89,165.208410002,2
0x1ebbf11883356c7a0064be8e639a266695461074,2026-05-26T21:25:16+00:00,2026-05-26T21:25:16+00:00,1,0,0,14.509,0,14.479982,1
0x1ec9e38aaa4f87f209d125d6e120b6566f20e6cc,2026-05-11T19:01:33+00:00,2026-05-11T21:46:22+00:00,2,0,0,61.2725,61.27,122.2361450,2
0x1ed4bef01204e1510985d7b6461c0d08ff9e4a78,2026-05-13T11:36:23+00:00,2026-05-13T13:26:21+00:00,2,0,0,225.3505,225.35,449.5737490,2
0x1ee3a5120168095dfe5226bbdfc58aa8a4c0cf1c,2026-05-21T08:10:15+00:00,2026-05-21T08:10:15+00:00,1,0,0,10.02,0,9.99996,1
0x1ee544da9d2d9353a174484cd91573999417bf5a,2026-05-22T14:57:26+00:00,2026-05-22T19:19:16+00:00,2,0,0,30.9815,30.98,61.8065970,2
0x1f209f5e542553ea116f302c8d7ceea125d54f46,2026-05-31T03:40:59+00:00,2026-06-01T02:54:33+00:00,2,0,0,14.014,14.01,27.981966,2
0x1f36a1e37ca2392ba47fb833037e743ebb2f65f9,2026-05-09T19:46:54+00:00,2026-05-09T23:50:25+00:00,2,0,0,257.191333,257.19,512.580999001,2
0x1f3bf39ad9d8d8f9d3e9dd562f6979c09200f8e3,2026-05-21T01:06:19+00:00,2026-05-21T01:06:19+00:00,1,2000.0,0,0,0,6.0000,1
0x1f453f094fe5af9b0f3737a808f2e9c94d76a9aa,2026-05-25T07:30:09+00:00,2026-05-25T07:30:09+00:00,1,0,0,2.004,0,1.999992,1
0x1f4dc550e07fe4dd80f456570b5867da37d93b12,2026-05-13T16:30:53+00:00,2026-05-13T17:36:11+00:00,2,0,0,102.645,102.64,204.771790,2
0x1f4f6f49ec5449fe894b8f03edd48140089a3e0b,2026-05-30T21:51:47+00:00,2026-05-30T21:52:02+00:00,2,0,0,111.111,111.11,221.887669,2
0x1f55d32eeee10a1ac97089d0ecf5c93cba6d18c0,2026-05-26T09:25:04+00:00,2026-05-26T09:25:04+00:00,1,0,0,16.8835,0,16.8497330,1
0x1f571f63d50c8f3d7b72f523851990f761d579eb,2026-04-12T05:52:09+00:00,2026-04-15T06:44:50+00:00,6,0,0,83.87,0,83.36678,6
0x1f5b6c605badd978a24e86d5f1a00865096c7925,2026-06-03T15:59:19+00:00,2026-06-03T16:02:43+00:00,2,0,0,110.76,110.76,221.18772,2
0x1f5c811ddc6f2f645a854b5d85571b71270ce1ad,2026-05-02T12:21:24+00:00,2026-05-02T13:55:32+00:00,2,0,0,68.455333,68.45,136.426167001,2
0x1f607faa9ebe12e0124c14b82ee8ff8ed5095fcd,2026-05-27T10:20:36+00:00,2026-05-27T10:20:36+00:00,1,0,0,12.9455,0,12.9196090,1
0x1f7127b57498fe62eecf1e7243535ea4e7b08032,2026-04-21T07:37:20+00:00,2026-04-21T08:56:34+00:00,2,0,0,52.7336,52.73,104.8835520,2
0x1f71f476d102b0093448e25d325813d3ba685241,2026-06-01T10:04:03+00:00,2026-06-01T10:06:32+00:00,2,0,0,109.709,109.7,219.079891,2
0x1f7ad9231e284ea923de97023e27234a2125122c,2026-05-13T06:46:09+00:00,2026-05-13T06:54:35+00:00,2,0,0,8.0,8.0,15.9600,2
0x1f7f3c5e425a9e4de0fe8a2a2b0bbaccc3d95e31,2026-05-01T07:18:46+00:00,2026-05-01T08:54:04+00:00,2,0,0,61.494333,61.49,122.553890001,2
0x1f85eb9c455c5bdef5d96c2739076678c7157b02,2026-05-26T14:28:22+00:00,2026-05-26T14:28:22+00:00,1,0,0,75.0,0,74.8500,1
0x1fa37fedc97cbfc4abe613f7beba873385c3ef0b,2026-06-13T00:34:52+00:00,2026-06-13T00:34:52+00:00,1,7000.0,0,0,0,7.0000,1
0x1fb7daa25d0ece7e0b737b38f727bf29ad16c1a7,2026-05-24T22:42:53+00:00,2026-05-25T05:16:06+00:00,2,0,0,57.114,57.11,113.938442,2
0x1fbdf19dd8b2789d19885ece718a8834bb9391eb,2026-05-31T10:12:58+00:00,2026-05-31T10:12:58+00:00,1,0,0,14.014,0,13.999986,1
0x1fc9776b33c40adf0ef9c1287d2810766dd1ace5,2026-02-02T23:51:54+00:00,2026-03-22T20:35:01+00:00,26,791.430125,468.171537,0,0,20.3380130092214259,23
0x1fcf75699e76ded0fdf02cf10336748d268d5d61,2026-05-06T15:30:03+00:00,2026-05-06T17:30:11+00:00,2,0,0,85.285666,85.28,169.968689002,2
0x1fe0e0d456ff9d964e8a019dcfb39dca693ca8fd,2026-05-15T12:07:38+00:00,2026-05-15T13:54:07+00:00,4,0,0,1874.7690,1874.76,3740.1551820,4
0x1fe687a7a8ceb5a62dbdea9bad6584d6ed4105a4,2026-05-13T20:57:52+00:00,2026-05-14T19:20:32+00:00,2,0,0,246.4925,246.49,491.7500450,2
0x1ff261617ebf953efcab12fb422bbc411ba193a4,2026-05-04T06:37:04+00:00,2026-05-26T12:11:38+00:00,3,0,0,137.004666,110.89,247.066204002,3
0x1ff971fdf175da9ea9daba459da68966d7c6d5df,2026-05-09T17:29:05+00:00,2026-05-09T19:11:16+00:00,2,0,0,180.982666,180.98,360.695798002,2
0x1ffe2da2bb11168da78a3cb066b355e2ce66aa51,2026-04-20T09:27:30+00:00,2026-04-20T11:14:32+00:00,2,0,0,111.5074,111.5,221.7808630,2
0x200d73d2bd314b527edb65d70d3f7c24a66b349f,2026-05-26T03:24:18+00:00,2026-05-28T07:20:51+00:00,2,0,0,13.086,13.08,26.100588,2
0x202f7888d496906e6a06298531a02843d0bd269d,2026-04-19T08:42:22+00:00,2026-04-19T09:55:26+00:00,2,0,0,48.0502,48.05,95.5716490,2
0x204bb5888022538904f556994541eefa8a6e3c4f,2026-03-05T12:45:49+00:00,2026-03-05T12:48:15+00:00,2,0,0,6.9,6.9,13.6965,2
0x204c073e84e4b664fb445180ef28b52c5fc9f89d,2026-04-24T03:36:02+00:00,2026-04-24T04:41:52+00:00,2,0,0,81.133333,81.13,161.695413001,2
0x206427993923c69bea9e2e8b01532f4f6e234211,2026-05-27T06:13:05+00:00,2026-05-27T06:13:05+00:00,1,0,0,21.8235,0,21.7798530,1
0x20671c71b917f44f9dae3027e4fbee6131653e6c,2026-05-07T12:36:11+00:00,2026-05-07T13:45:15+00:00,2,0,0,64.132333,64.13,127.813416001,2
0x206a449bd348c5c862c525232e546e0455df50d6,2026-05-20T04:58:07+00:00,2026-05-20T06:14:09+00:00,2,0,0,10.02,10.02,19.98990,2
0x207ca4de770e8195731fd09ff754f328df5452fa,2026-06-07T21:20:58+00:00,2026-06-07T21:20:58+00:00,1,1000.0,0,0,0,1.0000,1
0x2092ac062d2dfe189bc388a32eba2e76e56052aa,2026-05-02T04:18:42+00:00,2026-05-03T09:48:34+00:00,4,0,0,98.876333,98.87,197.054224001,4
0x2096d9f4259d74ef28a3ff13ca3918338aa6a52a,2026-05-26T02:11:40+00:00,2026-05-26T12:05:09+00:00,2,0,0,8920.0,8920.0,17795.4000,2
0x20a2d54f734d3a26586c57fb9c20d35510d7138b,2026-05-08T10:07:21+00:00,2026-05-08T12:13:48+00:00,2,0,0,254.674,254.67,507.561298,2
0x20a8ad209b821184e42b8a01c2099a604dc01dba,2026-05-26T06:54:37+00:00,2026-05-26T06:54:37+00:00,1,0,0,29.9595,0,29.8995810,1
0x20ac85ef695d62c2cf3bfa027a4247e7f88a914a,2026-05-27T01:48:03+00:00,2026-05-27T01:48:03+00:00,1,0,0,498.96,0,497.96208,1
0x20ad69f3e67661b628507ce893821c02b272b2d2,2026-05-16T01:45:33+00:00,2026-05-16T01:45:33+00:00,1,0,0,6.012,0,5.999976,1
0x20b3bdf2b46e7948cde8e9696cdf7cae6871a273,2026-05-26T12:07:33+00:00,2026-05-26T12:07:33+00:00,1,0,0,268.4165,0,267.8796670,1
0x20bc0d0f0fa4cb1fd200d01eed26741c21fd3533,2026-05-10T03:51:57+00:00,2026-05-10T05:18:50+00:00,2,0,0,302.18,302.18,602.24474,2
0x20bdba25e18530c1239adbb5f3b5ece9bcd4211f,2026-05-22T05:41:15+00:00,2026-05-22T05:41:15+00:00,1,0,0,1.7935,0,1.7899130,1
0x20c52a07f9bf82822f18961b4489bfdf6daaaff7,2026-04-28T09:14:08+00:00,2026-04-28T09:14:26+00:00,2,0,0,626.142,626.14,1249.151296,2
0x20ce3a1ab939d7339105f804f65e11a5c76b6c7f,2026-05-03T07:03:38+00:00,2026-05-03T09:45:20+00:00,2,0,0,1376.14,1376.14,2742.64702,2
0x20e5477dfe0b30aa78a33dfcd577bcca3c75d431,2026-05-26T09:03:37+00:00,2026-05-26T10:47:13+00:00,2,0,0,12.224,12.22,24.382892,2
0x20f5f78ff1068d02806151ec253d967b4ea30084,2026-06-15T19:19:58+00:00,2026-06-15T19:19:58+00:00,1,4000.0,0,0,0,4.0000,1
0x20f79ecd6bf7a8a4c551f2781beb178daeff7a61,2026-04-07T17:12:39+00:00,2026-04-14T08:08:45+00:00,2,0,0,21.55,21.55,42.81985,2
0x20fe8e8653e37c487eac0c4c1333506ffd671851,2026-05-09T09:38:06+00:00,2026-05-17T10:04:19+00:00,6,0,0,21.048,21.04,41.970756,6
0x211b4297ec921cced464a0c746e8dd0185848ab6,2026-05-11T18:45:59+00:00,2026-05-11T20:15:57+00:00,2,0,0,86.232,86.23,172.030846,2
0x211f5c049fb7e932ef9f6ebc75c8fa8097fd218d,2026-05-06T05:45:26+00:00,2026-05-06T08:18:02+00:00,2,0,0,121.093,121.09,241.335361,2
0x212a0e5e96ea78654e3d862fba25522a34c1125f,2026-05-06T04:38:08+00:00,2026-05-06T04:38:08+00:00,1,0,0,21.063,0,20.999811,1
0x2130734fb78edf2c029376b085784df668cddd62,2026-05-07T15:53:14+00:00,2026-05-07T16:13:23+00:00,2,0,0,7.021,7.02,13.991857,2
0x21339817f4d5323c38fa91e5ce9d35428b67eead,2026-05-26T04:25:14+00:00,2026-05-26T06:32:11+00:00,2,0,0,32.585,32.58,65.002090,2
0x214c3e8f8cf8b77f749b4beddf3e630b885a9fa1,2026-05-01T22:00:32+00:00,2026-05-20T08:32:54+00:00,4,0,0,147.9965,147.99,294.9845140,4
0x2150d0878c2514c81fbded2a7e309abb89c9581b,2026-02-06T13:47:23+00:00,2026-03-02T19:44:49+00:00,4,140.0,0,0,0,2.0000,4
0x215263a1c945cb8b8a0f1d25ddf6dba9550321be,2026-04-24T06:08:22+00:00,2026-05-14T09:28:46+00:00,6,0,0,222.856666,222.85,444.289859002,6
0x215806dbeaa870bc6341609bd63db1813cfc9198,2026-05-29T22:34:29+00:00,2026-06-11T13:23:55+00:00,3,6500.0,0,0,0,7.0000,3
0x215bbadeb064fd8f99a090de3b9cd4a8da0aa6eb,2026-05-27T19:17:09+00:00,2026-05-28T03:36:20+00:00,2,0,0,48.096,48.09,95.945538,2
0x216509be5332c6037105b4f871966eb97240f598,2026-04-23T16:53:32+00:00,2026-04-23T16:56:12+00:00,3,184.754,184.75,0,0,1.108512,3
0x21723f51447ba10be22be446fae2cb3fd239a8c5,2026-05-23T16:13:07+00:00,2026-05-23T23:05:25+00:00,2,0,0,87.174,87.17,173.908142,2
0x21844a32dab8a0b7be36e7596c18aa1cf3731e4a,2026-04-26T03:55:16+00:00,2026-05-08T13:10:56+00:00,4,0,0,342.156332,342.15,681.911263004,4
0x21911b2b138e9f7dcbe0e756d93764af214eb238,2026-03-16T06:54:15+00:00,2026-03-19T14:01:27+00:00,2,0,0,114.8181,114.81,227.561439,2
0x219a718c196991741cc63590881b03b0f6ef9eb0,2026-05-15T00:32:11+00:00,2026-05-15T00:48:34+00:00,2,0,0,4.0,4.0,7.9800,2
0x21a33f1119a96128f8cd6d0df928482b7c00eeb5,2026-05-20T02:38:59+00:00,2026-05-21T00:55:21+00:00,2,0,0,862.83,862.83,1721.34585,2
0x21bbccb72f28f455026285d9e3aea2273d268926,2026-05-08T11:05:08+00:00,2026-05-24T10:39:42+00:00,4,0,0,59.006666,59.00,117.613686002,4
0x21c8959e944ce537f271f0dd383249fea4b005ff,2026-05-21T09:40:09+00:00,2026-05-29T03:33:21+00:00,4,0,0,40.08,40.08,79.95960,4
0x21ce47f81d9142d84f65a96e105fe75492fc3afd,2026-05-16T02:16:37+00:00,2026-05-21T17:41:36+00:00,2,0,0,58.116,58.11,115.935438,2
0x21cff04b8c2d71fa9c773fb62bade38022e4eebf,2026-04-24T05:53:44+00:00,2026-05-19T18:57:33+00:00,3,0,0,168.542666,115.94,283.565873002,3
0x21f45bb286f55ce8dc5a08fbb443389047dac5ae,2026-05-19T13:15:34+00:00,2026-05-19T13:15:34+00:00,1,333.333333,0,0,0,0.999998999000001,1
0x21f4b22f7ed72dd92dfa86a51687a0f9641489d3,2026-05-08T21:34:52+00:00,2026-05-31T20:53:15+00:00,3,0,0,32.968,18.05,50.894774,3
0x21fb4934d6770219987e2531430c8455094ef4a1,2026-05-20T07:47:36+00:00,2026-05-21T05:01:43+00:00,2,0,0,87.174,87.17,173.908142,2
0x21ffd2b7a212a6f277ed3eca1a9f8efcbca90d71,2026-02-07T13:06:03+00:00,2026-04-01T07:42:53+00:00,41,0,0,1528.93,1528.892928,3009.1021439994584570,39
0x220dac473b16cfa2dc3a4325c98e2b51f8c09ac7,2026-05-20T12:35:44+00:00,2026-05-20T12:35:44+00:00,1,0,0,1.212,0,1.209576,1
0x2210b25333d66e865a2753a3c05f05ebefb8e474,2026-05-05T14:20:46+00:00,2026-05-06T04:11:20+00:00,2,248.0,248.0,0,0,1.7360,2
0x2211a57782f4c215ae88f6098d7fafd1e645ed34,2026-05-26T12:55:12+00:00,2026-05-26T12:55:12+00:00,1,0,0,1174.4385,0,1172.0896230,1
0x221313b27379d36132f33849c0503c95a31212eb,2026-05-16T01:58:46+00:00,2026-05-16T01:58:46+00:00,1,0,0,3.006,0,2.999988,1
0x221b6e1544e8450799d6058990900f107094ea52,2026-06-11T13:27:28+00:00,2026-06-11T13:27:28+00:00,1,34000.0,0,0,0,34.0000,1
0x22281a4409d7ef2240383fdf1955b8156c614bea,2026-04-11T10:46:51+00:00,2026-04-11T10:46:51+00:00,1,1000.0,0,0,0,7.0000,1
0x223d8f7c97f615d55b05c78f723201b8bb4d152f,2026-04-21T07:23:02+00:00,2026-05-29T10:43:45+00:00,4,0,0,52.02,52.02,103.52790,4
0x223e29bb7ee2ee9690b28785161ada79a9f612b2,2026-06-02T07:27:20+00:00,2026-06-02T07:27:20+00:00,1,0,0,1.001,0,0.999999,1
0x2245d401d2a0dd16eac5e11b36911b7b894c3e6c,2026-05-01T10:58:30+00:00,2026-05-04T06:31:10+00:00,2,1250.0,1250.0,0,0,8.7500,2
0x225e36dc05af8720e1a2571172672e23c27f3bcc,2026-05-28T09:41:11+00:00,2026-05-28T10:33:21+00:00,2,0,0,11.3725,11.37,22.6856450,2
0x2271c6732b9f6aa0639d13691f15ae38665aa995,2026-05-18T23:52:40+00:00,2026-05-30T20:22:23+00:00,2,0,0,5.11,5.11,10.19956,2
0x227bae2c175dc2f652202044f391db7117a376f9,2026-06-04T07:49:06+00:00,2026-06-06T14:32:01+00:00,12,0,0,505.643,505.58,1009.706197,12
0x227d3615cbbcfdf7a1649b2e1de93d5ff66d1a26,2026-03-27T21:38:47+00:00,2026-04-17T22:07:30+00:00,2,909.090909,909.09,0,0,14.545449999,2
0x227f8520bb88814d51da0f4998a6cc62729a762c,2026-05-18T05:41:01+00:00,2026-05-18T05:41:36+00:00,2,0,752.0,0,752.0,751.2480,2
0x22939cc5d5a237ea4440463463d1808c3099c0b4,2026-04-20T02:21:20+00:00,2026-04-20T03:32:28+00:00,2,0,0,64.0602,64.06,127.4155390,2
0x2298e03357df5ed326a452460b1861c72eef15e0,2026-05-11T22:54:39+00:00,2026-05-12T03:43:45+00:00,2,0,0,42.084,42.08,83.953592,2
0x229a28f4323e905929058def0ba8ae8573359d26,2026-05-22T02:47:38+00:00,2026-05-22T04:01:08+00:00,2,0,0,13.8575,13.85,27.6382350,2
0x22a2bd00aa4c30488e800043d323b217e12c38df,2026-05-17T10:48:58+00:00,2026-05-18T15:57:06+00:00,2,0,0,85.17,85.17,169.91415,2
0x22a4c19ef7270e0af368567b9d3c65b5f1ca516d,2026-05-16T12:06:43+00:00,2026-05-16T14:04:19+00:00,2,0,0,38.106,38.1,76.015488,2
0x22a924462b36ab44427a09445ca178b2ad462d51,2026-05-07T12:47:02+00:00,2026-05-14T14:34:24+00:00,2,0,0,6.018,6.01,11.991916,2
0x22ab6e2edba20794c67f46f30f7e03fe403384f7,2026-05-15T10:01:45+00:00,2026-05-15T10:15:06+00:00,2,0,0,5.01,5.01,9.99495,2
0x22bc2cfb9bef4638fb967bdb98d076a579e6f82b,2026-05-26T03:00:14+00:00,2026-05-26T03:00:14+00:00,1,0,0,10.3205,0,10.2998590,1
0x22bfdbce977910d559672f37a33882b04cde8642,2026-04-03T16:26:45+00:00,2026-04-07T21:42:27+00:00,3,392.857142,0,0,0,2.999999994,3
0x22e90af75dadf4d9d7ec48fc8926f36d32d0f1af,2026-05-21T06:05:58+00:00,2026-05-21T06:09:13+00:00,3,0,0,38.076,38.07,75.955638,3
0x22fe3c3e6bdc61a2e7952efec2bb14e3912965ac,2026-04-25T20:07:26+00:00,2026-04-25T21:46:18+00:00,2,0,0,1504.242666,1504.24,2997.952978002,2
0x22fe723a69ffb47c51738a963a8f0fad3a18bf23,2026-05-23T14:28:52+00:00,2026-06-06T12:49:42+00:00,2,3000.0,3000.0,0,0,12.0000,2
0x231166158f902729a7e8a53f1e6ea023e92175f9,2026-06-01T12:54:39+00:00,2026-06-01T12:54:39+00:00,1,0,0,24.424,0,24.399576,1
0x231b923ef301b60f2ca041d658ad8c05432e73df,2026-05-23T10:12:59+00:00,2026-06-03T07:30:24+00:00,2,0,0,2900.0,2900.0,5788.4000,2
0x232e1c23e3a83aac5c6da2467581c8d6b235fc46,2026-05-19T19:55:44+00:00,2026-05-19T21:17:26+00:00,2,0,0,736.503,736.5,1469.320494,2
0x233482cc859694d25d865e8b3d06b48ea87acd00,2026-05-08T12:55:21+00:00,2026-05-08T12:55:21+00:00,1,0,0,5.015,0,4.999955,1
0x233c93ca66915375d7b9b512280e98b76ac81dce,2026-05-02T16:13:50+00:00,2026-05-02T17:32:20+00:00,2,0,0,44.503333,44.5,88.691823001,2
0x233dc54165aefe93902a98fb744583d46560466f,2026-05-13T16:20:25+00:00,2026-05-13T22:00:54+00:00,2,0,0,97.194,97.19,193.898042,2
0x234e004ffbd27fd2e81b22c7ffa4d1cadcbb65d2,2026-05-16T06:16:43+00:00,2026-06-03T13:48:58+00:00,132,0,399866.799998,0,0,669.2149870830093346,131
0x2369117de59730482de6fd2f047f2c547987b9b4,2026-05-16T01:43:55+00:00,2026-05-16T01:43:55+00:00,1,0,0,6.012,0,5.999976,1
0x236962841e0d279ee04a72e0763864cfb6ae5174,2026-05-06T01:44:32+00:00,2026-05-06T03:46:32+00:00,2,0,0,1265.21,1265.21,2521.56353,2
0x23860bc2cf9580bbb4af227ebdee365e3a84dc60,2026-05-17T22:27:43+00:00,2026-06-02T10:29:04+00:00,2,333.333333,333.33,0,0,1.333328999000001,2
0x238bf26e50e2e89a37c7beaa66a0241cdfd12f12,2026-03-02T08:33:33+00:00,2026-03-02T09:18:41+00:00,2,125.0,125.0,0,0,2.0000,2
0x23939894ae0f9274d9174908595917f6d68d5423,2026-05-27T03:07:37+00:00,2026-05-27T07:16:09+00:00,2,0,0,10.02,10.02,19.98990,2
0x23983861d5bd7912907d2e068f6c74c2c26b4154,2026-05-11T04:09:12+00:00,2026-05-11T05:44:50+00:00,2,0,0,42.286666,42.28,84.270686002,2
0x23a43774671354cda9f637cb799bc786d75277a2,2026-03-25T05:24:25+00:00,2026-03-25T05:27:19+00:00,3,0,0,1034.52,1034.52,2046.32056,3
0x23a5943148551697db37618d1cb765f2adca15ee,2026-05-18T02:34:14+00:00,2026-05-20T00:24:34+00:00,2,0,0,120.24,120.24,239.87880,2
0x23c47f79d7789196cb73271de2207ccb59f84fcf,2026-05-18T16:04:41+00:00,2026-05-18T21:19:01+00:00,2,0,0,230.4605,230.46,459.7681990,2
0x23d577d5050572381e9ce894c8f938298ed35f26,2026-03-17T05:40:23+00:00,2026-04-03T03:31:17+00:00,2,0,0,5.699785,5.69,11.2644679997403870,2
0x23dc6cd7b7433743792ad0dd1a0efdba97dcb67f,2026-05-19T08:52:55+00:00,2026-05-19T08:54:14+00:00,2,0,0,18.036,18.03,35.975838,2
0x23ec3066129bdd637832eb116371894937c2f75c,2026-05-21T17:32:30+00:00,2026-05-22T07:37:13+00:00,2,0,0,84.168,84.16,167.907184,2
0x2405c525498067d4775cd36d4293ebe9dbaa00e8,2026-05-25T13:18:42+00:00,2026-05-30T18:51:18+00:00,2,0,0,106.212,106.21,211.997156,2
0x2410fb2da04eee82bd6a351138edfe9eb90b4fec,2026-05-19T07:12:39+00:00,2026-05-19T22:49:50+00:00,2,3879.0,3879.0,0,0,19.3950,2
0x2415cd534be1f3ea19ebf26877d50685004d9df4,2026-05-29T06:20:56+00:00,2026-05-29T06:33:09+00:00,2,0,0,105.3105,105.31,210.0939490,2
0x241a39032eede7a98d676aaa4ee87bd2692506f7,2026-04-21T11:28:22+00:00,2026-04-21T12:17:16+00:00,2,0,0,54.211,54.21,107.824685,2
0x242d2b369a79afcc871cc251dace0ed7be786ef0,2026-05-15T15:43:54+00:00,2026-05-15T15:56:25+00:00,2,0,0,6.012,6.01,11.991946,2
0x242d5703549816ef0b530d5ba63ed4adf9ccfcb6,2026-03-19T21:31:39+00:00,2026-03-27T17:55:57+00:00,2,125.0,125.0,0,0,2.1250,2
0x2453fd270af73cc19d010f7471aeb72fc5f9553a,2026-04-20T05:07:26+00:00,2026-04-20T06:38:04+00:00,2,0,0,48.1708,48.17,95.8109260,2
0x24628be9d302ad00d809d749c4b39443e2cd6900,2026-05-27T07:05:49+00:00,2026-05-28T00:36:19+00:00,2,0,0,12.645,12.64,25.221790,2
0x2464db8a84791790439e1f8c856efae1171d7809,2026-05-29T11:41:41+00:00,2026-05-29T11:54:05+00:00,2,0,0,104.679,104.67,208.825632,2
0x2483392d7e55d654a7b3fc9d1a0a2b5a61936870,2026-04-19T16:27:30+00:00,2026-04-19T17:48:34+00:00,2,0,0,66.7236,66.72,132.7096620,2
0x2484f98d2b96b284ec271d6ad4e636d54e33cca8,2026-05-19T06:55:02+00:00,2026-05-19T06:55:02+00:00,1,0,0,100.2,0,99.9996,1
0x24980a709eb4c8cc2afd969af6785147991b656c,2026-05-18T10:52:31+00:00,2026-05-18T10:52:31+00:00,1,0,0,54.549,0,54.439902,1
0x249be5b838aed148ea84a9dfe7d3487c5c540c70,2026-05-07T15:13:34+00:00,2026-05-07T18:37:02+00:00,2,0,0,53.490333,53.49,106.605902001,2
0x24a49e0b2b2bbc7b92db4bb9409995ccb2d42064,2026-05-18T23:19:41+00:00,2026-05-18T23:19:41+00:00,1,0,0,47.3045,0,47.2098910,1
0x24c517156c557cd1f3cef97036ace147ac05e032,2026-05-25T13:18:38+00:00,2026-05-25T13:18:38+00:00,1,1666.666666,0,0,0,4.9999989980000004,1
0x24c8cf69a0e0a17eee21f69d29752bfa32e823e1,2026-06-15T17:12:10+00:00,2026-06-15T17:12:10+00:00,3,0,87984.68,33333.0,0,33387.65168,1
0x24caaaadc789deb0f374e8de3b40bf37d2efc755,2026-05-10T06:01:07+00:00,2026-05-10T09:58:27+00:00,2,0,0,43.179333,43.17,86.047115001,2
0x24cb05c45330911a83dd3d6898bc87e3e95d10c3,2026-05-25T09:08:58+00:00,2026-05-25T09:12:30+00:00,2,0,0,104.4085,104.4,208.2864830,2
0x24d2383f61e7540dd58c66511ba2aa3d8aee8724,2026-05-14T19:03:14+00:00,2026-05-22T05:49:13+00:00,8,0,0,1845.3180,1845.31,3681.4014340,8
0x24dd9fa345550e5ad1b6f24401ffc8a49d4d361d,2026-05-26T02:30:27+00:00,2026-05-26T06:10:57+00:00,2,0,0,15.3105,15.31,30.5439490,2
0x24e614a84b8eabc733bc8dc02c1af4cafd2ae783,2026-05-03T04:07:56+00:00,2026-05-03T04:07:56+00:00,1,0,0,2.086,0,2.079742,1
0x24e6c8ffb0a6f2b72c3ae711f5403ae92ce39f79,2026-04-10T10:13:39+00:00,2026-04-10T10:13:39+00:00,1,142.857142,0,0,0,0.999999994,1
0x24fbf2605821827a694287fcef412deb3c0666b1,2026-06-01T12:52:00+00:00,2026-06-01T12:52:17+00:00,2,1000.0,1000.0,0,0,3.0000,2
0x25059356751b88c99c16d7e75b5b6b39d33678a2,2026-05-01T08:35:20+00:00,2026-05-01T12:18:34+00:00,2,0,0,94.593666,94.59,188.521525002,2
0x250e0396083d44b62db7df350f5209d2fc1ed142,2026-05-01T06:50:06+00:00,2026-05-26T03:34:43+00:00,3,0,0,57.300333,46.19,103.144774001,3
0x2513313059b402e0d4062c36495ca764b62999d5,2026-05-07T19:37:57+00:00,2026-05-09T12:39:33+00:00,4,0,0,14.042,14.04,27.983714,4
0x2517228e7c07ddf1a11141e950c4c25a211e87d9,2026-04-30T01:52:00+00:00,2026-04-30T01:52:00+00:00,1,0,0,30.0,0,29.9100,1
0x251b97d7a877c8a7d6fd2c741d08bd89a3a09fd2,2026-05-08T05:27:44+00:00,2026-05-08T05:27:44+00:00,1,0,0,2.377,0,2.369869,1
0x2534f1db41fc08df39f80a243ba813b97312c967,2026-02-28T07:47:21+00:00,2026-02-28T20:27:55+00:00,2,100.0,100.0,0,0,2.000,2
0x253cfa3850d97bedac7112004ae41d39fbf08f6e,2026-05-30T14:04:02+00:00,2026-05-30T14:04:02+00:00,1,0,0,12.012,0,11.999988,1
0x256e7044812aceb2d8f0215164cf9cb95ce58b40,2026-05-03T03:45:40+00:00,2026-05-04T05:32:22+00:00,2,0,0,918.58,918.58,1830.72994,2
0x2573b76e9bc58d8f5693886178ad8f3cbf0da977,2026-03-15T08:43:11+00:00,2026-03-21T16:02:37+00:00,2,0,0,98.3636,98.36,194.953084,2
0x257553aa0f8b556bce10319fc9324280432a56a3,2026-06-03T12:06:19+00:00,2026-06-04T14:37:55+00:00,2,0,0,26.026,26.02,51.967934,2
0x25765d5b2d16bacde7248e52fa3a811adedd0670,2026-05-06T07:18:00+00:00,2026-05-06T10:11:06+00:00,2,0,0,1331.53,1331.53,2653.73929,2
0x2579229fd2cdfb67d86430572f2cd577d57d7f5e,2026-04-12T01:16:35+00:00,2026-06-17T10:05:20+00:00,2,0,0,8.0,8.0,15.9440,2
0x257e7f1c6f131a8c8f65314f4b40ad2797305a72,2026-05-30T08:50:56+00:00,2026-05-30T08:50:56+00:00,1,0,0,51.051,0,50.999949,1
0x2583c9d6e238654e790a3306c6f72cc4367645f8,2026-05-09T23:12:44+00:00,2026-05-15T11:20:35+00:00,8,0,0,33.083,33.08,65.963493,8
0x25840a1006d7ad5cdad89f3a757e0caaddb8310b,2026-05-08T05:41:23+00:00,2026-05-26T04:10:33+00:00,4,0,0,95.720666,95.72,190.802095002,4
0x2585ae934820b34f8c45eff8b4bc0b48999f930a,2026-05-25T12:49:39+00:00,2026-06-03T16:39:33+00:00,2,0,0,91.0,91.0,181.6360,2
0x258c83d1fc641333a38609e5998466f5b08f223a,2026-05-03T03:48:58+00:00,2026-05-04T05:32:10+00:00,2,0,0,918.92,918.92,1831.40756,2
0x259305c12e7f8040b9a47289012383236bd25707,2026-05-23T03:05:47+00:00,2026-05-23T03:05:47+00:00,1,0,0,22.685,0,22.639630,1
0x25930adc53e399368e0bc8a1ee26a6fc539f9aba,2026-05-21T14:24:52+00:00,2026-06-05T11:44:52+00:00,2,0,0,34.3385,34.33,68.5654930,2
0x259c795d86d4f64b1eaf4cd6a0c999e9588a7c55,2026-03-01T17:47:43+00:00,2026-03-01T17:47:43+00:00,1,909.090908,0,0,0,9.999999988,1
0x25a6a3c56d90c3dff31d19e60fab277de5958068,2026-04-13T05:57:19+00:00,2026-04-13T05:57:37+00:00,2,0,75.0,0,75.0,74.9250,2
0x25a83d3a95258e3265b3eb98d8b8d6c282503046,2026-06-09T22:01:22+00:00,2026-06-09T22:01:22+00:00,1,5000.0,0,0,0,5.0000,1
0x25cc9fc85c47055b8d888e1189c30498c08e8c15,2026-05-22T17:41:37+00:00,2026-05-22T19:11:25+00:00,2,0,0,10.02,10.02,19.98990,2
0x25d779395c6544d004cae8affea5a4576aff7609,2026-06-03T16:36:16+00:00,2026-06-03T16:36:46+00:00,4,0,0,10.170,10.17,20.309490,4
0x25ef37c21ae265f442ca4da30847a62c15847374,2026-04-28T07:16:32+00:00,2026-05-13T23:22:57+00:00,4,0,0,181.2020,181.20,361.4959960,4
0x25f4b5437d43782d517bc468a47e4e593ef5dd7b,2026-05-19T17:13:20+00:00,2026-05-19T20:22:29+00:00,2,0,0,10.02,10.02,19.98990,2
0x25f9066d52b1d33a5c4038390f6af30e61cc317a,2026-05-27T01:00:16+00:00,2026-05-27T01:00:16+00:00,1,0,0,519.108,0,518.069784,1
0x2605017f5b66cc3ae9100beadd65a9c28af5de95,2026-05-08T09:28:11+00:00,2026-05-29T11:01:24+00:00,4,0,0,14.537666,14.53,28.9856730001344668,4
0x26159aab1c6bcf4d79412de7ad34e53e3d467ed0,2026-06-02T00:12:57+00:00,2026-06-02T00:13:13+00:00,4,0,0,10.160,10.16,20.289520,4
0x261ac1684d63a8bc5137e7b9f2878ab6e0ac0d3e,2026-05-23T05:25:17+00:00,2026-05-23T20:50:36+00:00,2,0,0,132.2645,132.26,263.8631910,2
0x2632f5e8ea03adc8fc30e0a21b3bb29d0791d37d,2026-04-17T12:21:04+00:00,2026-04-21T08:01:34+00:00,2,0,0,11.64,11.64,23.15196,2
0x264023078964bb8561b977177bddf7b81d8e38f7,2026-04-08T08:02:09+00:00,2026-04-08T08:02:09+00:00,1,714.285714,0,0,0,4.999999998,1
0x2652d9c0b8f921b0eae0fdece69ff636686d3910,2026-05-08T11:18:26+00:00,2026-06-12T04:09:22+00:00,2,0,0,35.7,35.7,71.2572,2
0x26541e58c58e4c8ceded55c4832f36fabaecb703,2026-05-18T11:08:51+00:00,2026-05-31T18:43:33+00:00,2,0,0,14.028,14.02,27.991904,2
0x266394734d96d8d117d0138396b4a14f18fe87d7,2026-04-29T18:37:30+00:00,2026-04-29T18:37:30+00:00,1,1200.0,0,0,0,4.8000,1
0x2668b3a7cb4e70c532ebf15ab264e5c265f5cd2c,2026-05-19T01:28:29+00:00,2026-05-19T01:28:29+00:00,1,0,0,6.012,0,5.999976,1
0x2678b36091fe486ba8edc9d6b8a3c60a4346cef5,2026-04-25T05:26:36+00:00,2026-04-25T06:21:26+00:00,2,0,0,2132.587666,2132.58,4250.239583002,2
0x26797ff5fe047c8e65d479acff29055cdefa9e05,2026-05-06T02:34:40+00:00,2026-05-06T03:44:02+00:00,2,0,0,194.182333,194.18,387.003066001,2
0x2696a082fed8170ef6af0fa2277d7245fac9e2aa,2026-05-18T11:46:18+00:00,2026-05-18T13:34:32+00:00,2,0,0,63.196,63.19,126.070038,2
0x26a9ed8648d8c409ce78325d04da8570b702b5ad,2026-05-11T20:25:40+00:00,2026-05-12T00:25:30+00:00,2,0,0,122.8755,122.87,245.1311390,2
0x26b64bd633d44b27785b6fbcd679e26dde830c77,2026-05-07T11:26:53+00:00,2026-06-15T05:20:55+00:00,4,0,0,18.485333,18.48,36.8414169991514667,4
0x26b763181b376885cb169ecf317a03b32c42ca3a,2026-04-30T13:44:02+00:00,2026-05-12T10:57:28+00:00,4,0,0,133.115,133.11,265.421313,4
0x26c2d3daefbbaf79ee896791f79b6f00355a8aba,2026-05-08T14:50:53+00:00,2026-05-27T15:31:15+00:00,2,0,0,121.0,121.0,241.2740,2
0x26d4a0b0b3f306279a5fb442f3ea8b87002338c3,2026-05-17T09:10:09+00:00,2026-05-18T00:03:25+00:00,2,0,0,51.102,51.1,101.946496,2
0x26dc5d66a9e77657161b75fc63d3ac0124841fef,2026-05-24T06:51:58+00:00,2026-05-24T07:14:06+00:00,2,0,0,512.0,512.0,1021.4400,2
0x26e5d33bb82c3b1c5b914f78bb6cc3ef2760b770,2026-05-09T05:51:10+00:00,2026-05-09T05:53:49+00:00,3,0,0,790.370666,790.37,1575.208074002,3
0x26f164f064b5dc8f0e2501cf7bbf382a430e761a,2026-06-04T09:57:25+00:00,2026-06-04T09:57:43+00:00,4,0,0,10.360,10.36,20.688920,4
0x26f427fc0019ae4210a8f73abd1914d81c96e110,2026-04-30T10:13:38+00:00,2026-05-11T15:57:32+00:00,4,0,0,19.34,19.34,38.56396,4
0x26f9cceaf8a95393af931d094a35ca61e57f85ab,2026-05-21T13:07:05+00:00,2026-05-21T20:53:40+00:00,2,0,0,67.134,67.13,133.928342,2
0x270604b2b9b4443967af8bb4d17615deb75face3,2026-05-16T01:23:46+00:00,2026-05-16T01:23:46+00:00,1,0,0,6.012,0,5.999976,1
0x270afb53118b0f5a9d706f4d90b82bb877d27b78,2026-05-31T03:18:53+00:00,2026-06-02T04:05:23+00:00,2,0,3999.99,0,0,3.99999,2
0x270b9b97724b53dfa34ea630af3f48c55a5fa1b9,2026-05-20T02:30:44+00:00,2026-05-20T02:30:44+00:00,1,0,0,23.7575,0,23.7099850,1
0x27188ecb64bdae76ef41913af9bc5e7d27541481,2026-05-11T16:23:47+00:00,2026-05-11T19:17:23+00:00,2,0,0,103.717,103.71,206.908436,2
0x271e62df5221915a0437a8660fcb1ac379c1a5ee,2026-04-10T01:16:47+00:00,2026-04-10T01:34:19+00:00,2,0,0,2.0,2.0,3.9740,2
0x2724e11acddb165172b0256f0993fc22d84d6d08,2026-05-09T16:37:07+00:00,2026-05-09T16:37:07+00:00,1,250.0,0,0,0,1.0000,1
0x27259f03011d92b38f46b67dc6660ac03ca776b1,2026-05-19T17:43:52+00:00,2026-05-19T17:43:52+00:00,1,0,0,57.034,0,56.919932,1
0x27399c8bce0a87a6247b48e77a70395066dd9d99,2026-05-25T18:25:13+00:00,2026-05-27T01:17:13+00:00,2,0,0,209.4185,209.41,417.7814330,2
0x273d76f04a1ec46c329608d402f541d6d93a08de,2026-05-27T01:50:23+00:00,2026-05-27T11:34:18+00:00,2,0,0,63.126,63.12,125.930388,2
0x2749f4f777bf131c5b64c1cfe3798073bc80d13e,2026-04-21T08:43:00+00:00,2026-04-21T09:22:58+00:00,2,0,0,48.8442,48.84,97.1469390,2
0x276d33bf39a5d2c2a92a2a39ea20d781658c6f29,2026-05-16T01:51:04+00:00,2026-05-16T01:51:04+00:00,1,0,0,6.012,0,5.999976,1
0x2775a95f92fdf2941ebeaf69f84f54fe48cedf4f,2026-05-06T17:37:27+00:00,2026-05-06T19:20:54+00:00,2,0,0,73.039,73.03,145.557763,2
0x279586b44e055dfe58bd21fff9d67a675043acd0,2026-05-26T17:59:16+00:00,2026-05-26T17:59:16+00:00,1,0,1.0,0,0,0.0020,1
0x27abdfc9393c72a6330a3be987da4b46c726e521,2026-04-04T13:58:37+00:00,2026-05-29T01:28:04+00:00,863,0,0,84996.42,0,84797.62762,863
0x27ba21dcfc1f470746f4f5cb6843bb7055d19250,2026-04-18T12:32:00+00:00,2026-04-18T17:01:48+00:00,2,0,0,248.1406,248.14,493.5510570,2
0x27bbe829d067242b608671b74b5b60ef66c676f3,2026-04-19T07:53:42+00:00,2026-04-19T09:57:00+00:00,2,0,0,57.5978,57.59,114.5542710,2
0x27bf71d8b5abc8cf97da465c94355aa26f92f9d3,2026-03-13T01:28:47+00:00,2026-03-16T02:49:53+00:00,2,0,0,5.0,5.0,9.8900,2
0x27c7fadc761c94390a7f2519f3644b0a8c6493fa,2026-05-02T06:24:20+00:00,2026-05-02T10:31:58+00:00,2,0,0,217.231666,217.23,432.941051002,2
0x27d685d4651f9b4b04035c064cf77006541b690d,2026-05-07T15:05:15+00:00,2026-05-12T15:20:13+00:00,4,0,0,15.039,15.03,29.975785,4
0x27ea4538cdf1db27877fb7de0274bf9fc9725627,2026-04-04T10:38:09+00:00,2026-04-04T10:38:09+00:00,1,125.0,0,0,0,1.0000,1
0x27feed6dc2d024a9547f75a855f765efa841a4bd,2026-05-09T06:28:44+00:00,2026-05-09T07:57:20+00:00,2,0,0,1623.99,1623.99,3236.61207,2
0x280257a0fb2d50840f1d3b42244bb2ab7aad6f1e,2026-03-16T17:50:51+00:00,2026-03-16T17:50:51+00:00,1,909.090909,0,0,0,9.999999999,1
0x28098711cbf8701330ed3cce0044239bbff8ff9f,2026-04-03T22:26:59+00:00,2026-04-03T22:26:59+00:00,1,625.0,0,0,0,5.0000,1
0x2810bf3ee7995b50d57551ba8ab0720a6516608c,2026-05-06T14:12:10+00:00,2026-05-13T19:20:13+00:00,3,0,0,1014.042,1014.04,2021.744244,3
0x2813702f8e96e3ed8ced1493495d844e16137e54,2026-05-17T07:22:44+00:00,2026-06-13T11:59:00+00:00,2,0,0,10.0,10.0,19.9700,2
0x281fbfda7f66a705c313cadbfa35166439d69184,2026-04-18T12:12:32+00:00,2026-04-18T13:30:32+00:00,2,0,0,44.1004,44.1,87.7152980,2
0x28217b08ec266170bdc8d6c8b42ed38a9b55399e,2026-06-01T15:54:45+00:00,2026-06-04T10:44:34+00:00,2,2000.0,2000.0,0,0,6.0000,2
0x2828603335177a39667b048c3e8f243b51782287,2026-05-10T19:11:39+00:00,2026-05-11T05:58:08+00:00,2,0,0,117.352,117.35,233.880544,2
0x282b64916f0447187d9d2dd3adb02e2be60320b7,2026-05-26T01:43:09+00:00,2026-05-26T13:49:38+00:00,2,0,0,120.24,120.24,239.87880,2
0x283839ce2306b41b33cc4566238baed453b2076f,2026-05-26T06:59:31+00:00,2026-05-26T06:59:31+00:00,1,0,0,11.0,0,10.9670,1
0x283b96d9351879bb43bfea663bf3c4fe1f45769b,2026-05-10T15:05:35+00:00,2026-05-10T19:49:29+00:00,2,0,0,135.406,135.4,269.858182,2
0x2863670e78a38ca274fcab7a699cca03c829b378,2026-05-27T11:52:32+00:00,2026-05-27T13:30:58+00:00,2,0,0,10.641,10.64,21.227798,2
0x28701d65be3306f87529fa778312c0d4433170d0,2026-05-13T16:30:39+00:00,2026-05-13T16:43:31+00:00,2,0,0,9.018,9.01,17.982934,2
0x2876d9eae5cc88b6fe62e80d408514d9605a2d47,2026-05-23T04:54:45+00:00,2026-05-25T14:22:36+00:00,2,0,0,79.158,79.15,157.912234,2
0x287c6a9c5f274f751c3fe159a9759eb2e0670adc,2026-05-11T12:21:53+00:00,2026-05-11T15:06:18+00:00,2,0,0,31.093,31.09,61.965361,2
0x2883b755302ff0b8b4c0b29878ba0d04fe5cf3dd,2026-05-26T03:51:27+00:00,2026-05-29T11:38:13+00:00,2,0,0,64.018,64.01,127.707934,2
0x288cabeab9fa394f1b6477a119405ac72ff78615,2026-06-01T20:23:59+00:00,2026-06-01T20:23:59+00:00,1,0,0,111.111,0,110.999889,1
0x2892b08053229b098b03ade51fb3629d456f2095,2026-05-22T22:41:20+00:00,2026-05-22T23:58:06+00:00,2,0,0,10.02,10.02,19.98990,2
0x2897633146356cd2ef249ae0e82c631335fdcaa0,2026-05-15T14:05:45+00:00,2026-05-15T19:59:27+00:00,2,0,0,59.118,59.11,117.932434,2
0x2897f1c47d02ab17f3fa1cecd897f868da27a659,2026-05-10T06:24:03+00:00,2026-05-10T07:12:52+00:00,2,0,0,1608.9,1608.9,3206.5377,2
0x28a20e97a6076ba447703d1782b81a187f86b978,2026-05-13T00:38:00+00:00,2026-05-13T12:57:54+00:00,2,0,0,45.09,45.09,89.95455,2
0x28b028aaf008b7d45b2daadb92b0e4bf31b98b3f,2026-05-28T00:26:08+00:00,2026-06-03T07:03:40+00:00,2,0,0,36.072,36.07,71.997716,2
0x28b9054040ebddeaee5c3722b409966b6080396a,2026-05-07T06:32:46+00:00,2026-05-07T06:32:46+00:00,1,12437.5,0,0,0,49.7500,1
0x28bf066c6cb952da62d6d182c16ad173ada64a4e,2026-04-30T02:19:52+00:00,2026-06-06T16:53:58+00:00,6,0,34.65,89.0,0,88.86375,6
0x28ca4e9a04531f2eac0c2770f95db4e1c6a65d19,2026-02-11T03:34:55+00:00,2026-02-11T03:34:55+00:00,1,160.0,0,0,0,3.5200,1
0x28ce537aa597227c9dfe824bb975a8d1e503064e,2026-05-04T07:54:34+00:00,2026-06-06T02:55:01+00:00,14,0,0,1400.183332,1400.18,2792.358022004,14
0x28cf12bac92a5c601660fe8c8e42d9021a78e664,2026-06-16T15:54:28+00:00,2026-06-16T15:54:28+00:00,1,1000.0,0,0,0,1.0000,1
0x28e054d1818f66231188578487799831f77d2383,2026-05-29T10:09:36+00:00,2026-05-29T12:10:00+00:00,3,0,0,6.0,6.0,11.9760,3
0x28e637c9dad32a8b93c1eeff0a4cc23460d7ceba,2026-05-05T05:58:38+00:00,2026-05-05T07:12:16+00:00,2,0,0,1003.87,1003.87,2000.71291,2
0x29109fc8c98bb034b31c7b45509e212e7528fa7b,2026-04-25T21:09:36+00:00,2026-04-25T23:18:52+00:00,2,0,0,159.979666,159.97,318.829847002,2
0x29169d2e119f3f5056a8c8baa50002d461b8be26,2026-05-28T08:44:09+00:00,2026-05-28T10:05:51+00:00,2,0,0,16.152,16.15,32.221246,2
0x29211764005b7142f594d8a5c54a85c5453b8485,2026-06-14T10:42:51+00:00,2026-06-14T10:42:51+00:00,1,6300.0,0,0,0,6.3000,1
0x292566f5401fd861bbd243f68643de902e0712e0,2026-05-07T00:40:17+00:00,2026-05-24T12:04:52+00:00,2,0,0,2.607666,2.6,5.1920429999138672,2
0x2933927d93f09869e1d54a2a31710a4656a56e4d,2026-04-07T10:17:35+00:00,2026-04-07T10:17:41+00:00,2,0,0,323.262714,323.26,641.673795002,2
0x2933bbca34e67e4a24cdb8ca020d78975827aed9,2026-05-26T06:16:56+00:00,2026-05-26T06:16:56+00:00,1,0,0,4.158,0,4.149684,1
0x293aa83f9edf84a7a03ac1571bdf52c02f42ab17,2026-05-08T04:50:31+00:00,2026-05-28T01:51:13+00:00,3,0,0,88.1845,78.37,165.9862760,3
0x293bfebb0698ec87b7eb09e05ce2131edb1b5d33,2026-02-01T19:32:44+00:00,2026-02-04T12:29:12+00:00,2,30.0,30.0,0,0,1.1400,2
0x293ff04a3879e40278790a52027adcdf420728c1,2026-05-23T06:01:48+00:00,2026-05-23T09:20:21+00:00,2,0,0,163.3265,163.32,325.8298870,2
0x29412927729808cac3d26c2525c98aa9fde8dad2,2026-03-26T15:50:01+00:00,2026-03-26T15:50:01+00:00,1,500.0,0,0,0,5.000,1
0x2945692ff1e73ab69d6aff1c4307ebfe39e826ed,2026-04-29T12:12:38+00:00,2026-04-29T12:12:38+00:00,1,250.0,0,0,0,1.0000,1
0x294bf7b3f97b182f9222f1cf5efe59169b75735a,2026-05-12T22:16:08+00:00,2026-05-13T05:07:32+00:00,2,0,0,2035.07,2035.07,4059.96465,2
0x294c76af9bf0685734b585d45fb876e0cd358fe3,2026-04-19T13:35:42+00:00,2026-04-25T09:41:02+00:00,4,0,0,611.851733,611.85,1218.245565001,4
0x2956e2628ce13a7bb1b45c3c763161cb7449e596,2026-06-02T01:33:22+00:00,2026-06-02T01:33:51+00:00,4,0,0,5.534,5.53,11.047406,4
0x29585d069fe4e9a02d76d8ebaecc944bf9d007f7,2026-04-06T13:52:41+00:00,2026-04-06T14:08:57+00:00,2,0,0,59.194285,59.19,117.4964049990805715,2
0x2962be0d98e053ffe7ee160b1d4d32dc9bb88b90,2026-05-19T00:52:34+00:00,2026-05-19T00:52:34+00:00,1,0,0,6.012,0,5.999976,1
0x29651e77800f6180df1259c6121ad7f4de9c8bb9,2026-05-03T01:43:32+00:00,2026-05-03T03:13:36+00:00,2,0,0,1027.78,1027.78,2048.36554,2
0x29760bf2d21505a1f0799e587de0f324d3c1a6d2,2026-05-10T06:00:08+00:00,2026-05-10T07:18:55+00:00,2,0,0,961.05,961.05,1915.37265,2
0x2992b8a5a625dc9c405d78f05dd7ea294f3a301f,2026-02-11T21:32:33+00:00,2026-02-11T21:32:33+00:00,1,52.631577,0,0,0,0.9999989998421409,1
0x2998184057f112e46aab43b1d3c73b8d0056e495,2026-04-24T15:12:54+00:00,2026-05-27T13:16:40+00:00,4,0,0,91.581,91.58,182.546373,4
0x29b4b47fe6cd241091e9118d55d367d232cdbb87,2026-05-20T00:57:57+00:00,2026-05-20T00:57:57+00:00,1,0,0,6.012,0,5.999976,1
0x29cc5aa44cf345b813166c67342d8d1c8bba95a9,2026-05-11T07:50:41+00:00,2026-05-11T18:39:11+00:00,2,0,0,110.330666,110.33,219.998684002,2
0x29cf1696d6ebc46a4d557807787203bb146e2d4c,2026-05-09T06:26:29+00:00,2026-05-09T07:49:01+00:00,2,0,0,1584.14,1584.14,3157.19102,2
0x29d29897bbcb1b5e4a08069c103bf7b5d18622f9,2026-06-02T07:38:16+00:00,2026-06-02T07:38:16+00:00,1,0,0,1.271,0,1.269729,1
0x29dc5e76e6c2551b8b259bbae387d233994c24e6,2026-05-27T08:49:37+00:00,2026-05-27T08:49:37+00:00,1,0,0,316.703,0,316.069594,1
0x29e0b205bd64877081f49d8ecc8897867bcdbb97,2026-05-17T07:07:43+00:00,2026-06-07T06:19:40+00:00,3,13333.333332,0,0,0,19.9999979960000008,3
0x29e4824a8bea6bc90fc1d7f5939a67f80a1d16a6,2026-06-01T15:02:47+00:00,2026-06-04T08:59:07+00:00,2,500.0,500.0,0,0,1.5000,2
0x29ed42744a89b739ecca37e216edba808bfb010d,2026-05-27T13:41:40+00:00,2026-05-27T13:41:40+00:00,1,0,0,22.9155,0,22.8696690,1
0x29fac88a5444d642bd3515ad8837505397d74228,2026-05-02T05:07:36+00:00,2026-05-02T07:17:20+00:00,2,0,0,147.873333,147.87,294.708233001,2
0x2a15150f54042210c7cf2f072e3d13668bfda814,2026-05-24T11:46:41+00:00,2026-05-24T14:28:13+00:00,2,0,0,10.02,10.02,19.98990,2
0x2a1c78482f41f3607e30c47ed0c9d2c3747e1b58,2026-04-24T03:49:30+00:00,2026-04-24T06:00:32+00:00,2,0,0,65.205333,65.2,129.948917001,2
0x2a21c234b5ddf7a0901f7e689a94f8f9323eb7ca,2026-05-06T04:02:26+00:00,2026-05-06T05:08:22+00:00,2,0,0,71.424,71.42,142.344048,2
0x2a25f7cbf3fc823e315c31602d2eccab85788055,2026-04-06T05:01:07+00:00,2026-04-20T05:34:06+00:00,35,0,1067.88,99.93,0,105.58166,35
0x2a31b3715f30121d7f0dd63f2fd6cd719496e061,2026-05-23T03:09:43+00:00,2026-05-23T03:09:43+00:00,1,0,0,22.585,0,22.539830,1
0x2a31f46af096240ea2517fce533d4f92594fccea,2026-05-18T04:14:16+00:00,2026-05-18T06:11:59+00:00,2,0,0,62.124,62.12,123.933392,2
0x2a360bdb0c0fa3d962c3096e2a124fca3c7c2413,2026-05-26T18:17:46+00:00,2026-05-26T18:17:46+00:00,1,0,0,14.8995,0,14.8697010,1
0x2a42247fde54a15ed2d074669764c46f2f8a9044,2026-05-07T06:15:10+00:00,2026-05-07T17:39:32+00:00,2,0,0,50.5,50.5,100.5960,2
0x2a5800cc5fb390419e20d7e108ce79dd1fd8ba6e,2026-05-17T13:13:12+00:00,2026-05-17T18:02:25+00:00,2,0,0,94.188,94.18,187.897084,2
0x2a62395699b57f123ac92f3c66a02ce010227051,2026-05-14T23:00:43+00:00,2026-05-21T03:07:55+00:00,2,0,0,10.0,10.0,19.9500,2
0x2a74fe24eac31f73efcd286a0c4534bf4e410480,2026-06-04T00:21:48+00:00,2026-06-04T00:21:48+00:00,1,0,0,6.076,0,6.069924,1
0x2a83f44e99fdf9fdc93161a67d2249f18bb44806,2026-05-22T11:27:12+00:00,2026-05-22T11:27:12+00:00,1,0,0,230.18,0,229.71964,1
0x2a8b77177c1bd8a26e00d98d1fb6bb35a2ab4484,2026-05-11T15:18:57+00:00,2026-05-11T15:18:57+00:00,1,1250.0,0,0,0,5.0000,1
0x2a9727b8307b717ed55b6587b1970728481fb884,2026-05-08T04:23:39+00:00,2026-05-08T05:06:20+00:00,2,0,0,63.259666,63.25,126.066887002,2
0x2aa7c7f8266dc654dc82ca14425391a9c82ace80,2026-05-28T08:09:55+00:00,2026-05-28T08:17:58+00:00,2,0,0,104.8095,104.8,209.0854810,2
0x2aa8d0d9c417b96c07881f853507706ac719e772,2026-05-24T11:34:33+00:00,2026-05-24T11:34:33+00:00,1,0,0,10.0,0,9.9800,1
0x2abd0813e9f6bca5016d2b8365bcca90a2db5cb5,2026-05-04T07:25:24+00:00,2026-05-04T10:02:24+00:00,2,0,0,2118.355,2118.35,4221.876535,2
0x2abf15a497c2e8ff0b530c8c252d96a1475d42f5,2026-05-19T09:18:44+00:00,2026-05-19T13:34:14+00:00,2,0,0,1475.79,1475.79,2944.20105,2
0x2ac8cd99eb52e9a900a13014d5c4381f0d23d07d,2026-05-13T20:35:37+00:00,2026-05-15T02:49:21+00:00,2,0,0,250.501,250.5,499.748498,2
0x2adc49d26f66e3a8ccb3ec0def73c0a941a944aa,2026-04-18T06:32:20+00:00,2026-04-18T09:49:18+00:00,2,0,0,59.3266,59.32,117.9940470,2
0x2ae957d9ceebd979a0d948e7d49a94803e2d0b05,2026-04-24T03:51:30+00:00,2026-05-19T10:38:44+00:00,5,0,0,393.724499,307.75,699.148297003,5
0x2aea9fefcf9fdd44d6d15fc89a3220fe0e9a68de,2026-05-14T14:58:14+00:00,2026-05-14T15:09:42+00:00,2,0,0,9.018,9.01,17.982934,2
0x2aed2d57bde02ca2f081f457a42b0c3bfc1f0d3c,2026-05-11T13:23:24+00:00,2026-05-11T20:24:56+00:00,2,0,0,98.294666,98.29,195.994912002,2
0x2af254299a0b975575636a98e3314dd268427c10,2026-03-12T19:10:45+00:00,2026-03-12T19:10:45+00:00,1,8.0,0,0,0,0.0960,1
0x2af353d1aa15e91553b0c2b9b2441f4313637246,2026-03-27T06:03:17+00:00,2026-04-05T04:38:49+00:00,2,90.909089,90.9,0,0,1.6362989971818388,2
0x2af9f097ff2fbd96057a34e7cd6c356d096fdd8f,2026-05-13T21:28:39+00:00,2026-05-14T03:25:19+00:00,2,0,0,83.166,83.16,165.910188,2
0x2b2998842ad22e9883975b890bd925e516ad282c,2026-05-25T04:06:36+00:00,2026-05-25T05:42:51+00:00,2,0,0,269.539,269.53,537.721332,2
0x2b2fb77e5e026ab3fa0527f4d92cfa21146372d3,2026-04-21T06:43:50+00:00,2026-05-22T11:07:34+00:00,4,0,0,62.8942,62.89,125.1525090,4
0x2b33b8ff50f51faea509d82ac94ed89fef02f619,2026-03-04T03:03:07+00:00,2026-03-04T09:27:23+00:00,2,0,0,104.99,104.99,207.88020,2
0x2b388dc4ed4aee6034735954b0507dfa1d470550,2026-04-30T00:00:30+00:00,2026-04-30T00:29:40+00:00,2,0,0,9020.0,9020.0,17976.8600,2
0x2b4679a90f0a508b8066184aa3071921d579687a,2026-05-07T06:32:46+00:00,2026-05-07T18:25:09+00:00,2,0,0,79.51,79.51,158.38392,2
0x2b5920274740ca61745eeb077587bf5bb4ff9db6,2026-04-29T06:32:00+00:00,2026-05-17T23:57:50+00:00,178,0,22986.37,18816.62,0,18818.05143,178
0x2b5b173de8685519893e5d03529dcf35be5ba130,2026-05-13T19:56:04+00:00,2026-05-21T13:05:51+00:00,2,0,0,8.9175,8.91,17.7829350,2
0x2b5c8abff5541f9def8308c415758442b1402a93,2026-04-30T02:44:02+00:00,2026-05-01T01:00:36+00:00,2,255.0,255.0,0,0,1.7850,2
0x2b6a9ce20e2249b948bfca4e09dc31be973275f5,2026-05-31T04:52:15+00:00,2026-05-31T04:52:15+00:00,1,0,0,10.81,0,10.79919,1
0x2b6ca03a74f07f96acd3332a5da0deb0cfa76f3b,2026-05-17T08:01:10+00:00,2026-05-17T08:01:10+00:00,1,0,0,10.0,0,9.9800,1
0x2b72744055c9ad632f53f4cdf818fff2bc742f21,2026-05-06T16:07:44+00:00,2026-05-14T06:41:07+00:00,4,0,0,611.143333,611.14,1218.624702001,4
0x2b801d3f74c04d10372d40ec85d5cf5732cc5290,2026-05-08T07:06:42+00:00,2026-05-08T09:56:16+00:00,2,0,0,59.277666,59.27,118.132753002,2
0x2b89e4af4cecd6981ee4095fa8e29a7acb36eb2c,2026-05-19T16:47:56+00:00,2026-05-19T16:47:56+00:00,1,0,0,18.7675,0,18.7299650,1
0x2b960c30d9b0f0c49768f3177dfe5f5420c47402,2026-05-14T03:57:40+00:00,2026-05-15T22:50:24+00:00,2,0,0,93.186,93.18,185.900088,2
0x2ba89b4eb82359626d29690401547199de840a47,2026-05-11T01:45:35+00:00,2026-05-25T08:05:29+00:00,2,0,0,35.887333,35.88,71.552031001,2
0x2bc05ee833d81417a4fd7d1ab7ae532f44cbeb76,2026-05-06T10:33:08+00:00,2026-05-06T12:11:58+00:00,2,0,0,59.157333,59.15,117.893261001,2
0x2bc88fa5374d77bf51e44c6b91afa27b8b2fdfe0,2026-05-17T15:03:25+00:00,2026-05-17T18:09:53+00:00,2,0,0,181.4825,181.48,362.0550950,2
0x2bca2cec6a36f759497c040eea9caae0bb2c6a9e,2026-05-17T10:39:29+00:00,2026-05-17T10:39:29+00:00,1,0,0,5.0,0,4.9900,1
0x2bd487cbecdbf1bc3c2964ee097d289b21203ba9,2026-04-30T10:52:54+00:00,2026-05-01T12:43:36+00:00,2,0,0,88.264666,88.26,175.906832002,2
0x2be03669922108bf3e49fb41724aa36e2e0033db,2026-05-15T09:51:53+00:00,2026-05-25T10:17:24+00:00,2,0,0,55.0,55.0,109.7250,2
0x2bf7bbaf6e5ea490a26ffba837078c636699f162,2026-06-02T17:18:53+00:00,2026-06-02T17:18:53+00:00,1,0,0,1.201,0,1.199799,1
0x2bf9f5a8e5661423aa53950ddf43326d25a54918,2026-05-07T19:02:54+00:00,2026-05-07T22:52:05+00:00,2,0,0,87.853333,87.85,175.088373001,2
0x2c00870423db7f0aed33ff8579b05f0ca94e4dc5,2026-06-04T18:19:55+00:00,2026-06-04T18:19:55+00:00,1,0,0,25.0,0,24.9750,1
0x2c04fd45c96007f4a95685c1486b002d3901435a,2026-04-30T07:57:12+00:00,2026-04-30T11:10:34+00:00,2,0,0,46.613,46.61,92.943334,2
0x2c13494a497b255f9ad7f0bf7991d8f8b275ae28,2026-05-30T15:59:04+00:00,2026-05-31T07:37:53+00:00,2,0,0,13.013,13.01,25.983967,2
0x2c19944c6bd9b501f23a514067b3023e93be9703,2026-05-08T08:03:41+00:00,2026-05-08T08:15:14+00:00,2,0,0,8.024,8.02,15.987848,2
0x2c3233627c6a0e593b9dc536903a1a98d33b85cc,2026-05-03T07:54:14+00:00,2026-05-26T12:41:23+00:00,3,0,0,179.172833,154.8,332.840483001,3
0x2c3d971b6fce552304d839b3bc3537ea386ab2f3,2026-05-20T03:42:08+00:00,2026-05-20T05:56:39+00:00,2,0,0,13.206,13.2,26.339988,2
0x2c54bfe84027a275dc080dc2b4a200d9ce1c650b,2026-04-30T15:55:42+00:00,2026-04-30T15:55:42+00:00,1,0,0,10.03,0,9.99991,1
0x2c5aaf37698b77676457aaaa598f322ca1ccfb5d,2026-05-18T05:34:01+00:00,2026-05-18T05:34:01+00:00,1,0,0,178.0,0,177.6440,1
0x2c5ff623d63f47af0e85ac490929004c29c6fadc,2026-05-15T14:39:39+00:00,2026-05-15T15:00:47+00:00,2,0,0,970.4605,970.46,1936.0681990,2
0x2c6e0059abfdec5b80f01500ade08f46d9d504e6,2026-04-30T11:50:16+00:00,2026-05-08T08:58:10+00:00,4,0,0,95.586332,95.58,190.497253004,4
0x2c70a080a3dc28c946e0990fbb24250e99622fbf,2026-06-04T00:21:13+00:00,2026-06-04T00:21:13+00:00,1,0,0,7.117,0,7.109883,1
0x2c743b52e9d518af9a1340a1660ccdd987606173,2026-05-26T14:27:12+00:00,2026-05-26T14:27:12+00:00,1,0,1.7,0,0,0.0034,1
0x2c748b78161ccd2b533e23d2ec6b243650e08702,2026-05-08T11:32:47+00:00,2026-05-08T12:46:03+00:00,2,0,0,42.276666,42.27,84.250756002,2
0x2c7838acef26efee3354581f602934a6cfe3adf3,2026-05-13T14:33:47+00:00,2026-05-19T17:34:58+00:00,22,0,0,13.1745,13.15,26.2587010,22
0x2c8272d06eb3d26939ff5e32fac10db21f512dfb,2026-05-08T05:40:45+00:00,2026-05-08T06:39:38+00:00,2,0,0,46.489333,46.48,92.643945001,2
0x2c860606c9bd4bfdf2563d22b827ac43b6f872db,2026-05-08T01:17:47+00:00,2026-05-24T10:39:40+00:00,4,0,0,81.442,81.44,162.336048,4
0x2c9aa74fccadc0d725b246397abce1c04b424bcd,2026-05-13T05:17:01+00:00,2026-05-13T08:50:24+00:00,2,0,0,52.104,52.1,103.943492,2
0x2c9bf85e70c8040331355c7aa684adfa17107a04,2026-05-15T17:33:53+00:00,2026-05-17T17:51:01+00:00,2,10000.0,10000.0,0,0,50.0000,2
0x2ca5b67a6a8db3c1c9ed6520e58f2bfea2375b2c,2026-05-03T03:40:14+00:00,2026-05-04T04:56:52+00:00,2,0,0,976.42,976.42,1946.00506,2
0x2cad4c4b87e6ed678e45dc6d2721563f1ad00dcf,2026-05-17T00:12:02+00:00,2026-05-17T00:12:02+00:00,1,0,0,6.012,0,5.999976,1
0x2cb6976c324661ebdf385310b5c34e1bdbdf5b50,2026-02-05T04:04:27+00:00,2026-02-05T04:05:27+00:00,3,0,0,21.66,21.66,42.54024,3
0x2cc389b40117cb71ef141edb9fcd0fdcf1f40d4d,2026-06-03T14:49:25+00:00,2026-06-03T14:49:25+00:00,1,0,0,11.011,0,10.999989,1
0x2cc5b0006dfe9bb253b517e9f53cd024ef779f09,2026-04-25T14:50:32+00:00,2026-04-25T18:07:12+00:00,2,0,0,110.972666,110.97,221.165868002,2
0x2ccafbcc870e33945bb36cd8cd3e08e0ed192970,2026-05-27T08:40:28+00:00,2026-05-27T12:18:52+00:00,2,0,0,8940.0,8940.0,17835.3000,2
0x2cef36cf6f43a8a86adcdc922e00baac1d2ecf57,2026-05-27T08:14:46+00:00,2026-05-27T08:14:46+00:00,1,0,0,43.046,0,42.959908,1
0x2cf654ec64b317b34dc8e8d0a85bc6644b0f81af,2026-05-20T16:33:34+00:00,2026-05-20T16:33:34+00:00,1,0,0,30.8015,0,30.7398970,1
0x2d0ad362313d552ea789218740e7d509a71ea3b9,2026-05-05T00:20:16+00:00,2026-05-05T00:20:16+00:00,1,2500.0,0,0,0,10.0000,1
0x2d0e01efb2ce8989c16e45260c9688489422178f,2026-05-13T08:31:25+00:00,2026-05-13T21:56:58+00:00,2,0,0,54.108,54.1,107.937484,2
0x2d0f081a51b8acffc213ebad8f5c0beb1d6fbe15,2026-05-04T06:41:42+00:00,2026-05-04T06:41:42+00:00,1,0,0,38.284666,0,38.1698119981715334,1
0x2d15533b21a7ed459ec9f88720d7a5cb86c145d7,2026-05-08T04:14:07+00:00,2026-05-08T05:12:34+00:00,2,0,0,62.988666,62.98,125.527780002,2
0x2d1a65179f2668b0c1a5f0836ca190a649575c0b,2026-04-25T03:57:42+00:00,2026-04-25T03:57:42+00:00,1,1250.0,0,0,0,5.0000,1
0x2d2664862959a129029bc0c48df81d1b602f1810,2026-05-24T11:48:53+00:00,2026-05-24T11:48:53+00:00,1,0,0,10.0,0,9.9800,1
0x2d274e6bffb78ab4b64fc1e00a59ee47b5e68cc0,2026-04-18T04:30:42+00:00,2026-04-18T04:30:42+00:00,1,0,0,252.1,0,250.8395,1
0x2d2b24cd9b2b4f0be2d64f8e14f854c6dcd2e0fa,2026-05-10T20:09:45+00:00,2026-05-11T03:00:50+00:00,2,0,0,44.132333,44.13,87.953416001,2
0x2d362701d6d5b40fc4461ea6f9a2b9846f2e576e,2026-06-04T08:28:13+00:00,2026-06-04T08:28:13+00:00,1,0,0,505.0,0,504.4950,1
0x2d45f829ad35685522abee4e349601d95bbbbb83,2026-05-15T09:43:55+00:00,2026-05-15T09:55:27+00:00,2,0,0,941.8835,941.88,1879.0540930,2
0x2d622937a38f774c8a564c7260fafc5488fd940b,2026-06-06T12:49:42+00:00,2026-06-06T12:49:42+00:00,1,0,0,85.0,0,84.9150,1
0x2d6ae3e0fc48722c653643b148d3079ed7cf32f8,2026-05-22T22:18:40+00:00,2026-05-23T00:34:46+00:00,2,0,0,45.541,45.54,90.853298,2
0x2d6c333c875b887a1b5ba26f2b7142fdd50447a9,2026-05-25T08:40:27+00:00,2026-05-26T20:23:05+00:00,2,0,0,70.14,70.14,139.92930,2
0x2d7373a91bede056f50460f38bb34bf26a3067a2,2026-05-25T05:29:28+00:00,2026-05-25T06:36:07+00:00,2,0,0,20.9515,20.95,41.7967470,2
0x2d813479a9573d3d28ccd4fcfdb562796ab42aae,2026-06-02T21:32:57+00:00,2026-06-02T21:33:29+00:00,6,0,0,15.235,15.23,30.419305,6
0x2d85f42bb51993d8f496c7df94d09b796fdcbd02,2026-05-28T05:52:46+00:00,2026-05-28T09:35:45+00:00,2,0,0,14.539,14.53,28.996332,2
0x2d945a7613f80e8979daf493a96b6152244fbcee,2026-05-27T09:00:23+00:00,2026-05-27T09:00:23+00:00,1,0,0,426.4525,0,425.5995950,1
0x2d98a5d0321dda6cf0342585cc76e94e1b79c8dd,2026-01-29T12:01:58+00:00,2026-01-30T20:37:02+00:00,2,60.588234,60.58,0,0,2.5144999986995998,2
0x2d9e955775766608449f05278e70cc972316f33d,2026-05-14T23:37:15+00:00,2026-05-15T11:13:21+00:00,3,0,0,8922.104,8920.0,17797.499792,3
0x2daef0cb93a9c632fab26819ea8739fb50fe63e0,2026-05-21T13:41:32+00:00,2026-06-07T21:40:18+00:00,2,0,0,1.3425,1.34,2.6784750,2
0x2db342e5b67c3c70c193b75bfa795c8f67d2ad7e,2026-05-07T12:12:31+00:00,2026-05-07T13:18:40+00:00,2,0,0,69.107,69.1,137.723279,2
0x2dbec52ad28f554c3c5971bc917ff513ad77660a,2026-06-04T10:52:19+00:00,2026-06-04T10:52:34+00:00,4,0,0,10.160,10.16,20.289520,4
0x2dcf38f0cfed498ff23e4592a89faec3f753d05c,2026-05-20T02:47:01+00:00,2026-05-20T02:47:48+00:00,2,0,41.0,0,41.0,40.9590,2
0x2ddf1fb62d841a9f4a305f2c191366906ce2d8c4,2026-05-12T09:05:17+00:00,2026-05-19T16:00:14+00:00,6,0,0,2686.3065,2686.30,5359.1749870,6
0x2deea9c9e17dc18a2d41468bab18f33561788780,2026-05-22T16:01:06+00:00,2026-05-22T16:01:06+00:00,1,0,0,155.9215,0,155.6096570,1
0x2df7e3e0843b8fe2aa4ca32e09131dd2b56038de,2026-05-23T12:30:48+00:00,2026-05-25T11:06:47+00:00,2,0,0,70.0,70.0,139.6500,2
0x2dff1da95c63b1c8287f549166ba5b280bd5013c,2026-05-15T20:03:36+00:00,2026-05-15T20:03:36+00:00,1,0,0,20.04,0,19.99992,1
0x2e086784d7e2940cca6c695f019fd68d0e059f65,2026-05-06T04:00:12+00:00,2026-05-06T06:57:00+00:00,2,0,0,44.162333,44.16,88.013206001,2
0x2e0f3b0fbafb2c5322850ff388d3a4fb08da633e,2026-05-07T19:56:37+00:00,2026-05-07T20:12:08+00:00,2,0,0,7.021,7.02,13.991857,2
0x2e13287af43b315d1ec579640406b31b555fcab0,2026-05-28T06:21:58+00:00,2026-05-28T06:21:58+00:00,1,0,0,58.116,0,57.999768,1
0x2e1732e7e69fa5952837a447f466134f284eb9ec,2026-05-09T20:31:00+00:00,2026-05-10T17:09:48+00:00,2,0,0,204.613666,204.61,407.791385002,2
0x2e1a316757d1d52806d9afc8ffd4805bab306fc8,2026-05-28T02:29:39+00:00,2026-05-28T04:01:53+00:00,2,0,0,10.02,10.02,19.98990,2
0x2e27237b7ecd8b4492e002831ef9e5e756005f40,2026-04-25T03:27:46+00:00,2026-04-25T04:22:16+00:00,2,0,0,245.867333,245.86,490.006291001,2
0x2e2c68f9d877d853ed7f5e29dac4ebfad17a7531,2026-05-20T09:11:48+00:00,2026-05-20T09:12:20+00:00,2,0,33.0,0,33.0,32.9670,2
0x2e2d86af48702956e9f74e697b64826b3b4dbf3c,2026-03-17T22:16:21+00:00,2026-03-17T22:16:21+00:00,1,166.666666,0,0,0,1.999999992,1
0x2e34f5d66d28b0acfcece24f40daecd22ca8eaa2,2026-05-20T20:30:57+00:00,2026-05-21T08:50:00+00:00,2,0,0,103.206,103.2,205.889988,2
0x2e3b59c9254b9ac9c4d45d537f7d270aea01baee,2026-03-23T12:22:01+00:00,2026-03-23T12:22:01+00:00,1,0,0,1.510571,0,1.499996999978858,1
0x2e4472e8c03407d3198c02c26988ea11284173c1,2026-05-23T12:58:18+00:00,2026-05-23T12:58:18+00:00,1,0,0,15.0,0,14.9700,1
0x2e5e5e5efe11ef134303be9d31bd27de878d205d,2026-05-16T00:50:04+00:00,2026-05-16T07:05:32+00:00,2,0,0,164.3285,164.32,327.8268830,2
0x2e794113d1b6e76fe076629c7a71ae5e0dddd4e0,2026-05-20T18:03:34+00:00,2026-05-21T05:54:36+00:00,2,0,0,94.188,94.18,187.897084,2
0x2e89227b97fa9b82bd6739f9f30ae0b015ffbd11,2026-05-04T22:16:52+00:00,2026-05-04T22:16:52+00:00,1,0,0,2.808333,0,2.7999079998766668,1
0x2e8a28409767ad8029eddff28edb190782bc7630,2026-05-20T14:11:47+00:00,2026-05-20T19:38:01+00:00,2,0,0,1.503,1.5,2.995494,2
0x2e9477e80ec0555d5ee8d5d69592abda51d220b2,2026-05-26T12:27:58+00:00,2026-05-26T12:27:58+00:00,1,0,0,299.058,0,298.459884,1
0x2e9e3b42be4376e92fb6496e1b31b42c0fed867e,2026-05-19T09:35:02+00:00,2026-05-19T09:35:02+00:00,1,0,0,24.719,0,24.669562,1
0x2ea9443151b4d1ff292c96d7618c5141584a6d3c,2026-05-22T21:56:06+00:00,2026-05-22T23:41:44+00:00,2,0,0,10.14,10.14,20.22930,2
0x2ebc0765e0b42f68c0d19f94e80f8c3f36eeb5a3,2026-05-16T06:41:23+00:00,2026-05-16T06:41:23+00:00,1,0,0,5.01,0,4.99998,1
0x2ed34d4e935532502ddd35bfc858e7f1bc74933d,2026-04-25T16:53:46+00:00,2026-05-26T04:07:37+00:00,4,0,0,161.003333,161.00,320.914701001,4
0x2ed5fdd789e4e7925f74a84c32d33b9a1e62e533,2026-03-11T12:29:47+00:00,2026-03-19T18:32:09+00:00,2,107.14,107.14,0,0,2.24994,2
0x2ed732f17048f627b3c618806a6f0d867d5d9f36,2026-04-21T15:14:54+00:00,2026-04-21T15:14:54+00:00,1,0,0,40.76,0,40.55620,1
0x2ed8f7a10686dbb0fb15f5c3335f30e0043793d4,2026-01-30T17:10:30+00:00,2026-02-23T12:22:44+00:00,2,0,0,4.98,4.98,9.51678,2
0x2ee7488375b41a1da32bff295cc419692b2d55a5,2026-05-19T09:57:33+00:00,2026-05-25T14:24:39+00:00,2,0,0,194.3885,194.38,387.7965830,2
0x2f0795e241103c7d558c7213b7de64c6ce8e1abd,2026-04-22T15:25:54+00:00,2026-04-22T16:42:38+00:00,2,0,0,67.3668,67.36,133.9858060,2
0x2f0969b27bfb6ccb76c3da78ef52e3f7084918ec,2026-05-31T09:06:29+00:00,2026-05-31T10:25:11+00:00,2,0,0,14.014,14.01,27.981966,2
0x2f15a693eec5dd0f4e3acbd2f230b4a3a0a9a829,2026-05-27T06:49:43+00:00,2026-05-27T10:03:49+00:00,2,0,0,10.02,10.02,19.98990,2
0x2f435ad8e6d3475baf1bce17231eca48ddcb8be2,2026-05-10T04:52:00+00:00,2026-05-10T06:58:12+00:00,2,0,0,1035.24,1035.24,2063.23332,2
0x2f4695864f7873c68a02eb15d6bdd2823c9a6485,2026-05-26T06:59:31+00:00,2026-06-12T10:18:30+00:00,2,0,0,10.0,10.0,19.9600,2
0x2f5748fb3cd08ef90ff89a34e7a981c5d1311abc,2026-05-05T08:39:12+00:00,2026-05-06T04:53:32+00:00,2,0,0,2035.105,2035.1,4055.959285,2
0x2f62b9d69a0e224528b1a15c244ad8d614eba98a,2026-06-02T06:30:36+00:00,2026-06-02T06:33:36+00:00,2,0,0,106.106,106.1,211.887694,2
0x2f7dfa55aa33e31ec0f31246f9d86f50b99cb59a,2026-05-08T02:52:18+00:00,2026-05-08T02:55:26+00:00,2,0,0,17.051,17.05,33.981647,2
0x2f8b717b0f086b7beed1d5b487ba351925202f17,2026-05-03T03:40:08+00:00,2026-05-04T04:56:40+00:00,2,0,0,915.19,915.19,1823.97367,2
0x2f90c79008a9cadbfea729b4eb2277959cfd049b,2026-04-19T14:27:02+00:00,2026-04-19T15:30:14+00:00,2,0,0,28.402,28.4,56.489590,2
0x2f96ecae6871e4d71086eac53471aefd6bc36599,2026-05-07T08:17:23+00:00,2026-05-07T12:42:04+00:00,2,0,0,2011.033,2011.03,4007.985781,2
0x2f99b199e8881699e65c6ced304801c93ceff207,2026-04-16T15:45:34+00:00,2026-04-19T04:48:54+00:00,2,176.8,176.8,0,0,2.1216,2
0x2fa801da750904fc348ccb9315a0b892377d4359,2026-06-05T00:07:19+00:00,2026-06-09T17:59:22+00:00,4,10.16,10.16,0,0,0.02032,4
0x2fab075b5786e79d0afe54cd14f197801151d73c,2026-06-06T02:38:37+00:00,2026-06-06T02:39:27+00:00,2,21000.0,0,0,0,21.0000,2
0x2fb091f9d0004b247ab308626219c5f7822b815a,2026-05-22T10:15:15+00:00,2026-05-22T10:15:15+00:00,1,0,0,12.024,0,11.999952,1
0x2fb630bc1c2f8b421431f3653b3c8bd1af2cd7ed,2026-04-20T01:53:50+00:00,2026-04-20T03:50:20+00:00,2,0,0,58.4924,58.49,116.3389980,2
0x2fb88078ac5df63e039b774a28bc87c6d586d4a0,2026-06-11T00:05:21+00:00,2026-06-11T00:05:21+00:00,1,1000.0,0,0,0,1.0000,1
0x2fbcb6602a7fc99bb341ade2fbb270205fbce567,2026-05-22T12:20:33+00:00,2026-05-22T23:27:16+00:00,2,0,0,8932.0,8932.0,17819.3400,2
0x2fc46229b551c248635ff50edc1f005168a99619,2026-04-24T16:36:14+00:00,2026-04-24T16:36:14+00:00,1,250.0,0,0,0,1.0000,1
0x2fc7ffe0bf47022774e111105356c7d23b2b70a0,2026-05-06T07:49:58+00:00,2026-05-06T07:49:58+00:00,1,0,0,3.299666,0,3.2897670000202004,1
0x2fcaae3b888a7a9700508ba755c7bf02c65cfbd3,2026-05-27T10:54:47+00:00,2026-05-27T12:24:47+00:00,2,0,0,19.659,19.65,39.210732,2
0x2fcce532cf06518733904fc84897fd68e764115a,2026-05-02T11:34:30+00:00,2026-05-02T12:39:50+00:00,2,0,0,201.735,201.73,402.052875,2
0x2fd8c93a5ecf22c107c4398f34a9299859a2d2a3,2026-05-07T05:10:22+00:00,2026-05-07T06:45:29+00:00,2,0,0,83.831333,83.83,167.074519001,2
0x2fdb7b743f1535b4bb1b89e9640fc5b47aa3fae0,2026-05-10T09:43:03+00:00,2026-05-10T14:59:04+00:00,2,0,0,44.132333,44.13,87.953416001,2
0x2fdbe925e2385a12a95f83627c27cff91d84253d,2026-05-22T11:49:31+00:00,2026-05-22T11:50:39+00:00,2,0,0,28.056,28.05,55.965738,2
0x2fe727db6aaa00b13cbb6741f07044317b8142c1,2026-03-19T02:58:55+00:00,2026-03-24T01:03:03+00:00,4,20.0,20.0,0,0,0.3300,4
0x2ffd0246b00e18223db579395ac84f423cdfe33d,2026-05-26T10:42:02+00:00,2026-05-26T10:45:58+00:00,2,0,0,104.108,104.1,207.687484,2
0x30016781bdd28fd226371ce324988bd1abd496fe,2026-04-26T06:27:56+00:00,2026-04-26T07:30:08+00:00,2,0,0,107.843333,107.84,214.928443001,2
0x3005b8d922450ba5cf871c720da96268d4fae3ae,2026-04-14T07:40:27+00:00,2026-04-14T20:49:08+00:00,2,0,0,85.71,85.71,170.22006,2
0x3015100cfb0bcb4a62bed19d54cf154ed674cc98,2026-04-23T18:54:26+00:00,2026-04-23T19:52:14+00:00,2,0,0,83.921666,83.92,167.254221002,2
0x30288c7fb493fb3116af43c7000982c9e1eb9ee0,2026-04-24T11:22:36+00:00,2026-04-24T12:28:18+00:00,2,0,0,127.652666,127.65,254.409108002,2
0x3034d502afde1e1912edfd50a2a8a32cc44bdb5c,2026-05-28T03:47:49+00:00,2026-05-28T06:03:44+00:00,2,0,0,31.653,31.65,63.144744,2
0x3037d700ee0f1bb7ce0119b62f89dba945722ae9,2026-05-11T14:20:55+00:00,2026-05-13T08:24:05+00:00,2,0,0,36.108,36.1,71.991376,2
0x30598d8aa6f982e9de857ab4bbbdb355a28e88a9,2026-05-23T13:40:59+00:00,2026-05-23T13:40:59+00:00,1,0,0,159.599,0,159.279802,1
0x305a849ebf6a4619dd8aaddacc47ad189c374e61,2026-05-19T00:43:13+00:00,2026-05-19T00:43:13+00:00,1,0,0,6.012,0,5.999976,1
0x306bb4255b988ae27f1dc1fa4d1e0385de96b757,2026-04-09T08:39:57+00:00,2026-04-11T19:27:21+00:00,2,182.46,182.46,0,0,2.37198,2
0x30708748118c458c010cd265ff5f4bde56d8f71f,2026-05-20T09:28:28+00:00,2026-05-20T09:28:28+00:00,1,0,0,46.9135,0,46.8196730,1
0x307b13e725573e6533e1e96b2083068d7060db96,2026-05-26T22:00:40+00:00,2026-05-26T22:00:40+00:00,1,0,0,24.9295,0,24.8796410,1
0x3087a321906853a30fc6c0cf3c303cda9983b896,2026-05-14T03:48:31+00:00,2026-05-24T10:36:06+00:00,2,0,0,2.004,2.0,3.993992,2
0x308c763ca61baaff250b7cd2eae39e094bc6f4bb,2026-05-01T20:12:24+00:00,2026-05-27T06:29:23+00:00,3,0,0,172.586833,132.14,303.720953001,3
0x30936efdee2393b562a261b48e4034d53ad2ef27,2026-05-21T15:34:19+00:00,2026-05-22T01:36:01+00:00,2,0,0,188.3765,188.37,375.8046370,2
0x30a46569aec23df10ac61860d24db63a2db895eb,2026-05-20T02:39:17+00:00,2026-05-20T20:34:27+00:00,2,0,0,113.226,113.22,225.879888,2
0x30acc0de763b17169a197c358c77c401f5875867,2026-05-21T08:20:29+00:00,2026-05-21T08:20:29+00:00,1,0,0,10.02,0,9.99996,1
0x30ad4361ab27404243b3f37b93b4a7f3e11b7ff5,2026-04-21T10:03:52+00:00,2026-04-21T11:08:12+00:00,2,0,0,48.3014,48.3,96.0700930,2
0x30b89e099b997c01d3132065eb19ec36fab4cad4,2026-05-27T07:25:58+00:00,2026-05-27T07:25:58+00:00,1,0,0,611.2625,0,610.0399750,1
0x30cecdf29f069563ea21b8ae94492e41e53a6b2b,2026-01-22T03:32:26+00:00,2026-04-07T23:28:41+00:00,6,0,1.78,63.62,0,63.17468,6
0x30d3f731ee258d0b8c634ac0c4a2edb56f2311fd,2026-05-11T01:33:16+00:00,2026-05-11T02:57:39+00:00,2,0,0,1591.504333,1591.5,3171.863820001,2
0x30ed2e60cc7e4cd240d9cbdb5392a74e82d5338b,2026-05-11T14:31:26+00:00,2026-05-26T06:01:23+00:00,2,0,0,39.909666,39.9,79.5702369980090334,2
0x30f2849e237a572e7726a8cffac791b2d43a00ac,2026-06-02T12:36:02+00:00,2026-06-02T12:36:21+00:00,4,0,0,10.170,10.17,20.309490,4
0x31068df84bf56c0f8779b6985da697e9a5460d7c,2026-05-05T07:58:50+00:00,2026-05-05T13:27:08+00:00,2,0,0,2016.048,2016.04,4017.975696,2
0x3113840c492c798b4d689ec5c28e8f70d2b8406a,2026-04-09T12:25:13+00:00,2026-04-09T12:27:33+00:00,2,0,0,5.0,5.0,9.9350,2
0x31193c317dcb1a5b9ab33c2c5b49a0686e5c75aa,2026-05-26T19:35:45+00:00,2026-05-26T19:35:45+00:00,1,0,0,8.4665,0,8.4495670,1
0x311aa39dd17bae3c727c52393386516838bf918b,2026-05-26T09:20:11+00:00,2026-05-26T11:56:21+00:00,2,0,0,17.4645,17.46,34.8371910,2
0x312becce423a3a7582d8210bcfa0ff2a98392a3c,2026-05-14T01:59:03+00:00,2026-05-15T00:09:29+00:00,2,0,0,77.154,77.15,153.918242,2
0x312f5aeb14e6c496f0dd6e185b3b62179287b91c,2026-04-18T15:30:50+00:00,2026-04-18T15:30:50+00:00,1,0,8.0,0,0,0.0400,1
0x313255ec420348293c7730d9c2ff0e354c9230d1,2026-05-09T14:21:22+00:00,2026-05-10T00:26:49+00:00,4,0,0,13.039,13.03,25.977763,4
0x3136623566acefbe7a0bd23540912e1217028710,2026-03-25T05:54:09+00:00,2026-03-25T06:21:05+00:00,3,0,0,740.0,740.0,1463.7200,3
0x313a0c0eaaa35034b2b2bf0b08cc4358b5c48f1d,2026-05-20T06:16:54+00:00,2026-05-20T06:20:24+00:00,2,0,0,13.026,13.02,25.980888,2
0x313c94c5c38d0ca85d223e24fe884c472c9f5bf1,2026-05-22T12:49:55+00:00,2026-05-22T12:49:55+00:00,1,0,0,10.0,0,9.9800,1
0x3147cd92545c93296e790f9b02d797e517c892b7,2026-05-09T17:45:32+00:00,2026-05-10T00:49:23+00:00,2,0,0,147.442,147.44,293.849914,2
0x315ea231bf8466bf95cf41280c38f6bfaa249ee9,2026-05-08T00:12:27+00:00,2026-05-08T00:59:21+00:00,2,0,0,55.356,55.35,110.318532,2
0x317748fac98b828fbd3a18277698092820945aa4,2026-05-02T14:08:00+00:00,2026-05-02T14:08:00+00:00,1,0,0,115.747,0,115.399759,1
0x31810ed3b5021fb15c9b782eacdc87f1350f4032,2026-05-16T01:26:20+00:00,2026-05-16T01:26:20+00:00,1,0,0,6.012,0,5.999976,1
0x319db5773103db4f2e68f0cd0a4304c564de2f8f,2026-05-27T08:55:01+00:00,2026-05-31T08:24:26+00:00,2,0,0,20.04,20.04,39.99984,2
0x319efd22551e070c63fc8b4962b578083465c80b,2026-03-02T09:26:29+00:00,2026-03-02T10:55:07+00:00,2,0,0,6.0,6.0,11.8800,2
0x31a75525241eb4e4ae7734feff4f45a80cbed805,2026-05-08T00:08:50+00:00,2026-05-14T10:42:11+00:00,2,0,0,5.717,5.71,11.392719,2
0x31aa820df463007206cacffa0e92712071d4e1c9,2026-05-07T05:29:58+00:00,2026-05-24T22:49:34+00:00,3,0,0,5.010833,5.01,9.9945780000373336,3
0x31bf88f02cbab825386cfee3c9e63617fa51ae3a,2026-05-22T21:29:16+00:00,2026-05-22T21:29:16+00:00,1,0,0,30.511,0,30.449978,1
0x31c4578b25af36f34c8aa4cc85f0794bfbea622f,2026-03-11T12:29:11+00:00,2026-03-30T08:29:18+00:00,5,78.571428,72.92,0,0,1.7128499998571428,5
0x31d1f7d96e582166ef749e76f44ccad5c03181d6,2026-04-16T02:26:08+00:00,2026-05-27T12:01:11+00:00,5,0,0,839.979666,839.97,1669.150238004,5
0x31d715ace7ff2497225d40a206e628ebff5a219f,2026-04-23T01:37:50+00:00,2026-04-23T01:38:02+00:00,2,0,0,332.6632,332.66,661.6639240,2
0x31dd7dd6634dc3814ddb28c9917ac0786cf01f9f,2026-05-08T09:58:56+00:00,2026-05-14T03:28:20+00:00,8,0,0,25.066,25.06,49.968600,8
0x31de8f3c794333efdecace9ef72763cbd13d9572,2026-05-22T21:14:44+00:00,2026-05-22T21:14:44+00:00,1,0,0,40.9515,0,40.8695970,1
0x31e1bb5e508e7379fc68572aef6a51c749263b0e,2026-03-13T09:30:39+00:00,2026-03-15T08:04:41+00:00,10,83.333332,83.33,0,0,1.9999600006666664,10
0x31f5239596b2814104b6393815d78e1ce8044a18,2026-05-11T10:26:18+00:00,2026-05-11T18:48:24+00:00,2,0,0,48.144333,48.14,95.995480001,2
0x31f9feaa28ca3b0e3360ca93cab8aa0741f7fd10,2026-04-10T02:31:05+00:00,2026-05-08T12:53:45+00:00,4,251.0,251.0,0,0,3.2270,4
0x3208fe3a2dfda7b56c5cd17990fb4c124a6757a1,2026-01-31T19:59:56+00:00,2026-06-10T13:41:09+00:00,3,35263.157893,0,0,0,39.9999989933157959,3
0x3209d82067f8a4b23266d2783cb1c291cecb1b00,2026-06-02T10:42:18+00:00,2026-06-02T10:42:34+00:00,4,0,0,10.360,10.35,20.678940,4
0x3211e72fb335411cbc56a4bc9929640f0d521019,2026-05-16T19:51:11+00:00,2026-05-17T08:19:07+00:00,2,0,0,83.166,83.16,165.910188,2
0x3268d7c12c46c8ffc998db92f64125d3a4ea5b2d,2026-05-13T22:14:38+00:00,2026-05-14T01:08:30+00:00,2,0,0,87.174,87.17,173.908142,2
0x327472633c17bbbf43bff168ddf11bba16743940,2026-05-28T17:28:52+00:00,2026-06-02T16:05:56+00:00,8,0,0,187.835,187.83,375.006120,8
0x327934716dca4a6f2fc8ffaee3802fd043d23ce9,2026-04-30T06:47:56+00:00,2026-04-30T09:54:04+00:00,2,0,0,829.0,829.0,1653.8550,2
0x32854c29564962f5978fd43ea2922c11d59405ae,2026-05-11T15:57:32+00:00,2026-05-21T12:31:09+00:00,2,10000.0,10000.0,0,0,60.0000,2
0x32af0dbb207921ce816d394e0160c239ec980c73,2026-05-19T02:48:01+00:00,2026-05-19T02:48:01+00:00,1,0,0,67.585,0,67.449830,1
0x32ccb6d9b18f96793246ef0edc5af2f806f28ce2,2026-05-30T12:47:47+00:00,2026-06-04T14:31:55+00:00,2,0,0,138.038,138.03,275.653902,2
0x32d9a618b79e79a3102df0b22179bd9585b79c28,2026-05-23T23:22:04+00:00,2026-05-24T13:00:31+00:00,2,0,0,327.655,327.65,653.666740,2
0x32e3460894182dd28d9b8ee0595940bac2416572,2026-06-03T17:50:24+00:00,2026-06-03T17:50:51+00:00,4,0,0,10.370,10.36,20.698910,4
0x32e4d2ddbc803bc4a126aa66b1e23e26e78470ae,2026-04-16T15:46:20+00:00,2026-04-19T04:49:30+00:00,2,178.21,178.21,0,0,2.13852,2
0x330278eb937dbe7c6db7ac01346fd9e920ee79c0,2026-04-18T00:01:48+00:00,2026-04-28T16:27:50+00:00,2,300.0,300.0,0,0,2.4000,2
0x331571f3aa717dd0f1c3d92fea8e279e1c23517d,2026-05-15T23:40:57+00:00,2026-05-17T01:30:55+00:00,2,0,0,190.3805,190.38,379.8085990,2
0x33175349046ea26bbeb0a52189960d15d2df76b4,2026-05-17T23:36:40+00:00,2026-06-04T19:36:31+00:00,129,0,0,410.3545,410.33,818.9685880,129
0x331f1cbd93b1c9906ab0e7dcd1d37386a5811a9e,2026-05-27T12:37:04+00:00,2026-05-27T14:12:09+00:00,2,0,0,19.729,19.72,39.350382,2
0x3332408f183b2342f783129fffa83310ed6ffd19,2026-05-16T01:30:04+00:00,2026-05-16T01:30:04+00:00,1,0,0,5.01,0,4.99998,1
0x3332fed4d60dd62b2912fd4123c149fafcd889b6,2026-03-11T12:32:05+00:00,2026-04-12T21:31:45+00:00,7,103.5325,96.09,2.0202,2.02,6.31344800133650,7
0x334f434957f7e2991ee61cfec0cac79bc776b696,2026-04-19T13:31:50+00:00,2026-04-19T14:51:28+00:00,2,0,0,127.8692,127.86,254.3226940,2
0x335f25f2eef7671d61cd183630e939fc1b0ca778,2026-05-19T14:18:57+00:00,2026-05-19T16:42:53+00:00,2,0,0,56.9035,56.9,113.5189930,2
0x3376af22d333213cc84be18e9687d421ef5d3c7f,2026-01-28T04:31:53+00:00,2026-01-28T14:06:17+00:00,2,0,0,20.0,0,19.8900,2
0x3389f816da4f7c4f452309a74ebdd5e973cfa8f9,2026-05-07T07:53:19+00:00,2026-05-07T11:21:36+00:00,2,0,0,1995.987666,1995.98,3977.995783002,2
0x3391957dd73afa07b8dde543175e27034ada04fd,2026-05-08T00:00:36+00:00,2026-05-08T01:26:16+00:00,2,0,0,44.593666,44.59,88.871525002,2
0x33ac88019b6051552773efa7100feb73f5d1506b,2026-05-07T11:11:48+00:00,2026-05-07T11:29:51+00:00,2,0,0,6.018,6.01,11.985906,2
0x33b903299a85610e80efa98ab7996ab9563111f1,2026-05-14T09:39:09+00:00,2026-05-17T18:56:42+00:00,2,0,0,1113.226,1113.22,2220.879888,2
0x33b9875712e0d09efcd583ef2fe0df580c0bf358,2026-05-26T09:47:21+00:00,2026-05-29T07:32:17+00:00,2,0,0,9.018,9.01,17.982934,2
0x33c98244b01ef1a538fbd260e7c4c46227772fd4,2026-06-03T13:17:03+00:00,2026-06-03T13:17:03+00:00,1,0,0,30.03,0,29.99997,1
0x33e064474bb6a200374ff6426cca840145b44c84,2026-04-23T03:11:00+00:00,2026-05-02T14:23:44+00:00,4,0,0,203.372066,203.37,404.914139002,4
0x33ee75d19ba9772e1a3d21051c750e11380ef163,2026-05-14T05:59:26+00:00,2026-05-14T06:11:52+00:00,2,0,0,10.02,10.02,19.98990,2
0x33faf5b1f5fc24ec6884b02db93f92e8ef21c3ae,2026-05-12T05:54:44+00:00,2026-05-27T08:50:51+00:00,3,0,0,90.160,74.57,164.325970,3
0x34016d0ca6f6e8fc86692bd0272b17d5f3c62282,2026-05-22T04:45:05+00:00,2026-05-22T04:45:05+00:00,1,0,0,23.4565,0,23.4095870,1
0x3424c2959434dc4cc1c18bc3f86137558c1d5d5e,2026-06-05T00:07:19+00:00,2026-06-05T00:07:19+00:00,1,5.0,0,0,0,0.0050,1
0x3447095034f9a92154b10022606d42447627095b,2026-05-23T07:55:37+00:00,2026-05-23T07:55:37+00:00,1,0,0,10.02,0,9.99996,1
0x34531ca6a8312537a7ee7e8fddbcfb88b6a22830,2026-05-10T21:30:08+00:00,2026-05-11T00:05:46+00:00,2,0,0,46.138333,46.13,91.945398001,2
0x3461e273b0556ae395da3e02a404a163bfa99cad,2026-03-24T03:05:17+00:00,2026-03-24T03:31:05+00:00,3,0,0,535.0,534.99645,1061.436477994196615,3
0x3465596d6577c18961488f93ff286c0e60234b9d,2026-06-04T05:32:16+00:00,2026-06-04T06:20:18+00:00,2,0,0,252.252,252.25,503.745248,2
0x346d86737f8a33cb9815bd13be6241c65a887782,2026-04-21T21:12:32+00:00,2026-04-21T21:57:26+00:00,2,0,0,41.206,41.2,81.952770,2
0x347214d9b17ea322a570f846346c6fae8a21bc66,2026-04-14T21:13:24+00:00,2026-04-19T21:05:36+00:00,2,642.857142,0,0,0,3.999999994,2
0x347971ec1aee346e133177314fd2d30f9cc4e8f3,2026-05-29T17:22:03+00:00,2026-05-29T17:22:03+00:00,1,2500.0,0,0,0,5.0000,1
0x3480311aeace3fcd381c2d26f2420b942177d29b,2026-04-22T21:35:32+00:00,2026-04-23T13:07:06+00:00,2,166.666666,166.66,0,0,1.833299996,2
0x348d0e8f255e6ed8d907f314e81ff9670cf65102,2026-03-18T12:42:07+00:00,2026-04-07T22:57:53+00:00,7,310.00,230.0,0,0,6.14000,7
0x348e436a18ea08b8565441cf095e296689ac17f4,2026-03-17T06:01:35+00:00,2026-03-17T06:53:07+00:00,2,860.0,860.0,0,0,25.8000,2
0x34ab8793369293bedb16d384cfbad7068de62915,2026-05-21T07:56:10+00:00,2026-05-22T01:55:15+00:00,2,0,0,73.146,73.14,145.920288,2
0x34c09a1eb05533c6772dd6b243bc7297619e4593,2026-05-29T15:29:56+00:00,2026-05-31T09:42:03+00:00,2,0,0,9.109,9.1,18.181691,2
0x34dbeb0f5dfb385b98b12cdda9bfa00c15124784,2026-05-19T07:31:27+00:00,2026-05-19T14:32:58+00:00,2,0,0,222.4445,222.44,443.7722910,2
0x34e8bf45c757ca0a2d7a00c8100601b56f4395ca,2026-06-13T21:06:51+00:00,2026-06-13T21:06:51+00:00,1,1000.0,0,0,0,1.0000,1
0x34e92a90d42d9b10cb3ad0320c7b0cf9dbbac4e1,2026-06-02T10:30:42+00:00,2026-06-02T14:03:39+00:00,2,0,0,300.0,300.0,599.1000,2
0x34e9bec129f09247e8fa4a2894499982b1397b84,2026-05-22T23:28:58+00:00,2026-05-23T07:50:36+00:00,2,0,0,9008.0,9008.0,17970.9600,2
0x34eb9734fd7b82435d5159eeecf387d5b749757b,2026-03-16T02:48:03+00:00,2026-03-16T03:27:13+00:00,2,0,0,23.0,23.0,45.4710,2
0x34f0a47c59e6c04923a34cea6bec259f94f13383,2026-04-22T13:43:12+00:00,2026-04-22T14:40:40+00:00,2,0,0,82.2512,82.25,163.5964440,2
0x34f658bedfc1c876973c0b159c1b379e1e61c250,2026-04-16T21:47:54+00:00,2026-04-19T12:56:48+00:00,2,0,0,11.69,11.69,23.23972,2
0x3502b074ba780e15e82acc67427e073c23904c69,2026-05-26T07:17:40+00:00,2026-05-26T07:17:40+00:00,1,0,0,19.579,0,19.539842,1
0x351d0b4b4a0d5acd87f398124fc3dae4cc5825b6,2026-05-20T04:29:06+00:00,2026-05-20T05:57:32+00:00,2,0,0,12.2545,12.25,24.4432410,2
0x351d63719f1521c81d1c3e0c7a6cf81764001d84,2026-05-02T11:12:38+00:00,2026-05-02T12:13:48+00:00,2,0,0,64.503333,64.5,128.551823001,2
0x3520ecc82ae2fb6581618d700e52106a7dce28fd,2026-06-01T20:22:56+00:00,2026-06-01T20:23:33+00:00,7,0,0,15.535,15.53,31.018405,7
0x352cf12a9ba30b2781dccbdf36d1c679d9fef41a,2026-05-31T12:28:32+00:00,2026-05-31T14:50:39+00:00,2,0,0,27.027,27.02,53.965933,2
0x3545c67da76e10b79c8f388130561b0a2be723c4,2026-03-09T19:05:03+00:00,2026-03-09T19:05:03+00:00,1,714.285714,0,0,0,9.999999996,1
0x356576519464cf97d81431534466152c10439fe2,2026-05-31T13:10:35+00:00,2026-05-31T13:10:35+00:00,1,0,0,8.0,0,7.9920,1
0x3573c1bc6a964abe582a0bfa5cc269abfae7f375,2026-05-03T03:45:04+00:00,2026-05-04T05:31:40+00:00,2,0,0,978.97,978.97,1951.08721,2
0x3576871638c92f5fbdaccd99903f199ccd3209de,2026-01-31T06:36:46+00:00,2026-02-07T07:17:37+00:00,8,0,0,30.51,30.504056,59.4510480000199048,8
0x357ae79b5e2ab3244b9dcedcacfab098d58330a4,2026-05-15T05:22:56+00:00,2026-05-15T05:34:50+00:00,2,0,0,9.018,9.01,17.982934,2
0x35805e3301f9d64319629f57c53e353bc42bad44,2026-04-28T16:31:04+00:00,2026-04-28T16:31:04+00:00,1,333.333333,0,0,0,0.999998999000001,1
0x35a1f6c01bb8122448979f1b647317e98c7511c5,2026-03-08T15:59:01+00:00,2026-03-08T19:55:07+00:00,2,125.0,125.0,0,0,2.0000,2
0x35c9e4dc690fadc09189abdbdcaffeb48b5ce478,2026-05-09T21:41:49+00:00,2026-05-09T22:00:15+00:00,2,0,0,8.024,8.02,15.987848,2
0x35d991d668e0efb9fce5a730e3d6f66c93d05f19,2026-03-09T08:13:01+00:00,2026-03-09T08:13:01+00:00,1,0,0,0.666665,0,0.65866599999755,1
0x35e2158488c00a27689e1024ba0251da916ea0d3,2026-05-11T02:25:27+00:00,2026-05-11T04:32:34+00:00,2,0,0,66.268666,66.26,132.064820002,2
0x35e5d495f4136e8ec7d1446ec37dba4f7ff18c1e,2026-05-02T08:45:28+00:00,2026-05-02T11:34:40+00:00,2,0,0,202.226666,202.22,403.031106002,2
0x35ed2393a1ccab1da630fbdf0c0abbca8c7b47ab,2026-04-19T11:23:28+00:00,2026-04-19T13:01:32+00:00,2,0,0,51.025,51.02,101.483755,2
0x35f11a3deea45fbf14b76610f76632be58309098,2026-05-17T01:43:47+00:00,2026-05-17T06:53:23+00:00,2,0,0,45.09,45.09,89.95455,2
0x35f75812e676b8b53c8719fa21ee069ae95c04d7,2026-04-07T17:13:13+00:00,2026-04-14T08:09:33+00:00,2,195.19,195.19,0,0,2.53747,2
0x3601f3a762d29db41784ec5a9cbea2f9224df722,2026-05-09T20:23:11+00:00,2026-05-09T20:35:59+00:00,2,0,0,10.03,10.03,19.98979,2
0x3616f44afc1d3c4657802b9efd1a999d50be5f25,2026-05-23T14:17:03+00:00,2026-05-23T14:17:03+00:00,1,0,0,43.136,0,43.049728,1
0x36188e7267a4fd5d9f1460eccd3b7cd4e3a3589d,2026-03-27T06:26:23+00:00,2026-03-30T02:49:16+00:00,7,272.727267,272.699089,0,0,5.9996859918570089,7
0x362bec90120d0325f9b0b242fe3f11d1323fc5f4,2026-06-02T22:30:14+00:00,2026-06-02T22:30:51+00:00,6,0,0,15.245,15.24,30.439275,6
0x3639f97dc97b630ed01dbec56a90fe91675cd235,2026-04-16T15:45:12+00:00,2026-04-19T04:48:12+00:00,2,173.97,173.97,0,0,2.08764,2
0x36425f7f449df83407da964c42d9c3e0b9d1c470,2026-05-26T14:24:27+00:00,2026-05-26T14:24:27+00:00,1,0,0,11.633,0,11.609734,1
0x3644c4f42e6834ce20f171c5e48083255c1a98ba,2026-04-25T10:40:58+00:00,2026-05-08T04:17:58+00:00,4,0,0,3226.209,3226.20,6429.825573,4
0x364f935ccafae7bb980616b81999239ed816562c,2026-04-25T21:26:48+00:00,2026-04-26T09:47:50+00:00,2,0,0,3.009,3.0,5.987973,2
0x367ac9255844f41835282f2c97b5d6456ecc23e6,2026-05-16T13:48:07+00:00,2026-05-16T13:48:07+00:00,1,0,0,8.016,0,7.999968,1
0x367ed5e58ad295d0e364abf478cc72e4a6a20e3e,2026-05-12T02:19:05+00:00,2026-05-26T11:51:43+00:00,2,0,0,39.198,39.19,78.192034,2
0x369bf7d14cfa4a01bbf12f07dcb39607a9d16f7a,2026-05-23T01:52:59+00:00,2026-05-23T01:52:59+00:00,1,0,0,443.577,0,442.689846,1
0x36a9cb2dc7081c5a367ac4b6ec93b1fef2fb5eb4,2026-05-25T03:56:59+00:00,2026-05-25T04:02:21+00:00,2,0,0,106.4325,106.43,212.3303450,2
0x36c65cc40219d19d4747da20024a879591c98aaf,2026-05-19T23:14:27+00:00,2026-05-19T23:14:27+00:00,1,0,0,10.02,0,9.99996,1
0x36d07e6f03d4c8a53a5e76761e8a8950225e05c6,2026-05-06T07:14:22+00:00,2026-05-20T17:48:49+00:00,4,0,0,87.036666,87.03,173.484913002,4
0x36d65d7cf9c5a8c126aa0df382fd2f80dd5e41a9,2026-05-20T06:00:25+00:00,2026-05-21T20:31:19+00:00,2,0,0,257.515,257.51,513.737440,2
0x36d77034cfec31bf8878bd1d767a2ae8e63cb6e1,2026-05-13T05:41:47+00:00,2026-05-15T03:17:12+00:00,6,0,0,25.050,25.05,49.974750,6
0x36dbd5a33bd2d177b0ee81b60336299a692ed01d,2026-05-30T16:50:59+00:00,2026-05-31T00:08:17+00:00,2,0,0,20.02,20.02,39.97994,2
0x36e3cc673a5fa4bdc1804e0af3d08db9855f4666,2026-05-08T02:51:21+00:00,2026-05-30T21:39:51+00:00,5,0,0,10.0215,10.02,19.9974110,5
0x36e4767bcc260c40fe8dd8b03074f55ad8628f38,2026-05-26T05:29:36+00:00,2026-05-26T05:29:36+00:00,1,0,0,1009.218,0,1007.199564,1
0x36f266c4507d0d9c58227200c9b48b0a0e769ab3,2026-05-22T05:50:46+00:00,2026-05-22T14:15:58+00:00,2,0,0,12.8355,12.83,25.6013390,2
0x371bb3e6a781d9cfdad346d0380117c749534785,2026-04-29T14:20:24+00:00,2026-04-29T15:00:16+00:00,2,0,0,27.0,27.0,53.8110,2
0x37202b028dc20f170748242ba5703c4714193be2,2026-04-30T10:52:24+00:00,2026-05-01T12:56:40+00:00,2,0,0,95.285856,95.28,189.8988780032136480,2
0x3721ac02d8a98cb0b6c356ccdd29a8d69e3c1903,2026-04-25T11:03:02+00:00,2026-04-25T12:23:26+00:00,2,0,0,1625.757,1625.75,3240.126729,2
0x3728f70257f0dff8ede03a72aaeaefeb333f68b6,2026-05-08T07:26:25+00:00,2026-05-08T08:51:02+00:00,2,0,0,60.782333,60.78,121.136866001,2
0x373c73ac059ce67cfc034b7e317437d7b14f05e9,2026-05-24T07:03:59+00:00,2026-05-24T07:03:59+00:00,1,0,0,9.018,0,8.999964,1
0x373cccc551f09eb847e11f1bd2775244a247e245,2026-05-03T03:48:34+00:00,2026-05-04T05:32:50+00:00,2,0,0,984.41,984.41,1961.92913,2
0x373ea9c11e3d975f075408b40a1225973cbc78c5,2026-05-26T12:11:33+00:00,2026-05-26T13:11:06+00:00,2,0,0,10.02,10.02,19.98990,2
0x373ec79a0711b78ded5d98af04daa89b64c617a1,2026-05-26T13:40:32+00:00,2026-05-26T13:40:32+00:00,1,0,0,56.002,0,55.889996,1
0x373f40401e6e4c08919f8aa789fc500147418e9e,2026-05-01T05:29:38+00:00,2026-05-01T07:54:26+00:00,2,0,0,42.938666,42.93,85.568130002,2
0x3745b8ac499fba8b7200c696a76bf65177acf897,2026-03-06T08:15:51+00:00,2026-03-08T19:55:07+00:00,3,125.0,125.0,0,0,2.0000,3
0x3747a2a85e59876288b5ec0112b48343b28c7511,2026-03-06T07:15:03+00:00,2026-03-06T08:14:45+00:00,2,142.857142,142.85,0,0,1.999949994,2
0x374cd9fa34710d3a5ba1f4dffda7f3d29b0e0a85,2026-05-03T03:39:54+00:00,2026-05-04T04:55:58+00:00,2,0,0,902.89,902.89,1799.45977,2
0x3751c11e314c5b0375f072ef4ded0a22bf3b4abd,2026-05-22T19:24:20+00:00,2026-05-22T19:24:20+00:00,1,0,0,25.02,0,24.96996,1
0x37546d2d2698ee35cf671e105ee3732ff6d3f5a0,2026-05-03T03:45:26+00:00,2026-05-04T05:32:16+00:00,2,0,0,918.92,918.92,1831.40756,2
0x3760e36bca841a455fcf1a4d9efaea06b00c129b,2026-05-07T04:58:19+00:00,2026-05-07T06:16:36+00:00,2,0,0,43.38,43.38,86.45634,2
0x378eada7beb200bc8449e2d996151088b58f2ca7,2026-05-20T19:15:46+00:00,2026-05-20T19:15:46+00:00,1,556.666666,0,0,0,1.6699989960000012,1
0x378ebc80748fad31fb51025c26bcc283b40e0693,2026-05-28T01:23:09+00:00,2026-05-28T04:01:39+00:00,2,0,0,47.094,47.09,93.948542,2
0x37921451e1327aeeadf653a3d8b2e2fd5ccba87b,2026-04-11T12:26:35+00:00,2026-04-25T05:10:52+00:00,4,0,0,971.426,971.42,1933.021910,4
0x3793b043d25fffd1d60744b75c115d70149b3a8e,2026-04-30T08:48:52+00:00,2026-04-30T10:01:34+00:00,2,0,0,53.3665,53.36,106.4596870,2
0x379648c3d5695c190fab3ddbd31dc13c14d76d62,2026-05-09T06:09:09+00:00,2026-05-09T09:01:32+00:00,2,0,0,211.464333,211.46,421.444100001,2
0x37aca3910f2c7588303f5bfd4a675170176e5f36,2026-05-17T00:44:33+00:00,2026-05-17T00:44:33+00:00,1,0,0,6.012,0,5.999976,1
0x37b7059535c673e07bf855e032d7948a733c14e9,2026-06-03T16:29:58+00:00,2026-06-06T04:39:06+00:00,2,0,0,14.014,14.01,27.995976,2
0x37be322343b5d6be155426b0d1f3f9f5b8a50bd9,2026-05-21T08:51:12+00:00,2026-05-21T08:51:12+00:00,1,333.333333,0,0,0,0.999998999000001,1
0x37d3cbf8dec951d39656de4d30a2db48ca51e3e2,2026-05-07T23:33:46+00:00,2026-05-08T00:07:05+00:00,2,0,0,8.024,8.02,15.987848,2
0x37d95fb4706b8a38998022ae92ede39388fc9930,2026-05-25T12:15:54+00:00,2026-05-25T12:19:42+00:00,2,0,0,104.168,104.16,207.807184,2
0x37e69c956a959c3199f9b744f09aa4f60358ca98,2026-04-25T20:15:16+00:00,2026-05-28T11:45:06+00:00,4,0,0,101.7215,101.72,202.7562120,4
0x37e79cf886c06c18d68db20387620a237196fbdc,2026-05-27T12:35:45+00:00,2026-05-27T12:38:42+00:00,2,0,0,103.537,103.53,206.549336,2
0x37f2f4269ba5834437ff0b86aa9900896ce8a1ca,2026-05-10T07:01:51+00:00,2026-05-10T07:17:39+00:00,2,0,0,7.021,7.02,13.991857,2
0x37f4325e9e5ee15a38ce335f898c25296300cc03,2026-05-18T15:55:11+00:00,2026-05-18T15:55:11+00:00,1,0,0,47.3445,0,47.2498110,1
0x37fc7a29b8e92306cf67a10bab4dff618426c272,2026-04-19T13:37:18+00:00,2026-05-26T22:59:59+00:00,3,0,0,256.1094,205.88,459.6242330,3
0x3803ed4cb82613bb70b0b1142ebd7f873cdbd05d,2026-05-11T18:05:54+00:00,2026-05-12T02:23:20+00:00,2,0,0,153.3065,153.3,305.8399870,2
0x3819d8f166eb255c659ef7437de9dfc455c1de54,2026-05-22T07:54:33+00:00,2026-05-22T07:54:33+00:00,1,0,0,19.4785,0,19.4395430,1
0x381a933e82f2201d4a2ccddbb19e978f6c360ed5,2026-04-25T03:37:30+00:00,2026-04-25T04:41:10+00:00,2,0,0,1500.762,1500.76,2991.016674,2
0x3823998c96041f419904f1dd85762861bd439707,2026-05-26T06:13:45+00:00,2026-06-01T04:55:58+00:00,2,0,0,12.174,7.3,19.435052,2
0x38371590e45fccb03f216c7f62182e9a3a5e636e,2026-05-17T10:07:47+00:00,2026-05-17T10:07:47+00:00,1,0,0,10.0,0,9.9800,1
0x3839df1e4f494b9f20f74af24622d8a138bf17a7,2026-05-27T23:42:39+00:00,2026-05-27T23:42:39+00:00,1,0,0,15.661,0,15.629678,1
0x383f49a835ff272bb6ec850755cca14e468a1d15,2026-02-09T21:44:55+00:00,2026-02-10T19:08:05+00:00,4,137.085262,137.08,0,0,7.7359199970526310,4
0x3844f28115f2f23c9aece1402a0f2be78d187285,2026-03-06T11:42:51+00:00,2026-04-10T10:25:17+00:00,5,3142.857142,1714.28,0,0,35.714239994,5
0x384ca5e4d57d00a0c12ea588c0e61eca7824e30a,2026-05-29T10:47:29+00:00,2026-05-29T14:45:29+00:00,2,0,0,41.573,41.57,82.976714,2
0x384e88062b7ea7ec57184a10f86fd8a9436c61f2,2026-05-17T10:18:38+00:00,2026-05-17T10:18:38+00:00,1,0,0,5.0,0,4.9900,1
0x385d11dfcffbb63cd26ea62231a8465ee12c4ac7,2026-03-10T06:46:39+00:00,2026-03-10T07:56:23+00:00,2,0,0,686.0,686.0,1354.1640,2
0x385f3863c5bdb900fc0cf8b48add56c6cbccbcd5,2026-05-13T01:36:12+00:00,2026-05-17T12:18:57+00:00,2,0,0,21.042,21.04,41.976796,2
0x38739ef12275390e2fad7bc2a404854448ed77c6,2026-05-25T01:18:12+00:00,2026-05-25T01:18:12+00:00,1,3666.666666,0,0,0,10.9999988980000002,1
0x387963177c382726ca03ada84fac89848a0b5588,2026-05-13T06:44:08+00:00,2026-05-13T06:45:15+00:00,3,0,0,32.064,32.06,63.963692,3
0x3879b2a3c6f45ab807a8c92835a085e3b472d8c3,2026-06-05T00:07:19+00:00,2026-06-09T17:59:22+00:00,4,2000.0,2000.0,0,0,4.0000,4
0x388ff6fe5e8dab5b7f99c753e1ede7b97d6c4c89,2026-05-06T10:34:16+00:00,2026-05-21T08:54:07+00:00,4,0,0,53.971666,53.97,107.583911002,4
0x38906160b0da90696800659e1efa1dc7a6d7c246,2026-05-28T11:00:59+00:00,2026-05-29T08:30:54+00:00,2,0,0,20.33,20.33,40.55835,2
0x3891ca6bcfe529f92af3f7613ad1b5348075d858,2026-05-17T19:13:40+00:00,2026-05-23T19:32:30+00:00,2,0,0,82.164,82.16,163.913192,2
0x38923aba11421a16866a373f36d990a03b2c5d0d,2026-04-30T03:53:18+00:00,2026-04-30T04:57:26+00:00,2,0,0,72.768,72.76,145.018656,2
0x38a37585ae287a343da69967651936dcdf99fcf4,2026-05-22T11:06:35+00:00,2026-05-22T17:23:56+00:00,2,0,0,87.174,87.17,173.908142,2
0x38a46fccff1b72be55b9f7087f0ce0cf71f54ef2,2026-01-27T21:53:19+00:00,2026-03-13T07:55:53+00:00,74,1010.061992,1009.139046,0,0,29.3925740000097896,61
0x38ab8ff9075817800f5545b05156e63c146aab66,2026-05-14T00:04:06+00:00,2026-06-06T16:53:30+00:00,123,0,0,521.7130,521.69,1041.3431440,123
0x38e15c6958d6ef1c658ad8a6c7609b91ab006883,2026-03-14T17:36:17+00:00,2026-03-14T20:55:11+00:00,2,90.9,90.9,0,0,1.9998,2
0x38ee57c23685d8d5678263506bd4344e224a821e,2026-05-05T13:09:02+00:00,2026-05-05T13:09:02+00:00,1,0,0,25.576666,0,25.4999359994423334,1
0x38f7c3cb445dca0909e531342c95705079a0f8be,2026-04-24T05:56:08+00:00,2026-04-24T06:56:14+00:00,2,0,0,94.513333,94.51,188.361753001,2
0x38f8beebf488e7fc8965eac31eb9dc7dde959951,2026-03-06T14:48:15+00:00,2026-03-06T15:00:53+00:00,2,0,0,501.0,501.0,995.4870,2
0x38f8cf8afc6080b4b8afbb36e69f30ae28c0eae3,2026-05-01T13:12:14+00:00,2026-05-01T14:13:20+00:00,2,0,0,72.316666,72.31,144.120476002,2
0x38fa8c112f8857116ee44a0a41eaa983716dd9ca,2026-01-31T06:38:48+00:00,2026-02-12T12:03:47+00:00,28,179.980677,179.979129,0,0,8.0404590000326219,28
0x38ffdaf834fdf66342439444a12e0bdb4595d851,2026-04-25T09:56:26+00:00,2026-05-19T14:18:20+00:00,5,0,0,444.784666,375.62,817.636990002,5
0x3903b99f5042435b379957a3217b65c6f5627731,2026-04-25T11:38:52+00:00,2026-05-02T08:33:18+00:00,4,0,0,1858.595666,1858.59,3704.175519002,4
0x39053ce9d67e36236bcab53cb67fb1dfd4a3ddc4,2026-03-30T04:32:28+00:00,2026-03-30T05:10:26+00:00,4,1000.0,1000.00,0,0,22.00000,4
0x39134eb8e2f1c9a1a741cc944fa53c62053a6fb2,2026-05-04T06:57:14+00:00,2026-05-04T11:53:34+00:00,2,0,0,2101.303666,2101.3,4187.894555002,2
0x392726e8fe79e061ef20ae989bc3d17c3840be16,2026-03-04T03:51:29+00:00,2026-03-04T11:38:01+00:00,2,0,0,53.46,53.46,105.79734,2
0x392dd6255c9ec0cf325981343cc6b268cf80515a,2026-05-15T06:05:16+00:00,2026-05-16T00:45:35+00:00,2,0,0,265.651,265.65,529.972748,2
0x393133f227d4619410fbcb8684b75fbc5aed0535,2026-05-22T12:52:57+00:00,2026-05-22T12:52:57+00:00,1,0,0,10.0,0,9.9800,1
0x393c44ee24ed12caa2369212e05f0fa5d62d2933,2026-04-27T04:37:40+00:00,2026-04-27T05:28:58+00:00,2,0,0,45.957666,45.95,91.585993002,2
0x39493cc093fbedcefd4ef659fd292ba3e3fc626d,2026-05-20T08:52:12+00:00,2026-05-21T00:59:08+00:00,2,0,0,409.7995,409.79,817.5405310,2
0x394a3bfb8895a76faa7661164b0dbea6b40cb1f6,2026-06-01T23:42:54+00:00,2026-06-01T23:43:24+00:00,4,0,0,10.360,10.36,20.688920,4
0x394ff4b105a9ea88a49df80997ba004fb0703589,2026-05-19T07:50:44+00:00,2026-05-19T07:50:44+00:00,1,0,0,2.715,0,2.709570,1
0x395e2710210b36e758b797a33be57a270eb212aa,2026-04-24T03:59:50+00:00,2026-04-24T05:11:22+00:00,2,0,0,137.352,137.35,273.740544,2
0x39620c3ec81808d00bca023c27d2207a9fd3e1f7,2026-06-03T10:27:43+00:00,2026-06-03T17:01:49+00:00,2,0,0,4.004,4.0,7.991996,2
0x396c4950650084ffe44c9cf028a7ac1471054498,2026-05-09T08:54:21+00:00,2026-05-11T15:40:29+00:00,777,249233.730881,249233.73,0,0,1495.4023827610281225,776
0x3980230e31f9475a5671a502854e2684fbba2062,2026-05-28T05:31:04+00:00,2026-05-28T05:31:04+00:00,1,0,0,120.0,0,119.7600,1
0x39889606dfc12a3856aa74046842c9abcce8a651,2026-05-13T14:44:59+00:00,2026-05-23T03:06:57+00:00,22,0,0,3555.2200,3555.21,7092.6539300,22
0x39a2bc6cf1c3a27e4be0d37d716a3ac919cc3eb9,2026-05-23T23:56:46+00:00,2026-05-27T13:19:49+00:00,2,0,0,22.515,22.51,44.912440,2
0x39aaed185b92e99a78249610cc14a589b764583c,2026-06-17T17:58:13+00:00,2026-06-17T17:58:13+00:00,1,105.07,0,0,0,0.10507,1
0x39ac9618f4529bd8f38d722ba66336bfe4997e3f,2026-05-02T21:49:24+00:00,2026-05-03T00:51:26+00:00,2,0,0,176.369,176.36,351.494453,2
0x39acf75c3c7263a779958aee9a372f88b429c72d,2026-05-02T12:51:04+00:00,2026-05-19T13:34:16+00:00,4,0,0,50.11,50.11,99.88927,4
0x39b0482aa7b35ece1c77493cfe316bd58f4df184,2026-03-25T09:02:29+00:00,2026-03-25T09:02:53+00:00,2,0,0,1040.0,1040.0,2057.1200,2
0x39c3d7208946b664aab88797225a418f9d4e0c7e,2026-03-22T20:35:01+00:00,2026-05-09T07:28:52+00:00,5,4065.41,7065.41,0,0,84.324539957984,5
0x39d2ab86af595d20b45c07abd088983d40176e84,2026-06-04T18:33:37+00:00,2026-06-04T18:47:16+00:00,4,0,0,10.160,10.16,20.289520,4
0x39dd47978c53e2b7065dc8b341e9cce432916753,2026-04-18T09:19:24+00:00,2026-04-20T17:11:14+00:00,2,0,0,18.14,18.14,36.08046,2
0x39e84dc8a369623ae326bddb995e2d1b5f14e2ca,2026-05-24T12:43:18+00:00,2026-05-24T12:43:18+00:00,1,0,0,10.0,0,9.9800,1
0x39f86eb30cec1491e56074b66ab47289d163bfb8,2026-05-28T12:00:46+00:00,2026-05-28T12:00:46+00:00,1,0,0,10.02,0,9.99996,1
0x39fd921acf9be28b17a422bf624dc6b30685849e,2026-03-08T04:47:41+00:00,2026-05-28T08:09:30+00:00,106,0,2513.30,925.55,0,936.82192,106
0x39ffdd69020319b1ce5c1277ecf98f9e10e4a1f5,2026-05-29T16:59:17+00:00,2026-05-29T18:18:19+00:00,2,0,0,15.375,15.37,30.698885,2
0x3a0a24ea3bb47dfb5d154d980d064fb46f122b7a,2026-05-13T04:25:15+00:00,2026-05-13T04:25:51+00:00,2,0,0,85.17,85.17,169.91415,2
0x3a0c179927b3bd997562884c069dd01aeb963e02,2026-05-04T09:38:08+00:00,2026-05-04T13:56:08+00:00,2,0,0,229.197333,229.19,456.782981001,2
0x3a0f740e8812ef4966c906a2a0ca240af2b34c84,2026-04-09T08:38:05+00:00,2026-04-11T19:27:19+00:00,2,155.58,155.58,0,0,2.02254,2
0x3a1565b604652c04de3a7eb9f726cd226bd5b70a,2026-05-28T06:32:33+00:00,2026-05-28T09:09:46+00:00,2,0,0,14.208,14.2,28.336984,2
0x3a1bc7e5c8629f03fa10c5d17da33890d8aeb9ce,2026-05-21T14:01:13+00:00,2026-06-07T21:43:49+00:00,2,0,0,1.222,1.22,2.438336,2
0x3a1d6106d2ec38379fdab81c6943b98e9af99578,2026-05-16T16:01:25+00:00,2026-05-23T17:02:59+00:00,2,0,0,801.603,801.6,1599.194994,2
0x3a1e40114397a913090d8d4b8764eeca2bda7aa6,2026-05-30T08:54:12+00:00,2026-05-30T08:54:12+00:00,1,0,0,6.006,0,5.999994,1
0x3a3099e8714178666a19bfd7e7525250426f99ec,2026-04-23T13:34:10+00:00,2026-04-29T10:20:28+00:00,2,250.0,250.0,0,0,1.7500,2
0x3a3256f70143068f618aacc9921404e284a4565e,2026-06-02T21:22:26+00:00,2026-06-02T21:23:30+00:00,8,0,0,15.112,15.11,30.176668,8
0x3a32e0f8467d1067bc7d62342b686770fe710e1f,2026-03-24T03:02:15+00:00,2026-03-24T03:05:17+00:00,3,0,0,1019.0,1019.0,2021.6960,3
0x3a4a90e2a42b4f555bf99a8b49048d8b7909eea8,2026-05-19T18:15:05+00:00,2026-05-19T18:15:05+00:00,1,0,0,2.004,0,1.999992,1
0x3a57ea5a7009581dadf1b7f6fcc0848b80541bab,2026-05-02T07:06:08+00:00,2026-05-02T08:02:26+00:00,2,0,0,44.864333,44.86,89.410300001,2
0x3a5c5403281667fe02529022f8d2ca45907b7bde,2026-05-17T10:58:30+00:00,2026-05-26T10:42:58+00:00,2,0,0,1.202,1.2,2.395996,2
0x3a67c62353f4c29240f44858be05ede343cda192,2026-02-10T16:44:23+00:00,2026-03-22T08:12:21+00:00,3,43.0,43.0,0,0,1.1610,3
0x3a7c9cedf49abe1004d662a0cd52beae4ec44abb,2026-05-22T14:43:52+00:00,2026-05-22T14:43:52+00:00,1,0,0,455.7815,0,454.8699370,1
0x3a8eeed0ee2cba3aed62362422a2e50b180c9bff,2026-05-13T15:43:29+00:00,2026-05-13T19:50:46+00:00,2,0,0,271.182,271.18,541.006096,2
0x3a9ac7da65f3aa957c3fc754fa4497538ccc5601,2026-05-07T06:15:10+00:00,2026-05-07T18:12:25+00:00,2,0,0,90.96,90.96,181.19232,2
0x3aa05d75a32664f8d2348a28e7b5e20828dd3a96,2026-05-17T11:32:27+00:00,2026-05-17T15:44:05+00:00,2,0,0,170.04,170.04,339.22980,2
0x3ad10aa6061ec6cebeb837dc1a051e496cad684a,2026-05-14T19:49:54+00:00,2026-05-22T12:05:28+00:00,8,0,0,1820.8615,1820.86,3632.6171970,8
0x3af7690e8eecdc7932005a8d59be7bf2b886880d,2026-06-01T20:17:01+00:00,2026-06-01T20:17:24+00:00,4,0,0,10.230,10.23,20.429310,4
0x3af93a31bc8de182afd814becfc626c3e6403737,2026-05-17T21:14:29+00:00,2026-06-07T23:41:18+00:00,2,8333.333333,0,0,0,14.9999989990000001,2
0x3b101b4d0aa8bfe5e46eab2b473c26c5b603341a,2026-05-14T05:02:43+00:00,2026-05-14T07:35:03+00:00,2,0,0,160.551,160.55,320.298248,2
0x3b1a8b39f8d3a4ce3fe7c1e752cf14c386834221,2026-01-30T17:00:52+00:00,2026-01-31T12:51:16+00:00,8,0,0,150.00,149.987257,283.8910479994953633,8
0x3b25518b5abb590f49c9a8394f8c031d2dc0b302,2026-05-23T02:28:24+00:00,2026-05-23T07:58:13+00:00,2,0,0,56.112,56.11,111.941446,2
0x3b2de0fef907edb152bd862735915619cdf1e78a,2026-04-30T07:51:10+00:00,2026-04-30T08:53:20+00:00,2,0,0,49.3585,49.35,98.4617330,2
0x3b464dba3060adf5905fe393136f0c6ce12653a2,2026-05-06T15:22:12+00:00,2026-05-06T17:15:00+00:00,2,0,0,40.280666,40.28,80.278704002,2
0x3b4b1eb549b7737c8f1e5537320f1f8d1e0f5c34,2026-04-27T10:09:00+00:00,2026-04-27T11:35:06+00:00,2,0,0,243.711,243.71,485.715027,2
0x3b4f0be2c827e1e95e2811686831056f4e4e44f9,2026-05-21T18:28:54+00:00,2026-05-21T19:36:29+00:00,2,0,0,29.9495,29.94,59.7397810,2
0x3b55bca3805d83388f220524f30396e4c43f5093,2026-05-04T07:53:44+00:00,2026-06-06T02:47:58+00:00,15,0,0,1418.153999,1418.15,2828.976937003,15
0x3b56d9af7ec42e452da151d939090082b6cd8e63,2026-04-24T04:31:46+00:00,2026-04-24T05:24:12+00:00,2,0,0,65.075,65.07,129.689495,2
0x3b5c1395429bc24a79aafcb2f651f51ef578529b,2026-05-27T15:28:11+00:00,2026-05-27T15:28:11+00:00,1,0,0,19.158,0,19.119684,1
0x3b73a04e6b1a986d948f533d8607a147472aa569,2026-04-19T16:36:52+00:00,2026-04-19T17:33:36+00:00,2,0,0,51.015,51.01,101.463865,2
0x3b790e880513793eeb4e7b985e2f66c13e936e76,2026-03-10T05:56:13+00:00,2026-03-10T06:12:57+00:00,2,0,0,49.0,49.0,96.7750,2
0x3b86fda80b343ff472c8fde349dd508f47469a42,2026-05-01T18:51:00+00:00,2026-05-01T20:08:28+00:00,2,0,0,52.427,52.42,104.480039,2
0x3b8cca874fac13814c6bf14014b7acc7b80dc096,2026-04-30T19:01:10+00:00,2026-05-01T16:22:24+00:00,2,250.0,250.0,0,0,1.7500,2
0x3b8d47990d8ec44f11c9643808a1da1c107551c8,2026-04-04T11:38:53+00:00,2026-04-06T18:31:09+00:00,7,6262.44,6262.44,0,0,93.93660,7
0x3b9c8d0810d8f00135f7bf3cf698340e592e3c69,2026-05-05T07:04:12+00:00,2026-05-05T20:37:50+00:00,2,0,0,133.63,133.63,266.19096,2
0x3b9d958db7c1245c335c403d2e624ab0ddd93836,2026-04-30T13:40:28+00:00,2026-06-05T14:39:37+00:00,4,0,0,39.71,39.71,79.21908,4
0x3bac1c7658971ed554fba7ffbd03336480c99786,2026-05-18T16:49:29+00:00,2026-05-18T16:49:29+00:00,1,0,0,45.551,0,45.459898,1
0x3bbc6169147678428ba9b28877c31cc3b5c2a1d3,2026-06-03T15:03:46+00:00,2026-06-03T15:12:06+00:00,2,0,0,111.211,111.21,222.087369,2
0x3bc63966af626e7ac96a4b8dbb003a0413c369c4,2026-04-25T23:47:14+00:00,2026-04-26T01:08:22+00:00,2,0,0,120.411,120.41,239.978127,2
0x3bd62bfa43403949589d008303174c76719bd707,2026-06-09T06:05:57+00:00,2026-06-09T06:05:57+00:00,1,10150.0,0,0,0,10.1500,1
0x3c14190a4b71acdff0b181e4689e69ce8f97e8a1,2026-05-20T06:23:38+00:00,2026-05-20T06:26:49+00:00,2,0,0,16.032,16.03,31.981846,2
0x3c2257ef5bd7a22c8b4aba38d5592725b329970a,2026-06-02T09:04:20+00:00,2026-06-02T09:04:20+00:00,1,0,0,7.007,0,6.999993,1
0x3c24d02e2a2acac26169d8a3911599665b70bc95,2026-05-06T01:06:16+00:00,2026-05-06T01:06:16+00:00,1,0,0,41.695,0,41.569915,1
0x3c2f5fec365ceb9c17d82f881ab9060e8733a39c,2026-05-03T03:40:18+00:00,2026-05-04T04:56:56+00:00,2,0,0,940.85,940.85,1875.11405,2
0x3c31a5def52c8b7c9c21a8571b57985a0024cbaf,2026-05-02T06:42:20+00:00,2026-05-02T07:57:40+00:00,2,0,0,1397.18,1397.18,2784.57974,2
0x3c4c4b2fc25bd84f0a2d5cc9bb0d6540c22f4fec,2026-05-06T16:10:23+00:00,2026-05-06T16:10:23+00:00,1,0,0,4.613666,0,4.5998250001545336,1
0x3c51c5c7dc3c68044b3d4c6dfc10b98eb1edade6,2026-05-03T03:50:02+00:00,2026-05-04T05:32:54+00:00,2,0,0,957.6,957.6,1908.4968,2
0x3c6bcc8e69623af44371b808f36d48f70bc45f6e,2026-05-07T01:47:41+00:00,2026-05-07T01:47:41+00:00,1,0,0,2.156333,0,2.1498639999218335,1
0x3c738d9658b76ea8da1789fb94e54dce0a4d0503,2026-05-20T12:50:25+00:00,2026-05-21T05:46:57+00:00,2,0,0,86.172,86.17,171.911146,2
0x3c7437723471918e37075f9bdd35ffc533f56493,2026-05-08T19:41:10+00:00,2026-05-08T19:41:10+00:00,1,1250.0,0,0,0,5.0000,1
0x3ca804da21e3e390fcc0c014444b906179f5fe92,2026-04-19T03:19:56+00:00,2026-04-19T04:49:04+00:00,2,0,0,80.9346,80.93,160.9743470,2
0x3cb04b878f87df2ed0266f2c33643513d208ac10,2026-05-06T06:13:18+00:00,2026-05-06T10:24:48+00:00,2,0,0,228.044,228.04,454.487708,2
0x3cb2db4dd066baf0ce658cfd20a1fbaf15c8b9f6,2026-03-26T15:49:43+00:00,2026-03-26T15:52:03+00:00,2,100.0,100.0,0,0,2.000,2
0x3cb3963af2e74508adc40db00cc4a437c7fbc1ef,2026-05-28T10:32:10+00:00,2026-05-28T11:48:15+00:00,2,0,0,11.4925,11.49,22.9250450,2
0x3cbb52f52bf574b16dd63e35bb12f0887e52bc81,2026-04-25T12:12:02+00:00,2026-04-25T14:17:44+00:00,2,0,0,94.282666,94.28,187.902698002,2
0x3cc3c883a46284a4a61b1387a083e6708590485e,2026-05-24T18:10:12+00:00,2026-06-02T15:24:44+00:00,3,0,0,7.211,7.21,14.395261,3
0x3cc9bbef9ae6cf4db1a74a7e57ebde69f9b39756,2026-04-20T21:39:48+00:00,2026-04-20T21:39:48+00:00,1,0,0,8.16,0,8.11920,1
0x3cc9e2278cb82b868d8e5f5ed0c7173c70fa0b30,2026-05-01T05:49:24+00:00,2026-05-01T08:07:48+00:00,2,0,0,71.103,71.1,141.705291,2
0x3cd05bf427ec0267b157079c2083a24572db9570,2026-03-08T23:00:57+00:00,2026-03-09T07:24:25+00:00,2,0,0,16.2,0,16.0564,2
0x3cda25ea3f1f864f796653660ff2a72e3ef48107,2026-05-14T18:00:09+00:00,2026-05-14T20:08:48+00:00,2,0,0,239.2785,239.27,477.3521330,2
0x3cdcaf40a273cab96e6e34d9dcdabdd55565c05e,2026-05-13T08:24:32+00:00,2026-05-13T08:24:32+00:00,1,0,0,147.0,0,146.7060,1
0x3cec62cf858496609cdf4b2e64ccce48ccd7ff6e,2026-06-03T16:02:25+00:00,2026-06-03T16:02:25+00:00,1,1500.0,0,0,0,3.0000,1
0x3cefbac11c85110aaf318ddd16b1e3e2541a3cd4,2026-05-06T05:20:20+00:00,2026-05-06T07:02:56+00:00,2,0,0,1653.52,1653.52,3295.46536,2
0x3cf709e83502a692f9203febe4e41a044027f1fe,2026-03-17T06:01:35+00:00,2026-03-18T08:56:57+00:00,2,0,0,860.0,860.0,1696.7800,2
0x3d05ea73d00c2777b16b4d5966958a3a12453b6a,2026-05-27T04:34:37+00:00,2026-05-27T04:34:37+00:00,1,0,0,63.7975,0,63.6699050,1
0x3d0e7e1f4858c0500361175598dd4837e140cd4f,2026-04-18T18:44:18+00:00,2026-04-18T19:29:24+00:00,2,0,0,59.6482,59.64,118.6321190,2
0x3d20e04f72dbbebaf537d8b60524123f5e2ae3dc,2026-05-23T10:58:29+00:00,2026-05-23T10:58:29+00:00,1,0,0,10.0,0,9.9800,1
0x3d3a2acbd4070606b87046ce88e469e70d105d39,2026-04-18T09:18:20+00:00,2026-04-20T17:11:22+00:00,2,0,0,17.4,17.4,34.6086,2
0x3d3d81ca56d1c2c80e7990edd57fd6f1badd8c7e,2026-03-11T12:29:15+00:00,2026-05-22T17:28:00+00:00,8,71.428571,71.42,1.0101,1.01,3.5794990011428571,8
0x3d3ddbeb2a7848fb4ff2e16ed3a0fa63485d988c,2026-05-23T10:50:05+00:00,2026-05-23T10:50:05+00:00,1,0,0,20.0,0,19.9600,1
0x3d3fd6df4182630e4081e0a4ab3c1b4bc2646522,2026-05-09T03:46:21+00:00,2026-05-10T07:16:43+00:00,2,0,0,1.604666,1.6,3.1934520000744008,2
0x3d4113958325dae0e3c5caa4c5f71f3ba50bfbc2,2026-05-22T17:13:11+00:00,2026-05-22T17:13:11+00:00,1,0,0,39.9795,0,39.8995410,1
0x3d59ffad4b1a1edbfd3c2d9045932b44cffe9e79,2026-04-26T06:44:26+00:00,2026-04-26T09:26:18+00:00,2,0,0,120.962666,120.96,241.075938002,2
0x3d5cae32681149ff09f5badb7b41f6d5247ecaa3,2026-06-02T16:27:07+00:00,2026-06-02T16:27:07+00:00,1,0,0,1.051,0,1.049949,1
0x3d67b03f779dbb2db8a7b1a59dbafa4fd745071f,2026-05-07T14:53:30+00:00,2026-05-07T16:59:28+00:00,2,0,0,48.595666,48.59,96.845519002,2
0x3d74cac4610c6a4383e751d775dfd25ddc31f0dd,2026-05-17T18:06:25+00:00,2026-05-18T11:41:34+00:00,2,0,0,90.18,90.18,179.90910,2
0x3d8ce6ff2777c8b78765574ce6de84c0bc92f818,2026-04-10T02:55:45+00:00,2026-04-10T03:02:21+00:00,2,0,0,831.448666,831.44,1652.079894004,2
0x3d973bcbd68af7d559937ebb21d732e35517c207,2026-06-01T06:54:09+00:00,2026-06-02T20:10:09+00:00,2,0,0,3.503,3.5,6.992497,2
0x3d9db6eee300a50c7007e8f6e9d194d7bfca353f,2026-05-08T12:15:03+00:00,2026-05-08T13:35:22+00:00,2,0,0,185.566666,185.56,369.827726002,2
0x3da083c11a39ea36f5f1c86b0b37cbc18f682338,2026-06-14T10:13:25+00:00,2026-06-14T10:56:54+00:00,2,20000.0,0,0,0,20.0000,2
0x3daa47a473fd3a89a330e32f7bf1e2a298bf82ce,2026-05-14T09:55:12+00:00,2026-05-14T09:55:12+00:00,1,0,0,25.1,0,25.0498,1
0x3dad20936867d96de8c409f34696d83db67aa858,2026-04-24T03:34:44+00:00,2026-04-25T13:55:10+00:00,4,0,0,247.391666,247.39,493.049931002,4
0x3db405787e23a273658534b43e10797e91254dde,2026-04-18T09:18:06+00:00,2026-04-20T17:13:26+00:00,2,209.57,209.57,0,0,2.30527,2
0x3db71016077acfaaf55e3c67bae1316fb337eb93,2026-05-03T07:49:22+00:00,2026-05-03T09:06:36+00:00,2,0,0,69.037,69.03,137.583769,2
0x3dc0c2d7d83644508fbbd6ce4f0308af68cba291,2026-04-21T07:10:20+00:00,2026-04-21T07:56:14+00:00,2,0,0,41.5476,41.54,82.6306220,2
0x3dc156587d0252307cdcf44ad117fb3755c81e3d,2026-05-13T10:12:00+00:00,2026-05-23T17:01:11+00:00,2,0,0,3.8075,3.8,7.5884850,2
0x3dcebdffa9cdefdc950f6bd094963fe5b1832c86,2026-04-11T04:26:21+00:00,2026-04-14T05:36:25+00:00,2,158.41,158.41,0,0,2.05933,2
0x3dd014a7b9aac8c70e5797a38d63aea5314082c9,2026-05-07T22:02:46+00:00,2026-05-07T22:02:46+00:00,1,0,0,4.914666,0,4.8999220000341336,1
0x3dd2db2d398ff72c2c71c9ad6473368b941e9ab1,2026-01-10T00:22:32+00:00,2026-05-25T16:15:04+00:00,185,0,939.25,24544.55,0,24338.904310006381,185
0x3dd41b4b16c22de5df8b1c41d2f9b402e825e3bd,2026-06-04T21:14:19+00:00,2026-06-04T21:14:39+00:00,4,0,0,10.170,10.17,20.309490,4
0x3dd6aa646778a384d835b793e0547742d9c824f8,2026-05-03T03:45:16+00:00,2026-05-04T05:31:48+00:00,3,36315.77,36315.77,0,0,254.21039,3
0x3e082e78d225bdf0784e8e4b96e5d2256b011f63,2026-05-29T16:25:58+00:00,2026-05-29T17:23:26+00:00,2,0,0,10.31,10.31,20.58907,2
0x3e0e8eb414b92dd1a0dae1b322f824cd390612bd,2026-03-19T19:59:59+00:00,2026-03-22T18:05:49+00:00,2,656.66,656.66,0,0,11.81988,2
0x3e275d9852829bdbdf795cdd18100642edce8fa8,2026-06-16T19:21:14+00:00,2026-06-16T19:21:14+00:00,1,156990.0,0,0,0,156.9900,1
0x3e306996bd3e452c2ef1979cdc50284cb2687ad6,2026-04-24T03:56:22+00:00,2026-04-24T06:08:52+00:00,2,0,0,66.519333,66.51,132.563735001,2
0x3e34356e1121a40b7315431e2d7e9e83f38dcafc,2026-06-17T14:40:40+00:00,2026-06-17T14:40:40+00:00,1,1000.0,0,0,0,1.0000,1
0x3e38f8dbe3d0395b008d98a31d4ade94fc86fb1b,2026-05-30T13:38:24+00:00,2026-05-30T13:38:24+00:00,1,0,0,14.0,0,13.9860,1
0x3e46ba0f5db403e5f48f07752fcce427cd3ede81,2026-05-02T05:33:22+00:00,2026-05-02T06:24:40+00:00,2,0,0,1179.398,1179.39,2350.532246,2
0x3e50c94f882e1c2b18424a0e2978e19a8767c95c,2026-05-19T18:40:48+00:00,2026-05-19T20:26:06+00:00,2,0,0,12.4245,12.42,24.7823910,2
0x3e59d41f35f81f5ba215069214830360b0050280,2026-05-28T17:58:04+00:00,2026-05-29T15:44:33+00:00,2,0,0,2002.004,2002.0,3995.995992,2
0x3e6aee1898c37494b2cdb06da1f43c10b16ae86d,2026-05-08T02:41:24+00:00,2026-06-13T18:57:21+00:00,9,1716.0,1716.0,0,0,8.1800,9
0x3e76be205ddaee45d046d3f3275d40bd2dce3369,2026-05-24T10:36:54+00:00,2026-05-25T19:59:16+00:00,2,0,0,182.3645,182.36,363.8126910,2
0x3e827ca4a039056a105ed135f8b76b4e3415ee72,2026-06-01T00:38:59+00:00,2026-06-01T00:39:23+00:00,4,0,0,10.170,10.17,20.309490,4
0x3e9588b5430194534144d6b7240379f63f1bcbee,2026-05-23T14:40:02+00:00,2026-05-23T16:16:30+00:00,2,0,0,22.034,22.03,43.953842,2
0x3ea47d38350fafae5d310e171cf4de791cd5ca98,2026-04-30T02:18:22+00:00,2026-05-30T01:45:48+00:00,3,0,0,8907.206333,8907.2,17787.6803139998968335,3
0x3eb60b613fcd449dece33f761f1ae13d07a36116,2026-05-26T15:40:10+00:00,2026-06-09T15:15:27+00:00,2,0,0,71.142,71.14,142.068576,2
0x3eca186a03417549a823edae9350394d0d4cab82,2026-05-28T13:42:21+00:00,2026-05-28T13:42:21+00:00,1,0,0,2500.0,0,2495.0000,1
0x3ee3af1c08cfc78a0ca02acb2c6048253c2cf9b0,2026-05-01T17:06:12+00:00,2026-05-01T20:56:02+00:00,2,0,0,84.894666,84.89,169.190422002,2
0x3ee7a6902a69d4464227f4356b9d1019bc89bce3,2026-05-30T13:48:05+00:00,2026-05-30T13:52:57+00:00,2,0,0,106.306,106.3,212.287094,2
0x3ee9a012995e8c70292986a2162a58612372da92,2026-05-09T02:52:10+00:00,2026-06-13T03:36:48+00:00,2,0,0,22.467333,22.46,44.837471001,2
0x3eef50372a63ad5ea76e4f3690b379b0c9b5c56c,2026-05-24T02:59:49+00:00,2026-05-24T02:59:49+00:00,1,0,0,26.683,0,26.629634,1
0x3ef193d0c4b4613f103b218129e0fe21ea5c352e,2026-03-13T08:15:33+00:00,2026-03-13T18:49:05+00:00,2,0,0,5.7575,5.75,11.380925,2
0x3ef679730179f767d6264b3a2b4cfd2bf25ec437,2026-04-09T08:37:41+00:00,2026-04-11T19:27:59+00:00,2,183.87,183.87,0,0,2.39031,2
0x3f02a8b650d4b30449e83616f2165460209ca51c,2026-04-29T10:20:28+00:00,2026-05-16T13:54:13+00:00,405,382959.461323,382959.439999,12740.0,0,15125.2503209722370012,405
0x3f20b410be0fbcd81bf57c8df862f001dc525d9b,2026-05-19T05:18:47+00:00,2026-06-15T00:19:25+00:00,20,27019.999996,22019.99,0,0,115.0999727473333367,20
0x3f21bd0a8766700a578df2a4b3cae678f86033b8,2026-04-23T13:26:58+00:00,2026-05-06T01:20:38+00:00,2,370.0,0,0,0,1.6000,2
0x3f2203870609e18ce96e8283f1389559cf847f5c,2026-04-25T18:35:28+00:00,2026-05-22T15:31:53+00:00,3,0,0,1976.284833,1382.44,3347.860056001,3
0x3f2346ca4166352cb2e79c493872eb2055c54761,2026-05-02T01:33:32+00:00,2026-05-02T01:45:20+00:00,2,750.0,750.0,0,0,5.2500,2
0x3f3231d24ced70d01f885e1f00508695aa780d46,2026-05-10T05:32:01+00:00,2026-05-10T08:58:40+00:00,2,0,0,195.285666,195.28,389.198689002,2
0x3f395136092f1fb969b35bb31456c7e565f6a2c2,2026-05-14T00:50:30+00:00,2026-05-14T01:48:56+00:00,2,0,0,9100.0,9100.0,18154.5000,2
0x3f49081463a2ea2c612098c9b3b133e965ff8b3d,2026-04-18T07:28:46+00:00,2026-04-18T08:43:46+00:00,2,0,0,55.2662,55.26,109.9183090,2
0x3f4a535ca7c32f90020f5355c1576ae26327b99c,2026-05-17T00:36:30+00:00,2026-05-17T00:36:30+00:00,1,0,0,4.008,0,3.999984,1
0x3f5ecd75392c99a9ee523b4ee8b30e1a5cbcdbf7,2026-05-18T10:37:44+00:00,2026-05-19T12:40:34+00:00,2,0,0,400.0,400.0,798.0000,2
0x3f60ce6496e06b033b4a4e5b6bad70bc9d3f68d8,2026-05-24T02:33:45+00:00,2026-05-24T02:33:45+00:00,1,0,0,1025.4205,0,1023.3696590,1
0x3f60eb79d5a9eeaf54e6da301869975dd150b72b,2026-05-13T19:54:19+00:00,2026-05-13T21:20:53+00:00,2,0,0,58.8275,58.82,117.3533850,2
0x3f7e9f6400ed091b4d654e3c228968c8b064c99a,2026-05-20T14:11:21+00:00,2026-05-20T14:11:21+00:00,1,0,0,68.747,0,68.609506,1
0x3f7fdfd011d92e59eae4b7290e26e96c0be8eac2,2026-01-29T01:26:08+00:00,2026-04-06T00:04:15+00:00,2,14.615383,14.61,0,0,1.1022690003968594,2
0x3f86e0ec08ae2d9a7bb58608f5a4769bcc65ce19,2026-05-03T17:59:38+00:00,2026-05-03T17:59:38+00:00,1,0,0,6.659666,0,6.6396870000021002,1
0x3f8c0b95d4b10867f5aa5d2facc73cef2c70bb53,2026-05-01T08:12:30+00:00,2026-05-01T10:50:56+00:00,2,0,0,1267.221333,1267.22,2525.570789001,2
0x3f8c5dc7f84811504763080e23e7e8f094fc4db8,2026-05-26T03:06:41+00:00,2026-05-26T05:54:50+00:00,2,0,0,847.0,847.0,1689.7650,2
0x3f9d7aa5fcdc693dcc9ce3b5edff826f84a0fbdc,2026-05-26T14:07:20+00:00,2026-05-26T14:07:20+00:00,1,0,0,216.2525,0,215.8199950,1
0x3f9dc1da1d562e9cf5445052b3822c02c3b7cd32,2026-04-26T03:45:40+00:00,2026-05-06T07:41:48+00:00,4,0,0,190.571333,190.57,379.807339001,4
0x3fa0175859803d095145b179a0e99d8d93ee28ed,2026-05-07T17:37:21+00:00,2026-05-07T18:45:48+00:00,2,0,0,84.182333,84.18,167.773066001,2
0x3fa8164cde91a5a9997bc7fd7b9ba4063bf3e20f,2026-05-23T11:58:36+00:00,2026-05-23T11:58:36+00:00,1,0,0,10.0,0,9.9800,1
0x3fa9669eff621129df0a1e77f4c9e6025acec764,2026-06-04T11:12:46+00:00,2026-06-04T11:13:12+00:00,4,0,0,10.170,10.17,20.309490,4
0x3fadd8aa4caa94f314658479801131bc78304f47,2026-05-26T11:43:27+00:00,2026-05-26T11:43:27+00:00,1,0,0,11.172,0,11.149656,1
0x3fae98c9e277d98b35c712c797284ca9766be4ae,2026-04-27T08:42:58+00:00,2026-04-27T09:44:12+00:00,2,0,0,53.490333,53.49,106.605902001,2
0x3fb4129a722c7e1aaa538f04203aae7b306f2725,2026-04-23T08:32:18+00:00,2026-04-23T09:43:52+00:00,2,0,0,103.6582,103.65,206.1680090,2
0x3fb5ef1821553dfa358c5d23dd6f93ce13d49ea0,2026-06-12T04:18:51+00:00,2026-06-12T04:18:51+00:00,1,1000.0,0,0,0,1.0000,1
0x3fb5f9a5611247e93ebe04675b827875381cb8ee,2026-05-27T02:03:02+00:00,2026-05-30T09:50:54+00:00,2,0,0,49.098,49.09,97.991624,2
0x3fbb4ffc38f9ffde960b29f0080588b3767ff49b,2026-04-19T10:06:26+00:00,2026-04-19T11:09:48+00:00,2,0,0,48.7034,48.7,96.8676830,2
0x3fc4a16b076803131a33a7c8ff315f864d9e238f,2026-04-30T06:37:46+00:00,2026-04-30T07:25:52+00:00,2,0,0,65.8915,65.89,131.4520470,2
0x3fe76d6bed098927219b4d7d79abc3c6e9936448,2026-05-02T13:42:58+00:00,2026-05-02T14:36:54+00:00,2,0,0,46.198333,46.19,92.064978001,2
0x3fee2ed38b5e0605e7a7c148cca4da0856014a48,2026-05-16T06:29:38+00:00,2026-05-16T06:49:54+00:00,2,0,0,927.655,927.65,1850.666740,2
0x3ff4703a593e8b23d75617ffdd99bfe64d36b0a5,2026-05-26T07:51:58+00:00,2026-05-26T07:51:58+00:00,1,333.333333,0,0,0,0.999998999000001,1
0x3ffa6a4a809ce5787c609685b16ad67292b7cd3e,2026-05-28T06:04:18+00:00,2026-06-06T16:29:55+00:00,3,2666.666666,0,0,0,6.9999989980000004,3
0x3ffe3923f2b1ec2fa8de9be319706ff4b15e803b,2026-05-22T12:47:04+00:00,2026-05-22T12:47:04+00:00,1,0,0,10.0,0,9.9800,1
0x4020cb72622a1f1d8d493e142c0446b3d93535a9,2026-06-01T11:28:36+00:00,2026-06-01T11:28:36+00:00,1,0,0,7.007,0,6.999993,1
0x40236789302d6c192c552b18daaa723c315deee5,2026-05-21T00:30:26+00:00,2026-05-21T00:30:26+00:00,1,0,0,20.0,0,19.9600,1
0x402c4db67f79eb5fabd71ccf204a17d32af86deb,2026-05-05T07:46:14+00:00,2026-05-05T12:45:28+00:00,2,0,0,2045.135333,2045.13,4075.949407001,2
0x402d0f7e7ec680cbfb13f0e0b7a11f8501b333d1,2026-04-24T04:10:20+00:00,2026-05-28T10:31:56+00:00,4,0,0,94.3955,94.39,188.1593780,4
0x40373a720b48630f6a987abd90864d5f63348542,2026-04-21T16:57:18+00:00,2026-04-21T16:57:18+00:00,1,227.72,0,0,0,1.36632,1
0x4044043389eb06a6ebb71baa5a29501a03518dd8,2026-05-14T09:01:02+00:00,2026-05-14T09:01:02+00:00,1,0,0,10.02,0,9.99996,1
0x40488d4da02f455dccd3fb30f1eec458f0c73d5d,2026-06-03T13:18:08+00:00,2026-06-03T13:20:21+00:00,2,0,0,108.608,108.6,216.882192,2
0x4048dfc9d62d8ace8d81fad0bc63b7d2fe1ccd3b,2026-06-03T11:28:26+00:00,2026-06-03T11:28:26+00:00,1,0,0,422.0,0,421.5780,1
0x404d1398f670f7b10df40739f6858da522a28b6d,2026-06-03T02:27:48+00:00,2026-06-03T02:28:11+00:00,4,0,0,10.170,10.17,20.309490,4
0x405bd1dfc4f3ddc7e79a6fca79aa1dad04083061,2026-05-24T12:31:45+00:00,2026-05-24T12:31:45+00:00,1,0,0,13.0,0,12.9740,1
0x405cb297906fa5868846ea9e6a80b37a3dac4734,2026-04-22T02:02:32+00:00,2026-04-22T02:02:32+00:00,1,333.333333,0,0,0,1.999999998,1
0x405f083b8ea3c236bbf7af006e82e5f548f75852,2026-05-06T03:28:34+00:00,2026-05-06T05:07:34+00:00,2,0,0,878.66,878.66,1751.16938,2
0x407139f1267440affd7cf09a4e4b44487e140b18,2026-05-26T08:38:32+00:00,2026-05-26T08:38:32+00:00,1,0,0,67.3745,0,67.2397510,1
0x407213475ff5da62fbe2260ef786db9fcd7ac225,2026-06-03T15:47:22+00:00,2026-06-03T15:47:22+00:00,1,2000.0,0,0,0,4.0000,1
0x4075f335a2329985374364da453a4e1a6e9d64ce,2026-05-27T20:01:08+00:00,2026-05-27T20:01:08+00:00,1,0,0,47.595,0,47.499810,1
0x4079279093a8983603073e48536d2f9f5d54d9c5,2026-05-16T10:30:56+00:00,2026-05-16T13:50:40+00:00,2,0,0,123.707,123.7,246.788486,2
0x407ae131ee61a3d5554c4de9572a68592509d97b,2026-05-07T12:29:37+00:00,2026-05-17T15:49:04+00:00,4,0,0,18.045,18.04,35.976743,4
0x4090f64e8916a9acd35e89a75a314d26719ab733,2026-02-25T10:22:30+00:00,2026-02-26T06:13:56+00:00,2,10.0,10.0,0,0,0.1700,2
0x40939fcd8569e3e22210fe814d736f7c114c094f,2026-05-19T01:48:15+00:00,2026-05-19T01:48:15+00:00,1,0,0,30.8515,0,30.7897970,1
0x4093bfe7b07080f61d7b31fa309b7ae81a497557,2026-04-20T21:37:10+00:00,2026-04-20T21:37:10+00:00,1,0,0,14.22,0,14.14890,1
0x4097c9977ed3773447b4e8cde4c5c705f24287d9,2026-05-01T10:15:00+00:00,2026-05-01T11:14:26+00:00,2,0,0,83.600666,83.6,166.615464002,2
0x40989829a8773ebf1df23c1c0a6eead568545af3,2026-04-22T10:46:38+00:00,2026-04-22T11:04:56+00:00,2,0,0,4.0,4.0,7.9560,2
0x409f5d76319a96a05d20ed9715bfa00f725e543a,2026-06-05T00:07:19+00:00,2026-06-09T17:59:22+00:00,4,187500.0,187500.0,0,0,375.0000,4
0x40a1b3ef7aadb8aebaa9691389578933affcc62f,2026-05-23T12:32:33+00:00,2026-05-30T08:15:33+00:00,2,0,0,55.0,55.0,109.7250,2
0x40a95895161d5633eadcca2d4cd2dceb6a66ed78,2025-12-11T21:00:05+00:00,2026-01-08T22:10:06+00:00,2,0,0,1.04165,1.04,1.9640640,2
0x40b561362db2fbda986f1ba7620a985526340303,2026-05-20T15:23:04+00:00,2026-05-20T15:23:04+00:00,1,0,0,10.9615,0,10.9395770,1
0x40be9c2f42184d8fa996d23871562d39c928c0f6,2026-05-25T13:44:53+00:00,2026-05-26T02:44:41+00:00,2,0,0,59.118,59.11,117.932434,2
0x40c4c551b57421379b6b56ab146a47b8e37392c7,2026-04-26T07:59:04+00:00,2026-04-26T08:58:20+00:00,2,0,0,90.712,90.71,180.787024,2
0x40d65351fa63521d6e58a29391bab96a39cae215,2026-05-14T13:56:14+00:00,2026-05-14T17:30:55+00:00,2,0,0,75.15,75.15,149.92425,2
0x40d663be9c050cde15edbaf748506abdf802d9d2,2026-03-03T07:35:31+00:00,2026-03-03T07:35:31+00:00,1,375.363636,0,0,0,3.8699999880327264,1
0x40e54f9536c8231572960e9b7b9c7329d9e087a5,2026-05-16T23:19:53+00:00,2026-05-17T20:25:30+00:00,2,0,0,1.603,1.6,3.194994,2
0x40e599284188ca1dcddb7640bc5807b1615873ae,2026-05-27T16:53:09+00:00,2026-05-27T16:53:09+00:00,1,0,0,17.214,0,17.179572,1
0x40e8ad38ec6c4cc3ccd0b2cd856ea8336c59314a,2026-06-04T12:02:36+00:00,2026-06-04T12:06:45+00:00,2,0,0,105.685,105.68,211.047955,2
0x40f1b448a074d3c20bdd5dd181048e26ac18bc19,2026-06-01T17:27:14+00:00,2026-06-01T17:28:59+00:00,6,0,0,12.960,12.96,25.881120,6
0x40f288c29749aa9bd81ac89a590500c61aef4aef,2026-05-06T09:39:44+00:00,2026-05-06T13:56:42+00:00,2,0,0,90.872333,90.87,181.106236001,2
0x40fdb9405711c3013c0b20480f7049e932a16190,2026-03-17T05:28:17+00:00,2026-04-03T03:20:05+00:00,2,0,0,5.649071,5.64,11.1648639997860219,2
0x411912c774047943908837a18b76f77d23e10fcb,2026-05-25T14:18:38+00:00,2026-05-25T14:18:38+00:00,1,0,0,23.617,0,23.569766,1
0x411c9b110b2b573a3168732359b05f0f89e767cd,2026-05-22T07:54:28+00:00,2026-05-22T07:54:28+00:00,1,0,0,60.12,0,59.99976,1
0x4125afb92fbc29bd1b4e04249ca68ecd68b12e8d,2026-05-01T07:55:28+00:00,2026-05-01T09:25:22+00:00,2,0,0,752.74,752.74,1500.21082,2
0x4129b8ce80eb18e4315fad0c202bcf8940d04dc9,2026-06-10T16:30:37+00:00,2026-06-10T16:30:37+00:00,1,5820.0,0,0,0,5.8200,1
0x4146bfbaea5589b4067f912fee86b9661df9b6ae,2026-04-23T17:30:02+00:00,2026-04-23T18:18:40+00:00,2,0,0,63.289666,63.28,126.126677002,2
0x414deed488b89660474a0c9790c76bc8f0bb5626,2026-05-19T16:14:20+00:00,2026-05-30T06:19:12+00:00,2,0,0,9.719,9.71,19.390142,2
0x41516b7453cce47fc485838e10feddc8e31f3d77,2026-03-27T08:42:47+00:00,2026-03-27T08:51:07+00:00,2,90.909089,90.9,0,0,1.9998989971818388,2
0x4154ae608150aac729a50433dc12d76de49adb78,2026-05-09T08:25:50+00:00,2026-05-09T10:46:42+00:00,2,0,0,89.217651,89.21,177.8031580023911745,2
0x415eb539614a9fe8e848e59682d769d438ada839,2026-05-19T23:10:06+00:00,2026-05-20T02:51:39+00:00,2,0,0,96.192,96.19,191.901046,2
0x417667aa49333ca6b5b251cbdc9d25cf74363553,2026-05-24T04:14:54+00:00,2026-05-24T12:48:10+00:00,2,0,0,210.4205,210.42,419.7883990,2
0x4187eb1bd17bd323f5333b7f3193b3b34d5ab6aa,2026-04-25T20:03:44+00:00,2026-04-25T22:24:20+00:00,2,0,0,119.438,119.43,238.031966,2
0x4190023db451a9a545f88c6b23b9b7610dd09735,2026-06-02T14:08:45+00:00,2026-06-02T14:09:27+00:00,6,0,0,15.245,15.24,30.439275,6
0x419e837c754ea5ef21a00c5958a6a2880cf77cfa,2026-04-16T21:46:40+00:00,2026-04-19T12:57:38+00:00,2,0,0,13.5,13.5,26.8380,2
0x419f32f30814030554f5df3e9f508ad7394ce853,2026-04-29T15:42:40+00:00,2026-06-09T16:12:39+00:00,8,3583.333333,1583.33,0,0,11.416658999000001,8
0x41b07f0aa9c8555508516c353a46aacc3acfe478,2026-03-18T14:01:35+00:00,2026-03-18T14:01:35+00:00,1,1000.0,0,0,0,11.0000,1
0x41b398521c28d59700dd8a73d2741eb76c86c138,2026-05-11T04:24:18+00:00,2026-05-11T09:49:50+00:00,2,0,0,39.117333,39.11,77.953541001,2
0x41c003f44ec4e1de8589775728b4cbb06039165c,2026-04-14T15:58:03+00:00,2026-04-14T16:42:06+00:00,2,300.0,300.0,0,0,3.9000,2
0x41c3adc04ce697ef4742a4b1a97356aae8489c8d,2026-03-04T03:03:07+00:00,2026-03-04T09:25:09+00:00,3,0,0,97.64,97.64,193.32720,3
0x41c98e14c4533abc9dadcd0c964b48bf7a8e2089,2026-05-15T06:20:59+00:00,2026-05-16T00:56:35+00:00,2,0,0,121.202,121.2,241.795996,2
0x41c9985ebae56b3151baec663be853ad65952278,2026-05-27T07:10:26+00:00,2026-05-27T07:10:26+00:00,1,0,0,12.735,0,12.709530,1
0x41e1ee32aa93e4eaf4d0a892adc51aeba0818afe,2026-05-08T15:40:24+00:00,2026-05-08T15:55:25+00:00,2,0,0,8.024,8.02,15.987848,2
0x41e7daa541625ac6cdb039c83bd448e09a0d244e,2026-05-14T10:49:28+00:00,2026-05-15T20:11:55+00:00,2,0,0,49.098,49.09,97.942534,2
0x41ec2e20b630c4f0437322a35f19c4a8c12c519b,2026-05-30T08:40:17+00:00,2026-05-30T12:18:29+00:00,2,0,0,8.008,8.0,15.983992,2
0x41f0aa18c7993751fd4330f9612f593a4c4630bf,2026-04-30T08:10:06+00:00,2026-04-30T08:10:06+00:00,1,333.333333,0,0,0,0.999998999000001,1
0x41f86cc24b2d1fa98e8f3b7e928f4c4fba182d21,2026-04-20T04:30:48+00:00,2026-04-20T08:34:28+00:00,2,0,0,52.3516,52.35,104.1257420,2
0x41faa807efea6d4610cead49bea1351a1da0b827,2026-04-21T15:16:38+00:00,2026-04-21T15:16:38+00:00,1,207.92,0,0,0,1.24752,1
0x41fc0db187dee7ff532131126d8d3795e16aa467,2026-03-01T23:13:19+00:00,2026-03-20T17:34:39+00:00,6,0,0,104.87,0,104.00043,6
0x42024a287d649e1cc058acb1a200c93b4265fcda,2026-05-23T03:02:10+00:00,2026-05-23T03:02:10+00:00,1,0,0,192.044,0,191.659912,1
0x4205a141f787ae75771c3eaa55643fabf39d7459,2026-05-24T13:33:25+00:00,2026-05-24T13:39:37+00:00,2,0,0,105.541,105.54,210.553298,2
0x4207c4f53b785c6d0d48512a497ebd845c29b81b,2026-01-29T11:10:36+00:00,2026-06-06T12:49:42+00:00,156,0,310644.49,1343.787290,0,2071.0815709995791770,141
0x421026e463119638b7bc3806e96ce36058bfbf53,2026-05-17T01:51:57+00:00,2026-05-23T00:28:21+00:00,2,0,0,7.014,7.01,13.988942,2
0x4225b95ddb990f12822eee6daf39aa7bad5f7f35,2026-04-11T04:25:29+00:00,2026-04-14T05:36:19+00:00,2,168.31,168.31,0,0,2.18803,2
0x422ed8565395ba643bf3013c2906e5d6f77317d2,2026-06-04T18:40:03+00:00,2026-06-04T18:40:18+00:00,4,0,0,10.160,10.16,20.289520,4
0x422fb89f7969702becc6d55b33fd2d1e2ebd9a91,2026-05-30T02:44:48+00:00,2026-05-30T02:50:12+00:00,2,0,0,106.206,106.2,212.087394,2
0x422fef5e23b10ce5ba79a0594ef6cd94643e9513,2026-04-20T07:17:20+00:00,2026-05-15T08:19:54+00:00,4,0,0,221.6504,221.65,441.5172020,4
0x42403b1f91742da31c7a3e29f598ba903f882f35,2026-04-25T08:49:54+00:00,2026-04-25T09:44:32+00:00,2,0,0,166.479333,166.47,331.784015001,2
0x42477970683d4d0a52ec7082fee5d760cc5591c4,2026-06-05T22:56:25+00:00,2026-06-05T22:56:25+00:00,1,2020.0,0,0,0,2.0200,1
0x425deb5dbb6c7d4a6901e89daa18c87d535edbcc,2026-05-19T01:20:22+00:00,2026-05-19T01:20:22+00:00,1,0,0,3.006,0,2.999988,1
0x425e83e7adaf7dbebc4360450ecc33c3a1d9a415,2026-05-20T11:14:55+00:00,2026-05-20T22:33:03+00:00,2,0,0,93.186,93.18,185.900088,2
0x426d194d8e6b0ac02a2843e618afbb4cf527b645,2026-05-23T00:18:38+00:00,2026-05-23T00:18:38+00:00,1,0,0,27.635,0,27.579730,1
0x426e736f447752861b8dc1be927e86537944b261,2026-06-03T10:03:13+00:00,2026-06-03T10:03:13+00:00,1,0,0,38.158,0,38.119842,1
0x426f81d25726ab0e710bb6f9961d091fdcf743c1,2026-05-08T03:37:26+00:00,2026-05-16T12:25:12+00:00,6,0,0,17.041,17.04,33.981757,6
0x427224d383e483ca95bb0c0ac5184796901396cd,2026-05-22T12:34:21+00:00,2026-05-22T14:50:09+00:00,2,0,0,19.539,19.53,38.971332,2
0x427b3b5c45390cae41eac503688526cf296fc770,2026-05-10T04:28:43+00:00,2026-05-24T05:13:14+00:00,6,0,0,207.486333,207.48,413.784494001,6
0x428014778c3bbd3d8336efad24a024794ca57548,2026-04-26T03:37:30+00:00,2026-04-26T04:37:06+00:00,2,0,0,95.837333,95.83,190.996501001,2
0x4282cd3cc3bfad819275b1097015e5e58226ea9d,2026-05-06T03:59:58+00:00,2026-05-06T03:59:58+00:00,1,100.0,0,0,0,0.3000,1
0x4288608ef6032170843c57e88ff80c6fbd4a3743,2026-03-04T08:53:33+00:00,2026-03-04T09:00:51+00:00,2,500.0,500.0,0,0,10.000,2
0x428e3ea2970c4b13cefc9ec8e5b003cde296472f,2026-04-15T11:55:06+00:00,2026-04-15T11:55:06+00:00,1,142.857142,0,0,0,0.999999994,1
0x4293cf5a017d9d64c9da445e678268f964cf11fd,2026-05-06T16:27:38+00:00,2026-05-23T14:48:46+00:00,3,0,0,61.868166,44.89,106.409975002,3
0x4294be1ce85268fcb978bccf675d0bdfe0615c34,2026-05-04T12:02:20+00:00,2026-06-06T03:01:36+00:00,12,0,0,1198.099666,1198.09,2389.196597002,12
0x4299f21b0c0fe81c0c7b56e6d77f64b82ef53722,2026-04-30T21:46:14+00:00,2026-04-30T21:46:14+00:00,1,250.0,0,0,0,1.0000,1
0x42a501ea1524c6c28b8851aad39140f47abae494,2026-05-26T04:15:57+00:00,2026-05-26T07:37:51+00:00,2,0,0,79.098,79.09,157.792534,2
0x42a5a711e4849e53a9095423d56746de52b16b33,2026-05-04T13:21:54+00:00,2026-05-04T13:47:20+00:00,2,0,0,984.252666,984.25,1961.612908002,2
0x42aa397fe530dbf8ec0f69264c0aaed4c7e07ae8,2026-05-20T15:58:25+00:00,2026-05-23T15:16:47+00:00,2,0,0,10.02,10.02,19.98990,2
0x42b279b94eb8404095b0b1f9ffcd9038461c00c3,2026-01-09T16:52:54+00:00,2026-01-09T16:52:54+00:00,1,0,0,5.0,0,4.9750,1
0x42bb4bc124f6227d8aa320c493ad8eb57834e254,2026-03-26T11:45:37+00:00,2026-03-26T13:22:07+00:00,2,0,0,7.568111,7.56,14.9843980002431889,2
0x42d9d2d6f162c6fb4df64aad2761329bc9190211,2026-04-30T10:13:38+00:00,2026-06-06T18:33:42+00:00,8,0,0,66.30,66.30,132.37076,8
0x42f462a9d516d79857d3c967b60a00431e6d49e1,2026-05-14T17:01:14+00:00,2026-05-14T19:38:51+00:00,2,0,0,52.8255,52.82,105.3813890,2
0x42fb2c2c10d5fbd7bf9aafab99edaf9f01860e85,2026-05-16T12:12:22+00:00,2026-05-16T16:22:34+00:00,2,0,0,89.148,89.14,177.842284,2
0x4300ccf940a0239a1857db12a69a83d182d3c5c9,2026-04-13T13:31:51+00:00,2026-04-16T21:48:14+00:00,2,190.94,190.94,0,0,2.48222,2
0x4312294e6deed228156023cd450a277e1a27ca06,2026-05-18T08:28:15+00:00,2026-05-19T11:40:41+00:00,2,0,0,56.112,56.11,111.941446,2
0x431a5c6607c0bab19f91b036a963d9b21b3b8fa2,2026-05-18T15:05:22+00:00,2026-05-18T15:28:28+00:00,2,0,0,1000.4205,1000.42,1995.8383990,2
0x432519f460f413744617681b4e14d3c16d49aa54,2026-06-15T14:47:55+00:00,2026-06-15T14:47:55+00:00,1,1000.0,0,0,0,1.0000,1
0x433a123f352d9e4c02d5e6b77acd8d7f155ac32f,2026-05-18T01:07:22+00:00,2026-05-18T01:07:22+00:00,1,0,0,6.012,0,5.999976,1
0x4346447a56dba790025862f2d3521919be6b8a42,2026-05-27T02:01:30+00:00,2026-05-27T02:01:30+00:00,1,0,0,6.212,0,6.199576,1
0x434ee1e7f77c5ed042c504da17ae2760fcdaee76,2026-05-18T21:03:09+00:00,2026-05-18T21:03:09+00:00,1,0,0,5.4405,0,5.4296190,1
0x435369035231089b216318cf37e9377b652a47f2,2026-06-06T12:51:33+00:00,2026-06-06T12:51:33+00:00,1,0,0,2.0,0,1.9980,1
0x43614c23c058f1fa810c4f9dc7d120fc477d873f,2026-04-30T22:11:06+00:00,2026-05-14T06:48:21+00:00,2,3000.0,3000.0,0,0,18.0000,2
0x436a643072471a27581a128f9952a423186ca99a,2026-05-30T03:18:20+00:00,2026-05-31T00:06:44+00:00,2,0,0,6.006,6.0,11.987994,2
0x43824c6939ec43168a97fb5fe801e0034bd441bf,2026-05-25T12:05:05+00:00,2026-05-25T12:06:03+00:00,2,0,0,65.13,65.13,129.93435,2
0x43868ff6e521ff9b451662d6509dd4aa1f5633a2,2026-05-25T07:57:12+00:00,2026-06-02T17:17:48+00:00,2,0,0,59.118,59.11,117.991544,2
0x439b5d03dc4730448584aa84cd633c4fe5ac58ba,2026-05-17T10:24:37+00:00,2026-05-17T10:36:26+00:00,2,0,0,5.01,5.01,9.99495,2
0x43a73e1988b8d7fe73870d854026a6f3222c0b46,2026-03-23T08:48:35+00:00,2026-03-25T10:45:11+00:00,7,209.991222,209.99,0,0,4.299810998,7
0x43ae554461ba7a0d36f320da8e5f1ba9456f654a,2026-05-10T13:53:32+00:00,2026-05-10T16:21:26+00:00,2,0,0,47.452333,47.45,94.570176001,2
0x43e2e71c9ed34d9a3ef82d04e1823642151e7030,2026-05-22T18:21:43+00:00,2026-05-22T18:21:43+00:00,1,0,0,19.9895,0,19.9495210,1
0x43e98f912cd6ddadaad88d3297e78c0648e688e5,2026-04-30T10:11:52+00:00,2026-05-19T12:15:31+00:00,3479,1291022.051771,1291022.049972,0,0,8420.8492862797065924,3461
0x43f2ba199ee707da96560d2e33a7d1b70ee9ced5,2026-03-04T05:57:43+00:00,2026-03-04T05:57:43+00:00,1,100.0,0,0,0,1.000,1
0x43f37bf3180bd8bd0e4cb1fdce9383388bf7f39c,2026-04-23T17:48:38+00:00,2026-05-23T09:44:42+00:00,3,0,0,114.933833,84.53,198.811312001,3
0x43fa4e701ab618c675beab4760b72d7b2a7fb1dd,2026-05-13T01:22:15+00:00,2026-05-13T13:54:31+00:00,2,0,0,105.21,105.21,209.89395,2
0x4411379d7b47735ddad7ad529c51c7c7956f1eff,2026-04-16T21:47:06+00:00,2026-04-19T12:57:44+00:00,2,190.94,190.94,0,0,2.29128,2
0x44127b2233b53b7f9f42ab838f49bd385c15cc19,2026-05-03T03:40:22+00:00,2026-05-04T04:57:00+00:00,2,0,0,923.96,923.96,1841.45228,2
0x4428b15baccf6c02cd716eaa18b6a3bb125aceca,2026-05-21T07:44:04+00:00,2026-05-24T19:25:18+00:00,2,0,0,134.2685,134.26,267.8571830,2
0x442a7a188e0aa4093e7980cb89ab9335e544850d,2026-05-27T12:50:53+00:00,2026-05-27T12:50:53+00:00,1,0,0,5.52,0,5.50896,1
0x44343e37e104e21736d0538a9b165b53f8f9bdab,2026-05-27T16:00:30+00:00,2026-05-27T17:31:44+00:00,2,0,0,10.02,10.02,19.98990,2
0x4450a0cd6ef122ad57d86534f572496b7f1bd798,2026-05-26T23:16:05+00:00,2026-05-26T23:16:05+00:00,1,0,0,632.8155,0,631.5498690,1
0x446356d6942c3874f59734a22141276da16ae9a4,2026-05-23T07:51:28+00:00,2026-05-23T12:32:33+00:00,2,0,0,8910.0,8910.0,17775.4500,2
0x4464feb89abf4b7caa5e58f96089471919ebac12,2026-05-06T12:24:52+00:00,2026-05-06T12:24:52+00:00,1,0,0,35.105,0,34.999685,1
0x448c8961f3717ab297b7b25c2b846a45f6588255,2026-05-14T17:40:05+00:00,2026-05-14T17:54:38+00:00,2,0,0,8.016,8.01,15.985938,2
0x44943df734759de4cb136d80aa4e99de18eb2cbf,2026-05-18T11:58:10+00:00,2026-05-18T13:16:11+00:00,2,0,0,65.611,65.61,130.892948,2
0x44aa6366ac514dc65308f8ba98a5c6302cc0f27e,2026-05-27T22:51:26+00:00,2026-05-27T22:51:26+00:00,1,0,0,13.9275,0,13.8996450,1
0x44ac0b34c010880f6331ec1e56e21f46047c7b81,2026-06-04T21:14:58+00:00,2026-06-04T21:15:16+00:00,4,0,0,10.160,10.16,20.289520,4
0x44b99657241697897812951daa875cdb9f5967c8,2026-05-30T08:16:38+00:00,2026-05-30T08:22:45+00:00,2,0,0,106.456,106.45,212.586644,2
0x44ca19a2f1a94c2e7f9dfbb26ef126f5df87553a,2026-05-26T07:07:08+00:00,2026-05-26T10:50:26+00:00,2,0,0,123.246,123.24,245.869788,2
0x44ca401928e5b22fd7704f2999d255f3e96d3296,2026-03-15T08:04:41+00:00,2026-03-15T08:42:37+00:00,3,0,0,10.79,10.79,21.32104,3
0x44caae7da6e2be471995e7d5d07baeda6dcb596f,2026-06-01T23:43:50+00:00,2026-06-01T23:44:06+00:00,4,0,0,10.160,10.15,20.279540,4
0x44ed8363c19703ff7a61817369d5344b88c62e24,2026-05-31T12:54:27+00:00,2026-05-31T12:54:27+00:00,1,0,0,15.015,0,14.999985,1
0x44efe515fdfa2b6043bbac83d43a67bf2268a7e7,2026-05-23T13:59:04+00:00,2026-05-23T15:02:35+00:00,2,0,0,10.02,10.02,19.98990,2
0x4512b991f8da8f174d97e5a1c65a0da8b9775ba2,2026-05-17T06:23:12+00:00,2026-05-18T03:38:15+00:00,2,0,0,44.088,44.08,87.947584,2
0x451bf304fc68a16e9041f199528e165d36051926,2026-04-12T14:26:01+00:00,2026-04-14T15:32:09+00:00,2,0,0,11.41,11.41,22.67167,2
0x453abdc4213206c6e075e9528bdc0f1c6aeffdb8,2026-03-31T23:12:05+00:00,2026-04-07T05:25:31+00:00,2,10.0,10.0,0,0,0.2000,2
0x453ae5e896ea243f332ed97c1c77bf2888ce81d2,2026-04-13T20:59:57+00:00,2026-05-29T04:41:23+00:00,6,22000.0,22000.0,0,0,162.0000,6
0x4548c709b42c8578f8a2de2524b36eb6a13943b2,2026-05-08T19:58:07+00:00,2026-06-01T17:00:30+00:00,3,0,0,13.118,2.7,15.791366,3
0x45510e9525e281f5af76b26f34c7d5894d44922d,2026-04-18T15:24:20+00:00,2026-05-23T02:33:54+00:00,4,0,0,59.5355,59.53,118.4940950,4
0x45514def8007340fcd8cc2d5c31f5dc69ca9abbe,2026-04-23T17:00:12+00:00,2026-04-23T17:56:56+00:00,2,0,0,88.044,88.04,175.467708,2
0x455dd931a9e5caed413f55f2045b24d0baacb7a2,2026-05-13T11:15:09+00:00,2026-05-22T17:56:40+00:00,22,0,0,3521.3665,3521.36,7025.1196870,22
0x4560328f04f84c40f5e4f6030dc0150099fc8ce8,2026-04-14T12:41:25+00:00,2026-04-14T12:41:25+00:00,1,10.0,0,0,0,0.0700,1
0x4563dd260f0e30bb411e7bc22a3fedd1c76eddd1,2026-04-19T15:56:48+00:00,2026-04-19T15:56:48+00:00,1,166.666666,0,0,0,0.999999996,1
0x4567525d0268cc09f6388a78dec73321d24ef7a2,2026-05-11T16:26:48+00:00,2026-05-11T22:45:17+00:00,2,0,0,71.142,71.14,141.926296,2
0x45776e3223ec2b644b677881cf4db0b16c9472c8,2026-05-05T02:28:56+00:00,2026-06-06T03:11:33+00:00,14,0,0,1386.564832,1386.56,2766.386238004,14
0x458c5bfd9bff538f98216a67b156832e7486c504,2026-03-04T03:03:07+00:00,2026-04-06T04:57:51+00:00,45,0,0,949.9925,949.991874,1877.6426159996340570,43
0x458ec6c277e55f363062faed5c5d121fc58fe906,2026-06-09T17:49:15+00:00,2026-06-09T17:50:01+00:00,2,3050.0,0,0,0,3.0500,2
0x459424bdb4524bef61434077829565ef4e9a5ebb,2026-05-14T08:56:08+00:00,2026-05-19T11:58:50+00:00,8,0,0,1821.6330,1821.63,3634.1548440,8
0x45a7899db41a9806234132c3989f6c45593bfa22,2026-03-15T08:04:41+00:00,2026-03-22T12:55:39+00:00,4,222.952526,222.95,0,0,3.658059994113776,4
0x45aa97a2d73b67205b275724fa2b8ffa62289bc1,2026-05-23T10:09:31+00:00,2026-05-23T10:09:31+00:00,1,0,0,20.0,0,19.9600,1
0x45d0b5c8a9e60b0b45dc63f3032125499d0a4d30,2026-05-23T20:27:23+00:00,2026-05-23T20:27:23+00:00,1,0,0,23.617,0,23.569766,1
0x45d6e775ed27b0683282bcfe3107e8cde954d0c0,2026-05-10T04:01:39+00:00,2026-05-10T06:00:55+00:00,2,0,0,1128.0,1128.0,2248.1040,2
0x45def682c273c4132c7ead38ed33b3828a94862c,2026-05-05T11:36:14+00:00,2026-05-05T13:13:14+00:00,2,0,0,108.324666,108.32,215.886412002,2
0x45df5d2106f30b8824bad4541eaab96da5c45b27,2026-04-04T11:36:59+00:00,2026-06-06T12:49:42+00:00,129,155008.987285,155008.494760,0,0,1123.1629260011355916,127
0x45e1c4c7607cef4ffdff0b0af89927e549cee0ca,2026-03-15T11:08:43+00:00,2026-03-15T11:28:01+00:00,2,0,0,58.933181,58.93,116.4338259998527483,2
0x45e32aa47962edeb46dcc55003d6e8a072958c80,2026-05-08T02:12:40+00:00,2026-05-09T20:52:32+00:00,6,0,0,19.057,19.05,37.973629,6
0x45e74b87d293efa339cada452ca3a37a70280eab,2026-03-22T17:33:03+00:00,2026-03-31T23:09:27+00:00,5,104778.340634,0,0,0,1000.0000011411433370,5
0x45f0364c8d55eebef68131d304f37e486b532c42,2026-03-25T14:49:37+00:00,2026-03-27T13:09:41+00:00,2,0,0,350.0,350.0,692.3000,2
0x45f5bf219bba3e139be77612910b72d7bb90a3e1,2026-05-14T01:58:45+00:00,2026-05-14T01:58:45+00:00,1,0,0,2.4045,0,2.3996910,1
0x460d1d5b710e1992799b9c0f523c7d68df0c0354,2026-03-30T07:19:22+00:00,2026-03-30T08:03:32+00:00,3,1000.0,1000.00,0,0,22.00000,3
0x4612eba542e29ad030f134c3ea97e5dc3a29b24f,2026-05-11T04:02:42+00:00,2026-05-11T05:08:07+00:00,2,0,0,120.742,120.74,240.636814,2
0x46205baf02b165b1edb746faa8c546cc668fae78,2026-05-09T22:52:03+00:00,2026-05-09T23:06:29+00:00,2,0,0,7.021,7.02,13.991857,2
0x462f24a8c36887fc8030b0dae25d6e5233e9d5b8,2026-04-23T04:20:18+00:00,2026-04-23T05:32:18+00:00,2,0,0,73.3466,73.34,145.8798270,2
0x462fb437e455dfbd2facfe20c157cb5a293bfb33,2026-05-08T10:52:02+00:00,2026-05-13T12:11:42+00:00,4,0,0,18.044,18.04,35.977748,4
0x463936352025709f0b545b82b72b8b6636bb8eb0,2026-04-20T06:04:52+00:00,2026-04-20T06:54:32+00:00,2,0,0,50.633,50.63,100.706055,2
0x46431bec23478bdbc6550c7ab1486971d2a28a09,2026-05-28T11:48:52+00:00,2026-05-31T00:02:14+00:00,2,0,0,274.549,274.54,547.990822,2
0x464445315b6868cddc12e4240f0266b1ef5691dd,2026-05-26T06:59:31+00:00,2026-05-26T06:59:31+00:00,1,0,0,100.0,0,99.7000,1
0x46582fcc7176ad71f54dc877293eb7dc8042425b,2026-04-29T18:11:00+00:00,2026-05-05T17:03:24+00:00,2,2000.0,2000.0,0,0,14.0000,2
0x468090317183045a7b47efa0e0b432954ae2799b,2026-05-06T12:16:02+00:00,2026-05-22T18:36:32+00:00,4,0,0,70.630,70.63,140.788022,4
0x4683298b2ef5c6532b6b584cb876974f9b2d0067,2026-05-17T19:01:11+00:00,2026-05-17T23:12:40+00:00,2,0,0,72.144,72.14,143.923292,2
0x4693d95f3d68e2efd90ecdbe5a6128dc7a105019,2026-05-16T10:55:33+00:00,2026-05-16T12:49:56+00:00,2,0,0,165.15,165.15,329.47425,2
0x46a65f19d90ed261bd2de1ed8e52f8c00999d28c,2026-03-25T10:24:27+00:00,2026-04-24T08:00:16+00:00,2,0,0,5.0,5.0,9.9250,2
0x46b60e31fa78e0934b000fb58f1b03e2e63bc338,2026-05-19T14:11:32+00:00,2026-05-19T15:35:06+00:00,2,0,0,12.8355,12.83,25.6013390,2
0x46b98e077315ac5a85fb468d7c4fda2928f67ba5,2026-04-24T11:55:38+00:00,2026-04-24T13:20:42+00:00,2,0,0,209.859333,209.85,418.240355001,2
0x46c2a997af74564908c5f286fc60bfb16d299c36,2026-04-24T06:46:08+00:00,2026-04-24T08:00:16+00:00,2,0,0,83.189333,83.18,165.787045001,2
0x46d961df3530f728b74a0acbaa26e76968bf7ce8,2026-04-30T01:21:04+00:00,2026-05-20T08:45:30+00:00,3,0,0,8952.206333,8952.2,17859.6431139998968335,3
0x46dc5d95c8e8fbe152666e8909ae7ce07edcc07a,2026-05-02T06:36:46+00:00,2026-05-02T09:35:36+00:00,2,0,0,232.537333,232.53,463.439601001,2
0x46e542ca81fb4af65d69b668fbffbee3623564bc,2026-04-20T09:44:10+00:00,2026-04-20T09:44:10+00:00,1,0,0,18.16,0,18.06920,1
0x46ee84132281e482a6ea9eaf2a26db8328b90752,2026-06-04T11:39:40+00:00,2026-06-05T08:59:00+00:00,2,4000.0,0,0,0,5.0000,2
0x46ff1ec84e5da2ea1058a6d2d95b71f3bfb16c90,2026-05-19T19:06:53+00:00,2026-05-28T08:55:42+00:00,4,0,0,25.1595,25.15,50.1837310,4
0x46ffccd3584803ec9dcb997662fddae98f857026,2026-05-28T11:39:41+00:00,2026-05-28T11:39:41+00:00,1,0,0,10.02,0,9.99996,1
0x471befd9403a3c359e18bd2f3751b277388519e4,2026-06-03T20:43:40+00:00,2026-06-03T20:44:04+00:00,4,0,0,10.360,10.36,20.688920,4
0x472a819cfd981049da8b04a30265798418b07cc6,2026-05-18T22:17:54+00:00,2026-05-18T23:30:25+00:00,2,0,0,35.16,35.16,70.14420,2
0x472acbdeaebebf19896caf423bf091bb1bccd664,2026-06-02T18:18:11+00:00,2026-06-02T18:18:11+00:00,1,0,0,1.041,0,1.039959,1
0x4731a7020e42b33e13e5fe3e50cf45a06f0d3907,2026-05-27T23:19:54+00:00,2026-05-27T23:19:54+00:00,1,0,0,12.605,0,12.579790,1
0x474bbb34dec9b63e5a6a8a3efce03010de9cff56,2026-05-21T05:34:13+00:00,2026-05-31T10:31:57+00:00,2,0,0,2.705,2.7,5.394190,2
0x474c2ebdb7d5380f0e7f21c49f24c9ff60d538eb,2026-05-07T02:34:51+00:00,2026-05-07T02:34:51+00:00,1,0,0,4.423,0,4.409731,1
0x474f5c0dec2efaf0b4569f282c082e727746bd7c,2026-05-20T23:52:54+00:00,2026-05-20T23:52:54+00:00,1,0,0,3.507,0,3.499986,1
0x475504f9ea89ddc5f6bb25847de3ab525a980ac1,2026-04-19T08:23:32+00:00,2026-04-19T10:24:24+00:00,2,0,0,55.5978,55.59,110.5762710,2
0x475bcb9a8e5dd9f2df555b448ac13714fa05852a,2026-05-29T18:37:04+00:00,2026-05-30T03:27:04+00:00,2,0,0,30.03,30.03,59.96991,2
0x4761a369ffc448210f3b8a4e202b89c04fa67ce7,2026-05-06T08:45:50+00:00,2026-05-06T08:45:50+00:00,1,0,0,39.909666,0,39.7899369980090334,1
0x47939a2c7ce2cfb3ed6ac86dc346fcbe42841d39,2026-02-25T16:00:06+00:00,2026-02-25T16:00:06+00:00,1,0,0,5.0,0,4.9600,1
0x4797af7391889f83d197cd588f91df9d21b5c96f,2026-05-30T12:14:38+00:00,2026-05-30T12:14:38+00:00,1,0,0,37.0,0,36.9630,1
0x47a636887c8948c1ad886e8daa581857517431a6,2026-05-27T02:54:52+00:00,2026-05-27T04:04:26+00:00,2,0,0,10.3505,10.35,20.6487490,2
0x47ae472386340dc4c3fbcda40f0efe8c7a854aa2,2026-03-21T03:43:29+00:00,2026-03-21T03:56:17+00:00,3,0,0,10000.0,0,9930.0000,3
0x47ba49fd7a2baf75128df1855b8afa726c2dbf77,2026-06-14T00:08:04+00:00,2026-06-14T00:08:04+00:00,1,1000.0,0,0,0,1.0000,1
0x47bc2ec11ea3be4ef8234f36a0476865b6235bf1,2026-05-07T08:53:15+00:00,2026-05-07T09:46:48+00:00,2,0,0,1477.45,1477.45,2944.55785,2
0x47c421296d7f8aa54aa78ded040fc887553619b5,2026-05-11T02:53:53+00:00,2026-05-11T05:21:06+00:00,2,0,0,117.522333,117.52,234.219686001,2
0x47cc805eaea5959bfdaa016304ba4261bbea2fff,2026-06-05T23:54:37+00:00,2026-06-11T12:00:15+00:00,18,241877.0,241877.00,0,0,483.75400,18
0x47dae06b8955d626ac0c2a6c856388ed1536ce18,2026-04-25T16:17:18+00:00,2026-04-25T17:32:24+00:00,2,0,0,1378.786333,1378.78,2747.914854001,2
0x47dc98e467725f2c41a6ddbac8977730edb314d3,2026-05-29T17:18:16+00:00,2026-05-29T19:15:38+00:00,2,0,0,37.347,37.34,74.574973,2
0x47eaa9cdcd592c357d82b7af59d84c29d3168a52,2026-03-11T12:32:05+00:00,2026-03-11T12:35:39+00:00,2,0,0,10.66,10.66,20.97888,2
0x47f00e602c659ee6a36f6d940f3ef437fbbe8008,2026-05-08T11:54:13+00:00,2026-06-04T09:40:49+00:00,3,0,0,10.892666,10.89,21.7107879998214668,3
0x47f29e9fa70137a7c046e7c0030dc7eb56e567ff,2026-05-24T12:19:27+00:00,2026-05-24T12:19:39+00:00,2,0,0,50.2,50.2,100.1490,2
0x47f55059d78db3e61b592891bb9e5edd6adefe66,2026-05-09T05:44:25+00:00,2026-05-09T08:06:33+00:00,2,0,0,241.614666,241.61,481.533382002,2
0x47f73420e75fda5843e825feba5c7829ae110312,2026-04-17T20:14:32+00:00,2026-04-17T20:14:32+00:00,1,10.0,0,0,0,0.0500,1
0x48045ea5096f9b7982707714185d014a03053f54,2026-05-09T09:06:33+00:00,2026-05-15T13:12:52+00:00,10,0,0,29.065,29.06,57.965649,10
0x4806b041659586b27ec35e5bd3ba216350341076,2026-05-10T08:08:23+00:00,2026-06-07T03:14:18+00:00,2,0,0,10.0,10.0,19.9600,2
0x48168a32c22919870262609942cea1d4cde7bd0e,2026-05-06T05:22:22+00:00,2026-05-06T12:24:18+00:00,17,0,0,35.244331,35.22,70.2177179993765009,17
0x4846b559377f147c77928f4bfe053287277decd3,2026-05-08T02:51:10+00:00,2026-05-08T05:07:45+00:00,2,0,0,40.982666,40.98,81.675798002,2
0x4848379a9779a8dcfe80be3ba46e3912f4c50e2c,2026-06-05T14:39:36+00:00,2026-06-06T18:33:57+00:00,6,0,0,39.36,39.36,78.64128,6
0x484f6128670bf8ec07600cedb6a76ef884584117,2026-04-02T12:12:43+00:00,2026-04-03T03:39:35+00:00,2,0,0,8.4,8.4,16.6740,2
0x48568a36385eb6248ced075d35544f31368841f2,2026-05-24T04:14:05+00:00,2026-05-24T11:05:51+00:00,2,0,0,167.3345,167.33,333.8278410,2
0x486eefd542dc66b89a5b34d3e46a26c5930c5534,2026-03-15T08:42:37+00:00,2026-03-18T21:11:15+00:00,23,106.353076,14.30,0,0,1.3716000001326900,15
0x4882abef4167fb152c4f8955971ede209e3166dd,2026-03-18T19:15:47+00:00,2026-03-18T19:15:47+00:00,1,0,0,60.404,0,59.79996,1
0x4886d83d34c58e1338522e280f744103fc7a217e,2026-05-11T15:51:00+00:00,2026-05-15T15:50:40+00:00,8,0,0,40.09,40.09,79.96952,8
0x48958e42f177c47497ae014ea1dd60f318a4742c,2026-04-24T15:23:14+00:00,2026-04-25T12:37:20+00:00,2,256.0,256.0,0,0,1.7920,2
0x489d856aa67acb3324051a979442db8d8055f292,2026-05-09T09:12:54+00:00,2026-05-09T11:58:26+00:00,2,0,0,2037.111333,2037.11,4059.961559001,2
0x48a04fce05fe39fd9e81c90b2a809ce35da96e09,2026-05-24T22:52:23+00:00,2026-05-25T23:19:11+00:00,2,0,0,93.186,93.18,185.900088,2
0x48b9553e8c0317a806e3fb42d7872e863e1a46e2,2026-05-10T08:14:37+00:00,2026-05-10T10:21:51+00:00,2,0,0,819.71,819.71,1633.68203,2
0x48cf0235e12371e2e52861b1953b5279861aaed4,2026-05-21T13:12:39+00:00,2026-06-07T21:33:18+00:00,2,0,0,1.3425,1.34,2.6784750,2
0x48d5ce164dc6e641781c14dad34b2d697a5bec29,2026-05-18T21:22:31+00:00,2026-05-21T13:42:42+00:00,4,13333.333332,13333.33,0,0,66.6666573293333336,4
0x48e05c145071093996bd8460c5f7041cf16f0d1f,2026-05-24T01:53:23+00:00,2026-05-24T06:10:03+00:00,2,0,0,298.597,298.59,595.694036,2
0x48e186a507418b8d1e2d32ef1cd250b038657663,2026-05-14T12:51:06+00:00,2026-05-14T13:14:50+00:00,2,0,0,1022.044,1022.04,2038.973792,2
0x48e55ef5026e1e9fe1a44de86b71baa224e66fec,2026-05-13T06:50:33+00:00,2026-05-13T09:37:00+00:00,2,0,0,208.4165,208.41,415.7844370,2
0x48f570dd255e56a248c1f53f43ce361ecde4b5e0,2026-05-24T14:00:55+00:00,2026-06-04T01:31:21+00:00,6,7033.333332,7033.33,0,0,27.7666479960000008,6
0x48fc4e60e869529a70ca6dfe4ef378a07907eca0,2026-05-16T09:18:58+00:00,2026-05-16T12:45:21+00:00,2,0,0,265.21,265.21,529.09395,2
0x4912c5beb5068ed9056a018ffd2fffdc387cf394,2026-05-09T17:19:44+00:00,2026-05-18T20:33:47+00:00,4,0,0,331.893,331.89,661.784095,4
0x493329cfeed0bc8391f1d94dbd77f413d97f9039,2026-05-13T13:07:37+00:00,2026-05-13T15:32:47+00:00,2,0,0,67.084,67.08,133.828592,2
0x4944cda8bf8cc841a5af95371db51b388e4cfcf3,2026-05-23T11:26:31+00:00,2026-05-23T11:26:31+00:00,1,0,0,15.0,0,14.9700,1
0x4955b02b46cb4dbf14ad15d0fc154b9fb0e6ae44,2026-05-07T05:13:27+00:00,2026-05-07T07:04:51+00:00,2,0,0,72.427,72.42,144.340039,2
0x49575d1420ad6273ed7f4f5c0f1fbd83a415bb76,2026-05-16T21:14:28+00:00,2026-05-17T05:19:25+00:00,2,0,0,50.1,50.1,99.9495,2
0x49586bf2c59c0dc40a1db1457b93f41bb1bb8180,2026-03-26T10:37:49+00:00,2026-03-27T11:06:53+00:00,5,190.909089,190.90,0,0,3.9998989971818388,5
0x4959175440b8f38229b32f2f036057f6893ea6f5,2026-01-28T13:29:55+00:00,2026-01-28T15:03:43+00:00,3,0,0,23.61111,23.01,45.587031000972177,3
0x495d07f618735306aae7f5bcccbfa8e4888ee2fc,2026-05-26T06:59:31+00:00,2026-05-26T06:59:31+00:00,1,0,0,17.0,0,16.9490,1
0x497b366dfcebd461ac9e696401725cda0758e294,2026-05-08T18:18:50+00:00,2026-05-13T14:55:15+00:00,2,0,0,4.012,4.01,7.997934,2
0x497d6188cfc384ea083f2354d567910b8468944c,2026-03-18T13:25:53+00:00,2026-03-24T00:04:59+00:00,2,90.909089,90.9,0,0,1.7271989971818388,2
0x498cc389096f34e0a88e73abb3ee9ebc9f24a5cb,2026-06-02T18:24:24+00:00,2026-06-02T18:24:24+00:00,1,0,0,1.021,0,1.019979,1
0x498d35a77f2943253bb3e7827b0a1408d9e0dc1e,2026-05-21T11:19:59+00:00,2026-05-30T22:49:12+00:00,4,0,0,181.3455,181.34,361.8128260,4
0x498eb7451096893b1140c2bc2c8eea5af5a17653,2026-05-08T12:05:43+00:00,2026-06-05T18:59:58+00:00,2,0,0,9.0,9.0,17.9640,2
0x49a0b413e4f8d98fc79a8226aae396f8fe53f4cf,2026-03-09T04:09:31+00:00,2026-03-09T04:09:31+00:00,1,87.5,0,0,0,0.99999999750,1
0x49a4e688dd14e9bd904710445d12c72ff71f7444,2026-05-17T14:06:34+00:00,2026-05-17T14:06:34+00:00,1,0,0,5.0,0,4.9900,1
0x49bd12a96735259651073bca94648ee92dad27ed,2026-04-24T03:50:48+00:00,2026-04-24T05:23:50+00:00,2,0,0,230.300666,230.3,458.988564002,2
0x49be4d76acf087954bfeb68eb6891f95e423ae99,2026-05-23T01:06:28+00:00,2026-05-26T04:27:18+00:00,2,0,0,37.89,37.89,75.59055,2
0x49c5dfa9c11c6852d7971ae61bfb885f680b129a,2026-05-01T09:18:18+00:00,2026-05-01T09:42:50+00:00,2,0,0,9.0,9.0,17.9370,2
0x49d0205206dc8e3a1a0a88806ea3aa3b3b063357,2026-05-08T14:29:26+00:00,2026-05-08T19:20:22+00:00,2,0,0,239.027,239.02,476.373839,2
0x49d9f4e8d4c0d13993e04f72a978f06247917e2e,2026-05-05T01:49:38+00:00,2026-05-05T03:02:14+00:00,2,0,0,1130.61,1130.61,2253.30573,2
0x49e9307c6d3eaa8998807d441f31c3465c1775aa,2026-05-19T14:12:19+00:00,2026-05-21T20:39:47+00:00,2,0,0,77.154,77.15,153.918242,2
0x49eea54fdeb71a22c49f554c87fbcf8c5f04821c,2026-05-03T10:57:16+00:00,2026-05-03T12:25:20+00:00,2,0,0,98.595666,98.59,196.495519002,2
0x4a00a3ffeb21c7baaced69352b2e1a36da824968,2026-05-09T14:00:47+00:00,2026-05-31T14:57:43+00:00,2,0,0,79.0,79.0,157.6050,2
0x4a0471853c45a4421bc43b5ba182851c0c5233ac,2026-05-29T09:11:02+00:00,2026-06-04T13:20:49+00:00,12,0,0,279.327,279.32,557.712847,12
0x4a0905a1e298943034bf7223a928d6d974b1c6cb,2026-06-01T21:02:49+00:00,2026-06-02T08:28:01+00:00,2,0,0,7.007,7.0,13.985993,2
0x4a0c83972bed508384bbbbdbcd88990808cd48fd,2026-04-29T18:25:08+00:00,2026-05-10T02:05:38+00:00,2,526.2,526.2,0,0,3.6834,2
0x4a1587952b4011b463827c816c33e420795d97cb,2026-05-29T13:59:23+00:00,2026-05-29T13:59:23+00:00,1,25000.0,0,0,0,50.0000,1
0x4a18dfa8119705b3a22063e0a693bb019090a5ef,2026-05-19T04:35:09+00:00,2026-05-19T14:37:52+00:00,2,0,0,226.4525,226.45,451.7702450,2
0x4a1acf56aff20845811d9e2e53cd3cbd52e47cad,2026-06-01T18:05:27+00:00,2026-06-01T18:05:51+00:00,4,0,0,10.370,10.37,20.708890,4
0x4a1b49e6bf428447ef7790adb07f7cd394c864cc,2026-05-23T15:31:33+00:00,2026-05-24T03:39:49+00:00,2,0,0,75.15,75.15,149.92425,2
0x4a37731027c24333405278f3430a98570bf06b48,2026-04-20T11:13:56+00:00,2026-04-20T11:13:56+00:00,1,0,0,22.43,0,22.31785,1
0x4a3ae1ad9f6a6fb57c0e048cbd2d058213e6cbf7,2026-04-19T07:08:10+00:00,2026-04-19T08:00:02+00:00,2,0,0,59.015,59.01,117.375865,2
0x4a4d164e0baf1858a07d36250a3fa8c919fedf2e,2026-04-22T16:36:52+00:00,2026-04-22T17:31:42+00:00,2,0,0,84.9748,84.97,169.0101060,2
0x4a6912c18b9d194e737923c0278ca6b50c93ff14,2026-05-22T08:38:32+00:00,2026-05-24T10:19:34+00:00,2,0,0,98.0,98.0,195.5100,2
0x4a709fa644ba1bc4c066d3917738932ad10cba3e,2026-05-27T22:46:46+00:00,2026-05-27T22:46:46+00:00,1,0,0,15.7815,0,15.7499370,1
0x4a73a6df0ce4b2f36a052ed8eee0dd9bebb9f8fd,2026-06-03T04:32:05+00:00,2026-06-03T04:32:05+00:00,1,0,0,6.106,0,6.099894,1
0x4a74591f4ac1c5a69d4b79b5362a4b008ba86d6a,2026-05-05T22:03:34+00:00,2026-05-05T22:03:34+00:00,1,0,0,6.74,0,6.71978,1
0x4a91110be9ca291a29c19bb5d2f9401c85db0934,2026-04-19T11:56:18+00:00,2026-04-24T06:43:26+00:00,4,0,0,157.7328,157.73,314.0388220,4
0x4ac7c0cc1c13b4efd1d769b8be1ae4c80fddc45f,2026-04-24T04:14:42+00:00,2026-04-24T05:10:18+00:00,2,0,0,113.39,113.39,225.98627,2
0x4acbaf3d78384b9f4d00e92209f8ba9b9bb5ce77,2026-03-06T16:00:55+00:00,2026-03-06T16:12:29+00:00,2,0,0,190.0,190.0,377.5300,2
0x4afd97e677289e709f276054765024caf8c39aca,2026-06-17T12:10:49+00:00,2026-06-17T12:10:49+00:00,1,1000.0,0,0,0,1.0000,1
0x4b0104022eed803adf011fed491b2051671f95a9,2026-01-31T12:34:36+00:00,2026-04-03T17:20:25+00:00,49,1594.928045,1594.926520,0,0,35.0558180063198403,49
0x4b026aaad5dfaa016de0457bf3e9870ce29c6ee6,2026-05-09T02:21:22+00:00,2026-06-02T08:07:22+00:00,17,0,0,596.2585,547.25,1140.9192330,17
0x4b150e9a6f144d24dcda6373a1984bbfaf6da73f,2026-05-07T16:07:42+00:00,2026-05-07T16:07:42+00:00,1,0,0,3.309666,0,3.2997370000142004,1
0x4b17e4c3caff17cb83801fc9f400ad912e307eaa,2026-05-26T22:08:41+00:00,2026-05-26T22:08:41+00:00,1,0,0,20.04,0,19.99992,1
0x4b1e2009fb2b7bfe6d57cf5ff2de0d26ca7b2cf2,2026-05-21T10:19:01+00:00,2026-05-21T10:20:15+00:00,2,333.333333,333.33,0,0,1.666658999000001,2
0x4b2c8a65f491a0e8effb2fb3bd33787cfbc03b67,2026-05-22T08:38:18+00:00,2026-05-22T10:45:07+00:00,10,0,0,431.862,431.86,861.562696,10
0x4b2cfa7243b9b14372af1e2c80887a1b82c3da3f,2026-06-02T14:33:43+00:00,2026-06-02T14:33:43+00:00,1,0,0,50.0,0,49.9500,1
0x4b3eef72b07298ca04bbe4f87d2c38a4ff36dd5d,2026-04-19T14:22:34+00:00,2026-04-22T02:26:20+00:00,2,199.66,199.66,0,0,2.19626,2
0x4b4dc6af3a8aa20cb704c39b8115767ae080046c,2026-04-25T07:19:50+00:00,2026-04-25T07:19:50+00:00,1,1000.0,0,0,0,4.0000,1
0x4b4eae187c6f3f1f5814e4767564ce2a8755f997,2026-05-09T01:15:23+00:00,2026-05-09T02:49:41+00:00,2,0,0,1180.95,1180.95,2353.63335,2
0x4b55aabcd1a5241cfe849ac505dd94f9baf95338,2026-05-31T14:16:27+00:00,2026-05-31T14:17:00+00:00,2,2000.0,2000.0,0,0,6.0000,2
0x4b5d60f4f13513dd0394c1010a01194fd5ec4528,2026-05-28T12:13:08+00:00,2026-05-28T12:13:08+00:00,1,0,0,12.4845,0,12.4595310,1
0x4b6657e69cae3e199b4aa7a677778847aa628869,2026-05-15T14:19:40+00:00,2026-05-15T22:45:16+00:00,2,0,0,142.2845,142.28,283.8530910,2
0x4b71b6993ad6c49ed45baa561dd198a7c166f28c,2026-05-22T06:53:55+00:00,2026-05-22T19:11:57+00:00,2,0,0,203.4065,203.4,405.7894870,2
0x4b7410aefbf0f38012b0dfb1131a4de147a9e8d7,2026-04-29T10:20:28+00:00,2026-05-11T15:57:32+00:00,3,0,0,567.0,567.0,1130.5980,2
0x4b7df422a0e0580e8a32de12ac2a568cc02e3ae2,2026-06-02T20:51:13+00:00,2026-06-02T20:51:31+00:00,4,0,0,10.370,10.37,20.708890,4
0x4b83387fd71bd14a6a514b31d79b9decaa00d37c,2026-05-16T01:34:09+00:00,2026-05-16T01:34:09+00:00,1,0,0,6.012,0,5.999976,1
0x4b8499afb06003d7d0b8696303b69ef9d19cf182,2026-05-26T06:59:31+00:00,2026-05-26T06:59:31+00:00,1,0,0,10.0,0,9.9700,1
0x4b88d6d0644886e41fb630edd162732ffaf8c708,2026-05-30T11:37:12+00:00,2026-05-30T11:48:38+00:00,2,0,0,107.107,107.1,213.885693,2
0x4b91aa7e2084de59ba1d966dd9799c306878982d,2026-03-15T19:04:03+00:00,2026-06-17T11:49:04+00:00,43,1305.227454,1305.22,0,0,19.6392619997501994,43
0x4ba16791effba89ee934d65bb16d1e9a8b34057e,2026-05-16T01:31:05+00:00,2026-05-16T01:31:05+00:00,1,0,0,6.012,0,5.999976,1
0x4ba1f6fd1af643e454f9b3d5150f5fcb0532f72f,2026-05-18T14:31:47+00:00,2026-05-19T13:04:10+00:00,2,0,0,120.24,120.24,239.87880,2
0x4bac379da2f29d87c01ff737843e396a2cec02b1,2026-03-15T16:42:37+00:00,2026-04-23T13:26:58+00:00,3847,586377.651805,586377.644678,0,0,7139.9008194476180305,3836
0x4bb1af9730f691ced34c3962495380a037ee5ecd,2026-04-18T11:47:30+00:00,2026-04-18T12:45:18+00:00,2,0,0,48.7134,48.71,96.8875730,2
0x4bb1d4bea59fe07f0aade5d876f36e87d23d334c,2026-05-22T13:31:57+00:00,2026-05-22T13:31:57+00:00,1,0,0,45.601,0,45.509798,1
0x4bc5ce1dfcd865352480d6094fb4b947e7b1a968,2026-03-13T18:11:33+00:00,2026-03-13T18:11:33+00:00,1,5.0,0,0,0,0.0550,1
0x4bd4bd4ceb1258f5c12616c0102aa38b9826e82a,2026-05-21T16:37:36+00:00,2026-05-21T17:30:15+00:00,2,0,0,10.02,10.02,19.98990,2
0x4bd5cd321aea6ec6d3bff97f68ab574c92a3285e,2026-05-03T03:49:16+00:00,2026-05-04T05:32:28+00:00,2,0,0,943.27,943.27,1879.93711,2
0x4bda0d43b30e7881d1633814d99960332e8ab133,2026-04-27T08:43:26+00:00,2026-04-27T08:43:26+00:00,1,5000.0,0,0,0,20.0000,1
0x4bdacd536999321cac0a3d5d77e9e4031bd33bb8,2026-05-11T05:19:50+00:00,2026-05-11T06:15:22+00:00,2,0,0,90.822333,90.82,181.006586001,2
0x4be49dfc7d58f8a8c031456c7a58502c6caf3c6d,2026-05-20T03:07:17+00:00,2026-05-22T03:25:59+00:00,2,0,0,103.206,103.2,205.889988,2
0x4beea8e177b5023747729f1d9b25a0725f09d25d,2026-04-30T22:07:12+00:00,2026-04-30T22:23:28+00:00,11,110.0,0,0,0,0.4400,11
0x4bf0bc20f22e6e4e2650cd3231a4e33051d845a7,2026-05-17T18:36:32+00:00,2026-05-18T18:22:47+00:00,2,0,0,440.0,440.0,877.8000,2
0x4bf5e9b9932666567afdd2a788a80ba41b97377c,2026-05-23T12:05:55+00:00,2026-05-27T17:27:57+00:00,3,303.0,303.0,0,0,1.5150,3
0x4bfeb08bebabafba304c1d5afb213ebf5a25af6e,2026-05-20T08:52:25+00:00,2026-05-20T10:32:10+00:00,2,0,0,10.601,10.6,21.147998,2
0x4c06808572dfb809030615d079d1073c6bce2967,2026-06-01T23:09:43+00:00,2026-06-01T23:09:59+00:00,4,0,0,10.170,10.17,20.309490,4
0x4c16bfd555507a5ed1f4ea382aae98ed3e73f20f,2026-05-24T23:49:00+00:00,2026-05-29T00:59:15+00:00,2,0,0,2.8055,2.8,5.5914890,2
0x4c224de10a3b74c979b14a1645453a76e0e10960,2026-05-31T09:42:45+00:00,2026-05-31T09:51:58+00:00,3,6900.0,0,0,0,13.8000,3
0x4c23ffe99d90e173bc087dd187b37f8c54317cb5,2026-05-22T03:53:36+00:00,2026-05-22T03:53:36+00:00,1,0,0,27.3245,0,27.2698510,1
0x4c25653d3f9436e06d443887809dd755d6b84ac9,2026-05-25T04:26:40+00:00,2026-05-25T05:36:40+00:00,2,0,0,14.4885,14.48,28.8960830,2
0x4c2a306f6ede61c38819d7c2b6d5bc4ec2f25a26,2026-03-23T14:30:45+00:00,2026-04-11T13:41:35+00:00,6,0,250.0,0,0,1.6700,6
0x4c2a34a015c6427c2c7186808373ee1ac5a8471c,2026-05-17T06:57:04+00:00,2026-05-17T12:12:30+00:00,2,0,0,69.8395,69.83,139.3203310,2
0x4c38c3bc9cbe0d16b2db08801ffb52baa3ae5d21,2026-04-30T02:36:02+00:00,2026-04-30T02:36:50+00:00,2,0,0,51.153333,51.15,101.945273001,2
0x4c4089c1c2d4169a9de43fad0382c1cdbfdbaf19,2026-05-21T08:01:37+00:00,2026-05-21T08:01:37+00:00,1,340.0,0,0,0,1.0200,1
0x4c4a13d728557f96b9614f938902f99eb06219db,2026-05-22T23:48:35+00:00,2026-05-23T14:06:54+00:00,2,0,0,39.078,39.07,77.952634,2
0x4c4b5f72fedd0ec6b7bc8505047cf5d95672a1a7,2026-05-22T18:13:03+00:00,2026-05-22T18:13:03+00:00,1,0,0,23.056,0,23.009888,1
0x4c5a7ac8748369b7a5864a511be57a0dbb4a627a,2026-03-31T03:34:03+00:00,2026-03-31T03:34:03+00:00,1,10.0,0,0,0,0.100,1
0x4c6170f44df65a14ea1887dfaefa815b804110c7,2026-05-01T11:16:42+00:00,2026-05-01T12:19:52+00:00,2,0,0,81.293666,81.29,162.014625002,2
0x4c63b88707776899da43d1ffb908d9f2442553d5,2026-03-24T22:15:37+00:00,2026-03-24T22:15:37+00:00,1,0,0,2.02429,0,1.999997999959899,1
0x4c673031a2963178d421790186ddbb7d9033a95c,2026-04-29T23:35:30+00:00,2026-04-29T23:59:24+00:00,2,0,0,9038.0,9038.0,18012.7340,2
0x4c751cc70e3c51a3bea6adbaca293894a32af047,2026-05-22T18:37:30+00:00,2026-05-23T05:39:42+00:00,2,0,0,169.3385,169.33,337.8218330,2
0x4c8506ba18c7840e4fe97900eb637cb2a7ac8f79,2026-05-30T08:51:20+00:00,2026-05-30T08:51:20+00:00,1,0,0,29.0,0,28.9710,1
0x4c8a0f6131b76f658297aee45eb3661f451fb134,2026-05-22T21:49:00+00:00,2026-05-22T22:43:50+00:00,2,0,0,25.2505,25.25,50.3742490,2
0x4cac19463baf1480f5cb9d3bd7ee52dc1d33d3ed,2026-03-30T07:28:14+00:00,2026-03-31T07:00:55+00:00,3,1500.0,1500.0,0,0,29.05448001000,3
0x4cb184a2f282a996d2b2fad0a7519f1037b27505,2026-05-19T15:01:26+00:00,2026-05-19T15:01:26+00:00,1,1666.666666,0,0,0,4.9999989980000004,1
0x4cb94bb560ddd14728b83a1d6fe8f8896999254c,2026-05-23T15:38:49+00:00,2026-05-23T15:38:49+00:00,1,0,0,40.08,0,39.99984,1
0x4ccc0a6336c48ed5a54a3e0d69e74100bf4f73f0,2026-05-23T16:10:29+00:00,2026-05-23T16:10:29+00:00,1,0,0,423.627,0,422.779746,1
0x4cd5c98a7aaaf77c6a4e6e6a865627b942d2c727,2026-05-10T23:49:47+00:00,2026-05-11T07:10:56+00:00,2,0,0,133.4,133.4,265.8662,2
0x4cd6cb8affd2839c66d3dde4d734c12eca87f9f8,2026-05-01T12:30:30+00:00,2026-05-01T16:44:10+00:00,2,0,0,128.956666,128.95,257.003996002,2
0x4cd91768f72af18568927390307ee9d292119733,2026-04-21T16:19:54+00:00,2026-04-21T17:31:56+00:00,2,0,0,62.0602,62.06,123.4375390,2
0x4ce20f48b3a1f62c2a72d41b9105ac7e2f42d79e,2026-05-03T03:40:42+00:00,2026-05-04T04:57:06+00:00,2,0,0,969.51,969.51,1932.23343,2
0x4ce434667023552bbd72df938b3531d787504f91,2026-03-04T08:42:11+00:00,2026-03-04T09:00:51+00:00,2,0,0,500.0,500.0,990.000,2
0x4ce436712bd5f3500fd581774d7e5103fa720744,2026-05-13T01:01:17+00:00,2026-05-13T01:01:55+00:00,2,0,0,158.3165,158.31,315.8349370,2
0x4cf9da3685e7e4d039e144893eaada5b30e5509c,2026-04-24T03:20:26+00:00,2026-04-24T04:04:34+00:00,2,0,0,65.095,65.09,129.729355,2
0x4cfa50bbfa3f2f707227004444b0feaf48cefa93,2026-05-09T06:28:40+00:00,2026-05-09T06:44:08+00:00,2,0,0,8.024,8.02,15.987848,2
0x4cfa655f561ef205ca2fb5731aa12fd8c6f8f368,2026-05-11T09:05:42+00:00,2026-05-12T04:28:28+00:00,2,200.0,200.0,0,0,1.2000,2
0x4d0be73332dcde669c0890d9fc64db84219f139f,2026-05-26T19:58:28+00:00,2026-05-26T19:58:28+00:00,1,0,0,11.533,0,11.509934,1
0x4d0f8806651fd390b4f19136e06bb535c32ea2c6,2026-05-08T03:56:42+00:00,2026-05-08T06:40:20+00:00,2,0,0,185.677,185.67,370.047289,2
0x4d21ee18aac697a2b370a31cf4bd326526210260,2026-05-21T20:54:46+00:00,2026-05-22T18:32:15+00:00,2,0,0,70.14,70.14,139.92930,2
0x4d2f3b30ce915171c0f74efd638625038a6732db,2026-05-11T06:45:35+00:00,2026-05-11T07:41:07+00:00,2,0,0,82.848333,82.84,165.108428001,2
0x4d303ffd1b07742a9376ba9bf55aaa424a3cf3bf,2026-05-17T04:27:07+00:00,2026-05-17T07:27:54+00:00,2,0,0,83.4865,83.48,166.5490870,2
0x4d329a1b545d871a8d3490b28ed98d847a73bce6,2026-05-23T12:10:07+00:00,2026-05-23T13:31:37+00:00,2,0,0,10.02,10.02,19.98990,2
0x4d3474558898a4b783033b48c92742b4f23bfa9e,2026-04-27T08:06:38+00:00,2026-04-27T08:53:56+00:00,2,0,0,62.868333,62.86,125.288288001,2
0x4d36c0e0d1d3e9c10d17787272c9fbbf55d552f7,2026-03-16T15:17:49+00:00,2026-03-25T08:11:11+00:00,32,0,0,1782.32,0,1765.82725,32
0x4d3e14cdd0aa30e3cf20e1e57d49263c69d12e20,2026-06-14T07:54:12+00:00,2026-06-14T07:54:12+00:00,1,10000.0,0,0,0,10.0000,1
0x4d492ceb3deed30112502bdd423df3c336de46a7,2026-05-10T09:55:23+00:00,2026-05-10T11:19:50+00:00,2,0,0,245.737,245.73,489.746869,2
0x4d4d4b1458926299d7f246bb8e2678b918995770,2026-06-02T16:58:49+00:00,2026-06-02T16:58:49+00:00,1,0,0,5.445,0,5.439555,1
0x4d4e918ec1c3a3195f4e8f8b03002bb736120ba6,2026-05-03T12:11:12+00:00,2026-05-04T04:48:04+00:00,2,0,0,2068.204333,2068.2,4121.926920001,2
0x4d59268a785de3da1d2e6f0719c21d96948917d9,2026-04-18T13:33:50+00:00,2026-04-18T15:00:40+00:00,2,0,0,56.432,56.43,112.241260,2
0x4d5997110ba6c5ebce38f8bddb4153de8c51dc20,2026-05-06T01:00:22+00:00,2026-05-06T01:53:06+00:00,2,0,0,9020.0,9020.0,17976.8600,2
0x4d5de5a969604b01f73dbcdcfb3542b955e6a753,2026-05-10T20:55:01+00:00,2026-05-11T05:24:06+00:00,2,0,0,244.734,244.73,487.750878,2
0x4d5fde7e26bcd2afec1291690b02bb5642320266,2026-05-10T08:23:50+00:00,2026-05-10T08:35:34+00:00,2,0,0,6.018,6.01,11.985906,2
0x4d67401172602c56d0af14908237214ba0a2750c,2026-05-26T06:21:34+00:00,2026-05-26T06:21:34+00:00,1,0,0,59.7795,0,59.6599410,1
0x4d6eded20b067f4e54c32d2b5f33de18385ccd39,2026-02-28T12:35:39+00:00,2026-03-02T09:23:07+00:00,2,529.0,529.0,0,0,11.1090,2
0x4d7a6ca484308df35c6e063fa7c7e094e5931e53,2026-04-27T07:37:06+00:00,2026-04-27T08:50:12+00:00,2,0,0,43.711,43.71,87.115027,2
0x4d89cba7265bca91b128e6271d780521f6f1fe5b,2026-05-08T12:33:11+00:00,2026-05-16T15:49:22+00:00,8,0,0,25.065,25.06,49.969605,8
0x4d8f7ccea1a506661419daa4f935de491e07ad82,2026-04-23T09:21:08+00:00,2026-04-23T10:27:00+00:00,2,0,0,72.6934,72.69,144.5837930,2
0x4daae0b253fe5ec65c7e2a67eeacd2fcb84a9f60,2026-04-24T06:25:04+00:00,2026-04-24T07:23:48+00:00,2,0,0,79.648666,79.64,158.731160002,2
0x4dc6fb302751c9f1a11fdbdea5c627d220db6ae3,2026-04-21T10:46:52+00:00,2026-04-23T13:27:28+00:00,8,833.333332,833.33,0,0,8.346469992,8
0x4dcee06a6a1ba1da16e3b5bada36d31fa35e6cac,2026-05-22T08:55:36+00:00,2026-05-22T08:55:36+00:00,1,0,0,11.022,0,10.999956,1
0x4ddcb6e0c9009eeca755b7180c4f0a8a552b0578,2026-05-19T01:03:03+00:00,2026-05-19T01:03:03+00:00,1,0,0,6.012,0,5.999976,1
0x4ddccfaafc916bc5bf0cf750105936375526db1b,2026-04-26T08:52:32+00:00,2026-05-24T04:59:44+00:00,6,0,0,406.575332,406.57,810.366543004,6
0x4de50872358dea0edae1a9d627b56b29b1b54115,2026-05-23T01:32:48+00:00,2026-05-23T01:32:48+00:00,1,0,0,19.3785,0,19.3397430,1
0x4deeeda6597d926501494c884d7c1c6da02b8900,2026-05-22T10:59:09+00:00,2026-05-23T12:29:45+00:00,2,0,0,61.122,61.12,121.936396,2
0x4df7da721042bf8b75bd1cb7acbeb7f83aaf522d,2025-12-11T21:18:41+00:00,2026-03-13T06:11:21+00:00,12,0,0,472.176958,0,467.1999090004984826,12
0x4dfa19fe678dec8abd0099d6e185b68da1fea4e1,2026-05-16T07:21:12+00:00,2026-05-16T10:38:39+00:00,2,0,0,56.112,56.11,111.941446,2
0x4dfa8422a9709adbe002c9cf40a981203f0046a0,2026-06-04T08:32:07+00:00,2026-06-04T08:32:07+00:00,1,0,0,133.133,0,132.999867,1
0x4e03e8adc32f4117704e1318c84247b5b9a4a8b3,2026-05-17T02:11:45+00:00,2026-05-17T02:11:45+00:00,1,0,0,50.0,0,49.9000,1
0x4e05891b33654e84e0f82da811fb3476db91b136,2026-05-30T04:20:30+00:00,2026-05-30T12:28:29+00:00,2,0,0,8650.0,8650.0,17274.0500,2
0x4e09a94e3d2eae704adeb21b13e744e24ea50fe1,2026-04-28T01:27:14+00:00,2026-04-28T01:27:14+00:00,1,1700.0,0,0,0,5.1000,1
0x4e0b8c142151f8931e7f95a8d01188573bef5f9d,2026-06-09T17:15:58+00:00,2026-06-09T17:15:58+00:00,1,250000.0,0,0,0,250.0000,1
0x4e0f07d44dc74ac83d23652f2d01d535b8ecc332,2026-05-28T07:43:36+00:00,2026-05-28T07:58:43+00:00,2,0,0,23.046,23.04,45.970788,2
0x4e1ab68e6211e4bff90f5dcfc849d278ab341a77,2026-05-21T12:08:50+00:00,2026-05-21T21:07:41+00:00,2,0,0,270.541,270.54,539.728298,2
0x4e283987571dea054b7b1ea4d956b7e4b50b2ea4,2026-04-18T17:06:30+00:00,2026-04-18T17:57:46+00:00,2,0,0,58.0,58.0,115.3620,2
0x4e2aeac7a991124da20dd7984525840ce8beb11a,2026-05-07T04:35:46+00:00,2026-05-26T14:50:34+00:00,4,0,0,6.816333,6.81,13.5858610000372001,4
0x4e46b9f0294af694769ba6432c0f1132329e2819,2026-05-29T17:21:16+00:00,2026-06-11T11:48:24+00:00,2,3950.0,0,0,0,6.9000,2
0x4e492d3225e4f6b61926edfdb5ed05f9bbe4de59,2026-05-23T16:28:39+00:00,2026-05-23T23:06:43+00:00,2,0,0,236.4725,236.47,471.7601450,2
0x4e70510b60ccc7f3699177d8225bbd02679e6367,2026-06-01T20:39:16+00:00,2026-06-02T19:56:41+00:00,2,500.0,500.0,0,0,1.5000,2
0x4e70f885ebb171d842b3e3dea22a38262594b579,2026-05-27T23:22:33+00:00,2026-05-27T23:22:33+00:00,1,0,0,47.4345,0,47.3396310,1
0x4e72c22cd76f9973a48aedfd79feeaacc8b7ffb9,2026-05-26T15:20:34+00:00,2026-05-26T15:20:34+00:00,1,0,0,75.0,0,74.8500,1
0x4e7cb10d8a61f12e967806fd24dba7d8d80b7cf8,2026-05-06T08:46:14+00:00,2026-05-06T09:09:32+00:00,2,0,0,4.0,4.0,7.9720,2
0x4e82b48d33effb610b959fe8b0f7785829659ee3,2026-05-11T02:05:11+00:00,2026-05-12T02:10:43+00:00,2,0,0,6.318666,6.31,12.5907800001044002,2
0x4e8e34ab096994acc99ab572dc5598ade797b6b4,2026-05-18T09:56:36+00:00,2026-05-18T09:56:36+00:00,1,333.333333,0,0,0,0.999998999000001,1
0x4e96c6e58f9e02de35a2657fc9a3ead4818861c5,2026-05-27T22:08:49+00:00,2026-05-27T22:08:49+00:00,1,0,0,14.3485,0,14.3198030,1
0x4ea0b83c651a4422672c5184c08780acf8d5758c,2026-05-15T15:44:31+00:00,2026-05-15T15:50:49+00:00,2,0,0,954.9095,954.9,1905.0349810,2
0x4ec21abe14170dccbb0a366a9e98aebbd0c243c2,2026-04-21T16:56:48+00:00,2026-04-21T16:56:48+00:00,1,0,0,10.59,0,10.53705,1
0x4ee75033cc039595e7682775c43f4b3d56bfa527,2026-05-17T01:33:43+00:00,2026-05-17T01:33:43+00:00,1,0,0,10.0,0,9.9800,1
0x4eec9e26657ceaf4b9804d53a4b140deb2bdbeed,2026-05-25T10:40:32+00:00,2026-05-25T10:44:28+00:00,2,0,0,106.603,106.6,212.669994,2
0x4ef2d08ca5f04611cf8beab57a2f597b0b8a80fc,2026-05-27T23:23:29+00:00,2026-05-28T00:46:35+00:00,2,0,0,8810.0,8810.0,17575.9500,2
0x4efa70ad97b5c486a58f60eb2086bcb2c92575a0,2026-05-28T07:54:27+00:00,2026-05-28T10:53:06+00:00,2,0,0,8902.0,8902.0,17759.4900,2
0x4f0f6f3a5eb63f9bb94fdf9c6a611ea91bc92f4f,2026-05-06T14:20:50+00:00,2026-05-06T14:20:50+00:00,1,0,0,12.036,0,11.999892,1
0x4f1ab94bb96c19bb7e3b3c5e882142cd3ad3af3b,2026-05-13T11:25:29+00:00,2026-05-13T11:29:23+00:00,2,6666.666666,6666.66,0,0,33.3333193313333334,2
0x4f1d5ae26fc31472966e951af3183308736d8de2,2026-04-29T06:31:48+00:00,2026-06-06T16:05:15+00:00,470,0,93.41,29130.24,0,29067.82383,470
0x4f251fdc69fe44f8197c4ad89bdc4fc9fc682def,2026-06-03T17:46:33+00:00,2026-06-03T17:49:57+00:00,2,0,0,105.755,105.75,211.187745,2
0x4f2e1d19e387b240c20a72da099675767c431d65,2026-05-08T14:47:16+00:00,2026-06-14T06:54:24+00:00,2,0,0,65.0,65.0,129.7400,2
0x4f30b58b60f5f077bf3b74d04e37d69075856a36,2026-04-16T16:39:34+00:00,2026-04-16T16:39:34+00:00,1,0,0,35.3,0,35.0882,1
0x4f33072c84bb9c7a54176297984166f58a824df7,2026-04-23T04:03:24+00:00,2026-04-23T04:55:46+00:00,2,0,0,169.226,169.22,336.584550,2
0x4f4e72bb5e6b8e75ef0a6cc4ca984306ea50b0c2,2026-03-23T14:04:49+00:00,2026-03-29T11:48:30+00:00,4,238.59,238.59,0,0,4.37181,4
0x4f5625471d2bb43b8030c6799bca94abf32ef8da,2026-05-22T21:24:36+00:00,2026-05-22T22:21:23+00:00,2,0,0,10.02,10.02,19.98990,2
0x4f5b795a0f78e665f3afebf5641eb5a196119602,2026-01-13T14:20:27+00:00,2026-01-13T14:20:27+00:00,1,5.96,0,0,0,0.01192,1
0x4f5e785e916677dd6ceb5c004641182a0a506e44,2026-04-19T14:21:44+00:00,2026-04-22T02:24:46+00:00,2,0,0,27.15,27.15,54.00135,2
0x4f7013575f450d77ede526c03ff075c1200dcb98,2026-05-14T16:02:43+00:00,2026-05-16T03:35:22+00:00,2,0,0,110.22,110.22,219.88890,2
0x4f744681dba8a3456243be43b30256b2a26bc6ca,2026-05-15T10:42:08+00:00,2026-05-24T05:57:44+00:00,2,0,0,413.8275,413.82,825.5783850,2
0x4f8a6d8b2a28a6e0b4962fa40a7d3235d7dc2a12,2026-05-25T04:33:05+00:00,2026-06-14T12:14:36+00:00,2,0,0,42.8555,42.85,85.5769390,2
0x4f8f78f9f707602984a68923bfee059e8b19bc1c,2026-04-08T21:39:43+00:00,2026-04-11T19:18:01+00:00,2,142.857142,142.85,0,0,1.857099994,2
0x4f99999293719908448320cabb8234b7c97fb295,2026-03-12T15:00:07+00:00,2026-03-12T15:00:07+00:00,1,0,0,2.725384,0,2.6899540000963864,1
0x4fa6b66678fd0cd9866f05f7621b05cdeaac4688,2026-05-06T05:37:34+00:00,2026-05-06T07:01:48+00:00,2,0,0,66.238666,66.23,132.005030002,2
0x4fac9933f3ca39bd71e018262a399b598cc263f0,2026-05-24T19:33:13+00:00,2026-05-25T06:59:53+00:00,2,0,0,289.579,289.57,577.701132,2
0x4fb2ea4a02799745e3161ce41fc642cd4dc5771a,2026-05-11T20:26:33+00:00,2026-05-11T22:30:09+00:00,2,0,0,154.669,154.66,308.555682,2
0x4fb6f15e0c687e0dba58e638f91858467ddfed32,2026-04-18T06:53:48+00:00,2026-04-18T09:27:12+00:00,2,0,0,73.9094,73.9,146.9964530,2
0x4fc0cf6cbd16011c4395eed381afa2b3cb708374,2026-04-21T14:39:38+00:00,2026-04-21T16:22:28+00:00,2,0,0,59.4974,59.49,118.3329730,2
0x4fc1594e0de76df4c81f467849b7106910209423,2026-05-15T19:05:16+00:00,2026-05-18T18:48:10+00:00,4,0,0,1060.0,1060.0,2114.7000,4
0x4fc491ec2c27ccc9456bf006bfeac99696c379b6,2026-05-23T10:48:08+00:00,2026-05-23T10:48:08+00:00,1,0,0,20.0,0,19.9600,1
0x4fcc1e28aed7bb2c722ef284af425807823726a0,2026-04-30T07:15:58+00:00,2026-05-19T21:00:29+00:00,3,0,0,380.6105,273.18,652.2097390,3
0x4fd6161abae69be747465994492b54c384dcabdd,2026-05-07T15:21:42+00:00,2026-05-15T00:24:11+00:00,2,0,0,13.139333,13.13,26.1905249996860667,2
0x4ffe49ba2a4cae123536a8af4fda48faeb609f71,2026-01-28T04:31:53+00:00,2026-03-31T06:39:45+00:00,34,2215.441610,2215.433395,0,0,68.1041169997578367,34
0x50251fb47d2032ccdbc9f485f34172e2028f6891,2026-03-16T06:53:37+00:00,2026-03-19T14:00:59+00:00,2,0,0,105.353534,105.35,208.8071979962727358,2
0x502b628a40765b9e0fbbdf6e35b676f029cb97e5,2026-05-21T07:55:03+00:00,2026-05-21T07:55:03+00:00,1,0,0,10.02,0,9.99996,1
0x503332e0e2bc26b2d74857ef1b43b0f8fdbf9c35,2026-05-21T05:34:48+00:00,2026-05-21T05:34:48+00:00,1,0,0,2.104,0,2.099792,1
0x50388962cc3e012170e690d178834c66040084d1,2026-05-27T02:20:04+00:00,2026-05-27T02:20:04+00:00,1,0,0,12.695,0,12.669610,1
0x503d5301a976166b0399dcedd9ddeea02d10f268,2026-05-14T03:15:35+00:00,2026-05-21T06:43:55+00:00,2,0,0,213.4265,213.42,425.7793870,2
0x504ee46839bdbda8733bc21e089a766c0ff4ac6c,2026-05-13T11:01:56+00:00,2026-05-13T11:03:55+00:00,2,0,0,84.168,84.16,167.907184,2
0x504f9a936dcc71778c5882b188bc331c3d45c384,2026-05-20T09:56:24+00:00,2026-05-20T14:04:23+00:00,2,0,0,10.02,10.02,19.98990,2
0x505236c86da576f7bbbe21ad9a6441ad48b3a55f,2026-04-27T09:16:46+00:00,2026-05-02T05:31:26+00:00,4,0,0,86.088,86.08,171.565416,4
0x5057b2d24b99ded3a61db1d94928e9d5a6ba479f,2026-06-07T05:37:46+00:00,2026-06-07T05:37:46+00:00,1,1000.0,0,0,0,1.0000,1
0x50616d67f7ebd6269f7c9bd78f24eed019b95681,2026-05-26T02:11:12+00:00,2026-05-26T02:11:12+00:00,1,0,0,12.705,0,12.679590,1
0x506758f1874008ff43ec1bf9334ab11092fa6648,2026-04-30T02:43:30+00:00,2026-05-01T00:57:40+00:00,2,0,0,506.0,506.0,1008.4580,2
0x50751c1d4fb77faddb893f0166cbebb9c45aa2fe,2026-04-18T07:23:06+00:00,2026-04-21T23:48:00+00:00,4,0,0,93.3866,93.38,185.7393870,4
0x508134e761c5725e835142a00b13ae8ffcfaa309,2026-01-30T17:22:50+00:00,2026-02-12T03:49:37+00:00,8,256.01,256.01,0,0,9.77646,8
0x509188905914942f5061e24abdc168b5a5b6bbbe,2026-05-18T22:46:40+00:00,2026-05-18T23:38:57+00:00,2,0,0,109.2785,109.27,218.0021330,2
0x509527d32d441fe73a7fb4ec7a2beb215ea5072d,2026-05-01T05:30:22+00:00,2026-05-01T06:13:36+00:00,2,0,0,199.548333,199.54,397.691528001,2
0x50968fae8f8e5bc8894104fe6abaf553248efd1f,2026-04-14T01:07:33+00:00,2026-04-16T15:57:08+00:00,2,0,0,22.88,22.88,45.46256,2
0x50b63f8eaf97ed70a79328c1407a577dcd76469b,2026-06-16T21:08:01+00:00,2026-06-16T21:08:01+00:00,1,1000.0,0,0,0,1.0000,1
0x50b6a8cec0c1f940c21decef3444cd2dc07f836b,2026-05-07T02:45:56+00:00,2026-05-07T02:45:56+00:00,1,0,0,4.684,0,4.669948,1
0x50b91b327d002b7a0b8b0c00bebcbe78e3547900,2026-06-12T13:41:07+00:00,2026-06-12T13:41:07+00:00,1,1000.0,0,0,0,1.0000,1
0x50ba637da02414b350949c33f2312767516558c3,2026-02-12T12:03:47+00:00,2026-02-12T12:07:55+00:00,2,0,0,20.22,20.22,39.59076,2
0x50ccefefad309a01151d4c9ba503a800e9d996bf,2026-03-07T16:51:53+00:00,2026-03-08T19:55:07+00:00,2,125.0,125.0,0,0,2.0000,2
0x50d41c4c2877a27a6228aefb3561690f95d8be57,2026-05-14T13:18:45+00:00,2026-06-03T10:16:39+00:00,4,0,0,1042.7685,1042.76,2080.5262680,4
0x50de3a874a884957b1cbd07361f091c79890962b,2026-05-19T07:11:06+00:00,2026-05-19T07:13:03+00:00,2,0,23.0,0,23.0,22.9770,2
0x50e8ff2957349f0b3c7103dd9d334e819264d548,2026-05-21T11:15:50+00:00,2026-05-21T11:33:41+00:00,2,0,0,1603.206,1603.2,3198.389988,2
0x50ee0b5df458d6eca99a5bc02da6e1d27c1e8828,2026-06-02T16:42:20+00:00,2026-06-02T16:42:20+00:00,1,0,0,1.011,0,1.009989,1
0x50ef8c8017d24c0d268038015948ef5a2f1fdb99,2026-03-24T09:50:25+00:00,2026-03-27T21:09:01+00:00,4,202.020199,202.02,0,0,3.9999989982929498,4
0x50f154c9c3ca5183f0217abe0f97a2749128e6f4,2026-05-23T16:23:54+00:00,2026-05-23T16:23:54+00:00,1,0,0,459.9895,0,459.0695210,1
0x50fe6457c00f515103354c8c3ffe5c26ef31b1e7,2026-05-10T05:06:00+00:00,2026-05-10T05:24:52+00:00,2,0,0,50.0,50.0,99.6500,2
0x50ff56ec6a671f0489a21455af7b56bdfc7f2463,2026-04-24T09:29:06+00:00,2026-04-24T09:29:06+00:00,1,250.0,0,0,0,1.0000,1
0x5100424d3cc2f96684898240bf300b808a12f8f4,2026-05-20T08:02:06+00:00,2026-05-20T08:02:06+00:00,1,0,0,981.82,0,979.85636,1
0x51105986a5593b4db4a3a1b97360b6762da7e349,2026-05-21T13:55:18+00:00,2026-05-22T01:51:06+00:00,2,0,0,100.2,100.2,199.8990,2
0x511d2fc62ea0d09289299f22339d54c6a04786a6,2026-05-27T05:29:06+00:00,2026-05-27T05:29:06+00:00,1,0,0,13.9275,0,13.8996450,1
0x511d9a8f5bda7bfa7fabb09f78f7824750ba1285,2026-05-23T19:47:05+00:00,2026-05-23T19:47:05+00:00,1,0,0,18.9275,0,18.8896450,1
0x511f9c771449162349795d17becf8b37031acbe1,2026-05-26T14:28:48+00:00,2026-05-29T01:25:37+00:00,4,0,0,4289.0,0,4280.4220,4
0x5129a8a31e82028f34656ced91e9e65e600853b2,2026-05-22T14:27:41+00:00,2026-05-23T10:40:40+00:00,2,0,0,90.18,90.18,179.90910,2
0x5136541bced26e7c2bc20550cc26345f7d4a0e4f,2026-05-16T05:51:01+00:00,2026-05-16T05:51:01+00:00,1,0,0,25.0,0,24.9500,1
0x51637198700f34d62a28d500615c343cb7e71c03,2026-04-26T05:33:20+00:00,2026-04-26T08:27:38+00:00,2,0,0,106.519333,106.51,212.283735001,2
0x516cb971ec49c78a4eee406d05e54a3be3a5eb2a,2026-06-07T04:13:28+00:00,2026-06-07T04:13:28+00:00,1,1000.0,0,0,0,1.0000,1
0x5172b0275190d8d3f86edfb2a4f79d3158b4380c,2026-05-09T18:28:34+00:00,2026-05-10T16:00:02+00:00,6,0,0,76.228333,76.22,151.914768001,6
0x517709cebffc241ceea6069830ebe801fe2c2b77,2026-05-12T17:02:25+00:00,2026-05-12T17:02:25+00:00,1,0,0,5.8715,0,5.8597570,1
0x5180e260885c6bb28080095983c0847513e15e66,2026-05-08T01:00:06+00:00,2026-05-08T02:10:22+00:00,2,0,0,73.981666,73.98,147.443801002,2
0x518b66730cce892eca2c0e1e21d5764d40c66a6e,2026-05-23T13:20:48+00:00,2026-05-23T15:30:37+00:00,2,0,0,10.02,10.02,19.98990,2
0x518cea93180c22151fc1bc3f3fdf9c57d6a0b0af,2026-05-28T00:17:11+00:00,2026-05-30T14:50:09+00:00,2,0,0,2.9055,2.9,5.7938890,2
0x5196045e1639adbb70fba26d490e6613b815403e,2026-05-07T17:55:37+00:00,2026-05-08T11:24:49+00:00,2,250.0,250.0,0,0,1.7500,2
0x519b7647137c6a6de47ce910f544b31673537d5e,2026-05-26T17:23:52+00:00,2026-05-26T17:23:52+00:00,1,0,0,8.517,0,8.499966,1
0x51a4541f815fc7e431387e2530d65ea32a4ef470,2026-05-31T06:29:54+00:00,2026-05-31T06:29:54+00:00,1,0,0,32.032,0,31.999968,1
0x51a55c758d7875300e93d00a5e7a9dc2f7171c07,2026-04-10T22:19:17+00:00,2026-04-10T22:19:17+00:00,1,142.857142,0,0,0,0.999999994,1
0x51ae64bdc2567019c298f853c3c5ade0a6a0d5cf,2026-05-28T11:57:07+00:00,2026-05-28T11:57:07+00:00,1,0,0,10.02,0,9.99996,1
0x51afda0b78499b177151f7478ffc184e80007351,2026-05-18T14:36:45+00:00,2026-05-18T14:36:45+00:00,1,0,0,47.104,0,47.009792,1
0x51cb2ef896630dfce32b6dbd48aa706cd83e1ffa,2026-03-18T01:27:55+00:00,2026-03-18T01:27:55+00:00,1,166.666666,0,0,0,1.999999992,1
0x51d7b6450923991e915f5526577d6c4afe1f1c87,2026-04-14T01:08:37+00:00,2026-04-16T15:57:26+00:00,2,0,0,17.56,17.56,34.89172,2
0x51de93af1c4ed0c1cb4c790f33614b87cce04925,2026-05-07T03:21:40+00:00,2026-05-07T04:27:26+00:00,2,0,0,52.497333,52.49,104.619881001,2
0x51e1f3e827cb90c746e549f6d3d58e3fc9c4f9b8,2026-05-22T08:55:09+00:00,2026-05-23T18:51:17+00:00,2,0,0,71.0,71.0,141.6450,2
0x51fad29f524945c0de4d174331b6656694db8fd8,2026-04-29T15:40:32+00:00,2026-05-27T13:07:29+00:00,2,0,0,5.015,5.01,9.999935,2
0x51fd8f0358cc9e8a1ee5f87a0c7e3b07ed634272,2025-12-10T22:38:16+00:00,2025-12-10T22:38:16+00:00,1,0,0,1.5625,0,1.312500,1
0x520c65dcc5b84f618f09afb5cc7b09b9a57f5eed,2026-05-29T15:55:10+00:00,2026-05-29T16:58:21+00:00,2,0,0,10.01,10.01,19.98997,2
0x52109c1fd80b74b7cfe5b775072cade5175c2490,2026-06-01T19:30:42+00:00,2026-06-01T19:31:00+00:00,4,0,0,10.250,10.24,20.459270,4
0x5211756c1db77f0c6c0b87bfcdbe5f1a8e4b6cd3,2026-05-09T06:39:10+00:00,2026-05-14T11:03:34+00:00,4,0,0,19.047,19.04,37.973739,4
0x521ef2ca0de8c40fcca27f142cb27c10157838ef,2026-05-23T15:06:17+00:00,2026-05-24T13:43:11+00:00,2,0,0,114.228,114.22,227.876884,2
0x522306453e1f8886002f147b988e3e542dc607fa,2026-05-15T23:15:19+00:00,2026-05-15T23:28:35+00:00,2,0,0,10.0,10.0,19.9500,2
0x523765fbad89171cf60274bcb9ccdd510c001f55,2026-06-10T18:08:28+00:00,2026-06-10T18:08:28+00:00,1,1000.0,0,0,0,1.0000,1
0x523e16117246b65ebc5b429767eb06525e5ea2cd,2026-06-07T04:37:21+00:00,2026-06-07T04:37:21+00:00,1,1000.0,0,0,0,1.0000,1
0x523f97f8858a6d0a5caa5bde4a0c3ba61386e5ec,2026-05-30T13:58:07+00:00,2026-05-30T13:58:07+00:00,1,0,0,8.508,0,8.499492,1
0x52579e3ec2c05522ec8f7144cdacff58fce0e759,2026-05-10T01:31:53+00:00,2026-05-10T07:39:42+00:00,2,0,0,128.385,128.38,255.866325,2
0x525912d44c400188bf03e29af77729b7993bfc71,2026-05-16T09:42:22+00:00,2026-05-16T09:53:39+00:00,2,0,2.0,0,0,0.0040,2
0x526e1802e7bb6c7e5108f6015c4a8c9ab587b36f,2026-05-22T06:55:48+00:00,2026-05-22T06:55:48+00:00,1,0,0,50.1,0,49.9998,1
0x527264edf728b791a25e015748fd8bb5494bb183,2026-04-20T01:51:32+00:00,2026-04-20T02:33:20+00:00,2,0,0,64.2612,64.26,127.8143340,2
0x52870486f74fcd2fe707821b9aa8da0f6d8c3a16,2026-03-31T01:26:27+00:00,2026-03-31T01:29:15+00:00,5,0,0,646.992665,646.99,1278.2107059954889975,5
0x528dd8b0d933e9d076e63a9b61d7a374ed6a82a0,2026-05-08T07:50:20+00:00,2026-05-08T09:14:48+00:00,2,0,0,144.152333,144.15,287.293276001,2
0x528e5267aede77336a2701733821da1e5481dc8f,2026-05-24T10:31:16+00:00,2026-05-24T12:17:47+00:00,2,0,0,11.072,11.07,22.086646,2
0x52ac5b0a21c9ec9e32880d926bc4b22578c56257,2026-04-19T18:48:24+00:00,2026-05-21T22:23:24+00:00,4,0,0,58.854,58.85,117.116750,4
0x52b45d6893ff70128e47e90cba77329ea3f5ed12,2026-05-22T04:54:48+00:00,2026-05-22T04:54:48+00:00,1,0,0,24.8495,0,24.7998010,1
0x52be6ad03704da4a40323908e7dc186652057b3a,2026-05-19T04:36:17+00:00,2026-05-19T04:36:17+00:00,1,0,0,109.218,0,108.999564,1
0x52bf7a839abab5661a28e1634b8df7b6264d5b55,2026-04-22T05:29:06+00:00,2026-04-22T05:29:06+00:00,1,0,0,5.02,0,4.99490,1
0x52c6a7cc59e81f4e09388046faf1e96b9549564d,2026-05-26T15:20:38+00:00,2026-05-26T17:21:07+00:00,7,0,0,6.012,6.01,11.991946,7
0x52ca8d05e1338152432446dd6c6ec79087cad90e,2026-05-03T10:57:12+00:00,2026-05-18T21:00:33+00:00,6,0,0,285.954999,285.95,570.088349003,6
0x52da0de899aa23770122c78090613721eb3add00,2026-06-05T21:16:57+00:00,2026-06-16T01:34:18+00:00,2,6500.0,0,0,0,6.5000,2
0x52f5e763fbcf2505b140c351c345e1f8c0fd7508,2026-05-07T17:21:12+00:00,2026-05-07T18:53:02+00:00,2,0,0,50.892666,50.89,101.426428002,2
0x52fcfb4dbce49297ecec3e97f2d0a694b83945d8,2026-05-03T12:35:10+00:00,2026-05-04T05:30:32+00:00,2,0,0,702.106,702.1,1399.291282,2
0x530aa51f29763b283f2848ac6011bb34275b7ebc,2026-03-26T12:21:25+00:00,2026-03-26T15:52:03+00:00,3,100.0,100.00,0,0,2.0000,3
0x53206c473c6eb3924bd5fe6b814aa9c3541e5d91,2026-05-18T20:45:35+00:00,2026-05-18T22:06:56+00:00,2,0,0,67.9055,67.9,135.4659890,2
0x53583269d48e0909796ee3c1e145642c00acef07,2026-05-09T21:26:55+00:00,2026-05-13T17:54:23+00:00,6,0,0,27.063,27.06,53.969647,6
0x536d37d25326b02e733ad4c97726f9330e352033,2026-05-31T04:51:27+00:00,2026-05-31T18:05:36+00:00,2,0,0,13.013,13.01,25.983967,2
0x5371c1bb98b561cf3bb12a2e57cba6735b4e7684,2026-04-30T04:37:36+00:00,2026-04-30T05:42:16+00:00,2,0,0,42.266666,42.26,84.230826002,2
0x538017d4e968f9d9613a91ef78fbf4560e73410e,2026-06-02T16:58:51+00:00,2026-06-02T16:58:51+00:00,1,0,0,1.021,0,1.019979,1
0x539f40791977d1caf3b820809cd243b60b5c4d03,2026-05-21T17:09:48+00:00,2026-06-07T21:55:16+00:00,2,0,0,1.182,1.18,2.358456,2
0x53a01803bdcf1f7c200d71baad107c04182d92ae,2026-05-15T02:45:40+00:00,2026-05-15T03:00:28+00:00,2,0,0,6.012,6.01,11.991946,2
0x53a26c4ee0776948f9fc645a6e5184f1af3deb92,2026-05-26T14:23:16+00:00,2026-05-26T14:23:16+00:00,1,0,0,15.2605,0,15.2299790,1
0x53a668e55ea682994e8715a9bc7ab704323f54c3,2026-05-10T13:24:52+00:00,2026-05-10T15:56:30+00:00,2,0,0,79.237666,79.23,157.913033002,2
0x53a8d583bfc6cecbd343c2e738a3eaf827b062d4,2026-05-04T13:38:18+00:00,2026-05-04T13:38:18+00:00,1,0,0,1379.137333,0,1374.999921001,1
0x53bf139b98be178ee830e462453c2c4697a29214,2026-05-22T06:55:41+00:00,2026-05-22T06:55:41+00:00,1,0,0,10.02,0,9.99996,1
0x53cf44e8af87a2919a97ef8d4dc1f761999f3ce8,2026-05-15T13:07:18+00:00,2026-05-20T17:54:20+00:00,4,0,0,252.5045,252.50,503.7419910,4
0x53cf6d87530746e1edf67c5de42dd2e9dfb40479,2026-03-23T14:37:01+00:00,2026-03-23T14:37:01+00:00,1,0,38.0,0,0,0.2660,1
0x53d81396a0d98c427b1c8b4876a2e108d726011d,2026-05-18T15:32:01+00:00,2026-05-19T09:08:02+00:00,4,0,0,1991.3520,1991.35,3972.7452460,4
0x53e52fe639926ff975b2d245c59b23e460b22e8a,2026-05-26T16:03:32+00:00,2026-05-26T16:03:32+00:00,1,0,0,9.519,0,9.499962,1
0x53f3c3e2d60e327b14373111f6b03d2ce25c6968,2026-05-26T10:52:20+00:00,2026-05-26T10:52:20+00:00,1,0,0,13.9775,0,13.9495450,1
0x53fc2580a986368060b69aeaca1d2e510897eee4,2026-05-27T18:03:56+00:00,2026-05-31T04:56:56+00:00,2,0,0,8.116,8.11,16.193548,2
0x54127e6d15878167da61a0bfee1b607d0d665dbb,2026-03-12T16:00:01+00:00,2026-03-12T17:08:39+00:00,3,76.923075,76.913075,0,0,1.9998679991554700,3
0x5413f20a7d3bc1877301c29668c7c189c1815283,2026-03-23T08:31:07+00:00,2026-03-23T08:36:19+00:00,2,0,0,8.5,8.5,16.8215,2
0x5416595c545efbd8e6f4cd57a89df93f3578acf3,2026-04-11T04:23:43+00:00,2026-04-14T05:35:33+00:00,2,182.46,182.46,0,0,2.37198,2
0x541702f7b2f61ddd980276fe4a0561e1452faf1c,2026-05-09T03:43:19+00:00,2026-05-17T15:04:33+00:00,4,0,0,550.381333,550.38,1097.447748001,4
0x542b0be5403b483406a338bd194391f929570ff0,2026-05-20T07:06:15+00:00,2026-05-20T10:39:39+00:00,2,0,0,12.144,12.14,24.223292,2
0x5430d41d4ca78c6c340bd1c0f1ae7d5692d15662,2026-05-23T21:14:42+00:00,2026-05-23T21:14:42+00:00,1,0,0,30.531,0,30.469938,1
0x543aa34bce6f16ac24283f94fc2f337af46ba614,2026-04-18T11:36:56+00:00,2026-04-18T13:16:56+00:00,2,0,0,87.7688,87.76,174.5633960,2
0x5442c72bf88b1aef5f9d90e12a5b34aaf54b3671,2026-05-21T05:35:24+00:00,2026-05-21T06:01:41+00:00,2,0,0,501.26,501.26,1000.01370,2
0x545c3042f743d04aeff98f2744863b94b7481dd0,2026-05-15T07:51:34+00:00,2026-05-16T00:55:14+00:00,2,0,0,177.074,177.07,353.258642,2
0x54630e6fa8de95fee807637387f36e1a375be9f7,2026-05-08T10:30:17+00:00,2026-05-08T11:21:14+00:00,2,0,0,121.484333,121.48,242.113960001,2
0x548444894fb1dae1062ebe60de2a379dbd96ae19,2026-05-13T23:39:20+00:00,2026-05-13T23:39:20+00:00,1,0,0,23.0,0,22.9540,1
0x549540ebfb64b3f59e771999e26d8bdfd3c96ba0,2026-05-02T07:45:24+00:00,2026-05-06T15:56:27+00:00,2,0,0,2.006,2.0,3.991982,2
0x549ccce0f7f270181be9321418ac4c2743599881,2026-06-02T11:38:43+00:00,2026-06-02T11:38:43+00:00,1,0,0,1.101,0,1.099899,1
0x549d5fb90ab4acdb92e5d3cab44847076d395a20,2026-06-08T07:58:01+00:00,2026-06-08T07:58:01+00:00,1,1000.0,0,0,0,1.0000,1
0x54a6a0d0ce6263e925a498587c22f37ed16a63db,2026-04-22T13:44:10+00:00,2026-04-22T16:37:18+00:00,2,0,0,127.7386,127.73,254.0635270,2
0x54ad1dd457ee348f61eea6352133407a0e40dafb,2026-05-26T05:02:44+00:00,2026-05-26T05:02:44+00:00,1,0,0,10.7515,0,10.7299970,1
0x54c7bbbdf97afb2d367967a65e7c7c7f64b97d3b,2026-05-10T00:04:16+00:00,2026-05-10T00:04:16+00:00,1,250.0,0,0,0,1.0000,1
0x54e4e97afb768427edd71ed3fa9f036493b55a1a,2026-05-08T13:01:39+00:00,2026-05-08T14:37:38+00:00,2,0,0,47.853333,47.85,95.368373001,2
0x54ed5a5a12f23b8e2b5b093143e6f3fdc42a27fd,2026-02-24T11:59:46+00:00,2026-02-24T11:59:46+00:00,1,0,0,4.056785,0,3.9999899998580375,1
0x54f91013cd7f75776e3613a867f4cbcfcdd5ea65,2026-03-25T05:53:57+00:00,2026-03-25T06:18:47+00:00,2,0,0,820.0,820.0,1621.9600,2
0x54f95ff2ae104f83c653c62a2659d6d79debc13d,2026-04-20T13:19:26+00:00,2026-04-20T13:21:48+00:00,2,0,0,500.0,500.0,994.5000,2
0x54fc850e04389bdca807b0db9323a894b99b62e2,2026-05-20T15:41:56+00:00,2026-05-20T15:41:56+00:00,1,0,0,31.0,0,30.9380,1
0x5502ab10fac1f4e5867cab7653afaa978a41496a,2026-05-23T09:04:04+00:00,2026-05-23T09:57:16+00:00,2,0,0,21.222,21.22,42.335896,2
0x55173bc7f6e52f45ec05fd14fbc6f34e81b6e334,2026-03-13T12:51:57+00:00,2026-04-25T02:55:44+00:00,105,0,12.0,5623.59,0,5583.54100,105
0x5519630b4c3e1867ae2a9e10ed152facdad8b5c2,2026-05-22T19:16:35+00:00,2026-05-29T18:43:28+00:00,2,0,0,33.4965,33.49,66.8525270,2
0x551b5adb6670a9b3dbb9472ead6ba1f61fd6dd7c,2026-04-23T04:12:08+00:00,2026-04-23T05:28:36+00:00,2,0,0,83.1658,83.16,165.4110110,2
0x5525a62896a12bdeeedf13deb7331c3ae0399ab2,2026-05-10T11:32:40+00:00,2026-05-10T11:44:04+00:00,2,0,0,7.021,7.02,13.991857,2
0x5534eaac4b15eb81b79ea8c8bb21f27c40a21064,2026-03-29T10:09:34+00:00,2026-03-29T10:09:34+00:00,1,3000.0,0,0,0,34.72718010000,1
0x553d793f61ad346fa69b301badb70300a4185e3e,2026-05-22T12:09:30+00:00,2026-05-22T12:09:30+00:00,1,0,0,532.164,0,531.099672,1
0x5549e23a11b28b40f10d33626c33103a05efc045,2026-05-18T22:55:07+00:00,2026-05-30T21:32:11+00:00,2,0,0,10.4205,10.42,20.7988190,2
0x554c50213a466f3535c395a49fb4d32185059a37,2026-05-21T10:19:49+00:00,2026-05-21T12:41:02+00:00,2,0,0,12.3845,12.38,24.7025910,2
0x554ff75b326ce85107a2725aedcba19c94859c18,2026-05-20T01:02:25+00:00,2026-05-20T01:02:25+00:00,1,0,0,6.012,0,5.999976,1
0x5550739fa4ccc46e452a48972b5b3df641c39f36,2026-05-07T18:15:42+00:00,2026-05-15T10:47:53+00:00,4,0,0,18.045,18.04,35.976743,4
0x5555cea4295e8cc6ed43f2a033f5411401aaa467,2026-05-10T04:54:48+00:00,2026-05-10T05:36:46+00:00,2,0,0,144.433,144.43,287.851981,2
0x5562c7ee374070de66b30254547b377691883b41,2026-03-22T22:40:37+00:00,2026-03-26T01:44:37+00:00,19,0,0,1491.802716,0,1476.4949140000865909,19
0x5564749edf60804e5016b1dfd198ea7b29240143,2026-05-22T21:52:57+00:00,2026-05-26T12:00:40+00:00,3,0,0,45.3005,20.5,65.6483990,3
0x5566b7c96220f4f40146a17bb25bcab6c0d37c29,2026-04-05T08:16:15+00:00,2026-06-13T17:40:28+00:00,134,0,545.0,5520.226,0.25,5510.431840,134
0x556b3580b4592936f6be25775496e79cd45ec6c5,2026-05-05T11:48:36+00:00,2026-05-05T12:06:54+00:00,2,0,0,965.606666,965.6,1924.447446002,2
0x558b906022315e3515ef0637283c11e7755d8083,2026-04-26T05:04:34+00:00,2026-04-26T07:48:46+00:00,2,0,0,110.01,110.01,219.24993,2
0x558c232dcbbf492e14520999f962993438cc150a,2026-01-22T03:20:00+00:00,2026-01-23T02:05:04+00:00,2,0,0,20.0,0,19.9500,2
0x558d387b2162cb3826ac403101bd6dbc2bb10c0f,2026-06-01T21:21:37+00:00,2026-06-01T21:21:48+00:00,2,0,0,2.772,2.77,5.533688,2
0x558e6ef86385633f533da5a811af0acd866fc327,2026-05-15T03:49:19+00:00,2026-05-15T03:49:19+00:00,1,333.333333,0,0,0,0.999998999000001,1
0x558f2f82cf0394c28ce3c8e117ee747aeab51a56,2026-03-30T21:23:43+00:00,2026-05-16T05:51:03+00:00,2,0,0,50.0,0,49.7000,2
0x5595cc95b361dd18d6afe81503afa28db971286e,2026-05-19T07:23:35+00:00,2026-05-22T18:30:18+00:00,4,0,0,36.5825,36.58,72.9795950,4
0x55ae7295e92137b2f277506b5bc6841d7399e2ce,2026-05-06T05:35:14+00:00,2026-05-06T07:07:24+00:00,2,0,0,64.363,64.36,128.272471,2
0x55b09bc17206dad01117b652157f5fc9c878b35d,2026-05-09T20:15:24+00:00,2026-05-17T10:09:25+00:00,2,571.4,571.4,0,0,3.4284,2
0x55ddf610f9f0e69dda0caa87d51ec2d45e714474,2026-05-08T09:10:48+00:00,2026-05-08T10:06:57+00:00,2,0,0,39.749,39.74,79.210793,2
0x55f33d1c4a965777d89ebf0826282de429e78ea7,2026-05-19T03:15:26+00:00,2026-05-26T04:51:08+00:00,2,0,0,1.8035,1.8,3.5944930,2
0x55fb290085484e739d28beecffa9412443638c38,2026-05-03T05:10:14+00:00,2026-05-29T18:15:15+00:00,2,0,0,10.03,10.03,20.00985,2
0x56043e1c2e84520e60b946606b364ab89084ade8,2026-03-08T09:32:05+00:00,2026-03-08T19:55:07+00:00,2,125.0,125.0,0,0,2.0000,2
0x56079a785483be840b3ac3fb14ccd4f4778f2bbb,2026-05-30T21:39:19+00:00,2026-05-31T11:40:26+00:00,2,0,0,14.014,14.01,27.981966,2
0x56104b711cdc3206475b9e3b082453992f4c2834,2026-05-22T04:44:21+00:00,2026-05-22T18:19:56+00:00,2,0,0,173.3465,173.34,345.8197870,2
0x561efa7e85ee1ba888b4b186486193398b688ccb,2026-04-24T07:08:52+00:00,2026-05-23T14:13:51+00:00,3,0,0,112.633666,78.98,190.993492002,3
0x562db866839f180f0253bf52edb3c286c24bf075,2026-05-18T01:25:12+00:00,2026-05-18T01:25:12+00:00,1,0,0,6.012,0,5.999976,1
0x563f3e99655e1b7fe78ac6300295b8bc9e038d68,2026-05-24T14:08:54+00:00,2026-05-24T14:08:54+00:00,1,0,0,10.0,0,9.9800,1
0x564b1426cd29c0616139d30aa23761436f294d4c,2026-05-07T07:41:15+00:00,2026-05-07T10:01:06+00:00,2,0,0,55.446333,55.44,110.498234001,2
0x565b1d8aa0e9df004832a39a7567150db2336782,2026-05-22T20:20:47+00:00,2026-05-22T20:20:47+00:00,1,0,0,45.21,0,45.11958,1
0x5663ddf97e515a613ca94c14b9c4ee16df7c7e57,2026-05-16T07:41:18+00:00,2026-05-16T13:03:25+00:00,2,0,0,180.3605,180.36,359.8186990,2
0x567ea0019fea3c2afc75c7e0e6744241b6afd582,2026-05-04T02:16:50+00:00,2026-05-04T02:16:50+00:00,1,375.0,0,0,0,1.5000,1
0x56803b5e93d6e7d4dd1dce7a4a29e9cec0b5ac4a,2026-05-09T18:56:23+00:00,2026-05-09T20:31:05+00:00,2,3453.0,3453.0,0,0,24.1710,2
0x56815c2782e09b377a6ae169223662f4ed9985fa,2026-05-18T13:21:02+00:00,2026-05-28T21:08:10+00:00,2,0,0,1.202,1.2,2.395996,2
0x5686404945ed1f64afbbbc0354defff4e7df690a,2026-03-24T18:29:37+00:00,2026-03-25T08:11:11+00:00,3,0,0,15.0,0,14.8100,3
0x5699c6980b4f19856f146dc6424da00146c06672,2026-05-26T14:20:42+00:00,2026-05-26T14:20:42+00:00,1,0,0,10.8115,0,10.7898770,1
0x56ad3d5bce0778095619f0897a685722d4d99605,2026-06-01T20:47:00+00:00,2026-06-01T20:47:26+00:00,4,0,0,10.260,10.26,20.489220,4
0x56b0de5e9c34395325feac8379872e36b0a349bf,2026-05-15T06:38:08+00:00,2026-05-15T06:39:07+00:00,2,0,0,31.062,31.06,61.966696,2
0x56b1020f543ab2986ccc6f54eb1b7020505422cc,2026-03-30T04:24:26+00:00,2026-03-30T05:08:46+00:00,3,0,0,24.808,24.8,49.08712,3
0x56b2a7c8f474ac86522c9c4019cfc9220a3d713e,2026-05-19T16:53:37+00:00,2026-05-19T19:54:36+00:00,2,0,0,10.02,10.02,19.98990,2
0x56b91e930c1d952cfaa3bd5a4b811079c036d2c7,2026-06-15T10:03:28+00:00,2026-06-15T10:03:28+00:00,1,2000.0,0,0,0,2.0000,1
0x56bbd6abf585ab688c76cf44c69c6a891394ebe7,2026-05-14T17:51:27+00:00,2026-05-14T20:29:22+00:00,2,0,0,64.7995,64.79,129.2655310,2
0x56bf11e8b69b05e98b390b3a8de9b81cf58cb5f2,2026-05-21T20:12:25+00:00,2026-06-05T19:26:01+00:00,2,0,0,5.0,5.0,9.9850,2
0x56c01abe1842c3ce2483002a11aafd115d09dde4,2026-04-29T00:20:20+00:00,2026-04-29T11:26:16+00:00,2,333.333333,333.33,0,0,1.999988999000001,2
0x56c260b1d44d3a5c05fd01f12b956231e6816219,2026-06-05T00:07:19+00:00,2026-06-09T17:59:22+00:00,4,2000.0,2000.0,0,0,4.0000,4
0x56d670b12d05821d0253c813e487996bdd0d0a12,2026-05-27T03:49:05+00:00,2026-05-27T03:49:05+00:00,1,0,0,530.04,0,528.97992,1
0x56d81ac80c28548cb1e234bb1ecb8d161eb3ab32,2026-02-23T16:34:04+00:00,2026-02-23T16:34:04+00:00,1,0,0,6.103705,0,5.9999419997407375,1
0x56f07d1893a0ac0f3693d1fa4da0295271df9be4,2026-06-02T13:42:05+00:00,2026-06-02T13:42:05+00:00,1,500.0,0,0,0,1.0000,1
0x5705bcfb76bc7ee5d875e2b09a263af2ad3d662c,2026-05-25T03:59:57+00:00,2026-05-25T05:03:11+00:00,2,0,0,244.4885,244.48,487.7460830,2
0x570f04e131b3209b4263b05c1b0c64d59b191fa4,2026-03-13T07:56:51+00:00,2026-03-19T12:03:37+00:00,2,0,0,109.2121,109.21,216.456299,2
0x57141ca93c6c3ecec96d05df524b04c616d8f569,2026-03-11T16:01:19+00:00,2026-03-11T16:01:19+00:00,1,62.5,0,0,0,1.0000,1
0x5726d2f867a4ea324e05bc6f6deaaf03232610f5,2026-03-14T05:19:21+00:00,2026-03-14T05:19:21+00:00,1,0,0,50.505,0,49.99995,1
0x57373b320c3c9a6c5abe2151947694eea1670918,2026-05-01T12:33:10+00:00,2026-05-01T13:29:14+00:00,2,0,0,43.630666,43.63,86.955254002,2
0x5759ff411ef25b85a94ca806c71baa8453e3430d,2026-05-27T13:04:20+00:00,2026-05-27T13:04:20+00:00,1,0,0,12.034,0,12.009932,1
0x575f9fb0b758d52e93342def50d678e300fc5b78,2026-05-05T12:57:10+00:00,2026-05-05T12:57:10+00:00,1,250.0,0,0,0,1.0000,1
0x576f9e1404f71e1e39d7d6f634770f9577238280,2026-05-14T21:15:09+00:00,2026-05-30T23:46:15+00:00,2,0,0,8.0,8.0,15.9680,2
0x5775ccc7f3c0191f29804a59c649f5f618ff5d67,2026-05-08T10:54:56+00:00,2026-05-08T10:54:56+00:00,1,0,0,6.018,0,5.999946,1
0x5785f2e40386e261016364d7d2bcc7be93a9f668,2026-06-07T12:49:22+00:00,2026-06-07T12:49:22+00:00,1,1000.0,0,0,0,1.0000,1
0x57865e7dadaa07101ba1b88572a4863f448a0c9a,2026-04-19T12:12:20+00:00,2026-05-28T03:03:57+00:00,6,0,0,129.064,129.06,256.925429,6
0x579525f549fbde8edf88b34680eb58cd4fb030fa,2026-03-11T12:32:11+00:00,2026-04-24T08:03:10+00:00,10,93.75,93.75,105.933125,100.9,207.545835000,10
0x579820ef1d4241853e7d7c42c907ae2ab4bcbcb8,2026-05-13T07:40:26+00:00,2026-05-16T06:55:49+00:00,2,0,0,42.084,42.08,83.953592,2
0x57bafed18f3b3c9135ccf41091b1c3f63e80a7c7,2026-04-30T03:43:54+00:00,2026-04-30T04:46:12+00:00,2,0,0,1062.81,1062.81,2118.18033,2
0x57c8aecd450ff52b35fb45ab771399de1f0125f6,2026-04-19T02:40:20+00:00,2026-04-19T03:43:36+00:00,2,0,0,76.5124,76.51,152.1807780,2
0x57d7bc9d574a3ecdee8da87f360decf913e8fad5,2026-05-03T09:53:02+00:00,2026-06-10T07:02:46+00:00,2,0,0,30.310666,30.31,60.4994239989689334,2
0x57d99a28b13de880de9706249b9a5e72a4999873,2026-06-01T19:55:17+00:00,2026-06-01T19:55:37+00:00,4,0,0,10.290,10.28,20.539150,4
0x57e38b61d69f7cc1b5301bdd429e57cbf03c9b27,2026-04-24T06:55:28+00:00,2026-04-24T08:22:36+00:00,2,0,0,251.153333,251.15,500.545273001,2
0x57e3f2627a7fef7949c880f1328ebf91ffa9c9a3,2026-04-20T09:40:34+00:00,2026-04-20T13:37:20+00:00,2,0,0,107.2864,107.28,213.3862880,2
0x57e706ec62d80783f6a355cc2a220ad510f12879,2026-05-26T11:47:46+00:00,2026-05-26T12:47:39+00:00,2,0,0,10.02,10.02,19.98990,2
0x57eda5d69f59fccbf0cbad9de736e90678e80ad8,2026-04-24T12:43:28+00:00,2026-05-27T07:56:29+00:00,4,0,0,109.889666,109.88,219.038925002,4
0x5801328a87e408d6d674d1d94f5be610dadb34e5,2026-06-01T20:03:34+00:00,2026-06-01T20:03:57+00:00,4,0,0,10.170,10.17,20.309490,4
0x580a880765e176f0547b601583a4a1453ac071bf,2026-05-25T01:30:09+00:00,2026-05-25T09:41:47+00:00,2,0,0,118.236,118.23,235.874838,2
0x58175b3ee532585d995919420319769ea5b2a8db,2026-05-15T05:13:21+00:00,2026-05-15T07:44:48+00:00,2,0,0,76.072,76.07,151.761646,2
0x5824a746831f7c69403930ef76db143f570469a9,2026-04-27T17:11:24+00:00,2026-04-27T17:11:24+00:00,1,0,0,501.002,0,499.999996,1
0x583006ccf8eb061d0eab94d69ae3818468545e72,2026-05-05T04:20:00+00:00,2026-05-05T08:15:52+00:00,2,0,0,205.275666,205.27,409.108759002,2
0x584ca83bd3fcc5b47d40fb5f209a3e7b681a33bb,2026-04-23T02:29:54+00:00,2026-04-23T03:54:22+00:00,2,0,0,151.035,151.03,300.403645,2
0x584e8f16012636438f06af877a90e7bc3232e886,2026-05-31T17:24:41+00:00,2026-06-01T14:39:48+00:00,2,0,0,35.035,35.03,69.959905,2
0x585818268cf679dc36812feed197ed465f56f151,2026-05-08T06:34:00+00:00,2026-05-08T06:34:00+00:00,1,0,0,8.726,0,8.699822,1
0x58593388c09cf523d2bddd4041868d766cb7d0f8,2026-04-29T08:18:58+00:00,2026-04-29T08:19:10+00:00,2,0,0,617.234,617.23,1231.377842,2
0x586faba6c2096ae2d30f4de99aae2610f45fe191,2026-01-06T20:56:49+00:00,2026-01-30T18:35:26+00:00,2,24.387379,24.38,0,0,1.6826390009284145,2
0x5874dcabe5bbeb19696a11ebfbfca4a1dededbfc,2026-05-18T16:29:11+00:00,2026-05-31T22:31:47+00:00,3,0,0,31.0415,10.82,41.7871770,3
0x58765d72d3af7cb25d2a7725c1f17166fbcc5df8,2026-05-07T09:42:21+00:00,2026-05-07T11:37:33+00:00,2,0,0,53.821333,53.82,107.264589001,2
0x58875fd95bf9a41c3ce0efec64ba0322990c6e86,2026-06-02T10:26:18+00:00,2026-06-02T10:26:18+00:00,1,0,0,1.041,0,1.039959,1
0x588b3908e46a4acb60d53260a18519c0cbc0d773,2026-05-24T06:01:39+00:00,2026-05-24T06:04:55+00:00,2,0,0,104.4085,104.4,208.2864830,2
0x5890e515550429c4fa0d62c38ee9866f8ebf35e7,2026-05-24T00:13:22+00:00,2026-05-24T00:13:22+00:00,1,0,0,72.535,0,72.389930,1
0x58a1caec32e8fb1e3db2fa310944d17ff7104164,2026-05-23T10:12:19+00:00,2026-05-23T10:12:19+00:00,1,0,0,30.0,0,29.9400,1
0x58a5e98a5264174cf4c76a1e7d9215fc56265f65,2026-05-20T10:50:13+00:00,2026-05-20T14:05:45+00:00,2,0,0,23.597,23.59,47.069036,2
0x58acac5c0b1bdf4e852ab92fc9e7de3d2d6c27dd,2026-05-24T01:07:28+00:00,2026-06-15T20:50:09+00:00,3,134333.333333,0,0,0,200.999999999,3
0x58b135a087b98cf61c8280f345a0fc4d13ccc21e,2026-05-04T05:02:24+00:00,2026-05-04T09:12:34+00:00,2,0,0,272.878333,272.87,543.838218001,2
0x58c29e4756fbd637fc42de71be52cd83138c6eb4,2026-04-27T09:36:28+00:00,2026-04-27T11:48:26+00:00,2,0,0,44.403,44.4,88.492191,2
0x58c90d397a091857f0794e15dde7dbfb97db0020,2026-05-12T12:50:57+00:00,2026-05-12T20:35:55+00:00,2,0,0,49.098,49.09,97.942534,2
0x58d8a07b4266bcda84eef326e8542d83fc980e09,2026-05-18T20:32:51+00:00,2026-05-30T16:22:27+00:00,2,0,0,79.158,79.15,157.991384,2
0x58f29a385f653f06dc29aada39eaa29f15dd37fd,2026-05-02T02:07:26+00:00,2026-05-09T07:55:53+00:00,6,0,0,3689.851666,3689.85,7353.872711002,6
0x590369e9abc66231983bb121262c408599afc441,2026-05-06T19:26:13+00:00,2026-05-06T23:49:09+00:00,2,0,0,303.530333,303.53,604.935622001,2
0x590a71869f3158c08820e2321e39018debb26b7c,2026-05-29T07:23:32+00:00,2026-05-29T08:12:44+00:00,2,0,0,795.591,795.59,1587.203048,2
0x590b1e7fd6c692ad721f0d11caa785b5b9b02fdb,2026-06-03T14:24:49+00:00,2026-06-03T14:25:07+00:00,4,0,0,10.170,10.17,20.309490,4
0x591e48fb48ac464aa3f0e80c217f380b068df351,2026-05-07T14:40:19+00:00,2026-05-07T15:38:18+00:00,2,0,0,77.582666,77.58,154.619598002,2
0x591f0f1a9c14eb28d8683858a436a819ca4085b4,2026-04-29T05:23:50+00:00,2026-04-29T06:46:02+00:00,2,0,0,54.729,54.72,109.175382,2
0x5922bedba122e18efe7ef6890fcf32f54a8bcb63,2026-03-31T11:24:05+00:00,2026-03-31T13:01:09+00:00,2,0,0,5.0,5.0,9.9100,2
0x5930e0ad289d23027e6396eee3a9af59c4af012b,2026-05-08T08:31:10+00:00,2026-05-08T09:56:29+00:00,2,0,0,1169.25,1169.25,2330.31525,2
0x5938b41cf3db15f1c9a860c5cdda73fa2ca74209,2026-05-22T20:58:45+00:00,2026-05-22T20:58:45+00:00,1,0,0,90.21,0,90.02958,1
0x59394cef44107a25cfbc81c0d20564c1968a8f61,2026-05-07T09:47:50+00:00,2026-05-16T09:02:17+00:00,2,0,0,6.920666,6.92,13.7991439999238002,2
0x5945d8a23db38ae6179b287e34b6541ed3424695,2026-05-20T03:46:45+00:00,2026-05-20T04:42:53+00:00,2,0,0,10.02,10.02,19.98990,2
0x594a0548759703b8e742cf97905be709f3b0fc57,2026-05-19T09:52:15+00:00,2026-05-19T21:36:18+00:00,2,0,0,337.675,337.67,673.656640,2
0x594e7862a8951d60adbcdaf5107225a2dbefa3c7,2026-05-09T00:14:52+00:00,2026-05-09T01:07:48+00:00,2,0,0,1100.0,1100.0,2192.3000,2
0x594fcaa7e12cdca73d97eb040d6bf4a1e6757f1a,2026-05-09T23:02:19+00:00,2026-05-13T06:59:09+00:00,4,0,0,15.039,15.03,29.975785,4
0x595225c9d9edfe3163e29f7f56c9fb14d88ea074,2026-06-02T13:28:42+00:00,2026-06-04T06:10:06+00:00,2,0,0,364.364,364.36,727.630916,2
0x595258f37aa3b13cec1d69edaa07bb74ee5edd19,2026-05-02T11:38:08+00:00,2026-05-07T16:32:17+00:00,4,0,0,90.240332,90.24,179.848651004,4
0x595d573ac40710718e66dec08a0a4086c4e12c51,2026-04-25T13:03:32+00:00,2026-04-25T13:03:32+00:00,1,250.0,0,0,0,1.0000,1
0x5965664884d02f4ede6b771aed339097dfc72273,2026-05-20T06:48:45+00:00,2026-05-28T03:59:05+00:00,2,0,0,3.8075,3.8,7.5884850,2
0x596797d112e741bd61748bcd23ae60d515253f2a,2026-05-29T15:41:36+00:00,2026-05-29T16:59:32+00:00,2,0,0,10.01,10.01,19.98997,2
0x5970bbb9b97e3399f93cb19d6b74826dcd52c99b,2026-05-12T06:39:55+00:00,2026-05-12T06:59:12+00:00,2,0,0,5.01,5.01,9.99495,2
0x597c8a6ab2454aa849f1591c7e915022e2e68cc1,2026-03-16T22:43:31+00:00,2026-03-16T22:43:31+00:00,1,0,0,7.09939,0,6.999997999736421,1
0x5985373b05937f016901e963252c24dc53d850f2,2026-05-11T01:45:56+00:00,2026-05-11T03:59:36+00:00,2,0,0,75.015,75.01,149.499915,2
0x598e2b7969ebb1a2093873cf688d16b418260d75,2026-05-08T15:35:09+00:00,2026-05-08T15:50:03+00:00,2,0,0,10.03,10.03,19.98979,2
0x59904ebafe0fc7683700cda2c9f72746bc11da0f,2026-05-27T08:40:47+00:00,2026-05-27T12:19:50+00:00,2,0,0,8900.0,8900.0,17755.5000,2
0x599258d383ede677f423c999bbcf2bc6414099e4,2026-06-11T17:18:45+00:00,2026-06-11T17:18:45+00:00,1,5000.0,0,0,0,5.0000,1
0x5993c78ee549c7f85bde8600105bcbbacec40225,2026-05-08T02:24:46+00:00,2026-05-29T18:29:00+00:00,4,0,0,52.998666,52.99,105.657750002,4
0x599bbdd97bcb51c2e3ee36e0fb9f88927d60abe0,2026-05-17T10:16:53+00:00,2026-05-17T10:16:53+00:00,1,0,0,5.0,0,4.9900,1
0x599e12ff414590e678b6f8697fba3ee5e12c70bc,2026-05-21T17:38:46+00:00,2026-05-26T03:07:54+00:00,4,0,0,21.3725,21.37,42.6356450,4
0x59aa30a7dbee829aebe57dfb9026fc91b198e3c0,2026-05-17T10:09:37+00:00,2026-05-17T10:09:37+00:00,1,0,0,10.0,0,9.9800,1
0x59bdb2090a17b3d397083bcbd69bcbcb83063c99,2026-05-17T07:21:06+00:00,2026-05-17T19:48:26+00:00,2,0,0,285.571,285.57,569.713148,2
0x59cb4b7dc06183cf58b2bbc73dfaae40d9fd5b0a,2026-05-03T07:43:18+00:00,2026-05-03T09:13:06+00:00,2,0,0,55.897666,55.89,111.396413002,2
0x59d0bc7467f07f4b39069527998245ea298ca4f0,2026-06-08T15:09:18+00:00,2026-06-08T15:09:18+00:00,1,1000.0,0,0,0,1.0000,1
0x59dd93460ea8677027549a8c134cc21c552d70dc,2026-05-06T03:59:58+00:00,2026-05-15T09:09:32+00:00,4,0,0,2698.23,2698.23,5380.32485,4
0x59fb970bed0ae67480ed3a29528404fae217921e,2026-05-16T01:42:22+00:00,2026-05-16T01:42:22+00:00,1,0,0,7.014,0,6.999972,1
0x5a055f5bfe60ed80da3a1dddec8ab1d2a44ac17b,2026-05-19T19:07:50+00:00,2026-05-20T03:54:21+00:00,2,0,0,33.066,33.06,65.960688,2
0x5a05e7e0bbeba68d5e5725efb846084e2dc5bafd,2026-05-28T05:17:27+00:00,2026-05-28T07:37:06+00:00,2,0,0,41.142,41.14,82.076296,2
0x5a09c46f29a58a5818198edb6065f833ec72ac1b,2026-05-11T13:57:08+00:00,2026-05-11T14:14:14+00:00,2,0,0,962.146333,962.14,1917.551334001,2
0x5a0b31f0972bc69db1b1bc4fb243e5deb9d6db2a,2026-04-12T19:48:03+00:00,2026-04-15T18:06:16+00:00,2,192.36,192.36,0,0,2.50068,2
0x5a0de3a271690e8385b36012ef4428a6d27bc1d5,2026-03-06T09:04:11+00:00,2026-03-06T09:13:27+00:00,2,0,0,154.0,154.0,305.9980,2
0x5a17fabfb65f587081dab2022245fa9c2e8bfc4f,2026-05-15T02:30:16+00:00,2026-05-17T04:34:44+00:00,4,0,0,13.026,13.02,25.980888,4
0x5a183bfd237de9fc2d2c4d5e3d67f8b87d81e0a3,2026-05-21T11:01:52+00:00,2026-05-21T12:31:33+00:00,2,0,0,43.086,43.08,85.950588,2
0x5a218c7ad04135830a45c41aaed7294df7809318,2026-04-24T01:45:20+00:00,2026-05-29T01:25:39+00:00,65,0,271.90,2851.787997,0,2845.4606099998869006,65
0x5a223fc05523ca07952fe28d03c33a0a93acdb8d,2026-05-13T17:31:10+00:00,2026-05-13T17:31:10+00:00,1,333.333333,0,0,0,0.999998999000001,1
0x5a31a441cccc814534043d0d96c04213f530d666,2026-04-25T21:40:26+00:00,2026-05-12T07:05:58+00:00,4,0,0,2801.162333,2801.16,5586.081466001,4
0x5a3239878348c5e8a583baeaeb1dc39e19e47c09,2026-04-30T10:13:38+00:00,2026-05-06T13:07:52+00:00,4,0,0,351.921,351.92,701.377557,4
0x5a38bb8c9523a7e90f5bc00a9aa70b0ae216a3e7,2026-04-30T02:36:04+00:00,2026-04-30T02:39:46+00:00,2,0,0,49.147333,49.14,97.943331001,2
0x5a42f89dfb947dd20688ba37fb00ff4ed292d2af,2026-05-30T03:57:36+00:00,2026-05-30T15:25:19+00:00,2,0,0,16.016,16.01,31.977964,2
0x5a52dce69adc877ac9a2d61fb0a38d431abef49e,2026-05-07T03:51:44+00:00,2026-05-07T05:11:28+00:00,2,0,0,1677.21,1677.21,3342.67953,2
0x5a55f074e8a053e5a522288a645a27223dceb5ba,2026-05-07T07:30:27+00:00,2026-05-07T09:08:06+00:00,2,0,0,1039.2,1039.2,2071.1256,2
0x5a600f9989174e27da93c1b051d85a02ff3e4141,2026-06-03T19:36:01+00:00,2026-06-03T19:36:24+00:00,4,0,0,10.170,10.17,20.309490,4
0x5a6942c64d025c0ea953c27a89f190377b03148c,2026-05-09T01:50:16+00:00,2026-05-09T03:54:28+00:00,2,0,0,1705.646666,1705.64,3399.347166002,2
0x5a723231f8202c4bb281ab2a8f40b79eaa33f87c,2026-06-02T13:33:26+00:00,2026-06-02T13:33:47+00:00,4,0,0,10.170,10.17,20.309490,4
0x5a75da6275752c8845ceccb3da0d0e75d487c117,2026-03-05T12:42:59+00:00,2026-03-06T03:58:05+00:00,2,0,0,5.9,5.9,11.7174,2
0x5a76b4e64c578437b1ca0b6162f2f295f8b8effd,2026-05-11T03:29:04+00:00,2026-05-11T05:12:35+00:00,2,0,0,52.567666,52.56,104.759723002,2
0x5a860a67e8f9e9ddf06165f1032a9ad2ec8ee713,2026-05-13T03:20:49+00:00,2026-05-13T03:20:49+00:00,1,100.0,0,0,0,0.3000,1
0x5a892cefe9c01ed049d8e5193136abaf5808c186,2026-04-30T10:13:38+00:00,2026-06-05T14:39:39+00:00,4,0,0,44.60,44.60,89.00924,4
0x5a8951687d8f8fa5bc1d856017dd88253abab1c2,2026-05-20T15:47:53+00:00,2026-05-20T15:47:53+00:00,1,3333.333333,0,0,0,9.9999989990000001,1
0x5a980d28e03b49ff1141d12ad0d973f4f975f327,2026-05-26T03:25:07+00:00,2026-05-26T06:07:10+00:00,2,0,0,821.3625,821.36,1638.6156950,2
0x5aab9630aa7eada4f868fca8444e9f12c53cf24d,2026-05-25T01:40:58+00:00,2026-05-25T03:54:11+00:00,2,0,0,10.02,10.02,19.98990,2
0x5ab48394a6069572c5541f0ea0b09fa3ea66649d,2026-05-25T00:55:00+00:00,2026-05-25T02:15:18+00:00,2,0,0,10.02,10.02,19.98990,2
0x5abb0a28ec7005da794773c3b03679fc63a90005,2026-05-18T01:29:24+00:00,2026-05-18T01:29:24+00:00,1,0,0,7.014,0,6.999972,1
0x5abb2a99c0cf3e15210f91876ff164837b846e67,2026-05-15T01:14:23+00:00,2026-05-15T01:15:03+00:00,2,0,0,130.2605,130.26,259.8691990,2
0x5aeab26f8790da4d48e420adced2125ce55a008e,2026-05-06T06:24:16+00:00,2026-05-06T07:33:52+00:00,2,0,0,47.472333,47.47,94.610036001,2
0x5aec01932a51836bc151b5aa515ccea15a7d904b,2026-03-25T21:57:21+00:00,2026-04-24T19:35:02+00:00,148,0,0,12531.21,0,12459.30743,148
0x5aefb2e9362bee46e14cdbebef5ecace2892ccfb,2026-05-07T07:07:53+00:00,2026-05-07T08:38:21+00:00,2,0,0,1075.43,1075.43,2143.33199,2
0x5b0286a0e7c646336db3ad1a6d2f9b01322bdc9f,2026-05-22T02:57:38+00:00,2026-05-22T05:26:47+00:00,2,0,0,8901.0,8901.0,17757.4950,2
0x5b0a78260566b45c4d2c6d4282567d12d6f6b91c,2026-04-10T08:07:51+00:00,2026-04-13T05:30:17+00:00,2,0,0,20.71,20.71,41.15077,2
0x5b0b622ff78c4eaf7fcc4e804eec0b8675a88d69,2026-05-23T08:44:58+00:00,2026-05-23T09:54:07+00:00,2,0,0,10.02,10.02,19.98990,2
0x5b17ad81c843573b825e004fa911d27b255e6f98,2026-05-13T13:09:48+00:00,2026-05-13T13:27:34+00:00,2,0,0,1007.8455,1007.84,2010.6462890,2
0x5b1ed26e7804b85f777fa8bb7ed48fbd14f34777,2026-02-26T13:44:18+00:00,2026-03-02T09:23:07+00:00,23,308.560694,308.56,0,0,5.7712449985678564,17
0x5b27cb17b6ad11f90eee735b674cf8414585d5f9,2026-05-15T12:35:53+00:00,2026-05-15T14:17:11+00:00,4,0,0,1911.222,1911.22,3812.885896,4
0x5b28e7ac56622c0aa383ea5925615cfffd716a18,2026-05-23T04:20:38+00:00,2026-05-23T08:44:58+00:00,2,0,0,583.9675,583.96,1165.0076850,2
0x5b36543347e6d3d2680c4b04402b1880895b8ea5,2026-05-26T22:14:24+00:00,2026-05-26T22:14:24+00:00,1,0,0,603.246,0,602.039508,1
0x5b4d449335b79afbbecae9be20543fd9fa5f2adb,2026-02-01T15:21:30+00:00,2026-02-04T20:26:11+00:00,3,351.952171,351.95,0,0,13.6131479929494140,3
0x5b52910f91870930b82f134af2893c5e41b63644,2026-05-29T23:55:05+00:00,2026-05-30T01:45:41+00:00,2,0,0,8805.0,8805.0,17583.5850,2
0x5b62c3a81e22b95f14b73de47681e60dde1b9e91,2026-05-10T15:02:50+00:00,2026-05-15T06:34:55+00:00,4,0,0,16.039,16.03,31.974791,4
0x5b6331e7ff0831a3fe2ed12004747db1a9c911a4,2026-03-29T03:09:40+00:00,2026-06-09T09:31:22+00:00,17,58207.499999,2560.0,0,0,90.9049970790000005,17
0x5b8f7f8bba5d358641accbfa8834d22f8ce8512d,2026-05-24T02:04:26+00:00,2026-05-24T03:21:07+00:00,2,0,0,16.052,16.05,32.021746,2
0x5b9daa8a1dc360e65552b4060e41561da9f4c7a2,2026-05-19T03:43:07+00:00,2026-05-19T03:43:07+00:00,1,0,0,51.583,0,51.479834,1
0x5ba2c32a26f7d3e729bfe8803541d6d4b39da81d,2026-04-16T21:48:04+00:00,2026-04-16T21:48:04+00:00,1,196.6,0,0,0,1.3762,1
0x5ba363a52659242193fff9744c55611f65568fcd,2026-04-23T06:41:38+00:00,2026-04-23T07:42:18+00:00,2,0,0,107.8894,107.88,214.5826730,2
0x5ba4a0d0316bf9a2302f96a56b7c534ee4db9764,2026-06-03T00:47:56+00:00,2026-06-03T00:48:19+00:00,4,0,0,10.160,10.16,20.289520,4
0x5ba6e4e1a8457d9a0ac099b23fefd85342386fb5,2026-05-22T11:35:01+00:00,2026-05-22T11:35:01+00:00,1,0,0,101.663,0,101.459674,1
0x5ba7a9e6131fedc4a1acd557592ec57e4a61cb7e,2026-05-06T07:15:48+00:00,2026-05-06T07:16:48+00:00,3,0,0,38.114333,38.11,75.957550001,3
0x5baf3be6dc032cb66765aaeae55c6c353ec30dd9,2026-04-22T15:19:12+00:00,2026-05-19T14:29:09+00:00,4,0,0,88.2876,88.28,175.6633880,4
0x5bb68b78e7e77872b4a25159d77c88891960585f,2026-05-06T07:24:10+00:00,2026-05-06T08:47:38+00:00,2,0,0,56.539333,56.53,112.673595001,2
0x5bb82e8207ab927854e0f0f179946c2be6cbac0e,2026-05-18T23:29:34+00:00,2026-05-19T04:22:06+00:00,2,0,0,30.06,30.06,59.96970,2
0x5be583d30e80c4c91dbf57ef32bab12726202d9a,2026-03-07T05:59:25+00:00,2026-06-03T22:37:52+00:00,5,1609.545453,1609.54,0,0,20.349539983,5
0x5bfc3695c8a27f2d54208d9a6400f8b6b7777a23,2026-05-10T09:12:36+00:00,2026-05-10T16:22:15+00:00,2,0,0,2075.225666,2075.22,4135.919109002,2
0x5bfde035ec13091796fd38100164f736759fef02,2026-04-14T01:06:55+00:00,2026-04-16T15:58:28+00:00,2,171.14,171.14,0,0,2.22482,2
0x5c0b9ee4a45a9fcaa5490f395e47385fe3944d31,2026-03-01T02:59:15+00:00,2026-03-11T01:26:55+00:00,6,0,0,3.027083,3.02,5.986600999951668,6
0x5c1ffad8fcea2e164178e685dd5e4ba97da0aff0,2026-05-13T12:31:46+00:00,2026-05-13T12:49:29+00:00,2,0,0,7.014,7.01,13.988942,2
0x5c239ab248a03fa4818cc265049b9d6917802b29,2026-03-15T08:43:47+00:00,2026-03-21T16:03:05+00:00,2,0,0,69.1515,69.15,137.056785,2
0x5c2516e6a2e881effa427122df42352d63925130,2026-05-23T05:47:05+00:00,2026-05-23T05:47:05+00:00,1,0,0,31.162,0,31.099676,1
0x5c2d4eccac30a5e6862e00db5fb13c3543338c34,2026-05-23T04:51:17+00:00,2026-05-23T04:53:32+00:00,2,0,0,50.0,0,49.9000,2
0x5c2f7b28928e047a238db2541f529614f031509a,2026-05-14T10:24:20+00:00,2026-05-17T07:43:25+00:00,2,0,0,12.2945,12.29,24.5230410,2
0x5c3361c7d71a38c64bd01c6e9331063aca79783c,2026-05-10T09:12:55+00:00,2026-05-14T15:25:55+00:00,4,0,0,14.033,14.03,27.982819,4
0x5c59de69001b174668cf7adf63a66e410429bd8b,2026-05-21T11:51:18+00:00,2026-06-05T03:26:16+00:00,2,0,0,36.3725,36.37,72.6333850,2
0x5c6c2fe3bb0ecbf488b48013825d164b3a67bbb8,2026-05-07T08:16:18+00:00,2026-05-22T22:15:29+00:00,3,0,0,131.107,95.06,225.429481,3
0x5c6d3b299fb8dcbbd76f9bb13b179091776a9879,2026-05-25T05:27:08+00:00,2026-05-25T05:32:47+00:00,2,0,0,105.3105,105.31,210.0939490,2
0x5c76ed5bd7b801b84535ecf58ce2f275e21533b4,2026-05-06T10:05:16+00:00,2026-05-06T13:18:52+00:00,2,0,0,74.222666,74.22,147.923118002,2
0x5c81d2b46bcae5327c8dfd91c39eb9f85dfd5e7d,2026-05-18T09:23:05+00:00,2026-05-18T10:12:49+00:00,2,0,0,1503.25,1503.25,2998.98375,2
0x5c847a495fc2cc40220fcdf79f83f0be9473b3a9,2026-04-16T21:42:28+00:00,2026-04-17T08:22:16+00:00,2,809.523808,0,0,0,4.999999990,2
0x5ca0fae09d51ed86b9a802b5afb4b8e0dc1f69c6,2026-04-24T09:31:54+00:00,2026-04-24T09:32:30+00:00,2,0,0,692.377,692.37,1379.900389,2
0x5cb5f46f98693acced1b0132211de1a56ebfa8b2,2026-05-29T21:04:39+00:00,2026-05-30T11:40:51+00:00,2,0,0,7.007,7.0,13.985993,2
0x5cc050ead4c648aaa2600c005485b892131669ff,2026-05-06T02:58:36+00:00,2026-05-06T03:51:26+00:00,2,0,0,189.378,189.37,377.422386,2
0x5cc3bca53c57437bfa385579378db6b6433f8139,2026-04-19T11:47:28+00:00,2026-04-24T11:09:58+00:00,4,0,0,159.584733,159.58,317.715248001,4
0x5ccb16f6dbda5eca5821c5100a53a13975773cdd,2026-05-19T01:12:16+00:00,2026-05-19T01:12:16+00:00,1,0,0,3.006,0,2.999988,1
0x5ce613d41433aa7bf1e1f9209de325127d6ade1f,2026-02-20T08:24:24+00:00,2026-02-21T05:14:38+00:00,2,0,0,2.533058,2.53,4.9719260000681810,2
0x5cec2dbd26762bcdecd73c84deb5fd7fe7ce7c61,2026-04-12T10:32:11+00:00,2026-06-10T14:03:49+00:00,3,4714.285714,0,0,0,8.999999998,3
0x5cf5a397519f06ba0a466eb76b6f0c65e7e77f12,2026-06-05T14:29:54+00:00,2026-06-09T17:59:22+00:00,3,1397144.01,0,0,0,1397.14401,3
0x5d009303c73d1dfffa5ad093bed7fb1605eb6c06,2026-04-23T05:55:46+00:00,2026-05-26T16:36:40+00:00,4,0,0,81.5074,81.50,162.1709830,4
0x5d06bd331af6175a91d3b3e2e1bb4b87d8bd490d,2026-05-24T13:30:33+00:00,2026-05-26T00:23:59+00:00,2,0,0,1.3025,1.3,2.5959950,2
0x5d07757eb55f90a88d984680322a7c33724de20d,2026-05-21T16:27:50+00:00,2026-05-21T17:43:35+00:00,2,0,0,11.202,11.2,22.345996,2
0x5d0c97bcebd067f83e2fc3af6d4afb1855705e9a,2026-05-15T01:56:35+00:00,2026-06-01T07:03:32+00:00,2,0,0,16.0,16.0,31.9360,2
0x5d11ba59a9d4b2accb72600deadaf319a2f977ad,2026-05-23T15:39:18+00:00,2026-05-23T15:39:18+00:00,1,0,0,2.2545,0,2.2499910,1
0x5d15893c3e9b006201d40a3ea9bf725c0211f73b,2026-04-24T10:32:14+00:00,2026-04-24T12:12:12+00:00,2,0,0,64.874333,64.87,129.290230001,2
0x5d16a535c530a7b13a42f3742e876cea2abea0da,2026-05-16T05:38:20+00:00,2026-05-16T06:35:58+00:00,2,0,0,1345.0,1345.0,2683.2750,2
0x5d1cbad2335ff4efd97a49e87dfb81c1779f1086,2026-05-10T08:34:57+00:00,2026-05-10T15:52:29+00:00,2,0,0,48.144333,48.14,95.947340001,2
0x5d21f60991f2d28fe8fa34920f20203663ce9cec,2026-05-17T03:31:42+00:00,2026-05-17T15:20:31+00:00,2,0,0,130.2605,130.26,259.8691990,2
0x5d27fbf4d3c50fbfe67d56c7ee49472607fd0ff7,2026-04-25T11:30:30+00:00,2026-04-25T12:30:40+00:00,2,0,0,112.768,112.76,224.738656,2
0x5d413aa093dd685fad4185224a96c12f183da3cb,2026-04-27T09:44:38+00:00,2026-04-27T13:20:04+00:00,2,0,0,267.542333,267.54,533.209546001,2
0x5d65e21e4ba91bec03ea2b12e7b730423eb4da1d,2026-05-02T18:27:54+00:00,2026-05-02T19:24:10+00:00,2,0,0,59.849333,59.84,119.270425001,2
0x5d740ed460eb1fbe08f7f1ef98a26131fb5a2c63,2026-05-12T18:44:51+00:00,2026-05-12T22:22:02+00:00,2,0,0,43.086,43.08,85.950588,2
0x5d89bbf5314113d3462944b77fdd8cde91a4f157,2026-03-18T00:14:13+00:00,2026-03-18T00:14:13+00:00,1,0,0,5.05,0,4.99445,1
0x5dab285be6eda64918e77d5f2417745fac268826,2026-04-18T02:15:34+00:00,2026-04-19T13:46:52+00:00,2,258.0,258.0,0,0,2.8380,2
0x5dae54e48571248a9338a6449bf923de349d439a,2026-05-07T03:23:51+00:00,2026-05-07T05:06:22+00:00,2,0,0,793.17,793.17,1580.78781,2
0x5dc1af55b3133e8832a789ede71134eb229ef56c,2026-05-04T08:02:44+00:00,2026-05-04T10:10:56+00:00,2,0,0,1513.97,1513.97,3017.34221,2
0x5de94acfac956504f79345982729f51e6aaf10fd,2026-05-22T13:07:55+00:00,2026-05-22T13:07:55+00:00,1,0,0,54.4085,0,54.2996830,1
0x5df743067096d27e5d31ff2c6ea283532a398ced,2026-05-03T03:39:42+00:00,2026-05-04T04:55:52+00:00,2,0,0,953.11,953.11,1899.54823,2
0x5dfa66e2143f7d8d3cabb4156d3d3ffe21e0eabc,2026-05-24T02:09:08+00:00,2026-05-24T04:22:57+00:00,2,0,0,10.02,10.02,19.98990,2
0x5e040a09b01671be88a71add482c8c824402864c,2026-06-05T14:39:36+00:00,2026-06-06T18:32:40+00:00,6,0,0,61.72,61.72,123.31656,6
0x5e051d314289cc347d73b83b83d94af0a76a45e2,2026-05-07T01:39:05+00:00,2026-05-07T01:39:05+00:00,1,0,0,38.004,0,37.889988,1
0x5e06266cb182ce52670bbdbf834b65e11ee3a3b8,2026-05-20T16:33:20+00:00,2026-05-20T16:33:20+00:00,1,0,0,6.613,0,6.599774,1
0x5e06d9f2714ea39bc0a647a6e9723d33ddf33ca2,2026-03-06T09:16:17+00:00,2026-03-06T09:16:17+00:00,1,0,0,2.816833,0,2.7999320000282169,1
0x5e09ea2bf8bb8e029e77f7ec475edaaa2003d448,2026-03-04T03:03:03+00:00,2026-03-04T05:34:09+00:00,2,320.0,320.0,0,0,5.7600,2
0x5e0d242b45ef253c232af9e362c952dadec68d72,2026-05-22T22:48:30+00:00,2026-05-23T01:25:50+00:00,2,0,0,16.643,16.64,33.199794,2
0x5e0eea8e920b387eae8b70c35f7f12fc9d75323c,2026-05-23T00:50:10+00:00,2026-06-02T07:11:59+00:00,2,0,0,1.202,1.2,2.397196,2
0x5e11fd9b91aad439ba1dea4cfdc24d4d25837242,2026-05-21T17:04:00+00:00,2026-05-21T18:30:10+00:00,2,0,0,10.02,10.02,19.98990,2
0x5e2a5ebc94e2b03483391b3eee27fe19b8e4abc7,2026-05-12T01:36:04+00:00,2026-05-12T01:36:04+00:00,1,666.666666,0,0,0,1.9999989980000010,1
0x5e4612532fa2f5b72c7f77f1b51b7e04eb4fd88a,2026-03-04T04:10:59+00:00,2026-03-09T19:06:21+00:00,4,0,0,21.56,21.56,42.56757,4
0x5e5161f161f838384395e47ce41fc140594336ce,2026-05-26T06:59:31+00:00,2026-05-26T06:59:31+00:00,1,0,0,100.0,0,99.7000,1
0x5e6451a9afc26e56f61839af472621a3ce1b673b,2026-05-23T10:57:40+00:00,2026-05-23T10:57:40+00:00,1,1666.666666,0,0,0,4.9999989980000004,1
0x5e64df76507f26c1f17a7eacfc89ab944aae458b,2026-05-14T00:07:54+00:00,2026-05-14T21:26:27+00:00,2,0,0,150.3005,150.3,299.8489990,2
0x5e7b8509f9c6575b7a8e4249e7d787f8b6e8109e,2026-05-11T21:39:07+00:00,2026-05-12T00:23:31+00:00,2,0,0,215.3205,215.32,429.5638990,2
0x5e838ba53dbd96e1084caf584ce53769afec7927,2026-05-13T14:29:17+00:00,2026-05-13T16:05:57+00:00,2,0,0,62.9255,62.92,125.5308890,2
0x5e83c9db1593a9113fffa791797cf9655b383bb7,2026-06-10T21:34:27+00:00,2026-06-12T10:46:22+00:00,2,4000.0,0,0,0,4.0000,2
0x5e90d5ab1224f2412f3b6463478c0e721bd59468,2026-05-08T10:58:36+00:00,2026-05-08T11:59:11+00:00,2,0,0,65.085,65.08,129.709425,2
0x5ea76651681668b7b1b888b0a642aa17cafe7450,2026-03-19T13:32:51+00:00,2026-03-19T23:28:59+00:00,8,0,0,377.77,0,375.12561,8
0x5ea91a16ab15740034871cc7f1ebdb12094ee069,2026-05-22T12:04:27+00:00,2026-06-02T00:34:41+00:00,2,0,0,71.142,71.14,141.997436,2
0x5ed5f6d2cf67f15e0051e207814c70533ca0776b,2026-05-26T06:59:31+00:00,2026-05-26T07:00:10+00:00,2,454420.0,454420.0,0,0,2272.1000,2
0x5edc7bba7516cd28dc886ad576ba197bb114bbad,2026-03-30T21:23:43+00:00,2026-05-16T05:51:01+00:00,73,0,0,8162.843276,0,8114.1486730087231865,73
0x5ee469962356413457dc488840845c5a33399904,2026-05-13T12:48:34+00:00,2026-06-01T13:45:15+00:00,4,4833.333333,0,0,0,11.999998999000001,4
0x5ee65e3cca4d4d9383b47c57eff06413685506e5,2026-04-29T20:41:28+00:00,2026-04-29T20:41:28+00:00,1,0,0,5.0,0,4.9850,1
0x5f0a40cc382580541ecc0e7686e575c089e30ac6,2026-04-26T04:13:20+00:00,2026-04-26T05:21:16+00:00,2,0,0,127.983666,127.98,255.067795002,2
0x5f0d338f8faf1b175044ce4945d798aa68dde609,2026-06-13T01:27:00+00:00,2026-06-13T01:27:00+00:00,1,1000.0,0,0,0,1.0000,1
0x5f2392d3d77cd1a2941d50f107ebb2f130515b1a,2026-05-22T13:28:41+00:00,2026-05-22T13:28:41+00:00,1,333.333333,0,0,0,0.999998999000001,1
0x5f251dea6cee80e1fbdf7bb95629590d5cdd7f14,2026-04-01T21:03:17+00:00,2026-04-01T21:03:17+00:00,1,125.0,0,0,0,1.0000,1
0x5f2556d528c278c7eadf3a38d83f92b7b4c6c297,2026-05-28T01:51:22+00:00,2026-05-28T01:51:22+00:00,1,0,0,515.79,0,514.75842,1
0x5f29b8b77a622e4e3332949ab51f18bef5d2eeb5,2026-05-22T16:09:06+00:00,2026-05-22T16:21:35+00:00,2,0,0,1.002,1.0,1.996996,2
0x5f2e0f2559ba7df569f05300ceb9bdfd2b58253d,2026-05-22T19:45:13+00:00,2026-05-22T19:45:13+00:00,1,0,0,20.9215,0,20.8796570,1
0x5f390e4b7d6f06d6756a6c92afdbf7b3176aa78c,2025-12-11T09:59:41+00:00,2026-04-09T19:44:13+00:00,15,0,687.31,613.29,0,612.15869,15
0x5f3a161bc0d538bd8e0d55623ced144f4ec5ae1d,2026-05-07T09:51:11+00:00,2026-05-27T11:30:16+00:00,4,0,0,84.620,84.62,168.674156,4
0x5f436c79dee10ba17a7f9612fd011f6fb77ba1ef,2026-04-13T00:03:15+00:00,2026-04-15T06:04:40+00:00,2,0,0,11.65,11.65,23.14855,2
0x5f5bcc2f582fce50db36d64c6befe6301c6e3782,2026-05-03T12:00:50+00:00,2026-05-04T04:09:12+00:00,2,0,0,2058.174333,2058.17,4101.937130001,2
0x5f6ff296fd77a318d5b1e364d9cb03a4315f64f6,2026-05-25T03:11:25+00:00,2026-05-26T05:00:08+00:00,2,0,0,116.232,116.23,231.880846,2
0x5f8823bb0a20c7197819642369fb282e89ea68bc,2026-05-26T14:29:14+00:00,2026-05-26T16:03:48+00:00,2,0,0,10.02,10.02,19.98990,2
0x5f8dc5818553a0fe87f3496ca02561c92dcc44e5,2026-04-14T01:29:11+00:00,2026-04-21T18:26:32+00:00,2,169.73,169.73,0,0,2.03676,2
0x5f8ec8b9c07547d93ac7206ef75c1b625e6021b7,2026-05-04T15:36:08+00:00,2026-06-14T20:31:36+00:00,20,14561.0,0,0,0,38.6740,20
0x5f95f768511ba2e50c576066fd611c77335746c4,2026-03-17T17:33:45+00:00,2026-03-30T04:19:24+00:00,2,8.0,8.0,0,0,0.1680,2
0x5f9fb46c1deedcca79ffc13c1c7295c805a0f947,2026-05-22T21:52:16+00:00,2026-05-23T01:24:08+00:00,2,0,0,27.9755,27.97,55.8056390,2
0x5fa679aa693c3c18432dce101c0d87cbf3d003eb,2026-03-26T21:13:47+00:00,2026-05-09T20:08:33+00:00,2,1900.0,1900.0,0,0,26.6000,2
0x5fb2b15113a390a340e513f86a269a12e4265023,2026-05-02T11:20:54+00:00,2026-05-02T12:15:52+00:00,2,0,0,41.935666,41.93,83.572139002,2
0x5fc2216f28a19b770ffd9353addc61b6360bd1c5,2026-04-30T06:33:20+00:00,2026-04-30T10:27:10+00:00,2,0,0,76.082,76.08,151.705516,2
0x5fc50816f1592dabeaf8a9a7d83ca94edce5610e,2026-03-18T20:54:17+00:00,2026-03-18T23:31:27+00:00,4,220.0,220.0,0,0,3.6000,4
0x5fd059179a4e4df51ee73648a1902928d9f6266c,2026-05-07T04:27:07+00:00,2026-06-02T18:27:36+00:00,3,0,0,13.321,4.01,17.293615,3
0x5fdd48ccf05f6b0a0352cbfc7fd063a2aceb2132,2026-02-26T02:21:56+00:00,2026-04-14T12:43:57+00:00,11,0,3.0,101.277899,10.06,110.4931999993577336,11
0x5ff3d6d9449c2677121f0f0ba71bb7313ab9d25a,2026-05-11T08:41:44+00:00,2026-05-12T02:10:43+00:00,2,0,0,1292.88,1292.88,2578.00272,2
0x5ff99d77fdbf2d5fb6b6c2bff2a70db0c54b41cb,2026-06-04T00:21:34+00:00,2026-06-04T00:21:34+00:00,1,0,0,5.795,0,5.789205,1
0x5fff39b517f1b40de1efdb9155d55adda50ec706,2026-05-21T06:29:20+00:00,2026-06-03T12:08:15+00:00,3,0,0,4.4085,4.4,8.7908830,3
0x6010575b0c8318ca561f71267084b4ca0cb6a4b2,2026-05-01T07:15:34+00:00,2026-05-01T09:03:16+00:00,2,0,0,50.892666,50.89,101.426428002,2
0x6014954ba0be8fa01caaf245a0827c0186b773d4,2026-04-19T15:31:46+00:00,2026-04-19T16:45:22+00:00,2,0,0,63.005,63.0,125.311975,2
0x6016718d6e26925e243c31dad55416e32f3d6fb3,2026-05-07T06:36:23+00:00,2026-05-07T08:07:40+00:00,2,0,0,54.403,54.4,108.422191,2
0x60199221a603bd08d4fb151615a487b5290509c1,2026-04-30T02:22:42+00:00,2026-04-30T03:49:22+00:00,2,0,0,55.987666,55.98,111.575783002,2
0x601acd081fa52cec76a15253ff16b03c87f624c2,2026-05-30T05:57:21+00:00,2026-05-30T14:45:09+00:00,2,0,0,12.012,12.01,23.985968,2
0x602312d1c60347ebb0db5f34d168b6ed4d49cfd8,2026-05-20T13:53:19+00:00,2026-05-20T13:53:19+00:00,1,0,0,22.224,0,22.179552,1
0x6032181b1bbbd74f4f6ffa3d1808c7e4bd1bfde9,2026-05-14T01:15:49+00:00,2026-05-14T01:33:40+00:00,2,0,0,5.01,5.01,9.99495,2
0x6034aa2e18c27386db21a99fa1c68822021b22c2,2026-05-01T19:34:42+00:00,2026-05-01T23:10:58+00:00,2,0,0,52.186333,52.18,104.001054001,2
0x603bffb870e6d7bcec2b6122e1dc4172cbbb42fd,2026-06-04T01:06:43+00:00,2026-06-04T01:06:43+00:00,1,0,0,39.039,0,38.999961,1
0x605390eee8622344910f04352beb5175f61dd93b,2026-05-21T18:02:53+00:00,2026-05-21T19:07:37+00:00,2,0,0,10.02,10.02,19.98990,2
0x6055c20dc42cd7757e2f2419cd808374e6061dd7,2026-04-24T06:46:22+00:00,2026-04-24T07:36:28+00:00,2,0,0,70.06,70.06,139.62958,2
0x605b5d782204edfdcf57b7c826314a929271ccf9,2026-06-03T05:59:35+00:00,2026-06-04T03:36:12+00:00,2,0,0,16.016,16.01,31.977964,2
0x605e51db4a3d6aabbbcadf534c0c85a974688b39,2026-04-10T04:29:57+00:00,2026-06-03T04:22:08+00:00,63,0,20.0,839.0,0,836.8760,63
0x6072eac3d41c7c7085dd179ca0a8aa037a9acf25,2026-05-21T08:34:57+00:00,2026-05-21T08:34:57+00:00,1,0,0,10.02,0,9.99996,1
0x60802e337be3c13f7fbe49760d51ca3fa221cd56,2026-05-06T06:25:38+00:00,2026-05-06T08:09:14+00:00,2,0,0,59.418,59.41,118.412106,2
0x608365d3530ad4da63c6e1f7da7a143c000111fc,2026-03-25T05:33:39+00:00,2026-03-25T05:53:57+00:00,3,0,0,875.0,875.0,1730.7500,3
0x609b0032143f0fafc9dc2d1bc058f896b5dfb1cc,2026-05-20T00:02:59+00:00,2026-05-20T00:02:59+00:00,1,0,0,23.176,0,23.129648,1
0x60a42d8a147819c0f7235d6a4ceb4a0be6e9378d,2026-03-18T21:12:33+00:00,2026-03-19T00:28:49+00:00,43,1999.907473,0,0,0,14.9993179881597610,43
0x60bba250554227fe7da8f1a7aa4ee96c33a2fca2,2026-05-20T17:20:24+00:00,2026-05-20T22:24:42+00:00,2,0,0,123.246,123.24,245.869788,2
0x60cb3090aae37858120e601a24da9866aa2013b8,2026-06-01T00:55:13+00:00,2026-06-01T00:55:13+00:00,1,0,0,1.201,0,1.199799,1
0x60ce5dd56f57b6d6b52405bec36a1054993c1c81,2026-05-24T04:18:06+00:00,2026-05-24T05:13:44+00:00,2,0,0,10.8415,10.84,21.6272970,2
0x60da4afc88caff939f2a700043bfbd65f54740d9,2026-05-23T22:15:48+00:00,2026-05-23T22:15:48+00:00,1,0,0,91.8135,0,91.6298730,1
0x60e10326086614c3ef593c35f5279d5802f33c18,2026-05-29T04:11:14+00:00,2026-06-03T13:06:59+00:00,2,0,0,7.8155,7.81,15.5942490,2
0x60fd421fb445029d7c8ce20a6a86e0bb364589a9,2026-02-25T10:22:30+00:00,2026-05-11T15:57:32+00:00,82,4979.747443,4779.741110,0,0,94.1142940006999445,82
0x60ffc0a865256a2b280cc76dde736e4924ef4497,2026-05-23T08:43:30+00:00,2026-05-31T06:53:01+00:00,2,0,0,13.4265,13.42,26.7928070,2
0x610043427af92a65f6c967d804a84b32118e0b49,2026-05-12T20:31:07+00:00,2026-05-12T20:31:07+00:00,1,8333.333333,0,0,0,24.9999991656666667,1
0x6106a7b97c7674f4b4106e4e13134476488b79d0,2026-05-23T05:59:11+00:00,2026-05-23T08:02:09+00:00,2,0,0,10.02,10.02,19.98990,2
0x610b3490bfb0f9ca87e4642d16af7a3f0857516d,2026-05-21T10:43:02+00:00,2026-05-21T13:23:13+00:00,2,0,0,10.02,10.02,19.98990,2
0x611784bd566fbb62ca360ff46883b30754491f0e,2026-05-24T10:30:01+00:00,2026-05-25T00:26:34+00:00,2,0,0,103.206,103.2,205.889988,2
0x611a8455e227ffc6b245a078d43507b6610c1946,2026-05-11T19:21:04+00:00,2026-05-11T20:36:54+00:00,2,0,0,54.4685,54.46,108.6561830,2
0x611cfdfc973e7ad77da1d8d84da0e87fc500a931,2026-06-08T17:16:39+00:00,2026-06-08T17:16:39+00:00,1,1000.0,0,0,0,1.0000,1
0x61296d5352bcba05d14fb1118f7f1e2b1f88df53,2026-06-04T17:36:04+00:00,2026-06-04T17:37:39+00:00,2,0,0,110.55,110.55,220.76835,2
0x61306816e15043b2ace6a3e1db031e248ffaf1ed,2026-03-11T12:33:05+00:00,2026-04-24T08:03:44+00:00,7,93.75,93.75,5.04025,0,7.25143800,7
0x613800c3e62626f30c8df186407b7e5c49616d3a,2026-03-24T03:31:05+00:00,2026-03-24T03:43:25+00:00,3,0,0,854.0,854.00,1694.33600,3
0x615346ac3277f46c5282bd7eb20fc496d55144ab,2026-06-05T00:07:28+00:00,2026-06-06T18:33:31+00:00,8,0,0,92.65,92.65,185.11470,8
0x6153e6239ca5826edf1697f100583bd75603cd51,2026-05-30T00:28:37+00:00,2026-05-30T21:26:29+00:00,2,0,0,6.006,6.0,11.987994,2
0x6155c146e8d38181a94ccd629e700bff241ed57b,2026-05-05T06:14:20+00:00,2026-05-05T10:47:20+00:00,2,0,0,215.436,215.43,429.357972,2
0x6158f604f443fb6d537e09729807fe4799d0fa72,2026-06-13T15:16:46+00:00,2026-06-13T15:16:46+00:00,1,1000.0,0,0,0,1.0000,1
0x6159d34aa2b698c1eebf71edb9cabc26105f7b0d,2026-05-09T20:14:37+00:00,2026-05-10T00:53:41+00:00,2,0,0,131.394,131.39,261.864258,2
0x615a2978034bfd9677401d74db278a8eced3364e,2026-04-30T12:41:08+00:00,2026-06-07T08:15:21+00:00,2,0,0,33.099,33.09,66.056613,2
0x617b8913d79659710c8b5e051b09deec8a2883c5,2026-04-09T08:39:07+00:00,2026-04-11T19:27:39+00:00,2,0,0,12.19,12.19,24.22153,2
0x6189043bcc370edec3a500cb3d3739e7a5e2d6eb,2026-05-15T03:40:09+00:00,2026-06-01T14:59:04+00:00,2,0,0,65.0,0,64.9200,2
0x6191cf4dbf915eba61691d7ca84c7dd74bdfca26,2026-05-19T18:36:34+00:00,2026-05-19T19:53:47+00:00,2,0,0,10.02,10.02,19.98990,2
0x61a045d1ec1b073c67897ce0b7dff7a6c38f7bd8,2026-04-21T14:23:28+00:00,2026-05-23T02:58:47+00:00,3,0,0,76.9032,49.84,126.1408060,3
0x61a5f7976bb5af4dffc92df1e7ce06891627b012,2026-04-25T11:22:18+00:00,2026-04-25T12:33:20+00:00,2,0,0,93.34,93.34,186.02662,2
0x61c7962ce41f2d06a01c1cec9b91d7f1459b4f54,2026-04-30T09:22:48+00:00,2026-04-30T09:26:14+00:00,2,350.0,350.0,0,0,1.7500,2
0x61c9e6a2baba8699d8e73469773583138386967a,2026-05-10T14:23:59+00:00,2026-06-15T23:32:40+00:00,2,0,0,56.3,56.3,112.3748,2
0x61d3a3aaaee147cf1d636778346391eb47f29daa,2026-05-13T02:55:42+00:00,2026-05-17T01:18:47+00:00,4,0,0,118.236,118.23,235.874838,4
0x61d592665289849bb4024319054c26601207fbeb,2026-06-03T00:08:30+00:00,2026-06-03T00:08:55+00:00,4,0,0,10.170,10.17,20.309490,4
0x61d9e1ff009a85a213e6ebef492d3ccc9e25969c,2026-06-04T19:09:46+00:00,2026-06-04T19:09:46+00:00,1,500.0,0,0,0,1.0000,1
0x61ebfe62040e9b1d8756f739c2086bf92d1d6483,2026-04-19T11:51:32+00:00,2026-04-19T13:01:00+00:00,2,0,0,61.015,61.01,121.353865,2
0x61eccb626f2ce23f341d46213163a0e760aa2430,2026-04-19T03:58:34+00:00,2026-04-19T04:38:26+00:00,2,0,0,59.8894,59.88,119.1106730,2
0x61f1fdd90424030808ede546d480604696e1f520,2026-04-30T00:55:34+00:00,2026-04-30T01:16:38+00:00,2,0,0,9000.0,9000.0,17937.0000,2
0x61f49c332515583be187dbd65c91494a915c14ba,2026-05-16T11:58:34+00:00,2026-05-16T11:58:34+00:00,1,0,0,25.8515,0,25.7997970,1
0x61f783617849d8c8fbfb95a00b17a49b8609afc7,2026-05-17T14:53:00+00:00,2026-05-20T11:38:57+00:00,2,0,0,186.3725,186.37,371.8106450,2
0x61fe6327a8549095d43e13913bf2f2e1d19259ff,2026-05-06T08:50:16+00:00,2026-05-06T10:32:04+00:00,2,0,0,188.335,188.33,375.346675,2
0x62124eccb258a17d989e590600a8f2b5a468e62b,2026-05-17T04:59:37+00:00,2026-05-17T18:06:35+00:00,2,0,0,138.2765,138.27,275.8551370,2
0x621d81f6b4fcb9363312e927f7f88b439a7e2b5b,2026-05-21T17:35:53+00:00,2026-05-21T18:34:25+00:00,2,0,0,17.705,17.7,35.316490,2
0x6242081eb67db465c78f6d918739a7b0d862f53d,2026-04-27T07:01:14+00:00,2026-04-27T08:01:38+00:00,2,0,0,51.564666,51.56,102.763732002,2
0x624b47b627f330d3d485d0104769d5423d4d236e,2026-04-24T06:13:24+00:00,2026-04-24T07:49:18+00:00,2,0,0,247.321666,247.32,492.910421002,2
0x6256bd9527a24c4ba3e6217e85be2549505002e8,2026-05-23T05:43:22+00:00,2026-05-23T05:43:22+00:00,1,0,0,108.537,0,108.319926,1
0x625b83751ec453bf7132b8f3a06d14d3c5b10431,2026-06-02T09:00:41+00:00,2026-06-02T09:09:58+00:00,2,0,0,108.358,108.35,216.382942,2
0x625e4cb119f4c0efa5af9a0f078b698f4999363a,2026-05-27T04:37:57+00:00,2026-05-27T05:10:09+00:00,2,0,0,241.4825,241.48,481.7550950,2
0x62616b3e3db66f6ac66a578b7753c99d0540f18d,2026-06-02T22:28:49+00:00,2026-06-02T22:29:24+00:00,4,0,0,10.370,10.37,20.708890,4
0x62660ca7bfa7f84289c933e260c5fadddd9b1be8,2026-05-16T00:04:22+00:00,2026-05-16T12:06:02+00:00,2,0,0,9070.0,9070.0,18094.6500,2
0x6266d6e64e2694f7d5d334368de0cb5dda474d5d,2026-04-20T02:10:50+00:00,2026-05-01T05:28:10+00:00,4,0,0,81.384266,81.38,162.034112002,4
0x627a40f8edbec9600fa0fc7c3f4cfec2a4ae89b5,2026-05-08T07:05:37+00:00,2026-05-08T07:05:37+00:00,1,0,0,15.045,0,14.999865,1
0x62813cb94943835edb284fa4dfde573ab60b57a1,2026-05-17T09:16:45+00:00,2026-05-31T02:38:03+00:00,2,0,0,16.032,16.03,31.997876,2
0x6283a98bf7ea3d4fddded06316681fceb3e9ffcd,2026-05-31T19:17:13+00:00,2026-05-31T19:17:13+00:00,1,0,0,15.515,0,15.499485,1
0x6289c55d50d4600456f019e829b4240661f94367,2026-05-29T10:25:16+00:00,2026-05-29T11:21:04+00:00,2,0,0,18.206,18.2,36.314988,2
0x628b5d9c960c57559c6485d36f28e771bb85e756,2026-06-17T16:41:01+00:00,2026-06-17T16:41:01+00:00,1,1880.0,0,0,0,1.8800,1
0x629e0b51989a1a72091dd291e210cb012492c7fb,2026-05-18T08:10:45+00:00,2026-05-18T08:23:06+00:00,2,0,0,965.651,965.65,1926.472748,2
0x629ff0ae95425e4cef459a2100938adfe234aee4,2026-04-20T05:44:48+00:00,2026-04-20T06:57:48+00:00,2,0,0,61.0752,61.07,121.4734040,2
0x62a6cd1cc8d183c523c58c8a980f5ceaa7c7d090,2026-06-01T18:23:28+00:00,2026-06-01T18:31:52+00:00,4,0,0,10.370,10.37,20.708890,4
0x62ab659b3808c2b309b48d3375d746d95b1e6489,2026-05-28T03:52:00+00:00,2026-05-30T01:57:57+00:00,2,0,0,217.4345,217.43,433.9947710,2
0x62ad81eddc36cc1e26234c908a69277bce9779fc,2026-04-20T21:24:42+00:00,2026-05-04T12:53:06+00:00,9,0,19112.22,2786.8,0,2832.65286,9
0x62b7566c53744ebc750662a0f4b186065a9dfb61,2026-04-25T10:14:24+00:00,2026-04-25T11:12:38+00:00,2,0,0,102.186333,102.18,203.651054001,2
0x62d492ac1391edf1cf9e7d7c100a2075dc18b191,2026-05-02T16:08:24+00:00,2026-05-02T17:16:36+00:00,2,0,0,41.945666,41.94,83.592069002,2
0x62dd60df79a007b9435b600b03c1b17122769b5f,2026-04-17T03:20:04+00:00,2026-04-21T02:38:50+00:00,2,193.77,193.77,0,0,2.32524,2
0x62de001b1fe9637c9765dfb85b46c7552b146eb0,2026-05-05T13:20:56+00:00,2026-05-06T02:40:28+00:00,2,0,0,54.61,54.61,108.78312,2
0x62ec8ee22f509fa212fa666cdb49dd268ffff173,2026-05-07T04:59:10+00:00,2026-05-07T05:54:51+00:00,2,0,0,102.196333,102.19,203.670984001,2
0x62ee4f9c8e7442cbc00427bbe4c1d27e834dc851,2026-05-11T07:41:14+00:00,2026-05-11T20:54:08+00:00,2,0,0,34.102,34.1,67.997394,2
0x62f8ad1ae4d77b803e89a2a01494df1668a3ee22,2026-05-08T11:35:25+00:00,2026-05-08T12:53:01+00:00,2,0,0,97.893666,97.89,195.098425002,2
0x632ba927c1872b9ba22ca8d7f0e732d3555f573d,2026-05-02T00:47:36+00:00,2026-05-02T00:57:46+00:00,2,0,0,130.391,130.39,259.868267,2
0x633863355538170bbd0fa30648bd424cab4502a1,2026-05-29T11:04:30+00:00,2026-05-29T11:04:30+00:00,1,0,0,9.018,0,8.999964,1
0x6344a266ccf4f58daf8ebbc1034a0c3f3ed2b9a7,2026-02-20T15:02:00+00:00,2026-02-20T15:09:08+00:00,2,0,0,5.035588,5.03,9.8844129999715296,2
0x634beaca542ff2ad549a73036355ff17f3e36de2,2026-02-27T01:10:36+00:00,2026-02-28T20:27:55+00:00,4,73.415714,73.41,0,0,1.2524499997975714,4
0x63537e6d8d851efebfdaebe4597a55b813ab4bd5,2026-05-27T15:22:19+00:00,2026-05-27T23:20:46+00:00,2,0,0,64.128,64.12,127.927384,2
0x635f012770c19fbf5cb41365618a421ec2d1de4b,2026-05-06T13:57:48+00:00,2026-05-14T07:54:46+00:00,2,0,0,1.705,1.7,3.394785,2
0x637dcb0e47402ef96846346d62ad5f4fd4e1c14b,2026-05-12T06:30:25+00:00,2026-05-12T06:30:58+00:00,2,0,0,48.096,48.09,95.945538,2
0x638a6823be57ec34c5deba24196a97eb1ce9453c,2026-05-17T19:23:05+00:00,2026-05-17T20:30:33+00:00,2,0,0,69.138,69.13,137.922334,2
0x639e6a81478cbc4d4c9296694a5fe7a98ca14ee9,2026-05-08T03:05:36+00:00,2026-05-09T20:57:50+00:00,4,0,0,17.051,17.05,33.981647,4
0x63ac9413c4dd5e7d8c627d9de3a26b44a8a27e9f,2026-05-30T08:09:45+00:00,2026-05-30T08:09:45+00:00,1,0,0,50.0,0,49.9500,1
0x63c670c0a412f2982b163de000c021968f30d4dd,2026-03-08T15:59:01+00:00,2026-03-09T02:26:49+00:00,3,0,0,59.16,59.16,117.260120002056,3
0x63cc40081ebb2b5563bd2949816169d720f8eec5,2026-06-01T02:44:03+00:00,2026-06-01T02:44:03+00:00,1,999.0,0,0,0,1.9980,1
0x63d02f1a4951598a46376928eb4b8c26a3b7a519,2026-04-24T09:46:44+00:00,2026-04-24T12:25:16+00:00,2,0,0,84.272666,84.27,167.952768002,2
0x63d0d0ef8a5561ae777f96eadec31027d59df936,2026-05-17T12:48:16+00:00,2026-05-17T15:17:15+00:00,2,0,0,166.3325,166.33,331.8308450,2
0x63d43bbb87f85af03b8f2f9e2fad7b54334fa2f1,2025-12-11T09:02:19+00:00,2026-03-24T23:05:33+00:00,108,0,0,12121.916665,0,11983.6407760024199940,108
0x63dbaf253f10b5444023dd63be8caf6865def90b,2026-05-10T01:30:06+00:00,2026-05-10T01:45:44+00:00,2,0,0,8.024,8.02,15.987848,2
0x63dbd09b1582fff6c725ea803f3de638e9664afd,2026-04-16T04:47:54+00:00,2026-04-16T04:47:54+00:00,1,0,0,59.9,0,59.5406,1
0x63f2a5762cc4efb575f040fdf06145e0c8e55bf6,2026-05-13T20:06:08+00:00,2026-05-13T20:17:58+00:00,2,0,0,7.014,7.01,13.988942,2
0x63f3a52b768a538420d27608868f773d5acea114,2026-03-29T13:49:12+00:00,2026-03-29T13:49:12+00:00,1,909.090909,0,0,0,9.999999999,1
0x63fb5d5b7c1466cafd3a8372e9d652acecba4eb9,2026-05-17T09:39:02+00:00,2026-05-17T09:39:02+00:00,1,0,0,10.0,0,9.9800,1
0x64014f42973ec9aa92e51a8b552755165998f2c8,2026-05-18T22:22:03+00:00,2026-05-18T23:28:15+00:00,2,0,0,74.108,74.1,147.837484,2
0x6407f4f61bfa903dc0c6d7e79767fd9dfaa3877c,2026-05-26T05:55:42+00:00,2026-05-26T13:53:11+00:00,2,0,0,136.2725,136.27,271.8611450,2
0x641e73155d660446723ee8b584c29d8f52a123e6,2026-05-31T06:40:15+00:00,2026-05-31T06:40:15+00:00,1,0,0,35.035,0,34.999965,1
0x643c604dbbb7bf3182c05e5fe4ef24a6fdca39c2,2026-05-24T12:37:09+00:00,2026-05-24T12:37:09+00:00,1,0,0,10.0,0,9.9800,1
0x643ed36088c3befbf9d306255b60bf327c402aab,2026-05-03T03:45:00+00:00,2026-05-04T05:31:34+00:00,2,0,0,934.05,934.05,1861.56165,2
0x6445f02032e94d5ccda5b6a59ec47c60dc575354,2026-05-22T22:51:45+00:00,2026-05-23T11:46:09+00:00,2,0,0,135.2705,135.27,269.8641490,2
0x6454349f88d015fc406404a5008d0a3bb277c53c,2026-04-21T21:29:20+00:00,2026-04-21T22:20:50+00:00,2,0,0,54.0502,54.05,107.5056490,2
0x645a7af28a53cdf737db1b8bc081da6d2ba8551d,2026-04-23T04:12:28+00:00,2026-04-23T05:34:16+00:00,2,0,0,186.0,186.0,369.9540,2
0x645b85aa38fe87960b38b0c8595ef7fbad141367,2026-06-01T10:54:59+00:00,2026-06-02T01:44:21+00:00,2,0,0,8.008,8.0,15.983992,2
0x64684071692b6c2922251ed81025407eb9637c92,2026-06-01T23:31:56+00:00,2026-06-01T23:32:10+00:00,4,0,0,10.170,10.16,20.299510,4
0x646d3edf9e3f508e11d308351c6a5d6817b18065,2026-05-07T10:05:11+00:00,2026-05-09T09:01:58+00:00,2,0,0,3.41,3.41,6.79613,2
0x64810838785e33645c588a09123608db1512b66c,2026-05-11T11:15:16+00:00,2026-05-11T11:15:16+00:00,1,0,0,2.688,0,2.679936,1
0x648b5593fb42efed872609fd59a6badac8926672,2026-06-07T07:48:43+00:00,2026-06-07T07:48:43+00:00,1,1000.0,0,0,0,1.0000,1
0x6497c04f3190b5d9d91512a66ecc9b3fd575d577,2026-05-07T03:54:44+00:00,2026-05-07T06:15:10+00:00,2,0,0,1483.309666,1483.3,2956.226537002,2
0x64c4a3a2ef347e828966942b5769103058382565,2026-05-29T17:03:32+00:00,2026-05-29T17:53:16+00:00,2,0,0,12.302,12.3,24.565098,2
0x64c8c8660fde280aa4e393245580e6ec201d1015,2026-05-11T17:24:52+00:00,2026-05-12T03:11:45+00:00,2,0,0,74.148,74.14,147.917284,2
0x64d594251c37e0e4a1040b038018d8af77a2b449,2026-05-14T07:21:12+00:00,2026-05-15T20:39:09+00:00,2,0,0,29.058,29.05,57.962734,2
0x64dc712de0b3bf2d11768b8b5ead95e6d5b3ab11,2026-05-18T10:51:42+00:00,2026-05-18T11:50:42+00:00,2,0,0,53.186,53.18,106.100088,2
0x64dfbd2bd4dea65776e00c77cee621ea7c5e421d,2026-03-08T22:10:35+00:00,2026-03-19T21:36:09+00:00,3,0,0,47.0,0,46.6410,3
0x64f8e712f9b85424de823b06658817af81dd32f9,2026-06-01T20:18:27+00:00,2026-06-06T15:08:30+00:00,2,11355.0,11355.0,0,0,34.0650,2
0x65086d451764525079575f7a24402b166bd91293,2026-05-22T16:51:22+00:00,2026-05-22T16:51:22+00:00,1,0,0,16.052,0,16.019896,1
0x65399c0992b6b9a2dc1090970f4a2eebf4e423ad,2026-02-11T15:12:05+00:00,2026-05-15T04:52:08+00:00,3,0,0,204.0816,204.08,403.059568,3
0x654fe89bdf92119b84e488a47988b7c4fd705143,2026-05-29T23:13:19+00:00,2026-05-30T06:26:47+00:00,2,0,0,11.011,11.01,21.987969,2
0x655b1c8a7641660ab927666c0ee836bd2e7e2fdf,2026-05-03T03:45:20+00:00,2026-05-04T05:31:52+00:00,2,0,0,895.04,895.04,1783.81472,2
0x657d5c8eb80b85d2f8f894ec37feca653b54b34f,2026-06-02T16:15:09+00:00,2026-06-02T16:15:09+00:00,1,0,0,1.021,0,1.019979,1
0x657f2ef55917b76d6dc3b5acee9ef9599249d8cf,2026-05-23T10:36:37+00:00,2026-05-23T10:36:37+00:00,1,0,0,129.158,0,128.899684,1
0x6586fb56a335aeb953b09b299eb181de3ffd497c,2026-02-12T13:06:13+00:00,2026-03-01T12:04:25+00:00,17,0,0,259.17,0,255.07496,17
0x658da8d6e5826f15dbdf0331b1c1b745350022e1,2026-05-11T02:22:36+00:00,2026-05-11T03:51:19+00:00,2,0,0,84.984666,84.98,169.369792002,2
0x65921d8e4df2b0b5eb62e629367f8eee05517786,2026-05-22T19:29:46+00:00,2026-05-23T02:36:53+00:00,2,0,0,224.4485,224.44,447.7662830,2
0x65a5dddb8cce315d5f73a9d535c8cfebdfc0411b,2026-05-16T01:40:51+00:00,2026-05-16T01:40:51+00:00,1,0,0,6.012,0,5.999976,1
0x65b82290b3cea04e4adc6b67324d9d6540eb3a26,2026-03-28T15:24:23+00:00,2026-04-06T16:58:13+00:00,2,0,0,27.245111,27.24,54.021985001,2
0x65c2800739caa0bcfa561abe9ee20b9ddacd0e4d,2026-05-01T17:23:38+00:00,2026-05-01T21:31:36+00:00,2,0,0,123.921666,123.92,246.974221002,2
0x65c68419ef10efdfdf82d7693d0e9e10e71b3b8f,2026-04-17T07:56:38+00:00,2026-04-17T07:56:38+00:00,1,100.0,0,0,0,0.6000,1
0x65ca6a20aa2780a880923f62aa2ef1cfbe50e020,2026-05-26T19:28:43+00:00,2026-05-26T19:28:43+00:00,1,0,0,70.4205,0,70.2796590,1
0x65d9eea5358ec0b9f49678e0b3a92d6ab0be1ff6,2026-05-21T12:17:00+00:00,2026-05-21T13:43:22+00:00,2,0,0,10.02,10.02,19.98990,2
0x65dc1131f86b65aeff2c97a6b122e33dcd0faded,2026-06-08T15:21:24+00:00,2026-06-08T15:21:24+00:00,1,1000.0,0,0,0,1.0000,1
0x65dc5fb8f1c5093abf50456c61d45940ef5d4040,2026-05-01T14:05:32+00:00,2026-05-01T16:42:46+00:00,2,0,0,49.197333,49.19,98.042981001,2
0x65ec633d17ae30230d12ef87addad8bc5ca6c5b5,2026-05-11T10:18:43+00:00,2026-05-11T14:45:42+00:00,2,0,0,45.727,45.72,91.126939,2
0x65f40080d63a09d063a9ae50e9e4976f283f2fce,2026-04-23T17:20:18+00:00,2026-04-23T18:29:40+00:00,2,0,0,70.120333,70.12,139.749492001,2
0x66065ccbe4ec544ef4342ba02cba933bf85bf3df,2026-05-20T02:17:24+00:00,2026-05-20T09:50:08+00:00,2,0,0,104.208,104.2,207.886984,2
0x660ac245007b6c0127c77107f68cd83fc3f1eb41,2026-05-09T09:14:08+00:00,2026-05-09T09:14:08+00:00,1,0,0,10.461333,0,10.4299489999538667,1
0x661a99e5967883fb5406329123275cc327736b93,2026-05-19T21:33:39+00:00,2026-05-19T21:33:39+00:00,1,0,0,26.2625,0,26.2099750,1
0x662d66c8537e06b61b54d08ad9a8ab22da194547,2026-06-03T14:16:03+00:00,2026-06-03T14:17:29+00:00,4,0,0,10.370,10.37,20.708890,4
0x66381a2e70b4bf1fea15a19d30b07ccb8e8c513a,2026-05-10T02:06:50+00:00,2026-05-10T02:24:42+00:00,2,0,0,6.018,6.01,11.985906,2
0x665055d4b8e5b89a3a2c4af25c74460cbe6e75c9,2026-05-07T12:58:26+00:00,2026-05-08T06:00:59+00:00,2,0,0,1911.735,1911.73,3810.082875,2
0x6656e340810cfb2c86890ee22c8cbc738a298433,2026-03-14T20:32:39+00:00,2026-03-15T15:45:13+00:00,14,499.9709,0,0,0,4.999709,14
0x665e0c059b503c795bbe49c0f03f0f1ca372f0d0,2026-05-17T07:42:02+00:00,2026-05-17T07:42:02+00:00,1,0,0,10.0,0,9.9800,1
0x665f8242d4744180916aa9716f823488762882ba,2026-03-07T03:01:41+00:00,2026-03-07T03:08:55+00:00,2,0,0,400.0,400.0,794.4000,2
0x666a03d5b4d8b86b2899b3652f447005839dda4f,2026-04-10T13:53:39+00:00,2026-04-13T08:20:25+00:00,2,0,0,14.81,14.81,29.42747,2
0x666ac1ca37090d4474861c8792edfa19c9d56065,2026-05-23T01:31:12+00:00,2026-05-23T01:31:12+00:00,1,0,0,559.709,0,558.589582,1
0x666adbdf3c312f7de8007beaa3945074335286cc,2026-04-26T08:03:44+00:00,2026-05-28T10:31:59+00:00,4,0,0,128.492666,128.49,256.128303002,4
0x66729c3b7244e1d0bb393cade54db14bf249ffd7,2026-02-05T04:04:27+00:00,2026-02-05T04:05:13+00:00,2,0,0,22.35,22.35,43.89540,2
0x668415c8db034a4027262bebcc7a509f63e42985,2026-02-26T18:22:38+00:00,2026-02-26T18:22:38+00:00,1,100.0,0,0,0,1.000,1
0x669556a46b3c7c01ddbb358207ce6ce73d8a27cf,2026-05-31T06:39:24+00:00,2026-05-31T06:39:24+00:00,1,0,0,13.313,0,13.299687,1
0x66a1db98713015330a82f08273b682bee77e80d9,2026-04-19T09:19:48+00:00,2026-06-05T00:07:19+00:00,3,7000.0,0,0,0,14.0000,3
0x66b0cd733736dca301dad76077679cc0e4d385da,2026-04-16T21:47:48+00:00,2026-04-19T12:58:00+00:00,2,0,0,12.54,12.54,24.92952,2
0x66b5f3410fd547f8ce47f335debb2079fc2207e2,2026-04-23T03:20:42+00:00,2026-04-23T04:55:14+00:00,2,0,0,73.5576,73.55,146.2985120,2
0x66c7bbf990ad18598c2bb7d4380021fda8cef1f1,2026-04-17T09:31:18+00:00,2026-04-17T09:31:18+00:00,1,6233.0,0,0,0,37.3980,1
0x66d876b5e1f50ea4791899cb3eff486b3150a4ad,2026-05-26T06:08:29+00:00,2026-05-26T06:08:29+00:00,1,0,0,13.707,0,13.679586,1
0x66d91a59de88618a81752663dab5d6eb6b6b56a1,2026-05-17T15:41:17+00:00,2026-05-19T18:32:08+00:00,3,0,0,83.5165,59.28,142.4516270,3
0x66e6fd32f5b6b2a08f7bdf5405c3cac13e47cb20,2026-05-17T06:27:59+00:00,2026-05-17T09:52:51+00:00,2,0,0,158.3165,158.31,315.8349370,2
0x67079489624cf287c065ab992af0cca84c7375d7,2026-05-20T01:18:15+00:00,2026-05-20T23:54:30+00:00,2,0,0,66.132,66.13,131.931346,2
0x670a872450127cfdcb26031f0402cfd70ba644f8,2026-05-19T16:23:12+00:00,2026-05-19T19:07:17+00:00,2,0,0,10.02,10.02,19.98990,2
0x670e42fc9c2e141934e3ab88b64e6b91eeeb3516,2026-05-02T03:42:26+00:00,2026-05-26T08:50:30+00:00,4,0,0,76.043166,76.04,151.579775002,4
0x67118ba142a51721d59ad84c819a68062f9f8951,2026-04-02T12:52:37+00:00,2026-04-02T12:52:37+00:00,1,0,0,0,1.3,1.2896,1
0x671a326088dea34b79c51947e4a92c83545a2f1e,2026-03-30T21:23:43+00:00,2026-05-16T05:51:01+00:00,9,0,0,774.707,0,769.99993,9
0x671a9d65b54af2c85d02fc9da20bc0a1c0c0237d,2026-05-17T07:39:30+00:00,2026-05-17T10:07:23+00:00,2,0,0,276.002,276.0,550.621996,2
0x6721ab49acce2b020bef1e4fff90fcd2aa584c4b,2026-04-19T22:54:04+00:00,2026-04-19T22:54:04+00:00,1,0,0,61.7,0,61.3915,1
0x67246204a1e3d3cef1f65ae3f300087d902984ef,2026-05-09T06:12:36+00:00,2026-05-09T06:27:04+00:00,2,0,0,6.018,6.01,11.985906,2
0x673496d0b8e5025542a4612fdbe5dfd2d339c3d2,2026-05-18T03:39:20+00:00,2026-05-18T03:39:20+00:00,1,333.333333,0,0,0,0.999998999000001,1
0x67408044b7bffa3b87d758b1cfad37e416a71533,2026-05-11T12:50:51+00:00,2026-05-11T14:46:12+00:00,2,0,0,229.177333,229.17,456.743121001,2
0x67540abe823f2b0afec81fa9d6b6ffe79f68292b,2026-05-16T03:03:13+00:00,2026-05-16T08:42:33+00:00,4,0,0,3177.64,3177.64,6339.39180,4
0x67649e2d5f06b6eeefc3ffe2fccb871686354553,2026-06-03T08:03:27+00:00,2026-06-03T08:07:23+00:00,2,0,0,12.012,10.94,22.918108,2
0x676beea21ab056982393d704b8a08a40544e2d01,2026-05-30T02:25:49+00:00,2026-05-30T02:25:49+00:00,1,1381.0,0,0,0,2.7620,1
0x676fbad6d460518bd66673ecf8328bd3b22811d0,2026-05-24T07:48:27+00:00,2026-05-24T09:39:30+00:00,2,0,0,155.3105,155.31,309.8439490,2
0x67755e11b47ae4348ab419ff43949bb0bd46745f,2026-03-03T10:09:05+00:00,2026-03-18T14:37:43+00:00,2,0,0,4.989875,4.98,9.875176000,2
0x6778fd36ca32e1f64085c97372ad7fdeb2a3954f,2026-05-18T14:55:21+00:00,2026-05-31T06:10:37+00:00,2,0,0,5.9115,5.91,11.7978570,2
0x67898d63381bbeaf85f1d9c38a614d85611a4dac,2026-04-17T12:21:44+00:00,2026-04-21T08:03:22+00:00,2,209.57,209.57,0,0,2.30527,2
0x679bb96cf71b32b87e70706d7202eabfc907745f,2026-05-07T07:55:30+00:00,2026-05-07T08:47:04+00:00,2,0,0,1700.0,1700.0,3388.1000,2
0x67ad8128241c0e841c8e2b3c55048b2d42004c15,2026-05-28T08:57:26+00:00,2026-05-28T09:01:34+00:00,2,0,0,105.3405,105.34,210.1537990,2
0x67b173a270181c3ee4605b4078b7202348aa22d7,2026-06-02T16:58:16+00:00,2026-06-02T16:59:00+00:00,6,0,0,15.245,15.24,30.439275,6
0x67b6f2e429225db3141693944da292b21fdfc3e7,2026-05-26T18:01:15+00:00,2026-05-26T23:17:28+00:00,2,0,0,161.3225,161.32,321.8358950,2
0x67bc6af6806df61ba5144b125174ecf5f821d54e,2026-03-20T23:46:07+00:00,2026-05-08T08:41:14+00:00,175,0,106161.16,1886.07,0,2494.15898,172
0x67bcc28a50cf6d320656a3d4186b34f56e4f17f4,2026-05-15T06:24:46+00:00,2026-05-15T06:31:31+00:00,4,0,0,64.128,64.12,127.927384,4
0x67c1785e2e7130f2331d9298591298a3bb6d6747,2026-05-20T00:47:22+00:00,2026-05-20T00:47:22+00:00,1,0,0,23.216,0,23.169568,1
0x67c5fa661cf9e747679d04f6a3f5e0f55f5a8bc0,2026-05-21T12:36:47+00:00,2026-05-21T12:36:47+00:00,1,0,0,1.072,0,1.069856,1
0x67d02ff900172d735cbb7525d1af1d5c83a8d10f,2026-05-24T01:47:17+00:00,2026-05-27T03:24:39+00:00,2,0,0,206.4125,206.41,411.7904450,2
0x67d9724692c53c0ab5db03e96553e017eaa7ab69,2026-06-15T13:28:34+00:00,2026-06-15T13:28:34+00:00,1,10000.0,0,0,0,10.0000,1
0x67de8ea133ebded9271bd8a20d1c6eba9883ba79,2026-05-16T00:47:34+00:00,2026-05-16T00:47:34+00:00,1,0,0,6.012,0,5.999976,1
0x67ef5be99c6504abebfef782ee15b767260d974b,2026-06-03T11:29:50+00:00,2026-06-03T11:30:22+00:00,4,0,0,10.170,10.17,20.309490,4
0x67fb8cbeb90fd5c2ac95e5ee676e9dffad8b94cb,2026-05-16T00:18:38+00:00,2026-05-16T04:12:03+00:00,2,0,0,163.3265,163.32,325.8298870,2
0x67fe73efabadccdcabf84d77c8d1e54219b87f3d,2026-05-22T12:41:12+00:00,2026-05-22T12:41:12+00:00,1,0,0,29.128,0,29.069744,1
0x6804ccb8b5162206bd6f96b07ba8562cae8f251f,2026-05-28T10:14:06+00:00,2026-05-28T11:59:22+00:00,2,0,0,11.4625,11.46,22.8651950,2
0x6807b0d5e31591ebd80b32f07005fcacebae1a81,2026-06-10T18:16:27+00:00,2026-06-10T18:16:27+00:00,1,5000.0,0,0,0,5.0000,1
0x6809dad066c28935b8ce3222ee490f914128ac68,2026-02-12T12:03:47+00:00,2026-02-12T12:07:27+00:00,2,0,0,17.97,17.97,35.18526,2
0x6815b413d4a212a4c50f5012d21d815acc794d48,2026-05-13T00:25:58+00:00,2026-05-13T04:09:40+00:00,2,0,0,50.1,50.1,99.9495,2
0x682c92615993fd1f75cdfe101efdc1a8adcb17ae,2026-03-31T16:47:43+00:00,2026-04-01T15:41:01+00:00,22,2366.63475,444.88,0,0,24.68286800,13
0x6841d047e209ee839038e9d51db12bdff53f2c51,2026-04-17T11:22:26+00:00,2026-04-17T21:23:32+00:00,2,0,0,8.83,8.83,17.56287,2
0x685b0637fd62034a669026702131147072ba2ee0,2026-05-17T07:37:35+00:00,2026-06-14T15:39:10+00:00,2,0,0,20.0,20.0,39.9400,2
0x685f2d2e9cb8c2f3fb4708edb49d4c6533212fc9,2026-06-04T09:51:00+00:00,2026-06-09T21:11:04+00:00,2,0,0,55.0,55.0,109.8900,2
0x6863b901d393a4b4a6c6a4c8085c614b7b4f15d3,2026-05-30T10:34:47+00:00,2026-05-30T18:47:56+00:00,2,0,0,5.005,5.0,9.989995,2
0x686495a9bcdbdb1e646c0b074dd7e6bce26712c8,2026-05-15T04:50:13+00:00,2026-05-17T10:36:22+00:00,4,0,0,14.028,14.02,27.977884,4
0x68693ee30be565a8ef792a2753bb709518c12f87,2026-05-26T17:51:27+00:00,2026-05-27T02:30:03+00:00,2,0,0,55.11,55.11,109.94445,2
0x686d53913c2ff83e71f7706484d62b065f7d47ef,2026-05-11T04:08:53+00:00,2026-05-11T05:21:44+00:00,2,0,0,44.343,44.34,88.372611,2
0x68723e3322b80a35acb5deabe84d8fca1c7776f8,2026-04-24T13:55:44+00:00,2026-04-24T14:58:12+00:00,2,0,0,78.455333,78.45,156.356167001,2
0x68726cd62ac7dea1c1f2c58122142eff9712f359,2026-05-24T12:34:14+00:00,2026-05-24T12:34:14+00:00,1,0,0,10.0,0,9.9800,1
0x6875521a840981ac262b99299e86c171203bfd80,2026-04-25T09:37:46+00:00,2026-04-25T10:51:04+00:00,2,0,0,107.251666,107.25,213.750911002,2
0x687762a0b126efb37400b9fa6f5adf6c168ade8a,2026-03-17T20:42:37+00:00,2026-03-17T20:42:37+00:00,1,416.666666,0,0,0,4.999999992,1
0x68805cf000fbe28cc5e72b7871e4336e2eb0e53c,2026-04-17T11:22:08+00:00,2026-04-17T11:22:08+00:00,1,0,0,1.005,0,0.999975,1
0x689f93e6d47a08e4e8024a9bc080efba573c33be,2026-04-11T15:22:33+00:00,2026-04-14T04:04:29+00:00,2,189.53,189.53,0,0,2.46389,2
0x68ae8ad415b421a939438da0a71843b62908608d,2026-05-08T08:28:32+00:00,2026-05-08T09:28:15+00:00,2,0,0,47.873333,47.87,95.408233001,2
0x68ae8fdc82df634cd1ecc72228dacad828fc4d03,2026-05-10T00:30:28+00:00,2026-05-10T00:30:28+00:00,1,250.0,0,0,0,1.0000,1
0x68b39a0f9170520c005884741ed19999d5d7781e,2026-04-29T15:19:40+00:00,2026-05-25T18:35:30+00:00,2,583.333333,0,0,0,1.999998999000001,2
0x68c026f7b1e60793464d6ed8866ab8d14cbc17ba,2026-05-17T14:30:38+00:00,2026-05-17T14:30:38+00:00,1,0,0,10.0,0,9.9800,1
0x68d0cd2516d0a03d31489d8710ede56629d30fea,2026-05-18T21:58:53+00:00,2026-05-18T21:58:53+00:00,1,0,0,49.8995,0,49.7997010,1
0x68ee19f9c9a621e15ee277cd17b8d3d59164aa79,2026-05-21T08:44:05+00:00,2026-05-22T15:14:09+00:00,4,0,0,38.3860,38.38,76.5740880,4
0x68fa11a9eed56e79f993de28f6e2024d0f63e2eb,2026-05-16T02:06:14+00:00,2026-05-16T02:06:14+00:00,1,0,0,6.012,0,5.999976,1
0x6902e6cbf589f2ce6b8769c5fdea1e95f841b38e,2026-05-30T08:30:08+00:00,2026-05-30T08:30:08+00:00,1,0,0,37.0,0,36.9630,1
0x6904db029589e17f69209646381b6d663d695b63,2026-05-13T12:28:25+00:00,2026-05-13T15:49:30+00:00,2,0,0,70.14,70.14,139.92930,2
0x690b3170b4d8be535be5930061cb1b3be77307da,2026-04-21T23:38:42+00:00,2026-04-22T00:11:38+00:00,2,0,0,55.618,55.61,110.616250,2
0x691c16fa728ce810d2cf0b0e6df8a7e09647622e,2026-05-29T19:11:59+00:00,2026-06-08T16:53:27+00:00,2,0,0,1.531,1.53,3.057939,2
0x69386b13367dfacc8e6326770ba3b42cc8d81027,2026-05-27T00:34:24+00:00,2026-05-27T00:34:24+00:00,1,0,0,16.9135,0,16.8796730,1
0x69393087a8ad9a15d1b5bb5d9da4924aba6693bf,2026-04-10T13:55:39+00:00,2026-04-13T08:21:17+00:00,2,155.58,155.58,0,0,2.02254,2
0x69464e0294edb4c3302cf51ff59c3150e0ee9e10,2026-05-07T18:46:27+00:00,2026-05-07T19:57:11+00:00,2,0,0,73.530333,73.53,146.545622001,2
0x69517fe083604d3c5015d7c11d841c491446ae60,2026-06-02T12:43:05+00:00,2026-06-02T12:44:59+00:00,2,0,0,5.095,5.09,10.169725,2
0x6960e78fbc954b15fa00db6bd7ad878d83822022,2026-06-01T12:42:24+00:00,2026-06-01T12:57:44+00:00,2,0,0,1.001,1.0,1.997999,2
0x69651f3f38562fe4675141e40af18ae25fa08b02,2026-05-26T11:15:05+00:00,2026-05-26T11:15:05+00:00,1,0,0,12.164,0,12.139672,1
0x6966cb60df00d7d3be8fed9f33efcf41de322864,2026-05-09T13:34:48+00:00,2026-05-09T13:34:48+00:00,1,0,0,3.701,0,3.689897,1
0x6980940714818120e024de4b1c1667055dbbad28,2026-05-01T14:24:20+00:00,2026-05-01T14:24:20+00:00,1,250.0,0,0,0,1.0000,1
0x698192238b56a2432ab399fcb2db3dad2f85b18b,2026-05-26T08:19:23+00:00,2026-05-26T08:21:37+00:00,2,0,0,1.002,1.0,1.996996,2
0x69920080c6872a96e94b7ef9bce09ec9431f4862,2026-05-22T07:35:35+00:00,2026-05-25T00:01:57+00:00,2,0,0,99.0,99.0,197.5050,2
0x6993b4f5d7427a7aadaa8046ed049f6de508c79a,2025-12-30T11:45:17+00:00,2026-01-30T08:34:06+00:00,8,244.020,244.0,0,0,3.712130,8
0x69af844d4fbacebfc1c4124b0978801db3600a19,2026-03-04T04:10:59+00:00,2026-04-06T04:57:51+00:00,93,0,0,1613.548769,1613.544188,3192.3952669971185134,86
0x69bc8bb1ff1a475ac5aec19713ccaee4d932a631,2026-04-12T14:27:09+00:00,2026-04-14T15:34:29+00:00,2,0,0,23.33,23.33,46.35671,2
0x69c65cc248f4d8c7c1576c355550e440f1f8831f,2026-04-24T16:35:58+00:00,2026-04-25T00:34:40+00:00,2,0,0,250.722,250.72,499.686954,2
0x69c9623464c47be65831867786fbf77ac02e024a,2026-04-11T18:24:33+00:00,2026-04-14T00:53:11+00:00,2,188.11,188.11,0,0,2.44543,2
0x69ee7ebd899c62265feebfa6e6a868af7ec8c4e5,2026-06-17T07:25:56+00:00,2026-06-17T07:25:56+00:00,1,1000.0,0,0,0,1.0000,1
0x69ef7e10fbef6102782959a5b87bf6adf0fa0424,2026-03-24T11:20:59+00:00,2026-04-04T11:36:59+00:00,56,9999.936326,9999.93,0,0,159.9989369871935325,56
0x69fa40e8ddc32ab8b1d617351f359bf5755cde71,2026-05-11T06:11:24+00:00,2026-05-11T14:24:42+00:00,2,0,0,38.114333,38.11,75.957550001,2
0x6a04fbac085a6e812a2a9350501c74884c8b870d,2026-05-03T03:40:52+00:00,2026-05-04T04:57:10+00:00,2,0,0,970.87,970.87,1934.94391,2
0x6a07bd457097672beaa7576de4a2911b8f412952,2026-05-19T01:05:47+00:00,2026-06-03T17:57:36+00:00,69,0,0,589.6210,589.59,1177.3822130,69
0x6a0e898d741a8d920d0678c620925ec0ab339e22,2026-06-02T08:09:46+00:00,2026-06-02T08:10:03+00:00,4,0,0,10.280,10.28,20.529160,4
0x6a1a24053929da0965c9e8f7dc6e0347a2a3be21,2026-05-22T07:11:26+00:00,2026-05-22T07:11:26+00:00,1,0,0,10.02,0,9.99996,1
0x6a1f8e7a00a4b6520daa525c4a0af9e05057710b,2026-03-25T09:01:17+00:00,2026-03-25T09:02:29+00:00,3,0,0,1030.0,1030.0,2037.3400,3
0x6a200fba6b964092697fe0ba6c3d121e33191bc8,2026-06-10T13:52:27+00:00,2026-06-10T13:52:27+00:00,1,1000.0,0,0,0,1.0000,1
0x6a2b876916d70b3e9db1d21c7e9a463cf99e2c01,2026-05-13T08:54:39+00:00,2026-05-13T22:17:49+00:00,2,0,0,51.102,51.1,101.946496,2
0x6a348228e799eb0c8c7c726d4d3865128bffb2a5,2026-05-04T16:45:34+00:00,2026-05-05T02:20:44+00:00,2,0,0,100.300666,100.3,199.898564002,2
0x6a354b0dca669410e39f27ea25e958552323dec6,2026-04-19T02:47:40+00:00,2026-04-19T04:02:16+00:00,2,0,0,59.1556,59.15,117.6549220,2
0x6a4b8a696f2c5a66939d79ae5a75b0cf1246e496,2026-06-11T06:16:48+00:00,2026-06-11T06:16:48+00:00,1,1000.0,0,0,0,1.0000,1
0x6a688f95975d851a8638ec9e96759081b8a39209,2026-04-30T13:40:28+00:00,2026-05-21T12:38:54+00:00,2,250000.0,250000.0,0,0,1500.0000,2
0x6a81b07ba3645c8b192621a46a08c48349b2f41c,2026-05-22T04:17:10+00:00,2026-05-22T05:14:03+00:00,2,0,0,13.507,13.5,26.939486,2
0x6a8d8978c7896f9b64a13f3b9351d5b6ced8e886,2026-05-07T08:06:13+00:00,2026-05-07T12:23:07+00:00,2,0,0,2113.34,2113.34,4211.88662,2
0x6a98ee0298aff67846cad2a1f7d4b04e6467b072,2026-05-01T11:59:14+00:00,2026-05-01T13:29:54+00:00,2,0,0,78.605666,78.6,156.655449002,2
0x6aa16def11944c8605d57da21e6075225cc144cc,2026-05-13T04:53:09+00:00,2026-05-13T04:53:09+00:00,1,0,0,1.002,0,0.999996,1
0x6aacef3fe7e85ed304be1815ff71ddd81cd005ff,2026-05-24T07:12:56+00:00,2026-05-24T11:08:31+00:00,2,0,0,10.02,10.02,19.98990,2
0x6ab4c623bed405005851a8cc3b157d8e2a67d481,2026-05-27T13:39:17+00:00,2026-05-27T13:39:17+00:00,1,0,0,18.8375,0,18.7998250,1
0x6aba96b6fe52cfe4653f30318d836376a6e4c7da,2026-05-22T20:14:46+00:00,2026-05-22T20:14:46+00:00,1,0,0,36.3425,0,36.2698150,1
0x6ac12e4542196b58725580216a8a0678f3ec1828,2026-04-05T15:19:55+00:00,2026-04-06T00:48:19+00:00,26,2721.25,2721.25,0,0,40.81875,26
0x6acedff3e8795618f4be9c9ee812081262a73944,2026-04-02T12:55:11+00:00,2026-04-02T12:55:11+00:00,1,0,0,0,1.2,1.1904,1
0x6ad513aeee85232dae9624fe3dcccf50f037ff39,2026-04-11T15:24:43+00:00,2026-04-14T04:05:51+00:00,2,0,0,15.72,15.72,31.23564,2
0x6aefff1542afe83c0a5a5b006effa75baaab391a,2026-06-03T23:37:42+00:00,2026-06-05T03:55:01+00:00,2,0,0,16.016,16.01,31.993974,2
0x6af037114399fa2948f838a1b697135d33f84205,2026-05-18T06:53:10+00:00,2026-05-18T19:56:55+00:00,2,0,0,35.07,35.07,69.96465,2
0x6b06c08915f28ccc0139f56f21b5e35a1884c83c,2026-05-05T08:41:06+00:00,2026-05-05T09:50:14+00:00,2,0,0,357.28,357.28,712.05904,2
0x6b159397fa4794e8f542587b243725fbc5410f3e,2026-03-04T08:42:11+00:00,2026-03-04T08:53:33+00:00,2,500.0,500.0,0,0,10.000,2
0x6b16f8f7f0a0b53520902c8788da270b7e64645d,2026-03-12T17:54:29+00:00,2026-03-26T15:52:03+00:00,5,176.923075,176.915384,0,0,3.9998979992646555,5
0x6b2448362ac7904a83bd5d298d6ffd7207543927,2026-05-30T06:06:55+00:00,2026-05-30T06:06:55+00:00,1,0,0,8.008,0,7.999992,1
0x6b2d399fb2bdc8cdae1abcc793b356d1a249e037,2026-05-23T05:19:19+00:00,2026-05-23T06:31:14+00:00,2,0,0,12.635,12.63,25.201840,2
0x6b36df96924f15598d5eda3f5df6afdc066ca1e3,2026-04-22T15:24:30+00:00,2026-05-24T12:03:07+00:00,6,0,0,155.166433,155.16,308.976780001,6
0x6b37ab6718560da18a950f7c8181b39be21d679f,2026-06-03T01:18:06+00:00,2026-06-03T01:18:28+00:00,4,0,0,10.170,10.17,20.309490,4
0x6b420a918012ce17e8ec81dfd11e3564edea2c14,2026-05-28T04:09:49+00:00,2026-05-28T09:56:19+00:00,2,0,0,10.02,10.02,19.98990,2
0x6b44234b1335b5d9e67a31234a628cf64f7f5f46,2026-05-27T13:27:24+00:00,2026-05-27T13:27:24+00:00,1,0,0,166.0,0,165.6680,1
0x6b45be137b7e330374abcc1e00b5d5d7f966885d,2026-05-27T14:39:43+00:00,2026-05-27T16:34:48+00:00,2,0,0,10.02,10.02,19.98990,2
0x6b53fd9186bbdcc840a5ff7b1de7d24cbe3741e2,2026-05-29T08:50:35+00:00,2026-06-01T05:50:09+00:00,4,0,0,1497.2455,1497.24,2988.4947860,4
0x6b5d51ebaed0008b1aee9b483675beb87093c48f,2026-05-11T06:05:33+00:00,2026-05-18T02:33:27+00:00,5,0,795.0,849.699,1644.69,2489.345532,5
0x6b5e3d0ecaf3afa4ba436ef5ad554391b84e9f99,2026-06-02T08:21:07+00:00,2026-06-02T08:21:07+00:00,1,0,0,47.547,0,47.499453,1
0x6b63357e4183ef7a3d351ece110ecec8c8e245ce,2026-05-31T12:17:51+00:00,2026-05-31T12:17:51+00:00,1,0,0,15.015,0,14.999985,1
0x6b67f1d18691bd34fb3edd2064db1a8133abc179,2026-05-25T18:22:21+00:00,2026-05-30T21:16:08+00:00,2,400.0,400.0,0,0,1.6000,2
0x6b6a63276e9aec537fb3d75978200380d199f1ee,2026-05-22T07:20:27+00:00,2026-05-22T07:20:27+00:00,1,0,0,10.02,0,9.99996,1
0x6b909decf44d84a594db0724d78f3f8133a05633,2026-05-21T01:21:11+00:00,2026-05-27T00:06:33+00:00,2,0,0,33.066,33.06,65.960688,2
0x6b973a541bbbbea9321f067a0d015862898b2f25,2026-05-23T11:22:21+00:00,2026-05-23T11:22:21+00:00,1,0,0,10.0,0,9.9800,1
0x6b9c31df4b93fcc18fd9643eaaec0b23b19485a9,2026-05-08T02:33:45+00:00,2026-05-17T13:43:58+00:00,4,0,0,14.036,14.03,27.979794,4
0x6ba5158029d2f5adf2b56ed1d679cb4ec1af027e,2026-05-19T06:57:25+00:00,2026-05-19T06:57:25+00:00,1,0,0,35.591,0,35.519818,1
0x6baed421fd62ade032c56b36318daa6b88d55192,2026-05-08T07:43:39+00:00,2026-05-08T11:46:42+00:00,2,0,0,2053.159333,2053.15,4091.937255001,2
0x6bbcd5873ef33aba7c344c3cbddf2e8c50bbc03c,2026-06-16T08:37:31+00:00,2026-06-16T08:37:31+00:00,1,2000.0,0,0,0,2.0000,1
0x6bc9eeeee5ccfdee503899376858ff0adbf87356,2026-05-19T10:35:42+00:00,2026-05-19T10:35:42+00:00,1,0,0,57.555,0,57.439890,1
0x6bcd1e8c19c390df843e44b25361c9f59c77d135,2026-05-26T01:33:59+00:00,2026-05-26T01:33:59+00:00,1,0,0,6.2925,0,6.2799150,1
0x6bd1818ded795d7e0d262ade81020c357ec780ae,2026-04-16T15:46:08+00:00,2026-04-19T04:50:06+00:00,2,0,0,14.3,14.3,28.4284,2
0x6bd5df6cabb24b0089729f4198ddded70c6aef34,2026-05-04T09:26:20+00:00,2026-05-28T08:04:57+00:00,3,0,0,1298.0,785.0,2076.4790,3
0x6bd685c8c4c08d8551ba1c64d3835752596ef13e,2026-05-28T11:44:03+00:00,2026-05-29T01:28:59+00:00,2,0,0,18.9875,18.98,37.8725850,2
0x6bebd11ec10f43a8fd31312e115a285bcf4a441c,2026-05-29T15:41:49+00:00,2026-05-29T17:01:23+00:00,2,0,0,27.707,27.7,55.323893,2
0x6bf2d98ebc9e06db47f42f0993eb2d722c788336,2026-05-19T13:41:14+00:00,2026-05-19T15:51:28+00:00,2,0,0,711.713,711.71,1419.864444,2
0x6bf76476541a93fafe8dcebcc5cc60bcb9671769,2026-03-12T06:17:19+00:00,2026-03-18T21:14:01+00:00,12,0,0,60.0,0,59.4000,12
0x6c04e8258e6fa50f14445d1dfb3f02473f009f30,2026-05-20T20:56:48+00:00,2026-05-20T20:56:48+00:00,1,0,0,529.719,0,528.659562,1
0x6c1aa177baa3f5755c7011227452ab25e2d9a540,2026-03-27T09:34:03+00:00,2026-03-27T10:27:29+00:00,2,90.909089,90.9,0,0,1.9998989971818388,2
0x6c218619a44602b84df35b1376bd4e45e8d730f0,2026-05-27T22:31:17+00:00,2026-05-27T22:31:17+00:00,1,0,0,25.08,0,25.02984,1
0x6c2a4cd9e18563751d250c15584d47aadbd4dcf6,2026-04-24T14:21:28+00:00,2026-05-19T14:06:14+00:00,4,0,0,262.889166,262.88,524.007567002,4
0x6c2f6fc4632198ed0618c62531f55c17c94ebed7,2026-02-24T18:16:02+00:00,2026-02-25T00:02:42+00:00,3,0,0,12.79,12.78,25.26316,3
0x6c3789734ebd5c9494932e4936b7cc20cfdcd40f,2026-03-01T23:13:19+00:00,2026-06-13T17:40:28+00:00,53,2255.52175,2255.52,0,0,36.56556400,53
0x6c425b995c64c1a5b652f4616be3d88e5b4506e1,2026-05-21T16:08:35+00:00,2026-05-21T17:22:35+00:00,2,0,0,13.4765,13.47,26.8791370,2
0x6c4e7a97e26672470128302a0c462f63604d4955,2026-05-01T01:17:34+00:00,2026-06-07T12:20:16+00:00,2,0,0,55.035,55.03,109.844865,2
0x6c77b8733297bc9702d3c72283c7918cdc8aa514,2026-04-30T10:13:38+00:00,2026-04-30T10:52:22+00:00,2,0,0,15.12,15.12,30.14928,2
0x6c87871d3fed7a378f8618adc9b05935cb9cc5aa,2026-05-25T10:19:46+00:00,2026-05-25T15:10:40+00:00,2,0,0,38.076,38.07,75.955638,2
0x6c889a61c767154e084a1867a2471ef2645ab3a0,2026-05-18T02:35:20+00:00,2026-05-20T10:19:37+00:00,4,0,0,84.5585,84.55,168.6857330,4
0x6c8e8504f9805b00f1560a87713723ddc8d5e9ae,2026-05-13T04:44:00+00:00,2026-05-14T03:34:24+00:00,2,0,0,35.07,35.07,69.96465,2
0x6c9a04eda7c716938f55aded1e81c9e647bf6987,2026-05-05T05:04:12+00:00,2026-05-05T05:35:40+00:00,2,0,0,715.0,715.0,1424.9950,2
0x6ca60140b4856db71e41aa9038f423b363c7a235,2026-05-23T08:10:01+00:00,2026-05-23T08:10:01+00:00,1,0,0,10.02,0,9.99996,1
0x6ca9bb4ac7fac09cd13fb4999e00f361339d37d1,2026-04-09T17:36:47+00:00,2026-04-10T10:17:17+00:00,3,2142.857142,0,0,0,14.999999994,3
0x6cbed1a4a369814970f8795ca816e2eb72a033e4,2026-04-30T03:31:10+00:00,2026-04-30T05:25:38+00:00,2,0,0,1329.95,1329.95,2650.59035,2
0x6cc110b8073afb8bad36cfd9cab96cf0d3ea27db,2026-05-10T11:33:53+00:00,2026-05-10T15:13:45+00:00,2,0,0,224.674,224.67,447.771298,2
0x6cdc500426b5cc47a48c3cb43969139ea4a68586,2026-05-29T23:32:55+00:00,2026-05-30T13:35:15+00:00,2,0,0,27.027,27.02,53.965933,2
0x6cdd32019314906cb5441f762064ee439a79abb3,2026-06-01T22:41:25+00:00,2026-06-01T22:41:45+00:00,4,0,0,10.170,10.17,20.309490,4
0x6ce24db09537f06fb66704fb7090acab87344ce6,2026-04-22T08:43:58+00:00,2026-04-22T10:17:56+00:00,2,0,0,69.1758,69.17,137.5849010,2
0x6cec43d62ec398e9ea801e6156fafb13ae4cc553,2026-05-28T07:12:27+00:00,2026-05-28T07:12:27+00:00,1,0,0,5.14,0,5.12972,1
0x6d21a6423a1514d972c5f4e4bbc98333f77cf0e5,2026-05-28T11:31:08+00:00,2026-05-28T13:22:35+00:00,2,0,0,40.0,40.0,79.8000,2
0x6d225f632425b4df76dd2e3b03f5900a3c7ef004,2026-05-01T21:35:48+00:00,2026-05-01T22:19:10+00:00,2,0,0,207.121333,207.12,412.791489001,2
0x6d24507f303ba476634c7f70b8a37d1cf73adbf0,2026-05-27T10:17:34+00:00,2026-05-27T10:17:34+00:00,1,0,0,18.4165,0,18.3796670,1
0x6d30192bca4c086623d57eb8395e7f150ed19210,2026-04-30T23:53:42+00:00,2026-05-01T00:32:08+00:00,2,0,0,9250.0,9250.0,18435.2500,2
0x6d355510ccf533488f96d915af8300480d69f21c,2026-04-16T15:44:04+00:00,2026-04-19T04:48:34+00:00,2,0,0,10.22,10.22,20.31736,2
0x6d3a27e0d38480060e8eac1a97664f52f4f50979,2026-04-25T21:18:50+00:00,2026-05-06T09:49:50+00:00,4,0,0,3125.384,3125.38,6228.886328,4
0x6d513d593f915b86b327af23c03d48dd2e2b363a,2026-05-21T18:08:57+00:00,2026-05-22T19:27:03+00:00,4,0,0,27.665,27.66,55.186690,4
0x6d5712d24051afdf9e13858faa9fdd50b968f724,2026-04-24T10:59:50+00:00,2026-05-23T22:12:55+00:00,3,0,0,180.803833,132.8,312.578217001,3
0x6d5c5278bf1a3122456391d35cf2c7b856c375c4,2026-05-18T03:06:56+00:00,2026-05-18T05:41:20+00:00,2,0,0,66.543,66.54,132.750294,2
0x6d5f752bbac0d06a560e7a2442f9fb9c6739502f,2026-04-22T10:59:46+00:00,2026-05-19T16:31:30+00:00,3,0,0,249.7533,161.37,409.1714430,3
0x6d888d982d543f0336a3de6131224e84cb2ed958,2026-05-19T12:57:11+00:00,2026-05-19T12:57:11+00:00,1,0,0,28.597,0,28.539806,1
0x6d9df3500f316b822ccd76bc432aadf7ccbd39aa,2026-05-01T20:10:14+00:00,2026-05-01T21:17:08+00:00,2,0,0,93.961666,93.96,187.263941002,2
0x6dbad4893fbf76c5a79ce106124a5c7bd24f03c0,2026-04-25T11:37:58+00:00,2026-05-24T07:44:38+00:00,4,0,0,131.547166,131.54,262.220328002,4
0x6dbd28c9232b2fc3cb61f8f4d2a7a1974d223df7,2026-05-10T21:35:30+00:00,2026-05-11T02:05:21+00:00,2,0,0,119.358,119.35,237.872526,2
0x6dc559e01de71eb8e44bb62d198cb3e7a2a52cf2,2026-05-18T19:24:08+00:00,2026-05-18T20:46:52+00:00,2,0,0,60.601,60.6,120.897998,2
0x6dcb98442811c31a22cef682b170ff626395cb9d,2026-05-08T11:44:55+00:00,2026-05-08T12:29:31+00:00,2,0,0,63.640666,63.64,126.835184002,2
0x6dd947751dc740cb9306a1c3b00de91cdabf596c,2026-05-13T18:13:49+00:00,2026-05-26T01:13:34+00:00,2,0,0,490.9815,490.98,979.5065970,2
0x6deab0f689732598bf93339bf79d5769c6ffdcda,2026-05-28T07:14:12+00:00,2026-05-30T20:28:32+00:00,2,0,0,49.098,49.09,97.991624,2
0x6ded83c6419b342fd0749a665a3cc60c7d562b72,2026-05-28T12:00:04+00:00,2026-05-28T12:00:04+00:00,1,0,0,10.02,0,9.99996,1
0x6e0d70bf6b592d90e97c676cbf5c22a9dcf09704,2026-06-13T10:20:19+00:00,2026-06-13T10:20:19+00:00,1,1000.0,0,0,0,1.0000,1
0x6e164c6ae8da2bd253346e53946ae2d94d5c43f8,2026-04-10T08:22:35+00:00,2026-04-10T08:22:35+00:00,1,0,0,10.060333,0,9.9999709999879334,1
0x6e1daa34f3a618a60748c46a9d17c88e9a147830,2026-04-25T20:28:10+00:00,2026-05-27T13:27:54+00:00,6,0,0,278.3985,278.39,554.8923270,6
0x6e25432bc25184ae967d5bfd9a3a0f9d8c4128d1,2026-05-07T08:35:59+00:00,2026-05-14T12:07:02+00:00,8,0,0,26.068,26.06,51.965596,8
0x6e41ae4745a1b5a557e2c0794bb7c6359527ebcb,2026-05-22T14:45:29+00:00,2026-05-22T19:14:15+00:00,2,0,0,179.3585,179.35,357.8117330,2
0x6e48fc3a42f5d363fd73472d2f5be5ce954960cc,2026-04-24T05:32:28+00:00,2026-04-24T09:42:46+00:00,2,0,0,98.806333,98.8,196.914714001,2
0x6e59b4971d8f1477a75ed599dea2de10e5bb8ec0,2026-03-24T10:31:55+00:00,2026-03-28T17:26:45+00:00,4,211.111111,211.11,0,0,3.999989999,4
0x6e6332ef4e261d844ff6a88082d3ff15f937ec97,2026-05-22T16:21:59+00:00,2026-05-24T15:07:07+00:00,2,0,0,164.3285,164.32,327.8268830,2
0x6e6375b9d755a1b2a3bc8cc80ef07deac1368ce3,2026-04-12T21:26:09+00:00,2026-04-23T14:08:44+00:00,5,4000.0,1000.0,0,0,29.0000,5
0x6e70f174a18b6addb71ffb034567efedb274f740,2026-04-24T11:43:58+00:00,2026-04-24T12:39:26+00:00,2,0,0,175.977666,175.97,350.715853002,2
0x6e7f3a4fbd25adf4b88e2cc1e9e607d652f09de3,2026-05-17T22:32:04+00:00,2026-05-18T08:59:10+00:00,2,0,0,159.3185,159.31,317.8319330,2
0x6e8625495980b90d6fb400569167896a3e932ecd,2026-05-05T07:58:48+00:00,2026-05-05T07:58:48+00:00,1,0,0,2.296666,0,2.2897759999330006,1
0x6e89b8fd805689873532c99187c189c20c29cd5b,2026-05-15T16:27:02+00:00,2026-05-16T01:26:06+00:00,2,0,0,51.102,51.1,101.946496,2
0x6ea2290beeb99aaebbc05f74cf20bc860a9f833e,2026-05-18T11:25:34+00:00,2026-05-24T03:02:51+00:00,2,0,0,38.076,38.07,75.955638,2
0x6ea32b39eaf57d9464893a2fd295eb55b0f29a76,2026-05-12T12:41:23+00:00,2026-05-13T19:00:09+00:00,5,0,69913.47,0,0,139.82694,5
0x6ea54775a1cc58bdc42486a4ffa41240a6a457f8,2026-05-13T14:49:05+00:00,2026-05-23T04:32:04+00:00,18,0,0,3103.1675,3103.16,6190.8116850,18
0x6ea964deaf66696fae750ccec3c1fef26f5dd14b,2026-05-18T13:02:53+00:00,2026-05-18T13:02:53+00:00,1,0,0,44.218,0,44.129564,1
0x6eb08c2e0efc52f2d0696081f4ddb482c5d6571a,2026-03-02T06:55:33+00:00,2026-03-04T10:29:25+00:00,7,60.01025,60.01,0,0,1.08018200,7
0x6eb7257bd46f983151c105747cf0fede751af5bd,2026-05-10T09:56:07+00:00,2026-05-12T08:59:45+00:00,2,0,0,20.210333,18.18,38.275162001,2
0x6ebad4c4c588986a66a5253b098d6f113078231b,2026-05-20T15:30:41+00:00,2026-05-20T16:27:35+00:00,2,0,0,14.579,14.57,29.076132,2
0x6ebf75c6b4c4d110a88256287201fa363fcb4636,2026-05-23T08:10:26+00:00,2026-05-23T13:18:01+00:00,2,0,0,241.4825,241.48,481.7550950,2
0x6ec57e2506f61f91e3e1540dee11dfc374b90149,2026-05-24T04:18:31+00:00,2026-05-24T05:31:01+00:00,2,0,0,11.543,11.54,23.025294,2
0x6ed82a86c3a7c2a6e1741fb5ab2d36e39e6de6fc,2026-05-28T02:01:34+00:00,2026-05-28T03:39:53+00:00,2,0,0,10.02,10.02,19.98990,2
0x6ef1cccc0dd3299f98bcce8687f5a74ececbc01c,2026-05-27T14:47:16+00:00,2026-05-27T14:47:16+00:00,1,0,0,12.7955,0,12.7699090,1
0x6ef4a814ea4debfc5687b52407015fe8cdebd364,2026-02-14T05:40:55+00:00,2026-02-14T05:40:55+00:00,1,0,0,2.034529,0,1.9999420000826014,1
0x6ef4acff43195fbc3315fb9b7760bab8b76e1183,2026-03-26T10:15:29+00:00,2026-03-26T10:15:29+00:00,1,100.0,0,0,0,1.000,1
0x6ef98b1a5963584a09f004705d1aaf5b68fa1394,2026-05-22T03:37:48+00:00,2026-05-22T14:30:13+00:00,2,0,0,136.2725,136.27,271.8611450,2
0x6efbeefeab2e324a1db30a26d9b3038a335de90f,2026-05-01T17:02:18+00:00,2026-05-01T18:02:42+00:00,2,0,0,173.620666,173.62,346.025324002,2
0x6f12a73aedb6937ab844da8d3a62eb93df81b307,2026-05-11T04:33:35+00:00,2026-05-11T06:25:19+00:00,2,0,0,80.611666,80.61,160.657391002,2
0x6f17d6b9fa2ec7273467fbee5c22bd3bccb8af1d,2026-05-23T15:55:54+00:00,2026-06-08T11:58:46+00:00,2,0,0,1.182,1.18,2.358456,2
0x6f195ca77786ac8206beee70d72b3cc16cc1d6c1,2026-05-23T21:38:05+00:00,2026-05-23T21:38:05+00:00,1,0,0,24.679,0,24.629642,1
0x6f1f968e5dedc75c374846605170b529bb55f56e,2026-05-10T07:42:20+00:00,2026-05-10T09:46:03+00:00,2,0,0,1663.02,1663.02,3314.39886,2
0x6f40b309559aa50d34d366a4de06840d9a4620bd,2026-05-13T00:57:28+00:00,2026-05-13T06:37:17+00:00,2,0,0,170.3405,170.34,339.8287990,2
0x6f5ac32f29a2dbbc6be8490b59a67fb8f9b79656,2026-05-27T21:15:37+00:00,2026-05-27T21:15:37+00:00,1,0,0,8.156,0,8.139688,1
0x6f687dea85745983e0970ba5be5abe039173d121,2026-06-02T17:06:14+00:00,2026-06-02T17:06:14+00:00,1,0,0,1.071,0,1.069929,1
0x6f6f5cfeeb37a82d5f821597aa776be855ba1e55,2026-04-30T09:43:54+00:00,2026-04-30T12:16:52+00:00,2,333.333333,333.33,0,0,1.999988999000001,2
0x6f7b14d724a45be7e162b85a61fa11ce2083b0c3,2026-05-06T15:58:12+00:00,2026-05-06T16:46:58+00:00,2,0,0,51.594666,51.59,102.823522002,2
0x6f7c0cd5546c4c08c843a996736001f0d5a04c7c,2026-02-12T10:21:59+00:00,2026-02-13T03:52:15+00:00,2,5.55,5.55,0,0,0.19425,2
0x6f8627d814e5e35aa369e80c256d44eed954e966,2026-05-14T13:50:03+00:00,2026-05-14T14:07:08+00:00,2,0,0,992.4645,992.46,1979.9621910,2
0x6f95f87ba22c10a59d4f8068904e755bc3006ebe,2026-05-12T05:47:20+00:00,2026-05-12T05:58:28+00:00,2,0,0,6.012,6.01,11.991946,2
0x6fabfd4533dabc4c1f3f9af52ee4574a204cf1e6,2026-04-23T06:53:56+00:00,2026-04-23T07:50:58+00:00,2,0,0,84.9948,84.99,169.0498860,2
0x6fb10403630f2366cfc51cbdb38f12eb3713b2de,2026-05-20T07:25:59+00:00,2026-05-26T07:48:42+00:00,4,0,0,21.593,21.59,43.075044,4
0x6fb6fd892fe8bfbfad303732b30826e56f8482a7,2026-06-02T01:05:09+00:00,2026-06-02T01:05:43+00:00,4,0,0,10.370,10.37,20.708890,4
0x6fbc9e989d169000912a6cd82e9c036469b3fa10,2026-05-23T19:03:00+00:00,2026-05-23T19:03:00+00:00,1,392.24,0,0,0,1.17672,1
0x6fcc36f3f51dce9b55a380eca67b3a7edc6e0d33,2026-06-02T10:43:27+00:00,2026-06-02T17:12:56+00:00,2,0,0,34.034,34.03,67.961906,2
0x6fcc8598b3cb947ef51254aebd96400f49721bf1,2026-05-17T08:03:46+00:00,2026-05-17T08:03:46+00:00,1,0,0,10.0,0,9.9800,1
0x6fcf918ed6ecca8ac52efe9a2f94fdd7d635af89,2026-05-13T09:44:00+00:00,2026-05-13T09:55:09+00:00,2,0,0,7.014,7.01,13.988942,2
0x6fdcff29e55d88fe6b8a49f8022a9c9f78b31e39,2026-05-14T22:45:40+00:00,2026-05-22T03:22:15+00:00,20,0,0,1260.0,1260.0,2513.7000,20
0x6fe2620b6d025251b7ce140082f268bd738d5592,2026-05-23T02:56:20+00:00,2026-05-23T02:56:20+00:00,1,0,0,58.3265,0,58.2098470,1
0x6fe64d22dd83dcfec0c5762851f9d87ce285ac4a,2026-05-03T11:17:00+00:00,2026-05-05T06:58:26+00:00,4,0,0,479.728666,479.72,956.090600002,4
0x700061ad52c767a822f1b9b9694959e2ebd4bb7f,2026-05-28T02:00:35+00:00,2026-05-28T02:42:10+00:00,2,0,0,15.591,15.59,31.103048,2
0x70153b7194e8056df388d31db656f0c68dff8f92,2026-04-24T05:58:56+00:00,2026-04-24T06:52:54+00:00,2,0,0,123.229666,123.22,245.587097002,2
0x7016d53eda7d18bad0dc813a56a269845bf83e88,2026-05-29T11:00:21+00:00,2026-05-29T13:43:38+00:00,2,0,0,10.02,10.02,19.99992,2
0x701969e087962612e7ae2b748bbc45b0e0bf90a6,2026-03-25T09:01:01+00:00,2026-03-25T09:01:35+00:00,3,0,0,1040.0,1040.0,2057.1200,3
0x702088d9744e0cb654e96ded3461345c7aa8cd5d,2026-05-22T14:46:25+00:00,2026-05-22T16:26:06+00:00,2,0,0,10.02,10.02,19.98990,2
0x703abac0c95fe710347e96ee7288b1a7ac48f963,2026-05-20T12:07:36+00:00,2026-05-20T12:07:46+00:00,2,0,27.0,0,27.0,26.9730,2
0x7044a684e208405835aae237817840dafe44d9d8,2026-05-01T02:08:00+00:00,2026-06-07T13:51:07+00:00,2,0,0,33.991666,33.99,67.8457009986008334,2
0x70548e138f13093906ba315c55ea0b610d49a450,2026-05-26T22:19:36+00:00,2026-05-26T22:19:36+00:00,1,0,0,10.531,0,10.509938,1
0x70595da0fad5bffffbcbec9cfe629e14d9ad6e08,2026-04-24T10:28:04+00:00,2026-04-24T12:17:28+00:00,2,0,0,72.768,72.76,145.018656,2
0x705cfe99520d6bbd1efadb76dfbeaf7fa2d669d7,2026-05-13T11:51:17+00:00,2026-05-13T23:17:30+00:00,2,0,0,162.3245,162.32,323.8328910,2
0x7060201a2d8e212f9ac504796a8fc0f1c70c256d,2026-05-27T15:13:26+00:00,2026-05-27T16:28:41+00:00,2,0,0,17.535,17.53,34.977340,2
0x7068eac183b034110055344d0e94ebbd2b599e5b,2026-05-30T19:57:35+00:00,2026-05-31T04:39:00+00:00,2,0,0,33.033,33.03,65.963907,2
0x70771225fa922e10f2997e2a1786c9970dcee6b7,2026-05-24T00:23:59+00:00,2026-05-24T00:23:59+00:00,1,0,0,387.9255,0,387.1496490,1
0x7079d3a7af5591c5e012c88c03c68bada68baaf7,2026-06-02T10:15:14+00:00,2026-06-02T10:15:14+00:00,1,0,0,1.021,0,1.019979,1
0x7092157742b7fc25fac89b68996eac3a6f223a94,2026-05-28T15:40:22+00:00,2026-06-04T13:21:58+00:00,14,0,0,327.423,327.42,653.668355,14
0x70a457e4a2cc48f67ee494994a2734b09175511b,2026-04-20T09:05:52+00:00,2026-04-20T12:35:34+00:00,2,0,0,200.0904,200.09,397.9794080,2
0x70b680d8035b3255fe61488affd10bbd3498aa2f,2026-03-11T03:03:35+00:00,2026-04-04T11:42:03+00:00,92,2860.633318,2860.633074,0,0,60.3975309978412331,92
0x70d6e6f4b9233a4472d267cd82598a6b4c7a0e7c,2026-05-26T06:34:16+00:00,2026-05-26T06:34:16+00:00,1,0,0,9.559,0,9.539882,1
0x70d89f2df0edbb42297ea117115d873747d79fd6,2026-05-17T18:10:16+00:00,2026-05-17T20:50:25+00:00,2,0,0,97.665,97.66,194.836690,2
0x70d94a4ff67ed919a8480885cf0808afefe7a684,2026-04-30T10:13:38+00:00,2026-05-24T07:14:06+00:00,56,0,16280.993333,0,0,49.0429788023426667,56
0x70da93c3e916f473ca874326453dab14fe9e8a6a,2026-05-01T06:39:48+00:00,2026-05-22T18:08:09+00:00,5,0,0,334.1995,282.48,614.8795550,5
0x70eb1658e2c9830b3f20b9304079b0f2f0fe84e1,2026-05-07T18:46:11+00:00,2026-05-21T14:07:45+00:00,4,0,0,77.111,77.11,153.701267,4
0x70ece068a22fd2210b9a9db88c3a58ffce4ef77a,2026-06-10T12:19:34+00:00,2026-06-10T12:19:34+00:00,1,1000.0,0,0,0,1.0000,1
0x70fce445197240fdf73f17adfb17dd70b0ebc15a,2026-04-25T09:36:48+00:00,2026-04-25T10:57:24+00:00,2,0,0,317.462333,317.46,632.700106001,2
0x70fedd43d09e152891d9f2cccb9c65ca5f5c2466,2026-05-23T16:40:30+00:00,2026-05-23T16:40:30+00:00,1,0,0,94.168,0,93.979664,1
0x7107101b11327d89b92e5161889d1c2798d774f5,2026-03-27T06:41:07+00:00,2026-03-27T21:38:47+00:00,5,181.818178,181.799089,0,0,3.9997869947770790,5
0x712297f427864734d475677b259c635ef510a6ef,2026-04-24T09:53:52+00:00,2026-04-24T11:18:20+00:00,2,0,0,114.332666,114.33,227.862348002,2
0x713c75eeae64a0fbc86ef3c42cf6366864322056,2026-05-27T11:52:56+00:00,2026-05-27T11:52:56+00:00,1,0,0,18.707,0,18.669586,1
0x713dd02e1742c06020c45c0b7d1a40f96bc72f22,2026-05-11T18:44:22+00:00,2026-05-11T21:40:27+00:00,2,0,0,354.2985,354.29,706.8170330,2
0x71421cb46a4d6cc4719f6e28cf2f0efa372de23e,2026-05-09T02:46:23+00:00,2026-05-26T07:10:08+00:00,3,0,0,2687.852,1446.66,4121.902996,3
0x714915ca95f3b5b07856d60c8f99615abc63b782,2026-05-02T01:42:08+00:00,2026-05-02T03:08:40+00:00,2,0,0,1496.51,1496.51,2982.54443,2
0x714a685b5454ea4d52979563bbafa77b8168ab2f,2026-05-19T18:35:26+00:00,2026-05-19T18:35:26+00:00,1,0,25000.0,0,0,50.0000,1
0x71571f68a2862da2af6e19f1acb27a1efb69f2bb,2026-05-03T20:26:42+00:00,2026-05-15T14:07:56+00:00,2,0,0,9.451333,0,9.4296219998766668,2
0x71665662d0efa6a112a6ba589ae80076536f3cc0,2026-05-17T00:28:23+00:00,2026-05-17T00:28:23+00:00,1,0,0,6.012,0,5.999976,1
0x7169f5e33abd4f9319303554d83ada5a01d73139,2026-05-15T15:08:07+00:00,2026-05-15T15:08:07+00:00,1,0,0,10.02,0,9.99996,1
0x716a88c06b3e05d067f7a90bddcee729f4eb2e27,2026-04-10T06:50:11+00:00,2026-05-14T01:54:12+00:00,2,0,0,53.7625,53.76,107.0386450,2
0x717111a47627254461412df6cecd697f9ba07af9,2026-03-14T16:22:27+00:00,2026-04-05T11:07:07+00:00,50,2916.981165,2916.97,0,0,56.5525129977308997,50
0x7179f5a778c16ed0a07ea3941f2624cf75aab288,2026-05-15T20:32:51+00:00,2026-05-15T20:32:51+00:00,1,0,0,6.062,0,6.049876,1
0x7182e7dff167484f7f14d8fc986468201b8d826f,2026-06-02T14:39:35+00:00,2026-06-04T06:28:15+00:00,2,0,0,327.327,327.32,653.665033,2
0x718e29a812fb7b464bed5179bda769073177c203,2026-05-09T06:08:40+00:00,2026-05-09T07:56:56+00:00,2,0,0,1588.82,1588.82,3166.51826,2
0x719c33ec5d41797f37adcf90a76a032f56d9f3e2,2026-05-03T09:31:30+00:00,2026-05-03T13:16:28+00:00,2,0,0,65.125333,65.12,129.789477001,2
0x719da4b666aaada97bedbdd901bc858a2d2e10fb,2026-05-06T06:00:56+00:00,2026-05-06T07:26:12+00:00,2,0,0,1086.11,1086.11,2164.61723,2
0x71bd1c44d2762026f6fb9868e675a4e2eb950de3,2026-05-16T12:55:18+00:00,2026-05-16T12:55:18+00:00,1,0,0,11.022,0,10.999956,1
0x71e9b56ec4be17b519573ce943fa84de38390121,2026-04-24T06:42:36+00:00,2026-04-24T07:41:48+00:00,2,0,0,78.465333,78.46,156.376097001,2
0x71ed0bc95433cdf1be29f43219725fce9addd9eb,2026-03-20T11:14:39+00:00,2026-05-03T09:55:18+00:00,17,0,11836.87,11000.0,0,10969.89099,17
0x71f3ae15d7032843f2bf7ec9490d1d08a29cde74,2026-04-19T14:22:14+00:00,2026-04-22T02:25:50+00:00,2,206.27,206.27,0,0,2.26897,2
0x721adecd72fa6aaa3b700442fde9c6f39346e9c5,2026-04-19T13:29:10+00:00,2026-05-28T07:49:33+00:00,4,0,0,268.2463,268.24,533.7652980,4
0x723969d6d69e9dc5d3e89463b5b459e76272f3e1,2026-05-17T16:15:31+00:00,2026-05-17T16:26:29+00:00,2,0,0,6.012,6.01,11.991946,2
0x723a1d564c66f2ec349eafcfcfff9a01e7bfc254,2026-03-21T01:47:57+00:00,2026-04-10T12:27:45+00:00,2,0,0,4.592142,4.59,9.1178670000302154,2
0x7246ae85ab385d67b6cc70fb1adc625253d056c5,2026-06-04T00:55:39+00:00,2026-06-04T00:59:01+00:00,2,0,0,104.754,104.75,209.189746,2
0x7249f8d9b4926bdcd5410d340ba5a4135f3a6a5d,2026-03-06T16:02:01+00:00,2026-03-06T16:17:03+00:00,2,0,0,220.0,220.0,437.1400,2
0x725328b5b5751c158b6db36e4fc67394f696f35d,2026-04-17T03:19:48+00:00,2026-04-21T02:36:54+00:00,2,0,0,16.06,16.06,31.92728,2
0x726d91af3d088b1377923f2674c57d2e824abc0c,2026-05-23T07:51:07+00:00,2026-05-23T12:32:02+00:00,2,0,0,8950.0,8950.0,17855.2500,2
0x727307b9d89fbb8bfff5d9840ae809d04f36eb8b,2026-03-29T15:21:40+00:00,2026-03-30T02:49:16+00:00,2,90.909089,90.9,0,0,1.9998989971818388,2
0x727c01c32feb5932954856b2f24e02a4438f7557,2026-05-23T02:52:34+00:00,2026-05-23T02:52:34+00:00,1,0,0,53.4465,0,53.3396070,1
0x7286b08aa9dca0987ce3ceea4245165cf89caf7c,2026-05-19T19:34:40+00:00,2026-05-20T09:05:15+00:00,2,0,0,29.058,29.05,57.962734,2
0x7289370fc6551a9743a078df74c30cb81de5b1eb,2026-06-02T14:58:39+00:00,2026-06-02T14:58:39+00:00,1,0,0,37.037,0,36.999963,1
0x7292e22868f21252b5ce38a8e1166d1e11140c44,2026-03-08T09:20:15+00:00,2026-03-08T19:55:07+00:00,2,125.0,125.0,0,0,2.0000,2
0x729c7ddc90f593c69a718670000e2c54ecb1f189,2026-05-24T04:17:59+00:00,2026-05-24T05:14:45+00:00,2,0,0,11.162,11.16,22.266196,2
0x72a62978c50ae341f38d771c4ad0788dbe1e20be,2026-05-08T04:03:53+00:00,2026-06-09T12:27:51+00:00,24,0,0,900.826998,900.82,1796.766537006,24
0x72aa9007064adb756ba52f0a2106a437cade4cc5,2026-03-20T08:57:05+00:00,2026-03-20T08:57:05+00:00,1,125.0,0,0,0,1.0000,1
0x72bd5ca2c11c6b0e23e7971ef19cfb3ae2942b64,2026-03-11T22:16:13+00:00,2026-05-04T21:23:52+00:00,5,544.93,544.92,0,0,9.26378,5
0x72c0340cc17518fcb235d11b4cdb8669158ac380,2026-04-19T10:05:08+00:00,2026-04-19T11:06:36+00:00,2,0,0,290.633,290.63,578.066055,2
0x72dd2ed397e911db76521bacecc93c5e5608aad5,2026-02-09T22:54:29+00:00,2026-02-09T22:54:29+00:00,1,0,0,2.05,0,2.00080,1
0x72e01ce8058a23f8eaefa4fb9137eda03f5f237c,2026-03-19T09:13:07+00:00,2026-03-20T23:31:05+00:00,2,0,0,32.719,32.71,64.938287,2
0x72e0244cfb38200a90271ca9f10286e49a030b96,2026-05-14T20:35:40+00:00,2026-06-04T17:39:54+00:00,168,0,0,1066.6020,1066.56,2129.0825090,168
0x72e218af41b15e7f0527e65f68141cbb461345f3,2026-05-24T01:35:56+00:00,2026-05-24T03:16:09+00:00,2,0,0,26.152,26.15,52.171246,2
0x72f5304bd4b01786ff6d6c58aceeebd2df6b3efd,2026-04-21T23:03:26+00:00,2026-04-21T23:33:18+00:00,2,0,0,3.36,3.36,6.68304,2
0x72f7a442eb76605b3e05b4b82ca0bd3dda432945,2026-05-21T07:31:10+00:00,2026-06-03T04:23:02+00:00,10,0,0,7.4565,7.45,14.8811610,10
0x7300833941f579802d58791eb1d0152c1b17e52c,2026-03-22T18:05:49+00:00,2026-03-22T18:05:49+00:00,1,0,0,5.0,0,4.9650,1
0x73011127c871d6dc29bf80ec564e6f2518256544,2026-05-19T12:48:32+00:00,2026-05-19T14:16:05+00:00,2,0,0,11.713,11.71,23.364444,2
0x731039962b6d173b152d3fa357ff5fe5a5a2c36a,2026-03-11T12:32:47+00:00,2026-04-24T08:03:40+00:00,6,93.75,93.75,0,0,2.25151,6
0x73199bc2802a07f8679b3ce4f350fef28e5d303f,2026-03-22T16:37:45+00:00,2026-03-24T16:02:09+00:00,4,242.857142,242.85,0,0,3.999949994,4
0x732637c0f70feb51bb92fbcc943213a74dbd1b30,2026-04-25T03:16:08+00:00,2026-04-25T04:06:58+00:00,2,0,0,189.157333,189.15,376.983261001,2
0x7328eca2193fe30f2c1e5869ff8535f34fc38a75,2026-05-16T02:03:40+00:00,2026-05-16T02:03:40+00:00,1,0,0,6.012,0,5.999976,1
0x7336f576db4f1e7d7f7f7614e114e84a6a2c94b8,2026-04-02T18:23:29+00:00,2026-04-11T09:34:35+00:00,2,625.0,625.0,0,0,8.7500,2
0x733b1d872e32c019571854527593b1347302a9e9,2026-04-20T08:46:58+00:00,2026-05-19T15:50:42+00:00,4,0,0,265.360,265.36,528.074313,4
0x7355def1ef59d3be5316d728b592521b4b1a44d8,2026-05-31T13:31:51+00:00,2026-05-31T13:31:51+00:00,1,0,0,16.016,0,15.999984,1
0x7355e526f2274d37b553216ecbff9807424de9a5,2026-04-30T16:54:48+00:00,2026-05-09T09:39:11+00:00,4,10000.0,10000.0,0,0,70.0000,4
0x735bd401d387435e9ae7708122b30f700d44aad9,2026-05-19T14:36:30+00:00,2026-05-19T21:40:02+00:00,2,0,0,248.4965,248.49,495.7440370,2
0x7364d587501cd668994a68866b36b6ac355329c5,2026-06-04T14:30:58+00:00,2026-06-04T14:31:13+00:00,4,0,0,10.360,10.35,20.678940,4
0x7364ff6ed6694c7bcf8e0e2e6e9e946fff262107,2026-05-22T01:47:27+00:00,2026-05-22T14:43:21+00:00,2,0,0,59.118,59.11,117.932434,2
0x737e48a688cf12cfe8555d799fb521932fd3c4f3,2026-02-10T11:33:19+00:00,2026-02-10T11:33:19+00:00,1,0,0,12.269909,0,11.9999709995460182,1
0x738d3152bd07bb4af73bdd867fb12b038c5f4df6,2026-01-31T15:20:52+00:00,2026-01-31T15:23:10+00:00,2,294.754116,294.75,0,0,9.4212489883688196,2
0x7392948d3c801144d9f616862a244a14699a49f2,2026-05-27T22:19:47+00:00,2026-05-27T22:19:47+00:00,1,0,0,16.553,0,16.519894,1
0x7394aa69d5ccc85b0cadc4f4afc56877a2ac825b,2026-05-20T12:09:35+00:00,2026-05-30T17:06:21+00:00,2,0,0,13.3265,13.32,26.5932070,2
0x7395159918b4500a39fe708c0b0f3b343eaefdee,2026-06-17T16:36:58+00:00,2026-06-17T16:36:58+00:00,1,1000.0,0,0,0,1.0000,1
0x7399eae307df6c227694e83f60629415eca146d6,2026-03-22T18:05:49+00:00,2026-04-01T00:32:27+00:00,18,0,0,700.0,699.994746,1384.5447979986763702,18
0x739d6a2d52f17effa542eb15af7b4a1ed8627ad8,2026-05-05T04:33:40+00:00,2026-06-06T03:17:07+00:00,14,0,0,1297.0,1297.0,2586.7125,14
0x73a44fa5b620c1b14e0af4b8ddce06950dad8651,2026-06-17T08:15:40+00:00,2026-06-17T08:15:40+00:00,1,1000.0,0,0,0,1.0000,1
0x73a53f34afe51d3477037bf4d841bfd50b5bd537,2026-05-06T17:19:12+00:00,2026-05-06T19:56:05+00:00,2,0,0,48.946666,48.94,97.544066002,2
0x73adeb17e587a535025668a55ec349f795e376ab,2026-04-25T22:51:28+00:00,2026-04-26T00:18:42+00:00,2,0,0,171.123333,171.12,341.045483001,2
0x73b7049258a30e138b27397db6055145944c3c2b,2026-05-19T13:37:02+00:00,2026-05-19T15:46:37+00:00,2,0,0,13.3165,13.31,26.5599370,2
0x73c44878bd98b37e489a788070ebb537ea158007,2026-05-19T00:46:51+00:00,2026-05-19T00:46:51+00:00,1,0,0,7.014,0,6.999972,1
0x73cd93a6a74393656d81fa3dc3119ca4fae6319c,2026-05-22T21:08:28+00:00,2026-05-23T18:34:13+00:00,2,0,0,32.064,32.06,63.963692,2
0x73d225c851df25d73b14846a370bdeef9434f9b7,2026-04-29T11:14:36+00:00,2026-04-29T20:57:52+00:00,15,0,0,3000.00,3000.0,5976.00000,15
0x73ef077607d83a083711bf7e3972273254337295,2026-05-24T11:00:00+00:00,2026-05-24T11:00:00+00:00,1,333.333333,0,0,0,0.999998999000001,1
0x73f20f55cca3ec8de2cf738dd2a58dfeb60c9e63,2026-05-27T07:14:27+00:00,2026-05-27T07:14:27+00:00,1,0,0,95.1,0,94.9098,1
0x73f54c8101500e77603de4b89c27efc7af63bc31,2026-05-27T13:09:23+00:00,2026-05-27T13:09:23+00:00,1,0,0,16.7635,0,16.7299730,1
0x73fd9f855028924e44079429e551bfdcff790c6d,2026-06-02T22:57:43+00:00,2026-06-03T06:41:24+00:00,2,0,0,8.008,8.0,15.983992,2
0x741bef508fd9e9075e9b60f3cb9410a5a1ec3cbf,2026-03-18T22:03:01+00:00,2026-03-18T22:03:01+00:00,1,555.555555,0,0,0,4.999999995,1
0x741cbcb013074fa5ed0715cb424d86f26927d899,2026-05-23T00:54:55+00:00,2026-05-28T12:12:58+00:00,2,0,0,41.653,41.65,83.094744,2
0x74227f4682380ea9105a6f244feba7af0c280e2b,2026-04-22T02:02:26+00:00,2026-04-22T02:17:10+00:00,2,0,0,5.0,5.0,9.9450,2
0x742d8219421c83b63e654c0201ea731a8012a506,2026-05-30T12:05:12+00:00,2026-05-30T12:05:12+00:00,1,0,0,33.033,0,32.999967,1
0x7446b156446e0b45241346f36c6a7d34e0855f4f,2026-05-11T20:05:01+00:00,2026-05-11T21:36:36+00:00,2,0,0,49.679,49.67,99.100632,2
0x7449904c4f9521c56f3ae6b40f5f6fe42d98c05e,2026-05-20T12:02:33+00:00,2026-06-04T23:53:24+00:00,92,0,0,3519.0690,3519.06,7023.5240440,92
0x744f45acacbfac2be201f1572082d8ab35904eac,2026-05-07T03:53:25+00:00,2026-05-23T21:53:50+00:00,3,0,0,1410.209,1025.62,2427.880482,3
0x7450071e64bdd41daf748d9c3303c391ffd41c60,2026-05-31T01:39:04+00:00,2026-05-31T01:39:04+00:00,1,0,0,32.032,0,31.999968,1
0x745c83c80972a7019edb49902fefe964cd8840d9,2026-03-23T17:56:15+00:00,2026-04-06T04:56:57+00:00,2,0,0,20.0,20.0,39.7000,2
0x7460557bc33782e75abdd9cb95927c8e56ef8cf1,2026-05-06T05:09:10+00:00,2026-05-19T19:24:00+00:00,4,0,0,69.538333,69.53,138.601638001,4
0x74770227fbb2b26b31dfdc2ca5da5a6ce0830d81,2026-05-07T15:56:12+00:00,2026-05-07T17:48:51+00:00,2,0,0,66.840333,66.84,133.212452001,2
0x747efe800d0683862f84ea18ea7564dba41dcc93,2026-03-30T05:10:26+00:00,2026-03-30T06:41:28+00:00,3,1000.0,1000.00,0,0,22.00000,3
0x74922a3942ebb3f0f6fd981c16a3b0bf6ea3584a,2026-05-26T12:18:36+00:00,2026-05-26T12:18:36+00:00,1,0,0,40.3405,0,40.2598190,1
0x74ae25cf5051f5949ae8a5676aa5410791e7b8dd,2026-05-01T05:17:20+00:00,2026-05-01T08:40:10+00:00,2,0,0,95.025,95.02,189.379845,2
0x74d085ad7e3ca19beb868004bd727158b3396487,2026-05-21T11:59:30+00:00,2026-05-21T12:03:33+00:00,2,0,0,36.072,36.07,71.961646,2
0x74e2e846f6f6bb30d0f42d50f02f4c46c6086396,2026-02-28T20:27:55+00:00,2026-03-02T21:39:39+00:00,2,1038.106363,0,0,0,11.0000000351398723,2
0x74e40c3074f79db2cd688d9b509acd3d2b71e16b,2026-06-03T16:45:31+00:00,2026-06-03T16:58:46+00:00,6,0,0,15.545,15.54,31.038375,6
0x74e68d8fbdc0bab0e004ad529be87981e0b44f6c,2026-03-05T18:46:39+00:00,2026-04-28T21:11:42+00:00,6,1135.0,399.991763,0,0,12.7292690049507717,6
0x74f2ede2d2f0c38b10f81db80cd51b32f31c1420,2026-05-21T00:59:45+00:00,2026-05-21T00:59:45+00:00,1,0,0,39.8,0,39.7204,1
0x74f533f305ec441ae0f3ca1b5ff4daf1ceff0f06,2026-05-13T21:50:59+00:00,2026-05-13T22:07:19+00:00,2,0,0,8.016,8.01,15.985938,2
0x7504c0ed26ec710d9ca8ffef6ae7d90a3dbc69cd,2026-04-22T14:56:20+00:00,2026-04-22T16:16:06+00:00,2,0,0,71.7286,71.72,142.6596370,2
0x7527aabf4e285ff332943a5094db5c051e0fe9b4,2026-01-01T19:21:25+00:00,2026-01-01T19:21:25+00:00,1,82.759602,0,0,0,4.9999989998885964,1
0x7529e074a0b8f8325659d432223fe6ceceb46176,2026-05-24T10:08:31+00:00,2026-06-04T02:33:55+00:00,3,0,0,14.4385,14.43,28.7990730,3
0x752d3e71175997adbc9bd7ff37daa74d855aa2d1,2026-05-08T12:48:55+00:00,2026-05-08T17:07:49+00:00,2,0,0,177.382,177.38,353.520334,2
0x752dd6ba956ca560f0f94b8eaea4a69f81c6e350,2026-05-25T02:22:02+00:00,2026-05-25T03:33:53+00:00,2,0,0,10.03,10.03,20.00985,2
0x753e812d6a39639fd073e92c7398322d53525c3e,2026-05-21T02:04:58+00:00,2026-05-21T17:45:25+00:00,2,0,0,38.076,38.07,75.955638,2
0x754458f1bcbd324ad8b0999f3125fa7322879597,2026-05-13T05:52:31+00:00,2026-05-13T06:08:49+00:00,2,0,0,7.014,7.01,13.988942,2
0x75490e4aecb6e4c316ef25391f44a6cb85c20da3,2026-05-11T19:33:15+00:00,2026-05-11T22:58:18+00:00,2,0,0,40.681,40.68,81.157598,2
0x754a7e597a40e125069c32dbbdb8a7c88916dbec,2026-05-26T05:38:47+00:00,2026-05-26T08:57:46+00:00,2,0,0,64.018,64.01,127.707934,2
0x754b6801e889a42d70cd42a6db85be1d21ebe2bc,2026-05-07T08:41:21+00:00,2026-05-11T06:15:15+00:00,6,0,0,18.054,18.05,35.977638,6
0x7556e8739666d6185cfcf2534aeb57ac8e622c0d,2026-04-17T12:19:54+00:00,2026-04-21T08:01:34+00:00,2,222.77,222.77,0,0,2.45047,2
0x7579e4f371536c54bbeac0df3f5673c62f01138f,2026-05-27T23:22:28+00:00,2026-05-29T22:02:30+00:00,2,333.333333,333.33,0,0,1.333328999000001,2
0x75803ebd31926603e18546b6ac7e2cded9ff853d,2026-02-07T03:39:03+00:00,2026-04-08T13:04:13+00:00,3,281.318679,0,0,0,2.999998994461575,3
0x758ab92f56109347a1a9390859f6c8fddde23065,2026-05-18T23:07:31+00:00,2026-05-19T00:37:28+00:00,2,0,0,94.509,94.5,188.536482,2
0x758b8df345d69dae4d5f06e56ee4bb2858215699,2026-05-17T10:31:40+00:00,2026-05-17T10:31:40+00:00,1,0,0,5.0,0,4.9900,1
0x759df3859be6aa67bffe73f997103e862e16afb0,2026-06-03T01:26:38+00:00,2026-06-08T15:11:27+00:00,2,0,0,17.017,17.01,33.992973,2
0x75a16c659dabf15deb0eed7b31d76eb3501a0212,2026-04-25T15:47:26+00:00,2026-04-25T18:25:38+00:00,2,0,0,140.892666,140.89,280.796428002,2
0x75c373013de23a5c0278aad6ae712186a374067b,2026-05-19T00:32:58+00:00,2026-05-23T09:55:52+00:00,4,0,0,98.196,98.19,195.895038,4
0x75c520e7ccbbf0ae6451a2a939e530542b947a39,2026-04-30T14:54:40+00:00,2026-04-30T14:54:40+00:00,1,0,0,200.0,0,199.4000,1
0x75cbe506ceec7bb80331954e9a47212ea62f1556,2026-01-10T12:37:02+00:00,2026-06-05T00:07:19+00:00,4,150.006,0,0,0,0.150006,3
0x75d6fe1e259f2beb212566e5d9f9a24a4703afe5,2026-04-13T00:05:19+00:00,2026-04-15T06:02:30+00:00,2,0,0,7.8,7.8,15.4986,2
0x75fe28f867368a536ca54de83727883df0f4ea54,2026-05-16T17:09:10+00:00,2026-05-27T16:02:01+00:00,24,0,0,2215.4080,2215.40,4419.7309840,24
0x7618eedd6a38f4a524df07426a57ec7570b6c1ae,2026-06-01T10:51:41+00:00,2026-06-02T06:12:34+00:00,2,0,0,22.022,22.02,43.975938,2
0x761e60b4f8514fced60f2b847ebd50ad6843599d,2026-05-07T12:44:49+00:00,2026-05-07T14:04:16+00:00,2,0,0,56.439,56.43,112.473963,2
0x7636ade84d5e19bd4ea70d2b8571f6bea6e3f8ca,2026-05-16T20:14:54+00:00,2026-05-18T14:19:06+00:00,2,0,0,34.068,34.06,67.957684,2
0x763a7d9e1bfbadc59c3af86d88a627783c46d8db,2026-05-26T06:59:31+00:00,2026-05-26T06:59:31+00:00,1,0,0,107.0,0,106.6790,1
0x763c31712e5327a7a35876594f7a828e5acf27f4,2026-05-11T14:23:04+00:00,2026-05-12T07:23:12+00:00,2,0,0,2097.291666,2097.29,4181.997921002,2
0x7641a0ee66c55e3ece7d8e6de677c6278a04b1f4,2026-05-20T05:27:59+00:00,2026-05-20T06:38:04+00:00,2,0,0,10.1,10.1,20.1495,2
0x765a94e55bb11e6503151ac4796c1b1f3a63b722,2026-05-14T20:36:43+00:00,2026-05-14T20:36:43+00:00,1,0,0,2.234,0,2.229532,1
0x7661113a34bfaa88fac956d0a39520a556499aac,2026-05-15T12:04:20+00:00,2026-05-25T13:27:25+00:00,2,0,0,2.605,2.6,5.191990,2
0x766f488c405bb3b722b6beaa25ccdeba80800e86,2026-05-26T05:14:17+00:00,2026-05-26T05:14:17+00:00,1,333.333333,0,0,0,0.999998999000001,1
0x767cca3eefd7d8e795cc0fb61ca80a2a9aaf6975,2026-05-22T11:56:24+00:00,2026-05-22T14:31:20+00:00,2,0,0,16.573,16.57,33.060144,2
0x768dfaeecd46979efaf9128fd30dc94d5e9ff0c5,2026-05-23T19:59:30+00:00,2026-05-23T19:59:30+00:00,1,0,0,73.3265,0,73.1798470,1
0x76970dafa5375f02930683cc9a8deb96828f49ee,2026-06-03T03:22:26+00:00,2026-06-03T03:22:45+00:00,2,0,0,7.007,7.0,13.985993,2
0x76999d11bb6a141a36a4ff1fb955f24fc3db70b9,2026-06-17T16:44:34+00:00,2026-06-17T16:44:34+00:00,1,25000.0,0,0,0,25.0000,1
0x769fa15812556ad841e087b84d81bfcd4580d823,2026-03-29T15:47:44+00:00,2026-03-30T03:12:02+00:00,3,174.545454,174.54,0,0,3.839939994,3
0x76be48fa27c30da7c793bc7b219dfececc16d0bd,2026-05-15T09:47:36+00:00,2026-05-16T01:36:37+00:00,2,0,0,91.182,91.18,181.906096,2
0x76c483b7ab2b491fef0c02331e91779570af6109,2026-05-03T08:01:44+00:00,2026-06-10T03:30:48+00:00,2,0,0,26.078,26.07,52.043696,2
0x76c7e1ce0e82f047ac2790817b10f4b5c36d04aa,2026-03-24T03:38:29+00:00,2026-03-24T03:51:37+00:00,3,0,0,554.0,554.00,1098.65811,3
0x76f77fdfbc73627f2fe2414125b84acedaba96c1,2026-05-19T18:55:37+00:00,2026-05-19T18:55:37+00:00,1,0,0,19.218,0,19.179564,1
0x7700ff7785e282cb4e105e732ef9565da51bf598,2026-06-03T01:32:44+00:00,2026-06-03T02:00:32+00:00,2,0,0,166.166,166.16,331.827514,2
0x770e8604e8d92b92432d442a246f85eda2353b11,2026-05-21T06:59:00+00:00,2026-05-21T06:59:00+00:00,1,333.333333,0,0,0,0.999998999000001,1
0x771dfc7d37b93aecc4a08d7d8bd8e751c9225c18,2026-05-18T11:37:21+00:00,2026-05-18T13:14:42+00:00,2,0,0,41.162,41.16,82.116196,2
0x77229e12b57429a21b0f552abc9c8c854c92ab6b,2026-04-30T12:09:24+00:00,2026-04-30T13:22:56+00:00,2,0,0,61.344,61.34,122.254608,2
0x773187ec80b0376d258cc8d29b37779bc4db29d9,2026-05-24T11:57:59+00:00,2026-05-24T12:06:28+00:00,2,0,0,106.4325,106.43,212.3303450,2
0x773991de38af712f3d8b228f21a6dbcbb25f1b03,2026-06-01T08:16:40+00:00,2026-06-01T08:16:40+00:00,1,0,0,2.902,0,2.899098,1
0x773ef6db45f2447c84dacf93f6ca082ee9498c00,2026-04-27T12:16:42+00:00,2026-04-27T13:54:52+00:00,2,0,0,46.008,46.0,91.685976,2
0x774211b7fbc8310a0038ddd6c5a1b21842ee527d,2026-05-23T12:36:14+00:00,2026-05-23T12:36:14+00:00,1,0,0,20.0,0,19.9600,1
0x774445f15087a5d91f4e578a34a7c0392f1b88ba,2026-05-12T13:31:26+00:00,2026-05-13T07:18:35+00:00,2,0,0,69.138,69.13,137.922334,2
0x77499a34b3ab058686699096ea991b0f1b87d117,2026-05-17T04:02:46+00:00,2026-05-19T15:16:59+00:00,2,0,0,195.3905,195.39,389.8035490,2
0x774a1bd635508951fe83adc276f96e3721313872,2026-03-21T13:38:31+00:00,2026-03-22T14:42:55+00:00,2,0,0,231.0,231.0,458.7660,2
0x775634755e33a2e196172d4f8fc1276b241dc666,2026-05-07T09:26:43+00:00,2026-05-07T13:31:46+00:00,2,0,0,255.747,255.74,509.696799,2
0x7769102a7024b5a64b49062d016b4c60ce0d9991,2026-02-12T12:54:37+00:00,2026-02-14T10:46:39+00:00,7,100.00,100.0,0,0,3.70000,7
0x777a3e4019018ea50fbe122793be043f210ebb0f,2026-05-13T10:07:26+00:00,2026-05-19T19:29:20+00:00,2,0,0,38.0,38.0,75.8100,2
0x77801afd885c01bb46213385295fb057ab62763e,2026-05-01T06:15:22+00:00,2026-05-01T06:15:22+00:00,1,2500.0,0,0,0,10.0000,1
0x778639c05e6220de73af762d8b57de87c26b2fa4,2026-05-19T07:46:44+00:00,2026-05-19T07:49:08+00:00,2,0,0,15.03,15.03,29.98485,2
0x779057bd52949e46c3c0b7adb660c831fb03afc5,2026-06-04T15:55:24+00:00,2026-06-04T15:55:45+00:00,4,0,0,10.069,10.06,20.098811,4
0x779d5072c43e2d5adce083a2b1ba4cd330524053,2026-05-06T19:35:19+00:00,2026-05-06T20:18:03+00:00,2,0,0,50.942666,50.94,101.526078002,2
0x77b461841944405d4ecd1d18a0289a6fb3f88f9d,2026-05-31T18:16:03+00:00,2026-06-01T10:54:18+00:00,2,0,0,17.017,17.01,33.975963,2
0x77d1b694af2bdce258f35c505bd8bcaa447b9d8d,2026-05-31T13:17:04+00:00,2026-05-31T13:17:04+00:00,1,1500.0,0,0,0,3.0000,1
0x77d48aac86bea8a954da4262334bbc0d7b5c3983,2026-06-05T20:08:54+00:00,2026-06-05T20:08:54+00:00,1,1000.0,0,0,0,1.0000,1
0x77e226685d85064600d0502b1d83f2c7438df06a,2026-04-30T04:13:48+00:00,2026-04-30T05:35:14+00:00,2,0,0,44.202333,44.2,88.092926001,2
0x77f2f062c2f04eca7eec3f2baa907792ef5977bb,2026-06-11T12:32:39+00:00,2026-06-11T12:32:39+00:00,1,52000.0,0,0,0,52.0000,1
0x7810393ce8025298145bf36ee952333aeb181f4b,2026-05-08T15:25:58+00:00,2026-05-09T07:21:29+00:00,2,0,0,5.315666,5.31,10.5884789998737336,2
0x782c1123c3acc9d7337dfd5365da52433da069ee,2026-05-19T23:30:13+00:00,2026-05-20T16:04:34+00:00,2,0,0,180.3605,180.36,359.8186990,2
0x78320f0b12106f01f5dcf5b68df1c3177a892354,2026-05-11T02:02:49+00:00,2026-05-11T03:50:51+00:00,2,0,0,110.270666,110.27,219.768774002,2
0x783c1c336894da26cdd18665a9ce512097a7a932,2026-05-20T12:04:02+00:00,2026-05-20T12:04:02+00:00,1,0,0,32.3845,0,32.3197310,1
0x7845a6d7fc27ac08f1eae38bbe2fcaa2f7ce0586,2026-05-08T01:48:05+00:00,2026-05-08T02:49:39+00:00,2,0,0,84.162333,84.16,167.733206001,2
0x78559d64d5c09de6be656d49214895ec3eb9ea21,2026-06-04T09:17:57+00:00,2026-06-04T09:17:57+00:00,1,0,0,295.0,0,294.7050,1
0x785d6279fa1570be5a1d61cc04b5b995467288e7,2026-06-07T16:31:10+00:00,2026-06-07T16:31:10+00:00,1,2333.0,0,0,0,2.3330,1
0x785ea94b31f1ad840a6f5d52f2e0933b5e47d35c,2026-05-29T14:02:04+00:00,2026-05-29T23:46:46+00:00,2,0,0,8860.0,8860.0,17693.4200,2
0x787144d098c74da04b2e1cc86d1c8a8bc1f9adcc,2026-05-18T09:09:35+00:00,2026-05-18T09:27:30+00:00,2,0,0,928.8575,928.85,1853.0632350,2
0x78766fdf8cade60905585faef1fdec4a3a5e3731,2026-03-25T09:07:29+00:00,2026-03-25T09:13:37+00:00,2,0,0,765.0,765.0,1512.4050,2
0x788e28d7ed659651abcde33d22eb85857d2c1cd7,2026-05-04T10:30:16+00:00,2026-05-22T00:26:50+00:00,4,0,0,76.6285,76.62,152.7338960,4
0x788e6c9f8d7d48118e704890215ad59884a1a2d9,2026-05-27T20:17:14+00:00,2026-05-27T20:17:14+00:00,1,0,0,14.569,0,14.539862,1
0x789bef30b3b32cef994f12ef85f7e7305ec84adb,2026-04-20T09:16:48+00:00,2026-04-20T10:02:00+00:00,2,333.333333,333.33,0,0,3.666649998,2
0x78a49441029a7f01c175c4acc7572cee7f333095,2026-05-19T09:21:06+00:00,2026-05-19T10:42:54+00:00,2,0,0,712.9355,712.93,1422.3008390,2
0x78a50eb2e3ff5bc83c79116df1cb819812549cc7,2026-05-12T15:43:51+00:00,2026-05-12T15:43:51+00:00,1,0,0,1.002,0,0.999996,1
0x78a543abd4ba1bffedbf6e69cc227cda76ac4340,2026-05-08T15:14:34+00:00,2026-05-08T15:14:34+00:00,1,0,0,1.103,0,1.099691,1
0x78a9ceb54c68a11d7e87826122a52facf2ff9525,2026-05-14T20:39:10+00:00,2026-05-25T21:53:12+00:00,6,0,0,180.360,180.36,359.818200,6
0x78ae315d71ff08281117b15ee6da6f1364fb7412,2026-05-11T15:40:06+00:00,2026-06-09T17:59:22+00:00,8,21666.0,21665.80,0,0,46.66380,8
0x78b453d8225c4f8ca6005c3f945aff7c9b506f10,2026-04-26T07:22:54+00:00,2026-04-26T08:32:38+00:00,2,0,0,179.358,179.35,357.452526,2
0x78bf21ca2e8bbab6837ddf932b42a1cbe38cf895,2026-05-15T04:39:32+00:00,2026-05-17T07:49:15+00:00,2,0,0,21.042,21.04,41.976796,2
0x78c14faea2a14d75f102f00888f72c4f8c37e2a5,2026-05-22T03:11:12+00:00,2026-05-22T03:11:12+00:00,1,0,0,12.024,0,11.999952,1
0x78c3f608bd10ff33e33bdde711561875ccdef9c4,2026-05-01T20:48:32+00:00,2026-05-01T21:47:34+00:00,2,0,0,58.836333,58.83,117.254504001,2
0x78c8c44ee54dbe8b76e6a94ad6bc7fe0cc246152,2026-05-19T02:15:47+00:00,2026-05-19T02:15:47+00:00,1,0,0,30.3305,0,30.2698390,1
0x78d38c79476d9bc6930b42d4ae1b915deefb2602,2026-05-30T18:50:50+00:00,2026-06-01T23:21:46+00:00,2,0,0,13.313,13.31,26.583067,2
0x78e3ee1dec44afa2a92ae084658e6282ed822f29,2026-05-03T15:47:50+00:00,2026-05-03T15:47:50+00:00,1,0,0,4.684,0,4.669948,1
0x78f5953cbee2a1658757f05b270b61051361c20f,2026-05-31T12:46:52+00:00,2026-05-31T12:46:52+00:00,1,0,0,26.026,0,25.999974,1
0x78f7f90a1df1f556ad482a9dfca30bfd1a9e9b15,2026-04-25T17:50:40+00:00,2026-05-27T14:29:00+00:00,3,0,0,197.079,165.42,361.277736,3
0x79008ee91b584448844ef0f4655a102de0ef3072,2026-05-27T16:35:21+00:00,2026-05-27T16:35:21+00:00,1,0,0,24.7795,0,24.7299410,1
0x79038cbe8b26b28ea6ab4906080e69db555cf8f6,2026-05-28T00:32:24+00:00,2026-05-28T00:32:24+00:00,1,0,0,9.2685,0,9.2499630,1
0x79061e6d99fb0d90e56bb7a31b9fc90673f848a5,2026-05-16T01:13:59+00:00,2026-05-16T01:13:59+00:00,1,0,0,6.012,0,5.999976,1
0x790cd45208f30ad1dad1d5a18de015302ff138fd,2026-04-16T02:47:36+00:00,2026-04-18T05:13:02+00:00,2,714.285714,714.28,0,0,8.571399998,2
0x790d1db8fbcc863837bd36bde8ca06790d8765b1,2026-04-25T03:35:20+00:00,2026-04-25T10:56:46+00:00,4,0,0,249.107,249.10,496.463279,4
0x791186fd8eb0122e8c763f98da6efaef43c4b3dc,2026-05-11T06:03:56+00:00,2026-05-12T13:47:35+00:00,4,0,0,13.033,13.03,25.983803,4
0x7917e812fc179d73b363ec7294ddb05bcaf46644,2026-04-11T18:23:35+00:00,2026-04-14T00:51:05+00:00,2,0,0,23.53,23.53,46.75411,2
0x791961a1cc5ca996b399a3fab6336a907fe37f3c,2026-05-25T16:00:01+00:00,2026-05-26T02:03:15+00:00,2,0,0,500.0,500.0,997.5000,2
0x791f03fe4d95ba6ba126f865170647552b7fd60b,2026-03-02T17:05:49+00:00,2026-03-02T21:39:39+00:00,2,100.0,100.0,0,0,2.000,2
0x792062e303c682941a74bac6f89004007ca8d9b3,2026-04-24T06:15:34+00:00,2026-05-27T08:47:19+00:00,4,0,0,113.872666,113.87,226.982825002,4
0x7932f8ab6256f1d36f108d3f5ad727bd6870070e,2026-05-29T01:39:18+00:00,2026-05-29T01:41:33+00:00,2,0,0,47.094,47.09,93.948542,2
0x79346b4049a4f223f9a05774ac954838204a8e0f,2026-04-18T11:37:32+00:00,2026-04-18T12:40:48+00:00,2,0,0,63.1154,63.11,125.5311630,2
0x793c61ad8897050e828ad173f2fd44fa706de8da,2026-03-04T04:14:27+00:00,2026-03-24T19:32:13+00:00,25,0,0,187.52,187.512423,371.0345780000002255,24
0x793ed200a1e8344d608a17763d9cb8773b3643bf,2026-04-30T10:13:38+00:00,2026-06-06T18:34:16+00:00,8,0,0,70.96,70.96,141.55239,8
0x7948d84d294bcb75827ada3fdb58be77fc5e90ca,2026-05-14T07:36:29+00:00,2026-05-14T07:55:59+00:00,2,0,0,6.012,6.01,11.991946,2
0x794960e1ecc7cc3d0c9b67336a97cdd4c27967c5,2026-04-10T01:09:15+00:00,2026-04-10T01:13:25+00:00,2,0,0,850.241333,850.24,1689.428205002,2
0x79498305740f3f6440993cbd252ca1d474fd6c50,2026-05-27T11:34:13+00:00,2026-05-27T21:16:31+00:00,2,0,0,151.3025,151.3,301.8459950,2
0x794a77cb21a65cce870f52ddfdfdb82681f5ea7c,2026-03-12T20:09:41+00:00,2026-03-16T01:41:21+00:00,2,166.666666,166.66,0,0,3.833259992,2
0x794d3572e3bdfff4fbf2c09ea80fafe6d7c5f0c1,2026-05-21T18:41:29+00:00,2026-05-21T19:29:54+00:00,2,0,0,10.02,10.02,19.98990,2
0x79557c45ccc654c9b626afd2c87524073ad96c53,2026-05-06T09:06:12+00:00,2026-05-06T10:45:44+00:00,2,0,0,1548.36,1548.36,3085.88148,2
0x79571939daa8d720c3485bbbf0e04b9e97be02fd,2026-05-07T17:49:01+00:00,2026-05-26T08:54:21+00:00,4,0,0,61.845333,61.84,123.272477001,4
0x795de18981ee40e90a17fd8b6529a6274ad82037,2026-05-15T00:30:34+00:00,2026-06-01T02:00:39+00:00,4,0,0,11.913,2.1,13.992683,4
0x7963e3f40791fda7f9a36a4dafe5316bfd219098,2026-05-09T03:01:09+00:00,2026-05-20T19:25:06+00:00,3,0,0,2274.9195,1620.14,3882.4089610,3
0x79640b89ac54985a322c4f42bf806460c0e4c557,2026-05-09T07:31:07+00:00,2026-05-09T07:35:07+00:00,3,0,0,862.587333,862.58,1719.129251001,3
0x7965025e35f7c7e81bf00cd77ae025834ad0720e,2026-05-11T20:27:50+00:00,2026-05-11T21:38:05+00:00,2,0,0,61.4325,61.43,122.5553450,2
0x7971c02969fea3df1f867cc1e1b6f6e880c0a236,2026-04-26T06:35:28+00:00,2026-04-26T07:45:56+00:00,2,0,0,151.374,151.37,301.684398,2
0x79749824712a4eec08bcf7e4119271596ad6f7d1,2026-05-08T13:11:55+00:00,2026-05-15T03:22:48+00:00,4,0,0,18.044,18.04,35.977748,4
0x79955ad70c23a3fd9088f1b9a11c2efe7721cf98,2026-05-17T11:14:10+00:00,2026-05-17T14:01:49+00:00,2,0,0,189.3785,189.37,377.8016330,2
0x7996ec5b9af08bd1b879c4d3d6263c012057468e,2026-04-27T04:44:42+00:00,2026-04-27T05:39:52+00:00,2,0,0,67.241666,67.24,134.010981002,2
0x7996f19e4a1b97495380be8f665639065190c542,2026-05-18T10:47:12+00:00,2026-05-18T10:47:12+00:00,1,0,0,20.14,0,20.09972,1
0x79ad896a8746da0f95c1f54f24f9fe4595be428a,2026-05-10T19:00:36+00:00,2026-05-10T19:00:36+00:00,1,0,0,2.828333,0,2.8198479998686668,1
0x79b098207b025ce1572de6dc2da6111b11444678,2026-05-30T10:01:31+00:00,2026-05-30T10:01:38+00:00,2,0,0,49.969,49.96,99.779111,2
0x79b367c9c6fb3bde89f6c2d4dbb3fbd1ce72d95c,2026-04-19T11:31:12+00:00,2026-05-25T03:00:31+00:00,4,0,0,73.6531,73.65,146.5823930,4
0x79cedc11023be1c401f21e7c9192980d2a65dcfa,2026-02-14T10:46:39+00:00,2026-03-02T00:39:29+00:00,25,5421.228125,0,0,0,69.946025000,25
0x79cf184b65bbf7d5d451eea0c90291fe955d0ec2,2026-06-01T07:44:43+00:00,2026-06-14T13:21:33+00:00,2,0,0,146.146,146.14,291.993714,2
0x79d135bcc5e2bcdb8f10361deefcc66cc9a035c7,2026-06-16T23:17:52+00:00,2026-06-16T23:17:52+00:00,1,1000.0,0,0,0,1.0000,1
0x79da2c105300d237126c99e50458adf92e601cc6,2026-05-06T05:33:12+00:00,2026-05-07T06:50:31+00:00,4,0,0,323.881333,323.88,645.494169001,4
0x79e1e35b4c073b7ac129cf85d72e1445676e7e4e,2026-05-23T08:56:05+00:00,2026-05-25T10:53:57+00:00,2,0,0,220.4405,220.44,439.7782990,2
0x79e9df0dfa0531af4d71c633053c08e3177a34ab,2026-05-17T20:45:13+00:00,2026-05-24T19:00:08+00:00,2,0,0,5.711,5.71,11.392448,2
0x7a09142272217fa8fecc62cb03589de6ef419add,2026-03-25T06:21:05+00:00,2026-03-25T06:21:43+00:00,2,0,0,590.78,590.78,1167.97206,2
0x7a1ca8a35ebcbc511ff7935dd25df7e8a96fca8c,2026-05-23T21:37:04+00:00,2026-05-23T21:37:04+00:00,1,0,0,21.9435,0,21.8996130,1
0x7a2701d7f80dd011b9489a56f4fd190635f7e666,2026-05-03T08:05:20+00:00,2026-05-03T08:05:20+00:00,1,0,0,4.864333,0,4.8497400000271334,1
0x7a333bce8d05cb86890b0bbc0ba560e45c2af359,2026-04-18T13:57:52+00:00,2026-04-18T18:17:12+00:00,2,0,0,239.9596,239.95,477.2701020,2
0x7a4414e7b2002d9e56ddde410a02def440d2c613,2026-05-19T16:22:35+00:00,2026-05-27T08:44:31+00:00,3,0,0,30.8815,11.35,42.1356870,3
0x7a5f3cfa24a2706714ceeb48ab6279fdf31521fc,2026-05-20T21:05:36+00:00,2026-05-21T16:38:52+00:00,2,7143.333333,0,0,0,21.4299990383333337,2
0x7a65626dce808ba801465c80944cf93fae2cd0c0,2026-05-11T04:02:42+00:00,2026-05-25T09:42:27+00:00,2,0,0,42.928666,42.92,85.591120002,2
0x7a7084c27d6b670eadbadcb1e9bd4767e9f695dd,2026-05-01T21:08:14+00:00,2026-05-03T09:55:44+00:00,3,0,5.03,10.04,0,10.02497,3
0x7a71ec2e0b390f017a52149e3fe8a2537fd6db0a,2026-05-10T04:42:38+00:00,2026-05-10T08:10:29+00:00,2,0,0,78.114333,78.11,155.677550001,2
0x7a726e7231feb608be95d05a2031a595225bb63c,2026-06-04T11:21:30+00:00,2026-06-04T11:21:30+00:00,1,0,0,286.6,0,286.3134,1
0x7a73bec142f9d2403c0aa5060148b3924a30d4d8,2026-05-07T11:04:39+00:00,2026-05-07T12:51:24+00:00,2,0,0,41.584666,41.58,82.873592002,2
0x7a7d3e4ac66753d0c73bdd61a7a7c5306b7824f8,2026-05-24T06:41:38+00:00,2026-05-24T06:44:05+00:00,2,0,0,105.3205,105.32,210.1138990,2
0x7a84706bb072406f40b33e1cf51b840eb6b87455,2026-06-11T05:13:49+00:00,2026-06-11T05:13:49+00:00,1,5000.0,0,0,0,5.0000,1
0x7a84ed83bb6694ff9499ee9fae38579ce41368c0,2026-05-09T19:16:38+00:00,2026-05-09T23:15:39+00:00,2,0,0,93.019,93.01,185.377903,2
0x7a8a3a66d37051a14071e4b582a1ed9d8807a825,2026-05-21T18:33:59+00:00,2026-05-21T18:33:59+00:00,1,0,0,3.206,0,3.199588,1
0x7a8a523cc05a4ac2f846ba1b5d60781d39e33430,2026-03-10T10:58:23+00:00,2026-03-24T10:32:01+00:00,2,75.0,75.0,0,0,1.6500,2
0x7a9d653bbcc1d4cda58513b449887e783de6e14c,2026-05-22T22:49:37+00:00,2026-05-23T15:50:36+00:00,2,0,0,188.3765,188.37,375.8046370,2
0x7a9e71f868585b20fca288a0aa4557ab403d13d2,2026-05-06T07:52:56+00:00,2026-05-06T08:55:54+00:00,2,0,0,1523.75,1523.75,3036.83375,2
0x7aa1443ad5a39b9f32793287771967d362b7a331,2026-06-04T19:38:16+00:00,2026-06-04T19:39:30+00:00,4,0,0,10.160,10.16,20.289520,4
0x7aa9420b90dae83c60007ddd77f13c9f9a02e0a5,2026-04-16T04:47:36+00:00,2026-04-16T04:47:36+00:00,1,0,0,58.28,0,57.93032,1
0x7ab260e391bd9cbfb81d3f94839cf795cfc9abb5,2026-05-21T17:55:34+00:00,2026-05-21T21:42:12+00:00,2,0,0,35.12,35.12,70.06440,2
0x7ab6ac0f0d6ca5a15ec57abeaf413d31c8cdfa77,2026-03-06T02:21:45+00:00,2026-03-22T20:35:01+00:00,23,2458.843272,456.37,0,0,29.1836460010909816,20
0x7ac22694bc3fdf3fafabb89ee67132a54bfb9976,2026-05-12T03:48:34+00:00,2026-05-23T11:32:51+00:00,3,0,0,100.6510,70.88,171.1170580,3
0x7ac42386d934093f2fc7aa2f52fc0da59c434f44,2026-03-15T19:04:03+00:00,2026-06-13T17:40:28+00:00,53,2303.7127,2303.707142,0,0,37.9579460004806088,52
0x7ad005a8beb095de1c9937678dafa918911b19e3,2026-05-13T07:20:44+00:00,2026-06-07T02:48:06+00:00,7,34766.666666,0,0,0,49.2999989980000004,7
0x7af1fed30ef7b45843ef3dd8da9bdacb4b08de6f,2026-05-20T12:55:41+00:00,2026-05-21T16:07:46+00:00,2,0,0,246.4925,246.49,491.7500450,2
0x7af92bee938d6daf304468bb137e29a607c29dc6,2026-04-24T14:00:26+00:00,2026-04-24T14:50:24+00:00,2,0,0,124.162333,124.16,247.453206001,2
0x7b012a6c37d6d9d6128c6adc3d504f8bb482d11f,2026-05-03T03:48:52+00:00,2026-05-04T05:32:06+00:00,2,0,0,900.99,900.99,1795.67307,2
0x7b02b2bac2a30ed5e40b7094e734f4c3dc2a4991,2026-06-06T12:49:42+00:00,2026-06-06T12:49:42+00:00,1,0,250037.5,0,0,250.0375,1
0x7b1d1bf780f7d368efa3a699f9cd0d1d3245f96d,2026-05-14T14:56:03+00:00,2026-05-14T14:56:03+00:00,1,0,0,68.0,0,67.8640,1
0x7b32babd7340082aee391270356259a980805c88,2026-05-14T08:24:20+00:00,2026-05-28T09:37:48+00:00,2,0,0,33.517,33.51,66.859436,2
0x7b3a24d03b2ce6413084d00ae2f32af3607d1d24,2026-05-03T02:03:34+00:00,2026-06-09T12:14:33+00:00,2,0,0,35.977666,35.97,71.8037629984022334,2
0x7b476325a9f7fa71d8f42fc8648b0a2184a4e4a5,2026-04-06T05:05:45+00:00,2026-04-12T04:25:45+00:00,2,0,0,22.457142,22.45,44.5927919992628574,2
0x7b495af1fcbe809ee8da1e808dc0932726b9a50a,2026-05-19T10:41:32+00:00,2026-05-19T10:41:32+00:00,1,0,0,30.09,0,30.02982,1
0x7b55b29195268b1f770ccbc60cc0ca9aff1e96f7,2026-06-04T19:40:55+00:00,2026-06-04T19:41:07+00:00,4,0,0,10.160,10.16,20.289520,4
0x7b5ee3d11194277022eed211727158ef1738ca85,2026-05-20T15:00:33+00:00,2026-05-20T15:00:33+00:00,1,1666.666666,0,0,0,4.9999989980000004,1
0x7b676d5a6379855773d405fcf19b9aa577651b07,2026-04-29T15:37:12+00:00,2026-06-16T19:21:14+00:00,4,0,154624.32,0,0,219.87296,2
0x7b81943f9797b7f31b97ace560a23d48b262816c,2026-05-19T07:29:14+00:00,2026-05-19T07:29:32+00:00,2,0,0,127.3,127.3,253.9635,2
0x7b8a4589ceb184b767ab87142e015f91c7d703b7,2026-05-26T21:00:58+00:00,2026-05-28T06:38:08+00:00,2,0,0,945.9815,482.45,1425.0921870,2
0x7b8ca57bd2205d9ba42b9893c95cf499500b04a2,2026-06-02T14:52:30+00:00,2026-06-04T14:29:43+00:00,2,0,0,100.4,100.4,200.4988,2
0x7ba5d64dd6616d4c232daf27b0939a3e15f86873,2026-05-01T05:31:00+00:00,2026-05-01T06:41:12+00:00,2,0,0,70.521333,70.52,140.547689001,2
0x7bb548517d4a3404a806533f85031a8dbbe94ff6,2026-05-19T04:08:57+00:00,2026-05-19T04:08:57+00:00,1,0,0,93.3165,0,93.1298670,1
0x7bbbbd534d4215c6f375f36bf6e19b1ce1935bdc,2026-05-13T03:33:13+00:00,2026-05-20T03:25:08+00:00,4,0,0,2924.8435,2924.84,5835.0592930,4
0x7bc04bc34707b6db145457b07782ba6710ad8756,2026-06-01T20:39:16+00:00,2026-06-01T21:06:40+00:00,2,0,0,2107.107,2107.1,4207.885693,2
0x7bc2cba9ce27ca56cce59f9d9c68be42c911c791,2026-05-01T03:07:58+00:00,2026-05-27T04:17:49+00:00,4,0,0,62.818333,62.81,125.208678001,4
0x7bc9ca9462a81c136ecf4208cb3a63c216183926,2026-04-19T22:52:50+00:00,2026-04-19T22:52:50+00:00,1,226.07,0,0,0,1.35642,1
0x7bcb7dd4db7b5b616d9c5c6d9d91f52ea26962ec,2026-06-10T21:51:48+00:00,2026-06-10T21:51:48+00:00,1,25000.0,0,0,0,25.0000,1
0x7bd3375aec52ba0d78d28800f82cc737b81f3c41,2026-04-09T03:45:03+00:00,2026-04-16T23:55:52+00:00,2,195.19,195.19,0,0,2.53747,2
0x7be4ab5a3cf70349263cc292653c6900adc96a36,2026-04-20T08:47:36+00:00,2026-05-23T06:06:02+00:00,4,0,0,57.3666,57.36,114.1557270,4
0x7be6b9638c7ff0d374cecd5ecc97e8c5b702e1f9,2026-05-23T00:30:18+00:00,2026-05-24T19:32:04+00:00,2,1666.666666,1666.66,0,0,8.3333189980000004,2
0x7be8668ac46d2cd53b24b8dd95b27f07bc5b6467,2026-05-08T09:19:10+00:00,2026-05-14T04:12:31+00:00,2,0,0,2.407,2.4,4.792579,2
0x7bf19c6d0e9eb395237a2f06b7916b48d4dac4af,2026-05-07T17:54:25+00:00,2026-05-15T09:20:37+00:00,4,0,0,17.044,17.04,33.978732,4
0x7bf624ff36af14637c7f16f9cac3637962adb2d9,2026-05-23T20:29:41+00:00,2026-05-23T20:29:41+00:00,1,0,0,15.8715,0,15.8397570,1
0x7bfe86398304fed08477c0934d73366c52336324,2026-05-18T11:05:42+00:00,2026-05-18T13:10:39+00:00,2,0,0,37.8455,37.84,75.4962890,2
0x7bffe84feb81c5f82b1e95018afc48ed7a1d8193,2026-04-19T13:19:22+00:00,2026-04-19T14:19:48+00:00,2,0,0,48.6732,48.67,96.8078140,2
0x7c09919dab5fd7d8acfd861af81cf5443612b05d,2026-05-24T12:17:50+00:00,2026-05-24T12:17:50+00:00,1,0,0,62.0,0,61.8760,1
0x7c0c4e7b158104a57ddd21232acf49260370daad,2026-04-16T19:34:18+00:00,2026-04-16T19:34:18+00:00,1,0,0,41.05,0,40.80370,1
0x7c1a4be38a8dc090e0a7452ad6f713e71ddff8a6,2026-03-25T05:29:31+00:00,2026-03-25T05:33:39+00:00,3,0,0,819.009099,819.0,1619.9909980100899911,3
0x7c40df456a6295c376deef32ba9b9ae768dd3d64,2026-04-18T00:02:12+00:00,2026-04-28T16:31:44+00:00,2,500.0,500.0,0,0,4.0000,2
0x7c42da5694a51be90259096d9450781224251d32,2026-03-24T08:55:03+00:00,2026-03-30T03:12:02+00:00,4,292.929292,292.92,0,0,5.999899990,4
0x7c4465dab05687dfd63ccecae8c9c9d6dead9246,2026-04-30T01:50:40+00:00,2026-04-30T03:53:08+00:00,2,0,0,1694.92,1694.92,3377.97556,2
0x7c4931b29de18571d9675417fa036c8c3e0f7332,2026-05-20T13:43:14+00:00,2026-05-20T13:43:14+00:00,1,0,0,521.673,0,520.629654,1
0x7c4e560486b2264a8f981f65c312590168ce7553,2026-05-23T11:06:06+00:00,2026-05-23T11:06:06+00:00,1,0,0,20.0,0,19.9600,1
0x7c5615c09de64ca12de2fc85130fa57d04e698fc,2026-05-18T08:49:24+00:00,2026-05-21T14:26:37+00:00,2,0,0,10.02,10.02,19.98990,2
0x7c637a299eb721f5f5d2198565e2a2e8a44e9da6,2026-05-22T15:11:12+00:00,2026-05-30T05:37:42+00:00,2,0,0,1.002,1.0,1.997996,2
0x7c7baa7d73e649f2d341a9517cd5c7cfaf5ef474,2026-03-05T01:13:55+00:00,2026-03-05T01:13:55+00:00,1,600.0,0,0,0,5.4000,1
0x7c7e30b2bb56850e4291e33e1a24c9c4b10e582c,2026-05-06T04:28:26+00:00,2026-05-06T06:04:58+00:00,2,0,0,9020.0,9020.0,17976.8600,2
0x7c7fbfa4919ab6fa1168ef2312fe24e0aea1d8eb,2026-05-22T12:04:22+00:00,2026-05-22T12:04:22+00:00,1,0,0,10.02,0,9.99996,1
0x7c9ba8160e62dede0cd3b92b9b590cee8e2884d2,2026-04-19T16:38:20+00:00,2026-04-19T17:26:46+00:00,2,0,0,62.804,62.8,124.913180,2
0x7ca6780cab555651067e9a3f097da7561667424b,2026-05-09T05:40:55+00:00,2026-05-16T23:24:34+00:00,4,0,0,15.038,15.03,29.976790,4
0x7cb96cd3be0652d7ba5322c241d3d17f640e675d,2026-05-14T11:56:19+00:00,2026-05-22T03:55:46+00:00,4,0,0,641.282,641.28,1279.355596,4
0x7cbf552e93c76150305d61b1973144db3e4e61ff,2026-03-30T04:44:48+00:00,2026-03-30T05:52:26+00:00,3,1000.0,1000.00,0,0,22.00000,3
0x7cc7d508f3466acaeff3b2f29d90bdd5d5827a32,2026-05-22T02:56:42+00:00,2026-05-22T05:26:32+00:00,2,0,0,9015.0,9015.0,17984.9250,2
0x7ccd8f3878198d21b1209fe7aed17601e6e0d915,2026-04-25T09:09:20+00:00,2026-04-25T10:28:08+00:00,2,0,0,1694.834333,1694.83,3377.800510001,2
0x7cd0b9cf177f7e8257fc8a7fbeb608aa844fbbd7,2026-06-02T18:02:19+00:00,2026-06-02T18:02:19+00:00,1,0,0,1.021,0,1.019979,1
0x7cd18862a65ef09bb488d729cbc2e757b3541eca,2026-04-20T04:18:46+00:00,2026-04-20T07:01:12+00:00,2,0,0,362.5526,362.55,721.1145370,2
0x7ce0e24942ff601f8fdf25434c66077b8948e348,2026-05-26T17:42:32+00:00,2026-05-26T17:42:32+00:00,1,0,0,12.2545,0,12.2299910,1
0x7ce6fb6efde6ce69b3a74d666f8dea8f3df416a3,2026-03-18T20:54:13+00:00,2026-03-18T23:31:53+00:00,6,263.7272,263.72,0,0,4.474472,6
0x7cec0cf12c12d55f3642eb8378acba306fefe7b0,2026-04-27T12:37:40+00:00,2026-04-27T13:22:30+00:00,2,0,0,77.211333,77.21,153.880859001,2
0x7d04fca65d72f6aa7fce8edc7ec37d6be9a0c0c2,2026-05-19T22:23:10+00:00,2026-05-19T22:23:10+00:00,1,0,0,27.8255,0,27.7698490,1
0x7d1297d5659bc6e4c5bff7d1a15596f2b0a54a9e,2026-03-29T17:57:12+00:00,2026-05-27T13:16:33+00:00,3,490.909089,490.9,0,0,5.9817989971818388,3
0x7d1571d9cca0b2d7ab59503c2c1d7cc079b06d90,2026-05-19T01:23:19+00:00,2026-05-19T01:23:19+00:00,1,0,0,5.01,0,4.99998,1
0x7d1ae6d715b7772a8ea2a74d3a3c3226c1fb2af3,2026-04-23T10:50:18+00:00,2026-04-23T11:36:18+00:00,2,0,0,235.4772,235.47,468.3569940,2
0x7d219b390dd59f2b4e59b82a22f2b247d9b4f5cf,2026-05-28T21:55:15+00:00,2026-05-28T21:55:15+00:00,1,333.333333,0,0,0,0.999998999000001,1
0x7d23b718ab45ce388df1658a23c3b5b6138bffff,2026-04-21T21:05:32+00:00,2026-04-21T22:15:10+00:00,2,0,0,56.201,56.2,111.782795,2
0x7d28c600a6c14535995278caa2b45517eb8d6b73,2026-06-02T02:38:49+00:00,2026-06-02T02:38:49+00:00,1,0,0,20.02,0,19.99998,1
0x7d3b5141a19deff7a3b2e55163364901896df89f,2026-04-27T07:17:10+00:00,2026-05-23T15:40:21+00:00,4,0,0,67.452,67.45,134.449984,4
0x7d45060e8cc9f899e527532da92b3baf2403de0a,2026-04-30T16:09:06+00:00,2026-05-03T11:00:28+00:00,2,0,0,5.0,5.0,9.9650,2
0x7d5047f8c4b2f209ecb010408520d43a4188e247,2026-04-21T15:34:18+00:00,2026-04-21T16:44:52+00:00,2,0,0,46.6532,46.65,92.7900340,2
0x7d510479961951eb7c16c1baa8d63fa11d5dad4d,2026-04-24T11:56:24+00:00,2026-04-24T13:11:30+00:00,2,0,0,118.736,118.73,236.634872,2
0x7d55effb6c231eff7e9434a00a2edfabfa6cad99,2026-06-02T14:30:20+00:00,2026-06-02T14:30:43+00:00,4,0,0,10.160,10.16,20.289520,4
0x7d56ab9de6b8ac08764a936beee40aece7a2b8ab,2026-04-21T19:33:14+00:00,2026-04-21T20:17:06+00:00,2,0,0,46.432,46.43,92.351260,2
0x7d6efcf20592e3ec224ab3cb8621a0c8a44f30fd,2026-04-21T16:55:48+00:00,2026-04-21T16:55:48+00:00,1,212.87,0,0,0,1.27722,1
0x7d847d4532f56db9b068a70dda5be2361c43d433,2026-03-08T10:13:19+00:00,2026-03-08T19:55:07+00:00,2,125.0,125.0,0,0,2.0000,2
0x7d9c6b62ab59c6ac417250c53f6a1660d06bfeca,2026-05-18T10:38:43+00:00,2026-05-18T10:39:01+00:00,2,0,0,17.034,17.03,33.978842,2
0x7db6b5928d5396fa96ba203256efd2f50fd2679d,2026-05-10T07:54:37+00:00,2026-05-10T07:54:37+00:00,1,0,0,601.805333,0,599.999917001,1
0x7dbb7059093e769200aacd3c7579b3695e8c880a,2026-05-04T14:07:10+00:00,2026-05-07T20:53:16+00:00,4,0,0,97.652666,97.65,194.619108002,4
0x7de10121ce97a268c22b9122a63b9ffabab68901,2026-05-22T18:33:21+00:00,2026-05-22T18:33:21+00:00,1,1666.666666,0,0,0,4.9999989980000004,1
0x7debf6bde1d8c51badc5a4c4765b36324403bbd3,2026-04-28T21:47:10+00:00,2026-04-29T23:29:46+00:00,2,3333.333333,0,0,0,12.999998999000001,2
0x7df5ded9e4ec8f8adf6d89a1378603dc7a8ce150,2026-05-24T07:01:51+00:00,2026-05-24T07:01:51+00:00,1,0,0,35.07,0,34.99986,1
0x7dfa8be2cab0eb1fe763a5d6c77e25250f093c4b,2026-05-18T19:59:30+00:00,2026-05-18T19:59:30+00:00,1,576.666666,0,0,0,1.7299990176666678,1
0x7e0e0bc1bf9a614aabebfc0195ca5a3f0712cd42,2026-04-20T08:05:22+00:00,2026-04-20T09:20:24+00:00,2,0,0,59.6984,59.69,118.7317680,2
0x7e13d3571817777fae146c234e973bb8a21a624f,2026-02-28T08:55:05+00:00,2026-06-01T07:28:46+00:00,80,2977.176161,2977.171817,10.0,10.0,66.2886420026684750,80
0x7e2a2fe4162dac81e1caa084e3a74f350736d881,2026-03-06T18:10:05+00:00,2026-03-06T23:01:21+00:00,5,500.0,500.0,0,0,7.0000,5
0x7e3558cf1a7656da27122834bf25f87df9697153,2026-06-05T00:06:42+00:00,2026-06-05T00:06:58+00:00,2,0,0,5.095,5.09,10.169725,2
0x7e3dffd58695f4ed76674de24b5f8d1251ac88d6,2026-05-31T06:30:44+00:00,2026-05-31T06:30:44+00:00,1,0,0,5.005,0,4.999995,1
0x7e3e2e8713fee1d21cf1c80191a0652f83d062ad,2026-04-26T06:41:40+00:00,2026-05-06T12:25:06+00:00,4,0,0,224.603333,224.60,447.631123001,4
0x7e56d4dafdeb1bfcb681d6096ba32fba2d472031,2026-05-11T02:37:39+00:00,2026-05-11T04:50:12+00:00,2,0,0,78.234666,78.23,155.917042002,2
0x7e59a8b811092559d9ac7f17bdf360ed90a3c568,2026-05-13T06:15:33+00:00,2026-05-13T07:02:24+00:00,2,0,0,47.525,47.52,94.807390,2
0x7e5d3ac87933bb8c5db18503d12a4a73dc683cf8,2026-04-30T10:52:22+00:00,2026-04-30T10:53:42+00:00,2,0,0,1.003008,1.0,1.9959979999729152,2
0x7e67dfb3dcb7e468bf44bf868d9799be7f56cda1,2026-03-01T10:06:23+00:00,2026-03-02T00:39:29+00:00,37,2530.963554,0.31,2530.649997,0,2527.5500010055689155,37
0x7e724c5380ccc9e2accf32b993c9d8452551e02a,2026-05-20T11:13:52+00:00,2026-05-20T14:21:25+00:00,2,0,0,14.679,14.67,29.275632,2
0x7e83249f9791640cc6f3eb976a48eb7c546de4bc,2026-06-15T17:12:10+00:00,2026-06-15T17:12:10+00:00,1,940070.0,0,0,0,940.0700,1
0x7e847c9bcf61a5a5fce564260b19ec096101d064,2026-01-29T17:29:42+00:00,2026-04-03T12:41:03+00:00,7,0,0,109.72,15.29,123.78475,7
0x7e8792a9d07b4514d1e918f32b96f52043b2b04e,2026-05-18T11:26:33+00:00,2026-05-20T13:14:23+00:00,2,0,0,97.194,97.19,193.898042,2
0x7e8a8cd8c1c857d58ba754021b0375a921f25d2c,2026-05-31T12:24:39+00:00,2026-05-31T12:24:39+00:00,1,0,0,14.014,0,13.999986,1
0x7e916e6c317bd017ff594ec858a734788095e8d0,2026-04-25T15:03:52+00:00,2026-04-25T17:08:52+00:00,2,0,0,105.556666,105.55,210.367796002,2
0x7e934c930bb56811cbca27707e0be59381183ba7,2026-05-19T20:34:05+00:00,2026-05-21T03:09:48+00:00,5,0,0,48.0,24.0,71.8320,5
0x7e9c2d1f8c768fd224f652c765eae935193bc142,2026-05-27T11:23:25+00:00,2026-05-27T13:02:53+00:00,2,0,0,12.9255,12.92,25.7808890,2
0x7ea0b4260204814866ef03215ea16664240bb654,2026-05-27T16:28:37+00:00,2026-05-27T16:28:37+00:00,1,333.333333,0,0,0,0.999998999000001,1
0x7ea13460e0f9c75068643a9612b887b13aaf2afc,2026-04-30T11:41:02+00:00,2026-06-07T06:08:37+00:00,2,0,0,32.096,32.09,64.057622,2
0x7eb3f18c40ad7740fe8a248a770a4d50c92d212d,2026-05-19T18:25:47+00:00,2026-05-19T18:25:47+00:00,1,0,0,36.543,0,36.469914,1
0x7ebd5ef5daf23bc894e9b76d7d456627f52a6689,2026-05-28T09:25:47+00:00,2026-05-28T10:53:13+00:00,2,0,0,10.02,10.02,19.98990,2
0x7ecdec0fad2b9b06568801e24c13cffe950c62d1,2026-05-24T12:45:07+00:00,2026-05-24T12:45:07+00:00,1,0,0,10.0,0,9.9800,1
0x7ecf67bbaac3ca4eb129d06252d9363cfaec1f5c,2026-06-05T23:57:25+00:00,2026-06-07T00:18:42+00:00,2,23900.0,0,0,0,23.9000,2
0x7ed1938bd242ec20cc9ea2a9494e825aea15d5ba,2026-04-30T01:51:44+00:00,2026-04-30T02:35:02+00:00,2,0,0,47.723,47.72,95.108951,2
0x7ed6b7c106c5e36aeeb59a4f8473d222e258cafe,2026-05-09T05:45:18+00:00,2026-05-09T06:43:17+00:00,2,0,0,1648.11,1648.11,3284.68323,2
0x7edb6069b73cfe5a0a2529303e5c414bca3843c3,2026-06-02T14:01:22+00:00,2026-06-02T14:01:45+00:00,4,0,0,10.160,10.16,20.289520,4
0x7eec67a30ce7fc69e3ef08199e52f4d69ca7198d,2026-05-22T01:00:16+00:00,2026-05-26T07:08:55+00:00,2,0,0,63.126,63.12,125.930388,2
0x7eed0c597b3a251c8c74f076f85cacbc2a1bcb07,2026-05-01T06:16:56+00:00,2026-05-02T14:37:56+00:00,4,0,0,136.308666,136.30,271.654540002,4
0x7eef38425b3ec4c9def4271b1f01aa311302d12c,2026-05-27T03:26:57+00:00,2026-06-06T16:22:27+00:00,2,0,0,54.0,54.0,107.7840,2
0x7f1950749af27e4532c90977b788e942a11d5735,2026-05-14T22:27:14+00:00,2026-05-18T16:22:23+00:00,2,0,0,182.3645,182.36,363.8126910,2
0x7f2210304b6a1f6182cd3615129f6dc068183b2e,2026-05-29T20:08:55+00:00,2026-05-29T21:17:36+00:00,2,0,0,5.005,5.0,9.989995,2
0x7f241aeffcbf3849d5fff7975c88d927108dd291,2026-04-23T07:14:08+00:00,2026-04-26T09:26:08+00:00,4,0,0,259.8992,259.89,517.4505640,4
0x7f3e3f209ab340c7ba5b6bb44dbfdded21e95e76,2026-05-19T16:24:55+00:00,2026-05-20T04:16:02+00:00,2,0,0,48.096,48.09,95.945538,2
0x7f3ee202454811e0f809ee66e915cb4446b04802,2026-03-16T19:03:57+00:00,2026-03-18T04:55:41+00:00,4,0,0,180.0,180.0,355.4100,4
0x7f44ec88fe451aba516fcf2948bb7fc7942303ad,2026-05-07T12:53:32+00:00,2026-05-08T06:33:36+00:00,2,0,0,2037.111333,2037.11,4059.961559001,2
0x7f50b98ef2243810085ac7ee93a2d560ebd0bfb7,2026-05-19T00:32:30+00:00,2026-05-19T00:32:30+00:00,1,0,0,3.006,0,2.999988,1
0x7f5164e168c43d9784f6e54c0f5f06b3cba4f1f4,2026-05-11T11:28:43+00:00,2026-05-11T15:42:24+00:00,2,0,0,81.243666,81.24,161.914975002,2
0x7f64788c38601a776a85761e23c224775f934fc9,2026-05-14T21:39:17+00:00,2026-05-15T01:22:00+00:00,2,0,0,126.8235,126.82,253.0093930,2
0x7f6f3c6a84619539477901e541f52fb9e92c578e,2026-05-08T03:48:01+00:00,2026-05-13T23:12:46+00:00,4,0,0,20.05,20.05,39.97969,4
0x7f90ab927eb3774b58396d4cca56c093cc1bed1c,2026-06-02T12:53:33+00:00,2026-06-04T06:48:28+00:00,2,0,0,302.302,302.3,603.695098,2
0x7f928083164922d6763bd7402e68aca3db8e9754,2026-05-10T00:09:47+00:00,2026-05-10T03:12:36+00:00,2,0,0,70.210333,70.21,139.928862001,2
0x7fa4a0ec3e599818a98877da3edb7daee89368a7,2026-05-26T09:46:00+00:00,2026-05-27T03:31:58+00:00,2,0,0,253.507,253.5,505.739486,2
0x7fa80cb47c62be8480033513f1610f28924ecb83,2026-04-17T12:20:50+00:00,2026-04-21T08:02:40+00:00,2,0,0,11.2,11.2,22.2768,2
0x7fa8c4c9ed9cba68069b5101202b509457d42e16,2026-05-13T17:33:51+00:00,2026-05-16T13:56:59+00:00,4,0,0,11.022,11.02,21.986896,4
0x7fb4b993b670fc5bbb8f5376d16880c223bc8944,2026-04-04T12:10:09+00:00,2026-05-01T16:47:12+00:00,2,125.0,125.0,0,0,1.3750,2
0x7fb7ecaec3e7f1cb9eca2a58c15b9ff264a338fa,2026-04-20T13:39:18+00:00,2026-04-20T13:39:18+00:00,1,0,0,5.0552,0,5.0299240,1
0x7fbd8077060606045f0d0604ca1c9e7fae6fc638,2026-06-03T11:47:41+00:00,2026-06-04T14:22:40+00:00,2,0,0,19.679,19.67,39.289981,2
0x7fc363fdf280a1a33ba6c4f4ee91329fd9cdea24,2026-05-19T13:15:02+00:00,2026-05-20T20:30:59+00:00,2,0,0,113.226,113.22,225.879888,2
0x7fc41934c6c9026535c94dd7ed103d484f68b202,2026-05-11T20:41:02+00:00,2026-05-15T06:46:27+00:00,6,0,0,18.036,18.03,35.975838,6
0x7fc63329ce4e0c717bc5434226058da74f59cc20,2026-06-01T16:30:43+00:00,2026-06-01T16:31:06+00:00,4,0,0,10.170,10.17,20.309490,4
0x7fe5792d8b4d7d023c5e28f9334a605213bd5a0f,2026-05-27T05:25:03+00:00,2026-05-27T05:25:03+00:00,1,0,0,17.7955,0,17.7599090,1
0x7fe66dff74728419708181f0570846d7d5ddabee,2026-06-02T00:03:04+00:00,2026-06-02T00:03:04+00:00,1,0,0,12.412,0,12.399588,1
0x7fe92453cc204872ec8220e60a7f6a4f883c5541,2026-05-03T06:56:34+00:00,2026-05-03T06:56:34+00:00,1,0,0,14.5,0,14.4565,1
0x7ff280f50a41c71a85f93965b1fadc8eb5cf5cca,2026-04-23T07:07:40+00:00,2026-04-23T08:03:02+00:00,2,0,0,162.633,162.63,323.474055,2
0x7ff41d08984e96124ef1f26925361600f476a20a,2026-05-03T01:20:28+00:00,2026-06-09T12:10:24+00:00,2,0,0,28.084,28.08,56.051668,2
0x7ffbd2cad1491e8d0c3dc8c405fd561d94f43055,2026-05-05T07:13:22+00:00,2026-05-05T10:22:28+00:00,2,0,0,819.25,819.25,1632.76525,2
0x8012e29353e77cfd38b05614075eddb2aed47f5c,2026-05-06T01:38:38+00:00,2026-06-04T01:37:51+00:00,15,0,0,1192.448333,1044.44,2231.516228001,15
0x801738b472c2e20972cf6301978d45574bc97928,2026-05-25T12:00:58+00:00,2026-05-26T05:49:07+00:00,2,0,0,251.503,251.5,501.745494,2
0x8021c19c28d8c7e2f3ebf99075fd86c7866d8ba6,2026-05-20T11:36:37+00:00,2026-05-20T15:13:35+00:00,2,0,0,10.02,10.02,19.98990,2
0x802645d6d143cbb536085bc6b2abcbe7cc8c9e95,2026-05-21T10:51:38+00:00,2026-05-21T14:50:15+00:00,2,0,0,20.4305,20.43,40.7583490,2
0x80302a5a0f7806838ea65b39d91071e63cb67b74,2026-02-10T13:35:45+00:00,2026-03-31T01:26:27+00:00,45,2338.4379,2338.319994,0,0,64.9431139899837011,44
0x803277f8a1b6c1888851aac6308e21e74ccc76e2,2026-05-22T10:41:40+00:00,2026-05-27T01:25:06+00:00,2,0,0,19.128,19.12,38.152384,2
0x8035bf39c9325ae4ba4c761559bc250af5843231,2026-04-23T09:17:24+00:00,2026-04-23T09:59:50+00:00,2,0,0,152.402,152.4,303.125590,2
0x8035f5885256b122d2f62fc35ed9caf47b0213c0,2026-04-30T13:01:24+00:00,2026-05-11T18:04:49+00:00,2,0,0,200.601666,200.6,399.998061002,2
0x803b5fde928d660058d770b44ec16416baf33134,2026-05-02T06:13:14+00:00,2026-05-02T07:54:54+00:00,2,0,0,1390.922666,1390.92,2772.106218002,2
0x8045eb0bde0b7bab2a8eb54dfe14cb0d064826c5,2026-05-19T10:40:55+00:00,2026-06-06T14:56:36+00:00,2,0,0,1.242,1.24,2.477036,2
0x80473135265c43ffc174b6d087637f2148e85274,2026-06-03T13:48:51+00:00,2026-06-03T13:50:58+00:00,2,0,0,107.987,107.98,215.643053,2
0x805008e97477ac55327128786085b82c0951fe8c,2026-05-13T16:05:30+00:00,2026-05-13T23:42:42+00:00,2,0,0,94.188,94.18,187.897084,2
0x80577dcc1fa6af5a7b4c7a74d55afaa27f3f4045,2026-04-20T04:04:52+00:00,2026-04-20T06:01:18+00:00,2,0,0,36.824,36.82,73.238960,2
0x805d5d0c9d453b83b23e56276aaf78ec1736d778,2026-05-15T01:02:01+00:00,2026-05-15T01:35:09+00:00,2,0,0,7.0,7.0,13.9650,2
0x8060d3072135dbc33ea8ae8a4dd9cc21e4b1fcc3,2026-04-30T14:59:16+00:00,2026-04-30T14:59:16+00:00,1,0,0,75.0,0,74.7750,1
0x806fb0daf8391cc81ead15d8f5941d568a4a24c0,2026-05-25T23:48:28+00:00,2026-05-29T20:54:09+00:00,2,0,0,178.3565,178.35,355.9930870,2
0x809114e6ee433f6d46d81f290741d20015f7b1ea,2026-05-15T07:07:56+00:00,2026-05-15T07:10:11+00:00,3,0,0,818.637,818.63,1633.173836,3
0x809205fb1c91f746b9703ca412c4fdd0435db8a2,2026-03-13T01:24:17+00:00,2026-04-17T11:22:08+00:00,3,0,0,159.0,0,157.8600,3
0x809b01b11fde3ed7bb60206096bdda0b03a9561e,2026-05-22T21:27:55+00:00,2026-05-23T04:13:41+00:00,2,0,0,105.21,105.21,209.89395,2
0x80a4552cdcde3b861b8adc146ab1fbd4711022cc,2026-01-31T06:36:46+00:00,2026-03-21T14:17:55+00:00,2,0,0,146.0864,146.08,283.693440,2
0x80b9d0ca63fe0bd0a337ea404f1cc212d7370863,2026-02-10T22:58:29+00:00,2026-02-12T12:54:37+00:00,2,138.081818,138.08,0,0,5.6235200016652274,2
0x80bb37f91287f4d26edadd81e4080edb324fef26,2026-05-07T06:32:46+00:00,2026-05-07T17:59:19+00:00,2,0,0,95.78,95.78,190.79376,2
0x80c210b6db7d44072718ae83bb18904257294bb8,2026-05-23T23:36:48+00:00,2026-05-24T00:49:36+00:00,2,0,0,8901.0,8901.0,17757.4950,2
0x80e19d896aa4183070853a57393b6ebfba792ae5,2026-05-26T06:59:31+00:00,2026-05-26T06:59:31+00:00,1,0,0,38.0,0,37.8860,1
0x80e3de6ca28bf5b0275db2b945514be2bea3c57f,2026-05-19T01:29:25+00:00,2026-05-19T02:57:33+00:00,2,0,0,1524.16,1524.16,3040.69920,2
0x80ebff0ed1044f5550dcf1015494a78074388e4a,2026-05-11T11:19:49+00:00,2026-05-26T03:15:14+00:00,2,0,0,44.132333,44.13,87.997546001,2
0x80ff4ffb9244730c377e850cadf6c3a1874e439e,2026-05-19T08:39:41+00:00,2026-05-28T06:54:15+00:00,4,0,0,2455.0845,1754.62,4199.5304710,4
0x8100329e6287facb7c20fe9ee2540d39e6beef36,2026-04-16T16:38:34+00:00,2026-04-16T16:38:34+00:00,1,169.73,0,0,0,1.18811,1
0x810742708009778ee767b18642131c847ef6f934,2026-05-08T12:32:40+00:00,2026-05-08T13:18:36+00:00,2,0,0,7.021,7.02,13.991857,2
0x810a6792c678564717fb6cd76e0899f8e8a1a688,2026-04-28T23:44:10+00:00,2026-04-29T00:39:36+00:00,2,0,0,8950.0,8950.0,17855.2500,2
0x810ce589ce42ea725bfd7894481a1a2e77e516eb,2026-05-14T20:07:15+00:00,2026-05-14T20:28:22+00:00,2,0,0,7.014,7.01,13.988942,2
0x8120783a4acb0978a2febdb4fa3199dd49ce9231,2026-04-09T03:44:43+00:00,2026-04-16T23:57:18+00:00,2,195.19,195.19,0,0,2.53747,2
0x8121240ce259fdf0eea7bdde32ffe4379d08c0c5,2026-05-09T06:39:17+00:00,2026-05-09T06:50:10+00:00,2,0,0,8.024,8.02,15.987848,2
0x8127d03197cde7168e521f33b1479bf080a08977,2026-05-23T08:23:28+00:00,2026-05-23T08:23:28+00:00,1,0,0,52.4145,0,52.3096710,1
0x812994885db6f59d34597a6bf8a7942f70f4c29c,2026-06-05T16:32:24+00:00,2026-06-05T16:32:24+00:00,1,1000.0,0,0,0,1.0000,1
0x813527e6191da2bac8dbf9d3fbee6f8f8f9e983c,2026-04-27T09:23:26+00:00,2026-05-12T07:18:01+00:00,6,0,0,140.651332,140.65,280.417058004,6
0x81484e655fc03cb2c9042e1180011e96a8b03c55,2026-04-27T04:09:16+00:00,2026-04-27T04:59:56+00:00,2,0,0,46.609666,46.6,92.883437002,2
0x814c14baf39c9a43fe404d6c46b474836a017646,2026-05-28T23:42:12+00:00,2026-05-28T23:42:12+00:00,1,0,0,2.014,0,2.009972,1
0x81649b6b26576bb7a378cf7e680717ae8beb7564,2026-05-12T08:57:49+00:00,2026-05-12T11:10:26+00:00,2,0,0,1067.52,1067.52,2129.70240,2
0x816da4c8f49985fb454dd2569ae5e2b580b85d21,2026-05-27T13:57:18+00:00,2026-05-27T13:57:18+00:00,1,0,0,5.19,0,5.17962,1
0x819342de5d2775a510f253ac7fd233f8f3ba3581,2026-03-17T18:14:57+00:00,2026-03-18T21:11:15+00:00,2,3431.985833,3431.98,0,0,66.4446100354433922,2
0x819c55667207ca3bf19971b1bd0aae5af78de581,2026-05-06T06:09:50+00:00,2026-05-06T10:30:16+00:00,2,0,0,2014.042,2014.04,4013.983714,2
0x819c62ee703e4987c1ed2385e4fd5d9e6c2192ae,2026-04-24T03:57:44+00:00,2026-04-25T04:54:04+00:00,4,0,0,207.923666,207.92,414.388215002,4
0x81abde017e28b637af37ddd05a974580a031f863,2026-05-17T09:47:01+00:00,2026-05-17T10:06:44+00:00,2,0,0,9.0,9.0,17.9550,2
0x81adadd25d204ff3705cdd0327c58ea38f7ad551,2026-05-15T04:22:27+00:00,2026-05-15T04:22:27+00:00,1,0,0,15.12,0,15.08976,1
0x81b1478042fdd7713b86763bbbf1a440279e6846,2026-05-20T07:03:42+00:00,2026-05-20T09:01:01+00:00,2,0,0,10.02,10.02,19.98990,2
0x81ba4fc8d96ce2dda0009620bb36cac0149bed2a,2026-05-24T17:38:21+00:00,2026-05-24T17:38:21+00:00,1,0,0,4.8395,0,4.8298210,1
0x81bc43e9dcf542dbe1866bac7876dd3e45404ac0,2026-05-11T16:46:52+00:00,2026-05-11T21:50:50+00:00,2,0,0,81.162,81.16,161.916196,2
0x81d8adbb090290a52354252b82415de2680029cd,2026-04-20T08:10:44+00:00,2026-04-20T09:19:48+00:00,2,0,0,60.1708,60.17,119.6789260,2
0x81db957ac51bd414af3a530be8fa8affc90dac3d,2026-05-20T21:15:14+00:00,2026-05-20T21:15:14+00:00,1,5690.0,0,0,0,17.0700,1
0x81e0d0c6817669629a58ea8b08d2eb1b93492c3b,2026-04-17T05:40:10+00:00,2026-04-17T05:40:46+00:00,2,8333.32,8333.29,0,0,91.66637,2
0x81f7a8d0da56e7b26af2f1878d8f9549b5319781,2026-05-02T11:56:00+00:00,2026-05-02T12:51:02+00:00,2,0,0,50.611666,50.61,100.867391002,2
0x82093b50b1ac241d97ed0d36bc1f661b0863b002,2026-05-29T13:37:04+00:00,2026-05-29T14:56:43+00:00,2,0,0,14.624,14.62,29.200136,2
0x820bf52c16efc9a50a2b4c8f5118db77e6a69c7a,2026-05-24T02:23:46+00:00,2026-05-24T20:23:42+00:00,2,0,0,164.3285,164.32,327.8268830,2
0x82200ebc96d428946fbb327fbd1767d78fd192a5,2026-05-13T09:55:56+00:00,2026-06-04T15:48:42+00:00,138,0,0,150.3570,150.34,300.1409960,138
0x8220917e2b83b9c3b7120a7e4bc2a239c1a44103,2026-06-03T02:55:29+00:00,2026-06-03T02:55:53+00:00,4,0,0,10.170,10.17,20.309490,4
0x824fb87ac5c970186bebcb8227911db3be7ee729,2026-06-01T10:53:07+00:00,2026-06-01T11:23:00+00:00,2,0,0,13.013,13.01,25.983967,2
0x8267348c4181b7fd8d87421c2868c26ad9f32b76,2026-05-20T01:39:17+00:00,2026-05-20T01:39:17+00:00,1,0,0,14.028,0,13.999944,1
0x82760368995a9a8b92b8465ba6e58a72549eca4b,2026-04-19T13:19:14+00:00,2026-04-19T15:22:02+00:00,2,0,0,50.0502,50.05,99.5496490,2
0x827c2bbfc53ec23f6faddd2917500d321382d5c9,2026-05-19T12:47:01+00:00,2026-05-19T19:00:00+00:00,2,0,0,37.074,37.07,73.958642,2
0x827cd0f61ce5ad6f0b78c9168f9ffbd053ea4a4a,2026-05-30T13:19:44+00:00,2026-05-30T13:19:52+00:00,2,0,0,135.135,135.13,269.859605,2
0x8284b7fdd4012848c737b4b54298a0c3017f2723,2026-05-19T13:54:41+00:00,2026-05-19T15:43:28+00:00,2,0,0,757.2845,757.28,1510.7780910,2
0x829b4f424ff0eff7c06f0184af790b34e0a395c1,2026-04-25T04:49:40+00:00,2026-04-25T05:46:16+00:00,2,0,0,219.869333,219.86,438.190285001,2
0x82a724e855422970bc05ac99c137d87aa40afb74,2026-05-16T06:17:54+00:00,2026-05-17T05:22:37+00:00,4,0,0,11.022,11.02,21.986896,4
0x82abdf383fc43a097106e307b8aac58b97e22675,2026-04-25T08:34:12+00:00,2026-04-25T09:17:42+00:00,2,0,0,138.756,138.75,276.534732,2
0x82b80327e38704e2fe2e3495d37b03f63bc54439,2026-05-07T21:27:01+00:00,2026-05-07T21:58:10+00:00,2,0,0,5.015,5.01,9.989915,2
0x82ca9e592503153b0b5d1dc469e84c48f2d4001b,2026-06-03T10:22:12+00:00,2026-06-04T06:03:49+00:00,2,0,0,362.362,362.36,723.634918,2
0x82cb4550239193217dbe63a6f5b855b3809d1b40,2026-06-08T06:51:00+00:00,2026-06-08T06:51:00+00:00,1,1000.0,0,0,0,1.0000,1
0x82d5b436c3057f46f5456bc7f5fb557ba8e144e3,2026-05-22T16:26:38+00:00,2026-05-22T19:23:24+00:00,2,0,0,10.02,10.02,19.98990,2
0x82df9c564ea5ed343ce0e144227080f11ffff4a2,2026-05-23T00:50:39+00:00,2026-05-23T00:50:39+00:00,1,0,0,42.8555,0,42.7697890,1
0x82f16674e8a60da7c775f7ef6350f7769a2c5b44,2026-05-27T17:16:32+00:00,2026-05-27T17:16:32+00:00,1,0,0,7.4045,0,7.3896910,1
0x82f8d27b748c58506933ed0088ac5352223e374f,2026-04-30T09:11:54+00:00,2026-04-30T11:07:30+00:00,2,0,0,58.9475,58.94,117.5338450,2
0x82faf16b116330745a85ce0655f3fc04709c9b51,2026-04-25T14:40:56+00:00,2026-04-25T19:43:02+00:00,2,0,0,129.939666,129.93,258.960127002,2
0x82fd3a49c156929ff997e424ed20545c62c7d739,2026-05-25T12:18:19+00:00,2026-05-28T08:55:00+00:00,2,0,0,79.0,79.0,157.6050,2
0x82ff556dd5b0894771845966d42da322f485c12a,2026-05-16T15:32:22+00:00,2026-05-16T15:32:22+00:00,1,0,0,112.0,0,111.7760,1
0x832571cdf8a9bc7bd28c844da45e4f7189aae87d,2026-04-30T04:21:20+00:00,2026-04-30T06:17:40+00:00,2,0,0,64.152333,64.15,127.853276001,2
0x83363703d0a67c2b813fc9bd32b0227ee895220b,2026-03-17T09:15:59+00:00,2026-03-17T09:26:05+00:00,2,0,0,81.0,81.0,159.4890,2
0x8338e7a2bfcb54af5a3e2e2ec9578a8f2393c175,2026-05-22T13:04:00+00:00,2026-05-22T13:04:00+00:00,1,0,0,10.0,0,9.9800,1
0x8339a501cc430a06ba9206a415f626b81fa3c596,2026-05-22T11:53:13+00:00,2026-05-22T11:53:13+00:00,1,0,0,34.3785,0,34.3097430,1
0x8357d7507828c0319f0a38c1120a76c48f4288b3,2026-05-24T16:30:13+00:00,2026-05-25T17:16:23+00:00,2,0,0,126.2525,126.25,251.8712450,2
0x837827217f0be7880a3f1e0551cb074838c51573,2026-05-10T07:17:24+00:00,2026-05-10T16:29:40+00:00,4,0,0,19.057,19.05,37.973629,4
0x83784c32e360ca84b60b3ae4f8d3380d3afae972,2026-05-06T16:16:40+00:00,2026-05-12T05:51:32+00:00,3,0,0,7.823,7.82,15.596071,3
0x83962bf21cbf89b97b8b52c506d418a43ade3888,2026-05-05T08:52:44+00:00,2026-05-05T08:52:44+00:00,1,0,0,45.636666,0,45.499756002,1
0x839abefdf894b37fe12833b41c31c54dc7e213b0,2026-05-26T07:21:22+00:00,2026-05-26T08:18:37+00:00,2,0,0,10.02,10.02,19.98990,2
0x83a19f108f8fffbae2fcd1e8b31c854c99f26551,2026-05-27T12:35:19+00:00,2026-05-27T12:35:19+00:00,1,0,0,9.9895,0,9.9695210,1
0x83a3cb27d923bf045acc6f6bffc927121a975fab,2026-05-15T02:13:00+00:00,2026-05-24T05:36:25+00:00,2,0,0,5.11,5.11,10.19445,2
0x83a6c22e5d9240aa9d20114d0e9661faa325376c,2026-05-20T19:04:27+00:00,2026-05-20T19:04:27+00:00,1,0,0,60.8515,0,60.7297970,1
0x83a8bab8af625a3155e81b4af2a6247b52186661,2026-05-23T07:09:46+00:00,2026-05-23T07:09:46+00:00,1,0,0,10.02,0,9.99996,1
0x83a8d25fe46e618d0cf7dfd79e7665890d1f298c,2026-05-27T20:27:33+00:00,2026-05-27T20:27:33+00:00,1,0,0,20.8815,0,20.8397370,1
0x83c547c92f730990c3254d6dbf1673599d6cfd97,2026-04-30T10:52:22+00:00,2026-05-01T12:43:36+00:00,2,0,0,102.306919,102.3,203.8907979974633944,2
0x83d4d28475bbcf7422cc468dfca22777feecbce8,2026-05-11T03:12:35+00:00,2026-05-12T02:04:19+00:00,3,4000.0,0,5015.045,1015.04,6027.994745,3
0x83d643d031e175e0e823ac6f54f0d4965d4d4419,2026-06-01T04:48:07+00:00,2026-06-01T04:48:07+00:00,1,0,0,10.81,0,10.79919,1
0x840e27385b7c8200683be0d68441d867de305eea,2026-04-29T08:35:44+00:00,2026-04-29T08:35:52+00:00,2,0,0,614.228,614.22,1225.376884,2
0x8410fb7dfd39d72c6d0da9676b206e30f9b346bb,2026-05-02T02:36:52+00:00,2026-05-02T14:55:30+00:00,2,0,0,3009.027,3009.02,5996.983839,2
0x8418d2021c2b74b86af0ec282b964fefc44fe9a4,2026-06-03T01:36:40+00:00,2026-06-03T01:37:05+00:00,4,0,0,10.170,10.17,20.309490,4
0x841c4aa6a69055a484b40cfe065da9785e72b20d,2026-04-15T19:25:08+00:00,2026-04-15T19:25:08+00:00,1,0,97.82,0,0,0.58692,1
0x84370d202870c42b90aaf7be52b53bee3d07b43a,2026-04-26T03:43:44+00:00,2026-04-26T05:01:32+00:00,2,0,0,191.153333,191.15,380.965273001,2
0x84469954a7d92ba455edace1876335293348a47d,2026-06-02T15:07:38+00:00,2026-06-04T14:42:55+00:00,2,0,0,86.976,86.97,173.685084,2
0x8454d1a29ca7e7b311a159ef597bc14700fb9af7,2026-04-12T14:27:41+00:00,2026-04-14T15:34:15+00:00,2,173.97,173.97,0,0,2.26161,2
0x847874dbf7d848a40b59822c8f0bd088aa727aad,2026-05-29T05:20:55+00:00,2026-05-29T11:39:00+00:00,2,0,0,8910.0,8910.0,17775.4500,2
0x847ce4c13e0c64b0e55f5b84ab07d9113c826a24,2026-05-01T21:59:44+00:00,2026-05-02T01:33:30+00:00,2,0,0,210.401,210.4,419.328197,2
0x847e603d710570040af83c9037d5f03e7b29917f,2026-06-15T20:53:27+00:00,2026-06-15T20:53:27+00:00,1,1000.0,0,0,0,1.0000,1
0x84a6e88aef2944e04ff861c8d123dddc955ca1f9,2026-05-28T16:48:46+00:00,2026-05-28T16:48:46+00:00,1,0,0,6.513,0,6.499974,1
0x84ba4a20c4e2e41b64e2dd945616a2e16aac2cbc,2026-05-25T04:04:13+00:00,2026-05-25T05:42:58+00:00,2,0,0,10.02,10.02,19.98990,2
0x84dcc886d0acd3d2b5232fe3401bc123f01a92cb,2026-06-05T23:43:49+00:00,2026-06-05T23:43:49+00:00,1,11800.0,0,0,0,11.8000,1
0x84deb0b35a364de2162da954e8b0b4eb5f22b03c,2026-05-31T15:27:45+00:00,2026-05-31T15:27:52+00:00,2,0,0,199.0,199.0,397.4030,2
0x84e548db02e8633a6b6bc4b821df14bbfe8222b4,2026-05-07T16:06:28+00:00,2026-05-07T17:26:51+00:00,2,0,0,96.990666,96.99,193.301734002,2
0x84f022319ec8678a26a4ecdbb29f35b091ece87b,2026-05-25T20:45:58+00:00,2026-05-25T20:45:58+00:00,1,0,0,1.242,0,1.239516,1
0x8511a1df712206d26b952db9c0e40c0393605431,2026-05-22T13:08:49+00:00,2026-05-22T13:08:49+00:00,1,0,0,20.0,0,19.9600,1
0x851281eee06e684ca9a237030fcef0c26c63a3d2,2026-05-17T03:57:54+00:00,2026-05-29T11:08:42+00:00,35,0,116266.24,0,0,232.53248,35
0x85196f9e3a0e65e3dc9e4a0774bc2d6c229fd6ba,2026-05-13T03:43:15+00:00,2026-05-13T09:00:36+00:00,2,0,0,172.3445,172.34,343.8227910,2
0x851f45fd698bcf2be515eb326a7c3445c0821043,2026-05-09T02:22:06+00:00,2026-05-09T04:22:05+00:00,2,0,0,1142.57,1142.57,2277.14201,2
0x85213a43ff068c3571479e018b43ad4df3742bb2,2026-05-18T03:14:39+00:00,2026-05-20T09:18:17+00:00,2,0,0,65.13,65.13,129.93435,2
0x85233cd633e84b28c4137afe99d4c745695a9f9b,2026-06-02T13:15:12+00:00,2026-06-02T23:16:16+00:00,2,0,0,8650.0,8650.0,17274.0500,2
0x852892b8b0cf062d219d16569d896fde002679df,2026-06-02T18:45:31+00:00,2026-06-02T18:45:31+00:00,1,500.0,0,0,0,1.0000,1
0x852b60aa45b59225dedaaa1acdde4fbd2403d89f,2026-04-10T08:07:17+00:00,2026-04-13T05:32:03+00:00,2,166.9,166.9,0,0,2.1697,2
0x8538331b8559457459e7c257193d4bbec593ee29,2026-03-18T15:12:23+00:00,2026-03-20T09:53:57+00:00,26,0,0,1679.493091,0,1665.5491530001184462,26
0x8544d82004ba8028aa122d1c9ed87ac3644e5235,2026-05-20T22:04:52+00:00,2026-05-20T22:04:52+00:00,1,0,0,2.8055,0,2.7998890,1
0x854578e9dd9496c3a260662a0a9a20c4fd003ffd,2026-05-02T05:29:04+00:00,2026-05-20T05:43:21+00:00,3,0,0,329.618166,229.65,557.460671002,3
0x854d8b8f6cc4f28c8b0f4c93d3b043fef9d114b0,2026-03-16T19:03:57+00:00,2026-03-16T22:11:27+00:00,2,0,0,12.27,12.27,24.19644,2
0x85646d0a8d8692322552c8b367ca31d765c16510,2026-05-27T05:14:57+00:00,2026-05-27T05:14:57+00:00,1,0,0,6.012,0,5.999976,1
0x8575467a6743c81ef0a8d06acc76e99b454a87fe,2026-01-31T12:34:36+00:00,2026-04-16T13:19:12+00:00,133,0,0,13508.79,0,13404.88468,133
0x8577cc887af19bfa691f2317a733e28bb4f454b4,2026-05-18T03:37:51+00:00,2026-05-18T04:49:51+00:00,2,0,0,61.092,61.09,121.876546,2
0x8596afd7724ae6eb444bf66bc887ccc6b940f3ab,2026-05-10T13:26:14+00:00,2026-05-10T13:26:14+00:00,1,0,0,7.021,0,6.999937,1
0x85ab63f337722114e483cb67d8b4b3c5d0c201dd,2026-05-15T04:19:27+00:00,2026-05-15T08:12:47+00:00,2,0,0,293.8475,293.84,586.2182850,2
0x85e118e73be0b9966232d34025f8c558ddcbd901,2026-05-03T03:40:00+00:00,2026-05-04T04:56:04+00:00,2,0,0,933.75,933.75,1860.96375,2
0x85f2b5dac00742d919b01f616d4348fe4b8e4615,2026-04-20T10:36:38+00:00,2026-04-20T12:44:58+00:00,2,0,0,84.7034,84.7,168.4716830,2
0x85f2e0149422e11888eab5c20497eada53759733,2026-04-18T16:42:18+00:00,2026-04-18T17:42:00+00:00,2,0,0,89.3868,89.38,177.7835860,2
0x85fb05c535807abcd62c74378c2c0f58f7979ef0,2026-04-15T11:30:12+00:00,2026-04-15T11:30:12+00:00,1,183.87,0,0,0,1.28709,1
0x85fe55978657c79cba7d4b85e4afee21bd22c276,2026-05-03T06:22:34+00:00,2026-05-03T07:58:00+00:00,2,0,0,386.63,386.63,770.55359,2
0x860ea9bf78e523a7f7431305523b2c9aaba40555,2026-05-20T07:17:48+00:00,2026-05-20T08:04:08+00:00,10,0,0,100.20,100.20,199.89900,10
0x861f2ceb15930961568390ccb87f21d89a40e2bb,2026-05-16T06:00:21+00:00,2026-05-16T06:27:14+00:00,2,0,0,6.012,6.01,11.991946,2
0x864669913a04d249f41770221bfc62c10812ed78,2026-02-25T16:00:06+00:00,2026-03-02T09:23:07+00:00,60,999.918500,999.91,0,0,19.998268000,47
0x864ffa38c433a11bcc5277ff1c07774a9417c868,2026-05-14T05:26:08+00:00,2026-06-05T23:42:43+00:00,2,0,0,66.5,66.5,132.8005,2
0x86513df51f55ffec14fbb28a5a606934085dd4f2,2026-04-27T07:33:06+00:00,2026-04-27T08:38:12+00:00,2,0,0,43.259666,43.25,86.206887002,2
0x8658f5f1aead5b8902164f4a8c85563a6e3d0ef6,2026-05-10T13:25:02+00:00,2026-05-10T15:25:25+00:00,2,0,0,59.588666,59.58,118.751580002,2
0x8672f7b8e3b755fb5ccf3e382be126200e48267c,2026-05-11T02:19:23+00:00,2026-05-12T02:25:32+00:00,2,0,0,3.510333,3.51,6.9992719999469001,2
0x8677d4f0d089384328b061fbaa66b265c9c4530e,2026-03-24T03:03:39+00:00,2026-03-24T03:16:03+00:00,3,0,0,670.0,670.0,1329.2800,3
0x8679b51d20776731960af8bbe639717cc99af551,2026-05-23T11:04:19+00:00,2026-05-23T11:04:19+00:00,1,0,0,20.0,0,19.9600,1
0x868b91d9fe5f33ab63bb3b0b47ca8314d32d9b5c,2026-05-30T12:37:07+00:00,2026-05-30T12:54:26+00:00,2,0,0,809.0,809.0,1615.5730,2
0x869e10d3023bef6bab2e270f4262ecc8f77c6e5b,2026-05-22T02:54:31+00:00,2026-05-22T06:13:15+00:00,2,0,0,148.2965,148.29,295.8450370,2
0x86a68c41e6063151b35e84fa61038daac93e72a2,2026-04-21T06:35:46+00:00,2026-05-22T19:22:58+00:00,3,0,0,112.0708,78.97,190.1059140,3
0x86bd3d6f0cc574bd239f146f9365a99454e62a48,2026-05-20T06:45:32+00:00,2026-06-06T05:40:31+00:00,2,0,0,3.607,3.6,7.196186,2
0x86c50721c20e7623e78f798422467e68a3521d61,2026-05-26T02:56:42+00:00,2026-05-26T04:00:40+00:00,2,0,0,10.02,10.02,19.98990,2
0x86d2738642d33539e7d3766c435996a639346a0a,2026-04-28T22:13:18+00:00,2026-04-29T00:10:58+00:00,2,340.0,340.0,0,0,1.7000,2
0x86d7d101d1ca08b6e312cbed6b07b9899ad6d57f,2026-05-19T07:56:03+00:00,2026-05-19T07:56:03+00:00,1,0,0,111.222,0,110.999556,1
0x86d810595b90ab5f97344e24498fad0f685f7c1b,2026-05-17T08:02:29+00:00,2026-05-17T09:58:06+00:00,2,0,0,56.8635,56.86,113.4391930,2
0x86ddb6b4efcc86a1a6083c85bde9e3136eb820be,2026-05-13T08:54:24+00:00,2026-05-24T03:14:03+00:00,4,0,0,137.274,137.27,273.857642,4
0x86e5384ec841e42d9bc0ac88791088f002b5bf21,2026-05-04T07:47:48+00:00,2026-05-26T17:03:46+00:00,2,0,0,30.0,30.0,59.8200,2
0x86f7985e9df72bd83d55d6f9448d4fc55cbbad6b,2026-05-18T15:52:24+00:00,2026-05-18T16:08:53+00:00,2,0,0,959.178,959.17,1913.552134,2
0x86f7ac604df570bc9a72a31db5adb7473ea38885,2026-05-03T03:50:16+00:00,2026-05-04T05:33:02+00:00,2,0,0,937.78,937.78,1868.99554,2
0x86fb48aeddac217e05609eb3ba98ef8bd53a46ab,2026-05-27T21:51:00+00:00,2026-05-27T21:51:00+00:00,1,0,0,32.3045,0,32.2398910,1
0x8714128d51475d88ca6183e11e6f4746a9a6cdc1,2026-05-11T22:49:33+00:00,2026-05-27T02:53:56+00:00,4,0,0,380.7610,380.76,759.6171980,4
0x873cdd83eed38612b83c37ded16b93872bb3efe5,2026-03-01T17:14:39+00:00,2026-03-08T19:55:07+00:00,2,90.909089,22.73,0,0,1.2272989971818388,2
0x8746d9d46c9739cc6f48f53e13d3c366e3d98ccd,2026-05-26T02:11:14+00:00,2026-05-26T12:04:52+00:00,2,0,0,9150.0,9150.0,18254.2500,2
0x874fef45bcf3b59c317d82c4889994c941ac6ae3,2026-05-18T17:21:36+00:00,2026-05-23T20:42:02+00:00,4,0,0,166.8730,166.87,332.9086440,4
0x875a71ac9a00b685bd14a6301d32ca6146f51e50,2026-05-12T03:24:32+00:00,2026-05-12T03:26:22+00:00,2,0,0,31.062,31.06,61.966696,2
0x875ab33e9208a622c3f83390c1777fbb3742eaef,2026-05-29T11:01:42+00:00,2026-05-29T13:39:34+00:00,2,0,0,10.02,10.02,19.99992,2
0x875bcf68c6a70ca7c8b072cc9286a44ad13b93cb,2026-05-27T11:53:22+00:00,2026-06-17T06:24:20+00:00,2,0,0,39.4485,39.44,78.7701630,2
0x87650b9f63563f7c456d9bbcceee5f9faf06ed81,2026-01-31T09:00:24+00:00,2026-01-31T15:23:10+00:00,8,174.992666,0,0,0,2.6248899999835956,8
0x876c97cc4c2fa4d50839503e5fa19f4357c86855,2026-05-12T11:04:28+00:00,2026-05-12T13:31:07+00:00,2,0,0,66.533,66.53,132.730344,2
0x876da3aeb89b8aa496d8228c3b2f313eca02a174,2026-05-22T07:48:01+00:00,2026-05-22T07:48:01+00:00,1,0,0,10.02,0,9.99996,1
0x8773cbdf0b1f3fbd4f8fcad31ece38fbcc351ff1,2026-05-16T11:04:40+00:00,2026-05-16T11:04:40+00:00,1,0,0,27.054,0,26.999892,1
0x87783ec5dcadc42cd986952f91304a31ddd873fe,2026-01-30T08:34:06+00:00,2026-02-15T03:30:19+00:00,2,1319.690625,1319.69,0,0,42.4536799297019375,2
0x878eaebc26b543212a6dfff75eef62aee5ca620e,2026-05-21T00:40:42+00:00,2026-05-22T02:27:58+00:00,2,0,0,9170.0,9170.0,18294.1500,2
0x878fa5916c183e20d3eb1ef490a15547e4af1718,2026-05-26T06:59:31+00:00,2026-05-26T06:59:31+00:00,1,0,0,20.0,0,19.9400,1
0x879a41ae3089c61702348c1c549a003118553e71,2026-04-23T10:11:58+00:00,2026-04-23T10:11:58+00:00,1,4795.0,0,0,0,28.7700,1
0x87b2249d180174707c3782cd3a2ee6a23d9c0653,2026-05-14T07:09:54+00:00,2026-05-14T07:22:44+00:00,2,0,0,8.016,8.01,15.985938,2
0x87b22907f48fc2f4207d150d9e974ca1eb48afc3,2026-05-06T07:39:22+00:00,2026-05-06T10:16:52+00:00,2,0,0,98.886333,98.88,197.074154001,2
0x87c52e38c7aef7facd5ae64b3207e1554426b676,2026-04-25T20:41:36+00:00,2026-04-25T23:08:30+00:00,2,0,0,93.801333,93.8,186.944729001,2
0x87cc1a6cf4df89de0d128db4a4ed11d65f6b2e99,2026-04-20T21:39:22+00:00,2026-04-20T21:39:22+00:00,1,204.62,0,0,0,1.22772,1
0x87dcdd5c3736e7a1f13300d21548c83f25194d7a,2026-06-03T03:28:02+00:00,2026-06-03T03:28:23+00:00,2,0,0,37.037,37.03,73.955903,2
0x8805f934b042b7632a71ec1092ba4c9afc648aaf,2026-05-31T13:17:12+00:00,2026-05-31T13:17:12+00:00,1,0,0,40.04,0,39.99996,1
0x88341a593a5b9c1c120355a7c5c7e9f2ca16ed19,2026-05-13T18:06:21+00:00,2026-05-13T22:05:24+00:00,2,0,0,59.118,59.11,117.932434,2
0x883e4f0159174ffc8cb8c69e4ea8b7b7c1d3455f,2026-05-14T00:30:32+00:00,2026-05-14T00:49:36+00:00,2,0,0,8000.0,8000.0,15960.0000,2
0x88458fd679e1b80782b17aee6e34619b76b3e68c,2026-04-24T09:14:34+00:00,2026-05-23T06:41:55+00:00,3,0,0,470.876666,335.23,803.488757002,3
0x8847dcf7d2ce014b4700b5f62f7b2b4eecf9e66e,2026-05-19T16:20:38+00:00,2026-05-19T16:20:38+00:00,1,0,0,60.8715,0,60.7497570,1
0x8856b9cb94e120b16c1a4d605c29501eabea70ff,2026-05-03T20:05:18+00:00,2026-05-03T20:05:18+00:00,1,0,0,5.5,0,5.4835,1
0x885743dd2c1834d1a0ed7b1b954b23c918d7a0fe,2026-05-12T22:21:41+00:00,2026-05-13T01:20:32+00:00,2,0,0,2104.208,2104.2,4197.886984,2
0x885a10eee6c79cbd71639fa636de5bb9d2faab1e,2026-05-23T10:18:37+00:00,2026-05-23T10:18:37+00:00,1,0,0,20.0,0,19.9600,1
0x88831f4ae64d3316cce16572c0cdf224df28367a,2026-05-07T00:59:56+00:00,2026-05-07T00:59:56+00:00,1,0,0,29.287666,0,29.1998029990712334,1
0x88893d4682a967d4beaf63edfef8e35ccab0f99b,2026-06-01T07:48:45+00:00,2026-06-01T07:48:45+00:00,1,0,0,453.453,0,452.999547,1
0x888c931db3250281bd3694e0640f64e3d5696a43,2026-05-16T00:04:57+00:00,2026-05-16T12:06:22+00:00,2,0,0,8920.0,8920.0,17795.4000,2
0x888e41fff93b0122598d53b51813cf98fc86153a,2026-04-30T07:42:40+00:00,2026-04-30T08:35:10+00:00,2,0,0,603.2,603.2,1203.3840,2
0x888ee5a3c19d31b72be59627bf0c8a3392be9b54,2026-05-23T00:44:06+00:00,2026-06-09T00:43:30+00:00,2,0,0,14.609,14.6,29.165182,2
0x88a6f6c47f74ff6547424ca9f65d9877e6837773,2026-05-17T07:41:54+00:00,2026-05-17T10:15:43+00:00,2,0,0,32.064,32.06,63.963692,2
0x88a9925a9a74b4ad2723d3cda28b0b91ba0dd075,2026-05-11T05:12:10+00:00,2026-05-11T07:07:42+00:00,2,0,0,925.0,925.0,1843.5250,2
0x88af23e02478e5f95dd256c69a690f5356a8a2e0,2026-05-27T03:16:31+00:00,2026-05-27T03:16:31+00:00,1,0,0,86.9235,0,86.7496530,1
0x88b75b7220fb5b4a3a5178f838790955e266dcd6,2026-05-07T15:45:46+00:00,2026-05-31T08:09:47+00:00,4,0,0,45.291666,45.29,90.3527349996730334,4
0x88d1c4d6d40532a8a82f430667b0f14f0e225c17,2026-04-20T01:35:26+00:00,2026-04-20T02:17:08+00:00,2,0,0,52.211,52.21,103.846685,2
0x88d99f16afa2e3d2cf2fd5e4149161819a51c33b,2026-05-24T08:56:44+00:00,2026-05-24T08:56:44+00:00,1,0,0,41.082,0,40.999836,1
0x88dc5e855ba0dbc0265151b26d2639d8623d2fc5,2026-04-19T02:56:30+00:00,2026-05-21T14:15:06+00:00,4,0,0,74.452,74.45,148.143160,4
0x88e0c755e7f560a2f05796c5dbce8220cf9a0198,2026-02-25T10:15:40+00:00,2026-02-28T20:27:55+00:00,15,1044.57,1044.57,0,0,20.8914,15
0x88f3603a16cc5892bfe3bebf2a4b8752cf265007,2026-05-17T18:59:26+00:00,2026-05-30T18:57:55+00:00,2,0,0,3.9075,3.9,7.7918850,2
0x88f83e9d573702be58b7cf850f499bee6e489937,2026-05-30T17:33:44+00:00,2026-05-30T23:36:17+00:00,2,0,0,24.024,24.02,47.971936,2
0x88f8ff675816e5e6f3419f42b77e1b6a765b9ada,2026-05-28T01:48:51+00:00,2026-06-05T22:53:13+00:00,2,0,0,102.0,102.0,203.6940,2
0x89014d74c7bd08f7b0a94f233295769cc163aadb,2026-04-19T02:22:24+00:00,2026-04-19T04:13:40+00:00,2,0,0,42.5024,42.5,84.5348880,2
0x890d04b0ee0f6ca8206073f9ec447bf50a5093be,2026-05-10T06:40:21+00:00,2026-05-10T17:33:46+00:00,2,0,0,123.37,123.37,245.87641,2
0x890d3abecd022b15f743e8a738d9ef18dbc2d9e6,2026-04-20T09:11:56+00:00,2026-05-29T13:56:45+00:00,4,0,0,314.7712,314.77,626.3876280,4
0x890dc716168d6ddebd3d3c1e79389254c1412591,2026-04-10T13:54:39+00:00,2026-04-13T08:19:03+00:00,2,0,0,16.05,16.05,31.89135,2
0x891c37e92926c2a026b02c0d26ce37409c4c5fea,2026-05-13T14:19:12+00:00,2026-05-13T17:06:38+00:00,2,0,0,115.9615,115.96,231.3416970,2
0x892ed98fdc73fbd9f320554ad2dd469c3363bb8f,2026-05-17T07:50:51+00:00,2026-05-17T07:50:51+00:00,1,0,0,10.0,0,9.9800,1
0x89334265361ec4344d608130dd3bba51654447e5,2026-04-07T17:11:11+00:00,2026-04-14T08:09:15+00:00,2,0,0,20.55,20.55,40.83285,2
0x8942ddf2563cca950cf6176ba1138f78975b8491,2026-04-29T14:46:22+00:00,2026-04-30T03:24:04+00:00,2,0,0,2016.048,2016.04,4019.991736,2
0x895647b048a541c5d330df876a82199373b7e69e,2026-05-08T04:30:52+00:00,2026-05-08T05:29:27+00:00,2,0,0,58.124333,58.12,115.837480001,2
0x895661854b070230fb4bd5edbb1f74edd7a9ba27,2026-05-08T08:03:31+00:00,2026-05-08T10:20:20+00:00,2,0,0,51.344,51.34,102.324608,2
0x8980519e4c4dfd503a736d9cbb4755f4d34cc8f7,2026-04-29T18:05:48+00:00,2026-04-29T18:05:48+00:00,1,250.0,0,0,0,1.0000,1
0x898db182693413543521a5e847ae62a266a529f8,2026-05-30T13:48:50+00:00,2026-05-30T13:48:50+00:00,1,0,0,14.814,0,14.799186,1
0x899a799051ea3c3e1600b312626fb85cc9539dfa,2026-05-09T06:40:01+00:00,2026-05-09T12:46:03+00:00,2,0,0,14.934666,12.69,27.5291020005065334,2
0x899b04aae8892600e96ab60941babeb91b1d76f2,2026-03-04T06:58:31+00:00,2026-03-04T07:17:41+00:00,2,0,0,11.93,11.93,23.59754,2
0x89a77ce3eb86aeccb058ecc7407de6368b5f0548,2026-04-19T22:53:02+00:00,2026-04-19T22:53:02+00:00,1,0,0,56.59,0,56.30705,1
0x89b0d1099954776b0e2e9d90574a5dab4e8a9f60,2026-05-13T15:36:45+00:00,2026-05-23T03:42:06+00:00,22,0,0,3512.9225,3512.92,7008.2778950,22
0x89bfcb8e9cf51e95cf0af534624d1837dec407cb,2026-05-26T06:59:31+00:00,2026-05-26T06:59:31+00:00,1,0,0,13.0,0,12.9610,1
0x89c78a6f2a05326492e4474fed49ab0b6ea2fa0a,2026-05-19T08:44:15+00:00,2026-05-19T08:44:15+00:00,1,0,0,97.4545,0,97.2595910,1
0x89df405ed83b91ce98eab9902bf63bbabd207d58,2026-04-13T13:29:57+00:00,2026-04-16T21:50:14+00:00,2,159.83,159.83,0,0,2.07779,2
0x89e72a614529fe9fcdb02fa024b9a148b64103e4,2026-05-02T14:01:26+00:00,2026-05-02T14:01:26+00:00,1,0,0,58.976666,0,58.799736002,1
0x89ef0f4c2096091c2bef28b3b5fc072ac648eae1,2026-05-26T19:15:53+00:00,2026-05-26T19:15:53+00:00,1,0,0,10.661,0,10.639678,1
0x8a04dacfff951dcee769233801f2ba3d0d1b0822,2026-03-20T07:13:51+00:00,2026-03-20T07:13:51+00:00,1,0,0,6.042285,0,5.9999890001661720,1
0x8a0e42d27e10596e49d23841321842a7bf02c929,2026-05-21T14:08:23+00:00,2026-06-07T00:34:54+00:00,3,10999.999999,0,0,0,12.9999979970000020,3
0x8a2b984ed7acdfb217dd4906213d8e7dcc72841d,2026-05-15T02:03:54+00:00,2026-05-15T02:16:43+00:00,2,0,0,5.01,5.01,9.99495,2
0x8a38b73b9f64e51e295ba8153af8dc066a22d420,2026-05-28T07:09:11+00:00,2026-05-28T09:05:08+00:00,2,0,0,9.99,0,9.97002,2
0x8a3a1d318fd35324a4c89c09c9aaf6f3ff0e62bc,2026-05-25T13:29:05+00:00,2026-05-25T13:33:45+00:00,2,0,0,105.3205,105.32,210.1138990,2
0x8a5f8f95ed305f935497c385078433923fa7eaa8,2026-05-18T20:33:47+00:00,2026-05-18T21:36:03+00:00,2,0,0,39.118,39.11,78.032434,2
0x8a781e9c7137f28db6e207f0f0411f0d0535be4a,2026-04-19T16:08:46+00:00,2026-04-19T17:49:36+00:00,2,0,0,52.9948,52.99,105.4018860,2
0x8a7b576b7a53ef54876f9eca18bcd84f12d8782f,2025-12-11T02:09:57+00:00,2025-12-11T02:09:57+00:00,1,0,0,5.0,0,4.550,1
0x8a7d192109771e3fb07fc5441570a70242552b1b,2026-05-07T14:46:38+00:00,2026-06-12T00:00:33+00:00,2,0,0,36.308666,36.3,72.4634399983691334,2
0x8a7f6fb79cf420b453deaf265b6ba16cac97986d,2026-05-09T07:56:28+00:00,2026-05-09T09:34:14+00:00,2,0,0,1646.49,1646.49,3281.45457,2
0x8a8b1fa6455a0d0aebbf386e6266b4c191c7d3e2,2026-04-18T12:44:44+00:00,2026-04-18T13:50:28+00:00,2,0,0,59.5978,59.59,118.5322710,2
0x8a8cf44483557edd66502d6bf93fc4198a7e78bc,2026-05-15T03:22:34+00:00,2026-05-15T03:22:59+00:00,2,0,800.0,0,800.0,799.2000,2
0x8a98c1baaa1d6ebb3d916687a3f98f811f7fec4e,2026-05-15T22:49:39+00:00,2026-05-15T23:12:17+00:00,2,0,0,203.4065,203.4,405.7894870,2
0x8aa1c45155390199df349177138fc11f2e40c711,2026-05-18T03:32:23+00:00,2026-05-18T04:03:29+00:00,2,0,0,1142.72,1142.72,2279.72640,2
0x8aa78d9656ea3b3c9647b8279018c5a168b1712f,2026-05-15T07:30:47+00:00,2026-05-15T10:57:31+00:00,2,0,0,9150.0,9150.0,18254.2500,2
0x8accd582c2fe84ece524c75f8967829024e01047,2026-04-29T18:05:40+00:00,2026-04-29T18:14:32+00:00,2,250.0,250.0,0,0,1.7500,2
0x8ae41438b2665a6e097a981bfbd53465fe43083c,2026-03-13T07:57:59+00:00,2026-03-19T12:04:29+00:00,2,0,0,99.6767,99.67,197.552573,2
0x8ae5dc121530b8bcae96b78cedefa227a511d13a,2026-05-21T18:59:25+00:00,2026-05-22T09:59:42+00:00,2,0,0,230.4605,230.46,459.7681990,2
0x8aee77deaac012fc1a328f3e326f42c57b58138d,2026-05-26T01:40:56+00:00,2026-05-26T01:40:56+00:00,1,0,0,51.8235,0,51.7198530,1
0x8af7a2b732043902895af9ef5b5e64893cb534ae,2026-05-19T12:22:01+00:00,2026-05-19T12:22:01+00:00,1,0,0,33.557,0,33.489886,1
0x8b002d1071bd74f38a725966b6a6ff6e587b807b,2026-04-09T08:38:49+00:00,2026-04-11T19:26:15+00:00,2,0,0,27.12,27.12,53.88744,2
0x8b03082dedb3fcdb72b15475b69d8451d1c859d0,2026-04-24T05:49:06+00:00,2026-04-24T06:39:50+00:00,2,0,0,104.322666,104.32,207.912418002,2
0x8b061efbc841f93380eb1014ed2601b0725c86e6,2026-03-09T08:13:01+00:00,2026-03-31T23:13:21+00:00,52,0,0,994.99857,994.990908,1967.6247549981323963,48
0x8b12e6fb9c235541b309575981de81aaa420923d,2026-04-12T21:48:03+00:00,2026-04-12T21:48:03+00:00,1,1000.0,0,0,0,7.0000,1
0x8b2ba27f9e7f4e105ce9cd6f870f08910b0baee4,2026-03-15T03:23:09+00:00,2026-03-15T03:30:07+00:00,2,0,0,9.0,9.0,17.7930,2
0x8b2eb3d41ab40c14019185f22e3058b25786e569,2026-06-03T14:31:42+00:00,2026-06-04T06:57:06+00:00,2,0,0,354.354,354.35,707.640946,2
0x8b388dc220f4d22e703fe1b8d15d13f33e4d0770,2026-04-23T18:06:46+00:00,2026-05-08T12:02:43+00:00,4,0,0,359.177333,359.17,715.833121001,4
0x8b54c1980553d4dc063f7dec0b466a12525d4b1e,2026-05-13T12:15:33+00:00,2026-05-13T21:56:12+00:00,2,0,0,40.08,40.08,79.95960,2
0x8b68d60542bf36630a5fabdf003f83320e588a7f,2026-05-14T02:05:47+00:00,2026-05-15T06:36:05+00:00,4,0,0,2773.74,2773.74,5533.61130,4
0x8b85d61509e90830a8f01f85153dd38fe37bf08f,2026-05-11T08:16:02+00:00,2026-05-25T13:29:35+00:00,2,0,0,34.082,34.08,67.957514,2
0x8b8713f6034805cb61ea834fd1b6d229296892dd,2026-04-29T14:01:18+00:00,2026-04-29T14:43:36+00:00,2,0,0,15.0,15.0,29.8950,2
0x8b8b9c565c8dca43cfb767f0f2c20b2b323d2512,2026-05-26T14:28:48+00:00,2026-05-26T14:28:48+00:00,1,0,0,75.0,0,74.8500,1
0x8b8c3fee2715cc1d1171a781dd216cff5126824b,2026-04-21T14:12:20+00:00,2026-04-21T15:07:02+00:00,2,0,0,43.5376,43.53,86.5887320,2
0x8b8c5f496b340afed38966d12f68895f29aaba7e,2026-05-24T13:17:47+00:00,2026-05-24T20:32:23+00:00,2,0,0,105.21,105.21,209.89395,2
0x8b9740a300b7b5eb8936f6c55a63e21cd5433978,2026-05-18T19:18:56+00:00,2026-05-19T06:06:40+00:00,2,0,0,84.168,84.16,167.907184,2
0x8ba8e0ff882d355db2585ae6dd296fb8871e9873,2026-05-15T11:30:35+00:00,2026-05-15T11:42:34+00:00,2,0,0,6.012,6.01,11.991946,2
0x8ba996d07301e70e0c18ca62c46dd06628e962be,2026-05-21T06:26:23+00:00,2026-06-05T00:26:12+00:00,2,0,0,37.074,37.07,74.032782,2
0x8bafcb6dad6061ae17e4be1257249aa6174b7c92,2026-05-08T07:13:24+00:00,2026-05-08T10:46:07+00:00,2,0,0,2004.012,2004.01,3993.993924,2
0x8bbb65e77eb78815a303d18a22281a1250b4cb49,2026-05-18T03:16:52+00:00,2026-05-18T04:23:22+00:00,2,0,0,123.8075,123.8,246.9884850,2
0x8bcb87d47dc59fc6ce473426f8ed680d089d0a4e,2026-06-02T00:40:55+00:00,2026-06-02T00:41:13+00:00,4,0,0,10.170,10.17,20.309490,4
0x8bd44eee1a6c5e7bee7de36d0ca800504c8fac59,2026-05-11T14:03:12+00:00,2026-05-11T14:03:12+00:00,1,0,0,2.016,0,2.009952,1
0x8c0459697c35015117f14bc8ec2bedc1b3815a5a,2026-05-27T16:12:47+00:00,2026-05-28T13:01:35+00:00,2,235.0,235.0,0,0,1.1750,2
0x8c0b2d9b3e9a6c16b24fb664394e3144709be315,2026-04-19T08:41:56+00:00,2026-04-19T12:58:32+00:00,2,0,0,143.2462,143.24,284.9105290,2
0x8c0bfab0ab3a2e5a9424a406ef5900b8ee76d709,2026-05-14T22:33:54+00:00,2026-05-15T22:02:04+00:00,2,0,0,149.2985,149.29,297.8420330,2
0x8c11371a2b7deee67a9a077530218ea066891a93,2026-05-08T18:01:01+00:00,2026-05-08T18:01:01+00:00,1,0,0,1.003,0,0.999991,1
0x8c2c76b5f4e9d119eb9b16655d18a6c8ed493622,2026-05-19T04:23:06+00:00,2026-05-24T12:36:39+00:00,2,0,0,5.511,5.51,10.993448,2
0x8c3c12830fa787507eb8f8eed9524a885dbaa91a,2026-05-09T01:17:00+00:00,2026-06-13T02:23:15+00:00,2,0,0,25.737,25.73,51.364059,2
0x8c5cb2d58847ea215a3d0f17d45b9413b79c9b32,2026-04-23T05:34:36+00:00,2026-05-19T23:12:52+00:00,3,0,0,128.219,81.03,208.263277,3
0x8c5f0947b62a0827a28cbcfd7c17fbb3bc52ce2c,2026-05-27T14:02:51+00:00,2026-05-27T14:02:51+00:00,1,0,0,9.739,0,9.719522,1
0x8c71cb3c745bcf2ac7abbc5008dd42d24eaf825e,2026-05-13T19:53:20+00:00,2026-05-13T23:04:41+00:00,2,0,0,42.084,42.08,83.953592,2
0x8c7b7071fb1f82558b53e232ee4c4e3ffa8afe29,2026-05-18T10:57:42+00:00,2026-05-19T12:48:09+00:00,2,0,0,250.0,250.0,498.7500,2
0x8c7dbc0560dc09d191e796f88a1f9764af10b2fd,2026-05-26T13:50:34+00:00,2026-05-26T13:50:34+00:00,1,0,0,8.2865,0,8.2699270,1
0x8c7e49e061c7c12bfb8fc3d2db6cc372f919eb4a,2026-03-30T08:03:32+00:00,2026-03-30T08:07:46+00:00,2,440.14,440.1,0,0,9.68264,2
0x8c7ec26b0ed73a294dc8a1a4bf9b9c8cde5476c5,2026-03-15T08:41:41+00:00,2026-03-21T16:01:57+00:00,2,254.861428,254.86,0,0,5.314020005788192,2
0x8c8e6f75904e267fd2466e042ac229919d2729d1,2026-05-06T14:06:50+00:00,2026-05-06T14:06:50+00:00,1,0,0,35.325666,0,35.2196889984674334,1
0x8c93f59f930284e7a141d3790d88aba663aa5d91,2026-05-23T09:18:08+00:00,2026-05-23T11:29:38+00:00,2,0,0,29.569,29.56,58.981182,2
0x8c94a49f885f11a2a40c6dcfeff0d499796e6038,2026-05-08T09:00:20+00:00,2026-05-08T10:08:05+00:00,2,0,0,60.180333,60.18,119.939072001,2
0x8c9a19c8fb892c2a256cd7bd08ff5e85feebcc61,2026-03-30T22:17:47+00:00,2026-03-31T01:29:15+00:00,2,1239.49,1239.49,0,0,25.750809939281,2
0x8cad1af1e128ba7b0c1f8e1ed292bef117b6b739,2026-05-16T14:28:35+00:00,2026-05-16T14:44:35+00:00,2,0,0,5.01,5.01,9.99495,2
0x8cb3847851a810eea254cdf97530959f0925b8ed,2026-04-30T10:13:38+00:00,2026-05-17T17:38:32+00:00,2,0,0,118.36,118.36,236.00984,2
0x8cb57b2201caa86c2ab2041cdbbbd571d36bc1e3,2026-05-09T07:06:07+00:00,2026-05-09T11:03:30+00:00,2,0,0,97.632666,97.63,194.579248002,2
0x8cc2db33477d81602979cdd4f5b8b1c114f05319,2026-06-02T07:58:22+00:00,2026-06-02T07:58:22+00:00,1,0,0,1.001,0,0.999999,1
0x8cd06bb861fb594bb70ee3f284e01501befaf7c3,2026-06-04T08:00:00+00:00,2026-06-04T09:26:04+00:00,2,0,0,103.713,103.71,207.111867,2
0x8cd0e2fa45ea9c90eabea5377d662456623ad4e4,2026-05-01T13:17:44+00:00,2026-05-01T14:25:52+00:00,2,1250.0,1250.0,0,0,8.7500,2
0x8cd5cbc3b77c5b815c9b1f1d6e50da6ac849da67,2026-05-26T14:24:38+00:00,2026-05-26T14:24:38+00:00,1,0,0,13.7875,0,13.7599250,1
0x8ce701ad0ecb89ff69202a94e31f464702847219,2026-05-03T08:47:18+00:00,2026-05-03T12:03:48+00:00,2,0,0,181.203333,181.2,361.134923001,2
0x8cec2a18060f9dbb282e8b596f5b507d0e4d4a9b,2026-05-06T09:34:54+00:00,2026-05-06T11:37:30+00:00,2,0,0,61.795333,61.79,123.152787001,2
0x8cf16035dc50c93272b535a58817a36b4fd50578,2026-05-09T14:11:05+00:00,2026-06-12T06:03:48+00:00,2,0,0,56.0,56.0,111.7760,2
0x8cf712fd5bf4d7d9fab0c8db954c9b056c43d1b9,2026-06-02T10:10:01+00:00,2026-06-02T10:13:12+00:00,2,0,0,107.987,107.98,215.643053,2
0x8d2e50f17b939c1da7dd06a376a597d403fa487d,2026-05-26T01:50:14+00:00,2026-05-28T09:13:54+00:00,2,0,0,52.9955,52.99,105.7205390,2
0x8d31c1696022866315bbc3b25b120c702fd8684d,2026-05-02T04:28:38+00:00,2026-05-08T13:22:17+00:00,4,0,0,137.381666,137.38,273.800001002,4
0x8d481375d109fb8b681e9e3ad123ff2383ecd478,2026-05-23T23:36:28+00:00,2026-05-24T00:49:22+00:00,2,0,0,9120.0,9120.0,18194.4000,2
0x8d4a1f109a02414073c781d3b885ce523b12d2d5,2026-05-01T21:31:38+00:00,2026-05-01T22:21:10+00:00,2,0,0,81.404,81.4,162.234188,2
0x8d4cc5826e38824b784b6d500c21542707765455,2026-05-02T11:52:38+00:00,2026-05-02T12:45:20+00:00,2,0,0,45.777,45.77,91.226589,2
0x8d53c5724f6d9b346e95b28011fff9d4d3e34e96,2026-04-24T03:49:28+00:00,2026-04-24T04:42:20+00:00,2,0,0,107.201333,107.2,213.650929001,2
0x8d574763207d7cdc1cb2cc52b47e21ab0fc68fdb,2026-05-21T02:52:50+00:00,2026-05-22T05:16:02+00:00,2,0,0,66.132,66.13,131.931346,2
0x8d58d1e3bc99e273e5ba1735b1e6d1c909ad4df8,2026-05-20T07:21:14+00:00,2026-05-20T11:08:39+00:00,2,0,0,192.3845,192.38,383.8025910,2
0x8d5e59be3aac0366a934b19a47f3a26b4284da36,2026-04-30T07:07:18+00:00,2026-04-30T08:37:24+00:00,2,0,0,1005.52,1005.52,2006.01240,2
0x8d6269ffc498c2789acddc12caef2a1dcb7fd220,2026-05-07T02:54:41+00:00,2026-05-31T05:51:43+00:00,2,0,0,8.024,8.02,16.003888,2
0x8d8a9462b88f2f16b7b224633f8a94c676f27b49,2026-05-13T02:58:34+00:00,2026-05-13T03:19:51+00:00,2,0,0,50.1,50.1,99.9495,2
0x8d8ab4e196c28380570431345f7c9cc9bdd94deb,2026-05-23T10:53:21+00:00,2026-05-23T10:53:21+00:00,1,0,0,20.0,0,19.9600,1
0x8d9d953956e13a3b24bf421b0fb03bfe8f2af6d7,2026-05-17T18:24:17+00:00,2026-05-18T09:24:54+00:00,2,0,0,13.627,13.62,27.178886,2
0x8da587aef3a4844dfffa20b7040d977e5296ae15,2026-05-31T03:26:05+00:00,2026-05-31T03:26:05+00:00,1,0,0,13.113,0,13.099887,1
0x8db1bc3335f014d60a2121a03dd8265712ca8dad,2026-05-19T10:47:15+00:00,2026-05-19T10:47:15+00:00,1,0,0,159.9395,0,159.6196210,1
0x8db3b49214dd18f198c825a1777c8bf8dd44ca6c,2026-04-10T02:31:19+00:00,2026-04-11T00:58:59+00:00,2,269.0,269.0,0,0,3.4970,2
0x8db4f2bcb37078763c70dac5d99c285995479c07,2026-03-23T23:16:41+00:00,2026-05-17T14:59:03+00:00,7,0,1400.0,0,0,7.0000,7
0x8db6d149fac81170c9c767743a64943000bebc74,2026-06-02T16:30:14+00:00,2026-06-02T16:30:33+00:00,4,0,0,10.320,10.32,20.609040,4
0x8dc4e8dbdc067c4f7c793b0e6d970aeff65f7f67,2026-05-27T16:09:38+00:00,2026-05-27T17:00:56+00:00,2,0,0,2004.008,2004.0,3997.987984,2
0x8dcb71b042f532753f5bba63d5163adf9a1866ad,2026-06-13T14:40:49+00:00,2026-06-13T14:40:49+00:00,1,1000.0,0,0,0,1.0000,1
0x8dcf63b77326042645ea567b2b6f3be486fb9021,2026-05-20T16:33:01+00:00,2026-06-07T11:33:01+00:00,2,0,0,1.3525,1.35,2.6984450,2
0x8debd189ffd74160f25e367bafaed61a9fea7062,2026-02-09T21:44:57+00:00,2026-02-11T12:28:21+00:00,4,0,0,82.105262,82.10,159.3611629964210392,4
0x8defb1c47a97a08a7c64f3962a3bf7e3c95b07fb,2026-05-24T02:50:33+00:00,2026-05-24T02:50:33+00:00,1,0,0,78.707,0,78.549586,1
0x8df8806b1cfc28a11c86251fe7847093081158e4,2026-04-30T13:40:28+00:00,2026-05-01T00:59:26+00:00,2,0,0,38.6,38.6,76.8912,2
0x8dfa6facaebb64208e011dfee40d7557ba21f37a,2026-05-08T11:18:47+00:00,2026-06-04T07:23:36+00:00,3,0,0,19.177333,19.17,38.2200209990822667,3
0x8dffeba043e18d842407b4cb5fea95777772bab8,2026-05-29T07:27:51+00:00,2026-05-29T07:29:16+00:00,3,0,0,803.607,803.6,1603.188986,3
0x8e02055a929cdfa69053edaf8a74e9bac84e658b,2026-06-03T14:19:18+00:00,2026-06-04T06:08:07+00:00,2,0,0,306.306,306.3,611.687094,2
0x8e2c92927de7d74c80396eed66ce226684960e4f,2026-04-07T17:12:31+00:00,2026-04-14T08:09:03+00:00,2,0,0,19.22,19.22,38.19014,2
0x8e2d1e3e8f443e97ac13bef879da2a1346a8ee3e,2026-05-13T08:29:29+00:00,2026-05-13T12:03:50+00:00,2,0,0,56.212,56.21,112.140946,2
0x8e375521d64d9c2f4c5821f0a939c18202d8f3c1,2026-05-26T02:58:13+00:00,2026-05-26T06:24:59+00:00,2,0,0,11.142,11.14,22.226296,2
0x8e38316e397bac51bbe1db140884f7c93ae81a4a,2026-05-03T04:20:32+00:00,2026-05-03T04:20:32+00:00,1,250.0,0,0,0,1.0000,1
0x8e3c2d7a15e1e85e229e9baf788c26187a2e2d8a,2026-05-28T02:07:54+00:00,2026-05-28T03:05:23+00:00,2,0,0,10.02,10.02,19.98990,2
0x8e4c7544e7da11ad4dfb53ad035410d3c3bb3249,2026-05-23T13:43:31+00:00,2026-05-23T13:43:31+00:00,1,0,0,24.7795,0,24.7299410,1
0x8e4f488203e8abd4e0ea01d0ba8ef271aebde9cd,2026-05-12T03:33:40+00:00,2026-05-14T21:22:46+00:00,4,0,0,15.03,15.03,29.98485,4
0x8e69c7e17c87a41ea246329c1a956e4c05e4b21f,2026-06-11T15:48:24+00:00,2026-06-11T15:48:24+00:00,1,1000.0,0,0,0,1.0000,1
0x8e7c003642eb4fcb001ff189a61a85e95a6cb79f,2026-05-17T01:51:24+00:00,2026-05-29T19:46:35+00:00,2,0,0,2.004,2.0,3.995992,2
0x8e7ebf002a458f4280a0bf771f50323a6b5dcad5,2026-05-21T09:08:47+00:00,2026-05-21T11:56:39+00:00,2,0,0,26.9535,26.95,53.7687430,2
0x8e882de3c1e0fb5dc8b84c0930d3e8185ac8fa0b,2026-04-27T08:05:54+00:00,2026-04-27T09:08:06+00:00,2,0,0,58.174333,58.17,115.937130001,2
0x8e899c7daa74aaf5e6098138a3f1601e3fb193f5,2026-05-21T14:42:26+00:00,2026-05-21T16:35:04+00:00,2,0,0,10.17,10.17,20.28915,2
0x8e9331a3807d68ead571e3f40b478d21735bd7ba,2026-05-24T10:03:30+00:00,2026-05-24T10:03:30+00:00,1,0,0,10.0,0,9.9800,1
0x8e96920309be0034042913bc80b31e4a4b82e03c,2026-04-30T08:23:42+00:00,2026-05-21T12:31:09+00:00,4,7000.0,7000.0,0,0,42.0000,4
0x8e9eedf20dfa70956d49f608a205e402d9df38e4,2026-01-31T09:00:24+00:00,2026-06-11T17:18:45+00:00,181,0,219059.33,17781.30,0,18122.34695,125
0x8eb885a5b5175769cc4ae0608679a633c51697be,2026-04-19T07:08:32+00:00,2026-04-19T08:08:14+00:00,2,0,0,38.2612,38.26,76.1003340,2
0x8ec01cba6c448317b947f99d5c81ab304b9a2e4f,2026-05-21T17:24:36+00:00,2026-05-26T10:34:46+00:00,2,0,0,1503.006,1503.0,2998.490988,2
0x8ee25948ff8e4421897deaa0b59ee715d01bfa70,2026-05-15T13:17:25+00:00,2026-05-16T08:50:20+00:00,2,0,0,12.4245,12.42,24.7823910,2
0x8ee334621933ecfc747a9391ab9385f5cd48923f,2026-03-12T19:10:45+00:00,2026-03-12T19:10:45+00:00,1,5.2,0,0,0,0.0624,1
0x8ee62cc51fff0652afd8667097d13f6346251779,2026-05-08T11:46:28+00:00,2026-05-08T11:46:28+00:00,1,0,0,6.018,0,5.999946,1
0x8eeb738e8fd92e31bbb1a6402b691b1db5434812,2026-05-02T13:42:44+00:00,2026-06-12T13:54:45+00:00,2,0,0,59.0,59.0,117.7640,2
0x8ef5384f4ec6087ef6178722c562a389f4b57bda,2026-04-21T15:16:00+00:00,2026-04-21T15:16:00+00:00,1,226.07,0,0,0,1.35642,1
0x8f0297f3f79e7ac6b9bb5b2a5fdfbaf396346c5c,2026-05-28T03:10:36+00:00,2026-05-28T04:47:46+00:00,2,0,0,25.7915,25.79,51.4525470,2
0x8f120a51227cd22f6b90437ed3fdd24aec151164,2026-04-16T21:59:00+00:00,2026-05-01T16:12:52+00:00,2,142.857142,142.85,0,0,1.428549994,2
0x8f26f88707fc6f2540f6b11396b9f07ca86b33d1,2026-05-10T07:15:04+00:00,2026-05-21T01:30:14+00:00,4,0,0,2772.15,2772.15,5527.04495,4
0x8f29dbac19e13089a0b32ba559bfb5c3f3eac853,2026-03-17T08:31:15+00:00,2026-03-17T08:31:15+00:00,1,0,0,3.3502,0,3.2999470,1
0x8f34351caed8240d797ed65a3b2d9e58b0a4c4f5,2026-06-02T13:14:02+00:00,2026-06-02T23:17:05+00:00,2,0,0,8970.0,8970.0,17913.0900,2
0x8f34e45fe06d6fad7d9d9d2738859a4022c02f50,2026-02-28T10:18:55+00:00,2026-03-10T03:13:27+00:00,17,0,6.56,207.14,0,205.69323,17
0x8f448b87e55e690e02a3fac69d0ed3387b4080fe,2026-05-08T02:58:40+00:00,2026-05-08T04:00:42+00:00,2,0,0,64.142333,64.14,127.833346001,2
0x8f5858585ca0581269ab58616939c786f0c02047,2026-05-24T11:37:34+00:00,2026-05-24T11:37:34+00:00,1,0,0,10.0,0,9.9800,1
0x8f58f5cedb60f608cb0536dabf5b9d0407e6384a,2026-05-12T08:53:20+00:00,2026-05-12T13:58:39+00:00,2,0,0,2096.192,2096.19,4181.901046,2
0x8f64fa4188b29b8f1f368864ef4630d8ce6670de,2026-05-22T12:20:15+00:00,2026-05-22T23:27:00+00:00,2,0,0,9050.0,9050.0,18054.7500,2
0x8f6f58e430d02299640fc8634569f33c50c2159e,2026-05-13T07:17:07+00:00,2026-05-13T09:08:13+00:00,2,0,0,1696.34,1696.34,3384.19830,2
0x8f7a51d7a4ab68e9cb379719a6406506156046ff,2026-05-14T10:56:13+00:00,2026-05-22T05:10:55+00:00,8,0,0,1864.0575,1864.05,3718.7872350,8
0x8f8a75823f96e5f2c9dc901542637a6e016ab193,2026-05-11T11:03:18+00:00,2026-05-11T11:03:18+00:00,1,0,0,3.711,0,3.699867,1
0x8f90a8610629d2173c78337cb6dc779a35140943,2026-05-23T12:09:41+00:00,2026-05-23T12:09:41+00:00,1,0,0,19.8895,0,19.8497210,1
0x8fa98081a4904db4d92ad1e816e137cb86cc59c8,2026-05-23T08:42:48+00:00,2026-05-23T08:42:48+00:00,1,0,0,49.569,0,49.469862,1
0x8faed9f4767449d9af4c555405423522192af8fd,2026-05-27T15:59:06+00:00,2026-05-27T15:59:06+00:00,1,0,0,12.124,0,12.099752,1
0x8fca100971f82fcc28f68def994c8146ba9694ae,2026-04-18T12:38:40+00:00,2026-04-18T16:04:58+00:00,2,0,0,56.7938,56.79,112.9590910,2
0x8fd0be555f6017426fd4edbea7573d6d24b9a62d,2026-05-13T21:05:48+00:00,2026-05-13T23:03:56+00:00,2,0,0,91.9735,91.97,183.4836430,2
0x8fe7fba61cee4abef29a1876e8cfb461f049b57d,2026-02-04T12:29:12+00:00,2026-02-04T12:30:14+00:00,2,0,0,16.89,16.89,33.17196,2
0x8ff8bb7a2c6b9b03e3d1ed586a21421cf6c60dd4,2026-05-27T04:16:57+00:00,2026-06-07T13:19:10+00:00,2,0,0,71.0,71.0,141.7870,2
0x8ffefa4f7e96a5db59f769a27504829a8fe4b822,2026-06-14T10:58:40+00:00,2026-06-14T10:58:40+00:00,1,1000.0,0,0,0,1.0000,1
0x9003e9c21d2c150ae812dd5a96d7c391667002c1,2026-05-22T13:16:22+00:00,2026-05-22T13:16:22+00:00,1,0,0,16.052,0,16.019896,1
0x9004ec7d620410a0cd40c7cd6cb02f7ce8ab75a3,2026-05-09T09:25:25+00:00,2026-05-09T12:37:04+00:00,2,0,0,2139.418,2139.41,4263.852106,2
0x90083f196e200116807f25edd0704ce7faf4f3ce,2026-03-29T20:09:18+00:00,2026-03-31T01:30:27+00:00,2,90.909089,90.9,0,0,1.9089989971818388,2
0x902592d452e2e5035f6b801f922e48664f0ab67a,2026-05-06T06:43:56+00:00,2026-05-06T06:45:04+00:00,2,0,0,25.075,25.07,49.969495,2
0x90389dd640af85af8fe566c08296fdc3f89b9b38,2026-04-24T03:36:18+00:00,2026-04-24T04:42:46+00:00,2,0,0,76.138333,76.13,151.735398001,2
0x9046b1570a90508f57ee709f1b6d0a7324f668aa,2026-05-26T21:54:05+00:00,2026-05-26T21:54:05+00:00,1,0,0,12.9155,0,12.8896690,1
0x905d3220724364f9d4655a4aada3533349fade4f,2026-04-18T11:12:36+00:00,2026-04-18T12:05:04+00:00,2,0,0,58.2712,58.27,115.9002240,2
0x90602c3c2b0622770429468b05455bfe6e2ed8f0,2026-05-19T14:15:00+00:00,2026-05-19T16:01:42+00:00,2,0,0,513.7775,513.77,1024.9786350,2
0x906b039a785a41182716d1261f5a15085ce3ceff,2026-06-02T10:52:24+00:00,2026-06-02T10:52:52+00:00,4,0,0,10.370,10.37,20.708890,4
0x906dce19d8f2883956cdce3bfc6992405c0b0b84,2026-04-28T05:57:34+00:00,2026-04-28T05:57:34+00:00,1,0,0,25.551,0,25.499898,1
0x9074b91f1a2cd309b13d43f6679de545e025fd88,2026-05-19T22:59:36+00:00,2026-05-21T08:35:27+00:00,2,0,0,27.054,27.05,53.968742,2
0x9089199257650fa3560b5aea767923c025eb26b0,2026-04-24T04:55:42+00:00,2026-04-24T05:46:52+00:00,2,0,0,65.797333,65.79,131.126781001,2
0x908c5d3a07bac248d0df28e7b5b2afcd798e953b,2026-05-02T13:30:36+00:00,2026-05-02T17:30:42+00:00,2,0,0,324.383,324.38,646.492331,2
0x909be9db2c57861ca3e098a0a360d035fa0a3157,2026-05-28T03:01:27+00:00,2026-05-28T04:00:53+00:00,2,0,0,13.627,13.62,27.178886,2
0x90a02765fcf09f118e16b0e5f59dcbcd9f4cdb20,2026-05-01T13:33:20+00:00,2026-05-01T14:24:26+00:00,2,0,0,63.671,63.67,126.895307,2
0x90a6019b33c0dee813cb7c4826014c54837ef8a9,2026-02-27T12:55:45+00:00,2026-03-10T13:02:53+00:00,2,100.0,100.0,0,0,2.4000,2
0x90a6822106de39cb654543c9d01933ddb559fa71,2026-05-14T04:37:31+00:00,2026-05-14T09:53:11+00:00,2,0,0,309.619,309.61,617.680932,2
0x90ac5c52a7e84e5634a7452384a96a51e0475ca1,2026-05-18T01:17:47+00:00,2026-05-18T01:17:47+00:00,1,0,0,6.012,0,5.999976,1
0x90b45d203e92bd9f1084f4c9a3bdee6efa8255c9,2026-05-11T13:22:56+00:00,2026-05-11T14:36:45+00:00,2,0,0,69.177333,69.17,137.863121001,2
0x90b7fda19fbe0ea120118d27b96b8d0e6468856e,2026-04-23T08:17:44+00:00,2026-04-23T09:10:48+00:00,2,0,0,68.2814,68.28,135.8103130,2
0x90bdf42de63c5c11752cb9715bfca847466f5317,2026-04-22T00:06:20+00:00,2026-04-22T00:35:04+00:00,2,0,0,2.0,2.0,3.9780,2
0x90c4bbbfa795bf6d88961fb7aeb1d8ebbca569d0,2026-04-19T03:07:20+00:00,2026-05-19T13:53:46+00:00,3,0,0,93.2652,63.06,155.5711140,3
0x90dba8c1b448222d566c8bb6ab39acbef9209c6f,2026-05-19T07:57:58+00:00,2026-05-20T18:06:42+00:00,2,0,0,2.505,2.5,4.992490,2
0x90dfa02dd757b7deccf6708fd3b480b3e4844df7,2026-05-02T08:48:24+00:00,2026-05-02T10:18:46+00:00,2,0,0,303.600666,303.6,605.075464002,2
0x90e2efa99e62b59525d1fc824a91dba2acf9665c,2026-04-23T17:35:50+00:00,2026-05-22T16:36:48+00:00,3,0,0,239.249833,171.79,409.702378001,3
0x90e6a4e8ae5379f29ead418817b2dc8a50d7ed88,2026-05-13T18:45:06+00:00,2026-05-18T07:51:36+00:00,4,0,0,162.324,162.32,323.832392,4
0x90e8a9bd6b07d19c68efc02792250f85739dba12,2026-05-05T03:30:34+00:00,2026-05-05T05:47:18+00:00,2,0,0,1206.75,1206.75,2405.05275,2
0x90ede1e2e1e4450298bf7420060be3aa6a781f67,2026-05-26T12:36:59+00:00,2026-05-26T12:36:59+00:00,1,0,0,13.066,0,13.039868,1
0x90f2641612166397f83834a15f13eea1cedd799e,2026-05-31T23:32:51+00:00,2026-05-31T23:32:51+00:00,1,0,0,39.039,0,38.999961,1
0x90fdda90dc6acf6ba143daa075f8d3fe04683199,2026-03-18T08:55:01+00:00,2026-03-18T09:16:45+00:00,2,0,0,20.1,20.1,39.6975,2
0x90fdf00c09f500bbac3fb5f630847f0bb3e183dc,2026-05-06T06:04:20+00:00,2026-05-06T10:35:52+00:00,2,0,0,2050.150333,2050.15,4085.949282001,2
0x911b2afc2197762c1e5ba58d47b7eccfe85a1822,2026-05-23T07:09:20+00:00,2026-05-23T17:40:26+00:00,2,0,0,98.196,98.19,195.895038,2
0x91201e892455aa4878333a91d3c6037df7b32fcc,2026-05-20T18:46:22+00:00,2026-06-04T10:43:57+00:00,74,0,0,118.8825,118.84,237.2144900,74
0x91287307218bd276e1710ed85aa616606b702ede,2026-04-25T11:40:34+00:00,2026-05-01T18:30:34+00:00,4,0,0,227.000666,227.00,452.411664002,4
0x9137edf0d61cd15590c03684beb8ae1dcd08f9d7,2026-05-24T14:03:45+00:00,2026-05-24T14:03:45+00:00,1,0,0,10.0,0,9.9800,1
0x913a1b0a020af27b48bd799fb8cae58849ffa598,2026-05-09T09:10:45+00:00,2026-05-09T10:00:43+00:00,3,0,0,789.668666,789.66,1573.801020002,3
0x913eda677dbf8e7eaec2982845072e048ec9b4bf,2026-04-20T06:49:14+00:00,2026-04-20T08:07:08+00:00,2,0,0,50.0804,50.08,99.6095180,2
0x913f295993f072d7094975a27da28f4ce611628c,2026-05-23T08:02:35+00:00,2026-05-23T08:02:35+00:00,1,0,0,10.02,0,9.99996,1
0x91497b7d656c44292467dfe5a21726d930781fd6,2026-02-10T19:49:57+00:00,2026-02-11T08:42:29+00:00,2,47.619046,47.61,0,0,1.9998089993333662,2
0x91583b210eb60ed6d39bbe00d8695302412b807d,2026-05-19T19:25:10+00:00,2026-05-19T19:25:10+00:00,1,0,0,29.8995,0,29.8397010,1
0x915c8888cfa7095d37baa293102bc3a1891d2f65,2026-05-23T19:11:31+00:00,2026-06-08T14:26:55+00:00,2,0,0,1.543,1.54,3.078374,2
0x9187cb31ff7d1870f86bf7b24d1260a10b5e273d,2026-05-17T02:13:16+00:00,2026-05-17T02:13:16+00:00,1,0,0,2.004,0,1.999992,1
0x9191456e29fff6efb9587c48f939fa07f75ecfd9,2026-04-22T15:20:38+00:00,2026-04-22T16:38:54+00:00,2,0,0,183.1958,183.19,364.3706810,2
0x91922acac82b7418a7cfb801275e67dd13eb8d82,2026-05-23T19:39:30+00:00,2026-05-24T04:35:47+00:00,2,0,0,96.192,96.19,191.901046,2
0x91985f07a5204dd216ca7abc89000ced8dc36e1f,2026-06-01T00:30:43+00:00,2026-06-01T00:30:43+00:00,1,0,0,5.105,0,5.099895,1
0x91991cccd37f60c5df7b5fe966151fef52d5b5fb,2026-05-06T18:06:11+00:00,2026-05-06T20:08:11+00:00,2,0,0,121.093,121.09,241.335361,2
0x919e5547638571e5d6bf5d0da21dd43417ccb550,2026-05-15T09:11:56+00:00,2026-06-04T11:18:10+00:00,4,0,0,1086.7985,1086.79,2168.3632770,4
0x91a08a8066ea0306bd21b7b9fe56243c0bcd1b6c,2026-04-20T01:54:00+00:00,2026-04-20T03:05:50+00:00,2,0,0,55.2762,55.27,109.9381990,2
0x91a919a4246938e440d6a04108231696a062d700,2026-06-02T07:23:23+00:00,2026-06-02T07:25:15+00:00,2,0,0,106.106,106.1,211.887694,2
0x91b83c31f47d5e2fcd388e0f9fd7fab3efa35726,2026-06-10T16:26:24+00:00,2026-06-10T16:26:24+00:00,1,1000.0,0,0,0,1.0000,1
0x91c180fbb244b2fdf6085e8f51aa2a41d6d0b8e2,2026-05-08T12:05:13+00:00,2026-05-08T13:03:49+00:00,2,0,0,41.394,41.39,82.494258,2
0x91c80933f19149f08f563c7e4df9df8707d73ba8,2026-05-01T11:58:04+00:00,2026-05-01T11:58:04+00:00,1,335.0,0,0,0,1.3400,1
0x91cb6ae2e6a1b215eef3798332bbefe0fd2ec003,2026-05-17T07:36:28+00:00,2026-05-21T07:38:01+00:00,2,0,0,5.01,5.01,9.99495,2
0x91de8310e3d126b0775a7ea84767cff76f5823c0,2026-05-06T04:56:24+00:00,2026-05-08T04:58:34+00:00,4,0,0,85.024666,85.02,169.449512002,4
0x91f1e80233a00d25734e97ee8970f379acb8c1d8,2026-05-27T23:23:03+00:00,2026-05-28T00:46:21+00:00,2,0,0,8950.0,8950.0,17855.2500,2
0x9210b5bdfe3295dac15113a8e0b80d0f5b098cf7,2026-03-04T03:51:29+00:00,2026-03-04T13:15:05+00:00,2,0,0,58.04,58.04,114.86116,2
0x9218159ea9061dcfcab980411e5bbcadfcad3555,2026-05-16T00:35:26+00:00,2026-05-16T00:35:26+00:00,1,0,0,6.012,0,5.999976,1
0x9224daed79f9962b5374b57bd3cfbcaee6fd6f2c,2026-04-21T06:31:48+00:00,2026-04-21T08:23:08+00:00,2,0,0,54.5828,54.58,108.5624060,2
0x9225b656b51b6da5b1b175344e84d4eb623600ee,2026-05-19T05:35:50+00:00,2026-05-19T06:33:32+00:00,2,0,0,1428.156,1428.15,2849.165238,2
0x922dd3d5da2719d03add736d54ffcb8d81dede2b,2026-05-27T10:15:05+00:00,2026-05-27T11:33:10+00:00,2,0,0,10.02,10.02,19.98990,2
0x923c17b3ed4095390bfb3a9cdfc770c436a85e80,2026-06-02T00:43:40+00:00,2026-06-02T00:43:50+00:00,2,0,0,130.0,130.0,259.6100,2
0x923dcdc7c723c3703d22eb4f51cd5f640f9b0924,2026-05-05T02:15:14+00:00,2026-05-05T05:20:50+00:00,2,0,0,1564.09,1564.09,3117.23137,2
0x9263ef275a6e720595fe9ef136643b71996c06c3,2026-05-26T03:22:14+00:00,2026-05-26T03:22:14+00:00,1,0,0,10.16,0,10.13968,1
0x926ea3d92ba6cf31bb55238d89ddea78875df4f6,2026-05-23T02:50:23+00:00,2026-05-23T02:50:23+00:00,1,0,0,38.2765,0,38.1999470,1
0x92791696cd6169d526654ee8aa5322b2243cccf1,2026-05-16T02:57:09+00:00,2026-05-21T01:33:00+00:00,4,0,0,2016.6965,2016.69,4023.3030370,4
0x928471fa5d8e01f35b899b9c424a7c22c45d8527,2026-05-25T07:12:01+00:00,2026-05-26T02:10:06+00:00,2,0,0,9125.0,9125.0,18204.3750,2
0x929d30b5586d572553811ea482f1eaf17724fc76,2026-06-04T15:07:42+00:00,2026-06-04T15:12:36+00:00,2,0,0,107.317,107.31,214.305063,2
0x92a8d3572bd6e1d51e6cd334fbb07e1c9fe39d61,2026-04-12T14:27:37+00:00,2026-04-14T15:34:01+00:00,2,190.94,190.94,0,0,2.48222,2
0x92ab8e6bcaeffc2a3738638026fa83c116905812,2026-04-18T11:54:08+00:00,2026-04-20T18:22:12+00:00,2,0,0,18.61,18.61,37.01529,2
0x92bb11aa6e71aaeb4cea3c9a4eb915e2d5dc1afb,2026-06-04T01:30:07+00:00,2026-06-06T12:49:42+00:00,10,18000.0,18000.0,0,0,36.0000,3
0x92cfb3e71479d01e5a6f488e1f05d651b07be985,2026-05-03T17:29:10+00:00,2026-05-04T11:51:06+00:00,42,0,0,372.152993,372.15,741.6979340070031368,42
0x92e655cfa235c378db84a0254b89883bcfb6c643,2026-05-08T07:46:32+00:00,2026-05-08T10:26:17+00:00,2,0,0,55.476333,55.47,110.558024001,2
0x92e96f7e3e8ec43c295b63d852cebfa84aea4a22,2026-05-07T21:05:43+00:00,2026-05-14T21:47:14+00:00,2,0,0,15.346,15.34,30.593942,2
0x92eb1cd8de460e6f89115218acd8c35d58ba986a,2026-05-15T18:40:30+00:00,2026-05-25T16:02:56+00:00,2,6666.666666,6666.66,0,0,33.3333193313333334,2
0x92ec1912a09e86e40c325410f909666b28ae2a53,2026-06-17T11:21:29+00:00,2026-06-17T11:21:29+00:00,1,10000.0,0,0,0,10.0000,1
0x92eda61ff19e1b59903f18a1f63feeda61961125,2026-05-13T19:06:13+00:00,2026-05-13T22:55:32+00:00,2,0,0,44.8995,44.89,89.5650310,2
0x92edd9e32d6d578c2ebf6062f752e8e0d00721dc,2026-06-17T04:20:41+00:00,2026-06-17T04:20:41+00:00,1,5000.0,0,0,0,5.0000,1
0x92fc054fc8331ebafed8b943c1e5e4c667ae2f25,2026-03-23T09:15:49+00:00,2026-03-23T09:16:07+00:00,2,0,0,16.0,16.0,31.7280,2
0x92ff3aeb1d2a5235678bfc42d0d80bcf31b68bd7,2026-05-12T12:40:57+00:00,2026-05-22T11:04:25+00:00,3,0,0,50.7010,38.25,88.7348480,3
0x930de3a16b760d690e47098331fe70cc70be0db8,2026-04-11T04:25:35+00:00,2026-04-14T05:36:21+00:00,2,0,0,18.75,18.75,37.25625,2
0x9312b34722ba106fd6c77bd86590309d7c71ff12,2026-05-22T08:38:23+00:00,2026-05-22T10:33:25+00:00,2,0,0,10.08,10.08,20.10960,2
0x9315af33fd273fc52944f785e2ec04d67d475d96,2026-05-23T23:55:26+00:00,2026-05-24T16:40:24+00:00,2,0,0,58.116,58.11,115.935438,2
0x931f45f5f6b2476ac100a7e1df99769bfc574477,2026-05-18T17:29:49+00:00,2026-05-19T11:13:55+00:00,2,0,0,247.4945,247.49,493.7470410,2
0x932727a7893e4030409205ed76120fd1c95b18d9,2026-05-12T07:36:58+00:00,2026-05-12T10:06:44+00:00,2,0,0,63.3665,63.36,126.4096870,2
0x932bf119139044b4203731c4c88cd91b30572773,2026-05-22T00:25:58+00:00,2026-05-22T00:25:58+00:00,1,0,0,30.0,0,29.9400,1
0x933a0972719d145df616c26123dbd6fd8b43a660,2026-03-31T11:57:25+00:00,2026-03-31T11:57:25+00:00,1,0,0,2.016125,0,1.999996000,1
0x934844d7436a51eebdb65f3dcd45dfc3a36c759d,2026-05-21T09:15:11+00:00,2026-05-21T10:40:52+00:00,2,0,0,55.02,55.02,109.76490,2
0x93491ccd6be333ec78110b2311f068c5181e0486,2026-04-13T12:15:45+00:00,2026-04-13T18:02:43+00:00,2,0,0,5.030166,5.03,9.9947749999758672,2
0x935207b6690e7d64d3866827eaf29f5450e16220,2026-05-10T01:40:26+00:00,2026-05-10T03:30:30+00:00,2,0,0,1375.46,1375.46,2741.29178,2
0x935ae8bdcccb465b7b18ef19f0ef13d258c1d1fc,2026-05-23T10:00:27+00:00,2026-05-23T10:00:27+00:00,1,0,0,6.643,0,6.629714,1
0x935b465053bbe14bb74c847c6dfa10b0fa0c5342,2026-05-07T12:13:08+00:00,2026-05-07T13:16:06+00:00,2,0,0,65.707,65.7,130.947079,2
0x9379aae169860ae670e884e8a0b21e214ac81173,2026-05-27T07:13:57+00:00,2026-05-27T07:13:57+00:00,1,0,0,656.162,0,654.849676,1
0x937e0beba969cb9e1a066bf2890f410e35de9bac,2026-06-02T09:47:37+00:00,2026-06-02T09:47:56+00:00,4,0,0,10.360,10.36,20.688920,4
0x9386a0c547c844124138e2150e2baceb3b1d1eb6,2026-05-22T00:03:13+00:00,2026-05-22T13:05:31+00:00,2,0,0,166.3325,166.33,331.8308450,2
0x938cc426724155b711a139a871e37198bed88565,2026-05-29T19:59:07+00:00,2026-06-02T03:20:56+00:00,2,0,0,4.604,4.6,9.190196,2
0x938dbc92e88aacff74d84676cd20ab6dc3b1b45b,2026-04-16T21:48:32+00:00,2026-04-16T21:48:32+00:00,1,0,0,56.27,0,55.93238,1
0x93a7a2d47ac3cfef809014b3e97d5ed99633810a,2026-05-18T04:04:44+00:00,2026-05-18T05:02:52+00:00,2,0,0,58.687,58.68,117.073586,2
0x93dafb49f9effd51d68df7f93dc94c8c63da3fcf,2026-05-31T11:27:17+00:00,2026-05-31T11:27:17+00:00,1,0,0,21.021,0,20.999979,1
0x93e08023d41e7ee7b3343189ce453ceff930589b,2026-03-24T03:43:25+00:00,2026-03-24T03:51:27+00:00,2,0,0,827.0,827.0,1639.9410,2
0x93e0fe37762d100ec4e8e3e3256fa1ddbea62797,2026-04-24T10:35:46+00:00,2026-04-24T11:30:58+00:00,2,0,0,66.238666,66.23,132.005030002,2
0x93e1a8a7ffbbf4cc0b3236e56bcdfa8777a43f2c,2026-05-21T16:15:16+00:00,2026-05-21T17:21:56+00:00,2,0,0,10.02,10.02,19.98990,2
0x93e6701cdc4e41c360b363c3fef1e4c7bd4b11d7,2026-05-08T07:50:30+00:00,2026-05-28T00:08:57+00:00,3,0,0,80.846666,65.62,145.976866002,3
0x94017b1bbbc10e688ab4714b0ac45c0f88b2fab2,2026-05-01T10:26:48+00:00,2026-05-09T19:45:02+00:00,4,0,0,464.924333,464.92,926.589880001,4
0x940a94172e66596762bde3da765a6951dc18492f,2026-05-26T09:16:50+00:00,2026-05-26T10:53:16+00:00,2,0,0,16.683,16.68,33.279594,2
0x9411f6311c695d053bff66e6aa397f36ab9f9637,2026-05-23T10:41:20+00:00,2026-05-23T10:41:20+00:00,1,0,0,24.9195,0,24.8696610,1
0x941beb2fd9ba6b83825ff8af61e516004893e07d,2026-02-03T23:20:50+00:00,2026-02-03T23:20:50+00:00,1,712.0,0,0,0,12.8160,1
0x941d3492dc27e15a7b73498336d110977fffcb66,2026-04-18T17:36:18+00:00,2026-04-18T21:35:18+00:00,2,0,0,107.226,107.22,213.266550,2
0x94210809a53531abef62bb3f552c8f3a17f60c05,2026-05-24T18:04:20+00:00,2026-05-24T18:04:20+00:00,1,0,0,12.024,0,11.999952,1
0x94294adf44a4e840d1fc08413f9a8db250b00bca,2026-05-19T11:09:09+00:00,2026-05-19T14:05:44+00:00,2,0,0,20.12,20.12,40.13940,2
0x942cf9ab63c428847282561723925f9c32810b81,2026-05-04T12:19:00+00:00,2026-05-05T07:07:06+00:00,2,0,0,2045.135333,2045.13,4075.949407001,2
0x942e79166821f3f4e67872e44f1672fcccd2be27,2026-05-06T11:46:36+00:00,2026-05-27T01:04:53+00:00,90,0,0,2487.0,0,2481.2110,90
0x94466a5ec44d81264bcdcb7a6e2d0ca14f07c6e1,2026-05-24T13:43:20+00:00,2026-05-24T22:26:03+00:00,2,0,0,89.178,89.17,177.902134,2
0x944d8e37fd835b292273442de2b5cc52f2a72c00,2026-05-16T04:44:54+00:00,2026-05-17T19:07:15+00:00,2,0,0,227.4545,227.45,453.7672410,2
0x9469bfae889c3afa961ee723eb662087d604b3f2,2026-05-27T04:50:34+00:00,2026-05-27T06:48:14+00:00,2,0,0,11.3225,11.32,22.5858950,2
0x94746ed6c69bdd5d5711b18d781d3978ef705091,2026-01-06T14:02:07+00:00,2026-02-10T22:58:29+00:00,18,149.9882,149.987379,0,0,6.3787650000023168,18
0x94766d95ddfcc0ac015a81cc5458802b8dd4d9bd,2026-05-02T04:51:04+00:00,2026-05-20T16:59:05+00:00,4,0,0,329.449833,329.44,656.680330001,4
0x94885a3566cd74f28e0346f22a4bf002046ad531,2026-03-10T02:23:01+00:00,2026-04-29T15:20:16+00:00,286,48168.053889,48168.05,0,0,615.1329269877246741,286
0x94a1e3e1ecf1d4f4c84b401120e25eeec0694988,2026-05-29T09:17:39+00:00,2026-05-29T09:17:39+00:00,1,0,0,4.709,0,4.699582,1
0x94a3e9d196f35bb9a697d8d9d744617006bfad02,2026-04-11T09:51:07+00:00,2026-04-11T09:51:07+00:00,1,0,0,18.78,0,18.66732,1
0x94abe310eece7f2d4a3b97931c439bcf69dee6cc,2026-05-19T19:53:03+00:00,2026-05-19T19:53:03+00:00,1,0,0,21.082,0,21.039836,1
0x94b8a3f76ef5420eb3f81dbc77bf36ee405a6bc5,2026-05-22T13:06:47+00:00,2026-05-22T13:06:47+00:00,1,0,0,10.0,0,9.9800,1
0x94be40185a9de6eb341bd66fa74ef747716029be,2026-03-07T03:01:41+00:00,2026-03-07T03:08:55+00:00,2,400.0,400.0,0,0,5.6000,2
0x94c3870dd70fdae57cc6362be4737fd776478c5d,2026-05-08T13:53:53+00:00,2026-05-10T00:04:48+00:00,2,0,0,2.407,2.4,4.790179,2
0x94c6906474ec4918e816ede3e383869d149b7c15,2026-05-03T03:39:46+00:00,2026-05-04T04:56:44+00:00,2,0,0,899.56,899.56,1792.82308,2
0x94c999a77052d26ed46857cb8691442c3c65b3f7,2026-05-02T09:19:24+00:00,2026-05-02T13:10:26+00:00,2,0,0,73.851333,73.85,147.184379001,2
0x94d5f98fa028e0079739856e2789d4ea5a1e378a,2026-06-10T01:05:57+00:00,2026-06-10T01:05:57+00:00,1,1000.0,0,0,0,1.0000,1
0x94dd5f9d9ba5ec2cead057ea0e52b99613430c69,2026-05-10T03:50:38+00:00,2026-05-10T08:27:57+00:00,2,0,0,96.288666,96.28,191.894680002,2
0x9502af50ca6eeea5238a3a023853d8f5f6d8883c,2026-05-02T08:17:32+00:00,2026-05-02T11:34:00+00:00,2,0,0,50.942666,50.94,101.526078002,2
0x95118c23b88909dd442ac0e669bd86e49ddb33a7,2026-05-19T07:21:41+00:00,2026-06-08T11:11:58+00:00,2,0,0,106.212,2.0,107.997576,2
0x9519deaf1bbdd4dc623d401e04ffa2ce1c6a0f7a,2026-05-27T10:49:11+00:00,2026-05-27T10:49:11+00:00,1,0,0,17.9955,0,17.9595090,1
0x952c54770b063c34481a4b103b826636081d910f,2026-05-28T13:06:13+00:00,2026-06-13T08:08:09+00:00,2,0,0,58.0,58.0,115.8260,2
0x953d77813cbee10911399c04be41f43bcf86dec3,2026-05-17T16:15:35+00:00,2026-05-17T16:37:06+00:00,2,0,0,8.016,8.01,15.985938,2
0x953dfb5c33453ce0734e2964909fc6e3037b8ce2,2026-05-19T01:03:36+00:00,2026-05-19T01:03:36+00:00,1,0,0,6.012,0,5.999976,1
0x953ec6248865854bdc96b1305a88d46e892e2e34,2026-05-05T07:22:50+00:00,2026-05-05T09:31:12+00:00,2,0,0,1146.178333,1146.17,2284.325118001,2
0x9550ae2de19048bbd0d5a1f31a85b72b140a1e6c,2026-05-29T02:40:44+00:00,2026-05-29T02:40:44+00:00,1,333.333333,0,0,0,0.999998999000001,1
0x95511ce1ef0db5ddb0ef6a07f457f3f32d7f0c77,2026-05-09T07:50:39+00:00,2026-05-09T08:02:25+00:00,2,0,0,7.021,7.02,13.991857,2
0x95531006711db7e918b7b028996c8f59e376af91,2026-05-09T03:34:26+00:00,2026-05-14T04:17:25+00:00,4,0,0,2668.74,2668.74,5321.48282,4
0x9553e6c729e5d2b230a10bfcedaa054bb4a7deae,2026-05-07T08:05:53+00:00,2026-06-13T08:41:40+00:00,3,0,0,3800.0,3800.0,7579.1760,3
0x955e588e71795f17edf581e13d5b6603319ce1a1,2026-05-22T10:16:04+00:00,2026-05-22T10:33:01+00:00,2,0,0,15.03,15.03,29.98485,2
0x95614ad1a5a37de2ebcc3fa2564a592970b90da4,2026-05-29T13:31:47+00:00,2026-05-29T15:37:12+00:00,2,0,0,28.188,28.18,56.283452,2
0x95a43d3c7d44d95c71a71330d67dfa151053b43d,2026-05-20T20:54:12+00:00,2026-05-20T22:08:24+00:00,3,15126.666665,0,0,0,45.3799973030000003,3
0x95b02fd180414b793d23343ef4231da213cb0de5,2026-04-24T07:27:20+00:00,2026-05-27T06:18:52+00:00,5,0,0,155.396833,124.87,279.448500001,5
0x95b7ca6b469a7a0cbe7546b30ef61c0cc6a592b8,2026-05-07T14:51:20+00:00,2026-06-04T06:31:16+00:00,3,0,0,421.431,421.43,841.586679,3
0x95b91499c77ccabff437fb5888c72216e07c637e,2026-05-14T07:59:33+00:00,2026-05-14T08:14:17+00:00,2,0,0,113.527,113.52,226.479386,2
0x95cb292c31fe95b8a49f336088c799135c188c51,2026-05-09T01:56:54+00:00,2026-05-13T07:15:01+00:00,4,0,0,2467.71,2467.71,4920.21803,4
0x95ce3d1583bf79087039ef7bf3ed58faea0e7074,2026-05-19T19:56:31+00:00,2026-05-19T20:58:58+00:00,2,0,0,10.02,10.02,19.98990,2
0x95d43344aa25ad03a701dbdb568ffacaf60a839a,2026-03-10T08:42:43+00:00,2026-04-17T11:37:44+00:00,2,0,0,4.311666,4.31,8.5440659998078346,2
0x95eab011321919f12e7f7d2317b14de8c4728532,2026-04-16T03:05:46+00:00,2026-04-18T18:58:48+00:00,2,0,0,9.22,9.22,18.32936,2
0x95fa3ef70fcecd9e810d0503aa3e312b81863af6,2026-03-30T06:53:00+00:00,2026-03-30T07:28:14+00:00,3,1000.0,1000.00,0,0,22.00000,3
0x960848fa73bee2b7c623621c1a40129183841c16,2026-03-24T02:48:45+00:00,2026-03-24T03:02:15+00:00,2,0,0,798.0,798.0,1583.2320,2
0x961c8be299f230fc6935872051b16896286ea310,2026-05-07T04:28:03+00:00,2026-05-08T06:41:21+00:00,2,0,0,19.0,19.0,37.8480,2
0x96226dd97eaee90183f04d571258026ef8438e96,2026-04-24T12:17:42+00:00,2026-05-22T18:38:19+00:00,3,0,0,188.349833,133.87,321.173782001,3
0x96371e1d8cd8813647c1a9859d368b3552c76f80,2026-05-22T09:42:16+00:00,2026-05-24T14:21:58+00:00,2,0,0,168.3365,168.33,335.8248370,2
0x96467abb6b5b000e58198d27502544b85682d98d,2026-05-14T13:07:03+00:00,2026-05-14T13:07:03+00:00,1,0,0,40.04,0,39.95992,1
0x96760cca3c2bddfc8c9bf46c6a8a61fc069f0a50,2026-05-01T04:47:20+00:00,2026-05-01T08:30:06+00:00,2,0,0,225.737,225.73,449.886869,2
0x96904c268b73185b2fbd4e58ec1ea19747cf5eee,2026-04-22T15:29:14+00:00,2026-04-22T17:30:30+00:00,2,0,0,85.0854,85.08,169.2294930,2
0x9692317b973803e82b9c798ab3071b84e99feec5,2026-05-17T01:27:48+00:00,2026-05-17T01:27:48+00:00,1,0,0,8.016,0,7.999968,1
0x9696154702b20ac35a6932f02a60d5dc9f4009ee,2026-05-23T13:27:37+00:00,2026-05-23T15:21:48+00:00,2,0,0,10.09,10.09,20.12955,2
0x96bee7092ff965ff444edac69a5dc4531629ee2b,2026-05-16T23:32:23+00:00,2026-05-18T16:16:40+00:00,4,0,0,125.25,125.25,249.87375,4
0x96c7a9b2b80f71dba37713ccf6dc0f2d43847bff,2026-05-09T18:15:44+00:00,2026-05-09T21:41:42+00:00,2,0,0,114.072,114.07,227.343504,2
0x96c94d88700f600ee5c25f21c2205983df6c6c03,2026-02-12T03:49:37+00:00,2026-03-10T01:10:11+00:00,2,78.305714,78.3,0,0,2.4395999982738028,2
0x96c9ed6e019126e14837f0f1d0a7d313e9c86296,2026-04-24T13:07:26+00:00,2026-04-24T14:18:34+00:00,2,0,0,168.716,168.71,336.245012,2
0x96ce10726cc852e5f3b8cdd294378e24ba0b5e65,2026-02-23T16:22:12+00:00,2026-03-28T22:11:22+00:00,12,4055.837232,0,0,0,40.9999979586159500,12
0x96e8e42db87aae72bf635ef6db7c3f1adb2dd240,2026-04-17T05:40:10+00:00,2026-05-04T13:47:20+00:00,15,12000.0,11000.00,0,0,104.00000,15
0x96f9971cc0cdcd6a3d15dcd8bd674c5f3e514f0d,2026-04-09T08:38:23+00:00,2026-04-11T19:28:39+00:00,2,171.14,171.14,0,0,2.22482,2
0x96fec3a8dc1d4d0d12279f59291af2cd513bbe22,2026-05-14T09:34:54+00:00,2026-05-14T09:34:54+00:00,1,333.333333,0,0,0,0.999998999000001,1
0x970a6df4190a8a52eef4900ffbd47aec35867c41,2026-05-19T02:33:28+00:00,2026-05-19T02:33:35+00:00,2,0,30.0,0,30.0,29.9700,2
0x970d9f8c5e9a1db204052e4db4e7ebc261cc6854,2026-04-25T03:49:16+00:00,2026-04-25T05:25:34+00:00,2,0,0,1625.877333,1625.87,3240.366221001,2
0x970e0c9bfb4d23838f21b6226955d912f8684d82,2026-05-17T00:29:12+00:00,2026-05-17T00:29:12+00:00,1,0,0,6.012,0,5.999976,1
0x971b44ad6ec24b3df2097cfeef623bc72d32d36a,2026-05-14T20:32:05+00:00,2026-05-14T23:23:54+00:00,2,0,0,9.3185,9.31,18.5819330,2
0x971eb332a26024f1c383ae9a83f406996f520499,2026-04-25T11:56:30+00:00,2026-06-03T09:04:00+00:00,4,0,0,2288.698666,2288.69,4562.978904002,4
0x9725f242d728723eed0c76639af39d013d8646d0,2026-04-06T20:48:43+00:00,2026-04-14T14:15:01+00:00,3,2678.571428,1250.0,0,0,28.749999996,3
0x97273a1f1636ee542d6f07c9f1e9f04c6032295a,2026-04-30T13:52:46+00:00,2026-05-19T23:59:51+00:00,3,0,0,255.211,180.69,434.487126,3
0x972ae5bf110e0b5507bdbcd298635abcbb762126,2026-05-09T02:01:37+00:00,2026-06-13T03:35:07+00:00,2,0,0,23.069,23.06,46.036733,2
0x974380d972a5da641d27fd822bd98816aeca908d,2026-06-03T13:40:49+00:00,2026-06-03T13:41:07+00:00,4,0,0,10.160,10.16,20.289520,4
0x9748d8f29f4911e4d9c07f84da0d1974307291e1,2026-06-03T15:46:36+00:00,2026-06-03T15:46:36+00:00,1,2000.0,0,0,0,4.0000,1
0x9766b2b380c6d5ed93689496879589e81d11a667,2026-05-13T05:50:28+00:00,2026-05-13T10:07:50+00:00,2,0,0,261.523,261.52,521.735394,2
0x9768660de14e0e0cb128930079d2d93668ba1b82,2026-06-10T23:28:30+00:00,2026-06-10T23:28:30+00:00,1,20000.0,0,0,0,20.0000,1
0x978b062e1ec5487da0d1197f0fd7e188da008937,2026-06-03T05:46:01+00:00,2026-06-03T05:47:22+00:00,2,0,0,25.025,25.02,49.969935,2
0x978b17781aeda0dd1bbf818708db1d997e2df4a8,2026-04-18T06:38:42+00:00,2026-04-18T09:17:42+00:00,2,0,0,79.5576,79.55,158.2325120,2
0x979aae2ae94ef40a2b3f7fbd771e08ff901a546b,2026-05-23T04:28:06+00:00,2026-05-23T04:28:06+00:00,1,0,0,738.2665,0,736.7899670,1
0x97a93531463a18a887fb86b4025b02c873d1c427,2026-05-16T21:33:25+00:00,2026-05-19T23:55:32+00:00,2,0,0,2.004,2.0,3.993992,2
0x97ac44dd8cf28de154c9b54725fa3594588492b2,2026-06-17T13:09:04+00:00,2026-06-17T13:09:04+00:00,1,4000.0,0,0,0,4.0000,1
0x97b6ddd1644a33cce5fcfcc0061f14726ec9c15b,2026-05-21T04:27:37+00:00,2026-05-21T08:19:09+00:00,2,0,0,142.2845,142.28,283.8530910,2
0x97c61828a703bf92c7e472e4247775514a306587,2026-05-13T10:10:35+00:00,2026-06-06T03:31:54+00:00,201,0,0,1399.0450,1399.03,2793.3165370,201
0x97e259c0e8f825c51097a30113323c55cc418c5c,2026-03-19T08:05:57+00:00,2026-03-19T08:05:57+00:00,1,125.0,0,0,0,1.0000,1
0x97e7fe3543f0c9aba25e024ff812de08b67a6eca,2026-04-24T05:42:30+00:00,2026-04-26T05:03:38+00:00,4,0,0,204.443,204.44,407.451911,4
0x97f23c97fc676090c95c3cf7af4abea3a15853dd,2026-05-01T12:13:32+00:00,2026-05-01T14:25:56+00:00,2,0,0,311.524333,311.52,620.863680001,2
0x97fe11c9633ec8f0ff7ecbb72ab2785934ddf80d,2026-04-16T03:04:58+00:00,2026-04-18T18:58:04+00:00,2,0,0,15.01,15.01,29.83988,2
0x9813bba18b265a07c33eef10269e200b7b37aa36,2026-05-19T05:22:55+00:00,2026-05-19T05:22:55+00:00,1,0,0,101.202,0,100.999596,1
0x982e7fc3f42da4f33efdea6acbcd3d572627ad73,2026-05-20T00:29:07+00:00,2026-05-20T00:29:07+00:00,1,0,0,10.0,0,9.9800,1
0x9839c35bc6e5edfa1287b0767615d25f347756e5,2026-05-23T20:35:59+00:00,2026-05-23T20:35:59+00:00,1,0,0,24.4485,0,24.3996030,1
0x9840267d9712d0284ab1c7b5624ca9512d8f4530,2026-05-13T02:48:40+00:00,2026-05-13T03:58:40+00:00,2,0,0,1499.26,1499.26,2991.02370,2
0x98405ff1b31ccd265f60e31ce1b34d9d8e15e6bc,2026-04-30T06:42:04+00:00,2026-06-06T18:34:10+00:00,7,0,0,48.0,47.995856,95.7118680007940688,7
0x9848da3a4a051c11a4f60215076d02810ec16fb0,2026-04-26T04:05:28+00:00,2026-05-29T11:44:52+00:00,4,0,0,127.801166,127.80,254.750196002,4
0x984abaa0e1d5ce96fc751ac15fedaf6252ecab2b,2026-05-05T13:21:10+00:00,2026-05-06T02:56:36+00:00,2,247.0,247.0,0,0,1.7290,2
0x984d4dfc5b7905c09c6b27507dfc3f22161f3a62,2026-04-18T17:27:48+00:00,2026-04-21T08:33:42+00:00,4,0,0,91.2460,91.24,181.4823300,4
0x98593b2edea8f7b4491f8cbf69051b95ce317012,2026-05-23T05:31:37+00:00,2026-05-23T05:31:37+00:00,1,0,0,91.022,0,90.839956,1
0x98bd9b8da79b36abdb531af53f514f0170d66a76,2026-04-24T12:06:16+00:00,2026-04-24T14:53:08+00:00,2,0,0,78.676,78.67,156.795292,2
0x98cf4e611122cdec53c816613e676ce8d1371f4a,2026-04-09T18:00:45+00:00,2026-06-15T15:59:39+00:00,4,1857.142855,0,0,0,6.999999985,4
0x98e462e92678d597db6e454ed783b5f2f5e5e243,2026-05-09T16:31:08+00:00,2026-05-09T18:56:42+00:00,2,0,0,96.228666,96.22,191.775100002,2
0x98e96ed45aef17f93697e624311ee42265d57385,2026-05-08T13:07:19+00:00,2026-05-08T17:31:02+00:00,2,0,0,263.831333,263.83,525.814519001,2
0x98f7f155d55060cba9f111e32a8aa51399cd813e,2026-05-26T02:48:22+00:00,2026-05-26T05:32:19+00:00,2,0,0,1198.35,1198.35,2390.70825,2
0x990d9f15cf89af2ab813ba7f90e7c21b80e92c43,2026-05-27T10:56:05+00:00,2026-05-27T10:56:05+00:00,1,0,0,10.9315,0,10.9096370,1
0x991e87b17670781d7fe91c2f242fa1039a988892,2026-05-04T04:27:52+00:00,2026-05-04T04:27:52+00:00,1,0,0,5.697,0,5.679909,1
0x9926916d5d26aab315012f5cf7626149e48b3add,2026-04-26T04:06:20+00:00,2026-05-26T19:27:56+00:00,3,0,0,172.003666,139.93,310.889999002,3
0x9939a54c957fb485e19bf3684a175082984b3213,2026-06-05T09:15:33+00:00,2026-06-05T09:15:33+00:00,1,1000.0,0,0,0,1.0000,1
0x993fe20a9ecfb7e3c072f7f8c3dcbf87243b35cb,2026-03-24T19:28:29+00:00,2026-05-03T15:33:56+00:00,5,0,12.04,10.16,10.0,19.88356,5
0x994488b2eb32d107040a9f8a659ff9ee902ab720,2026-05-06T06:21:30+00:00,2026-05-06T07:57:42+00:00,2,0,0,37.041,37.04,73.821717,2
0x994e4ad0daef99736c281b57ddca221a3267ede6,2026-04-16T16:54:46+00:00,2026-04-16T17:20:36+00:00,2,0,0,147.454666,147.45,292.987788004,2
0x994e832a38b16bf7fc0455f714cd19c23854a009,2026-05-16T06:27:55+00:00,2026-05-16T11:34:13+00:00,2,0,0,74.148,74.14,147.917284,2
0x99539682bba797d0fc8f4d7540d2522938d64916,2026-03-24T18:29:37+00:00,2026-03-24T18:32:29+00:00,2,0,0,12.61,12.61,24.82909,2
0x99747ceb06466ed3a899c016d4cbc4e29c55c371,2026-05-19T08:38:57+00:00,2026-05-19T08:38:57+00:00,1,0,0,66.3225,0,66.1898550,1
0x99917511b9026a5f1912eb918093a1def1c89e0c,2026-05-01T13:13:58+00:00,2026-05-01T14:22:06+00:00,2,0,0,53.721,53.72,107.064957,2
0x9995c4bcde1863bcabceca1a0862635f30443fbf,2026-04-25T11:40:46+00:00,2026-04-25T12:26:14+00:00,2,0,0,131.815333,131.81,262.702647001,2
0x9998bc56cd88c4c9fbf11f99ca645f9e9a54e81b,2026-03-18T12:52:51+00:00,2026-03-22T18:05:49+00:00,6,908.992181,908.99,0,0,19.9978040006895267,6
0x999f3ab7815c03cfb5e77f638b9e8b070cf2c54a,2026-04-23T16:53:36+00:00,2026-04-23T17:47:16+00:00,2,0,0,100.371,100.37,200.038407,2
0x99a9e064a13861094f7bb62c4c198ac206cdb99a,2026-04-23T11:12:16+00:00,2026-04-23T13:27:30+00:00,3,833.333333,833.33,0,0,8.336109998,3
0x99b4094f8a5c8d4a645bb0c87e0cdd273c40cb82,2026-04-19T07:46:22+00:00,2026-05-11T10:05:11+00:00,4,0,0,106.2172,106.21,211.4858940,4
0x99c9f21033435321d73338ba2bbfb0d5146155c8,2026-04-27T07:27:32+00:00,2026-04-27T08:50:40+00:00,2,0,0,51.855333,51.85,103.342367001,2
0x99cde64512090f2f0b8c4eea31f27093692faf79,2026-05-26T22:11:24+00:00,2026-05-26T22:11:24+00:00,1,0,0,5.611,0,5.599778,1
0x99d13b89a392e987fe43f0c4b863565124a7d5c1,2026-02-02T09:02:58+00:00,2026-04-17T13:18:52+00:00,49,15143.560221,0,0,0,111.2355400002728883,49
0x99ed41619ce95ea23ee4ae7d0ea35876d80c4160,2026-05-13T12:37:50+00:00,2026-05-13T13:21:32+00:00,2,0,0,72.625,72.62,144.881890,2
0x9a0c8851d16d81798ae8d3048a0df14f43b8dcce,2026-03-27T08:01:15+00:00,2026-03-27T08:51:07+00:00,2,90.909089,90.9,0,0,1.9998989971818388,2
0x9a314c8f0c9db6205508ee3968098af415ebd062,2026-05-24T13:56:17+00:00,2026-05-24T13:56:17+00:00,1,0,0,10.0,0,9.9800,1
0x9a3c1167d75494bae8d35ec5a163b14c82cc7b0c,2026-06-04T12:41:36+00:00,2026-06-04T12:41:55+00:00,4,0,0,10.170,10.17,20.309490,4
0x9a3e45ecdea5420a0913ce9e02caa0a24c6d2376,2026-06-04T18:38:10+00:00,2026-06-04T18:38:40+00:00,6,0,0,15.245,15.24,30.439275,6
0x9a3ea8fb65474a60c7e290e96ceee0ae580a58a2,2026-05-20T11:17:10+00:00,2026-05-20T11:17:10+00:00,1,0,0,22.8955,0,22.8497090,1
0x9a46d8e9c1a7044d7929e9ae2787118c2ad6c2a7,2026-05-23T13:44:34+00:00,2026-05-23T13:44:34+00:00,1,0,0,21.9035,0,21.8596930,1
0x9a4f6334ba203206f4531983cd9df420ddd8a409,2026-05-15T15:47:24+00:00,2026-05-15T15:47:24+00:00,1,0,0,34.068,0,33.999864,1
0x9a53a6c84d9eb976606d996577a9516578d51771,2026-05-21T07:48:59+00:00,2026-05-21T16:36:35+00:00,2,0,0,356.713,356.71,711.639444,2
0x9a5bc39bca0ceb6ee569b640f6e5a3417aaa8d70,2026-04-04T14:11:21+00:00,2026-05-01T18:20:06+00:00,2,125.0,125.0,0,0,1.3750,2
0x9a6979a0ecb1625938be464db30785faeb1e4483,2026-03-10T09:23:25+00:00,2026-03-10T09:23:25+00:00,1,0,0,2.02425,0,1.99995900,1
0x9a8142a8fa975a4d8a8b698f62c2eca4059b3e68,2026-05-28T05:19:10+00:00,2026-05-28T05:19:10+00:00,1,0,0,245.0,0,244.5100,1
0x9a967596405ac979e812d5037215a8c1fc13c691,2026-03-31T03:35:09+00:00,2026-04-01T02:42:45+00:00,8,408.0,408.00,0,0,8.49210,8
0x9a9fb07a7231c00e53ebea4b6229a6a1f687cee8,2026-05-27T19:52:56+00:00,2026-05-27T19:52:56+00:00,1,0,0,48.046,0,47.949908,1
0x9aa07a637500769bc35eee5ff31497d8c0db8779,2026-05-25T09:14:15+00:00,2026-05-31T06:15:54+00:00,5,0,0,25.0,25.0,49.8950,5
0x9aaa75e503df2dfaa408bd3c6ba264a9bf7735b2,2026-05-08T05:29:20+00:00,2026-05-08T06:10:10+00:00,2,0,0,1242.467333,1242.46,2476.230091001,2
0x9ab69b3cc21ae2208c7f853c70509e8108445194,2026-06-01T20:19:32+00:00,2026-06-01T20:19:58+00:00,4,0,0,10.560,10.56,21.088320,4
0x9ab7adb731f024b725111ec6a9d4ef63e8b19358,2026-05-03T03:48:48+00:00,2026-05-04T05:32:02+00:00,2,0,0,924.21,924.21,1841.95053,2
0x9abb7004b237283272872e30bdbb01112c4b32d2,2026-05-11T08:19:46+00:00,2026-05-11T10:06:49+00:00,4,0,0,920.811666,920.81,1835.175991002,4
0x9ac0424ec02ab1ebb0425b28c44f0fbd6eaf0ceb,2026-05-11T05:21:42+00:00,2026-05-15T12:40:09+00:00,4,0,0,15.038,15.03,29.976790,4
0x9ac4b2b9239e9bf5829ad3b5570cfb80ddaafdc8,2026-05-20T07:16:13+00:00,2026-05-20T07:53:33+00:00,2,0,0,10.02,10.02,19.98990,2
0x9ae77a7b95bb8f0ac7f013de8d59c5e385d674c5,2026-05-11T05:48:46+00:00,2026-05-11T06:18:37+00:00,2,0,0,3.0,3.0,5.9790,2
0x9aed01b5125ccd008d2b521b2ab054aadeee8882,2026-05-22T14:40:19+00:00,2026-05-22T16:00:33+00:00,2,0,0,16.9335,16.93,33.7788430,2
0x9af4a32be5da25603bcfb82d88f40ef2013c0597,2026-04-20T16:38:26+00:00,2026-04-20T16:38:26+00:00,1,333.333333,0,0,0,1.999999998,1
0x9af81851e665018c5aa6dd812a14f7cd2ceeaf23,2026-05-03T11:47:56+00:00,2026-05-03T15:15:10+00:00,2,0,0,191.745,191.74,382.142805,2
0x9afb82244be0ca7771ad196bc88aec8b952f1e55,2026-04-14T01:06:53+00:00,2026-04-16T15:56:36+00:00,2,0,0,17.88,17.88,35.52756,2
0x9b0a570906acb5bcfdd7161df10e8316bc083320,2026-05-19T07:48:43+00:00,2026-05-19T07:48:43+00:00,1,0,0,100.3005,0,100.0998990,1
0x9b0c3ee78f2ca11acdd29ae72750066e41e87dd5,2026-06-12T20:29:15+00:00,2026-06-12T20:29:15+00:00,1,1000.0,0,0,0,1.0000,1
0x9b1193b5c4bf60519b8b1ac9db3cf7d0d2a46245,2026-04-18T02:14:18+00:00,2026-05-08T12:53:19+00:00,4,0,0,529.0,529.0,1052.2210,4
0x9b129ad05bc0a8df3c73dfcc66fe75252daec2d5,2026-05-28T01:04:15+00:00,2026-05-28T01:04:15+00:00,1,0,0,87.0,0,86.8260,1
0x9b2844adb9f97bfa9c6b36be17aa4d0847a75b76,2026-06-16T09:45:19+00:00,2026-06-16T13:02:54+00:00,2,5000.0,0,0,0,5.0000,2
0x9b35a73d4321cd5c4b36e0deb5189132b82c72d7,2026-05-04T08:10:10+00:00,2026-05-08T08:48:26+00:00,6,2199.0,0,0,0,8.7960,6
0x9b4024946f6e6c6207cef7874350e036c8f4c44a,2026-05-24T08:02:15+00:00,2026-05-24T08:02:15+00:00,1,0,0,40.08,0,39.99984,1
0x9b441b6b8faae95ad646f8f8e1e09e382f3b3109,2026-05-23T17:42:39+00:00,2026-05-23T17:42:39+00:00,1,0,0,28.2865,0,28.2299270,1
0x9b4b782b8ff3b139fc0491a91ff6227632cd591c,2026-05-18T04:12:10+00:00,2026-06-06T21:04:46+00:00,120,0,0,359.5745,359.56,717.6357410,120
0x9b4d11b77d4e8b1bb3845f6ba556acf4ab63b47e,2026-06-01T04:00:42+00:00,2026-06-01T04:00:42+00:00,1,0,0,11.411,0,11.399589,1
0x9b69e24ec3b8215afa8ee8ea56b0d72a18838251,2026-05-27T12:35:22+00:00,2026-05-27T12:35:22+00:00,1,0,0,11.543,0,11.519914,1
0x9b79ab1bfca1f4065b21a86928bb769c874be1dd,2026-05-11T11:54:58+00:00,2026-05-11T11:54:58+00:00,1,0,0,5.015,0,4.999955,1
0x9b87816114e6fa780f66156f167341248dfa3d8a,2026-06-03T00:02:12+00:00,2026-06-03T00:02:38+00:00,4,0,0,10.370,10.37,20.708890,4
0x9b8802f4be1c030bc30c5d29e5c4c4bc940dd0a3,2026-06-03T02:21:16+00:00,2026-06-12T07:11:36+00:00,2,0,0,44.244,44.24,88.395516,2
0x9b8918babb2e5f45704dcf90a2b1bda04ca785ac,2026-05-23T02:59:57+00:00,2026-05-25T00:09:08+00:00,2,0,0,39.9895,39.98,79.7695810,2
0x9b8dc2865ec95273516ef6fed02fc08e89da5fc0,2026-06-03T19:51:48+00:00,2026-06-03T19:52:28+00:00,4,0,0,10.370,10.37,20.708890,4
0x9b8f30f3580890c17aaf79685ecd354186e01090,2026-05-09T07:23:07+00:00,2026-05-09T08:46:17+00:00,2,0,0,1173.0,1173.0,2337.7890,2
0x9b9dfdecf1d243dc19106728da1707aea016df7f,2026-05-24T14:07:13+00:00,2026-05-24T17:15:17+00:00,2,0,0,168.4065,168.4,335.9644870,2
0x9b9ee4b1fa5e2167d8250f75291c40855c572d37,2026-05-14T17:18:53+00:00,2026-05-14T20:32:36+00:00,2,0,0,43.186,43.18,86.150088,2
0x9ba1cd020f0649efce4f1ed873ad45d929b1ac2c,2026-05-08T21:12:40+00:00,2026-05-11T07:13:32+00:00,2,0,0,2.808333,2.8,5.5887079998766668,2
0x9bad059350d07692d00daa691cdbe0ad2669098a,2026-05-09T00:14:35+00:00,2026-05-09T01:07:40+00:00,2,0,0,1700.0,1700.0,3388.1000,2
0x9bb1007a7c1caf7543d48cb8ba60c3f5fe14c623,2026-06-04T10:45:03+00:00,2026-06-04T10:46:31+00:00,2,0,0,107.247,107.24,214.165273,2
0x9bb5a33b56c0f92dd6067dfa970686bee3774c15,2026-05-15T10:30:06+00:00,2026-05-16T07:40:09+00:00,2,0,0,327.655,327.65,653.666740,2
0x9bba7ae6b61640ee4615cf54226eb232e1f2b9b8,2026-05-27T02:32:46+00:00,2026-05-28T15:24:21+00:00,2,300.0,231.0,0,0,1.3620,2
0x9bd2ea97c88e582066670ff377e346e8c8f454a1,2026-06-04T14:24:18+00:00,2026-06-04T14:24:33+00:00,4,0,0,10.160,10.15,20.279540,4
0x9be90ea78bff3f81f3564a11d5e12b2a0783c030,2026-02-04T19:45:27+00:00,2026-03-21T03:47:21+00:00,26,0,0,1972.213693,0,1955.3657230051074564,26
0x9bfd28e1f8502c03171dc8227e6dea265e73a7a1,2026-06-02T08:45:33+00:00,2026-06-02T08:45:33+00:00,1,2500.0,0,0,0,5.0000,1
0x9c05e16a5845d7a9b507777e7cfcd01c40e817c1,2026-05-13T07:30:03+00:00,2026-05-22T08:54:36+00:00,18,0,0,3227.6535,3227.65,6439.1652430,18
0x9c1504148d42c52739ef0ddf54cdbbe815a4fc6b,2026-04-23T03:14:56+00:00,2026-04-23T04:02:56+00:00,2,0,0,61.9296,61.92,123.1684320,2
0x9c269ce9f60c0fb0db83b87dad9adc9225db8a5c,2026-05-13T10:16:32+00:00,2026-05-13T21:44:38+00:00,2,0,0,60.12,60.12,119.93940,2
0x9c355b80cbeb6f189a24ee3a6119b03797513eb8,2026-05-17T12:26:48+00:00,2026-05-17T12:26:48+00:00,1,0,0,10.0,0,9.9800,1
0x9c429c2a670733b43b8682c7e74850d0bf521bd6,2026-06-01T17:53:01+00:00,2026-06-01T17:53:01+00:00,1,0,0,10.01,0,9.99999,1
0x9c5448df68c3b50be08f27eaba1e467c72d3364c,2026-05-06T05:39:56+00:00,2026-05-06T10:35:36+00:00,2,0,0,1425.98,1425.98,2841.97814,2
0x9c69f709d5e5258d5762e0564a4706888f86d06a,2026-05-18T06:33:40+00:00,2026-05-19T06:35:50+00:00,2,0,0,226.4525,226.45,451.7702450,2
0x9c7ed3687471096da2237f0a032536df95540cc3,2026-05-10T05:36:18+00:00,2026-05-10T08:18:21+00:00,2,0,0,36.870333,36.87,73.482242001,2
0x9c8e1f5ad3eddc306c5bbb0231e2ab16cb3ed1d2,2026-05-16T06:15:19+00:00,2026-05-16T23:06:19+00:00,2,0,0,38.076,38.07,75.955638,2
0x9c9623a2f60f9ee1805d3941a7ee5b9fe6a0451a,2026-05-09T11:17:55+00:00,2026-05-09T11:32:47+00:00,2,0,0,7.021,7.02,13.991857,2
0x9cdb82310201c9b257604da78fca9210aa06551e,2026-05-26T16:11:47+00:00,2026-05-26T16:16:52+00:00,2,0,0,104.569,104.56,208.606182,2
0x9cf4d040943afa163380473f7073a81862289341,2026-05-28T15:39:40+00:00,2026-06-04T13:21:13+00:00,14,0,0,327.423,327.42,653.668355,14
0x9cf64adaee5f5fb7860861d9b674688494b08936,2026-05-13T23:03:33+00:00,2026-05-21T03:06:20+00:00,2,0,0,8.0,8.0,15.9600,2
0x9d0ac9d00693aa55f079e56c41060f40672c5e41,2026-05-14T18:23:10+00:00,2026-05-14T21:34:10+00:00,2,0,0,48.3565,48.35,96.4647370,2
0x9d1a7575bba2c2db4dec190170c453ae7f114f47,2026-05-04T06:11:02+00:00,2026-05-04T11:40:30+00:00,2,0,0,2000.0,2000.0,3986.0000,2
0x9d1ea87912a8e6baa11969b1be9661b255c9e311,2026-05-24T20:30:12+00:00,2026-05-31T14:47:25+00:00,2,0,0,30.06,30.06,59.99976,2
0x9d277de814f7ed5fed134b501da2b71018d7ad49,2026-05-06T13:28:12+00:00,2026-05-27T16:13:04+00:00,4,0,0,204.586833,204.58,407.808296001,4
0x9d2ca88f035cc195e1288ce34317b458d2b689e5,2026-06-01T06:20:05+00:00,2026-06-01T06:20:05+00:00,1,10000.0,0,0,0,20.0000,1
0x9d2d4160300aab178754895c633d5f94ad1c6988,2026-06-17T12:48:53+00:00,2026-06-17T12:48:53+00:00,1,1000.0,0,0,0,1.0000,1
0x9d30de6e2136b95ca5f725620354902283bcfbe9,2026-05-24T06:05:21+00:00,2026-05-24T06:05:21+00:00,1,0,0,74.148,0,73.999704,1
0x9d3e4d536636e890dad08a83bc4a41f3a209cc3b,2026-05-18T20:58:57+00:00,2026-05-18T20:58:57+00:00,1,0,0,31.122,0,31.059756,1
0x9d55430dd6651603a5c16dd4e9ae04ef7cc8edde,2026-03-16T06:52:53+00:00,2026-03-17T16:15:09+00:00,4,10.0,10.0,0,0,0.2300,4
0x9d5ee97b633fa759a5e4dc2fcf1058b9d803bd52,2026-05-08T04:40:48+00:00,2026-05-08T05:20:51+00:00,2,0,0,157.402,157.4,313.700194,2
0x9d5f58187c827169d471afb3e91ba3a70b6b4857,2026-06-02T12:28:20+00:00,2026-06-04T06:53:18+00:00,2,0,0,342.342,342.34,683.654978,2
0x9d61a7146e4b1b584241e9e0d12eb60e00ce36e2,2026-06-04T23:32:43+00:00,2026-06-05T00:37:21+00:00,2,0,0,8801.0,8801.0,17584.3980,2
0x9d6a3358ca8017782f8271b926f010b0509127c3,2026-03-04T06:58:31+00:00,2026-03-04T07:17:41+00:00,3,0,0,14.53,14.53,28.74034,3
0x9d76354ecc7d852b7acb25f00e17cb37cb52044e,2026-05-14T11:45:34+00:00,2026-05-14T12:06:55+00:00,2,0,0,6.012,6.01,11.991946,2
0x9d7bae2f3568b38c1665ebdfe85fe5954123b1a5,2026-05-11T12:10:06+00:00,2026-05-12T09:50:12+00:00,2,0,0,242.728,242.72,483.991656,2
0x9d8ca13908dd49d290e044d447c2509a9986a80d,2026-05-02T08:07:30+00:00,2026-05-02T09:03:26+00:00,2,0,0,1265.21,1265.21,2521.56353,2
0x9d92065522b3139680762496810ebcca95405e0c,2026-05-14T12:28:16+00:00,2026-05-14T12:45:44+00:00,2,0,0,992.3645,992.36,1979.7626910,2
0x9d967450317724d768a26ffa45ae7e571f37377b,2026-05-19T04:59:00+00:00,2026-05-19T04:59:00+00:00,1,0,0,4.3085,0,4.2998830,1
0x9d987ed61b924755eb183a790df973602c8ec8c6,2026-06-02T01:37:23+00:00,2026-06-05T20:40:30+00:00,2,0,0,48.048,48.04,95.991912,2
0x9da174e2175af146fbd00403e41f88c97d43de0e,2026-05-09T08:08:51+00:00,2026-05-09T11:52:18+00:00,2,0,0,371.384151,371.38,740.1644779899237735,2
0x9db6b7e7888c14341b9bba271d76d19d4d5919ac,2026-05-13T12:33:51+00:00,2026-05-13T12:55:15+00:00,2,0,0,1052.585,1052.58,2099.902090,2
0x9dbba413433f25b09b0f3877fb0115102169f1c2,2026-05-06T11:14:12+00:00,2026-05-06T14:25:13+00:00,2,0,0,61.003,61.0,121.575991,2
0x9dbee395bb47fef478a4200cd1367c7678895eb5,2026-05-14T09:57:07+00:00,2026-05-20T11:48:31+00:00,8,0,0,1839.6785,1839.67,3670.1501330,8
0x9dc2e5f6d8a88fd78d549d390918671282ef0727,2026-01-10T00:27:22+00:00,2026-02-12T12:03:47+00:00,9,331.34,331.34,0,0,9.28470,9
0x9dc7739bddb813b0534c348d68362784753a7a29,2026-04-16T04:48:44+00:00,2026-04-16T04:48:44+00:00,1,164.07,0,0,0,1.14849,1
0x9dcbf55fd3c761c5c5c1a132f8fa2ac195fcefd3,2026-05-28T00:24:55+00:00,2026-05-28T00:24:55+00:00,1,0,0,13.3965,0,13.3697070,1
0x9ddabdaec54319388d53326ee0f7bf281c1b4870,2026-05-22T08:44:18+00:00,2026-05-22T08:44:18+00:00,1,0,0,12.024,0,11.999952,1
0x9deb25170d258cbc99aab5b16127ea09120b83d3,2026-05-17T07:56:34+00:00,2026-05-17T07:56:34+00:00,1,0,0,10.0,0,9.9800,1
0x9def95dfd73dc426fde7bc73a29bc2cc5bd79edc,2026-05-28T02:36:55+00:00,2026-05-28T04:04:11+00:00,2,0,0,10.02,10.02,19.98990,2
0x9df2056bd6184e6b308c95e6d16f62e8158688de,2026-04-30T09:01:56+00:00,2026-05-26T10:39:33+00:00,3,0,0,114.6490,89.26,203.3226620,3
0x9e0e13fb38eeecd27f90a1c46238dc42084a5458,2026-05-10T22:16:50+00:00,2026-05-31T00:20:23+00:00,4,0,0,7.821333,7.82,15.5984229998365334,4
0x9e0f069dbfb2b5c6f5dcd23a1ead2c3c5d17db7b,2026-05-23T10:43:51+00:00,2026-05-23T10:43:51+00:00,1,0,0,20.0,0,19.9600,1
0x9e363a8780f278cafcec69053cab8c7f9cf5ec6e,2026-05-10T07:21:39+00:00,2026-05-10T08:55:04+00:00,2,0,0,71.213333,71.21,141.924853001,2
0x9e4132e3e68936c7088741c011d947d99e31ea1c,2026-06-01T03:07:09+00:00,2026-06-01T03:07:09+00:00,1,0,0,12.512,0,12.499488,1
0x9e49dc98008fc5223b15dbbbeda6c6a1e0e75b13,2026-05-07T07:06:34+00:00,2026-05-07T07:58:24+00:00,2,0,0,60.922666,60.92,121.416218002,2
0x9e4fa0db2ad061eb7bb9892d1a9c922b4f4b2fce,2026-05-22T20:03:15+00:00,2026-05-25T23:33:25+00:00,2,0,0,131.2625,131.26,261.8661950,2
0x9e6e6e4e336a02201a97539f5d20921601a682e7,2026-06-01T13:41:08+00:00,2026-06-01T13:41:08+00:00,1,0,0,10.11,0,10.09989,1
0x9e78450d2a42027eb3be1c421e79f1cc37e5d9a2,2026-02-15T10:16:33+00:00,2026-03-22T18:05:49+00:00,2,50.0,50.0,0,0,1.4000,2
0x9e7c3deb405c33ac3cbb1d038492fdfb3316f06f,2026-05-09T19:20:27+00:00,2026-05-09T22:56:48+00:00,13,0,0,5.445999,5.40,10.8080609999621013,13
0x9e806ebc0d5826c377a674d0bd401ab8dde230e2,2026-06-05T00:07:19+00:00,2026-06-05T00:07:19+00:00,1,100.0,0,0,0,0.1000,1
0x9e81167b7df964f77c838086efb68b2b4ba06c06,2026-04-01T15:41:01+00:00,2026-04-13T12:19:55+00:00,2,60.0,60.0,0,0,0.8400,2
0x9e86a1e00bee434b018fd603814485e1ea07c770,2026-01-13T14:20:27+00:00,2026-01-13T14:20:27+00:00,1,0,0,27.2845,0,27.2299310,1
0x9e8f17fa6a8a991c6e51cbb28ab28962364e80bd,2026-05-18T12:59:36+00:00,2026-05-18T17:33:44+00:00,2,0,0,35.07,35.07,69.96465,2
0x9e9c91300f90012572a8fae0ff178c0deb3ebc0d,2026-03-02T09:23:07+00:00,2026-03-02T09:26:29+00:00,2,0,0,10.26,10.26,20.279759999778,2
0x9ea61915ba306e6d54c0142d20e626e85cab7172,2026-05-22T17:08:36+00:00,2026-05-22T19:22:09+00:00,2,0,0,20.9215,20.92,41.7368970,2
0x9ea73f66af46038b007a2793c4fa41c3a4a53304,2026-05-19T16:58:29+00:00,2026-05-20T03:42:01+00:00,2,0,0,49.098,49.09,97.942534,2
0x9eac8d6c8418a862b4eb8ee5cd5ee82ccec57d35,2026-05-08T12:25:33+00:00,2026-05-08T14:25:49+00:00,2,0,0,230.651666,230.65,459.687111002,2
0x9eb24d2d5c5bd292ae2fc0e0eb337e419f315b9c,2026-04-27T04:46:18+00:00,2026-04-27T05:49:28+00:00,2,0,0,49.699,49.69,99.041143,2
0x9ebee7a5dab4753c3c71a5d85bf39e4c1ff0d0a6,2026-05-10T14:12:42+00:00,2026-05-10T21:38:52+00:00,2,0,0,80.240666,80.24,159.918984002,2
0x9f1625f51d509292c19516d9bee461ddb4231d21,2026-05-01T13:15:56+00:00,2026-06-13T06:06:54+00:00,2,0,0,53.0,53.0,105.7880,2
0x9f1fea2707800b4343cd1a3b4172f67a106faa98,2026-05-08T08:47:28+00:00,2026-05-08T09:03:25+00:00,2,0,0,962.888333,962.88,1919.028148001,2
0x9f2396e83723b95a2bf354971f8a6a9c42d2f7e4,2026-05-11T12:16:05+00:00,2026-05-11T16:18:57+00:00,2,0,0,45.135333,45.13,89.994537001,2
0x9f34f8a863f7972eacb7e47c9d473183192557b7,2026-05-28T05:31:57+00:00,2026-05-28T05:45:46+00:00,2,0,0,14.028,14.02,27.977884,2
0x9f48b81b99b07d140b57388b2de5aa07eec175b3,2026-05-07T04:55:29+00:00,2026-05-07T05:56:08+00:00,2,0,0,75.837333,75.83,151.136501001,2
0x9f4d647cbfd234f5bc85bddf8ddbaac4a29090df,2026-05-17T06:44:05+00:00,2026-05-17T07:04:20+00:00,2,0,0,10.02,10.02,19.98990,2
0x9f54c1b12914d8b723d081d12c5132d8407a5983,2026-05-23T13:50:01+00:00,2026-05-23T14:59:59+00:00,2,0,0,12.044,12.04,24.023792,2
0x9f766da3a5c9b67d7c626c7c2c9b149600a3617a,2026-05-28T06:30:52+00:00,2026-05-28T09:15:41+00:00,2,0,0,10.02,10.02,19.98990,2
0x9f8b94846ebd3fc7eb9469493c6ef53a2a14d3f0,2026-03-04T04:10:59+00:00,2026-03-04T04:15:31+00:00,2,0,0,12.52,12.52,24.75204,2
0x9f9469a7866e07de4c721ff8e2960d9c9653cebb,2026-05-01T11:44:14+00:00,2026-05-01T11:44:14+00:00,1,500.0,0,0,0,2.0000,1
0x9f9656f174dc5a86d8c28884574613b656de2201,2026-03-10T12:39:25+00:00,2026-03-10T13:02:53+00:00,2,0,0,12.58,12.58,24.80776,2
0x9fae59761bdc7c82ac2c6bda685c88e263f82c30,2026-05-18T08:50:20+00:00,2026-05-19T05:38:44+00:00,2,0,0,73.146,73.14,145.920288,2
0x9fbbe07f11761ebfaf1cd7b6b5afdc24b14e20e0,2026-06-04T18:41:12+00:00,2026-06-04T18:56:18+00:00,4,0,0,10.170,10.17,20.309490,4
0x9fda70076c1708223117ca21d327e1c6bb3ef581,2026-05-24T06:53:16+00:00,2026-05-24T06:53:16+00:00,1,0,0,20.0,0,19.9600,1
0x9fe70c798ea3e666c8fd1366a8bba59471320d98,2026-04-12T14:25:53+00:00,2026-04-14T15:33:33+00:00,2,183.87,183.87,0,0,2.39031,2
0x9ff0ccc122d39ba55186a27ab0e9a3b4cf9378b6,2026-04-19T11:36:10+00:00,2026-04-19T13:08:14+00:00,2,0,0,74.1306,74.13,147.4451670,2
0x9fff8722019e4ce3c15ca12666ed5610ca268e68,2026-03-10T12:39:25+00:00,2026-03-10T13:02:53+00:00,4,0,0,12.1,12.10,23.86120,4
0xa006b4f407723e806474a507d7eb935d3df81931,2026-04-20T01:49:46+00:00,2026-04-20T03:25:54+00:00,2,0,0,59.7286,59.72,118.7916370,2
0xa00b41f258cfc9455038d11a5a78bb28ac3a6e28,2026-05-09T17:59:13+00:00,2026-05-09T22:38:36+00:00,2,0,0,151.454333,151.45,301.844170001,2
0xa02309e49c6d97081cb0b23c2c291c092198cfcb,2026-05-05T12:09:28+00:00,2026-05-05T12:09:28+00:00,1,0,0,2.006,0,1.999982,1
0xa02ba7ba3bf3932741b2976d6c24d5c218e8b45b,2026-05-12T20:12:07+00:00,2026-05-13T05:54:33+00:00,2,0,0,74.148,74.14,147.917284,2
0xa02f7a1eef94f8223dd9145081d0e5ef107ef0b3,2026-05-20T06:51:12+00:00,2026-05-20T08:34:04+00:00,2,0,0,10.02,10.02,19.98990,2
0xa038700e88e5679a72a257b416a97cd3fb91418c,2026-05-11T08:55:51+00:00,2026-05-23T23:08:00+00:00,3,0,0,64.134166,46.29,110.064439002,3
0xa046c2a4918f63d6fcadda84e9ff4f3c91ae2a65,2026-05-19T16:25:35+00:00,2026-05-19T18:58:41+00:00,2,0,0,11.132,11.13,22.206346,2
0xa048f0b33fc2d14f1f0759270c42b4bc5cb05523,2026-05-03T12:16:38+00:00,2026-05-04T06:04:46+00:00,2,0,0,2041.123333,2041.12,4067.955483001,2
0xa04a57400e7a558f147a59a07ae25272b613523f,2026-05-21T07:52:31+00:00,2026-05-21T09:06:24+00:00,2,0,0,10.02,10.02,19.98990,2
0xa05c4259e96b0ae00feaa737214bf8bf4e8b6f9f,2026-06-05T00:07:19+00:00,2026-06-05T00:07:19+00:00,1,6.0,0,0,0,0.0060,1
0xa062135a8814703e86ab7ba0f568f3d314e006d2,2026-05-15T06:26:12+00:00,2026-05-16T01:12:58+00:00,2,0,0,57.4845,57.48,114.6770910,2
0xa0644aa27b276bf8c33a0431f33f4c95644bd164,2026-06-07T15:24:24+00:00,2026-06-07T15:24:24+00:00,1,100000.0,0,0,0,100.0000,1
0xa0703c87064113ca7696043baf05d82588e8e0b5,2026-02-27T08:40:15+00:00,2026-02-27T08:43:39+00:00,2,0,0,300.0,300.0,595.2000,2
0xa070e9448a29f9d4c474f9cbf7aa3927e364f24d,2026-05-21T12:18:43+00:00,2026-05-22T11:00:27+00:00,2,0,0,51.102,51.1,101.946496,2
0xa08672f95ebc24378c3720ced602e6e5bcd05df5,2026-05-02T07:31:08+00:00,2026-05-02T08:41:32+00:00,2,0,0,961.25,961.25,1915.77125,2
0xa0a3b646c040693002f8c80f7d8cf7d11c6e27e6,2026-05-07T06:42:20+00:00,2026-06-10T13:23:57+00:00,16,0,0,800.801332,800.8,1597.496428004,16
0xa0a752a27218779b72967c798ddfd0f785f4a648,2026-04-29T17:36:06+00:00,2026-04-29T17:36:06+00:00,1,250.0,0,0,0,1.0000,1
0xa0aca11193a6798aa054f9f71581e2061b28ca9d,2026-04-25T11:26:22+00:00,2026-04-25T14:00:58+00:00,2,0,0,117.462333,117.46,234.100106001,2
0xa0b940bfad4651fc1d1b3a79f9e7b3ef3625c791,2026-04-23T18:54:48+00:00,2026-04-23T19:57:08+00:00,2,0,0,88.495333,88.49,176.365887001,2
0xa0c34b2d37b09955790ad11f0dd0d97e1784f820,2026-05-26T08:41:06+00:00,2026-05-26T09:21:55+00:00,2,0,0,676.3525,676.35,1349.3207450,2
0xa0cf1c958c1adec0a0cea34775a90f7139cbcd90,2026-03-22T22:40:43+00:00,2026-04-08T18:04:49+00:00,2,190.47,190.47,0,0,3.04752,2
0xa0d7685132478bd64dfc2db126ff8b97023d6700,2026-05-16T11:07:46+00:00,2026-05-16T11:07:46+00:00,1,0,0,18.006,0,17.969988,1
0xa0e0cd73249b9e87a33df87fd2654b6ec991fd11,2026-06-02T13:51:20+00:00,2026-06-02T13:51:53+00:00,4,0,0,10.170,10.17,20.309490,4
0xa0e61514bf79d6673b6b5a937f971b098cb6a0bc,2026-05-23T09:31:48+00:00,2026-05-24T01:55:48+00:00,2,0,0,143.2865,143.28,285.8500870,2
0xa0f75172057b6427525f481ac58dd6adb15bb576,2026-05-08T06:16:32+00:00,2026-05-08T10:31:39+00:00,2,0,0,92.798333,92.79,184.938778001,2
0xa0fd15d6518d35edcca4dbe6be399131709da6cd,2026-05-12T09:30:15+00:00,2026-05-12T09:30:31+00:00,2,0,0,2.004,2.0,3.993992,2
0xa0ff9c4dab93fc555518854b6a89d2b4a7bd047f,2026-05-22T05:04:09+00:00,2026-05-22T07:42:25+00:00,2,0,0,161.3225,161.32,321.8358950,2
0xa1029aff1d7c09cb7adf2c395afa6562094a2079,2026-05-28T16:04:10+00:00,2026-06-04T13:22:31+00:00,14,0,0,327.423,327.42,653.668355,14
0xa11b7631e9b36f909621a5368bb21d243771f663,2026-01-08T22:10:06+00:00,2026-01-08T22:10:06+00:00,1,0,0,1.04,0,0.96408,1
0xa120ee6a9e4538865e9f6745c55b49ededaa1f26,2026-05-13T11:18:08+00:00,2026-05-13T11:44:19+00:00,2,0,0,6.012,6.01,11.991946,2
0xa12fba86a420128b1ac6c5b462cb972fa6e59f9b,2026-05-15T21:41:53+00:00,2026-05-25T02:57:23+00:00,4,0,0,255.5110,255.51,509.7434480,4
0xa12ffb1b868a5f66a0f9448cd281bc8412ebd95e,2026-05-11T15:52:51+00:00,2026-05-11T16:04:48+00:00,2,0,0,9.027,9.02,17.992859,2
0xa133945a0f7ece9892da71a25a78260ec976ff8e,2026-04-27T07:11:10+00:00,2026-04-27T08:22:32+00:00,2,0,0,51.444,51.44,102.523908,2
0xa13b339c612612df192ad3935c991e4c2b6262ac,2026-05-23T03:25:42+00:00,2026-05-23T03:25:42+00:00,1,0,0,37.074,0,36.999852,1
0xa14d655ad0224bee345238b70faf74e479d11254,2026-05-19T16:04:49+00:00,2026-05-20T14:52:16+00:00,3,0,0,2.104,2.1,4.193492,3
0xa152c8311713c46dc7e2230887d6ff92fd5264f3,2026-05-23T20:47:46+00:00,2026-05-24T05:21:40+00:00,2,0,0,152.3045,152.3,303.8429910,2
0xa1584176d267c05da8dfe044724a9439c22a1c1b,2026-05-27T13:26:25+00:00,2026-06-04T20:31:45+00:00,68,0,0,516.3215,516.27,1030.4316000,68
0xa15a8c7b85b5e9d36528b83d5582a5263680baa9,2026-06-16T14:42:23+00:00,2026-06-16T14:42:23+00:00,1,14280.0,0,0,0,14.2800,1
0xa1652441826e787ace2aa6ff9b0d70d814c1d6e0,2026-05-16T08:04:13+00:00,2026-05-16T08:04:13+00:00,1,1666.666666,0,0,0,4.999999998,1
0xa165756a3cb112d01d9779ffdc8edb72ba4eaab5,2026-06-17T13:08:58+00:00,2026-06-17T13:08:58+00:00,1,25000.0,0,0,0,25.0000,1
0xa171bc8b6b1cbd9f5a739925d921cd6e1ee02693,2026-04-16T03:06:52+00:00,2026-04-18T19:00:14+00:00,2,0,0,8.81,8.81,17.51428,2
0xa1726b44f76cf3b7ffd748cae41d8966300bb716,2026-02-05T14:57:33+00:00,2026-02-14T10:32:57+00:00,4,1910.46,500.0,0,0,43.418790000,4
0xa173590bcfef17723115f90e05bde87c75546b1f,2026-06-10T21:19:01+00:00,2026-06-10T21:19:01+00:00,1,100000.0,0,0,0,100.0000,1
0xa17df2a03ca1151d280de7fb151b0f8a9b46864a,2026-05-01T20:07:42+00:00,2026-05-01T22:23:26+00:00,2,0,0,51.464333,51.46,102.564100001,2
0xa18267346c98548f9b9dad3b232ecfaaf347aca0,2026-02-23T22:58:40+00:00,2026-02-25T16:01:56+00:00,5,0,0,20.0,5.0,24.7000,5
0xa18c23a6f93211ef8fa8f6ef8dad8f7ecccb98a3,2026-05-14T08:15:28+00:00,2026-05-14T09:43:16+00:00,2,0,0,266.4525,266.45,531.5702450,2
0xa1a8536a6e61bc082582e5c4152d09af522e0563,2026-05-16T01:15:02+00:00,2026-05-16T01:15:02+00:00,1,0,0,7.014,0,6.999972,1
0xa1b94590d492673cdce06bcb8309a2e1fa72dd0a,2026-06-06T09:58:39+00:00,2026-06-06T09:58:39+00:00,1,1000.0,0,0,0,1.0000,1
0xa1d060ae619273b75339a94f42904db95da99369,2026-04-23T03:20:10+00:00,2026-04-23T04:28:08+00:00,2,0,0,102.3014,102.3,203.4760930,2
0xa1d287e6bcdf95cf2f2efe1ee15d589ea213bba8,2026-05-19T02:24:23+00:00,2026-05-20T02:22:29+00:00,4,0,0,410.3,410.3,818.5485,4
0xa1d2bb79cd49f0040c07fea00cfa45e9497fd025,2026-05-20T19:25:28+00:00,2026-05-20T19:25:28+00:00,1,0,0,10.02,0,9.99996,1
0xa1d6f2626f455848eb2332fe56f1f3d7263de727,2026-05-27T13:07:29+00:00,2026-06-09T17:59:22+00:00,2580,1474663.6720,1474663.67,0,0,3751.6545640,2579
0xa1e552a1f12bc2fac6106ca81993e5cce308df02,2026-05-24T02:22:35+00:00,2026-05-24T02:25:47+00:00,2,0,0,107.214,107.21,213.887942,2
0xa1fad73e2fe2d3522cda4199f3507e091b70373a,2026-01-31T15:26:02+00:00,2026-02-02T21:01:40+00:00,37,2999.958348,0,0,0,50.9992919882132083,37
0xa20822056c007d8d91f4e88fb6ffed9ca87c2e1b,2026-03-18T00:14:09+00:00,2026-03-25T08:11:11+00:00,30,0,0,546.77,0,541.70415,30
0xa2158f594035c1ba9ad5f4b44f06e7cbe6e2a0ca,2026-05-03T03:41:14+00:00,2026-05-04T04:57:26+00:00,2,0,0,896.61,896.61,1786.94373,2
0xa217bf045d0fcf621ecd1876e445b694ddc85396,2026-05-11T03:28:39+00:00,2026-05-11T03:28:39+00:00,1,0,0,4.102,0,4.089694,1
0xa27acb9d4b85ad760cad5da5f976781b59deabce,2026-04-26T12:54:46+00:00,2026-06-04T17:47:39+00:00,4,0,0,6.008,6.0,11.986986,4
0xa28d51b79a6aa78f5fddc27f1a101d0098c71954,2026-05-06T09:17:20+00:00,2026-05-06T11:44:12+00:00,2,0,0,174.403,174.4,347.582191,2
0xa290953d1d1f8ee37179fe39d68921d561ba5680,2026-05-22T07:34:41+00:00,2026-05-22T07:34:41+00:00,1,0,0,6.132,0,6.119736,1
0xa2968f5d6759b010248a0e8b13c3ee6c614ed047,2026-05-08T14:34:38+00:00,2026-05-08T14:34:38+00:00,1,0,0,8.024,0,7.999928,1
0xa2a15d1e56f622e31264da8bdf61d91c5d5d2c57,2026-05-18T04:02:38+00:00,2026-05-21T22:21:27+00:00,2,0,0,103.206,103.2,205.889988,2
0xa2a340ee7e93ef52ed20e7e1e9c15b23ba378021,2026-05-16T01:53:48+00:00,2026-05-16T01:53:48+00:00,1,0,0,6.012,0,5.999976,1
0xa2a34d42d2da371cd38e3e32cdeff23d6a32ebd8,2026-05-18T21:59:26+00:00,2026-05-19T11:46:59+00:00,2,0,0,53.106,53.1,105.940488,2
0xa2acd98718b06b907571e2d8a85ac9870c285bae,2026-05-29T16:54:59+00:00,2026-05-29T17:42:51+00:00,2,0,0,13.343,13.34,26.642977,2
0xa2b47565ce0118b01b8f650f6f42b82091ca4950,2026-05-23T23:58:12+00:00,2026-05-23T23:58:12+00:00,1,0,0,55.691,0,55.579618,1
0xa2bbe92ea4d230677b3d498adf1a177dfb5f5bab,2026-01-31T15:21:10+00:00,2026-02-01T03:31:04+00:00,2,0,0,1.512666,1.51,2.9682660000164044,2
0xa2c557c481b8b9fe2ff348b239b439353a8b0696,2026-05-26T05:57:08+00:00,2026-05-26T08:35:06+00:00,2,0,0,10.02,10.02,19.98990,2
0xa2c8cd9ecc3e4c63fe5bc0cbe5fa983fa57d9ae7,2026-04-14T01:28:57+00:00,2026-04-21T18:25:36+00:00,2,190.94,190.94,0,0,2.29128,2
0xa2e74aec580b1d53d5c8d8b18e41507b77394a3d,2026-02-27T15:27:49+00:00,2026-02-28T12:35:39+00:00,2,100.0,100.0,0,0,2.000,2
0xa2f60b5403a69feacfb13c71aa06d602f54f41b1,2026-05-07T06:32:46+00:00,2026-05-07T17:51:28+00:00,2,0,0,52.1,52.1,103.7832,2
0xa2fb74e4a8c9da5a33de918b4e8a147b01a7f46d,2026-04-19T12:03:34+00:00,2026-04-19T12:56:50+00:00,2,0,0,40.8844,40.88,81.3146980,2
0xa30bdd4d724f2fa8a227bf0f9424ba9bd5411d8a,2026-06-01T08:49:02+00:00,2026-06-01T08:53:53+00:00,2,0,0,104.064,104.06,207.811816,2
0xa313cfe6d81592ad3899aafb9bd0b56204774920,2026-05-09T22:45:08+00:00,2026-05-10T04:12:20+00:00,2,0,0,177.532333,177.53,353.819616001,2
0xa317b0811f8364421a759066281ca5288daecde7,2026-05-16T00:21:01+00:00,2026-05-16T00:21:01+00:00,1,0,0,5.01,0,4.99998,1
0xa318884027c664a06318e859c5ffd1c20410144d,2026-05-17T14:35:08+00:00,2026-05-17T14:35:08+00:00,1,0,0,5.0,0,4.9900,1
0xa3282d3e882501229c75d0caf134e62e3afb4977,2026-04-03T12:41:07+00:00,2026-06-06T17:29:09+00:00,128,0,197.73,17340.72,0,17274.94091,128
0xa32e1ead76ba328d334f4cf6eb4bb22ccc9fa079,2026-05-18T01:05:41+00:00,2026-05-18T01:05:41+00:00,1,0,0,7.014,0,6.999972,1
0xa3346eee10b135155d81e5886dadbf2471aee0a9,2026-05-26T08:13:13+00:00,2026-05-26T09:50:59+00:00,2,0,0,19.208,19.2,38.311984,2
0xa334f4d3932aa39b8c8068563dd2798c93389728,2026-04-28T21:12:04+00:00,2026-05-25T20:54:26+00:00,2,3333.333333,3333.33,0,0,16.6666589990000001,2
0xa33bc4fb1b64137795014c4b8b42ef35d49b829c,2026-05-19T10:49:04+00:00,2026-05-19T10:49:04+00:00,1,0,0,21.4625,0,21.4195750,1
0xa33c6c0cae73ac718855b1bf1789285e5693ea80,2026-04-13T22:18:49+00:00,2026-04-13T22:19:37+00:00,2,714.285713,0,0,0,4.999999991,2
0xa349e113d4a28fa83d65a6d3fa653f5a5380a150,2026-03-11T12:31:53+00:00,2026-03-17T15:50:15+00:00,4,107.142856,107.14,2.0202,2.02,6.5671579947142856,4
0xa3574961669ef38bad84e92140df8f1e211ff408,2026-03-09T19:05:03+00:00,2026-03-09T19:07:43+00:00,2,0,0,10.59,10.59,20.88348,2
0xa37c111a7bfa198c415aefad8055ad662a82daca,2026-05-18T00:57:36+00:00,2026-05-18T00:57:36+00:00,1,0,0,8.016,0,7.999968,1
0xa39269bb9fd995b0693cf309d60cc5bd1af168bb,2026-05-07T12:02:59+00:00,2026-06-11T12:44:19+00:00,2,0,0,24.072,24.07,48.045714,2
0xa3a3588f7dfa9cf96602b57ee21b73c02ad4275b,2026-06-16T22:00:13+00:00,2026-06-16T22:00:13+00:00,1,1000.0,0,0,0,1.0000,1
0xa3ad70cf48a2f2b44163e798223c01a2c2536866,2026-01-31T12:34:36+00:00,2026-04-27T20:39:48+00:00,551,0,0,67581.576665,0,67018.4844460087999025,550
0xa3af7bb68317a275c5a62841969aac398cd8c794,2026-06-14T17:57:33+00:00,2026-06-14T17:57:33+00:00,1,3000.0,0,0,0,3.0000,1
0xa3b1459d7d0887b92fb7c273ea2556a8c2c28e8a,2026-05-24T06:15:25+00:00,2026-05-24T19:39:53+00:00,2,0,0,67.134,67.13,133.928342,2
0xa3b4c1861884d9dae86f96b642ee2c02dc381797,2026-05-09T06:38:14+00:00,2026-05-23T10:42:43+00:00,6,0,0,608.349332,608.34,1212.521144004,6
0xa3c7c8c3c49427d840f7e62e46d202fae2a53e1f,2026-06-05T00:07:28+00:00,2026-06-06T18:34:34+00:00,6,0,0,42.69,42.69,85.29462,6
0xa3cceb5de4349ac9e2f4177055d2a15f0d5600a4,2026-05-04T03:19:10+00:00,2026-05-04T04:13:42+00:00,2,0,0,1549.28,1549.28,3087.71504,2
0xa3cd9532b437ddc252b86dc4bd20fad5fa001afa,2026-03-11T12:32:53+00:00,2026-03-15T20:22:19+00:00,4,93.75,93.75,9.0,9.0,20.33325,4
0xa3fd3f6d687b184c12eb903203bd0bb65eb8d247,2026-05-07T07:35:53+00:00,2026-05-07T11:51:31+00:00,2,0,0,2054.162333,2054.16,4093.943206001,2
0xa40371a90c476a685320b6a91bb501ee091e305e,2026-04-12T19:46:35+00:00,2026-04-15T18:07:38+00:00,2,0,0,36.16,36.16,71.84992,2
0xa4058647c0457eeb9bea9741ff5c0b99a83b3651,2026-04-18T11:46:40+00:00,2026-04-18T13:08:28+00:00,2,0,0,294.1808,294.18,585.1248160,2
0xa408b7479e5f42926504cae89b397d7c6e9af8fc,2026-04-27T06:57:56+00:00,2026-04-27T08:23:46+00:00,2,0,0,50.682,50.68,101.007234,2
0xa4205b529f9eaa588d5011bb16e836ce844603fc,2026-06-01T23:16:32+00:00,2026-06-01T23:19:41+00:00,6,0,0,15.545,15.54,31.038375,6
0xa426737f0c88202817dc4c8ccb21bf61d7ed72ff,2026-04-20T07:32:20+00:00,2026-04-20T08:31:36+00:00,2,0,0,39.7788,39.77,79.1112860,2
0xa42ac22549df69585d355d889f19fea7cb3a848d,2026-05-15T01:56:54+00:00,2026-05-15T01:56:54+00:00,1,0,0,6.1,0,6.0878,1
0xa459b0ab779f37449bda02c525b36f05d8a97dd6,2026-01-31T06:36:46+00:00,2026-01-31T15:26:02+00:00,3,0,100.00,0,0,2.29994,3
0xa460fbfbb8b72ffe7f0ae059a3944e5619789e09,2026-06-04T11:23:40+00:00,2026-06-04T11:24:01+00:00,2,0,0,605.605,605.6,1209.388195,2
0xa4627d79ad837ef0ddb0cf60fbd9b635ad39904a,2026-04-19T08:54:38+00:00,2026-04-19T09:54:50+00:00,2,0,0,50.4522,50.45,100.3472390,2
0xa462e1d68c684a3cef3aafa4dd4bc62967d4cd56,2026-05-14T14:05:28+00:00,2026-06-04T06:35:00+00:00,3,6666.666666,6666.66,0,0,26.6666579980000002,3
0xa46930bbebeb96b2b64f73a5abce135747e84073,2026-04-21T16:57:16+00:00,2026-04-21T16:57:16+00:00,1,0,0,15.72,0,15.64140,1
0xa46c37b02036713a413f04c4761a4f9212a62c42,2026-05-28T06:38:36+00:00,2026-05-28T11:28:45+00:00,2,0,0,54.569,54.56,108.856182,2
0xa478793844be443f6d5343be10ca68d4e68aaac6,2026-05-08T05:26:57+00:00,2026-05-08T06:18:34+00:00,2,0,0,43.650666,43.65,86.995114002,2
0xa490cda177b109096dc9d47dd0cf14e4f5b8248a,2026-04-19T10:30:58+00:00,2026-04-19T11:29:40+00:00,2,0,0,73.427,73.42,146.039345,2
0xa497682f7d32e2f28db039db31b6ed0e6d26c351,2026-05-07T08:20:02+00:00,2026-05-13T14:55:55+00:00,4,0,0,16.040,16.04,31.983756,4
0xa49780340433347bec71e9ccf6f7b4dbee605c96,2026-05-25T11:40:07+00:00,2026-05-25T11:43:28+00:00,2,0,0,104.008,104.0,207.487984,2
0xa4a1dab52232e886f7ce9e378d3bf5c50812b362,2026-04-21T10:21:30+00:00,2026-04-21T11:20:02+00:00,2,0,0,61.819,61.81,122.949045,2
0xa4a463637d937ae71f72ea195ef186a6da53083f,2026-04-20T09:46:36+00:00,2026-04-20T09:46:36+00:00,1,207.92,0,0,0,1.24752,1
0xa4a6801c841991f86f918be52878d3d228fe5d08,2026-04-30T08:47:00+00:00,2026-05-23T07:48:33+00:00,6,0,0,185.265333,185.26,369.428096001,6
0xa4ae1511e1dd7adb760b61198924d3138efbcc94,2026-05-21T13:36:34+00:00,2026-05-21T15:23:02+00:00,2,0,0,10.02,10.02,19.98990,2
0xa4b366ad22fc0d06f1e934ff468e8922431a87b8,2026-03-11T12:29:11+00:00,2026-05-05T15:58:50+00:00,11,45.0,2724.16,3180.0,0,3177.17348,11
0xa4bd8f49695cf5d55924aca4cc2694952874e8a2,2026-01-29T12:01:58+00:00,2026-01-30T17:22:50+00:00,6,0,0,60.0,59.995962,115.346018000275938,6
0xa4c21d1ff42878f50626a2770cfe8f253414de43,2026-05-19T21:30:23+00:00,2026-05-23T19:07:00+00:00,2,563.333333,563.33,0,0,2.8166589850000006,2
0xa4c939eb4729b63cda9d71c25f895c258f1d039c,2026-05-19T09:58:06+00:00,2026-06-03T14:13:52+00:00,3,0,0,32.944,12.12,44.994692,3
0xa4d37b08f291b9461b053120d733a70af816dc8d,2026-05-31T06:11:38+00:00,2026-05-31T19:12:08+00:00,2,0,0,12.012,12.01,23.985968,2
0xa4d952ccd8d4f346adb77ab388ce0945390384dc,2026-04-16T03:05:46+00:00,2026-04-18T18:59:34+00:00,2,158.41,158.41,0,0,1.90092,2
0xa4ddfd5924cd93d0e511a2e7e41ca73b71d9d571,2026-04-06T10:42:21+00:00,2026-04-06T11:06:19+00:00,3,0,0,57.230570,57.23,113.6021160022296145,3
0xa4e3ed2eac7e46131839cf301791240086337716,2026-05-04T07:01:38+00:00,2026-05-04T09:06:26+00:00,2,0,0,1071.25,1071.25,2135.00125,2
0xa4e41c488e672859d7b382174c02e9e863b63cbc,2026-04-20T09:39:10+00:00,2026-05-19T16:27:32+00:00,3,0,0,94.740,67.02,160.967325,3
0xa4e6aee5f9de7f98959fde13e00bbb131ce0c29e,2026-05-15T17:19:39+00:00,2026-05-16T10:04:35+00:00,2,333.333333,333.33,0,0,1.666658999000001,2
0xa4efbc402d1291ef0f24b5eb1b05b0a7e11a6544,2026-05-08T07:25:45+00:00,2026-05-17T07:54:09+00:00,6,0,0,24.056,24.05,47.969694,6
0xa4f55991bec6462b6488fafe2099e805c15f01cc,2026-05-07T04:32:58+00:00,2026-06-11T08:11:55+00:00,3,0,0,25.075,25.07,49.982275,3
0xa4fcd42731853ed3711aac964a14f442b1f6977d,2026-06-15T17:12:10+00:00,2026-06-17T11:49:04+00:00,4,0,252925.72,0,0,252.92572,2
0xa506c14c92f746e9a23ee3692a7aa3ca725c6097,2026-05-07T20:17:34+00:00,2026-05-09T06:42:21+00:00,2,0,0,8.324666,8.32,16.5864120003350668,2
0xa50c6e5a37b56656e96b9da39c234cc01fccbbd1,2026-05-23T07:12:22+00:00,2026-05-23T07:12:22+00:00,1,0,0,76.653,0,76.499694,1
0xa5159c41007a2c776b64c0711361b27e14ae7c4b,2026-04-11T18:23:31+00:00,2026-04-11T19:18:01+00:00,3,100.00,0,0,0,0.60000,3
0xa5169797be0e9fd4b7a98fa51febe586a0ebbd98,2026-05-23T09:54:40+00:00,2026-05-23T09:54:40+00:00,1,0,0,20.0,0,19.9600,1
0xa5181e32e2ebf90a28f0340d1db47b1e57a1f659,2026-05-08T06:33:04+00:00,2026-05-08T06:44:42+00:00,2,0,0,9.027,9.02,17.983839,2
0xa52b050c49a6e7170f549e8da88dcd8a96a0a233,2026-05-23T04:42:27+00:00,2026-05-23T22:26:13+00:00,2,0,0,45.09,45.09,89.95455,2
0xa53648c6af259ce61e22b83ed8ce3d13d5551ba3,2026-05-07T22:32:54+00:00,2026-05-16T01:51:26+00:00,3,0,0,25.175333,25.17,50.1942969996860667,3
0xa53907a8ba429d070acaa6a2474e3dbc5d50f382,2026-05-22T21:23:17+00:00,2026-05-23T23:23:30+00:00,2,0,0,243.4865,243.48,485.7490870,2
0xa53c26443fb636d8ae31ac24f62fc1d5ef8f67a5,2026-05-04T19:27:46+00:00,2026-06-15T17:12:10+00:00,76,0,410000.00,20.0,0,429.94000,68
0xa54df4bb036715a71cac7b0b73415d2dc43b7695,2026-05-18T02:58:53+00:00,2026-05-21T12:44:37+00:00,2,0,0,5.01,5.01,9.99495,2
0xa5598539303e0d08c086f5fbc8dd2026a6379310,2026-05-19T05:33:43+00:00,2026-06-08T18:09:07+00:00,2,0,0,14.128,14.12,28.205624,2
0xa561fb11af31168fdc53c45ba92dffb0a04e6897,2026-04-23T17:54:12+00:00,2026-04-23T19:03:38+00:00,2,0,0,66.71,66.71,132.95303,2
0xa56245fce3952311a0c53be38e3984a636f94f5e,2026-05-30T08:35:37+00:00,2026-05-30T08:35:37+00:00,1,0,0,38.038,0,37.999962,1
0xa5880324466f7d63d6336b96ac92c101e8ded283,2026-05-19T18:24:07+00:00,2026-05-19T18:24:07+00:00,1,0,0,6.8535,0,6.8397930,1
0xa58c263ebf8be12857f52e5b66d7f443c464e272,2026-04-23T16:59:24+00:00,2026-04-23T18:45:22+00:00,2,0,0,175.667,175.66,350.097359,2
0xa58d4f278d7953cd38eeb929f7e242bfc7c0b9b8,2026-03-19T04:58:17+00:00,2026-05-12T01:05:30+00:00,18,0,61866.65,0,0,188.13301,18
0xa5981a7bdda9159d2bfbffde32aac7bb4b706b57,2026-05-17T12:32:36+00:00,2026-05-17T12:32:36+00:00,1,0,0,10.0,0,9.9800,1
0xa59d5e98b024e59a74bfae791d6e361ee9637c19,2026-05-29T18:14:12+00:00,2026-05-29T19:27:00+00:00,2,0,0,10.01,10.01,19.98997,2
0xa5a46383302adb7afa95b91ab761e5b3c54aac56,2026-05-31T23:21:24+00:00,2026-05-31T23:21:24+00:00,1,0,0,7.607,0,7.599393,1
0xa5ab6ed61742079035e98ee92e035e417977b471,2026-04-19T13:38:08+00:00,2026-05-11T12:46:42+00:00,4,0,0,95.937266,95.93,190.995955002,4
0xa5b445cee55b067ff32b9874be60a777a3a46f5b,2026-05-04T06:15:32+00:00,2026-05-21T01:48:57+00:00,4,0,0,2988.26,2988.26,5958.54228,4
0xa5b964c41cd4bc260f1b5300c3484e7cd63b536b,2026-04-06T09:35:05+00:00,2026-04-06T09:35:05+00:00,1,0,0,1.007,0,0.999951,1
0xa5c33682cc6b5ab5d926f5cf57d8d02b955f0217,2026-06-03T22:17:25+00:00,2026-06-03T22:17:25+00:00,1,1170.0,0,0,0,2.3400,1
0xa5dd567b47d7812abbd71fc90da21441837759a8,2026-03-24T19:28:29+00:00,2026-03-24T19:28:29+00:00,1,62.5,0,0,0,1.0000,1
0xa5de2f67c373cf1d85ba5db87622ef9eb78307d3,2026-05-11T04:02:21+00:00,2026-05-11T04:12:58+00:00,2,0,0,7.021,7.02,13.991857,2
0xa5e1c1b897b9ab3e19adbfb17bd7b9e78d6637be,2026-04-24T10:13:46+00:00,2026-04-24T11:19:16+00:00,2,0,0,93.4,93.4,186.1462,2
0xa5f742179726456842a1b9ce53952be178fb4f3c,2026-05-09T17:57:47+00:00,2026-05-13T14:23:04+00:00,6,0,0,23.063,23.06,45.973593,6
0xa5fcfbd0ac95327af7627d2f0fb32e7644d0fd1f,2026-05-07T05:32:16+00:00,2026-05-13T20:04:39+00:00,4,0,0,126.445833,126.44,252.127392001,4
0xa5fda0340959e67ef9de8bc5caf1c502c6f736d1,2026-03-14T20:55:11+00:00,2026-04-11T21:37:59+00:00,180,89499.668288,0,0,0,824.1699149638197083,180
0xa5fe074c027bcd2038ad5aee9223dd61dacc9f58,2026-05-26T11:46:56+00:00,2026-05-26T16:46:21+00:00,2,0,0,16.242,16.24,32.400796,2
0xa5ff3f4a3a0b20e2e2f81086596bdf3e564e701c,2026-05-31T14:20:16+00:00,2026-05-31T23:24:38+00:00,2,0,0,11.011,11.01,21.987969,2
0xa6097997dfd0bc46581ae2fbcf5db7e920e715a9,2026-05-06T06:09:22+00:00,2026-05-06T08:21:14+00:00,2,0,0,253.580666,253.58,505.385604002,2
0xa61ef8773ec2e821962306ca87d4b57e39ff0abd,2026-04-27T16:34:54+00:00,2026-06-17T11:49:04+00:00,4792,1586082.9060,2284497.303323,0,0,6918.5399959646666825,4777
0xa622c8a7892a4711bbdc522c6239fca7c2f6e96d,2026-05-23T12:14:09+00:00,2026-05-23T12:14:09+00:00,1,0,0,15.0,0,14.9700,1
0xa627a27c7fc15fe280a7783656b93e63af4c6e66,2026-05-24T08:17:15+00:00,2026-05-24T10:45:32+00:00,2,0,0,12.7655,12.76,25.4616890,2
0xa62c41929814bd6efa808da05619ac24787be626,2026-04-12T18:28:15+00:00,2026-05-11T22:34:16+00:00,2,142.857142,142.85,0,0,1.285699994,2
0xa631d4c380a44705907fc2adfc4284cb32a97651,2026-04-21T13:13:08+00:00,2026-06-12T13:14:46+00:00,5,15846.666666,6666.66,0,0,59.179979997,5
0xa63c9f7b81921d1a89953da46546090e34545750,2026-05-28T05:38:53+00:00,2026-05-28T06:09:12+00:00,2,0,0,11.012,11.01,21.966946,2
0xa64cd45640fb1b10b22eec952485f6f1f7b7eb31,2026-03-08T16:07:47+00:00,2026-05-01T18:11:12+00:00,4,250.0,250.0,0,0,3.3750,4
0xa65241ba786fd684bdb13136e7b55cdb44a29424,2026-05-24T12:48:17+00:00,2026-05-24T12:48:17+00:00,1,0,0,10.0,0,9.9800,1
0xa652efcd4c7e4119f578032b056136b3f29a6f8f,2026-05-02T17:24:48+00:00,2026-05-02T17:24:48+00:00,1,0,0,100.0,0,99.7000,1
0xa655f567db76ebdf2552dd951ea5ef91a4977b5f,2026-05-23T08:36:09+00:00,2026-05-23T12:43:36+00:00,3,0,0,43.6470,12.32,55.8427460,3
0xa66790e2b0075e73c3781ddaf1d0b875a3aaceb3,2026-02-02T21:18:12+00:00,2026-06-03T22:55:12+00:00,41,1958.34,1835.54,362.10,239.30,612.97389,41
0xa66b7f9ca58336d6cd6a26be38f0f1ec33b420da,2026-03-11T12:13:51+00:00,2026-03-11T20:22:23+00:00,2,71.42857,71.42,0,0,1.999880001428571,2
0xa66d45959b044f7dbde968dd3cb54e2ebb84844a,2026-05-17T12:15:09+00:00,2026-05-17T12:15:09+00:00,1,0,0,5.0,0,4.9900,1
0xa6781db9285ed17d7abca89b16b8a59cca6e357f,2026-05-30T09:45:23+00:00,2026-05-30T09:45:23+00:00,1,0,0,6.256,0,6.249744,1
0xa6917f59fb8eafc3cb98df69caf7f99b55351f08,2026-04-07T17:13:53+00:00,2026-04-14T08:09:55+00:00,2,162.65,162.65,0,0,2.11445,2
0xa6a4beeafbeb3b78c4044bc403dcc4a18c6e7f7b,2026-05-26T15:07:39+00:00,2026-05-28T00:36:33+00:00,2,0,0,80.14,80.14,159.87930,2
0xa6a99ea20fa29b440e5fa18bc4cb876aeabcc3fd,2026-05-20T09:01:25+00:00,2026-05-20T09:01:25+00:00,1,0,0,562.605,0,561.479790,1
0xa6c56a73a0edb33742e72b31f06fb5c6b92d4d22,2026-05-03T08:09:00+00:00,2026-05-03T09:10:48+00:00,2,0,0,57.993666,57.99,115.577725002,2
0xa6d161b94239db9561262cbcd84c597a94254fae,2026-06-02T23:04:22+00:00,2026-06-02T23:04:41+00:00,4,0,0,10.370,10.37,20.708890,4
0xa6df7c757b6cfed8a95813ebded26c32660cad0a,2026-05-04T10:35:26+00:00,2026-05-04T13:58:56+00:00,2,0,0,96.188333,96.18,191.695048001,2
0xa6e643ffce0aa1c80da6dec9c999f66b56fac7b8,2026-04-12T04:24:35+00:00,2026-04-15T16:36:08+00:00,2,0,0,12.14,12.14,24.12218,2
0xa6eb85f5a127f3f6dc4414e6840cf19653a321b9,2026-06-03T15:09:16+00:00,2026-06-03T15:09:16+00:00,1,1500.0,0,0,0,3.0000,1
0xa6fd1cacf9e7de4cdccf8bfea86a7a0f6dd37332,2026-05-24T04:11:05+00:00,2026-05-24T07:38:48+00:00,2,0,0,10.541,10.54,21.028298,2
0xa70cf4dd6e4d9c50d5a5fcdf26b83ea76823837b,2026-05-12T23:05:49+00:00,2026-05-12T23:05:49+00:00,1,0,0,3.8275,0,3.8198450,1
0xa71b8ffbb0366d93b136b3f1ca0250618f7e7947,2026-05-10T22:45:13+00:00,2026-05-11T14:31:37+00:00,2,0,0,235.707,235.7,469.757079,2
0xa71e7ef29ed622cb5132e694a7712743b229ce92,2026-05-07T02:18:40+00:00,2026-05-07T04:28:03+00:00,2,0,0,1136.59,1136.59,2265.22387,2
0xa725f585ae63db6ce45acd4ceef125d1cfe6aa4c,2026-05-19T03:50:43+00:00,2026-05-19T03:50:43+00:00,1,0,0,90.18,0,89.99964,1
0xa727ff3290bda5759b057a20a426b16cbb39863c,2026-06-02T15:20:14+00:00,2026-06-02T15:20:40+00:00,4,0,0,10.170,10.17,20.309490,4
0xa73165533895ddf65935fd783370db1eb8c40ad4,2026-05-18T15:09:55+00:00,2026-05-18T15:09:55+00:00,1,1666.666666,0,0,0,4.9999989980000004,1
0xa73c32db2a43718023f619767186ea95e97c070c,2026-05-17T04:53:36+00:00,2026-05-17T17:17:00+00:00,2,0,0,119.238,119.23,237.871834,2
0xa745b2f4e2a00b6b739b5d6b4e3b4fb894665a08,2026-05-07T20:07:00+00:00,2026-05-31T19:44:20+00:00,4,0,0,7.616833,7.61,15.1927739999168002,4
0xa7491789421865aeac960cd7559081750794b428,2026-04-25T04:03:58+00:00,2026-05-22T16:50:05+00:00,5,0,0,338.0990,279.18,615.4784020,5
0xa74e42890e9e53f22ee11b19728d9626441725cb,2026-05-20T20:29:30+00:00,2026-05-23T08:20:51+00:00,2,0,0,34.068,34.06,67.957684,2
0xa74f9f802443a01ded4439781a17cd6aef3ff391,2026-05-04T23:13:52+00:00,2026-05-04T23:13:52+00:00,1,0,0,4.543333,0,4.5297030000913334,1
0xa752dfb34c087f6cea36290f42cf4213cd3eb1da,2026-05-15T06:46:20+00:00,2026-05-15T06:47:17+00:00,2,0,0,42.084,42.08,83.953592,2
0xa75c420b4bed1bdadae520c232878bf668b5633b,2026-05-04T05:06:46+00:00,2026-05-04T09:11:24+00:00,2,0,0,49.398,49.39,98.442246,2
0xa7651dfeacde91a01fd84a7bcb1474836d352c39,2026-05-07T07:28:53+00:00,2026-05-28T09:49:38+00:00,4,0,0,58.264666,58.26,116.136872002,4
0xa771af1df985c62f2534877427406ede818e0efe,2026-05-08T06:45:59+00:00,2026-05-08T06:45:59+00:00,1,0,0,1.083,0,1.079751,1
0xa7755017fd7a11d8a70aca6de4754a0ee70cb8c0,2026-04-23T17:03:14+00:00,2026-04-23T17:56:22+00:00,2,0,0,72.878333,72.87,145.238218001,2
0xa779c385c06f2f85298e23436318c5f385af74f9,2026-05-23T14:22:01+00:00,2026-05-23T14:22:01+00:00,1,0,0,17.164,0,17.129672,1
0xa7871a6e32bcca126fca4d01808155147db2afc2,2026-05-08T10:02:40+00:00,2026-05-22T17:43:01+00:00,6,0,0,109.912333,109.91,219.167150001,6
0xa78ded21380b92adf5b8623c49ad557cc142b5b0,2026-05-24T11:40:46+00:00,2026-05-24T11:40:46+00:00,1,0,0,10.0,0,9.9800,1
0xa79451e293f6daa3d7a22bb2ace2e86c2cf6689c,2026-05-21T13:10:33+00:00,2026-05-21T13:10:33+00:00,1,0,0,34.0,0,33.9320,1
0xa79617d3fcda347e3bb0f24e59661363a770f24f,2026-04-25T03:35:44+00:00,2026-05-19T02:36:52+00:00,3,0,0,228.786,129.07,356.753071,3
0xa7a1477db6381199e663d64a4b6561a40e00f907,2026-05-27T00:36:21+00:00,2026-05-27T00:36:21+00:00,1,0,0,16.3625,0,16.3297750,1
0xa7b2bf16efaef9e1c62e6b705bf062350c66635c,2026-05-11T14:52:42+00:00,2026-05-11T14:53:15+00:00,2,0,0,8.024,8.02,15.987848,2
0xa7b4d84bfe928c9f63ea5752e3bd24892a009422,2026-06-02T00:06:35+00:00,2026-06-02T00:06:53+00:00,4,0,0,10.370,10.36,20.698910,4
0xa7dd5fd8a423d07b64a093e4f6918c1070de51f4,2026-05-26T06:59:31+00:00,2026-05-26T06:59:31+00:00,1,0,0,43.0,0,42.8710,1
0xa7e3142dbf2207fcbf178bbf7d7021c87ec6da3c,2026-04-25T10:02:18+00:00,2026-05-18T17:42:27+00:00,4,0,0,198.3015,198.30,395.3992910,4
0xa7e948d54770240e4769ba13f07dc207089c1027,2026-05-16T01:04:55+00:00,2026-05-16T01:04:55+00:00,1,0,0,6.012,0,5.999976,1
0xa80fe47f145ea851af6fd4951b365f9e5cbd4a24,2026-04-23T18:05:24+00:00,2026-04-23T19:15:58+00:00,2,0,0,98.535333,98.53,196.375607001,2
0xa8248fe4a2f43c7a000c5e8177f7fdf1aca3d394,2026-05-30T08:07:39+00:00,2026-05-30T08:07:39+00:00,1,0,0,40.04,0,39.99996,1
0xa83d063ad6d0312e50ebf57be1dc2a028bd50251,2026-05-15T05:40:04+00:00,2026-05-15T05:56:41+00:00,2,0,0,9.018,9.01,17.982934,2
0xa83dbcd21842b9fa64de99ff0d3b5081a6e2d507,2026-05-27T11:54:34+00:00,2026-05-27T11:55:04+00:00,2,0,0,31.062,31.06,61.966696,2
0xa83e44bf188f0daf4b68b2c7c4e8c13f77cfa920,2026-04-02T02:17:37+00:00,2026-04-09T03:07:41+00:00,2,0,0,10.070428,8.96,18.8972149999718288,2
0xa845a7a54af35783f9145f38b806d94e9ee1b36e,2026-05-25T11:18:25+00:00,2026-05-28T13:27:25+00:00,3,308.0,211.0,0,0,1.3460,3
0xa8648563fceb39a3d706ed1079cfcb361ffcd99d,2026-05-28T01:06:06+00:00,2026-05-28T01:06:06+00:00,1,0,0,20.07,0,20.02986,1
0xa869be740a1cd5723df105574b2916d052296b20,2026-05-17T15:14:34+00:00,2026-05-22T19:47:07+00:00,2,0,0,3.006,3.0,5.990988,2
0xa881fb3446026f8641205162fc98313b19f4cfc5,2026-04-14T07:40:27+00:00,2026-04-14T21:25:44+00:00,2,0,0,57.02,57.02,113.24172,2
0xa886b178203e0e22f98db3798deb993178501b91,2026-06-01T22:19:05+00:00,2026-06-01T22:19:35+00:00,4,0,0,10.370,10.37,20.708890,4
0xa88be9b92fdf31c916206facd4a7f5d90db5976c,2026-05-19T18:26:32+00:00,2026-05-19T18:26:32+00:00,1,0,0,20.0,0,19.9600,1
0xa88de6dab220c50629fc3033d5a42ff2c35b9830,2026-04-17T05:40:10+00:00,2026-06-05T14:39:36+00:00,58,36666.6344,36666.62,0,0,236.6664520,58
0xa8ac822c567cd1cf80a61fa411009af1f29f47c7,2026-05-07T09:35:08+00:00,2026-05-11T21:12:04+00:00,4,0,0,12.031,12.03,23.986807,4
0xa8af0ef6e5bab4139c4213ab3b51ff02180abd93,2026-05-29T11:48:20+00:00,2026-05-29T15:17:08+00:00,2,0,0,10.02,10.02,19.99992,2
0xa8ce498f60e987f83d18d1175230da646175dcc3,2026-05-31T13:22:57+00:00,2026-05-31T13:22:57+00:00,1,0,0,29.029,0,28.999971,1
0xa8da0f721e01e1546d1f6fe8cfa67e434a4ee707,2026-05-30T11:31:43+00:00,2026-05-30T22:22:40+00:00,2,0,0,22.022,22.02,43.975938,2
0xa8e0e359f52742744c3876678a7692681d11971e,2026-05-15T17:00:28+00:00,2026-05-16T17:26:00+00:00,2,0,0,136.2725,136.27,271.8611450,2
0xa8f16d8d3236e1c84c0c5749ceff7f1ccd45fee6,2026-05-19T00:12:42+00:00,2026-05-31T20:52:37+00:00,2,20000.0,20000.0,0,0,80.0000,2
0xa8fd9b21be055b005dfa50130cffc48b35b17284,2026-05-30T13:20:59+00:00,2026-05-30T13:20:59+00:00,1,0,0,18.018,0,17.999982,1
0xa912465adb1e033e3fbe7f9f9cf49370c9c2297f,2026-03-12T06:15:27+00:00,2026-03-12T06:17:17+00:00,2,0,0,110.0,0,108.5700,2
0xa919a673174bf2d41a4a2608a7d6bdf73ed2745b,2026-06-04T17:54:36+00:00,2026-06-04T17:54:52+00:00,4,0,0,10.170,10.17,20.309490,4
0xa91b08eef37a3f03588ffea4de240b5363cebc48,2026-06-14T14:52:57+00:00,2026-06-14T14:52:57+00:00,1,1000.0,0,0,0,1.0000,1
0xa9238a4c6206a2109ad6e26d37bb60fd72c1ea8e,2026-05-10T10:26:22+00:00,2026-05-10T10:43:05+00:00,2,0,0,6.018,6.01,11.985906,2
0xa93ae5383f3e726374aef9d25a43a91954f4b6e1,2026-05-26T09:27:27+00:00,2026-05-26T09:27:27+00:00,1,0,0,251.8535,0,251.3497930,1
0xa93ec33870a64d994954f86c70ea3a0ad851d3c4,2026-05-24T05:28:03+00:00,2026-05-24T07:42:44+00:00,2,0,0,10.9315,10.93,21.8068470,2
0xa9516e80c0b50aaaa47fe1b700c75636e1c2b619,2026-05-25T09:44:35+00:00,2026-06-14T14:35:12+00:00,2,0,0,32.064,32.06,64.027812,2
0xa953683622245fb04abcbb5b9da53e921b980922,2026-06-17T12:12:11+00:00,2026-06-17T12:12:11+00:00,1,1000.0,0,0,0,1.0000,1
0xa958423517513a949adbf0663ca2bb677acdfb34,2026-05-19T18:03:54+00:00,2026-05-19T18:03:54+00:00,1,0,0,40.9715,0,40.8895570,1
0xa9615cbba29b08ac73bedcb2c7432811e0e71c5c,2026-05-13T16:37:16+00:00,2026-05-13T17:42:31+00:00,2,0,0,54.7595,54.75,109.2357310,2
0xa969f4d495e19ae4f67870b18b49006f6a3d4128,2026-04-21T15:14:30+00:00,2026-04-21T15:14:30+00:00,1,0,0,30.42,0,30.26790,1
0xa96eaa01588d4c195bd8a218bcdc0ded4e80a8d7,2026-05-20T15:36:45+00:00,2026-05-22T10:23:55+00:00,3,0,0,34.9495,13.61,48.4487710,3
0xa9750fe174f524cde16f7e5011277baf926d1118,2026-05-21T06:20:26+00:00,2026-05-21T06:32:34+00:00,2,0,0,14.028,14.02,27.977884,2
0xa976d4a7248126439a189bcd5538c4e501735c43,2026-02-20T18:37:32+00:00,2026-06-01T07:59:43+00:00,8,2122.243075,1122.24,0,0,24.3439189949263225,8
0xa98efd1f0f4f21fc4b23ba14c766618094a11f6b,2026-05-17T22:14:37+00:00,2026-05-18T07:57:57+00:00,2,0,0,190.3805,190.38,379.8085990,2
0xa992f3a5a05f1d926bbe1d1504d412b8e2262976,2026-05-21T08:23:14+00:00,2026-05-21T08:23:14+00:00,1,0,0,10.02,0,9.99996,1
0xa996340a9373a817fecc2d0646c8c50c803834b5,2026-05-18T03:03:01+00:00,2026-06-06T17:40:54+00:00,124,0,0,218.2870,218.28,435.7437120,124
0xa9a7807fb2f531a286afb59193523aa915c1e8ec,2026-05-14T00:32:34+00:00,2026-05-14T00:48:40+00:00,2,0,0,7.35,7.35,14.66325,2
0xa9ae63f6c81b3934e75f422d931b0d3f1f8a94cf,2026-05-27T21:43:35+00:00,2026-05-28T08:46:24+00:00,2,0,0,251.503,251.5,501.745494,2
0xa9b9ba53f19d9fcf44070e2641a39efc3d427e2d,2026-05-27T16:12:03+00:00,2026-05-28T13:00:48+00:00,2,0,0,469.0,469.0,935.6550,2
0xa9c1c755a7612f6eb7f77845ffec2f6087553dcd,2026-05-17T10:14:56+00:00,2026-05-17T10:14:56+00:00,1,0,0,5.0,0,4.9900,1
0xa9cc2e5ebba1b2363d4b6156c90d5f35d401d463,2026-05-19T16:21:42+00:00,2026-05-19T18:04:21+00:00,2,0,0,10.02,10.02,19.98990,2
0xa9e59cb9da22c577f2d52200a8cbd577b5780691,2026-05-21T17:48:53+00:00,2026-05-21T19:03:12+00:00,2,0,0,12.9755,12.97,25.8806390,2
0xa9f0a835327fc167353f96aeda81e1c0b2e606d3,2026-05-16T01:17:59+00:00,2026-05-16T01:17:59+00:00,1,0,0,5.01,0,4.99998,1
0xa9f0c605000d1a9cc41fb015bd3f88975b840fd0,2026-06-02T16:19:51+00:00,2026-06-02T16:20:12+00:00,4,0,0,10.370,10.37,20.708890,4
0xa9fff20b7b6215f7ccb8a4c18ebd6df0b2031a64,2026-04-26T06:15:22+00:00,2026-04-26T07:29:46+00:00,2,0,0,117.021,117.02,233.221857,2
0xaa0187b19cf9e747b8f4af0cb907ecbc9f7acf7d,2026-05-26T15:12:37+00:00,2026-05-27T22:02:24+00:00,2,0,0,71.142,71.14,141.926296,2
0xaa14d1733f63bf548e758e5f7b52df9ea07a2b5b,2026-05-27T03:02:41+00:00,2026-06-09T16:08:00+00:00,2,0,0,56.0,56.0,111.8320,2
0xaa1eb270827711e84899fe26214a04e27b8952e2,2026-05-04T11:34:08+00:00,2026-05-04T23:24:44+00:00,2,0,0,53.01,53.01,105.59592,2
0xaa261eda5e1a7ce90fe407d91f525ba18ba28ca1,2026-04-18T06:53:18+00:00,2026-04-19T04:57:38+00:00,4,0,0,94.4520,94.45,187.8630400,4
0xaa40b51b01d9e1e4d84073bfe406d239f9ea04f2,2026-05-03T05:45:48+00:00,2026-06-10T02:30:27+00:00,2,0,0,30.421,30.42,60.719317,2
0xaa4d4623beb6bf42fd48145b8198d56ee42705f5,2026-05-07T11:26:21+00:00,2026-05-07T13:23:24+00:00,2,0,0,64.573666,64.57,128.691665002,2
0xaa507eea9c44ca6578ac8713644b29cf76290ebd,2026-05-03T07:34:42+00:00,2026-06-07T05:54:25+00:00,2,0,0,108.7,108.7,216.9652,2
0xaa520ad46b0bd8486811bae3551f404f67083607,2026-05-12T12:40:16+00:00,2026-05-12T12:40:16+00:00,1,333.333333,0,0,0,0.999998999000001,1
0xaa5a307695c637fd3621de135d5abbdddb0572eb,2026-05-25T08:30:02+00:00,2026-05-29T18:37:31+00:00,2,0,0,29.058,29.05,57.991784,2
0xaa5eab9f389f8f928edc6e610436fd850e49bbe9,2026-03-24T08:04:11+00:00,2026-03-25T10:32:15+00:00,2,0,0,20.16125,20.16,39.91804000,2
0xaa72a5b88589c3e7609d835afdae03f909e68cb1,2026-05-02T13:44:46+00:00,2026-05-21T18:53:21+00:00,2,1016.666666,0,0,0,3.3999989980000010,2
0xaa815a1c952a23aed513e1e5fb2d0ae47ba499bf,2026-05-26T07:03:41+00:00,2026-05-26T07:03:41+00:00,1,0,0,132.8255,0,132.5598490,1
0xaab1ade25d1c203784faa60f0f40bebf830e16e2,2026-05-09T13:54:27+00:00,2026-05-09T13:54:27+00:00,1,0,0,4.884333,0,4.8696800000231334,1
0xaabf501d7d1e6244647691d9700f5a4f939d488a,2026-06-15T17:35:13+00:00,2026-06-15T17:35:13+00:00,1,5290.0,0,0,0,5.2900,1
0xaad110c4a111aba16b4bca3fc31f4804432d431f,2026-05-03T06:25:16+00:00,2026-05-03T07:47:14+00:00,2,0,0,1105.0,1105.0,2202.2650,2
0xaad3ae00d27044ac155c76fad8a4079def8f2863,2026-04-22T15:38:04+00:00,2026-05-27T11:57:31+00:00,3,0,0,89.3853,68.96,157.5458750,3
0xaad3fa4f7750db41b83935a155304fa6e227e666,2026-03-19T22:45:13+00:00,2026-04-07T19:39:37+00:00,3,19642.857142,12500.0,0,0,240.32028999400,3
0xaae02dd3de38ec22e0fb2f1ef03a5b48837bb4c0,2026-04-25T10:10:28+00:00,2026-05-22T13:54:12+00:00,3,0,0,182.975,129.73,311.690391,3
0xaaed80906bc3a3b9d78abb79dad0f9f21b0f817b,2026-05-10T05:34:54+00:00,2026-05-10T05:34:54+00:00,1,0,0,2.236666,0,2.2299559999870006,1
0xaaf77384382abd8c87fb4a87fbc3d449f4290771,2026-05-07T09:29:50+00:00,2026-05-07T11:47:04+00:00,2,0,0,1189.989666,1189.98,2371.639777002,2
0xaaf781f372fdd86a7c6a35ec5ce8e540417acba4,2026-05-02T03:52:04+00:00,2026-05-02T04:44:06+00:00,2,0,0,47.131333,47.13,93.931419001,2
0xaaf7948cec26d8b164934b9da65f8ff15a5c2e27,2026-02-10T04:40:15+00:00,2026-02-12T00:53:27+00:00,6,135.999909,135.99,0,0,5.5758080004539818,6
0xab042506bde5ffa1afdfb31e0ef4794a16c19f71,2026-06-04T17:58:42+00:00,2026-06-04T17:58:46+00:00,2,0,0,10.2,10.2,20.3694,2
0xab0b3007bfd0f842fbedac0650b2571fadffd839,2026-05-28T08:43:26+00:00,2026-05-28T09:52:37+00:00,2,0,0,10.02,10.02,19.98990,2
0xab1146b4a1145ef095eafd4294e54987d4c62a5c,2026-06-01T10:35:19+00:00,2026-06-01T11:20:26+00:00,2,0,0,110.62,110.62,220.90814,2
0xab12dc6d33ab01b5da462aed2a40edd39f8fa105,2026-05-04T05:48:52+00:00,2026-05-04T10:07:46+00:00,2,0,0,216.609666,216.6,431.693437002,2
0xab14dd0a544434dd1d84cee77a5c10e1d13e8b4f,2026-05-28T09:34:18+00:00,2026-05-28T11:16:33+00:00,2,0,0,20.1,20.1,40.0995,2
0xab1a7f38604c166271921e420986182b80b8a978,2026-04-30T03:34:20+00:00,2026-05-23T13:39:22+00:00,4,0,0,165.985666,165.98,330.907793002,4
0xab275e6fceb09321288277ef788a446be6db2287,2026-05-28T02:37:28+00:00,2026-05-28T02:38:12+00:00,2,0,10.0,0,10.0,9.9900,2
0xab42f769b246be9cf4e7bebddc546c9b6f644c20,2026-05-13T09:46:33+00:00,2026-05-25T21:57:05+00:00,2,0,0,25.0,25.0,49.8750,2
0xab44d13609e371b1aba83bdf65898214e9b6a5b9,2026-03-20T15:57:29+00:00,2026-03-22T18:05:49+00:00,2,1250.0,1250.0,0,0,23.7500,2
0xab4bc0ebab9bcf82170722fe343769b367a287c1,2026-05-13T04:46:08+00:00,2026-05-13T04:46:08+00:00,1,0,0,1.002,0,0.999996,1
0xab6b29576018cf99d0d9d618130af0a36260c107,2026-04-28T05:58:50+00:00,2026-04-28T09:00:08+00:00,2,0,0,88.4965,88.49,176.5440370,2
0xab6d5ed966ddbe709a79f83e876909f7d6a3fdff,2026-05-15T18:44:21+00:00,2026-05-17T09:15:59+00:00,2,0,0,200.0,200.0,399.0000,2
0xab7786aa6bcc7fd60ebd08cfe95d0b96a3434882,2026-03-19T15:16:41+00:00,2026-03-19T15:16:41+00:00,1,0,436.23,0,0,3.05361,1
0xab7ebcbfccfa861affd4340db8d5fbe3a9128a07,2026-05-08T07:22:36+00:00,2026-05-24T19:26:37+00:00,4,0,0,18.846,18.84,37.583062,4
0xab90d0bf9036b8d51a80cb4d546796327fab6eb6,2026-05-22T12:58:12+00:00,2026-05-23T15:55:24+00:00,2,0,0,86.172,86.17,171.911146,2
0xaba30e300d77bae9859e5ed2378e886ae892857e,2026-04-18T13:32:38+00:00,2026-04-18T16:21:10+00:00,2,0,0,75.0552,75.05,149.2796240,2
0xabb0c8fd6edd6deab9288fea36c9a97666acdbd5,2026-05-08T03:18:23+00:00,2026-05-09T10:12:14+00:00,4,0,0,214.904666,214.90,428.300352002,4
0xabb6348db088533c0feef9aee83681bf7014f660,2026-01-30T17:10:30+00:00,2026-01-30T17:22:50+00:00,2,200.0,200.0,0,0,23.43866000,2
0xabbf3aee739b65d17b7c8a5f6936db780da7f7d2,2026-05-22T12:52:15+00:00,2026-06-06T10:10:16+00:00,2,0,0,41.082,41.08,82.038756,2
0xabc6e57534d95097d7c1fea30acb8ebe8bf80c10,2026-05-04T04:53:44+00:00,2026-05-27T03:25:23+00:00,2,250.0,250.0,0,0,1.5000,2
0xabd3342bdee39fa93351ac1e05514eefc8dd92b6,2026-05-17T08:20:38+00:00,2026-05-17T08:20:38+00:00,1,0,0,10.0,0,9.9800,1
0xabd4417d49611db573dbece991b39c2f24a44d3a,2026-03-05T23:02:35+00:00,2026-03-05T23:02:35+00:00,1,142.857142,0,0,0,0.999999994,1
0xabdbb7ce30e667860502889dabfea7b44a97da88,2026-05-02T02:34:20+00:00,2026-05-02T02:34:28+00:00,2,0,0,50.150333,50.15,99.949282001,2
0xabf8676b36ab4ad5c9f8ef4019e3e73be73cbc67,2026-05-12T12:36:59+00:00,2026-05-22T05:46:30+00:00,4,0,0,226.452,226.45,451.769746,4
0xabfd3eef292531a73ea0efdd7755141339bc3538,2026-05-13T15:01:01+00:00,2026-05-13T19:03:38+00:00,2,0,0,236.4725,236.47,471.7601450,2
0xac061e66c859c1cc78208af45d941938c7f07ec8,2026-04-01T08:40:43+00:00,2026-04-01T08:40:43+00:00,1,0,0,0,1.1,1.0901,1
0xac0af91b3efe312a28dea56dc25b46109c11b6a6,2026-06-02T07:19:27+00:00,2026-06-12T21:27:37+00:00,2,0,0,14.014,14.01,27.995976,2
0xac13e6c65f547bc47fca2679fc30364ef6104182,2026-05-06T07:07:28+00:00,2026-05-06T08:38:52+00:00,2,0,0,147.141333,147.14,293.251349001,2
0xac204dc2ea9f6b30a3f25943d4647b2809c7239c,2026-05-17T06:39:11+00:00,2026-05-24T06:37:30+00:00,2,0,0,4.4085,4.4,8.7864830,2
0xac2139531b32dd633775ed8d68171f9581c6f3c2,2026-05-23T12:50:24+00:00,2026-05-23T12:50:24+00:00,1,0,0,10.0,0,9.9800,1
0xac256c56f55bf0809bcd15b44428492334401a73,2026-05-01T22:58:36+00:00,2026-05-02T01:29:36+00:00,2,0,0,44.734,44.73,89.150878,2
0xac26c4ede5e148fb96806de731523937dda04612,2026-04-11T15:22:29+00:00,2026-04-14T04:06:17+00:00,2,0,0,18.15,18.15,36.06405,2
0xac29126786f92dfdbf0c0adc1225e32aeae6e734,2026-05-01T21:20:06+00:00,2026-05-09T08:54:21+00:00,9,0,0,2006.018,2005.985559,3999.9675459930294303,9
0xac2eac0a9609d769ad58d4926e6a5031f1f1c422,2026-05-12T22:41:52+00:00,2026-05-13T02:16:21+00:00,2,0,0,114.228,114.22,227.876884,2
0xac37fbe55fef385520adc49177fd6c397d68fa1c,2026-05-19T03:24:04+00:00,2026-05-19T03:24:04+00:00,1,0,0,380.7615,0,379.9999770,1
0xac419f6f645fe769fc1a10d441728b4ec147abaf,2026-05-27T21:00:10+00:00,2026-05-27T21:00:10+00:00,1,0,0,12.3145,0,12.2898710,1
0xac4a82b9865f8577ccc466771d148b02d38a4284,2026-06-04T08:21:30+00:00,2026-06-04T08:21:54+00:00,2,0,0,755.755,755.75,1509.237745,2
0xac4f2e0b911282f15c83e259046005bc31a45316,2026-04-26T07:49:08+00:00,2026-04-26T09:02:40+00:00,2,0,0,100.611666,100.61,200.517391002,2
0xac502a3e8203cff495eefc2dfb8a81c6630367c4,2026-05-31T11:39:21+00:00,2026-05-31T11:39:21+00:00,1,0,0,14.014,0,13.999986,1
0xac6168df22f17d2df175ef8c5cca652afb158b42,2026-05-10T05:58:26+00:00,2026-05-13T20:23:34+00:00,4,0,0,11.027,11.02,21.981861,4
0xac62cce85956270eee27b99cfbcd906ef0100bcb,2026-04-30T06:56:14+00:00,2026-04-30T09:47:46+00:00,2,0,0,1391.22,1391.22,2775.48390,2
0xac6901aca7f92c92ca25ffe34fe1bde759ef957b,2026-04-30T04:07:52+00:00,2026-04-30T05:34:32+00:00,2,0,0,54.784333,54.78,109.180860001,2
0xac6f96f11c3e7f7dea57c76f2f41953b20399c42,2026-05-25T08:38:51+00:00,2026-05-25T08:38:51+00:00,1,0,0,10.02,0,9.99996,1
0xac77684b756d05cc0e4910cc04c2c86ad66f8df9,2026-05-16T10:51:40+00:00,2026-05-16T12:11:10+00:00,2,0,0,123.4165,123.41,246.2094370,2
0xac7cebb3d71c7fe76dd239fb85dbcf934cefd741,2026-06-02T14:38:39+00:00,2026-06-04T14:48:30+00:00,2,0,0,115.415,115.41,230.478765,2
0xac81ecbf7a43d893c2e8a5c421cb25cf1c2c1d7e,2026-04-19T02:23:12+00:00,2026-04-19T03:34:18+00:00,2,0,0,60.8542,60.85,121.0348290,2
0xac89b4935b801f2d3db0dc83f924581a7b4b7096,2026-03-20T16:56:23+00:00,2026-03-20T16:56:23+00:00,1,50.5,0,0,0,0.4040,1
0xac8dd2037734c54d058c89d66b269b7e6906e718,2026-04-12T19:45:59+00:00,2026-04-15T18:08:12+00:00,2,175.38,175.38,0,0,2.27994,2
0xac9476e4dc214a33cb59e77d07d56fcdb93eb808,2026-05-27T17:23:03+00:00,2026-05-27T22:16:45+00:00,2,0,0,68.136,68.13,135.925338,2
0xac9aefa41756204b37a8a4975febce3305969610,2026-05-28T13:33:42+00:00,2026-05-29T07:40:00+00:00,2,0,0,8660.0,8660.0,17276.7000,2
0xaca7b63b54bc3cc66644ff7d1aa393bf6eecbb2b,2026-05-27T13:24:36+00:00,2026-05-27T13:27:24+00:00,2,0,0,104.739,104.73,208.945332,2
0xaca9f624002e55e0263feb29fe3f61b2c0b35f81,2026-04-30T13:55:16+00:00,2026-04-30T14:51:44+00:00,2,0,0,107.412,107.41,214.070124,2
0xacb5caf678141557fb0c7e0819f9f9c9bbc243ea,2026-05-06T08:56:42+00:00,2026-05-06T10:06:40+00:00,2,0,0,111.765,111.76,222.742665,2
0xacc8a18c7116d508f9a05f27bc83f66956af41a2,2026-03-16T19:03:57+00:00,2026-03-17T00:18:23+00:00,3,0,0,11.96,11.95939,23.58451799997812,3
0xacca83202e777c6a02048de4ee2b3e06db24298d,2026-02-26T04:58:36+00:00,2026-02-26T05:17:30+00:00,2,0,0,25.0,25.0,49.5500,2
0xacce0bfbb466154993ff90f69991ce81f5b4b451,2026-04-13T14:15:07+00:00,2026-04-14T18:26:44+00:00,2,2142.857142,0,0,0,14.999999994,2
0xacce9ef07c7f56c4ae8ffb6ad38add9127987c20,2026-05-08T09:41:36+00:00,2026-05-08T10:52:27+00:00,2,0,0,56.870333,56.87,113.342242001,2
0xacd0ae0055f6574db9a099c7cff5a3dad5a23ff6,2026-05-07T07:28:11+00:00,2026-05-09T13:09:48+00:00,2,0,0,10.531333,10.53,20.9876189999468667,2
0xacd32b36cb54ada92c8daf2cbfe1d78981b34f52,2026-05-28T09:43:15+00:00,2026-05-30T03:21:26+00:00,2,0,0,87.174,87.17,173.995312,2
0xace61ef2b0b85ab5bb6c00d750338b4d07bba1ea,2026-05-09T08:08:36+00:00,2026-05-13T05:17:57+00:00,4,0,0,14.035062,14.03,27.9808600002589142,4
0xaceb801eab9a218b006784fd4b374c11674f0fa5,2026-04-29T08:49:32+00:00,2026-04-29T08:49:40+00:00,2,0,0,612.224,612.22,1221.382892,2
0xad2411076e832487c2a5eb3544011f2a1fe22d42,2026-03-26T14:23:27+00:00,2026-03-28T16:48:07+00:00,9,481.818178,481.799089,0,0,9.9997869940001701,9
0xad41f9f5ba597a90af23483e3165e9e28e446195,2026-05-09T04:29:49+00:00,2026-05-22T20:12:14+00:00,3,0,0,100.100666,70.59,170.137513002,3
0xad4234f35f30071e5495778a9a5520de0944fe63,2026-03-18T21:49:31+00:00,2026-04-11T15:24:43+00:00,167,79699.219178,0,0,0,599.3388967937482369,167
0xad45c952a439b63b68fecb331c6cf9bbc9be141f,2026-02-27T08:43:39+00:00,2026-02-27T08:44:47+00:00,2,0,0,300.0,300.0,595.2000,2
0xad5353afe30c2da57709e2704ef3ccdcf67eef24,2025-12-11T10:03:25+00:00,2026-01-26T12:55:27+00:00,21,219.991966,0,20.0,0,21.0306119999999704,18
0xad57aed8b694a76c36011b84a798f7efd6963b2e,2026-05-22T22:31:53+00:00,2026-05-23T00:20:12+00:00,2,0,0,15.581,15.58,31.083098,2
0xad65d06946312ba65089c2d64734f16be32d7708,2026-03-01T13:02:27+00:00,2026-06-16T18:57:58+00:00,9,23293.3575,0,0,0,145.81178993322725,9
0xad7e7d97038eb0f9bb3d60b9d2b5b295546c9cfb,2026-03-06T16:52:31+00:00,2026-03-12T19:47:55+00:00,2,3444.02375,3444.02,0,0,62.884219988488625,2
0xad7fa84dd42acd23da341c01f59d7815127634f4,2026-04-21T19:18:38+00:00,2026-04-21T20:14:30+00:00,2,0,0,57.236,57.23,113.836440,2
0xad8c929fbf17abe94bd678723a5a4e39ba90adc6,2026-05-17T16:49:07+00:00,2026-05-18T00:53:17+00:00,2,0,0,108.216,108.21,215.884938,2
0xad94fe64f15785b2026b5853b5642745106c342c,2026-04-25T11:08:14+00:00,2026-04-25T14:12:34+00:00,2,0,0,125.225666,125.22,249.569109002,2
0xada029a6f79868b5321620309e8260eef04389e3,2026-05-27T20:23:25+00:00,2026-05-27T20:23:25+00:00,1,0,0,81.553,0,81.389894,1
0xadac91b86631483885ef8b1fabcefed8dd158703,2026-05-13T20:19:14+00:00,2026-05-13T21:26:33+00:00,2,0,0,64.4685,64.46,128.6061830,2
0xadc0920aae0f1fc33ef55582ed06e1e94f3c1540,2026-06-01T05:25:53+00:00,2026-06-01T05:25:53+00:00,1,0,0,3.103,0,3.099897,1
0xadd4369efbbc11e091c6248a7e99f980a1f643d7,2026-05-28T00:04:03+00:00,2026-05-28T00:04:03+00:00,1,0,0,29.188,0,29.129624,1
0xadf2ba322ed185ddb720c237627a08d60e75976e,2026-04-29T10:08:22+00:00,2026-04-29T11:16:54+00:00,2,0,0,67.4145,67.41,134.4200310,2
0xadf7547f9be1d05ca94d196d22095ea083f74688,2026-05-21T08:56:22+00:00,2026-05-21T10:43:19+00:00,2,0,0,10.02,10.02,19.98990,2
0xae0f922703d3f02b2707ccd4169fe826dce0e31f,2026-05-26T06:59:31+00:00,2026-05-26T06:59:31+00:00,1,0,0,14.0,0,13.9580,1
0xae1097f5ee33eefa7cd9950bf7b0a12e271a233a,2026-05-26T06:59:31+00:00,2026-05-26T06:59:31+00:00,1,0,0,32.0,0,31.9040,1
0xae179e5c8be0e53ce35a5d1a42efa4814e098e49,2026-05-13T13:21:58+00:00,2026-05-14T13:29:53+00:00,4,0,0,12.024,12.02,23.983892,4
0xae1ce0df1e95cdebb0c111a3db7989b4021af79d,2026-02-27T12:25:07+00:00,2026-02-28T12:35:39+00:00,2,100.0,100.0,0,0,2.000,2
0xae23ec54e38a5761424ae52f4c7bf7ce6739cea3,2026-05-18T19:06:15+00:00,2026-05-18T19:06:15+00:00,1,0,0,137.094,0,136.819812,1
0xae2518096ec8f8541c774b30cebac8a37b7bf9f4,2026-05-30T23:13:49+00:00,2026-05-31T00:07:59+00:00,2,0,0,1.801,1.8,3.595599,2
0xae2588951d70561569728c782911c8fa2889d902,2026-04-20T02:04:18+00:00,2026-04-20T03:21:22+00:00,2,0,0,51.025,51.02,101.483755,2
0xae2b28fdc567dfde7daad87acedeac238db32ddc,2026-05-18T09:56:59+00:00,2026-05-18T14:37:30+00:00,2,0,0,62.124,62.12,123.933392,2
0xae37c0367c5fab2d64d230e898d62580efdde987,2026-05-25T02:20:17+00:00,2026-05-25T05:38:13+00:00,2,0,0,10.02,10.02,19.98990,2
0xae3a26592ae5900e082fdd3fee6fe57b350dd457,2026-04-19T06:31:02+00:00,2026-04-19T09:14:46+00:00,2,0,0,92.5024,92.5,183.9848880,2
0xae438f0478b74c5575d5f8e41cbaaa59ab288a42,2026-04-11T18:23:31+00:00,2026-04-14T00:52:57+00:00,2,0,0,19.0,19.0,37.7530,2
0xae462c74a3ef2bc183fc4bcdacf22b4568699f8d,2026-04-18T03:57:22+00:00,2026-04-21T02:36:50+00:00,2,0,0,1541.9094,1541.9,3066.8484530,2
0xae47436302b65e7bbf8457b7d37b211e6708c1e8,2026-04-06T09:17:13+00:00,2026-04-14T08:18:11+00:00,2,0,0,22.457142,22.45,44.5927919992628574,2
0xae4b56ad807d401b4b6376717dabaad6dba50f3c,2026-05-01T05:12:38+00:00,2026-05-01T06:12:32+00:00,2,0,0,45.476333,45.47,90.628024001,2
0xae4b6156055abb1a936cc5d8c643b12bc77aade7,2026-05-26T17:06:16+00:00,2026-05-26T17:06:16+00:00,1,1000.0,0,0,0,3.0000,1
0xae5e97c6de26cd2192ab58da63a3cf5e71d986b7,2026-05-27T15:18:20+00:00,2026-05-27T15:18:20+00:00,1,0,0,26.4725,0,26.4195550,1
0xae6af94f433f2c5e8f897cd1994c86aef8ebbd03,2026-04-25T03:21:58+00:00,2026-04-25T04:34:04+00:00,2,0,0,101.524333,101.52,202.333680001,2
0xae6fe5d493dc0d7af411dbbfd8ee9369e0ed041e,2026-05-06T03:54:02+00:00,2026-05-06T05:54:28+00:00,2,0,0,1471.59,1471.59,2932.87887,2
0xae8a75b811612086e5fba27004da833dcbf09f2a,2025-12-11T08:03:11+00:00,2026-01-01T19:21:25+00:00,9,34.63620,34.63,0,0,3.7057200,9
0xaea472c38475163264c78c98a9b6bcdca377a85f,2026-04-30T03:21:02+00:00,2026-04-30T04:40:22+00:00,2,0,0,513.46,513.46,1023.32578,2
0xaeb1c0581d53576b617bdd4b9844ddd3e51597dd,2026-05-20T09:52:45+00:00,2026-05-20T09:52:45+00:00,1,0,0,40.3105,0,40.2298790,1
0xaeb4417d9b27cfc4d9f6ecd49ed05e0ed0274285,2026-05-20T05:14:01+00:00,2026-05-20T05:14:01+00:00,1,0,0,12.3245,0,12.2998510,1
0xaec2f5edd6f3c089be668877f87c8398329830f9,2026-05-29T01:34:01+00:00,2026-05-29T06:27:19+00:00,2,0,0,362.54,362.54,723.26730,2
0xaecaaaf5ca18436d58286e12361970d6bc9b4c46,2026-06-01T21:01:14+00:00,2026-06-01T21:01:51+00:00,6,0,0,15.535,15.53,31.018405,6
0xaed4e0e5f148b11cbaf2409daa609c07b3c3821f,2026-05-01T09:22:48+00:00,2026-05-12T16:39:42+00:00,6,0,0,181.994499,181.99,362.832377003,6
0xaeda3a7db0f8b53da19d642dffd53de4ba413585,2026-05-01T20:35:24+00:00,2026-05-01T23:16:50+00:00,2,0,0,71.484333,71.48,142.463960001,2
0xaedd6c816358bc3bb09508d5c36699610244150c,2026-03-04T03:03:07+00:00,2026-03-31T23:13:21+00:00,57,0,0,1468.265496,1468.255306,2904.7605930028798315,57
0xaee4154537a670a07f2eacadd59a523b268dbe40,2026-05-25T13:11:17+00:00,2026-06-03T00:17:03+00:00,2,0,0,100.2,100.2,199.9992,2
0xaef3ad38d16dc4d00f8087caff59945b6ae49591,2026-05-05T23:21:28+00:00,2026-05-05T23:21:28+00:00,1,0,0,4.122333,0,4.1099660001755334,1
0xaf1a15c6157c047b5d6124b88fc9bb2301005250,2026-05-06T05:48:06+00:00,2026-05-06T08:16:16+00:00,2,0,0,48.174333,48.17,96.007130001,2
0xaf1faef6c84a56835ba6f657e084baed66da07c3,2026-05-24T03:26:18+00:00,2026-05-24T03:30:39+00:00,2,0,0,106.7635,106.76,212.9896930,2
0xaf2dc5c23cb119f33c19acb55ee41aa67a043ade,2026-06-12T01:01:33+00:00,2026-06-12T01:01:33+00:00,1,1000.0,0,0,0,1.0000,1
0xaf2e0fc37f09259ba1de90058badfb3fff8f630b,2026-05-24T01:37:19+00:00,2026-05-24T02:25:47+00:00,2,0,0,10.02,10.02,19.98990,2
0xaf3a4d613dd757cc8e5dbd44f9e6b97d0a35082f,2026-05-18T17:12:23+00:00,2026-05-18T17:12:23+00:00,1,0,0,47.9655,0,47.8695690,1
0xaf49736a19725f904491898e62f77ea9c41223a4,2026-05-16T10:36:30+00:00,2026-05-20T07:32:42+00:00,2,0,0,98.196,98.19,195.895038,2
0xaf4a6db7ad0105ef099b26dec650cd909c9b57ca,2026-05-13T08:41:42+00:00,2026-05-13T15:13:30+00:00,2,0,0,55.11,55.11,109.94445,2
0xaf7fbba1f6351eb8757714e7bce276826227eb8e,2026-05-14T16:46:13+00:00,2026-05-14T18:49:56+00:00,2,0,0,8.216,8.21,16.384938,2
0xaf8cdd45886af6cc2d9b975b2c960172aaf558d1,2026-05-28T07:06:30+00:00,2026-05-29T23:15:02+00:00,2,0,0,171.3425,171.34,341.9971350,2
0xaf97f78f3dcca71286951874c3b0e66c4720d741,2026-05-19T13:16:14+00:00,2026-06-03T09:54:14+00:00,2,0,0,39.9695,39.96,79.7696410,2
0xaf9d9b0013324d0a5e6ee8e4f3a299419ccdaad7,2026-05-08T10:45:43+00:00,2026-05-19T08:32:56+00:00,3,0,0,71.878166,44.91,116.419855002,3
0xafb59a5e5eacf09b40ae0c725361661915a26d0c,2026-06-17T14:58:31+00:00,2026-06-17T14:58:31+00:00,1,1000.0,0,0,0,1.0000,1
0xafb8a3536da2728f309fd7c66eeb094ffd7cbee0,2026-05-26T12:15:11+00:00,2026-05-26T14:56:53+00:00,3,0,0,56.2015,56.2,112.1204970,3
0xafbcfbb51d831d53f0bdd8e5cc2333b548eb18c6,2026-02-28T19:52:57+00:00,2026-03-25T21:57:21+00:00,100,482.15,0,650.71,0,648.54976,100
0xafbf6347c35d0ebe97b63f3fef820a73c29d6d99,2026-05-24T02:59:16+00:00,2026-05-24T02:59:16+00:00,1,0,0,3.7875,0,3.7799250,1
0xafc14d247d3bc047358ac507ed48f07047b2b858,2026-06-01T19:58:02+00:00,2026-06-01T19:58:25+00:00,4,0,0,10.310,10.31,20.589070,4
0xafc19b97c117564d279f08797ae2cc6fd7cc2560,2026-05-10T11:42:45+00:00,2026-05-26T09:35:55+00:00,2,1250.0,1250.0,0,0,7.5000,2
0xafe4d22a8e45b05e32307aaa94ec4e06817fbc5c,2026-05-21T06:33:48+00:00,2026-05-21T06:33:48+00:00,1,0,0,5.14,0,5.12972,1
0xafee5d9cec28d692ed03821275d6306572743e91,2026-05-17T10:49:28+00:00,2026-05-17T16:48:04+00:00,2,0,0,65.13,65.13,129.93435,2
0xaff917bc6a3e80bd8e8e5207625b28181c878169,2026-05-24T14:09:56+00:00,2026-05-25T04:01:53+00:00,2,0,0,46.092,46.09,91.951546,2
0xb0021b8db3b0e06b021e0e57c69e897b9dd558f3,2026-05-24T18:22:48+00:00,2026-05-25T01:53:59+00:00,2,0,0,49.098,49.09,97.942534,2
0xb018106f85d50df039c0f0aedde09da6535adb92,2026-04-16T15:45:02+00:00,2026-04-19T04:49:10+00:00,2,0,0,17.87,17.87,35.52556,2
0xb02a1b9201f4833b5437613ccbb6c5ff3175a503,2026-04-13T05:59:29+00:00,2026-04-13T06:00:17+00:00,2,1201.05,1201.05,0,0,15.61365,2
0xb02b3f07a809e102711bcdb59af45b9817363167,2026-02-12T12:03:47+00:00,2026-02-12T12:05:49+00:00,2,0,0,21.88,21.88,42.84104,2
0xb03c7fb0c2577ebf9d19ac978473903b0ff54ede,2026-05-26T09:28:25+00:00,2026-05-26T09:32:19+00:00,2,0,0,104.8695,104.86,209.2051810,2
0xb06042c28433ed10e149d324d56f2e90876473a4,2026-05-26T20:52:22+00:00,2026-05-26T20:52:22+00:00,1,0,0,19.138,0,19.099724,1
0xb0654823f563cbbe85036f8bb95e75cffd4a6d4e,2026-05-19T05:06:56+00:00,2026-05-19T05:06:56+00:00,1,0,0,104.208,0,103.999584,1
0xb066c4632dbbfe1450bcad485689038a6237f0c6,2026-05-21T14:38:29+00:00,2026-05-21T16:12:16+00:00,2,0,0,16.743,16.74,33.399294,2
0xb069d492d2514257e8a6e564b98e795ab406aca0,2026-05-18T15:52:21+00:00,2026-05-18T15:52:21+00:00,1,0,0,30.17,0,30.10966,1
0xb0a045b26619e318f46f2a76c5852234df347ce1,2026-06-01T10:09:29+00:00,2026-06-01T10:09:29+00:00,1,0,0,41.041,0,40.999959,1
0xb0a7433e4432e7d362b4ac1719468b358053a3b5,2026-05-20T23:25:06+00:00,2026-05-21T00:36:27+00:00,2,0,0,8518.0,8518.0,16993.4100,2
0xb0a918d7e22fa9b16d3621cb2bfa5587ef86eed4,2026-05-02T16:25:34+00:00,2026-05-02T17:22:56+00:00,2,0,0,57.281666,57.28,114.160701002,2
0xb0b72cc2df7e410de89a7318fbe17c7ca3784490,2026-05-19T01:35:30+00:00,2026-06-03T01:45:43+00:00,2,0,0,38.076,38.07,75.993708,2
0xb0b9cc176fbaff5815ccd853c1bce370890fb09c,2026-05-19T18:52:19+00:00,2026-05-19T18:52:19+00:00,1,0,0,18.9675,0,18.9295650,1
0xb0bbd0ecfeb6b173ab039fe40dce1846de687155,2026-05-13T16:32:27+00:00,2026-05-31T09:27:29+00:00,3,0,0,8.710,1.6,10.294887,3
0xb0ca58d7d2fbd9a926d6e777d699cba2ca665e78,2026-04-20T06:26:16+00:00,2026-04-20T07:39:12+00:00,2,0,0,59.4874,59.48,118.3130830,2
0xb0d62e7959377b18fd63b772c74147724e0e7475,2026-05-26T15:23:03+00:00,2026-05-26T15:23:52+00:00,2,0,0,50.00,0,49.90000,2
0xb0d9b64ea02c07f8c590cecb1f5a24e3cf1fc47c,2026-05-23T16:41:57+00:00,2026-05-23T16:41:57+00:00,1,0,0,10.521,0,10.499958,1
0xb0ff43fd8e141efc1b39d9e646ed94d04ae5b486,2026-06-04T23:38:39+00:00,2026-06-04T23:38:54+00:00,4,0,0,10.180,10.17,20.319480,4
0xb10678213a82db1af32f4f5c670136a85113e777,2026-04-30T02:36:02+00:00,2026-04-30T02:37:54+00:00,2,0,0,69.207333,69.2,137.922911001,2
0xb10ea96a1374ceb35f31fe5e7134c0a869ecb8e0,2026-05-24T10:44:36+00:00,2026-05-31T04:03:25+00:00,2,0,0,1.503,1.5,2.996994,2
0xb119005d213c5e594ebef96ff486dcc3632e7076,2026-05-16T11:22:33+00:00,2026-05-16T13:30:23+00:00,2,0,0,182.014,182.01,363.113942,2
0xb1198d4d44ca30275e968c1ebabcd9f42dcadac2,2026-05-01T22:24:04+00:00,2026-05-01T23:37:22+00:00,2,0,0,45.155333,45.15,89.989267001,2
0xb1198e1142b1af11cc70709d6295100a35d90d97,2026-05-22T11:15:15+00:00,2026-05-30T21:23:50+00:00,2,0,0,9.118,9.11,18.191544,2
0xb11cfe032657481978971c43a9606becc2783907,2026-04-24T10:08:42+00:00,2026-04-24T10:08:50+00:00,2,0,0,679.528333,679.52,1354.291668001,2
0xb13805ad5eeab93adc203598a5da6c25e60736ab,2026-03-13T01:27:23+00:00,2026-04-24T08:03:20+00:00,8,125.0,125.00,4.036325,0,6.501984000,8
0xb13f332bb49faa1b2790488dc7ee842c010086f0,2026-05-27T05:37:25+00:00,2026-05-27T05:37:25+00:00,1,0,0,17.214,0,17.179572,1
0xb15b8b4e87988909ff50f5686a135120212d91a1,2026-05-13T18:26:58+00:00,2026-05-14T07:50:29+00:00,4,0,0,355.9615,355.96,710.1416970,4
0xb16bbb65777ffc7c846fc569c9c27060651e7389,2026-05-24T15:24:55+00:00,2026-05-31T07:06:16+00:00,2,0,0,2.9055,2.9,5.7938890,2
0xb1730ecd903ed4c0636ca8c1b720b14cc359648f,2026-05-28T09:31:30+00:00,2026-05-28T11:34:33+00:00,2,0,0,17.695,17.69,35.296540,2
0xb17751e8a531d6860584a1bb3239e68f4fd08c85,2026-05-02T06:18:04+00:00,2026-05-05T06:42:10+00:00,2,0,0,1.013,1.01,2.015921,2
0xb193716d76a743ae977ab866775f4cb1f4e8fd4b,2026-05-29T09:52:03+00:00,2026-05-29T11:02:38+00:00,2,0,0,18.517,18.51,36.934436,2
0xb19390a1039f30184f64a7245a63c6fb39d83406,2026-05-17T09:41:16+00:00,2026-05-17T09:41:16+00:00,1,0,0,10.0,0,9.9800,1
0xb19ba0a371fb0f054d22abe357d7eb93cffa991a,2026-05-20T08:46:22+00:00,2026-05-20T09:14:28+00:00,2,0,0,180.3605,180.36,359.8186990,2
0xb19c8578b12f044c5ad6ef7144bbea3f71af2467,2026-06-13T18:57:21+00:00,2026-06-13T18:57:21+00:00,1,100000.0,0,0,0,100.0000,1
0xb1af744d435bfe64561bf4f2168a5fee0c6829b5,2026-05-06T02:04:08+00:00,2026-05-06T02:49:00+00:00,2,0,0,57.532333,57.53,114.659616001,2
0xb1c49d332ef9d9fa4193657d1d8280605ff1560c,2026-04-29T00:41:50+00:00,2026-04-29T01:23:14+00:00,2,0,0,9022.0,9022.0,17998.8900,2
0xb1c67af1689ef07ee04cf3d9496361ee2dbf6dd5,2026-05-22T02:03:26+00:00,2026-05-25T15:01:06+00:00,2,606.666666,606.66,0,0,3.0333190273333344,2
0xb1d2baba5b262979668b4b6e4206a2c3178a9a8d,2026-05-07T06:58:15+00:00,2026-05-07T06:58:20+00:00,2,0,45.0,0,45.0,44.9550,2
0xb1d98cc2fbe0580f2277affc9d3515dae05afc76,2026-05-26T20:46:04+00:00,2026-05-26T20:46:04+00:00,1,0,0,24.048,0,23.999904,1
0xb1dd5b125cff23652c7ae5ffa4850d50a29aed12,2026-05-23T23:06:59+00:00,2026-05-23T23:06:59+00:00,1,0,0,20.4305,0,20.3896390,1
0xb1f241ee7dd814d573ce19347200a38946a07ed8,2026-04-25T11:17:42+00:00,2026-05-21T12:07:12+00:00,4,0,0,334.729,334.72,667.195202,4
0xb20711e6bfb5ee3f9aea1c679d0482ff1b7df7a9,2026-05-25T04:13:34+00:00,2026-05-25T04:13:34+00:00,1,493.333333,0,0,0,1.479999012333334,1
0xb2115acfd01253a841af22df51f39b1eacbc17fe,2026-05-18T09:04:06+00:00,2026-05-18T09:15:25+00:00,2,0,0,1003.006,1003.0,2000.990988,2
0xb2249359ea4c2fbb1fda9204526d2ac8250ac5d7,2026-05-17T13:21:24+00:00,2026-05-17T23:08:14+00:00,2,0,0,170.3405,170.34,339.8287990,2
0xb228243fbef3cfda15c91a8a929f54f55716ad07,2026-05-17T19:37:35+00:00,2026-05-30T09:33:39+00:00,2,0,0,4.8095,4.8,9.5902810,2
0xb23420c6dc8660c344c69e82dee862ac7829a15a,2026-01-06T14:02:07+00:00,2026-01-06T14:02:07+00:00,1,0,0,100.902333,0,99.9999759983214585,1
0xb2475b3f6bd1ff531e3a3c0fdb4f1f7761973d90,2026-04-18T11:54:54+00:00,2026-04-20T18:20:08+00:00,2,0,0,18.77,18.77,37.33353,2
0xb24a4412088b07769d78c8bff77bdbc677bbcb52,2026-02-11T13:38:41+00:00,2026-02-11T21:32:35+00:00,2,51.359129,51.35,0,0,1.9729489984176068,2
0xb27491613dace24b02931d0b634b95077644fa10,2026-06-06T05:16:15+00:00,2026-06-06T05:16:15+00:00,1,5000.0,0,0,0,5.0000,1
0xb285e296f97034f463b4a099cd4311a43c302804,2026-05-26T02:26:35+00:00,2026-05-26T21:54:17+00:00,2,0,0,136.2725,136.27,271.8611450,2
0xb286f037d2a1592e3e397d86ea8d5dc56bf8d146,2026-05-18T00:23:46+00:00,2026-05-18T00:23:46+00:00,1,0,0,3.006,0,2.999988,1
0xb28d76eb0ce4aa80e3423ae909636206435a8f13,2026-04-30T01:17:00+00:00,2026-04-30T01:38:54+00:00,2,0,0,9090.0,9090.0,18116.3700,2
0xb29054e637dad1e49aa8668348fea963b9138cee,2026-05-02T18:01:22+00:00,2026-05-02T18:01:22+00:00,1,0,0,10.03,0,9.99991,1
0xb2c47a5ce82b46d67d1fa5cbac55c901270efdc1,2026-05-11T19:12:59+00:00,2026-05-20T09:29:34+00:00,4,0,0,80.3705,80.37,160.3386490,4
0xb2cb08b95cd02e26cb4a9a976c022815e89b94a7,2026-06-03T14:51:06+00:00,2026-06-03T14:51:25+00:00,4,0,0,10.170,10.17,20.309490,4
0xb2de34290683c33683e400b9d46f89fa9567bdca,2026-05-20T00:54:29+00:00,2026-05-20T00:54:29+00:00,1,0,0,26.9735,0,26.9195530,1
0xb2eae115580d035434b023a23410a4a0aaadee92,2026-05-08T10:03:30+00:00,2026-06-12T03:09:18+00:00,2,0,0,25.376,25.37,50.644502,2
0xb2edecfc7ffd46fc97f0a02f30c2306cbb70dc76,2026-03-19T15:04:39+00:00,2026-03-20T11:13:55+00:00,2,625.0,625.0,0,0,9.3750,2
0xb2ee6a87a2d63ff4f4763b8e161238f56f0a4a07,2026-04-10T08:05:13+00:00,2026-04-13T05:29:51+00:00,2,190.94,190.94,0,0,2.48222,2
0xb2f400da628d2c5cd33e0d75571b420920275242,2026-05-27T11:57:45+00:00,2026-05-27T13:10:10+00:00,2,0,0,12.234,12.23,24.402842,2
0xb2f56370b3323a1d82f8868cb614be901bd0a8cd,2026-04-21T16:39:14+00:00,2026-05-08T13:41:24+00:00,4,0,0,79.9172,79.91,159.1123200,4
0xb2fa97909198fbca64cf24764870426523d0206c,2026-03-15T08:04:41+00:00,2026-03-15T08:42:37+00:00,2,0,0,11.87,11.87,23.45512,2
0xb2fd220043531d3883f1833ead4d5d5dded034d1,2026-05-03T03:40:56+00:00,2026-05-04T04:56:18+00:00,2,0,0,846.35,846.35,1686.77555,2
0xb30edb11a6ddcd5237a778ee06d9ccdaff84254c,2026-04-29T02:36:24+00:00,2026-04-29T06:23:12+00:00,2,0,0,85.9415,85.94,171.4517970,2
0xb310776b6f963953a9c4b24be8dd08f101e3aad6,2026-05-09T11:28:18+00:00,2026-05-10T03:54:04+00:00,4,0,0,10.030,10.03,19.989790,4
0xb313bca44738f406d391a726848455e5221defe5,2026-06-11T03:52:58+00:00,2026-06-11T03:52:58+00:00,1,1000.0,0,0,0,1.0000,1
0xb313c6194a8aa852313a26add0d70bf30f97f518,2026-05-12T09:09:12+00:00,2026-05-12T12:14:40+00:00,2,0,0,1948.8975,1948.89,3888.0430350,2
0xb31b5085a3cf142687b88bbe7eb8ccefa5774e39,2026-05-11T20:41:09+00:00,2026-05-12T06:32:57+00:00,2,0,0,57.114,57.11,113.938442,2
0xb322749dcfe4f5df52e499617cb7c216ff900067,2026-05-10T18:17:24+00:00,2026-05-11T01:21:17+00:00,2,0,0,252.758,252.75,503.738726,2
0xb335a4b8d4d12047136a286321da5838c0b0a254,2026-05-19T22:24:53+00:00,2026-05-19T22:24:53+00:00,1,0,0,29.709,0,29.649582,1
0xb347aee1b8556970df3a063902b54177911de693,2026-04-18T15:21:06+00:00,2026-04-18T16:22:22+00:00,2,0,0,63.3466,63.34,125.9898270,2
0xb3548f467c3175e436806ae783777d0c4ec5e124,2026-06-17T11:49:04+00:00,2026-06-17T11:49:04+00:00,1,639207.07,0,0,0,639.20707,1
0xb3586283625c5ee88d32f0cc63c1651f5cc20c6f,2026-05-09T06:07:33+00:00,2026-05-22T06:50:32+00:00,6,0,0,1628.914166,1628.91,3248.365667002,6
0xb35a0afbbe679d07228344f7f93b73c0b9c2ea31,2026-04-30T02:21:00+00:00,2026-04-30T02:21:00+00:00,1,545.0,0,0,0,2.1800,1
0xb35f6ccc324421faeda7220e7c2ce20826d72ee1,2026-05-23T08:17:10+00:00,2026-05-23T08:17:10+00:00,1,0,0,22.595,0,22.549810,1
0xb3641e47d1d3cba1bc10bef0678109b1ae44ae91,2026-05-08T00:35:27+00:00,2026-05-08T01:48:28+00:00,2,0,0,41.604666,41.6,82.913452002,2
0xb36b96950b467e10fd4f5504fd659ec9961e7804,2026-02-16T02:44:09+00:00,2026-02-17T14:09:39+00:00,10,309.9945,309.99,0,0,11.4697110,10
0xb3739cfd459f757ca61689a80e9f7c0709b36528,2026-05-17T12:59:21+00:00,2026-05-17T12:59:21+00:00,1,0,0,3.106,0,3.099788,1
0xb37be092aa42feb23567905c64da0d1cf4fba2d9,2026-03-31T11:57:57+00:00,2026-03-31T12:46:21+00:00,2,0,0,1.512,1.51,2.994804,2
0xb387d40255f22eec13c144a207a2758ce6be27b2,2026-05-16T07:48:49+00:00,2026-05-16T07:48:49+00:00,1,0,0,5.01,0,4.99998,1
0xb39df61e7fb34e8a09e62209f22f2763ca5e6cc9,2025-12-11T13:42:29+00:00,2026-02-15T08:47:17+00:00,10,0,0,28.606899,28.60,54.6287609999308218,10
0xb3a38ea8b296cf532fdf0874b0d3413960eb1997,2026-05-21T01:59:15+00:00,2026-05-21T13:19:15+00:00,2,0,0,155.3105,155.31,309.8439490,2
0xb3a3df38b7b61dda02aed4a4901c1b81735f2807,2026-05-24T02:13:13+00:00,2026-05-24T12:52:12+00:00,2,0,0,8928.0,8928.0,17811.3600,2
0xb3a400e8ac7f453788127238a2f340a239452cda,2026-05-18T10:23:03+00:00,2026-05-28T08:56:12+00:00,6,0,0,42.084,42.08,83.953592,6
0xb3b585d87c255648a255936292656e2883d6ae84,2026-05-12T05:04:06+00:00,2026-05-12T06:12:41+00:00,2,0,0,77.234,77.23,154.077842,2
0xb3c6c7e95b5ec5798736fe574bde4e84c7de90ff,2026-04-19T14:21:44+00:00,2026-04-21T18:03:24+00:00,201,5683.333323,5683.33,0,0,62.516649938,201
0xb3cd88851fed22e69f57bae69eb83fdd824513b6,2026-05-17T15:31:37+00:00,2026-05-17T15:43:31+00:00,2,0,0,5.01,5.01,9.99495,2
0xb3d2e463aee1df869d9a5416545601d1a641ac71,2026-05-15T14:52:09+00:00,2026-05-15T15:03:34+00:00,2,0,0,8.016,8.01,15.985938,2
0xb3d4615b09b07d723627f2e3d8e149c64c5ff1f0,2026-03-22T04:33:43+00:00,2026-03-24T05:23:03+00:00,2,0,0,10.86,10.86,21.54624,2
0xb3d8acac0a9d8a876b9d629c71cf99cd9f20c551,2026-05-15T19:38:01+00:00,2026-05-16T01:31:14+00:00,2,0,0,212.4245,212.42,423.7823910,2
0xb3db293c4b2da9f419e9cf149d56e165a8d00b6a,2026-05-30T23:40:36+00:00,2026-05-30T23:40:36+00:00,1,0,0,38.038,0,37.999962,1
0xb3db739a1e81b3f56716f1b24dd00b01b685a85b,2026-04-26T09:09:04+00:00,2026-04-27T01:20:58+00:00,2,0,0,158.565666,158.56,316.015729002,2
0xb3e3696220ed96091d76e6db15c844378bd05feb,2026-04-30T16:40:28+00:00,2026-05-17T00:24:41+00:00,2,0,0,70.0,70.0,139.5800,2
0xb3f3302edfb62bf5d2d32924ddfed24e00818f04,2026-05-10T10:31:56+00:00,2026-05-13T19:22:19+00:00,4,0,0,16.039,16.03,31.974791,4
0xb40e52013eecd460a735d6ddaa9d6f53b43eeef2,2026-05-26T08:26:37+00:00,2026-06-07T23:56:18+00:00,2,0,0,106.212,106.21,212.103366,2
0xb4134f468939c7ea806de9a2a44da9ff7cfddf94,2026-06-01T20:00:52+00:00,2026-06-01T20:01:28+00:00,6,0,0,15.425,15.42,30.798735,6
0xb435de757de9f2a7f0be69535374d62f2b590a3f,2026-05-16T07:07:36+00:00,2026-05-16T11:39:18+00:00,2,0,0,82.164,82.16,163.913192,2
0xb438131e4573372ea6f93680d38c8cea17cf24a2,2026-04-10T16:07:49+00:00,2026-04-10T16:07:49+00:00,1,600.0,0,0,0,3.6000,1
0xb43820c9f3712e5b27b05349b54db0951604e1f0,2026-05-26T04:52:05+00:00,2026-05-26T19:12:58+00:00,2,0,0,131.2625,131.26,261.8661950,2
0xb44cdf2dac3c6a9bf911b57bd624b0e91e8cf08c,2026-05-31T12:48:25+00:00,2026-05-31T12:48:25+00:00,1,0,0,20.02,0,19.99998,1
0xb4549dc1c9219ac87195ac4c453a3a0c01fe91bd,2026-05-24T02:50:26+00:00,2026-05-24T02:50:26+00:00,1,0,0,90.18,0,89.99964,1
0xb46817627ab7d1032dc09d346c31476599436921,2026-04-20T05:25:48+00:00,2026-04-20T06:29:30+00:00,2,0,0,58.7134,58.71,116.7775730,2
0xb46ab94a4de00bb961d9265ad3059598a7c400ce,2026-03-24T09:26:19+00:00,2026-03-31T01:26:27+00:00,4,194.444444,194.44,0,0,3.999949995,4
0xb46d5b175eefad12f709de8d0303abcbb5bb0a86,2026-05-14T06:42:28+00:00,2026-05-14T09:55:22+00:00,2,0,0,50.741,50.74,101.227298,2
0xb472d884a0d76a086e8415206307e4d3c8a47102,2026-05-10T16:08:38+00:00,2026-05-19T21:04:44+00:00,2,0,0,3.41,3.41,6.79954,2
0xb47a5670c0c465aec45612aebfe4e7e11951292f,2026-05-30T13:52:17+00:00,2026-05-30T13:52:17+00:00,1,0,0,16.016,0,15.999984,1
0xb47b2adc0fdc02cc13ae779965f1166b06827940,2026-05-12T22:48:24+00:00,2026-05-14T08:05:33+00:00,2,0,0,119.238,119.23,237.871834,2
0xb4856d7805fe94764ebbd6b0f4fed0d4588e480f,2026-05-31T02:05:58+00:00,2026-05-31T02:05:58+00:00,1,0,0,36.036,0,35.999964,1
0xb493a7c9f23d57a3582ea6db2f35b8b88ffdff76,2026-05-19T10:14:54+00:00,2026-05-20T15:56:07+00:00,2,0,0,109.218,109.21,217.881934,2
0xb4b7e3d4690679616baed4f7e7d38cd01599b981,2026-05-22T22:33:29+00:00,2026-05-22T22:33:29+00:00,1,0,0,28.677,0,28.619646,1
0xb4c64100b9922caffe1560481cf741e3dc22b6d0,2026-04-24T08:30:18+00:00,2026-04-24T10:36:30+00:00,2,0,0,248.545333,248.54,495.345537001,2
0xb4ca8332bf59c8068d7bfd0f4417d4dd382c7e5f,2026-05-27T20:06:14+00:00,2026-05-27T20:06:14+00:00,1,0,0,11.4025,0,11.3796950,1
0xb4e4074cdc10bf17c3df897dee79926af24d361a,2026-04-17T21:49:52+00:00,2026-04-18T06:03:34+00:00,12,6666.666666,6666.66,0,0,73.333299996,12
0xb4e632f78d7d4c31da1069639603f06aaeb47de5,2026-05-04T01:41:28+00:00,2026-05-04T01:41:28+00:00,1,0,0,2.788333,0,2.7799679998846668,1
0xb4f2f0c858566fef705edf8efc1a5e9fba307862,2026-04-17T05:40:46+00:00,2026-06-02T06:17:49+00:00,4157,1379065.506032,1379065.496646,0,0,7082.0419653766135545,4144
0xb503fa15e30f6eceea4ab3faab9b03969f1a7e29,2026-05-14T07:22:29+00:00,2026-05-14T14:21:15+00:00,2,0,0,158.7875,158.78,316.7735850,2
0xb508f36fba51a25465f00af21935d7e97cefc9ee,2026-05-31T07:33:16+00:00,2026-05-31T14:24:28+00:00,2,0,0,3780.78,3780.78,7550.21766,2
0xb50deddd218ee332ad45933dbcd3351a8916a49b,2026-05-12T14:28:57+00:00,2026-05-12T14:28:57+00:00,1,333.333333,0,0,0,0.999998999000001,1
0xb50fae9e9180ef6672b3d0d26a1328c443812c4f,2026-05-15T07:30:57+00:00,2026-05-15T10:57:59+00:00,2,0,0,9060.0,9060.0,18074.7000,2
0xb51a2d878dcb71033b3deaeac0281163d9419e3c,2026-05-14T06:54:16+00:00,2026-05-14T13:33:22+00:00,2,0,0,55.3105,55.31,110.3439490,2
0xb52754ffb998cdb536bee17f6d16378160b42d8f,2026-03-08T08:54:39+00:00,2026-03-08T19:55:07+00:00,2,125.0,125.0,0,0,2.0000,2
0xb52ede286c3eeb60156f1fa9ab1df55dfd394d08,2026-05-26T16:14:39+00:00,2026-05-26T16:14:39+00:00,1,0,0,704.739,0,703.329522,1
0xb5515a7891506f56ea64aa598e96cc9e0d91ad0a,2026-05-20T20:59:41+00:00,2026-05-20T20:59:41+00:00,1,630.0,0,0,0,1.8900,1
0xb5565533fe486c458c0b5d8bb70b802ae4970747,2026-04-25T04:31:10+00:00,2026-04-25T05:14:38+00:00,2,0,0,109.017,109.01,217.263909,2
0xb5635f1ff038cae9c9124b06493fa1a79207d5db,2026-05-27T19:51:13+00:00,2026-05-27T19:51:13+00:00,1,0,0,10.15,0,10.12970,1
0xb5736f06ddd0f996fc23e872af340a38ac385224,2026-04-01T09:06:21+00:00,2026-04-07T07:24:15+00:00,2,0,0,32.47975,32.47,64.43015200,2
0xb5853b70618afdbf3d2cb48fa900c3b5d102997d,2026-05-16T10:20:40+00:00,2026-05-18T01:25:55+00:00,4,0,0,1011.022,1011.02,2016.986896,4
0xb5a6442d8e7eef509b5a6a5b36dea205e1c777b5,2026-05-16T03:19:44+00:00,2026-05-16T20:24:37+00:00,2,0,0,90.18,90.18,179.90910,2
0xb5a6d817d6abca74dcfb008e887e6d6cb08d38f1,2026-05-15T20:42:29+00:00,2026-05-17T04:37:20+00:00,2,0,0,157.3145,157.31,313.8379410,2
0xb5a93d5d0ac1420d9564b15931c413dddea416a0,2026-05-17T22:32:07+00:00,2026-06-01T19:03:05+00:00,2,0,0,17.635,17.63,35.194470,2
0xb5d92d49a6e3cfe2e203c410050c8b8772887ef8,2026-03-25T05:41:11+00:00,2026-03-25T05:54:09+00:00,3,0,0,541.0,541.0,1070.0980,3
0xb5e8a439f59a1e2f52342f6bfb6682b1ddbfc418,2026-05-13T04:42:08+00:00,2026-05-13T04:42:08+00:00,1,0,0,1.002,0,0.999996,1
0xb5ee17db99216080c6c297642474bbb5c608f804,2026-04-16T21:47:30+00:00,2026-04-16T21:47:30+00:00,1,0,0,61.67,0,61.29998,1
0xb5f76b17c91cd22cf170390f7fc8fa6b68d176cd,2026-05-25T06:05:15+00:00,2026-05-25T06:31:48+00:00,2,0,0,1913.8275,1913.82,3818.0783850,2
0xb5fb668226bcef0e696a0d9eedd9a88b5149c28d,2026-01-13T14:20:27+00:00,2026-01-13T14:20:27+00:00,1,5.96,0,0,0,0.01192,1
0xb60c586e244a251ae71d93a4c27cc0e9f67f1c50,2026-05-01T10:16:52+00:00,2026-05-01T11:16:58+00:00,2,0,0,55.265666,55.26,110.138829002,2
0xb625f16d0d339e5b95e543bf594c6b63de3c79c1,2026-05-17T05:53:18+00:00,2026-05-17T05:53:18+00:00,1,333.333333,0,0,0,0.999998999000001,1
0xb645d125b6119685e3c7062826bdd20b80f3b717,2026-03-26T13:55:03+00:00,2026-03-26T15:52:03+00:00,2,100.0,100.0,0,0,2.000,2
0xb64624fe1e4168e4fb94cddcd3e30283009fb7fe,2026-05-08T00:38:03+00:00,2026-05-08T01:35:10+00:00,2,0,0,63.931666,63.93,127.414151002,2
0xb660e64e4b4d03134898b01f0c42bca87d84e86d,2026-04-24T03:24:32+00:00,2026-04-24T03:24:58+00:00,2,0,0,26.078,26.07,51.965486,2
0xb6627267349ea78623abcee8a49c79a63e38ed64,2026-05-21T02:46:13+00:00,2026-05-21T06:13:18+00:00,2,0,0,820.78,820.78,1637.45610,2
0xb687f00464e33934f5d591f224e71c3559ecaee5,2026-05-30T22:58:01+00:00,2026-06-06T12:49:42+00:00,78,0,64974.36,0,0,64.97436,51
0xb69e9e130aec7530f0066829653214877c2e334b,2026-05-23T08:30:53+00:00,2026-05-23T08:30:53+00:00,1,0,0,22.8855,0,22.8397290,1
0xb6a88ed52fc8669dce278ec97c85584a40a9bd71,2026-04-10T13:53:39+00:00,2026-04-13T08:20:19+00:00,2,198.01,198.01,0,0,2.57413,2
0xb6a9bd89f9376103d1a7f8f659594af6f6a0545a,2026-05-25T07:33:17+00:00,2026-05-25T07:33:17+00:00,1,0,0,10.02,0,9.99996,1
0xb6ddeffc8ae6980decd95e6a6bafc08b041dcf0b,2026-05-07T09:33:34+00:00,2026-05-07T11:06:28+00:00,2,0,0,53.681,53.68,106.985237,2
0xb6e07b4459fb2d18aa2466d147c7685e239af344,2026-05-29T09:39:58+00:00,2026-05-29T10:44:48+00:00,2,0,0,10.21,10.21,20.36895,2
0xb6f1e4b1307afd896b558bd0856210dc063db1e7,2026-05-04T12:09:28+00:00,2026-05-05T07:04:12+00:00,2,0,0,2103.309666,2103.3,4191.886537002,2
0xb6fa57039ea79185895500dbd0067c288594abcf,2025-12-11T09:02:19+00:00,2026-04-27T12:21:28+00:00,161,0,0,20785.696591,0,20600.7876080052215777,161
0xb6fdd69ee962b96ac19882de381e71ffb6526fec,2026-05-27T05:45:16+00:00,2026-05-27T05:45:16+00:00,1,0,0,2.004,0,1.999992,1
0xb70667681375c0ec874400c9bffc1ad80ad8acc9,2026-05-23T04:46:40+00:00,2026-05-23T17:51:36+00:00,2,0,0,44.088,44.08,87.947584,2
0xb709d851560874ee2b6119bd993c7d42c3896407,2026-05-31T03:10:24+00:00,2026-05-31T03:16:00+00:00,2,0,0,108.308,108.3,216.283092,2
0xb7177a9cc2b5a7e59997e13c176f4ab13539dbf7,2026-05-08T05:42:44+00:00,2026-05-08T06:41:44+00:00,2,0,0,38.415,38.41,76.556115,2
0xb72305ccb54d7231dd714aba382b493334f97ae0,2026-03-08T06:18:15+00:00,2026-03-08T06:18:15+00:00,1,250.0,0,0,0,2.0000,1
0xb727ae3cf901e2ac8776700da1cf8a65e8c8cc1d,2026-04-30T03:42:48+00:00,2026-04-30T04:41:08+00:00,2,0,0,260.170333,260.17,518.519142001,2
0xb72af9c6cd5f51795bf4722d52980eb24533fded,2026-05-20T08:57:01+00:00,2026-05-20T15:20:44+00:00,2,0,0,11.8235,11.82,23.5843930,2
0xb73464c38fafd9f6312ad81409779871cdd8df1a,2026-06-04T11:57:31+00:00,2026-06-04T11:57:46+00:00,4,0,0,10.160,10.15,20.279540,4
0xb73a2839afae6aa8c97083ddde504dfb9fac1af4,2026-05-14T05:35:40+00:00,2026-05-14T09:36:39+00:00,2,0,0,69.3685,69.36,138.3816830,2
0xb74044f410f111c23218981d9f47ce2995961637,2026-05-09T01:58:26+00:00,2026-05-09T01:58:26+00:00,1,0,0,10.0,0,9.9700,1
0xb757634ef3ed58b0f1be122345de613db73d757c,2026-04-21T07:49:16+00:00,2026-04-21T09:30:18+00:00,2,0,0,58.5426,58.54,116.4386470,2
0xb77cd70429c7f23f027fab1bccbfe1e712a84422,2026-04-25T10:20:20+00:00,2026-04-25T12:03:36+00:00,2,0,0,109.187333,109.18,217.603051001,2
0xb77d9fd19feb90e6bcfe64d7815342aa312b28bc,2026-05-14T19:51:34+00:00,2026-05-17T12:02:11+00:00,4,0,0,12.024,12.02,23.983892,4
0xb77dafd7ece72521f0f129f6b1792ba7ba49570a,2026-05-05T15:51:30+00:00,2026-05-12T16:32:42+00:00,2,5218.333333,0,0,0,18.2099989336666668,2
0xb78127420268b7f482a48ee8eadb0d17b6cc33ce,2026-05-19T03:36:42+00:00,2026-05-19T08:06:31+00:00,2,0,0,189.3785,189.37,377.8016330,2
0xb78619bf810d1dce21608bdb31885930725bc43d,2026-05-17T10:05:57+00:00,2026-05-17T10:05:57+00:00,1,0,0,10.0,0,9.9800,1
0xb78c96aeb7569dfc97806c8f16ddf874e383bca1,2026-05-09T19:19:15+00:00,2026-05-22T20:52:27+00:00,2,0,0,1.604666,1.6,3.1950520000744008,2
0xb7928ba79688e5b3d727cf68a92c0edadcd31658,2026-05-24T00:04:30+00:00,2026-05-24T00:04:30+00:00,1,0,0,629.9295,0,628.6696410,1
0xb798e221b482b018fbf81b58f461f5fb51be32db,2026-04-24T06:04:56+00:00,2026-04-24T09:24:40+00:00,2,0,0,96.870333,96.87,193.062242001,2
0xb79ba1e4109a259ccf57f3254a8faefe4b3fc172,2026-05-19T09:21:44+00:00,2026-05-19T09:21:44+00:00,1,0,0,49.9795,0,49.8795410,1
0xb79c2b56092db86aeacac879c606f8800f803ae5,2026-05-20T08:59:07+00:00,2026-05-20T08:59:07+00:00,1,0,0,68.547,0,68.409906,1
0xb7a50f080f2e069e2def1cde2b7e119448d05824,2026-05-10T07:19:56+00:00,2026-06-14T08:26:55+00:00,2,0,0,4.012,4.01,8.005954,2
0xb7ac4f0a69e1ad1575a05a6ece056ed85b5daaee,2026-05-21T13:40:27+00:00,2026-05-21T22:28:18+00:00,2,0,0,174.3485,174.34,347.8167830,2
0xb7bba5eff338ff88a925ba477c5f16dc0f970233,2026-03-30T06:41:28+00:00,2026-03-30T07:19:22+00:00,3,1000.0,1000.00,0,0,22.00000,3
0xb7bd9e4e7678791f9cdb0a437185c8fb17f7d2f8,2026-05-22T02:50:54+00:00,2026-05-22T02:50:54+00:00,1,0,0,3.647,0,3.639706,1
0xb7c051650a517200c4fd7997ffed4d737266e24e,2026-04-19T17:22:04+00:00,2026-04-19T17:22:04+00:00,1,833.333333,0,0,0,4.999999998,1
0xb7c74975b4529ca35cd0cd91e444b2ca5c8db3bb,2026-06-05T17:15:16+00:00,2026-06-05T17:15:16+00:00,1,1000.0,0,0,0,1.0000,1
0xb7c9f3096fc18a256eb7729d9aa077d4ce0f1da8,2026-05-18T20:26:20+00:00,2026-05-18T23:00:12+00:00,2,0,0,50.8715,50.87,101.4871470,2
0xb7d2b8c0954a4882ef4fc092f7256978ca077eb6,2026-05-21T15:58:14+00:00,2026-05-21T16:00:36+00:00,4,0,0,430.0,430.00,857.85000,4
0xb7d4cc5ccb2958023a4c3d75aa7cff8fa5de6a1d,2026-03-06T13:56:57+00:00,2026-04-11T01:41:33+00:00,4,0,0,60.0,10.0,69.5700,4
0xb7e23f1aadde0f66c072ccd980c0153aaaf5f1b0,2026-04-19T13:34:06+00:00,2026-04-19T14:25:22+00:00,2,0,0,66.1808,66.18,131.6328160,2
0xb7e2e90c9b0077ffd0455b2e0be762707724e62e,2026-06-03T17:53:03+00:00,2026-06-03T17:53:27+00:00,4,0,0,10.370,10.37,20.708890,4
0xb7f567c0d5e7901223e7d7ddee6545c64d3a9bb0,2026-04-30T06:32:48+00:00,2026-05-06T17:34:27+00:00,4,0,0,97.392666,97.39,194.199156002,4
0xb7f59021489d60d596360f0faffcebf1799ee8d5,2026-06-01T14:58:12+00:00,2026-06-04T23:54:40+00:00,2,0,0,27.0,27.0,53.9190,2
0xb81b8d110b4009202172d5b90bcb669109e38248,2026-03-27T08:51:07+00:00,2026-03-28T17:26:45+00:00,6,1054.545454,1054.535454,0,0,21.9998890046398196,6
0xb81b9a3d8bf323928b145cc7c2c931652407aa7e,2026-05-26T09:19:49+00:00,2026-05-31T19:15:03+00:00,2,0,0,1.503,1.5,2.996994,2
0xb81d08969520a6a3212ebb8b64728a946b53cb85,2026-05-09T21:59:56+00:00,2026-05-10T17:59:07+00:00,2,0,0,95.285666,95.28,189.898689002,2
0xb823619d40e916d1cc3dd2779c2e33d0c6e51c6d,2026-03-04T03:03:07+00:00,2026-03-04T09:24:45+00:00,2,0,0,97.62,97.62,193.28760,2
0xb82aa50d83e3ed8fa0317b2397cdb689f5789268,2026-06-02T12:10:16+00:00,2026-06-02T12:12:59+00:00,2,0,0,20.02,20.02,39.97994,2
0xb831215cef54a99533844661072edcd7aba42331,2026-05-17T00:12:58+00:00,2026-05-17T04:31:03+00:00,2,0,0,128.2565,128.25,255.8652370,2
0xb8345b25abdee748f218909bdb437bbaff172579,2026-05-13T10:27:30+00:00,2026-05-22T20:56:01+00:00,20,0,0,3400.5620,3400.56,6784.1191960,20
0xb84c1e9cadcf33a5ef669fbf98beca5b82846d71,2026-04-13T13:30:47+00:00,2026-04-16T21:48:20+00:00,2,0,0,14.43,14.43,28.67241,2
0xb850e71e9b5f69392d151d4106b228b56985a583,2026-05-16T01:54:23+00:00,2026-05-16T01:54:23+00:00,1,0,0,6.012,0,5.999976,1
0xb8570055cec2dde4ea0de9c881d34bc524930f38,2026-05-26T04:42:33+00:00,2026-05-26T04:42:33+00:00,1,0,0,23.8075,0,23.7598850,1
0xb8593e012c412ae149b2aa87d0aa12baa379858f,2026-05-07T07:52:20+00:00,2026-05-07T08:51:13+00:00,2,0,0,67.141333,67.14,133.811349001,2
0xb86224b80ff031637055f454735ac245397d9452,2026-06-01T07:11:16+00:00,2026-06-01T07:11:27+00:00,2,0,17.0,0,17.0,16.9830,2
0xb86810223348c599887e6edb0ab51738c72a6e83,2026-05-25T02:58:53+00:00,2026-05-25T04:01:33+00:00,2,0,0,10.02,10.02,19.98990,2
0xb8693a33898a8b53993c9b8ef47799035338875c,2026-05-22T10:49:47+00:00,2026-05-22T10:49:47+00:00,1,0,0,27.8955,0,27.8397090,1
0xb86a0ff2110111803f2f9fc11f0916719af60d8b,2026-03-27T15:42:29+00:00,2026-03-29T03:38:04+00:00,2,90.909089,90.9,0,0,1.9998989971818388,2
0xb886813fbc2ef1a542e3879bfe3002255d5072fc,2026-03-11T12:31:53+00:00,2026-03-18T12:38:39+00:00,3,20.0,0,19.992856,0,19.9329569990545128,3
0xb88a79914959acec496bf0a58fa09a51261da71b,2026-05-29T05:43:33+00:00,2026-05-29T05:51:11+00:00,2,0,0,104.8095,104.8,209.0854810,2
0xb88b7ca49bd4b37dc55efe51ae095679cd2db70f,2026-05-18T10:22:37+00:00,2026-05-18T10:22:37+00:00,1,0,0,76.2825,0,76.1299350,1
0xb8904304f0900d1d0f4763d12d99c99e5c6a32ed,2026-05-05T11:37:48+00:00,2026-05-05T14:53:34+00:00,2,0,0,127.973666,127.97,255.047865002,2
0xb898e6b51b4fa5e872025b6ad769e67e61688c77,2026-05-26T01:55:15+00:00,2026-05-26T01:55:15+00:00,1,0,0,2.9855,0,2.9795290,1
0xb89e4f2c28d4ab28e664c51e5be9e066a6db3e84,2026-05-07T12:38:10+00:00,2026-05-07T13:52:44+00:00,2,0,0,106.298666,106.29,211.844610002,2
0xb8a4c55c417808bb542af7edd05feeba87d90de2,2026-04-12T00:53:55+00:00,2026-05-10T17:44:55+00:00,4,1035.714285,1035.71,0,0,8.107129995,4
0xb8dcf44f907fb0973cb6f41e5a568850987b3838,2026-05-20T09:36:03+00:00,2026-05-22T11:46:27+00:00,2,0,0,3006.012,3006.01,5996.991946,2
0xb8e44baef80cf1fdaef67142f5ab9bd4b2e7ff6f,2026-05-31T20:12:24+00:00,2026-06-04T19:53:54+00:00,2,0,0,1.601,1.6,3.196199,2
0xb8e7655e8532fe83b9e678fea29d8bcf291bb608,2026-05-25T21:29:50+00:00,2026-05-26T01:20:50+00:00,2,0,0,203.4065,203.4,405.7894870,2
0xb8eeab2c231689cbadac39eb202094e5bb3906e2,2026-05-26T20:46:16+00:00,2026-05-26T20:46:16+00:00,1,333.333333,0,0,0,0.999998999000001,1
0xb8f11a803484b8a94f72378cd204dbe07d2c77bf,2026-04-19T15:27:26+00:00,2026-04-19T16:13:02+00:00,2,0,0,59.3466,59.34,118.0338270,2
0xb8f719023e7737b23ecdd8cec8a912de3a560f21,2026-05-27T00:09:12+00:00,2026-06-04T15:39:55+00:00,2,0,0,76.152,76.15,151.997396,2
0xb905d4155d81fbc0bc601bb9ce70fed7b3b1a846,2026-05-21T04:24:16+00:00,2026-05-21T11:20:13+00:00,2,0,0,157.3145,157.31,313.8379410,2
0xb90c3877bcf7ad5e1bcd739602f2b837abf9ab23,2026-05-19T15:08:51+00:00,2026-06-06T18:22:03+00:00,2,0,0,1.4525,1.45,2.8966950,2
0xb9110852be6740fade0805a6e849054bd5371763,2026-05-16T07:28:43+00:00,2026-05-16T07:28:43+00:00,1,0,0,20.04,0,19.99992,1
0xb91a28c187a0b39c9ee60969e95a79a3236b157b,2026-06-04T11:49:06+00:00,2026-06-04T11:49:22+00:00,4,0,0,10.160,10.16,20.289520,4
0xb91bd65f7468a12a63cb1b8e7a8e9206ffa9af31,2026-05-20T22:04:24+00:00,2026-05-20T22:04:24+00:00,1,0,0,1234.158,0,1231.689684,1
0xb91e1d1a614fc87144a05d47c51d2a307931549c,2026-05-26T07:01:23+00:00,2026-06-06T18:31:51+00:00,2,0,0,1.002,1.0,1.998996,2
0xb94e2eadea0d56082d41151a70306839f02b0ddd,2026-05-14T04:15:10+00:00,2026-05-14T05:39:08+00:00,2,0,0,131.9135,131.91,263.1639430,2
0xb95645fd9ea8a6e9d8871e34facdae7b1b9547af,2026-05-26T16:45:32+00:00,2026-05-26T16:45:32+00:00,1,0,0,6.062,0,6.049876,1
0xb966191da8ae138b0733a403d75fbf53449f733c,2026-05-20T15:59:18+00:00,2026-05-21T02:23:05+00:00,2,0,0,45.09,45.09,89.95455,2
0xb9677cdd04369338c103965bb5d566048b8db5a5,2026-06-01T04:19:04+00:00,2026-06-01T04:19:04+00:00,1,0,0,33.033,0,32.999967,1
0xb96b4028f0158faac56294b5bdc0f416003b12fb,2026-05-01T01:01:18+00:00,2026-05-01T01:01:28+00:00,2,251.0,251.0,0,0,1.7570,2
0xb97323d5dfa4aed0267b8690697d5164eb93ce31,2026-04-11T04:24:37+00:00,2026-04-14T05:36:55+00:00,2,0,0,27.25,27.25,54.14575,2
0xb97751503b2167e17847b70e15f91f87fca1aa8e,2026-05-09T03:55:40+00:00,2026-05-09T05:14:42+00:00,2,0,0,1652.04,1652.04,3292.51572,2
0xb9890fd410a5628f9c89c629d6d6972af48940b5,2026-05-02T04:27:16+00:00,2026-05-02T05:35:26+00:00,2,0,0,306.820333,306.82,611.492592001,2
0xb98e0a7534326acb28ae00e73fc7432d39b56e6f,2026-03-22T15:22:51+00:00,2026-03-22T15:22:51+00:00,1,2135.0,0,0,0,14.9450,1
0xb99228a5940415b64ae03ed25b3f732e35b0a671,2026-05-26T12:27:00+00:00,2026-05-26T12:27:00+00:00,1,0,0,8.076,0,8.059848,1
0xb99bb63174dcf32e373a0f068d1a5e6171e74000,2026-03-16T06:52:53+00:00,2026-03-19T14:00:35+00:00,2,0,0,204.045857,204.04,404.2376779995358304,2
0xb9a22808d8f4d6601a7738a1507fc1e59928040d,2026-05-22T15:33:57+00:00,2026-05-29T21:52:00+00:00,2,0,0,218.4365,218.43,435.9927670,2
0xb9bb09872f78ee6ff735d858e40f29e179fef2dc,2026-04-18T12:18:12+00:00,2026-04-19T01:08:48+00:00,4,0,28.0,0,0,0.1400,4
0xb9ce3fe47ff183e4e483404e6cbd4b7b618456d4,2026-05-24T00:56:16+00:00,2026-05-24T00:56:16+00:00,1,0,0,28.4065,0,28.3496870,1
0xb9d2b5b105dc7c0fe651d4015f9627f4007ffb68,2026-02-21T20:00:26+00:00,2026-06-09T17:59:22+00:00,65,60016.65,60016.65,0,0,120.41625,7
0xb9d860fd7155fbcfb48e322367ae5b9daa3ef8af,2026-04-25T03:52:34+00:00,2026-04-25T04:40:38+00:00,2,0,0,1829.879333,1829.87,3646.940215001,2
0xb9dbd84027d7089f4e04df1f22a9483e8cbd39f4,2026-05-23T10:32:58+00:00,2026-05-23T10:32:58+00:00,1,0,0,20.0,0,19.9600,1
0xb9dfe770dd3cd9ff720e5e5cfde38e2ebf51c7cd,2026-05-16T10:33:42+00:00,2026-05-16T14:48:25+00:00,2,0,0,45.09,45.09,89.95455,2
0xb9e6d8ad57c0912c1dba8a5776391e502d951ec7,2026-05-07T02:56:08+00:00,2026-06-08T02:24:46+00:00,26,0,0,502.234666,502.23,1001.834042002,26
0xb9efc7564bc9471d8c6912443eb1f384f934410b,2026-03-04T04:10:59+00:00,2026-05-17T23:20:51+00:00,5,27034.675529,0,0,0,227.9999993808699694,5
0xb9fb449e72d10389ddd8cd284a113dff06c6cb12,2026-04-30T09:27:12+00:00,2026-05-26T09:53:53+00:00,3,0,0,85.5605,67.45,152.5695790,3
0xba0253723e4381d7f4c6ea717715f7e99770014d,2026-05-12T10:08:36+00:00,2026-05-12T13:14:22+00:00,2,0,0,43.3565,43.35,86.4897370,2
0xba1244f29e5f1e482727545d2055d58f0b2360bb,2026-05-08T03:51:15+00:00,2026-05-08T05:26:04+00:00,2,0,0,984.64,984.64,1962.38752,2
0xba140ccb1f4541a4e89d63e9348f3ccd2e2388ac,2026-05-12T21:15:56+00:00,2026-05-13T09:19:27+00:00,2,0,0,131.2625,131.26,261.8661950,2
0xba2fce5ffeab1694014972df934f2e525a4cb1cd,2026-06-01T20:11:23+00:00,2026-06-01T20:12:05+00:00,6,0,0,15.155,15.15,30.259545,6
0xba3f521682e6034d9ddd67ce0db8b0922eae436e,2026-05-17T21:41:31+00:00,2026-05-18T03:28:48+00:00,2,0,0,188.3765,188.37,375.8046370,2
0xba48bb187b3b9e8592195133309c3b32745b1f7f,2026-04-29T09:21:32+00:00,2026-04-29T09:21:40+00:00,2,0,0,602.204,602.2,1201.392992,2
0xba4f44e921ad406dd6aae80f595175b46aa1ede0,2026-05-29T02:22:46+00:00,2026-05-29T02:24:41+00:00,2,0,0,49.098,49.09,97.942534,2
0xba54904575812f898d8adc209e12419cc0c9c8d7,2026-05-26T08:24:52+00:00,2026-05-26T08:24:52+00:00,1,0,0,29.4285,0,29.3696430,1
0xba571c7ac3204a1385a9c65ffc0cc005dc32c341,2026-05-26T11:54:24+00:00,2026-05-26T11:54:24+00:00,1,0,0,81.052,0,80.889896,1
0xba78fadd510b21b8c22920456214222ee0a8f961,2026-05-17T01:19:42+00:00,2026-05-17T01:19:42+00:00,1,0,0,6.012,0,5.999976,1
0xba7d796249e525c2c7794412879a0e919309e094,2026-05-31T02:37:51+00:00,2026-05-31T02:41:03+00:00,2,0,0,107.217,107.21,214.105363,2
0xba81a9fe2c6f2494fddb477077e17d30279033ae,2026-03-09T08:13:01+00:00,2026-03-09T08:13:01+00:00,1,166.666665,0,0,0,1.9999999966666665,1
0xba876d00b1081c85dcdd4c3f88e5ef238d37224f,2026-05-22T10:30:09+00:00,2026-05-22T10:30:09+00:00,1,0,0,55.3405,0,55.2298190,1
0xba937811b268200d5e3095d77e0d484abaac8975,2026-05-05T09:11:20+00:00,2026-05-05T12:47:20+00:00,2,0,0,100.180333,100.18,199.659072001,2
0xba9919cce1831bad5bfac732aa83a426bb2fa832,2026-05-28T10:37:56+00:00,2026-05-28T11:31:06+00:00,2,0,0,10.02,10.02,19.98990,2
0xba9ca04ab52f6ac6849dc0f6a63f5de73e023737,2026-05-01T09:28:20+00:00,2026-05-01T09:36:56+00:00,2,4500.0,4500.0,0,0,31.5000,2
0xbaa3a7703c09e7363e19aac9a66a7dae7c259178,2026-05-24T14:11:42+00:00,2026-05-24T14:11:42+00:00,1,0,0,10.0,0,9.9800,1
0xbaa9f6e5f7756b7df937dee492d87a7edfe94baa,2026-03-06T08:14:45+00:00,2026-03-30T13:47:55+00:00,14,5199.77,5199.77,0,0,88.7928,14
0xbabe5494e50f2f902781505b628a0f4367e7cd09,2026-05-09T03:40:19+00:00,2026-05-09T05:49:39+00:00,2,0,0,715.06,715.06,1425.11458,2
0xbae7273f7ec69ac4ed0ca1abe7d62daf73ac68cc,2026-05-20T04:49:52+00:00,2026-05-20T04:49:52+00:00,1,0,0,2.054,0,2.049892,1
0xbaea98acb9b43218eaf8e43b320a4dff2e1695e8,2026-06-05T16:03:09+00:00,2026-06-05T16:03:09+00:00,1,3000.0,0,0,0,3.0000,1
0xbaed1009b4c45704024489d56f7e5c2ff27958a6,2026-05-11T13:41:08+00:00,2026-05-11T14:29:15+00:00,2,0,0,73.059,73.05,145.597623,2
0xbaed3c345e47552da4181534a1418ed6900fdd07,2026-05-11T14:52:18+00:00,2026-05-11T19:03:36+00:00,2,0,0,82.246666,82.24,163.993206002,2
0xbaf23cd58e8e2bd145a52ac35e7c5c32a10c485e,2026-03-25T09:01:35+00:00,2026-03-25T09:02:53+00:00,3,0,0,1050.0,1050.0,2076.9000,3
0xbaf9ec11fa1d15cf274ab1444620b084f19566d8,2026-04-30T10:50:38+00:00,2026-05-26T11:27:39+00:00,4,0,0,61.604753,61.60,122.7935779981795568,4
0xbafe9528d0c432af87510fd5a24927a92b09fa3e,2026-05-16T21:15:48+00:00,2026-05-17T00:45:27+00:00,2,0,0,88.176,88.17,175.905138,2
0xbaffbe293d2b1a41e5fe32bc8b2602dd1f1d6078,2026-03-29T06:22:04+00:00,2026-04-11T22:41:41+00:00,5,0,0,660.0,660.0,1310.1000,5
0xbb006ae8681ee76ccf641d367e8a16ff39562f38,2026-05-14T17:04:46+00:00,2026-05-17T12:00:13+00:00,2,1703.333333,1703.33,0,0,8.5166589770000002,2
0xbb06865c3ecfba45f56fd23eb4a1915a9f56e69b,2026-05-27T12:01:18+00:00,2026-05-27T16:26:01+00:00,2,0,0,14.9895,14.98,29.8945810,2
0xbb0cb3cc34c2cee28e0e4076104b4ff8d24579bc,2026-05-28T08:04:35+00:00,2026-05-30T14:49:21+00:00,2,0,0,258.517,258.51,515.992946,2
0xbb16386cfd0a1701f81d7660c4d1b667e39e7ac3,2026-05-26T12:05:48+00:00,2026-05-26T23:32:20+00:00,2,0,0,8910.0,8910.0,17775.4500,2
0xbb2ba5a9c7b7030b600ceaae4b27fc412b0757a6,2026-05-07T09:11:24+00:00,2026-05-07T10:04:13+00:00,2,0,0,57.602666,57.6,114.799458002,2
0xbb2ffbcc0ac91647ea714b713c6b5d5d07c71600,2026-03-16T11:06:19+00:00,2026-03-31T07:43:47+00:00,4,9.996636,9.99,0,0,0.1898830000039632,4
0xbb33095d626cd3d3a6aedbe021fee861df42d718,2026-05-07T08:13:49+00:00,2026-05-07T11:55:43+00:00,2,0,0,2119.358,2119.35,4223.872526,2
0xbb38c2eb1bb8388dc4786b7a78a58a8bb17e6edf,2026-05-27T17:18:54+00:00,2026-05-27T17:18:54+00:00,1,0,0,8.3665,0,8.3497670,1
0xbb44d8d8675553ca1e1a8a1ba6b448c6af3bd3d2,2026-05-21T22:23:28+00:00,2026-06-04T01:51:19+00:00,2,1200.0,1200.0,0,0,4.8000,2
0xbb4d42c4d2926225158385aba50f33dffeb405c3,2026-04-25T17:39:48+00:00,2026-04-25T18:48:56+00:00,2,0,0,108.706,108.7,216.645082,2
0xbb52b0cff713e0d32b101274310a1ad93273701e,2026-05-17T10:34:34+00:00,2026-05-17T10:34:34+00:00,1,0,0,5.0,0,4.9900,1
0xbb54a211831bba0cbec0e3aa04f6a8d0157613b3,2026-05-14T06:03:33+00:00,2026-05-14T06:06:35+00:00,2,0,0,34.068,34.06,67.957684,2
0xbb5dd38697a7f39c9a7b902241efd512c42435d2,2026-05-11T12:21:41+00:00,2026-05-11T12:36:30+00:00,2,0,0,1046.74,1046.74,2086.15282,2
0xbb620ac2be5b9eadc4205530c2d3d2aefaaea950,2026-05-14T06:31:47+00:00,2026-05-14T08:30:05+00:00,2,0,0,62.525,62.52,124.732390,2
0xbb6cc0f8569d33b7ecbd664fc5bc440d65ed1eea,2026-05-20T19:26:26+00:00,2026-05-20T21:56:53+00:00,2,0,0,244.4885,244.48,487.7460830,2
0xbb70339add1df300446b59b84b5551b5d1941b0b,2026-05-17T13:56:39+00:00,2026-05-18T06:48:01+00:00,2,0,0,180.3605,180.36,359.8186990,2
0xbb80ecdfa8938a8cc735e851fb1f7c0d5d0f5816,2026-04-19T03:39:58+00:00,2026-04-19T05:21:12+00:00,2,0,0,73.5174,73.51,146.2187530,2
0xbb897fabdf6d725d2630f6fc802e7e0b71e5d08c,2026-05-26T06:59:31+00:00,2026-05-26T06:59:31+00:00,1,0,0,20.0,0,19.9400,1
0xbb9ae5d20205823b59844b4bfebd2d370c79f1e7,2026-05-23T13:26:34+00:00,2026-05-23T14:44:27+00:00,2,0,0,10.02,10.02,19.98990,2
0xbb9bf2cb93d1930ecc05a7022d5d3f0b87601aca,2026-05-22T23:00:58+00:00,2026-05-23T01:43:02+00:00,2,0,0,20.541,20.54,40.978298,2
0xbba82bad5c3c250464ac7294d3819315ead9f383,2026-01-30T20:37:02+00:00,2026-02-26T21:56:38+00:00,5,113.06,113.06,0,0,4.55348,5
0xbbb871e512ffbc861e107d516f7e8ff87d47eaba,2026-05-23T06:08:29+00:00,2026-05-23T07:10:37+00:00,2,0,0,10.02,10.02,19.98990,2
0xbbbf724487864304eda6a8fd36eb183ab11bd606,2026-05-26T02:24:44+00:00,2026-05-26T03:17:56+00:00,2,0,0,20.3605,20.36,40.6186990,2
0xbbc6c8c0463be78a0b510ab0145c619720de160f,2026-06-03T07:43:21+00:00,2026-06-05T15:49:22+00:00,2,0,0,30.03,30.03,59.99994,2
0xbbcc2be0ad589c0f83a9b41ae41398dc5358de88,2026-05-23T12:26:24+00:00,2026-05-23T12:26:24+00:00,1,0,0,582.4045,0,581.2396910,1
0xbbd1bdee09c979c4e2d323e522d707fb5818110e,2026-05-03T03:41:06+00:00,2026-05-04T04:56:08+00:00,2,0,0,873.7,873.7,1741.2841,2
0xbbd280b981e3bc4de3a5e800da4cd94eda87b1a4,2026-05-14T14:43:46+00:00,2026-05-14T14:48:56+00:00,2,0,0,2104.208,2104.0,4197.687584,2
0xbbdffa248ae9f8993991218c1953f42cf4aa9525,2026-04-20T04:59:40+00:00,2026-04-20T06:49:22+00:00,2,0,0,67.6782,67.67,134.6037890,2
0xbbe78d4416d62fefdbc75bd247269a6beb0cab2c,2026-05-22T11:00:27+00:00,2026-05-25T00:09:06+00:00,2,0,0,34.108,34.1,68.037484,2
0xbbe805fdc5e8bca3b94aff42dc32d58784eb991e,2026-05-19T10:21:53+00:00,2026-05-19T12:36:15+00:00,2,0,0,9010.0,9010.0,17974.9500,2
0xbbeb7ab936ac111b12e336bc2df7a8e7b4a107cc,2026-04-14T01:06:59+00:00,2026-04-16T15:56:40+00:00,2,173.97,173.97,0,0,2.26161,2
0xbbf0f8571ef6762b7d4ac02211723f86bb169180,2026-05-20T05:30:56+00:00,2026-05-20T05:31:11+00:00,2,0,0,108.0,108.0,215.4600,2
0xbbf9ee866edd72feb299063eac0dd13b87cc28ed,2026-05-24T16:00:21+00:00,2026-05-31T06:13:56+00:00,2,0,0,81.162,81.16,161.997356,2
0xbbfef36f7e4d111caf1e561e66c296bfd62eb9c8,2026-06-02T00:19:36+00:00,2026-06-02T00:19:55+00:00,4,0,0,10.360,10.36,20.688920,4
0xbc05de90a64538431cc333d6edd4a1ddf61b47fa,2026-05-12T15:39:56+00:00,2026-05-13T04:25:16+00:00,2,0,0,192.3845,192.38,383.8025910,2
0xbc0a369dfa5cb5a3d60af218548a3fc74fe18da3,2026-05-04T07:08:56+00:00,2026-05-26T10:53:59+00:00,3,0,0,325.306666,256.28,579.654644002,3
0xbc29727a8929cd3fb2d19821a08fe0f8e8e3107f,2026-05-22T21:04:33+00:00,2026-05-22T21:04:33+00:00,1,0,0,25.3005,0,25.2498990,1
0xbc2a1e8fccb62b54cac33bca116c78401fe26750,2026-05-17T07:05:30+00:00,2026-05-17T07:20:54+00:00,2,0,0,6.012,6.01,11.991946,2
0xbc385d78decc65684eb2ce2ec4aa88bc1b2cbc0f,2026-05-23T11:55:32+00:00,2026-05-23T11:55:32+00:00,1,0,0,20.0,0,19.9600,1
0xbc4bcd3a442f0d59a8f87539e15573e91cfce9f9,2026-05-20T23:50:15+00:00,2026-05-21T09:24:17+00:00,2,0,0,134.2685,134.26,267.8571830,2
0xbc508655c01813a88613e57840bfef8bbf2460c4,2026-06-16T22:15:14+00:00,2026-06-16T22:15:14+00:00,1,1000.0,0,0,0,1.0000,1
0xbc530a18835615ed26b4e0bda8adb6b9bb4f81a8,2026-05-15T20:09:14+00:00,2026-05-24T08:38:02+00:00,4,0,0,186.372,186.37,371.810146,4
0xbc54e69667ceb6ccec538e5a0ba1927fc1fe680f,2026-01-31T15:20:52+00:00,2026-04-07T16:04:27+00:00,36,0,0,1748.152009,1748.146144,3445.3461369788150677,36
0xbc6372117d8426481fe7b60c822402ddeea6657f,2026-05-23T07:59:03+00:00,2026-05-23T07:59:03+00:00,1,0,0,10.02,0,9.99996,1
0xbc6622fc603c96336e65f4bd8df023704fcea464,2026-05-28T17:28:45+00:00,2026-06-02T16:06:07+00:00,8,0,0,254.314,254.31,507.740826,8
0xbc6b17c62cdd0ce31656f456cdb27a97eab2e18e,2026-05-23T16:34:03+00:00,2026-05-25T07:07:54+00:00,2,0,0,59.118,59.11,117.932434,2
0xbc77930acdce64ff5161a1f5ed4f4aef225368a0,2026-03-04T03:03:07+00:00,2026-03-04T10:28:25+00:00,2,0,0,100.44,100.44,198.800760001752,2
0xbc8c61c1de7c31a8ff68aebf55256c028db9273f,2026-06-16T20:41:28+00:00,2026-06-17T04:47:11+00:00,2,100000.0,0,0,0,100.0000,2
0xbc9525572751507707ed0e9dfba6284df4de5093,2026-05-10T20:45:36+00:00,2026-05-10T20:45:36+00:00,1,0,0,5.005,0,4.989985,1
0xbc96a6e759a76451d0086f3de148661495ab7058,2026-05-11T18:05:00+00:00,2026-05-14T20:07:08+00:00,2,0,0,300.0,300.0,598.5000,2
0xbc9bc417762c7867b544543d50601fc285f97afd,2026-05-09T18:03:16+00:00,2026-05-09T21:15:24+00:00,2,0,0,220.160333,220.16,438.779212001,2
0xbca07d3c23cfc96868801e29ca0a7872026f787f,2026-05-21T05:18:28+00:00,2026-05-23T07:55:02+00:00,2,0,0,57.114,57.11,113.938442,2
0xbca4d31f4b4446367f3480377bb9fc8c964e63fe,2026-05-01T05:14:20+00:00,2026-05-01T08:54:40+00:00,2,0,0,79.538333,79.53,158.511598001,2
0xbca690e1f8b45f4d5d5ce0f2486b1fcd96107eef,2026-05-08T08:28:41+00:00,2026-06-12T02:00:16+00:00,2,0,0,42.106,42.1,84.037582,2
0xbcb2bc3d36ae3317ea134b43eae3f18926cc8f61,2026-05-19T13:25:38+00:00,2026-05-19T13:25:38+00:00,1,0,0,54.0,0,53.8920,1
0xbcb69e5a2351ee13dd7658d68496d4d9f839f700,2026-05-20T10:52:08+00:00,2026-05-20T14:05:36+00:00,2,0,0,10.02,10.02,19.98990,2
0xbcb9722cd427b97cdf916ddcc138828f97189a5c,2026-05-11T17:41:35+00:00,2026-05-12T08:26:42+00:00,2,0,0,490.0,490.0,977.5500,2
0xbcbdace69b1dd274b6efcd6ee268341190d83103,2026-05-19T10:22:07+00:00,2026-05-19T12:36:29+00:00,2,0,0,8990.0,8990.0,17935.0500,2
0xbccad193c16a648533a4979a533aa7d821252857,2026-05-22T10:54:11+00:00,2026-05-22T10:54:11+00:00,1,0,0,9.0,0,8.9820,1
0xbceadc946d39aecda48c588ecc2b539b7c4cc510,2026-05-19T05:26:43+00:00,2026-05-19T05:26:43+00:00,1,0,0,38.016,0,37.939968,1
0xbd106564f6eb284b7a13a4604452e7cc911906d9,2026-02-26T09:51:34+00:00,2026-03-02T09:23:07+00:00,13,199.992750,199.99,0,0,3.999822000,10
0xbd184b321244e331ad6b5901a273f111161c731c,2026-05-16T11:41:22+00:00,2026-05-16T14:48:53+00:00,2,0,0,186.723,186.72,372.509394,2
0xbd297cf66032324a79987c1af0348c16d9bd96d3,2026-05-27T18:42:42+00:00,2026-05-27T18:42:42+00:00,1,3333.333333,0,0,0,9.9999989990000001,1
0xbd374fd8ddf0239aa67beaee33ccc4e953440d18,2026-05-20T07:47:45+00:00,2026-05-20T09:58:23+00:00,2,0,0,56.112,56.11,111.941446,2
0xbd4535e4a022bbe8769b56edb3ebdb893be2f2aa,2026-03-23T17:57:11+00:00,2026-03-23T17:57:23+00:00,7,0,0,34.36,34.36,68.111520000396,2
0xbd54ab61206ca350eef225cadfd6a4fc1ac73970,2026-05-09T20:16:48+00:00,2026-05-10T05:31:36+00:00,2,0,0,274.824333,274.82,547.720580001,2
0xbd5cd4dc4437d8b956ceb74cc897f922b8c1f010,2026-04-29T05:20:58+00:00,2026-04-29T07:35:42+00:00,2,0,0,2015.03,2015.03,4019.98485,2
0xbd76244ec36e2e056f7807536b39de48954def08,2026-05-17T05:46:15+00:00,2026-05-17T07:06:50+00:00,2,0,0,39.158,39.15,78.112234,2
0xbd7caa90a11efb2bf4b4043f10b4de683d22ed09,2026-06-16T21:51:16+00:00,2026-06-16T21:51:16+00:00,1,1230.0,0,0,0,1.2300,1
0xbd7d53442f2713b613732a4f9e86fd0a4bd64da6,2026-05-02T09:37:24+00:00,2026-05-02T13:46:34+00:00,2,0,0,77.853333,77.85,155.158373001,2
0xbd8716d63212877fe5823a17dcf39e95bce6574a,2026-05-15T01:12:52+00:00,2026-05-15T01:12:52+00:00,1,0,0,11.022,0,10.999956,1
0xbd92eb8fecba5df7b02a50618c621c2251a02730,2026-05-07T06:32:46+00:00,2026-05-07T19:52:01+00:00,2,0,0,121.28,121.28,241.58976,2
0xbd9ea1e8645e7020bfdf25afb72225ee8439960a,2026-05-19T14:16:14+00:00,2026-05-24T00:38:48+00:00,2,0,0,29.4185,29.41,58.6814330,2
0xbdbe7a4521f152ce69c8bfc74f487b1b1ac56a45,2026-06-17T12:44:31+00:00,2026-06-17T13:33:34+00:00,2,3000.0,0,0,0,3.0000,2
0xbdcee81acd386da4015fa91e69f9d8a37993d303,2026-05-18T11:26:35+00:00,2026-05-20T12:40:40+00:00,2,0,0,63.126,63.12,125.930388,2
0xbdd2345826fbbb5f82e5d32e69d54837040a4abe,2026-05-28T12:35:01+00:00,2026-06-02T10:09:49+00:00,2,309.0,136.0,0,0,1.0630,2
0xbdef44ecdddd8ef5e56bca5f983c99ce03440ccb,2026-05-16T18:12:49+00:00,2026-05-16T18:21:56+00:00,2,0,0,1.002,1.0,1.996996,2
0xbdfb4cb3022ee7f41a322e43f23d8bd5cc4147a9,2026-05-17T07:46:46+00:00,2026-05-17T07:46:46+00:00,1,0,0,10.0,0,9.9800,1
0xbe1af28a1c1ea3f6d896cae2ea27c4c24e304b61,2026-05-23T00:15:34+00:00,2026-05-23T00:15:34+00:00,1,0,0,30.17,0,30.10966,1
0xbe3c8926ad7be817bf872f84107bb7510435de6e,2026-06-02T21:31:19+00:00,2026-06-02T21:31:19+00:00,1,5000.0,0,0,0,10.0000,1
0xbe5ac83ac398119e1d8b845c5430dac835477e06,2026-05-07T14:25:05+00:00,2026-05-07T15:03:14+00:00,2,0,0,82.006,82.0,163.431982,2
0xbe5e02e08f6a171363eb81a9aae806f0d4ff2a22,2026-05-26T12:25:13+00:00,2026-05-27T11:39:07+00:00,2,0,0,106.212,106.21,211.890946,2
0xbe62ea2cad9dc40465d9cf52e17c5db6c583d98a,2026-06-10T20:43:18+00:00,2026-06-10T20:43:18+00:00,1,10000.0,0,0,0,10.0000,1
0xbe648fe4e61849993dbfd515093f4d779b5aed2d,2026-04-24T06:54:00+00:00,2026-04-24T08:28:54+00:00,2,0,0,209.147333,209.14,416.823331001,2
0xbe7351d4acc5ffa371eb764e0132c0f64bc4fd38,2026-05-16T09:30:19+00:00,2026-05-16T10:01:00+00:00,2,0,0,895.3905,895.39,1786.3035490,2
0xbe78b2fcfde250115a7185a52a6fd11f16a75b64,2026-05-24T12:50:04+00:00,2026-05-24T12:50:04+00:00,1,0,0,10.0,0,9.9800,1
0xbea27ecca9ec8a3d8e904a2dc8acb60b3a922d33,2026-05-24T07:00:11+00:00,2026-05-28T09:03:10+00:00,551,0,0,87488.0,0,87313.0240,551
0xbea3a73cccc55f6a3fa2cbd5e7182dbfc5752816,2026-03-11T12:32:05+00:00,2026-03-11T12:34:49+00:00,2,0,0,10.62,10.62,20.90016,2
0xbeb1d7fdf2a3dfebcf49be00f63fb0f23f5eacc4,2026-05-24T05:31:50+00:00,2026-05-24T05:34:19+00:00,2,0,0,106.3125,106.31,212.0909450,2
0xbecd0da7670c08fa63ee068461892c0b97cd7dde,2026-05-06T16:58:59+00:00,2026-05-31T18:52:15+00:00,3,0,0,6.413,3.71,10.094325,3
0xbedafcdd5bf046ed63949aa142d0e390755e77fb,2026-06-01T14:34:05+00:00,2026-06-01T14:34:05+00:00,1,7500.0,0,0,0,15.0000,1
0xbee1b9b9b5bb8fc43e5b3384e2d529cf83f98683,2026-04-04T08:55:25+00:00,2026-05-02T09:50:30+00:00,2,125.0,125.0,0,0,1.3750,2
0xbef7f5136f7b452d7ad9d9a4b8350326c04c5226,2026-04-24T12:19:58+00:00,2026-05-27T19:37:48+00:00,3,0,0,193.5395,152.7,345.0889130,3
0xbefa95c276ee8ef6ff3ef43d1c1c454f52bc300d,2026-03-12T17:25:23+00:00,2026-03-31T11:54:55+00:00,63,8403.141358,3303.166665,0,0,123.7853540014472988,62
0xbf01a836d722402bed21194337cdbf865b29fa49,2026-05-04T12:59:08+00:00,2026-05-04T12:59:08+00:00,1,250.0,0,0,0,1.0000,1
0xbf05fbfc5d0614b683a3da635d420c924422d2c9,2026-05-27T23:24:09+00:00,2026-05-27T23:24:09+00:00,1,0,0,23.557,0,23.509886,1
0xbf13d4c2c9167fca910ef41f064f40aa0d7dd3b1,2026-05-12T01:39:28+00:00,2026-05-12T01:40:33+00:00,2,0,0,230.4605,230.46,459.7681990,2
0xbf25a6441566374daa00b0118aa453383866fa9c,2026-04-08T02:15:41+00:00,2026-04-10T02:16:01+00:00,2,0,0,32.193,32.19,63.964512,2
0xbf2e9e13452510092e5a306fdd60e291694a8395,2026-05-02T17:47:48+00:00,2026-05-02T17:47:48+00:00,1,0,0,5.015,0,4.999955,1
0xbf358ce9e63a0a4159ae2658c45ba1b854e03574,2026-05-07T09:24:38+00:00,2026-05-10T11:27:25+00:00,4,0,0,17.051,17.05,33.981647,4
0xbf3a94a6f04d46376b9b10bf44b754f66952d5e7,2026-04-20T09:45:46+00:00,2026-04-20T09:45:46+00:00,1,201.32,0,0,0,1.20792,1
0xbf3b1b3a4feef62b8f2ce85fd534d16c716b1bf9,2026-03-06T09:21:31+00:00,2026-03-06T09:21:31+00:00,1,0,0,3.35,0,3.32990,1
0xbf3be81521c14b9dbe46b0d890b0eeee3e68467d,2026-06-01T07:15:42+00:00,2026-06-01T07:15:42+00:00,1,500.0,0,0,0,1.0000,1
0xbf57f9b6150ed2a129a7aa6ecd555a20978d93ad,2026-05-20T16:15:43+00:00,2026-05-20T18:00:13+00:00,2,0,0,14.3185,14.31,28.5569330,2
0xbf70baf45a1cb235b3afbc1c9ca6050420237c79,2026-05-19T13:06:54+00:00,2026-05-19T23:28:49+00:00,2,0,0,9050.0,9050.0,18054.7500,2
0xbf71140a93c840ca20a3f94148089eff7edf9bf8,2026-05-10T20:48:40+00:00,2026-05-11T03:27:22+00:00,2,0,0,201.604666,201.6,401.793452002,2
0xbf76a9ca61be2f25e2d7106877b955fd60262b06,2026-03-25T12:48:09+00:00,2026-03-29T10:09:34+00:00,2,83.333333,83.33,0,0,1.916629996,2
0xbf7da80082414317dffd26d0ebac1e2fad61b6c8,2026-05-14T20:57:55+00:00,2026-05-31T20:37:29+00:00,3,0,0,17.122,5.71,22.792037,3
0xbf7e712031aeb3a80190e868a0bbf95df7b4be26,2026-05-22T15:53:14+00:00,2026-05-22T18:24:22+00:00,2,0,0,11.683,11.68,23.304594,2
0xbf8382946f769559417abf50c42fe76bc0a7b0fb,2026-06-02T15:16:18+00:00,2026-06-02T15:16:18+00:00,1,0,0,4.404,0,4.399596,1
0xbf9e0135388a5e612af1752ff64d25376adad8e1,2026-05-21T00:05:20+00:00,2026-05-21T00:05:20+00:00,1,0,0,11.623,0,11.599754,1
0xbfa41f1b082c5382dbc056c0ea4ad21fbff06fd8,2026-06-02T17:46:06+00:00,2026-06-02T17:46:06+00:00,1,0,0,1.001,0,0.999999,1
0xbfa4bcbbe1a14a99eb3e27d69825c64351dbd4ba,2026-05-23T23:30:07+00:00,2026-05-23T23:30:07+00:00,1,0,0,16.9035,0,16.8696930,1
0xbfa955ea0cb74e5eda33c055eb7e2ec67fae4e6b,2026-03-23T00:30:47+00:00,2026-03-23T23:49:23+00:00,2,0,0,7.063555,7.06,13.9964430000555115,2
0xbfaad51bf762036a69c710394eec52e0bc2b09e5,2026-05-01T13:09:22+00:00,2026-05-02T15:39:00+00:00,4,0,0,85.125,85.12,169.649145,4
0xbfb321d9c50a436ba7c60baf34530072a2f543ee,2026-05-01T22:26:08+00:00,2026-05-02T01:41:48+00:00,2,0,0,73.781333,73.78,147.044869001,2
0xbfc2866e253487063365ecd5e87e2de47f18049e,2026-05-10T10:00:03+00:00,2026-05-10T19:09:49+00:00,2,0,0,2076.228666,2076.22,4137.915100002,2
0xbfd5e53882293229d30e47e2ee648547117d8809,2026-05-23T22:07:59+00:00,2026-05-23T22:07:59+00:00,1,0,0,4.559,0,4.549882,1
0xbfd81eb44f1f5fcb13d0177a6b9e7734fc163f8a,2026-05-05T04:59:46+00:00,2026-05-19T13:47:39+00:00,4,0,0,122.968,122.96,245.108497,4
0xbfe79fa197911f369fdb244a8d17dffc79da2334,2026-05-30T08:34:04+00:00,2026-05-30T08:34:04+00:00,1,0,0,22.022,0,21.999978,1
0xbff23d55e74b687ed4ec9954d4d8756b9eaf912f,2026-04-20T13:19:26+00:00,2026-04-20T13:21:48+00:00,2,0,0,500.0,500.0,994.5000,2
0xc00538855f86f23c3883e6a53ed3cae15a3f7d6e,2026-05-01T05:32:32+00:00,2026-05-01T08:19:48+00:00,2,0,0,262.627666,262.62,523.409303002,2
0xc00fdc75ccfbb0fdb78b3cb440b4f23bd19da84d,2026-04-25T18:40:06+00:00,2026-04-25T19:29:38+00:00,2,0,0,96.369,96.36,192.054453,2
0xc010a37fe1daf7f5db157f480fdb6891ddc022ca,2026-05-20T02:26:29+00:00,2026-05-20T02:48:39+00:00,2,0,0,16.032,16.03,31.981846,2
0xc0179004d559ad4120b6335a1871ea2ae2eb4ea4,2026-05-30T08:52:04+00:00,2026-06-02T00:55:02+00:00,2,0,0,14.014,14.01,27.981966,2
0xc052de13f84628ac3379ec26724a49a3fff448ef,2026-05-08T21:40:10+00:00,2026-05-10T21:41:45+00:00,2,0,0,3.41,3.41,6.79613,2
0xc053bedba02317ebde333d2dc03b9fb8329c9aa6,2026-05-01T23:07:56+00:00,2026-05-02T01:47:28+00:00,2,0,0,87.331666,87.33,174.050351002,2
0xc058584716f2a991e188b075299de161985c89c9,2026-05-06T07:40:24+00:00,2026-05-06T08:41:12+00:00,2,0,0,56.188333,56.18,111.975048001,2
0xc059c781178c643aa6acb36b5b8179658080d8fc,2026-04-20T09:45:06+00:00,2026-04-20T09:45:06+00:00,1,0,0,21.46,0,21.35270,1
0xc05a783eccba2495afd49bf1274099dde5b22627,2026-05-21T19:44:50+00:00,2026-05-21T22:37:12+00:00,2,0,0,11.8435,11.84,23.6242930,2
0xc05e2ba96759fe64ad6b3fd81e7840a04a1d685e,2026-05-22T10:20:28+00:00,2026-05-22T10:20:28+00:00,1,0,0,140.501,0,140.219998,1
0xc08ab2ba2c4e5d9b19d74a2ba60f8f351873ea24,2026-04-14T00:57:09+00:00,2026-04-14T00:58:31+00:00,2,0,0,761.790666,761.79,1513.677392004,2
0xc09d40946041e90f48d238b517a70076a027dd5d,2026-05-13T18:09:26+00:00,2026-05-13T19:44:24+00:00,2,0,0,215.7915,215.79,430.5025470,2
0xc0a4b7b0337134bbef116934f8b6a89deeeff7ab,2026-03-09T07:24:57+00:00,2026-03-09T07:24:57+00:00,1,0,0,4.242423,0,4.1999980000002255,1
0xc0a6879045dc544a9b2e1035efd51ba3c7afe5b0,2026-05-25T05:49:23+00:00,2026-05-25T05:49:23+00:00,1,0,0,3.517,0,3.509966,1
0xc0b0a2f8e889fba022e93f373cfe029d61998c83,2026-05-18T13:15:31+00:00,2026-05-18T16:24:47+00:00,2,0,0,208.527,208.52,416.004386,2
0xc0b4c26db244985508a41ecfbb9837d7619da644,2026-05-13T10:32:20+00:00,2026-05-13T10:53:32+00:00,4,1320.0,1320.0,0,0,6.6000,4
0xc0cc30c4643b34284847395c3188a2254c3b78a9,2026-03-10T12:39:25+00:00,2026-03-29T16:21:50+00:00,2,1263.951763,1263.95,0,0,32.6394990328378677,2
0xc0da64d7efff02da2984ab8856d7cf97d5e70cea,2026-05-08T04:52:51+00:00,2026-05-08T05:49:56+00:00,2,0,0,67.652666,67.65,134.829108002,2
0xc0da93527c6cc52490b858ef7c175fc33e0370b5,2026-05-11T05:43:58+00:00,2026-05-11T17:24:10+00:00,2,0,0,129.388,129.38,257.991696,2
0xc0de19a0167cf2ef37fd504ee739011ed3fb1543,2026-05-05T09:28:40+00:00,2026-05-05T10:23:12+00:00,2,0,0,1695.41,1695.41,3378.95213,2
0xc0de88b09d958e2bc865e8fac9e0ebbaf7823557,2026-05-21T13:11:41+00:00,2026-05-22T10:47:37+00:00,2,0,0,51.102,51.1,101.946496,2
0xc0e54c3159f87d22dc090d4482549454040a9b70,2026-05-13T00:03:02+00:00,2026-05-13T19:15:14+00:00,4,0,0,165.330,165.33,329.833350,4
0xc0e6e9fbfa246675023f297293b999e4e6f07e38,2026-04-20T04:20:54+00:00,2026-04-20T05:34:58+00:00,2,0,0,50.804,50.8,101.045180,2
0xc0e859db6ba5c9bcf3759f119ec839e05f3cce99,2026-05-28T01:04:07+00:00,2026-05-28T01:04:07+00:00,1,0,0,16.613,0,16.579774,1
0xc0f3919f7c33d52704ad1774e95c66445c4ab035,2026-05-01T21:12:02+00:00,2026-05-02T01:25:24+00:00,2,0,0,187.091,187.09,372.871367,2
0xc101db8123f0c3097dcff3de1795fee04a19b5dc,2026-04-21T10:46:20+00:00,2026-05-07T06:11:21+00:00,4,0,0,103.825133,103.82,206.710438001,4
0xc133c1afdf75955000e8345c64558c6086fd2476,2026-05-14T11:00:19+00:00,2026-05-14T11:01:31+00:00,2,333.333333,333.33,0,0,1.666658999000001,2
0xc13a2a789168a1e9da3af5b8f0dc55b2c4614d4a,2026-05-18T00:18:43+00:00,2026-05-18T00:18:43+00:00,1,0,0,6.012,0,5.999976,1
0xc14fa7f793436ab8b281f72188d7c781f787cf5b,2026-05-18T00:55:02+00:00,2026-05-18T00:55:02+00:00,1,0,0,4.008,0,3.999984,1
0xc173c6baa59752ef49375b77a51375e03884e8ed,2026-05-24T01:37:15+00:00,2026-05-24T02:52:53+00:00,2,0,0,10.561,10.56,21.068198,2
0xc17da7fede91558f310b8f61be82c4ff7c738435,2026-02-03T13:37:28+00:00,2026-02-11T08:29:31+00:00,2,0,0,259.0,259.0,507.8990,2
0xc18bd4097fd387387030ef63542785c455279491,2026-06-06T08:49:09+00:00,2026-06-06T08:49:09+00:00,1,850000.0,0,0,0,850.0000,1
0xc198fd25bae96e1d8994a42a5d41e925705d6b5d,2026-05-23T13:31:51+00:00,2026-05-25T20:32:58+00:00,2,0,0,123.0,123.0,245.3850,2
0xc1a3b733b803d841a028f379cc4d4cb4aad4720a,2026-02-26T11:37:52+00:00,2026-02-26T11:37:52+00:00,1,0,0,3.024125,0,2.999932000,1
0xc1c15775a381513b1b772010ee5de8f6e4f5c63a,2026-06-01T05:32:55+00:00,2026-06-01T05:32:55+00:00,1,1250.0,0,0,0,2.5000,1
0xc1c5b6e7207be4712796b6f2a75758c6cee081e9,2026-05-18T17:54:28+00:00,2026-05-18T21:07:17+00:00,2,0,0,182.9155,182.91,364.9109390,2
0xc1dba22db2ba0711ad1b133f98476d23c3e29dc6,2026-05-22T07:19:43+00:00,2026-05-28T04:18:51+00:00,4,371.0,371.0,0,0,1.8550,4
0xc1dc6f35e37815f1de4c41884306e9450db709c2,2026-05-20T03:30:07+00:00,2026-06-08T16:27:46+00:00,3,1340.0,340.0,0,0,2.3600,3
0xc1f0505d556f87f9dd2188b6f330c31ae5cf6e8a,2026-05-20T18:14:11+00:00,2026-05-20T18:14:11+00:00,1,0,0,15.8415,0,15.8098170,1
0xc1ff26b3a44b4bbdb3acb857263679a21472456a,2026-05-24T11:44:51+00:00,2026-05-24T11:44:51+00:00,1,0,0,10.0,0,9.9800,1
0xc20c858ef787c6cf3ba06cc79823bc428209a72f,2026-04-10T08:06:59+00:00,2026-04-13T05:30:31+00:00,2,186.7,186.7,0,0,2.4271,2
0xc21673b214958013d37f8c65f250de7c2aa3f59d,2026-04-25T11:36:18+00:00,2026-04-25T13:39:44+00:00,2,0,0,196.198333,196.19,391.014978001,2
0xc21ea96be762bb55041529af6e386e7c53b80215,2026-03-20T00:03:39+00:00,2026-06-06T08:49:09+00:00,136,499999.900,504664.19,0,0,1037.314190,136
0xc22285571dda075e150d437b7b9c2950c077cc49,2026-04-18T05:21:20+00:00,2026-04-30T06:24:24+00:00,4,0,0,119.394933,119.39,237.775823001,4
0xc2288bc2a1631fd678a00cc3f3cac42053118c2a,2026-06-01T03:26:34+00:00,2026-06-14T15:40:19+00:00,2,0,0,33.033,33.03,65.996937,2
0xc242ea7e865a4afbab3fbcf721ea2de6b39b375c,2026-05-06T07:53:52+00:00,2026-05-06T08:05:36+00:00,2,0,0,1106.920666,1106.92,2206.092224002,2
0xc24bed2bf17aec52d0ee454fe57a487e641cda9b,2026-05-18T15:30:16+00:00,2026-05-18T15:30:16+00:00,1,0,0,33.3065,0,33.2398870,1
0xc24d5b95a1179b6a2489c7134abe5f45f2f7e728,2026-05-23T12:30:36+00:00,2026-05-23T12:30:36+00:00,1,0,0,15.0,0,14.9700,1
0xc25916723f1383bf22fc8d8cefd0064bef1a2e08,2026-05-06T06:38:34+00:00,2026-06-13T06:34:31+00:00,16,0,0,807.622332,807.62,1610.688985004,16
0xc25da83b864c6fd9eb4feb1411afb10f5a0c802b,2026-05-27T13:27:16+00:00,2026-05-27T13:27:16+00:00,1,0,0,57.725,0,57.609550,1
0xc26c64d60cf42bccab143f6f91f370b751e6ae6a,2026-05-07T06:32:46+00:00,2026-05-07T18:54:19+00:00,2,0,0,54.21,54.21,107.98632,2
0xc27a65bbc617996d1a4d4973d77f80cff68c3617,2026-05-06T04:56:30+00:00,2026-05-06T05:54:10+00:00,2,0,0,44.553333,44.55,88.791473001,2
0xc27ce136d10919a953aa30c02099903d4f952a15,2026-05-16T01:27:12+00:00,2026-05-16T01:27:12+00:00,1,0,0,6.012,0,5.999976,1
0xc284defa62b28d6547f0ecc5dbb42c06a2d12d21,2026-05-21T08:57:35+00:00,2026-05-21T10:38:36+00:00,2,0,0,10.05,10.05,20.04975,2
0xc28d182fc2a565c8dd5136756c7f350ffda0952f,2026-05-04T06:19:18+00:00,2026-05-04T11:47:26+00:00,2,0,0,2040.120333,2040.12,4065.959492001,2
0xc297b0c8d72dde8f202fa199304dc816b718775c,2026-05-23T03:32:02+00:00,2026-05-23T03:32:02+00:00,1,0,0,52.104,0,51.999792,1
0xc299e9b0aa9a2458dd3bf5e4dd0c8f9d542c7393,2026-05-19T05:16:32+00:00,2026-05-19T05:16:32+00:00,1,0,0,101.202,0,100.999596,1
0xc2aef27cc8b4f653bfad4dc32e59ac94642dc069,2026-05-15T14:18:40+00:00,2026-05-15T14:18:40+00:00,1,333.333333,0,0,0,0.999998999000001,1
0xc2b302b7748e88587a9dae3b0c76e24d891df0ba,2026-05-23T17:27:36+00:00,2026-05-25T02:15:15+00:00,2,0,0,40.08,40.08,79.95960,2
0xc2b7e024cd2c1bd32d95e8a27d7134dea51e6269,2026-05-11T05:21:48+00:00,2026-05-11T06:49:04+00:00,2,0,0,84.643666,84.64,168.691175002,2
0xc2d92f43cdfdf9c2045eee4bdaf4d7fa0d1f086a,2026-05-05T06:47:30+00:00,2026-05-08T08:15:55+00:00,4,0,0,3074.843999,3074.84,6128.160107003,4
0xc2e038ed288b4cc5a4114a4ba08ad099a8d8be98,2026-05-07T10:21:54+00:00,2026-05-07T12:20:45+00:00,2,0,0,69.919666,69.91,139.340267002,2
0xc2e78ea3aeb92e11093ad896988d658476b754e2,2026-05-28T11:28:29+00:00,2026-05-29T01:29:18+00:00,2,0,0,15.06,15.06,30.04470,2
0xc2f523836790fd2fa014451f9bfe2a02293bf77d,2026-04-30T08:21:10+00:00,2026-04-30T09:23:30+00:00,2,0,0,35.651,35.65,71.122748,2
0xc30aa03645ea1f983443a65d8eed22de11fd18aa,2026-06-04T08:06:27+00:00,2026-06-05T03:24:07+00:00,2,0,0,6.006,6.0,11.993994,2
0xc31bcdc98737ffa5d6bc391c845db290fe22e5b5,2026-05-01T06:48:56+00:00,2026-05-01T06:48:56+00:00,1,250.0,0,0,0,1.0000,1
0xc3224514d10473a7382279eac9b275e935eda05b,2026-05-22T18:36:29+00:00,2026-05-22T18:36:29+00:00,1,0,0,16.8235,0,16.7898530,1
0xc3290d41fda6290ec2ca6f9a3994fed0c85aecd9,2026-04-20T11:14:56+00:00,2026-04-20T11:14:56+00:00,1,189.76,0,0,0,1.13856,1
0xc3307a6c12308d2ee99ef06f977053a0f3a99e8e,2026-05-21T15:34:49+00:00,2026-05-22T14:31:15+00:00,2,0,0,77.154,77.15,153.918242,2
0xc33fca1dfb3b20487c5e7a7e034bb3c0aae3d2c8,2026-05-13T04:01:06+00:00,2026-05-13T09:15:10+00:00,2,0,0,75.15,75.15,149.92425,2
0xc347bde47776ecab147bd7c0998897d250f5f72f,2026-03-10T18:05:25+00:00,2026-03-10T18:05:25+00:00,1,0,0,2.026307,0,1.9999650000842492,1
0xc354dd5bc1715a753fdc8fe1a10078134c2e98ae,2026-05-21T06:17:23+00:00,2026-05-21T06:17:33+00:00,2,3333.333333,3333.33,0,0,16.6666589990000001,2
0xc356717d25bb1288a32361beed1afe02b2ba89db,2026-05-06T01:53:06+00:00,2026-05-06T12:45:20+00:00,2,0,0,58.13,58.13,115.79496,2
0xc35805cd7bc9725608b6f3c5041384bf60195884,2026-05-26T06:59:31+00:00,2026-05-26T06:59:31+00:00,1,0,0,25.0,0,24.9250,1
0xc367c119e9aba9e4ec7fcc93f79fb717079f37c0,2026-05-23T14:49:14+00:00,2026-05-23T15:14:50+00:00,3,0,0,726.4525,726.45,1449.2702450,3
0xc36e2f9b397e5a4350573082119fd36a288abfc0,2026-05-26T12:28:33+00:00,2026-05-26T12:32:45+00:00,2,0,0,105.2805,105.28,210.0340990,2
0xc376e9fbe737057ec99e9e4bff0b02e95962e872,2026-05-07T06:32:46+00:00,2026-05-07T17:14:34+00:00,2,0,0,93.27,93.27,185.79384,2
0xc377489da64239b80c7afa2f10453935076d820c,2026-05-24T09:55:34+00:00,2026-05-24T23:01:56+00:00,2,0,0,62.124,62.12,123.933392,2
0xc3961ef1563495bfedd54ecd6338a811d40ab81d,2026-05-08T03:56:34+00:00,2026-05-08T06:02:11+00:00,2,0,0,214.433,214.43,427.361981,2
0xc39c74a515197c1500b917f027e1d1ca26433c4c,2026-05-12T19:37:49+00:00,2026-05-12T22:53:18+00:00,2,0,0,172.3445,172.34,343.8227910,2
0xc3a263872e00ccb02ca18e4b14e070db6399d0bd,2026-05-11T15:57:32+00:00,2026-05-11T15:57:32+00:00,1,660.0,0,0,0,1.9800,1
0xc3a6e33cf05ea8dfae7eff19a03f6f6d14f4a61d,2026-05-23T17:24:43+00:00,2026-05-24T13:58:09+00:00,2,0,0,26.052,26.05,51.971746,2
0xc3aaa1cd06d07e19ff1940794e890f270273ebcc,2026-05-28T09:26:04+00:00,2026-05-28T10:51:00+00:00,2,0,0,15.3305,15.33,30.5838490,2
0xc3bb332a0d8de6d8af567be5a6dac61d8f261fe2,2026-04-30T08:31:32+00:00,2026-04-30T10:17:52+00:00,2,0,0,95.1,95.1,189.6294,2
0xc3be220b4d24bec48e08c8406d3e0b291ef9c537,2026-05-18T09:39:24+00:00,2026-05-18T09:58:37+00:00,2,0,0,1021.042,1021.04,2036.976796,2
0xc3c37cd5f0e28b58475b1b3ac761e0c91c7778cf,2026-06-04T19:42:37+00:00,2026-06-04T19:43:00+00:00,4,0,0,10.100,10.10,20.169700,4
0xc3c5a293f4e0708195647fcd07d901b7aca366e8,2026-03-11T12:32:39+00:00,2026-04-24T08:03:36+00:00,8,93.75,93.75,4.036325,0,6.251504000,8
0xc3c8897389621ac85958ee0231cd9e789599bd82,2026-05-27T15:59:57+00:00,2026-05-27T15:59:57+00:00,1,0,0,16.543,0,16.509914,1
0xc3cd1d612bbf9fbf80da5a9bff0b0470cb46816c,2026-03-23T07:55:27+00:00,2026-03-29T11:45:46+00:00,4,0,0,600.0,600.0,1187.7000,4
0xc3d76bed88d027128a6debc8b47305eaf88d8232,2026-05-30T06:03:29+00:00,2026-05-30T06:08:40+00:00,2,0,0,104.084,104.08,207.851756,2
0xc3dec6bfe0fdd69fd4c6c4b662d85dce55a26025,2026-03-27T09:32:41+00:00,2026-03-27T10:27:29+00:00,5,454.545454,454.537267,0,0,9.9999069884358057,5
0xc3f8c39555138a379c5d59d2fe26530c16659339,2026-05-16T19:40:36+00:00,2026-05-17T03:03:12+00:00,2,0,0,35.07,35.07,69.96465,2
0xc3fae63f2ca3c33469c8e02781c3f01ff63be624,2026-05-12T10:56:19+00:00,2026-05-12T14:06:12+00:00,2,0,0,37.074,37.07,73.958642,2
0xc3fcc7088faf872b14da1bd4b730484b7e0d48ac,2026-05-07T02:51:51+00:00,2026-05-07T02:51:51+00:00,1,0,0,42.126333,0,41.999954001,1
0xc401bac4ee711ea26d38f71c95eef6f7217618d9,2026-04-28T05:51:06+00:00,2026-04-28T05:51:06+00:00,1,0,0,25.8515,0,25.7997970,1
0xc4226238e8bcca6db72f61fb53f723a7b0167634,2026-05-08T14:44:00+00:00,2026-05-08T14:44:00+00:00,1,0,0,39.8,0,39.6806,1
0xc4273fdf2ed7d72f8d47c684b6d96392098e4a20,2026-05-25T22:20:37+00:00,2026-05-26T06:47:49+00:00,2,0,0,46.092,46.09,91.951546,2
0xc428894acff142982311f95d38e875f4309b79ee,2026-03-29T03:38:04+00:00,2026-06-01T07:26:14+00:00,4,9883.245454,9883.24,0,0,84.9261999209904514,4
0xc4304c69beb8c514b4d4afd2918c18f9b3cff1d8,2026-05-30T08:53:33+00:00,2026-06-08T17:05:58+00:00,2,0,0,1.451,1.45,2.898099,2
0xc43279330ae29d8af554bb94eedd758f181fc7eb,2026-05-08T15:44:22+00:00,2026-05-18T00:04:07+00:00,10,0,0,42.101,42.10,83.956397,10
0xc434fae31889c071eb3e49d146cca9fb5dcdd9ec,2026-05-19T05:20:47+00:00,2026-05-19T05:20:47+00:00,1,0,0,69.529,0,69.389942,1
0xc44b2d643d445f7ad77e19f2e05b68635712eedd,2026-06-04T09:50:12+00:00,2026-06-04T09:50:30+00:00,4,0,0,10.170,10.17,20.309490,4
0xc44c95d409ce95689da8efcba59c2db10ccf6626,2026-05-11T06:13:58+00:00,2026-05-11T14:53:00+00:00,2,0,0,7.021,7.02,13.991857,2
0xc44cdedaa4da9467ee33ce79f665639c44655a20,2026-05-31T20:20:09+00:00,2026-05-31T20:20:09+00:00,1,500.0,0,0,0,1.0000,1
0xc4623662f20d17c56c9dfebc7502366ca6e5d7c6,2026-05-02T05:28:48+00:00,2026-05-16T16:14:01+00:00,6,0,0,807.614333,807.61,1610.647386001,6
0xc46f68f9550bb5a5ba407b80385ee1da913a6451,2026-06-01T06:21:36+00:00,2026-06-01T06:29:37+00:00,2,0,0,105.055,105.05,209.789845,2
0xc481605ac18c68bdbeba89d188b39b2a5806ea56,2026-06-03T13:11:57+00:00,2026-06-04T14:24:16+00:00,2,0,0,25.025,25.02,49.969935,2
0xc4819c9d851da3c40ec3a5cd1e1772c84dcd52ee,2026-06-17T11:53:35+00:00,2026-06-17T11:53:35+00:00,1,1100.0,0,0,0,1.1000,1
0xc484b14f86be405bd1763d0e518495d36880551c,2026-05-22T09:26:32+00:00,2026-05-22T14:25:49+00:00,2,0,0,196.3925,196.39,391.8005450,2
0xc48de089a7dbd2c2781afb27768e0dd727f9c398,2026-03-11T12:33:11+00:00,2026-03-11T12:33:11+00:00,1,93.75,0,0,0,1.50000,1
0xc4933e874d5965a66559e673df7b7e778586c50a,2026-04-29T18:35:26+00:00,2026-04-29T18:35:26+00:00,1,250.0,0,0,0,1.0000,1
0xc4b6dd2883b7698bd2ffe5bac3e773599c9f316b,2026-03-05T11:56:05+00:00,2026-03-05T11:57:13+00:00,2,0,0,11.0,11.0,21.8350,2
0xc4bcb540e4f4f73fcbf8ff8c4205668675420926,2026-05-23T19:43:50+00:00,2026-05-23T19:43:50+00:00,1,0,0,19.4285,0,19.3896430,1
0xc4d571c240b810163f0789ce4623cf719dfe6869,2026-06-04T01:29:13+00:00,2026-06-04T03:56:30+00:00,2,0,0,9001.0,9001.0,17974.9970,2
0xc4dafa71c2a3c06b6a61138cd533a135defb89b8,2026-04-30T10:13:38+00:00,2026-05-10T08:41:38+00:00,4,0,0,444.765666,444.76,886.412329002,4
0xc4dfbc1450f5b0be46b4310d60c88a23c5c3adb1,2026-04-15T11:24:30+00:00,2026-05-07T11:04:55+00:00,2,0,0,6.1,6.1,12.1390,2
0xc4e2ea26432715620d6d31d88bbef3a3d3bd95e9,2026-04-21T19:41:06+00:00,2026-04-21T20:21:22+00:00,2,0,0,53.1958,53.19,105.8006810,2
0xc4e9a7e49326045925fdb3e25e3858bf083d13c1,2026-04-13T00:05:15+00:00,2026-04-15T06:03:48+00:00,2,190.94,190.94,0,0,2.48222,2
0xc4ea98a25eb90f22ef597f32490704bdddcf9002,2026-05-03T08:46:44+00:00,2026-05-03T12:12:52+00:00,2,0,0,1146.188333,1146.18,2284.345048001,2
0xc4f7064b03d9b5486f62d4a6d4ef5c4bc6de2c7c,2026-05-26T05:32:41+00:00,2026-05-26T05:32:41+00:00,1,0,0,45.0,0,44.9100,1
0xc4ff74bbd321acd6146bef77261a98021b85da69,2026-06-02T01:28:50+00:00,2026-06-02T01:29:10+00:00,4,0,0,10.370,10.37,20.708890,4
0xc5187cb669690150643ba2f9aac6b7d98d212594,2026-01-23T02:05:06+00:00,2026-06-06T16:03:55+00:00,302,0,0,8366.896921,0,8304.2890590063256088,302
0xc51c970453e5442bb22c2ac40b4bbac23a6b5607,2026-05-27T04:14:38+00:00,2026-05-27T08:39:41+00:00,2,0,0,277.505,277.5,553.617490,2
0xc5403a67309b34f5936e429568bccf02726df00d,2026-03-01T23:25:19+00:00,2026-05-22T18:27:47+00:00,115,0,18204.45,5.05,0,127.07888,115
0xc549ef28c392d5eb28615abfd811b7189d8257ec,2026-04-12T19:48:07+00:00,2026-04-15T18:08:22+00:00,2,0,0,23.5,23.5,46.6945,2
0xc54c890396b64362c8cf5a428a19fcb350f84503,2026-05-26T13:28:52+00:00,2026-05-26T13:28:52+00:00,1,0,0,11.102,0,11.079796,1
0xc54cb49b978cc014c558066ea988c0dceba49adb,2026-04-20T02:02:06+00:00,2026-04-20T03:17:48+00:00,2,0,0,61.829,61.82,122.968935,2
0xc554705ec5a2e504f0df636f73767791c754ed99,2026-05-06T01:40:32+00:00,2026-05-06T03:52:56+00:00,2,0,0,1370.48,1370.48,2731.36664,2
0xc55f0897f3f332df42dba7280303f0f441ef4676,2026-05-08T08:31:38+00:00,2026-05-08T09:34:17+00:00,2,0,0,1533.0,1533.0,3055.2690,2
0xc563356d74b99980734d2e7e1b9aa4448a00e432,2026-05-19T14:41:40+00:00,2026-05-20T04:35:25+00:00,3,0,0,50.711,10.02,60.599518,3
0xc5658690e5f3fe2c685dcd2493e03d7009971352,2026-05-24T10:30:57+00:00,2026-05-24T11:35:28+00:00,2,0,0,11.713,11.71,23.364444,2
0xc5670a43b62e8a5d3c1fe000d796a0b7ff35f6e5,2026-05-27T15:56:09+00:00,2026-05-27T18:45:53+00:00,2,0,0,15.551,15.55,31.023248,2
0xc56b874afcf2f5e60d2458886875d681fc62f7eb,2026-05-03T03:40:48+00:00,2026-05-04T04:56:24+00:00,2,0,0,918.38,918.38,1830.33134,2
0xc572e25c8e17cc0bfb8fc3a0076d0f8af3e4750b,2026-05-19T15:22:26+00:00,2026-05-19T15:22:26+00:00,1,0,0,5.0,0,4.9900,1
0xc57b35b679cc0a57df29a89ae169bdd1a7725e1b,2026-05-17T10:04:01+00:00,2026-05-17T10:04:01+00:00,1,0,0,10.0,0,9.9800,1
0xc57fa9436ad6022fc3a5f1b625a03d8810323660,2026-05-24T01:37:34+00:00,2026-05-24T02:50:36+00:00,2,0,0,17.8455,17.84,35.5962890,2
0xc57fbb01aeec40329b27f74697e59dac27d9f108,2026-05-14T18:31:39+00:00,2026-05-14T21:41:30+00:00,2,0,0,117.665,117.66,234.736690,2
0xc588ecf6e5e43068ae85321c9a5f7c0e2f0fbc71,2026-03-03T12:25:03+00:00,2026-03-03T12:30:23+00:00,2,0,0,25.0,25.0,49.6000,2
0xc59bcaaf5cf4a1e18576d7f1a0d0b4b9f1aae4d1,2026-05-26T08:49:06+00:00,2026-05-26T11:11:43+00:00,2,0,0,15.14,15.14,30.20430,2
0xc5a6c2d3a0218037e799798de8468cbc02cc87d3,2026-05-14T13:28:15+00:00,2026-06-03T11:18:21+00:00,4,0,0,1105.367,1105.36,2205.406909,4
0xc5ae46da2d48bbaaa8cdd273ee1889e9d98dee2e,2026-05-03T12:56:10+00:00,2026-05-30T10:36:10+00:00,4,0,0,90.029,90.02,179.698691,4
0xc5b1baa71b9509437e549bca80030bce961166d1,2026-05-27T04:38:07+00:00,2026-05-27T06:20:31+00:00,2,0,0,10.631,10.63,21.207848,2
0xc5c67539fe55b8eabe5ec371e356c19f23266a25,2026-05-28T13:34:41+00:00,2026-05-29T07:39:34+00:00,2,0,0,9010.0,9010.0,17974.9500,2
0xc5cfc8f6082d7e57b65ad7f310692394d5833690,2026-05-21T12:31:09+00:00,2026-05-21T12:31:09+00:00,1,333333.333333,0,0,0,999.999999999,1
0xc5e0707537515e198af3413ad420ada0d929aaa4,2026-04-07T09:02:03+00:00,2026-05-10T12:31:47+00:00,2,0,0,22.960714,22.96,45.6681489997039286,2
0xc5eb0f92b90ce5b3d28d10f0397c800ea52e7eff,2026-05-28T02:00:45+00:00,2026-05-28T02:00:45+00:00,1,0,0,98.0,0,97.8040,1
0xc5ee51857701c49ddb8c991a746b2200882950c6,2026-04-26T08:17:28+00:00,2026-05-16T13:11:52+00:00,6,0,0,307.523833,307.52,613.107177001,6
0xc5f7ac3593a2afdda335509d1d34c18f234610a4,2026-05-13T06:49:53+00:00,2026-05-13T06:49:53+00:00,1,0,0,46.0,0,45.9080,1
0xc5f834538fab0c7038ad2358d3ee1132ec11f5cc,2026-05-12T05:43:29+00:00,2026-05-12T06:38:05+00:00,2,0,0,149.018,149.01,297.282934,2
0xc5fac9f73af8fa65bb0e24829e2e86db3cc7bc7a,2026-05-11T17:49:29+00:00,2026-05-14T20:02:23+00:00,2,0,0,400.0,400.0,798.0000,2
0xc5fda41b44fc76a07a77feb8a353df19d47b50ec,2026-04-23T17:53:08+00:00,2026-04-23T18:38:24+00:00,2,0,0,85.817333,85.81,171.026641001,2
0xc60146cb8842fe36f2cdb76953b89e83f545a649,2026-05-13T23:42:21+00:00,2026-05-13T23:42:21+00:00,1,0,0,6.4925,0,6.4795150,1
0xc60ff222d2f490212d09462f9905427683fb248e,2026-04-19T15:01:50+00:00,2026-05-11T18:35:41+00:00,4,0,0,116.3909,116.39,231.8419860,4
0xc613e6707bd115e5c04d303d944568232697662b,2026-01-10T00:22:32+00:00,2026-01-27T21:53:19+00:00,4,23.33,19.83,0,0,0.13264,4
0xc614c0838ec5dc9078344838590ee84a343573a1,2026-05-23T12:23:24+00:00,2026-05-23T12:23:24+00:00,1,0,0,10.0,0,9.9800,1
0xc6189caa701fe8437d151de99e85f8bacfed2e84,2026-05-16T21:17:07+00:00,2026-05-17T17:24:07+00:00,2,0,0,58.116,58.11,115.935438,2
0xc625db11b56515b95ccf0936451e5d35494883ef,2026-04-12T05:43:01+00:00,2026-05-16T06:18:00+00:00,2,0,0,30.382166,30.38,60.4887330009617834,2
0xc637ae9ccf566251c4542b6ded444ff12442a007,2026-05-25T02:51:40+00:00,2026-05-25T06:25:26+00:00,2,0,0,10.02,10.02,19.98990,2
0xc6381e37a16fd967cdb136eb75abf6c71fb68c45,2026-05-02T07:32:26+00:00,2026-05-22T14:43:44+00:00,3,0,0,94.6625,63.72,157.8745740,3
0xc64eb7efa1cab78de4a85575a51b051263394874,2026-05-27T02:09:27+00:00,2026-05-27T02:09:27+00:00,1,0,0,17.8555,0,17.8197890,1
0xc65685d2650ca81c0f641c803f9baa51904a7e06,2026-05-11T19:10:30+00:00,2026-05-12T00:39:13+00:00,2,0,0,273.547,273.54,545.719286,2
0xc65d6014412fc804493f2a290a2aab34fe620115,2026-04-19T04:08:58+00:00,2026-04-19T08:08:26+00:00,2,0,0,83.3164,83.31,165.7099580,2
0xc66255cf708090cc04fcb11eb9da150e6db72acc,2026-05-15T14:02:43+00:00,2026-05-15T14:19:17+00:00,2,0,0,8.016,8.01,15.985938,2
0xc664a3d98e0c0a26b6c0eb8354526cb2926c9600,2026-04-20T08:44:20+00:00,2026-05-18T14:37:18+00:00,3,0,0,59.7659,38.9,98.1962550,3
0xc6796d1f62e178f27e978fc2a416fe63c8119933,2026-05-27T13:13:52+00:00,2026-05-27T16:21:18+00:00,2,0,0,101.202,101.2,201.895996,2
0xc67f572e0f39ef85e4cfafcf353d144c054fdac8,2026-03-13T14:00:21+00:00,2026-03-18T21:15:01+00:00,8,45.0,0,0,0,0.4950,8
0xc68920a7beec99f68295df3daa7fa85fb11c9f1f,2026-06-16T16:37:11+00:00,2026-06-16T16:37:11+00:00,1,1000.0,0,0,0,1.0000,1
0xc68d5994f14948c182b1851b7da916c63bf00a91,2026-05-23T06:22:10+00:00,2026-05-23T06:22:10+00:00,1,0,0,5.11,0,5.09978,1
0xc6a2d9ab62723b1ac8e2701ae37330f7736ae951,2026-05-23T12:58:22+00:00,2026-05-23T12:58:22+00:00,1,0,0,18.7775,0,18.7399450,1
0xc6a717b46363737dd6ea742b8bbada0042f95049,2026-03-24T20:19:21+00:00,2026-05-26T15:46:04+00:00,2,96.66,96.66,0,0,1.73988,2
0xc6bbe76264773573ef3675858550bbfd4b00805a,2026-05-03T11:01:40+00:00,2026-05-03T14:16:26+00:00,2,0,0,101.915666,101.91,203.112279002,2
0xc6bc1b8a84fee48e82a40d6f8f1bb9cf1a6e81ac,2026-05-19T09:00:42+00:00,2026-05-19T09:02:24+00:00,2,0,0,25.05,25.05,49.97475,2
0xc6bf875ae0c97cb897bda119d5396c89f55a1ace,2026-05-29T08:41:59+00:00,2026-06-01T06:26:16+00:00,4,0,0,1545.318,1545.31,3084.444975,4
0xc6c3dac9df9ad9d2a40ac485675b90eccd64f89a,2026-05-07T15:47:32+00:00,2026-05-07T16:59:23+00:00,2,0,0,41.153333,41.15,82.015273001,2
0xc6c813c38ff569db8636b9375c8094c3e017e1e7,2026-05-14T19:07:59+00:00,2026-05-14T20:48:12+00:00,2,0,0,45.741,45.74,91.252298,2
0xc6c8db54f0ee1b8064e4f22698b32eab8cec6058,2026-05-08T10:06:39+00:00,2026-05-09T22:38:12+00:00,4,0,0,83.600332,83.60,166.615131004,4
0xc6cc5de93a132f86eb1e243fb4aa3c4e2aa8179c,2026-05-28T13:34:27+00:00,2026-06-01T16:38:11+00:00,2,0,0,47.0,47.0,93.8120,2
0xc6e0cdca132cb644fa1a7e177dbe47a7c4a9f8f4,2026-05-23T21:29:15+00:00,2026-05-25T16:07:15+00:00,2,0,0,57.114,57.11,113.938442,2
0xc6e227a2411d21e432b820f31022d12b28134afe,2026-05-06T06:29:18+00:00,2026-05-06T07:50:02+00:00,2,0,0,49.067,49.06,97.783559,2
0xc6ed522940a4f35d3345f4c3136b4b2886cfe720,2026-06-02T14:39:19+00:00,2026-06-02T14:39:19+00:00,1,1000.0,0,0,0,2.0000,1
0xc7023aa8830aad9726ffd1e7a3f2545e48dd51b8,2026-04-24T06:28:34+00:00,2026-04-24T07:25:34+00:00,2,0,0,92.808333,92.8,184.958708001,2
0xc71eae8bb31de32e13707c4e420fc8096c53a26f,2026-05-07T18:35:43+00:00,2026-05-07T19:32:13+00:00,2,0,0,64.373,64.37,128.292401,2
0xc720734eea5685ec69f36185d287646cf80d9061,2026-05-27T02:10:23+00:00,2026-06-11T13:50:31+00:00,3,4000.0,0,0,0,6.0000,3
0xc723465268c8e19585e2d7dfd82d9eb318927778,2026-02-02T21:01:38+00:00,2026-03-08T23:57:19+00:00,85,7192.821929,5101.006151,0,0,188.5910500636024100,85
0xc72f42246e578cab5b2bd74d9eec8d3a8f7a51b6,2026-05-18T20:45:04+00:00,2026-05-18T21:56:44+00:00,2,0,0,58.8975,58.89,117.4930350,2
0xc731f354f355d385886f9ec3bb8559485ecd10f9,2026-04-23T09:18:22+00:00,2026-04-23T10:08:18+00:00,2,0,0,85.809,85.8,170.665155,2
0xc7441cc3dca4945a0d6746cfe5dd560b012e67d3,2026-05-16T17:32:00+00:00,2026-05-17T21:01:11+00:00,2,0,0,54.108,54.1,107.937484,2
0xc758ad8e8ee6a95e0614b0f8bc8a006b91e0c173,2026-05-13T07:28:35+00:00,2026-05-13T07:29:07+00:00,2,0,0,2.004,2.0,3.993992,2
0xc76ad8a8e96b4936289c8cd38bb659394fec1c4c,2026-05-08T04:15:05+00:00,2026-05-08T05:54:25+00:00,2,0,0,162.126333,162.12,323.111474001,2
0xc7763dc356951b4d18476d875b9df7c7aa5c6661,2026-05-19T20:39:15+00:00,2026-05-20T01:49:52+00:00,2,0,0,63.126,63.12,125.930388,2
0xc77660a78d248f6e612f72c5dfa4ea51aba5c523,2026-05-18T01:25:57+00:00,2026-05-18T01:25:57+00:00,1,0,0,6.012,0,5.999976,1
0xc77830ebbf304356347bd7def8b3780e65a06104,2026-05-22T11:50:02+00:00,2026-05-22T11:50:02+00:00,1,0,0,38.036,0,37.959928,1
0xc77a7a5f3964756bb1c066400917d7e9bcddf3b9,2026-05-20T00:49:23+00:00,2026-05-20T00:49:23+00:00,1,0,0,4.008,0,3.999984,1
0xc78350103e8fbad67dd7d53315d69bdc711570e5,2026-05-17T00:42:36+00:00,2026-05-17T00:42:36+00:00,1,0,0,3.9075,0,3.8996850,1
0xc7856160f9ccccedb4f0781cb07d99da2bd02878,2026-06-03T01:21:43+00:00,2026-06-03T01:21:43+00:00,1,0,0,5.405,0,5.399595,1
0xc78d6428a52613ed1b7d809b89f89fb04bf87eb0,2026-05-22T12:19:14+00:00,2026-05-22T18:09:12+00:00,2,0,0,73.146,73.14,145.920288,2
0xc7a8d474c26741818a357a9498af09cd277fe394,2026-04-21T15:40:22+00:00,2026-05-07T06:40:43+00:00,2,0,0,8.0,8.0,15.9280,2
0xc7b91837a51329f5bac4d7b3ee5e59ce66ca7767,2026-05-01T03:13:18+00:00,2026-05-01T03:13:18+00:00,1,250.0,0,0,0,1.0000,1
0xc7d06c1e42d8394380fdd4572a6a3f1bc5972fde,2026-05-30T07:57:47+00:00,2026-05-30T23:25:29+00:00,2,0,0,18.018,18.01,35.973962,2
0xc7ed8560b59a5cece1d2e077d9eb7dbf0021fb85,2026-05-01T05:16:30+00:00,2026-05-01T06:13:52+00:00,2,0,0,65.566666,65.56,130.667726002,2
0xc80b5c0adfece63e4a6193ad9294527b3a8a16c5,2026-05-04T07:12:24+00:00,2026-05-04T11:34:08+00:00,2,0,0,2085.255666,2085.25,4155.908899002,2
0xc8143880246eb7cbf0cedfb1a0e15b31bf26e32a,2026-05-10T01:11:30+00:00,2026-05-10T16:41:55+00:00,2,0,0,195.586666,195.58,389.797586002,2
0xc82192fab841cb7faa1d8515cc355eb63db1e296,2026-05-31T13:12:55+00:00,2026-05-31T13:18:50+00:00,2,0,0,105.665,105.66,211.008015,2
0xc828a4ebaa5dae5cc1e66a028256ed84efc7dbfa,2026-06-17T17:13:08+00:00,2026-06-17T17:13:08+00:00,1,10000.0,0,0,0,10.0000,1
0xc82ab0ae7499ee0feefb38f0689897202849fe62,2026-05-23T12:39:35+00:00,2026-05-23T12:39:35+00:00,1,0,0,10.0,0,9.9800,1
0xc838c88667f9d60682b4256cf6786b12eb02b09c,2026-05-17T18:24:52+00:00,2026-05-17T18:39:05+00:00,2,0,0,7.014,7.01,13.988942,2
0xc84c0405f4a539bae42d766f49ba11c9897c22af,2026-06-12T22:33:36+00:00,2026-06-12T22:33:36+00:00,1,2000.0,0,0,0,2.0000,1
0xc8581c86f4a3dd9feeaff3a80b5a10d528ce86ba,2026-05-15T06:26:23+00:00,2026-05-15T06:26:23+00:00,1,333.333333,0,0,0,0.999998999000001,1
0xc858efb13c62b15237cc242dc64d78ccca92c540,2026-04-15T11:30:28+00:00,2026-04-15T11:30:28+00:00,1,0,0,34.85,0,34.64090,1
0xc863084db371fd81d0056cf617d94a554f5452d6,2026-05-24T03:22:10+00:00,2026-05-24T03:22:10+00:00,1,0,0,14.739,0,14.709522,1
0xc86f724cf63e18fe9279740cd7d0c76cd443aa59,2026-05-26T20:08:39+00:00,2026-05-26T20:08:39+00:00,1,0,0,328.8675,0,328.2097650,1
0xc875e630cddd26add7f6c14d01751be95a535f8b,2026-05-21T21:32:10+00:00,2026-05-22T15:32:35+00:00,4,0,0,236.4725,236.47,471.7601450,4
0xc87c378119aabb6824cc381b33be0d4673de0b04,2026-05-12T13:38:29+00:00,2026-05-12T13:38:29+00:00,1,0,0,54.0,0,53.8920,1
0xc87f0996c69f9fe921ce9c3f12114729f9efda93,2026-05-18T01:32:48+00:00,2026-05-18T01:32:48+00:00,1,0,0,7.014,0,6.999972,1
0xc883884d06d2ad5d0c7f7bcd4560925a41acc2cb,2026-05-10T10:31:49+00:00,2026-05-16T03:24:31+00:00,6,0,0,22.051,22.05,43.976707,6
0xc8a25b9d08c9875cf40a9a7b88752e2914af7059,2026-04-21T19:37:44+00:00,2026-04-21T20:25:40+00:00,2,0,0,56.01,56.01,111.40389,2
0xc8a3064f94a8f94218971ebc87ee84edcf3e2261,2026-06-04T23:47:52+00:00,2026-06-04T23:48:07+00:00,4,0,0,10.140,10.14,20.249580,4
0xc8ab97a9089a9ff7e6ef0688e6e591a066946418,2026-04-29T22:29:22+00:00,2026-05-02T02:48:36+00:00,3,0,17508.05,10000.0,0,10012.52415,3
0xc8adcfd5ead53a834876e5ae96a3b72d552d8ee2,2026-05-16T01:39:18+00:00,2026-05-16T01:39:18+00:00,1,0,0,5.01,0,4.99998,1
0xc8b2f60094e97b680847e91972b97a086dd6c0e6,2026-04-24T05:08:04+00:00,2026-04-24T07:34:44+00:00,2,0,0,97.161333,97.16,193.641209001,2
0xc8b4a7c47acf784bc1143c8bb8bdcf7bafe919fe,2026-03-11T12:32:27+00:00,2026-03-30T08:31:52+00:00,5,93.75,87.01,0,0,2.23129,5
0xc8bab04ac219b6a716e2d01a8360f3747fb768d7,2026-05-27T17:46:09+00:00,2026-05-30T04:15:57+00:00,2,0,0,77.154,77.15,153.995392,2
0xc8c6af86897ca5d1b9195e9372b04e0ab395aea4,2026-05-08T01:57:20+00:00,2026-05-18T08:04:45+00:00,2,0,0,14.744,14.74,29.395548,2
0xc8cef92d80a0ec85526db8a5f82558f36ff92320,2026-05-13T13:49:16+00:00,2026-05-13T18:14:13+00:00,2,0,0,187.3745,187.37,373.8076410,2
0xc8d4d5ec11b5da9d7162df65c5bfd2dfcce05e6d,2026-05-03T03:40:02+00:00,2026-05-04T04:56:34+00:00,2,0,0,974.98,974.98,1943.13514,2
0xc8d650673e9ff8379357060ca030676ec88b8bae,2026-04-29T15:41:06+00:00,2026-04-29T15:51:22+00:00,2,0,0,7.0,7.0,13.9510,2
0xc8d7f99aa2600141ac82e647b1e5549e6c504af4,2026-05-27T05:51:06+00:00,2026-05-27T07:48:42+00:00,2,0,0,15.681,15.68,31.282598,2
0xc8dacc71387cb6335a5954a440cc261e9da6f45d,2026-06-10T03:39:27+00:00,2026-06-10T03:39:27+00:00,1,1050.0,0,0,0,1.0500,1
0xc8de211a60201e12b0c3b7880a07d400a22b6e69,2026-04-24T03:30:58+00:00,2026-05-20T08:44:51+00:00,8,0,0,260.547666,260.54,519.290049002,8
0xc8ed367d8902d0e8a5706b3492486f3df47e24dd,2026-05-23T23:41:31+00:00,2026-05-23T23:41:31+00:00,1,0,0,26.3525,0,26.2997950,1
0xc8ed78a684303e9c4f946a2ad08cf152d346cdb8,2026-05-26T20:19:53+00:00,2026-05-27T06:07:31+00:00,2,0,0,80.16,80.16,159.91920,2
0xc8fecfa511c4111b812bc17d16111388a0160851,2026-05-11T15:45:54+00:00,2026-05-11T23:01:04+00:00,2,0,0,205.616666,205.61,409.992986002,2
0xc8ff5f94511a41f54f92c44691f3ad8d06dcab11,2026-05-11T07:43:40+00:00,2026-05-11T09:10:29+00:00,2,0,0,59.648666,59.64,118.871160002,2
0xc93cebbf0299d670de7fa50c24e9f32861090ec0,2026-06-03T11:02:15+00:00,2026-06-03T11:02:15+00:00,1,0,0,5.005,0,4.999995,1
0xc9484cff63fa1b69f0afc5f517ce2346975e314b,2026-04-25T11:40:16+00:00,2026-05-26T15:42:25+00:00,3,0,0,2276.539333,1766.83,4029.982104001,3
0xc9543fc82416bd87c9b338fedc147df4bfef0920,2026-05-26T18:27:39+00:00,2026-05-26T18:27:39+00:00,1,0,0,468.7775,0,467.8399450,1
0xc971e5eaef35dfd6407684f0ea4682b3e2ad6e4f,2026-05-05T11:18:54+00:00,2026-05-28T10:08:48+00:00,3,0,0,85.0,85.0,169.4900,3
0xc972bc1f38292741288f11b496d97105f4d2364f,2026-05-23T05:27:01+00:00,2026-05-23T06:51:15+00:00,2,0,0,47.715,47.71,95.186440,2
0xc974c6ab4032e89aef89bf2489709905ef41eb16,2026-05-09T03:34:26+00:00,2026-06-06T08:49:09+00:00,158,259999.842990,259999.839997,0,0,759.9989410081739035,158
0xc97fae3a3392e8f5550129ab072ba92add9a7b16,2026-03-29T00:40:44+00:00,2026-03-29T01:12:26+00:00,2,0,0,766.902111,766.9,1519.230992001,2
0xc97febf7bc1db940988a47e905196f189af32da1,2026-05-07T06:20:25+00:00,2026-05-07T08:02:16+00:00,2,0,0,331.2,331.2,660.0816,2
0xc987fad8da3a710be7467611849f707403f5f954,2026-05-14T11:08:29+00:00,2026-05-16T14:50:46+00:00,2,0,0,494.9895,494.98,987.4945810,2
0xc990b97a6fde349a6e67d8ec145e42db85aa889b,2026-05-17T16:52:39+00:00,2026-05-17T16:52:39+00:00,1,333.333333,0,0,0,0.999998999000001,1
0xc9ab2e6cacc8ce084994a9d548df72e89569f3bb,2026-05-24T14:17:45+00:00,2026-05-24T14:17:45+00:00,1,0,0,10.0,0,9.9800,1
0xc9b297faa9737519781c1e9ee02d12c4bf84fe55,2026-05-06T20:24:00+00:00,2026-05-07T00:28:12+00:00,2,0,0,231.845333,231.84,462.062437001,2
0xc9b981d81a47d5eec789b915a07141c0d1000d8b,2026-06-17T17:48:56+00:00,2026-06-17T17:48:56+00:00,1,1000.0,0,0,0,1.0000,1
0xc9c79b4756801226288eb7d97908c24f8c2ab2f2,2026-05-22T22:24:41+00:00,2026-05-23T01:35:26+00:00,2,0,0,20.701,20.7,41.297498,2
0xc9cfe842eb3dfb040abd810d0028538b98a8f937,2026-04-19T07:48:24+00:00,2026-04-19T08:59:00+00:00,2,0,0,91.3164,91.31,181.6219580,2
0xc9d0faee64f559803560f7ff7575e59e02f1ebd9,2026-05-26T03:21:54+00:00,2026-05-26T03:21:54+00:00,1,0,0,20.06,0,20.01988,1
0xc9d7a516aba0e18b55ad0e8e0fbc906e82793ca9,2026-03-17T01:15:57+00:00,2026-03-26T01:36:07+00:00,2,0,0,10.0,9.7,19.4533,2
0xc9d8ee0823952e4f4bdbbae9ad227b95f9277f26,2026-05-23T15:23:07+00:00,2026-05-23T15:23:07+00:00,1,0,0,30.9215,0,30.8596570,1
0xc9dc733ef6afc7c90d800912157fd7aef93aedf2,2026-05-02T19:51:30+00:00,2026-05-02T21:26:14+00:00,2,0,0,257.011,257.01,512.221927,2
0xc9e30bc58a2d653860788a7ba7269d4af60d1c3d,2026-05-11T01:49:57+00:00,2026-05-25T01:41:11+00:00,4,0,0,168.419666,168.41,335.821107002,4
0xc9e3208526a3554342652c26bec1ba2c230993f2,2026-05-19T05:32:27+00:00,2026-05-19T05:33:58+00:00,4,500.0,0,1000.0,500.0,1498.0000,4
0xc9f205250e2cdcfc3cd4c575584019b3d98e506c,2026-04-28T03:39:22+00:00,2026-04-28T03:39:22+00:00,1,493.333333,0,0,0,1.479999999,1
0xc9f3ff8a7b5e06f770975d1c898582d592e2eb8b,2026-05-16T05:58:55+00:00,2026-05-17T11:38:05+00:00,2,0,0,62.124,62.12,123.933392,2
0xc9ff423d0d1165079d1b57a64e686cb2747ab0db,2026-04-23T10:06:12+00:00,2026-05-13T18:48:19+00:00,6,0,0,285.859533,285.85,569.483696001,6
0xca05b05542ba8fc65888aacd7582f4effc3a77da,2026-05-21T16:33:54+00:00,2026-06-07T21:53:21+00:00,2,0,0,1.563,1.56,3.118314,2
0xca08d6c4f044ff2d751d30abe51479c50026c267,2026-05-12T12:48:56+00:00,2026-05-29T22:43:02+00:00,5,3926.666665,3926.66,0,0,15.7066569173333356,5
0xca15da3f8874e539fc180cac620c71672cdc128e,2026-06-04T01:29:27+00:00,2026-06-04T03:57:13+00:00,2,0,0,8708.0,8708.0,17389.8760,2
0xca28a86601353593f45a6921d91ce4d114568f39,2026-05-11T21:31:58+00:00,2026-05-12T22:31:03+00:00,2,0,0,269.539,269.53,537.721332,2
0xca3bc50b6342fccd8e3066bc424af94c9e749ae5,2026-05-17T00:16:29+00:00,2026-05-17T00:16:29+00:00,1,0,0,6.012,0,5.999976,1
0xca3d8bc077af906799dec6a2924d4e8ead396295,2026-04-21T03:31:24+00:00,2026-04-21T03:48:24+00:00,2,0,0,201.005,201.0,399.793975,2
0xca4efe8aa3d4fc6025fa0439351003af85f9644b,2026-05-23T09:23:47+00:00,2026-05-23T13:38:11+00:00,2,0,0,38.006,38.0,75.815988,2
0xca6387642206994075b0fa089f1d1af2226d6f15,2026-02-17T14:09:39+00:00,2026-03-22T16:38:49+00:00,2,545.33,545.33,0,0,13.63325,2
0xca6838c99fc9359cdb405dc2a261e2ae40a0629e,2026-05-19T21:17:50+00:00,2026-05-19T21:17:50+00:00,1,1333.333333,0,0,0,3.9999990656666669,1
0xca69ae614c0c19239b1698e5be8fcbae47febb1b,2026-06-02T10:10:33+00:00,2026-06-02T10:10:54+00:00,4,0,0,10.370,10.36,20.698910,4
0xca7ea6ad94029822f63790057b574fa718a74e99,2026-05-15T16:05:01+00:00,2026-05-16T03:24:10+00:00,2,0,0,10.02,10.02,19.98990,2
0xca8a5065a34bfca16ed7d1f1a53ea6cf80e5227b,2026-04-24T03:57:08+00:00,2026-05-24T09:31:39+00:00,4,0,0,82.655,82.65,164.750859,4
0xca8f0374e3fc79b485499cc0b038d4f7e783d963,2026-02-11T19:35:33+00:00,2026-04-16T21:48:18+00:00,179,5341.813663,5341.803709,0,0,121.6315149949384772,179
0xcaa05683909e533941ae5f7de116d727dee464df,2026-06-16T12:33:03+00:00,2026-06-16T12:33:03+00:00,1,2000.0,0,0,0,2.0000,1
0xcaac9361bd76c6ca107d58d1f27dfb12f493f39e,2026-05-17T03:46:28+00:00,2026-05-25T03:06:50+00:00,2,0,0,10.721,10.72,21.387398,2
0xcabb61d92459d55b4f36c374d0b40e21fd760a21,2026-05-24T10:14:26+00:00,2026-05-24T11:51:51+00:00,2,0,0,15.631,15.63,31.182848,2
0xcadd98e49d27ef57e224531ba5f361d70a25eed6,2026-03-25T09:03:41+00:00,2026-03-26T21:13:47+00:00,2,83.333333,83.33,0,0,1.916629996,2
0xcae33b9fd5a2a766dc957b620873035ced43d376,2026-03-25T09:04:29+00:00,2026-03-25T09:13:13+00:00,4,0,0,845.0,844.992081,1670.9946380040455028,4
0xcaf13af1cc98ca37e24e337856ee64660cc76dd7,2026-04-19T13:09:06+00:00,2026-05-12T12:37:41+00:00,4,0,0,107.1339,107.13,213.3879720,4
0xcb081638349bad71c9fae8ad34f1f51bf0470cb1,2026-05-05T10:19:30+00:00,2026-05-06T00:48:56+00:00,2,250.0,250.0,0,0,1.7500,2
0xcb0ec669669260e52fe5688e0bd70dceacf09234,2026-04-16T15:19:12+00:00,2026-04-16T15:19:12+00:00,1,142.857142,0,0,0,0.999999994,1
0xcb172119176de56bf2b8c4f482adb3bb96b15110,2026-05-03T03:45:12+00:00,2026-05-04T05:31:44+00:00,2,0,0,911.51,911.51,1816.63943,2
0xcb229990d29fadc49dd051432b873dfd358a178d,2026-05-09T22:52:43+00:00,2026-05-10T03:36:24+00:00,2,0,0,71.213333,71.21,141.924853001,2
0xcb25e9954537560d08173118efba5d512306ce36,2026-03-16T18:22:25+00:00,2026-04-17T05:40:46+00:00,2,0,0,21.82,21.82,43.26906,2
0xcb2842cdce72c72572b457d62ca8e9738b75ad8b,2026-05-21T01:33:04+00:00,2026-05-21T01:33:04+00:00,1,666.666666,0,0,0,1.9999989980000010,1
0xcb363c45ea5de0ae31287862b3e22bd770d7deaf,2026-04-20T01:59:56+00:00,2026-05-26T03:38:56+00:00,3,0,0,48.9251,39.14,87.6149730,3
0xcb4517dc80634ebd400070531028c518add9e38a,2026-04-18T09:20:12+00:00,2026-04-20T17:12:38+00:00,2,222.77,222.77,0,0,2.45047,2
0xcb4853af0bcd109bcebcce1c11698de30e99b0ca,2026-05-07T06:43:37+00:00,2026-06-13T06:34:43+00:00,16,0,0,800.601332,800.6,1596.697128004,16
0xcb48d7c9e10cef45099dfda413df25e31a5ebfd7,2026-05-27T13:58:09+00:00,2026-05-28T00:43:12+00:00,3,0,0,57.7950,21.95,79.5635600,3
0xcb5455f4ddafce1cd091e10a3413cea15741e232,2026-02-09T14:14:11+00:00,2026-02-09T14:14:11+00:00,1,0,0,1.02354,0,0.999997999959882,1
0xcb55cc4ea3753f37347efff0e8faf00ee14f027d,2026-04-03T14:08:31+00:00,2026-04-17T07:37:44+00:00,3,0,0,1563.835166,1563.83,3108.866728004,3
0xcb6aaac027d17ff654583778e3c63165bf1d9836,2026-05-11T15:15:38+00:00,2026-06-11T09:03:45+00:00,3,9000.0,0,0,0,9.7500,3
0xcb71b948002928a48020c6a472b92ced6b83b296,2026-06-02T05:00:00+00:00,2026-06-03T10:20:50+00:00,2,500.0,500.0,0,0,1.5000,2
0xcb8dde1cb2158e9585e2f3563f4986bc9e78a56b,2026-04-14T04:55:43+00:00,2026-06-17T02:19:16+00:00,2,0,0,44.44,44.44,88.56892,2
0xcba5ee26ed1bb70fa8b6cb132615861220ad8140,2026-05-22T22:10:49+00:00,2026-05-22T23:07:14+00:00,2,0,0,10.02,10.02,19.98990,2
0xcba8c3e1ee81e1d1591ee5bb060887d337978cb2,2026-05-09T05:08:01+00:00,2026-05-14T12:20:51+00:00,4,0,0,491.374833,491.37,979.803747001,4
0xcbb62e7ce7786df6a3a2040fb7eec6152e49962b,2026-04-17T03:18:46+00:00,2026-04-21T02:37:58+00:00,2,181.04,181.04,0,0,2.17248,2
0xcbc0c7698efc872b15be0caeab7e2cf5b0c06a69,2026-05-19T01:17:46+00:00,2026-05-19T01:17:46+00:00,1,0,0,6.012,0,5.999976,1
0xcbd5f148b6fff85e1a8c79b10d47248eecd4ae4a,2026-05-19T09:42:13+00:00,2026-05-19T09:42:13+00:00,1,0,0,16.7835,0,16.7499330,1
0xcbdcf1b1b71907f9e8687bb254b1b3cb7f67560b,2026-05-13T06:23:59+00:00,2026-05-15T08:30:18+00:00,6,0,0,17.034,17.03,33.978842,6
0xcbe4f5a377411600e08780c8c7c1110feb4a57aa,2026-05-25T08:10:02+00:00,2026-05-25T08:10:02+00:00,1,0,0,10.02,0,9.99996,1
0xcbf5e69bba888262d08b821b591ac6380b1e6f69,2026-05-15T21:17:46+00:00,2026-05-18T02:55:54+00:00,2,0,0,97.194,97.19,193.898042,2
0xcbfb4626c51efd01581a8a32d088f369d58b8b36,2026-05-30T14:56:51+00:00,2026-06-06T03:29:13+00:00,2,0,0,19.019,19.01,37.990971,2
0xcc159a859400af71a6bb862b54fb8ff59405d7b2,2026-05-10T17:23:16+00:00,2026-05-10T20:31:22+00:00,2,0,0,52.156333,52.15,103.941264001,2
0xcc19971c8dcc12569499b0f63c06a7a4f2c77406,2026-05-13T21:12:34+00:00,2026-05-13T22:20:32+00:00,2,0,0,43.717,43.71,87.208436,2
0xcc19d7d5a3339c4162bed96192b1477522f81cd3,2026-05-20T18:57:13+00:00,2026-05-20T18:57:13+00:00,1,0,0,10.02,0,9.99996,1
0xcc1b8b021ce84b4f85a1198d52b12abca1c4b201,2026-04-05T23:26:11+00:00,2026-04-06T00:08:19+00:00,3,0,0,115.145856,115.14,228.5587150025619432,3
0xcc1c5b161f49b56fa9993511b7f7a39c78e2fd15,2026-05-22T21:51:17+00:00,2026-05-22T23:09:09+00:00,2,0,0,26.503,26.5,52.870494,2
0xcc2214236b6e71c4fe2e9dfdddf93e100220e7aa,2026-05-06T05:44:00+00:00,2026-05-06T07:29:52+00:00,2,0,0,1289.338,1289.33,2569.642666,2
0xcc222ea8f9b9671f65d974c66eb3860f59d7a078,2026-06-17T11:54:35+00:00,2026-06-17T11:54:35+00:00,1,1000.0,0,0,0,1.0000,1
0xcc290be6e0612d7afebe5c0bb1eed30ef1d45fce,2026-05-26T09:22:16+00:00,2026-05-26T09:22:16+00:00,1,0,0,709.8495,0,708.4298010,1
0xcc33f11d845760e2ddcb0b805a561a8a6d8b0664,2026-05-30T08:50:17+00:00,2026-05-30T08:50:17+00:00,1,0,0,36.036,0,35.999964,1
0xcc36ae6f009adab867d813af54b5a73686d153c3,2026-04-01T16:22:17+00:00,2026-05-27T18:46:59+00:00,2,0,0,2.014,2.01,4.003872,2
0xcc446600c8cc6862f6dcb6510f1f93eadfc00085,2026-05-06T14:46:34+00:00,2026-05-07T18:13:49+00:00,4,0,0,173.550333,173.55,345.885482001,4
0xcc48a1783f6fd5996c03f00a76de307b98c574f1,2026-05-09T14:14:35+00:00,2026-06-10T15:43:03+00:00,2,0,0,56.3,56.3,112.3748,2
0xcc5ce3df67d9828bc272b4ecc839c6dd4228e1ed,2026-04-25T03:39:02+00:00,2026-04-25T04:39:32+00:00,2,0,0,126.659666,126.65,252.423087002,2
0xcc6870d58d331639b42d2c3694637dcdf56d6ce6,2026-05-21T07:50:29+00:00,2026-05-21T10:35:20+00:00,2,0,0,10.02,10.02,19.98990,2
0xcc6e7c9d3d260f8e84735822dbd525c4b15ccf1e,2026-05-12T08:38:17+00:00,2026-05-12T13:56:05+00:00,2,0,0,2096.192,2096.19,4181.901046,2
0xcc79e8b97ccc32424c9e58decf5171d72610d555,2026-05-13T19:05:26+00:00,2026-05-13T19:16:59+00:00,2,0,0,10.02,10.02,19.98990,2
0xcc866c76eb264a059ff6290231f4656e50a9e11d,2026-05-29T11:01:59+00:00,2026-05-29T14:00:54+00:00,2,0,0,11.733,11.73,23.416074,2
0xcc867e7df4e95bb813b9f2a3d0e706cf422bf1bf,2026-05-22T04:32:32+00:00,2026-05-22T04:37:32+00:00,2,0,0,300.0,300.0,598.5000,2
0xcc9b4842c219eaa0424943cc69ae86598fc0cce1,2026-05-30T08:36:28+00:00,2026-05-30T08:36:28+00:00,1,0,0,38.8,0,38.7612,1
0xcc9e8551bcfe7e3e77bb5d9f77fbf4974e04b4fe,2026-04-30T02:22:06+00:00,2026-05-08T04:10:06+00:00,4,0,0,102.196333,102.19,203.670984001,4
0xcca1c8a712f979d9449449aac1d9ad51124e2a9c,2026-04-26T13:58:10+00:00,2026-05-02T14:56:30+00:00,2,0,0,160.0,160.0,318.8800,2
0xcca3a8b7e8112814e880f31865bf62d29f19dd2f,2026-05-21T08:09:58+00:00,2026-05-21T14:28:38+00:00,2,0,0,27.505,27.5,54.867490,2
0xccab6a7d3f75fb66e5e9d2576c418377f4ed9bed,2026-05-15T06:42:20+00:00,2026-05-15T06:43:30+00:00,2,0,0,31.062,31.06,61.966696,2
0xccc40fb02b47c921298c28358676f9d682255fa6,2026-06-15T17:35:04+00:00,2026-06-15T17:35:04+00:00,1,500000.0,0,0,0,500.0000,1
0xcce2cf5ce8792a4ddff0bd03b49b20f1705740bc,2026-05-06T02:09:38+00:00,2026-05-06T04:00:02+00:00,2,0,0,1302.34,1302.34,2595.56362,2
0xcce69a8ffa4ff90dd9fbf1a8e157415655aa03a6,2026-04-30T02:36:02+00:00,2026-04-30T02:37:08+00:00,2,0,0,59.177333,59.17,117.933121001,2
0xcceb4d4842db37da75c2fd6ee842142c6b4f076a,2026-05-23T05:54:27+00:00,2026-05-23T07:23:34+00:00,2,0,0,10.02,10.02,19.98990,2
0xcd11514f6ee4f6367d5d6b44bf28ca26396855df,2026-05-20T06:09:31+00:00,2026-05-20T06:12:14+00:00,2,0,0,14.529,14.52,28.976382,2
0xcd1d78df6b804eb01974cb7f5d5ff9089a62127e,2026-04-25T16:40:32+00:00,2026-05-08T06:25:36+00:00,4,0,0,197.702666,197.70,394.018758002,4
0xcd23778d3b9f0986b93bc2c5346d365c7a665128,2026-05-22T15:50:21+00:00,2026-05-23T01:08:29+00:00,2,0,0,45.09,45.09,89.95455,2
0xcd3be222391dc2616744c003691556747236b14e,2026-05-17T14:04:32+00:00,2026-05-17T14:04:32+00:00,1,0,0,10.0,0,9.9800,1
0xcd58e0784926ea6ebbf5418b13cf52d275bd0d36,2026-05-17T17:07:07+00:00,2026-05-17T20:16:54+00:00,2,0,0,70.9715,70.97,141.5866470,2
0xcd69271c678bd64d138c06a71077abc47f560986,2026-06-17T17:34:35+00:00,2026-06-17T17:34:35+00:00,1,20000.0,0,0,0,20.0000,1
0xcd6bb8a1cb9adf43cbd95aaddd599b3cd26770b5,2026-06-01T18:05:50+00:00,2026-06-01T18:06:11+00:00,4,0,0,10.370,10.37,20.708890,4
0xcd701379e3d03a305edd8104aa02ff856438b2b1,2026-05-07T14:32:52+00:00,2026-05-10T14:27:57+00:00,4,0,0,14.042,14.04,27.983714,4
0xcd7e3fb569913cb9cedee54bf01a97d690dd9b29,2026-03-19T12:16:29+00:00,2026-03-19T12:16:29+00:00,1,1.1,0,0,0,0.0088,1
0xcd91a549956854fdc38efad7e80ff5da8f5432b8,2026-01-31T12:35:20+00:00,2026-04-28T12:59:00+00:00,112,0,0,14743.20,0,14625.67035,112
0xcd9d535e5b1f4b513518e8c287659587b654414b,2026-05-02T10:06:18+00:00,2026-06-09T08:53:45+00:00,2,0,0,23.069,23.06,46.036733,2
0xcdb5c9aed67e73e8a77debdccaa5d6399c472a21,2026-05-06T14:50:07+00:00,2026-05-07T12:47:19+00:00,4,0,0,114.533333,114.53,228.261613001,4
0xcdb62ddbdd90b7ed9341dde77f7c772ad03a2aa8,2026-05-27T22:40:05+00:00,2026-05-27T22:40:05+00:00,1,0,0,14.9495,0,14.9196010,1
0xcdb8d450220c5f7d65bc84203544dbef06c5f501,2026-05-20T00:10:25+00:00,2026-05-20T05:31:52+00:00,2,0,0,9160.0,9160.0,18274.2000,2
0xcdb993a83267ec1c9f4b4663e1bb21336cefb9f7,2026-05-17T12:19:35+00:00,2026-05-17T12:19:35+00:00,1,0,0,10.0,0,9.9800,1
0xcdbd3a757cfbf28761609a6a4273721978582218,2026-05-30T10:27:33+00:00,2026-06-05T09:34:13+00:00,2,0,0,2.202,2.2,4.397598,2
0xcdc9d6709340e42978e4192d81fb97e0dea51f5c,2026-05-06T07:25:46+00:00,2026-05-06T08:24:38+00:00,2,0,0,78.635666,78.63,156.715239002,2
0xcde71a15bb2dac4e0fdd5c5173a47759ff871df8,2026-05-20T16:32:05+00:00,2026-05-20T16:32:05+00:00,1,0,0,23.3565,0,23.3097870,1
0xcdf494854f9298d464a3bc8e6370a72db4e38517,2026-05-29T07:05:32+00:00,2026-05-29T07:31:03+00:00,2,0,0,10.02,10.02,19.98990,2
0xcdf82242c9984bd8d274085ab54165633c54b8ea,2026-03-25T08:41:31+00:00,2026-06-13T09:35:01+00:00,4,0,0,1200.0,1200.0,2382.4120,4
0xce0cbb66863c99fc983b9d2676b5bf4363f241a3,2026-06-03T05:54:32+00:00,2026-06-03T05:54:32+00:00,1,0,0,21.121,0,21.099879,1
0xce12464e2d7ffef87b64ad5449a00a91fdac8675,2026-06-02T20:16:22+00:00,2026-06-02T20:16:50+00:00,4,0,0,10.160,10.16,20.289520,4
0xce12fb94fa429a1241028614e9309ab05c85d643,2026-05-02T04:26:50+00:00,2026-05-02T05:20:52+00:00,2,0,0,60.150333,60.15,119.879282001,2
0xce177a61fdb356c9357021c9d41ac090af56fcd1,2026-05-27T20:30:07+00:00,2026-05-27T20:30:07+00:00,1,0,0,12.104,0,12.079792,1
0xce2dfdb83bebd8114f8451196162213f5782cfa7,2026-05-10T03:31:49+00:00,2026-05-10T03:48:34+00:00,2,0,0,7.021,7.02,13.991857,2
0xce2e72e7dd8c6ea741a8a9e6dcecf58138aaf64d,2026-05-24T16:06:30+00:00,2026-05-25T01:24:59+00:00,2,0,0,33.066,33.06,65.960688,2
0xce366fbae0807fc76917d0f210150181f2e135cc,2026-04-16T19:34:24+00:00,2026-04-16T19:34:24+00:00,1,0,0,39.06,0,38.82564,1
0xce42bd1ae4a5507e5f1951676cc1c2fef16e49b5,2026-05-31T07:16:44+00:00,2026-06-08T18:01:48+00:00,2,0,0,1.251,1.25,2.498499,2
0xce5169e51263f179a7e54ca0eea50dc2b8f78d4c,2026-05-07T23:54:48+00:00,2026-05-17T19:48:38+00:00,6,0,0,24.063,24.06,47.972609,6
0xce5b8fb35bb894d0921973a9021b1d16c3eaf5be,2026-05-21T15:51:21+00:00,2026-05-21T15:51:35+00:00,2,0,0,129.0,129.0,257.3550,2
0xce6167ca73ec98c6b00b399855fb5f593f6322cc,2026-05-09T05:49:39+00:00,2026-05-09T17:30:43+00:00,4,0,0,101.50,101.5,202.18800,4
0xce92a6c34e8aeeb02a9da322c8e76a12a43fd970,2026-04-21T16:55:56+00:00,2026-04-21T16:55:56+00:00,1,207.92,0,0,0,1.24752,1
0xceaccb4bb4a4746ea68368ec6a120646fa95eb38,2026-05-17T11:52:54+00:00,2026-05-17T12:14:26+00:00,2,0,0,992.4745,992.47,1979.9821410,2
0xcead8b1217107a0a990a163e5c517b1b471084c5,2026-05-15T06:24:18+00:00,2026-06-05T13:31:07+00:00,4,0,0,7.2095,7.2,14.3851840,4
0xceb3870e5575affb8d50043d87fc78b2cc9e49b2,2026-04-18T19:57:14+00:00,2026-05-20T19:05:07+00:00,5,0,0,344.6259,262.14,603.9347400,5
0xcebc0d075dc10ed1ad69a47d24a54b7e4d576519,2026-05-09T10:51:35+00:00,2026-05-14T17:38:16+00:00,6,0,0,24.057,24.05,47.968689,6
0xcebc37203b2b6a7813915e85e274924294b75048,2026-05-21T09:15:40+00:00,2026-05-21T11:23:59+00:00,2,0,0,18.607,18.6,37.113986,2
0xcec3ae48081df45125c58534607ce841c67cd800,2026-05-07T15:49:23+00:00,2026-05-07T17:50:29+00:00,2,0,0,269.749,269.74,537.600793,2
0xcec83cdbb93044b563969e4d806a72b6663c92f4,2026-05-15T04:46:50+00:00,2026-05-19T22:12:12+00:00,4,0,0,260.8015,260.80,520.2974970,4
0xcecb0d975ec0408b2b48b2ae248dd5606648943d,2026-05-27T05:40:57+00:00,2026-05-27T06:47:41+00:00,2,0,0,8960.0,8960.0,17875.2000,2
0xcecbb79c188ad7523c1262f4114513efa0102141,2026-05-25T07:05:24+00:00,2026-05-26T09:28:53+00:00,2,0,0,251.503,251.5,501.745494,2
0xcedfdb9271270e1b40c4fb12425b52767b468a60,2026-05-15T01:43:10+00:00,2026-05-16T07:18:27+00:00,2,0,0,167.3345,167.33,333.8278410,2
0xcee466fe76a3d195700c39e52868bc047af9d164,2026-05-08T02:37:56+00:00,2026-05-08T05:50:41+00:00,2,0,0,104.232666,104.23,207.733048002,2
0xceeafc72fcd749828751a35deaabf60c1b2bad73,2026-04-20T04:27:56+00:00,2026-04-20T04:27:56+00:00,1,183.333333,0,0,0,1.099999998,1
0xcef80fc27e770ac91ca009d244555c6de302a417,2026-05-03T02:13:56+00:00,2026-06-09T12:54:07+00:00,2,0,0,33.099,33.09,66.056613,2
0xcf017c040a616470ce479286c650eab998d03b2d,2026-05-20T02:13:49+00:00,2026-05-20T08:55:32+00:00,3,0,0,12839.0,0,12813.3220,3
0xcf09380ffe1e5f19e434754b2ae67c71c939cc1a,2026-05-14T09:44:40+00:00,2026-05-14T18:35:14+00:00,2,0,0,60.12,60.12,119.93940,2
0xcf0d05808443f88e2a486b3646b1fda99fc017d4,2026-05-01T00:13:04+00:00,2026-05-01T00:13:04+00:00,1,0,0,2.106,0,2.099682,1
0xcf166dafb2a86e435e85b6eac12438636c6f01cb,2026-03-16T16:19:25+00:00,2026-03-21T03:47:17+00:00,11,0,0,89.688387,16.56,105.1874500004706423,11
0xcf3323ab7895a8a9db20ad0c1d023826b53bb2c3,2026-05-23T10:41:13+00:00,2026-05-23T10:41:13+00:00,1,0,0,20.0,0,19.9600,1
0xcf4e8c0bd8941caea7a5e90ee37657aafd88c5c0,2026-05-13T18:10:59+00:00,2026-05-13T18:10:59+00:00,1,333.333333,0,0,0,0.999998999000001,1
0xcf5d2c29ea623d1e8376b2227444af1ebf2094be,2026-05-07T15:05:24+00:00,2026-05-07T15:58:08+00:00,2,0,0,63.36,63.36,126.27648,2
0xcf627d3d4ec7f465243742aa96981a3722600165,2026-05-03T03:49:52+00:00,2026-05-04T05:32:40+00:00,2,0,0,932.17,932.17,1857.81481,2
0xcf78cf8b22a6dab85e29f30d2ec108b03c201a93,2026-04-12T04:22:03+00:00,2026-04-15T16:35:44+00:00,2,168.31,168.31,0,0,2.18803,2
0xcf83257df94116d63c919c15ab79b3e6d58c0003,2026-05-19T03:46:16+00:00,2026-05-19T03:46:16+00:00,1,0,0,50.8215,0,50.7198570,1
0xcf850b09162d4fb3deae20d5e29feb5432c66a9b,2026-05-22T08:37:10+00:00,2026-05-22T08:37:10+00:00,1,0,0,5.01,0,4.99998,1
0xcf8e89f2f1a199a1e39835ae3c840433c0c9ac3b,2026-03-28T17:16:21+00:00,2026-03-28T17:26:45+00:00,2,600.0,600.0,0,0,12.000,2
0xcf9555cef256c96a91dd4cd6c3a159c033867865,2026-01-30T18:35:26+00:00,2026-02-03T23:20:50+00:00,4,94.61,94.61,0,0,3.83607,4
0xcfb27b7bf4d38eb17ed30b5a668bf257d517a187,2026-05-11T16:17:26+00:00,2026-05-15T02:16:27+00:00,6,0,0,22.044,22.04,43.973792,6
0xcfd2401e282e1063a81168262bea535bab66a3fe,2026-05-16T20:22:01+00:00,2026-05-31T02:11:20+00:00,3,0,0,8.1155,8.11,16.1930490,3
0xcfd4456fd6ad1824860e282980223db50617fe7b,2026-05-26T23:51:40+00:00,2026-05-27T00:05:09+00:00,2,1666.666666,1666.66,0,0,8.3333189980000004,2
0xcfd795111c51404d687606398e0600e3f97c4065,2026-05-27T17:18:38+00:00,2026-05-27T17:18:38+00:00,1,0,0,15.2805,0,15.2499390,1
0xcfdd5be997645e100e25ade2f660e6faa6c7808d,2026-06-14T06:25:19+00:00,2026-06-14T06:25:19+00:00,1,1500.0,0,0,0,1.5000,1
0xcfe405d9db1cba7d89ae3a87bce1f903d89d0fa2,2026-04-30T11:43:44+00:00,2026-05-10T12:47:25+00:00,12,0,0,1671.011998,1671.01,3330.324922006,12
0xcfe790602024aaff5ac843466c08b16af1b2e81f,2026-05-02T17:55:26+00:00,2026-05-02T20:16:38+00:00,2,0,0,57.773,57.77,115.138601,2
0xcfeeee98a2c459f6fc2061b859637106bc380e78,2026-04-18T02:00:54+00:00,2026-04-19T02:41:56+00:00,2,0,0,503.0,503.0,1000.4670,2
0xcff50034d85898c026121c96a9d990d533c6e2c4,2026-05-26T08:50:47+00:00,2026-05-27T05:03:31+00:00,2,333.333333,333.33,0,0,1.666658999000001,2
0xcffe62d8792a126063996d96b122e7b5b8a30ed1,2026-05-26T17:08:29+00:00,2026-05-26T17:08:29+00:00,1,0,0,33.8875,0,33.8197250,1
0xcfff4295288ee29f75a38a7028611b7c1e93673d,2026-04-26T11:54:36+00:00,2026-05-28T01:11:49+00:00,83,0,0,2367.0,0,2360.6490,83
0xd01906d52991cc3f765609a6c7450399f278681f,2026-02-28T22:41:43+00:00,2026-02-28T22:41:43+00:00,1,909.090909,0,0,0,9.999999999,1
0xd0225e728d59dcd036f932e2e8141117f7c498d4,2026-05-19T08:44:50+00:00,2026-05-19T08:44:50+00:00,1,0,0,20.12,0,20.07976,1
0xd029b13f2e562c77e2db3e5eda140cee79a44fc1,2026-05-01T18:25:14+00:00,2026-05-01T18:25:14+00:00,1,250.0,0,0,0,1.0000,1
0xd02c89cce4c0d727c026ac979ebca2f34d6ba7c3,2026-04-25T03:56:20+00:00,2026-04-25T05:01:16+00:00,2,0,0,140.862333,140.86,280.736306001,2
0xd030ebfeb5781c15a6bea21e2f350abae44affd8,2026-05-22T16:18:26+00:00,2026-05-22T16:18:26+00:00,1,0,0,628.7575,0,627.4999850,1
0xd0465030e73d8f95ad76072fa7eb24480a8e5ecc,2026-05-16T01:35:48+00:00,2026-05-16T01:35:48+00:00,1,0,0,6.012,0,5.999976,1
0xd0591981d3cfd7602d23d6ecfda32ef9c021846e,2026-05-31T07:37:51+00:00,2026-06-01T10:14:21+00:00,2,0,0,5.905,0,5.899095,2
0xd06297b07af68e034e6ec90a56e8035feb69f76c,2026-05-21T07:58:53+00:00,2026-05-21T09:05:17+00:00,2,0,0,10.4805,10.48,20.9080990,2
0xd0912d5b37bce44153a78b77415f9664fc474379,2026-05-19T13:57:08+00:00,2026-05-19T15:47:05+00:00,2,0,0,10.02,10.02,19.98990,2
0xd0ae666e33c9f91ad66bc8a0904d8b2ead4e5aaa,2026-05-27T02:26:56+00:00,2026-06-01T19:02:26+00:00,2,0,0,185.3705,185.37,369.9990190,2
0xd0bdcfdec35fb2fc773ec5e23f5d1aa6c1a4c997,2026-04-12T00:18:19+00:00,2026-04-12T00:18:19+00:00,1,142.857142,0,0,0,0.999999994,1
0xd0bf186c69a936395c84d6b45bbd39eadfcf9f9f,2026-05-11T15:40:06+00:00,2026-05-11T15:40:06+00:00,1,400.0,0,0,0,1.2000,1
0xd0d6160960d36c2a4de6fa87e628f9d0a2899846,2026-05-24T10:05:39+00:00,2026-05-24T10:05:39+00:00,1,0,0,10.0,0,9.9800,1
0xd0d6f68c8093875822e14fe04e2d85602fc099f4,2026-04-21T15:57:58+00:00,2026-04-21T16:53:30+00:00,2,0,0,44.1306,44.13,87.7751670,2
0xd0dfb072d1bf1afff9202e1c30529b6f2d4f01a4,2026-05-27T14:58:09+00:00,2026-05-27T16:55:06+00:00,2,0,0,10.02,10.02,19.98990,2
0xd0fa528b0b06b827d9614145b58486f8f3def65d,2026-05-09T03:30:49+00:00,2026-05-11T11:36:09+00:00,2,0,0,215.646666,215.64,429.777166002,2
0xd12d7fbb318caa5dc4a92bb779882c1108e64a57,2026-05-20T10:05:09+00:00,2026-05-20T10:05:09+00:00,1,0,0,22.565,0,22.519870,1
0xd12f9dbbbc29512cf27f6b551b40b94bbdf2bee6,2026-05-23T02:54:14+00:00,2026-05-23T02:54:14+00:00,1,0,0,32.695,0,32.629610,1
0xd1422f8af4ba2a4ff076d9eceafa991a4c683e69,2026-05-19T06:59:17+00:00,2026-05-19T07:10:55+00:00,2,0,0,994.579,994.57,1984.176132,2
0xd154566e6eba4ee0c4abc88266b084b485278212,2026-05-11T01:18:29+00:00,2026-05-11T06:35:12+00:00,2,0,0,2517.552333,2517.55,5017.479476001,2
0xd1595723b1beef80ba959c285678f3def0c51954,2026-05-30T10:09:07+00:00,2026-05-30T10:12:55+00:00,2,0,0,105.965,105.96,211.607115,2
0xd15b4e786438728a4a0583f85c6ba9850b92ccd0,2026-03-20T23:46:07+00:00,2026-04-01T14:18:01+00:00,2,5000.0,5000.0,0,0,80.0000,2
0xd16c444d199a51633e88b0caa19aeba477b7f5a4,2026-06-04T19:37:43+00:00,2026-06-04T19:38:01+00:00,4,0,0,10.170,10.17,20.309490,4
0xd16f147a166d6528b9e0e037e05834c919306011,2026-05-27T18:28:42+00:00,2026-05-28T08:39:01+00:00,2,0,0,22.545,22.54,44.972290,2
0xd1720abae48b271c0417c526dd80bf91cfd4fd9d,2026-06-01T11:24:49+00:00,2026-06-01T12:40:51+00:00,2,0,0,35.0,35.0,69.8950,2
0xd17cf46cd4cccd1bbab316ae1272af8470b19a5b,2026-05-20T19:16:21+00:00,2026-05-23T05:23:24+00:00,2,0,0,63.126,63.12,125.930388,2
0xd183aac5ef1abb918435d39e7b96bf584bc8ab26,2026-05-11T11:04:13+00:00,2026-05-11T12:58:55+00:00,2,0,0,66.198333,66.19,131.924978001,2
0xd189a5faaec426de2ac68e8d1ca3c93f2d9ab12b,2026-05-23T00:40:29+00:00,2026-05-23T12:55:01+00:00,2,0,0,36.072,36.07,71.961646,2
0xd19a80360716bf8dac006a02dbdd21bef18e8235,2026-05-29T16:48:50+00:00,2026-05-29T17:44:40+00:00,2,0,0,10.01,10.01,19.98997,2
0xd1a10f4f7917c4678152b196416b014f0b2d8e2e,2026-04-19T07:10:44+00:00,2026-05-22T14:13:13+00:00,3,0,0,88.9278,73.36,161.4496840,3
0xd1a5116a0bf0fcb070053ef8b3bc5deeaf9434fd,2026-05-13T10:08:06+00:00,2026-05-21T14:44:14+00:00,4,0,0,82.535,82.53,164.652340,4
0xd1a63a243042d864520512fbdbd2fd20e0ab1507,2026-04-19T11:04:02+00:00,2026-06-06T18:02:49+00:00,2918,0,751.37,218997.48,0,218583.83858,2918
0xd1a765a3e73642b770ec7ae2fc0d1d2ff93195eb,2026-06-03T15:29:30+00:00,2026-06-03T15:29:30+00:00,1,2500.0,0,0,0,5.0000,1
0xd1ae42c16034a22d9c0d7e061492a43e9ec5035c,2026-05-19T15:41:22+00:00,2026-05-19T16:34:08+00:00,2,0,0,605.691,605.69,1208.352548,2
0xd1bd482eaf0aa8be12bdc4a7a71107524272c869,2026-06-17T15:31:31+00:00,2026-06-17T15:31:31+00:00,1,1000.0,0,0,0,1.0000,1
0xd1bdd8a43182b7c4b8c240fc8998270c7e264bdc,2026-05-17T01:18:32+00:00,2026-05-17T19:36:20+00:00,2,0,0,66.132,66.13,131.931346,2
0xd1c26b696df318a29538d1eaa2a0fd6ee97bb27c,2026-04-28T04:52:22+00:00,2026-04-28T07:38:04+00:00,2,0,0,43.2865,43.28,86.3500870,2
0xd1cd7a17183d9b377ebd31e1be10d019988252c8,2026-05-06T09:41:14+00:00,2026-05-06T10:56:46+00:00,2,0,0,102.537333,102.53,204.349601001,2
0xd1d3a664cca6694d9026650125f292681aef0560,2026-02-24T09:36:00+00:00,2026-03-01T13:02:27+00:00,16,1688.991141,1552.407272,136.57,0,175.6535139937255960,16
0xd1da29c8c99fca8eb68ea20ba7b6689b4fb51e37,2026-05-27T05:40:43+00:00,2026-05-27T06:47:32+00:00,2,0,0,8950.0,8950.0,17855.2500,2
0xd1f836f3e8450be49ae6ce5cf21d9d7c30bcb52b,2026-05-20T09:32:47+00:00,2026-05-20T09:32:47+00:00,1,0,0,26.8635,0,26.8097730,1
0xd2074bcbdf1aad3a0f4cad6820000baf9e115ab7,2026-05-26T04:08:06+00:00,2026-05-26T04:08:06+00:00,1,0,0,53.3165,0,53.2098670,1
0xd20b556818ac4a811e69d1ac99abc9f391a37e6b,2026-04-27T16:31:26+00:00,2026-04-27T16:31:26+00:00,1,333.333333,0,0,0,0.999999999,1
0xd217ad836760f0af2ec6caf24da0aac484fde9e7,2026-05-11T19:04:07+00:00,2026-05-14T19:24:04+00:00,2,0,0,15.9315,15.93,31.7818470,2
0xd218e474776403a330142299f7796e8ba32eb5c9,2026-01-22T03:48:42+00:00,2026-06-06T16:53:58+00:00,149,0,0,23466.20,0,23422.63105,149
0xd2250016da997a4fa032aaf2e16b7f8f180936f5,2026-04-16T21:46:52+00:00,2026-04-19T12:57:14+00:00,2,181.04,181.04,0,0,2.17248,2
0xd2338a6ccdee21eb8a97e1fe5dfeec1e9d89d218,2026-05-08T08:25:11+00:00,2026-05-08T10:14:56+00:00,2,0,0,2090.270666,2090.27,4165.908774002,2
0xd2374651f7d4e428a0992ebccc2fd3ce3bca3dc8,2026-04-18T05:00:52+00:00,2026-04-18T09:08:50+00:00,2,0,0,80.5628,80.56,160.2366260,2
0xd239ce5e314c9ef3a2696516d173bbfce3a58531,2026-05-13T06:29:26+00:00,2026-05-13T06:29:26+00:00,1,0,0,36.643,0,36.569714,1
0xd245304a12ba711de764a45cd0912aee5ad52318,2026-03-11T12:29:15+00:00,2026-03-31T11:55:01+00:00,4,71.43,71.43,16.16,0,17.65743,4
0xd248124c1c503c2f58cced3f2ab6a61b7f36b919,2026-05-08T08:45:03+00:00,2026-05-08T09:05:47+00:00,2,0,0,9.027,9.02,17.983839,2
0xd270394743d5d6aa132a9955119a7a1e967e4b3a,2026-04-22T03:47:48+00:00,2026-04-22T04:04:58+00:00,2,0,0,8.0,8.0,15.9120,2
0xd28364d08656a5ab9e4082f6a8a2d667a606dfa6,2026-04-20T09:44:36+00:00,2026-04-20T09:44:36+00:00,1,0,0,19.74,0,19.64130,1
0xd292d80e3912b84d4111af6fff06579dc9ef3628,2026-05-05T03:42:14+00:00,2026-05-05T07:13:28+00:00,2,0,0,106.409,106.4,212.064173,2
0xd2936444845b09a1ab8ab46c2edd193aa90e7f53,2026-05-20T20:08:16+00:00,2026-05-21T02:22:04+00:00,2,0,0,116.232,116.23,231.880846,2
0xd2a6267daa0292d43813063d9641e929e443a557,2026-05-20T23:25:34+00:00,2026-05-21T00:36:36+00:00,2,0,0,9010.0,9010.0,17974.9500,2
0xd2ada197cc8067af9a3a34e79d4d7c4e54da7f76,2026-05-23T18:27:17+00:00,2026-05-23T18:27:17+00:00,1,0,0,23.8975,0,23.8497050,1
0xd2bc9d7c9873f8ca5f5b8d132bbd759bb79f50d0,2026-05-27T16:55:08+00:00,2026-05-27T18:26:55+00:00,2,0,0,11.643,11.64,23.224794,2
0xd2c62dee1a949d79edf0774fff0469e5572e69a3,2026-05-18T01:02:13+00:00,2026-05-18T01:02:13+00:00,1,0,0,6.012,0,5.999976,1
0xd2ecddaac82f4ff78973deda3d6a27650c7a9726,2026-06-06T12:49:42+00:00,2026-06-06T12:49:42+00:00,1,0,0,130.0,0,129.8700,1
0xd2f7d3ad8939ea03b05226f61e3d975eca2ee354,2026-05-07T08:48:13+00:00,2026-05-07T08:48:13+00:00,1,0,0,6.880333,0,6.8596920003119667,1
0xd30c6b8500fd471883943e24ab6a9d7d1c38806d,2026-05-17T10:42:10+00:00,2026-05-17T10:42:10+00:00,1,0,0,5.0,0,4.9900,1
0xd32ce89f16509d3c8f8b5e9750305a5b2bc2a4c2,2026-02-18T10:58:46+00:00,2026-06-06T16:03:55+00:00,687,0,57.02,19070.80,0,18952.74189999820,687
0xd33038ce385b1605ae5be0d86f683d5b7c0110aa,2026-04-24T06:04:46+00:00,2026-04-24T07:09:58+00:00,2,0,0,68.726,68.72,136.964942,2
0xd334335444cab1de616c48b1ce1cf122a8a429a9,2026-06-03T14:01:42+00:00,2026-06-03T14:02:00+00:00,4,0,0,10.170,10.17,20.309490,4
0xd3368507b161cf88c39c2bc9f5d83ae4a41ca90f,2026-05-18T06:03:53+00:00,2026-06-05T00:07:19+00:00,2,0,0,255.0,105.0,359.3850,2
0xd33cc97ec139031f2502a8b692e91e2a1cc2924e,2026-05-20T03:42:13+00:00,2026-05-20T03:44:26+00:00,2,0,0,28.056,28.05,55.965738,2
0xd348a75bc1cad3341b8d83236ba4226c1bc8da52,2026-05-07T02:44:16+00:00,2026-05-07T04:07:17+00:00,2,0,0,1654.04,1654.04,3296.50172,2
0xd35427df5c93f930bb38c9c1e6e2b3738999a8ed,2026-04-18T11:56:14+00:00,2026-04-20T18:22:04+00:00,2,227.72,227.72,0,0,2.50492,2
0xd362566464efa05a15a3d7ce3224067564879bc4,2026-03-24T18:32:29+00:00,2026-03-24T18:33:41+00:00,2,0,0,12.61,12.61,24.85431,2
0xd3679576c491b16a8e32fe7fac456825d1b5ee32,2026-05-14T10:52:57+00:00,2026-05-21T17:16:19+00:00,8,0,0,1894.9635,1894.96,3780.4486930,8
0xd37a64ea0713e50e5e5c8be827ba305b2a566817,2026-05-10T09:31:18+00:00,2026-05-10T09:31:18+00:00,1,0,0,2.657666,0,2.6496929998738672,1
0xd384bec8a0f6b2b28cdda3e8f26666ba96abdee7,2026-05-06T08:18:52+00:00,2026-05-06T12:57:56+00:00,2,0,0,332.647666,332.64,662.959163002,2
0xd38714677ac5950d7a1d8807c0e5b7c0716212f2,2026-05-30T04:19:51+00:00,2026-05-30T12:27:50+00:00,2,0,0,8979.98,8979.98,17933.02006,2
0xd39cdfe5a9c49b739d7111dadc5acea256418d35,2026-05-11T12:24:13+00:00,2026-06-04T16:45:12+00:00,203,0,0,553.906166,553.81,1105.4243890000445010,203
0xd3a536d739ad4b5208e9c9f5bae06639c64fb64e,2026-05-26T05:21:26+00:00,2026-05-26T09:26:21+00:00,2,0,0,10.02,10.02,19.98990,2
0xd3a55d741880a429a563f0cd073568a98c3362ed,2026-05-21T18:21:09+00:00,2026-05-22T12:02:30+00:00,2,0,0,288.577,288.57,575.704136,2
0xd3a6d17bf7052626d8cf793c7d0ab1e823f55173,2026-05-23T12:33:36+00:00,2026-05-23T12:33:36+00:00,1,0,0,1.072,0,1.069856,1
0xd3b257962246a70224d2901645837b375e4cccb7,2026-05-04T01:38:34+00:00,2026-05-04T01:38:34+00:00,1,0,0,39.338,0,39.219986,1
0xd3bd3ba23cce327810ea0a57e902aa4c9dbc9ce5,2026-05-17T08:10:20+00:00,2026-05-17T08:10:20+00:00,1,0,0,10.0,0,9.9800,1
0xd3cb957b6393bd407dd89071fdb523ea4ad53d4a,2026-04-23T08:26:32+00:00,2026-05-19T13:09:49+00:00,6,0,0,139.040266,139.04,276.879424002,6
0xd3d42b0e3ad58361248499c69025e125f5b2302a,2026-05-22T13:08:00+00:00,2026-05-28T06:54:28+00:00,2,0,0,1031.3925,1031.39,2057.6255450,2
0xd3ec26edd5cda193f3bc12693efc9ae726c74b20,2026-05-22T12:50:44+00:00,2026-05-22T12:50:44+00:00,1,0,0,947.4745,0,945.5795510,1
0xd4008df09366d7db35b0a0946c736d0b5a5bf29e,2026-05-21T13:56:52+00:00,2026-05-21T15:16:16+00:00,2,0,0,16.9235,16.92,33.7588930,2
0xd404b57bf8c0311b842cf76bf4ac0d42b5e4decb,2026-05-22T13:00:23+00:00,2026-05-22T13:00:23+00:00,1,0,0,20.0,0,19.9600,1
0xd434f6908188c309d02a57ba9d644dba3a08da54,2026-05-26T20:08:27+00:00,2026-05-26T20:08:27+00:00,1,0,0,33.547,0,33.479906,1
0xd447f0f0732e3802a4daa711cdfb0c63ce008844,2026-04-18T02:01:26+00:00,2026-04-19T02:42:50+00:00,2,253.0,253.0,0,0,2.7830,2
0xd44ec44d52c582d1d921008ecb71c23c69b952a2,2026-05-22T10:20:26+00:00,2026-05-22T10:20:26+00:00,1,0,0,31.3225,0,31.2598550,1
0xd4530e3fc6386332bf6a0f4c877d3dccf6af8ed7,2026-05-13T06:21:55+00:00,2026-05-13T08:26:39+00:00,2,0,0,32.064,32.06,63.963692,2
0xd45b90f5cfd2a5e7388e0c68d4b284752245457e,2026-04-25T11:55:18+00:00,2026-04-25T15:04:10+00:00,2,0,0,2054.643666,2054.64,4094.901175002,2
0xd465dbea6018f67de4d2d1f35e5053aa1c72c6f6,2026-06-01T21:44:31+00:00,2026-06-01T21:44:54+00:00,4,0,0,10.370,10.37,20.708890,4
0xd474589e57aa8e530ffdbc21bb51299205a73287,2026-05-12T11:19:52+00:00,2026-05-12T17:56:23+00:00,2,0,0,73.146,73.14,145.920288,2
0xd477786f84c043196d9d26319065ea788ca35fdd,2026-05-22T05:18:41+00:00,2026-05-22T07:48:17+00:00,2,0,0,11.222,11.22,22.385896,2
0xd47897eddeb589358f9a3e726d7eff2da80dcae3,2026-05-28T01:18:36+00:00,2026-05-29T07:16:46+00:00,2,281.0,85.0,0,0,1.0130,2
0xd4830eb48e57f6112ad672ef3d7cfb06c0c0d515,2026-05-18T11:26:33+00:00,2026-05-20T12:50:47+00:00,2,0,0,91.182,91.18,181.906096,2
0xd488b99bebebd372cbb53df48c629631cd9e7393,2026-05-23T03:49:43+00:00,2026-05-23T03:50:07+00:00,2,0,0,682.3645,682.36,1361.3126910,2
0xd4932b0fa75ed34bbd4cf90183eb971d91d27f04,2026-01-30T02:11:18+00:00,2026-02-12T12:03:47+00:00,9,300.0,299.995714,0,0,8.7999089997890466,9
0xd49b42bce7ea10bac53e2901c188cae20ea4bdf9,2026-05-06T11:46:36+00:00,2026-05-21T12:40:34+00:00,375,0,0,95660.192446,0,95418.7366440625704729,375
0xd49f05fbf2f193eb70b2d8c2661e256ecd3b72ce,2026-05-11T02:09:02+00:00,2026-05-11T04:11:32+00:00,2,0,0,60.481333,60.48,120.537969001,2
0xd4a036645c2952ec57dba1b3d3efe3ab852a3b4a,2026-05-16T18:03:46+00:00,2026-05-18T23:38:10+00:00,2,0,0,3.206,3.2,6.389988,2
0xd4a6f859509057617003e07ba435f76bd00564ae,2026-05-24T08:00:42+00:00,2026-05-24T08:00:42+00:00,1,0,0,101.202,0,100.999596,1
0xd4ac197145bde432cadb044ad30d61f5a7273eb7,2026-05-10T06:09:07+00:00,2026-05-26T13:51:09+00:00,3,0,0,50.1385,38.75,88.5944670,3
0xd4c03a07b0c0af7a910a17b9564000cf21fcb3f9,2026-05-18T01:22:41+00:00,2026-05-18T01:22:41+00:00,1,0,0,11.022,0,10.999956,1
0xd4c099bfa2cbb99dc35452979e42c2916c8e2b7f,2026-05-08T10:36:02+00:00,2026-05-17T23:37:32+00:00,10,0,0,34.076,34.07,67.959594,10
0xd4cb0a3648c36ac71e1674fb46a5efb5295891c9,2026-05-16T10:06:03+00:00,2026-05-17T13:11:27+00:00,2,666.666666,666.66,0,0,3.3333189980000010,2
0xd4cc6af3f8ccd01edad52cd3a7edef00f97f5f2b,2026-06-14T14:25:34+00:00,2026-06-14T14:25:34+00:00,1,1000.0,0,0,0,1.0000,1
0xd4f2dea8ef4a2578cd71baaf5a74a7aa785da641,2026-04-14T01:08:41+00:00,2026-04-16T15:58:56+00:00,2,182.46,182.46,0,0,2.37198,2
0xd4f69338710ce8a62e8a1c74c501d810f04f6dcf,2026-05-19T19:26:13+00:00,2026-05-19T19:26:13+00:00,1,0,0,13.8375,0,13.8098250,1
0xd4fa0a4cc29d7f7fcee19f56b2146167cf311eb3,2026-06-08T09:01:24+00:00,2026-06-08T09:01:24+00:00,1,1000.0,0,0,0,1.0000,1
0xd53f5158bbec06c229c6a284f6739a7303c3e061,2026-06-05T00:07:19+00:00,2026-06-05T00:07:19+00:00,1,1200.0,0,0,0,1.2000,1
0xd55e12c53d35bf0a6b8ad8316e948786346273e4,2026-03-15T10:13:07+00:00,2026-03-16T21:08:59+00:00,2,143.589740,0,0,0,1.9999979997436385,2
0xd5621d1d7b5e53b6b5a3d6d2b79dc3d1358f6912,2026-06-05T00:07:19+00:00,2026-06-05T00:07:19+00:00,1,500.0,0,0,0,0.5000,1
0xd56a849c436f6c09adc232a5f565bedff9aa50ce,2026-05-19T16:25:12+00:00,2026-05-27T18:39:45+00:00,4,0,0,368.7370,368.73,735.6233360,4
0xd58551dc3ac084a7084abfb37b54d704843cbb28,2026-05-24T13:34:38+00:00,2026-05-24T13:34:38+00:00,1,0,0,10.0,0,9.9800,1
0xd58b36fcf86219f28a8a7e5fba438891b7da3c7d,2026-02-27T08:40:15+00:00,2026-02-27T08:44:47+00:00,2,300.0,300.0,0,0,4.8000,2
0xd593239b8bc6ace71398a45e1fbb7f3040ad8240,2026-05-01T18:36:18+00:00,2026-05-22T13:27:12+00:00,3,0,0,77.294833,50.83,127.716091001,3
0xd5a2201f09ecfce6313026fe5eed2e0204e83863,2026-04-27T03:42:02+00:00,2026-04-27T03:42:10+00:00,2,0,0,660.561666,660.56,1316.497741002,2
0xd5a6ad1001dd951964d79850eeb2fe73d240b950,2026-04-24T12:25:30+00:00,2026-04-24T13:39:00+00:00,2,0,0,293.059,293.05,584.057623,2
0xd5b18a7a3a3013e89f8050e6b8246857ad0571ef,2026-05-16T01:28:12+00:00,2026-05-16T01:28:12+00:00,1,0,0,10.02,0,9.99996,1
0xd5c46d8e74ddd812d89b842a9da3f7919f8cc1cc,2026-05-26T11:37:46+00:00,2026-05-26T11:37:46+00:00,1,0,0,12.8255,0,12.7998490,1
0xd5ca34876af4b65b1bfb0c298b3af85d228208f3,2026-03-23T07:55:27+00:00,2026-03-23T08:38:41+00:00,2,0,0,141.56,141.56,280.14724,2
0xd5ca5dd668fcb93609e079b99cfbb4e0c1f4967d,2026-05-04T11:43:34+00:00,2026-05-04T11:57:48+00:00,2,0,0,1001.003,1001.0,1994.995991,2
0xd5cf74415f5a4eeb3d6c03d13663726698122f7c,2026-05-19T20:46:36+00:00,2026-05-20T00:16:50+00:00,2,0,0,55.9615,55.96,111.6416970,2
0xd5d41737ee883fd962332f1cf084044bcf2bed00,2026-04-21T22:05:48+00:00,2026-04-21T23:57:32+00:00,2,0,0,74.03,74.03,147.24567,2
0xd5dbb31942ebd65ce0c7085705d1ee526912a059,2026-05-23T03:19:37+00:00,2026-05-23T03:19:37+00:00,1,0,0,46.7635,0,46.6699730,1
0xd5dcf9043989926bcae732a2428aebdc64b917d8,2026-02-01T11:35:46+00:00,2026-02-08T10:31:17+00:00,2,227.857391,227.85,0,0,11.0641000012115718,2
0xd5e2f876c760673968656ff4b4cd0fbc873e6ba6,2026-04-21T21:24:36+00:00,2026-04-21T22:35:44+00:00,2,0,0,46.8742,46.87,93.2286090,2
0xd5eb2846e5f41e76fd1a607320ae1ec45af0b9d6,2026-04-10T17:06:53+00:00,2026-04-14T14:51:55+00:00,5,12142.857142,12142.85,0,0,157.857099994,5
0xd5eefb3eaed743db8fab56a9c8af0e2f14c94841,2026-05-10T02:11:35+00:00,2026-05-10T03:56:19+00:00,2,0,0,1319.81,1319.81,2630.38133,2
0xd5f5de206e097b2e8a51b607c3eda45e5b14ec40,2026-04-25T04:20:48+00:00,2026-04-25T05:03:26+00:00,2,0,0,146.258666,146.25,291.484890002,2
0xd5fa20c7696ab0042b5d2146cbbd734942d962db,2026-05-19T17:39:24+00:00,2026-05-19T19:07:19+00:00,2,0,0,10.02,10.02,19.98990,2
0xd5ff49384dd505055c173030a016ec671cad43ac,2026-05-03T03:46:56+00:00,2026-05-04T05:32:18+00:00,2,0,0,918.58,918.58,1830.72994,2
0xd6000a815572e5cbbe2c743bb6b716aa3763b66e,2026-03-16T15:19:15+00:00,2026-06-05T14:39:36+00:00,502,79360.193459,79360.185874,0,0,1145.8883688135730811,487
0xd6221c1fd8746609d9cfe9a183d56bbd15560cf9,2026-05-01T21:40:18+00:00,2026-05-01T23:19:52+00:00,2,0,0,59.809333,59.8,119.190705001,2
0xd62a81ab6d0deb9a558446f3e70f608447f17f0f,2026-04-25T04:17:34+00:00,2026-04-25T05:29:24+00:00,2,0,0,103.109,103.1,205.487273,2
0xd63de0e02a1c354789d23137dc5e63592c373691,2026-04-20T08:52:46+00:00,2026-04-20T10:16:54+00:00,2,0,0,60.7938,60.79,120.9150910,2
0xd643eab559aa0d1b365eb595bcccf3cd66589308,2026-05-09T02:03:38+00:00,2026-05-16T08:10:03+00:00,2,0,0,2.908666,2.9,5.7912399999639338,2
0xd648df55a8e957ab981dcee5c6820ff3701d6e37,2026-05-17T06:58:14+00:00,2026-06-05T12:58:45+00:00,4,0,0,5.3105,5.31,10.6015690,4
0xd6491baa48dc15856d2d6602082d23d713c2d648,2026-06-02T16:50:08+00:00,2026-06-02T16:50:08+00:00,1,0,0,1.021,0,1.019979,1
0xd64c7c1aac2a3398de70bc2744b78618f8e21d44,2026-05-18T10:33:30+00:00,2026-05-18T12:12:49+00:00,2,0,0,64.3385,64.33,128.3468330,2
0xd65031ec292f9b20a2e800211ddf5a701299a06b,2026-04-25T22:52:40+00:00,2026-04-26T00:02:04+00:00,2,0,0,101.755,101.75,202.792735,2
0xd6531d72bb2c08bd8f3cca4dedbd5d3ba1306a62,2026-05-14T19:09:30+00:00,2026-05-14T22:28:38+00:00,2,0,0,321.613,321.61,641.614944,2
0xd65d581a6dc87a4dc7af24b8f78d44c15ad29ec9,2026-05-06T06:38:18+00:00,2026-05-06T11:13:04+00:00,2,0,0,1754.262666,1754.26,3496.242838002,2
0xd66188b9eae1fb619fd16e0fb12fb659bb97611e,2026-05-21T14:31:15+00:00,2026-05-26T16:07:04+00:00,4,0,0,20.16,20.16,40.21920,4
0xd661a6b10833335ba26fbba299e081d367929e7d,2026-04-11T15:23:47+00:00,2026-04-14T04:06:21+00:00,2,168.31,168.31,0,0,2.18803,2
0xd6674fddf4c5f7e86ba0824c4f9fca13b271ce17,2026-05-22T12:03:17+00:00,2026-05-22T12:03:17+00:00,1,0,0,23.2565,0,23.2099870,1
0xd697be0180056cf306c78fe39e5bc0e1d895f0c5,2026-04-16T15:46:32+00:00,2026-04-19T04:48:18+00:00,2,161.24,161.24,0,0,1.93488,2
0xd6adbb492e78aa699e022beaa08fb20000828246,2026-05-27T12:12:06+00:00,2026-05-27T13:04:41+00:00,2,0,0,10.02,10.02,19.98990,2
0xd6b47d2b7d38d7c168c7e24f2af27a129a36b5ee,2026-05-23T08:40:51+00:00,2026-05-23T10:31:03+00:00,2,0,0,11.8335,11.83,23.6043430,2
0xd6c432f76a5e9ab8606be97cdb1ffc7429679293,2026-05-25T06:15:59+00:00,2026-05-25T18:13:10+00:00,2,0,0,44.088,44.08,87.947584,2
0xd6c82688eec6f4f1019d0fb369b65635c9002b27,2026-05-07T09:08:06+00:00,2026-05-07T10:29:37+00:00,2,0,0,1043.0,1043.0,2078.6990,2
0xd6f2b9418cc411bbd9ec8fdb7f78adf2ea74a678,2026-05-25T03:00:04+00:00,2026-05-26T19:34:09+00:00,2,0,0,63.126,63.12,125.930388,2
0xd6f8142d53981c4fdcb5aa98fe28077e6cfa9804,2026-05-07T08:14:54+00:00,2026-05-22T05:56:45+00:00,2,0,0,14.142333,14.14,28.1974859995857667,2
0xd6f89ab3055ab831b3beda52ff66cc0ec756dc52,2026-05-28T11:50:28+00:00,2026-05-28T11:50:28+00:00,1,0,0,22.2545,0,22.2099910,1
0xd6fb98b6299236fcf5f878bd212bc5ee9044ffd1,2026-05-10T11:43:17+00:00,2026-05-10T17:24:40+00:00,2,0,0,154.463333,154.46,307.842103001,2
0xd6fd71adeb58faa5cf020df7703c32e40cbeebe6,2026-05-12T11:13:46+00:00,2026-05-12T11:13:46+00:00,1,666.666666,0,0,0,1.9999989980000010,1
0xd71776a8d4fddeb3c150c4607b3f8bec31213b85,2026-05-28T01:03:53+00:00,2026-05-28T01:03:53+00:00,1,0,0,87.0,0,86.8260,1
0xd71f1da958430dc844fc1d06645f12a25ac81b14,2026-05-25T17:30:44+00:00,2026-06-03T15:51:45+00:00,2,0,0,150.3005,150.3,299.9992990,2
0xd726a53dcc4b9dad19a06f9320b9ede27fc6c9c4,2026-05-13T03:51:47+00:00,2026-05-27T11:58:57+00:00,2,0,0,36.072,36.07,71.961646,2
0xd738c6a0f730136b18944036abd08973bcfc394e,2026-03-18T13:45:03+00:00,2026-03-18T13:45:03+00:00,1,100.0,0,0,0,1.1000,1
0xd73b94e93d5e464d72e0e2295bbe6be4bb31d8e4,2026-03-27T17:44:07+00:00,2026-03-31T23:08:19+00:00,10,0,0,511.73,0,506.90947,10
0xd74a5305eaf9bbed722fa66dd077ca2273413fc2,2026-06-02T18:08:51+00:00,2026-06-02T18:08:51+00:00,1,500.0,0,0,0,1.0000,1
0xd74e86bea7955d1f8d9022fdf2546d66baa3403a,2026-05-27T16:12:56+00:00,2026-05-28T13:07:11+00:00,2,233.99,233.99,0,0,1.16995,2
0xd750b533ca1cd5a59d8d23757e6ea2f972b04578,2026-05-18T21:07:19+00:00,2026-05-21T16:18:04+00:00,2,0,0,209.4185,209.41,417.7814330,2
0xd758330d2e49d0abd06ba23e8dd4cd73feb45944,2026-05-23T03:10:38+00:00,2026-05-23T03:10:38+00:00,1,0,0,24.2685,0,24.2199630,1
0xd75f63901a6a98ad91042b02c6f62f92b873bcd2,2026-03-23T18:20:43+00:00,2026-03-24T10:45:23+00:00,2,500.0,500.0,0,0,9.0000,2
0xd7625ab0af2221bfb77861438e0b06c762d01d9e,2026-05-16T23:03:59+00:00,2026-05-24T18:33:51+00:00,2,0,0,4.208,4.2,8.386984,2
0xd767f39f79cb562067d16753b51858f6e5099911,2026-05-18T22:44:02+00:00,2026-05-19T00:17:48+00:00,2,0,0,47.9255,47.92,95.6058890,2
0xd7754694165f3cdb213b0891b333eea2b997830a,2026-04-01T08:37:05+00:00,2026-04-01T08:55:25+00:00,2,0,0,56.743875,56.74,112.519264000,2
0xd786b6e84c7c2aa5edc248a3e424bc760017d09e,2026-05-10T12:42:06+00:00,2026-05-11T13:02:32+00:00,9,0,0,2.146333,2.12,4.2514139999710003,9
0xd789d7233c948a288d80650d74cbcefaa6b19be7,2026-05-14T08:18:41+00:00,2026-05-14T08:34:12+00:00,2,0,0,9.018,9.01,17.982934,2
0xd7911e6bba4c87e0c8884b9baf1267d864e7338d,2026-03-24T10:15:03+00:00,2026-03-27T21:38:47+00:00,7,302.020200,302.01,0,0,5.9998889961818388,7
0xd7bad9327760cb2627b70a31103c5aaae986a72a,2026-05-18T03:04:57+00:00,2026-05-18T04:12:33+00:00,2,0,0,1405.62,1405.62,2804.21190,2
0xd7c90402f3da1f164fc05db45d85e5d1d0efcd93,2026-04-01T11:52:29+00:00,2026-04-01T11:52:29+00:00,1,111.111111,0,0,0,0.999999999,1
0xd7d490187c84e93e7c3f7314a9d167c36655253c,2026-04-26T07:53:08+00:00,2026-04-26T09:39:10+00:00,2,0,0,127.161333,127.16,253.431209001,2
0xd7d94634260e803ba1298fbd30072e8297fad61b,2026-05-31T14:49:07+00:00,2026-05-31T14:49:07+00:00,1,0,0,12.0,0,11.9880,1
0xd7db810e4cbe86f6063e99a09e05ad5962d169bb,2026-05-21T11:55:22+00:00,2026-05-21T12:02:51+00:00,2,3333.333332,0,0,0,9.9999979960000008,2
0xd7ee33bd09058a192c696fc741bad1cbfdbee63d,2026-05-26T14:37:58+00:00,2026-05-26T14:37:58+00:00,1,0,0,8.3965,0,8.3797070,1
0xd7f88b51df7a9aa11318110cf32f2237fd5e77cc,2026-04-22T11:10:06+00:00,2026-05-22T19:13:12+00:00,3,0,0,93.6942,75.65,168.4759370,3
0xd7fdbf1bfca227235037b2a94502b8aef436886a,2026-04-23T13:26:58+00:00,2026-05-21T12:31:09+00:00,2,1000.0,1000.0,0,0,8.0000,2
0xd802cb870177d1dff3195b66c7166baeeb2c6364,2026-04-18T11:54:04+00:00,2026-04-20T18:22:02+00:00,2,0,0,15.14,15.14,30.11346,2
0xd80457211965cea9aa324c60a2c9e058c94d0ee5,2026-03-17T06:53:07+00:00,2026-03-18T08:56:57+00:00,2,860.0,860.0,0,0,23.2200,2
0xd80810a4e8a45b3de4f02b71481ab491da0c6664,2026-04-18T02:01:14+00:00,2026-04-19T02:42:18+00:00,2,250.0,250.0,0,0,2.7500,2
0xd81063f992864ba7a9ba4222915a23e4cbbecf07,2026-04-25T23:18:08+00:00,2026-04-26T01:07:40+00:00,2,0,0,1172.537333,1172.53,2336.859601001,2
0xd82e1293db94e92bd962744308f4a85496352d09,2026-05-11T18:37:07+00:00,2026-05-11T19:55:46+00:00,2,0,0,53.4365,53.43,106.5993370,2
0xd832c160c68ae8b95853bf5bd875423f4d2351c2,2026-05-11T07:38:02+00:00,2026-05-11T08:34:26+00:00,2,0,0,60.391,60.39,120.358267,2
0xd8474df65bfc771faa0459ce6e32b83b5b0dae3a,2026-06-17T10:31:05+00:00,2026-06-17T10:31:05+00:00,1,10000.0,0,0,0,10.0000,1
0xd848da8cae3743590abfa6f04fa5afe8cd43cbb9,2026-06-01T18:29:52+00:00,2026-06-01T18:30:14+00:00,4,0,0,10.170,10.17,20.309490,4
0xd84bab5538e47f854e2be2df3bd33fa7403c2d19,2026-04-27T08:45:16+00:00,2026-05-27T09:08:45+00:00,4,0,0,63.719333,63.71,127.006538001,4
0xd84dbcef9c541752417adbcfdb6d7528ad23cfa7,2026-04-25T16:02:14+00:00,2026-04-25T16:52:30+00:00,2,0,0,135.205333,135.2,269.458917001,2
0xd850621267dd9313d0c8264d0a402966e371b459,2026-05-03T03:01:04+00:00,2026-05-05T05:46:26+00:00,2,0,0,210.0,210.0,418.5300,2
0xd8532438e69d767aacf9ab2012447fc49ab1127e,2026-05-19T14:47:09+00:00,2026-05-19T16:44:29+00:00,2,0,0,18.8275,18.82,37.5533850,2
0xd86902885196dfaf1cff64c1cffbe10204fa8e45,2026-05-13T21:55:02+00:00,2026-05-15T08:43:14+00:00,2,0,0,94.188,94.18,187.897084,2
0xd86d75addd9e28fb8de05b4078f8b169ccaaa847,2026-05-11T08:35:00+00:00,2026-05-11T09:38:42+00:00,2,0,0,100.932666,100.93,201.156148002,2
0xd8782b3c4359c085371ad096526ffb227878cd27,2026-05-27T11:07:02+00:00,2026-05-31T15:22:58+00:00,4,0,0,468.238,468.23,934.603302,4
0xd88737b820c86df32a20d086d6ff0f3d933e4986,2026-03-25T06:26:35+00:00,2026-03-29T10:09:34+00:00,13,2456.25,2456.204998,0,0,58.949453976000024,13
0xd89d4d394d38ec278e92da15b10c5a7ec3919f10,2026-05-23T12:06:29+00:00,2026-05-23T12:06:29+00:00,1,0,0,13.0,0,12.9740,1
0xd8a2bc712c80aef253cc1832ae3d87446320483a,2026-04-20T11:13:18+00:00,2026-04-20T11:13:18+00:00,1,0,0,15.37,0,15.29315,1
0xd8b322e7b902702729abd3414fdb7ee9b72611a1,2026-05-03T03:48:40+00:00,2026-05-04T05:31:58+00:00,2,0,0,970.12,970.12,1933.44916,2
0xd8ccce234e3e246cdd80007bda9fe371ba40d102,2026-05-27T11:36:29+00:00,2026-05-27T11:41:00+00:00,2,0,0,106.7635,106.76,212.9896930,2
0xd8ce3e310e5d7b39a5754e0a94de147b23666896,2026-05-21T10:56:11+00:00,2026-05-21T11:49:37+00:00,2,0,0,10.02,10.02,19.98990,2
0xd8d1bf6aedf50815ec78765151256ba88a955fd8,2026-05-31T09:49:55+00:00,2026-05-31T09:54:16+00:00,2,0,0,106.506,106.5,212.686494,2
0xd8d3cf3c09c5cc5bb329e689719c4ed9fcd6ff72,2025-12-11T21:18:41+00:00,2026-02-12T17:01:07+00:00,4,48.2121,48.21,0,0,1.349901,4
0xd8dac4276d4606008b7ba198526d09e054769b0b,2026-05-16T22:17:57+00:00,2026-05-16T22:41:16+00:00,2,1666.666666,1666.66,0,0,8.3333189980000004,2
0xd8dc60ae6af315a206373cb3a03d2bafa13d1e1a,2026-05-07T07:15:42+00:00,2026-05-07T07:36:50+00:00,2,0,0,9.027,9.02,17.983839,2
0xd8e1e90cbed48f095f41fe495bab743e905c6ee4,2026-05-23T13:01:40+00:00,2026-05-25T04:50:16+00:00,2,0,0,64.0,64.0,127.6800,2
0xd8e673b37bf3c9e3801a9d2036318f897c792d3b,2026-04-20T21:38:56+00:00,2026-04-20T21:38:56+00:00,1,186.46,0,0,0,1.11876,1
0xd8f357fa0086a1df8d4cae0339193e74654180e4,2026-02-05T04:04:27+00:00,2026-05-30T02:36:59+00:00,7,1390.0,1390.0,0,0,29.701000,7
0xd8f886933f175965b87e511b3f849075e0f4b992,2026-05-19T15:29:46+00:00,2026-05-19T15:29:46+00:00,1,0,0,22.014,0,21.969972,1
0xd8fd142782cedbc4ba94857603b2f6680bf4c36a,2026-05-22T10:23:18+00:00,2026-05-22T10:23:18+00:00,1,0,0,664.559,0,663.229882,1
0xd90112ad90d492569fd21deeb182c08611c876ab,2026-05-23T12:42:00+00:00,2026-05-23T12:42:00+00:00,1,0,0,10.0,0,9.9800,1
0xd9049ff49c7c20cb907d43f5104726a844bf33bd,2026-04-21T07:45:24+00:00,2026-04-21T08:06:58+00:00,2,0,0,5.0,5.0,9.9450,2
0xd91922318c77ddaaba7bdd9cf69c5d1fe204d032,2026-04-18T11:53:46+00:00,2026-04-20T18:22:36+00:00,2,193.06,193.06,0,0,2.12366,2
0xd9219b9ae1ae3c272acd5aa143db7ababb0a2ca7,2026-05-27T06:01:13+00:00,2026-05-27T06:01:13+00:00,1,0,0,9.048,0,9.029904,1
0xd92746498097414a095ddeeea1c1d8633e30d504,2026-04-18T06:54:54+00:00,2026-04-18T09:02:40+00:00,2,0,0,85.5476,85.54,170.1466220,2
0xd92ba5497dd1d9d901f9034a8ef65e34c70f937d,2026-04-09T03:45:15+00:00,2026-04-16T23:55:10+00:00,2,0,0,18.36,18.36,36.48132,2
0xd9357bf59c99bcf8b17bd824dac3e88aaeadfd30,2026-05-12T15:58:57+00:00,2026-05-12T15:58:57+00:00,1,333.333333,0,0,0,0.999998999000001,1
0xd938c6812ea8acc348b883e12f131d2a668a2a91,2026-05-14T06:33:02+00:00,2026-05-14T17:53:00+00:00,2,0,0,77.154,77.15,153.918242,2
0xd94803d06cfd290d11ef1834f29b9e39787d844e,2026-05-28T10:19:34+00:00,2026-05-30T06:24:34+00:00,2,0,0,60.12,60.12,119.99952,2
0xd94e551ccdbcf307f8b1e5f1039a3fde05982138,2026-05-22T13:17:41+00:00,2026-05-22T13:17:41+00:00,1,0,0,20.0,0,19.9600,1
0xd94f2cdc85f2dc02bdc0f04c2d82fe56b9e2ccf9,2026-05-22T07:45:46+00:00,2026-05-22T07:45:46+00:00,1,0,0,1.4425,0,1.4396150,1
0xd9514f3301356f8f07f316c3b7d27938ba61f4af,2026-03-16T00:47:45+00:00,2026-03-16T22:11:27+00:00,2,83.333333,83.33,0,0,2.166619996,2
0xd952fdbe73e1c045856a498c163b0f6cccf49a0f,2026-04-13T00:04:51+00:00,2026-04-15T06:02:36+00:00,2,0,0,10.83,10.83,21.51921,2
0xd96f1b098cddc936ea7c955a4c75998d359c7883,2026-04-25T23:23:52+00:00,2026-04-26T01:32:24+00:00,2,0,0,1632.417,1632.41,3253.400109,2
0xd96fb53c1e9ccbd821373c7dcb297fa337f51cc8,2026-04-20T03:58:46+00:00,2026-04-20T04:54:18+00:00,2,0,0,53.3266,53.32,106.0600470,2
0xd97953896da5505e17685e0d4f932a9a9a8dfd69,2026-05-04T09:03:02+00:00,2026-05-04T09:03:02+00:00,1,0,1.0,0,0,0.0020,1
0xd97956faffa4534fe0a93519bf87851a4b739ce8,2026-05-24T12:25:39+00:00,2026-05-24T12:25:39+00:00,1,0,0,10.0,0,9.9800,1
0xd986b1b33cc9b820dcd57f4f070a95df83fff4c0,2026-05-21T04:42:35+00:00,2026-05-21T11:44:50+00:00,2,0,0,45.09,45.09,89.95455,2
0xd996c155812aff9cfb316990ba68f9500d206a5d,2026-05-31T13:05:38+00:00,2026-05-31T13:06:07+00:00,2,0,0,6106.106,6106.1,12193.887694,2
0xd9aef307237b6be14cdbf21dcf20b766a22fcfd8,2026-05-06T03:46:22+00:00,2026-05-06T04:17:30+00:00,2,0,0,3.0,3.0,5.9790,2
0xd9b5455d1ee240ce157787b87ff2e0a60f639db1,2026-05-26T14:28:48+00:00,2026-05-26T14:28:48+00:00,1,0,0,100.0,0,99.8000,1
0xd9bf68f9c140cf57190221de12b9b7e467dc3a84,2026-02-03T17:24:36+00:00,2026-02-04T04:09:24+00:00,2,0,0,60.610352,0,59.5799759978168944,2
0xd9c4515252a12a412abc4158f7cd11d54d240025,2026-05-11T09:51:49+00:00,2026-05-11T13:42:30+00:00,2,0,0,53.159333,53.15,105.937255001,2
0xd9e0528795174382db9d01569b68a2e3e044b6c7,2026-05-22T18:23:54+00:00,2026-05-23T02:43:18+00:00,2,0,0,78.156,78.15,155.915238,2
0xd9e51d74d186a8d4accaaf97a441bd66d64685d8,2026-05-20T08:22:08+00:00,2026-05-20T08:22:08+00:00,1,0,0,21.4925,0,21.4495150,1
0xd9eace709f882fda2cabe10fd5f85463f90194b9,2026-03-02T15:05:39+00:00,2026-03-29T03:38:04+00:00,10,381.818178,381.795454,0,0,7.9997469949997148,10
0xda22e421233b4f83a453bc3b04b8e45440b673f4,2026-05-20T06:02:43+00:00,2026-05-20T06:02:43+00:00,1,0,0,5.01,0,4.99998,1
0xda2c5d89fad97444249f29261945965bdc60bed6,2026-04-24T22:13:58+00:00,2026-04-24T22:52:36+00:00,2,0,0,238.716,238.71,475.755012,2
0xda2e1c9b2c0e9a2e59eb9fffe42f642f5af09b6c,2026-04-29T15:30:30+00:00,2026-04-29T23:12:20+00:00,2,250.0,250.0,0,0,1.7500,2
0xda39e7f797d5b716121243961a3a6554cc125129,2026-05-21T07:51:11+00:00,2026-05-27T15:54:12+00:00,4,0,0,38.306,38.30,76.414488,4
0xda4cbe6037486958f95a3d28e01413c0365e609a,2026-05-08T16:27:16+00:00,2026-05-10T08:07:42+00:00,4,0,0,16.048,16.04,31.975696,4
0xda59c888d044ab08b8e20d6cd026d1450af630db,2026-03-16T06:53:37+00:00,2026-03-16T06:53:37+00:00,1,19.05,0,0,0,0.1905,1
0xda5b98a865cc2f51fd8919927afbc92530050b80,2026-05-26T14:33:47+00:00,2026-05-30T10:11:55+00:00,2,0,0,178.3565,178.35,355.9930870,2
0xda6b3099a815371d7713db81f9e57485d8aea403,2026-04-08T06:24:19+00:00,2026-04-30T03:24:04+00:00,7,61911.0,61911.0,0,0,500.0430,7
0xda7ac420c71dc4f5c0cbe3480f68805695e60e95,2026-05-28T00:46:35+00:00,2026-05-28T00:46:35+00:00,1,0,0,13.0,0,12.9610,1
0xda8637056a437caae17bd4680f82f584b0da879c,2026-04-24T16:45:14+00:00,2026-04-25T12:01:00+00:00,2,252.0,252.0,0,0,1.7640,2
0xda8e60d1f663f31cd64e6450ab9ca8cc3a9b9db5,2026-05-27T17:49:51+00:00,2026-05-27T17:49:51+00:00,1,0,0,21.9735,0,21.9295530,1
0xda963877039ad8cfa4def8106f3ad9e2d2aed690,2026-03-31T11:54:55+00:00,2026-04-01T20:21:27+00:00,2,0,0,20.0,20.0,39.6800,2
0xda9833909b6d2a84d795d15e481a3f116a98e82d,2026-05-27T01:38:59+00:00,2026-05-27T01:43:37+00:00,2,0,0,21.042,21.04,41.976796,2
0xdabd5da27fa1f343d774960020335167d9c29e15,2026-05-14T05:07:21+00:00,2026-05-14T08:54:37+00:00,2,0,0,57.9455,57.94,115.5957890,2
0xdac6f1e09e6425d4e8d6df4fe0edb05a4e82326a,2026-05-20T05:06:48+00:00,2026-05-20T05:32:00+00:00,2,0,0,20.03,20.03,39.95985,2
0xdace99073363a28b9e6149933711de723aa60a81,2026-04-24T13:04:50+00:00,2026-04-24T14:15:48+00:00,2,0,0,122.587666,122.58,244.309583002,2
0xdacf0531794c178e2fe361ad4641d7e2d5ed7aa7,2026-05-24T08:40:57+00:00,2026-05-30T00:12:01+00:00,2,0,0,63.126,63.12,125.993508,2
0xdae58b2e12012b5542323f0c108dd404524575da,2026-05-13T15:39:33+00:00,2026-05-23T06:57:10+00:00,18,0,0,3136.3305,3136.33,6256.9788490,18
0xdae849d377e8c37c31c7352960632bbc913d4736,2026-04-30T06:24:24+00:00,2026-05-05T08:57:46+00:00,2,1000.0,1000.0,0,0,6.0000,2
0xdb015445c5444dd7b9518c5649a0b2d96ec4b317,2026-05-22T17:03:16+00:00,2026-05-22T19:06:31+00:00,2,0,0,14.138,14.13,28.197334,2
0xdb020b40076991896dbebc25b15b19e2e923e548,2026-05-21T21:06:07+00:00,2026-05-28T08:02:37+00:00,2,0,0,72.144,72.14,143.923292,2
0xdb08bc9f7a8e9aac16e46d55e0e9551c46ff1c1b,2026-05-29T14:01:41+00:00,2026-05-29T23:46:30+00:00,2,0,0,8900.0,8900.0,17773.3000,2
0xdb0d01618bf44959dae614bb660ae050eab1cc63,2026-05-11T01:07:07+00:00,2026-05-12T08:53:11+00:00,2,0,0,162.487333,162.48,323.992431001,2
0xdb1b3e97da9f94cb518dd7984408387b2dffa4d3,2026-05-06T06:48:00+00:00,2026-05-06T07:11:26+00:00,2,0,0,7.0,7.0,13.9510,2
0xdb229b6796e9c1b10f88d2dc6c8f55cecd3eb756,2026-05-16T11:41:13+00:00,2026-05-16T23:20:33+00:00,2,0,0,144.2885,144.28,287.8470830,2
0xdb2fda0a1d4ba97e8239be6be5ed028b23237a07,2026-05-13T13:50:02+00:00,2026-05-13T14:06:30+00:00,2,0,0,7.014,7.01,13.988942,2
0xdb2fef5d3bf9225d442099025f3faaf596fbe0e0,2026-05-25T07:04:03+00:00,2026-05-25T07:04:03+00:00,1,0,0,10.02,0,9.99996,1
0xdb307d4f02a2c0c79b0ddd4e66ae1927393a748b,2026-01-29T11:10:36+00:00,2026-01-29T11:52:26+00:00,4,62.5,63.5,0,1.0,2.7460,4
0xdb337d3a3dc8227ac0bee6d4c64c78e301f64a4c,2026-03-30T02:07:26+00:00,2026-03-30T15:13:07+00:00,3,0,0,855.0,0,846.7350,3
0xdb38250e1fa861b42a87ebe88695331232003641,2026-05-23T02:44:17+00:00,2026-05-23T02:44:17+00:00,1,0,0,9.749,0,9.729502,1
0xdb38931d2a6b71df7b7da39a62cce280c3e74538,2026-05-11T08:03:45+00:00,2026-05-20T14:04:45+00:00,6,0,0,383.593666,383.59,764.930426002,6
0xdb4a84d8bcf73c8f85c901f624cb4759863273a7,2026-05-19T09:44:48+00:00,2026-05-26T11:12:41+00:00,2,0,0,1.202,1.2,2.395996,2
0xdb50d04f8a25cc5f12191ee756548a893db37cab,2026-05-27T05:41:26+00:00,2026-05-27T05:41:26+00:00,1,0,0,35.551,0,35.479898,1
0xdb5a76b73e44b2092c0c8a7c3a4d49f805cc941c,2026-05-18T10:51:17+00:00,2026-05-18T13:48:53+00:00,2,0,0,60.681,60.68,121.057598,2
0xdb61e8b52bdece524cffcec80a73d5565b6a6032,2026-05-10T04:33:39+00:00,2026-05-21T15:13:08+00:00,4,13749.999999,0,0,0,44.9999983303333335,4
0xdb68c56f99dc2b750b46f8fed1a847d5fb38455f,2026-05-27T04:48:21+00:00,2026-05-27T04:48:21+00:00,1,0,0,4.8995,0,4.8897010,1
0xdb6a06299213e55ec9d98f4b1422eb0580f83c6f,2026-04-18T17:04:14+00:00,2026-05-20T03:49:45+00:00,3,0,0,51.4162,41.27,92.2119190,3
0xdb6c64b65192be4552ac36d4bfb5583f480dee14,2026-03-17T09:37:27+00:00,2026-03-24T18:29:37+00:00,3,40.0,20.0,0,0,0.7800,3
0xdb787ba463af86c27656646ee227fc79b58f2399,2026-05-15T08:30:46+00:00,2026-05-15T08:30:46+00:00,1,0,0,5.01,0,4.99998,1
0xdb78fa343711ad506779fc21433b9770f97e7d84,2026-06-15T07:12:54+00:00,2026-06-15T07:12:54+00:00,1,1000.0,0,0,0,1.0000,1
0xdb857fc7eea3c11d2a006d641ac5357cda583a13,2026-06-03T08:58:15+00:00,2026-06-03T09:29:07+00:00,2,0,0,774.774,774.77,1547.219686,2
0xdb8c5e211175b1f7eea71b6c6be3d0fbaf2afde3,2026-05-19T07:38:36+00:00,2026-05-19T07:49:55+00:00,4,0,0,38.076,38.07,75.955638,4
0xdb94a7baf74ae1e1070a6c6a5cd3c1250d956c10,2026-05-22T07:54:36+00:00,2026-05-22T07:54:36+00:00,1,0,0,21.9735,0,21.9295530,1
0xdba87adf84a5de3c65c768c34ac0f9a8e24ab0cb,2026-06-11T03:37:33+00:00,2026-06-11T03:37:33+00:00,1,100000.0,0,0,0,100.0000,1
0xdba8be1f5f06ff4a94e64bc08785cfa837b13994,2026-03-03T13:49:45+00:00,2026-03-04T18:16:39+00:00,13,0,0,268.11,268.099168,531.9195040004160162,13
0xdba8d1bfedbaf2ae7e58ef76971ac0b9f1fafa67,2026-05-21T03:34:22+00:00,2026-05-21T08:46:48+00:00,2,0,0,3.3065,3.3,6.5899870,2
0xdbc18c2081833170d56d4a024175bb37d6983f7f,2026-06-02T17:12:51+00:00,2026-06-02T17:12:51+00:00,1,0,0,1.001,0,0.999999,1
0xdbc6bb0cb8c5ce94139c166e1115d4a729e7e22c,2026-05-11T10:43:42+00:00,2026-05-11T12:22:24+00:00,2,0,0,51.955666,51.95,103.541999002,2
0xdbd3eae2aff31cd6a931d45b311886749d5a76b1,2026-05-12T06:25:52+00:00,2026-05-12T06:59:15+00:00,2,0,0,962.3745,962.37,1919.9326410,2
0xdbe76702b7b112029c4d027cde41a614f94e473b,2026-06-08T14:45:09+00:00,2026-06-08T14:45:09+00:00,1,1000.0,0,0,0,1.0000,1
0xdbf40c418545d06658ceb98021ef572ef2a09a96,2026-04-19T02:47:58+00:00,2026-04-19T03:57:28+00:00,2,0,0,40.1808,40.18,79.9188160,2
0xdbf5e4653c7900d322926f072912aa12d82543f5,2026-05-28T14:47:01+00:00,2026-05-28T14:47:01+00:00,1,333.333333,0,0,0,0.999998999000001,1
0xdc0191f179bbebe0fe8d093cec3471ad5bd63114,2026-03-08T13:46:09+00:00,2026-03-08T19:55:07+00:00,2,125.0,125.0,0,0,2.0000,2
0xdc01eaefe2bb12743644a938ba11f2badec41eed,2026-05-27T00:33:11+00:00,2026-05-27T02:12:12+00:00,2,0,0,8711.0,8711.0,17378.4450,2
0xdc24ae70d6651bbf89c3e3511fee73f42abaee4c,2026-04-17T12:19:50+00:00,2026-04-21T08:00:44+00:00,2,193.06,193.06,0,0,2.12366,2
0xdc2bb5a7d5a3e69a7249a95c44c128a3d891daf3,2026-05-02T07:47:42+00:00,2026-05-02T10:00:24+00:00,2,0,0,89.077,89.07,177.523489,2
0xdc56365f89d184dd0e1bbbcfca02dc96c885160a,2026-05-17T00:23:01+00:00,2026-05-17T00:23:01+00:00,1,0,0,6.012,0,5.999976,1
0xdc62ee4f66555520c58230d6ae8a9d10a5bf1eb3,2026-03-22T18:05:49+00:00,2026-04-01T00:32:27+00:00,29,0,0,999.545453,999.535492,1977.8906100006971542,26
0xdc64a632bb8fb5b6690447eed3d360573a89c0b0,2026-06-01T18:00:07+00:00,2026-06-01T18:00:31+00:00,4,0,0,10.170,10.17,20.309490,4
0xdc65565ec8d6dfcc1682ee5af91c2170c3f61fd4,2026-05-06T15:20:34+00:00,2026-05-06T16:49:51+00:00,2,0,0,52.286666,52.28,104.200686002,2
0xdc685d0d2e4718fb31a45de60e92e5e20454e062,2026-04-24T10:55:46+00:00,2026-04-24T14:21:58+00:00,2,0,0,109.117333,109.11,217.463541001,2
0xdc6ca13d25de0535a344e2251e0f6273c6592c89,2026-02-13T17:31:35+00:00,2026-06-14T16:14:46+00:00,4,0,0,2.020235,2.02,4.0108430000155485,4
0xdc6f35f9a65065ad10eb7ddad837a37c10d1bece,2026-04-30T03:58:28+00:00,2026-04-30T05:51:38+00:00,2,0,0,67.131333,67.13,133.791419001,2
0xdc6f765f01861dabcddf5190de8f0a4563f350b6,2026-05-27T06:48:00+00:00,2026-05-27T06:48:00+00:00,1,0,0,28.587,0,28.529826,1
0xdc72d0829ab7f01536dc31ccdfe2754180b0bcb7,2026-06-03T02:17:22+00:00,2026-06-03T02:17:50+00:00,4,0,0,10.170,10.17,20.309490,4
0xdc73eeed2ea1557fe224369c8e94fccac74ba13e,2026-05-08T03:03:51+00:00,2026-05-08T04:46:10+00:00,2,0,0,58.144333,58.14,115.877340001,2
0xdc7c9b4d493d2a102dde2eb54f5d0a3f3cfa41e4,2026-05-13T13:24:46+00:00,2026-05-13T16:27:09+00:00,2,0,0,65.19,65.19,130.05405,2
0xdc8b32747766197f8b07e2ae84a3d8c389a556a5,2026-05-23T15:52:38+00:00,2026-06-08T11:57:13+00:00,2,0,0,1.3425,1.34,2.6784750,2
0xdc95a9ef636bd3cdb902c9e1985bc83ca9c8cfe1,2026-05-30T23:08:45+00:00,2026-05-30T23:08:45+00:00,1,0,0,39.039,0,38.999961,1
0xdca9949509337d5fc2c5a664b3e4fe44d39cdb7a,2026-06-01T17:48:46+00:00,2026-06-01T17:49:09+00:00,4,0,0,10.370,10.37,20.708890,4
0xdcb4fccb6368de991b3c254a76fc35d922eda506,2026-05-09T05:24:44+00:00,2026-05-09T05:24:44+00:00,1,0,0,2.176333,0,2.1698039999118335,1
0xdcb9188dbfee406fd254f4b274796901d4296372,2026-05-25T18:24:17+00:00,2026-05-25T18:32:11+00:00,2,0,0,105.601,105.6,210.672998,2
0xdcba13805db0da39e2e199b316f643452d24aace,2026-05-10T18:01:29+00:00,2026-05-11T00:10:09+00:00,2,0,0,59.177333,59.17,117.933121001,2
0xdcccdd84c81706e74644c826080b586473d8a370,2026-05-28T00:43:12+00:00,2026-05-28T00:43:12+00:00,1,0,0,51.012,0,50.909976,1
0xdccf212d768ddd021d9380ae552e93649d2529ae,2026-04-22T06:49:48+00:00,2026-04-22T07:29:42+00:00,2,0,0,51.2562,51.25,101.9424190,2
0xdcd92f3034894e92dae9fcbd0809f29e1f9fbf59,2026-05-14T23:37:01+00:00,2026-05-15T01:27:58+00:00,2,0,0,9160.0,9160.0,18274.2000,2
0xdce3f866b5f33bc3d2c093faf55912eb069f8bd0,2026-05-01T11:57:32+00:00,2026-05-10T16:16:41+00:00,2,250.0,250.0,0,0,1.7500,2
0xdcead31bdfd993bcc0a396fcdda9d75d3ca1ef73,2026-05-24T14:51:47+00:00,2026-06-08T04:52:43+00:00,2,0,0,53.106,53.1,106.046688,2
0xdd19396cd8de2a8fc20603628db01c0efa448f4e,2026-05-21T10:59:46+00:00,2026-05-21T12:43:55+00:00,2,0,0,15.641,15.64,31.202798,2
0xdd328893608249192f3f3c13e5fc5f75d84e9f19,2026-05-23T13:42:17+00:00,2026-05-24T05:52:42+00:00,2,0,0,257.515,257.51,513.737440,2
0xdd38af406386387aaba31d0ca40e0b2b9d1cd121,2026-05-10T21:55:01+00:00,2026-05-21T00:26:32+00:00,3,0,0,12.635166,12.63,25.1916749999338668,3
0xdd39bf5f5d9aa3285d259ee593d98d2189dd7fa2,2026-04-22T05:47:40+00:00,2026-04-22T07:15:32+00:00,2,0,0,144.1206,144.12,286.6552770,2
0xdd3cae181020335c9cbffb3ad92af10d1bd92109,2026-05-10T13:51:24+00:00,2026-05-10T19:33:06+00:00,2,0,0,252.758,252.75,503.738726,2
0xdd4024ef0d48b3e622232d7ccc05878dc221a743,2026-05-22T03:09:49+00:00,2026-05-22T03:09:49+00:00,1,0,0,110.01,0,109.78998,1
0xdd41daf676a1104758863e0300cbaca2b374e871,2026-05-08T03:21:27+00:00,2026-05-08T17:38:28+00:00,4,0,0,14.042,14.04,27.983714,4
0xdd4d565e829dcdc34427063d791318a4c6a28615,2026-03-08T09:47:05+00:00,2026-03-08T19:55:07+00:00,2,125.0,125.0,0,0,2.0000,2
0xdd6388de94df7da5c57549185b3f9bae74633783,2026-05-11T13:58:34+00:00,2026-05-12T07:50:41+00:00,2,0,0,2127.382,2127.38,4241.997714,2
0xdd6bf38bc38b21c8e87ac9669cbd55f67b0f639f,2026-05-06T08:20:42+00:00,2026-05-06T14:30:24+00:00,2,0,0,67.823333,67.82,135.168583001,2
0xdd6dbd6250804f2405b1ef4cd5569802d4ad19f8,2026-05-02T12:52:28+00:00,2026-05-02T15:54:48+00:00,2,0,0,89.237666,89.23,177.843033002,2
0xdd7928bf417b7015a151352f1dcc5a971e3b1021,2026-05-08T02:44:54+00:00,2026-05-08T04:09:10+00:00,2,0,0,46.198333,46.19,92.064978001,2
0xdd7bdea8afe085ff497f9af6213f3f4d9f596931,2026-05-05T04:54:06+00:00,2026-05-05T07:52:50+00:00,2,0,0,207.101,207.1,412.751297,2
0xdd8bb6ada389a7c6db8c66930f476d6b55830f0f,2026-05-07T02:53:59+00:00,2026-06-04T07:59:33+00:00,15,0,0,804.613332,704.61,1505.191052004,15
0xdd96433a82268b478696b7eb8c23bff73fc82656,2026-06-15T19:26:42+00:00,2026-06-15T19:26:42+00:00,1,1000.0,0,0,0,1.0000,1
0xdd98dfcd7a975657a412b6c4db260ff06e9eff59,2026-05-18T10:11:39+00:00,2026-05-18T10:17:59+00:00,2,0,0,24.649,24.64,49.165782,2
0xdd9fc8c876d303786e3b1a1755981a06dfb1ed04,2026-05-23T11:36:14+00:00,2026-05-23T11:36:14+00:00,1,0,0,15.0,0,14.9700,1
0xdda1e6d576830e278dea3353317917a97309a83c,2026-05-19T11:10:51+00:00,2026-05-19T15:32:48+00:00,2,0,0,14.9795,14.97,29.8746310,2
0xddc63829ff17864ea7d4e9b94f5a016b279503c5,2026-05-13T08:02:34+00:00,2026-05-13T08:02:34+00:00,1,0,0,335.0,0,334.3300,1
0xddcc4cc1e0124ef26661765a9615711a2cb6db3e,2026-05-12T10:13:06+00:00,2026-05-12T17:10:48+00:00,2,0,0,128.2565,128.25,255.8652370,2
0xddd04fadca02e4c1ebb64c1319a72a521e01bd9f,2026-05-13T10:25:34+00:00,2026-05-13T10:38:43+00:00,2,0,0,9.018,9.01,17.982934,2
0xddd8f6b5a2137f4e4a95ac73e984b095250be42b,2026-05-20T18:31:45+00:00,2026-05-21T09:45:52+00:00,2,0,0,69.138,69.13,137.922334,2
0xddf93d934977b515631274d8c37849b4f9d909ae,2026-04-18T19:06:42+00:00,2026-04-18T20:10:48+00:00,2,0,0,89.8492,89.84,178.7009140,2
0xde0614a13b151b0a52584ca60390833e3482bcb7,2026-05-09T17:49:48+00:00,2026-05-09T17:53:37+00:00,3,0,0,1.063,0.99,2.045851,3
0xde173cc384c3f23a0f588041afcb04d3be2555b0,2026-05-30T07:28:25+00:00,2026-06-06T06:22:48+00:00,2,1500.0,0,0,0,2.0000,2
0xde21ca564fbdb83dde48ab96ba4be33b7c7bd8b8,2026-05-01T19:08:28+00:00,2026-05-01T20:33:38+00:00,2,0,0,198.605666,198.6,395.815449002,2
0xde2582ef559a0af6a875789fd64c69d3aad6867a,2026-05-06T14:05:30+00:00,2026-05-06T15:16:29+00:00,2,0,0,1092.838333,1092.83,2178.018498001,2
0xde3d072c69f422a730309be2225c319849420234,2026-05-22T03:26:41+00:00,2026-05-22T03:27:19+00:00,2,0,0,753.507,753.5,1503.239486,2
0xde405e18a5e237eaea79eaf8e0755d249836ba8f,2026-04-23T17:11:20+00:00,2026-05-23T07:11:41+00:00,3,0,0,109.504333,75.78,184.686417001,3
0xde484f22384a63a3cb7449a003a23d6493b830e7,2026-02-11T15:12:05+00:00,2026-02-14T10:46:39+00:00,22,1249.99460,1249.985554,0,0,47.2495910008011430,21
0xde4f625d699a3fb16be3c1e2c26093367fad9f8f,2026-04-18T13:28:42+00:00,2026-04-18T15:19:14+00:00,2,0,0,48.221,48.22,95.910575,2
0xde73dfd17e5802389ac24f822b0b9aa6de9493ef,2026-05-09T09:02:03+00:00,2026-05-10T02:26:12+00:00,4,0,0,1763.60,1763.60,3514.85480,4
0xde76851773cac610873d87a8a801ce67a35b215d,2026-03-31T06:39:45+00:00,2026-03-31T06:39:45+00:00,1,500.0,0,0,0,5.000,1
0xde84e1fabba148036da934b87675aaa5f032aaf2,2026-05-24T07:28:15+00:00,2026-05-24T09:31:42+00:00,2,0,0,44.639,44.63,89.045832,2
0xde8c1de0e1c925c91b9b44153a6a5e027d28e8bd,2026-05-11T03:42:24+00:00,2026-05-11T03:42:38+00:00,2,0,0,1301.905666,1301.9,2594.692349002,2
0xde8dc3d5f0c20509b42c2c8309a976bc442d0b9a,2026-06-02T21:24:39+00:00,2026-06-02T21:24:58+00:00,4,0,0,10.370,10.37,20.708890,4
0xde9408cb9cc435b45f48754a00aa6607ce711e7c,2026-04-30T02:36:14+00:00,2026-05-01T01:50:58+00:00,2,253.0,253.0,0,0,1.7710,2
0xde9be9e8134f6f2eb67a75a0e9a1af66cb4d0ef2,2026-06-01T21:10:32+00:00,2026-06-01T21:11:09+00:00,6,0,0,15.545,15.54,31.038375,6
0xdea32ffdab76b77e401c42eff0d011439b897a07,2026-04-12T04:22:39+00:00,2026-04-15T16:35:30+00:00,2,158.41,158.41,0,0,2.05933,2
0xdea6d128836e5f593c41c60e638a8f0d092aa649,2026-05-20T08:00:47+00:00,2026-05-20T14:05:22+00:00,2,0,0,31.533,31.53,62.905344,2
0xdeab5364237cd52631342320f76d1046940128ba,2026-05-21T07:05:35+00:00,2026-05-22T13:11:39+00:00,2,0,0,62.124,62.12,123.933392,2
0xdeb039f2069e065487dd0508d4452896e64f3601,2026-06-01T01:21:34+00:00,2026-06-01T01:21:34+00:00,1,0,0,7.007,0,6.999993,1
0xdeb04f4160fd81dbddb4e1ea55a6a28a3fe76113,2026-05-14T18:52:27+00:00,2026-05-14T21:20:12+00:00,2,0,0,81.9535,81.95,163.4937430,2
0xdebac48813c69190c452bae60cf77cd5500541cd,2026-06-04T10:48:13+00:00,2026-06-04T10:48:36+00:00,6,0,0,11.019,11.01,21.995961,6
0xdebdb5039b1e574176bb8e33a3b83a7d73f25130,2026-05-17T01:33:05+00:00,2026-05-17T01:33:05+00:00,1,0,0,6.012,0,5.999976,1
0xdec5bd1dde091e7be6f909e41fefaa48faec5018,2026-05-01T13:49:38+00:00,2026-05-01T16:44:34+00:00,2,0,0,50.621666,50.62,100.887321002,2
0xdeca5a60be62b5d3bebcd292d955b333fcb5b71a,2026-04-29T11:14:22+00:00,2026-04-29T11:14:36+00:00,2,0,0,48.144333,48.14,95.947340001,2
0xdecd78ddfe82332111927a835115ad0e23830dca,2026-05-19T03:42:02+00:00,2026-05-19T03:42:02+00:00,1,0,0,74.8595,0,74.7097810,1
0xdecee1ff4f2deb93504224f451ff5a821c50cb5e,2026-02-24T08:16:36+00:00,2026-03-24T05:05:19+00:00,4,0,0,1217.115428,1217.11,2414.604814004,4
0xdeda66504ec6c1fa25e1889d3fecc4fa76ef187e,2026-05-28T17:28:54+00:00,2026-06-02T16:05:56+00:00,8,0,0,186.733,186.73,372.809624,8
0xdee1a38e802aa27f12d924c00abe8e5f4acdde7a,2026-05-08T00:05:16+00:00,2026-05-17T14:40:49+00:00,6,0,0,17.044,17.04,33.978732,6
0xdee5e32c4f19f148b8e7ea1e9a077966b1932d32,2026-06-02T16:25:13+00:00,2026-06-02T16:25:39+00:00,4,0,0,10.450,10.45,20.868650,4
0xdeebadf880fbadd4ba6ca89780f6356a75eecd7c,2026-05-07T07:06:29+00:00,2026-05-07T07:23:10+00:00,2,0,0,961.223666,961.22,1915.715115002,2
0xdef5f2d68bcac775e1b1b13835d9d21876c1adaa,2026-04-02T13:00:47+00:00,2026-04-02T13:00:47+00:00,1,0,0,0,1.1,1.0912,1
0xdef92f5ba32795259cba0a4fc76150e4ed2dce17,2026-05-26T08:48:20+00:00,2026-05-26T14:11:30+00:00,2,0,0,106.212,106.21,211.890946,2
0xdf027d7ccfd775325312107ea9ac52fdbf69a3eb,2026-04-06T01:33:33+00:00,2026-04-06T01:33:47+00:00,2,0,0,370.594142,370.59,735.625263006,2
0xdf1d2fd8408218f72758f6d1ef6720f3a17ae710,2026-04-04T18:44:41+00:00,2026-04-04T18:44:41+00:00,1,125.0,0,0,0,1.0000,1
0xdf29b8cd4fb0fb1676d74ec6ef69ea782512a37d,2026-05-04T00:34:42+00:00,2026-05-04T00:34:42+00:00,1,0,0,38.104,0,37.989688,1
0xdf330068639c3296a4e3b9f8b3484a65ffc1d071,2026-04-30T02:35:30+00:00,2026-04-30T04:24:10+00:00,2,0,0,51.554333,51.55,102.743470001,2
0xdf34d424c9c493f9eccedecb1800c347ea20147a,2026-04-20T04:20:24+00:00,2026-04-20T05:46:06+00:00,2,0,0,52.6532,52.65,104.7240340,2
0xdf35a9d0fb0f3c016220a5470f50ac19fbed6fb9,2026-05-10T05:42:15+00:00,2026-05-11T22:53:34+00:00,4,0,0,126.165833,126.16,251.566599001,4
0xdf3709bc0f9086221f6e44e7af3189eb22968b49,2026-05-02T18:34:48+00:00,2026-05-03T16:36:06+00:00,2,0,400.0,0,0,1.2000,2
0xdf3ba6f031a2b4c71912d305dfd20773add73d3c,2026-05-07T20:28:53+00:00,2026-05-14T05:01:10+00:00,4,0,0,20.05,20.05,39.97969,4
0xdf4775edf59d5c125ab048d75c8df57b630b5a07,2026-05-10T12:34:37+00:00,2026-05-10T18:18:57+00:00,2,0,0,205.616666,205.61,409.787376002,2
0xdf4b099ec20f019d45068a216380cd85b7945c8d,2026-06-09T08:20:54+00:00,2026-06-09T08:20:54+00:00,1,1000.0,0,0,0,1.0000,1
0xdf5666c9553b9cc8e9bdd735bb4bf952bcaa51d1,2026-05-04T07:33:08+00:00,2026-05-04T07:33:08+00:00,1,0,0,5.887333,0,5.8696709998225334,1
0xdf7b5c52bf22626ae63b1528a0109ca4ec7d314d,2026-05-15T03:58:04+00:00,2026-05-15T04:34:00+00:00,2,0,0,1347.25,1347.25,2687.76375,2
0xdf91f0156e6058fdeb094d90abcb73760c16f13d,2026-06-04T08:43:37+00:00,2026-06-04T08:43:37+00:00,1,0,0,321.0,0,320.6790,1
0xdfa4cdda8ce05a004ed7f0583ef27c86c8b2d153,2026-05-22T05:45:05+00:00,2026-05-22T10:16:21+00:00,2,0,0,102.204,102.2,203.892992,2
0xdfb60ec724c663881ab0f0025c34af1d58ab3df3,2026-05-11T12:36:47+00:00,2026-05-11T15:43:24+00:00,2,0,0,53.921666,53.92,107.464221002,2
0xdfbbc70bb231449f8f2470d4b4cb245b77e675be,2026-05-07T09:34:44+00:00,2026-05-07T11:19:32+00:00,2,0,0,66.579666,66.57,132.683647002,2
0xdfd5268bff73e72f84f99383b766043e07f8b80f,2026-05-23T09:57:04+00:00,2026-05-23T14:13:37+00:00,2,0,0,10.02,10.02,19.98990,2
0xdfe9f7c71d3e17597537ee42838630433d8bb4d2,2026-05-11T19:46:12+00:00,2026-05-11T19:46:12+00:00,1,10000.0,0,0,0,30.0000,1
0xe0036165a7687dede17c7bc94669d121c0a52d28,2026-05-26T06:59:31+00:00,2026-05-26T06:59:31+00:00,1,0,0,25.0,0,24.9250,1
0xe0045ff9358b92112bbaf80c3e7345dabfffcce7,2026-06-10T12:45:49+00:00,2026-06-10T12:45:49+00:00,1,7112.0,0,0,0,7.1120,1
0xe01e565cdf3a9fdf94e6441649478659b53c892a,2026-05-09T10:49:09+00:00,2026-05-09T10:49:09+00:00,1,0,0,4.503333,0,4.4898230000993334,1
0xe020233710d797874d10d7613bc394152b94eedb,2026-05-14T05:56:23+00:00,2026-05-14T11:51:17+00:00,2,0,0,8850.0,8850.0,17655.7500,2
0xe02a0b53616fcc5529e18e5e814ea9c68d015321,2026-06-04T15:08:06+00:00,2026-06-04T15:08:19+00:00,4,0,0,10.160,10.16,20.289520,4
0xe0390fa694601f7d0657431eabef5c851dd21c8a,2026-05-14T06:09:21+00:00,2026-05-16T10:31:41+00:00,2,0,0,98.196,98.19,195.895038,2
0xe039e160c673a4209646b4dc1c5e7a9eaef0f1bf,2026-05-24T12:08:15+00:00,2026-05-24T13:31:40+00:00,2,0,0,29.4285,29.42,58.7013830,2
0xe03f0a607775d0a22ba9b6d9db6b343730153b03,2026-05-17T12:02:44+00:00,2026-05-17T12:21:27+00:00,2,0,0,917.4545,917.45,1830.3172410,2
0xe04057986f4d0265fbc088957f91449021acd323,2026-05-26T21:10:13+00:00,2026-05-27T22:14:08+00:00,2,0,0,47.094,47.09,93.948542,2
0xe040ffe586e21cb49449e8daf19b1cdff87a824f,2026-04-16T06:21:34+00:00,2026-04-16T06:21:34+00:00,1,0,0,30.0,0,29.8200,1
0xe046164aa5000701c7d314a1466d1c4331366d83,2026-04-20T11:13:02+00:00,2026-04-20T11:13:02+00:00,1,227.72,0,0,0,1.36632,1
0xe048d85bac3263b3168dbc51587b60d3fc1d5ca9,2026-05-13T11:19:19+00:00,2026-05-22T21:30:41+00:00,18,0,0,3130.9750,3130.97,6246.2901400,18
0xe05e07de82accf95ce5afc70f44df9884c14ed50,2026-03-26T09:33:15+00:00,2026-03-26T09:45:17+00:00,3,0,0,56.508555,56.50,111.9349779993491445,3
0xe061f99c8a526e2e69936f6af79c39f0536493f9,2026-01-31T15:23:10+00:00,2026-02-12T03:25:31+00:00,11,299.9914,299.99,0,0,10.899638,11
0xe069d0d68bb556f8fe7f7229f17b5dbe6a833c17,2026-01-29T17:29:42+00:00,2026-02-17T02:31:09+00:00,19,0,17.0,170.00,0,167.340970,19
0xe0720520b8fd9ad9d1738477878231af7661f446,2026-06-07T15:19:54+00:00,2026-06-07T15:19:54+00:00,1,20000.0,0,0,0,20.0000,1
0xe0a28ba60ead4032138557e9285f422adb3a239b,2026-05-08T04:40:22+00:00,2026-05-08T05:38:40+00:00,2,0,0,54.112333,54.11,107.843556001,2
0xe0a714f6ec50a9616e2834d676c9ae4102a05bb7,2026-05-22T08:08:14+00:00,2026-05-26T05:52:40+00:00,2,0,0,103.0,103.0,205.4850,2
0xe0a7279e947d42129cbbdf39c5db9167b2ec7344,2026-06-08T13:52:15+00:00,2026-06-08T13:52:15+00:00,1,2000.0,0,0,0,2.0000,1
0xe0b8e060a83d353edba1c1b26b52f2925af985ac,2026-05-24T01:36:02+00:00,2026-05-24T04:11:13+00:00,2,0,0,246.4925,246.49,491.7500450,2
0xe0c5e955572d182dd38cf3eddb9700c099b9913c,2026-04-30T13:46:40+00:00,2026-05-09T08:58:28+00:00,4,17083.0,13750.0,0,0,109.5820,4
0xe0c91a531cf6754a7df375d3e70ab78a8e316ae3,2026-03-08T06:41:17+00:00,2026-03-08T19:55:07+00:00,2,125.0,125.0,0,0,2.0000,2
0xe0dc4803dd313dca5e0de8e7ff6cfc3fca7c03f0,2026-04-29T09:03:46+00:00,2026-04-29T09:03:52+00:00,2,0,0,606.212,606.21,1209.390946,2
0xe0dd39e670722548a0170a0aeadc6a640f3acb3f,2026-05-27T21:33:04+00:00,2026-05-27T21:51:02+00:00,2,0,0,100.2,100.2,199.8990,2
0xe0f808fc50fa03c9bc2acf1eecfd921c0e15b32b,2026-05-25T07:11:42+00:00,2026-05-26T02:09:52+00:00,2,0,0,8705.0,8705.0,17366.4750,2
0xe1166693367022554b0922dba64b5f8f46c7f709,2026-05-26T23:48:33+00:00,2026-05-26T23:48:33+00:00,1,0,0,50.641,0,50.539718,1
0xe117c8f78a3cc194238d43a325d023001dee478e,2026-05-05T14:17:14+00:00,2026-05-05T14:35:44+00:00,2,0,0,1059.177333,1059.17,2110.933121001,2
0xe1185f851031333a743fd16e934cdef48ed4bd06,2026-05-03T03:49:46+00:00,2026-05-04T05:32:36+00:00,2,0,0,906.5,906.5,1806.6545,2
0xe11cff3df03c6dcff2e0054f44f465235c2faade,2026-04-30T13:43:40+00:00,2026-04-30T15:15:42+00:00,2,0,0,43.43,43.43,86.55599,2
0xe12a309285fe9588266338bf6aa8c650be380242,2026-05-04T05:16:00+00:00,2026-05-04T09:08:52+00:00,2,0,0,73.43,73.43,146.34599,2
0xe1337c12cf6c546d769f92fbe6e7cce2a501319a,2026-05-31T10:42:08+00:00,2026-06-07T15:41:25+00:00,2,0,0,5.205,5.2,10.394595,2
0xe1367b18d7b73a51bae4f54dbea0285c28c9a545,2026-05-07T08:06:42+00:00,2026-05-07T11:43:34+00:00,2,0,0,91.614666,91.61,182.583382002,2
0xe147aeaeb41dbda06bd85cd0e32a9c7164dcb27b,2026-05-08T08:23:42+00:00,2026-05-08T08:49:03+00:00,2,0,0,9.027,9.02,17.983839,2
0xe157b5a417f8018b8613717768509d86c5aa6131,2026-05-14T00:40:44+00:00,2026-05-14T23:24:52+00:00,2,0,0,48.096,48.09,95.945538,2
0xe157ddfec7c6d25ec6fa6b479499ee9612e3965f,2026-05-27T05:19:27+00:00,2026-05-27T07:08:16+00:00,2,0,0,10.02,10.02,19.98990,2
0xe167507607e06e5be87df21076dac7266eb6a35e,2026-05-02T13:45:04+00:00,2026-06-06T13:39:52+00:00,2,0,0,64.0,64.0,127.6800,2
0xe180f748f3bcf1fb5eb972aaf5bc65314fd891a4,2026-03-08T01:29:09+00:00,2026-03-08T01:29:09+00:00,1,250.0,0,0,0,2.0000,1
0xe183a65417d53a8092fa0f6c066999fa1ec6fcb7,2026-05-14T21:15:53+00:00,2026-05-14T21:57:55+00:00,2,0,0,135.2705,135.27,269.8641490,2
0xe189e70b5f632055f8215e1123c334aa401123fb,2026-06-01T05:51:19+00:00,2026-06-01T05:51:19+00:00,1,0,0,14.514,0,14.499486,1
0xe1937582ce02dd42b84397e1ddac791fc8990fca,2026-05-23T08:47:25+00:00,2026-05-23T08:47:25+00:00,1,0,0,14.208,0,14.179584,1
0xe196f409e71330371e9b9b7a4e09596ac04a0ab5,2026-01-30T17:00:52+00:00,2026-03-06T22:10:49+00:00,5,461.84,0,0,0,7.607679998548,5
0xe19a5454a6726a74fcd0215ed85a9dee27019ef7,2026-04-24T06:16:02+00:00,2026-05-18T04:28:36+00:00,4,0,0,121.947333,121.94,243.150037001,4
0xe19ea318e0cfdb2db15c542a6a066a7bfac3cd0e,2026-04-16T03:07:22+00:00,2026-04-18T18:59:48+00:00,2,193.77,193.77,0,0,2.32524,2
0xe1a3c899378a04e8812392ff689556af269a5cec,2026-05-06T02:36:56+00:00,2026-05-06T04:22:04+00:00,2,0,0,62.316666,62.31,124.190476002,2
0xe1a6e5a14ea33e8a7176b80c14f1ceeb4e28b89c,2026-04-27T20:40:04+00:00,2026-06-04T06:35:03+00:00,3,1250.0,500.0,0,0,4.5000,3
0xe1b537a593c8115c327ce07e7b7f4560f5b620ac,2026-04-30T10:13:38+00:00,2026-06-05T14:39:39+00:00,7,0,0,131.24,131.233008,261.8057879999729152,7
0xe1bea84ddc30e2a2c36feb81a75a2c51a31786ad,2026-05-13T07:34:30+00:00,2026-05-13T13:37:24+00:00,2,0,0,149.2985,149.29,297.8420330,2
0xe1bf12b3317494da0d33acc95fb4aea96cd1c3ca,2026-06-04T10:41:30+00:00,2026-06-04T10:41:30+00:00,1,500.0,0,0,0,1.0000,1
0xe1c0f6700433ac0e3d1eb4427794f2dd514f74c7,2026-05-17T08:23:50+00:00,2026-05-17T08:23:50+00:00,1,0,0,10.0,0,9.9800,1
0xe1d75d318fb58d938fdde68c5631253df0229b6e,2026-03-03T19:50:55+00:00,2026-03-24T19:15:13+00:00,3,2777.777777,1388.88,0,0,49.999839993,3
0xe1dd18fd062e0dc18355d671d1e7793a0e902cab,2026-05-18T11:49:13+00:00,2026-05-18T17:02:52+00:00,2,0,0,234.4685,234.46,467.7561830,2
0xe1e6c222a30a2735faf35ef1e85cc0862031298d,2026-05-03T06:26:34+00:00,2026-05-03T07:31:28+00:00,2,0,0,1341.49,1341.49,2673.58957,2
0xe1eac9457d89b03807a150c36e06307399ae9235,2026-05-17T08:54:36+00:00,2026-06-01T02:40:52+00:00,3,0,0,9.014,5.61,14.592545,3
0xe1f3b4725c4109beb870c5840928bb01952c7c05,2026-05-07T06:30:54+00:00,2026-05-29T01:27:40+00:00,4,0,0,119.626,119.62,238.433707,4
0xe1f43a22f7e36199a06482572e48ac4da2dc972b,2026-05-15T09:30:09+00:00,2026-05-16T13:24:37+00:00,4,0,0,17.034,17.03,33.978842,4
0xe1fa0bf7177c39d183688fe61282a30b00f0be8f,2026-04-23T17:38:44+00:00,2026-04-23T17:38:44+00:00,1,250.0,0,0,0,1.0000,1
0xe1fd48790b8168f24ebbe37b58bec3a184b15b2f,2026-05-31T11:47:26+00:00,2026-05-31T11:47:26+00:00,1,0,0,20.02,0,19.99998,1
0xe20743e8b4ae43d4b2efbc992e4169aa6412ae73,2026-04-26T08:59:32+00:00,2026-05-24T01:48:29+00:00,3,0,0,192.566166,131.65,323.172779002,3
0xe20c9ebed2edb8b88cb9f75524a0d9f147fc3c26,2026-05-21T13:56:01+00:00,2026-05-24T12:53:34+00:00,2,0,0,133.2665,133.26,265.8601870,2
0xe2175683db612b7e16f331f0a7622721bf63ca2a,2026-05-10T23:39:44+00:00,2026-05-27T15:09:14+00:00,4,0,0,397.0295,397.02,791.5929740,4
0xe2238e6da58ca8811369d62c7e8403fc32e9f54f,2026-05-10T09:38:20+00:00,2026-05-10T11:36:32+00:00,2,0,0,214.643666,214.64,427.781175002,2
0xe2483408296032b0bcaa517f38c0430e45c97601,2026-06-02T02:52:57+00:00,2026-06-02T02:53:39+00:00,2,0,0,900.9,900.9,1799.0973,2
0xe2523cb07c8bb99c1e786793997a2f06343c719f,2026-04-20T13:19:26+00:00,2026-04-20T13:21:48+00:00,2,0,0,500.0,500.0,994.5000,2
0xe25c76a2f5641cfee5313b5311edfbb6e537fd47,2026-03-20T16:12:21+00:00,2026-03-20T16:12:21+00:00,1,130.0,0,0,0,1.0400,1
0xe26587648207e44a6149467d961268c6e4c3dcdb,2026-04-19T04:11:50+00:00,2026-04-19T06:15:52+00:00,2,0,0,58.9144,58.91,117.1763680,2
0xe26c5cacac4c8e0dcb52855fcf080c768768739c,2026-05-27T15:49:43+00:00,2026-05-27T16:52:44+00:00,2,0,0,10.02,10.02,19.98990,2
0xe27be7bed822d9a8a628960526fb83b21e96f637,2026-04-19T11:46:24+00:00,2026-04-19T13:03:54+00:00,2,0,0,84.5526,84.55,168.1725370,2
0xe28d90ba751fe82f0c5aeeb531146398f3c93760,2026-06-06T14:35:42+00:00,2026-06-06T14:35:42+00:00,1,0,0,23.023,0,22.999977,1
0xe294d39fb9e6c677da020d3fdc13dac1563e4494,2026-05-28T15:41:00+00:00,2026-06-04T13:22:16+00:00,14,0,0,327.423,327.42,653.668355,14
0xe29d92b514b72cc1233a1ce3f8c1418567b2ab4e,2026-05-22T20:14:32+00:00,2026-05-22T20:14:32+00:00,1,0,0,482.4945,0,481.5295110,1
0xe2a0d8abc7c0f0c067d9a6fda551c53b9fbe4230,2026-05-17T00:22:05+00:00,2026-05-17T00:22:05+00:00,1,400.0,0,0,0,1.2000,1
0xe2bb04d6d12a4e188379c13394099124bf40a4a0,2026-06-05T05:39:13+00:00,2026-06-05T05:39:13+00:00,1,1000.0,0,0,0,1.0000,1
0xe2c45b529a2b1bf4ab7aace3ffb4836a57c1953b,2026-05-14T00:50:11+00:00,2026-05-14T01:48:49+00:00,2,0,0,9190.0,9190.0,18334.0500,2
0xe2ce67f81006d067b833a17a49f2b2d1084953ab,2026-05-16T21:55:14+00:00,2026-05-16T21:55:14+00:00,1,0,0,1.002,0,0.999996,1
0xe2cf8ec385ee5848de88bbc1ae395841816a1562,2026-05-24T05:17:50+00:00,2026-05-24T05:17:50+00:00,1,0,0,30.06,0,29.99988,1
0xe2d52fda8b36784e7550efda82d80cb695e08a7f,2026-05-30T08:06:30+00:00,2026-06-14T15:59:45+00:00,2,0,0,5.005,5.0,9.994995,2
0xe2daea3590e6331a534dc3714f2ba772486f599c,2026-05-26T16:12:14+00:00,2026-05-26T16:12:14+00:00,1,0,0,2.7855,0,2.7799290,1
0xe2df09f31c8f465e5719bd7df86cab6584e5cc58,2026-04-18T15:06:18+00:00,2026-04-18T16:24:48+00:00,2,0,0,60.814,60.81,120.955070,2
0xe2e34a1ce5813f1001bf89baa6d594743474d314,2026-04-24T01:55:24+00:00,2026-04-24T01:55:54+00:00,2,0,0,703.671,703.67,1402.415307,2
0xe2e419f2e3f0a4e0be4b99f9628125d5017a0883,2026-05-15T13:38:17+00:00,2026-05-16T11:53:49+00:00,2,0,0,269.539,269.53,537.721332,2
0xe2e745ef2e4c8c3729b2b9936da1cbbf46bd885b,2026-05-19T21:42:04+00:00,2026-05-19T21:42:04+00:00,1,0,0,47.4045,0,47.3096910,1
0xe3081375883a3ed0e9cace95c4b14125ccfac945,2026-05-17T08:06:36+00:00,2026-05-17T08:06:36+00:00,1,0,0,10.0,0,9.9800,1
0xe30ba9cf64c4137a497f2abfdb00c62e31b3e7c4,2026-05-01T07:01:02+00:00,2026-06-01T14:21:43+00:00,4,0,0,211.811666,211.81,422.585033002,4
0xe30e6e2121029d168d150d57912fc70bc7f686cf,2026-04-24T10:53:34+00:00,2026-04-24T11:47:38+00:00,2,0,0,81.604666,81.6,162.633452002,2
0xe314ab64375172a87e89d0dd453ec06e8db1819c,2026-02-27T06:39:00+00:00,2026-02-28T12:35:39+00:00,2,100.0,100.0,0,0,2.000,2
0xe316f354517f14344aaac402e1366323bbc71766,2026-03-11T12:31:59+00:00,2026-06-15T08:46:03+00:00,8,107.142857,107.14,9.0,9.0,20.259839998,8
0xe32011d724b41b6bae66af6fcde9e539a41ae06f,2026-05-18T00:16:25+00:00,2026-05-18T00:36:33+00:00,2,0,0,10.0,10.0,19.9500,2
0xe328b36d6a991b9e0a1949bb7d265d6d58496fd8,2026-05-06T02:46:18+00:00,2026-05-06T04:43:50+00:00,2,0,0,67.963666,67.96,135.447935002,2
0xe334843370b4f560ebca0b89345465afdcb2e1bf,2026-05-25T06:22:36+00:00,2026-05-26T03:38:23+00:00,2,0,0,67.134,67.13,133.928342,2
0xe335aa24532a59911e20153f00f2801131288115,2026-05-22T17:52:28+00:00,2026-05-22T17:52:28+00:00,1,0,0,37.2745,0,37.1999510,1
0xe343d3834d25af4f55824ffefeec68b0b3439df0,2026-03-25T11:53:07+00:00,2026-03-28T16:48:07+00:00,8,374.242422,374.238178,0,0,7.9166169923023586,8
0xe3479950ef6e8984df109ec5c9be40630f9fb438,2026-01-31T09:00:24+00:00,2026-04-21T19:40:36+00:00,52,0,0,3643.0,0,3614.269080,52
0xe35c935b7a8ea5f32eb50e5d0e5daa03dd58668b,2026-04-15T09:21:42+00:00,2026-05-02T08:33:16+00:00,2,0,0,137.826833,137.0,273.451872002,2
0xe361c6d2d20478e7b188870aab601ffbeaedae4c,2026-05-13T22:08:41+00:00,2026-05-22T03:55:49+00:00,2,0,0,7.114,7.11,14.188442,2
0xe369d106075762ae11c4caeea00ca87fad570515,2026-06-14T11:28:25+00:00,2026-06-14T11:28:25+00:00,1,1000.0,0,0,0,1.0000,1
0xe36a6a2709dc72475d431e1bb33547a0a26e671d,2026-05-21T21:44:40+00:00,2026-05-27T04:38:18+00:00,47,0,0,37.7100,37.61,75.1317500,47
0xe3726a1b9c6ba2f06585d1c9e01d00afaedaeb38,2026-02-11T12:28:21+00:00,2026-06-13T17:40:28+00:00,453,0,60637.255714,0,0,310.1506289983410006,447
0xe377a662466c124e209b4192137ffa034c470881,2026-06-02T08:16:48+00:00,2026-06-02T08:17:09+00:00,4,0,0,10.290,10.29,20.549130,4
0xe3850ec8daef3bda9a02d3314f37a8333e18b0c4,2026-05-16T08:04:13+00:00,2026-06-06T18:32:01+00:00,10,0,0,116.73,116.73,233.11014,10
0xe3981ec10a11202984144671d242293d45f72829,2026-03-21T13:38:25+00:00,2026-03-22T14:43:01+00:00,2,231.0,231.0,0,0,3.2340,2
0xe39d4a480f7716fd0ec078f07d3d287ddec745f3,2026-05-17T16:38:37+00:00,2026-05-31T06:53:52+00:00,2,0,0,17.635,17.63,35.194470,2
0xe3a14d8399a8f61bb0d093024ed4778d19549755,2026-05-13T19:36:35+00:00,2026-05-13T23:22:11+00:00,2,0,0,317.715,317.71,633.836440,2
0xe3be75fda20f97f830cb453fcedbfb44d441df68,2026-04-16T21:48:18+00:00,2026-04-16T21:48:18+00:00,1,196.6,0,0,0,1.3762,1
0xe3ca8dd25cc42dbef8ef8833088dbe5045a8188c,2026-04-19T07:07:24+00:00,2026-04-19T08:47:48+00:00,2,0,0,93.3366,93.33,185.6399370,2
0xe3d75756b0cd5f918f57f3a488f8883ca50cf102,2026-06-04T11:43:36+00:00,2026-06-04T12:21:16+00:00,2,1500.0,0,0,0,3.0000,2
0xe3db3b2d9b8acfdad9c2ed44838e7be793b7bba6,2026-05-15T14:13:31+00:00,2026-05-15T14:30:06+00:00,2,0,0,9.018,9.01,17.982934,2
0xe3ee0f493f8fb28ca9cb94dbbb9e0687a7eea28b,2026-04-30T12:33:04+00:00,2026-04-30T13:41:36+00:00,2,0,0,79.799333,79.79,159.030775001,2
0xe3ff9bc4ec746aca6e6c007ae8f764adee8de768,2026-04-23T06:53:04+00:00,2026-04-23T07:45:00+00:00,2,0,0,62.9044,62.9,125.1124780,2
0xe40cc51b342a804c77e346d09abdad1545a21d45,2026-05-27T02:40:38+00:00,2026-05-27T03:45:02+00:00,2,0,0,15.4805,15.48,30.8830990,2
0xe40e64dd7f83a26a91f95f8c511448c45ea59032,2026-05-26T06:10:15+00:00,2026-05-26T06:10:15+00:00,1,0,0,14.7895,0,14.7599210,1
0xe41683ba12524c48606434cd84c54e39a592d04b,2026-05-20T16:05:37+00:00,2026-05-26T07:32:48+00:00,4,0,0,551.102,551.10,1099.446496,4
0xe426c995a4479f031f5424324ec2a1ab25939806,2026-05-21T08:05:16+00:00,2026-05-21T10:12:49+00:00,2,0,0,10.02,10.02,19.98990,2
0xe430e0c1343aad6ba476ce2e25b64f8792588877,2026-06-04T10:06:03+00:00,2026-06-04T10:09:42+00:00,2,0,0,110.16,110.16,219.98952,2
0xe44149cf86be9a50969d8372cdb1c4de97209680,2026-05-21T08:40:21+00:00,2026-05-21T14:00:50+00:00,2,0,0,164.3285,164.32,327.8268830,2
0xe442e3791fe186cd856b60188728752e012ae615,2026-04-25T12:13:26+00:00,2026-04-25T19:44:34+00:00,4,0,0,237.351666,237.35,473.040211002,4
0xe452146715afc46855bbd04fcd0e3638491a3513,2026-04-19T15:14:02+00:00,2026-04-19T15:52:02+00:00,2,0,0,48.7938,48.79,97.0470910,2
0xe4555088c4e0003b805a388490231f87b3c1567b,2026-04-18T12:45:24+00:00,2026-04-18T13:28:54+00:00,2,0,0,33.7184,33.71,67.0575480,2
0xe45847a79a46e1f292f317e1097960e273a50ecc,2026-04-25T06:17:18+00:00,2026-04-25T07:09:16+00:00,2,0,0,86.579666,86.57,172.543647002,2
0xe45b2fb1d4715943579a456efbf29e79fa9bb819,2026-05-14T05:41:23+00:00,2026-05-15T21:07:42+00:00,2,0,0,38.076,38.07,75.955638,2
0xe46382e4937738b288b4d2a5543bca7db0a60923,2026-05-13T21:15:57+00:00,2026-05-15T05:38:50+00:00,2,0,0,29.058,29.05,57.962734,2
0xe470c53bcbb6df95c81de214a892ec7ef48d5e47,2026-05-20T06:22:45+00:00,2026-05-31T05:21:07+00:00,2,0,0,5.4105,5.41,10.7988590,2
0xe479843c216baf63b5ee05344711ed31c2dd4117,2026-05-07T08:18:54+00:00,2026-05-07T08:31:23+00:00,2,0,0,9.027,9.02,17.983839,2
0xe4799dfd574f63c4e14068fdae62a3b3451fbc22,2026-06-02T11:44:36+00:00,2026-06-02T11:44:36+00:00,1,0,0,1.081,0,1.079919,1
0xe485e49ff54006268a990e462f7d8e4697b1aab6,2026-05-18T20:05:03+00:00,2026-05-18T21:24:53+00:00,2,0,0,59.4785,59.47,118.6511330,2
0xe4892015d2b50f63c3c9c7daf98cf921f0af6cef,2026-05-19T14:46:25+00:00,2026-05-19T17:05:48+00:00,2,0,0,10.02,10.02,19.98990,2
0xe49773597e1e0af644fb9606949c845b5b196aa9,2026-05-11T11:23:17+00:00,2026-05-11T15:45:03+00:00,2,0,0,72.216333,72.21,143.920844001,2
0xe4a1dc655b51936277d828fa0041e7aeeca637a2,2026-05-20T20:00:53+00:00,2026-05-20T20:00:53+00:00,1,0,0,19.018,0,18.979964,1
0xe4a5e9e0c35821a8f8267889a7123e6fe24c2cc3,2026-05-16T15:44:51+00:00,2026-05-16T23:16:09+00:00,2,0,0,68.136,68.13,135.925338,2
0xe4a6ed76f1ab0e9554834da9387517193dc10f89,2026-05-02T11:09:50+00:00,2026-05-22T13:54:58+00:00,3,0,0,86.692166,59.26,145.482474002,3
0xe4ad634ec3aa5c3294cc37edafee01e95105ec0c,2026-05-21T13:11:05+00:00,2026-05-21T14:19:46+00:00,2,0,0,12.3145,12.31,24.5629410,2
0xe4b40d75a8aec9c5198564df662dbaf51dba874d,2026-06-05T14:39:36+00:00,2026-06-06T18:33:16+00:00,6,0,0,59.98,59.98,119.84004,6
0xe4c70b8b6da294c4bc503c17650d09161cba59c3,2026-03-15T08:42:37+00:00,2026-03-21T16:02:13+00:00,2,0,0,103.9952,103.99,205.99801799744576,2
0xe4cfbb89c05d3429280c69969aee2cfb7a4678c4,2025-12-11T21:18:41+00:00,2026-03-30T21:23:43+00:00,25,0,0,987.233554,6.98,982.3149300167063241,25
0xe4f0a11e3ad3751604f9c241a51cd0d94aa8fb23,2026-05-29T11:31:44+00:00,2026-05-29T12:53:12+00:00,2,0,0,10.02,10.02,19.99992,2
0xe4f52c18cc60ee58895f84ce1226869b864860dd,2026-05-29T17:27:38+00:00,2026-05-29T19:17:58+00:00,2,0,0,10.01,10.01,19.98997,2
0xe4ff8a61396932ad480bdd720f677b66eaaa85ba,2026-04-30T10:13:38+00:00,2026-06-06T18:32:19+00:00,13,0,0,125.45,125.444753,250.4284980006910656,13
0xe500201376630a86b0b4b8ee7b1d7dacd0c7c645,2026-03-04T03:51:29+00:00,2026-03-04T11:29:43+00:00,2,0,0,54.32,54.32,107.49928,2
0xe51a166121aead888fb721c66cc714ab86547f3e,2026-05-30T07:16:31+00:00,2026-05-30T07:16:38+00:00,2,0,0,61.761,61.76,123.335719,2
0xe51d3385ced6d5b32dad3b5262410e8285d46eb7,2026-03-25T08:49:41+00:00,2026-03-25T09:27:11+00:00,3,0,0,118.978717,118.97,235.2123110048938392,3
0xe51f35c39907fe129514e0bc0eec6e7696473b96,2026-03-15T19:04:03+00:00,2026-03-23T09:34:55+00:00,86,0,0,1075.0,0,1065.5900,86
0xe52298d78f086ec4a41707b7bfe10ff15c16e66f,2026-03-25T15:48:21+00:00,2026-04-10T22:24:17+00:00,2,83.333333,83.33,0,0,1.499979996,2
0xe53ecd0fb70003e287bce75e2af9612df87f22e0,2026-04-25T08:23:44+00:00,2026-04-25T09:09:20+00:00,2,0,0,274.533333,274.53,547.141613001,2
0xe5426c47fda84135ab47cf6cd1f7e866fcca3525,2026-05-27T21:20:47+00:00,2026-05-27T21:20:47+00:00,1,0,0,11.9635,0,11.9395730,1
0xe547f012e9779a9ee456612b7a9312f20acc654c,2026-05-09T06:28:02+00:00,2026-05-09T07:49:01+00:00,2,0,0,1425.56,1425.56,2841.14108,2
0xe5544c9c6fb07e417fdfa9a3e100d1446aa8ce6f,2026-04-30T13:16:26+00:00,2026-04-30T13:16:26+00:00,1,0,0,200.601666,0,199.999861002,1
0xe5620cad45d55b92336709bbf304af7a5b16798b,2026-06-01T11:19:51+00:00,2026-06-01T11:41:16+00:00,2,0,0,106.456,106.45,212.586644,2
0xe5792c912a2d8df1595d23677285bf2457aa3ff2,2026-04-26T08:11:24+00:00,2026-05-20T18:47:32+00:00,3,0,0,156.341666,109.31,264.792425002,3
0xe57c584da918a567ea7fde6730a76618c158bc3a,2026-04-20T02:05:20+00:00,2026-04-20T04:29:56+00:00,2,0,0,56.211,56.21,111.802685,2
0xe582686912e8f492b6bccd4f1e337fc32ec9ae44,2026-05-19T08:52:13+00:00,2026-05-19T08:52:13+00:00,1,3333.333333,0,0,0,9.9999989990000001,1
0xe588010790af09d8813e1e4a07f3d7766699a0d3,2026-06-05T00:05:55+00:00,2026-06-05T00:16:34+00:00,4,0,0,10.160,10.16,20.294590,4
0xe58c68a2490aeb3b495edb83b2f8716bb61cfade,2026-04-26T07:12:04+00:00,2026-04-26T08:21:54+00:00,2,0,0,224.834333,224.83,448.090510001,2
0xe59b2f5304450fb446cc3e3643f3a4937ac4343f,2026-04-24T01:43:58+00:00,2026-04-24T01:44:28+00:00,2,0,0,705.677,705.67,1406.407289,2
0xe5abb060c65b8536da8a999ebec678f72ca08b8d,2026-05-30T00:06:41+00:00,2026-05-30T00:06:41+00:00,1,500.0,0,0,0,1.0000,1
0xe5abdba413b0765f6659a560e5b6e51a9043e632,2026-04-27T13:26:26+00:00,2026-04-27T15:33:54+00:00,2,0,0,181.003,181.0,360.916991,2
0xe5b0adad73a2c18bc2646abd638b60799e780ce1,2026-05-10T07:12:51+00:00,2026-05-10T13:21:17+00:00,2,0,0,74.222666,74.22,147.923118002,2
0xe5b18967da5369e4d3f45b46611a3d821d2a6239,2026-05-02T06:23:46+00:00,2026-05-02T07:57:26+00:00,2,0,0,50.01,50.01,99.66993,2
0xe5b6e087baaa45aabbb942973b6076336e7e7a62,2026-05-21T13:02:02+00:00,2026-05-27T04:35:09+00:00,4,0,0,23.166,23.16,46.210188,4
0xe5c53bd2a1c3b3c6d0455ad95e9190cae93e2d12,2026-05-16T13:55:32+00:00,2026-05-17T01:53:28+00:00,2,0,0,194.3885,194.38,387.7965830,2
0xe5cc081836b541cdb8b6d495b77ca69e06f6cae7,2026-04-26T18:47:32+00:00,2026-04-28T13:14:12+00:00,2,250.0,250.0,0,0,1.5000,2
0xe5ce1a65c210e08d3ffbd94e28a61911700c7f3f,2026-03-04T03:03:07+00:00,2026-04-06T04:57:51+00:00,64,0,0,1533.813075,1533.810234,3033.7445480015251509,63
0xe5da0af44dbf7b233d2dcc9febe0919bafbf370c,2026-05-14T02:00:11+00:00,2026-05-14T04:49:09+00:00,2,0,0,77.154,77.15,153.918242,2
0xe5e3c7a1834b9a03881ebec61228cb2428f0c5fe,2026-04-11T02:23:47+00:00,2026-04-11T02:23:53+00:00,2,0,0,62.374166,62.37,123.9333309977625834,2
0xe5ec25b044439557e9c9495382f57a96f885fce1,2026-02-05T04:04:27+00:00,2026-02-05T04:05:27+00:00,2,0,0,17.68,17.68,34.72352,2
0xe5ee49ea23ea6b9075353eb8f03ce5e2a37fbbe7,2026-05-11T04:50:12+00:00,2026-05-11T10:06:43+00:00,2,0,0,99.297666,99.29,197.892613002,2
0xe5ef7ee547b7756fffbdb9a462d5aad1fec2e724,2026-05-28T09:23:37+00:00,2026-05-28T09:23:37+00:00,1,0,0,5.511,0,5.499978,1
0xe5f72b20cfb2a3e26c071b8787762ab749ff72b0,2026-06-04T22:57:49+00:00,2026-06-04T22:58:09+00:00,4,0,0,10.140,10.14,20.249580,4
0xe60e517e3466795b402ee6e6570f0cd420649dbd,2026-05-08T00:58:44+00:00,2026-05-08T01:24:50+00:00,2,0,0,5.015,5.01,9.989915,2
0xe61cb1722f4561c8ef7ab525c7dce765284d7cbf,2026-05-21T10:23:13+00:00,2026-05-21T10:23:13+00:00,1,0,0,5.01,0,4.99998,1
0xe6208801075e4e66e8c04530e3f7f0b65c83418b,2026-05-07T06:59:37+00:00,2026-05-07T09:20:28+00:00,2,0,0,1296.26,1296.26,2583.44618,2
0xe621c287cb1884abeefc0e9f272b036171169ca9,2026-05-24T12:27:51+00:00,2026-05-24T12:27:51+00:00,1,0,0,10.0,0,9.9800,1
0xe622e88a0643fcab7870e0c18cb0d262883b6bbe,2026-05-05T05:34:30+00:00,2026-05-05T07:38:00+00:00,2,0,0,78.034,78.03,155.517778,2
0xe6280e07f738919f5df7863406d218a02a670e95,2026-05-19T14:14:55+00:00,2026-05-19T14:14:55+00:00,1,0,0,40.08,0,39.99984,1
0xe631117f91f29226cca9e19537eccaf23feb8a8a,2026-04-24T07:02:30+00:00,2026-04-24T08:02:56+00:00,2,0,0,60.01,60.01,119.59993,2
0xe641a1284835c9da88949c4c293c4da8cb27abd3,2026-03-11T12:32:19+00:00,2026-04-24T08:03:16+00:00,7,93.75,93.75,2.0202,0,4.251508,7
0xe6450bfcf0966ed7d298716d6fb9e5800fd6b9ac,2026-04-24T10:51:46+00:00,2026-04-24T13:01:42+00:00,2,0,0,64.824333,64.82,129.190580001,2
0xe6491a77bf9454b5811ff66e8b20aff722c6fffd,2026-05-16T10:31:53+00:00,2026-05-16T13:54:13+00:00,2,0,0,90.0,90.0,179.5500,2
0xe649f78592ed002cf3b6c0357f7a0ba9603b8efb,2026-04-19T22:54:12+00:00,2026-04-19T22:54:12+00:00,1,212.87,0,0,0,1.27722,1
0xe66e628f4edb80fb266b7d3e5f105eec09452acc,2026-05-17T12:24:43+00:00,2026-05-17T12:24:43+00:00,1,0,0,10.0,0,9.9800,1
0xe6817684bc879c55c9b08d012dd8393a093db2fc,2026-06-13T08:12:03+00:00,2026-06-13T08:12:03+00:00,1,2000.0,0,0,0,2.0000,1
0xe688e329e74500ad57f6709337a8de7267b5621e,2026-04-13T13:31:23+00:00,2026-04-16T21:49:16+00:00,2,0,0,12.82,12.82,25.47334,2
0xe68c21c6d5a80ac39373996c1c567b344f4ee4dc,2026-05-15T09:50:50+00:00,2026-05-16T08:44:46+00:00,2,0,0,3.8075,3.8,7.5884850,2
0xe690dd79454668a892063d6ba24d6419b8cfad52,2026-05-11T16:59:29+00:00,2026-05-23T16:47:19+00:00,4,0,0,72.745,72.74,145.121290,4
0xe692120e715ab94aa8927c4cf5ce7aab9f71fba5,2026-05-23T09:24:12+00:00,2026-05-23T09:24:12+00:00,1,0,0,22.9655,0,22.9195690,1
0xe6940b14e6652d9f2c6b774e3eb4b35ceeee7e7c,2026-03-16T18:24:19+00:00,2026-05-26T06:59:31+00:00,10,93.01,106.80,0,0,2.29526,10
0xe69b534e6a758440422c94893998f2ecfa78d091,2026-05-16T12:38:41+00:00,2026-06-02T10:35:15+00:00,2,0,0,6.713,6.71,13.396154,2
0xe6bd5847c168a0d6b182ff5be7a24742a2560f6d,2026-04-05T07:30:55+00:00,2026-04-19T13:10:34+00:00,2,0,24.0,0,0,0.1600,2
0xe6c6d952769c04c50f412ddd36ab317f84e5dde4,2026-05-07T00:48:01+00:00,2026-05-09T07:33:18+00:00,2,0,0,4.212333,4.21,8.3928560001575334,2
0xe6cce15cc9069499bc8f02456683759d8a6b06a4,2026-05-04T03:22:12+00:00,2026-05-04T03:22:12+00:00,1,0,0,39.909666,0,39.7899369980090334,1
0xe6d6287af91d23768d69641f9ae7aa1e840358f0,2026-03-02T22:09:25+00:00,2026-03-10T14:51:37+00:00,3,545.454545,545.45,0,0,14.838009995,3
0xe6df18d374dc315017f1b7a06a0a875767cbf7a7,2026-04-23T16:56:12+00:00,2026-06-06T12:49:42+00:00,2556,1120271.347568,1120271.339998,0,0,3721.6390007210191694,2556
0xe6e0ca2472c9e03ebfff33c6599c550534c51120,2026-05-16T17:21:25+00:00,2026-05-16T17:21:25+00:00,1,1666.666666,0,0,0,4.9999989980000004,1
0xe70c99393bec2cf1b99b23b7ef349436631987cc,2026-05-05T13:20:56+00:00,2026-05-06T02:56:02+00:00,2,245.0,245.0,0,0,1.7150,2
0xe70cdd1aa5597f05e23f98e86ffcb204ccf2dc4c,2026-05-06T08:39:28+00:00,2026-05-06T10:07:18+00:00,2,0,0,1574.08,1574.08,3137.14144,2
0xe71cc9b7c065ee2e28e0a9f38b0f6d1f3a5382ef,2026-05-18T12:00:53+00:00,2026-05-23T05:45:16+00:00,2,0,0,78.156,78.15,155.915238,2
0xe71d6260957813959c9458e54bec635c463be90a,2026-04-18T05:17:50+00:00,2026-04-18T09:12:50+00:00,2,0,0,52.422,52.42,104.265370,2
0xe71d6f9567e5b6234932e9b759a5b8a25053ce32,2026-05-11T05:39:02+00:00,2026-05-11T05:40:31+00:00,3,0,0,702.106,702.1,1399.291282,3
0xe71d94b0c62faafdc88e744c96ad82c1646b7359,2026-05-20T04:31:01+00:00,2026-05-29T03:41:22+00:00,10,0,0,36773.5455,36773.54,73363.2177890,10
0xe71decba05d0f0f3a4df916b22627484c4b8d79f,2026-05-22T05:44:56+00:00,2026-05-22T08:25:44+00:00,2,0,0,401.23,401.23,800.45385,2
0xe7318f151b7079b57c117c1d0be84bde681fed10,2026-05-14T18:43:26+00:00,2026-05-14T20:38:37+00:00,2,0,0,168.8075,168.8,336.7634850,2
0xe73dc80e6fe77d3d405866c4da918d259b849e49,2026-05-18T12:48:48+00:00,2026-05-18T13:02:48+00:00,2,0,0,1009.4185,1009.41,2013.7814330,2
0xe74f9e0728d486629c87b087d60207f6e7f482ff,2026-05-23T18:56:23+00:00,2026-05-23T18:56:23+00:00,1,0,0,53.717,0,53.609566,1
0xe7572f81aff6dc368fd1cad78a5907b6900370db,2026-02-04T12:29:12+00:00,2026-03-17T00:18:23+00:00,4,0,0,26.95,26.95,52.99982,4
0xe763a3b1697c115677a5a93462a8027280669ca4,2026-05-18T11:56:25+00:00,2026-05-20T02:33:48+00:00,2,0,0,150.3005,150.3,299.8489990,2
0xe7659f2222c0adb03f60c7924fbda9017d42f862,2026-05-29T14:59:45+00:00,2026-05-29T14:59:45+00:00,1,0,0,29.809,0,29.779191,1
0xe7710a57a347447e1f9e10c89aac63b261bca99e,2026-05-16T01:01:50+00:00,2026-05-16T01:01:50+00:00,1,0,0,6.012,0,5.999976,1
0xe77b86957239367a3201d2ad5a80672f8bf08171,2026-02-25T09:25:04+00:00,2026-02-25T10:15:40+00:00,3,2598.64,2598.64,0,0,51.9728,3
0xe7828a11b2f7eddef7db04cf345bedc5b40eb28f,2026-05-06T09:50:36+00:00,2026-05-06T11:10:44+00:00,2,0,0,62.457333,62.45,124.470161001,2
0xe78665c98d6d596dda852bd5604724cd49a216f4,2026-05-06T12:02:16+00:00,2026-05-06T16:31:29+00:00,2,0,0,251.233666,251.23,500.705045002,2
0xe7889e994282bb732c2fc44861300fa0d2c3736b,2026-05-21T12:39:17+00:00,2026-05-21T12:39:17+00:00,1,25000.0,0,0,0,75.0000,1
0xe78e39ba555a55354ac906d9c15a02a1f1a7cc12,2026-05-18T03:40:07+00:00,2026-05-18T03:45:50+00:00,2,0,0,24.048,24.04,47.967784,2
0xe7add6bdb4638f048916f3b0dfc6d7bb3f35609d,2026-05-29T10:59:37+00:00,2026-05-29T14:54:28+00:00,2,0,0,13.8275,13.82,27.5922050,2
0xe7b70b3f95f76663a610bc47f8b097b3267527d7,2026-03-08T14:15:13+00:00,2026-03-08T19:55:07+00:00,2,125.0,125.0,0,0,2.0000,2
0xe7bba52cec56db49042201376e645681a2a564de,2026-05-29T07:01:30+00:00,2026-05-29T07:03:36+00:00,2,0,832.0,0,832.0,831.1680,2
0xe7bd0564db2dbfd056e47a58560925dd76852104,2026-05-24T04:50:18+00:00,2026-05-24T06:37:31+00:00,2,0,0,10.02,10.02,19.98990,2
0xe7d9de8980ac8e9ac487926b9c819a6a370006a3,2026-06-09T13:50:15+00:00,2026-06-09T13:50:15+00:00,1,45000.0,0,0,0,45.0000,1
0xe7e148ea5f06905c260f47da5e8454332398e34e,2026-05-26T08:05:03+00:00,2026-05-26T09:18:00+00:00,2,0,0,16.643,16.64,33.199794,2
0xe7ebff9236fdffbca3fb66cef912c0d876d2be9d,2026-02-25T06:09:10+00:00,2026-02-25T10:06:38+00:00,10,826.926888,0,2381.00,1554.07,3903.161641992,10
0xe8066d30385fd23102491b4dc051f5d7945857c0,2026-04-24T12:35:04+00:00,2026-05-27T00:16:09+00:00,3,0,0,75.7035,62.74,137.9783850,3
0xe81ebf4716bdef544921cccbee2a3e63b06cab0b,2026-05-23T15:12:32+00:00,2026-05-23T17:04:41+00:00,2,0,0,10.02,10.02,19.98990,2
0xe8212647b9451a4d46373a90db62f88913dcfca9,2026-05-24T13:28:29+00:00,2026-05-24T13:28:29+00:00,1,0,0,10.0,0,9.9800,1
0xe821d597d53bb282e03bcc63fde018c8f6b9b27e,2026-03-23T03:14:35+00:00,2026-03-23T03:14:35+00:00,1,0,10.0,0,0,0.100,1
0xe82216daf67c6d4cec4a71e5335a11ecacf9c194,2026-05-19T13:06:16+00:00,2026-05-19T13:06:16+00:00,1,0,0,72.725,0,72.579550,1
0xe8272179ea33a000c03d71e0f16d5a511dc1ae99,2026-05-22T15:00:04+00:00,2026-05-22T15:00:04+00:00,1,0,0,21.4925,0,21.4495150,1
0xe834535e24fd96e591fcdd7ed4519ce17ddbfd78,2026-05-22T16:14:00+00:00,2026-05-22T17:11:43+00:00,2,0,0,13.8475,13.84,27.6182850,2
0xe848d3807fc18e162d222b9cb14f91a9a1d96220,2026-05-09T02:27:05+00:00,2026-05-16T05:11:16+00:00,4,0,0,2698.1205,2698.12,5379.9745990,4
0xe85a7c5efb3ddd4b4f286782ea6f0bdd4682c536,2026-04-23T06:50:52+00:00,2026-04-25T20:11:26+00:00,4,0,0,220.699733,220.69,439.409345001,4
0xe85c0580508636c0d47c89ff55cf11c7276ded6b,2026-03-08T22:27:57+00:00,2026-03-21T09:22:31+00:00,17,786.51500,786.505714,0,0,14.7397889995328586,17
0xe862a5cb3dba2220c819e6b9879cc92756aaa0b0,2026-06-01T05:54:16+00:00,2026-06-01T05:54:16+00:00,1,0,0,30.03,0,29.99997,1
0xe863aaac8847f8d27bda8ef81cd5889b7a22a093,2026-04-20T08:30:46+00:00,2026-04-20T18:03:44+00:00,2,3700.0,3700.0,0,0,40.7000,2
0xe8766309cf7a7a19e30ca91d5d27afbc048f42b6,2026-05-19T13:06:19+00:00,2026-05-19T23:28:32+00:00,2,0,0,9000.0,9000.0,17955.0000,2
0xe89403e33494094d123cf6d5b312bbca112ea8d6,2026-05-11T14:27:27+00:00,2026-05-11T14:44:36+00:00,2,0,0,1016.148333,1016.14,2025.175328001,2
0xe8a7540bc1cee510e8496e2de5add0c630c4684d,2026-06-03T07:46:27+00:00,2026-06-03T09:00:28+00:00,2,0,0,111.601,111.6,222.866199,2
0xe8be532e4691eb391781dfc1722de0d5bbd9ad37,2026-05-31T12:12:47+00:00,2026-05-31T12:12:47+00:00,1,0,0,17.017,0,16.999983,1
0xe8dd7741ccb12350957ec71e9ee332e0d1e6ec86,2025-12-11T08:03:11+00:00,2026-05-28T07:09:10+00:00,1261,0,0,377177.899981,0,374672.9736496315128302,1259
0xe9076a87c5ed90ef16e6fe6529c943baeca0cff6,2026-04-29T14:44:38+00:00,2026-06-16T19:16:02+00:00,74,345793.089996,12283.32,0,0,488.5580635470000025,74
0xe925f7f0ad541b74fe9c5a96185b282d8d64ee28,2026-05-16T06:52:49+00:00,2026-05-16T07:11:01+00:00,2,0,0,970.4705,970.47,1936.0881490,2
0xe929d9aa6dbff66a94a914ecce9455e95259b354,2026-03-18T12:10:53+00:00,2026-03-18T12:10:53+00:00,1,0,0,1.01109,0,0.999967999990209,1
0xe92dad439c3f3fc5e5d36256b6347a55b2efef41,2026-06-02T00:34:23+00:00,2026-06-02T00:34:42+00:00,4,0,0,10.360,10.36,20.688920,4
0xe9359b75c341cbc202438b33667de9125651eebc,2026-05-08T13:12:11+00:00,2026-05-09T06:27:53+00:00,2,0,0,2125.376,2125.37,4235.868392,2
0xe93de075a254bc6efaf1e5eee1ba4d853809e4da,2026-05-17T15:01:49+00:00,2026-05-17T15:01:49+00:00,1,0,0,31.7735,0,31.7099530,1
0xe94a640cdf4bda5b07cb269f96413115102e0ff1,2026-03-19T01:25:23+00:00,2026-04-23T20:03:48+00:00,2,253.84,253.84,0,0,3.032079987864,2
0xe96720950db5c4efc45cf4dec37dcac55fab2539,2026-05-02T17:41:28+00:00,2026-05-13T06:59:57+00:00,4,0,0,120.151,120.15,239.577444,4
0xe9730e88c44c9bc0ddb3f4358ba6296d36df291a,2026-05-17T14:39:44+00:00,2026-05-17T14:39:44+00:00,1,0,0,5.0,0,4.9900,1
0xe97ba2341220e2a5d24d5889a4e781f47c0f4616,2026-04-12T19:47:31+00:00,2026-04-15T18:06:48+00:00,2,166.9,166.9,0,0,2.1697,2
0xe9876317be7e64219b225dee969841c79276fe33,2026-05-20T16:42:59+00:00,2026-05-21T15:51:19+00:00,5,0,0,700.0,700.0,1396.5000,5
0xe9913cc2b7f5b45ae17a2ee6d81fad9ddea79a47,2026-05-20T04:56:18+00:00,2026-05-20T10:56:48+00:00,2,0,0,105.21,105.21,209.89395,2
0xe9a377d6bbca2b72a618e2afaa3013a8881e0509,2026-05-26T02:50:17+00:00,2026-06-04T18:16:00+00:00,2,0,0,6.112,6.11,12.197556,2
0xe9a615a1c25dc37e899bf4ecf3a19ed26b8779b1,2026-04-19T16:14:56+00:00,2026-04-19T17:12:14+00:00,2,0,0,70.221,70.22,139.668575,2
0xe9a9a8fe6792455c161d9d9c9931c11c3b62d06e,2026-03-27T09:50:25+00:00,2026-03-29T03:38:04+00:00,4,181.818178,181.8,0,0,3.9997979943636776,4
0xe9b7c2a888b5dd7a986bc9e432c4d41c778eb301,2026-05-15T08:19:19+00:00,2026-05-15T08:19:19+00:00,1,0,0,50.0,0,49.9000,1
0xe9bf697000267e0a3fd21b3c67bdca900763b7de,2026-05-21T13:53:06+00:00,2026-05-27T10:17:41+00:00,3,0,0,38.8670,16.45,55.1899160,3
0xe9ccb7cb5af5f810327da613bdee3b4d163f7e87,2026-02-25T09:12:28+00:00,2026-05-17T15:05:56+00:00,2,0,0,50.454,50.45,100.298564,2
0xe9cf8045b381a71926f1ea42f4b157869c6c69c4,2026-06-04T22:49:24+00:00,2026-06-04T22:49:46+00:00,4,0,0,10.160,10.16,20.289520,4
0xe9d29ca477a2691252cc8dde4c9a5aed324c6ce0,2026-05-23T11:56:32+00:00,2026-05-23T11:56:32+00:00,1,0,0,1.022,0,1.019956,1
0xe9dfd341caac947226d364239c18412bbe1ca8ad,2026-04-20T09:45:06+00:00,2026-04-20T09:45:06+00:00,1,186.46,0,0,0,1.11876,1
0xe9f0896402ada7018f7369c09ceb568d8ca3c43d,2026-05-16T05:45:25+00:00,2026-05-21T00:31:54+00:00,2,0,0,6.0,6.0,11.9700,2
0xe9fdf533ea99a317b52b953240d2989882967ede,2026-05-23T23:34:59+00:00,2026-05-23T23:34:59+00:00,1,0,0,20.3705,0,20.3297590,1
0xea0e7b6c58316beb4fa57ba65c314e8fc8d0345a,2026-04-17T05:40:10+00:00,2026-04-25T09:04:44+00:00,2,50.0,50.0,0,0,0.4500,2
0xea182a07b5e0fd303f852ad7aa9fabbc13a611c7,2026-05-21T12:06:53+00:00,2026-06-05T00:07:19+00:00,2,0,0,200.0,102.0,301.4980,2
0xea1d0994702deab30244e7e893be9a356a69bc95,2026-04-23T04:09:00+00:00,2026-04-23T05:21:46+00:00,2,0,0,68.0602,68.06,135.3715390,2
0xea299dbdc55c50824433acd97ee53d127caf9487,2026-05-03T03:40:36+00:00,2026-05-04T04:56:28+00:00,2,0,0,909.48,909.48,1812.59364,2
0xea2ee15021fb832112d7de08eb04c46b89e186a3,2026-05-12T06:42:45+00:00,2026-05-12T06:59:40+00:00,2,0,0,1008.717,1008.71,2012.383436,2
0xea3091db0827ec2f6aae7e789159412eede94e82,2026-05-09T20:24:54+00:00,2026-05-09T20:41:16+00:00,2,0,0,8.024,8.02,15.987848,2
0xea401081850aa42af42fded86d347a506f1a2864,2026-05-01T09:35:34+00:00,2026-05-01T10:35:16+00:00,2,0,0,55.767,55.76,111.136659,2
0xea46cc22e438bbc13bfb83ab5adcd32719de3f09,2026-03-04T03:03:03+00:00,2026-03-04T05:34:09+00:00,2,0,0,320.0,320.0,634.2400,2
0xea5426e4221994e4089403359d4c42f88de5b997,2026-05-11T08:18:22+00:00,2026-05-11T08:18:22+00:00,1,250.0,0,0,0,1.0000,1
0xea57698356e612568130bc5b811a557d831c0c13,2026-05-09T08:54:21+00:00,2026-05-09T12:50:35+00:00,2,0,0,2070.210333,2070.21,4125.928862001,2
0xea59222b01f6797c6c3624aba2cef2e430874440,2026-05-27T10:30:06+00:00,2026-05-27T11:43:54+00:00,2,0,0,12.9655,12.96,25.8606890,2
0xea5ecb4002fbcb0bddadcaafecc337067df5eb77,2026-05-13T09:49:50+00:00,2026-06-04T18:35:36+00:00,3,0,0,120.0,55.0,174.6600,3
0xea6028149d9964afa1d70f4e3084e46909641ced,2026-05-27T00:03:12+00:00,2026-05-27T00:03:12+00:00,1,0,0,224.9695,0,224.5195610,1
0xea76f55163ba7639734f78d837c915f07f5021fe,2026-05-29T09:24:59+00:00,2026-05-29T10:35:39+00:00,2,0,0,10.02,10.02,19.98990,2
0xea7a59e38afa17daaaaa35f6bc77765bbccc7d1d,2026-05-18T10:43:04+00:00,2026-05-19T12:43:11+00:00,2,0,0,200.0,200.0,399.0000,2
0xea7c5984583fb33aad3a9577c852aa2ad40e41f6,2026-05-17T07:21:29+00:00,2026-05-17T07:32:32+00:00,2,0,0,6.012,6.01,11.991946,2
0xea9ac15852c7b6a61ac42d678f170ce44b8b1c41,2026-04-14T01:26:45+00:00,2026-04-21T18:24:52+00:00,2,0,0,61.11,61.11,121.48668,2
0xeaa1ed3ebe309318bbb0ec3bef241f72e9b2bf72,2026-05-11T03:30:38+00:00,2026-05-17T17:19:29+00:00,4,0,0,15.037,15.03,29.977795,4
0xeaac0b87d2705f40c899ad7a35a4befa0dbefd5d,2026-04-19T06:08:30+00:00,2026-05-21T18:01:10+00:00,4,0,0,238.5265,238.52,474.6142780,4
0xeaacb85b432f1baf35f4c8a8243195a8732da678,2026-05-28T01:04:38+00:00,2026-05-28T01:04:38+00:00,1,0,0,15.0,0,14.9700,1
0xeac2b872e0d3ec71cb35c91cfe0dcbecdb6cc13e,2026-05-25T11:59:45+00:00,2026-05-25T16:23:21+00:00,2,0,0,88.176,88.17,175.905138,2
0xead105f4fa482097595de9fbf5867279851b76c8,2026-03-16T12:37:27+00:00,2026-03-16T12:37:27+00:00,1,0,0,3.336636,0,3.2999329999960368,1
0xead3ad2d46001614282fb88d90e5fce788ec58d1,2026-05-17T14:30:57+00:00,2026-05-31T03:32:16+00:00,2,0,0,20.24,20.23,40.38906,2
0xeae43e9ba1c5d833adc1c99a3aa5c0fcc596ad95,2026-05-30T22:20:11+00:00,2026-06-01T00:38:20+00:00,4,1500.0,187.0,0,0,3.1870,4
0xeae9a03589b5f7d267921d6c6e64ad3f243f7886,2026-05-22T15:51:48+00:00,2026-05-22T15:51:48+00:00,1,0,0,18.557,0,18.519886,1
0xeae9be31357b8963524112032746b7783e6320ec,2026-05-29T20:07:57+00:00,2026-05-30T08:34:51+00:00,2,0,0,22.022,22.02,43.975938,2
0xeaeaab5b26f76e2a27d34dd5ed45cac344991d63,2026-05-17T01:56:46+00:00,2026-05-17T02:12:08+00:00,2,0,0,8.016,8.01,15.985938,2
0xeaeeafe24a993d67bb1476127f163c1cfed32eff,2026-05-23T01:26:25+00:00,2026-05-23T01:26:25+00:00,1,0,0,830.9215,0,829.2596570,1
0xeaef2dd7c2c0b5fb43b792297d911e7a3d0d0131,2026-05-17T07:06:24+00:00,2026-05-23T23:15:20+00:00,3,0,0,11.4225,4.5,15.8861550,3
0xeb026eb5fe32962a089e1f1d71c23d157a47ad92,2026-06-01T12:21:01+00:00,2026-06-01T12:21:01+00:00,1,500.0,0,0,0,1.0000,1
0xeb1275877847a75ab3f8621afeb3982873896f8a,2026-05-26T21:59:11+00:00,2026-05-26T21:59:11+00:00,1,0,0,319.218,0,318.579564,1
0xeb2387d400cebbef2b5f36f26d7d0b075cb996fe,2026-05-22T17:36:55+00:00,2026-05-23T08:27:19+00:00,2,0,0,60.12,60.12,119.93940,2
0xeb29302b697d3dd7a1025828b1e65ca171ec7717,2026-05-16T06:24:09+00:00,2026-05-16T06:24:09+00:00,1,0,0,5.01,0,4.99998,1
0xeb2a18861a39cc395fc4b5d1e79fd4fb56e7be1b,2026-05-06T03:56:52+00:00,2026-05-06T06:43:22+00:00,2,0,0,80.01,80.01,159.45993,2
0xeb2aef516660762d99aef91945fcf72f6e9b6de5,2026-05-22T07:08:07+00:00,2026-05-22T07:08:07+00:00,1,0,0,10.02,0,9.99996,1
0xeb43ddd1b105e3ef19531bb95e47d233203987e9,2026-05-26T12:06:09+00:00,2026-05-26T23:32:38+00:00,2,0,0,8920.0,8920.0,17795.4000,2
0xeb4479647438a9d3f3460dd41b9c5287db594bd6,2026-05-23T12:34:25+00:00,2026-05-25T04:04:00+00:00,2,0,0,137.2745,137.27,273.8581410,2
0xeb49d68a28d67666c5e662b4aa6e6316a07c7efc,2026-05-16T01:10:40+00:00,2026-05-16T01:10:40+00:00,1,0,0,6.012,0,5.999976,1
0xeb658206697392da3759302f73b6edcd5939b693,2026-05-23T12:03:30+00:00,2026-05-23T12:03:30+00:00,1,0,0,20.0,0,19.9600,1
0xeb6d3114000dbc5fffc957f46f058281f30602d1,2026-06-03T17:56:57+00:00,2026-06-03T17:56:57+00:00,1,1750.0,0,0,0,3.5000,1
0xeb6d766de23f2312d3b350cd6f3f32cf80a3e4e4,2026-02-13T06:56:11+00:00,2026-02-17T09:06:29+00:00,2,0,0,61.434352,61.43,120.6527979975696944,2
0xeb6e07fe4e1620095d6caf228f7dd772ba2cbfd9,2026-04-30T03:46:34+00:00,2026-05-02T08:31:36+00:00,4,0,0,276.308666,276.30,550.674540002,4
0xeb776e1e79a074ebd8f89d28acd71ee2a05f5fe9,2026-05-22T03:15:27+00:00,2026-05-22T05:00:48+00:00,2,0,0,10.02,10.02,19.98990,2
0xeb7f797ba7c684ed285054b696e434a72e8ee4d2,2026-05-31T08:12:34+00:00,2026-06-08T18:13:13+00:00,2,0,0,1.451,1.45,2.898099,2
0xeb84baf7fc0697d860587433fba6e33416915685,2026-03-18T17:21:33+00:00,2026-03-18T17:21:33+00:00,1,166.666666,0,0,0,1.999999992,1
0xeba49f89812ed655aebfb7515b74ea110b1bd463,2026-04-17T02:17:02+00:00,2026-05-08T15:20:38+00:00,2,0,0,6.9,6.9,13.7310,2
0xebb27d6e2614fe0b0f0e395460d27964d982c640,2026-02-04T12:29:12+00:00,2026-02-04T12:29:12+00:00,1,166.666665,0,0,0,2.9999990033333430,1
0xebb4aa795f3eb778e333b9db00566e209f1c408e,2026-05-12T10:37:15+00:00,2026-05-12T10:49:00+00:00,2,0,0,5.01,5.01,9.99495,2
0xebc0df15e665da95bf819105b723ae90042ffa41,2025-12-11T21:18:41+00:00,2026-03-18T21:14:01+00:00,25,0,0,550.564573,0,543.7112449921202444,25
0xebd0d2bffd7c632ba4dee46b0ca60d9eb5d83d98,2026-05-02T11:53:36+00:00,2026-05-26T16:52:09+00:00,3,0,0,145.4995,119.07,263.6831440,3
0xebd8e7f32ebc5a6634f2eed9b5f014a06c403776,2026-05-16T00:36:36+00:00,2026-05-16T00:36:36+00:00,1,0,0,6.012,0,5.999976,1
0xebdf525f7c3c09b1d6973c0829252faa7bdf7e57,2026-05-17T07:39:41+00:00,2026-05-17T07:39:41+00:00,1,0,0,10.0,0,9.9800,1
0xebea19c8a0130ec68c94f4ab391aa7de5bb8e2d5,2026-05-09T05:04:26+00:00,2026-05-10T08:16:06+00:00,4,0,0,457.060666,457.06,910.921244002,4
0xebee73b47125611403710f45c0610f7a0dd9a320,2026-04-17T11:29:22+00:00,2026-04-17T11:29:22+00:00,1,166.666666,0,0,0,0.999999996,1
0xebf8698b6b61025c8a230c75a2a692a1537992b8,2026-05-30T08:50:28+00:00,2026-06-07T15:50:49+00:00,2,0,0,1199.0,1199.0,2395.6020,2
0xec00c9286bc91cab69a68a67b3cf8d85c8e8dcb1,2026-05-06T03:20:42+00:00,2026-05-06T05:44:26+00:00,2,0,0,86.589666,86.58,172.563577002,2
0xec1b89725f8abe735ae240cacb0f390ed79e3b64,2026-05-22T03:29:31+00:00,2026-05-22T04:51:49+00:00,2,0,0,13.026,13.02,25.980888,2
0xec1c4ce7add2bf8892f58766e4d8af73a2eaed14,2026-05-27T14:59:54+00:00,2026-05-30T22:15:29+00:00,2,0,0,8.216,8.21,16.393148,2
0xec1e6eafffd999bf93f53ff26801c49fd30827ae,2026-06-03T21:28:21+00:00,2026-06-04T06:38:25+00:00,2,5000.0,5000.0,0,0,15.0000,2
0xec2d40b3e75b5251323b84261182ea226ad545a8,2026-05-13T06:36:35+00:00,2026-05-16T09:27:21+00:00,4,0,0,3011.689,3011.68,6008.310582,4
0xec3e59b45df75bcc9d7524316570992339f9e575,2026-06-04T19:39:52+00:00,2026-06-04T19:40:07+00:00,4,0,0,10.160,10.16,20.289520,4
0xec481c195c1a300b3f4bbe37fcc3567ed51283a2,2026-05-17T01:56:55+00:00,2026-05-17T05:10:57+00:00,2,0,0,714.6,714.6,1425.6270,2
0xec4e9efe2181535d047f80aec68e7bf141af5381,2026-05-31T11:18:47+00:00,2026-05-31T11:18:47+00:00,1,0,0,18.018,0,17.999982,1
0xec52ddcf5b84e5750aec87e1b2ddfea3057443d1,2026-05-31T12:23:10+00:00,2026-05-31T12:28:05+00:00,2,0,0,105.835,105.83,211.347505,2
0xec58f8baca5d190abbd0a476c3dfe11a366dbc31,2026-05-31T17:10:11+00:00,2026-06-05T06:36:12+00:00,2,0,0,5.505,5.5,10.993995,2
0xec59c78e9f8311c0ecb27ea824e88915290b774b,2026-05-19T18:05:06+00:00,2026-05-19T18:05:06+00:00,1,333.333333,0,0,0,0.999998999000001,1
0xec76ebb5fa21a2a3be1575543f5955fc2c78b24e,2026-05-20T15:36:22+00:00,2026-06-01T07:08:46+00:00,2,0,0,2.9055,2.9,5.7938890,2
0xec80357472a6cf65f6bf74cfeb17e836d3f9129b,2026-05-26T09:54:19+00:00,2026-05-26T09:54:19+00:00,1,0,0,9.178,0,9.159644,1
0xec829edacf53dad6fdfb89f752ca7b8004a26eaa,2026-01-22T03:13:02+00:00,2026-05-11T15:57:32+00:00,102,3473.036071,3373.026173,0,0,72.1968839951492799,102
0xec87a9f5fd39badcbb5e549b6b76bce74db78ece,2026-04-26T07:16:50+00:00,2026-04-26T09:21:12+00:00,2,0,0,120.631666,120.63,240.417251002,2
0xec8cfcb18763be161a5c67c5a2a749921c7ee357,2026-04-16T19:36:04+00:00,2026-04-16T19:36:04+00:00,1,188.11,0,0,0,1.31677,1
0xec8d9974c8248283de5abe6a00cb75584e11e83a,2026-05-09T20:41:04+00:00,2026-05-09T20:41:04+00:00,1,250.0,0,0,0,1.0000,1
0xec91844b97e0c0ee9055fe8fdae22c9641fcc17e,2026-05-13T16:20:07+00:00,2026-05-14T06:13:26+00:00,2,0,0,20.04,20.04,39.97980,2
0xecb4ddf164b9addd8534f9ccf7e26d00c01b410f,2026-05-10T23:11:05+00:00,2026-05-11T02:02:12+00:00,2,0,0,222.668,222.66,443.769356,2
0xecc70e8924c9c597f5c8165e21d41a3e4a1a1ba4,2026-05-11T02:28:55+00:00,2026-05-11T02:29:57+00:00,2,0,0,168.505333,168.5,335.825817001,2
0xecd86d5e4abf25d45db20080160b0a4e6290a07d,2026-04-25T21:46:56+00:00,2026-05-26T22:33:08+00:00,3,0,0,1934.490,1551.38,3474.244116,3
0xecf3950dd28feb721c9cd8bfef7393651fd92aa0,2026-05-14T11:08:29+00:00,2026-05-16T14:50:46+00:00,2,0,0,494.9895,494.98,987.4945810,2
0xecff09b673b4cfd268f0488ab1bcf8465f351ee6,2026-05-02T04:34:26+00:00,2026-05-29T18:18:31+00:00,4,0,0,74.036,74.03,147.598336,4
0xed00372270fcda5901179eea816d8a828279f13f,2026-04-16T16:40:16+00:00,2026-04-16T16:40:16+00:00,1,0,0,29.99,0,29.81006,1
0xed0dfc94354ed90332a5eb1bae846158c794a476,2026-05-26T08:53:00+00:00,2026-05-26T08:53:00+00:00,1,0,0,17.084,0,17.049832,1
0xed0f30cff25742b23a33778dd43212ad7eeb5178,2026-05-16T14:54:01+00:00,2026-05-31T07:43:22+00:00,2,0,0,3.607,3.6,7.192586,2
0xed1e65fb638b6ac25c0623512da4f0d2405ab4a3,2026-02-28T09:01:45+00:00,2026-02-28T09:01:45+00:00,1,0,0,1.207166,0,1.1999230000163522,1
0xed1f01fef749eb5a42005ed300921e2dad29bac6,2026-04-28T06:38:22+00:00,2026-04-29T01:59:18+00:00,2,0,0,2705.4105,2705.41,5397.2934490,2
0xed2448e1c75483974af4720331c8849b2da700bb,2026-05-26T05:11:24+00:00,2026-05-26T09:32:21+00:00,2,0,0,38.116,38.11,76.035438,2
0xed2462601e9351e0dde69ab460165db8b197da64,2026-05-07T06:15:10+00:00,2026-05-07T17:22:01+00:00,2,0,0,53.41,53.41,106.39272,2
0xed2667b2e09f6b5e298a6b8f90493b6a519f1567,2026-05-27T05:39:36+00:00,2026-05-27T05:43:03+00:00,2,0,0,105.4305,105.43,210.3333490,2
0xed2c86f71ec86f2695b80cbde2e7c00c01021fb4,2026-05-26T22:37:01+00:00,2026-05-29T18:16:38+00:00,2,0,0,3.8075,3.8,7.5922850,2
0xed323e396981dcd260dfff17d506605b042fafb5,2026-06-12T22:39:57+00:00,2026-06-12T22:39:57+00:00,1,1000.0,0,0,0,1.0000,1
0xed398ff0aa73bca4a8356c3aa5be4eed35cf9057,2026-05-28T06:15:52+00:00,2026-05-28T09:23:16+00:00,2,0,0,11.9135,11.91,23.7639430,2
0xed3dd422724a300ca954882ffc991b936fb529b2,2026-05-28T17:28:45+00:00,2026-06-02T16:06:05+00:00,8,0,0,185.230,185.23,369.814130,8
0xed5db890a55a0ac383454c80f11a3e146c7cb81f,2026-06-04T15:36:49+00:00,2026-06-05T04:28:57+00:00,2,2500.0,0,0,0,4.0000,2
0xed5e4ad52c3d0d956cdf66399167605e178e1aea,2026-04-25T10:35:08+00:00,2026-04-25T11:37:28+00:00,2,0,0,97.562666,97.56,194.439738002,2
0xed6730f93149fb5ab2f3ef70119f223f861d8217,2026-04-26T08:24:38+00:00,2026-04-27T01:16:10+00:00,2,0,0,137.422,137.42,273.880054,2
0xed878c00987c7317e5230fa14ccbdd9d4f155391,2026-05-20T18:13:24+00:00,2026-05-20T18:13:24+00:00,1,0,0,20.3205,0,20.2798590,1
0xed88fd95f6c6981b4e077371ca3a4b7dc8f50dfd,2026-04-23T13:26:58+00:00,2026-05-19T11:58:50+00:00,35,7457.976331,7457.00,0,0,46.1449289949554990,34
0xed89c0a75bc0352efe97a2c6925ba8d6e487647b,2026-04-01T00:32:27+00:00,2026-04-01T00:32:27+00:00,1,5.0,0,0,0,0.0600,1
0xed8b33aabf0d7d15aa0024eba3501c0ea19b3494,2026-05-24T11:50:48+00:00,2026-05-24T11:50:48+00:00,1,0,0,55.0,0,54.8900,1
0xed91abf23aa2fa64240ddf32a07587d11d6ff158,2026-05-19T19:42:01+00:00,2026-05-20T23:47:51+00:00,2,0,0,140.2805,140.28,279.8590990,2
0xed979df782f96927898b2c4d163a4402dd820370,2026-03-24T03:16:03+00:00,2026-03-24T03:38:29+00:00,3,0,0,882.05645,882.05,1749.993597958971775,3
0xed9998799fd27b6e4cbb3d4b1b9b34e6b3940b7a,2026-05-19T11:35:47+00:00,2026-05-19T16:25:26+00:00,2,0,0,142.2845,142.28,283.8530910,2
0xed9cbe2cf559eae9470878e16eebdcfa7fd2acb3,2026-04-24T10:28:08+00:00,2026-04-24T11:43:38+00:00,2,0,0,121.103,121.1,241.355291,2
0xedb754f707d5f70ba5bbe994b95e7916eb370115,2026-05-28T05:30:38+00:00,2026-05-28T08:25:03+00:00,2,0,0,10.02,10.02,19.98990,2
0xedd031ae44e4fcea4195252dcb37215084e9d1e9,2026-05-18T11:11:51+00:00,2026-05-18T14:12:10+00:00,2,0,0,42.114,42.11,84.013442,2
0xedd2b7e5aecac88d411a8a8c51bce3a26d0016c0,2026-02-04T12:29:12+00:00,2026-02-04T12:30:20+00:00,2,0,0,18.11,18.11,35.56804,2
0xeddd7cf3fc820441db3a20dcc5844f9b0af29134,2026-05-26T19:41:21+00:00,2026-05-30T00:59:53+00:00,2,0,0,12.124,12.12,24.195512,2
0xedde72eca5cd417535087121976adb28d828a9d6,2026-05-10T14:31:31+00:00,2026-05-10T14:31:31+00:00,1,0,0,22.3,0,22.2331,1
0xeddee1178430999b043ee5a46426f959c6d04034,2026-05-24T12:17:17+00:00,2026-05-24T12:17:17+00:00,1,0,0,7.9155,0,7.8996690,1
0xede01a65343f5832d6d93fa5a90203c457d2a20a,2026-04-18T06:54:20+00:00,2026-04-18T09:14:52+00:00,2,0,0,50.7134,50.71,100.8655730,2
0xedf091b9debb7a15675ee6c72198ad203a0a979c,2026-05-17T08:37:27+00:00,2026-05-17T08:37:27+00:00,1,333.333333,0,0,0,0.999998999000001,1
0xee1c4c980aef5ee0276c913d1cf212a1851a20d8,2026-05-07T14:47:24+00:00,2026-05-25T14:28:51+00:00,2,0,0,22.066,22.06,43.993622,2
0xee227b711789fd26c9da57750a0711a69f081bf6,2026-05-01T17:00:26+00:00,2026-05-01T17:45:58+00:00,2,0,0,61.313666,61.31,122.194485002,2
0xee2714310c4d71e6a371627de67fac02ed12370e,2025-12-10T22:38:16+00:00,2025-12-11T02:09:57+00:00,2,0,0,5.0,5.0,8.800,2
0xee292e8cbca9cf11b394a98f0ee6904c00e389d8,2026-03-04T04:10:59+00:00,2026-03-31T23:13:21+00:00,60,0,0,1417.16,1417.155382,2803.8525600010157027,54
0xee3c9be5741b757f63baef4b045dafb19525f273,2026-05-08T08:43:07+00:00,2026-05-08T08:44:09+00:00,2,0,0,69.207333,69.2,137.922911001,2
0xee5b7f8a3291d5b7deff6a012cbe31c5a3246892,2026-04-19T09:20:30+00:00,2026-04-19T09:21:10+00:00,2,0,0,2.01,2.0,3.98795,2
0xee670d7ce53a1c52760a484f2efdb8db541c172c,2026-05-27T03:36:28+00:00,2026-05-27T05:27:54+00:00,3,0,0,31.9735,13.46,45.3291730,3
0xee6b8d87881631cdac475927bd0e9e6beef58dac,2026-05-20T20:06:10+00:00,2026-06-07T19:01:09+00:00,2,0,0,1.543,1.54,3.078374,2
0xee7cef1091468844df77866821f18350e4fab7a4,2026-03-06T17:00:31+00:00,2026-03-08T19:55:07+00:00,2,125.0,125.0,0,0,2.0000,2
0xee879537c93ba37f486bd2b7d0cd33ed8344cd6a,2026-05-17T16:01:00+00:00,2026-05-19T03:58:20+00:00,2,0,0,59.118,59.11,117.932434,2
0xee8afadbfa59af19e26500a51d99c2818d090bff,2026-05-13T04:43:21+00:00,2026-05-13T13:32:33+00:00,2,0,0,83.166,83.16,165.910188,2
0xee95d1035fb93ed3419cc150c6137b4761a3a211,2026-03-19T22:33:15+00:00,2026-03-19T22:33:15+00:00,1,0,0,43.846857,0,43.539929001,1
0xee9a51abcb36490ccd8bb5b5ca4b2213843baca7,2026-04-11T18:24:45+00:00,2026-04-14T00:53:33+00:00,2,195.19,195.19,0,0,2.53747,2
0xeea3e171e654091a89f1cdf2bc36a05b7cb228e4,2026-05-24T07:43:47+00:00,2026-05-24T07:43:47+00:00,1,0,0,9.8895,0,9.8697210,1
0xeea68a62d7b5cf53f3a08ea08ed6d93bc77b865b,2026-04-26T03:21:56+00:00,2026-04-26T04:19:42+00:00,2,0,0,123.099,123.09,245.327343,2
0xeeb1ecf78c441b95e52735f359010852d44b6075,2026-06-01T09:28:40+00:00,2026-06-01T09:33:52+00:00,2,0,0,105.925,105.92,211.527235,2
0xeeb975706bba0fe52687a637eab8f95c05516f7a,2026-03-09T04:09:31+00:00,2026-03-17T09:43:11+00:00,8,0,0,30.0,29.993278,59.3033580000772468,8
0xeec339cec4398f43bd8f28dad0a43c454fb41ef2,2026-05-02T04:25:08+00:00,2026-05-02T06:48:06+00:00,2,0,0,338.485333,338.48,674.595957001,2
0xeec6be2aa0f23ca7e90a2b899fa9394ece24c210,2026-06-04T02:56:37+00:00,2026-06-04T03:05:13+00:00,2,0,0,108.388,108.38,216.442852,2
0xeece6533fe82f2162b1ba820b826d750968d8ada,2025-12-10T22:38:16+00:00,2026-02-02T14:43:34+00:00,2,6.5625,6.56,0,0,1.11152000012500,2
0xeed884f22e7708fff0932b3ba5d92c6474b08d2c,2026-05-05T07:04:12+00:00,2026-05-05T17:22:30+00:00,2,0,0,107.22,107.22,213.58224,2
0xeed956a82333930f833018c1e2787c99a5536546,2026-05-26T21:22:36+00:00,2026-05-26T21:22:36+00:00,1,0,0,363.737,0,363.009526,1
0xeedd863d35cea568d8e71667afe9221e6ea25c95,2026-04-20T21:38:36+00:00,2026-06-17T03:21:45+00:00,2,0,0,13.35,13.35,26.61990,2
0xeee1a0daf6ecd122f858617867bb16956cd80e81,2026-05-25T20:46:10+00:00,2026-05-26T01:29:26+00:00,2,0,0,93.186,93.18,185.900088,2
0xeee2d4e8fe25c326a62799c59cae3ff9e5d533f1,2026-05-31T10:22:51+00:00,2026-05-31T10:22:51+00:00,1,0,0,18.018,0,17.999982,1
0xeee753e797a7165eac852336204da2cf63dcf3c1,2026-05-12T09:21:58+00:00,2026-05-12T12:31:24+00:00,2,0,0,2080.16,2080.16,4149.91920,2
0xeef03850d8395705fb02ea0fefea2fbe386076ca,2026-05-23T13:11:26+00:00,2026-05-23T13:11:26+00:00,1,0,0,51.4025,0,51.2996950,1
0xeef4598a3e1c7d26ec9e57167e10b3df0ffd7715,2026-05-14T00:18:57+00:00,2026-05-14T00:32:43+00:00,2,0,0,2.0,2.0,3.9900,2
0xef00eec6444c28f8453ec4afa2c0c22c196239d4,2026-05-24T09:07:12+00:00,2026-05-24T13:28:38+00:00,2,0,0,29.549,29.54,58.941282,2
0xef023e27fc293a3bdac8dfec5ed7671f961ad914,2026-06-17T16:04:53+00:00,2026-06-17T16:04:53+00:00,1,1000.0,0,0,0,1.0000,1
0xef02ae62bf79392eaaa2c7a4a07daa872d444f7e,2026-05-19T02:10:58+00:00,2026-05-29T11:02:45+00:00,18,0,0,5394.0,5394.00,10761.03000,18
0xef039c5394af903a2c473cbf4edf5de8e90ca414,2026-05-27T10:14:05+00:00,2026-05-27T10:14:05+00:00,1,0,0,15.671,0,15.639658,1
0xef067173d620f8306a40d2c880c66166c3e963fa,2026-05-09T13:29:36+00:00,2026-05-17T07:59:25+00:00,4,0,0,15.037,15.03,29.977795,4
0xef0c1721f82d01ff0edb9ab8cedac0e54c4d2902,2026-04-18T05:10:04+00:00,2026-04-18T08:52:30+00:00,2,0,0,80.824,80.82,160.754960,2
0xef1e7c29a6376fe414bc222182c920e54c8e6886,2026-03-12T16:59:25+00:00,2026-03-14T05:26:03+00:00,2,76.923075,76.92,0,0,1.7691989980769475,2
0xef2a7f112754631d0fabbe480751bcd2f5484c74,2026-05-27T23:19:03+00:00,2026-05-27T23:19:03+00:00,1,0,0,23.8475,0,23.7998050,1
0xef3a1faede63b94939b336d2ce9bd6f7be336a16,2026-06-04T12:42:49+00:00,2026-06-04T12:43:10+00:00,4,0,0,10.160,10.16,20.289520,4
0xef3af302c9c0db8aa85f20254982a8d950557458,2026-02-12T08:19:17+00:00,2026-02-12T08:19:17+00:00,1,0,0,1.221944,0,1.1999490000573640,1
0xef3f19a4f1d99801effe3a778a3708ba22e60b41,2026-05-22T23:28:45+00:00,2026-05-23T07:50:20+00:00,2,0,0,9180.0,9180.0,18314.1000,2
0xef4add4c847ee70c46ed738588c65bc1f0786eb5,2026-04-24T06:01:00+00:00,2026-04-24T06:54:54+00:00,2,0,0,67.201333,67.2,133.930929001,2
0xef56bcaec104f9a39c9351e8565fd4e63a1a035d,2026-04-21T21:34:08+00:00,2026-05-22T16:18:57+00:00,4,0,0,72.251,72.25,143.766365,4
0xef6343542afb8058491f29cb5a7194c542604b19,2026-05-11T09:27:17+00:00,2026-05-11T12:50:47+00:00,2,0,0,227.683,227.68,453.769231,2
0xef6fac4a47e83c31ab655bfd02309678f434ce90,2026-04-19T06:35:02+00:00,2026-04-19T10:23:14+00:00,2,0,0,61.5978,61.59,122.5102710,2
0xef77035e50727b4d8b3b98632a255ff5e86ddfc7,2026-05-03T03:41:00+00:00,2026-05-04T04:57:16+00:00,2,0,0,944.41,944.41,1882.20913,2
0xef83d5fdddc203f963b72f779517f606a766025b,2026-05-18T10:50:23+00:00,2026-05-18T11:01:16+00:00,2,0,0,100.2,100.2,199.8990,2
0xef954b86ca864ccd5a8a8e2a745c7f6a9f82c649,2026-04-09T03:43:57+00:00,2026-04-16T23:57:02+00:00,2,166.9,166.9,0,0,2.1697,2
0xef9a46a96e34ec9eacf7e8761f5bd7d93362ab6f,2026-05-27T23:31:41+00:00,2026-05-27T23:31:41+00:00,1,0,0,10.9615,0,10.9395770,1
0xef9fc3d71f106f81d71ec8525afe91d1d47e8ca1,2026-05-20T04:14:06+00:00,2026-05-20T04:14:06+00:00,1,0,0,24.098,0,24.049804,1
0xefb6b39ae32d508a442288393bf4bfabaeb45040,2026-05-21T13:32:13+00:00,2026-05-21T14:46:32+00:00,2,0,0,20.601,20.6,41.097998,2
0xefc77e555e2060b08854db2b7e99a5572a65b9f9,2026-05-31T06:00:16+00:00,2026-05-31T07:32:36+00:00,2,0,0,16.7,16.7,33.3499,2
0xefd3a60dfd9688003e8a083c0e57c0f86261d4b0,2026-04-28T05:29:00+00:00,2026-04-28T05:29:00+00:00,1,0,0,26.8735,0,26.8197530,1
0xefd57dc073e418e0f1b05721df975742a3a7bc16,2026-05-25T05:36:42+00:00,2026-05-25T08:42:38+00:00,2,0,0,14.9795,14.97,29.8746310,2
0xefdd8a3566c047d76ded4ca5c9ed569ba3096edc,2026-05-07T08:58:20+00:00,2026-05-07T09:58:49+00:00,2,0,0,80.02,80.02,159.47986,2
0xefe1b590f881e10fc670237acd09c8f43597edcd,2026-05-04T05:37:04+00:00,2026-05-04T07:06:24+00:00,2,0,0,932.14,932.14,1857.75502,2
0xf012c9cdcc8c8ff57fa7b30715a01de07d24270d,2026-04-10T12:37:53+00:00,2026-04-18T14:27:56+00:00,2,0,0,9.1,9.1,18.0908,2
0xf01fec9e60d6573501a7974ce352524eb27b6f22,2026-04-20T07:41:24+00:00,2026-04-20T08:45:28+00:00,2,0,0,52.3516,52.35,104.1257420,2
0xf02061f715423565c1d16bcf2858b4ebdfde3751,2026-05-15T08:50:15+00:00,2026-05-18T13:29:26+00:00,2,0,0,109.218,109.21,217.881934,2
0xf02c1957a25839e1be4c8ff0f7a8158716608920,2026-05-17T05:48:17+00:00,2026-05-24T13:38:31+00:00,2,0,0,115.23,115.23,229.88385,2
0xf040c7594cc34b62e311af82d6c051691b8e61f4,2026-05-16T01:50:09+00:00,2026-05-23T00:44:56+00:00,3,3333.333332,3333.33,0,0,16.6666579960000008,3
0xf040ca161b0f3827a1b4ef1689022482dea83a86,2026-04-30T21:01:04+00:00,2026-06-06T18:26:49+00:00,12,6649.0,4991.0,140.0,0,160.2320,12
0xf0428bc2dbda8f107e1e0e7379bf64b670da036b,2026-05-07T11:20:26+00:00,2026-05-07T12:02:12+00:00,2,0,0,61.404,61.4,122.374188,2
0xf04c37a9e357c1bde5f768aee92c8fb42e2d8896,2026-05-16T11:07:41+00:00,2026-05-29T15:42:22+00:00,4,0,0,203.166,203.16,405.345248,4
0xf05a5efd3bf49ed32eadadbf2214901c5cf361f6,2026-05-09T14:23:04+00:00,2026-06-05T00:07:19+00:00,2,0,0,123.0,33.0,155.5980,2
0xf05d0c3f69c449fd269ed30c81905a548032b906,2026-04-18T06:44:10+00:00,2026-04-18T09:17:36+00:00,2,0,0,69.407,69.4,138.043565,2
0xf05fdb1ef2be5101e3faf359f3a833cce5a481fa,2026-04-17T20:02:50+00:00,2026-04-17T20:02:50+00:00,1,0,0.1,0,0,0.0005,1
0xf06b0f86e5d80f5e7ee6849488b5a2416db520e8,2026-05-11T17:16:56+00:00,2026-05-18T19:48:18+00:00,4,0,0,775.0,775.0,1546.1250,4
0xf0717b3e1230e08fd5da7f42b627bf49d6816dca,2026-05-05T14:21:14+00:00,2026-05-06T04:00:46+00:00,2,254.0,254.0,0,0,1.7780,2
0xf0809393c3b6d616f8380c4fe9a055efdfaff3f4,2026-04-08T03:17:53+00:00,2026-04-08T03:48:09+00:00,2,0,0,4.0,4.0,7.9480,2
0xf08beec891db46b807c0718b72ce4e30f96ee73d,2026-05-01T13:13:18+00:00,2026-05-01T13:13:18+00:00,1,350.0,0,0,0,1.4000,1
0xf08f70e60b4f1453dd7662d244b72f796b5bcb82,2026-04-24T03:22:48+00:00,2026-05-23T02:56:53+00:00,3,0,0,143.528333,101.86,244.591971001,3
0xf090c678dc716caed312cfe01ee986809c44f759,2026-05-21T13:08:24+00:00,2026-05-22T12:31:13+00:00,3,0,0,39.268,13.59,52.738694,3
0xf0a3d22ad0478befc162de8dc754c724abd964df,2026-04-22T14:52:42+00:00,2026-04-25T04:11:36+00:00,4,0,0,272.4966,272.49,542.5401830,4
0xf0ab289d707b88016d7454c5f4727a988f15a0d4,2026-05-13T08:32:38+00:00,2026-05-13T18:00:11+00:00,2,0,0,206.4125,206.41,411.7904450,2
0xf0ab9d3c748b95201934b4221f7dca6f91a6649a,2026-04-19T08:41:44+00:00,2026-04-19T09:58:00+00:00,2,0,0,56.8944,56.89,113.1585880,2
0xf0b0ef1d6320c6be896b4c9c54dd74407e7f8cab,2026-03-08T19:57:21+00:00,2026-03-08T22:06:57+00:00,2,0,0,15.0,15.0,29.6550,2
0xf0b149291e0da5d8a8c20e42dbd15da97c0a34c8,2026-05-11T02:24:40+00:00,2026-05-11T07:01:10+00:00,2,0,0,73.580666,73.58,146.645604002,2
0xf0b1bc88bd479490c6473dd6faf54299e154362c,2026-04-16T03:46:12+00:00,2026-04-17T04:20:00+00:00,2,0,0,191.146833,191.14,379.801972002,2
0xf0b64705dd2ce9745e55b8f93a6aadee29f1f9d9,2026-01-29T09:11:46+00:00,2026-02-25T16:00:06+00:00,11,0,0,148.188234,148.167047,293.2025770004957145,11
0xf0b77642348af09f5c401c7ac66f757d2d39846d,2026-05-23T08:58:32+00:00,2026-05-23T08:58:32+00:00,1,0,0,73.8675,0,73.7197650,1
0xf0d9d82cd8683a7098b64b9461167cd4a98394c6,2026-06-17T06:23:52+00:00,2026-06-17T06:23:52+00:00,1,5000.0,0,0,0,5.0000,1
0xf10485d92744d886ee9f71ae4e36d062dcd93b6f,2026-05-13T16:32:13+00:00,2026-05-26T02:16:08+00:00,4,0,0,132.264,132.26,263.862692,4
0xf108d5e4371b13a000644ae779b7daea39860330,2026-01-28T13:29:55+00:00,2026-03-31T16:42:11+00:00,2,53.61111,53.61,0,0,1.428879998524611,2
0xf10b688dae7b94c2e7b15dcd48128e05793090c9,2026-06-04T18:50:12+00:00,2026-06-04T18:50:27+00:00,4,0,0,10.160,10.15,20.279540,4
0xf1104e2ce1208839adc9a3cc75e09541e785e5db,2026-05-14T18:56:37+00:00,2026-05-14T21:03:35+00:00,2,0,0,113.647,113.64,226.718786,2
0xf11269254d1f29c70b8eab0f00136288dc679731,2026-05-25T18:14:37+00:00,2026-05-26T06:28:10+00:00,2,0,0,50.1,50.1,99.9495,2
0xf112d9cef79ded8890d920c08754f40c5348b22d,2026-04-26T13:50:14+00:00,2026-04-26T13:50:14+00:00,1,1500.0,0,0,0,6.0000,1
0xf11445cb203dc3f29f7134ccfbe3941e6904d319,2026-06-02T21:19:45+00:00,2026-06-03T02:26:26+00:00,2,0,0,20.02,20.02,39.97994,2
0xf1189a74db9e2c7ce8675f05a1ba34aea413cae0,2026-05-11T02:28:08+00:00,2026-05-11T02:28:08+00:00,1,0,0,8.0,0,7.9760,1
0xf1190433201c29bfd0edd88da04dd36b61067fb8,2026-02-25T05:42:22+00:00,2026-03-01T14:56:39+00:00,2,0,0,2.018111,2.01,3.9878379999909445,2
0xf139a605d24d70d3c7f8d4b7ac3db809f6a79a1b,2026-03-04T03:51:29+00:00,2026-03-04T03:51:29+00:00,1,494.483636,0,0,0,5.0000000149132516,1
0xf145e35fcbc85b738e5d5d0e2f2d5aa195262e1b,2026-05-13T15:59:19+00:00,2026-05-13T20:49:37+00:00,2,666.666666,666.66,0,0,3.3333189980000010,2
0xf1472431756f058fcd2b6b50a9e010bf90d843d5,2026-05-21T02:56:29+00:00,2026-05-21T02:56:29+00:00,1,0,0,18.537,0,18.499926,1
0xf148c384345acfa2d58127d9cb5e8b50e2f48ec0,2026-05-12T01:33:54+00:00,2026-06-07T02:02:19+00:00,2,0,0,16.032,1.0,16.998936,2
0xf162641e2ee49b8972e333c5683bc735bd267169,2026-05-17T07:54:09+00:00,2026-05-17T07:54:09+00:00,1,0,0,10.0,0,9.9800,1
0xf168beec9171220080af119ebd458b4f9cf35638,2026-06-12T05:15:55+00:00,2026-06-12T05:15:55+00:00,1,1000.0,0,0,0,1.0000,1
0xf16be0e53e9aab7018cfd23d36273132ca46baeb,2026-05-15T04:43:16+00:00,2026-05-15T19:05:28+00:00,2,0,0,117.234,117.23,233.877842,2
0xf16db78c6d33ea6d2198ff8304d9f64951b366c8,2026-05-28T10:03:10+00:00,2026-05-28T10:21:19+00:00,2,0,0,106.3625,106.36,212.1906950,2
0xf1747ab492aa99aef21f8597c1cf9bf39c3cffff,2026-03-04T09:27:23+00:00,2026-03-04T09:29:25+00:00,2,0,0,13.16,13.16,26.03048,2
0xf17530a7eb58aea19679eb875cbd1c5ccd9cf09a,2026-04-25T21:20:58+00:00,2026-04-26T01:11:16+00:00,2,0,0,1821.654666,1821.65,3630.553102002,2
0xf1810f4ccbc0f21b5475ac2d41ba2aa8fa4eab15,2026-04-18T07:06:20+00:00,2026-04-18T09:29:22+00:00,2,0,0,284.5628,284.56,565.9926260,2
0xf1a2f936e355b9cb8ff3b9996e7fb2c8a735f1b6,2026-03-22T18:05:49+00:00,2026-03-31T23:24:59+00:00,37,0,0,965.999089,965.995755,1911.6836659960794722,36
0xf1a8844bd2fb2b27e61a5d6b4309034bd127e682,2026-05-06T01:39:12+00:00,2026-06-08T02:24:31+00:00,20,0,0,945.951332,945.95,1886.885438004,20
0xf1b816ab6eb129d7d6a5a50bec7062e54d51d36c,2026-05-19T13:38:17+00:00,2026-05-19T13:38:17+00:00,1,0,0,7.014,0,6.999972,1
0xf1d7a13868972b87c0da005f71c8d14f214f897c,2026-04-30T13:36:12+00:00,2026-06-07T09:11:33+00:00,2,0,0,21.063,21.06,42.038751,2
0xf1fa2a7a7294bfe68e16795df8f0acb5f0d11ab0,2026-05-19T23:47:57+00:00,2026-06-15T16:29:06+00:00,2,0,0,55.6,55.6,111.0332,2
0xf204ca9103fd8f4f305cd1f403e21eab914f6734,2026-05-26T23:37:02+00:00,2026-05-26T23:37:02+00:00,1,0,0,372.4845,0,371.7395310,1
0xf20af2884c17ced250d5b5f75e7ad531524dba07,2026-05-20T01:05:52+00:00,2026-05-20T01:05:52+00:00,1,0,0,8.016,0,7.999968,1
0xf2176e042a6730ba2841768756ff6c905f294e88,2026-05-09T07:36:34+00:00,2026-05-09T10:36:05+00:00,2,0,0,39.548333,39.54,78.811528001,2
0xf2274d1b35fb684f1ade1f6c1d7f4219bdace12b,2026-05-30T14:23:01+00:00,2026-05-30T14:23:01+00:00,1,0,0,1.801,0,1.799199,1
0xf232c88ce53909bdee37660f659e51bd0004df0e,2026-05-07T13:34:48+00:00,2026-05-07T15:43:59+00:00,2,0,0,103.169333,103.16,205.607185001,2
0xf2434c87ceeae29bf83a8e7713f67e24653c6145,2026-05-27T01:31:18+00:00,2026-05-27T20:58:47+00:00,2,0,0,75.15,75.15,149.92425,2
0xf2598824d2041628ea1bf464126baf8b5735e02a,2026-03-27T08:14:27+00:00,2026-03-30T02:49:16+00:00,4,181.818178,181.8,0,0,3.9997979943636776,4
0xf25ebbea507c982ce8a5a4a15816dbedc70ddeaf,2026-03-18T15:46:13+00:00,2026-03-18T15:46:13+00:00,1,90.909089,0,0,0,0.9999989971818388,1
0xf26e3167609daa8da16a2f095db3d66450e644da,2026-04-24T03:26:12+00:00,2026-04-24T04:29:58+00:00,2,0,0,102.988666,102.98,205.247780002,2
0xf2748c7a9ee71b12606176afa7ac4ac1266d88c8,2026-05-09T04:17:27+00:00,2026-05-09T04:17:27+00:00,1,0,0,10.0,0,9.9600,1
0xf27a0ff93faa3d17ef9ab310fd0faebed29d3087,2026-05-13T10:37:37+00:00,2026-05-13T13:10:18+00:00,2,0,0,45.09,45.09,89.95455,2
0xf27d97f73047b7ae6282e2a1878ce2fabe552158,2026-05-19T00:58:59+00:00,2026-05-20T00:48:22+00:00,2,0,0,57.114,57.11,113.938442,2
0xf294eccc341105b44f862f761ebd2257a26125eb,2026-05-01T05:23:32+00:00,2026-05-01T07:23:14+00:00,2,0,0,1326.02,1326.02,2642.75786,2
0xf29af62268829d45f19569c6fb29fd628c102552,2026-03-25T05:27:19+00:00,2026-03-25T05:30:01+00:00,3,0,0,1034.52,1034.519099,2045.9641579762881713,3
0xf2a6ba92c2427c66f28f4504971315df3e5b3dd1,2026-05-12T15:06:43+00:00,2026-05-12T15:06:43+00:00,1,66666.666666,0,0,0,199.999999998,1
0xf2c59d11725c74e746b45c2d8adc88ec45ba7c61,2026-05-23T17:55:27+00:00,2026-05-23T17:55:27+00:00,1,0,0,404.4185,0,403.6096630,1
0xf2e562d34fa8431f1a0500daba75cf9be3e3c4e0,2026-06-07T10:08:57+00:00,2026-06-07T10:08:57+00:00,1,1000.0,0,0,0,1.0000,1
0xf2e98e3725c344802069f34a71413199956c8599,2026-05-19T08:03:34+00:00,2026-05-19T08:03:34+00:00,1,0,0,53.8375,0,53.7298250,1
0xf2ebb6fb4982c8ff49ddc89c802c70b250f16eb5,2026-02-01T17:21:28+00:00,2026-03-18T21:09:33+00:00,8,0,0,240.0,0,236.92500,8
0xf2ec25f406d47a8790b0485c41a9a3aa0f009a8c,2026-05-12T15:38:10+00:00,2026-05-12T15:38:10+00:00,1,0,0,10.02,0,9.99996,1
0xf2fa83217fab73511f28b665d05493ac25996c01,2026-05-27T14:17:40+00:00,2026-05-27T14:20:43+00:00,2,0,0,104.4285,104.42,208.3263830,2
0xf2fbae0ca50b809174bd0735d8c2f6a5fb90062f,2026-04-23T23:22:30+00:00,2026-04-23T23:22:30+00:00,1,250.0,0,0,0,1.0000,1
0xf303cf2a0b848965ab71af9859488361197085a4,2026-05-17T15:41:13+00:00,2026-05-17T17:10:37+00:00,2,0,0,58.8575,58.85,117.4132350,2
0xf3157a3a64af637275b310e7bb032ca5e58a717f,2026-04-24T15:01:10+00:00,2026-05-01T23:43:06+00:00,4,0,0,160.119999,160.11,319.109199003,4
0xf31809cc99e08d43a96ad5e9728e3a1780b2ae3d,2026-04-17T12:19:46+00:00,2026-04-21T08:01:28+00:00,2,0,0,11.83,11.83,23.52987,2
0xf31ae267f3b3210598fd119effbce8043cc68fbc,2026-05-11T15:40:06+00:00,2026-05-15T23:55:37+00:00,4,53333.32,53333.32,0,0,266.66660,2
0xf3222a027e79e87cdcd9971c065a2367780b841e,2026-04-09T03:44:01+00:00,2026-04-16T23:57:18+00:00,2,0,0,21.93,21.93,43.57491,2
0xf3281203943a3c19a157e2d4ad79764bbd3f5d28,2026-05-27T05:58:32+00:00,2026-05-27T08:09:42+00:00,2,0,0,10.12,10.12,20.18940,2
0xf32eeb69c54eeadbff854e4ce6585ba8baec83b4,2026-02-28T06:20:59+00:00,2026-03-14T17:36:17+00:00,4,190.909089,190.9,0,0,3.9998989971818388,4
0xf3320c76e2339f3fc83b30245da70e7d3dfcffa2,2026-05-18T18:58:24+00:00,2026-05-18T18:58:24+00:00,1,333.333333,0,0,0,0.999998999000001,1
0xf335da59a10b004eb3305d81a429b84baf06c904,2026-04-25T14:32:32+00:00,2026-04-25T22:38:20+00:00,4,0,0,304.412666,304.41,606.691788002,4
0xf339682d02d0d4ea7d0075ca8fd2d2915ec858ac,2026-05-26T12:08:04+00:00,2026-05-26T12:08:04+00:00,1,0,0,12.515,0,12.489970,1
0xf339d4a94a96fbaac1e6ad26187e7fa6153bcb89,2026-05-27T15:10:15+00:00,2026-05-28T09:00:05+00:00,2,0,0,140.2805,140.28,279.8590990,2
0xf3423208741bfd9d5859341667093ed00c2b1e14,2026-04-09T09:08:07+00:00,2026-04-09T09:08:07+00:00,1,1000.0,0,0,0,7.0000,1
0xf344aa8c6842bd17699023ab71db3a5f67f19d46,2026-05-13T10:48:37+00:00,2026-05-13T12:58:08+00:00,2,0,0,59.8795,59.87,119.4501310,2
0xf359cb5976ea5913a03075000331f57996733de9,2026-05-07T18:10:01+00:00,2026-05-09T09:29:46+00:00,2,0,0,1.905666,1.9,3.792349000094334,2
0xf360e83598fbdbfab9cb4b6f64d4ad530cb2338d,2026-05-25T13:23:06+00:00,2026-06-15T01:04:00+00:00,2,0,0,38.076,38.07,76.031778,2
0xf364d32985794dcf0a588631e9048acdea243814,2026-05-31T12:34:02+00:00,2026-05-31T12:34:02+00:00,1,0,0,16.016,0,15.999984,1
0xf365a684b5364a477ce4124931d66c71776097f4,2026-06-03T11:13:00+00:00,2026-06-04T14:49:45+00:00,2,0,0,35.035,35.03,69.959905,2
0xf372a35f9cf4f9a5a8106e7e8a2abd3ef56cf4c2,2026-05-07T05:40:54+00:00,2026-05-07T06:52:48+00:00,2,0,0,1694.613666,1694.61,3377.361385002,2
0xf3812afac2dafbc4b5a0a52b3ab1f0c3a17e8eee,2026-05-22T11:10:26+00:00,2026-05-22T11:10:26+00:00,1,0,0,50.0,0,49.9000,1
0xf383c3f11e2e7d3fb3bd70519dceb10101867bf5,2026-05-26T01:38:34+00:00,2026-05-26T01:41:55+00:00,2,0,0,62.124,62.12,123.933392,2
0xf39150a4c648d5573b28590131ceb9bb566b324a,2026-05-25T17:30:52+00:00,2026-05-26T01:48:55+00:00,2,0,0,185.3705,185.37,369.8136490,2
0xf3af753354970e37db9072343509d5a5e7ea0807,2026-05-18T22:40:23+00:00,2026-05-18T22:40:23+00:00,1,0,0,169.218,0,168.879564,1
0xf3c14a0d80cdb12052a1028137e0c7d306556c6b,2026-04-18T13:13:14+00:00,2026-05-25T05:21:42+00:00,4,0,0,101.4821,101.48,201.9163500,4
0xf3d25409f417c0f240296cc8d41af4417964d107,2026-05-07T04:37:28+00:00,2026-05-07T05:45:25+00:00,2,0,0,54.513333,54.51,108.641753001,2
0xf3f348d0951989fe77a1e222e9e884ee65afb450,2026-04-30T07:56:10+00:00,2026-05-16T08:54:48+00:00,6,16500.0,16500.0,0,0,92.5000,6
0xf3f512ab97b43c466cd8559ee54f35e20e8748ee,2026-04-20T13:19:26+00:00,2026-04-20T13:21:48+00:00,2,0,0,500.0,500.0,994.5000,2
0xf3f828d8534d0fa21b5e11d335fdf14526a11f90,2026-03-24T06:31:25+00:00,2026-03-29T10:09:34+00:00,4,194.444444,194.44,0,0,3.916619995,4
0xf41ef5bbdafa8ed8d900e1bb50ca864f3e9748bd,2026-05-09T11:28:46+00:00,2026-06-13T13:48:28+00:00,2,0,0,37.713,37.71,75.272151,2
0xf4287cdd948f5065d37e1b596721193a8abcac4a,2026-05-27T00:33:25+00:00,2026-05-27T02:12:21+00:00,2,0,0,9105.0,9105.0,18164.4750,2
0xf42a900d8f0dc87010fcbcc1354a0a9b0070d193,2026-05-21T05:51:39+00:00,2026-05-21T06:17:45+00:00,2,0,0,2004.008,2004.0,3997.987984,2
0xf44087ae961056c0d96dede89dec78903cff269c,2026-03-23T07:55:27+00:00,2026-03-23T08:38:41+00:00,3,0,0,113.25,113.25,224.12175,3
0xf441f15a6cb0b1107aff6a8fa0b0a600fac97797,2026-05-31T11:16:57+00:00,2026-06-03T09:37:41+00:00,2,0,0,1.301,1.3,2.597099,2
0xf44c4eba14aeda6f37e9a930f7ccec73e8d2e6e0,2026-05-21T17:42:48+00:00,2026-05-21T18:46:54+00:00,2,0,0,26.9935,26.99,53.8485430,2
0xf4509d73ad39be36aa501b15bbbfbb6832935576,2026-04-19T13:27:56+00:00,2026-04-19T15:20:22+00:00,2,0,0,234.623,234.62,466.662165,2
0xf4619d50de7a799bda530779e2dad6b6057a05f5,2026-05-26T20:58:10+00:00,2026-05-26T20:58:10+00:00,1,0,0,382.214,0,381.449572,1
0xf46b3db4afc82fade920daaadf7ef15c33b14671,2026-05-14T11:08:29+00:00,2026-05-16T14:50:46+00:00,2,0,0,494.9895,494.98,987.4945810,2
0xf4818fdf2e2d732f3680ce540c7ab69b6c50b561,2026-05-29T16:05:49+00:00,2026-05-29T16:12:21+00:00,2,0,0,105.475,105.47,210.628585,2
0xf4969b863cf17684f039bc0dc6d7400610add21f,2026-05-21T02:16:49+00:00,2026-05-21T02:16:49+00:00,1,0,0,5.01,0,4.99998,1
0xf4a0eb48605bef813870e18ce9224059f133fa79,2026-05-03T03:39:38+00:00,2026-05-04T04:55:48+00:00,2,0,0,928.46,928.46,1850.42078,2
0xf4a30c7ef6fbb4a1257ca4e759f61d6c98d8ca01,2026-03-10T12:39:25+00:00,2026-03-10T13:02:53+00:00,2,0,0,13.32,13.32,26.26704,2
0xf4a51f934a9b094181138e0710d9f58d91066e12,2026-05-24T13:49:52+00:00,2026-05-24T13:49:52+00:00,1,0,0,10.0,0,9.9800,1
0xf4aefda7ce5c070465a2b74420ca4b01514da4b9,2026-05-04T04:54:34+00:00,2026-05-04T08:19:36+00:00,2,0,0,250.842333,250.84,499.926446001,2
0xf4c0027bc178c1e8a8c748f29a8c30e5f25bf9b2,2026-05-26T11:44:37+00:00,2026-06-06T17:06:58+00:00,76,0,0,1676.5140,1676.50,3347.2469500,76
0xf4c904ab1b190f54395df08b103a0887fe39a86e,2026-05-26T23:03:19+00:00,2026-05-26T23:03:19+00:00,1,0,0,7.9855,0,7.9695290,1
0xf4d17e5af457e40f2583b335451377a041a8fdee,2026-05-23T12:32:51+00:00,2026-05-23T12:32:51+00:00,1,0,0,13.0,0,12.9740,1
0xf4de1cd28e7ccc900b2482a288e28335d484149b,2026-05-28T04:46:13+00:00,2026-05-28T05:40:00+00:00,2,0,0,11.9735,11.97,23.8836430,2
0xf4f5b44330e76c6e1c2632d494a09605437e7154,2026-05-16T00:53:15+00:00,2026-05-16T00:53:15+00:00,1,0,0,6.012,0,5.999976,1
0xf4f841e60fb964c6b940a2909e230bb89369e1d7,2026-05-23T00:43:31+00:00,2026-05-23T16:08:49+00:00,2,0,0,221.4425,221.44,441.7752950,2
0xf4ff0c6e5586354211c2b54cf350c2ce9e1ccabf,2026-05-15T05:30:03+00:00,2026-05-15T06:49:04+00:00,2,0,0,112.3645,112.36,224.1626910,2
0xf5045d01c8150f8db996b08ac79c96d18af29650,2026-05-17T14:24:15+00:00,2026-05-17T14:24:15+00:00,1,0,0,9.72,0,9.70056,1
0xf50700f23144a2778ebdd74d315a7cdbbaf533d7,2026-05-30T13:17:08+00:00,2026-05-30T13:17:08+00:00,1,0,0,12.812,0,12.799188,1
0xf50f3352041d034432a92019970eda4097448cda,2026-05-08T13:19:02+00:00,2026-05-08T14:29:51+00:00,2,0,0,62.026,62.02,123.611842,2
0xf51059b1e088bc525a9d02cfccbef4e566d6e493,2026-03-31T11:55:41+00:00,2026-03-31T19:56:01+00:00,2,0,0,1.008,1.0,1.991936,2
0xf5183756a0be58aa0b0960f1e2d2451894b631d5,2026-05-04T09:03:02+00:00,2026-05-04T09:03:02+00:00,1,1.0,0,0,0,0.0020,1
0xf5250fff70ec9ce76ee161af5cbef8521734f2a2,2026-04-18T11:46:44+00:00,2026-04-18T13:22:18+00:00,2,0,0,81.0854,81.08,161.2734930,2
0xf52a78c0f0933b20c0c7d9727a13ff68013fe276,2026-05-13T14:11:40+00:00,2026-05-29T18:04:02+00:00,3,5000.0,5000.0,0,0,20.0000,3
0xf52c81e45e3bc25ba09d6d40ac9a9cd0bb77852f,2026-05-07T07:00:42+00:00,2026-05-07T17:45:17+00:00,2,0,0,50.7,50.7,100.9944,2
0xf54d6de83f7cf486e610501a7df9337b92645cc9,2026-05-30T03:34:11+00:00,2026-05-30T11:37:04+00:00,2,0,0,22.022,22.02,43.975938,2
0xf54fab3fb3bf74ce623bb32371182b162d769f09,2026-05-17T20:59:48+00:00,2026-05-24T19:38:29+00:00,2,0,0,66.132,66.13,131.931346,2
0xf562bd15a84ff1baa7b248b1a4c849719bae373c,2026-05-26T11:46:28+00:00,2026-05-26T11:49:42+00:00,2,0,0,106.232,106.23,211.930846,2
0xf58d14a3d3fe6af565b8539cc311d6957ac98a2b,2026-05-21T05:10:09+00:00,2026-05-21T11:44:13+00:00,2,0,0,125.2505,125.25,249.8742490,2
0xf5942b355c95ae83a85d4a8b0c3c41eec070997e,2026-04-29T21:04:26+00:00,2026-05-14T01:02:45+00:00,5,26175.0,26175.0,0,0,157.0500,5
0xf5967fb703f9a21b9fd830d2dacc78b7deb74177,2026-05-03T08:55:42+00:00,2026-05-03T11:23:44+00:00,2,0,0,41.364,41.36,82.434468,2
0xf596d4093aceade1725d25f9220be2932c6dccf2,2026-05-28T11:42:03+00:00,2026-05-30T06:15:26+00:00,2,0,0,243.4865,243.48,485.9925670,2
0xf5992acf173235b712b1e09b3b3ebf38d0c34623,2026-05-19T17:17:44+00:00,2026-05-19T19:47:39+00:00,2,0,0,10.02,10.02,19.98990,2
0xf5ade8f1bbe0b42f38c06bb54f7c9a75a09d24a2,2026-04-26T06:43:24+00:00,2026-04-26T07:56:18+00:00,2,0,0,225.075,225.07,448.569495,2
0xf5c4040dcd56117d1ce5176e7546e28b57c58346,2026-05-13T12:47:19+00:00,2026-05-13T16:32:31+00:00,4,0,0,17.034,17.03,33.978842,4
0xf5d2972d2c637c2781f60d8255198168afa88547,2026-04-25T09:53:22+00:00,2026-04-25T10:35:26+00:00,2,0,0,167.251666,167.25,333.330911002,2
0xf5fcfd008744e6197ebc9e8d981ea144583a3809,2026-03-04T09:27:23+00:00,2026-03-04T09:29:11+00:00,2,0,0,11.78,11.78,23.30084,2
0xf6203f98ac017593d9d19354e1f61c8065ed678f,2026-05-13T04:19:11+00:00,2026-05-15T05:18:16+00:00,6,0,0,17.034,17.03,33.978842,6
0xf62ac57f54a396d5e549dce7d5428b7966862896,2026-03-18T09:07:23+00:00,2026-03-18T09:20:49+00:00,2,0,0,87.0,87.0,171.8250,2
0xf639193ff7a2b3fff03ab5a0ef8957581f089372,2026-04-23T03:25:48+00:00,2026-05-29T14:03:08+00:00,4,0,0,85.5629,85.56,170.2619530,4
0xf6466154c536351aebd81aa4efeca98d3d6c0765,2026-05-23T21:57:50+00:00,2026-05-24T02:41:08+00:00,2,0,0,369.3685,369.36,736.8816830,2
0xf649af31d4f6c6489931d1b204f5b26bace121f7,2026-03-29T09:40:00+00:00,2026-03-29T09:40:00+00:00,1,91.0,0,0,0,1.0010,1
0xf6649e766eccc9fd89ab92a2531020b5ac908470,2026-05-02T07:59:08+00:00,2026-05-02T09:50:10+00:00,2,0,0,1526.42,1526.42,3042.15506,2
0xf66fbc94d11534ddad9dfd0b56fb0cb63a43323a,2026-04-10T23:17:09+00:00,2026-04-10T23:48:23+00:00,2,0,0,7.0,7.0,13.9090,2
0xf6748c69fbb1f434f2d34a1c4d37fa446d9fcbd0,2026-04-10T02:30:35+00:00,2026-05-08T12:53:33+00:00,4,5.0,5.0,514.0,514.0,1021.3530,4
0xf67526e474e64e6dd729ba3d4ea45e17542fd3ae,2026-04-13T00:03:05+00:00,2026-04-15T06:02:06+00:00,2,157.0,157.0,0,0,2.0410,2
0xf6d0b6a4530e27b1910492e5ea95839230fd2df2,2026-05-26T09:54:17+00:00,2026-05-26T09:54:17+00:00,1,0,0,25.24,0,25.18952,1
0xf6d17bf5a8e52dbaf36f389ce853068ee0c5a974,2026-05-26T19:29:04+00:00,2026-05-26T21:49:07+00:00,2,0,0,80.16,80.16,159.91920,2
0xf6d7edac47eb80b868310a2c820a60cd332b519f,2026-05-07T13:50:03+00:00,2026-05-07T17:52:43+00:00,2,0,0,80.431,80.43,160.297987,2
0xf6dbeb0e9397739758e492d1d551ab61daaa04db,2026-05-20T00:56:05+00:00,2026-05-20T00:56:05+00:00,1,0,0,7.014,0,6.999972,1
0xf6e0d8407382ea61994fbed0d4312a99d4c14783,2026-04-19T12:59:20+00:00,2026-04-19T13:54:30+00:00,2,0,0,75.437,75.43,150.037235,2
0xf6e4723f0c74be5e892da9b0ca5cd021db1a2810,2026-05-10T16:41:58+00:00,2026-05-21T16:42:20+00:00,4,0,0,1664.160333,1664.16,3318.334545001,4
0xf6f15d7730ab6e06138e47d86d1df2fc82579bd6,2026-05-27T05:31:26+00:00,2026-05-27T05:31:26+00:00,1,0,0,10.9715,0,10.9495570,1
0xf6f9187b6ecf4ab53b1659987fce570525f8a64c,2026-05-22T00:05:07+00:00,2026-05-23T05:44:55+00:00,2,0,0,141.2825,141.28,281.8560950,2
0xf70c160ab93ac001fa78c5d38247ad025a98ab70,2026-04-22T14:01:18+00:00,2026-04-22T16:27:32+00:00,2,0,0,66.3516,66.35,131.9717420,2
0xf71061cce6d1ab8aaef8f6928a4fdb5dfe15edc9,2026-03-25T23:58:07+00:00,2026-03-25T23:58:07+00:00,1,0,500.0,0,0,5.000,1
0xf710b3b995dcfbeeae16ae0226166a4bcc299951,2026-05-18T16:50:37+00:00,2026-05-19T13:01:16+00:00,2,0,0,56.112,56.11,111.941446,2
0xf718e9114530b632a67e1a6d4659aea9d3a6c127,2026-05-18T00:14:54+00:00,2026-05-18T00:14:54+00:00,1,0,0,6.563,0,6.549874,1
0xf72177326c1fb185d4b4d2ae433e373f541e2c26,2026-06-16T18:10:55+00:00,2026-06-16T18:10:55+00:00,1,1000.0,0,0,0,1.0000,1
0xf725fa13e939cf7af4a7f1cc4b7a990ba3b3641d,2026-05-20T07:25:59+00:00,2026-05-20T07:26:06+00:00,2,3333.333333,3333.33,0,0,16.6666589990000001,2
0xf732ddd15f7849f7cc66ccdbeb4cddc6e2a7b933,2026-05-07T13:17:25+00:00,2026-05-08T06:05:02+00:00,2,0,0,1977.933666,1977.93,3942.018145002,2
0xf7464731e3a02a2e6f613a659e12bf4ac941fd99,2026-05-18T05:20:24+00:00,2026-05-18T13:14:23+00:00,2,0,0,198.3965,198.39,395.7945370,2
0xf754a38cd6f3baea93382620d9947bc1c6dd60ae,2026-04-27T23:10:16+00:00,2026-04-29T23:04:06+00:00,2,333.333333,333.33,0,0,1.999989999,2
0xf75615511b537e18a4fb5cabb30c510308beb141,2026-05-21T06:32:27+00:00,2026-05-21T06:32:55+00:00,2,0,23.0,0,23.0,22.9770,2
0xf756dca3c9b2751114e5ee340127fa6f6a8f567d,2026-06-01T14:21:18+00:00,2026-06-02T07:07:14+00:00,2,0,0,17.017,17.01,33.975963,2
0xf78cf1046f3e4fc2cd1fc478a7b313ee8ba86b99,2026-05-26T19:18:13+00:00,2026-05-26T23:36:30+00:00,2,0,0,110.22,110.22,219.88890,2
0xf79315c5608080651b16c93ee003a3bc2e8cf683,2026-05-22T15:35:05+00:00,2026-06-03T08:55:57+00:00,2,0,0,703.9775,703.97,1405.1316050,2
0xf79f811ea1d44ade64074a03726da261907e66e6,2026-05-07T07:19:20+00:00,2026-05-07T12:32:27+00:00,2,0,0,2115.346,2115.34,4215.878602,2
0xf79fb57d01a88564845cc0aebcac0f5dd5f397b2,2026-05-20T22:15:24+00:00,2026-05-21T13:13:39+00:00,2,0,0,235.4705,235.47,469.7631490,2
0xf7a56c7cd3395d8a4977b77d9090194681e65449,2026-05-06T06:27:54+00:00,2026-05-06T07:52:24+00:00,2,0,0,54.052,54.05,107.723644,2
0xf7a664f8674e5bfcfaa4ca8708796b82f898a4b8,2026-06-13T01:57:22+00:00,2026-06-13T01:57:22+00:00,1,3000.0,0,0,0,3.0000,1
0xf7b60c0e96e5eeeaad2ffd796f15da2366417e1d,2026-05-14T11:29:50+00:00,2026-05-14T22:48:05+00:00,2,0,0,3.006,3.0,5.990988,2
0xf7b8d1ae7e5d1e2dc5864d417387a8bab9182992,2026-03-20T18:34:09+00:00,2026-03-20T18:34:09+00:00,1,400.0,0,0,0,3.2000,1
0xf7c0a9cfa10a115d176f3aa9daaff48bb071e2a6,2026-05-02T04:09:26+00:00,2026-05-26T05:36:53+00:00,4,0,0,182.691333,182.69,364.154871001,4
0xf7d132c9aa541ae09c74357e160fa05ff064f3cb,2026-04-30T13:57:56+00:00,2026-04-30T13:57:56+00:00,1,250.0,0,0,0,1.0000,1
0xf7dbaf60e6870923dda859a368ef8cc4c1b50625,2026-05-27T12:19:01+00:00,2026-05-27T15:15:14+00:00,2,0,0,10.02,10.02,19.98990,2
0xf7df4e76bf890d42e2699ad16b3a24ef1f5bf627,2026-05-16T21:51:07+00:00,2026-05-17T01:52:09+00:00,2,0,0,163.3265,163.32,325.8298870,2
0xf7fe63888aed0f98540c959b392a858dfa741e42,2026-01-30T17:00:52+00:00,2026-01-31T09:00:24+00:00,5,0,0,28.0,28.0,53.2280,5
0xf7feef611bddf8b5128fbf90ae4bf21b0a0e8101,2026-06-03T11:46:31+00:00,2026-06-03T11:46:31+00:00,1,0,0,405.0,0,404.5950,1
0xf8046d0af0de916e0e6534867605a3fb5436a931,2026-01-26T12:55:27+00:00,2026-02-07T12:08:17+00:00,2,0,0,49.98,49.97,98.640990004340,2
0xf80cb725751f8c0fd2fb42d1ff3136c5e741c726,2026-05-12T10:24:07+00:00,2026-05-13T03:22:06+00:00,2,0,0,59.118,59.11,117.932434,2
0xf80e3a441c855c2f5e31e1d03ec861e78f747c79,2026-05-22T07:46:26+00:00,2026-05-22T07:46:26+00:00,1,0,0,16.633,0,16.599734,1
0xf81ca6e5444bb7c44cb288a28003ac621facd0ff,2026-02-24T08:16:36+00:00,2026-05-01T15:55:58+00:00,15,374.997,374.99,0,0,7.384275,15
0xf8446f7fa1911cbe4e255672b88a83846bd63fc7,2026-05-07T17:45:29+00:00,2026-05-07T18:46:09+00:00,2,0,0,77.612666,77.61,154.679388002,2
0xf84b7de6af70ac7ee1f5da320761ffa526329ebd,2026-05-29T07:46:57+00:00,2026-05-29T08:17:48+00:00,2,0,0,730.4605,730.46,1457.2681990,2
0xf85c2b94b29bebfcf3513850cf6c443fc59e61ba,2026-04-27T04:14:38+00:00,2026-04-27T05:06:54+00:00,2,0,0,50.160333,50.16,99.969212001,2
0xf86a3a422b2ce8be630f214c1d7ed4ff0148d272,2026-05-13T15:02:01+00:00,2026-05-18T00:28:12+00:00,2,0,0,511.022,510.0,1018.469956,2
0xf86c606c8a360c38037cdab2f81fb5ed2e94ba99,2026-03-08T19:55:07+00:00,2026-03-19T12:17:25+00:00,4,0,0,15.0,15.0,29.7300,4
0xf870a4fcfc27fd74ad9c57f4ccf39a1b33f2415d,2026-05-19T18:27:53+00:00,2026-05-19T18:27:53+00:00,1,333.333333,0,0,0,0.999998999000001,1
0xf874be289e2e198da28bf955702cfe6acb0fcd5d,2026-05-13T22:41:44+00:00,2026-06-07T00:32:10+00:00,6,0,0,331.634,331.63,661.692931,6
0xf876959d6fcbe6d326aeec30b2cf5eee7f6006af,2026-05-11T14:03:56+00:00,2026-05-12T06:26:02+00:00,2,0,0,1981.945666,1981.94,3951.994009002,2
0xf88a5682791cfdf6375d7ffa464a668c181b8fca,2026-05-30T14:16:52+00:00,2026-05-30T14:21:49+00:00,2,0,0,107.507,107.5,214.684493,2
0xf897749989a8357351768860f6fd0bc9e4ed3c9d,2026-05-13T04:43:30+00:00,2026-05-13T04:43:30+00:00,1,0,0,1.002,0,0.999996,1
0xf89a4dce782a8d0a5c953e7fb50d8535727957f8,2026-05-05T14:04:52+00:00,2026-06-03T10:33:55+00:00,4,0,0,1156.066333,1156.06,2304.476014001,4
0xf8cf01a108a94150bed9da76d11209e50974b9c8,2026-05-26T05:34:23+00:00,2026-05-26T11:47:43+00:00,2,0,0,10.02,10.02,19.98990,2
0xf8e1225aaf8263788df2e262397f5eedbbe64f5c,2026-05-27T03:08:05+00:00,2026-05-27T04:15:34+00:00,2,0,0,10.02,10.02,19.98990,2
0xf8ec889b2dd24971a367a3c1c130f4a088841341,2026-06-02T16:06:30+00:00,2026-06-02T16:06:30+00:00,1,0,0,1.001,0,0.999999,1
0xf8f790f16c84fb6be152bffbe85859430f2adf60,2026-05-19T22:12:21+00:00,2026-05-19T22:12:21+00:00,1,0,0,91.2625,0,91.0799750,1
0xf8f980823d0b9fb1e3eb73049f2d0c62ff8dc43d,2026-05-29T08:45:27+00:00,2026-05-29T08:45:27+00:00,1,0,0,8.016,0,7.999968,1
0xf8f9df126e279321f65d1fe950e5253564488984,2026-05-27T21:16:16+00:00,2026-05-28T03:32:53+00:00,2,0,0,162.3245,162.32,323.8328910,2
0xf8fed10264e8e0d09a76b548572e9848e8906407,2026-05-29T02:30:19+00:00,2026-05-29T04:51:45+00:00,2,0,0,8830.0,8830.0,17615.8500,2
0xf8ff4991cd684a1fd4a262f542b35b8104360029,2026-04-17T09:34:42+00:00,2026-05-19T02:45:34+00:00,2,6803.0,6803.0,0,0,54.4240,2
0xf90279aed55372eddd0626e198bacef8e1bd1966,2026-05-01T10:05:40+00:00,2026-05-01T11:44:46+00:00,2,0,0,61.574666,61.57,122.713662002,2
0xf903d722d06c23b638810b278b3a192bf52b29ae,2026-06-17T09:25:47+00:00,2026-06-17T09:25:47+00:00,1,1000.0,0,0,0,1.0000,1
0xf907379e8184269cdddcef13e18b4081c4648d8f,2026-04-23T05:32:30+00:00,2026-04-23T06:12:28+00:00,2,0,0,64.9044,64.9,129.0904780,2
0xf90e78a956623c18cb38c51261322702c7a8ded3,2026-03-05T12:09:57+00:00,2026-03-05T12:24:45+00:00,2,0,0,37.0,37.0,73.4450,2
0xf90f1d40b0bce316742c71e99577740121a8ed9f,2026-05-23T12:27:15+00:00,2026-05-23T12:27:15+00:00,1,0,0,15.0,0,14.9700,1
0xf9152578db102454caf018ecf55df1559cd2c7e8,2026-05-01T23:45:30+00:00,2026-05-01T23:45:30+00:00,1,250.0,0,0,0,1.0000,1
0xf918c02af7aa981edf655814b7988b32a4823ff4,2026-05-27T10:48:02+00:00,2026-05-27T10:48:02+00:00,1,0,0,16.643,0,16.609714,1
0xf92041dca3569c898664d1de004bedd0fb7b8341,2026-05-19T10:51:59+00:00,2026-05-19T21:14:24+00:00,2,4111.0,4111.0,0,0,20.5550,2
0xf9258d0c0fd9b787c75bdfacaf652570c30e00ee,2026-06-04T08:48:48+00:00,2026-06-04T08:50:28+00:00,2,0,0,107.987,107.98,215.643053,2
0xf932098d2196d4ac93f0a7e4d1e5dff238ae9571,2026-04-13T03:24:37+00:00,2026-04-21T07:35:18+00:00,2,0,0,9.5,9.5,18.8860,2
0xf9438935958d1eb95c01140c826c0f959fddbe1b,2026-05-07T08:55:44+00:00,2026-05-14T14:42:43+00:00,2,0,0,12.337,12.33,24.592999,2
0xf9533c154e49eb3cb0f595e27058428b6054b327,2026-04-07T17:13:01+00:00,2026-04-14T08:08:05+00:00,2,159.83,159.83,0,0,2.07779,2
0xf957de4d9b6f23521847ed32917c00e1f9bcac7d,2026-04-27T06:58:04+00:00,2026-05-25T03:16:00+00:00,4,0,0,53.470333,53.47,106.586082001,4
0xf9612e1f97d3488721fe06bc7e9dd316aaf1d34e,2026-05-11T15:57:32+00:00,2026-05-21T04:00:49+00:00,2,200.0,200.0,0,0,1.0000,2
0xf96c8c9685ba4ecc0c2b1e354b58518a278bb3bb,2026-04-22T04:11:46+00:00,2026-04-22T05:50:16+00:00,2,0,0,50.2512,50.25,99.9484440,2
0xf97bf1d30be63e6fd4432ec304bb15fd5e3145b2,2026-05-08T06:44:32+00:00,2026-06-11T09:11:15+00:00,3,0,0,13.460333,13.46,26.8297719996539667,3
0xf97f5fa5333548c51c5ee456c80375f1e792a918,2026-05-23T11:49:16+00:00,2026-05-23T11:49:16+00:00,1,0,0,13.0,0,12.9740,1
0xf998f01ab4c95a7787fdafc31efe7acdcc08cb3a,2026-05-12T19:44:25+00:00,2026-05-13T05:56:57+00:00,2,0,0,77.154,77.15,153.918242,2
0xf99a1752f8c92e0c91e1f0595e7b33defc6837ea,2026-05-05T13:19:54+00:00,2026-05-06T02:57:28+00:00,2,0,0,492.0,492.0,980.5560,2
0xf99d528ea7be5b5a475d526c35aef702dffb6041,2026-05-20T13:33:36+00:00,2026-05-20T22:41:25+00:00,2,0,0,56.112,56.11,111.941446,2
0xf99dc8148c3107123fb0800719db9afb97fb2929,2026-05-02T17:27:28+00:00,2026-05-13T15:27:42+00:00,2,0,0,132.8,132.8,264.8032,2
0xf9a010152bfee937438a174cfe8b0f5e42509236,2026-05-31T11:36:38+00:00,2026-05-31T11:37:55+00:00,2,0,0,105.965,105.96,211.607115,2
0xf9a772891511c42b1f49a172f934cbcc0ed65e2d,2026-05-07T13:37:20+00:00,2026-05-31T12:41:30+00:00,6,0,0,30.065333,30.06,59.9780249998365334,6
0xf9abe7d6b37921b21bd8cfc9b2214d437d30d525,2026-06-12T06:26:16+00:00,2026-06-12T06:26:16+00:00,1,1000.0,0,0,0,1.0000,1
0xf9bef3ca98e54539c55e45b3eec10ce8fc7458b4,2026-04-13T00:04:55+00:00,2026-04-15T06:02:54+00:00,2,0,0,10.71,10.71,21.28077,2
0xf9c3761d64a7a73d178d588e1ead806506263d81,2026-02-03T06:28:44+00:00,2026-02-03T06:28:44+00:00,1,0,0,5.0,0,4.9150,1
0xf9c7126787456a65c8f7daf219b4d4d8ad7a997b,2026-05-23T13:05:22+00:00,2026-05-23T16:21:24+00:00,2,0,0,10.02,10.02,19.98990,2
0xf9decea098791821847ac9bdb3ef6d957d87bd0a,2026-05-09T09:28:46+00:00,2026-05-09T10:31:10+00:00,2,0,0,1690.300666,1690.3,3368.768564002,2
0xf9eee7d038a9a818a5b8fddff1b1e1e5a74219e8,2026-05-07T00:33:59+00:00,2026-05-07T02:14:49+00:00,2,0,0,6.018,6.01,11.985906,2
0xf9f0974bf813c066c0522e9cea04702fb9100a1b,2026-04-29T18:53:22+00:00,2026-04-29T18:53:34+00:00,3,0,0,60.0,0,59.8200,3
0xf9f30ff3ba9b1e5b78e96efd0ade121c0b6bc6ed,2026-05-22T12:27:35+00:00,2026-05-22T12:27:35+00:00,1,0,0,5.0,0,4.9900,1
0xfa00acfee675bd0670d25fff97845e81387eeb1a,2026-05-07T12:04:02+00:00,2026-05-07T12:52:13+00:00,2,0,0,65.747,65.74,131.026799,2
0xfa0e8a013652b8ffb2b74999bd908dafc602fa81,2026-05-09T07:03:59+00:00,2026-05-09T12:10:14+00:00,2,0,0,68.264666,68.26,136.046832002,2
0xfa383499a2899d85ebe381c9fb4030da2c4c20ba,2026-05-23T11:44:43+00:00,2026-05-23T11:44:43+00:00,1,0,0,10.0,0,9.9800,1
0xfa383a09afed5e6215b5ff35dc80299b507e7f71,2026-04-18T11:10:40+00:00,2026-04-18T12:02:52+00:00,2,0,0,53.025,53.02,105.461755,2
0xfa3ec6f159868db9b68d2c8bc4bb585899c83a10,2026-06-01T13:04:06+00:00,2026-06-01T13:04:06+00:00,1,0,0,8.0,0,7.9920,1
0xfa438ad2f23d8a27035784d4cf625efc86880cca,2026-06-11T12:00:15+00:00,2026-06-11T12:00:15+00:00,1,20000.0,0,0,0,20.0000,1
0xfa4f7d827bb53ece75d89dc0a716edb71243c2ab,2026-05-20T05:50:33+00:00,2026-05-20T05:50:33+00:00,1,0,0,19.7695,0,19.7299610,1
0xfa539e4d8b0a41ad29d3f5952588db8949319d10,2026-05-08T08:37:56+00:00,2026-06-13T06:34:52+00:00,20,0,0,907.100664,907.10,1808.840962008,20
0xfa5b61052c4b2307098a7c921807582d4f722f8b,2026-04-25T12:05:12+00:00,2026-05-05T08:11:14+00:00,4,0,0,3156.761,3156.76,6291.423677,4
0xfa5bcb4184e434bb4c4d879c5195d58d7f933681,2026-04-13T01:38:07+00:00,2026-04-13T01:59:11+00:00,2,900.0,900.0,0,0,11.7000,2
0xfa5e3894844647d47ee768315630b5fdc8bbc88b,2026-05-23T14:25:08+00:00,2026-05-23T14:25:08+00:00,1,333.333333,0,0,0,0.999998999000001,1
0xfa671c1aa6402ca53d38c239cc7e2d6f92886bc2,2026-02-05T14:37:23+00:00,2026-03-24T11:20:59+00:00,3,298.86,298.86,0,0,7.78122,3
0xfa6d74d8cc5970e3a1d38dc13697fcceba40d774,2026-05-01T22:35:58+00:00,2026-05-01T22:35:58+00:00,1,250.0,0,0,0,1.0000,1
0xfa751e7a1eb2ce1bf6e102b1bd3efad562e76a14,2026-05-22T16:58:51+00:00,2026-05-22T19:41:40+00:00,2,0,0,10.7815,10.78,21.5075970,2
0xfa785533216fb6180c95379ba7559af26fb33a42,2026-05-26T14:27:08+00:00,2026-05-26T14:27:08+00:00,1,0,0,59.8195,0,59.6998610,1
0xfa7b858ddc45dc5f682066e8fa4bf0811479d474,2026-05-26T11:08:54+00:00,2026-05-26T11:08:54+00:00,1,0,0,584.178,0,583.009644,1
0xfa7be67825d87005ca39eaab26aa14c233cc91ba,2026-04-09T08:37:35+00:00,2026-04-11T19:26:01+00:00,2,0,0,11.74,11.74,23.32738,2
0xfa81528a9d5ec4fa55b814e19bf9b7dc888ac033,2026-05-15T00:27:57+00:00,2026-05-15T00:27:57+00:00,1,333.333333,0,0,0,0.999998999000001,1
0xfa8433051af7c08a10ee2b5668d57b8590421364,2026-05-31T02:43:20+00:00,2026-05-31T09:49:55+00:00,2,0,0,16.016,16.01,31.977964,2
0xfa8b576301d9586915c945f3ddd4a64895cb2db9,2026-05-01T14:20:48+00:00,2026-05-01T18:21:38+00:00,2,0,0,195.747,195.74,390.116799,2
0xfa8b78ecbdee7317ccda50a1f2337c6ae8d0ff99,2026-05-21T18:10:16+00:00,2026-05-21T19:09:29+00:00,2,0,0,10.02,10.02,19.98990,2
0xfa90a56a6ac7383fbc90b4ae64048a0d7c09f218,2026-05-30T06:10:27+00:00,2026-05-30T12:52:12+00:00,2,0,0,20.02,20.02,39.97994,2
0xfaa47b1f809725a379635ccbb6743d91beff1e74,2026-05-16T01:21:52+00:00,2026-05-16T01:21:52+00:00,1,0,0,6.012,0,5.999976,1
0xfaa4ad7821947eb024771e43980540376f5a9adb,2026-05-11T13:50:12+00:00,2026-05-11T15:57:32+00:00,2,0,0,113.219333,113.21,225.750045001,2
0xfaa7e54ccfb475b16dda64291c5072f288c43ddf,2026-06-07T21:03:00+00:00,2026-06-07T21:03:00+00:00,1,6640.0,0,0,0,6.6400,1
0xfab887a6a208da2ecfccd8a803893a3598f6d203,2026-04-23T03:09:30+00:00,2026-04-23T03:59:58+00:00,2,0,0,156.0804,156.08,310.4435180,2
0xfac09def92473f3d5f6ca49c5bb71a86af8e9aed,2026-04-21T15:23:42+00:00,2026-04-21T16:44:46+00:00,2,0,0,53.005,53.0,105.421975,2
0xfad50d5548e850e8f586a3e4a67c6b556dacf1f8,2026-05-28T07:55:13+00:00,2026-05-28T10:53:17+00:00,3,0,0,7500.0,7500.0,14962.5000,3
0xfad51e8c190215182231bd6880f400d30081418b,2026-05-26T12:23:35+00:00,2026-05-26T13:30:25+00:00,2,0,0,12.194,12.19,24.323042,2
0xfadcef45166f5de39c9d76ce0f50091c566c4a70,2026-05-12T10:57:47+00:00,2026-05-12T12:17:47+00:00,2,0,0,34.4785,34.47,68.7761330,2
0xfaeac9f6b95c0003647429325e88528f0a790023,2026-05-23T16:10:20+00:00,2026-05-23T16:10:20+00:00,1,0,0,20.9915,0,20.9495170,1
0xfaec05199cd6dfe711a35f7c33402dc62eb6cc08,2026-05-05T05:31:54+00:00,2026-05-29T17:32:40+00:00,4,0,0,202.781833,202.78,404.221350001,4
0xfaf2036d1cfb419d523c38f63339e0dc58a02f42,2026-05-28T05:10:22+00:00,2026-05-28T06:24:50+00:00,2,0,0,10.23,10.23,20.40885,2
0xfafbad20c6d5c5c3fbb39b5854ecae6ce51f6de6,2026-05-21T21:32:39+00:00,2026-05-21T21:32:39+00:00,1,0,0,1.503,0,1.499994,1
0xfafdbf9fcb6638ea1c52aef71885c02eb75a33a6,2026-05-20T04:15:56+00:00,2026-05-20T05:34:45+00:00,2,0,0,16.563,16.56,33.040194,2
0xfb1158c7f7525a825d1218c3a18ece62ff6f193a,2026-05-26T01:40:52+00:00,2026-05-26T01:40:52+00:00,1,0,0,20.03,0,19.98994,1
0xfb19c04c77d0af0629b6f52d11f945d717499343,2026-04-24T14:56:14+00:00,2026-04-24T16:05:36+00:00,2,0,0,165.055,165.05,328.949635,2
0xfb224f70f260107ce50abc3b9911bf01b9ebddc1,2026-05-27T06:54:42+00:00,2026-05-27T06:54:42+00:00,1,0,0,19.7895,0,19.7499210,1
0xfb2aeecd38fbd94c5bd3963bcf58cd3790c3a068,2026-05-28T03:29:46+00:00,2026-05-31T05:06:36+00:00,2,0,0,17.735,17.73,35.394070,2
0xfb2e1448d433562cc49abefd2d218528ea7bfab7,2026-05-17T03:48:49+00:00,2026-05-17T08:08:49+00:00,2,0,0,263.527,263.52,525.729386,2
0xfb307d512dcf532bb96de1af7856b1c091789ae3,2026-03-19T12:06:41+00:00,2026-03-19T12:06:41+00:00,1,625.0,0,0,0,5.0000,1
0xfb452f7c6b31bfcfdc3992622a8779bbdf4deffc,2026-06-02T15:29:01+00:00,2026-06-02T15:29:29+00:00,4,0,0,10.170,10.17,20.309490,4
0xfb5202e92a577f5579e70be68edbd6383dc0a38a,2026-04-24T15:22:08+00:00,2026-04-25T12:37:28+00:00,2,0,0,509.0,509.0,1014.4370,2
0xfb69455857f59e566205d82938c6784e60dc2c22,2026-05-13T21:06:55+00:00,2026-05-13T22:20:21+00:00,2,0,0,42.9055,42.9,85.5909890,2
0xfb7cbdca5acc616f034e87853c6967bb740e7fbe,2026-05-05T06:01:08+00:00,2026-05-05T06:01:08+00:00,1,0,0,37.311666,0,37.1997309982688334,1
0xfb7f3c9b09618ac605f0d674f53daa9d81945dfb,2026-05-21T13:09:51+00:00,2026-05-21T15:36:00+00:00,2,0,0,10.02,10.02,19.98990,2
0xfb8684b101d338dde7e95f694136c5f1779cbfc9,2026-05-27T14:35:29+00:00,2026-05-27T15:44:03+00:00,2,0,0,13.9375,13.93,27.7978350,2
0xfb88f32a0e92858564056604b31c1d391682ba72,2026-05-13T19:05:14+00:00,2026-05-14T01:28:46+00:00,2,0,0,77.154,77.15,153.918242,2
0xfb90f8302f3d31a066119340c971fa5498e49c74,2026-05-19T08:38:43+00:00,2026-05-19T08:38:43+00:00,1,0,0,58.687,0,58.569626,1
0xfb9e535a4d608d6fdaf19365f40c5da9350374e1,2026-05-02T13:20:28+00:00,2026-05-02T14:23:22+00:00,2,0,0,102.758,102.75,204.788726,2
0xfbaa9dfc18c4a0c3e5d510e14f76791795935fc9,2026-04-21T22:51:02+00:00,2026-04-21T23:56:30+00:00,2,0,0,67.7486,67.74,134.7434170,2
0xfbb00e4c8041fd5be2797236fc3ead3be3cf6835,2026-05-11T03:10:19+00:00,2026-05-11T04:14:23+00:00,2,0,0,56.77,56.77,113.14261,2
0xfbb9ef95161366146673c1a08682dd1c020925a0,2026-05-05T06:40:16+00:00,2026-05-22T20:18:27+00:00,3,0,0,61.756833,43.87,105.283968001,3
0xfbd4e0c9f92fbe1c720b4df15f080d337a439c60,2026-06-02T14:16:08+00:00,2026-06-05T15:48:40+00:00,2,0,0,104.004,104.0,207.795996,2
0xfbd8c9c22ca76b3662d0e53a4f79719fdc684027,2026-05-23T18:17:44+00:00,2026-06-06T17:57:18+00:00,724,0,0,196032.0,0,195720.3800,724
0xfbf09ef10516e8e4e83c0db122ec01a047597b34,2026-04-12T04:23:39+00:00,2026-04-15T16:35:26+00:00,2,0,0,17.37,17.37,34.51419,2
0xfbf297045fd19c67b63bbe748e0bcbddeed6887d,2026-01-21T23:13:14+00:00,2026-02-12T03:25:31+00:00,11,283.809777,283.80,0,0,9.5348709989745328,11
0xfbf29c8d25b9a41acbfaef1ab8505f07e1a43b57,2026-05-11T12:33:50+00:00,2026-05-11T13:46:12+00:00,2,0,0,61.785333,61.78,123.132857001,2
0xfbf8b37f6884a12e9b68b754c1870e2da0739809,2026-05-06T05:44:24+00:00,2026-05-06T12:18:12+00:00,2,0,0,2038.114333,2038.11,4061.957550001,2
0xfbfd14dd4bb607373119de95f1d4b21c3b6c0029,2026-04-29T10:20:28+00:00,2026-06-17T17:58:13+00:00,220,0,2420880.54,0,0,3066.58656,203
0xfc05baf2bbbf31c52e7195012409923b47c78bb7,2026-05-08T02:47:58+00:00,2026-06-04T08:00:31+00:00,21,0,0,1109.527666,1009.52,2113.681403002,21
0xfc1a5d4eb8bb75eef2a143c59f38da07016c9c9d,2026-04-27T04:25:16+00:00,2026-04-27T05:28:32+00:00,2,0,0,42.968666,42.96,85.627920002,2
0xfc2c2c6c30ed04c93c5dd2fd5d8fbfb4914ac362,2026-05-10T04:40:25+00:00,2026-05-10T07:21:51+00:00,2,0,0,40.922666,40.92,81.556218002,2
0xfc3297b3fe2d6c1de1ed886bb96977deb579a005,2026-05-29T18:29:40+00:00,2026-05-29T19:24:02+00:00,2,0,0,10.01,10.01,19.98997,2
0xfc34dd7c6ca68697cfbeab86309175ed1b778d78,2026-05-03T03:41:10+00:00,2026-05-04T04:57:20+00:00,2,0,0,913.8,913.8,1821.2034,2
0xfc3b9544c43c0c31cb721a9dcfccc04e137d9fa6,2026-05-30T08:03:55+00:00,2026-05-30T08:03:55+00:00,1,0,0,30.03,0,29.99997,1
0xfc43cb66ef41cd60732328ffe2d875af1bb2776a,2026-04-30T06:45:44+00:00,2026-04-30T09:26:00+00:00,2,0,0,93.2665,93.26,186.0601870,2
0xfc6c63434639b67e8e5380269bb97cb430c754fc,2026-03-17T09:05:21+00:00,2026-03-17T09:12:27+00:00,2,0,0,54.0,54.0,106.3260,2
0xfc797606c9fb0525ba8cb37543fa70066a37f564,2026-05-14T16:52:24+00:00,2026-05-18T17:59:38+00:00,2,0,0,80.16,80.16,159.91920,2
0xfc805536bf3da6615ca74c29a90ae33029d900bd,2026-04-11T15:22:39+00:00,2026-04-14T04:06:31+00:00,2,0,0,12.5,12.5,24.8375,2
0xfc81e7365b45688d31b0392e7f350d4bb8ea47f3,2026-05-26T09:46:00+00:00,2026-05-26T10:43:17+00:00,2,0,0,12.104,12.1,24.143492,2
0xfc85b7a7e622e3ed0de319507bb950b750c6648e,2026-05-26T08:58:19+00:00,2026-06-15T08:46:54+00:00,2,0,0,1246.102,1246.1,2488.463696,2
0xfc9763c524b044d9d94b7c66c34151971b4f7206,2026-06-03T07:55:24+00:00,2026-06-03T07:55:24+00:00,1,0,0,10.26,0,10.24974,1
0xfca8ddd9a3d16acde0c42553277f9dd77e73db85,2026-05-05T14:20:08+00:00,2026-05-06T03:55:36+00:00,2,0,0,502.0,502.0,1000.4860,2
0xfcb65ef0c9e6d1cbba0b11e3c8ce422e754904b7,2026-03-08T23:57:19+00:00,2026-03-11T11:09:09+00:00,2,792.562307,792.56,0,0,19.5107199626414815,2
0xfcbb9dbdf7a02bdd9fe1c3e0a0771f481bd296ed,2026-05-02T03:49:22+00:00,2026-05-02T05:10:26+00:00,2,0,0,51.865333,51.86,103.362297001,2
0xfccf2006fbaffe646e82aee3dc1b71c3e9c79934,2026-05-10T00:48:03+00:00,2026-05-10T16:19:22+00:00,2,0,0,64.192333,64.19,127.932996001,2
0xfcdbc9998181ca866e4b233e89b6a6f2ab6f7cf2,2026-05-05T23:38:10+00:00,2026-05-06T00:39:36+00:00,2,0,0,9080.0,9080.0,18096.4400,2
0xfcfe09bbbf4b38e7d26df924f548143296bc239d,2026-05-19T06:53:52+00:00,2026-05-21T08:43:20+00:00,2,0,0,78.9475,78.94,157.4927850,2
0xfd13ad08e6353c7a21f50bb10c99405eb1952ed5,2026-05-29T14:32:39+00:00,2026-05-29T16:59:57+00:00,2,0,0,12.812,12.81,25.583568,2
0xfd316cac33c6dbd9411e298e70d5ff50190dd413,2026-04-21T18:54:00+00:00,2026-04-21T20:09:56+00:00,2,0,0,58.8642,58.86,117.0767190,2
0xfd342ca436e26b4f66665dbc83adcf186d98368d,2026-05-18T04:35:44+00:00,2026-05-18T09:15:27+00:00,2,0,0,145.2905,145.29,289.8540490,2
0xfd36ad991f1b162a3c4293771c7beb23607e15d3,2026-04-22T05:47:26+00:00,2026-04-22T06:10:58+00:00,2,0,0,10.0,10.0,19.8900,2
0xfd56de99c4274da5d62249e78e57f9f70de85ba9,2026-05-23T10:37:08+00:00,2026-05-23T17:05:42+00:00,2,0,0,417.8355,417.83,833.5763390,2
0xfd5ddd6ed866b11a9b1405c3cad28955f8402fc7,2026-05-07T05:39:58+00:00,2026-05-07T07:33:31+00:00,2,0,0,85.356,85.35,170.108532,2
0xfd6317d3ba7eca5bfb3819a0d40b99b0a16942d8,2026-05-02T05:08:18+00:00,2026-05-02T06:11:08+00:00,2,0,0,1257.191333,1257.19,2505.580999001,2
0xfd649942cdda05792805bb3d55abc63e91924e92,2026-04-05T06:58:25+00:00,2026-04-08T16:55:43+00:00,2,125.0,125.0,0,0,1.7500,2
0xfd652c3c3cba799753e5c492f8e8279bb375df0b,2026-04-26T07:52:54+00:00,2026-04-26T08:37:46+00:00,2,0,0,113.981666,113.98,227.163801002,2
0xfd8eb5fa5a15802a8563b4559ee65a71dc4e70d7,2026-05-06T05:05:30+00:00,2026-05-06T08:21:24+00:00,2,0,0,90.782333,90.78,180.926866001,2
0xfda0cec98c0104a45201e52d50948229f2683fa5,2026-05-09T08:21:45+00:00,2026-05-20T18:34:10+00:00,2,0,0,2.206618,2.2,4.3933979999218884,2
0xfdc9c644d7533a07f453f88c43b300a2eaf9c0bc,2026-05-27T14:17:41+00:00,2026-05-27T18:04:24+00:00,2,0,0,16.4325,16.43,32.7803450,2
0xfdd39aac3be40c116dbddb9e17691fe0f40ae265,2026-05-26T18:27:49+00:00,2026-05-26T18:27:49+00:00,1,0,0,13.9475,0,13.9196050,1
0xfdd62906cc01f5fcdef893bfcbf9ac79a51522b0,2026-04-23T08:24:18+00:00,2026-05-26T11:41:25+00:00,6,0,0,385.341033,385.34,767.392214001,6
0xfdda8e33374f1ea2c1e71aaf1d5fb7b1afa0bdd7,2026-04-18T02:15:22+00:00,2026-04-19T15:16:52+00:00,2,261.0,261.0,0,0,2.8710,2
0xfde9eb6ee2b93d8512754fa8a14ca5e0a6fe5f98,2026-05-22T13:10:20+00:00,2026-05-22T13:10:20+00:00,1,0,0,51.543,0,51.439914,1
0xfe006ca9ea46fe5c762d76c99f307974f8a946ce,2026-05-07T07:42:35+00:00,2026-05-07T07:56:05+00:00,2,0,0,5.015,5.01,9.989915,2
0xfe089517dc78d240e1ce6fee8de182e59b7adb75,2026-03-25T08:59:41+00:00,2026-03-25T09:01:17+00:00,3,0,0,1060.0,1060.0,2096.89523003200,3
0xfe170434e69caf740eaac5cc3e1cf2fb75e680aa,2026-04-24T12:41:22+00:00,2026-05-26T03:43:35+00:00,4,0,0,71.773833,71.77,143.063994001,4
0xfe23d7baf1df6ccb85d64466250d158f7df56f64,2026-03-18T21:14:15+00:00,2026-03-18T21:14:15+00:00,1,0,0,7.0,0,6.9440,1
0xfe2b3c2460755a278bcc5344cc5b672ced589ce1,2026-04-29T13:57:54+00:00,2026-05-15T18:12:07+00:00,2,250.0,250.0,0,0,1.5000,2
0xfe2d1b83a360857595a06fccd4d9c8cd867a4a2b,2026-05-04T00:15:18+00:00,2026-05-04T00:15:18+00:00,1,0,0,6.950666,0,6.9298139999148002,1
0xfe47893955e875b51919ecb4110cb2a45e85b917,2026-04-01T06:33:57+00:00,2026-04-01T07:31:53+00:00,2,800.0,800.0,0,0,17.6000,2
0xfe4af4dc2b1d52274df70720c1ef1ebe6ff9e5a9,2026-03-09T16:24:47+00:00,2026-03-09T16:24:47+00:00,1,71.42857,0,0,0,1.000000001428571,1
0xfe5e6b659a284984ecd5534f1092fcad5a5e5492,2026-05-28T17:28:47+00:00,2026-06-02T16:06:05+00:00,8,0,0,182.228,182.22,363.809150,8
0xfe6bebc0ec5a25ebfde025b884e5676ed1791f57,2026-05-20T22:25:29+00:00,2026-05-21T07:56:43+00:00,2,0,0,97.194,97.19,193.898042,2
0xfe75a0c9978f8cc1cf4e2699d2fc6fe9740681b1,2026-04-26T06:41:50+00:00,2026-05-09T12:09:45+00:00,4,0,0,450.722,450.72,898.286954,4
0xfe7dd925b8196da1c4c52b0ca61694ab1b30ed2c,2026-05-26T05:11:12+00:00,2026-05-26T05:11:12+00:00,1,0,0,52.4945,0,52.3895110,1
0xfe815038c9b547aa30b800f57cf95c7f9015cdb6,2026-04-19T04:15:14+00:00,2026-04-19T07:27:44+00:00,2,0,0,303.6582,303.65,603.9680090,2
0xfe84947ebe20307179b03d078d9fabbf6270be83,2026-05-07T14:11:19+00:00,2026-05-09T04:33:56+00:00,2,0,0,5.917666,5.91,11.7862730002247002,2
0xfecd0fa90c9a65dea818cec527830462a1a0a315,2026-05-04T10:09:40+00:00,2026-05-25T07:10:12+00:00,4,0,0,102.588833,102.58,204.487573001,4
0xfed20e8547f8417a399a2d7913a98c096bae7301,2026-05-26T07:17:40+00:00,2026-05-26T07:41:08+00:00,2,0,0,688.3765,688.37,1373.3046370,2
0xfee8a25df23392dafaedb7346ed909aba1ae2df2,2026-05-14T00:01:01+00:00,2026-05-14T00:18:03+00:00,2,0,0,5.0,5.0,9.9750,2
0xfeee424386f3bd33385692d5be271b30e18036df,2026-04-30T12:33:14+00:00,2026-04-30T13:41:30+00:00,2,0,0,81.895666,81.89,163.212419002,2
0xff03f5f236aef0fa90ed1d01a07e91a78aa2acc0,2026-05-21T06:20:35+00:00,2026-05-21T15:47:18+00:00,2,0,0,98.196,98.19,195.895038,2
0xff0d309e44318390d8f076a51d6c154a4fd5b187,2026-05-20T01:05:24+00:00,2026-05-20T01:05:24+00:00,1,0,0,6.012,0,5.999976,1
0xff10fb48f819731eabe73153d060519c450991c6,2026-05-21T03:41:15+00:00,2026-05-26T06:19:49+00:00,4,0,27.0,18.036,45.03,62.948838,4
0xff165cf8eb75ee77933a7544d7cd600ccb2c7511,2026-03-22T14:43:01+00:00,2026-04-07T17:12:39+00:00,23,3188.177,1651.373684,0,0,43.8709110003384296,23
0xff1aa954d6b9fdda88a22c85c6512ba763af5d2c,2026-05-27T06:59:08+00:00,2026-05-27T06:59:08+00:00,1,0,0,236.072,0,235.599856,1
0xff2e1a7aab3e900181977a99304c4eb5b53d8ae6,2026-05-03T11:06:48+00:00,2026-05-03T12:25:46+00:00,3,0,0,1020.942333,1020.94,2034.735746001,3
0xff4eec9e20a562c2b74a450249d568305b335502,2026-05-29T12:09:51+00:00,2026-06-04T21:22:30+00:00,75,29999.715,29999.71,0,0,59.999425,75
0xff51bb70b9a3a9a35e6feecda7f67ec3e204e0a4,2026-05-01T13:40:32+00:00,2026-05-01T17:41:22+00:00,2,0,0,48.004,48.0,95.667988,2
0xff5415a3a0dbb90ec283296cc0e32de2c94db3c8,2026-03-11T18:27:03+00:00,2026-03-28T17:16:21+00:00,6,166.666665,166.656665,0,0,3.9998480017339670,6
0xff5660322c7aa6b9563adc3b2ede0dc6189adfe3,2026-05-23T05:29:03+00:00,2026-05-23T06:44:25+00:00,2,0,0,10.11,10.11,20.16945,2
0xff5d0e23594649e885d4be9c03870062dcde7e44,2026-05-22T17:36:36+00:00,2026-05-22T17:36:36+00:00,1,0,0,22.3345,0,22.2898310,1
0xff627913202486df30809ee3c53f64262b8678c4,2026-05-26T21:34:20+00:00,2026-05-26T21:34:20+00:00,1,0,0,60.4605,0,60.3395790,1
0xff631d5bcea273fffffff3a7238ef048f18fed1f,2026-03-02T07:12:13+00:00,2026-03-03T07:44:39+00:00,2,0,0,5.04025,5.04,9.98952800,2
0xff686b29fb78ef28811084ad5aedd7aa83ee262d,2026-04-20T11:13:08+00:00,2026-04-20T11:13:08+00:00,1,0,0,20.55,0,20.44725,1
0xff6ca4302a3c40d750a0d48bcd41a0a752a4866a,2026-05-19T08:02:49+00:00,2026-05-19T08:02:49+00:00,1,0,0,37.3845,0,37.3097310,1
0xff717e9c61d22b189fe37f8aa2ed2897f7c77314,2026-06-03T23:56:30+00:00,2026-06-04T14:49:01+00:00,2,0,0,26.026,26.02,51.967934,2
0xff7ed83e5d42da5ee1e6b503e485af585cd6cc80,2026-05-07T19:02:43+00:00,2026-05-07T19:57:30+00:00,2,0,0,38.676,38.67,77.075292,2
0xff82915966089b94cfa5f6df43f58abde154644c,2026-06-04T21:12:39+00:00,2026-06-04T21:12:57+00:00,4,0,0,10.370,10.37,20.708890,4
0xffa6c8d9dd37e047b1154559cde93b68d7ab08a2,2026-06-12T19:38:27+00:00,2026-06-12T19:38:27+00:00,1,10000.0,0,0,0,10.0000,1
0xffb00a469a21f67d82c877c598379474fdf714bd,2026-06-17T09:35:01+00:00,2026-06-17T09:35:01+00:00,1,1470.0,0,0,0,1.4700,1
0xffb1440d7c008e493198109ac722c8d068015629,2026-05-24T07:06:27+00:00,2026-05-24T08:16:54+00:00,2,0,0,13.166,13.16,26.260188,2
0xffbc8707d5f44343b0a1c86722f2af3efe6f209e,2026-05-22T04:19:25+00:00,2026-05-22T04:19:25+00:00,1,0,0,20.4405,0,20.3996190,1
0xffc4f56adc55f6cb9a478888cd5ce3dda52b02e4,2026-05-31T10:35:50+00:00,2026-05-31T10:39:20+00:00,2,0,0,106.986,106.98,213.645054,2
0xffd7db0a5d036968f62f37aeaabc582269a22185,2026-05-23T19:31:51+00:00,2026-05-23T19:31:51+00:00,1,0,0,27.244,0,27.189512,1
0xffeaf396479b24e1ce7a3fb459d6101b420062fc,2026-05-18T08:25:41+00:00,2026-06-04T19:42:03+00:00,2,0,0,1.7535,1.75,3.4964930,2
0xfffe254008792df0c325325a75a3c6e7aaed436a,2026-05-22T04:19:21+00:00,2026-05-22T05:15:51+00:00,2,0,0,10.02,10.02,19.98990,2
