wallet_address,first_trade_utc,last_trade_utc,participant_rows,buy_yes_shares,sell_yes_shares,buy_no_shares,sell_no_shares,gross_participant_notional_usd,unique_transactions
0x00009cc4f8197b892b521c48dcf8224130e503dd,2026-06-11T18:48:30+00:00,2026-06-11T18:48:30+00:00,1,0,0,1.033,0,1.029901,1
0x00085583a8bed6e0fef83387c0f9a3753f00efa9,2026-02-13T00:45:07+00:00,2026-02-13T00:45:07+00:00,1,208.333333,0,0,0,4.999999992,1
0x000dbd5013d2573207aabf3fe6a535cd352a45d6,2026-03-31T07:54:27+00:00,2026-03-31T07:54:27+00:00,1,20.833332,0,0,0,0.9999990005833932,1
0x000df877b239124348852c599f8fe060b3ea8c9b,2026-04-30T17:44:40+00:00,2026-05-17T09:58:32+00:00,7,4878.333331,4878.33,0,0,66.2096479638888909,7
0x00326ce6ce154c7f0f6bc8019f0517a97533094d,2026-04-05T22:30:55+00:00,2026-04-05T22:30:55+00:00,1,523.684209,0,0,0,9.9499989760000029,1
0x00487dfd9a2213a602184f3e202a17a347a2d4a5,2026-02-19T11:37:06+00:00,2026-02-28T14:46:49+00:00,3,142.857141,142.85,0,0,3.8870390025714412,3
0x00556421d2c57086b4328783b5ab637b893b8da9,2026-05-14T09:22:49+00:00,2026-05-14T09:26:44+00:00,3,1190.0,1190.00,0,0,19.04000,3
0x00641aff36e063c241dab6f7705a38774fd026c9,2026-03-01T04:21:49+00:00,2026-03-04T13:43:19+00:00,2,50.0,50.0,0,0,4.000,2
0x00690c6e34899c5f17b76719f63be32b817d3085,2026-06-05T08:48:43+00:00,2026-06-05T16:56:09+00:00,2,500.0,500.0,0,0,3.5000,2
0x006aaae6fee73991f6478080be3ee594c3865fc8,2026-04-11T15:28:19+00:00,2026-04-11T15:28:47+00:00,2,1041.666665,0,0,0,15.9999989750000025,2
0x00716ec0bbbe0459e5ad4d81e2145a6e56b8901c,2026-05-13T04:34:38+00:00,2026-05-13T04:44:54+00:00,3,1390.0,1390.00,0,0,19.46000,3
0x0075edf4e637a36aba8b4fc56f0dcd163794bec7,2026-06-02T11:53:55+00:00,2026-06-02T11:53:55+00:00,1,0,0,1.0452,0,1.0399740,1
0x0086154aa65bff7657893703bfea7a7deed35b87,2026-04-15T19:46:04+00:00,2026-04-15T19:46:04+00:00,1,10.0,0,0,0,0.2500,1
0x00967f19fcdd3bd5ee3bfe3e62fabbeae0c531ec,2026-06-14T19:44:12+00:00,2026-06-14T19:44:12+00:00,1,0,0,24.024,0,23.999976,1
0x00979e14f0989f61e78258c089c836c5eb407d18,2026-06-12T12:25:36+00:00,2026-06-12T12:25:36+00:00,1,0,0,1.003,0,0.999991,1
0x0097bcc58f3ebba5bbf597a6c1ed119c761398de,2026-05-01T17:48:44+00:00,2026-05-06T11:29:52+00:00,2,125.0,125.0,0,0,2.0000,2
0x00982eb17990919971b6bdf3207ed42a7bd73308,2026-05-20T16:31:05+00:00,2026-05-20T16:31:05+00:00,1,125.0,0,0,0,1.0000,1
0x009ba078efdc7b625a37d057e94defdf4338d903,2026-06-14T08:19:06+00:00,2026-06-14T08:19:06+00:00,1,0,0,47.437,0,47.389563,1
0x009fd6e149e21fdbc502314658696b75ceb4a365,2026-05-25T14:03:04+00:00,2026-05-25T14:03:04+00:00,1,0,0,18.59,0,18.47846,1
0x00b4c99da509d843232d1fc824794aeb09f213b4,2026-02-08T09:57:29+00:00,2026-03-17T12:10:47+00:00,2,43.478259,43.47,0,0,2.521449000478302,2
0x00b5bf50899223aa865b7a0d513c96ba8b3d0252,2026-06-08T09:54:31+00:00,2026-06-08T09:54:31+00:00,1,333.333333,0,0,0,0.999998999000001,1
0x00b7003a4bb86ed5e53df52f9c75b25d467e780d,2026-06-09T09:02:00+00:00,2026-06-09T09:02:00+00:00,1,0,0,1.032,0,1.029936,1
0x00c8ef6895e2fb38b538cac8c08edd6b82289ccd,2026-05-26T17:52:20+00:00,2026-06-14T21:57:54+00:00,7,6734.030951,666.66,0,0,40.0007089930000025,7
0x00d2ebb4da03856cf1a795bd2513b23260d7fb50,2026-03-22T08:08:59+00:00,2026-05-24T16:34:34+00:00,8,15100.01408,15100.01,0,0,308.68107271194,8
0x00d965d020d55652b614b632faf6cfc7225a580c,2026-03-07T18:04:17+00:00,2026-03-07T18:13:57+00:00,2,0,0,1693.0,1693.0,3191.3050,2
0x00e020a8978a2658ae50f71241b0f170e8672fc7,2026-05-29T16:21:23+00:00,2026-06-10T06:20:16+00:00,3,333.333332,333.33,0,0,3.999977992000008,3
0x00e09d569c6a39f846e852b47fe813b570e2ce49,2026-06-17T13:11:28+00:00,2026-06-17T13:11:28+00:00,1,500.0,0,0,0,1.0000,1
0x00e122b25d6012593633624bd1ee551b29de489c,2026-05-20T23:33:27+00:00,2026-06-16T14:03:20+00:00,3,0,0,4.028125,4.02,8.007864000,3
0x00f4ad09629321e5e0dead90412b77e8db6536f9,2026-06-08T21:21:45+00:00,2026-06-08T21:21:45+00:00,1,0,0,3.006,0,2.999988,1
0x00f75478dd0b6cd66ae65e4e14e7edc71db5500b,2026-06-05T13:54:55+00:00,2026-06-05T13:54:55+00:00,1,250.0,0,0,0,1.0000,1
0x0113fb6f44d03cf7e520f9da706841e3db46be8b,2026-05-17T22:05:14+00:00,2026-05-17T22:05:14+00:00,1,0,0,2.303666,0,2.2898440000837678,1
0x0118990a2b049159007ba419a662830f5528acc1,2026-05-17T12:20:10+00:00,2026-06-10T14:27:24+00:00,4,0,0,190.53,190.53,378.96240,4
0x0129580d00404a44854e226476d8067ee6dc52cd,2026-05-26T18:17:40+00:00,2026-05-26T18:17:40+00:00,1,0,0,110.663833,0,109.999850002,1
0x013030f40f88692b12d246ebca00c2e1665cbd5e,2026-06-02T11:31:50+00:00,2026-06-02T11:31:50+00:00,1,0,0,1.025,0,1.019875,1
0x0130afd6f3efddf1c3e16e01217b172dd9befb49,2026-03-17T16:15:09+00:00,2026-06-09T16:20:03+00:00,87,0,1352.78,6532.419888,0,6279.2316370125376121,83
0x013370177b6bcd388b2a51b3b9317769fef39a67,2026-05-11T15:32:34+00:00,2026-05-12T05:01:06+00:00,2,0,0,130.41,130.41,258.86385,2
0x0134930868f33f61ebf65580d8cc3716d6a29325,2026-04-14T18:27:48+00:00,2026-04-14T18:27:48+00:00,1,539.0,0,0,0,17.7870,1
0x013e26d67d5b1cf8ddeb425a3fa2fc06e01bcf5b,2026-04-30T14:53:08+00:00,2026-05-03T18:30:28+00:00,2,76.923075,76.92,0,0,1.8461189980769475,2
0x0144631dbe9938ca63aac59607a27a70d9c4db6b,2026-06-15T07:55:46+00:00,2026-06-15T07:55:46+00:00,1,3500.0,0,0,0,7.0000,1
0x014e87c78e83ba0ce052e1971466b4b8ac0268e2,2026-06-02T05:47:56+00:00,2026-06-02T07:30:41+00:00,2,0,0,12.5928,12.59,25.0442960,2
0x0151f140895f130d5922dee7bcd4cff2f440847b,2026-03-20T17:35:19+00:00,2026-03-21T03:36:13+00:00,17,0,0,3.96,3.96,7.57820,17
0x0154ce36c7ae8cfe7ac24cd5a0caaba852204834,2026-06-12T15:40:33+00:00,2026-06-12T15:40:33+00:00,1,0,0,1.063,0,1.059811,1
0x015659a4cac6a4a0f191be399e94da3d71039a26,2026-05-14T09:31:48+00:00,2026-05-14T12:07:16+00:00,10,1200.0,1200.00,0,0,19.20000,10
0x015b394ad2031dbed42de70cbe98df63190f9b8f,2026-06-12T06:45:37+00:00,2026-06-12T06:45:37+00:00,1,0,0,1.003,0,0.999991,1
0x015c23d57ce8f597424c84fb2fe71b8046274b07,2026-06-13T17:43:43+00:00,2026-06-13T17:43:43+00:00,1,0,0,1.002,0,0.999996,1
0x015e2c530c891aa1198dd2efc80e1f7fea5c6bd0,2026-05-17T12:20:10+00:00,2026-05-17T23:42:11+00:00,2,0,0,83.58,83.58,165.98988,2
0x015eee21fe04794185b60d8617e923e5caf76d75,2026-06-09T04:04:07+00:00,2026-06-11T06:47:28+00:00,2,0,0,38.076,38.07,75.917568,2
0x016424865d24bddfbf82d49f32d23243687b643a,2026-04-01T16:01:51+00:00,2026-04-01T16:38:59+00:00,2,0,0,35.9,35.9,69.6101,2
0x0176b8d00090bf74a950b9d55d9784c06b936357,2026-05-16T18:03:41+00:00,2026-05-17T06:57:46+00:00,2,0,0,99.89,99.89,198.38154,2
0x01796834a83e8037fbc0b88ef5fa6a90c7fca3bd,2026-06-13T22:09:52+00:00,2026-06-14T07:51:46+00:00,2,0,0,11.022,11.02,21.997916,2
0x018f25bcdf08a12c078789c3eae3b26607cf5b5c,2026-06-04T21:51:18+00:00,2026-06-12T13:05:04+00:00,2,0,0,1556.22475,1556.22,3099.99497100,2
0x01932b5fcc5b34f08b15f8fbca9e98ba0ffb6db1,2026-05-15T15:42:51+00:00,2026-05-15T15:42:51+00:00,1,142.857142,0,0,0,0.999998994000006,1
0x019a7307a285868bc0552befa6c8bc48d92e92e9,2026-05-27T22:15:46+00:00,2026-06-08T09:49:37+00:00,8,56609.285711,0,0,0,318.0699950671428582,8
0x019f25361b6eae6762a6c1c930643ed55b993849,2026-03-30T18:53:47+00:00,2026-05-28T04:42:27+00:00,2,0,0,5.257612,5.25,10.2132389999074924,2
0x01a4d27820052bd63cc8303e3a7ac2137c9a076e,2026-06-15T20:01:54+00:00,2026-06-17T20:35:47+00:00,5,851.28,727.28,0,0,2.30584,5
0x01a8c7eabe2575ed1a9be3a245a354c7c7705608,2026-05-18T10:45:54+00:00,2026-05-18T14:40:03+00:00,2,0,0,56.0,56.0,111.1040,2
0x01b32cc0b3937965e2e7912347b37530eb068da4,2026-03-29T11:38:26+00:00,2026-05-30T16:45:23+00:00,2,17.857141,17.85,0,0,1.0892489995715218,2
0x01c07b88d75a0e90c1876c185f1ca80d47fa43d4,2026-05-03T02:16:10+00:00,2026-05-03T02:16:10+00:00,1,0,0,3.836857,0,3.8099989998489429,1
0x01cf525ec3d64eb388e2a5c2326e0fda8d71d79b,2026-06-16T22:19:28+00:00,2026-06-16T22:19:28+00:00,1,5000.0,0,0,0,10.0000,1
0x01d2550ce2480442c76f490cd4538646c57bc603,2026-05-31T19:42:00+00:00,2026-06-16T17:34:56+00:00,66,0,0,197.233622,197.22,392.5223920006104885,66
0x01e1e29473b8c88b833e1ae68c82aae80d287b0a,2026-02-09T05:02:19+00:00,2026-02-14T20:26:45+00:00,2,416.666665,416.66,0,0,19.1665190016666705,2
0x01e9d1812a9022964f3acba7819e7fc2f8dbca22,2026-04-29T02:06:54+00:00,2026-04-29T02:47:20+00:00,2,0,0,180.0,180.0,353.7000,2
0x01ea0f9dd0071004985355e1bdb24e8cc2364fb2,2026-04-27T06:25:42+00:00,2026-04-27T09:57:14+00:00,4,0,0,86.0,86.0,169.1620,4
0x021be009b3a5802a21585cf8e2a9f9830018da5c,2026-06-16T10:20:21+00:00,2026-06-16T10:20:21+00:00,1,0,0,42.532,0,42.489468,1
0x0235d8656939fa9e66c7a1a1760ecc114ca9fbba,2026-03-26T11:35:41+00:00,2026-03-26T11:36:31+00:00,3,0,0,1120.0,1120.00,2123.52000,3
0x023b0d0a7f15032d49fee74b4a28a71cf592f08a,2026-06-03T07:18:20+00:00,2026-06-03T11:28:42+00:00,2,0,0,46.1406,46.14,91.7730570,2
0x023f9d10d6af5f4fc5edeb3014a12e7a8894889d,2026-03-28T06:02:11+00:00,2026-03-28T06:05:37+00:00,3,0,0,1130.0,1130.00,2119.88000,3
0x0258700bcfb835ba30dbb035517a82739c4508bf,2026-04-29T14:06:00+00:00,2026-04-29T14:06:00+00:00,1,58.823528,0,0,0,0.9999999995294112,1
0x0283e586384a9cc0599fdc4f5ccccb1173dc3cfa,2026-05-20T10:48:28+00:00,2026-05-21T14:44:14+00:00,2,0,0,76.535749,76.53,151.7646979992960849,2
0x02a52ba867dfb1d225e367ad26278e3a08e886ad,2026-05-03T09:04:42+00:00,2026-05-16T17:04:09+00:00,4,0,0,179.94,179.94,356.81892,4
0x02af2d80ef505ea736c8c4877eb1c94d084b7d29,2026-06-15T06:28:18+00:00,2026-06-15T06:28:18+00:00,1,0,0,9.789,0,9.779211,1
0x02b3589e483708d8cae0625ddf5ebd0657ed384a,2026-06-06T06:25:16+00:00,2026-06-09T23:12:48+00:00,2,5952.5,5952.5,0,0,53.99466975275,2
0x02c57a08d34d6eaeb575dda68faffb47b232ef2a,2026-06-16T23:47:44+00:00,2026-06-16T23:51:05+00:00,3,11250.0,0,0,0,22.5000,3
0x02d6f1d5b0bb5d7d56c7b48f1727c827ff3bf278,2026-04-07T02:34:51+00:00,2026-04-07T04:05:23+00:00,2,99.0,99.0,0,0,3.85100000010,2
0x02d90a7266a2e7810efcf1ef841b5244e442d188,2026-05-27T13:11:17+00:00,2026-05-28T02:43:03+00:00,2,0,0,268.37,268.37,532.98282,2
0x02e07e5aea80011760fff7f69c1625797c42cf4d,2026-04-01T12:31:17+00:00,2026-04-01T12:55:15+00:00,2,0,0,41.11,41.11,79.63007,2
0x02e97669b85d3ca522dc1b9713bbb49c989640f7,2026-06-17T05:50:10+00:00,2026-06-17T17:09:29+00:00,2,0,0,113.62,113.62,226.78552,2
0x02f190bc839807567292e7f40558cdbce84187b2,2026-06-07T20:06:19+00:00,2026-06-09T06:39:46+00:00,2,0,0,14.028,14.02,27.977884,2
0x030a4dfe35f8d0e8c3056e4114b5b7871dddb678,2026-06-12T02:19:42+00:00,2026-06-12T02:19:42+00:00,1,0,0,1.604666,0,1.5998520000744008,1
0x030d3f31f10ba9b43a799d32a90ec66ddfeb06c1,2026-03-08T22:33:47+00:00,2026-03-08T22:43:25+00:00,2,2055.0,2055.0,0,0,203.4450,2
0x031a5098c83dec3a3b321dd901c23c0771d26081,2026-05-14T17:18:33+00:00,2026-05-14T17:18:33+00:00,1,1250.0,0,0,0,10.0000,1
0x031aa5315f726d9304f2c8332fcb632adb7efdf7,2026-05-14T03:22:31+00:00,2026-05-14T03:39:14+00:00,2,0,0,7.049285,7.04,13.9836200000655005,2
0x0326ffffc8a67bf14194eac920ea6a4c11133e1e,2026-05-17T03:19:53+00:00,2026-05-17T05:53:53+00:00,2,0,0,1081.32,1081.32,2148.58284,2
0x032b66231224da3474455182be28db49145deef5,2026-05-07T12:12:07+00:00,2026-05-07T12:46:20+00:00,2,0,0,2983.53,2983.53,5904.40587,2
0x035568c46bdb2bfdeda432f6b233781cec9cc56c,2026-06-11T21:53:07+00:00,2026-06-11T21:53:07+00:00,1,0,0,1.022043,0,1.0199979999869451,1
0x03587b62f583be287ba7cf9c995023aa433b8dfa,2026-05-14T04:52:00+00:00,2026-05-20T00:14:11+00:00,2,0,0,32.0,32.0,63.5200,2
0x035b5997f1145548f184dda000b4c892725aa918,2026-03-02T12:58:21+00:00,2026-03-13T14:14:19+00:00,2,0,0,10.29,10.28,20.30259,2
0x035fd066c524a3b21c8ef4f10e7ae8130919a462,2026-03-25T01:52:05+00:00,2026-03-25T01:52:05+00:00,1,288.69,0,0,0,15.000000002334,1
0x03609e38d899ab01dbca9b211a6f42778a4abe31,2026-04-15T11:18:12+00:00,2026-04-15T11:18:12+00:00,1,74.074074,0,0,0,1.999999998,1
0x0368fd08a14d7e12e21186b0ad661e5a5f57e741,2026-04-30T21:54:08+00:00,2026-05-09T15:20:26+00:00,2,153.846152,153.84,0,0,2.9230390067692424,2
0x0377f289ff75135abde2d17904e75a782ed41833,2026-04-23T16:19:50+00:00,2026-06-01T04:53:31+00:00,2,3898.646666,0,0,0,29.9999990225348984,2
0x03805a13a0b3e058f55f6c6af95389d4f431073d,2026-05-29T01:25:39+00:00,2026-06-17T17:43:22+00:00,74,0,0,26546.220648,0,26446.6111350117867851,68
0x0384c22a43a7a9f29acc5fd9a7fcda40aa3df084,2026-05-24T17:06:02+00:00,2026-05-25T04:18:09+00:00,2,0,0,141.129,141.12,279.991008,2
0x038dd2a39b77e911489819b3792a4a47a824d501,2026-05-26T21:11:07+00:00,2026-05-26T21:11:07+00:00,1,1428.571428,0,0,0,9.9999989960000004,1
0x03997729f56ae7cab5278d15460fff0822bca697,2026-05-19T07:00:48+00:00,2026-05-19T07:00:48+00:00,1,125.0,0,0,0,1.0000,1
0x03a064b1e6bb989f66c7a5817edd52390462f906,2026-03-02T15:15:11+00:00,2026-03-02T15:22:01+00:00,2,0,0,587.0,587.0,1149.9330,2
0x03b6557ae168279af9375e3b2bff0a6b542d2c93,2026-06-08T03:37:12+00:00,2026-06-08T03:55:00+00:00,3,6666.666666,6666.66,0,0,33.3333179980000002,3
0x03b9cc06a7abfcfaff889fab0f60b94e45237746,2026-05-11T02:28:45+00:00,2026-05-11T02:29:48+00:00,2,0,0,250.2512,250.25,497.7484440,2
0x03bb2eb10d688cf879605395f86f8f6b971afe99,2026-05-27T13:11:17+00:00,2026-05-28T01:05:46+00:00,2,0,0,58.4,58.4,115.9824,2
0x03c0692038bc1f44282afca8117ae514bb05ee17,2026-03-23T06:07:03+00:00,2026-04-13T20:56:41+00:00,2,70.0,70.0,0,0,5.9500,2
0x03e1819ec0f48127cfa7bd74872b13341bf2278b,2026-03-07T17:03:43+00:00,2026-03-07T17:11:27+00:00,2,932.0,932.0,0,0,109.0440,2
0x03f02009d35e9a20cd18ed817d15e3c568d363e0,2026-06-06T07:39:22+00:00,2026-06-12T17:27:07+00:00,2,5650.0,5650.0,0,0,39.5500,2
0x03fe48f0c2f7957ef4c15ea85adae54174100fe5,2026-05-29T18:30:11+00:00,2026-05-29T20:33:22+00:00,2,0,0,10.0502,10.05,19.9896490,2
0x040cb9968c1c32bf3669c969eca5de191853a5da,2026-06-03T07:58:23+00:00,2026-06-03T09:01:02+00:00,2,0,0,105.1456,105.14,209.1290320,2
0x040cfec0197339d2b0c28d36f1be0a1faf43d00b,2026-05-06T09:32:24+00:00,2026-05-06T09:32:24+00:00,1,111.11111,0,0,0,1.000000001111111,1
0x041b2f95b016e007ff9f992be0f7a0be6f057bcb,2026-05-12T20:28:12+00:00,2026-05-12T20:28:12+00:00,1,1666.666666,0,0,0,9.9999989960000004,1
0x041d2423b2934b5e7af7b967e5d3a5d085123f4e,2026-05-17T12:13:38+00:00,2026-05-18T02:25:20+00:00,2,0,0,94.96,94.96,188.59056,2
0x0431eae38bbafe8024fdeaf29fb97e511e42fea2,2026-05-17T12:20:10+00:00,2026-06-17T16:08:53+00:00,4,0,0,227.01,227.01,452.08618,4
0x044105f6379d781c417064376855c4bcf590a605,2026-03-28T01:39:37+00:00,2026-05-13T22:21:52+00:00,7,3902.225670,3902.22,0,0,111.4727590049068357,7
0x0449351a0d186d1ac1d81d1a68fdb002e4caba9f,2026-06-12T06:45:37+00:00,2026-06-12T06:45:37+00:00,1,0,0,96.0,0,95.7120,1
0x04581a23e9157029f3f9c4a4ab02fc94418ebae4,2026-05-11T07:12:18+00:00,2026-05-11T09:29:57+00:00,2,0,0,62.183,62.18,123.554642,2
0x0467c4568097eab58bb58a6a282d85908958e58a,2026-02-28T09:37:15+00:00,2026-03-12T04:00:11+00:00,2,0,0,2.639533,2.63,5.1063299999848873,2
0x0469555ec9fd58d9aff1f8f6d3eea873a7617790,2026-05-18T05:49:27+00:00,2026-05-18T05:49:27+00:00,1,0,0,17.0,0,16.8810,1
0x046c8b16f5ae6fd883b98f69bb7f277c6d717eb3,2026-05-16T16:30:19+00:00,2026-05-16T16:43:32+00:00,2,0,0,5.030166,5.03,9.9947749999758672,2
0x0475f9d72450b6d1a4912a270372b43eba160036,2026-04-19T05:42:40+00:00,2026-04-19T05:42:46+00:00,2,0,0,15.321714,15.32,29.9829179998713144,2
0x047670d6e9fa9cfbce167396a082c17913075794,2026-05-18T10:45:54+00:00,2026-05-18T15:38:42+00:00,2,2973.75,2973.75,0,0,47.58000,2
0x04851d53c9b32f1818e0d962ba2852ba3f1ef429,2026-05-18T13:17:41+00:00,2026-06-16T17:50:55+00:00,2,631.25,0.94,0,0,5.05094,2
0x048fea3abc2858d76f24d0e9e1bae1838cd0661a,2026-05-30T07:44:03+00:00,2026-05-30T11:34:31+00:00,2,0,0,25.1256,25.12,49.9692520,2
0x0498d5e99c29dc8651b7be1700990bb260a77067,2026-05-16T14:44:18+00:00,2026-05-16T15:06:05+00:00,2,0,0,8.048166,8.04,15.9835969999759170,2
0x049b3f23c93ef476152f5ce7c9be2f5219b85a12,2026-06-16T10:31:24+00:00,2026-06-17T05:13:20+00:00,5,232180.0,0,0,0,365.3600,5
0x04aa6329fdd081dc2947690d8e267ff4174d2c44,2026-06-16T11:14:00+00:00,2026-06-16T11:14:00+00:00,1,0,0,80.43,0,80.34957,1
0x04ae4baa5b9da09567769e26fa5ee73284395b9b,2026-06-08T04:12:10+00:00,2026-06-09T13:08:57+00:00,2,200.0,200.0,0,0,1.2000,2
0x04b954ec5d65e0a855d31b5e695083f3c4ad79e0,2026-02-15T16:17:21+00:00,2026-02-15T16:17:21+00:00,1,75.0,0,0,0,1.4250,1
0x04d1053f3a1c622b0c4eb488a2d27b030377f4c2,2026-05-30T14:53:33+00:00,2026-05-30T14:53:33+00:00,1,0,0,28.1406,0,27.9998970,1
0x04d5cab68fd3a335d90a14ee3176c5a0de91ee3b,2026-05-17T12:20:10+00:00,2026-05-18T02:17:26+00:00,2,0,0,269.78,269.78,535.78308,2
0x04e110b194da9c6824b9f7b73417d06d517b46d8,2026-06-06T11:04:03+00:00,2026-06-06T11:04:03+00:00,1,1250.0,0,0,0,5.0000,1
0x04e35aae15c0bf12684d7605afd5bd0ed9c3ef1e,2026-05-29T11:53:10+00:00,2026-05-29T11:53:10+00:00,1,170.0,0,0,0,1.0200,1
0x04e64233e32e76c62302026b2c0c5a68c5001516,2026-05-12T03:50:47+00:00,2026-05-12T03:50:47+00:00,1,125.0,0,0,0,1.0000,1
0x04f14a65aad308e6d795474937c0e8570feb953a,2026-05-20T01:11:15+00:00,2026-05-20T01:11:15+00:00,1,1250.0,0,0,0,10.0000,1
0x050be039faa1182a8b725b4544a62637f77ec293,2026-05-27T13:11:17+00:00,2026-06-14T23:01:37+00:00,2,0,0,193.0,193.0,384.2630,2
0x05138406a05bcb67ca6ea68bf964e6617438fd81,2026-05-24T07:46:20+00:00,2026-05-25T10:30:52+00:00,9,883.98,883.98,0,0,15.79560,9
0x05338ca7c734cdf201f5e08d2d9b7a271aea8acd,2026-05-02T01:08:40+00:00,2026-05-02T01:08:40+00:00,1,0,0,1.007,0,0.999951,1
0x053bf5b03bf31be853251db52ebb6e11f771ec3d,2026-03-26T11:36:31+00:00,2026-03-26T11:36:45+00:00,2,0,0,1100.0,1100.0,2084.5000,2
0x053d15aefea7173c8a5d331f48e1e00582b2fe8b,2026-05-16T21:25:48+00:00,2026-05-17T08:23:43+00:00,2,0,0,81.57,81.57,161.99802,2
0x053e227b755af10a9c56b3360e9568e9c8333361,2026-06-11T15:32:15+00:00,2026-06-11T15:32:15+00:00,1,750.0,0,0,0,3.0000,1
0x0547f95d24771a2269db82cbc4b8fbf7f1562d04,2026-01-31T15:32:40+00:00,2026-02-10T12:23:57+00:00,2,0,0,1.037333,1.03,2.0052689999669372,2
0x054c6d8d32e55367e1fbe7f75674bfce66dcfe6b,2026-03-20T10:57:25+00:00,2026-03-20T11:13:03+00:00,5,850.0,0,0,0,17.000,5
0x054eb0514eace36a79a2d8364730552cc878980b,2026-05-16T18:03:41+00:00,2026-05-17T06:07:57+00:00,2,0,0,252.36,252.36,501.18696,2
0x055c5712583d37ed1633d46b4eb398464a1358dd,2026-04-27T04:50:18+00:00,2026-04-27T06:25:36+00:00,4,0,0,66.0,66.0,129.8220,4
0x056f87dc02534fa144e647389228cead7d7df7e0,2026-05-18T15:04:01+00:00,2026-06-05T13:43:04+00:00,2,1875.0,0,0,0,10.0000,2
0x05728fb077c09bf22297b8223bd0af51c5cbba66,2026-03-16T08:43:55+00:00,2026-03-16T08:47:51+00:00,3,0,0,290.0,290.0,559.1200,3
0x0584b3607733a8b23d944c180f67eb33f8cd5daa,2026-06-17T15:43:10+00:00,2026-06-17T15:43:10+00:00,1,1880.0,0,0,0,1.8800,1
0x05872590e647666b1f756ed92c6ab046e1ade225,2026-06-06T09:12:45+00:00,2026-06-06T21:27:09+00:00,2,0,0,53.81,53.81,107.18952,2
0x0599d908db72be28ef1388c7ca2afa5848b0befe,2026-05-20T20:40:14+00:00,2026-05-20T20:40:14+00:00,1,125.0,0,0,0,1.0000,1
0x05a5825cd597920d08df908a7de02a8728383a0a,2026-02-20T13:51:34+00:00,2026-02-20T14:22:22+00:00,2,380.741427,380.74,0,0,8.258819965940144,2
0x05a8fcb627f5e4b698cd598e804afcbd551d01c6,2026-04-01T08:37:09+00:00,2026-04-01T14:12:31+00:00,2,0,0,56.86,56.86,110.08096,2
0x05b75b03c44e9907bcc069b7d1c93e7a127bdaba,2026-05-14T09:30:24+00:00,2026-05-14T09:31:53+00:00,3,1180.0,1180.00,0,0,18.88000,3
0x05bc2fb08f8e365a37865899800b8bb41672f3eb,2026-05-18T12:07:53+00:00,2026-05-19T06:30:58+00:00,2,1250.0,1250.0,0,0,18.7500,2
0x05be389f9b5f72e4061f359a131db3d4a186055d,2026-05-15T06:42:55+00:00,2026-05-16T15:45:54+00:00,2,0,0,178.068333,178.06,353.813503002,2
0x05c912b88e0384aa73779e008691599c37253e36,2026-05-29T10:52:46+00:00,2026-05-29T11:47:06+00:00,2,0,0,10.0502,10.05,19.9896490,2
0x05ddbe2edc2fcb293eb149028f45e93cec14305c,2026-04-24T18:55:02+00:00,2026-05-04T16:03:58+00:00,11,0,0,163.43,163.43,321.60621,11
0x05e048adfff333872564d49cb655042d823bc105,2026-04-02T21:52:15+00:00,2026-04-02T21:52:15+00:00,1,30.303029,0,0,0,0.9999989994242836,1
0x05e1da2871fceadcf1a70adafd44761d84ad5e0c,2026-06-10T16:27:07+00:00,2026-06-10T16:27:07+00:00,1,0,0,1.003,0,0.999991,1
0x05f6510f23d6cc2e660b1597e14deac883f0c1dc,2026-05-29T16:42:22+00:00,2026-05-29T18:29:33+00:00,2,0,0,16.9246,16.92,33.6584570,2
0x061ac16314b2c878aaf1a6797b980955e7a4142b,2026-06-17T17:43:22+00:00,2026-06-17T17:43:22+00:00,1,2400.0,0,0,0,10.00000008000,1
0x061d42892935c2d96e618830b3c93e6e467e0dd3,2026-02-10T18:04:29+00:00,2026-02-20T15:07:30+00:00,6,0,20.0,70.0,0,68.7500,6
0x061ea2a8e32b52714619eb5d54ae5da570963778,2026-03-07T19:46:33+00:00,2026-03-07T19:52:25+00:00,3,0,0,1633.0,1633.0,3074.9390,3
0x0628e9c41831d66c695f8ed62a901ee0d24dbcd8,2026-04-30T13:00:20+00:00,2026-05-14T07:16:56+00:00,43,0,0,962.116152,962.11,1906.5321230002387064,41
0x062f959f73783b08b7b37d95c00cbdbb21c39e55,2026-05-14T09:26:51+00:00,2026-05-14T09:27:38+00:00,9,1200.0,1200.00,0,0,19.20000,9
0x063723db69f8009d36a39dc2342adbab7f331e31,2026-06-01T07:45:31+00:00,2026-06-01T07:45:31+00:00,1,0,0,1.5074,0,1.4998630,1
0x0640bdf7f137f1218ece93f67d6e6a1254c9fe75,2026-05-14T09:29:18+00:00,2026-05-14T09:30:28+00:00,13,1200.0,1200.00,0,0,19.20000,13
0x06807c2ce526b3dfc353684b30bb592150017ff8,2026-05-13T20:36:30+00:00,2026-05-13T20:36:30+00:00,1,100.0,0,0,0,1.000,1
0x0684e98f96f1e73635e296edf3cfc6408eac87a3,2026-05-28T16:31:56+00:00,2026-06-17T09:54:25+00:00,2,3166.666666,0,0,0,3.999998996000004,2
0x0694ac483c10adc706c70e172f0adc3d848964bf,2026-05-27T13:11:17+00:00,2026-05-28T01:26:39+00:00,2,0,0,87.41,87.41,173.59626,2
0x06c2b8bb6e8b95aa112d69c3b0086a79ffe5b68a,2026-06-15T23:24:24+00:00,2026-06-15T23:24:24+00:00,1,0,0,33.093,0,33.059907,1
0x06c66bea1147681eb6579ac9959e8c5df674577b,2025-12-16T03:25:35+00:00,2026-01-03T19:25:19+00:00,2,23.33,23.32,0,0,0.86310,2
0x06da66efe045ab24e87cdfe0b70b23b2edc2f2ed,2026-04-27T16:47:50+00:00,2026-05-18T05:04:04+00:00,3,2291.666666,2291.66,0,0,36.041619996,3
0x06f89fc4dee23fb14cbfbafdcbddfa5542969edc,2026-05-06T03:11:08+00:00,2026-05-06T03:11:08+00:00,1,0,0,1.008,0,0.999936,1
0x06fcf72ab799b3d004bf7eac8aba8f439f4f39de,2026-05-25T15:41:09+00:00,2026-05-25T23:42:06+00:00,2,0,0,173.038166,173.03,343.818727004,2
0x07046535ff9a910d7343a2c319a3e62234621858,2026-05-08T14:39:53+00:00,2026-05-17T12:20:10+00:00,155,0,140824.999042,0,0,983.0192610387990553,139
0x071b6e72916485b97da34aab5b5c231ebe44b46c,2026-04-15T21:34:54+00:00,2026-04-15T22:16:44+00:00,2,0,0,17.51,17.51,34.3196,2
0x071c7c09cb86a669a3aba36d14cb02189b577284,2026-04-01T08:25:27+00:00,2026-04-01T13:52:39+00:00,2,0,0,35.77,35.77,69.21495,2
0x072831cf294a942d3961826c8b3889171e80832b,2026-06-14T14:58:18+00:00,2026-06-14T14:58:18+00:00,1,0,0,100.3505,0,100.1497990,1
0x072a689733e0d45a44dba9c1c021a13df5f6fa59,2026-05-15T09:55:42+00:00,2026-05-23T13:31:28+00:00,2,0,0,113.682,113.68,225.315748,2
0x072ba33d20e439c5dbd4a35f13b35ae34fb27b8e,2026-06-08T16:07:33+00:00,2026-06-08T16:50:46+00:00,4,0,0,65.8005,65.8,131.2714990,4
0x072f91b8aa8a2a601c63eb1624fa9ef4d3e6ff17,2026-06-14T12:12:25+00:00,2026-06-14T12:12:25+00:00,1,500.0,0,0,0,1.0000,1
0x073291b1b41f9888e2c7304f266b325dc03babba,2026-05-24T17:08:40+00:00,2026-05-25T20:10:48+00:00,2,0,0,58.467625,58.46,116.050664000,2
0x0739beca79df745311196936eb2b768c6ccdaba8,2026-05-25T20:25:21+00:00,2026-06-17T08:48:20+00:00,5,3118.214285,0,0,0,13.5699969801428587,5
0x073b26497fa507520eaf98938e630104540f8ab4,2026-03-28T13:57:13+00:00,2026-05-07T08:55:49+00:00,2,629.619845,629.61,0,0,46.2960990267383875,2
0x073c0e78f71d30a829a81383b2e376d66b1d53f0,2026-06-15T01:15:28+00:00,2026-06-15T01:15:28+00:00,1,0,0,12.032,0,12.019968,1
0x073de23ff755eea53144bc538b290cb69ac211d6,2026-04-13T11:26:37+00:00,2026-04-23T06:59:00+00:00,2,128.205127,128.2,0,0,7.0512000042820508,2
0x073e16467cb68a8d7deafcd612d80b672f899749,2026-02-22T23:58:44+00:00,2026-04-06T05:41:13+00:00,4,0,0,24.13,24.13,47.40730,4
0x07463bf019661071416f6e773c966349e17bf0a9,2026-02-09T10:41:05+00:00,2026-02-09T10:41:05+00:00,1,50.0,0,0,0,1.2000,1
0x0751cc35f6a835b09422a60a56f2724c7156110c,2026-06-14T07:47:30+00:00,2026-06-16T18:25:20+00:00,2,0,0,100.0,100.0,199.7000,2
0x075cea22708259089ae9c248a15eac8bc83cf72f,2026-05-13T04:44:56+00:00,2026-05-13T05:31:57+00:00,3,1410.0,1410.00,0,0,19.74000,3
0x0762027417a6dad03ae16895ad615c33ed742b73,2026-05-10T21:11:32+00:00,2026-05-23T05:19:13+00:00,2,166.666666,166.66,0,0,2.499938996000004,2
0x0764366ac6cbe668424f8706f1aeaf14006f5687,2026-06-16T14:05:58+00:00,2026-06-16T14:05:58+00:00,1,0,0,57.114227,0,56.9999979977034208,1
0x0767406690099d8a23fbad482f5b3381b73b8889,2026-05-26T04:41:28+00:00,2026-05-26T22:23:29+00:00,2,0,0,158.953666,158.95,315.837294004,2
0x0773a52fe166776544692142a5e6925313ada709,2026-05-14T09:29:26+00:00,2026-05-14T09:31:52+00:00,3,1200.0,1200.00,0,0,19.20000,3
0x077cb4bdd9f0c3edfa2580830619d3e7088d7cd5,2026-05-14T02:17:31+00:00,2026-05-14T02:17:31+00:00,1,0,0,2.46975,0,2.44999200,1
0x079e9c9be0abaafcf688d0e7b8cc63786405468f,2026-04-15T13:25:18+00:00,2026-04-15T14:14:00+00:00,2,0,0,556.086041,556.08,1084.572946003736,2
0x079ef5ff33ba98ed428fae601a434e39df035cd5,2026-05-22T11:03:36+00:00,2026-05-22T11:03:36+00:00,1,0,0,3.027244,0,2.9999979999639936,1
0x07c0f8d1f279afe08cc02e7d6fada6b17371e76a,2026-06-03T04:04:07+00:00,2026-06-11T08:07:00+00:00,2,416.666666,0,0,0,1.999998996000004,2
0x07c37a244ecd4e33e688a1708fcfad27a9058a5d,2026-05-27T07:37:00+00:00,2026-05-27T07:37:00+00:00,1,0,0,23.9435,0,23.7998390,1
0x07d126ea6f8542a58ee2c4c7c31535dd9b3e8ffa,2026-04-05T18:05:59+00:00,2026-05-21T15:48:05+00:00,6,382.631577,42.73,0,0,7.6855489998421409,6
0x07d439b7e71d38cd301887304a481096bea286a8,2026-06-17T16:50:20+00:00,2026-06-17T16:50:20+00:00,1,3410.0,0,0,0,3.4100,1
0x07daae75dd9308bf732d072411af0befdcbb0d6f,2026-05-27T16:16:48+00:00,2026-05-27T16:16:48+00:00,1,0,0,18.319833,0,18.2099140001680167,1
0x07e60f2b43ea039adfecef7f189e0920741591e7,2026-06-04T17:46:12+00:00,2026-06-04T17:46:12+00:00,1,200.0,0,0,0,1.0000,1
0x07ea7488e7bc27444d1699ebef92a16594ec8a24,2026-05-12T08:09:22+00:00,2026-05-13T04:36:09+00:00,2,0,0,118.75,118.75,235.71875,2
0x07ec7cedd0c0f0975613e521a15ebe13b0ad2ea5,2026-06-08T12:54:10+00:00,2026-06-08T14:05:09+00:00,2,2653.333332,0,0,0,7.9599979826666680,2
0x07ffa5fa47f2983b1f7681e1809d172069a24595,2026-06-14T15:17:25+00:00,2026-06-16T03:40:13+00:00,2,0,0,53.56,53.56,106.85220,2
0x080d9e19769e45851b2910a71733dfca43a97808,2026-05-30T21:16:17+00:00,2026-06-17T07:29:47+00:00,4,0,0,114.35,114.35,227.78388,4
0x08151488c858a791733ee8e450b3d37303c43eb1,2026-03-18T17:01:01+00:00,2026-03-18T17:01:01+00:00,1,1334.429209,0,0,0,49.9999990545933479,1
0x08429b35c1bceb3beb3761ec9b5346c9f0d0b545,2026-06-11T12:32:09+00:00,2026-06-11T15:30:04+00:00,2,0,0,39.0,39.0,77.6880,2
0x08622d67151c9093456a97f11cc019d959228403,2026-05-13T12:38:17+00:00,2026-05-21T12:38:28+00:00,8,142.857142,142.85,0,0,2.428498994000006,8
0x08730443345e11c078c5b2597ce3c0f06af609e8,2026-06-15T11:20:27+00:00,2026-06-15T13:19:52+00:00,4,4444.0,4444.0,0,0,8.8880,2
0x08781dc808c6982b7553318c8745e46b0f13f0b7,2026-05-09T07:21:07+00:00,2026-05-09T13:00:19+00:00,2,0,0,35.5376,35.53,70.6412020,2
0x087bb0695f721da24d5f2e3a5a273aa475c4713e,2026-05-14T09:18:28+00:00,2026-05-14T15:34:45+00:00,3,0,0,2000.00,2000.0,3968.00000,3
0x08a8d10c72ed38464ce200e7970191062e9e6b60,2026-06-16T12:48:01+00:00,2026-06-17T07:35:52+00:00,2,0,0,87.67,87.67,174.98932,2
0x08a9b5143b788047fb9503a0700d40106d839a52,2026-06-10T09:50:13+00:00,2026-06-10T09:50:13+00:00,1,1428.571428,0,0,0,9.9999989960000004,1
0x08b1a1d8e87ffc9185688be02db162987d5efca2,2026-05-04T04:05:58+00:00,2026-05-04T04:05:58+00:00,1,83.333333,0,0,0,0.999998996000004,1
0x08b6fa2adc89eae8d6a78ca684a107405c2287c4,2026-06-01T08:54:54+00:00,2026-06-01T09:51:15+00:00,2,0,0,17.5074,17.5,34.8148630,2
0x08e7f873ea245c2df839bcbf4342e026981288b8,2026-05-13T07:29:43+00:00,2026-05-13T07:38:14+00:00,11,1380.0,1379.997142,0,0,19.3199790157512882,11
0x08ed7404ad8c5226a17cc26511aa81ac6c525f25,2026-05-16T18:03:41+00:00,2026-05-17T06:08:27+00:00,2,0,0,260.42,260.42,517.19412,2
0x08ff96484c5d3ecca8a2d416c1cc1f29e3c9db60,2026-06-15T17:21:49+00:00,2026-06-15T17:21:49+00:00,1,14.0,0,0,0,0.0140,1
0x090af6fd2aeb04202abc97370aa86c1b81d90fa6,2026-02-03T16:26:32+00:00,2026-04-24T04:04:06+00:00,174,0,0,10412.606882,0,10181.2263289897767932,174
0x090c43abfe339215e8126b90134fca3627b443e3,2026-06-14T13:34:37+00:00,2026-06-14T16:28:10+00:00,2,0,0,10.01,10.01,19.98997,2
0x091701649b2fb4cd8056d4ed39ada743c049acbe,2026-06-14T15:59:06+00:00,2026-06-14T16:24:48+00:00,2,4215.0,0,0,0,8.4300,2
0x094332a791a6630a2aaa992d7009ddb427e9bc94,2026-06-12T12:31:51+00:00,2026-06-12T12:31:51+00:00,1,0,0,1.003,0,0.999991,1
0x094b702b4813c44c83b43495fb18682023065fd9,2026-05-11T03:07:46+00:00,2026-05-11T06:32:45+00:00,2,0,0,75.1,75.1,149.2237,2
0x0957bf4725f6d0c62428f356d40d5cf7eeb977e8,2026-05-13T18:52:01+00:00,2026-05-16T06:01:12+00:00,10,0,0,381.11,0,377.97334,10
0x095dcfb123a4bc035ee6b0d624bab0cc964352cf,2026-05-05T15:51:50+00:00,2026-06-17T14:03:40+00:00,217,0,0,82844.846664,0,82583.1863459812513308,217
0x096638fbe1a2cf7c4f4f7f768f31f57ca6d76ae4,2026-05-11T03:07:46+00:00,2026-05-11T16:24:08+00:00,2,0,0,86.51,86.51,171.80886,2
0x098692e23a9cd065c0447ccf84754489cea9784e,2026-05-20T20:51:47+00:00,2026-05-21T16:06:33+00:00,2,1416.767676,0,0,0,13.6599980297777792,2
0x0988c812e1e1ce3e37a571e2db53891e201409bb,2026-05-25T22:24:00+00:00,2026-06-03T10:53:58+00:00,3,476.190474,0,0,0,2.999996986000014,3
0x098fe45f9d133023cbba1c27d9ff18f54b36c86d,2026-06-15T21:40:09+00:00,2026-06-15T21:40:09+00:00,1,0,0,58.388,0,58.329612,1
0x0997b0e559c08a8c980f88acc63eaa67db029646,2026-06-05T00:12:15+00:00,2026-06-05T00:12:40+00:00,4,0,0,10.180,10.17,20.278780,4
0x09986a99704fffaf86789fb11cd1a6dd8bdf8077,2026-05-29T15:17:52+00:00,2026-05-29T17:04:47+00:00,2,0,0,10.0502,10.05,19.9896490,2
0x099974905080316d7c31d5ede780f16bb00edd96,2026-03-05T02:12:47+00:00,2026-04-16T12:56:38+00:00,62,0,665.67,10761.607093,0,10436.6001359708317196,62
0x09a9ea4ecbaa5473df040f8800daad1eaef0bb98,2026-06-11T09:20:36+00:00,2026-06-11T09:20:36+00:00,1,0,0,1.004015,0,0.9999980000411570,1
0x09abe5a741c7ffeb454d82eb4efc2764252ce15e,2026-05-07T21:58:06+00:00,2026-05-07T21:58:06+00:00,1,0,0,5.5252,0,5.469948,1
0x09b051b47d75c125ca025bef34293645be41fb66,2026-04-12T16:19:45+00:00,2026-04-12T16:27:53+00:00,3,0,0,121.86,121.86,237.74886,3
0x09bcd8004a1f55a2e457cdeae71d848522a4685e,2026-05-24T00:25:06+00:00,2026-05-24T00:25:06+00:00,1,863.636363,0,0,0,9.4999990430000007,1
0x09ec3ecbeea4bf34bffe82745b1ed254eb857fa5,2026-05-20T09:56:21+00:00,2026-05-30T11:48:28+00:00,4,0,0,272.8576,272.85,541.7193180,4
0x09fc877d0f2065b37c5cb5aafc0e66602c7d4cd4,2026-06-07T12:56:39+00:00,2026-06-08T04:19:10+00:00,27,100000.0,99999.996664,0,0,532.9007429987613358,27
0x09fe78c8b9f10fb9c7c0a584bfab4205c76876ee,2026-01-22T03:20:00+00:00,2026-05-09T21:37:55+00:00,92,0,13.46,6135.975184,5.57,5993.7673850060493248,92
0x0a00835f425243c362bd99ff42a7d6f1fc070af0,2026-03-07T17:03:43+00:00,2026-03-08T03:48:11+00:00,4,0,0,1367.0,1367.0,2574.0530,4
0x0a070f03c7e1f208b831544369b02bbb56fdbc3b,2026-06-12T14:26:54+00:00,2026-06-12T14:26:54+00:00,1,0,0,1.003,0,0.999991,1
0x0a103faddaca75c55e8460245375eb26c9cc99bd,2026-06-02T02:31:35+00:00,2026-06-02T03:40:02+00:00,2,0,0,10.0502,10.05,19.9896490,2
0x0a181c7672bcc77b9048607f6ec7fbe21222f0fe,2026-06-13T02:18:19+00:00,2026-06-13T02:18:19+00:00,1,0,0,37.7855,0,37.7099290,1
0x0a32c237a84178c339e82ee35d689e60f8ec09cf,2026-05-21T19:39:00+00:00,2026-05-21T19:39:00+00:00,1,166.666665,0,0,0,1.9999999966666665,1
0x0a3394d468f7e0eb788a7c403add2ac691925f99,2026-06-14T07:03:15+00:00,2026-06-14T07:03:15+00:00,1,0,0,23.023,0,22.999977,1
0x0a355ce4fa768b760b6e6833c3af1c7eb1ee33a7,2026-06-17T09:05:19+00:00,2026-06-17T09:05:19+00:00,1,3500.0,0,0,0,3.5000,1
0x0a3d0b650164fdd4e00b90a42f41fe4cd4e64c14,2026-05-17T12:20:10+00:00,2026-05-18T02:08:53+00:00,2,0,0,302.41,302.41,600.58626,2
0x0a5caa097af0a484232a988768a5ce2ebd00d35c,2026-04-30T14:18:14+00:00,2026-05-07T17:53:17+00:00,2,1071.42857,1071.42,0,0,24.64277998,2
0x0a6d26d31b28fd5a84c301f8b27296612f3b1d0a,2026-03-04T16:08:57+00:00,2026-03-30T21:23:43+00:00,18,1554.698387,186.0,2089.743052,53.0,2064.8304529894013519,18
0x0a6ed0e3fe021352c229b525fe8adc213fa9e071,2026-05-11T15:03:40+00:00,2026-05-12T01:58:29+00:00,2,0,0,86.9,86.9,172.4965,2
0x0a78b65696c797fdcd4f2a4af75936a4156f4f6e,2026-06-10T16:41:31+00:00,2026-06-10T16:41:31+00:00,1,0,0,1.023,0,1.019931,1
0x0a88673a431ac6d2f3b23f7bdd3beb9e206c3702,2026-03-13T01:28:35+00:00,2026-06-06T09:41:45+00:00,3,0,0,4.164604,4.16,8.1391709999395188,3
0x0a9cce356ef231e85a4bb1d8264bacfc1c313a5d,2026-05-01T16:27:24+00:00,2026-05-01T16:27:24+00:00,1,100.0,0,0,0,1.1000,1
0x0a9cd66f90102d69cb67f67615d3637d8ca046e6,2026-06-16T06:41:52+00:00,2026-06-16T06:48:22+00:00,2,500.0,500.0,0,0,1.5000,2
0x0a9db1add760b7a318d6d87e109f6287b679b385,2026-06-03T08:57:19+00:00,2026-06-03T11:57:29+00:00,2,0,0,11.6884,11.68,23.2398780,2
0x0aa076ea6ec2ea7928a1ab26a15637d61e4604a3,2026-06-07T12:56:39+00:00,2026-06-13T00:28:04+00:00,6,666.66,666.66,0,0,4.16662,6
0x0aa51d5a1b08198ab81ed426f72a32e87b067a54,2026-04-15T10:22:06+00:00,2026-04-15T10:26:18+00:00,2,0,0,22.55,22.55,43.97250,2
0x0ab1eb2568b58cf14c1bf85723e2de264bceae01,2026-04-08T11:15:05+00:00,2026-04-08T11:39:53+00:00,2,0,0,17.18,17.18,33.68998,2
0x0abd75c8c7a6f0a5314ca9f282ee27eda7c9e2be,2026-05-17T12:20:10+00:00,2026-05-18T00:44:58+00:00,2,0,0,94.46,94.46,187.59756,2
0x0ad7f3411bc87f0b5362155e638f04ef05700971,2025-12-11T21:18:41+00:00,2026-01-30T21:24:54+00:00,4,12.36,12.36,0,0,0.60171,4
0x0af7734ca9a69740d02cdc668464039f978deee1,2026-03-13T02:57:29+00:00,2026-03-13T02:57:43+00:00,2,420.0,0,420.0,0,420.83000001000,2
0x0b2550e4a9b45e058d47ed8c2058f1bb4ce2439f,2026-04-05T13:32:05+00:00,2026-04-05T13:32:05+00:00,1,0,0,100.0,0,98.2000,1
0x0b258516447c267ccfbdd9cd6b35057bd815efd9,2026-05-13T23:25:31+00:00,2026-05-16T07:10:10+00:00,4,0,0,18.124848,18.12,35.9770090001493469,4
0x0b374004aab64d7cf437850ce18a7804005588fc,2026-06-09T15:42:07+00:00,2026-06-09T15:42:07+00:00,1,2000.0,0,0,0,10.0000,1
0x0b395710205c7d69e803424bcd98310f3933a8c1,2026-05-30T16:19:39+00:00,2026-06-03T13:53:10+00:00,2,2000.0,2000.0,0,0,22.0000,2
0x0b3d61424f046b4f0d632e2d6adb9133e8f69075,2026-06-01T17:53:28+00:00,2026-06-02T06:55:32+00:00,2,0,0,16.0804,16.08,31.9835180,2
0x0b40a4962a748b529b69efdd9395f77191db758a,2026-05-27T00:22:13+00:00,2026-05-27T00:22:13+00:00,1,0,0,71.368166,0,70.9399569968631834,1
0x0b4274f118eefeb3304ad5d8195a5876cc7d9fc4,2026-04-11T04:46:47+00:00,2026-04-13T17:38:47+00:00,12,300.00,300.0,0,0,14.30000,12
0x0b482c0616a68f076d3bf1128e040336714b0415,2026-04-29T08:28:54+00:00,2026-05-12T13:03:59+00:00,3,4178.878887,0,0,0,72.0999091882222226,3
0x0b498c2501f1c3a541f76218f083d48c92e7f2df,2026-06-17T17:38:52+00:00,2026-06-17T17:48:49+00:00,2,4443.63,0,0,0,10.99208,2
0x0b509a141ea0a85ec1baa8e28584fc94bd11c381,2026-05-26T21:02:01+00:00,2026-05-26T21:02:01+00:00,1,0,0,5.160833,0,5.1298679999356668,1
0x0b52d8a3e9fba8ddc61425278d271605c1432ea9,2026-06-14T20:43:46+00:00,2026-06-14T20:43:46+00:00,1,0,0,217.837,0,217.619163,1
0x0b789756a0a38b4bc0d56a0955ee64574955e410,2026-05-18T10:04:16+00:00,2026-05-18T14:08:48+00:00,2,12500.0,12500.0,0,0,187.5000,2
0x0b8ab66560bb73b29316dbfb55a4b0bedf365ee3,2026-06-13T17:33:06+00:00,2026-06-13T17:33:06+00:00,1,0,0,4.559,0,4.549882,1
0x0b8b3a186741aab9a50795cbcc3a7e0cb8fab16f,2026-06-13T11:07:57+00:00,2026-06-13T11:07:57+00:00,1,0,0,1.002,0,0.999996,1
0x0ba06ba515fbdff5ec1dd85dfee5928ed8dc9d06,2026-05-27T20:37:39+00:00,2026-05-28T09:08:15+00:00,2,0,0,79.25,79.25,157.39050,2
0x0bbb1b80f3a423defeadad572d8dad150f0bf7d1,2026-05-20T03:06:05+00:00,2026-05-20T06:33:31+00:00,2,0,0,1394.2,1394.2,2767.4870,2
0x0bbeaf078681b13ca964cb2fe8c37cf1d33f37ec,2026-06-12T11:47:49+00:00,2026-06-12T11:47:49+00:00,1,0,0,1.003,0,0.999991,1
0x0bd370f8c4b34c6c0df552bcc373c0763ec7e1c2,2026-06-01T09:55:39+00:00,2026-06-01T09:55:39+00:00,1,0,0,6.0,0,5.9700,1
0x0bd7c241f63eed79477d7a5ddb8bd007ee2c6c0b,2026-05-28T11:09:56+00:00,2026-06-09T19:11:25+00:00,2,0,0,99.5975,99.59,197.9923750,2
0x0bdd8b2d0e1a2c965e44588fdee730092706e657,2026-04-04T16:17:31+00:00,2026-05-04T15:06:50+00:00,2,35.714284,35.71,0,0,1.3570989984286172,2
0x0be4fb2d149a2dc2a71968e920c87f6bc8cc06c2,2026-02-19T16:26:32+00:00,2026-02-19T16:26:32+00:00,1,0,0,3.0152,0,2.9699720,1
0x0c0adfd88f046c4160aeb420293fb3c14cbb9d96,2026-05-27T13:11:17+00:00,2026-05-28T02:15:46+00:00,2,0,0,86.9,86.9,172.5834,2
0x0c154c190e293b7e5f8d453b5f690c4dc9599a45,2026-06-17T00:31:34+00:00,2026-06-17T00:31:34+00:00,1,750.0,0,0,0,1.5000,1
0x0c18cf122dce8556302ff496affe379097aba04c,2026-06-01T12:32:27+00:00,2026-06-13T07:45:49+00:00,4,1281.823332,0,0,0,4.345466994000006,4
0x0c1ca8a9e8f32787d66a89df8fceee6e11fb84d8,2026-05-17T23:57:47+00:00,2026-05-18T11:39:02+00:00,2,0,0,118.04,118.04,234.19136,2
0x0c1ea33b79c2987ec74095d0761b528fc3cf06bd,2026-05-14T00:44:37+00:00,2026-05-14T01:06:24+00:00,2,0,0,6.048375,6.04,11.985628000,2
0x0c3b68d945e64284412a9b32deedb75607d84592,2026-03-22T04:07:33+00:00,2026-03-22T04:07:33+00:00,1,0,0,1.109944,0,1.0699860000168064,1
0x0c3ecec19a02eb4c2d33d6754d882e2857550891,2026-05-23T16:01:07+00:00,2026-05-23T16:24:27+00:00,2,0,0,2173.913,2173.91,4297.823037,2
0x0c4125b4097fd5f0b8eda9fa083bf2d3d4605b53,2026-05-27T13:27:10+00:00,2026-05-27T13:27:10+00:00,1,0,0,15.633666,0,15.5398639993099002,1
0x0c46ddd4cb663895b3385a492e02343dff14582f,2026-06-16T06:06:57+00:00,2026-06-16T06:06:57+00:00,1,0,0,74.0,0,73.9260,1
0x0c54b66e2f8a1f9f0f36257d88f897b41169747c,2026-06-17T05:19:10+00:00,2026-06-17T05:44:35+00:00,2,25000.0,0,0,0,30.0000,2
0x0c5d4d5c0297eccc49960532bc52c91c67037951,2026-05-25T00:32:07+00:00,2026-05-25T12:04:30+00:00,2,0,0,224.0,224.0,444.6400,2
0x0c78f4928098282bb9f4da290efaf10e2e5dc3e8,2026-05-22T09:13:53+00:00,2026-06-14T14:31:06+00:00,3,0,0,231.50,115.52,344.93972,3
0x0c88ba3b0e58bec3ab9ee6691afbd16cea26fa1d,2026-04-16T17:19:48+00:00,2026-06-01T10:56:05+00:00,2,319.230769,319.23,0,0,9.896149994,2
0x0c8bc7383f57c75748ac477e5cae7a3a7a4610db,2026-03-26T11:31:21+00:00,2026-03-26T11:33:11+00:00,2,0,0,1110.0,1110.0,2104.5600,2
0x0c9eb97737c40b4dab9c3fe08ad5f7198233352a,2026-04-16T01:57:20+00:00,2026-05-13T03:15:50+00:00,18,0,0,5486.04,5486.04,10859.278979970052,18
0x0ca613df9853b6bf2b293d2c4c161c8ad0eb98be,2026-06-17T17:18:26+00:00,2026-06-17T17:18:26+00:00,1,1300.0,0,0,0,1.3000,1
0x0cc1b24c712d82f1c9706240d977cc386ac1d05b,2026-03-28T05:22:07+00:00,2026-03-28T05:26:45+00:00,3,0,0,1094.58,1094.58,2053.43208,3
0x0cc3b525d2a4a768359806693371537844ad9049,2026-05-27T13:11:17+00:00,2026-05-28T00:50:59+00:00,2,0,0,100.9,100.9,200.3874,2
0x0cc4cec6979143d895d3b2e4557c3cdf601cd0de,2026-05-19T16:17:34+00:00,2026-05-22T11:39:29+00:00,2,3750.0,3750.0,0,0,61.04347012500,2
0x0cc66497c5abbd320df5323772aa93ccf364a2d8,2026-05-16T05:36:35+00:00,2026-05-16T12:45:32+00:00,2,0,0,29.175,29.17,57.965760,2
0x0cc785dbf9e8d76fd68512484af8001062bb7ba9,2026-05-09T01:42:55+00:00,2026-05-09T01:42:55+00:00,1,166.666666,0,0,0,0.999998996000004,1
0x0cc789e5e75cd066f9bd72d0f63cb3d88bcb7349,2026-05-11T18:32:21+00:00,2026-05-11T18:32:21+00:00,1,1250.0,0,0,0,10.0000,1
0x0cd2998bb479699e82bdd1494bb5b5cabd1a3e34,2026-06-05T20:43:07+00:00,2026-06-05T20:43:07+00:00,1,250.0,0,0,0,1.0000,1
0x0ce6d2fd77316add85f4581befa0973cf838e646,2026-03-09T11:10:47+00:00,2026-03-14T01:15:13+00:00,4,53.301753,53.3,2.109703,2.1,8.2376970022671437,4
0x0cf10f77606d61116b85fa7c45ec8eb8f7058d41,2026-06-14T05:48:46+00:00,2026-06-14T14:41:46+00:00,2,0,0,10.01,10.01,19.98997,2
0x0cffb5cbd0f9c4b58810e3da84a35328dd148cca,2026-06-08T04:12:10+00:00,2026-06-08T04:12:10+00:00,1,500.0,0,0,0,1.0000,1
0x0d08575de42651830841073802754e34b189eb0e,2026-05-27T16:18:23+00:00,2026-05-27T16:18:23+00:00,1,0,0,13.480833,0,13.3999480006519167,1
0x0d16879780c9a5b58d53effa65fa126e4c1c064f,2026-04-06T16:23:47+00:00,2026-04-06T16:23:47+00:00,1,0,0,10.0,0,9.8600,1
0x0d177f42abc5f9f4054ea3988a34aebf18b89682,2026-03-31T16:46:33+00:00,2026-04-15T15:51:56+00:00,2,5.0,5.0,0,0,0.3350,2
0x0d225a8d6cd0979a5696d69e8f056c8aa5fedaa0,2026-05-15T12:34:05+00:00,2026-05-15T12:34:05+00:00,1,142.857142,0,0,0,0.999998994000006,1
0x0d2af15b378850f94fea9d15d85a4e5e277d7c53,2026-04-22T00:03:54+00:00,2026-05-16T15:02:28+00:00,2,272.105263,272.1,0,0,6.802599997,2
0x0d4aa8fbc073de3dc3bba634ab1fa864cecfe1ab,2026-03-02T12:58:21+00:00,2026-03-13T14:14:19+00:00,2,0,0,11.65,11.65,23.02040,2
0x0d4e1cf7fcb396d9ec21be5f3c7ffe617b5a360b,2026-06-12T12:03:03+00:00,2026-06-12T12:03:03+00:00,1,0,0,1.043,0,1.039871,1
0x0d66e9b579c93e7fb6e3db9e41e933ebf37779ca,2026-06-17T11:54:50+00:00,2026-06-17T11:54:50+00:00,1,1000.0,0,0,0,2.0000,1
0x0d68a21c0d0d4c999568f6517b057f7eba1ba32c,2026-05-13T04:40:16+00:00,2026-05-13T04:44:59+00:00,3,1410.0,1410.00,0,0,19.74000,3
0x0d7e9ddc0a0e6a7cd703ce8d1c0fd3b517a7cb13,2026-06-08T22:07:34+00:00,2026-06-17T18:00:55+00:00,128,530787.8475,89972.468332,0,0,794.0390320021546674,127
0x0d7ebef8dc533fdc1157e299cfb369aca7b142ba,2026-05-26T10:33:10+00:00,2026-05-26T10:33:10+00:00,1,0,0,764.195166,0,759.609995004,1
0x0d94ca6fa29a5361f84a69eced4b601d8bbcbcb1,2026-05-03T09:04:42+00:00,2026-05-03T20:21:10+00:00,2,0,0,58.77,58.77,116.36460,2
0x0da485cef0d3c5f620abba2233122577a49ae5c1,2026-06-13T10:49:43+00:00,2026-06-13T10:49:43+00:00,1,0,0,1.002,0,0.999996,1
0x0daf5e13b3e95aa537b72229a89bf81c95e48b6e,2026-06-06T05:09:40+00:00,2026-06-06T18:04:46+00:00,2,0,0,107.53,107.53,214.19976,2
0x0db91d46cc9f1e0d8346e1eb04065ba3167a0280,2026-05-04T05:25:32+00:00,2026-05-04T05:25:32+00:00,1,83.333333,0,0,0,0.999998996000004,1
0x0dbcee7d8122b60b209ec6d9920639d5bc145c7b,2026-05-17T15:35:39+00:00,2026-05-17T16:02:17+00:00,2,1250.0,1250.0,0,0,17.5000,2
0x0dbcfc595c8959fdd5880c0bd6905ef52d5a8d5e,2026-06-08T03:08:49+00:00,2026-06-08T04:31:37+00:00,2,0,0,8760.0,8760.0,17476.2000,2
0x0dc4ee2d77fb8b4e246c5c59a8f615c198e71ee7,2026-05-14T09:27:34+00:00,2026-05-14T09:29:21+00:00,3,1210.0,1210.00,0,0,19.36000,3
0x0ddcfa3200c6d3a290d00d1ba7e780528d6c7b2c,2026-05-27T23:04:56+00:00,2026-05-28T11:48:08+00:00,2,0,0,125.7545,125.75,249.8697230,2
0x0dfee1ed6f4d3640b4bc13388ec9743a3537de4d,2026-03-15T00:27:29+00:00,2026-03-19T08:15:23+00:00,2,5.0,5.0,0,0,0.3150,2
0x0e002cda7bebee44e4ed282a9d490ee13dce7aad,2026-05-20T08:54:39+00:00,2026-06-04T02:29:18+00:00,3,0,0,12.890142,12.89,25.5775309995549290,3
0x0e024095e6d98366ce29da8d41244efb63172988,2026-06-17T12:37:19+00:00,2026-06-17T12:37:19+00:00,1,0,0,3.003003,0,2.999999000003004,1
0x0e04500eddc589e5eb4d5287cb27343dfef0590a,2026-06-09T13:08:57+00:00,2026-06-11T03:06:04+00:00,2,0,0,55.22,55.22,109.99824,2
0x0e04a16a8fa6ff2a9c57c2e71635bc92f48b0602,2026-05-24T16:55:08+00:00,2026-05-25T04:12:24+00:00,2,0,0,57.459625,57.45,113.990348000,2
0x0e0b0c3c74a50f50839feba6599692b64232c1d5,2026-05-24T17:24:35+00:00,2026-05-24T20:47:25+00:00,2,0,0,240.927375,240.92,477.751676000,2
0x0e17a49cb2b5c72a9e50e1c0eb3dfc7292666dd9,2026-06-02T07:39:36+00:00,2026-06-02T07:39:36+00:00,1,0,0,1.035,0,1.029825,1
0x0e284613451fff9e9305224a189a625f423affb5,2026-05-28T21:39:17+00:00,2026-05-28T21:39:17+00:00,1,166.666666,0,0,0,0.999998996000004,1
0x0e314d8191e521b231a68621fb1b104f8c1ced82,2026-06-03T00:22:35+00:00,2026-06-03T17:11:51+00:00,2,10.0,10.0,0,0,0.1100,2
0x0e37eac031aaa58974edebfe2f9e3708d1e7e6b4,2026-05-26T05:44:07+00:00,2026-05-26T05:44:07+00:00,1,0,0,7.062333,0,7.0199589998813001,1
0x0e458d7a299e1ead6f61b39ae5592e734c3ea3ea,2026-05-17T12:20:10+00:00,2026-05-31T20:54:10+00:00,4,0,0,180.26,180.26,358.08589,4
0x0e47628492e95b93168e2f07ca599d4174a421ce,2026-05-10T23:26:40+00:00,2026-05-13T20:30:33+00:00,2,166.666666,166.66,0,0,2.333278996000004,2
0x0e47ff265fdfbccbfb5b83d8687540f072e6b1e0,2026-05-11T01:53:38+00:00,2026-05-11T01:53:38+00:00,1,0,0,4.4522,0,4.4299390,1
0x0e54161073659a901e1626aa605312212bb63f6d,2026-05-27T15:03:08+00:00,2026-05-27T15:03:08+00:00,1,0,0,75.623666,0,75.1699239964376334,1
0x0e5bd76779e74304d08e759072abf126d87da593,2026-03-29T11:38:26+00:00,2026-06-06T21:14:57+00:00,286,5910.25,466144.597781,8000.00,8000.00,20499.2118317011722296,286
0x0e5c61fd9a518c9ffc954089d4655bcf52ec3036,2026-02-02T21:01:46+00:00,2026-06-15T11:20:27+00:00,431,41676.024992,41661.018561,0,0,2329.7252179329940851,427
0x0e6544991c5aa58350389ab1b25cd07d1f56a963,2026-04-09T08:19:57+00:00,2026-04-13T02:03:49+00:00,2,0,0,1000.0,1000.0,1950.000,2
0x0e65467189550d751743ce1af067f43952357dfc,2026-06-16T11:44:21+00:00,2026-06-17T01:56:14+00:00,2,0,0,57.31,57.31,114.39076,2
0x0e6a590d312f2203fa5c543bbb5e3c2465c2a819,2026-05-01T02:04:50+00:00,2026-05-02T02:01:22+00:00,2,357.0,357.0,0,0,6.7830,2
0x0e7db20bbda76f3a7af3a365c4e939ced6211313,2026-03-07T16:27:09+00:00,2026-03-07T16:35:19+00:00,2,0,0,1000.0,1000.0,1874.0000,2
0x0e7fa09bf44514693b5ecc2420c50abc39b62015,2026-01-22T03:20:20+00:00,2026-06-03T19:06:57+00:00,161,0,10.0,27730.824060,0,27451.3505920016281176,161
0x0e84ff077be2a1add575bd32c9327efac745388c,2026-06-16T03:13:57+00:00,2026-06-16T03:13:57+00:00,1,0,0,66.566,0,66.499434,1
0x0e8526dbc3bc92ba97d54c07e094e98cbb6651ad,2026-05-14T09:22:54+00:00,2026-05-14T09:26:47+00:00,3,1180.0,1180.00,0,0,18.88000,3
0x0e8d62037099fc4509bdeaf04c42b3ab63489b8d,2026-04-30T14:37:06+00:00,2026-05-01T06:58:10+00:00,25,600.0,599.993846,0,0,14.3999190001025466,25
0x0ea88a0c82e0b6e5c42bc4597657a5a8de477ab7,2026-06-11T22:28:04+00:00,2026-06-11T22:28:04+00:00,1,0,0,1.003,0,0.999991,1
0x0eaab55208d3ef632b7b456aa1a93e1ca0061076,2026-05-27T14:28:24+00:00,2026-05-27T14:28:24+00:00,1,0,0,67.162833,0,66.759856002,1
0x0ec43bd01574c6193f4930999287e752050c5457,2026-05-26T06:55:33+00:00,2026-05-26T06:55:33+00:00,1,0,0,10.331833,0,10.2698419999336334,1
0x0ec53c541f6a48961144988569848bb6ed06eeaf,2026-05-29T15:42:59+00:00,2026-05-29T17:20:04+00:00,2,0,0,10.0602,10.06,20.0095390,2
0x0ec6af78c9d01c0a67b6b3fe8e4319b1f717f764,2026-05-20T05:32:51+00:00,2026-05-22T17:09:51+00:00,2,0,0,76.535714,76.53,151.764664002,2
0x0ecff86fe3d6cccfa2e29cb7d3c6f56f6a037b60,2026-06-13T17:05:52+00:00,2026-06-15T11:20:27+00:00,2,0,0,100.0,100.0,199.6000,2
0x0ed435b71749b83beeb359b481b1db7bb350c0a0,2026-05-26T19:29:06+00:00,2026-05-26T19:29:06+00:00,1,0,0,383.169,0,380.869986,1
0x0ed469a7121743eb01c338a97810bc3cfe13227c,2026-05-13T04:34:31+00:00,2026-05-13T04:40:19+00:00,4,1420.0,1420.00,0,0,19.88000,4
0x0ed6bc686d49470af19f9b4ed8e464fef63da161,2026-06-03T08:15:42+00:00,2026-06-03T09:10:04+00:00,2,0,0,11.3164,11.31,22.5019580,2
0x0ee42ff3b75dffcfe3ccf251a3f088350a66869f,2026-03-07T03:26:53+00:00,2026-03-20T11:13:47+00:00,7,1579.966389,0,0,0,34.9998030017249306,7
0x0ee7a8f483a1c339205e0fe189424cb52be30991,2026-05-20T04:55:43+00:00,2026-05-26T07:46:39+00:00,2,0,0,67.472285,67.47,133.9976889982527715,2
0x0f0662c8c80e0181af5b0a4be54377c022eb37f5,2026-06-11T09:09:06+00:00,2026-06-11T09:09:06+00:00,1,0,0,1.044175,0,1.0399980000085225,1
0x0f0e68a47569641f0d67aa2d11fb1e480341ea4d,2026-05-24T16:58:27+00:00,2026-05-25T11:41:01+00:00,2,0,0,95.766125,95.76,190.089676000,2
0x0f15bca68d73e79fda8ad13794861c6644ce0ce5,2026-03-23T14:32:37+00:00,2026-03-23T14:33:49+00:00,2,0,0,48.19,48.19,91.545380001816,2
0x0f2231db6c779a25780788c88ad929fcc24eb832,2026-03-30T13:35:39+00:00,2026-03-30T13:35:45+00:00,8,899.994561,0,0,0,51.2996900080107087,8
0x0f2d03670eef0c0148093afa397a5a5ddefb6869,2026-03-28T06:00:29+00:00,2026-03-28T06:03:21+00:00,3,0,0,1130.0,1130.00,2119.88000,3
0x0f3433d8b7596000bf1046aa822308d93cf67684,2026-04-02T07:34:39+00:00,2026-06-16T18:01:55+00:00,11,18631.0,61.0,0,0,111.55046000000,11
0x0f37e46066168f4e0951975b5210487e8a7a6116,2026-04-18T12:04:16+00:00,2026-04-18T12:08:16+00:00,2,526.315788,526.31,0,0,19.4097600424485788,2
0x0f589116419fa0d6658b7a68b99343325dbf0b39,2026-05-13T03:11:06+00:00,2026-05-13T03:11:06+00:00,1,0,0,5.814833,0,5.7799440002555501,1
0x0f5bf3ed01d1285c3462fd1310884838d2016846,2026-05-21T12:14:37+00:00,2026-05-26T22:12:50+00:00,14,0,0,70.0,70.0,138.6400,14
0x0f607897e7a3e05ae15e7a99e57856454d17026a,2026-03-24T12:46:31+00:00,2026-04-26T08:41:24+00:00,25,0,0,1225.49,0,1181.54674,14
0x0f660766edfdb88fcad6d6eb104f66e709c915f9,2026-05-14T14:45:17+00:00,2026-05-14T14:58:33+00:00,2,0,0,8.056285,8.05,15.9854910001662290,2
0x0f6d869c5d77000879832655e668773fc3d91f8a,2026-06-16T22:20:22+00:00,2026-06-16T22:20:22+00:00,1,500.0,0,0,0,1.0000,1
0x0f80c26754f9650565382179df976b97a0873d95,2026-05-22T22:13:01+00:00,2026-05-22T22:13:01+00:00,1,222.222222,0,0,0,1.999999998,1
0x0f8271a20f4f064c19beb7b44dbd3371b5cd2586,2026-02-08T10:58:59+00:00,2026-03-17T07:33:05+00:00,2,42.753333,42.75,0,0,2.7100000014093369,2
0x0f8979cea917a4c390a3fa584e30da486af5dc90,2026-05-29T09:52:06+00:00,2026-05-31T09:24:47+00:00,4,0,0,22.3616,22.36,44.4756320,4
0x0fa77995e0d059703168c12cb5b6c1d6929251ab,2026-06-16T06:40:34+00:00,2026-06-16T06:40:34+00:00,1,0,0,53.0,0,52.9470,1
0x0fae03e17d79d4a0d997d78925440e7de16c532f,2026-04-30T09:26:24+00:00,2026-04-30T11:35:32+00:00,2,780.0,0,0,0,10.8400,2
0x0faeb0efba463dffebdc395c9fb2441cdf448c04,2026-03-08T22:18:03+00:00,2026-03-08T22:28:01+00:00,3,0,0,1550.0,1550.0,2932.6000,3
0x0fc38799ef0b0103cde33edff0c5d38187a2bcdf,2026-06-10T23:48:06+00:00,2026-06-10T23:57:21+00:00,2,0,0,1.003,1.0,1.995991,2
0x0fc5e55953f6e390bb3def4f2139f7b3650d893f,2026-05-04T14:07:52+00:00,2026-05-04T14:07:52+00:00,1,0,0,6.6969,0,6.629931,1
0x0fd090d04f9213b4adb2f8e03797907c0c5bf601,2026-03-18T21:21:21+00:00,2026-03-18T21:21:21+00:00,1,0,0,1.131678,0,1.0999910000433402,1
0x0fda55255e462cefe10f58c6dd14a6ac48e38405,2026-06-17T14:54:17+00:00,2026-06-17T14:54:17+00:00,1,10000.0,0,0,0,10.0000,1
0x0fdf73d9c8bc11f88ec9a793a41462355ac5cb8b,2026-06-15T06:50:28+00:00,2026-06-17T05:05:10+00:00,2,0,0,11.491,11.49,22.946529,2
0x100be911880bb48613130d1af9d22a7fa3828734,2026-06-16T09:50:39+00:00,2026-06-16T09:50:39+00:00,1,5000.0,0,0,0,10.0000,1
0x101e69875d747aadd7979a15ac08de81efb906bd,2026-03-22T16:48:49+00:00,2026-03-23T05:23:29+00:00,2,582.314284,182.31,0,0,29.7624289895603500,2
0x1024ab0223edb2205722d0862d3943168814cce0,2026-05-14T09:27:38+00:00,2026-05-14T09:29:25+00:00,3,1210.0,1210.00,0,0,19.36000,3
0x1025275d306ac5bdf1e5e34fff2ffd33705c7939,2026-06-14T08:16:52+00:00,2026-06-16T12:09:00+00:00,2,2500.0,2500.0,0,0,7.5000,2
0x1032a7d647522efe2bcdf721759d303b51972352,2026-06-11T23:39:48+00:00,2026-06-15T22:14:09+00:00,3,258.0,258.0,0,0,1.4450,3
0x103547b5f6127beb0d02335754e9fb58d70a172c,2026-06-12T09:43:39+00:00,2026-06-12T09:43:39+00:00,1,0,0,875.88,0,873.25236,1
0x10436643f371b3df2bc6fc9c530014667263bf11,2026-05-05T13:31:10+00:00,2026-05-05T13:31:10+00:00,1,0,0,6.609484,0,6.5499980002362584,1
0x104e70f5202811a95fdb56bd5d4de080a9e742a4,2026-05-30T13:35:39+00:00,2026-05-30T13:35:39+00:00,1,0,0,16.0804,0,15.9999980,1
0x10547077ae248a305d28586624990b94f4622715,2026-06-16T12:57:43+00:00,2026-06-17T01:37:02+00:00,2,0,0,267.7,267.7,534.0615,2
0x1055cfc76c075fcdb6ca52812b0491e3dd437d3e,2026-06-13T17:05:52+00:00,2026-06-14T04:44:42+00:00,2,0,0,87.86,87.86,175.28070,2
0x105a066ff2e189d35f752d841a8038a0e89b93f8,2026-03-28T05:18:47+00:00,2026-03-28T05:20:37+00:00,2,0,0,1094.58,1094.58,2053.43208,2
0x105dd2abc64b84c1225f314c55214560d90f9fcf,2026-05-30T07:09:50+00:00,2026-05-30T19:43:49+00:00,2,0,0,272.13,272.13,540.99444,2
0x105f6e40545166d0eb031484417793310ee65108,2026-05-13T21:16:41+00:00,2026-05-13T21:16:41+00:00,1,555.555554,0,0,0,4.999999986,1
0x1068062b4c996cc74c4375125299bad2bf093dff,2026-05-31T04:39:54+00:00,2026-05-31T05:44:39+00:00,2,0,0,11.9698,11.96,23.7981910,2
0x1071831ea42ccb96a9b99771438d140b4d30b3e3,2026-06-02T17:31:45+00:00,2026-06-02T17:31:45+00:00,1,166.666666,0,0,0,0.999998996000004,1
0x10766707c8764a76d4c08548ef09f077b2763bc0,2026-06-04T11:19:18+00:00,2026-06-04T12:52:49+00:00,2,0,0,104.61825,104.61,208.28672700,2
0x1077e1de24cf2c59e8c1101d8f5d6730bf81c9f1,2026-05-16T23:51:47+00:00,2026-06-01T15:38:50+00:00,2,976.190475,0,0,0,5.9999979920000064,2
0x10853d223a7bb9a8a6de535e0627432a07057045,2026-05-04T06:14:36+00:00,2026-05-04T06:14:36+00:00,1,0,0,7.077818,0,6.9999619998766546,1
0x1086771735622e6d38e22aeb939ef2bc6f317b3c,2026-01-30T23:02:20+00:00,2026-02-03T13:21:00+00:00,19,576.257313,575.9,461.223093,460.9,957.5103060020057924,19
0x108d0255f6b0c9cfe6b988c90f42f2d9beeec693,2026-05-24T01:48:36+00:00,2026-05-24T01:48:36+00:00,1,90.909089,0,0,0,0.9999989971818388,1
0x109497d24b73cd123685561652d9bca81fc2dcbd,2026-05-27T20:45:08+00:00,2026-05-27T20:45:31+00:00,2,142.857142,142.85,0,0,1.857098994000006,2
0x1094a159006bcacc33439e8c0ee963076ed27337,2026-05-17T12:20:10+00:00,2026-05-18T00:36:52+00:00,2,0,0,131.82,131.82,261.79452,2
0x1098b8ca0f8101ccdec220067fe02ff944e7414c,2026-06-16T06:57:27+00:00,2026-06-16T06:57:27+00:00,1,0,0,42.0,0,41.9580,1
0x10a14a8236c9430d9a837f6af088b55c56b9d0c1,2026-05-20T18:04:06+00:00,2026-05-20T18:04:06+00:00,1,0,0,6.294057,0,6.2499979999175565,1
0x10a4f52402afedc82d9742fe97e5537ab7f24769,2026-05-28T08:32:00+00:00,2026-06-01T08:22:35+00:00,2,0,0,130.784666,130.78,259.995278004,2
0x10ab807ac93681f1f8d567501721ce245ec5b2e8,2026-04-13T09:57:31+00:00,2026-04-13T14:54:21+00:00,5,200.00,200.0,0,0,14.10000,5
0x10b289276b2b69cac7b1bbc58601009b6ee74ceb,2026-02-02T21:01:44+00:00,2026-03-13T03:33:05+00:00,11,479.664997,479.66,12.828646,12.82,60.4922930060298356,11
0x10b99d6d6a58e19850b3b349d3ce7c0d0c18372d,2026-05-13T04:40:16+00:00,2026-05-13T05:31:43+00:00,3,1380.0,1380.00,0,0,19.32000,3
0x10cb3e97aae0cdef91090e144ab659cd9826e94b,2026-06-04T14:06:07+00:00,2026-06-04T14:06:07+00:00,1,0,0,21.89,0,21.80244,1
0x10ea03416347e8a9c0d8c1457f288181900902ed,2026-05-12T12:34:35+00:00,2026-05-30T13:27:43+00:00,6,3425.865555,0,0,0,26.4671689950000010,6
0x10eed7af125a09f5f54ff1d93396a1f56869b540,2026-06-16T12:29:55+00:00,2026-06-16T12:30:43+00:00,2,0,0,1200.0,1200.0,2396.4000,2
0x10feeaddaa7e395153f34a88ce805c0262599af6,2026-02-14T06:21:53+00:00,2026-03-06T16:35:49+00:00,3,41.666665,41.66,0,0,2.748059001666705,3
0x11058bbac39fb05a6af69de2eba837c3f5ea54b7,2026-05-14T09:50:51+00:00,2026-05-14T10:01:33+00:00,2,0,0,10.070428,10.07,19.9893749999718288,2
0x1110cc281f72223f3e6254096c96e77229860d48,2026-06-16T22:13:35+00:00,2026-06-17T18:00:32+00:00,3,13500.0,13500.0,0,0,40.5000,3
0x1113a4f8a179a9d5f8c64ddffde2b8b6ce49ad49,2026-06-16T11:44:21+00:00,2026-06-16T23:15:31+00:00,2,0,0,111.42,111.42,222.39432,2
0x11157eaa61fd08c6677cd22fcc7bc44ed22ef08f,2026-05-01T09:01:20+00:00,2026-05-06T20:36:50+00:00,2,0,0,30.0,30.0,59.400,2
0x11280fc120928822131ea8c7df93452531ea417f,2026-05-19T05:07:17+00:00,2026-05-21T18:39:10+00:00,2,0,0,84.592144,84.59,167.6595080022719152,2
0x11281930c38a62bba918dec2d53af014f5168370,2026-05-19T18:19:31+00:00,2026-05-20T01:16:32+00:00,2,0,0,47.331285,47.33,93.9513260002668715,2
0x113006662ab1c4a44b8286763f073582278ccbf2,2026-06-09T15:54:25+00:00,2026-06-10T16:44:07+00:00,2,0,0,110.06,110.06,219.01940,2
0x11348f2173673478f006cf1cd4b0d2ab14d166b7,2026-05-31T06:43:31+00:00,2026-05-31T17:13:52+00:00,7,0,0,118.606665,118.6,235.783425998353310,7
0x1137f82b805c1327a96108451a101cbbc79699be,2026-06-13T20:02:34+00:00,2026-06-13T21:50:57+00:00,2,0,0,13.026,13.02,25.980888,2
0x1138bc822bc37b318246838efe5b830e144b183c,2026-05-22T07:45:15+00:00,2026-05-22T09:53:56+00:00,2,0,0,200.0,200.0,396.2000,2
0x115ae85b98d59d0940d2dc9cc7febb0a7d421914,2026-06-14T16:58:36+00:00,2026-06-14T16:58:36+00:00,1,0,0,1.001,0,0.999999,1
0x1161e1ac450967b8e2653078cf015df87192c9bd,2026-05-26T16:44:05+00:00,2026-05-26T16:44:05+00:00,1,0,0,16.408333,0,16.3098830003591667,1
0x117727c5201dd7378bac676f3cc674b862c2162d,2026-05-25T21:29:03+00:00,2026-05-29T19:30:39+00:00,2,0,0,56.338,56.33,111.991992,2
0x1179a776da02dd5d1a8bd6e08d304b3c524673b0,2026-06-05T16:17:49+00:00,2026-06-06T04:34:24+00:00,2,0,0,98.09,98.09,195.39528,2
0x1183da86115c4903aa30e37ec5eb73455a5cf299,2026-04-16T02:41:14+00:00,2026-04-16T04:06:48+00:00,3,324.54,324.54,0,0,14.27976,3
0x118491285228ebb2f04b6ce0e804fe08cade66f6,2026-05-13T12:38:22+00:00,2026-05-14T02:52:22+00:00,2,0,0,93.75,93.75,186.00000,2
0x118d0f3dfa3cca7e958ac2fd9f7f5f15cfe28df5,2026-06-11T21:54:19+00:00,2026-06-12T11:24:12+00:00,2,0,0,287.26,287.26,572.50918,2
0x1197f3afdf886eb7c38a7f665b259c2d15a3ee17,2026-05-30T18:09:07+00:00,2026-05-30T18:29:22+00:00,2,1098.333333,1098.33,0,0,12.0816490095000003,2
0x119ccb743016d5799694f8b08f2df3374a622d4a,2026-06-08T19:45:57+00:00,2026-06-08T19:45:57+00:00,1,10000.0,0,0,0,30.0000,1
0x11a5cba935271792f788ee5cd74ccda98f357002,2026-04-12T18:32:03+00:00,2026-04-14T15:37:07+00:00,2,0,0,6.0,6.0,11.6460,2
0x11ac262bafc58cd78de6862315193528ef55ca2f,2026-05-27T21:13:17+00:00,2026-05-28T05:59:43+00:00,2,0,0,263.581333,263.58,523.734785002,2
0x11c133d0554a4d53f1ced0c74c93e4baadef6db8,2026-04-17T11:49:06+00:00,2026-05-08T12:41:20+00:00,2,0,0,52.0,52.0,102.2840,2
0x11c305c76e0cceb0cdaeb254ea21bd1be959cf7d,2026-05-13T18:51:51+00:00,2026-05-14T06:22:11+00:00,2,0,0,107.66,107.66,213.48978,2
0x11dfd92b6e01f265f46b328ec8878b001332731f,2026-04-26T03:11:40+00:00,2026-06-12T02:20:16+00:00,3,0,0,5648.81,5648.81,11181.00322,3
0x11f81771621c68c3bd7c4122dd420431b3e114fe,2026-06-16T04:23:40+00:00,2026-06-16T04:25:45+00:00,8,0,0,1439.327,1439.32,2874.329033,8
0x11fcdcb86a6bbe97388b5351d4cfef107fa38262,2026-02-17T15:10:47+00:00,2026-02-18T01:09:55+00:00,2,57.222222,57.22,0,0,1.7438599986720604,2
0x1201d506e44ec9133a47d2866ee6f82a517fb830,2026-06-07T08:15:27+00:00,2026-06-12T02:03:13+00:00,2,0,0,12.036,12.03,23.981772,2
0x1206471206e702804e9c0a4de0e2bf24f57bae1d,2026-06-16T22:16:31+00:00,2026-06-16T23:10:05+00:00,2,500.0,500.0,0,0,1.5000,2
0x121264280c09aa34d3d4d1899406ec5d01d39e06,2026-05-23T18:42:07+00:00,2026-05-23T18:42:07+00:00,1,454.545454,0,0,0,4.9999989940000012,1
0x121356810a16ceb9407b7ad4bad3d8bacfd2ff57,2026-06-09T11:20:25+00:00,2026-06-09T11:20:25+00:00,1,33333.333333,0,0,0,99.999999999,1
0x121a8347a0f86074e50355bb812c5ff97237db9e,2026-05-21T12:45:25+00:00,2026-06-08T15:57:24+00:00,2,1848.484847,0,0,0,6.9999979890000049,2
0x1223987eb4bf8564a932f43e3cec9f28b5ced424,2026-06-07T08:13:06+00:00,2026-06-07T08:16:36+00:00,2,9376.0,0,0,0,37.5040,2
0x1229233bad2fd7462955c6383448904b5432df38,2026-03-10T12:27:23+00:00,2026-04-08T03:54:17+00:00,3,0,0,500.0,500.00,971.00000,3
0x122d9ce327d1d40ded62b8782aea3d1c32af95fe,2026-04-29T14:13:40+00:00,2026-06-16T18:34:47+00:00,2618,0,0,42922.566665,42922.560865,85158.2627539990543181,2618
0x1232e5b39f0fe5ace85c1ab9d84aaf1a22776158,2026-06-15T11:28:10+00:00,2026-06-15T11:28:10+00:00,1,1500.0,0,0,0,1.5000,1
0x123359632390af69ac767adc08c4ee6ee55ef7ab,2026-05-04T08:10:36+00:00,2026-05-23T02:30:37+00:00,2,0,0,50.55609,50.55,100.095022999888782,2
0x12366a19dff4fd829603d8fc0a061cd5d0601cf3,2026-05-17T12:20:10+00:00,2026-05-17T23:32:44+00:00,2,0,0,56.49,56.49,112.13265,2
0x123763d93c954fab567b14507d07e931d902f312,2026-02-02T08:27:52+00:00,2026-02-02T08:27:52+00:00,1,0,0,10.0,0,9.6500,1
0x12464c0946a609c3932d56e3a14dce9a27a7e962,2026-05-27T11:38:35+00:00,2026-05-27T23:28:04+00:00,2,0,0,109.76,109.76,217.98336,2
0x1252188bf160f5814f6fb8695cca1bf4cfe62a6d,2026-05-17T08:03:13+00:00,2026-05-17T19:20:26+00:00,2,0,0,112.676055,112.67,223.8813080052112755,2
0x12537eb645a2c16896f3d96a293d62e7111326e2,2026-06-07T15:40:52+00:00,2026-06-07T15:40:52+00:00,1,0,0,1.012,0,1.009976,1
0x125bd34f99ba4e1a5649d83daecaa60917f2205a,2026-05-28T10:21:55+00:00,2026-05-30T02:02:50+00:00,2,0,0,102.615666,102.61,203.994312004,2
0x126dae1a79ac99b40f1affd065fb5256b8fe553e,2026-03-28T05:36:59+00:00,2026-03-28T05:42:07+00:00,3,0,0,920.0,919.999252,1725.9192980282103740,3
0x126e36d4415a401a491b65957448ef15a509823c,2026-06-15T05:07:39+00:00,2026-06-15T05:07:39+00:00,1,0,0,53.053,0,52.999947,1
0x1289a16704e328b04194e0472692eb23eeca6421,2026-06-04T22:14:40+00:00,2026-06-04T22:14:40+00:00,1,10000.0,0,0,0,50.0000,1
0x12931f437d217bf3f0498602c76db40f125fbf3d,2026-06-02T05:18:14+00:00,2026-06-02T06:31:30+00:00,2,0,0,25.9296,25.92,51.5644320,2
0x1296fd4c77fdadba5f528b1a66e3a82c822aec2b,2026-05-31T19:38:42+00:00,2026-05-31T19:38:42+00:00,1,166.666666,0,0,0,0.999998996000004,1
0x129e448cc3e6df09d40909336cb6091f77f149bc,2026-03-08T22:18:03+00:00,2026-03-08T22:28:01+00:00,3,1157.0,1157.0,0,0,124.9560,3
0x12b8e7c160f3ced67a22b7eadf764cd1c2c4479c,2026-06-09T15:54:25+00:00,2026-06-09T21:54:10+00:00,21,0,0,3999.996665,0,3976.9966859619999990,21
0x12c805698795651f1e7dc25067f0483bfd233cb0,2026-03-27T12:20:03+00:00,2026-03-27T12:25:49+00:00,2,0,0,10.0,10.0,18.7379500,2
0x12d827a110cf6f207a4b854e914c2722a46989e5,2026-06-09T16:20:03+00:00,2026-06-10T18:02:28+00:00,7,0,0,283.793332,283.79,564.7454130002397472,7
0x12e792d4981675f8e51204983545d0ea84dc382e,2026-05-25T21:22:50+00:00,2026-05-25T21:22:50+00:00,1,428.571428,0,0,0,2.9999990102857156,1
0x12e7bd2a850c71f78df19b38482eb77272b7368b,2026-04-01T14:32:41+00:00,2026-04-01T18:34:39+00:00,2,0,0,51.76,51.76,100.36264,2
0x1307086d97894ddcc104bac4c7aaf530f81bbd75,2026-06-11T18:41:00+00:00,2026-06-11T18:41:00+00:00,1,4702.5,0,0,0,18.8100,1
0x130a79f2292d3bce0acad461facbd0fd23806ed5,2026-06-09T01:09:21+00:00,2026-06-09T12:53:30+00:00,2,0,0,14.028,14.02,27.977884,2
0x130c4772ba1d44ffcf86f39246c5d1b485741715,2026-03-29T12:03:20+00:00,2026-03-29T12:08:24+00:00,3,0,0,1022.0,1021.993808,1931.5741480003777152,3
0x130f0e0bbb657bcf1f68eb78c67fbae624e22b61,2026-06-07T11:32:21+00:00,2026-06-07T12:56:25+00:00,2,0,0,109.819333,109.81,218.860635001,2
0x131a2d27d9f5ec25bbb42db80e1a474dc4f6e4d0,2026-05-21T12:28:58+00:00,2026-06-08T16:37:52+00:00,2,0,0,45.45,45.45,90.30915,2
0x131da18dda251c19d60894c2a9c0af00a2c1c308,2026-06-15T21:08:30+00:00,2026-06-15T21:08:30+00:00,1,5000.0,0,0,0,10.0000,1
0x13292308184a4d66846543f75ceb58f984cfe43a,2026-05-30T14:30:59+00:00,2026-05-30T15:31:23+00:00,2,0,0,18.4824,18.48,36.7591080,2
0x13504bfb2de9f708cc93f2dfde8f5b47b7cc9d64,2026-06-10T10:13:00+00:00,2026-06-10T10:13:00+00:00,1,0,0,1.046166,0,1.0398890000245692,1
0x135f5c3ab340a8ddb23670d4d5e170d60448797f,2026-05-30T02:15:38+00:00,2026-05-30T04:16:04+00:00,2,0,0,13.9094,13.9,27.6564530,2
0x136512557905f78b4db2ff16c16615999c30b966,2026-06-07T04:17:25+00:00,2026-06-07T04:36:46+00:00,2,0,0,227.683,227.68,453.769231,2
0x1380ba7927e090807bf6ed7eea86da8fc95a12cb,2026-04-24T15:29:46+00:00,2026-05-19T07:46:46+00:00,2,0,0,7.128277,7.12,14.063007999743446,2
0x13949d39bc885b1e5eb17c37188daea4b5b77bfc,2026-05-24T17:27:56+00:00,2026-06-14T12:05:07+00:00,4,0,0,108.81025,108.81,216.09831800,4
0x1396233c4df74ec29eaa135a849b76b7bc1299fa,2026-05-20T09:04:41+00:00,2026-05-20T09:04:41+00:00,1,250.0,0,0,0,2.0000,1
0x13a2e4bf2b54311c3159df3a240a28ef92c25e27,2026-05-02T02:29:34+00:00,2026-05-02T02:29:34+00:00,1,125.0,0,0,0,1.0000,1
0x13a4ecbefdbf8422dfe8340035d562e33fdc4fb2,2026-05-18T21:09:20+00:00,2026-05-18T21:09:20+00:00,1,125.0,0,0,0,1.0000,1
0x13abf4645a968c22a10228458a745d99f35470f4,2026-05-14T09:27:36+00:00,2026-05-14T09:29:23+00:00,8,1180.0,1180.00,0,0,18.88000,8
0x13ca9bde45d728cda6b77f7bbf86d4665bfd220d,2026-06-13T22:31:48+00:00,2026-06-13T22:31:48+00:00,1,0,0,1.002,0,0.999996,1
0x13f67a8fbf16b5a74e4c9d07d513aa33aebf9712,2026-04-09T08:14:17+00:00,2026-04-09T08:14:17+00:00,1,47.619046,0,0,0,0.9999989993333662,1
0x140891ee5c1214859198b80f0a5a4880ba57b4f8,2026-02-20T14:46:08+00:00,2026-05-06T18:14:14+00:00,163,685.990071,554.418141,251.145832,120.0,394.2471320000715698,137
0x140ab9ed50cb8c44d459a1a7898208f59827ce03,2026-06-10T16:48:39+00:00,2026-06-12T06:35:22+00:00,2,400.0,400.0,0,0,3.2000,2
0x140dcf6218156c4a8f8317ccd6a01169d6b7cebc,2026-06-15T20:04:25+00:00,2026-06-15T20:04:25+00:00,1,2500.0,0,0,0,5.0000,1
0x140fc779a9cdfb38d1564528652af17ea0901fc5,2026-03-24T08:03:17+00:00,2026-03-24T08:03:17+00:00,1,0,0,3.633473,0,3.4299980000436543,1
0x1413c4378a0f87cd0c20cb71ceb6bbce68f15ad6,2026-06-12T06:07:18+00:00,2026-06-12T06:07:18+00:00,1,250.0,0,0,0,1.0000,1
0x142263bd4c1b59f764ad0b67316ac66c63080b5e,2026-06-02T17:55:31+00:00,2026-06-02T17:55:31+00:00,1,0,0,1.0854,0,1.0799730,1
0x1425c4ae88390805ff8a687c3402e87b7b51d3e7,2026-03-19T10:39:19+00:00,2026-03-21T05:45:03+00:00,5,1893.125674,1893.12,0,0,136.5800289895297378,5
0x1430a55833ee6f452cd1e6fb349be98b72a0967e,2026-03-24T15:13:17+00:00,2026-03-24T17:54:49+00:00,6,0,0,6.327439,6.32,12.0024019999278440,6
0x1438410a696eb57bead98032a433672907a34466,2026-06-08T22:20:00+00:00,2026-06-14T07:47:07+00:00,2,333.333333,333.33,0,0,1.333328999000001,2
0x143db889ba8c21a542776a57c5b1a84e1b6c28c5,2026-05-27T11:43:31+00:00,2026-05-27T11:43:31+00:00,1,0,0,11.991833,0,11.9198819996016334,1
0x143f2c7e309d6d58abc327837e624e999dae4e3e,2026-05-22T09:34:30+00:00,2026-05-22T09:34:30+00:00,1,100.0,0,0,0,1.000,1
0x14431a058aebbb604524e5d6761e84004ca3e7be,2026-03-17T05:37:13+00:00,2026-03-17T10:11:39+00:00,2,47.619046,47.61,0,0,3.7139589986666984,2
0x1449599031cfd3c8bf149ac15ea0f5e048652118,2026-05-29T16:48:45+00:00,2026-05-29T17:46:49+00:00,2,0,0,20.7938,20.79,41.3550910,2
0x144e019d576f112fa767cc77240b98a7f31e5e08,2026-05-08T19:14:15+00:00,2026-06-16T18:34:41+00:00,1856,0,0,28477.07,28477.041527,56527.7936660004812649,1855
0x1463437aae239612408f5336de24977b9674ce78,2026-05-21T23:13:45+00:00,2026-06-09T23:27:39+00:00,2,916.472595,0,0,0,7.9799999746077996,2
0x148ce267f9e347da374f636829c720e715bdcffc,2026-06-17T10:35:22+00:00,2026-06-17T10:35:22+00:00,1,7000.0,0,0,0,7.0000,1
0x149bcbfbdc772d60cdb252c1513405cef7c8d435,2026-03-11T12:29:13+00:00,2026-03-31T11:48:23+00:00,5,24.390242,22.58,2.094222,0,4.2026209999965868,5
0x14b58aa600b254d5f69b7af34952f9adf7793607,2026-03-01T10:06:23+00:00,2026-03-01T23:21:25+00:00,2,0,0,2.0325,2.03,4.0076500,2
0x14b7cd30e745f8a4eda092ca051d77124b34d4d2,2026-05-11T15:32:34+00:00,2026-05-12T02:08:31+00:00,2,0,0,84.89,84.89,168.50665,2
0x14c77fe8b4f2c888ec4434b987b3d90beae27612,2026-05-13T05:37:29+00:00,2026-05-13T07:12:43+00:00,3,1420.0,1420.00,0,0,19.88000,3
0x14ccb48b7274d0a2921e64bbc600d2ec35ad355c,2026-05-11T03:07:46+00:00,2026-05-11T15:17:40+00:00,2,0,0,302.61,302.61,601.28607,2
0x14e48c976e48b79bf1c33f410d7487595bff3637,2026-02-26T02:22:36+00:00,2026-03-17T01:30:33+00:00,3,250.0,250.00,0,0,14.985990000,3
0x14e7e3ad5974bba7107f429f006750792242fe15,2026-04-21T17:06:50+00:00,2026-04-23T19:00:48+00:00,18,0,0,794.800587,794.790161,1562.1696659972959774,18
0x1505b1a794fe8fd252a86790fca4a36a23e1b014,2026-05-20T05:09:24+00:00,2026-05-20T09:58:56+00:00,2,0,0,75.528571,75.52,149.915711003,2
0x1511dadac4f5f1ebffd01f26285ccfb8f47ae731,2026-05-15T10:40:41+00:00,2026-05-15T10:46:10+00:00,2,0,0,2012.072333,2012.07,3997.985409002,2
0x151574867a304b1c24fcd6f791c6786730a7f3e5,2026-06-11T15:31:58+00:00,2026-06-11T15:31:58+00:00,1,0,0,1.093,0,1.089721,1
0x15268d6b87fbe6e18e629aafa7da122a8c666a1a,2026-04-26T04:23:24+00:00,2026-04-30T05:34:26+00:00,2,1421.568626,0,0,0,19.999999982,2
0x152ee0ec65999ca23c958c3d442a7deb7765748b,2026-06-17T16:01:22+00:00,2026-06-17T17:33:19+00:00,54,0,1140908.35,0,0,1140.90835,47
0x153c1bf8385f9655ce07e68f90993b3533ffd92e,2026-06-17T17:39:08+00:00,2026-06-17T17:39:08+00:00,1,0,0,264.15,0,263.09340,1
0x1550f1bd5971347a225d27b03c18fd7af39f17c2,2026-05-05T07:29:20+00:00,2026-05-07T08:38:51+00:00,3,4280.0,4280.0,0,0,89.9800,3
0x15571b75a813c9edb8e27a58c48c63182c8508d4,2026-06-09T13:08:57+00:00,2026-06-10T17:39:58+00:00,2,0,0,100.0,100.0,199.3000,2
0x1562df3b7cab04ea17655e4d352cd3d4c8119c11,2026-05-14T21:11:31+00:00,2026-05-14T21:22:44+00:00,2,0,0,8.056393,8.05,15.9855980000574563,2
0x15669ac6417d6f258c84f9232222b84fde0f86af,2026-05-12T23:30:36+00:00,2026-05-17T12:13:38+00:00,3,17868.333332,17868.33,0,0,262.288309992,3
0x15679b9afe5d9f946ee4aec99886bfb5870d7fdd,2026-06-16T12:57:43+00:00,2026-06-17T07:27:56+00:00,2,0,0,99.89,99.89,199.28055,2
0x156b1a354e7b56b8a39a3b860d0352bdea1c0f5b,2026-06-01T07:58:50+00:00,2026-06-09T22:07:19+00:00,60,0,0,40.823816,40.82,81.2681220003085032,60
0x156c5773eba02a5791b0de8b219193648059511f,2026-05-11T04:38:13+00:00,2026-05-11T04:38:13+00:00,1,0,0,2.052166,0,2.0398530001008846,1
0x158246ff33dee985bd51999102baabfa95a00f18,2026-05-12T06:27:00+00:00,2026-05-12T08:39:44+00:00,3,3690.0,3690.0,0,0,55.3640,3
0x1584cb3b5a84944bd0db072c43d67189397071b6,2026-02-07T07:17:37+00:00,2026-02-07T07:17:37+00:00,1,0,0,576.4,0,563.32957002740,1
0x1590a24443f6e34cb5dcfa931ef20b7c74df000d,2026-02-24T09:32:10+00:00,2026-02-27T12:35:27+00:00,4,90.476189,90.47,0,0,3.2756090009047777,4
0x1596a197218ee8a1c641dabb456fc24073a96546,2026-05-13T04:26:09+00:00,2026-05-13T04:40:11+00:00,3,1410.0,1410.00,0,0,19.74000,3
0x15b8a8b8f8de87b807264cf7643ccec67896374e,2026-04-22T07:29:52+00:00,2026-04-22T07:30:06+00:00,2,62.5,62.5,0,0,1.9375,2
0x15c1a1f999216e03a6d2b68b4b4073d42baa06b2,2026-05-15T11:29:20+00:00,2026-05-15T18:05:39+00:00,2,0,0,49.295666,49.29,97.9448619990704334,2
0x15ccc6eb7a2fedbdfced5470f12ddcf0b41f3499,2026-06-14T13:42:43+00:00,2026-06-14T13:42:43+00:00,1,500.0,0,0,0,1.0000,1
0x15d275b04a85cef07b1a5462e0829153646eb69f,2026-03-05T06:48:17+00:00,2026-05-29T01:58:58+00:00,813,42191.563105,42191.555485,210.00,210.0,3005.5363999344054415,746
0x15df7b7c4f9acf68c3bb528900e9241653419dc0,2026-06-01T11:50:34+00:00,2026-06-01T13:08:02+00:00,2,0,0,20.0,20.0,39.7800,2
0x15e1a7dee76133a7c9f9278a6c1db25a39b99912,2026-06-14T15:00:01+00:00,2026-06-14T15:00:01+00:00,1,0,0,2.004,0,1.999992,1
0x15e2bf34e0ffa58d4372bd3b7a58096d5fd87283,2026-04-14T15:14:55+00:00,2026-04-14T20:54:40+00:00,2,284.81057,284.81,0,0,18.444299008111168,2
0x15e95cf8b9c47b98fd5bf63b5ac37d4aec81bacb,2026-04-02T12:22:41+00:00,2026-04-25T10:09:28+00:00,2,0,0,218.22,218.22,425.74722,2
0x1603a8c5cbd51aef036cbc9034f75608e1aae19f,2026-06-15T03:40:18+00:00,2026-06-15T17:36:27+00:00,2,0,0,102.3,102.3,204.1908,2
0x1617e3c43fca63e834d4dea9834136ccc375d662,2026-05-26T03:30:13+00:00,2026-05-29T02:41:38+00:00,2,800.0,800.0,0,0,9.6000,2
0x1619162ccb5fb7c17358202c049d4e0353ee1a50,2026-05-01T20:53:30+00:00,2026-06-10T10:21:34+00:00,2,0,0,10.0,10.0,19.8500,2
0x161a229e00356c1f65a1c4d5d9845a1561a4299b,2026-05-18T09:34:38+00:00,2026-05-18T13:58:32+00:00,2,0,0,157.099696,157.09,311.8332780023202432,2
0x16275e5ca46cca4948ec6bb6bd5ec0ac9aaf66a5,2026-03-04T12:28:33+00:00,2026-03-04T12:34:45+00:00,2,0,0,40.0,40.0,75.1600,2
0x162ed6dcc23272fa3eb58472cf6321a2b045e632,2026-03-25T06:07:25+00:00,2026-03-30T08:33:54+00:00,2,0,0,800.0,800.0,1513.6000,2
0x163c54fda891ffca4a77364b7d014ed2eacdd1a1,2026-05-30T21:16:17+00:00,2026-05-31T07:47:36+00:00,2,0,0,90.14,90.14,179.19832,2
0x163ee78032dea49ace660491e44ed1456bcda8c2,2026-06-11T21:54:19+00:00,2026-06-12T09:28:01+00:00,2,0,0,91.97,91.97,183.29621,2
0x164d25345e0615ba03c45b6083c3427cf0c571af,2026-06-16T04:53:42+00:00,2026-06-16T08:57:07+00:00,2,0,0,730.73,730.73,1459.26781,2
0x1666d4dfa79d8155a96a960c0719608c3dc4fe57,2026-06-11T18:49:27+00:00,2026-06-11T18:51:48+00:00,2,285.71,285.7,0,0,1.99994,2
0x16835c5fd47e83ef4e15d69dbbbb57814cf03348,2026-06-15T08:11:45+00:00,2026-06-15T08:11:45+00:00,1,500.0,0,0,0,1.0000,1
0x1686d56a33a88cba60e5500b2d4ec1bf3b068404,2026-04-30T14:17:48+00:00,2026-05-11T10:10:29+00:00,2,214.285712,0,0,0,1.999998995428577,2
0x168fd7301811b13e0596c4725fe6507884249e00,2026-04-06T16:23:51+00:00,2026-05-18T16:58:30+00:00,10,432.41,432.41,800.0,800.0,1582.08507,10
0x169269eb5684955d4e732537e873f417fe93efd3,2026-05-05T17:47:00+00:00,2026-06-08T15:31:18+00:00,2,111.111111,111.11,0,0,1.222218999000001,2
0x16a9f3c65025021a0d89cb8d21e82f15279a0e90,2026-05-26T17:24:16+00:00,2026-05-26T17:24:16+00:00,1,0,0,37.867166,0,37.6399630002132834,1
0x16b34ff28e08b02b1bf72494932c881cfb31db07,2026-06-12T16:23:09+00:00,2026-06-12T16:23:09+00:00,1,0,0,1.053,0,1.049841,1
0x16c2d66deeb0f3201c08f5775148af27d7afa6e0,2026-03-03T19:20:07+00:00,2026-03-04T17:21:55+00:00,2,0,0,7.99781,7.0,13.910098000293075,2
0x16c7337106a0b3a06ff863a1c06d8e2cbf7322cd,2026-05-28T01:03:51+00:00,2026-05-28T01:03:51+00:00,1,0,0,87.0,0,86.4780,1
0x16d45f55461a19bad90566bc658c5da5a4f1a868,2026-05-18T08:18:01+00:00,2026-05-18T08:18:01+00:00,1,0,0.2,0,0,0.0014,1
0x16ea14f37a0b95867d94bb04203878e4353ad096,2026-03-07T05:54:43+00:00,2026-03-13T14:14:19+00:00,2,0,0,45.63,45.63,88.29405,2
0x16eadf1be757e1ac0dfe69cb7165cc8ec21942b7,2026-05-13T05:31:52+00:00,2026-05-13T05:37:31+00:00,4,1390.0,1390.00,0,0,19.46000,4
0x16f6f9719e286a220c135b2903d293e65703fc9b,2026-04-30T06:30:24+00:00,2026-05-13T19:13:19+00:00,77,183.636361,106.63,141.948923,141.94,284.2705959967476038,77
0x16fe6fa4eb99404fb5499c2d403e89f5adbe1ddc,2026-03-30T21:32:51+00:00,2026-04-30T19:05:54+00:00,63,0,555.50,891.3,225.7,1108.79955000370,62
0x1703526d18a9b96af3e8a11cdc3b32fffca07e89,2026-05-27T14:38:40+00:00,2026-06-02T09:02:30+00:00,6,0,0,310.0,310.0,616.3900,6
0x170d75dea5d795f0e95f16962b87d488bd53fe7a,2026-05-21T03:42:32+00:00,2026-05-21T03:42:32+00:00,1,111.111111,0,0,0,0.999998999000001,1
0x172fd440f490d6cad9bc068b03fe170a225f3423,2026-06-12T09:10:33+00:00,2026-06-12T09:10:33+00:00,1,0,0,1.003,0,0.999991,1
0x17393a3ef9492f26448675e912d1beb79111c465,2026-05-01T20:53:30+00:00,2026-06-10T10:12:46+00:00,2,0,0,10.0,10.0,19.8500,2
0x1746937bf25ffba7f90d332c8599ba0e3ed66082,2026-04-30T20:12:16+00:00,2026-04-30T20:12:16+00:00,1,0,0,1.103166,0,1.0899279999468882,1
0x1755ebbbfaf5744451e2bba5e4c8ecfad322c987,2026-05-15T11:09:47+00:00,2026-05-15T11:31:42+00:00,2,0,0,7.042166,7.04,13.9906329997747004,2
0x175a911270dae4fe6fe0a9ef9ade69cdc81fef3c,2026-05-28T04:52:08+00:00,2026-06-05T21:27:31+00:00,2,0,0,276.659958,276.65,550.5433980030060378,2
0x17681c849a87f32238bef54f57416060dedd5c9c,2026-05-27T13:11:17+00:00,2026-05-28T02:47:58+00:00,2,0,0,53.57,53.57,106.39002,2
0x1769d11f6457f33ce1174692ea7046386b1bc969,2026-04-16T02:53:06+00:00,2026-04-16T11:55:56+00:00,4,224.54,224.54,225.53,225.53,449.21319,4
0x176c63c0cca3bae1808a5d20c0f7be984e9100a0,2026-05-17T15:04:21+00:00,2026-05-17T15:26:38+00:00,2,0,0,6.042285,6.04,11.9916690001661720,2
0x1776c11baaae6746686d701453271356d3164e9b,2026-05-17T12:20:10+00:00,2026-06-15T07:09:24+00:00,4,0,0,166.84,166.84,332.17484,4
0x1777b97ce00517d72dfb904ac670e504e7def809,2026-05-04T10:46:24+00:00,2026-06-09T14:36:31+00:00,2,88.0,88.0,0,0,1.4080,2
0x17785bde78a669148c904511ef4204c37c0d0ee6,2026-06-11T11:39:49+00:00,2026-06-11T11:39:49+00:00,1,0,0,1.003,0,0.999991,1
0x177a27c3b9384285f3f90e713aba1b914afa51a0,2026-06-17T07:12:35+00:00,2026-06-17T07:12:35+00:00,1,500.0,0,0,0,1.0000,1
0x178430e1cdd12ac03a3a304bf68bce992f55e70e,2026-05-24T22:59:44+00:00,2026-05-24T22:59:44+00:00,1,0,0,1.510571,0,1.499996999978858,1
0x178f57226ad6ba71e4f5c82ca916c0e49cc78c2e,2026-06-09T16:20:03+00:00,2026-06-10T15:59:34+00:00,2,0,0,54.82,54.82,109.09180,2
0x1798b39ce96371b6cfc6c68d107c1e4c2bad1ce9,2026-03-13T15:33:59+00:00,2026-03-14T11:18:25+00:00,6,162.28,162.28,0,0,7.46488,6
0x179955f270c1457d26bdac1b5c3553ccf36f3ca9,2026-06-10T17:32:33+00:00,2026-06-10T17:32:33+00:00,1,2000.0,0,0,0,10.0000,1
0x17a033c5980d1493ebed30f8e9e1dc80d37f6a53,2026-05-21T22:52:47+00:00,2026-06-03T08:58:40+00:00,2,636.363635,636.36,0,0,10.181799985,2
0x17af2b79e42399c22e0671ff3ce18901d8241ac5,2026-06-11T11:59:48+00:00,2026-06-11T11:59:48+00:00,1,0,0,1.003,0,0.999991,1
0x17b9cffb96c4557dc94531740c448ebe12c5f903,2026-05-17T15:53:11+00:00,2026-05-19T00:27:36+00:00,2,0,0,10.060333,10.06,19.9794909999879334,2
0x17bbde9c7698521f7cbf97317fb1542942079e38,2026-04-10T14:17:47+00:00,2026-04-10T14:22:01+00:00,2,961.90476,961.9,0,0,38.657139035002232,2
0x17c457758b8781c3865d48618218d2ebbc981cd0,2026-05-29T00:46:27+00:00,2026-05-29T00:46:27+00:00,1,0,0,3.3668,0,3.3499660,1
0x17e042b6c9a3225d0a19b0ed6420e694426b64e7,2026-05-27T19:30:44+00:00,2026-06-02T09:47:27+00:00,2,142.857142,142.85,0,0,1.714248994000006,2
0x17e138745a60b61b67f36d2d891b01520b8727f3,2026-04-11T19:39:07+00:00,2026-04-15T10:24:34+00:00,4,0,0,37.32,37.32,72.84092,4
0x17e2690db43aa591f032c1acfe407346753580b6,2026-05-28T01:22:27+00:00,2026-05-28T01:22:27+00:00,1,0,0,13.581333,0,13.4998450006418667,1
0x17f0408b13a73b3625d4de5acc55912a4f4fbdad,2026-01-29T19:55:42+00:00,2026-03-06T08:00:07+00:00,2,138.002744,0,0,0,5.9999979946188332,2
0x17fc3921d40e77829863554e01653e2aa01be7b7,2026-05-27T13:11:17+00:00,2026-05-28T00:27:23+00:00,2,0,0,271.6,271.6,539.3976,2
0x18012b233e00aad6f344cd2ed6b90c826733d420,2026-04-04T05:43:09+00:00,2026-04-30T03:01:04+00:00,4,79.411763,79.41,0,0,3.041149000823584,4
0x180893fe6690ca95db306066e21b2f6626c53d97,2026-05-20T11:16:59+00:00,2026-05-20T23:08:04+00:00,2,0,0,130.916413,130.91,259.7318080042668696,2
0x180b83694a9cf0c7863968fb2c8c3031701f4725,2026-06-17T12:46:10+00:00,2026-06-17T12:46:10+00:00,1,50000.0,0,0,0,100.0000,1
0x182648a4645ea8fb66ea8569b3a337b22a3f363a,2026-05-01T20:53:30+00:00,2026-06-10T17:06:55+00:00,2,0,0,10.0,10.0,19.8700,2
0x1828c4fa17d196394f22cca1021b79e119a801c2,2026-05-31T08:05:23+00:00,2026-05-31T21:31:10+00:00,4,0,0,109.15,109.15,216.99020,4
0x1831895dd34b66dbda490a35b567d9d2b89f0530,2026-06-16T16:18:17+00:00,2026-06-16T16:18:17+00:00,1,995.0,0,0,0,1.9900,1
0x1833334f093289d35308021e60364ce42df7dd2b,2026-06-11T21:49:52+00:00,2026-06-11T21:49:52+00:00,1,0,0,1.112223,0,1.1099980000017237,1
0x18562fec518975c3bf7c2b198ccb6b8ce8c2241e,2026-05-26T18:55:00+00:00,2026-05-26T18:55:00+00:00,1,0,0,13.581333,0,13.4998450006418667,1
0x186191ee182bb715e6ee7bce5860a0abe9453900,2026-04-30T20:38:58+00:00,2026-05-01T08:33:56+00:00,2,0,0,10.121456,10.12,20.0086779996599968,2
0x189aee31e98b39349009a851bc1070508cc3094b,2026-03-26T11:37:01+00:00,2026-03-28T23:02:30+00:00,6,0,0,15.290451,15.29,28.7784400000271280,6
0x18ad63cf336692004d43030974e99b29493bf7a4,2026-05-11T03:07:46+00:00,2026-05-11T13:51:22+00:00,2,0,0,95.97,95.97,190.69239,2
0x18db62b77a966b20c9d04068f1c96663977a2666,2026-05-30T07:09:50+00:00,2026-06-14T19:28:52+00:00,4,0,0,106.82,106.82,212.78456,4
0x18de697a860f8a92b4b4a320bf3354b1e2f11f14,2026-02-17T14:45:01+00:00,2026-05-12T16:54:36+00:00,3,395.93,195.93,0,0,7.137999999246,3
0x18e0e59abe351e8581d769f119fcb11df58dace4,2026-04-16T02:41:14+00:00,2026-04-16T04:06:48+00:00,2,0,0,142.6,142.6,278.90931999970,2
0x18e668abb44ecffcc02755a76b141fc81715b54a,2026-05-24T23:54:13+00:00,2026-05-24T23:54:13+00:00,1,354.0,0,0,0,2.8320,1
0x18f0faf72b241dc55094ae704987e391c2a23d5e,2026-06-03T17:29:07+00:00,2026-06-04T14:32:34+00:00,5,300.0,290.0,10.0,0,12.9200,5
0x18f98136ee39a4f87b7ae33f1b2c5548ec82a549,2026-05-18T12:07:53+00:00,2026-06-12T11:19:09+00:00,2,0,0,10.0,10.0,19.8800,2
0x190144067b1825c27ca00db36d3c5eac16c9b519,2026-06-09T13:08:57+00:00,2026-06-15T11:20:27+00:00,2,0,0,100.0,100.0,199.5000,2
0x190bf45597293606435c7874e3953de5ae2163e0,2026-05-15T13:58:03+00:00,2026-05-16T00:55:19+00:00,2,0,0,88.51,88.51,175.78086,2
0x190d1780b8fa800e049ed44195ea68a45aca7516,2026-05-28T03:05:35+00:00,2026-05-28T03:46:50+00:00,2,0,0,88.0,88.0,174.8560,2
0x19145c2e142c72e8fa8df312c271d6a0a3b5143d,2026-06-16T03:34:10+00:00,2026-06-16T03:34:10+00:00,1,0,0,155.495,0,155.339505,1
0x191c1c19cab6cb74bb585ccf42fa75b3ca80a4c5,2026-05-30T10:14:49+00:00,2026-05-30T11:29:44+00:00,2,0,0,10.0502,10.05,19.9896490,2
0x1928119bcf81d53cc79c8e953cd61ddf0d88f62d,2026-05-14T09:29:25+00:00,2026-05-14T09:30:35+00:00,3,1190.0,1190.00,0,0,19.04000,3
0x1931928e1b74f2a82ee253405d2252a666d048fe,2026-06-11T21:46:43+00:00,2026-06-11T21:46:43+00:00,1,0,0,1.002004,0,0.99999900001604,1
0x194317808a423d0b8ed8627e669418e3638ae375,2026-05-27T09:50:56+00:00,2026-05-27T09:50:56+00:00,1,142.857142,0,0,0,0.999998994000006,1
0x1947953b2c94b75423e39542ec953c37f67a12d1,2026-04-27T11:55:06+00:00,2026-04-27T12:54:02+00:00,2,0,0,22.0,22.0,43.2740,2
0x194b76bb586e6f7fef43ceb164bc49dfb10e3cd8,2026-05-14T09:19:09+00:00,2026-05-14T09:22:05+00:00,6,1220.0,1220.00,0,0,19.52000,6
0x1958a2cd5d7d8ae12822d927e4d3471912c88dd5,2026-03-26T09:08:45+00:00,2026-03-26T15:49:51+00:00,3,55.96,55.96,0,0,5.87580,3
0x195e155bdaff0e2bccd0edd09b7071fdf05f1ac1,2026-04-20T02:39:18+00:00,2026-04-20T02:39:18+00:00,1,100.0,0,0,0,2.1000,1
0x19657a21fcdd75d9c94e5e40c91bc427db63248c,2026-03-29T12:47:54+00:00,2026-03-29T12:48:20+00:00,3,0,0,993.00,993.0,1876.77000,3
0x1966c4cc0e37521a1eaa24a3d41c5951c1f225c0,2026-03-21T15:48:57+00:00,2026-03-30T15:24:39+00:00,21,1113.810966,1113.81,0,0,100.2146199939681768,21
0x1987733c8beae675c544752eafe437968efe6487,2026-05-21T12:14:37+00:00,2026-06-16T18:34:47+00:00,62,0,0,538.42,538.410689,1071.7498579999636315,62
0x1987d11b54e0714a107875c233aa2901cacde630,2026-06-05T16:38:06+00:00,2026-06-16T15:58:26+00:00,7,8070.833333,1750.0,0,0,27.199998999000001,7
0x1992ae1447a6dd17b17ea51c5be55d9e076fda5f,2026-06-09T04:21:52+00:00,2026-06-09T04:21:52+00:00,1,0,0,8.0,0,7.9840,1
0x19973c13ce8b1930402af22d119a32d4323b1a8b,2026-06-14T07:47:30+00:00,2026-06-16T18:25:20+00:00,2,0,0,100.0,100.0,199.7000,2
0x19a2a84e2889d0f38c086abcdee44d89e5c0b437,2026-05-16T21:25:48+00:00,2026-05-17T09:03:00+00:00,2,0,0,54.98,54.98,109.19028,2
0x19b2ff5927bd25cec0aa9afb10c05c0e679094b8,2026-05-03T08:41:24+00:00,2026-05-03T08:41:24+00:00,1,6250.0,0,0,0,50.0000,1
0x19bbf45f227553a63777c942d08e665f834647f5,2026-02-23T16:10:52+00:00,2026-02-23T17:03:42+00:00,2,0,0,13.9,13.9,27.2996,2
0x19db81061b1a94a2f5a1be08f7cbd3a129037284,2026-05-16T06:46:47+00:00,2026-05-16T07:17:37+00:00,2,0,0,1316.901333,1316.9,2616.681625002,2
0x19e68ea0e98297cc5878a24a2e7311e502a55dec,2026-05-27T14:17:03+00:00,2026-05-27T14:17:03+00:00,1,0,0,13.853,0,13.769882,1
0x19ea6595f69f491188a3529b2f7f9b9bc4062cd4,2026-03-18T21:52:31+00:00,2026-03-21T09:07:53+00:00,3,0,0,15.0,0,14.6250,3
0x19ed8c03dea31c78cd7a30c78025548b101a6feb,2026-06-15T20:09:43+00:00,2026-06-15T20:09:43+00:00,1,12599.46,0,0,0,25.19892,1
0x19ee14b8f88b9d311f461cadd64214c5d2e0b48f,2026-01-29T09:11:52+00:00,2026-02-04T10:48:12+00:00,2,16.129031,16.12,0,0,1.3546389994194268,2
0x19f03b9567306c9555a634d7260c0b3dacbfc92b,2026-05-14T09:22:04+00:00,2026-05-14T09:22:54+00:00,13,1220.0,1220.00,0,0,19.52000,13
0x1a07c36a7dd0f4f6f8ece550dd1d4f9612552dcd,2026-06-11T18:42:24+00:00,2026-06-11T18:42:24+00:00,1,0,0,1.003,0,0.999991,1
0x1a092eabe8f5581019a69f49ee8cbf3f5d66a771,2026-03-26T11:36:07+00:00,2026-03-26T11:36:55+00:00,3,0,0,1118.0,1118.00,2119.60095,3
0x1a29146322b6d81b6b36da96a714f265303200d8,2026-06-16T07:37:57+00:00,2026-06-16T07:37:57+00:00,1,0,0,68.0,0,67.9320,1
0x1a2a3b4885d347566e4f8358c4946a8837064d9a,2026-06-15T19:21:06+00:00,2026-06-15T19:21:06+00:00,1,93470.0,0,0,0,186.9400,1
0x1a2e565715f7fa55161979a76260b515bb800964,2026-05-30T03:52:09+00:00,2026-05-30T06:31:41+00:00,2,0,0,25.3768,25.37,50.4676960,2
0x1a31813b0ffa50ebf92136374bc7c7174aa65b0a,2026-06-17T15:09:40+00:00,2026-06-17T15:09:40+00:00,1,1000.0,0,0,0,1.0000,1
0x1a40774066105e246a8d8f62fa25efdc37f6cb68,2026-06-12T01:50:31+00:00,2026-06-12T01:50:31+00:00,1,0,0,1.805333,0,1.7999169999168002,1
0x1a4b7239a46e4b2c30973ee6502f4d57e03df701,2026-04-01T20:06:57+00:00,2026-04-02T03:14:51+00:00,2,0,0,42.74,42.74,82.78738,2
0x1a4e0a415a1334a13d376143f683fe55a0860ea6,2026-06-05T01:04:51+00:00,2026-06-05T01:05:07+00:00,4,0,0,10.180,10.17,20.278780,4
0x1a5188bdc82d99438be50b75315115f56f27eb08,2026-06-13T09:04:51+00:00,2026-06-13T09:04:51+00:00,1,0,0,2.2545,0,2.2499910,1
0x1a541d7a47a461e8dd86ff0347f92e1e776cfc79,2026-05-02T07:07:52+00:00,2026-05-02T07:07:52+00:00,1,1160.0,0,0,0,9.2800,1
0x1a61fc69eaca80c9db0a42c6f5c0332d775994f0,2026-06-01T21:02:21+00:00,2026-06-01T21:02:21+00:00,1,333.333333,0,0,0,1.999998998000001,1
0x1a6508aac29010d73b7e239ab197d7798b824142,2026-04-18T09:05:16+00:00,2026-04-18T10:29:16+00:00,2,0,0,152.76,152.76,299.124079996068,2
0x1a762eb456eb061ab1d28b6c8a19fb4e3b38b26b,2026-04-17T13:44:50+00:00,2026-04-18T12:13:30+00:00,2,40.0,40.0,0,0,1.6800,2
0x1a7f76d8e2e705c1cb6f5e90487837527c968b9b,2026-05-27T15:34:15+00:00,2026-05-27T15:34:15+00:00,1,0,0,25.120666,0,24.9699419989758668,1
0x1a80a3bbdc1c3ac8fd47c0df2edf2ab63ee17220,2026-05-13T09:25:13+00:00,2026-05-13T10:09:14+00:00,2,0,0,64.446666,64.44,128.0489059975553334,2
0x1a831935329dba31c9ca27e54d29abd9dc70a9a0,2026-04-10T11:42:39+00:00,2026-06-12T10:34:07+00:00,3,2619.565214,0,0,0,26.9999980089565292,3
0x1a83a00808ca019a3bbee51bbdae9390399639e8,2026-05-16T13:31:14+00:00,2026-05-17T00:27:08+00:00,2,0,0,49.34,49.34,97.98924,2
0x1a8fa7b0f6cbacf722b235dcac971a6d328eb5ac,2026-05-11T15:32:34+00:00,2026-05-12T03:43:45+00:00,2,0,0,280.86,280.86,557.50710,2
0x1a941f6519cdf6a607cb387e87f7ddf512f403d3,2026-05-26T20:28:48+00:00,2026-05-26T20:28:48+00:00,1,0,0,27.243333,0,27.0798729992756667,1
0x1a967b272e98b708fb26a947a50c23785ac29797,2026-05-02T06:19:52+00:00,2026-05-30T00:21:14+00:00,235,0,0,9810.627237,9810.57,19502.8071270165181340,235
0x1aac8da953333450df04882210d047583f2b66fb,2026-04-22T12:09:18+00:00,2026-04-22T12:09:18+00:00,1,100.0,0,0,0,1.9000,1
0x1abc2b469b5ded495d6c8b21fc79dcb8d8f345e7,2026-05-26T14:28:20+00:00,2026-05-26T14:28:20+00:00,1,0,0,75.0,0,74.5500,1
0x1ac3727e569bb657078aad67c56d5a39220543db,2026-02-28T20:27:47+00:00,2026-02-28T20:28:49+00:00,2,0,0,10.24,10.24,20.0704,2
0x1ac673fb3ea6424428a170912892b9beda379a1b,2026-06-11T11:43:13+00:00,2026-06-11T11:43:13+00:00,1,0,0,1.003,0,0.999991,1
0x1ad00469cca2a4e75ab10b831166c21b019d33e6,2026-05-07T08:38:51+00:00,2026-06-15T11:20:27+00:00,2,0,0,57.0,57.0,113.3160,2
0x1ad45761dd6bb4ec504d32552f5e4a7775446a88,2026-06-14T15:39:42+00:00,2026-06-14T15:39:42+00:00,1,333.333333,0,0,0,0.999998999000001,1
0x1aecf423b9f4b388b2270fd093441f25e89ed9b8,2026-06-14T15:26:01+00:00,2026-06-15T12:23:28+00:00,2,4333.333333,0,0,0,4.999998999000001,2
0x1b014f93f2787780997ec7c1a4e699ecf188e682,2026-05-13T12:41:47+00:00,2026-05-13T12:41:47+00:00,1,1282.74875,0,0,0,9.999999984276375,1
0x1b069480961aa5e275d442881361f145d4ee1a65,2026-03-16T09:13:55+00:00,2026-03-16T09:14:31+00:00,2,0,0,511.0,511.0,986.67779001540,2
0x1b07333ba547db2e045a31d24f052826e70c1825,2026-05-16T21:25:48+00:00,2026-05-17T08:06:38+00:00,2,0,0,51.66,51.66,102.59676,2
0x1b0e979539ce6772baba309b69dbe3fdc36af132,2026-05-23T16:12:18+00:00,2026-05-23T16:24:48+00:00,2,0,0,110.0,110.0,217.4700,2
0x1b1a53f7c37765d722a048b60841975690143852,2026-06-05T07:48:19+00:00,2026-06-16T15:15:13+00:00,2,35000.0,0,0,0,110.0000,2
0x1b2c3a397fa667a06cb5d3b7df788107fc674bad,2026-02-25T18:37:48+00:00,2026-02-25T18:37:48+00:00,1,0,0,5.0,0,4.9350,1
0x1b41345b41d5656ed7757d8b40bcda132c852a52,2026-03-11T12:32:57+00:00,2026-04-22T09:39:50+00:00,3,35.714284,0,10.351941,10.35,21.6740239992174514,3
0x1b4a6dcd4c0398ed00d22910ed31eeeb1f5ceb24,2026-05-09T18:28:39+00:00,2026-06-17T05:13:20+00:00,68,0,0,677.92,677.915894,1349.1564659996860218,58
0x1b4c87e2b39ff6fc37de6333f8468484d2e95696,2026-03-03T12:03:45+00:00,2026-03-09T03:34:41+00:00,2,0,0,5.32,5.32,10.28888,2
0x1b51b2d4f4fc9d038b4384fb4dcf9d9f44726e0a,2026-05-14T09:29:21+00:00,2026-05-14T09:30:29+00:00,3,1180.0,1180.00,0,0,18.88000,3
0x1b6e820dbf588842efff6b00bceac556c37c8b4b,2026-06-07T17:13:09+00:00,2026-06-07T17:13:09+00:00,1,0,0,1.062,0,1.059876,1
0x1b7094a31657e93d1e2eb5ab7ee48cf85138433e,2026-06-09T12:28:27+00:00,2026-06-14T02:01:27+00:00,4,0,0,100.00,100.0,199.50000,4
0x1b70ac27f6a84eea05c0504efe4270c52924079d,2026-05-11T03:07:46+00:00,2026-05-11T15:38:24+00:00,2,0,0,109.95,109.95,218.47065,2
0x1b79fbe2f9a502bba7b22f9777a4b4fcad193dff,2026-06-06T07:45:34+00:00,2026-06-07T15:57:43+00:00,2,0,0,37.111333,37.11,73.998669001,2
0x1b7e4c05fa1f047e9b14110bfdafbb99bdc4781c,2026-06-10T10:09:48+00:00,2026-06-10T10:09:48+00:00,1,0,0,1.006,0,0.999964,1
0x1b88cb3afa38bc7fdc133ae256428e890a44c46b,2026-06-07T16:36:22+00:00,2026-06-07T16:36:22+00:00,1,0,0,1.022,0,1.019956,1
0x1b8a3b7fe9a56e5b3d88bd6578af327c1e06806f,2026-04-15T14:59:52+00:00,2026-04-15T14:59:52+00:00,1,38.461537,0,0,0,0.999999000461575,1
0x1b8b833acc804c1e35366c11cc31c1824f9f6c47,2026-05-27T00:49:20+00:00,2026-05-27T00:49:20+00:00,1,0,0,17.132666,0,17.0298700005734668,1
0x1b9eff523e089b46fef814665a07e0183705b781,2026-06-03T13:46:10+00:00,2026-06-03T18:00:22+00:00,2,0,0,10.0502,10.05,19.9896490,2
0x1ba69ea45e7d9d055df16a02959a015fb320d174,2026-05-03T09:04:42+00:00,2026-05-03T21:21:10+00:00,2,0,0,79.93,79.93,158.26140,2
0x1baaff2083a29a4e5ff96d4faa26080e1d9843cc,2026-06-06T07:51:42+00:00,2026-06-06T07:51:42+00:00,1,250.0,0,0,0,1.0000,1
0x1bad66c685483fd31e0671f3034dac01b3b722a9,2026-05-30T10:34:05+00:00,2026-05-30T13:56:46+00:00,2,0,0,35.1758,35.17,69.9589010,2
0x1bc70614ddc7cdb12bfd3e79765c1c4f2774b358,2026-06-16T17:53:10+00:00,2026-06-16T17:53:10+00:00,1,46135.0,0,0,0,92.2700,1
0x1bcb9f55ed9f2e7636a432e348d26696d491f786,2026-03-22T17:04:25+00:00,2026-03-22T17:04:25+00:00,1,28.571427,0,0,0,0.9999989992857663,1
0x1bd05f95050f58a35fd0c69573109a6adab9046f,2026-04-17T20:01:26+00:00,2026-05-15T07:05:26+00:00,2,370.0,0,0,0,3.8500,2
0x1bd26466c901aa2535abe52a1ce03fc048bf3117,2026-05-27T11:38:35+00:00,2026-05-27T22:57:39+00:00,2,0,0,115.4,115.4,229.1844,2
0x1bd5a1a9c5ed9721cf76e8e16a04d130df87f114,2026-06-07T16:37:43+00:00,2026-06-07T16:37:43+00:00,1,16666.666666,0,0,0,49.9999983313333334,1
0x1bd9e2358b1ce54a79e6a9564afdbf5ed22266fe,2026-05-14T09:27:43+00:00,2026-05-14T09:30:24+00:00,3,1200.0,1200.00,0,0,19.20000,3
0x1beb73616f1f939403e2c0957db4bdd932cca29d,2026-06-12T09:13:31+00:00,2026-06-12T09:13:31+00:00,1,0,0,1.003,0,0.999991,1
0x1bf68055711cfe64f63609352b7b4f346fff2ecd,2026-04-30T13:05:34+00:00,2026-06-07T22:58:31+00:00,4,19146.268807,11979.6,0,0,93.0191983243441105,4
0x1bfef82fc5f19f0dc077bfc3ffa056f0f63b7782,2026-06-14T13:57:16+00:00,2026-06-17T17:05:41+00:00,2,5000.0,0,0,0,10.0000,2
0x1c02dd7d794d27682774b4d8cc6f061bc4dad7dc,2026-02-21T17:01:50+00:00,2026-02-26T02:22:36+00:00,25,576.542108,576.535554,0,0,21.3851369999234648,25
0x1c0654652d877a13c14de8cbb8f1bbc0e9dffdf4,2026-05-12T05:20:04+00:00,2026-05-12T07:16:44+00:00,2,0,0,84.048337,84.04,166.8276780022326388,2
0x1c115893b58e9c007bf34a66c235046ad7e1df4c,2026-05-12T08:09:22+00:00,2026-06-17T07:47:50+00:00,6,0,0,849.21,849.21,1689.04169,6
0x1c15b896134708bd4c4a52a878a811a9ab8cc2bf,2026-05-08T16:10:23+00:00,2026-06-17T16:12:38+00:00,44,12712.764336,583.33,1.004,1.0,54.4949489424554235,44
0x1c1675a7c3662131acfd00aaabcbc97a6a4f45e9,2026-05-02T17:23:14+00:00,2026-05-02T17:23:14+00:00,1,0,100.0,0,0,0.7000,1
0x1c233698c5a729d4b06f8cdc19cfcd7e46752136,2026-06-11T09:17:15+00:00,2026-06-11T09:17:15+00:00,1,0,0,1.054215,0,1.0499980000002480,1
0x1c27d9a9da7ba8621d61a1428d716692d6c4cf3c,2026-05-21T14:52:07+00:00,2026-05-21T14:52:07+00:00,1,100.0,0,0,0,1.000,1
0x1c2ca183bdd57ce5821d72e6ec818c6371b375cf,2026-06-10T09:41:21+00:00,2026-06-12T16:51:48+00:00,2,0,0,700.0,700.0,1393.0000,2
0x1c335c7361bb791e180c3e17ad1308b1eebfab72,2026-03-27T12:15:51+00:00,2026-04-13T21:59:09+00:00,9,1512.282745,728.6,0,0,49.1147960203601080,9
0x1c3ed1ca4cab31af756666c4997c46221733a206,2026-06-16T11:16:51+00:00,2026-06-16T11:16:51+00:00,1,0,0,32.492,0,32.459508,1
0x1c3ff218ea3fd66adc2212d8775bb03d027c9ee7,2026-05-13T08:33:45+00:00,2026-05-13T08:33:45+00:00,1,1428.571428,0,0,0,9.9999989960000004,1
0x1c42f6e9fc998637835f631607255674b31d213b,2026-03-20T13:30:49+00:00,2026-03-31T11:48:17+00:00,3,0,1.5,20.0,1.5,20.5820,3
0x1c434d9894c365d6b42efa77557bac3071f09a84,2026-05-30T16:13:46+00:00,2026-05-30T18:33:21+00:00,2,0,0,22.0502,22.05,43.8576490,2
0x1c459cb945dbd98f89a8358e87ac37dcdd1b110d,2026-05-19T10:57:33+00:00,2026-05-19T10:57:33+00:00,1,250.0,0,0,0,2.0000,1
0x1c560b61a14bb030f2eceeda8f1da9074c3f0b1d,2026-05-18T03:03:31+00:00,2026-05-19T17:44:59+00:00,3,0,0,15.02,0,14.92488,3
0x1c5d064a2a97a25c59686003cffb7789a91cd45c,2026-06-17T17:39:08+00:00,2026-06-17T17:39:08+00:00,1,0,0,105.92,0,105.49632,1
0x1c6635d5a476bb12124371e8c215f30ed67348ae,2026-05-14T09:13:15+00:00,2026-05-14T09:18:46+00:00,3,1200.0,1200.00,0,0,19.20000,3
0x1c664e00ba37dedaaed852da9707539b89775d92,2026-05-11T03:07:46+00:00,2026-05-11T13:47:50+00:00,2,0,0,116.59,116.59,231.66433,2
0x1c69d59d15e090ea07f3f74f47e4e5930b407af3,2026-05-30T16:38:51+00:00,2026-05-30T18:48:17+00:00,2,0,0,15.7688,15.76,31.3553960,2
0x1c70a4e6e8102ed7f3a66bd4c4e267af754d6854,2026-05-13T20:32:32+00:00,2026-05-13T20:45:22+00:00,2,0,0,7.056375,7.05,13.986474000,2
0x1c8e95d4bc7c32dbcf8603c3e3612ee12b860ad7,2026-06-06T06:55:27+00:00,2026-06-07T07:21:13+00:00,2,2225.0,0,0,0,8.9000,2
0x1c9fbce415ef20b8065bd8c9576f708a6dd554a5,2026-06-12T08:16:36+00:00,2026-06-12T08:16:36+00:00,1,500.0,0,0,0,2.0000,1
0x1cae80cc7ce397591c24192bf1edbe8aad970a14,2026-03-29T15:27:40+00:00,2026-03-29T15:27:40+00:00,1,20.0,0,0,0,1.1000,1
0x1cb914afd9cb3fba8693875ef08ee668a5f101b4,2026-05-14T09:23:00+00:00,2026-05-14T09:27:34+00:00,3,1180.0,1180.00,0,0,18.88000,3
0x1cbd4148630bd021635becfed9413c3e4f657f8a,2026-06-02T16:30:37+00:00,2026-06-02T16:30:37+00:00,1,833.333333,0,0,0,4.9999989980000004,1
0x1ccfad45c4c2fff4c29d8f6da23f66413a0235eb,2026-03-29T23:44:56+00:00,2026-03-31T03:00:11+00:00,2,16.393441,16.39,0,0,1.835888999360745,2
0x1cd417839e1afbdb30201845cd1c09bc2e9ff100,2026-04-09T06:04:33+00:00,2026-04-10T17:21:01+00:00,3,5999.997111,0,0,0,107.9999479999592443,3
0x1cdd071bb612de6d66d0c882b676c663697de595,2026-05-13T18:53:02+00:00,2026-05-22T02:02:09+00:00,21,239.28,0,209.00,0,209.12480,19
0x1ce0618c11d49ac6842c11e0d8a1217476d599ec,2026-05-16T18:03:41+00:00,2026-05-17T08:33:36+00:00,2,0,0,66.06,66.06,131.19516,2
0x1cf6ec53e01c97bf389eb226db924338d62b6e42,2026-05-11T10:36:25+00:00,2026-05-11T11:41:10+00:00,2,0,0,55.694,55.69,110.660006,2
0x1d0dbe5ed62c06fcf4907bda50f21e1935a59b6e,2026-04-16T03:57:10+00:00,2026-05-06T12:44:12+00:00,5,1153.0,1153.0,0,0,39.1890,4
0x1d1ebbbc93ea06fe684ae19b2b94ab1feec2fb01,2026-04-15T10:39:08+00:00,2026-04-29T11:47:50+00:00,2,0,0,245.37,245.37,480.43446,2
0x1d2b4921405f674c7a35044bbf6d167e556e5bae,2026-06-15T10:02:25+00:00,2026-06-15T10:02:25+00:00,1,0,0,58.248,0,58.189752,1
0x1d3258fcce6f8e3168a4b2a2e621fbb324bb9fa0,2026-05-11T03:07:46+00:00,2026-06-17T15:14:10+00:00,4,0,0,181.32,181.32,361.18564,4
0x1d344c46e3ecd8b2498d0b815247fc60cc02dbec,2026-05-24T17:39:21+00:00,2026-06-08T10:07:15+00:00,4,0,0,144.062,144.06,286.123594,4
0x1d38b08ddd6ee93798d295f78f226346c8fcef1c,2026-04-24T08:01:14+00:00,2026-04-24T08:01:14+00:00,1,0,0,1.496944,0,1.4699990000661968,1
0x1d40737a00ca0ddd8156e831c3ac8c1a9600ae86,2026-02-17T13:13:09+00:00,2026-02-17T13:13:19+00:00,2,0,0,55.611727,55.61,109.8870679974388273,2
0x1d43d50beab79f495a9ce7b8903c8ba111dd6c53,2026-04-30T19:57:48+00:00,2026-04-30T19:57:48+00:00,1,384.615384,0,0,0,4.9999989920000016,1
0x1d4aa5ff7a11195f3b7751730fdb6a90e66237a5,2026-06-12T07:12:58+00:00,2026-06-12T07:12:58+00:00,1,0,0,1.003,0,0.999991,1
0x1d6e4a16b0d78712758705c639202c3a2d89e04b,2026-06-13T19:26:37+00:00,2026-06-13T19:26:37+00:00,1,0,0,1.002,0,0.999996,1
0x1d7fcfed2ce54007467fb223ece615047fc79dca,2026-04-19T10:58:54+00:00,2026-06-04T13:08:39+00:00,2,0,0,120.25,120.25,237.73425,2
0x1d8c256b15d3cd1f5db221e70c77f552eb8d757a,2026-01-29T19:55:42+00:00,2026-04-27T12:21:50+00:00,67,0,0,4828.85,535.58,5253.696099998855,67
0x1d9e03fe71767bbd1e7102d7656ce0ccbffab417,2026-05-14T09:26:47+00:00,2026-05-14T09:27:45+00:00,3,1210.0,1210.00,0,0,19.36000,3
0x1d9f719da81cc9ddcc68109522aac482260ac9c6,2026-03-21T16:40:57+00:00,2026-04-01T02:06:51+00:00,2,32.0,27.0,0,0,2.0230,2
0x1da3715d689040965f93e6f2cb439ea81d51075f,2026-03-19T18:32:19+00:00,2026-03-19T18:32:19+00:00,1,0,0,2.079,0,1.999998,1
0x1da9d4cb3bf7cb5bd8fd29aaea6bfbb3a01bd722,2026-05-14T09:19:14+00:00,2026-05-14T09:22:09+00:00,3,1210.0,1210.00,0,0,19.36000,3
0x1dac16c921463ae290914a2e77b8aab51655028f,2026-05-11T03:07:46+00:00,2026-05-11T14:22:41+00:00,2,0,0,97.08,97.08,192.89796,2
0x1dae758b71e1483d7b009ffe232d57f60d2e783d,2026-05-10T16:29:17+00:00,2026-05-19T14:28:22+00:00,5,8000.0,8000.00,0,0,112.00000,5
0x1dfebe22f26b64199a111de6a2a5554ae2efb4f9,2026-03-21T14:23:53+00:00,2026-03-27T22:23:17+00:00,30,139.00,139.0,0,0,13.96800,24
0x1e035d7a0ecbc7fd6dce6dd00cacc7d9bf1bd5f0,2026-05-16T09:54:02+00:00,2026-05-16T10:06:47+00:00,2,0,0,9.054166,9.05,17.9864910003783336,2
0x1e0424e04f60bfbe29ac79fe55d94181053f2f4e,2026-04-04T18:27:43+00:00,2026-06-10T09:56:09+00:00,9,627.8,482.8,0,0,8.9440,9
0x1e0f6008c6714e9fa4fbe63484df55fdc41b6e94,2026-03-24T05:15:37+00:00,2026-04-21T21:25:16+00:00,3,124.571856,124.57,0,0,9.9931189968972496,3
0x1e29756e7b63827cafb9cd39caa55eee77e5740f,2026-06-17T13:33:37+00:00,2026-06-17T14:22:22+00:00,4,50000.0,0,0,0,100.0000,4
0x1e55408f217f58facdf1d663c74cfa7f55e9e3e2,2026-04-29T18:30:04+00:00,2026-05-07T23:51:21+00:00,3,3059.14,3059.14,0,0,88.71506,3
0x1e5bdea42542a03dca0fff3f43a38a619f21d4ec,2026-05-09T17:55:31+00:00,2026-05-09T17:55:31+00:00,1,44003.03,0,0,0,308.02121,1
0x1e6356be8bf81f6e8478974b5d9bb397d31d7267,2026-05-18T00:59:14+00:00,2026-06-17T01:29:25+00:00,167,0,0,425.599741,425.52,847.2985760018376357,167
0x1e63888e47904bbfd899698503ad5ba42336e417,2026-06-17T08:37:44+00:00,2026-06-17T08:37:44+00:00,1,500.0,0,0,0,1.0000,1
0x1e66abb6c966fa1ffbedec7af06190cbcf9441e7,2026-02-01T03:39:44+00:00,2026-04-18T22:31:06+00:00,44,1723.621535,1723.613333,0,0,72.0694280024742653,42
0x1e66bb43fb0a7f52c3291c488f7f7ef115805433,2026-06-16T03:24:57+00:00,2026-06-16T08:10:58+00:00,2,0,0,696.696,696.69,1391.295924,2
0x1e69b81f0c69d3ecf8b721c58a3625d67599e777,2026-02-26T02:21:56+00:00,2026-02-26T02:21:56+00:00,1,0,0,5.0,0,4.9250,1
0x1e6f7856310f17db40d61dc8ef3a86f40dae11d1,2026-05-17T12:20:10+00:00,2026-05-17T23:37:31+00:00,2,0,0,101.81,101.81,202.09285,2
0x1e7021216d5f51fd2d663a0ff7060efe385bef2e,2026-05-13T04:26:14+00:00,2026-05-13T14:53:40+00:00,2,0,0,114.3,114.3,226.8855,2
0x1e82e3eb816aaf755ac9b44bc9d98f01b08aaf92,2026-02-26T07:12:12+00:00,2026-05-16T05:52:58+00:00,88,0,731.02,3377.016278,0.01,3290.5819790000867164,87
0x1e9759edc2026a134da6870d2efb42485f17effe,2026-06-16T11:44:21+00:00,2026-06-17T07:16:01+00:00,2,0,0,54.2,54.2,108.1832,2
0x1e9851cf9c439811937fc19c0a144c8a9fd06345,2026-02-01T13:55:56+00:00,2026-06-16T12:48:01+00:00,474,17825.603847,17825.603256,0,0,845.0047409870222003,469
0x1ea31175e1d85cda092e6c298d923b155c093402,2026-05-30T08:30:29+00:00,2026-05-30T09:45:49+00:00,2,0,0,12.4924,12.49,24.8449980,2
0x1eab74eb52dde106bc562f2c942bab7b5618ebb5,2026-03-26T16:17:45+00:00,2026-05-14T07:19:28+00:00,3,0,0,4.267647,2.37,6.3872670000126471,3
0x1eb0a0748165967a52a6e40103e2cee0008941c7,2026-05-12T10:56:09+00:00,2026-05-12T10:56:09+00:00,1,125.0,0,0,0,1.0000,1
0x1eb4c47c33ce06f16909b1b045ed0be97a46a260,2026-05-31T06:30:23+00:00,2026-05-31T08:45:22+00:00,2,0,0,10.1206,10.12,20.1292770,2
0x1eb93ce13543181b5ca3d8072c9dc68f6c0e5b6f,2026-05-27T10:33:41+00:00,2026-05-27T10:33:41+00:00,1,0,0,16.348,0,16.249912,1
0x1ec554f6ebbc75b111ff57feb33ef1b221581972,2026-05-27T20:37:39+00:00,2026-05-28T10:04:55+00:00,2,0,0,52.06,52.06,103.39116,2
0x1ecc179179e6f1955a6d38ba131d9e93b5027dca,2026-06-01T04:18:27+00:00,2026-06-01T04:18:33+00:00,3,400.00,0,0,0,2.00000,3
0x1ed0a7cb9607cb1ffb0e7f7429fd6abfdae92afc,2026-04-01T07:02:01+00:00,2026-04-01T07:28:29+00:00,3,0,0,289.47,289.47,556.36134,3
0x1edd1b2ad1cf1173164b9f210d94274aabace5a9,2026-06-14T07:47:30+00:00,2026-06-16T18:25:20+00:00,2,0,0,100.0,100.0,199.7000,2
0x1ee07a8ef84212966ec9b3e196a6c9c113f4b04c,2026-05-04T02:32:58+00:00,2026-05-26T09:28:25+00:00,2,2509.293333,0,0,0,22.731718962666667,2
0x1eee1dd0e163bec3b4c6897142509abf5b2893d9,2026-05-16T22:15:20+00:00,2026-05-17T15:47:22+00:00,3,4999.999999,4999.99,0,0,66.6116876980654291,3
0x1efccba6bb0d7f650d14a8eb1f1c5ee51c5a0385,2026-05-01T10:25:58+00:00,2026-05-03T09:52:52+00:00,3,4100.0,4100.0,0,0,86.1500,3
0x1f000dbb3b3c91fe5261d300d6d962ae4701e20f,2026-04-01T09:18:15+00:00,2026-04-01T18:31:07+00:00,2,0,0,49.22,49.22,95.33914,2
0x1f0d96b35f1d79af288e0e8e6a0bf7907690f4bd,2026-05-17T12:20:10+00:00,2026-05-17T23:18:54+00:00,2,0,0,99.69,99.69,197.98434,2
0x1f10b83a783a1bd5d80e9835e217e85809850d4c,2026-04-02T18:23:29+00:00,2026-05-18T14:29:59+00:00,3,3384.461815,3384.46,0,0,133.6912178710168444,3
0x1f34e3989926c419bf22e8172fc286492110b6cb,2026-05-01T04:12:16+00:00,2026-05-01T06:08:32+00:00,5,0,0,1492.669997,1492.66,2950.9986989918333138,5
0x1f3bf39ad9d8d8f9d3e9dd562f6979c09200f8e3,2026-05-21T01:06:31+00:00,2026-05-21T01:06:31+00:00,1,111.111111,0,0,0,0.999998999000001,1
0x1f571f63d50c8f3d7b72f523851990f761d579eb,2026-04-12T05:52:09+00:00,2026-04-15T06:44:50+00:00,6,0,25.05,58.82,0,57.84810,6
0x1f5743455adfd2a544c1bd953725404fe93c54fe,2026-05-04T18:08:00+00:00,2026-05-04T18:08:00+00:00,1,90.909089,0,0,0,0.9999989971818388,1
0x1f6b85cb85876df272199039207b33166757267e,2026-05-07T22:07:58+00:00,2026-05-07T22:07:58+00:00,1,2000.0,0,0,0,20.000,1
0x1f8eb04fcc9bdf2b0b7645dba660b5db2faeeb3b,2026-06-17T07:52:14+00:00,2026-06-17T07:52:14+00:00,1,5000.0,0,0,0,10.0000,1
0x1fa3d50c03c67c337825c5259aebe12d1f23f36d,2026-06-16T02:02:43+00:00,2026-06-17T11:04:55+00:00,2,1500.0,0,0,0,2.0000,2
0x1fa4dd8c03e07040d5fe3ce5bed648733f6e72f8,2026-06-17T15:31:26+00:00,2026-06-17T15:31:26+00:00,1,1100.0,0,0,0,1.1000,1
0x1fb611fb0d89eee1e601bdfb0f9621726d9ca627,2026-05-13T05:37:28+00:00,2026-05-13T07:12:52+00:00,3,1380.0,1380.00,0,0,19.32000,3
0x1fb8ab9872052b609f34c33605b134c70c7f9530,2026-05-09T05:39:59+00:00,2026-05-09T05:39:59+00:00,1,0,0,3.6984,0,3.6799080,1
0x1fc9776b33c40adf0ef9c1287d2810766dd1ace5,2026-02-02T21:12:50+00:00,2026-03-16T03:18:57+00:00,51,1014.029739,1014.018259,0,0,67.1370560010011490,42
0x1fcaa4d1831e27cf1cb9f11e4e158d7d3169abdb,2026-06-09T13:08:57+00:00,2026-06-11T10:44:52+00:00,2,0,0,9.0,9.0,17.9280,2
0x1fde45ef454dd3b94c89009dbc57a3668ef3026e,2026-04-18T16:19:14+00:00,2026-04-19T02:37:22+00:00,2,73.333333,73.33,0,0,2.4199400023333333,2
0x1feb35e1049ad65750e94a28c8d6ce0549047db1,2026-04-05T12:23:51+00:00,2026-04-05T13:10:47+00:00,2,102.0,102.0,0,0,3.8760,2
0x1ffba2433b9ef052ecfd416e1c462e74ad5aae48,2026-05-16T15:17:03+00:00,2026-05-16T15:46:01+00:00,2,0,0,1219.315833,1219.31,2422.774768002,2
0x1ffd0fc1fc21fa73f506f5f1f51e7b8807577efa,2026-05-05T04:39:28+00:00,2026-05-05T04:39:28+00:00,1,90.909089,0,0,0,0.9999989971818388,1
0x2028708c13630dc4b083bc49d0df0ffdc7d228a4,2026-05-30T08:12:03+00:00,2026-05-30T09:07:30+00:00,2,0,0,10.4422,10.44,20.7673490,2
0x2031103b17b85636ab679f9d4e4c229c3e0b1fe5,2026-06-03T08:37:47+00:00,2026-06-03T09:23:36+00:00,2,0,0,10.0502,10.05,19.9896490,2
0x20349a8b777ef775a28cf4fe8d243c3f49a6fa8f,2026-05-27T14:22:46+00:00,2026-05-27T14:22:46+00:00,1,0,0,9.637666,0,9.5798400001449336,1
0x203eccb2272fe2941bc6024b9c16379ccdf54d7a,2026-06-11T07:26:36+00:00,2026-06-11T07:26:36+00:00,1,0,0,1.003008,0,0.9999979999729152,1
0x2041156607302f2dfe416649a2d344902529d8bc,2026-06-07T18:48:28+00:00,2026-06-07T18:48:28+00:00,1,0,0,1.022,0,1.019956,1
0x20455187d22b447f365695025e875a48c4643986,2026-06-13T19:35:48+00:00,2026-06-13T19:35:48+00:00,1,0,0,1.002,0,0.999996,1
0x20608b1cab03a4b8ab1f108c7f580525863b8335,2026-04-19T17:59:52+00:00,2026-04-19T19:20:08+00:00,2,0,0,15.62,15.62,30.55272,2
0x206a9f494c463da299784d853f595b18c51e94dd,2026-03-20T05:13:13+00:00,2026-04-07T05:02:57+00:00,2,0,0,14.64,14.64,28.53336,2
0x207ca4de770e8195731fd09ff754f328df5452fa,2026-06-07T21:20:54+00:00,2026-06-15T12:05:10+00:00,3,1666.666666,0,0,0,2.999997998000002,3
0x2085c702d92cf66c38514a7c9cb68e678e667754,2026-05-13T12:38:22+00:00,2026-05-13T23:52:56+00:00,2,0,0,112.08,112.08,222.36672,2
0x20af28c934a78ac1534c7b66a72b2ec744024493,2026-06-12T04:40:54+00:00,2026-06-12T04:40:54+00:00,1,250.0,0,0,0,1.0000,1
0x20beb24e6a5d42ebb4260ebcc637f6cc430b9c7e,2026-05-21T09:01:23+00:00,2026-05-21T09:11:46+00:00,2,0,0,2318.548375,2318.54,4597.673128000,2
0x20cb6aae26b7eca1b528cf06a0098172464ae4fd,2026-05-12T08:39:44+00:00,2026-05-13T04:40:28+00:00,2,0,0,100.8,100.8,200.0880,2
0x20da455204f6456c58e0ba32ce028df4a60c8db8,2026-05-26T21:33:48+00:00,2026-05-26T21:33:48+00:00,1,0,0,430.382166,0,427.799873004,1
0x20e5477dfe0b30aa78a33dfcd577bcca3c75d431,2026-05-27T00:11:06+00:00,2026-05-27T00:11:06+00:00,1,0,0,13.792666,0,13.7099099998622002,1
0x20f5f78ff1068d02806151ec253d967b4ea30084,2026-06-15T19:19:36+00:00,2026-06-15T19:19:36+00:00,1,2000.0,0,0,0,4.0000,1
0x20fe8e8653e37c487eac0c4c1333506ffd671851,2026-05-16T21:57:59+00:00,2026-05-16T22:15:01+00:00,2,0,0,5.030166,5.03,9.9947749999758672,2
0x2110ba2a1e18840109482ff4ddc547baeff45850,2026-03-19T12:36:23+00:00,2026-05-30T11:23:05+00:00,2,80.0,80.0,0,0,3.6800,2
0x211bcf93c9873cc391237d3e5b943494e48d781a,2026-04-30T17:41:14+00:00,2026-04-30T17:44:30+00:00,2,0,0,1.01109,1.01,1.997847999990209,2
0x2129e90b27eaf0de9fb0339c39253e18f4e79508,2026-05-17T18:40:41+00:00,2026-05-18T18:32:30+00:00,2,0,0,478.0,478.0,949.3080,2
0x212a0be125f33f5f42ac02d49abb54ad69123c8a,2026-06-14T08:56:07+00:00,2026-06-14T08:56:07+00:00,1,0,0,32.012,0,31.979988,1
0x212f8b64e824567fe7bc258a895c38ad3962034b,2026-05-15T03:30:07+00:00,2026-05-15T03:30:07+00:00,1,0,0,5.37,0,5.32704,1
0x2138c0a10de043721ea9e5f9a7a8d4210202ebe5,2026-06-16T04:05:43+00:00,2026-06-16T04:05:43+00:00,1,500.0,0,0,0,1.0000,1
0x214079f248367c7ba5f046c911c9bb9e33c2da14,2026-06-06T10:16:24+00:00,2026-06-06T10:16:24+00:00,1,1000.0,0,0,0,5.0000,1
0x214c69288c346a70b96007cad9d8c59fac216378,2026-05-07T12:46:20+00:00,2026-05-15T05:13:26+00:00,26,0,0,2000.00,1999.994515,3966.4945580001614135,26
0x214d8b34d2a01c3be8001a9a5f256f806204f0d4,2026-05-17T23:57:47+00:00,2026-05-18T10:32:46+00:00,2,0,0,55.84,55.84,110.78656,2
0x2150d0878c2514c81fbded2a7e309abb89c9581b,2026-02-06T13:47:11+00:00,2026-03-03T01:36:39+00:00,3,105.0,0,0,0,2.2450,3
0x215806dbeaa870bc6341609bd63db1813cfc9198,2026-03-09T15:45:59+00:00,2026-06-17T17:48:52+00:00,7,13172.146385,13172.14,0,0,98.7478389855399232,7
0x21623d3a8bf1b7d247a0559391ff90516a231ad1,2026-06-12T08:26:24+00:00,2026-06-15T11:29:19+00:00,4,4263.333333,0,0,0,8.5699990066666671,4
0x21717647398a1d5df568700511eff78a7c39b71e,2026-06-06T02:12:45+00:00,2026-06-06T02:12:45+00:00,1,1250.0,0,0,0,5.0000,1
0x21931a28905174f720430208b9a4e4269f0141eb,2026-03-01T12:06:15+00:00,2026-03-05T14:01:05+00:00,3,1723.412355,1723.41,0,0,180.9191879363788575,3
0x21a57bccb73acd71b42d0fb88b775f8532ba314e,2026-03-07T16:27:09+00:00,2026-03-07T16:35:21+00:00,3,1478.0,1478.0,0,0,186.2280,3
0x21b34bbac0c104cec727da5ee8b96b1d483f8110,2026-05-28T09:33:32+00:00,2026-05-28T09:33:32+00:00,1,142.857142,0,0,0,0.999998994000006,1
0x21b6719adfe150a539c9afdd88220422a30583d8,2026-05-20T02:20:19+00:00,2026-05-20T02:20:19+00:00,1,2000.0,0,0,0,14.0000,1
0x21c09307285b2bcfdc29e645773b1cddc211dff6,2026-03-23T09:31:23+00:00,2026-03-23T16:51:55+00:00,8,299.50,282.97,257.59,0,270.977420007367,8
0x21c23a1e4c68440b2104cc9a7f1b085642e40b97,2026-05-13T13:06:24+00:00,2026-06-09T16:15:18+00:00,3,18839.88,18839.88,0,0,279.182949885324,3
0x21c42e8a2d0835dc247485105145e5d61188444f,2026-04-30T01:31:14+00:00,2026-04-30T01:31:14+00:00,1,71.42857,0,0,0,1.000000001428571,1
0x21c6fd8b7330bfa3569a831f9dfc3feef01e26a1,2026-03-08T22:18:03+00:00,2026-03-08T22:28:01+00:00,3,0,0,1436.0,1436.0,2716.9120,3
0x21c9f1d912366a177843050b7642e5eb7c21b4b0,2026-05-30T07:19:35+00:00,2026-05-30T08:04:24+00:00,2,0,0,10.0502,10.05,19.9896490,2
0x21cec5026bee7d5f9f5ce4928439e339330a9251,2026-05-27T04:38:21+00:00,2026-05-27T04:38:21+00:00,1,0,0,27.323833,0,27.1598899992676167,1
0x21cf0eed1967169aa756b068ec9bf8fdc7a279ce,2026-04-16T02:41:14+00:00,2026-04-16T04:06:46+00:00,2,0,0,162.46,162.46,317.77176,2
0x21dcadf0a828f8ccecd058966445a7824fb53158,2026-05-27T01:05:17+00:00,2026-05-27T01:05:17+00:00,1,0,0,17.555166,0,17.4498350004889668,1
0x21f1f75353e8330646967bb09574f10a65dc961f,2026-04-11T17:18:37+00:00,2026-04-14T11:41:23+00:00,3,919.890236,0,0,0,19.9999989940082754,3
0x21f45bb286f55ce8dc5a08fbb443389047dac5ae,2026-05-14T12:51:09+00:00,2026-05-14T12:51:09+00:00,1,125.0,0,0,0,1.0000,1
0x21f80ad21fd579ef3dbc51d600669b61aa20cd5f,2026-06-07T15:43:10+00:00,2026-06-07T15:43:10+00:00,1,3333.333333,0,0,0,9.9999989990000001,1
0x21ff16230285273f6097846437b46d35e97f5e2a,2026-06-05T05:31:46+00:00,2026-06-14T04:46:01+00:00,8,34842.0,0,0,0,114.57524998320,8
0x21ffd2b7a212a6f277ed3eca1a9f8efcbca90d71,2026-01-31T11:59:16+00:00,2026-06-15T11:20:27+00:00,277,542.155777,542.15,12477.820975,12477.819533,24447.8666340187842540,266
0x221a691903a0a216526302fb88577aa2110055e8,2026-05-19T14:28:22+00:00,2026-05-19T14:29:48+00:00,2,29530.17,0,0,0,236.24136,2
0x221b6e1544e8450799d6058990900f107094ea52,2026-06-09T15:44:09+00:00,2026-06-11T13:26:39+00:00,2,36097.14,0,0,0,180.48570,2
0x221cf29a86f9457b6f7d1629c3b104906de6cf1a,2026-06-16T11:25:51+00:00,2026-06-16T11:25:51+00:00,1,6690.0,0,0,0,13.3800,1
0x22281a4409d7ef2240383fdf1955b8156c614bea,2026-04-11T10:47:19+00:00,2026-04-11T10:47:19+00:00,1,1000.0,0,0,0,15.0000,1
0x223e29bb7ee2ee9690b28785161ada79a9f612b2,2026-06-09T06:05:28+00:00,2026-06-09T06:05:28+00:00,1,0,0,1.022,0,1.019956,1
0x22420a0bbb342e22cea5e02f72430d19565cbe49,2026-04-09T09:55:59+00:00,2026-04-09T10:10:51+00:00,2,0,0,619.178615,619.17,1205.532381010,2
0x2244fc8ef0e9e19fa089c410199b543e878bb9c2,2026-03-20T08:38:11+00:00,2026-03-29T16:31:10+00:00,2,0,0,5.224624,0,4.9999890000259808,2
0x2247e0635b7a2fc748312d9fe8b0eb1fd277cc54,2026-04-30T10:16:38+00:00,2026-04-30T10:20:18+00:00,2,0,0,500.0,500.0,987.0000,2
0x225265165171db89820c7f9720e786adcad7cbf2,2026-05-19T15:54:44+00:00,2026-05-19T15:54:44+00:00,1,125.0,0,0,0,1.0000,1
0x225a3e87bdce7003ee2bc59ede7511b100bbc603,2026-06-13T11:07:36+00:00,2026-06-13T11:07:36+00:00,1,0,0,1.002,0,0.999996,1
0x225d32f9b88b2d9908f13412b032241a5b3fe4de,2026-03-28T05:08:25+00:00,2026-06-01T06:31:10+00:00,2,80.0,80.0,0,0,5.3600,2
0x2265f7c27d6af17262c94caf7af8b03702afbd11,2026-05-11T03:07:46+00:00,2026-05-11T15:23:39+00:00,2,0,0,53.42,53.42,106.14554,2
0x227aac5d31a65e230f856c54c5e5154e16851a18,2026-06-16T12:25:37+00:00,2026-06-16T12:25:37+00:00,1,0,0,10.0,0,9.9900,1
0x227bae2c175dc2f652202044f391db7117a376f9,2026-06-03T22:30:43+00:00,2026-06-16T22:48:07+00:00,112,0,0,638.499102,638.49,1272.1109869995945060,112
0x229745e054b46fea6afc998e5c7b920dda628cdc,2026-03-07T17:03:43+00:00,2026-03-08T03:48:17+00:00,4,0,0,1817.0,1817.0,3421.3950,4
0x229800c806e613440541b06eae42bc331e0c099e,2026-06-09T16:20:03+00:00,2026-06-10T15:40:37+00:00,2,0,0,114.58,114.58,228.01420,2
0x229a8531d39e1e09f5fcf577938c0f22e403701f,2026-05-06T11:53:50+00:00,2026-05-06T12:08:52+00:00,2,1111.111111,1111.11,0,0,18.888879999,2
0x22a72b12031caf28e1498c713cb0193acdde8f74,2026-04-05T08:16:15+00:00,2026-04-06T05:32:13+00:00,5,75.0,0,0,0,1.3000,4
0x22b0b3c6f51d0cfc1b2f9e994e3add6136a4e1b9,2026-04-14T17:28:12+00:00,2026-04-22T19:59:44+00:00,2,0,0,5.170606,5.17,10.0769159999317576,2
0x22bfdbce977910d559672f37a33882b04cde8642,2026-04-03T16:26:31+00:00,2026-04-07T22:14:27+00:00,4,184.889640,0,0,0,3.9999980012292824,4
0x22c69686e76ab75d41fbb8fc9653b39ba860d896,2026-05-17T12:20:10+00:00,2026-05-18T01:46:08+00:00,2,0,0,101.0,101.0,200.5860,2
0x22d22cba272b2026e3ecc752dff647b20a76b794,2026-04-09T09:48:59+00:00,2026-04-09T16:03:01+00:00,2,0,0,8.0,8.0,15.6000,2
0x22dd6b68d2614cd83eafaaf044d1e4d2999af538,2026-04-01T08:54:43+00:00,2026-04-01T13:18:55+00:00,2,0,0,49.9,49.9,96.6064,2
0x22df2f2227565ad50ff3f401e142c3fec3b1bd1a,2026-06-03T11:58:13+00:00,2026-06-03T15:22:10+00:00,2,0,0,12.03,12.03,23.92767,2
0x22e0701b4f2fd96e0d679344efdcf0c7e0f7cc4c,2026-05-25T05:49:34+00:00,2026-06-06T18:03:45+00:00,2,0,0,289.023142,289.02,574.863900006,2
0x22ebaf6045e4921d7954b21bd7163017f88665a7,2026-05-22T09:41:41+00:00,2026-05-25T02:56:19+00:00,2,100.0,100.0,0,0,1.7000,2
0x22f4d45da9e17acca1f96eb5210ef3d9d49b8eda,2026-05-04T23:51:46+00:00,2026-05-07T17:41:12+00:00,2,90.909089,90.9,0,0,1.8180989971818388,2
0x23178c0975ac0bd228d8c50997530e874c3f56c3,2026-05-03T14:15:08+00:00,2026-06-05T16:05:52+00:00,4,10000.0,10000.0,106.666665,106.66,300.7667460013333180,4
0x231dcfff9225a022661256d06eb0301099974f84,2026-05-13T04:21:22+00:00,2026-05-13T04:34:38+00:00,3,1400.0,1400.00,0,0,19.60000,3
0x2323377a4c4a3446ce594ee0138007cd1fe18cd9,2026-04-27T08:17:32+00:00,2026-04-27T08:28:32+00:00,2,0,0,23.0,23.0,45.2410,2
0x2328c8615d22d2d46ffa60e9ba0570d4ac59e304,2026-05-01T11:25:20+00:00,2026-05-01T11:25:20+00:00,1,90.909089,0,0,0,0.9999989971818388,1
0x233482cc859694d25d865e8b3d06b48ea87acd00,2026-05-08T12:55:14+00:00,2026-05-08T12:55:14+00:00,1,0,0,5.035142,0,4.9998959999578296,1
0x234e004ffbd27fd2e81b22c7ffa4d1cadcbb65d2,2026-05-14T09:13:12+00:00,2026-06-17T11:37:25+00:00,672,32538.425900,1019776.701899,5000.00,4999.858454,13469.9446051520353745,671
0x2365a5ebab487c4f981206b4d693de7b8716567e,2026-05-27T13:11:17+00:00,2026-05-28T14:38:42+00:00,2,0,0,120.08,120.08,238.59896,2
0x2375156379c420c343da0c7e5da6469ef965772d,2026-05-31T10:37:17+00:00,2026-05-31T11:51:06+00:00,2,0,0,10.0502,10.05,19.9896490,2
0x237a2c8a928b5173f4434537bcb00f603077ef29,2026-03-23T14:18:13+00:00,2026-03-23T14:18:13+00:00,1,15.625,0,0,0,1.000000,1
0x237dfe068f20d5a8c460797e16f4b4d83a06dbd4,2026-03-07T19:46:33+00:00,2026-03-07T19:52:25+00:00,2,840.0,840.0,0,0,98.2800,2
0x23860bc2cf9580bbb4af227ebdee365e3a84dc60,2026-05-17T22:27:24+00:00,2026-06-02T10:29:09+00:00,2,142.857141,142.85,0,0,1.7142500012857141,2
0x2389e09b2d0c4d701aa2b07360dd0aeb469b454e,2026-05-26T06:32:13+00:00,2026-05-26T06:32:13+00:00,1,0,0,16.619666,0,16.5199480006760668,1
0x238fe1b4a91d47bda4fb418dd4a6a09494983015,2026-04-29T18:31:34+00:00,2026-04-29T20:32:50+00:00,2,100.0,100.0,0,0,3.5000,2
0x23983861d5bd7912907d2e068f6c74c2c26b4154,2026-06-03T03:19:41+00:00,2026-06-03T06:42:52+00:00,2,0,0,10.0502,10.05,19.9896490,2
0x23ab85e822deed4733e09ca44f0df0cf4fa556c0,2026-04-12T11:43:21+00:00,2026-04-12T11:43:21+00:00,1,769.230768,0,0,0,19.999999968,1
0x23c369ecb07cc6044566065ef4e1572a35cb1555,2026-05-11T15:32:34+00:00,2026-05-12T03:08:21+00:00,2,0,0,51.96,51.96,103.14060,2
0x23c605666d53f43cd2e22434dde786ede9730f2e,2026-06-16T22:21:59+00:00,2026-06-16T22:21:59+00:00,1,412.0,0,0,0,0.8240,1
0x23d79a520133f59774591163ddbe539a4ed58b84,2026-05-16T18:03:41+00:00,2026-05-17T05:44:56+00:00,2,0,0,85.29,85.29,169.38594,2
0x23d7aed5b36efe1404621cfd702fef37e8caaa27,2026-05-17T23:20:18+00:00,2026-05-18T12:48:10+00:00,2,0,0,53.32,53.32,105.78688,2
0x23daf37757d6961b0899a6d6cb4c9afb12cd3bde,2026-06-02T10:47:53+00:00,2026-06-02T12:39:44+00:00,2,0,0,10.402,10.4,20.687590,2
0x240b16e8a0351a0c84dde95005ea55f2240addf7,2026-06-16T03:07:24+00:00,2026-06-16T03:07:24+00:00,1,1055.0,0,0,0,2.1100,1
0x2414022bf4e39905964c6ef8734cc277b88cc083,2026-06-09T12:03:37+00:00,2026-06-10T15:53:37+00:00,2,0,0,111.43,111.43,222.07999,2
0x241a39032eede7a98d676aaa4ee87bd2692506f7,2026-05-26T19:11:24+00:00,2026-05-26T19:11:24+00:00,1,0,0,14.688,0,14.599872,1
0x241ff966f22080fbee3928e194763e575847e15a,2026-04-29T18:02:24+00:00,2026-05-01T21:01:42+00:00,9,1001.864713,1001.86,3000.0,3000.0,5907.027932991,9
0x2424387278d10e1893c7d8dc768aefff50f529d3,2026-06-10T23:53:37+00:00,2026-06-10T23:53:43+00:00,4,2500.0,2500.0,0,0,15.0000,4
0x242ea35d1e08127f5b229f1ee3c847454d62e2cb,2026-06-01T09:18:42+00:00,2026-06-01T09:18:42+00:00,1,166.666666,0,0,0,0.999998996000004,1
0x24321a44a49296dd8fd47694326515db52998f2c,2026-03-31T15:52:19+00:00,2026-04-01T01:27:55+00:00,2,22.222221,22.22,0,0,1.8221390005556075,2
0x24337e6a9d400c9ec9488f00ead3f743178aa3f7,2026-05-13T04:36:28+00:00,2026-05-13T04:44:58+00:00,3,1390.0,1390.00,0,0,19.46000,3
0x24371a148c4633f03ec07ce560552911eb4b2da4,2026-05-12T20:16:30+00:00,2026-05-12T20:16:30+00:00,1,166.666666,0,0,0,0.999998996000004,1
0x24516a3b6fbc94f297e9e2f0cf57944bb46b0973,2026-06-09T13:08:57+00:00,2026-06-10T16:00:33+00:00,2,0,0,100.8,100.8,200.7936,2
0x24536b4d2191548c664aab9a9c18c657fd5d6a87,2026-05-15T14:12:56+00:00,2026-05-16T05:20:23+00:00,2,0,0,122.86,122.86,243.99996,2
0x2453fd270af73cc19d010f7471aeb72fc5f9553a,2026-05-31T09:56:41+00:00,2026-05-31T11:50:56+00:00,2,0,0,10.0502,10.05,19.9896490,2
0x2458489f779c836fc773135d81b08ead95ccf8e7,2026-03-28T05:08:25+00:00,2026-05-05T04:47:52+00:00,6,8000.0,0,0,0,151.64970001000,6
0x245abc2d22208807b3334bafb4c1f0b695efe09e,2026-05-17T12:20:10+00:00,2026-05-17T23:37:15+00:00,2,0,0,57.9,57.9,114.9315,2
0x2460b7044e50699271b7664bf2e0b0ab80dd4691,2026-05-11T15:03:40+00:00,2026-05-12T04:33:32+00:00,2,0,0,59.31,59.31,117.73035,2
0x24787691ebc296444add2ee3dea03c9d6f9b2e62,2026-03-18T13:22:15+00:00,2026-04-03T19:02:21+00:00,12,4595.319945,2000.0,0,0,291.5279609600636062,12
0x24808f9fa9e339c9a9b3d474b1fa1db33bf76efd,2026-06-11T10:32:19+00:00,2026-06-11T12:39:16+00:00,2,0,0,108.324666,108.32,215.778092002,2
0x2484f98d2b96b284ec271d6ad4e636d54e33cca8,2026-05-19T06:55:09+00:00,2026-05-19T06:55:09+00:00,1,0,0,1.007,0,0.999951,1
0x248951fe56f67d7fe5464eaa4d2f24fb7c397f8d,2026-03-07T18:04:17+00:00,2026-03-07T18:13:57+00:00,2,0,0,822.0,822.0,1549.4700,2
0x248f27f0fab24c62d1f4d51bb1a6e57668316f05,2026-05-21T14:39:15+00:00,2026-06-02T08:39:55+00:00,8,0,0,660.0,660.0,1310.35999000800,8
0x24992fcd5e2d8a5a4b3a647190e713d17330b542,2026-06-17T10:01:13+00:00,2026-06-17T10:01:13+00:00,1,2000.0,0,0,0,2.0000,1
0x24a41a9d9f8ff7892787ff14a80e85fc508daacf,2026-06-12T17:52:28+00:00,2026-06-12T17:52:28+00:00,1,0,0,2.006,0,1.999982,1
0x24aa8a25797838c48198705bda410567528858a0,2026-05-01T09:09:24+00:00,2026-06-14T03:20:57+00:00,2,0,0,1246.4646,1246.46,2477.967034,2
0x24aab9f0ffe38a718f988760f5d27c8418317e0a,2026-05-20T19:58:43+00:00,2026-05-20T19:58:43+00:00,1,20000.0,0,0,0,160.0000,1
0x24b5974bfaf3d350701e1e2a40d517619c6c421f,2026-05-14T09:18:39+00:00,2026-05-14T09:19:14+00:00,3,1240.0,1240.0,0,0,19.8400,3
0x24c517156c557cd1f3cef97036ace147ac05e032,2026-04-02T09:32:25+00:00,2026-05-14T12:07:16+00:00,3,3019.153224,0,0,0,64.9999989762580656,3
0x24c8cf69a0e0a17eee21f69d29752bfa32e823e1,2026-04-29T13:29:02+00:00,2026-06-17T20:35:47+00:00,269,27631.358428,41227.320902,56665.0,2221.993356,59032.2676619563537343,267
0x24caaaadc789deb0f374e8de3b40bf37d2efc755,2026-05-14T19:18:08+00:00,2026-05-14T21:29:32+00:00,2,0,0,41.570995,41.57,82.5174380017432040,2
0x24dcf242782fc6208660a3f5f1e7c4bff3f6f26d,2026-05-27T01:37:08+00:00,2026-05-27T01:37:08+00:00,1,0,0,62.746333,0,62.369855002,1
0x24e32a037db69ac858e07e6c9c3ef5ed3e992462,2026-05-13T12:38:22+00:00,2026-05-13T14:24:35+00:00,2,0,0,53.1,53.1,105.4035,2
0x24e6c8ffb0a6f2b72c3ae711f5403ae92ce39f79,2026-04-10T10:13:57+00:00,2026-04-10T10:13:57+00:00,1,45.454544,0,0,0,0.9999989998182128,1
0x24ecd6bc3a3069f586d89c51d0928797639fafb4,2026-06-17T07:58:56+00:00,2026-06-17T19:40:13+00:00,2,0,0,278.05,278.05,555.26585,2
0x2513313059b402e0d4062c36495ca764b62999d5,2026-05-14T09:50:19+00:00,2026-05-16T19:45:30+00:00,4,0,0,16.105594,16.10,31.9781370001493292,4
0x251bcdb5e412a7fc8e7f61e6dea42bc52833e74e,2026-03-28T05:26:45+00:00,2026-03-28T05:32:21+00:00,3,0,0,794.243069,794.24,1489.9971180071812379,3
0x2520f256a0d68fff1f0883d6a44b0b13f9cb73bd,2026-05-30T21:16:17+00:00,2026-06-02T04:36:14+00:00,2,0,0,53.62,53.62,106.59656,2
0x25321309718df3c9882c9222101a1cc9faccff89,2026-05-16T04:04:28+00:00,2026-05-16T17:00:30+00:00,2,0,0,199.195166,199.19,395.795665004,2
0x253b48c5446d7772670ccc30e03f1d976d56c41c,2026-06-11T07:21:13+00:00,2026-06-13T06:26:42+00:00,2,0,0,18.264793,17.16,35.318517999997038,2
0x25450a1371552c3d3865266927a2537ca32c47c8,2026-05-01T05:57:06+00:00,2026-05-01T05:57:06+00:00,1,227.272727,0,0,0,2.4999989970000012,1
0x254d574bbd3509ffc03bc322b44d1d144b75af5d,2026-05-20T22:55:14+00:00,2026-05-20T22:55:14+00:00,1,1111.11111,0,0,0,9.99999999,1
0x2552a038fa92d19ed6f8a0cedec55a7bd216b5ad,2026-06-02T01:38:51+00:00,2026-06-02T01:38:51+00:00,1,0,0,5.025,0,4.999875,1
0x255e4bc0a80a1a9c96b5c1870e747b6199bffed1,2026-05-25T20:25:24+00:00,2026-06-02T23:21:27+00:00,4,288.571428,288.57,0,0,3.4628480048571468,4
0x2573a4619fff452604506fe0477adbce00a159d5,2026-05-27T22:16:01+00:00,2026-05-28T09:06:21+00:00,2,0,0,81.87,81.87,162.59382,2
0x2574ca5725e6fd109a8bb4d77941df1298916f4a,2026-05-31T10:17:04+00:00,2026-06-02T01:54:16+00:00,2,0,0,21.1054,21.1,41.9732730,2
0x2583c9d6e238654e790a3306c6f72cc4367645f8,2026-05-14T08:29:11+00:00,2026-05-15T06:29:39+00:00,4,0,0,15.105678,15.10,29.9861880001229568,4
0x25a74e4d0795b842a4e8e934620781e3c5f48b7c,2026-06-10T12:24:48+00:00,2026-06-10T12:31:00+00:00,2,2000.0,2000.0,0,0,17.72080000,2
0x25ede194455abe6714e54aa243c0f3372b6393b4,2026-04-01T20:39:15+00:00,2026-06-01T03:43:48+00:00,3,5000.0,5000.0,0,0,106.0000,3
0x25f7f3bad53afa2849463994cb4b6cb8c2d2eb0d,2026-05-15T11:53:01+00:00,2026-05-15T11:53:01+00:00,1,159.77,0,0,0,1.11839,1
0x25ff42680fdbfcaa34b6065c4e704b0c30e62217,2026-04-01T07:33:57+00:00,2026-04-01T07:42:53+00:00,3,0,0,258.0,258.00,495.87600,3
0x260079e7dd1e5f1d2e3cbaad45ee2de5510e14f9,2026-01-30T21:24:54+00:00,2026-02-02T21:01:38+00:00,2,0,0,10.0,10.0,19.000,2
0x260c4d1b71b6012140f1f2b2000ab9518996d794,2026-05-18T10:45:54+00:00,2026-05-18T14:32:01+00:00,2,0,0,80.0,80.0,158.7200,2
0x260d3ec06f8b236d0351905ec99b443b9fdd3339,2026-06-14T14:01:15+00:00,2026-06-15T11:20:27+00:00,2,0,0,10.01,10.01,19.99998,2
0x261068e6979b1e09675e134045814afe5d6afdea,2026-05-29T14:10:31+00:00,2026-06-08T06:49:42+00:00,2,166.666666,166.66,0,0,1.309578995638004,2
0x2616b62417cc889d2f7def37956ce0e85b5de463,2026-06-15T01:24:19+00:00,2026-06-15T01:24:19+00:00,1,0,0,11.141,0,11.129859,1
0x26202bb6403bd2e829d0c95fd6a9f6c436286339,2026-06-11T12:08:49+00:00,2026-06-12T16:12:55+00:00,2,0,0,9.027,9.02,17.983839,2
0x2639a1206753b7e0d6d1605138ad438cd5ec87a4,2026-04-20T02:47:10+00:00,2026-04-20T03:21:38+00:00,2,975.0,975.0,0,0,39.000,2
0x263aa369294e5b521a1f763c6b17c455e04865c3,2026-06-12T07:44:15+00:00,2026-06-12T07:44:15+00:00,1,0,0,1.003,0,0.999991,1
0x263b96494dbc9d61f5968ec618b3209be5e80200,2026-05-26T13:17:56+00:00,2026-05-26T13:17:56+00:00,1,0,0,354.295666,0,352.169892004,1
0x264023078964bb8561b977177bddf7b81d8e38f7,2026-04-08T08:02:05+00:00,2026-04-08T08:02:05+00:00,1,250.0,0,0,0,5.000,1
0x26407c786f6526ed8fdfc9f8b7e4f81d44d4313d,2026-05-16T11:04:32+00:00,2026-05-16T20:00:31+00:00,2,0,0,113.682,113.68,225.884148,2
0x26493ab6df66729ccf68ba6cd62624e1345a9d3c,2026-05-31T14:09:16+00:00,2026-05-31T14:09:16+00:00,1,166.666666,0,0,0,0.999998996000004,1
0x265974800ecc76b67a6abe4b205aa6ba5876a631,2026-06-13T12:43:12+00:00,2026-06-17T17:58:04+00:00,215,0,0,67716.911,67716.91,135229.854935,215
0x265a27353e8168005d815af8a6099d5b8c35b88a,2026-05-12T14:08:21+00:00,2026-05-12T14:08:21+00:00,1,166.666666,0,0,0,0.999998996000004,1
0x266394734d96d8d117d0138396b4a14f18fe87d7,2026-04-29T18:35:22+00:00,2026-05-01T16:26:56+00:00,2,800.0,0,0,0,10.7000,2
0x2696a082fed8170ef6af0fa2277d7245fac9e2aa,2026-05-26T07:25:58+00:00,2026-05-26T07:25:58+00:00,1,0,0,14.064333,0,13.9799470005935667,1
0x269f61953cfda4e26aa19acf0a84e011233df823,2026-06-16T18:22:41+00:00,2026-06-16T18:22:41+00:00,1,0,4312.5,0,0,4.3125,1
0x26b0bad7058f84a5527bc27c794acc794b04b22d,2026-05-21T17:04:47+00:00,2026-05-22T02:45:14+00:00,3,510.0,0,0,0,5.6100,3
0x26cb4ff347e75f0f9e5b9b699e9d727006b23e56,2026-04-19T11:04:02+00:00,2026-04-21T21:10:30+00:00,5,150.00,0,0,0,2.75000,5
0x26cffff40ff20650180e4289d8a6fe219e43fdfb,2026-06-08T02:55:09+00:00,2026-06-09T12:50:28+00:00,2,0,0,6.012,6.01,11.991946,2
0x26dd8dd873a26eb19d3c55d2afe4b7a939c90249,2026-05-07T21:11:02+00:00,2026-05-07T21:11:02+00:00,1,446.0,0,0,0,4.460,1
0x26e8d3c5146cc80eb54b7e7da4140876f57e5ef5,2026-05-13T04:10:47+00:00,2026-05-13T04:10:47+00:00,1,0,0,5.01,0,4.97994,1
0x26ece0c3ce85a650dde3567f264667c947a193f5,2026-06-09T11:48:16+00:00,2026-06-09T11:48:16+00:00,1,33333.333332,0,0,0,99.999999996,1
0x26f427fc0019ae4210a8f73abd1914d81c96e110,2026-04-29T13:57:42+00:00,2026-06-17T10:18:59+00:00,1443,0,0,13252.92,13252.919838,26296.8193080000786708,1442
0x270afb53118b0f5a9d706f4d90b82bb877d27b78,2026-05-12T03:28:14+00:00,2026-05-30T06:45:48+00:00,3,4053.0,0,0,0,29.3710,3
0x270d627c490ea2a58a66215ab0ee8db9c1d45ff2,2026-03-17T19:03:07+00:00,2026-04-29T13:23:56+00:00,4,2654.965209,833.33,0,0,84.9999380225914013,4
0x27213ee3781c0f432680a778ae3f275d0b73325b,2026-02-10T00:38:29+00:00,2026-02-10T00:38:29+00:00,1,0,0,31.3,0,30.6114,1
0x2724e11acddb165172b0256f0993fc22d84d6d08,2026-05-09T16:37:02+00:00,2026-05-09T16:37:02+00:00,1,142.857142,0,0,0,0.999998994000006,1
0x272d074b87471bd51888a1668caefc8991459536,2026-06-17T17:19:41+00:00,2026-06-17T17:19:41+00:00,1,15000.0,0,0,0,15.0000,1
0x273890a13b2ed48253d47adcfaf3fdfb99deb9d1,2026-06-02T02:30:58+00:00,2026-06-02T04:12:30+00:00,2,0,0,10.3216,10.32,20.5280720,2
0x273dea22661c4ed565c3c66f9999756069e21123,2026-05-14T14:41:03+00:00,2026-05-14T14:52:59+00:00,2,0,0,8.056285,8.05,15.9854910001662290,2
0x274e7d48f5b244731cb743b970e075a1f27701e9,2026-06-03T11:18:47+00:00,2026-06-03T11:18:47+00:00,1,228.333333,0,0,0,1.3699989933333348,1
0x275968642cf9d73f13f876220f0ba4883aed62a9,2026-05-27T06:06:37+00:00,2026-06-09T17:34:04+00:00,3,142.857142,142.85,0,0,1.999948994000006,3
0x27748d47b5fc0ed68e054762741fc09aeb1f24f0,2026-05-13T23:30:41+00:00,2026-05-13T23:50:34+00:00,2,0,0,9.0725,9.07,17.9882900,2
0x277bcc203e717dc1d2735e7c5bc1b572dc7d8095,2026-05-30T02:47:39+00:00,2026-05-30T03:35:15+00:00,2,0,0,10.7134,10.71,21.3055730,2
0x2781b8961260bc7a34c3a2f6b41dbc493e9473a7,2026-06-14T16:02:09+00:00,2026-06-14T16:28:54+00:00,2,1000.0,0,0,0,2.0000,2
0x279466470c50f22a755d51fd02b90b1979ba17f8,2026-06-12T14:38:00+00:00,2026-06-12T14:38:00+00:00,1,250.0,0,0,0,1.0000,1
0x279586b44e055dfe58bd21fff9d67a675043acd0,2026-05-19T19:51:06+00:00,2026-06-06T12:48:49+00:00,6,3611.61,3613.61,0,1.0,55.17715,6
0x27a17e021c45ce37580e5fa00c4b61094271936b,2026-04-23T14:24:04+00:00,2026-04-23T14:24:04+00:00,1,58.823528,0,0,0,0.9999999995294112,1
0x27a98212a5161d17a4a479da3d357919e45e6d55,2026-05-11T02:24:43+00:00,2026-05-11T03:50:48+00:00,2,0,0,106.2814,106.28,211.2860330,2
0x27abdfc9393c72a6330a3be987da4b46c726e521,2026-04-04T13:58:37+00:00,2026-06-12T16:48:27+00:00,866,0,0,85101.46,0,84347.455229999054,866
0x27b0a5d1ed5125b35a4156ddd90d8a774214ed47,2026-06-15T08:02:46+00:00,2026-06-17T05:15:44+00:00,2,0,0,5.595,5.59,11.173815,2
0x27b8bd3d5adf760b48f78bed6c193ce053aaa60f,2026-05-13T12:38:22+00:00,2026-05-13T23:41:35+00:00,2,0,0,96.07,96.07,190.60288,2
0x27bf71d8b5abc8cf97da465c94355aa26f92f9d3,2026-03-13T01:28:45+00:00,2026-03-16T02:50:59+00:00,2,0,0,5.0,5.0,9.6250,2
0x27d69f68cd72beccf201f376cb47410557276013,2026-05-27T03:02:10+00:00,2026-05-27T03:02:10+00:00,1,0,0,12.716166,0,12.6398690001851502,1
0x27d6dde6380ae49afc810524b7ba1f4d81aa0f96,2026-06-13T17:05:52+00:00,2026-06-15T11:20:27+00:00,2,0,0,100.0,100.0,199.6000,2
0x27ea4538cdf1db27877fb7de0274bf9fc9725627,2026-05-28T17:20:33+00:00,2026-05-28T17:20:33+00:00,1,833.333333,0,0,0,4.9999989980000004,1
0x27edee33666ee987a00bf4698855e614a7be504e,2026-06-13T00:44:46+00:00,2026-06-15T13:45:51+00:00,2,40000.0,0,0,0,60.0000,2
0x27f12ccbe605b1baf72178bd607cbc3cbb5347f8,2026-06-07T19:15:13+00:00,2026-06-07T19:15:13+00:00,1,0,0,1.032,0,1.029936,1
0x27fac5500eedd5dff5ec008f1ac733bbc54cf3a8,2026-05-26T09:49:37+00:00,2026-05-30T18:02:05+00:00,2,0,0,145.875166,145.87,289.994695004,2
0x27fb2659aa1e96fe922fd457820255adeea0171b,2026-03-21T02:51:01+00:00,2026-06-02T10:33:30+00:00,2,20.197,20.19,0,0,1.1009499998486,2
0x27fd9c359e99f6f618eb5426b6bc4d9277415464,2026-06-12T08:29:37+00:00,2026-06-12T08:29:37+00:00,1,250.0,0,0,0,1.0000,1
0x27fff08fb448430ac994de218eb4ad59f5940eba,2026-05-31T09:59:41+00:00,2026-05-31T09:59:48+00:00,2,0,0,5.025,5.02,9.989755,2
0x28024b3ce73fed4a6ea83150e47f5f97b54e7e81,2026-05-14T03:52:15+00:00,2026-05-14T07:04:13+00:00,2,0,0,175.619285,175.61,348.595070005,2
0x280257a0fb2d50840f1d3b42244bb2ab7aad6f1e,2026-03-16T17:50:45+00:00,2026-03-16T17:50:45+00:00,1,312.5,0,0,0,10.0000,1
0x28093b5cc0d6ac886ff006b942ac6df965f4a3aa,2026-06-17T04:00:04+00:00,2026-06-17T04:00:04+00:00,1,0,0,6.816,0,6.809184,1
0x28098711cbf8701330ed3cce0044239bbff8ff9f,2026-04-03T22:26:11+00:00,2026-04-03T22:26:11+00:00,1,312.5,0,0,0,10.0000,1
0x280e6cbe24d8dfd0cfba0c2b6cd1fa8348cf8b52,2026-06-13T13:29:21+00:00,2026-06-13T13:29:21+00:00,1,333.333333,0,0,0,0.999998999000001,1
0x280efb63f6c7dc82af88b0a7a975b25b76bb39aa,2026-05-08T04:11:44+00:00,2026-05-26T04:14:30+00:00,8,0,0,100.0,75.0,173.6200,8
0x28287f550111ffb857794576f3599ef5b8763943,2026-05-31T08:52:17+00:00,2026-05-31T21:44:34+00:00,4,0,0,104.12,104.12,206.99056,4
0x283143025eea8a9d415a78d889e02be3f9336c23,2026-05-09T16:33:49+00:00,2026-05-09T16:51:02+00:00,3,0,0,52.645833,52.636397,104.6505360020022245,3
0x28568d685afd9eae8fb4e6a1c56bee2ffaa33929,2026-05-10T13:51:47+00:00,2026-05-10T13:51:47+00:00,1,1666.666666,0,0,0,9.9999989960000004,1
0x285b03e2b632628a43498147ebaefa78532d7e71,2026-05-15T03:34:56+00:00,2026-05-19T20:52:26+00:00,3,1281.25,0,0,0,10.25000,3
0x285e6a6d7f4f8b5f64fb23ac351a0b41844af38c,2026-05-16T21:25:48+00:00,2026-05-22T21:52:55+00:00,2,2842.857142,2842.85,0,0,44.268590089090,2
0x2863670e78a38ca274fcab7a699cca03c829b378,2026-05-27T05:29:03+00:00,2026-05-27T13:02:25+00:00,2,0,0,10.965666,10.96,21.7831519996137336,2
0x28701d65be3306f87529fa778312c0d4433170d0,2026-05-14T10:54:03+00:00,2026-05-14T11:09:22+00:00,2,0,0,6.042285,6.04,11.9916690001661720,2
0x288d225ea01401bb853158ad5fd4bf0d5ce85da3,2026-01-30T15:49:14+00:00,2026-01-30T15:49:14+00:00,1,34.965517,0,0,0,0.9999999992966469,1
0x28905f51f3f18e209af5652ff4ce87a8b05f06d6,2026-05-16T18:03:41+00:00,2026-05-17T04:39:29+00:00,2,0,0,58.71,58.71,116.59806,2
0x28969fd8d51c67f10e5ac3b7361fc171152fb472,2026-04-10T21:24:49+00:00,2026-04-16T18:06:12+00:00,3,300.0,300.0,0,0,13.3500,3
0x2897f1c47d02ab17f3fa1cecd897f868da27a659,2026-05-12T02:30:54+00:00,2026-05-17T09:31:42+00:00,4,0,0,2802.42,2802.42,5565.54696,4
0x28b9054040ebddeaee5c3722b409966b6080396a,2026-05-07T06:16:15+00:00,2026-05-07T06:16:15+00:00,1,6873.431818,0,0,0,69.6500002035098690,1
0x28b91257f3ef6800ee913df93040483de26c70cc,2026-03-03T18:15:29+00:00,2026-05-22T23:01:59+00:00,2,0,0,5.0,5.0,9.7400,2
0x28bf066c6cb952da62d6d182c16ad173ada64a4e,2026-04-30T02:19:52+00:00,2026-05-23T10:38:18+00:00,35,0,34.65,808.0,0,801.55797,35
0x28cf12bac92a5c601660fe8c8e42d9021a78e664,2026-06-16T15:54:23+00:00,2026-06-16T15:54:23+00:00,1,500.0,0,0,0,1.0000,1
0x28e054d1818f66231188578487799831f77d2383,2026-05-27T16:06:15+00:00,2026-06-01T21:11:00+00:00,8,0,0,18.0,17.99,35.78605,8
0x28f068298c6aacd867d12d29a1e7f02998f899d1,2026-05-11T03:07:46+00:00,2026-05-11T13:24:53+00:00,2,0,0,275.45,275.45,547.31915,2
0x291234e02d96f28c9cc5193727f83dd888a5662e,2026-05-21T21:55:44+00:00,2026-06-01T10:33:13+00:00,2,90.909089,90.9,0,0,1.4544989971818388,2
0x29152465d2babe7a53f0c5068da0bd9130ed0f67,2026-06-10T21:19:58+00:00,2026-06-10T21:19:58+00:00,1,1250.0,0,0,0,5.0000,1
0x291db8424771b4d7b0f883bb28e3da0d2cb5a99a,2026-04-29T16:31:50+00:00,2026-04-29T16:56:38+00:00,2,0,0,430.0,430.0,846.6700,2
0x291e5e058f0102fd82c10cfe9e5563489d8bc065,2026-03-26T11:33:11+00:00,2026-03-26T11:34:51+00:00,3,0,0,1110.0,1110.0,2104.5600,3
0x2920a6a7134bb15e280ada620a9bbecac43c7a6a,2026-06-07T14:56:15+00:00,2026-06-07T14:57:19+00:00,2,19333.333333,0,0,0,57.9999989323333334,2
0x29211764005b7142f594d8a5c54a85c5453b8485,2026-06-14T10:57:46+00:00,2026-06-14T10:57:46+00:00,1,5270.0,0,0,0,10.5400,1
0x29313474cc4e8dd00406bd2dbd69a0d92e5d365b,2026-05-20T17:13:31+00:00,2026-05-20T17:13:31+00:00,1,12500.0,0,0,0,100.0000,1
0x293d7097462a089e11ced9437c11b04d4ce62737,2026-04-29T18:30:04+00:00,2026-06-10T09:17:03+00:00,23,0,0,279.17,279.17,552.37406,22
0x293ea7935e288f221d72004f8dc12f52f9f360bb,2026-06-04T05:26:01+00:00,2026-06-04T07:08:37+00:00,2,0,0,11.787,11.78,23.460952,2
0x29412927729808cac3d26c2525c98aa9fde8dad2,2026-03-26T15:49:51+00:00,2026-03-26T15:49:51+00:00,1,95.678489,0,0,0,4.9999989992804111,1
0x294337effc6c61339813e04a243d0af9c8c6295b,2026-06-11T16:24:01+00:00,2026-06-17T04:15:32+00:00,2,2980.0,0,0,0,9.4600,2
0x2945692ff1e73ab69d6aff1c4307ebfe39e826ed,2026-04-28T01:58:08+00:00,2026-04-29T12:12:28+00:00,2,129.166665,0,0,0,1.9999990016666910,2
0x295330ae0995b4e6511ff91dd47fd8c2b1d52aa3,2026-05-09T17:55:31+00:00,2026-05-09T22:43:53+00:00,2,0,0,128.4,128.4,255.0024,2
0x29571928c158db53a86452dcabf4513f344397f3,2026-06-08T05:39:30+00:00,2026-06-08T05:39:30+00:00,1,0,0,5.01,0,4.99998,1
0x2974d2abcd4e87627484f6b99048cbbe8a1ed7cd,2026-06-14T03:01:07+00:00,2026-06-14T03:01:07+00:00,1,0,0,25.195,0,25.169805,1
0x2977a92b98ac2713b952dd51c0e031e6adab4eb0,2026-04-28T14:56:30+00:00,2026-04-28T17:33:20+00:00,5,0,0,558.82,558.82,1097.64000,5
0x2985ea9a5acf0d4b4136bb4dba3740c0ae34c019,2026-04-13T15:31:23+00:00,2026-04-15T06:44:54+00:00,2,0,0,25.0,25.0,48.7000,2
0x298cf72b1e5486ccd2854fd0f5bd043d726d9e25,2026-05-11T03:07:46+00:00,2026-05-11T15:57:22+00:00,2,0,0,58.95,58.95,117.07470,2
0x298d0882081a3478f36e2b53efe2d4a533d3e177,2026-06-09T11:25:12+00:00,2026-06-09T11:25:12+00:00,1,333.333333,0,0,0,0.999998999000001,1
0x298dfa2d15b4125495101dced0aba857440380fd,2026-05-27T20:14:31+00:00,2026-05-27T20:14:31+00:00,1,0,0,13.0885,0,13.0099690,1
0x298ed7149a72a28156b2d8a80ccb2d30f7427fb0,2026-05-20T18:49:53+00:00,2026-05-20T18:49:53+00:00,1,1250.0,0,0,0,10.0000,1
0x2992b8a5a625dc9c405d78f05dd7ea294f3a301f,2026-02-11T21:32:15+00:00,2026-02-11T21:32:15+00:00,1,41.666665,0,0,0,0.999999001666705,1
0x29a4efd0055cd0f269ea0fba1e124225770be001,2026-04-18T18:37:08+00:00,2026-04-19T07:47:00+00:00,17,0,0,48.877673,48.87,95.7347220003748152,17
0x29b0a24ba068de2ab61cd9c4461482b465b60eaf,2026-06-10T18:09:18+00:00,2026-06-10T18:09:18+00:00,1,0,0,1.003,0,0.999991,1
0x29b32e84ee02cc69c00c2a4bde9d03f658058553,2026-06-03T06:41:07+00:00,2026-06-03T07:37:45+00:00,2,0,0,12.4422,12.44,24.7453490,2
0x29b68c91a1249f1a262032e6daaad552a051e710,2026-06-07T00:22:21+00:00,2026-06-07T00:22:21+00:00,1,250.0,0,0,0,1.0000,1
0x29ba45c185e5dc19885256ebfe80557427e11223,2026-06-07T19:07:06+00:00,2026-06-07T19:07:06+00:00,1,0,0,1.002,0,0.999996,1
0x29bb63e47e964d54263e973cba7659ee5e5145b5,2026-05-13T12:38:22+00:00,2026-05-14T01:52:13+00:00,2,0,0,81.77,81.77,162.23168,2
0x29c3d7beaca2d8389006650bf8db0e6d14fc68f2,2026-05-11T03:07:46+00:00,2026-05-11T14:55:48+00:00,2,0,0,111.67,111.67,221.88829,2
0x29d29897bbcb1b5e4a08069c103bf7b5d18622f9,2026-06-09T06:07:48+00:00,2026-06-09T06:07:48+00:00,1,0,0,1.042,0,1.039916,1
0x29dd956e6c62096d3f55ab85ec5f0af74a1613d8,2026-03-08T22:18:03+00:00,2026-03-08T22:28:01+00:00,3,0,0,827.0,827.0,1564.6840,3
0x29e0b205bd64877081f49d8ecc8897867bcdbb97,2026-05-17T07:07:22+00:00,2026-06-07T06:19:37+00:00,3,3928.571428,0,0,0,19.9999979960000008,3
0x2a1951c5f517398bdfbaca2e849f7ac6684aa5ab,2026-04-29T13:29:02+00:00,2026-05-25T06:36:15+00:00,24,0,0,5.065933,5.06,9.980913999934067,24
0x2a1b4a4f7a0eaa5bb3d5cc8b2e1464a91756edd2,2026-06-14T13:56:27+00:00,2026-06-15T11:20:27+00:00,2,0,0,7.007,7.0,13.992993,2
0x2a25f7cbf3fc823e315c31602d2eccab85788055,2026-04-06T05:01:07+00:00,2026-04-20T05:34:08+00:00,29,0,578.76,99.93,0,111.95615,29
0x2a2baaff399b720852f779267a090808dba23ae3,2026-05-01T02:05:10+00:00,2026-05-02T02:00:46+00:00,2,0,0,667.0,667.0,1321.3270,2
0x2a38515d2d2d2e1bd90576f427e76bd472f74e78,2026-06-16T05:54:15+00:00,2026-06-16T05:54:15+00:00,1,411.0,0,0,0,0.8220,1
0x2a4028cb08549e70205d249c3770891f8255a55b,2026-04-10T12:51:57+00:00,2026-04-10T12:51:57+00:00,1,217.391304,0,0,0,4.999999992,1
0x2a51cedba50d897bc8b36343e1c678bac23b454e,2026-05-26T16:30:48+00:00,2026-05-26T16:30:48+00:00,1,0,0,15.120666,0,15.0299419994638002,1
0x2a5e8affb47a89a7814ce94291aa2c06a1727008,2026-05-04T01:19:22+00:00,2026-05-04T01:19:22+00:00,1,0,0,5.085909,0,5.0299639999828182,1
0x2a7827f1c2887b5b8e8ddcef7f05f579479670dc,2026-05-01T08:26:48+00:00,2026-05-01T08:26:48+00:00,1,454.545454,0,0,0,4.9999989940000012,1
0x2a8b77177c1bd8a26e00d98d1fb6bb35a2ab4484,2026-05-11T15:18:50+00:00,2026-05-11T15:18:50+00:00,1,857.142857,0,0,0,5.9999989704285716,1
0x2aae07fd1388d00b5a4d425fdfc6ea13e9a5a80c,2026-05-01T02:46:18+00:00,2026-05-16T00:02:00+00:00,6,0,0,1000.0,1000.0,1981.1450,6
0x2ab3f6f8661ea183c406fadae65092efea59ab4c,2026-05-16T18:01:17+00:00,2026-05-17T05:09:26+00:00,2,0,0,81.57,81.57,161.99802,2
0x2ab6d3630fd15e0c3bcf693d2a12e304856385e2,2026-05-11T03:07:46+00:00,2026-05-11T17:11:34+00:00,2,0,0,96.88,96.88,192.40368,2
0x2abd9603648398f639e12ba4a704203ebdd5f959,2026-05-15T03:30:07+00:00,2026-05-15T03:30:07+00:00,1,11472.5,0,0,0,91.7800,1
0x2ac2b20b584752e8589f5c8c1547955215e19a73,2026-05-14T09:21:39+00:00,2026-05-14T09:21:39+00:00,1,0,0,118.0,0,117.1740,1
0x2accf659831fc5b1370c8fc03fbbd0b000d3cfed,2026-05-06T23:28:32+00:00,2026-05-21T23:00:58+00:00,4,1249.998555,1249.99,0,0,23.7498870021188555,4
0x2ae10a140868fdfe4845475f4fa95f713cfee985,2026-06-12T02:29:00+00:00,2026-06-12T06:33:10+00:00,2,0,0,660.51,660.51,1316.39643,2
0x2ae222a67ff03095666370603c36c61066b75812,2026-06-16T06:39:46+00:00,2026-06-16T06:39:46+00:00,1,0,0,73.0,0,72.9270,1
0x2aea9fefcf9fdd44d6d15fc89a3220fe0e9a68de,2026-05-13T19:54:58+00:00,2026-05-13T20:06:45+00:00,2,0,0,6.048375,6.04,11.979588000,2
0x2af353d1aa15e91553b0c2b9b2441f4313637246,2026-03-27T06:03:09+00:00,2026-04-05T04:38:57+00:00,2,16.666665,16.66,0,0,1.449819000000090,2
0x2af4744971ccfc02e5738566ac622c23a60ba1ff,2026-05-27T22:18:41+00:00,2026-05-27T22:18:41+00:00,1,0,0,9.979833,0,9.9199540000040334,1
0x2afd0dfad042ef302aad5d4480602d1a9250deb4,2026-03-30T21:23:43+00:00,2026-03-30T21:24:55+00:00,2,0,0,6.42,6.4,11.93526,2
0x2b0879f4781829de2ddb656f9d6cc4585228c326,2026-06-16T19:59:23+00:00,2026-06-16T19:59:23+00:00,1,0,0,1.031,0,1.029969,1
0x2b0b294b6c8c70607795c487c5d48ca318a09219,2026-06-16T23:15:52+00:00,2026-06-16T23:15:52+00:00,1,0,0,51.0,0,50.9490,1
0x2b0ed9bf247a907f09ac3bd6e19fb5100f5da9bd,2026-02-13T13:52:45+00:00,2026-02-13T13:52:45+00:00,1,41.666665,0,0,0,0.999999001666705,1
0x2b12b143487415ff1bec6276932b99f67fd8df54,2026-05-13T04:40:11+00:00,2026-05-13T04:44:59+00:00,3,1370.0,1370.00,0,0,19.18000,3
0x2b47196c8949deb7f9a5bfcba58ed93114a3ccda,2026-05-13T04:40:18+00:00,2026-05-13T05:02:29+00:00,2,1370.0,1370.0,0,0,19.1800,2
0x2b5920274740ca61745eeb077587bf5bb4ff9db6,2026-04-29T06:31:50+00:00,2026-06-17T18:00:41+00:00,284,0,0,42703.37,0,42300.99482,284
0x2b6811a93190afe34bf1439be3c958564e08e7d5,2026-06-14T19:51:00+00:00,2026-06-15T04:03:06+00:00,2,0,0,14.014,14.01,27.981966,2
0x2b7992f7d2084b1879ebf9baaacbe24c175ad7a4,2026-06-08T20:34:43+00:00,2026-06-09T02:54:39+00:00,2,0,0,19.038,19.03,37.972834,2
0x2b7d790cebea3744a67b86786899c3f6499f636c,2026-06-12T17:53:42+00:00,2026-06-12T17:53:42+00:00,1,0,0,1.053,0,1.049841,1
0x2b7e5760bb2817f60cc68987f104f6ab43692cee,2026-05-27T11:38:35+00:00,2026-05-27T15:03:06+00:00,2,0,0,222.0,222.0,440.8920,2
0x2b8a807b746e4d24fa3d14d0f7674286bc0619e8,2026-05-16T18:03:41+00:00,2026-05-17T08:05:26+00:00,2,0,0,297.28,297.28,590.39808,2
0x2b8ec9e06e9d527fb54f9b99530ff2f4a4a277a6,2026-06-14T08:09:51+00:00,2026-06-14T08:09:51+00:00,1,0,0,1.001,0,0.999999,1
0x2b90f23787f83af00cfc4c577a7bcd6aed2d0b2b,2026-06-01T12:16:51+00:00,2026-06-01T12:22:02+00:00,2,0,0,104.8642,104.86,208.5707190,2
0x2b9667a2fa89cdb35093b641b98fb622463eee16,2026-03-07T16:00:51+00:00,2026-03-13T06:45:05+00:00,3,0,0,21.413272,21.41,40.9389760008908016,3
0x2b9a89fe36d169dfad52bcdf6090a9e56fe2e2b9,2026-05-27T13:11:17+00:00,2026-05-28T00:28:12+00:00,2,0,0,114.19,114.19,226.78134,2
0x2bc69cdefcb9d86143907a58aa6175d1bb152472,2026-05-17T23:57:47+00:00,2026-05-18T13:31:49+00:00,2,0,0,85.18,85.18,168.99712,2
0x2bc901c96def875b5508e6f9ef8082404663d4ed,2026-06-11T09:46:01+00:00,2026-06-11T09:46:01+00:00,1,0,0,1.043,0,1.039871,1
0x2bd05d56c530ddb90b51a29664e5f4a0ba3fa501,2026-06-14T15:09:43+00:00,2026-06-14T15:09:43+00:00,1,0,0,2.032,0,2.029968,1
0x2be004d6d3ee2be9e2310f380778745ece1d68ad,2026-04-09T15:07:07+00:00,2026-04-09T15:07:07+00:00,1,200.0,0,0,0,5.4000,1
0x2be44ca11d428bf536af6e992f31446e726c7f8e,2026-06-16T03:15:09+00:00,2026-06-16T03:15:09+00:00,1,0,0,62.562,0,62.499438,1
0x2bea18413369d2de928c41223fda6b9f58cf2aed,2026-04-29T15:48:46+00:00,2026-06-17T05:13:20+00:00,73,0,0,2497.883332,2497.877076,4943.6332609993677392,67
0x2bea6092d618f9511ffb14e2ea231eb940b35625,2026-05-25T19:25:14+00:00,2026-05-25T19:26:35+00:00,2,857.142856,0,0,0,5.9999979920000064,2
0x2bf23dd221e3a14a8963e621319687d0d06ef7f1,2026-06-15T01:09:31+00:00,2026-06-15T05:50:43+00:00,2,0,0,14.014,14.01,27.981966,2
0x2bf7bbaf6e5ea490a26ffba837078c636699f162,2026-06-02T17:19:18+00:00,2026-06-02T17:19:18+00:00,1,0,0,1.0552,0,1.0499240,1
0x2c022eac5685fd9b5a93d27e7fc883f1942c9588,2026-05-26T12:18:20+00:00,2026-05-26T12:18:20+00:00,1,142.857142,0,0,0,0.999998994000006,1
0x2c0708c0feb765ec403c63378ada61ed70bdc79d,2026-06-16T19:46:49+00:00,2026-06-17T10:59:16+00:00,2,0,0,50.2,50.2,100.2494,2
0x2c0c08e2e98af37c7dec1ee50bb1ccb2a24737ad,2026-05-26T10:43:07+00:00,2026-05-28T00:27:13+00:00,2,0,0,72.494833,72.49,144.042434002,2
0x2c27b150af3b40fd01359628c4d14fe9d2bc92d0,2026-06-10T17:55:21+00:00,2026-06-10T17:55:21+00:00,1,0,0,1.003,0,0.999991,1
0x2c2fe0ca3d18f7bc01709deecf661102432bd897,2026-05-16T18:03:41+00:00,2026-05-17T07:49:55+00:00,2,0,0,90.03,90.03,178.79958,2
0x2c405bd954e2264b3276a896db53dc8e6d731614,2026-05-17T12:13:38+00:00,2026-05-18T01:53:08+00:00,2,0,0,108.96,108.96,216.39456,2
0x2c5dbfc86bcf896e868832ab0088067bfdf546b9,2026-04-16T00:29:56+00:00,2026-04-16T03:57:10+00:00,2,0,0,17.59,17.59,34.44122,2
0x2c62db323ce36385fa3f6ebdfb67fa762034726b,2026-03-04T13:55:35+00:00,2026-03-04T13:55:35+00:00,1,0,0,1.12765,0,1.0599910,1
0x2c743b52e9d518af9a1340a1660ccdd987606173,2026-05-26T08:10:39+00:00,2026-05-26T08:10:39+00:00,1,0,1.7,0,0,0.0102,1
0x2c7838acef26efee3354581f602934a6cfe3adf3,2026-05-13T11:14:04+00:00,2026-05-18T21:51:13+00:00,51,0,0,23.956910,23.95,47.5675489999614796,51
0x2c999b52c204b94c324a2d7eac85f89e4cbd0846,2026-06-13T00:27:57+00:00,2026-06-13T16:42:46+00:00,2,0,0,99.29,99.29,197.98426,2
0x2cc133f81a8ba9aca82341153dc71b09cb203e21,2026-06-09T17:20:57+00:00,2026-06-09T17:20:57+00:00,1,20.0,0,0,0,0.1200,1
0x2cc798c8eef1fae6266c5cda2bf2b607c5372385,2026-05-03T09:04:42+00:00,2026-05-03T09:04:42+00:00,1,0,0,10.0,0,9.9200,1
0x2cdfad457b9aa79cbcafeac0c833188189cb0a78,2026-05-09T16:51:02+00:00,2026-05-09T20:08:13+00:00,2,0,0,72.5948,72.59,144.26171600343184,2
0x2ce4bfec67a1b9a4497f83afc7d3883ab9ecbb54,2026-06-03T20:10:27+00:00,2026-06-05T20:16:58+00:00,3,4166.666666,4166.66,0,0,37.4999789960000004,3
0x2ced7e1fa9b670fc002b2554b2ca535e461b510b,2026-05-11T06:50:52+00:00,2026-05-11T07:38:46+00:00,2,0,0,74.7685,74.76,148.5565690,2
0x2d023ff69209d624019bf8900c815fcaeb631cf8,2026-06-11T18:33:21+00:00,2026-06-11T18:33:21+00:00,1,0,0,2.437,0,2.429689,1
0x2d0ad362313d552ea789218740e7d509a71ea3b9,2026-05-05T00:19:52+00:00,2026-05-05T00:19:52+00:00,1,909.090909,0,0,0,9.9999989990000001,1
0x2d17cab273edc35a156efd1394528dac5c1b9e0a,2026-06-16T06:03:00+00:00,2026-06-17T08:21:34+00:00,240,0,0,19224.205,19224.20,38390.732395,240
0x2d1a65179f2668b0c1a5f0836ca190a649575c0b,2026-04-25T03:57:30+00:00,2026-04-25T03:57:30+00:00,1,555.555554,0,0,0,9.9999990275555582,1
0x2d1b894074fa4c26f5afc0b8b7405a35c758f055,2026-04-06T18:27:59+00:00,2026-04-16T03:57:10+00:00,9,10011.228447,10011.22,0,0,360.7374478973735278,9
0x2d274e6bffb78ab4b64fc1e00a59ee47b5e68cc0,2026-04-18T04:30:42+00:00,2026-04-18T12:18:26+00:00,2,0,0,336.1,0,330.8063,2
0x2d276de448d1d2e5ff49b7b551c64819557c7706,2026-02-07T05:44:59+00:00,2026-02-08T04:59:43+00:00,10,172.101442,172.10,0,0,7.827856003101611,10
0x2d362701d6d5b40fc4461ea6f9a2b9846f2e576e,2026-06-04T08:28:21+00:00,2026-06-04T08:28:21+00:00,1,0,0,50.0,0,49.8000,1
0x2d477c66e77e5eb48b2d8ae53caae4f24e7e222e,2026-05-03T19:15:04+00:00,2026-05-27T02:44:50+00:00,2,1690.476189,0,0,0,15.9999989544285716,2
0x2d5b6d7073d30ea605882076421b6efd434a8f5a,2026-06-01T15:21:14+00:00,2026-06-09T16:22:15+00:00,2,0,0,27.1356,27.13,53.9671420,2
0x2d6c333c875b887a1b5ba26f2b7142fdd50447a9,2026-06-15T04:30:40+00:00,2026-06-15T04:30:40+00:00,1,0,0,13.013,0,12.999987,1
0x2d74177de2c5381767a811e7513f0b2c37733458,2026-04-25T00:51:24+00:00,2026-04-25T00:51:24+00:00,1,111.11111,0,0,0,2.000000002222222,1
0x2d78d550c9da525df9ce6f8a0e1a857943aaebd2,2026-06-17T13:28:04+00:00,2026-06-17T13:28:04+00:00,1,0,0,100.1,0,99.9999,1
0x2d91e5976138ba5ac681d4edcdf6b91282ba0c89,2026-06-12T23:07:21+00:00,2026-06-12T23:07:21+00:00,1,3333.333333,0,0,0,9.9999989990000001,1
0x2d9c79bf1c1632885f91617c32616d4cc74f6689,2026-04-16T08:29:34+00:00,2026-04-16T08:29:34+00:00,1,43.041665,0,0,0,0.9999989986570355,1
0x2da8602604799e968dc89c032d3d94803962d121,2026-06-17T17:03:01+00:00,2026-06-17T17:03:01+00:00,1,20000.0,0,0,0,20.0000,1
0x2dada6827be62cb4dcca4d0761805b32de4a00cb,2026-04-20T13:34:28+00:00,2026-05-06T08:20:24+00:00,2,166.666665,0,0,0,1.9999979987778060,2
0x2db5b25008919e0274574fe431e62f5e75f1e4b7,2026-05-31T14:07:42+00:00,2026-05-31T15:59:24+00:00,2,0,0,42.804,42.8,85.133180,2
0x2dc090f0510346e46b0068dc50b3cfdae175991d,2026-06-13T11:28:07+00:00,2026-06-17T17:20:56+00:00,2,13333.333333,0,0,0,19.9999989990000001,2
0x2dd9478e3430deec30efce7122bb68baf2fb02da,2026-05-26T09:58:55+00:00,2026-05-26T09:58:55+00:00,1,0,0,21.871166,0,21.7399389996257668,1
0x2ddf1fb62d841a9f4a305f2c191366906ce2d8c4,2026-05-17T03:29:22+00:00,2026-05-17T05:18:57+00:00,2,0,0,1092.313833,1092.31,2170.423780002,2
0x2de2d98c57a3fa6ba4aeda3f8ba3f6c8de415175,2026-05-26T14:25:57+00:00,2026-05-26T14:25:57+00:00,1,0,0,14.295666,0,14.2098919997113002,1
0x2de4553df0307cb3267e67d50db9ad1645c5da40,2026-06-07T17:16:36+00:00,2026-06-07T17:16:36+00:00,1,0,0,1.022,0,1.019956,1
0x2de92ae2318eb96a5580b803f6fd31a5ac08db17,2026-04-29T22:12:12+00:00,2026-04-29T22:12:12+00:00,1,588.235293,0,0,0,9.999999981,1
0x2e0f3b0fbafb2c5322850ff388d3a4fb08da633e,2026-05-14T14:03:01+00:00,2026-05-14T14:19:14+00:00,2,0,0,7.049285,7.04,13.9836200000655005,2
0x2e1c89014b7e31ce1e053b1fbc6666fea5a03250,2026-05-03T09:04:42+00:00,2026-05-03T22:13:36+00:00,2,0,0,88.6,88.6,175.4280,2
0x2e20a85c9ada565dac0643974b6392b70a64e4b8,2026-06-09T08:46:22+00:00,2026-06-09T08:46:22+00:00,1,0,0,1365.62,0,1362.88876,1
0x2e2d86af48702956e9f74e697b64826b3b4dbf3c,2026-03-17T22:16:11+00:00,2026-03-17T22:16:11+00:00,1,54.054054,0,0,0,1.999999998,1
0x2e334943abb44460ed5abdea6521481ccf8bf49b,2026-03-13T01:01:17+00:00,2026-03-13T01:07:07+00:00,5,455.0,455.0,455.0,455.0,909.7650,5
0x2e3a93094a7897105533cebae59f252d04d5bb1d,2026-03-05T02:14:11+00:00,2026-03-05T02:14:11+00:00,1,0,0,5.21,0,4.99639,1
0x2e3f08d934c836d15cf44fe22f4fad4f0d89eeb7,2026-05-30T08:25:26+00:00,2026-05-30T09:40:15+00:00,2,0,0,25.216,25.21,50.148660,2
0x2e65a490a222f6b9f51e5899b2448684e153415a,2026-05-17T12:20:10+00:00,2026-05-18T00:55:09+00:00,2,0,0,109.56,109.56,217.58616,2
0x2e68845170af9dcf46c1e477d688205a90276898,2026-05-07T20:01:38+00:00,2026-05-08T12:41:20+00:00,2,0,0,72.653777,72.65,144.0686929997346223,2
0x2e72c799b9a56de3b09ae99d50cec7902797c55f,2026-04-29T21:27:28+00:00,2026-04-29T21:27:28+00:00,1,200.0,0,0,0,3.4000,1
0x2e7da0c8a8dd6813c1f7956f3d6d0d18afc3103e,2026-05-04T10:22:06+00:00,2026-05-04T10:22:06+00:00,1,0,0,1389.28209,0,1373.99998701,1
0x2eb8a91b4be2266c28ed87a150ddccd14d5a9dea,2026-06-16T11:44:21+00:00,2026-06-16T22:19:16+00:00,2,0,0,102.3,102.3,204.1908,2
0x2ebf9e0561e69f8c6b408928f10b4dfe2e821605,2026-03-27T16:07:37+00:00,2026-03-27T16:07:37+00:00,1,15.629229,0,0,0,0.9999989996819823,1
0x2ec0f4661cb7e324c2fd8866bb84b64c46b87c3e,2026-05-12T21:28:59+00:00,2026-05-12T21:28:59+00:00,1,0,0,4.633,0,4.609835,1
0x2eca9b6e41af9d62b802e499d9934798669cb43d,2026-06-14T20:39:55+00:00,2026-06-15T01:51:30+00:00,2,0,0,14.014,14.01,27.981966,2
0x2ed435a15262b371eee55011d62674e883391eae,2026-06-14T10:12:43+00:00,2026-06-14T10:12:43+00:00,1,0,0,56.656,0,56.599344,1
0x2ed5fdd789e4e7925f74a84c32d33b9a1e62e533,2026-03-11T12:29:23+00:00,2026-03-19T18:33:13+00:00,4,36.58,36.58,1.54,1.54,5.85586,4
0x2ed8f7a10686dbb0fb15f5c3335f30e0043793d4,2026-04-29T19:02:46+00:00,2026-06-15T18:23:13+00:00,3,2400.0,2400.0,0,0,40.8000,3
0x2eda3ba7b7d0ce1c0ed3c3d9957ab9610f1a6d2a,2026-05-12T15:51:14+00:00,2026-05-12T15:51:14+00:00,1,833.333333,0,0,0,4.9999989980000004,1
0x2edee0d47fb3ffccdc529d7599fe55920529733e,2026-06-13T03:25:30+00:00,2026-06-13T03:25:30+00:00,1,4476.666666,0,0,0,13.4299991026666668,1
0x2ee5ce26bd8f5e4aab88535103a13656f68e5f2a,2026-05-13T07:12:40+00:00,2026-05-13T07:18:28+00:00,3,1380.0,1380.00,0,0,19.32000,3
0x2eef3a18bc771827af0649a81aa54148a8e8eaca,2026-05-21T04:58:29+00:00,2026-05-29T19:38:49+00:00,2,119.99,119.99,0,0,1.67986,2
0x2ef4b33e0ec86fa136f9db61881779e06bcd1077,2026-06-09T09:52:13+00:00,2026-06-09T09:52:13+00:00,1,33333.333333,0,0,0,99.999999999,1
0x2ef6c8c04295ee76e7ee5f1c801b887a2f7cd052,2026-06-17T05:50:10+00:00,2026-06-17T17:59:13+00:00,2,0,0,81.86,81.86,163.31070,2
0x2f0797a5844cec1afd89c920dd6ee34cd4f1ad43,2026-05-27T19:53:48+00:00,2026-05-27T19:53:48+00:00,1,0,0,12.525,0,12.449850,1
0x2f09c29e0feeb62b2a304d94b03b7f4456aa1674,2026-05-20T04:21:17+00:00,2026-05-20T07:25:31+00:00,2,0,0,163.141857,163.14,323.834744001,2
0x2f0efbe346d9dd130ec54737fcb03944b46d7af1,2026-05-11T03:07:46+00:00,2026-05-11T15:11:57+00:00,2,0,0,93.25,93.25,185.28775,2
0x2f22303dff3fae69b4d027f18ca880ec413dd65c,2026-03-29T12:10:28+00:00,2026-03-29T12:11:20+00:00,3,0,0,1060.0,1060.00,2003.40000,3
0x2f294e355789ca903ae5b63ec3c3525d6dffc97f,2026-06-16T11:44:21+00:00,2026-06-16T23:28:25+00:00,2,0,0,268.23,268.23,535.38708,2
0x2f3a2f73a29d1a82f0b7ec209f20f5277c66f695,2026-05-27T13:11:17+00:00,2026-05-28T02:47:43+00:00,2,0,0,118.63,118.63,235.59918,2
0x2f3aca6eae818162ffe101a280f5533b5cb41475,2026-06-13T20:09:03+00:00,2026-06-15T11:20:27+00:00,2,0,0,12.024,12.02,24.007932,2
0x2f45248a9d36ff73754e68974560d36e8c1bab6a,2026-03-30T02:07:16+00:00,2026-04-03T03:09:13+00:00,3,47.7,47.7,0,0,4.8096,3
0x2f4695864f7873c68a02eb15d6bdd2823c9a6485,2026-05-18T12:07:53+00:00,2026-06-12T10:19:18+00:00,2,0,0,10.0,10.0,19.8800,2
0x2f4d732058323bcddf7f15feb3dad96a95acba04,2026-05-13T04:45:01+00:00,2026-05-13T05:37:28+00:00,3,1390.0,1390.00,0,0,19.46000,3
0x2f617e033635cf213b60bcabce12ebabdc7c0d4b,2026-06-17T15:25:22+00:00,2026-06-17T15:25:22+00:00,1,1000.0,0,0,0,1.0000,1
0x2f776bc4cfa7a484b84b0fd7108d54525190dd2a,2026-05-13T04:21:39+00:00,2026-05-13T04:34:31+00:00,3,1410.0,1410.00,0,0,19.74000,3
0x2f807fa1f4923154a2eb12e081c90adda03894b8,2026-04-09T19:23:29+00:00,2026-04-09T19:23:29+00:00,1,43.478259,0,0,0,0.999999000478302,1
0x2fa75511ce4002a783845361f6d0b8471dc5bb0f,2026-05-12T04:03:09+00:00,2026-05-12T04:03:09+00:00,1,625.0,0,0,0,5.0000,1
0x2fa801da750904fc348ccb9315a0b892377d4359,2026-04-05T16:42:15+00:00,2026-06-17T18:03:41+00:00,22,56.97,56.97,1.018328,1.01,2.1220479999716696,22
0x2fab075b5786e79d0afe54cd14f197801151d73c,2026-06-06T02:37:22+00:00,2026-06-16T00:43:10+00:00,5,58505.0,48505.0,0,0,262.5250,5
0x2fb091f9d0004b247ab308626219c5f7822b815a,2026-06-14T04:33:07+00:00,2026-06-14T04:33:07+00:00,1,0,0,20.02,0,19.99998,1
0x2fb1200d06810ee535949d8eaa414a5ead21fb84,2026-06-08T15:44:54+00:00,2026-06-15T18:53:13+00:00,2,100000.0,100000.0,0,0,400.0000,2
0x2fb88078ac5df63e039b774a28bc87c6d586d4a0,2026-06-11T00:05:21+00:00,2026-06-15T12:18:45+00:00,2,1250.0,0,0,0,2.0000,2
0x2fc46229b551c248635ff50edc1f005168a99619,2026-04-24T16:36:10+00:00,2026-04-24T16:36:10+00:00,1,55.555554,0,0,0,0.9999989997778050,1
0x2fd8c93a5ecf22c107c4398f34a9299859a2d2a3,2026-05-27T06:29:22+00:00,2026-05-27T06:29:22+00:00,1,0,0,14.245333,0,14.1598610005754667,1
0x2fdff6d9e6e2e97825a595936da1bc2b5be8b3f4,2026-05-12T16:33:08+00:00,2026-05-13T03:58:18+00:00,2,0,0,114.38,114.38,227.27306,2
0x2fe5af689c4d98b9a1547b32804c8bbe4bf7eaea,2026-06-13T06:05:45+00:00,2026-06-13T06:08:28+00:00,2,0,0,1214.4285,1214.42,2422.7763830,2
0x2fe727db6aaa00b13cbb6741f07044317b8142c1,2026-03-08T01:41:35+00:00,2026-04-20T17:17:42+00:00,96,471.176371,17.0,484.37,30.0,514.3530089997293194,96
0x2fef952f63f30468a65e6b2eda4d97fcfe3c0d03,2026-06-09T13:08:57+00:00,2026-06-10T15:06:10+00:00,2,0,0,86.84,86.84,172.98528,2
0x300f114665340840d82b2669a1a1f69d357d3beb,2026-06-12T10:55:33+00:00,2026-06-12T10:55:33+00:00,1,3750.0,0,0,0,15.0000,1
0x3013f231c4507e0b495e41d0fc7401ad4eb57b97,2026-05-21T07:01:36+00:00,2026-05-21T07:01:36+00:00,1,0,0,10.070492,0,9.9999980001088416,1
0x302e5f8ae7376d80ba1f1e9ebf2c9d122832c4d6,2026-05-11T03:07:46+00:00,2026-05-11T08:06:28+00:00,2,0,0,74.8,74.8,148.6276,2
0x3031566a01b358f136a36e9535378c596de92494,2026-05-17T23:57:47+00:00,2026-05-27T23:43:16+00:00,4,0,0,215.81,215.81,428.38274,4
0x306d3ed9903d5be760542848c017497616d0fd58,2026-05-24T16:59:48+00:00,2026-05-25T04:56:51+00:00,2,0,0,41.330625,41.33,81.999340000,2
0x3074e114dd3c1a00c57d716e445e91af2138bae5,2026-03-18T22:26:19+00:00,2026-03-18T22:26:19+00:00,1,36.206895,0,0,0,0.9999990005911740,1
0x3078db4a9737866b4d6529f655025b3a20f80389,2026-03-03T20:45:27+00:00,2026-03-04T04:22:47+00:00,5,76.00,75.99827,0,0,12.238299001067955,4
0x3079eaf79c56da221725043503dea3ce47e34181,2026-06-11T11:57:27+00:00,2026-06-11T11:57:27+00:00,1,0,0,1.003008,0,0.9999979999729152,1
0x308c5f6b7e6831a9b7dc75ecb82c3a31a59a201e,2026-06-05T03:05:21+00:00,2026-06-05T03:05:40+00:00,4,0,0,10.190,10.19,20.308670,4
0x309a48d135b414474a7cd26418a75334ba08d3fd,2026-03-29T15:47:42+00:00,2026-03-29T21:48:06+00:00,2,18.181817,16.66,0,0,1.9995990004546062,2
0x30a01ada80208ef17c0e60f1ce0af77d30bafe07,2026-05-27T15:42:37+00:00,2026-06-14T22:38:30+00:00,2,1428.571428,1428.57,0,0,11.4285689960000004,2
0x30a307f80dd851477c718c252ff8e1ded764d2f2,2026-05-31T07:53:41+00:00,2026-05-31T19:44:24+00:00,3,0,0,52.71,52.71,104.78748,3
0x30ad1c0fc4c0629a1cbdf8c53b969100fb0638a7,2026-05-19T02:17:20+00:00,2026-05-19T11:05:36+00:00,2,0,0,84.592144,84.59,167.9132780022719152,2
0x30afcd006316bb9caea314b01ea6a5942e0e06c2,2026-05-30T21:24:20+00:00,2026-05-31T07:24:26+00:00,2,0,0,10.0502,10.05,19.9896490,2
0x30b61c4cb7e5507de520548798ab5c02c17ddfd1,2026-04-16T00:29:56+00:00,2026-04-16T03:57:10+00:00,2,0,0,18.91,18.91,37.02578,2
0x30cc79b0acff35d82194aa81a2b067e026c352fc,2026-06-11T04:59:51+00:00,2026-06-12T02:14:00+00:00,2,0,0,1.795385,1.55,3.3337979999122805,2
0x30cecdf29f069563ea21b8ae94492e41e53a6b2b,2026-01-22T03:32:24+00:00,2026-04-07T23:28:41+00:00,6,0,1.78,63.62,0,62.11333,6
0x30d03c40e98bcc3913158d871b665e7038f7f464,2026-05-15T15:47:20+00:00,2026-06-04T23:39:25+00:00,80,0,0,3956.97,3956.97,7868.30250,80
0x30db678115c62aec632be8ca4e9c02cb2b501d08,2026-05-16T13:31:14+00:00,2026-05-17T00:22:32+00:00,2,0,0,102.71,102.71,203.98206,2
0x30e1bf6e277ad9dfb829e239aca7b5eb425aae34,2026-06-14T17:29:30+00:00,2026-06-15T00:29:24+00:00,2,0,0,25.025,25.02,49.969935,2
0x3106798d83ca2e5c522563496a6015f6526e8a34,2026-03-10T15:25:17+00:00,2026-03-10T15:31:27+00:00,2,0,0,19.89,19.89,38.14902,2
0x3113840c492c798b4d689ec5c28e8f70d2b8406a,2026-04-09T12:25:19+00:00,2026-04-09T12:27:23+00:00,2,0,0,5.0,5.0,9.7350,2
0x31174ca9c58c97f52e50cfa0dd86f796e2f06adb,2026-05-31T08:35:20+00:00,2026-05-31T08:35:27+00:00,2,0,0,76.3818,76.38,151.9216110,2
0x312e6e2635d5cb4fe89c580705684f7bd286d55a,2026-05-13T04:34:38+00:00,2026-05-13T04:44:54+00:00,3,1380.0,1380.00,0,0,19.32000,3
0x312f5aeb14e6c496f0dd6e185b3b62179287b91c,2026-04-18T15:44:46+00:00,2026-04-18T15:44:46+00:00,1,0,8.0,0,0,0.1200,1
0x313883cbefd63d6ab0012e660994560a9077f2c1,2026-06-11T21:43:00+00:00,2026-06-11T21:43:00+00:00,1,0,0,1.022043,0,1.0199979999869451,1
0x3160698513763074d4a05d1df582bda8143813ab,2026-06-10T19:10:19+00:00,2026-06-10T19:10:19+00:00,1,250.0,0,0,0,1.0000,1
0x31644149cc87bcbf70d987a0d94885902a7202ba,2026-06-17T12:50:10+00:00,2026-06-17T12:50:10+00:00,1,5000.0,0,0,0,10.0000,1
0x316dc8fe3f919fe193e8eff3a3f823f75546e600,2026-03-22T23:31:07+00:00,2026-03-22T23:31:07+00:00,1,18.867923,0,0,0,0.9999990001321499,1
0x31708991e0d6404924fb55e3798032ac3cd2924c,2026-05-16T05:56:32+00:00,2026-05-16T06:03:51+00:00,5,0,0,80.482664,80.48,159.9164079999034672,5
0x318f586b664c5ee960c19ba06ab3bd1cb088d375,2026-05-01T13:01:34+00:00,2026-05-01T13:01:34+00:00,1,272.727272,0,0,0,2.9999990101818208,1
0x319efd22551e070c63fc8b4962b578083465c80b,2026-02-28T01:21:11+00:00,2026-02-28T11:06:55+00:00,3,0,0,5.0,4.99952,9.813618000099768,3
0x31a4a3d90b9dde15878d58407c54d4feb68e9335,2026-06-05T16:43:54+00:00,2026-06-05T16:43:54+00:00,1,0,0,100.0,0,99.7000,1
0x31b575fb068cc90ce7d6bb0cc794f6cde1a2ab58,2026-05-17T12:20:10+00:00,2026-05-18T01:30:21+00:00,2,0,0,111.27,111.27,220.98222,2
0x31c4578b25af36f34c8aa4cc85f0794bfbea622f,2026-03-11T12:29:07+00:00,2026-03-30T08:29:14+00:00,5,26.829267,24.90,0,0,2.4046889999268749,5
0x31d97749f16214c64f231b41b4da03dde5d53a59,2026-06-16T07:08:16+00:00,2026-06-16T07:08:16+00:00,1,500.0,0,0,0,1.0000,1
0x31dcd18a033565f55d989cf32f2cc77bbd49f83a,2026-05-27T21:48:56+00:00,2026-05-27T21:48:56+00:00,1,0,0,3.36,0,3.33984,1
0x31eafd012e3a2d9b5898c034bf9406016babb40e,2026-06-08T01:18:01+00:00,2026-06-08T01:18:01+00:00,1,0,0,5.01,0,4.99998,1
0x31ef6c7b273aec094e20a10d6e5a15e1fb285aa0,2026-05-28T01:32:03+00:00,2026-05-28T01:32:03+00:00,1,0,0,10.563333,0,10.4999529998873334,1
0x31f732b9bc4f28dcd8c3bdc14e27d16fac888233,2026-04-29T14:13:38+00:00,2026-04-29T18:07:52+00:00,2,207.647057,207.64,0,0,7.6827989930588321,2
0x3208d6897ff9ed207a56aa5abecf7cfecaecefa9,2026-06-16T11:44:21+00:00,2026-06-16T22:24:34+00:00,2,0,0,57.81,57.81,115.38876,2
0x3208fe3a2dfda7b56c5cd17990fb4c124a6757a1,2026-01-31T19:59:54+00:00,2026-06-10T13:45:27+00:00,6,13052.236300,0,0,0,63.9999990930106984,6
0x32266e0d17651c61c61aba257c85e8374b03d8c2,2026-05-11T03:07:46+00:00,2026-05-11T14:01:03+00:00,2,0,0,82.79,82.79,164.50373,2
0x323043b83b5dc6ce8c073c8fce0e3cc3af53c24c,2026-03-29T12:17:38+00:00,2026-03-29T12:47:08+00:00,3,0,0,800.0,800.00,1512.00000,3
0x3244c314d66034be9fdb537e05ccf28cf3afb724,2026-05-26T02:47:26+00:00,2026-05-26T02:47:26+00:00,1,0,0,66.046166,0,65.6498889973953834,1
0x324c428c97f6aab6e3d9104fe69f2e652cd99f29,2026-06-15T01:14:27+00:00,2026-06-15T01:14:27+00:00,1,0,0,10.5,0,10.4895,1
0x325121892fa9a10350b3c429f0c5bf8e75672066,2026-05-28T00:41:57+00:00,2026-05-28T00:41:57+00:00,1,0,0,9.356,0,9.299864,1
0x3267d1ffadb48a19096533fd1eefab2f62255a6f,2026-05-19T17:27:30+00:00,2026-05-19T20:26:06+00:00,2,0,0,52.366428,52.36,103.9409829987633572,2
0x327e4001b7e5a674e7637d13ab7ee56f2111b498,2026-05-14T05:46:56+00:00,2026-05-14T07:56:34+00:00,2,0,0,297.955571,297.95,591.436282003,2
0x32934117b89e8c1db40862693709e115d7245a58,2026-05-17T02:16:41+00:00,2026-05-17T02:38:44+00:00,2,0,0,2.71,2.71,5.38477,2
0x329b75abcb1be15a80e2d3aa473253d37d89f523,2026-04-15T02:37:12+00:00,2026-04-16T03:57:10+00:00,2,0,0,89.97,89.97,175.62144,2
0x32b1f5ece2320c7bf25dd6ef9f9d3816090c9f42,2026-02-12T08:32:03+00:00,2026-03-18T07:33:09+00:00,2,41.666665,41.66,0,0,2.791379001666705,2
0x32c95253642b69562aea686567a572e579d7719b,2026-04-04T06:51:53+00:00,2026-04-05T10:45:55+00:00,2,147.058822,147.05,0,0,7.8140590060335392,2
0x32cfe5b02ddb631ed9778e30f06ceaf9b037eca6,2026-05-15T03:30:07+00:00,2026-05-15T03:30:07+00:00,1,0,0,5.11,0,5.06912,1
0x32d2cb9343fc69882d48161483db0b790a11270e,2026-04-30T09:01:20+00:00,2026-06-10T01:38:42+00:00,3,701.923075,0,0,0,4.9999989980769475,3
0x32dcf6e50c6d57f289785de480066758f45818e2,2026-05-26T04:57:08+00:00,2026-05-26T04:57:08+00:00,1,0,0,5.633666,0,5.5998640000564338,1
0x32de7a068b1f3dbbba7ad1050d96ffc040164b9b,2026-05-16T06:08:06+00:00,2026-05-16T11:38:29+00:00,2,0,0,69.416333,69.41,137.923965002,2
0x32eb03beba5bf1c36434129828f128f6e08c3942,2026-06-05T12:53:24+00:00,2026-06-05T12:53:43+00:00,4,0,0,10.190,10.19,20.308670,4
0x32ecc6cfdde1bfe342d3045d4c7438fac92efb7b,2026-06-14T05:52:01+00:00,2026-06-14T15:09:13+00:00,2,0,0,11.011,11.01,21.987969,2
0x32fa14ac54cfc26f5058ab2629f3faf44c1d07e7,2026-05-09T19:10:44+00:00,2026-05-09T19:10:44+00:00,1,0,0,3.561333,0,3.5399649998632002,1
0x33175349046ea26bbeb0a52189960d15d2df76b4,2026-05-18T12:50:00+00:00,2026-06-17T08:31:40+00:00,170,0,0,438.217609,438.17,871.7223229998155610,170
0x33184b11438a77e945e3bacaa87f3bed2b235e08,2026-06-09T12:14:36+00:00,2026-06-14T02:01:27+00:00,3,0,0,100.00,100.0,199.50000,3
0x332b441f707472043fcad6656edc098da796912a,2026-05-17T23:20:18+00:00,2026-05-18T10:37:14+00:00,2,0,0,118.44,118.44,234.98496,2
0x332b85e98132ca9d21cb030e768a81853add676c,2026-05-14T09:18:30+00:00,2026-05-14T09:19:10+00:00,3,1270.0,1270.00,0,0,20.32000,3
0x332ba8496bdee0b2a30384c1c5a40721554e3a29,2026-06-09T17:27:28+00:00,2026-06-16T16:57:05+00:00,2,285.714285,285.71,0,0,2.2857089950000025,2
0x3332fed4d60dd62b2912fd4123c149fafcd889b6,2026-03-11T12:32:03+00:00,2026-04-12T21:31:29+00:00,8,36.585364,33.95,4.155869,4.15,11.3087399984313806,8
0x33680ca8de9b45994415bb80e448969e8ec91875,2026-06-10T06:59:13+00:00,2026-06-10T06:59:13+00:00,1,142.857142,0,0,0,0.999999994,1
0x3376af22d333213cc84be18e9687d421ef5d3c7f,2026-01-28T04:31:53+00:00,2026-01-28T14:06:17+00:00,2,0,0,20.0,0,19.6700,2
0x3377fdf9039b5a8915e66a8a790d1725a0b867eb,2026-04-21T14:30:54+00:00,2026-04-21T14:44:50+00:00,2,0,0,6.8,6.8,13.3756,2
0x338debb0054502a74775e8a660d4a7b9cb0f2169,2026-04-02T06:43:19+00:00,2026-04-16T07:10:02+00:00,2,31.25,31.25,0,0,1.78125,2
0x33ab58e55895f39619815d31dfc92d90d65f9523,2026-06-17T18:03:41+00:00,2026-06-17T18:06:53+00:00,2,0,0,3554.90,0,3551.34510,2
0x33ac5b4b3a44e87e85303e7f03fe8f0f337f986f,2026-04-12T04:08:51+00:00,2026-04-12T04:08:51+00:00,1,37.037036,0,0,0,1.0000000016296288,1
0x33b69e8b608d35140379cae64e5deb872fe41bcc,2026-06-08T06:07:45+00:00,2026-06-08T06:07:45+00:00,1,1563.333333,0,0,0,4.6899990610000002,1
0x33bcaba99608fda68e8628a6d8d810f59d20afb9,2026-05-09T05:58:57+00:00,2026-05-09T05:58:57+00:00,1,1666.666666,0,0,0,9.9999989960000004,1
0x33caa8044658dac87acb729cf4eae2917078f810,2026-05-07T21:46:30+00:00,2026-05-07T21:46:30+00:00,1,181.81818,0,0,0,1.999999998181818,1
0x33e5d03dcf973aac7d977ba0f0e8209a7cd92ff2,2026-05-20T13:11:07+00:00,2026-05-24T15:54:17+00:00,2,0,0,805.639475,805.63,1597.5736980304884200,2
0x33ee75d19ba9772e1a3d21051c750e11380ef163,2026-05-14T04:03:16+00:00,2026-05-14T04:22:35+00:00,2,0,0,8.056285,8.05,15.9854910001662290,2
0x33f5766ffecc24cb5ac4f4d8c1e1d3df641397d0,2026-05-04T12:52:54+00:00,2026-05-12T13:05:44+00:00,7,1929.988999,0,0,0,16.0799229978337710,7
0x33f5e82e4dce5ac3ec23d43ef7ee54015c4ef0b7,2026-05-26T11:02:22+00:00,2026-05-26T11:02:22+00:00,1,0,0,5.342,0,5.309948,1
0x34016d0ca6f6e8fc86692bd0272b17d5f3c62282,2026-05-11T02:23:14+00:00,2026-05-11T04:00:22+00:00,2,0,0,58.231,58.23,115.762235,2
0x340509bd8aa47bd9bf7e6ef23b9ff52a343f4283,2026-05-16T21:25:48+00:00,2026-05-17T08:57:28+00:00,2,0,0,102.81,102.81,204.18066,2
0x34051f054430971713c1040fc214834fdec4cdc9,2026-05-17T00:48:31+00:00,2026-05-20T22:33:06+00:00,2,0,0,57.344,57.34,113.823876,2
0x340aa4680084c31f83dd6d1047416b3627d09592,2026-05-31T07:55:40+00:00,2026-05-31T21:05:06+00:00,3,0,0,80.28,80.28,159.59664,3
0x3422dbb430620ffa3174c8fbb52e2157130968b6,2026-06-17T17:45:38+00:00,2026-06-17T17:45:38+00:00,1,0,0,1.341,0,1.339659,1
0x3424b8366dd4b250452a262798f3e79bb55c14a0,2026-06-02T03:22:06+00:00,2026-06-02T04:35:32+00:00,2,0,0,12.422,12.42,24.705370,2
0x342ecf6685960a6937cf09226a8c4443b3400ce7,2026-06-17T06:19:53+00:00,2026-06-17T06:19:53+00:00,1,5000.0,0,0,0,10.0000,1
0x343d093e860d8a47442bf88f5e43d12469635d89,2026-03-30T21:24:03+00:00,2026-04-15T16:00:58+00:00,2,0,0,3.188096,3.18,6.0973179999746816,2
0x3441e25e1a41caa29d7fa88ccca656a405800e05,2026-05-16T18:03:41+00:00,2026-05-17T07:49:37+00:00,2,0,0,98.99,98.99,196.59414,2
0x3442aed7a5634e631d1d2a9791fa84b645439504,2026-05-18T20:07:32+00:00,2026-05-19T01:32:56+00:00,2,0,0,216.0,216.0,428.5440,2
0x344527e6c83e82c32cc11fa6689c1a4b77c3740b,2026-06-16T02:32:22+00:00,2026-06-16T02:32:22+00:00,1,0,0,2.212,0,2.209788,1
0x3454b0177a53a7e0e7ddf1032033bbf068f479e3,2026-05-31T09:29:58+00:00,2026-05-31T20:32:38+00:00,2,0,0,52.21,52.21,103.79348,2
0x3458ae6606828ed4d9666573e1585d9419efb5a7,2026-05-05T02:39:00+00:00,2026-05-05T02:39:00+00:00,1,909.090909,0,0,0,9.9999989990000001,1
0x3470a6ce09ff54c481f468c4fd435e869c6b751b,2026-06-16T15:09:53+00:00,2026-06-16T15:09:53+00:00,1,0,0,178.688,0,178.509312,1
0x347214d9b17ea322a570f846346c6fae8a21bc66,2026-04-14T21:12:56+00:00,2026-06-17T11:50:56+00:00,4,1044.430393,0,0,0,11.9999989990265459,4
0x3476bc017e15d84121ed84f446bc34de13f98b53,2026-05-16T05:56:56+00:00,2026-05-16T06:11:10+00:00,2,0,0,5.030166,5.03,9.9947749999758672,2
0x348d0e8f255e6ed8d907f314e81ff9670cf65102,2026-03-23T07:55:13+00:00,2026-04-09T21:48:35+00:00,4,85.0,85.0,40.0,40.0,78.2900,4
0x349f4bf4a07e5627273d2aae140bfefd7e5c897f,2026-06-13T20:38:52+00:00,2026-06-14T20:03:33+00:00,2,0,0,14.028,14.02,27.991904,2
0x34ab8793369293bedb16d384cfbad7068de62915,2026-06-07T01:56:55+00:00,2026-06-08T06:58:21+00:00,2,0,0,7.021,7.02,13.998877,2
0x34bbf70a5456b79dba0c041e94054c0d36955a94,2026-05-13T07:29:54+00:00,2026-05-13T10:25:24+00:00,2,1400.0,1400.0,0,0,19.6000,2
0x34c15724c6329dc76df0aaad09826c6e790a28d1,2026-06-09T23:29:57+00:00,2026-06-17T01:40:35+00:00,2,142.857142,142.85,0,0,1.142848994000006,2
0x34c9f7c8b8e9a6dbf4acb22281c56abf130ca16c,2026-05-17T12:20:10+00:00,2026-05-18T02:25:53+00:00,2,0,0,80.56,80.56,159.99216,2
0x34cd109eba031f3bda5bc6bd3c28613550f00936,2026-06-16T12:48:01+00:00,2026-06-16T23:04:53+00:00,2,0,0,91.48,91.48,182.59408,2
0x34ea9a2fbaffe49b0e6941a6c0fc596a75dc9525,2026-05-30T09:15:31+00:00,2026-05-30T10:21:15+00:00,2,0,0,11.7286,11.72,23.3196370,2
0x34ed105b7920a0e2a1bdde22fd611d95ed13f4b7,2026-05-17T12:20:10+00:00,2026-05-17T23:49:11+00:00,2,0,0,95.66,95.66,189.98076,2
0x35179729edada771fb1e0332caa7b2cf44010cab,2026-06-05T07:24:18+00:00,2026-06-05T07:24:18+00:00,1,0,0,2.006,0,1.999982,1
0x3525fdbad411371ac2fe2c3034fb6c32381300ec,2026-05-24T16:34:34+00:00,2026-05-24T16:34:34+00:00,1,5.0,0,0,0,0.0450,1
0x3526197a34af20085f14868e1d7f912ced9f1fab,2026-05-27T13:36:23+00:00,2026-05-27T13:36:23+00:00,1,0,0,20.120666,0,19.9999419999758668,1
0x35272c86561e9903e8b019eebcbdc007e1545db4,2026-06-13T20:03:57+00:00,2026-06-13T20:03:57+00:00,1,0,0,1.002,0,0.999996,1
0x3535eb293975b849941ce1d8a266827707dca289,2026-05-19T01:56:58+00:00,2026-06-01T22:14:20+00:00,2,250.0,250.0,0,0,3.2500,2
0x353e6c079ed899d5c836d6e4352de4793b2a9db2,2026-03-22T08:09:31+00:00,2026-03-22T08:09:31+00:00,1,25.0,0,0,0,0.83000,1
0x3545c67da76e10b79c8f388130561b0a2be723c4,2026-03-09T19:22:29+00:00,2026-03-09T19:22:29+00:00,1,227.695603,0,0,0,14.9999990076016218,1
0x355962ce8b36599728d3f0694c9e47bd297d10d1,2026-06-09T17:49:24+00:00,2026-06-11T13:38:34+00:00,2,0,0,5.0,5.0,9.9400,2
0x356b17555c35b01c8d0a410009277012bf721c3f,2026-03-09T19:33:21+00:00,2026-03-09T20:00:21+00:00,2,6.0,6.0,0,0,0.5940,2
0x3576871638c92f5fbdaccd99903f199ccd3209de,2026-01-31T06:57:06+00:00,2026-02-04T12:07:06+00:00,15,0,0,65.34,65.3395,125.7635890,15
0x357ae79b5e2ab3244b9dcedcacfab098d58330a4,2026-05-14T00:07:13+00:00,2026-05-14T00:17:57+00:00,2,0,0,9.0725,9.07,17.9882900,2
0x35805e3301f9d64319629f57c53e353bc42bad44,2026-04-28T16:31:08+00:00,2026-04-28T16:31:08+00:00,1,58.823529,0,0,0,0.9999989988823599,1
0x35cfeae71221a7740f9e543f77c30ccefc87fa48,2026-04-18T10:37:44+00:00,2026-04-18T10:37:44+00:00,1,227.272727,0,0,0,4.999999994,1
0x35d991d668e0efb9fce5a730e3d6f66c93d05f19,2026-04-15T07:39:10+00:00,2026-04-15T09:01:36+00:00,5,0,0,35.03,35.03,68.19250,5
0x35e2449bb4af433838bd70ed347bd89c97ea18bc,2026-05-17T12:20:10+00:00,2026-05-18T00:52:54+00:00,2,0,0,107.95,107.95,214.38870,2
0x35f048f413b2e5cf219b1159f067cd58768812b6,2026-05-22T15:39:00+00:00,2026-05-23T01:52:21+00:00,2,111.111111,111.11,0,0,1.888878999000001,2
0x35f126a9208a2b2a23c7cb31728ed680e25e2d55,2026-03-26T06:03:59+00:00,2026-03-26T06:46:01+00:00,3,0,0,27.215173,27.21,51.5678540012784827,3
0x35f5ffd283e27f1048a7a9bb4e72ac69298ba599,2026-05-13T07:59:44+00:00,2026-05-29T06:01:34+00:00,2,1547.619047,0,0,0,9.9999979960000008,2
0x35f9c656c4e0cc8e32c419d51aa8c2ea826345d0,2026-06-12T12:32:42+00:00,2026-06-12T12:32:42+00:00,1,0,0,1.003,0,0.999991,1
0x3600e95d433b803490d9e782b8decfcbbc546e19,2026-04-25T18:13:14+00:00,2026-04-25T18:13:14+00:00,1,2939.138333,0,0,0,49.9999999871524038,1
0x3609bd0eb1fbb2508dfbbff72e0ff356f5044e3b,2026-06-15T18:22:54+00:00,2026-06-16T06:39:06+00:00,2,0,291.66,20.0,0,20.27166,2
0x361bddedd7c34252e6f8207c3db06af9f1fcd899,2026-06-14T04:51:27+00:00,2026-06-14T04:51:27+00:00,1,500.0,0,0,0,1.0000,1
0x3626053237806f2297f9ccc6ce38c2537506bd12,2026-05-11T15:32:34+00:00,2026-05-12T04:19:03+00:00,2,0,0,82.37,82.37,163.50445,2
0x362ab684a151da603d16f0307758146b0d9c3a18,2026-05-13T07:12:43+00:00,2026-05-13T07:18:31+00:00,9,1420.0,1420.00,0,0,19.88000,9
0x362cc84fc71014dd3b1627a0c2bbf0ba411cadca,2026-06-15T08:01:58+00:00,2026-06-17T05:15:13+00:00,2,0,0,8.128,8.12,16.231752,2
0x362de937f9a3a3fc68951515dfb63489a8f2f6d2,2026-05-14T20:33:30+00:00,2026-05-16T08:57:01+00:00,4,0,0,13.085510,13.08,25.9813469996297878,4
0x363bb9ad270f600b6a32ae2ff71b4941cd5c958f,2026-05-27T03:24:23+00:00,2026-05-27T03:24:23+00:00,1,0,0,123.863166,0,123.119987004,1
0x363ca9f60b40e4d61063ee3c2e337ed9bbca4463,2026-03-03T19:32:05+00:00,2026-03-03T19:45:13+00:00,2,20.0,10.48,0,0,3.02896,2
0x36425f7f449df83407da964c42d9c3e0b9d1c470,2026-05-30T05:00:25+00:00,2026-05-30T06:47:59+00:00,2,0,0,10.0502,10.05,19.9896490,2
0x36440ea07e2393b983bc7b40642ccdc6fdd85313,2026-06-14T08:43:43+00:00,2026-06-14T08:43:43+00:00,1,1500.0,0,0,0,3.0000,1
0x364f935ccafae7bb980616b81999239ed816562c,2026-06-13T20:38:33+00:00,2026-06-14T15:02:52+00:00,2,0,0,3.006,3.0,5.990988,2
0x3653235d75a0d5969c42f7514d4df8ea5f8cef74,2026-05-26T14:06:22+00:00,2026-05-26T14:06:22+00:00,1,0,0,5.0,0,4.9700,1
0x365c198cd168f34207e3647261859d0af9c4d281,2026-04-15T10:39:08+00:00,2026-04-15T11:56:58+00:00,2,0,24.85,0,0,0.64610,2
0x365c790bd4216d73ff70a11c45a443f8c6fcee5d,2026-05-17T12:13:38+00:00,2026-05-18T00:46:45+00:00,2,0,0,57.9,57.9,114.9894,2
0x365efe672bd3529e3f478a986796c6f68b6705ac,2026-06-11T21:54:19+00:00,2026-06-12T08:48:21+00:00,2,0,0,83.35,83.35,166.11655,2
0x36736320f41d47e866c5be7e3ff5a9d809b89ea3,2026-05-12T06:21:33+00:00,2026-05-12T08:14:13+00:00,2,0,0,105.427994,105.42,209.2666379998288024,2
0x367c82e7dca8afe44b9e559ad016b314a48d9d31,2026-04-16T06:21:34+00:00,2026-04-17T03:06:04+00:00,2,0,0,24.45,24.45,47.9220,2
0x367e85fb72693b2363af2b601b5fcd27be4b9cbe,2026-05-11T15:32:34+00:00,2026-05-12T05:11:24+00:00,2,0,0,93.25,93.25,185.10125,2
0x368507fcf8b7f07eed8ce665ac62cb05659b1bbb,2026-05-22T03:34:07+00:00,2026-05-22T03:34:07+00:00,1,0,0,3.985777,0,3.9499049998256014,1
0x369037deb82b8d0b44f1560b368d2014e9f2ecf7,2026-05-19T14:32:29+00:00,2026-05-25T13:04:00+00:00,2,0,0,86.606142,86.6,171.9936989973393858,2
0x36a08f19c9397d790daa365d2cc9cb7c4d4e15d0,2026-06-11T09:40:45+00:00,2026-06-11T09:40:45+00:00,1,0,0,10.512047,0,10.4699980004699716,1
0x36a7c67505784518aeca282c552ca75a1563954d,2026-06-11T06:57:06+00:00,2026-06-11T06:57:06+00:00,1,3625.0,0,0,0,14.5000,1
0x36aa1d9be93f8f8b337ab36b98521c8982f487b1,2026-05-17T12:22:08+00:00,2026-05-17T23:13:02+00:00,3,0,0,91.54,91.54,181.79844,3
0x36afee952224a5b27049836f6981790619e6fa87,2026-06-15T11:59:54+00:00,2026-06-15T11:59:54+00:00,1,40000.0,0,0,0,40.0000,1
0x36b5d4b9dcc05563b2c35296d90f6389c48ab31d,2026-03-29T11:58:20+00:00,2026-03-29T12:03:20+00:00,3,0,0,1081.48148,1081.471268,2043.9903460006128584,3
0x36c9ca6eda03c26aa69e5001fec1b66d4aedc678,2026-06-02T08:15:22+00:00,2026-06-04T14:41:25+00:00,2,166.666666,166.66,0,0,1.666638996000004,2
0x36d921298df64f1ca0cfc117742535b7531eeae4,2026-05-01T06:58:10+00:00,2026-05-11T00:05:46+00:00,2,90.909089,90.9,0,0,1.4544989971818388,2
0x36f13ce2b9e17b5039c66949c5ffea2b06e1e1f9,2026-04-30T06:00:18+00:00,2026-06-02T01:09:35+00:00,3,243.589741,76.92,0,0,2.3845979940769515,3
0x36f538ce39306e80e5d65b0f2a030569442a5fe7,2026-06-09T06:38:45+00:00,2026-06-09T06:38:45+00:00,1,783.333333,0,0,0,2.3499989806666671,1
0x370c671980712b4014fc6900766c0c6c66923eb1,2026-03-27T15:24:41+00:00,2026-06-17T14:37:49+00:00,33,3108.314173,933.38,0,0,25.6138549912659097,30
0x371afb83588eb99d1e2e1a731b7d3020eb27cc13,2026-06-15T15:59:16+00:00,2026-06-17T06:48:43+00:00,3,2460648.42,0,0,0,2501.020009864998,3
0x371baec04b1438f05e08a2a665323135f9660401,2026-04-27T11:20:28+00:00,2026-04-27T11:53:34+00:00,2,0,0,43.0,43.0,84.5810,2
0x372831134de10f005e5170bef4e6dd5efa102707,2026-03-13T14:50:25+00:00,2026-03-23T00:33:53+00:00,2,0,0,10.92,10.92,21.08652,2
0x372cc1a3bc740005fd9e7bf4c7a4bcf5bc11597b,2026-06-16T05:34:21+00:00,2026-06-16T05:34:21+00:00,1,0,0,6.986,0,6.979014,1
0x3743b50c993d6922096df174967cdd5b0ef1216a,2026-03-17T12:14:31+00:00,2026-03-17T12:14:31+00:00,1,108.108108,0,0,0,3.999999996,1
0x37483e63176a139273b8d3d52e43ff95b0f1a9f1,2026-06-14T16:47:12+00:00,2026-06-14T16:47:12+00:00,1,0,0,2.002,0,1.999998,1
0x375bce2e66f3a113791a97508e44eae9a83f9753,2026-05-21T13:13:23+00:00,2026-05-21T16:36:32+00:00,4,0,0,160.00,160.0,316.4800,4
0x375ce707cbac22de2e98f3ac0465c70221d29624,2026-03-31T03:16:17+00:00,2026-04-07T23:23:17+00:00,2,400.0,400.0,0,0,27.6000,2
0x376b9d63e5376929f75378cff59772f7e8159467,2026-06-14T01:09:46+00:00,2026-06-14T01:09:46+00:00,1,0,0,6.693,0,6.679614,1
0x3786c423ac8b1d6e2d9ef2d7c4242fa7e00455fc,2026-06-12T19:41:03+00:00,2026-06-12T19:41:03+00:00,1,333.333333,0,0,0,0.999998999000001,1
0x3791070222a121ebc104dfd144d693dbbf63f439,2026-05-15T13:32:35+00:00,2026-05-16T03:58:40+00:00,2,0,0,173.0,173.0,343.5780,2
0x379360fb6a1e50fe792de7ee39bd2e0bead9cf49,2026-03-30T21:23:43+00:00,2026-03-30T21:23:43+00:00,1,31943.413774,0,0,0,1999.4499997873586972,1
0x379648c3d5695c190fab3ddbd31dc13c14d76d62,2026-05-30T09:45:02+00:00,2026-05-30T12:41:00+00:00,2,0,0,33.1456,33.14,65.9210320,2
0x3797b8a57dda5ded8d57855b42def7a0389e8be6,2026-05-05T07:29:40+00:00,2026-05-09T20:21:03+00:00,13,2915.00,1815.0,0,0,41.63500,13
0x37990e7275d749bb4ecf70b123bb5262ec55e469,2026-03-08T22:33:47+00:00,2026-03-08T22:43:25+00:00,4,1968.0,1968.0,0,0,194.8320,4
0x37b52defea06c82ee82dee1027a47da89475e6d0,2026-05-26T10:25:42+00:00,2026-05-26T10:25:42+00:00,1,0,0,17.112666,0,17.0099900005774668,1
0x37b83d44ed66160f04153753b38b15f257312055,2026-06-14T09:14:34+00:00,2026-06-14T09:14:34+00:00,1,0,0,44.334,0,44.289666,1
0x37be322343b5d6be155426b0d1f3f9f5b8a50bd9,2026-05-21T08:50:44+00:00,2026-05-21T08:50:44+00:00,1,111.111111,0,0,0,0.999998999000001,1
0x37c41721294f657b70dd97191f74238f9c8b2fd3,2026-06-07T16:43:06+00:00,2026-06-07T16:43:06+00:00,1,0,0,1.032,0,1.029936,1
0x37cc0fad8dcfc52abb84943b4f2ab8651f54ae68,2026-05-12T09:53:12+00:00,2026-05-14T14:59:57+00:00,3,2916.666666,2916.66,0,0,40.4166189960000004,3
0x37d1b47f8383f3c127fca0cd38c08ed24c1d35f0,2026-06-05T14:23:51+00:00,2026-06-05T14:23:51+00:00,1,2500.0,0,0,0,10.0000,1
0x37d3cbf8dec951d39656de4d30a2db48ca51e3e2,2026-05-14T06:36:18+00:00,2026-05-14T06:49:50+00:00,2,0,0,9.063428,9.06,17.9875040003746288,2
0x37d582c861a5e0efcb7e866e845e3b042ad0d528,2026-06-09T07:26:49+00:00,2026-06-09T09:52:21+00:00,2,0,0,1338.18,1338.18,2669.66910,2
0x37dc8ac0362f9addedadaa7a33a6de68a3b61007,2026-06-14T18:37:31+00:00,2026-06-14T18:37:31+00:00,1,0,0,15.015,0,14.999985,1
0x37f2f4269ba5834437ff0b86aa9900896ce8a1ca,2026-05-16T23:33:39+00:00,2026-05-16T23:46:02+00:00,2,0,0,8.048166,8.04,15.9835969999759170,2
0x3806095014481d18dbf9761c44780931735fd265,2026-04-21T05:38:26+00:00,2026-04-21T05:56:58+00:00,2,0,0,210.0,210.0,412.6500,2
0x381185f601c6b23ed3e2ace2e8e4655688eb7c79,2026-04-13T05:55:11+00:00,2026-06-15T11:20:27+00:00,2,0,0,317.0,317.0,623.8560,2
0x3815a63261154e8c915154a6c9366780f5ac81b0,2026-05-14T09:19:07+00:00,2026-05-14T09:22:04+00:00,7,1220.0,1220.00,0,0,19.52000,7
0x3819d8f166eb255c659ef7437de9dfc455c1de54,2026-05-31T02:26:19+00:00,2026-05-31T03:34:12+00:00,2,0,0,10.0502,10.05,19.9896490,2
0x381fc945bc8bf9365acf87f42f6d879d421e0b87,2026-06-12T10:19:58+00:00,2026-06-12T10:19:58+00:00,1,500.0,0,0,0,2.0000,1
0x3823998c96041f419904f1dd85762861bd439707,2026-05-24T06:54:18+00:00,2026-06-03T07:41:10+00:00,3,0,0,20.202,20.20,40.06363,3
0x3825180182703613f3619d4611890c5b655504e8,2026-04-18T10:29:16+00:00,2026-04-18T11:08:04+00:00,2,0,0,28.65,0,28.06565,2
0x382d434d825d37c974ade622291ee3a76baa9b22,2026-05-20T04:27:08+00:00,2026-05-20T07:37:03+00:00,2,0,0,37.260714,37.26,73.9618089982739286,2
0x383a68c1935e78cb05e6f9e14c9dab3b0e1e1245,2026-04-13T02:07:53+00:00,2026-05-24T21:16:29+00:00,2,32.258063,32.25,0,0,1.2257490013871415,2
0x38415fd2c59ae50e2bd8bd2cf28b2572eec1a10d,2026-05-15T07:58:34+00:00,2026-05-17T06:42:01+00:00,2,142.857142,142.85,0,0,1.857098994000006,2
0x3844f28115f2f23c9aece1402a0f2be78d187285,2026-02-27T14:05:59+00:00,2026-04-10T10:25:09+00:00,11,3536.102160,3008.06,0,0,274.8629470824706925,11
0x384c27d650b7502e688f232e563dcf6c711fcb52,2026-05-26T16:17:30+00:00,2026-05-26T16:17:30+00:00,1,0,0,383.34,0,381.03996,1
0x384ca5e4d57d00a0c12ea588c0e61eca7824e30a,2026-05-13T18:51:51+00:00,2026-05-13T23:29:22+00:00,9,0,0,248.0,247.980072,491.7642279989546226,9
0x386c72a463927020eaf92b0ef56f3d68e923c67c,2026-05-14T03:20:11+00:00,2026-05-14T03:20:11+00:00,1,125.0,0,0,0,1.0000,1
0x3879b2a3c6f45ab807a8c92835a085e3b472d8c3,2026-06-15T11:20:27+00:00,2026-06-16T11:44:21+00:00,4,2000.0,2000.0,0,0,5.0000,4
0x387fc72ca6c02b2431df8497d5de952bf090da7a,2026-06-03T07:48:24+00:00,2026-06-04T02:51:21+00:00,2,0,0,89.43,89.43,177.78684,2
0x388b87b9ae96f9d2544d746ed1dfb15ade8bda5e,2026-05-14T21:33:32+00:00,2026-05-14T21:33:32+00:00,1,0,0,4.72306,0,4.689998000008232,1
0x38a46fccff1b72be55b9f7087f0ce0cf71f54ef2,2026-01-09T16:52:58+00:00,2026-03-20T16:59:11+00:00,354,2774.445622,2774.34,0,0,161.2723799980036483,317
0x38ab8ff9075817800f5545b05156e63c146aab66,2026-05-15T09:14:21+00:00,2026-06-12T00:14:12+00:00,159,0,0,573.312122,573.30,1139.7629260103472373,159
0x38b3d4432de9df8be3b77fea867ae59cc4e7dfc9,2026-03-16T09:25:25+00:00,2026-03-16T09:29:41+00:00,3,0,0,422.58,422.58,817.73679,3
0x38d3d2e2f54ba8626c5e81ae27801f89fad2e8b5,2026-06-15T18:12:31+00:00,2026-06-15T18:12:31+00:00,1,414.0,0,0,0,0.8280,1
0x38d5fdd2e252c2cc62dff0db7360055bf36f328e,2026-05-08T15:29:00+00:00,2026-05-08T15:29:00+00:00,1,333.333333,0,0,0,1.999998998000001,1
0x38d72c4eac4a119315f289e2eb1ffe1a34c7059e,2026-06-12T10:52:46+00:00,2026-06-12T10:52:46+00:00,1,250.0,0,0,0,1.0000,1
0x38d8d88d9187664fd37ffc6b5836b90aad423f88,2026-05-20T06:15:49+00:00,2026-05-26T07:43:51+00:00,4,0,0,250.646833,250.64,497.742471002,4
0x38dfb564764b581a430302f3a43aac0f8dceb45f,2026-06-14T11:43:07+00:00,2026-06-14T11:43:07+00:00,1,0,0,20.91,0,20.88909,1
0x38ed307f41004d5d743704c46e9690a34d9e4fe1,2026-04-21T13:13:34+00:00,2026-04-21T13:58:56+00:00,3,0,0,103.65,103.65,203.98320,3
0x38f0c54e3117a63f724051f97e7bcd202320c89e,2026-05-11T22:30:00+00:00,2026-05-11T22:30:00+00:00,1,0,0,2.729,0,2.709897,1
0x38f8beebf488e7fc8965eac31eb9dc7dde959951,2026-04-11T16:33:41+00:00,2026-04-22T03:13:54+00:00,2,0,0,6.5,6.5,12.7855,2
0x38fa8c112f8857116ee44a0a41eaa983716dd9ca,2026-01-31T06:38:14+00:00,2026-02-01T22:33:50+00:00,18,134.999204,134.99,0,0,11.4444749997578508,18
0x38fc21dcc56bd01185e0ad040b424f4865037664,2026-06-15T06:29:12+00:00,2026-06-15T06:29:12+00:00,1,0,0,12.342,0,12.329658,1
0x3903b2639c2d8f44774a84cd054b9814fd483fde,2026-05-24T02:18:16+00:00,2026-05-24T07:53:58+00:00,3,0,0,105.0,105.0,207.6900,3
0x39049843a7e70cc4cbdd4eb53c47b6b47340c746,2026-06-16T12:48:01+00:00,2026-06-17T00:29:50+00:00,2,0,0,51.6,51.6,102.9936,2
0x39339f88c77b1612da6b11ff2c025d4316d07818,2026-03-26T03:09:59+00:00,2026-04-01T01:34:05+00:00,2,20.0,20.0,0,0,1.7400,2
0x3936e622e465c36dfcaa0e6506019af1f1395cf5,2026-06-17T17:39:08+00:00,2026-06-17T17:39:08+00:00,1,0,0,51.4,0,51.1944,1
0x3943b3e8882d61db37bcf4b97e5c4d19292811fc,2026-04-29T18:37:06+00:00,2026-04-29T18:37:52+00:00,2,311.0475,0,0,0,5.9999999973637,2
0x394d17a6dfba79403cb3b6ca4d29f994aa44f5fd,2026-05-27T02:27:32+00:00,2026-05-27T02:27:32+00:00,1,0,0,13.0885,0,13.0099690,1
0x39521e3cf9c670b558225bb433842cc73021cc41,2026-04-17T00:26:22+00:00,2026-04-17T00:26:22+00:00,1,250.0,0,0,0,6.0000,1
0x395dd552ddcdd58f663a4a2da13a670996b1ab30,2026-06-15T21:55:09+00:00,2026-06-15T21:55:09+00:00,1,5000.0,0,0,0,10.0000,1
0x39666817a6a76e74a19225ad91964d47ae3976e1,2026-05-30T21:16:17+00:00,2026-06-02T03:31:55+00:00,2,0,0,297.68,297.68,591.78784,2
0x396913156d87eef614f8742cba23e56155db46a8,2026-06-11T08:44:51+00:00,2026-06-11T08:44:51+00:00,1,250.0,0,0,0,1.2500,1
0x3976222d2854cea48edf8878e60cd7d7555947f7,2026-06-12T09:04:09+00:00,2026-06-12T09:04:09+00:00,1,0,0,1.003,0,0.999991,1
0x397e490bf7829c6c1687a03583113416a1762558,2026-05-20T10:08:02+00:00,2026-05-20T10:08:02+00:00,1,0,0,1.007,0,0.999951,1
0x398cea519dbafb03717a9cc1a13b9889df505f52,2026-05-17T06:36:28+00:00,2026-05-27T02:58:43+00:00,2,0,0,81.488932,81.48,161.909638000555340,2
0x398e60bc061e9bb438e1d1c5cee9483fd927fc6b,2026-06-05T13:57:39+00:00,2026-06-16T18:25:20+00:00,2,0,0,120.68,120.68,240.75660,2
0x39a8dc2f5952acb0b6e60afbee6fcabf94d100a4,2026-06-09T16:43:06+00:00,2026-06-10T16:42:07+00:00,2,0,0,99.09,99.09,197.18910,2
0x39aaed185b92e99a78249610cc14a589b764583c,2025-12-11T22:25:56+00:00,2026-06-17T17:58:13+00:00,74,105.07,0,26019.24,0,25993.24597,74
0x39c3d7208946b664aab88797225a418f9d4e0c7e,2026-03-18T19:03:11+00:00,2026-05-22T16:54:43+00:00,11,25771.97,9290.97,0,0,886.816830147267,11
0x39dbf094d9f986213c731885915ecdb9712e2a1b,2026-03-07T16:27:09+00:00,2026-03-07T16:35:21+00:00,4,1583.0,1583.0,0,0,199.4580,4
0x39e1da7eb1ee7fe4fb5e1350fcb2a687b46dab47,2026-05-11T13:19:48+00:00,2026-05-11T13:20:16+00:00,2,146.0,146.0,0,0,1.8980,2
0x39fd921acf9be28b17a422bf624dc6b30685849e,2026-03-09T00:11:25+00:00,2026-05-28T08:09:23+00:00,98,0,2692.42,746.43,0,790.21911,98
0x3a0a24ea3bb47dfb5d154d980d064fb46f122b7a,2026-05-08T02:28:58+00:00,2026-06-03T05:13:02+00:00,27,0,0,1191.324776,1107.32,2281.4276529988456224,27
0x3a2241fe7f93520f27766bcd582eabdf30cd1ba0,2026-05-29T15:07:43+00:00,2026-06-04T05:13:06+00:00,2,1666.666666,1666.66,0,0,16.6666389960000004,2
0x3a2b83a68d7e4d8c313da57bc81de6619f4a6361,2026-05-16T18:03:41+00:00,2026-06-17T17:34:28+00:00,4,0,0,228.65,114.6,341.18940,4
0x3a3099e8714178666a19bfd7e7525250426f99ec,2026-04-29T13:13:04+00:00,2026-06-11T21:54:19+00:00,35,2407.67,2407.67,0,0,25.02976,35
0x3a4876990cc1ac4fdb8177c1b8d9360c12747026,2026-06-16T13:15:25+00:00,2026-06-17T16:10:58+00:00,4,9999.998,0,0,0,12.499996,4
0x3a4a90e2a42b4f555bf99a8b49048d8b7909eea8,2026-05-19T18:15:15+00:00,2026-05-19T18:15:15+00:00,1,0,0,2.014,0,1.999902,1
0x3a54c88ad15afdb9515667a65a28d9429fd21962,2026-06-15T11:01:00+00:00,2026-06-15T18:51:28+00:00,4,0,0,1051.650,1051.65,2100.145050,4
0x3a5a20b2dd3c1416bfcc6cb121ff4d60ea6fb259,2026-06-15T20:01:51+00:00,2026-06-15T20:01:51+00:00,1,0,0,63.0,0,62.9370,1
0x3a67c62353f4c29240f44858be05ede343cda192,2026-03-18T21:27:49+00:00,2026-03-18T22:02:53+00:00,3,39.1,39.1,0,0,1.7595,3
0x3a6f453340402bddcff481260b5c3ded8f87e82f,2026-05-17T12:20:10+00:00,2026-05-21T05:28:52+00:00,4,0,0,557.88,557.88,1107.11712,4
0x3a773f580038b3df1f4dbd31aa6e14a5102410f5,2026-02-13T06:40:09+00:00,2026-02-13T06:58:07+00:00,2,0,0,511.770695,511.77,999.487489015,2
0x3a84410743e76cc679d6f14602370d911da31764,2026-06-09T16:43:06+00:00,2026-06-10T18:04:09+00:00,2,0,0,57.74,57.74,114.90260,2
0x3a9ac7da65f3aa957c3fc754fa4497538ccc5601,2026-06-09T16:20:03+00:00,2026-06-10T15:59:54+00:00,2,0,0,90.74,90.74,180.57260,2
0x3a9c8a039c7a479f6926529dbfce5ef3ef605b81,2026-05-31T09:08:14+00:00,2026-05-31T19:29:49+00:00,3,0,0,111.26,111.26,221.18488,3
0x3adee3ca9c768e66803fed062ccb5b0a3a03f2cd,2026-06-05T15:08:39+00:00,2026-06-05T15:08:39+00:00,1,250.0,0,0,0,1.0000,1
0x3ae6b15a7dd979c7c218d5c9ca2752234d495fb5,2026-06-17T15:07:20+00:00,2026-06-17T15:07:20+00:00,1,1250.0,0,0,0,1.2500,1
0x3af93a31bc8de182afd814becfc626c3e6403737,2026-05-17T21:14:46+00:00,2026-06-07T23:42:15+00:00,2,2976.666666,0,0,0,14.8899989573333338,2
0x3b01367d9d9e73e35a39df394073284cec0ce1b6,2026-06-12T03:12:15+00:00,2026-06-12T03:12:15+00:00,1,0,0,1.203333,0,1.1997230000373336,1
0x3b1a8b39f8d3a4ce3fe7c1e752cf14c386834221,2026-01-30T17:00:50+00:00,2026-03-07T20:17:51+00:00,19,0,0,268.327186,268.318973,508.3511539998845766,19
0x3b3e633383a6dfdae8641c7827538d2ac2686d94,2026-03-13T03:13:17+00:00,2026-03-13T03:20:35+00:00,2,0,0,54.0,54.0,104.2740,2
0x3b433962b883158f9561043daaf2dcf5154e0d4c,2026-06-12T21:39:36+00:00,2026-06-12T21:39:36+00:00,1,11111.0,0,0,0,33.3330,1
0x3b467deeb41d2d0b7e80d0947a11569a34919970,2026-06-13T03:29:28+00:00,2026-06-13T03:29:28+00:00,1,0,0,66.3625,0,66.2297750,1
0x3b4d54f349eabc651610c638333188c7c13f44e5,2026-06-17T06:51:20+00:00,2026-06-17T06:51:20+00:00,1,6970.0,0,0,0,13.9400,1
0x3b5470ed5b2ad198c81361cea3ea74585aacb3c2,2026-05-13T04:34:38+00:00,2026-05-13T04:44:52+00:00,3,1410.0,1410.00,0,0,19.74000,3
0x3b7b554d9cbfb82566e15d44e312c47516ac2d1a,2026-04-09T08:27:27+00:00,2026-04-10T17:35:39+00:00,2,0,0,200.0,200.0,391.0000,2
0x3b8a378ed902525842849029c585c79763e77be6,2026-06-13T17:05:52+00:00,2026-06-15T11:20:27+00:00,2,0,0,100.0,100.0,199.6000,2
0x3b9d958db7c1245c335c403d2e624ab0ddd93836,2026-04-29T13:57:42+00:00,2026-06-07T15:24:43+00:00,1691,0,0,22573.12,22573.118132,44783.5979780023249260,1690
0x3bba36d63e8968a1e9ad375607ef1264f2dbd00c,2026-06-14T07:47:30+00:00,2026-06-16T18:25:20+00:00,2,0,0,100.0,100.0,199.7000,2
0x3bc63966af626e7ac96a4b8dbb003a0413c369c4,2026-05-26T09:52:32+00:00,2026-05-26T09:52:32+00:00,1,0,0,36.4285,0,36.2099290,1
0x3bf02d705d809ca8c299cb02ad9999484eb83498,2026-05-31T06:33:46+00:00,2026-06-03T08:35:22+00:00,6,0,0,52.2108,52.21,103.8464860,6
0x3bf9b862a140babe39533cef69e091cc24b10e16,2026-05-27T19:43:45+00:00,2026-05-27T19:43:45+00:00,1,0,0,61.167,0,60.799998,1
0x3bff9b4f19522c304eca65d6dbfca90cf2678d57,2026-06-11T07:18:04+00:00,2026-06-11T07:18:04+00:00,1,0,0,1.003008,0,0.9999979999729152,1
0x3c04bf6afceee0c62944a7261823aa36541763dd,2026-05-01T11:14:34+00:00,2026-05-02T02:52:36+00:00,7,606.0,606.0,0,0,10.9080,7
0x3c135a8ce0b7bafd40fad70f589c7f7657ae1ae8,2026-04-24T08:01:10+00:00,2026-04-29T19:21:34+00:00,2,0,0,1.496944,1.49,2.9361590000661968,2
0x3c1a4f11d9e544e156239c3724b5f00f2eb60241,2026-04-07T17:57:39+00:00,2026-04-07T20:44:51+00:00,2,0,0,17.3,17.3,33.908,2
0x3c2d8baa67b70d4d1dfebb7468719346cb5dcd40,2026-05-11T15:32:34+00:00,2026-05-12T05:02:21+00:00,2,0,0,260.02,260.02,516.13970,2
0x3c2f06327b6e5ca0d0838336103fecd98e0a502f,2026-05-26T13:39:29+00:00,2026-05-26T13:39:29+00:00,1,0,0,17.384166,0,17.2798610005231668,1
0x3c3f2266e45bcbfbcb80efa999528f52408ce120,2026-05-27T04:26:53+00:00,2026-05-27T04:26:53+00:00,1,0,0,6.871166,0,6.8299389998773004,1
0x3c4085706d03ac10f51408f0effce9b88e4ff17a,2026-05-26T14:36:30+00:00,2026-05-26T14:36:30+00:00,1,142.857142,0,0,0,0.999998994000006,1
0x3c6ddd949daf4b69c69db3ecccb6df8fb2e275fb,2026-05-09T16:15:58+00:00,2026-05-09T16:48:31+00:00,3,0,0,60.352,60.35,119.977788,3
0x3c7437723471918e37075f9bdd35ffc533f56493,2026-05-08T19:41:07+00:00,2026-05-08T19:41:07+00:00,1,833.333333,0,0,0,4.9999989980000004,1
0x3c7a27af38fdd47f4db476588078e19fe4f042b0,2026-05-13T05:31:55+00:00,2026-05-13T05:49:57+00:00,3,1410.0,1410.00,0,0,19.74000,3
0x3c8fadd6c016ec96e23d8455316055b2e809830e,2026-06-07T14:47:21+00:00,2026-06-07T14:47:21+00:00,1,0,0,1.002,0,0.999996,1
0x3caa8aa9c911eeb6be8b6ec7494bfbeed1595a2c,2026-05-11T03:07:46+00:00,2026-05-11T14:18:19+00:00,2,0,0,87.42,87.42,173.70354,2
0x3cc5c780f659b199d413978c7178ec17abd4df2f,2026-05-14T09:18:39+00:00,2026-05-14T09:18:39+00:00,1,0,0,5.52,0,5.47584,1
0x3cd05bf427ec0267b157079c2083a24572db9570,2026-03-08T22:59:39+00:00,2026-03-29T18:38:22+00:00,4,0,0,16.382944,0.18,15.8293530000860766,4
0x3cdf18d53cafa3d48df6fc1c16e39d7d920ad205,2026-05-26T09:30:12+00:00,2026-05-26T17:45:34+00:00,2,0,0,237.4245,237.42,471.7580130,2
0x3ceb1a81f31ef3a960d09c18d0694a1b12e55834,2026-05-28T21:30:57+00:00,2026-05-29T09:04:04+00:00,2,0,0,52.81,52.81,104.98628,2
0x3cec62cf858496609cdf4b2e64ccce48ccd7ff6e,2026-06-03T16:03:48+00:00,2026-06-06T19:55:57+00:00,2,833.333333,833.33,0,0,7.4999889980000004,2
0x3cede4d9faa2791f23301dcefa46378f425091b6,2026-06-05T01:03:28+00:00,2026-06-05T01:03:43+00:00,4,0,0,10.180,10.17,20.278780,4
0x3cfbd616a2663ca8911fdc4c0156dc19278a9efa,2026-03-08T22:33:47+00:00,2026-03-08T22:43:25+00:00,3,0,0,857.0,857.0,1629.1570,3
0x3d055084621e08c0cd869a7f55039b777a3609cf,2026-04-29T18:30:04+00:00,2026-06-10T14:54:21+00:00,113,0,0,3033.848134,3033.840072,6010.6325129950552183,104
0x3d158d0f81bd90e16b60b854bf210bdf3df22555,2026-05-18T18:45:25+00:00,2026-05-18T18:54:44+00:00,2,0,0,2215.508428,2215.5,4397.775869004,2
0x3d1ee8a0f577ba90d15d86e38bcbbe89bc86d4a9,2026-06-17T08:01:47+00:00,2026-06-17T08:01:47+00:00,1,0,0,39.849,0,39.809151,1
0x3d3d81ca56d1c2c80e7990edd57fd6f1badd8c7e,2026-03-11T12:29:11+00:00,2026-05-22T17:28:00+00:00,8,24.390242,24.39,1.035176,1.03,4.2494490000036244,8
0x3d3d82e784300881da0a491dee0dcfb88f0ec973,2026-05-16T18:03:41+00:00,2026-05-17T04:31:07+00:00,2,0,0,86.1,86.1,170.9946,2
0x3d59836f928887852686c627e6a9e89ab15072d1,2026-05-30T08:54:01+00:00,2026-05-30T08:54:36+00:00,2,0,0,365.0,365.0,725.9850,2
0x3d6aaaedef144799b6b2dec65f3c71e50c575619,2026-05-13T04:29:37+00:00,2026-05-13T04:40:16+00:00,3,1400.0,1400.00,0,0,19.60000,3
0x3da083c11a39ea36f5f1c86b0b37cbc18f682338,2026-06-14T09:45:39+00:00,2026-06-14T09:45:39+00:00,1,15000.0,0,0,0,30.0000,1
0x3dc4fa6a203f6f8c4600a44683db7b99813a7c1d,2026-04-30T10:16:38+00:00,2026-05-08T13:14:36+00:00,5,7692.307691,7692.20,0,0,146.153199983,5
0x3dc6a512162ade7b71e71249fe92f05e8125a2d6,2026-05-23T05:50:36+00:00,2026-06-15T11:20:27+00:00,4,0,0,100.00,100.0,198.9000,4
0x3dcfa8a2eb5e3c408a359fe26290f1a843b0b509,2026-05-18T12:58:57+00:00,2026-06-10T17:26:33+00:00,2,0,0,10.0,10.0,19.8700,2
0x3dd2db2d398ff72c2c71c9ad6473368b941e9ab1,2026-01-09T16:52:58+00:00,2026-05-25T16:15:04+00:00,186,0,1512.37,23971.437271,0,23272.8900720462329297,186
0x3dd369be6e382399e37e72e03aeee2c031c7d81d,2026-05-26T16:07:35+00:00,2026-05-26T16:07:35+00:00,1,0,0,23.692,0,23.549848,1
0x3ddf7aa4ef5ca7dec79a62ffba97e1f84c01c7f5,2026-05-22T10:25:03+00:00,2026-05-22T10:25:03+00:00,1,100.0,0,0,0,1.000,1
0x3de27973c696ac6fb010230e2b2401242e2066b8,2026-04-29T17:35:44+00:00,2026-04-29T17:35:44+00:00,1,312.5,0,0,0,5.0000,1
0x3dea0efd80e3748c8d60fb1abbe569193ff026d5,2026-04-25T06:47:18+00:00,2026-04-25T06:47:18+00:00,1,55.555554,0,0,0,0.9999989997778050,1
0x3df21e4e01d6d07a4a27a7dabe43f16a15f4030d,2026-02-08T11:49:45+00:00,2026-03-28T06:55:55+00:00,2,41.666665,41.66,0,0,3.582919001666705,2
0x3dfaea4f3f2451ad1d1cc920345587d5b870e2ff,2026-05-25T07:00:05+00:00,2026-05-25T07:20:37+00:00,2,0,0,20.0,20.0,39.7000,2
0x3e09a57884ae0f3e5f8f86069bb78072ff0290f7,2026-06-16T03:12:18+00:00,2026-06-16T03:12:18+00:00,1,0,0,73.573,0,73.499427,1
0x3e0e8eb414b92dd1a0dae1b322f824cd390612bd,2026-03-19T20:16:19+00:00,2026-03-20T00:17:25+00:00,2,121.57,121.57,0,0,9.23932,2
0x3e20378b7e5c080e5a04fcba4b81c73551757e19,2026-05-14T09:30:31+00:00,2026-05-14T09:32:02+00:00,3,1180.0,1180.00,0,0,18.88000,3
0x3e2152eb15fef9d381d1b9f528ed3e82484ba8bd,2026-06-05T02:15:25+00:00,2026-06-05T02:19:27+00:00,2,0,0,105.867333,105.86,210.986291001,2
0x3e34356e1121a40b7315431e2d7e9e83f38dcafc,2026-06-17T14:40:34+00:00,2026-06-17T14:40:34+00:00,1,1000.0,0,0,0,1.0000,1
0x3e3d490afc1ad1c4c6ccb010f49b4bb9f2439370,2026-06-15T06:34:13+00:00,2026-06-15T06:34:13+00:00,1,0,0,13.483,0,13.469517,1
0x3e3d56773976bfb4b36fe16f28f7b15867b7bbfa,2026-03-22T08:09:55+00:00,2026-03-22T08:09:55+00:00,1,0,0,2.489678,0,2.4199670000660608,1
0x3e439123f491bd6ee50d3700ae8e95ec5358d4bc,2026-06-05T16:21:51+00:00,2026-06-05T16:21:51+00:00,1,500.0,0,0,0,2.0000,1
0x3e60a86f6386d61c77a268d3095a6c9a66cff8e6,2026-05-14T07:46:06+00:00,2026-05-21T04:05:40+00:00,2,0,0,2.0,2.0,3.9680,2
0x3e6aee1898c37494b2cdb06da1f43c10b16ae86d,2026-04-30T16:04:44+00:00,2026-05-23T16:24:27+00:00,314,13621.944659,13607.318935,235.20,220.6,690.0369610115694088,249
0x3e6d998a25793c1d0ca5b59d7d7ac7f8d0132671,2026-03-31T11:48:21+00:00,2026-04-02T12:30:47+00:00,2,0,0,24.42,24.42,46.95966,2
0x3e87652c37c47d147a5876e72e5cae811f3bbef4,2026-05-29T10:13:38+00:00,2026-05-29T11:28:51+00:00,2,0,0,22.4722,22.47,44.6950190,2
0x3ea26ecb7db5627faf3d61dfaa9a7b5ea3d292ad,2026-05-08T23:23:25+00:00,2026-05-08T23:23:25+00:00,1,0,0,2.9748,0,2.9599260,1
0x3ea47d38350fafae5d310e171cf4de791cd5ca98,2026-05-30T04:39:57+00:00,2026-05-30T07:09:50+00:00,2,0,0,9001.0,9001.0,17902.9890,2
0x3ebd8c1edea033adf308a8fb21201768384e52fe,2026-06-16T17:58:41+00:00,2026-06-17T05:26:40+00:00,2,0,0,101.0,101.0,201.6970,2
0x3ec9f13a775e610b57fd0fd8de3dfa636fc330e5,2026-06-08T05:57:16+00:00,2026-06-08T05:58:15+00:00,2,0,700.0,0,700.0,699.3000,2
0x3ecd5a789380a84816685f588828800a16dfae01,2026-05-30T21:16:17+00:00,2026-05-31T07:58:49+00:00,2,0,0,96.78,96.78,192.39864,2
0x3ef17c5b3d55831d07f15ee5d634863b23034471,2026-06-05T00:10:04+00:00,2026-06-05T00:10:46+00:00,4,0,0,10.180,10.1,20.209060,4
0x3ef193d0c4b4613f103b218129e0fe21ea5c352e,2026-03-13T08:15:35+00:00,2026-03-13T19:02:17+00:00,2,0,0,5.680652,5.68,11.0936770000235436,2
0x3f02a8b650d4b30449e83616f2165460209ca51c,2026-05-16T13:43:52+00:00,2026-05-16T13:53:49+00:00,4,0,0,12740.0,0,12663.5600,4
0x3f0a5c93797e79a9207256cf6a939b9ee4f4b825,2026-05-16T18:03:41+00:00,2026-05-17T04:56:26+00:00,2,0,0,128.09,128.09,254.38674,2
0x3f0afe04ab9fdc02efa8937ea1e524cb0b514276,2026-03-02T09:36:13+00:00,2026-03-02T09:38:59+00:00,2,0,0,12.68,12.68,25.03032,2
0x3f16ddacb319fe0c6a0663843e3f3183df25b4ee,2026-05-09T16:23:59+00:00,2026-05-09T19:22:56+00:00,2,0,0,302.193,302.19,600.454512,2
0x3f20b410be0fbcd81bf57c8df862f001dc525d9b,2026-05-20T17:11:17+00:00,2026-06-17T16:09:04+00:00,6,5735.357142,1335.35,0,0,24.6717490152857154,6
0x3f21bd0a8766700a578df2a4b3cae678f86033b8,2026-04-21T20:57:34+00:00,2026-04-21T20:57:34+00:00,1,53.0,0,0,0,0.9540,1
0x3f2346ca4166352cb2e79c493872eb2055c54761,2026-05-02T01:33:34+00:00,2026-05-02T01:44:34+00:00,2,375.0,375.0,0,0,5.6250,2
0x3f268396913880fad6e3a6bfb9d35f82f9f723ea,2026-03-08T22:18:03+00:00,2026-03-08T22:28:01+00:00,3,1273.0,1273.0,0,0,137.4840,3
0x3f4c7cc8d1d05d028d7359b25a1e2acb1940d00a,2026-04-07T17:58:49+00:00,2026-04-16T15:12:18+00:00,3,86.080583,47.61,0,0,3.1902479997949412,3
0x3f59d5b912d9dfd35b27cc1bd7f13b3be43ef46d,2026-06-15T19:57:22+00:00,2026-06-15T19:57:22+00:00,1,0,0,31.69,0,31.65831,1
0x3f6bddff5cd6bf2b1ee5f71b95ecfe26d06c4b2c,2026-06-16T12:39:19+00:00,2026-06-16T12:41:48+00:00,4,0,0,3000.0,3000.0,5991.0000,4
0x3f838a36103c8bb4fc49b0ac55a9c5491a6854a9,2026-06-12T07:00:13+00:00,2026-06-12T07:00:13+00:00,1,0,0,1.003,0,0.999991,1
0x3f8b5ab998ea6f3ed1e6fa5416b843b2dd428538,2026-06-07T23:40:16+00:00,2026-06-07T23:40:16+00:00,1,335.0,0,0,0,1.0050,1
0x3f8cf82263756506e2be10205ad3e05799dd6188,2026-06-08T15:59:36+00:00,2026-06-12T01:18:01+00:00,2,0,0,5.01,5.01,9.98994,2
0x3f9787cc80b59634fdc94c37ca0b433d5c11f4b1,2026-04-25T18:17:38+00:00,2026-04-25T18:17:38+00:00,1,55.555554,0,0,0,0.9999989997778050,1
0x3fa30e0a6567f76473b5fb4e6f760ffbe29e3587,2026-04-09T13:00:15+00:00,2026-04-18T17:58:14+00:00,2,37.037037,37.03,0,0,1.444359999,2
0x3fb5ef1821553dfa358c5d23dd6f93ce13d49ea0,2026-06-12T03:54:10+00:00,2026-06-13T14:40:09+00:00,4,1666.666666,0,0,0,5.9999989980000010,4
0x3fb5f9a5611247e93ebe04675b827875381cb8ee,2026-05-19T04:21:47+00:00,2026-05-25T13:15:54+00:00,4,0,0,105.797992,105.79,210.0010860007885337,4
0x3fc5d0689cd2a0e783ad9f8989c625f6a4d611b6,2026-06-16T11:44:21+00:00,2026-06-16T22:07:41+00:00,2,0,0,85.27,85.27,170.19892,2
0x3fc8af44a555b787c52c84b75ace777a182e7258,2026-05-27T02:03:13+00:00,2026-05-27T02:03:13+00:00,1,0,0,71.9315,0,71.4999110,1
0x3fee2ed38b5e0605e7a7c148cca4da0856014a48,2026-06-05T07:42:24+00:00,2026-06-05T13:01:25+00:00,2,0,0,103.831333,103.83,206.934519001,2
0x3ff4703a593e8b23d75617ffdd99bfe64d36b0a5,2026-05-26T07:51:47+00:00,2026-05-26T07:51:47+00:00,1,142.857142,0,0,0,0.999998994000006,1
0x3ffa6a4a809ce5787c609685b16ad67292b7cd3e,2026-05-28T06:04:00+00:00,2026-06-06T16:29:42+00:00,3,1130.952380,0,0,0,6.9999979940000044,3
0x40096330d97e37121f72d381a827225fadff2a4d,2026-06-11T04:25:25+00:00,2026-06-15T11:20:27+00:00,2,0,0,100.0,100.0,199.5000,2
0x40134bc0835d5c480524e51b3d55b01d700b4281,2026-04-29T09:40:24+00:00,2026-04-29T11:24:04+00:00,8,0,0,14.781112,14.78,29.0585719999453920,8
0x4054b4f1a35b2781e5ba1cb15bf7b6382a441097,2026-02-28T20:27:47+00:00,2026-02-28T20:29:41+00:00,2,0,0,14.58,14.58,28.60596,2
0x40602ee56f5bffb274ddbaca529fb9d81449d1c9,2026-06-11T14:06:15+00:00,2026-06-11T22:38:40+00:00,2,0,0,45.1805,45.18,89.9990580,2
0x4062377dd1e04ec8cc6fc9b93790bd9285353f8f,2026-06-05T01:02:13+00:00,2026-06-05T01:02:27+00:00,4,0,0,10.180,10.18,20.288740,4
0x4068addc9449460aeff65efedaccba7ebaf9338f,2026-05-12T23:30:36+00:00,2026-05-15T07:09:55+00:00,2,0,0,260.0,260.0,516.6200,2
0x40695bbf4c4369f6ca1674269704eb8512678c06,2026-06-17T16:53:26+00:00,2026-06-17T16:53:26+00:00,1,1000.0,0,0,0,1.0000,1
0x408b9f65181525decff608fedf56873218507163,2026-03-12T02:12:41+00:00,2026-03-12T02:12:41+00:00,1,348.773869,0,0,0,19.9999990044195063,1
0x4097c9977ed3773447b4e8cde4c5c705f24287d9,2026-05-29T15:19:02+00:00,2026-05-29T16:29:33+00:00,2,0,0,14.1104,14.11,28.0651880,2
0x409ac6c46543ca16e4b02ba98af1fcc1d1420293,2026-06-16T20:03:43+00:00,2026-06-16T20:03:43+00:00,1,5000.0,0,0,0,10.0000,1
0x409e60f5b1eaaf053cbb65457c9247d56b6ba1e0,2026-05-13T12:36:32+00:00,2026-05-21T12:41:37+00:00,8,142.857142,142.85,0,0,2.428498994000006,8
0x40a11d4113a5322886d8933d30e3652326a31d29,2026-05-17T12:13:38+00:00,2026-05-17T23:55:08+00:00,2,0,0,104.33,104.33,207.19938,2
0x40a1ed0ee3f44a12c42b5e4efe1c7bf53efa9832,2026-05-17T13:46:18+00:00,2026-05-22T17:54:18+00:00,2,707.66625,707.66,0,0,11.368939966884375,2
0x40a910371a12568c18e3eece02d513bf97a6c14f,2026-03-17T23:40:13+00:00,2026-03-17T23:40:13+00:00,1,27.027027,0,0,0,0.999999999,1
0x40ab34e72aefb480ff9d76bef29b56c8fa3792d8,2026-03-11T12:29:15+00:00,2026-03-30T08:29:20+00:00,4,48.780486,45.16,0,0,4.365248999170766,4
0x40c54e7f9fe32843a8174f927338e87d8fc85cba,2026-06-10T12:22:45+00:00,2026-06-17T14:03:40+00:00,58,6599.960166,1499.96,5100.00,0,5103.2998160000218656,56
0x40cded0c958cd2fa68251f07264b670fba17c9e1,2026-05-25T09:54:00+00:00,2026-05-29T22:01:20+00:00,2,0,0,45.2715,45.27,89.9982510,2
0x40d663be9c050cde15edbaf748506abdf802d9d2,2026-03-03T07:35:53+00:00,2026-06-06T18:47:28+00:00,2,165.05724,165.05,0,0,4.365148996256544,2
0x40d7371eae6ee5159cac090a8a43e21669641218,2026-06-01T10:51:51+00:00,2026-06-08T22:13:06+00:00,2,367.0,0,0,0,1.4020,2
0x40fb65782540f56bfb7cc6e5b2397a1a2576f15f,2026-06-05T20:23:30+00:00,2026-06-08T04:45:27+00:00,2,0,0,13.039,13.03,25.990793,2
0x40fe57965a53d6efde2c678b8b442bb76c3a3bfd,2026-05-25T20:56:47+00:00,2026-05-26T20:18:48+00:00,2,142.857142,142.85,0,0,1.857098994000006,2
0x4107fcb4d0aab733196ec6b4f12cef1bd0081a7d,2026-05-14T09:22:07+00:00,2026-05-14T09:23:01+00:00,3,1190.0,1190.00,0,0,19.04000,3
0x4129b8ce80eb18e4315fad0c202bcf8940d04dc9,2026-05-21T22:18:39+00:00,2026-06-17T15:49:20+00:00,3,9083.333333,0,0,0,23.999998996000001,3
0x412c20770800350e6e7701f5b0c6b1b55dae05b5,2026-03-29T12:16:18+00:00,2026-03-29T12:46:54+00:00,3,0,0,850.0,850.00,1606.50000,3
0x412c3ca9d9d0ad58016ee768d36c396e5e352d87,2026-05-27T08:31:46+00:00,2026-06-02T19:42:25+00:00,2,2900.0,2900.0,0,0,34.8000,2
0x4130533ea3656eb86750bb5fa07d721d2b162fd6,2026-04-17T02:01:54+00:00,2026-04-23T08:33:20+00:00,2,500.0,500.0,0,0,20.5000,2
0x413531f78b28c2f2014dd82e92f46802769ce462,2026-06-07T21:09:42+00:00,2026-06-07T21:09:42+00:00,1,333.333333,0,0,0,0.999998999000001,1
0x413d1ff09fa67c08d9bf295ea4804a26cc02d704,2026-06-06T09:12:45+00:00,2026-06-14T04:38:22+00:00,2,0,0,31.54,31.54,62.89076,2
0x41424c42643356f1647e9c09ef5f7ec9faf90e68,2026-05-26T03:44:04+00:00,2026-05-26T03:44:04+00:00,1,0,0,3.692,0,3.669848,1
0x4147770aa9f5d5d9cde6231c5fb783917f4aee7b,2026-04-03T02:58:21+00:00,2026-04-03T03:02:21+00:00,2,0,0,5.2,5.2,10.0724,2
0x4155bbfaa35044ecb79fe6c6b21e6931ea4f27ec,2026-05-27T13:11:17+00:00,2026-05-28T01:55:21+00:00,2,0,0,51.15,51.15,101.58390,2
0x4155ce11dddfdd28a968c25f6c81484767a6c764,2026-06-17T01:42:01+00:00,2026-06-17T01:42:01+00:00,1,0,0,6.456,0,6.449544,1
0x4162f4acb1d840020e26b00cb8ec96854f43e118,2026-06-13T11:17:22+00:00,2026-06-13T11:17:22+00:00,1,0,0,1.002,0,0.999996,1
0x4169bcdf30f25dde88af6095ea92095e264098e9,2026-02-03T09:39:06+00:00,2026-03-07T05:54:43+00:00,8,0,0,30.32,30.27,55.83943,8
0x418a4a1b82cadb66fbaa395de13b57f703b9e91d,2026-01-22T13:02:36+00:00,2026-01-22T13:02:36+00:00,1,23.255812,0,0,0,0.9999989997210072,1
0x419f32f30814030554f5df3e9f508ad7394ce853,2026-04-29T15:36:52+00:00,2026-06-17T16:25:40+00:00,17,2687.885151,971.21,0,0,22.8833049827647323,17
0x419f424c173066a7ec91cfbebe5d378354e51d9a,2026-06-06T09:12:45+00:00,2026-06-16T02:50:43+00:00,2,0,0,125.0,125.0,249.2500,2
0x41b07f0aa9c8555508516c353a46aacc3acfe478,2026-03-18T14:02:23+00:00,2026-03-19T14:04:15+00:00,12,699.991479,0,0,0,25.4997090047920410,12
0x41c78a7bab1bdbcc68dadeb460a81d217b7be05b,2026-05-30T16:59:35+00:00,2026-05-30T17:51:32+00:00,2,0,0,24.9848,24.98,49.6899960,2
0x41c7907013d57a49cda893826de113e3af38c0da,2026-05-14T09:18:28+00:00,2026-05-14T09:19:10+00:00,9,1230.0,1230.00,0,0,19.68000,9
0x41cabfcfac9dd8044794245a115b5d7062fffd1a,2026-05-26T12:51:48+00:00,2026-05-26T12:51:48+00:00,1,0,0,18.209166,0,18.0999110003581668,1
0x41d6b431f53cf57cc2f00db489f091fbcbf3608b,2026-05-24T10:50:38+00:00,2026-05-24T10:50:38+00:00,1,3636.363636,0,0,0,39.9999989050909092,1
0x41eaa2d34a54e500e1882f01aa22e900ba7c8791,2026-05-17T12:20:10+00:00,2026-05-17T23:31:20+00:00,2,0,0,104.63,104.63,207.69055,2
0x41eccf801ec10f91e02ce71e8721401f15b15529,2026-05-12T12:32:20+00:00,2026-05-12T12:32:20+00:00,1,625.0,0,0,0,5.0000,1
0x41f6468b2c8e63f631dd8e282d07a3cab3331dd9,2026-05-14T09:27:36+00:00,2026-05-14T09:29:25+00:00,6,1190.0,1190.00,0,0,19.04000,6
0x41f7f36005c1b1e999faf0fab9fe647b3924a7f7,2026-05-14T09:29:21+00:00,2026-05-14T09:30:28+00:00,3,1180.0,1180.00,0,0,18.88000,3
0x41fc0db187dee7ff532131126d8d3795e16aa467,2026-03-01T23:13:47+00:00,2026-03-20T17:34:39+00:00,6,0,5.0,99.87,0,96.20668,6
0x4202ac018e17c57d37489171d80bdcc0baabdf4a,2026-06-07T13:03:57+00:00,2026-06-07T13:03:57+00:00,1,2786.666666,0,0,0,8.3599988833333336,1
0x4207c4f53b785c6d0d48512a497ebd845c29b81b,2026-01-30T08:33:52+00:00,2026-06-06T04:23:18+00:00,369,0,284389.741924,28681.011864,1082.48,31262.7952548811280355,328
0x42182d0419e447f6043f77858b1db0d9e0ad7fdb,2026-05-26T13:27:09+00:00,2026-05-26T13:27:09+00:00,1,0,0,10.211166,0,10.1498989999155336,1
0x42370050e95b3a5dcf5058d8cab470518efa7519,2026-06-14T03:49:28+00:00,2026-06-14T03:49:28+00:00,1,0,0,1.201,0,1.199799,1
0x423bfaf48c312e509012acd02f23b4300e30a9fc,2026-04-27T08:55:46+00:00,2026-04-27T13:47:46+00:00,2,101.0,101.0,0,0,3.2320,2
0x42416e931870784d8c3ea2c9027c6959ea32e033,2026-05-21T08:43:20+00:00,2026-05-21T08:43:20+00:00,1,222.222222,0,0,0,1.999999998,1
0x42477970683d4d0a52ec7082fee5d760cc5591c4,2026-05-11T15:00:59+00:00,2026-05-18T22:57:15+00:00,3,1708.333333,0,0,0,12.4199990113333344,3
0x425ced568d077610a18e65401ea4b114b7819659,2026-06-08T00:58:49+00:00,2026-06-08T20:18:49+00:00,2,0,0,30.06,30.06,59.96970,2
0x426f81d25726ab0e710bb6f9961d091fdcf743c1,2026-05-14T23:21:09+00:00,2026-05-14T23:38:08+00:00,2,0,0,9.063443,9.06,17.9875179999064544,2
0x4276afc89529686cd4e1415475535f308be5598e,2026-05-14T19:25:12+00:00,2026-05-14T19:38:44+00:00,2,0,0,9.063443,9.06,17.9875179999064544,2
0x427d0fa2fc2b543ce90746e55414e5236cf3fdbb,2026-05-31T09:09:17+00:00,2026-05-31T19:50:03+00:00,2,0,0,105.63,105.63,209.99244,2
0x42800c5b66e3a4cef9e54536d661b15af8e3ba6f,2026-05-14T05:49:24+00:00,2026-06-01T05:56:36+00:00,2,2916.666666,0,0,0,19.9999989960000004,2
0x428e3ea2970c4b13cefc9ec8e5b003cde296472f,2026-04-15T11:54:42+00:00,2026-04-15T11:54:42+00:00,1,38.461537,0,0,0,0.999999000461575,1
0x4298dbfce719144d5bd3fa6ceda9b1f6a32045da,2026-04-25T18:20:58+00:00,2026-04-26T12:15:20+00:00,2,0,0,373.15,373.15,733.61290,2
0x4299f21b0c0fe81c0c7b56e6d77f64b82ef53722,2026-04-11T20:14:07+00:00,2026-04-30T21:46:26+00:00,2,176.923075,0,0,0,2.9999989980769475,2
0x429a6112c29867f82322896408fb57b772cec211,2026-05-17T06:16:00+00:00,2026-05-25T01:08:18+00:00,2,2318.571428,2318.57,0,0,32.4599890685714288,2
0x42a7a275cc6e194f9de1238a5a547923eaf17df0,2026-05-13T07:29:45+00:00,2026-05-13T07:33:05+00:00,2,1420.0,1420.0,0,0,19.8800,2
0x42acf90008f234be67dd291094f15f41e614bfdd,2026-03-27T12:19:09+00:00,2026-03-28T04:02:09+00:00,3,0,0,3.031735,3.03,5.6791009999354673,3
0x42b279b94eb8404095b0b1f9ffcd9038461c00c3,2026-01-09T16:52:54+00:00,2026-01-09T16:52:54+00:00,1,0,0,5.0,0,4.9450,1
0x42bb0f778d56be0b71e1d7fdc8ca4f45ed9b9eda,2026-04-28T18:39:20+00:00,2026-04-28T18:39:20+00:00,1,60.0,0,0,0,1.0800,1
0x42ca7d49bf89ba7426bd615252f226a528cd8380,2026-03-02T09:31:47+00:00,2026-03-09T03:20:25+00:00,3,29.41,13.73,0,0,0.97077,3
0x42d360f97aa42d37a8a0bf7d8d60adf06bf5d047,2026-06-06T05:52:33+00:00,2026-06-06T05:52:33+00:00,1,0,0,60.0,0,59.8200,1
0x42d9d2d6f162c6fb4df64aad2761329bc9190211,2026-04-29T14:13:38+00:00,2026-06-16T18:34:41+00:00,2346,0,0,28547.277141,28547.267472,56642.6702740009380574,2345
0x42ddc734c187775e95725f2aee60a2b4e1a738ec,2026-02-23T16:10:52+00:00,2026-02-23T17:03:42+00:00,2,0,0,11.82,11.82,23.21448,2
0x42e886d66da6f448f00d55aa5d3379f0a0f4b786,2026-05-21T10:11:26+00:00,2026-05-21T10:11:26+00:00,1,2222.3,0,0,0,18.81000010474,1
0x42fe6f38a1f9bfa0504197e95d55b29c4ae2cb2b,2026-06-11T22:13:46+00:00,2026-06-11T22:13:46+00:00,1,0,0,1.003,0,0.999991,1
0x4305c60d2eddf44a89a245aa66aec337d02fdc49,2026-06-17T13:26:20+00:00,2026-06-17T13:26:20+00:00,1,500.0,0,0,0,1.0000,1
0x43094a25eb2b799de86392ebaa2456a191ec3cb1,2026-06-17T16:38:02+00:00,2026-06-17T16:38:02+00:00,1,5000.0,0,0,0,5.0000,1
0x431e39f2721fa19a7d4a4a2e2e397cc547ddacdc,2026-06-15T01:39:07+00:00,2026-06-15T09:33:31+00:00,2,500.0,500.0,0,0,1.5000,2
0x43301a0f9d09947b9bb81ca2015f82cdf561fae6,2026-06-17T05:48:11+00:00,2026-06-17T06:36:56+00:00,2,133758.13,0,0,0,133.75813,2
0x434929364d4e31945028215e2f60d71d94071b4e,2026-06-14T09:23:28+00:00,2026-06-14T09:23:28+00:00,1,0,0,2.002,0,1.999998,1
0x435369035231089b216318cf37e9377b652a47f2,2026-06-10T18:30:36+00:00,2026-06-10T18:30:36+00:00,1,275.0,0,0,0,1.1000,1
0x4358432b49ec6a0e75903d76a4397e06b40d7f1b,2026-06-07T21:20:34+00:00,2026-06-11T13:08:13+00:00,2,406.666666,406.66,0,0,2.8466389813333350,2
0x43614c23c058f1fa810c4f9dc7d120fc477d873f,2026-05-17T11:52:52+00:00,2026-05-22T16:54:43+00:00,4,5600.0,5400.0,0,0,81.0000,4
0x43676e71c1f1ea5cb695376f75cfdabe37019b0f,2026-05-27T01:59:48+00:00,2026-06-07T20:32:19+00:00,2,0,0,99.5975,99.59,198.2911450,2
0x436a643072471a27581a128f9952a423186ca99a,2026-06-14T03:40:07+00:00,2026-06-14T12:32:28+00:00,2,0,0,5.005,5.0,9.989995,2
0x436bb7b3ba8a78e67ef7a752da457b5461686f4e,2026-06-10T07:59:33+00:00,2026-06-10T07:59:33+00:00,1,142.857142,0,0,0,0.999999994,1
0x4370f09ddd4ddef6519f69a2336a4a1c2e55eaa7,2026-03-29T12:01:14+00:00,2026-03-29T12:04:50+00:00,3,0,0,1069.841268,1069.84,2021.9987980460317464,3
0x4378e6fd9ee4ab01426800511ff6a2a6f7b97527,2026-06-17T05:50:10+00:00,2026-06-17T19:13:38+00:00,2,0,0,106.11,106.11,211.90167,2
0x43827d6c12c300efb3c684d3804dc8d2fd8331e8,2026-06-05T02:50:22+00:00,2026-06-05T02:50:37+00:00,2,0,0,501.504333,501.5,999.493820001,2
0x438869cee40ca107675a97245ae6092abed1aa19,2026-04-24T08:01:16+00:00,2026-04-24T08:01:16+00:00,1,0,0,1.486722,0,1.4599609999858506,1
0x43a73e1988b8d7fe73870d854026a6f3222c0b46,2026-03-17T09:37:25+00:00,2026-03-23T07:55:13+00:00,4,70.0,70.0,0,0,6.8100,4
0x43aa65968cf2a30ab9c166888ef8fd03ebaf70fc,2026-05-14T08:40:51+00:00,2026-05-14T12:23:25+00:00,2,0,0,113.4,113.4,225.0990,2
0x43af446eefa00e2d29ba12d53b946c609e7e31c8,2026-06-12T20:59:57+00:00,2026-06-12T21:14:57+00:00,82,0,0,12651.4365,12651.43,25239.6093370,82
0x43af4a2f8add903b3969a7d2a0c8633fbbb6c62e,2026-06-01T14:47:52+00:00,2026-06-15T05:53:58+00:00,3,333.333332,333.33,0,0,2.333327992000008,3
0x43b25accb1d3cff1debe0535bd24c4d6f6455168,2026-06-17T00:48:07+00:00,2026-06-17T00:48:07+00:00,1,500.0,0,0,0,1.0000,1
0x43b64c676eebc071c55152775aa630e34519fd3b,2026-05-19T02:32:51+00:00,2026-05-19T17:32:58+00:00,2,0,0,104.73313,104.73,207.892157995740183,2
0x43bbcf2451d3bee0aa365eb05cd40d4e6220e374,2026-05-27T17:56:49+00:00,2026-05-27T17:56:49+00:00,1,0,0,15.7645,0,15.6699130,1
0x43bc186fa986ac8371523eb3d7735359a222a72d,2026-05-29T20:15:11+00:00,2026-05-29T20:15:11+00:00,1,333.333333,0,0,0,1.999998998000001,1
0x43bfd60a58e6f76ecda191a959ee510984c33141,2026-05-08T14:43:40+00:00,2026-05-08T14:43:40+00:00,1,5.1,0,0,0,0.0255,1
0x43c4bea102c2466d1053b165345aabeb3931d680,2026-06-14T15:27:51+00:00,2026-06-14T15:27:51+00:00,1,0,0,55.535,0,55.479465,1
0x43c58660737d0f07576ee413edd2c069a2b682e8,2026-04-01T15:46:11+00:00,2026-04-01T20:53:31+00:00,2,0,0,43.47,43.47,84.3318,2
0x43e0af05965b6786c71d574a576b570002a546d1,2026-06-10T17:00:46+00:00,2026-06-10T17:00:46+00:00,1,1000.0,0,0,0,5.0000,1
0x43e5c19adb35513a080bd42a80d565d8ca65ba5f,2026-04-11T22:41:47+00:00,2026-04-12T20:45:41+00:00,7,136.914284,136.91,0,0,6.7251289984286172,7
0x43e98f912cd6ddadaad88d3297e78c0648e688e5,2026-06-11T13:34:00+00:00,2026-06-11T18:41:00+00:00,48,54999.97625,54999.97,0,0,439.99978500,48
0x43ee1f69bddce60b2b2203380ba20d489dfcc017,2026-05-27T13:11:17+00:00,2026-05-28T01:58:39+00:00,2,0,0,280.16,280.16,556.39776,2
0x43f252c472a82a3ce5e32eb4c927a501bb7484cc,2026-06-15T07:33:15+00:00,2026-06-16T06:58:37+00:00,2,0,0,712.712,712.71,1423.283868,2
0x43f2ba199ee707da96560d2e33a7d1b70ee9ced5,2026-03-04T05:57:33+00:00,2026-03-04T05:57:33+00:00,1,67.066665,0,0,0,4.9999989973988820,1
0x43f5f0ac66d75814c34d9c3eed1fae9d5fed0a01,2026-06-13T20:06:37+00:00,2026-06-13T20:06:37+00:00,1,0,0,1.002,0,0.999996,1
0x440983e1003d34a48a7f93c5a63c507f965821e2,2026-06-11T08:58:49+00:00,2026-06-11T08:58:49+00:00,1,0,0,1.004015,0,0.9999980000411570,1
0x44217be8ce1a52db2fb424a7158c2709603601a5,2026-05-08T09:56:04+00:00,2026-05-08T09:56:04+00:00,1,0,0,1.009,0,0.999919,1
0x442c1328b05a832a812de0eac32899b1e7112a71,2026-06-17T07:42:23+00:00,2026-06-17T07:42:23+00:00,1,500.0,0,0,0,1.0000,1
0x444339f689d72c5eab4c78a621ccb9231967faf5,2026-02-07T12:12:33+00:00,2026-02-07T12:13:47+00:00,4,0,0,309.0,309.0,604.0950,4
0x4450a0cd6ef122ad57d86534f572496b7f1bd798,2026-05-03T06:54:50+00:00,2026-05-03T08:43:16+00:00,2,0,0,1071.46,1071.46,2126.84810,2
0x4458f71a80726b8513875f70e466e836053fd618,2026-06-17T17:35:13+00:00,2026-06-17T17:35:13+00:00,1,666.666666,0,0,0,1.9999989980000010,1
0x446a1d510c3c8137324cfdd67989fddce99a6cec,2026-05-17T12:13:38+00:00,2026-05-18T00:28:35+00:00,2,0,0,110.97,110.97,220.38642,2
0x4474fb11573ada357c4d04d4cdd6f5adee3bba58,2026-05-24T03:36:15+00:00,2026-05-25T02:39:20+00:00,2,0,0,12.1212,12.12,24.023028,2
0x447979a5ca82ca34a1592ced86a0e152ba27e995,2026-03-31T11:49:05+00:00,2026-03-31T12:00:43+00:00,2,0,0,6.7,6.7,12.7903,2
0x448c8961f3717ab297b7b25c2b846a45f6588255,2026-05-14T20:17:44+00:00,2026-05-14T20:33:53+00:00,2,0,0,8.056393,8.05,15.9855980000574563,2
0x448dc58aa9eafd11aafad97ea7d38c894eb87e67,2026-05-17T23:57:47+00:00,2026-05-18T13:39:37+00:00,2,0,0,114.01,114.01,226.19584,2
0x4494b52b03564de62e2071ef79a68643f3cf1be3,2026-06-11T09:05:37+00:00,2026-06-11T09:05:37+00:00,1,0,0,1.004015,0,0.9999980000411570,1
0x44a77db9932142b4a4cd167c842fd1d17969c2e4,2026-05-13T23:20:07+00:00,2026-05-13T23:20:07+00:00,1,0,0,2.0,0,1.9840,1
0x44b8adb98b38aa30ba61e30ea7307574833397ca,2026-05-13T07:18:28+00:00,2026-05-13T07:29:45+00:00,3,1380.0,1380.00,0,0,19.32000,3
0x44ba335af2b744d21c3f13c6f3ab17dae9ae2981,2026-06-15T01:35:57+00:00,2026-06-15T01:35:57+00:00,1,0,0,4.534,0,4.529466,1
0x44bef5f7a3a57ff6f13605f0b51ec9cd35695b75,2026-04-25T09:44:34+00:00,2026-04-29T12:03:58+00:00,2,0,0,2197.74,2197.73,4322.94474,2
0x44c11d690d577bdf792eca66b2d6281a5355d3c9,2026-05-26T17:28:37+00:00,2026-05-26T17:28:37+00:00,1,0,0,20.0905,0,19.9699570,1
0x44c75162a4737abdd2d4596100b43d2fbf5fbf1a,2026-05-01T16:30:38+00:00,2026-05-01T16:30:38+00:00,1,1250.0,0,0,0,10.0000,1
0x44d6bc9f8ec592b8fc6aa200ee72b568b5b26b27,2026-06-17T05:50:10+00:00,2026-06-17T18:34:14+00:00,2,0,0,108.11,108.11,215.89567,2
0x44f50d7c70481f89deed92a729acf9a78035ea4b,2026-03-28T13:52:07+00:00,2026-06-09T08:13:33+00:00,2,0,0,53.304903,53.3,103.1400989980085291,2
0x453341414fc65f9206e10ae0dd4e704dd83705a8,2026-03-07T16:27:09+00:00,2026-03-07T16:35:19+00:00,3,2109.0,2109.0,0,0,265.7340,3
0x453ab2bab985a4887633521659ef1d2da1353f0c,2026-05-27T13:11:17+00:00,2026-05-28T01:36:06+00:00,2,0,0,96.47,96.47,191.58942,2
0x453abdc4213206c6e075e9528bdc0f1c6aeffdb8,2026-03-04T06:28:55+00:00,2026-04-29T18:33:10+00:00,93,780.801285,780.795,0,0,71.6536289991634032,92
0x453ae5e896ea243f332ed97c1c77bf2888ce81d2,2026-04-13T20:59:25+00:00,2026-06-10T17:39:58+00:00,195,174767.438440,158665.21,0,0,3460.3433650360650211,195
0x453c5525d9f0e4b40430e92000e5191fb402f5ee,2026-05-07T13:06:25+00:00,2026-05-22T08:23:06+00:00,4,0,0,39.13,39.13,77.61392,4
0x453f02cc0cc48242143a4ed46ca44027e856913f,2026-05-29T14:10:08+00:00,2026-05-29T15:38:33+00:00,2,0,0,11.2662,11.26,22.4023090,2
0x454518b0d04103a9613e30b84aaaee7b49922744,2026-05-11T14:27:39+00:00,2026-05-11T16:17:52+00:00,2,0,0,85.824833,85.82,170.443324002,2
0x4560328f04f84c40f5e4f6030dc0150099fc8ce8,2026-04-14T12:41:25+00:00,2026-04-14T12:41:25+00:00,1,10.0,0,0,0,0.3500,1
0x4562a32953c683d3697433c2ebd53b962e23063a,2026-05-14T09:29:23+00:00,2026-05-14T09:31:48+00:00,3,1190.0,1190.00,0,0,19.04000,3
0x4563dd260f0e30bb411e7bc22a3fedd1c76eddd1,2026-04-19T15:56:36+00:00,2026-05-29T23:43:54+00:00,2,219.298243,0,0,0,1.9999979958421449,2
0x4574fbebce1d0ac4ba8975f89061a39ec53f0b7a,2026-06-14T18:59:54+00:00,2026-06-15T14:37:43+00:00,3,124000.0,0,0,0,174.0000,3
0x458c5bfd9bff538f98216a67b156832e7486c504,2026-02-23T21:28:08+00:00,2026-06-10T17:00:46+00:00,247,0,0,8109.226433,8059.219343,15881.5514890010341324,238
0x458ec6c277e55f363062faed5c5d121fc58fe906,2026-06-06T08:13:04+00:00,2026-06-09T17:51:48+00:00,3,881.666666,0,0,0,4.069999996,3
0x45952ed80d6394d98cf9e9ce073c5d674520158c,2026-02-13T11:31:53+00:00,2026-02-17T02:57:57+00:00,16,0,0,442.74,442.714853,869.9592519997425358,16
0x45a21c9a9b866fcb5822be595b23bf55309abe25,2026-05-28T08:02:51+00:00,2026-05-28T08:02:51+00:00,1,0,0,562.0,0,558.6280,1
0x45a7899db41a9806234132c3989f6c45593bfa22,2026-03-15T08:04:35+00:00,2026-03-22T12:55:25+00:00,4,56.891024,56.89,0,0,3.7892290001026240,4
0x45d8a44c08efe5b4bf9bf59f900ed61a20abbcfb,2026-06-11T11:34:10+00:00,2026-06-11T11:34:10+00:00,1,0,0,1.003,0,0.999991,1
0x45dbbf4fed6c845f4e857edc6e744236501c8f65,2026-03-31T03:34:03+00:00,2026-04-01T08:36:23+00:00,15,1999.97330,0,0,0,87.6090650,15
0x45de679b689efc5559f36321b6e6a7d552e7e7a8,2026-06-12T23:51:52+00:00,2026-06-13T00:27:57+00:00,2,0,0,8700.0,8700.0,17356.5000,2
0x45e74b87d293efa339cada452ca3a37a70280eab,2026-03-22T17:31:03+00:00,2026-04-01T21:03:11+00:00,5,26052.762949,0,0,0,999.9999980922149866,5
0x45fe7e16e736ef7ec1c964a471eb8f2a1489ca82,2026-05-30T08:59:16+00:00,2026-05-30T10:12:02+00:00,2,0,0,11.1256,11.12,22.1232520,2
0x4609e97defbb64753f1ce3ee927656278df87dd4,2026-06-15T04:42:16+00:00,2026-06-15T04:47:57+00:00,2,0,0,1201.201,1201.2,2398.797399,2
0x460b908fbfccd5573edc290be39088fb5b26c4dd,2026-05-14T23:52:45+00:00,2026-05-14T23:52:45+00:00,1,5000.0,0,0,0,40.0000,1
0x46145a5b23c8dfe28d1cacef258505126e21e77b,2026-06-03T07:20:38+00:00,2026-06-06T12:43:33+00:00,3,1500.0,1500.0,0,0,14.45353005000,3
0x4639994bdddea4274a3a70a1c08f66c95ba5b763,2026-05-14T09:18:35+00:00,2026-05-14T09:19:14+00:00,3,1270.0,1270.0,0,0,20.3200,3
0x464818e374659e3e033e34eb730c435117af0953,2026-06-13T00:38:28+00:00,2026-06-14T11:42:45+00:00,3,9833.333333,0,0,0,22.9999989990000001,3
0x464fd0572bb9a33fa11c9bbd4661652bd6088947,2026-06-14T10:51:24+00:00,2026-06-14T10:51:24+00:00,1,2500.0,0,0,0,5.0000,1
0x466334013f0355fc0a0042eaf25d316a743121af,2026-06-17T17:28:37+00:00,2026-06-17T17:28:37+00:00,1,0,0,49.34,0,49.19198,1
0x466acf549dd0f356529336f459b5ef89562adbb5,2026-04-16T04:06:48+00:00,2026-04-16T04:09:16+00:00,2,0,0,19.36,19.36,37.96496,2
0x468656779dac6a4edb09a6370423eabbd972f0f8,2026-06-03T10:58:24+00:00,2026-06-03T14:24:04+00:00,2,0,0,14.3216,14.32,28.4840720,2
0x4692e53c913c1c6c4db4d2056d364edd8da37a00,2026-05-09T08:22:51+00:00,2026-05-09T08:22:51+00:00,1,0,0,4.0402,0,4.0199990,1
0x469c7f793fa34a154f2d378b2397daa9eb65309b,2026-04-24T15:41:40+00:00,2026-06-08T23:48:51+00:00,949,243015.124164,243015.059454,204.96,204.96,4485.3820346899394681,927
0x46b5d42c8427acdbbe1de860ede4a9e040407d11,2026-05-05T16:21:42+00:00,2026-05-05T16:21:42+00:00,1,0,0,5.927375,0,5.879956000,1
0x46bb36905bb38b594ce71ca632951ff13d93f08f,2026-06-10T20:06:15+00:00,2026-06-10T20:09:43+00:00,2,0,0,7.45,7.45,14.84785,2
0x46ed4b96e1ce6d8d3f3584a1fe87195f8f67894a,2026-05-13T05:37:31+00:00,2026-05-13T07:12:54+00:00,3,1410.0,1410.00,0,0,19.74000,3
0x46ee84132281e482a6ea9eaf2a26db8328b90752,2026-06-04T11:36:48+00:00,2026-06-15T11:20:27+00:00,4,21200.0,0,0,0,36.0000,4
0x46f296c00b7f5ee9a7472c544a986873391a395a,2026-06-14T10:49:39+00:00,2026-06-14T10:49:39+00:00,1,0,0,2.002,0,1.999998,1
0x46f85c2cae7a93885d3deb782faf09328ab541b3,2026-06-02T05:08:59+00:00,2026-06-02T06:48:55+00:00,2,0,0,25.9194,25.91,51.5443430,2
0x47075a7ac94de4c11353f31235ee4016bc5d61d0,2026-05-13T18:51:51+00:00,2026-05-13T19:01:14+00:00,2,0,0,50.3,50.3,99.5437,2
0x470cdf07fb89ae4315e0d2e4f3f5292ee59e60b4,2026-05-11T15:03:40+00:00,2026-05-12T04:51:22+00:00,2,0,0,64.75,64.75,128.52875,2
0x471167a58d4de44acf5be6423d38dbea58428eeb,2026-06-17T17:39:08+00:00,2026-06-17T17:39:08+00:00,1,500.0,0,0,0,2.0000,1
0x472a819cfd981049da8b04a30265798418b07cc6,2026-06-14T03:16:34+00:00,2026-06-14T03:16:34+00:00,1,0,0,23.063,0,23.039937,1
0x472acbdeaebebf19896caf423bf091bb1bccd664,2026-06-10T10:32:25+00:00,2026-06-10T10:32:25+00:00,1,0,0,1.006,0,0.999964,1
0x474c2ebdb7d5380f0e7f21c49f24c9ff60d538eb,2026-05-07T02:36:38+00:00,2026-05-07T02:36:38+00:00,1,0,0,3.188666,0,3.1599679999415346,1
0x474e24f237966e1275281771dc80382c3b854055,2026-06-06T04:23:18+00:00,2026-06-06T15:37:43+00:00,2,0,0,118.57,118.57,236.07287,2
0x4775e4c406772cbabcf35ff804e9e1a6d6592c69,2026-06-13T02:09:13+00:00,2026-06-13T02:09:13+00:00,1,0,0,1.002,0,0.999996,1
0x47832881d1e15a6a44486b721a76b9b5c2e2fb6a,2026-05-13T04:26:09+00:00,2026-05-13T04:34:38+00:00,3,1380.0,1380.00,0,0,19.32000,3
0x47870460e5fb7f68e74630bfc118e3b26d6a1d96,2026-06-06T06:57:30+00:00,2026-06-06T06:57:30+00:00,1,250.0,0,0,0,1.0000,1
0x478807bfabdac05d84e9a594eddea2d8e4df94cc,2026-05-22T01:30:31+00:00,2026-05-22T01:30:31+00:00,1,90.909089,0,0,0,0.9999989971818388,1
0x4789dda83bed3b3257776ab05c3a8de1306538c9,2026-05-26T10:00:12+00:00,2026-06-02T05:21:32+00:00,2,0,0,145.875166,145.87,289.994695004,2
0x478b9dfb256869f232e893e15c8f0b0f6a29982b,2026-06-07T15:00:18+00:00,2026-06-07T15:00:18+00:00,1,0,0,440.0,0,439.1200,1
0x478f607e14f179b5cf0e0cebd8f3687d2d881c70,2026-05-29T18:25:47+00:00,2026-05-29T18:25:47+00:00,1,166.666666,0,0,0,0.999998996000004,1
0x47939a2c7ce2cfb3ed6ac86dc346fcbe42841d39,2026-02-25T16:00:06+00:00,2026-02-25T16:00:06+00:00,1,0,0,5.0,0,4.9400,1
0x4798830e7791492f2c53951a1294c6e6b5fe1920,2026-05-31T06:43:31+00:00,2026-05-31T06:43:31+00:00,1,0,0,1181.7688,0,1175.8599560,1
0x47ae472386340dc4c3fbcda40f0efe8c7a854aa2,2026-03-21T03:54:53+00:00,2026-03-21T03:54:53+00:00,1,0,0,10000.0,0,9609.0809100000,1
0x47b605c474d78f722594157407553a5abf650eb2,2026-06-07T08:41:06+00:00,2026-06-07T20:55:45+00:00,2,0,0,34.102,34.1,67.997394,2
0x47c3db864c015f72985f6cce49649881956ac74b,2026-05-29T02:41:05+00:00,2026-05-29T02:41:05+00:00,1,0,0,5.025,0,4.999875,1
0x47cd6b96752a33a0e3c5cb75e7bb51d8714a318b,2026-05-11T11:59:18+00:00,2026-05-11T15:32:34+00:00,3,3700.0,3700.0,0,0,48.1310,3
0x47dae06b8955d626ac0c2a6c856388ed1536ce18,2026-05-20T07:55:18+00:00,2026-05-21T03:35:30+00:00,2,0,0,1248.91,1248.91,2477.83744,2
0x47dc106134d81652227b8d659f0ba814250a6f77,2026-05-15T07:12:19+00:00,2026-05-15T07:12:19+00:00,1,0,0,5.7645,0,5.7299130,1
0x47f03a2073e7a381761c5b28b676b536fda2894f,2026-05-24T16:47:06+00:00,2026-05-25T03:06:08+00:00,2,0,0,324.59675,324.59,643.99325600,2
0x47f29e9fa70137a7c046e7c0030dc7eb56e567ff,2026-05-24T12:20:00+00:00,2026-05-24T12:20:28+00:00,2,0,0,50.454555,50.45,99.8950240004527510,2
0x47f356e6c235aca603f36d206634118346dde50a,2026-02-20T04:20:38+00:00,2026-03-10T04:34:09+00:00,2,76.923075,76.92,0,0,4.0767989980769475,2
0x47f4b1c411454b264e04ac788f51d438dd97edc9,2026-05-27T05:43:20+00:00,2026-05-27T05:43:20+00:00,1,0,0,63.863166,0,63.4799869976136834,1
0x47f5bf33b38a575d287e0450ace84e8e0fca7b7c,2026-06-11T22:02:09+00:00,2026-06-11T22:02:09+00:00,1,0,0,1.003,0,0.999991,1
0x47f73420e75fda5843e825feba5c7829ae110312,2026-04-16T04:07:38+00:00,2026-04-16T09:13:58+00:00,4,20.0,20.0,0,0,0.8400,4
0x481168be5a4e0249dbd68dc185221e0c49ca9a13,2026-03-19T13:39:23+00:00,2026-06-11T23:30:48+00:00,2,714.285713,714.28,0,0,32.1428390174285731,2
0x481a58a8873c416da74dc3cf1a65d26ab7428ee4,2026-04-05T07:30:37+00:00,2026-04-24T07:02:20+00:00,130,8585.846484,8585.555554,0,0,357.0909839856316281,130
0x481bacf6b334125dbdb47cc080d07c0733ab5060,2026-04-04T04:18:33+00:00,2026-05-10T08:06:46+00:00,2,0,0,149.36,149.36,292.89496,2
0x482e2c9cfbe2e00ebf004ab5ad8dc3ce71a72d55,2026-04-29T19:07:56+00:00,2026-04-29T19:07:56+00:00,1,121.557646,0,0,0,1.9999999960007186,1
0x483edc0ba5faa520fc330eafeb41e4aa1577095c,2026-05-14T09:44:54+00:00,2026-05-14T10:01:21+00:00,2,0,0,5.035142,5.03,9.9896559999578296,2
0x4848379a9779a8dcfe80be3ba46e3912f4c50e2c,2026-04-29T14:13:38+00:00,2026-06-16T18:34:47+00:00,2290,0,0,36007.714441,36007.71,71435.9220730002350189,2290
0x48536d9e5382eaf25d143f4eaea09e512f0e8fc4,2026-06-11T04:25:25+00:00,2026-06-15T11:20:27+00:00,2,0,0,100.0,100.0,199.5000,2
0x48692521a0d2012edb04b92335a87e1262485c48,2026-03-07T19:05:41+00:00,2026-03-07T19:14:41+00:00,2,0,0,1094.0,1094.0,2060.0020,2
0x487372e07a499acaa311505c84c3a36791c009cf,2026-06-17T02:09:19+00:00,2026-06-17T02:09:19+00:00,1,2500.0,0,0,0,5.0000,1
0x4882abef4167fb152c4f8955971ede209e3166dd,2026-03-18T19:15:45+00:00,2026-03-18T19:15:45+00:00,1,0,0,60.401214,0,58.7099800019598786,1
0x48922085f1063928b452238d2f13dac1a73d4704,2026-06-12T05:55:33+00:00,2026-06-13T22:27:40+00:00,2,264.0,77.0,0,0,1.2100,2
0x489d856aa67acb3324051a979442db8d8055f292,2026-05-08T11:44:31+00:00,2026-06-04T03:45:22+00:00,3,0,0,12.260333,12.26,24.3266300005479334,3
0x48b26216ac54e8e98b49cf03d61b11343bb61c68,2026-05-06T06:38:20+00:00,2026-06-12T04:05:37+00:00,29,0,0,907.3014,847.30,1743.0911230,29
0x48cb900c5fd92af93f6b4d507107efabd7994591,2026-05-31T13:08:29+00:00,2026-05-31T14:06:09+00:00,2,0,0,15.417,15.41,30.657455,2
0x48d5ce164dc6e641781c14dad34b2d697a5bec29,2026-05-18T21:22:24+00:00,2026-05-21T13:42:38+00:00,5,12194.804444,12194.8,0,0,203.5533300966214368,5
0x48dc68b2335ba649f4cb80d358933d2ec4d31b59,2026-04-26T21:28:40+00:00,2026-04-26T21:28:40+00:00,1,125.0,0,0,0,2.0000,1
0x48dd51f15db10abca1b5a5bfd3542fcc1c47028e,2026-05-17T12:20:10+00:00,2026-06-06T01:07:19+00:00,4,0,0,110.30,110.30,219.38592,4
0x48e1758b0bfd0c26f3a2e23c63ba0671d2485582,2026-05-12T15:44:17+00:00,2026-05-12T15:44:17+00:00,1,833.333333,0,0,0,4.9999989980000004,1
0x48e6c2d34487cb12cee4e98429c7f350c1cd22f1,2026-05-27T23:56:11+00:00,2026-05-27T23:56:11+00:00,1,0,0,17.7565,0,17.6499610,1
0x48f97930ac76cf00a8cc95deea81704f7f08e61d,2026-04-10T05:22:01+00:00,2026-04-10T05:22:01+00:00,1,500.0,0,0,0,10.5000,1
0x4902d69bb51819fdc821671cb2a23be4824d9b08,2026-03-01T12:06:15+00:00,2026-03-02T04:03:05+00:00,29,1999.976887,0,2000.129472,0.15,1996.7235550035512101,29
0x4904c7ffd87ab686568d71c7b4f5d68586ea65f2,2026-04-10T17:44:09+00:00,2026-04-22T08:15:52+00:00,2,2685.867,1342.93,0,0,71.4868798891609,2
0x4912de3d2cc09d28917f232cf623ef339961c07b,2026-06-06T19:52:58+00:00,2026-06-13T03:48:07+00:00,2,3075.0,0,0,0,10.3000,2
0x4914ecc5bb003743848116aa70bea00a549edcf1,2026-06-05T02:07:03+00:00,2026-06-05T02:07:31+00:00,4,0,0,10.180,10.18,20.288740,4
0x4946fce5fd9771192b1ecdfbbce60840149bb9c8,2026-06-11T04:25:25+00:00,2026-06-15T11:20:27+00:00,2,0,0,100.0,100.0,199.5000,2
0x4955b02b46cb4dbf14ad15d0fc154b9fb0e6ae44,2026-06-01T07:44:50+00:00,2026-06-01T09:08:43+00:00,2,0,0,10.0502,10.05,19.9896490,2
0x4959175440b8f38229b32f2f036057f6893ea6f5,2026-01-01T19:21:19+00:00,2026-03-06T09:29:17+00:00,16,0,0,221.75846,221.753483,428.1601370007282582,16
0x49599c54d9c1dcc52c68829c7b17acff3b4bcd46,2026-06-14T07:31:21+00:00,2026-06-14T07:31:21+00:00,1,0,0,1.001,0,0.999999,1
0x497d6188cfc384ea083f2354d567910b8468944c,2026-03-18T13:21:57+00:00,2026-03-28T16:21:15+00:00,12,265.600906,265.60,7.17,7.17,36.3571690005543378,12
0x498cc389096f34e0a88e73abb3ee9ebc9f24a5cb,2026-06-10T10:34:13+00:00,2026-06-10T10:34:13+00:00,1,0,0,1.207166,0,1.1999230000163522,1
0x49a0b413e4f8d98fc79a8226aae396f8fe53f4cf,2026-03-09T02:46:17+00:00,2026-03-20T14:56:27+00:00,2,424.572462,0,0,0,14.8999989926091354,2
0x49e1c51e0910214d15e122963c893f24e2ed7bf6,2026-06-17T15:46:38+00:00,2026-06-17T15:46:38+00:00,1,101.0,0,0,0,0.1010,1
0x49ee568787cc20e7ec93bffb87b0921949e4bcd0,2026-04-07T17:57:39+00:00,2026-04-07T20:44:51+00:00,2,0,0,16.3,16.3,31.948,2
0x49f017ee3cb72028d88ed177e0fbb366a4e4f1b6,2026-06-07T08:26:40+00:00,2026-06-08T05:27:30+00:00,2,0,0,51.153333,51.15,101.996423001,2
0x49f54ae2afb506be64a9f64b33e349e4d4b4b347,2026-05-14T15:00:59+00:00,2026-05-14T15:02:02+00:00,2,0,0,100.704857,100.7,199.894323001,2
0x49fbced8f22cbd67a1dd38a6b2f26fcaed61fd30,2026-05-22T11:24:24+00:00,2026-05-22T11:24:24+00:00,1,100.0,0,0,0,1.000,1
0x4a0422997fa095c3bcc8ac072da0c719b729889f,2026-05-28T10:33:07+00:00,2026-05-28T10:33:07+00:00,1,700.79,0,0,0,4.90553,1
0x4a0c83972bed508384bbbbdbcd88990808cd48fd,2026-04-29T18:25:04+00:00,2026-05-10T02:05:45+00:00,2,157.73,157.73,0,0,3.94325,2
0x4a1587952b4011b463827c816c33e420795d97cb,2026-05-28T10:57:41+00:00,2026-05-29T13:59:00+00:00,2,22619.047618,0,0,0,149.9999977310952382,2
0x4a18dfa8119705b3a22063e0a693bb019090a5ef,2026-06-09T12:36:45+00:00,2026-06-10T10:34:13+00:00,2,0,0,33.0,33.0,65.6700,2
0x4a31f29974ab021394e1487b121986f82c403f4e,2026-05-16T18:03:41+00:00,2026-05-17T06:56:57+00:00,2,0,0,54.88,54.88,108.99168,2
0x4a37f12a5c69362f10343c690f1c6e36567654cf,2026-06-14T00:38:33+00:00,2026-06-14T11:20:45+00:00,2,0,0,15.03,15.03,29.99988,2
0x4a3ae1ad9f6a6fb57c0e048cbd2d058213e6cbf7,2026-05-27T16:24:02+00:00,2026-05-27T16:24:02+00:00,1,0,0,14.4365,0,14.3498810,1
0x4a60f9da70f4449df7994c4b645c33aa18f4fe54,2026-06-05T07:37:16+00:00,2026-06-08T04:12:10+00:00,2,0,0,130.0,36.0,165.5380,2
0x4a716352ca10484cee2cdbea2dbc4a4759ca39af,2026-05-03T09:04:42+00:00,2026-05-03T23:04:08+00:00,2,0,0,118.85,118.85,235.32300,2
0x4a8e0d74126efe1ab4a0aa0cf2c061448d082ffd,2026-05-30T15:11:44+00:00,2026-05-30T16:50:31+00:00,2,0,0,42.3114,42.31,84.1559830,2
0x4a9c6eefb43a6823a85aa737816c56370721d393,2026-05-15T04:08:02+00:00,2026-05-15T04:08:02+00:00,1,0,0,3.111714,0,3.0899320001329716,1
0x4aa08c1e4ba6fdcddb752ca8886cc0834c75bfc0,2026-05-12T13:32:10+00:00,2026-05-12T13:32:10+00:00,1,2500.0,0,0,0,15.0000,1
0x4ac7c0cc1c13b4efd1d769b8be1ae4c80fddc45f,2026-05-29T15:36:28+00:00,2026-05-29T16:48:05+00:00,2,0,0,23.0752,23.07,45.8914040,2
0x4ac97cde9e30211820175a0220947da433f9e20f,2026-06-09T13:08:57+00:00,2026-06-10T16:37:07+00:00,2,0,0,86.74,86.74,172.78608,2
0x4acfcdaea2471acc885f0ec6cc59d89115980bc5,2026-06-07T19:53:03+00:00,2026-06-13T14:20:16+00:00,2,0,0,21.042,21.04,41.976796,2
0x4ad6cadefae3c28f5b2caa32a99ebba3a614464c,2026-06-17T14:37:49+00:00,2026-06-17T14:37:49+00:00,1,2084.0,0,0,0,2.0840,1
0x4ae51cd7da31a71a91a20302930a9a9d0db9a415,2026-06-11T09:35:39+00:00,2026-06-11T09:35:39+00:00,1,0,0,1.004015,0,0.9999980000411570,1
0x4ae8517e029d8d9b75a51d2ab966a92f2be4dbca,2026-06-09T12:03:37+00:00,2026-06-10T17:03:43+00:00,2,0,0,57.67,57.67,114.87864,2
0x4aeeb34eca5886a57f56e92dfc0d49c055d814d8,2026-04-04T03:58:01+00:00,2026-05-12T18:01:19+00:00,2,0,0,3.611967,3.61,7.0883359998834112,2
0x4af862717f92713afc945184b0a17903a502036c,2026-06-17T13:59:05+00:00,2026-06-17T13:59:05+00:00,1,0,0,10.010009,0,9.999998000009109,1
0x4afd97e677289e709f276054765024caf8c39aca,2026-06-17T12:10:35+00:00,2026-06-17T12:10:35+00:00,1,500.0,0,0,0,1.0000,1
0x4b0104022eed803adf011fed491b2051671f95a9,2026-02-16T17:16:07+00:00,2026-04-26T15:49:56+00:00,46,1468.042208,1468.04,0,0,47.3942739984636936,44
0x4b0f6df03b1e99fb3cdd5974a26675ca01615ba8,2026-04-12T15:43:17+00:00,2026-04-21T12:04:02+00:00,2,0,0,7.0,7.0,13.7130,2
0x4b4dc6af3a8aa20cb704c39b8115767ae080046c,2026-04-25T07:19:42+00:00,2026-04-25T07:19:42+00:00,1,166.666665,0,0,0,2.9999990033333430,1
0x4b53ea2bf733a641d9652795f750ac3e1928acf7,2026-06-09T16:43:06+00:00,2026-06-11T02:15:36+00:00,2,0,0,51.91,51.91,103.30090,2
0x4b5ed43cd8dc88f173901ff74fc794dd933dab3d,2026-03-28T05:45:55+00:00,2026-03-28T05:55:11+00:00,3,0,0,880.00,880.0,1650.88000,3
0x4b6374cc17336b20f8c8b26c902d34e0ff9c7fd2,2026-05-15T22:21:23+00:00,2026-05-16T07:56:22+00:00,10,0,0,51.90,51.90,103.12530,10
0x4b6c5c0ea8de42bd982f35576924640defda9a83,2026-03-20T17:32:33+00:00,2026-03-20T19:21:29+00:00,9,0,0,17.224024,17.22,32.9650220001201226,9
0x4b7410aefbf0f38012b0dfb1131a4de147a9e8d7,2026-03-30T21:23:43+00:00,2026-05-13T19:33:58+00:00,69,0,0,6925.05,6925.040748,13499.5347660002291089,66
0x4b8499afb06003d7d0b8696303b69ef9d19cf182,2026-05-16T18:03:41+00:00,2026-05-16T18:03:41+00:00,1,0,0,10.0,0,9.9300,1
0x4b89a290e984df90882a67099131f28adbacb1a2,2026-05-29T22:34:21+00:00,2026-05-30T17:21:12+00:00,2,0,0,117.6,117.6,233.7888,2
0x4b8c8f25a0ab91aa2bffe45de975f16fde2f9e5d,2026-05-11T14:03:40+00:00,2026-05-15T09:29:36+00:00,40,54799.99125,54799.99,0,0,770.12830000,39
0x4b91aa7e2084de59ba1d966dd9799c306878982d,2026-03-16T01:49:57+00:00,2026-06-15T11:20:27+00:00,179,5830.935127,5730.926776,0,0,182.2124739982175875,178
0x4b9b72ea902ed3b393bb0c0f757c22c738f97e7c,2026-03-20T06:34:43+00:00,2026-03-20T06:34:43+00:00,1,111.0,0,0,0,3.4410,1
0x4ba30e73c48aa74c3afd68c0c2c4c8f20d719cab,2026-04-30T07:52:30+00:00,2026-05-12T04:36:15+00:00,2,201.923075,0,0,0,1.9999989980769475,2
0x4bad6b4c4f70e5e4eb7908b2ae6e9efde3d462c5,2026-05-07T01:17:18+00:00,2026-05-19T07:01:21+00:00,14,999.983664,0,2013.0895,1013.1,3013.9949119987666622,14
0x4bb3389b9c3f475df1fcc3cada18ff05ff5f0822,2026-05-26T00:38:54+00:00,2026-06-01T08:26:36+00:00,2,0,0,140.845,140.84,279.994890,2
0x4bbc6c5ae2a13868a1cb9feb11dc635064e41418,2026-06-14T15:46:12+00:00,2026-06-14T15:46:12+00:00,1,0,0,15.015,0,14.999985,1
0x4bbd7fe9781882fd2d9c62bccaeb256483a8336c,2026-05-17T12:13:38+00:00,2026-05-18T02:23:42+00:00,2,0,0,54.78,54.78,108.79308,2
0x4bda0d43b30e7881d1633814d99960332e8ab133,2026-04-27T20:39:48+00:00,2026-04-28T05:34:52+00:00,6,3500.00,0,0,0,52.50000,6
0x4be0c1fc0740de09c655dc205dadec1f3cabc37d,2026-03-18T18:05:17+00:00,2026-03-18T23:05:27+00:00,2,0,0,15.0,15.0,29.0100,2
0x4bef45d5e64889925a217b1f85b514b7ca314833,2026-04-30T22:52:08+00:00,2026-04-30T22:52:08+00:00,1,83.333332,0,0,0,1.0000000006666664,1
0x4bf459194025b2ca11a2db2deb9ef2a08c467021,2026-03-30T21:24:55+00:00,2026-04-19T18:36:16+00:00,4,0,0,19.72,19.72,37.96651,4
0x4bf5193232d38fb9b93bd224bea9ca862981b17f,2026-04-29T05:11:56+00:00,2026-04-29T11:39:06+00:00,10,1555.537819,0,0,0,24.9997330120367715,10
0x4c07f621746ef3a3da37b7682b4159e627fc0796,2026-05-18T11:22:05+00:00,2026-05-20T09:36:34+00:00,2,0,0,81.570995,81.57,161.9174380023716020,2
0x4c16f19c0b786bc32706a2bd5382b36e508d4c26,2026-06-12T18:03:10+00:00,2026-06-12T18:03:10+00:00,1,500.0,0,0,0,2.0000,1
0x4c19314334da9a44126f78acd37359c470fdb4d6,2026-05-14T19:03:23+00:00,2026-05-14T21:21:08+00:00,2,0,0,61.168176,61.16,121.4107179972809824,2
0x4c224de10a3b74c979b14a1645453a76e0e10960,2026-03-20T17:38:19+00:00,2026-05-31T09:51:33+00:00,12,2617.851306,951.18,0,0,86.0574820137291682,12
0x4c2389c7e8aba8eec17099e4c85133b317837bf0,2026-05-16T18:03:41+00:00,2026-05-17T07:58:26+00:00,2,0,0,51.66,51.66,102.59676,2
0x4c2a306f6ede61c38819d7c2b6d5bc4ec2f25a26,2026-03-23T14:30:45+00:00,2026-04-11T13:41:35+00:00,6,0,250.0,0,0,9.39900000100,6
0x4c3a75bedb8b057cf274e03cdee85dea99153e2d,2026-05-27T01:24:52+00:00,2026-05-27T01:24:52+00:00,1,0,0,263.501,0,261.919994,1
0x4c3bbd097f9c6891cb1d0c52fdcddf75006787dd,2026-03-25T06:07:25+00:00,2026-03-30T08:33:54+00:00,2,800.0,800.0,0,0,86.4000,2
0x4c3c0c3a0574971eefa053d9984589edf502c646,2026-06-17T11:04:46+00:00,2026-06-17T11:04:46+00:00,1,100000.0,0,0,0,100.0000,1
0x4c3c2ebf85e0b301ac8bab38cb324ccf142ad58b,2026-06-17T11:37:25+00:00,2026-06-17T11:37:25+00:00,1,893.08,0,0,0,0.999999984140,1
0x4c4089c1c2d4169a9de43fad0382c1cdbfdbaf19,2026-05-19T06:28:03+00:00,2026-05-19T06:28:03+00:00,1,200.0,0,0,0,1.6000,1
0x4c454f8fdc8e2d368b949fe1250fcfe8fa81b9c7,2026-05-14T23:26:23+00:00,2026-05-24T10:05:18+00:00,4,0,0,15.126022,15.12,29.9788179999415891,4
0x4c711a793894177ed3dd0b6f38fdb9594904b63c,2026-06-16T13:33:44+00:00,2026-06-16T13:33:44+00:00,1,500.0,0,0,0,1.0000,1
0x4c75de7cccb2fdb1056fb8dd618a2fa4dfb8d40b,2026-03-01T23:07:53+00:00,2026-03-02T08:46:39+00:00,2,25.0,25.0,0,0,0.5750,2
0x4c872fbd4ce43548728bdf9c9469acc626e148e7,2026-01-31T13:45:10+00:00,2026-02-03T01:21:56+00:00,2,0,0,5.159935,5.15,10.0212270000361885,2
0x4caca944f562109e480b93add38c619b8a8da420,2026-03-13T01:01:07+00:00,2026-03-13T02:04:11+00:00,6,325.0,325.00,325.0,325.0,649.65989,6
0x4cb184a2f282a996d2b2fad0a7519f1037b27505,2026-05-19T15:03:25+00:00,2026-05-19T15:03:25+00:00,1,2000.0,0,0,0,16.0000,1
0x4cb27cf1d977b5af50d17999076d22179a158c1f,2026-05-25T17:03:36+00:00,2026-05-25T17:03:36+00:00,1,714.285714,0,0,0,4.9999989980000004,1
0x4cc774bed953aae18664dbabbbddf3eeb2d69e7c,2026-05-09T17:54:05+00:00,2026-05-12T01:37:38+00:00,4,0,0,200.6132,200.61,398.5153820,4
0x4cd6cb8affd2839c66d3dde4d734c12eca87f9f8,2026-05-28T00:27:51+00:00,2026-05-28T00:27:51+00:00,1,0,0,27.897333,0,27.7299489992102667,1
0x4ce434667023552bbd72df938b3531d787504f91,2026-03-18T06:24:21+00:00,2026-03-18T08:27:05+00:00,2,0,0,700.0,700.0,1340.5000,2
0x4ce436712bd5f3500fd581774d7e5103fa720744,2026-05-06T01:38:12+00:00,2026-06-03T01:27:26+00:00,17,0,0,1335.274125,1189.27,2507.854502000,17
0x4ced3119788722f2ed5ddcfe682221fb37cbd476,2026-05-27T01:53:51+00:00,2026-05-28T03:13:02+00:00,2,0,0,71.4285,71.42,141.9199890,2
0x4cee5212163359f4b3bb5b795f92228d87b589ac,2026-05-15T02:34:41+00:00,2026-05-15T03:12:53+00:00,2,0,0,664.652428,664.65,1319.332661004,2
0x4d1783bdadca15943aff1e7ee85309af3404e488,2026-06-15T05:27:57+00:00,2026-06-15T05:27:57+00:00,2,1000.0,0,0,0,2.0000,2
0x4d203855f91c48a5ac63425a8d57c0bb0b440821,2026-06-13T06:31:15+00:00,2026-06-13T06:31:15+00:00,1,666.666666,0,0,0,1.9999989980000010,1
0x4d30ca1b1092fd80f9eda507a7a27d24e5d1fa59,2026-06-16T19:52:34+00:00,2026-06-16T19:52:34+00:00,1,0,0,41.711,0,41.669289,1
0x4d36c0e0d1d3e9c10d17787272c9fbbf55d552f7,2026-03-16T15:17:47+00:00,2026-04-15T13:36:08+00:00,36,0,0,1802.32,0,1736.87297000,36
0x4d38f1caa39f7d514a92d47429e0059fce811f9f,2026-05-27T18:16:41+00:00,2026-05-27T18:16:41+00:00,1,0,0,8.7725,0,8.7198650,1
0x4d3d3a91b53eef6f1b12859ee7c92622c7043b7f,2026-05-01T16:28:14+00:00,2026-05-01T16:28:14+00:00,1,140.0,0,0,0,0.9800,1
0x4d3e14cdd0aa30e3cf20e1e57d49263c69d12e20,2026-06-13T23:15:51+00:00,2026-06-17T09:32:22+00:00,4,20000.0,0,0,0,32.0000,4
0x4d3eb8aad60a056a5f812af53475b3ac3229ab33,2026-05-14T09:18:46+00:00,2026-05-14T09:22:00+00:00,4,1260.0,1260.00,0,0,20.16000,4
0x4d42f30075222ee6dcd8f066b02897d13b66c184,2026-05-08T08:27:24+00:00,2026-05-13T13:06:24+00:00,3,4005.0,4005.0,0,0,76.1140,3
0x4d5b4f7a883ed0f78f2f98574ab96cd93ce01cda,2026-05-26T14:07:03+00:00,2026-05-26T14:10:24+00:00,2,0,0,200.0,200.0,397.4000,2
0x4d5f0c2bb9da61fc3cdfe57c584e5ad427cc066e,2026-05-25T16:46:22+00:00,2026-05-25T16:46:22+00:00,1,962.857142,0,0,0,6.739999031142858,1
0x4d5f2daa1dcd2d15b9857f857b5a81c805b2ddf5,2026-05-13T13:37:15+00:00,2026-06-03T20:30:55+00:00,2,333.333333,333.33,0,0,4.666649997,2
0x4d65fcda724eda74013076516912b2ee8b0320d0,2026-06-10T16:19:37+00:00,2026-06-10T16:35:00+00:00,3,0,0,1133.640666,1133.64,2259.345184002,3
0x4d766f62e3d1a97243eaa244ea72dcfeac7390a0,2026-05-09T10:40:28+00:00,2026-05-11T18:26:23+00:00,19,0,0,2875.70,2875.69,5713.17410,19
0x4d7a0a7b0417bc9884c581bb3f3f9a11e700d061,2026-05-05T04:44:00+00:00,2026-05-05T04:44:08+00:00,2,0,0,45.4545,45.45,89.950005,2
0x4d96b524342d51140a653f81f4ec80e763dc1bcb,2026-05-14T09:31:57+00:00,2026-05-14T13:13:47+00:00,9,1180.0,1180.00,0,0,18.88000,9
0x4da95018de8c9bde6fd92bf4de7f8aecd13bf194,2026-06-08T03:13:39+00:00,2026-06-11T06:32:16+00:00,2,0,0,8.016,8.01,15.977928,2
0x4dadf913cc1413852621fddcbc5b78ff3734baf8,2026-05-24T22:21:55+00:00,2026-05-26T14:13:12+00:00,2,0,0,53.373571,53.37,105.9963659976626429,2
0x4db1dce547764703eafc3a2c4a51371d47ee371e,2026-05-27T13:11:17+00:00,2026-05-28T02:47:39+00:00,2,0,0,92.24,92.24,183.18864,2
0x4dc9f88e99a457573f3264dac46aff116d04186d,2026-05-30T16:25:19+00:00,2026-05-30T18:29:11+00:00,2,0,0,10.0502,10.05,19.9896490,2
0x4dd4d983aeca4cc3ab35791c69765d5effe5eb61,2026-06-14T06:47:21+00:00,2026-06-15T03:17:10+00:00,2,0,0,11.011,11.01,21.987969,2
0x4de000b65c83209da626f95c8a1352edc2f30f0f,2026-06-10T08:49:57+00:00,2026-06-16T09:18:27+00:00,7,36103.809190,0,0,0,109.4933279709832049,7
0x4de02e9d4a9534ec2ddf5a2b1531c19e5010869f,2026-05-11T13:13:57+00:00,2026-05-11T13:13:57+00:00,1,142.857142,0,0,0,0.999998994000006,1
0x4de1adead3960185d9c5a6b9245ad9cbba6c25c0,2026-03-16T02:00:23+00:00,2026-06-16T20:53:14+00:00,2,232.558138,232.55,0,0,10.232549003767448,2
0x4de1c7841fbda285f8eff69cd2913e772936ae8e,2026-05-27T04:57:01+00:00,2026-05-27T04:57:01+00:00,1,0,0,386.156833,0,383.839892002,1
0x4de572de93f67b48270c0aeb50490e1c5a7a3d85,2026-03-19T16:21:01+00:00,2026-03-19T16:21:01+00:00,1,25.25,0,0,0,1.000000000100,1
0x4de80893ef444d3977e5d3e3ecf2f5eb8ebcd267,2026-06-11T13:27:39+00:00,2026-06-11T13:27:39+00:00,1,0,0,1.054,0,1.049784,1
0x4df7da721042bf8b75bd1cb7acbeb7f83aaf522d,2025-12-11T21:18:41+00:00,2026-03-13T06:11:21+00:00,14,0,0,472.195665,0,459.0297660014272692,14
0x4e00bbb110e2b08425d048eab4fc2732e510e307,2026-05-27T16:42:16+00:00,2026-05-27T23:07:42+00:00,2,0,0,215.291666,215.29,427.782886004,2
0x4e09a94e3d2eae704adeb21b13e744e24ea50fe1,2026-04-28T01:26:34+00:00,2026-06-12T11:50:22+00:00,4,1500.0,1500.0,0,0,26.2000,4
0x4e0b8c142151f8931e7f95a8d01188573bef5f9d,2026-06-09T16:10:07+00:00,2026-06-10T12:22:45+00:00,147,97915.998827,0,0,0,587.4959919913124938,147
0x4e3126284b6090f025988db96dd23c04420ba909,2026-06-09T17:32:54+00:00,2026-06-11T02:33:03+00:00,3,20647.5,0,0,0,127.5900,3
0x4e364383f4bf8c6c753ab3abfe8d54a570cf4088,2026-05-20T08:01:03+00:00,2026-05-20T08:01:03+00:00,1,0,0,50.352428,0,49.9999609989647572,1
0x4e36481e72399f0d71c87eef5b25cc6df6c645a0,2026-06-01T05:04:38+00:00,2026-06-01T05:59:42+00:00,2,0,0,24.5828,24.58,48.8924060,2
0x4e46b9f0294af694769ba6432c0f1132329e2819,2026-05-01T20:12:52+00:00,2026-05-29T17:21:48+00:00,2,2916.666666,0,0,0,19.9999989960000004,2
0x4e5dca46f43e2ae7b48a1a2943454138831e434a,2026-05-16T08:05:58+00:00,2026-06-06T02:15:27+00:00,2,0,0,9.6,9.6,19.1040,2
0x4e611edff05fc4fc36823be1cc5eb86ebaeabf7c,2026-06-11T08:51:13+00:00,2026-06-11T08:51:13+00:00,1,0,0,1.506023,0,1.4999980000187333,1
0x4e70510b60ccc7f3699177d8225bbd02679e6367,2026-06-01T20:39:32+00:00,2026-06-02T19:56:28+00:00,2,166.666666,166.66,0,0,1.833298996000004,2
0x4e72c22cd76f9973a48aedfd79feeaacc8b7ffb9,2026-05-26T14:28:48+00:00,2026-05-26T14:28:48+00:00,1,0,0,75.0,0,74.5500,1
0x4e7a363ef4f11ea20415ffe44ae29507d9f8c8e7,2026-06-13T22:39:25+00:00,2026-06-13T22:39:25+00:00,1,0,0,4.088,0,4.079824,1
0x4e970b85d01ad72b1b8085ca7d022492278d8603,2026-06-12T10:11:07+00:00,2026-06-12T10:11:07+00:00,1,0,0,1.003,0,0.999991,1
0x4ea0b83c651a4422672c5184c08780acf8d5758c,2026-06-05T13:06:21+00:00,2026-06-05T13:54:57+00:00,2,0,0,103.831333,103.83,206.934519001,2
0x4ea75991def7fcb47cc7b444d3fe0f6bcec5b38a,2026-03-20T05:29:35+00:00,2026-03-23T03:06:59+00:00,4,442.35,442.35,0,0,36.75505,4
0x4eb03d9cdbd447bd322ff9e0f388e62ff1b16981,2026-06-16T10:05:10+00:00,2026-06-16T10:05:10+00:00,1,5000.0,0,0,0,10.0000,1
0x4eb19ab1a866bcc12e7e7bd7d468a3c68a244547,2026-05-22T08:08:24+00:00,2026-06-15T20:02:34+00:00,2,100.0,100.0,0,0,1.1000,2
0x4eb355683fdfa15b0001883e2f834247a91af9b7,2026-05-24T13:02:21+00:00,2026-05-25T18:54:14+00:00,2,0,0,185.671,185.67,368.370271,2
0x4ec828b2cba5e82d4236944a569a677e121491c7,2026-06-17T05:50:10+00:00,2026-06-17T19:32:38+00:00,2,0,0,55.21,55.21,110.25437,2
0x4ee18817acf0e37d09d575d3e4a0af7a711410be,2026-05-26T10:36:24+00:00,2026-05-26T15:11:20+00:00,2,145.0,145.0,0,0,1.8850,2
0x4ee74d4e4a74318a726ccf02a1875d54801b8c2b,2026-06-11T14:04:12+00:00,2026-06-11T14:04:12+00:00,1,200.0,0,0,0,1.0000,1
0x4efab42d95c79d41ae7b7d0e9cc5692ff3b4b8ee,2026-05-16T18:03:41+00:00,2026-05-17T18:14:31+00:00,2,0,0,161.0,161.0,319.7460,2
0x4f023f72d725d2f5149d80768e164a42a0e2823d,2026-05-29T18:37:10+00:00,2026-05-29T18:37:10+00:00,1,500.0,0,0,0,3.0000,1
0x4f1d5ae26fc31472966e951af3183308736d8de2,2026-04-29T06:31:48+00:00,2026-06-06T19:04:12+00:00,475,0,88.39,29570.349089,191.63,29511.4107299994939769,475
0x4f31f340fd745c94ddc752368b4b77bdf693c26e,2026-06-02T14:53:07+00:00,2026-06-02T14:53:07+00:00,1,1666.666666,0,0,0,9.9999989960000004,1
0x4f4396859a27ab8ee41ad192b1b2d2642e7177c1,2026-06-06T20:39:09+00:00,2026-06-06T20:39:09+00:00,1,250.0,0,0,0,1.0000,1
0x4f4e72bb5e6b8e75ef0a6cc4ca984306ea50b0c2,2026-03-25T06:49:51+00:00,2026-04-05T22:45:35+00:00,4,54.1,54.10,0,0,3.27130,4
0x4f4f9fb3cb06c9d0750d58ceec9ebad2e8e21dc4,2026-05-15T00:58:22+00:00,2026-05-28T12:29:47+00:00,2,125.0,125.0,0,0,1.7500,2
0x4f56b0b6d46695c31e6082861ff1fa51c8d24d0d,2026-06-14T08:13:43+00:00,2026-06-14T08:13:43+00:00,1,0,0,1.061,0,1.059939,1
0x4f637754e9d45c736498f064d2f1d5a302fb0f5e,2026-06-08T02:17:34+00:00,2026-06-08T02:17:34+00:00,1,3333.333333,0,0,0,9.9999989990000001,1
0x4f66923f09e23f63cc7f2f22f94f94d6c93d487f,2026-04-01T16:39:55+00:00,2026-04-02T00:41:07+00:00,2,0,0,39.08,39.08,75.69796,2
0x4f68691eeee09f0602baa8448518f32a1dc0d0f9,2026-04-19T20:53:22+00:00,2026-04-19T20:53:22+00:00,1,300.0,0,0,0,5.7000,1
0x4f8f78f9f707602984a68923bfee059e8b19bc1c,2026-04-08T21:39:45+00:00,2026-04-11T19:17:27+00:00,2,50.0,50.0,0,0,1.6500,2
0x4f9adf56acb6b597622400669a3a0ce75da1436d,2026-05-18T16:43:37+00:00,2026-06-16T19:40:43+00:00,5,5619.857776,5619.85,0,0,34.9898489965342467,5
0x4f9b30fbaf9a79d8bda59487e85b09bf801d81ee,2026-06-16T19:46:49+00:00,2026-06-17T08:50:11+00:00,2,0,0,110.52,110.52,220.70844,2
0x4fa552ee218d8758020538fd876ddab236f47d65,2026-06-09T13:08:57+00:00,2026-06-16T18:25:20+00:00,2,0,0,100.0,100.0,199.5000,2
0x4fa8e166499a243a0d68b9bf1d050e1b40be7ef4,2026-05-11T09:35:45+00:00,2026-05-11T09:35:45+00:00,1,0,0,5.0,0,4.9700,1
0x4fae05745a26044e0b6f617ecd0a515171ec1ab6,2026-06-12T16:51:48+00:00,2026-06-12T16:51:48+00:00,1,15.0,0,0,0,0.0450,1
0x4fb907fb030778a6490ea0d3abdd898718ae0bd2,2026-05-21T14:08:02+00:00,2026-05-23T16:08:51+00:00,2,100.0,100.0,0,0,2.1000,2
0x4fbf2f81a373b40aef4cbbb8b3cdff1ab8d3369a,2026-05-30T11:22:29+00:00,2026-05-30T12:38:26+00:00,2,0,0,10.0502,10.05,19.9896490,2
0x4fc2fb1fe75ca587856eaf1c54d555e734e9c55d,2026-05-21T15:41:50+00:00,2026-05-21T15:41:50+00:00,1,932.816363,0,0,0,9.9999999890987668,1
0x4fcb6b41c211965903c825b8a1692763c56157d7,2026-05-30T13:15:26+00:00,2026-05-30T13:26:37+00:00,2,0,0,176.0,176.0,350.0640,2
0x4fcc1e28aed7bb2c722ef284af425807823726a0,2026-05-14T03:19:29+00:00,2026-05-14T05:34:20+00:00,2,0,0,262.658571,262.65,521.368761003,2
0x4fea0ff65d2770899949b5019e43712538f705aa,2026-03-27T15:08:37+00:00,2026-03-28T06:17:11+00:00,2,156.622655,156.62,0,0,19.7104389992154315,2
0x4ffa081c01cff9692ff0925e14c37f35718b3337,2026-05-14T09:30:29+00:00,2026-05-14T09:32:00+00:00,3,1200.0,1200.00,0,0,19.20000,3
0x4ffe49ba2a4cae123536a8af4fda48faeb609f71,2026-01-29T17:29:42+00:00,2026-04-18T13:10:50+00:00,49,2899.527416,2899.523928,0,0,160.2651549856944710,49
0x4fff3c3fc4b11453b5ac93992548c17d60ec8c1f,2026-05-13T01:02:57+00:00,2026-05-13T01:04:47+00:00,5,446.08,446.0,0,0,5.35248,5
0x500af1767e2ac72ae5c740061092c4b0d119c8e4,2026-04-30T12:48:30+00:00,2026-05-08T15:38:41+00:00,2,600.0,0,0,0,6.4000,2
0x5011224f4848cb2cf2d87cf2b823551dfd0e220e,2026-05-01T16:32:54+00:00,2026-05-01T20:53:30+00:00,3,1000.00,1000.0,0,0,15.00000,3
0x501158d3390acfe183ea1dd9d6fb7c13c0447738,2026-06-09T13:08:57+00:00,2026-06-16T18:25:20+00:00,2,0,0,100.0,100.0,199.5000,2
0x5028d34cd2691f64255971410d595289a2a191c5,2026-03-03T17:56:55+00:00,2026-04-15T07:39:10+00:00,83,4515.428787,4215.086778,568.53,567.945882,1505.2911210002069460,83
0x502c09c7c1e1f7b0ea04751aba0c8e1d73e4e162,2026-03-07T18:04:17+00:00,2026-03-07T18:13:57+00:00,5,2011.0,2011.0,0,0,231.2650,5
0x50338463a303fd6a05b3a22bb4b2ac31ad0cbf6d,2026-05-16T21:25:48+00:00,2026-05-17T09:06:55+00:00,2,0,0,102.51,102.51,203.58486,2
0x5034e2a91388d38b40a7cafae61915f4d9a2962a,2026-06-15T11:13:15+00:00,2026-06-15T11:13:15+00:00,1,0,0,43.473,0,43.429527,1
0x5038cd7b80bcc1bea807ec384c189fbbe4590521,2026-06-11T18:13:36+00:00,2026-06-11T18:13:36+00:00,1,0,0,5.416,0,5.399752,1
0x503a7b9eaeb96d8f46d25bdde3f4eaa663dff862,2026-05-18T03:16:59+00:00,2026-05-18T04:27:43+00:00,2,0,0,1682.17,1682.17,3340.78962,2
0x505417648fae141bad123bfc3f524fbced2b0aaf,2026-05-07T21:11:24+00:00,2026-05-08T19:14:15+00:00,4,5163.5753,0,0,0,31.635753,4
0x5057b2d24b99ded3a61db1d94928e9d5a6ba479f,2026-06-09T23:15:48+00:00,2026-06-16T00:36:18+00:00,2,166.666666,166.66,0,0,1.166658996000004,2
0x50590f527c1d32fb5ef47ba5e1774c325ab636ac,2026-06-12T16:07:18+00:00,2026-06-12T16:07:18+00:00,1,0,0,1.003,0,0.999991,1
0x50624a8c95cdfc7750d25b86087d5b41eaf00b34,2026-05-18T03:37:21+00:00,2026-05-18T03:37:21+00:00,1,13756.81375,0,0,0,100.000000126150125,1
0x50677ce405977e5c3eee8f53c391f1ad5382ba4f,2026-04-18T19:27:56+00:00,2026-04-18T20:33:30+00:00,2,157.894735,157.89,0,0,5.6841290018421165,2
0x50733d0627e4763d7d7e81a69abc345edf6416a7,2026-03-20T14:08:13+00:00,2026-03-31T12:47:23+00:00,4,125.0,125.00,0,0,10.43055,4
0x50751c1d4fb77faddb893f0166cbebb9c45aa2fe,2026-05-31T02:50:44+00:00,2026-05-31T05:24:25+00:00,2,0,0,11.236,11.23,22.342440,2
0x508134e761c5725e835142a00b13ae8ffcfaa309,2026-01-31T12:35:26+00:00,2026-02-23T04:57:48+00:00,9,101.891389,101.881651,0,0,6.0442940047662028,9
0x5084a220edeaabe32ff8498ec68f8c2971b41969,2026-05-30T15:44:03+00:00,2026-05-30T15:44:03+00:00,1,833.333333,0,0,0,4.9999989980000004,1
0x5090a1bb98d66513cec82830d0a5a176e6fedc0f,2026-04-17T11:53:28+00:00,2026-04-17T13:50:18+00:00,2,0,0,171.63,171.63,334.51325000199,2
0x509df989389f2692d86cc04abfadc6a5c7f80799,2026-03-05T06:15:27+00:00,2026-05-22T00:11:19+00:00,2,113.636362,113.63,0,0,6.1362989961818316,2
0x50ac20f654b0682befdee8eae71e067752f8cb07,2026-06-14T21:10:45+00:00,2026-06-14T21:10:45+00:00,1,0,0,31.031,0,30.999969,1
0x50b63f8eaf97ed70a79328c1407a577dcd76469b,2026-06-16T17:10:07+00:00,2026-06-16T21:07:22+00:00,2,1000.0,0,0,0,2.0000,2
0x50ba637da02414b350949c33f2312767516558c3,2026-03-02T09:38:59+00:00,2026-03-02T09:40:45+00:00,2,0,0,11.4,11.4,22.5036,2
0x50be8f95f7eea6ddee8a7b8ee41bb7c6bfd02b52,2026-06-17T12:01:37+00:00,2026-06-17T12:01:37+00:00,1,4855.0,0,0,0,9.7100,1
0x50e9c0d387c3889eb457d0d0071fcd258e055efe,2026-05-23T20:25:43+00:00,2026-05-23T20:25:43+00:00,1,1000.0,0,0,0,11.0000,1
0x50ee0b5df458d6eca99a5bc02da6e1d27c1e8828,2026-06-02T16:44:46+00:00,2026-06-02T16:44:46+00:00,1,0,0,1.005,0,0.999975,1
0x50fe6457c00f515103354c8c3ffe5c26ef31b1e7,2026-05-03T08:46:12+00:00,2026-05-03T09:16:52+00:00,2,1024.3,1024.3,0,0,16.3888,2
0x50ff56ec6a671f0489a21455af7b56bdfc7f2463,2026-04-24T09:29:02+00:00,2026-04-24T09:29:02+00:00,1,52.631577,0,0,0,0.9999989998421409,1
0x51015085b071286e71188ac6fb5b54063ab63cbc,2026-06-07T18:23:04+00:00,2026-06-07T18:23:04+00:00,1,0,0,1.042,0,1.039916,1
0x511f9c771449162349795d17becf8b37031acbe1,2026-05-26T14:28:48+00:00,2026-05-29T01:25:37+00:00,4,0,0,4289.0,0,4265.3550,4
0x512a761b5a7c52941db1927f0e2b4ca8ae4b2893,2026-05-10T08:45:51+00:00,2026-05-10T08:45:51+00:00,1,333.333333,0,0,0,1.999998998000001,1
0x5136541bced26e7c2bc20550cc26345f7d4a0e4f,2026-05-16T05:51:03+00:00,2026-05-16T05:51:03+00:00,1,0,0,25.0,0,24.8500,1
0x5145b041293e4d22ebea003f3fcbb1978d824cc9,2026-04-16T04:06:48+00:00,2026-04-16T04:08:46+00:00,2,0,0,19.75,19.75,38.7100,2
0x514bdc1007cc633aaaa7c445cef68925e05aa95f,2026-05-16T16:21:50+00:00,2026-05-18T13:17:28+00:00,2,0,0,73.4405,73.44,145.8523370,2
0x51608d7cc1a202d1ffabc352f6fdca5c8e7157b7,2026-05-17T12:20:10+00:00,2026-05-18T02:14:24+00:00,2,0,0,53.37,53.37,105.99282,2
0x516cb971ec49c78a4eee406d05e54a3be3a5eb2a,2026-06-07T04:13:25+00:00,2026-06-07T04:13:25+00:00,1,250.0,0,0,0,1.0000,1
0x517f08e3a0eb000869597f1bd174343999c30180,2026-05-27T11:38:35+00:00,2026-05-27T23:39:00+00:00,2,0,0,50.55,50.55,100.39230,2
0x5183ab305dd6c0e202ed4013242f236c6e4ccf02,2026-05-30T05:14:15+00:00,2026-05-30T19:57:51+00:00,2,0,0,12.0602,12.06,23.9875390,2
0x5183da952b837d84cd17d579685a998b42237380,2026-06-12T12:08:43+00:00,2026-06-12T12:08:43+00:00,1,0,0,1.003,0,0.999991,1
0x518c5884a606c8ddcc6463e4e550c413ee740cb4,2026-06-17T17:38:52+00:00,2026-06-17T17:39:08+00:00,2,0,0,99.29,0,98.89284,2
0x5196045e1639adbb70fba26d490e6613b815403e,2026-05-07T17:55:26+00:00,2026-05-08T11:24:34+00:00,2,200.0,200.0,0,0,3.8000,2
0x51a49648cf9a93dfad5537c5a42437cf634f0e62,2026-03-23T11:54:03+00:00,2026-05-22T13:07:20+00:00,2,89.066469,89.06,0,0,6.7124789965844113,2
0x51a4bb8423d30a175dfed1aebed955e7f39f4a25,2026-04-29T13:57:42+00:00,2026-06-17T05:13:20+00:00,75,0,0,2483.672349,2483.664027,4915.2464400008469330,70
0x51a8540c11429b98448d1f32cdb7145dc0672baf,2026-05-26T03:49:56+00:00,2026-05-29T12:08:27+00:00,2,142.857142,142.85,0,0,1.714248994000006,2
0x51ae64bdc2567019c298f853c3c5ade0a6a0d5cf,2026-05-26T02:41:25+00:00,2026-05-26T02:41:25+00:00,1,0,0,12.0925,0,12.0199450,1
0x51afda0b78499b177151f7478ffc184e80007351,2026-05-30T03:51:25+00:00,2026-05-30T04:33:04+00:00,2,0,0,13.437,13.43,26.719235,2
0x51b00915a602fc14ae6315b914a3c5d630f64fbc,2026-04-15T09:01:36+00:00,2026-04-15T09:19:14+00:00,2,0,0,12.06,12.06,23.49288,2
0x51b0f32bb7cf64fceb0908dfcaa00e4ea2e4767b,2026-05-15T01:17:20+00:00,2026-05-15T01:17:37+00:00,2,0,0,99.697884,99.69,197.8924780044471396,2
0x51c8be2b0e59f5f7c7f8785ea208c5c626b9fb0f,2026-05-20T11:41:50+00:00,2026-05-20T18:06:26+00:00,2,625.0,625.0,0,0,9.3750,2
0x51e16ef08c4cea9fc88e7f567036d97c6e015ec9,2026-06-11T12:32:09+00:00,2026-06-11T19:15:49+00:00,2,25167.10,0,0,0,113.102409727332,2
0x51e82ec6fe32e106aa3d20de1e4bf5bf7eee4f12,2026-05-03T13:38:32+00:00,2026-05-03T13:38:32+00:00,1,0,0,7.007076,0,6.9299980000344216,1
0x51fad29f524945c0de4d174331b6656694db8fd8,2026-05-02T20:23:00+00:00,2026-06-07T23:05:46+00:00,2,0,0,5.005,5.0,9.959965,2
0x520dd6eb2c8f71a03a16f6879d231c00387ff2e3,2026-05-08T04:03:34+00:00,2026-06-08T02:26:46+00:00,17,0,0,836.589111,748.58,1574.674009001,17
0x5217907c9810e663e8c3cdc9a110137dc8ee20ca,2026-06-01T06:02:00+00:00,2026-06-01T06:02:00+00:00,1,170.0,0,0,0,1.0200,1
0x521da1a884c02d632762341e32b66a3037adb45f,2026-05-31T07:16:44+00:00,2026-05-31T09:18:34+00:00,2,0,0,10.0502,10.05,19.9896490,2
0x5221dfae4c6f5db5600a5af4fd0b7fa2d6ecbd4d,2026-06-10T15:24:01+00:00,2026-06-10T15:24:01+00:00,1,2378.44,0,0,0,9.51376,1
0x5228d5c6a35078ee9ea92bb0a56a0674b417129f,2026-05-13T04:26:11+00:00,2026-05-13T04:36:28+00:00,10,1380.0,1380.00,0,0,19.32000,10
0x523605612a2cc50bfff0d40e534e3a9a71a0aa94,2026-05-13T12:38:22+00:00,2026-05-14T01:45:57+00:00,2,0,0,275.83,275.83,547.24672,2
0x523765fbad89171cf60274bcb9ccdd510c001f55,2026-06-10T18:07:42+00:00,2026-06-10T18:07:42+00:00,1,250.0,0,0,0,1.0000,1
0x523a993a7c99c12ba178a37400ade9ff21bee246,2026-06-12T14:36:27+00:00,2026-06-12T14:36:27+00:00,1,0,0,1.003,0,0.999991,1
0x523e16117246b65ebc5b429767eb06525e5ea2cd,2026-06-07T04:37:16+00:00,2026-06-07T04:37:16+00:00,1,250.0,0,0,0,1.0000,1
0x523e2adbb7c489c1b7f8383317f3445f2f6a4b00,2026-05-13T07:29:50+00:00,2026-05-13T07:38:32+00:00,3,1390.0,1389.998571,0,0,19.4599890382670003,3
0x5245220d4165539c3729ca89b64afcc382195b53,2026-04-29T19:07:56+00:00,2026-04-30T16:45:48+00:00,8,0,0,88.55,88.55,174.59342,8
0x52535ed10cef2113f2de23295d8f90f96f2a2b8f,2026-06-09T15:54:25+00:00,2026-06-10T16:01:16+00:00,2,0,0,49.69,49.69,98.88310,2
0x525462f49cbb9635ce2491ed0513377c560fe8e0,2026-06-16T23:29:19+00:00,2026-06-17T04:11:11+00:00,2,0,0,8900.0,8900.0,17773.3000,2
0x525912d44c400188bf03e29af77729b7993bfc71,2026-05-16T09:42:22+00:00,2026-05-16T09:53:39+00:00,2,0,2.0,0,0,0.0120,2
0x5260d2cbce3ee4afdfcc745d44d182cd8371dc3f,2026-05-27T13:11:17+00:00,2026-05-28T00:35:07+00:00,2,0,0,107.85,107.85,214.19010,2
0x526371fc78d15c94ffac9ceab8c4234380eb529f,2026-05-27T11:10:05+00:00,2026-05-27T11:10:05+00:00,1,0,0,66.187,0,65.789878,1
0x526dec3ab7334666143acedcfdb7b61614c60958,2026-05-27T00:55:12+00:00,2026-06-06T06:24:37+00:00,4,0,0,264.5105,264.51,525.7726520,4
0x5279797c5dd47e6d077837134915824ce68173a3,2026-03-19T13:54:01+00:00,2026-03-30T21:23:43+00:00,15,2906.105634,2906.1,0,0,342.9200310001251268,15
0x52870486f74fcd2fe707821b9aa8da0f6d8c3a16,2026-03-30T21:23:43+00:00,2026-03-31T01:26:27+00:00,18,0,0,1559.0,1558.996271,2927.9512180014495599,18
0x5298421f691ce9f9670a1d97a530f85a621ce2c5,2026-04-01T10:46:07+00:00,2026-04-01T19:29:27+00:00,2,0,0,50.53,50.53,97.92714,2
0x52ab2a953b4ff5a4d65083dcc17897b989076097,2026-03-07T18:04:17+00:00,2026-03-07T18:13:57+00:00,2,0,0,1398.0,1398.0,2635.2300,2
0x52c6a7cc59e81f4e09388046faf1e96b9549564d,2026-05-26T15:20:38+00:00,2026-05-26T17:21:07+00:00,7,0,0,6.036,6.03,11.987574,7
0x52cbe31e6f9dacdf6ef1fbfb4bfe500bc1b31bb6,2026-05-20T20:44:55+00:00,2026-05-21T11:01:40+00:00,2,0,0,51.91,51.91,102.98944,2
0x52d46084ef80639b872eaa9c2c9ad0ec53abea71,2026-02-15T14:07:35+00:00,2026-02-19T09:53:24+00:00,2,52.631577,52.63,0,0,1.9999689998421409,2
0x52da0de899aa23770122c78090613721eb3add00,2026-06-05T21:16:40+00:00,2026-06-16T01:34:03+00:00,2,1875.0,0,0,0,6.5000,2
0x52efce56e7f8724ef292979320bcd4ee505fb91a,2026-04-08T16:00:11+00:00,2026-04-15T10:29:48+00:00,4,0,0,32.34,32.34,63.19332,4
0x530258c1037a37ec7fdd13f39a025a3b82a5ecdf,2026-04-27T06:27:04+00:00,2026-04-27T13:47:20+00:00,4,0,0,50.0,50.0,98.3940,4
0x5307b4ef80c1f5da51281af80ce23eb9bab7cade,2026-05-27T13:11:17+00:00,2026-05-28T00:17:00+00:00,2,0,0,96.57,96.57,191.78802,2
0x533597c509d5e8a3816a360109903c9af3a8ac49,2026-06-02T12:54:00+00:00,2026-06-15T11:20:27+00:00,2,0,0,108.0,108.0,215.3520,2
0x5364b7cd6f5f79f85b9e7fa53146b6969297855f,2026-05-04T23:27:58+00:00,2026-05-24T17:11:00+00:00,2,348.484847,0,0,0,3.4999979850000085,2
0x536bd9f0af9f904236f56dff5e78bf27023f64ef,2026-05-31T08:10:24+00:00,2026-05-31T11:09:43+00:00,2,0,0,30.4722,30.47,60.6070190,2
0x53757615de1c42b83f893b79d4241a009dc2aeea,2026-05-21T05:27:07+00:00,2026-06-14T17:19:57+00:00,4,1258.0,0,554.0,0,559.0360,4
0x537e7c5bc5bc220c711b89c767db02f9771f53d9,2026-04-19T04:13:28+00:00,2026-04-19T04:28:48+00:00,2,0,0,15.84,15.84,31.01472,2
0x53883c14b9235f195fc97b4a8a8178879d466846,2026-06-13T08:58:01+00:00,2026-06-13T08:58:01+00:00,1,500.0,0,0,0,1.5000,1
0x538ed1ac5c9e018f3cc9bcedf1fd830b234a7776,2026-06-05T13:57:39+00:00,2026-06-06T02:03:00+00:00,2,0,0,91.36,91.36,181.98912,2
0x5390cb85a8ae70ed8875d5e0dc14ffe118c91649,2026-04-07T20:38:53+00:00,2026-04-09T20:39:01+00:00,2,259.523808,259.52,0,0,11.1594390077619104,2
0x5392da58a6efa00b13a689147268899bbaeb7321,2026-05-15T14:12:56+00:00,2026-05-16T02:53:22+00:00,2,0,0,112.08,112.08,222.59088,2
0x53975bfedd725b7311d89fe0e6db67c6b17eb9f4,2026-05-15T12:41:10+00:00,2026-05-16T03:21:06+00:00,2,0,0,102.615666,102.61,203.891702004,2
0x53977c569872d7a7b34eaf0b2ccb8be327bd736b,2026-06-14T13:56:51+00:00,2026-06-14T13:56:51+00:00,1,1000.0,0,0,0,2.0000,1
0x539d04ce381edb57d87d4cbfe9644c3ecfa70213,2026-03-03T19:47:51+00:00,2026-03-09T14:14:25+00:00,7,0,0,258.0,258.0,476.50222999280,7
0x539dfcfb052d43b29ec1216d2155f76532c21b4d,2026-05-26T21:52:00+00:00,2026-05-26T21:52:00+00:00,1,0,0,11.156833,0,11.0898919997686334,1
0x53a7fda1f31d8f7b878e640c6443c571af93beb8,2026-04-30T00:31:02+00:00,2026-04-30T00:32:04+00:00,3,0,0,2.028284,2.02,3.9895880000662488,3
0x53a808826f84f936c3f37970a37565b865251cd5,2026-06-14T10:20:31+00:00,2026-06-14T10:20:31+00:00,1,0,0,1.001,0,0.999999,1
0x53a95939d3e2afbb4f37c1cfdf8a069da0a31e17,2026-05-21T17:49:49+00:00,2026-05-21T17:49:49+00:00,1,210.909089,0,0,0,2.3199990088181906,1
0x53bcc83a96e6d8179b9819d88817e42497cef40a,2026-05-15T10:33:34+00:00,2026-06-03T11:26:18+00:00,4,0,0,183.0711,183.07,363.8154590,4
0x53cf6d87530746e1edf67c5de42dd2e9dfb40479,2026-03-23T14:35:45+00:00,2026-03-23T14:35:45+00:00,1,0,0,38.0,0,36.1380,1
0x53e95b4f80e35d843cc38538a31614cdfaedd896,2026-03-08T01:58:45+00:00,2026-04-08T20:44:11+00:00,2,100.0,0,0,0,4.1000,2
0x53f03dfc52458cce661a4b5ec3282e11ea354eb1,2026-05-22T16:57:24+00:00,2026-05-22T16:57:24+00:00,1,150.0,0,0,0,1.500,1
0x53f92ab803b1988992f9b1d375743a94c7ee95c9,2026-05-13T03:08:02+00:00,2026-05-17T02:21:28+00:00,2,428.571428,428.57,0,0,5.5714190102857156,2
0x53fe4faf672034a364a687ab5fd7806cf3b45f0b,2026-06-13T12:44:52+00:00,2026-06-13T12:44:52+00:00,1,0,0,1.032,0,1.029936,1
0x53ff95078360c3157e0edbb46a66715648414ef0,2026-06-14T15:17:25+00:00,2026-06-15T11:20:27+00:00,2,0,0,130.0,130.0,259.4800,2
0x540616e332bcec9cb8dae6f3632eef9c0567cebd,2026-06-07T15:38:15+00:00,2026-06-07T15:38:15+00:00,1,295.0,0,0,0,0.8850,1
0x5417359c6ffcd0b89bcb545245ed41a98d53f33a,2026-05-27T16:03:01+00:00,2026-05-27T16:03:01+00:00,1,0,0,14.527,0,14.439838,1
0x54328800f4b47c3f29bbd25dafcc961087e90dc4,2026-04-15T10:34:28+00:00,2026-05-20T16:23:34+00:00,2,40.0,40.0,0,0,1.2800,2
0x54334010bf6ff6af5469f3e2e561ebcfcc7dc8b1,2026-05-30T09:47:10+00:00,2026-06-03T03:43:00+00:00,2,0,0,54.2712,54.27,107.9442240,2
0x546b7b65a73b15b57a8528a3a752b70655c941b0,2026-06-08T15:51:28+00:00,2026-06-09T02:44:43+00:00,2,0,0,20.04,20.04,39.97980,2
0x548fc3c122e45f38f4c00d742f25e5810eb99d70,2026-05-27T01:12:21+00:00,2026-05-27T01:12:21+00:00,1,0,0,238.329833,0,236.899854002,1
0x549ccce0f7f270181be9321418ac4c2743599881,2026-06-02T11:38:31+00:00,2026-06-02T11:38:31+00:00,1,0,0,1.025,0,1.019875,1
0x549d5fb90ab4acdb92e5d3cab44847076d395a20,2026-06-08T07:57:45+00:00,2026-06-08T07:57:45+00:00,1,333.333333,0,0,0,0.999998999000001,1
0x549f9c97e13e6ff23255f83a71099e57d71e5855,2026-06-17T17:38:52+00:00,2026-06-17T17:38:52+00:00,1,0,0,110.14,0,109.69944,1
0x54a36507e41f43c720f2d5cbc6764a01c225f945,2026-06-13T15:01:54+00:00,2026-06-13T15:01:54+00:00,1,333.333333,0,0,0,0.999998999000001,1
0x54c6725136cc1db91603941d49506085e428e5c2,2026-06-07T12:56:39+00:00,2026-06-10T12:26:12+00:00,10,401.20,401.00,0,0,3.57620,10
0x54c7bbbdf97afb2d367967a65e7c7c7f64b97d3b,2026-05-09T23:57:56+00:00,2026-05-09T23:57:56+00:00,1,142.857142,0,0,0,0.999998994000006,1
0x54d127668a18189073b38606166e13559e17d55a,2026-06-12T10:06:25+00:00,2026-06-12T10:06:25+00:00,1,0,0,1.003,0,0.999991,1
0x54e0f11c0eec9d904b739044538ce2226eb9acb7,2026-05-14T14:14:52+00:00,2026-05-19T08:08:28+00:00,3,0,0,12.165142,12.16,24.1519459999174290,3
0x54e15a0a77e3147ac78831804e5dde13cb589d5a,2026-03-20T05:34:09+00:00,2026-04-04T04:15:43+00:00,107,20227.787579,20227.739264,0,0,1668.9047158514447359,107
0x54e5d92f99fcbe3c2867f6113ad0d344f12d7021,2026-03-28T05:16:59+00:00,2026-03-28T05:18:47+00:00,2,0,0,1094.58,1094.58,2053.43208,2
0x54f95f24208289888a29c5db34cff86a61f01381,2026-05-16T13:37:02+00:00,2026-05-17T03:50:59+00:00,2,0,0,82.77,82.77,164.38122,2
0x55173bc7f6e52f45ec05fd14fbc6f34e81b6e334,2026-03-13T16:23:41+00:00,2026-04-25T02:55:44+00:00,118,0,648.49,5140.94911,153.85,5119.426111004093767,113
0x552d99bef16f43f8d01deb613ab798013e922811,2026-03-20T09:42:45+00:00,2026-03-20T19:07:57+00:00,2,38.461537,38.46,0,0,2.653779000461575,2
0x55330189d52370edf0eeeb9812dfc18f0bf94826,2026-04-25T17:07:04+00:00,2026-04-28T08:05:30+00:00,2,117.647057,117.64,0,0,3.6469590042941326,2
0x5534eaac4b15eb81b79ea8c8bb21f27c40a21064,2026-03-29T10:09:14+00:00,2026-03-29T11:55:44+00:00,3,1600.00,0,0,0,88.00000,3
0x55368fcb14044826612e8f3bb092546325ac47f5,2026-05-28T14:38:42+00:00,2026-05-28T14:38:42+00:00,1,100.0,0,0,0,0.6000,1
0x553d793f61ad346fa69b301badb70300a4185e3e,2026-05-17T05:46:15+00:00,2026-05-17T06:42:13+00:00,2,0,0,1457.38,1457.38,2895.81406,2
0x55403a2bcae8f68d90608261114d6d99612ff4c4,2026-05-17T23:20:18+00:00,2026-05-18T13:25:30+00:00,2,0,0,110.48,110.48,219.19232,2
0x5550739fa4ccc46e452a48972b5b3df641c39f36,2026-05-13T19:34:29+00:00,2026-05-17T11:56:47+00:00,4,0,0,18.135990,18.13,35.9757789995060250,4
0x5562c7ee374070de66b30254547b377691883b41,2026-03-22T22:40:37+00:00,2026-03-25T21:57:21+00:00,15,0,0,1237.518469,0,1173.1369780022693456,15
0x5566b7c96220f4f40146a17bb25bcab6c0d37c29,2026-04-05T08:16:15+00:00,2026-06-10T01:08:42+00:00,133,0,0,6082.177264,17.21,6054.5201209944915184,133
0x5570a0ea0a29fdc4f00e97b82c8016f9877cbeb9,2026-05-31T14:26:44+00:00,2026-05-31T15:20:19+00:00,2,0,0,13.6682,13.66,27.1778990,2
0x5575bd3bc59b54a599a73238c9aad23f3c5fe51f,2026-06-03T00:35:06+00:00,2026-06-03T00:35:06+00:00,1,166.666666,0,0,0,0.999998996000004,1
0x558b906022315e3515ef0637283c11e7755d8083,2026-05-26T08:21:41+00:00,2026-05-26T08:21:41+00:00,1,0,0,22.203166,0,22.0699469995593668,1
0x558c232dcbbf492e14520999f962993438cc150a,2026-01-22T03:20:00+00:00,2026-01-23T02:05:04+00:00,2,0,0,20.0,0,19.8331200,2
0x558ee6a05f51e7e8d89fc07b154e78a865202ee7,2026-05-03T09:04:42+00:00,2026-05-11T03:07:46+00:00,287,93128.196300,93128.182536,0,0,1339.4628548994852767,287
0x558f2f82cf0394c28ce3c8e117ee747aeab51a56,2026-03-30T21:23:43+00:00,2026-05-16T05:51:01+00:00,2,0,0,50.0,0,47.8500,2
0x5590597ca52436b40e2705914b3d04081b47133e,2026-05-14T09:26:51+00:00,2026-05-14T09:27:43+00:00,5,1210.0,1210.00,0,0,19.36000,5
0x5591720e373a311a6765a07f40fe9ef4d4be0b44,2026-06-17T08:25:38+00:00,2026-06-17T08:25:38+00:00,1,0,0,5.025,0,5.019975,1
0x55b09bc17206dad01117b652157f5fc9c878b35d,2026-05-09T20:15:20+00:00,2026-05-17T10:09:20+00:00,2,307.7,307.7,0,0,4.0001,2
0x55bce28c76585fdab5d56091ee9f0356a8f26fcf,2026-06-16T17:20:32+00:00,2026-06-16T17:20:32+00:00,1,10000.0,0,0,0,20.0000,1
0x55c5f50c1680664c693c366c90ad4807528c1710,2026-06-15T08:22:27+00:00,2026-06-15T08:22:27+00:00,1,211590.0,0,0,0,423.1800,1
0x55d665ee785b151a35c2454547983ade93041f24,2026-05-03T09:09:16+00:00,2026-05-17T08:56:23+00:00,7,222.222222,222.22,0,0,3.634677998000002,7
0x55d7a6304668100c6550af61edea5407b562008d,2026-03-09T19:45:27+00:00,2026-03-22T20:34:31+00:00,78,25666.594275,25666.5794,0,0,2506.660331022067,78
0x55d8aca6cf15aa61c3f89476cd898ccaab9615b9,2026-05-14T21:30:46+00:00,2026-05-24T23:46:02+00:00,2,0,0,5.09,5.09,10.10365,2
0x55efc49bd7d8e08625d399a919f619370ed91156,2026-05-22T11:39:08+00:00,2026-05-22T11:39:08+00:00,1,100.0,0,0,0,1.000,1
0x55f7ec3f028dd374484c4b9d57870d61ab05b1eb,2026-06-16T05:59:09+00:00,2026-06-16T12:28:57+00:00,2,0,0,8602.0,8602.0,17178.1940,2
0x55fb290085484e739d28beecffa9412443638c38,2026-05-03T05:10:06+00:00,2026-05-29T18:15:50+00:00,2,0,0,5.035142,5.03,9.9997159999578296,2
0x560d0c9df076240fbc41d1227245640b315917d7,2026-05-27T12:06:14+00:00,2026-05-27T19:36:27+00:00,2,0,0,202.213166,202.21,401.794417004,2
0x563ad5473f7649790cb7b3d3d9508a136825ea96,2026-05-20T17:35:13+00:00,2026-06-07T12:47:06+00:00,2,0,0,1.46022,1.46,2.90415800003070,2
0x564c6eb039b9b76148c256ea563861581a0bc9ad,2026-05-06T12:59:58+00:00,2026-05-06T12:59:58+00:00,1,0,0,20.16125,0,19.99996000,1
0x5686404945ed1f64afbbbc0354defff4e7df690a,2026-03-24T18:29:37+00:00,2026-03-25T08:11:13+00:00,3,0,0,15.0,0,14.2750,3
0x56934b7f6cd0170fde3dd7c309d0071a18015638,2026-06-14T09:21:21+00:00,2026-06-14T12:54:04+00:00,2,0,0,13.013,13.01,25.983967,2
0x56974b860717b74f5a15a1b63a517548a160f10b,2026-06-15T07:34:58+00:00,2026-06-15T07:34:58+00:00,1,0,0,58.618,0,58.559382,1
0x56b3cdb50d10c8cc0c2a98600731ed39fb0ced5f,2026-05-13T04:21:41+00:00,2026-05-13T04:34:35+00:00,3,1390.0,1390.00,0,0,19.46000,3
0x56b91e930c1d952cfaa3bd5a4b811079c036d2c7,2026-06-15T10:03:24+00:00,2026-06-15T10:03:24+00:00,1,1000.0,0,0,0,2.0000,1
0x56c260b1d44d3a5c05fd01f12b956231e6816219,2026-06-15T11:20:27+00:00,2026-06-16T11:44:21+00:00,4,2000.0,2000.0,0,0,5.0000,4
0x56e0a3861ba6c0c7c0c5e38851f151485e829aed,2026-05-12T08:09:22+00:00,2026-05-13T04:30:31+00:00,2,0,0,117.33,117.33,232.90005,2
0x56e52096d6d0504cf520a0cd0f976544be2f02f0,2026-03-15T04:51:31+00:00,2026-06-05T12:15:18+00:00,3,9157.489857,0,0,0,89.9999980004923254,3
0x56e65da4b48f3c6f5fd3c489ad65fedd886589f9,2026-06-08T11:24:22+00:00,2026-06-08T11:24:22+00:00,1,0,0,2.004007,0,1.999998000028556,1
0x56f1f9023191501309aa58bef04dac56c59d485c,2026-04-13T07:58:13+00:00,2026-04-13T07:58:13+00:00,1,312.5,0,0,0,10.0000,1
0x56f318e8f3b38a0256097816acc55337c287c58f,2026-05-16T18:01:17+00:00,2026-05-17T05:58:40+00:00,2,0,0,86.5,86.5,171.7890,2
0x572ef0900cf02ca96df4a92ed932d76e659e5fc5,2026-05-22T05:57:32+00:00,2026-05-22T05:57:32+00:00,1,1000.0,0,0,0,10.000,1
0x572fc5cf470f522109c71784b437cf5d1be23836,2026-05-31T03:30:42+00:00,2026-05-31T04:14:42+00:00,2,0,0,13.3064,13.3,26.4600680,2
0x573283b4e9086dbba67be733bf6a8e895561b57c,2026-06-17T15:41:43+00:00,2026-06-17T15:41:43+00:00,1,10000.0,0,0,0,10.0000,1
0x573668221b2b1214a2074c3239eb74be033300ad,2026-06-16T00:53:39+00:00,2026-06-16T00:53:39+00:00,1,0,0,88.0,0,87.9120,1
0x5757ccc0f42a8daf9edbfc0a3df229babf995667,2026-06-10T01:30:52+00:00,2026-06-10T01:30:52+00:00,1,0,0,1.207242,0,1.1999980000328562,1
0x5759ad068d31e90724f25a503daca0bf4e65f3c2,2026-05-27T20:37:39+00:00,2026-05-28T10:44:49+00:00,2,0,0,115.2,115.2,228.7872,2
0x575d7f73b35a5a14c6591dc5099e975decd55c11,2026-04-01T07:39:01+00:00,2026-04-01T07:43:09+00:00,2,0,0,273.0,273.0,524.9790,2
0x575f9fb0b758d52e93342def50d678e300fc5b78,2026-05-05T12:57:14+00:00,2026-06-12T09:56:48+00:00,4,3741.761714,0,0,0,19.680000019906412,4
0x576020600526a27bbdeb05eafc7f4b03530f40aa,2026-05-07T21:11:02+00:00,2026-05-08T01:05:07+00:00,2,237.0,237.0,0,0,4.5030,2
0x5785f2e40386e261016364d7d2bcc7be93a9f668,2026-06-07T12:49:13+00:00,2026-06-09T20:01:51+00:00,2,750.0,0,0,0,4.0000,2
0x578deb561ce91ef13e5fd383061494589f9d2b73,2026-05-29T03:29:38+00:00,2026-05-29T03:29:38+00:00,1,0,0,6.3416,0,6.3098920,1
0x579525f549fbde8edf88b34680eb58cd4fb030fa,2026-03-11T12:32:11+00:00,2026-04-24T08:03:10+00:00,10,36.585364,36.58,109.207434,104.11,210.5642200008256995,10
0x57a47f7d971d3f0656ed90b4bb2d26bc0cb0614b,2026-06-01T12:35:50+00:00,2026-06-01T13:40:04+00:00,2,0,0,11.0552,11.05,21.9836240,2
0x57c41629947d88ef52f96a63b4f1aee449ff0b40,2026-05-13T18:57:42+00:00,2026-05-13T19:15:54+00:00,2,0,0,6.079,6.07,12.009273,2
0x57c6a7264735e23c582bd7353c6bc6c5439fc023,2026-06-11T11:50:28+00:00,2026-06-11T11:50:28+00:00,1,0,0,1.003,0,0.999991,1
0x57c6ab1b6807c3e701550e3f9179b18c25099fc5,2026-05-10T05:36:51+00:00,2026-05-10T11:45:40+00:00,2,0,0,204.02,204.02,405.79578,2
0x57ea501317451868b22f64df5a3597174ac01bd2,2026-05-15T13:58:03+00:00,2026-05-16T01:33:28+00:00,2,0,0,55.58,55.58,110.38188,2
0x58049e117b7a2c5b26f02ec2dba3a6068fdbeba4,2026-03-08T22:33:47+00:00,2026-03-08T22:43:25+00:00,2,1319.0,1319.0,0,0,130.5810,2
0x580a99479f35c7498e62a57b4a4a4a41682da236,2026-05-13T19:43:14+00:00,2026-05-21T16:14:39+00:00,3,2250.0,0,0,0,20.5000,3
0x581d24e58039e1f569dacde9c288e028b51f2b06,2026-06-11T11:59:48+00:00,2026-06-16T11:44:21+00:00,874,1560280.405246,1560280.40,0,0,7178.9062759996858627,872
0x5824a746831f7c69403930ef76db143f570469a9,2026-04-28T15:21:04+00:00,2026-04-28T15:21:04+00:00,1,0,0,100.0,0,98.2000,1
0x583006ccf8eb061d0eab94d69ae3818468545e72,2026-05-30T02:50:08+00:00,2026-05-30T07:10:36+00:00,2,0,0,34.02,34.02,67.66578,2
0x584233e708f3a7ab53154d9f59df9c707b6e1c99,2026-06-17T17:01:34+00:00,2026-06-17T17:01:34+00:00,1,15000.0,0,0,0,15.0000,1
0x58633c77540825f94128d1089e0787aaa987aa10,2026-06-05T23:45:46+00:00,2026-06-05T23:45:46+00:00,1,250.0,0,0,0,1.0000,1
0x58641dbd9128db522f206285343b79aae8c976b9,2026-03-26T20:29:23+00:00,2026-03-26T20:50:43+00:00,2,200.0,200.0,0,0,22.0000,2
0x5866c2cf54fb98d34bd1303c6870a385f465ed9f,2026-05-25T20:50:38+00:00,2026-06-05T08:05:04+00:00,2,0,0,150.905333,150.9,300.296301002,2
0x58858faad38769b7d787844dc5eee7df3112a891,2026-05-26T09:16:40+00:00,2026-05-30T13:24:29+00:00,2,0,0,63.380166,63.38,125.9996049976619834,2
0x5890e515550429c4fa0d62c38ee9866f8ebf35e7,2026-05-30T05:08:34+00:00,2026-05-30T09:17:42+00:00,2,0,0,20.8944,20.89,41.5545880,2
0x58acac5c0b1bdf4e852ab92fc9e7de3d2d6c27dd,2026-05-24T01:07:41+00:00,2026-06-15T20:49:57+00:00,4,191168.579089,0,0,0,301.9999958606370911,4
0x58ae7ee8a965d211fc784a04c95ecc9b00d33e8f,2026-06-12T16:59:37+00:00,2026-06-12T16:59:37+00:00,1,0,0,1.003,0,0.999991,1
0x58b135a087b98cf61c8280f345a0fc4d13ccc21e,2026-06-13T13:07:33+00:00,2026-06-13T13:07:33+00:00,1,0,0,112.3645,0,112.1397710,1
0x58ca8021522a184d660108371269a1cf61a3babd,2026-06-08T07:15:58+00:00,2026-06-09T16:02:18+00:00,2,7886.666666,0,0,0,30.5999979570000002,2
0x58d71d66722aa4c1e6ebde57071693667d2917e1,2026-06-16T15:03:22+00:00,2026-06-16T16:08:32+00:00,5,65790.0,0,0,0,131.5800,5
0x5922bedba122e18efe7ef6890fcf32f54a8bcb63,2026-03-31T11:24:05+00:00,2026-03-31T13:01:07+00:00,2,0,0,5.0,5.0,9.5450,2
0x592da67bae01c5b67325187d67e68e2b808debc6,2026-05-15T13:10:18+00:00,2026-05-15T13:10:18+00:00,1,285.714285,0,0,0,1.9999989950000025,1
0x593cca5e127867a056b5da544f0ff012df7f3e3e,2026-05-14T09:19:10+00:00,2026-05-14T09:22:05+00:00,3,1200.0,1200.00,0,0,19.20000,3
0x594eecd1376fa599893516e95b0da0a166ae6b2a,2026-05-16T18:03:41+00:00,2026-05-17T07:27:31+00:00,2,0,0,111.88,111.88,222.19368,2
0x595148ed064661f0fed1a24b149802206c4a9a78,2026-06-16T11:44:21+00:00,2026-06-16T23:51:08+00:00,2,0,0,56.31,56.31,112.39476,2
0x5954f1571e5e512e6bf727212201afa085e47a06,2026-06-08T01:38:52+00:00,2026-06-08T01:38:52+00:00,1,0,0,9.0,0,8.9820,1
0x595d573ac40710718e66dec08a0a4086c4e12c51,2026-04-25T13:03:38+00:00,2026-04-25T13:03:38+00:00,1,55.555554,0,0,0,0.9999989997778050,1
0x5968454ab9fa39745d5d4adf78f23b80ebe53fc4,2026-05-01T21:01:42+00:00,2026-05-07T12:46:20+00:00,4,137.0,129.0,0,0,2.5150,2
0x596d025a3019dadd964ff80f73d0080778112cae,2026-04-27T09:56:22+00:00,2026-04-27T10:33:42+00:00,2,0,0,22.0,22.0,43.2740,2
0x597c8a6ab2454aa849f1591c7e915022e2e68cc1,2026-05-26T09:00:42+00:00,2026-05-27T10:53:03+00:00,2,0,0,1061.368166,1061.36,2108.930437004,2
0x597ecf3230a3a6745caf9e8074a3948cec280a0c,2026-03-07T17:03:43+00:00,2026-03-08T03:47:45+00:00,4,0,0,939.0,939.0,1768.1290,4
0x599258d383ede677f423c999bbcf2bc6414099e4,2026-06-11T17:18:36+00:00,2026-06-11T17:18:36+00:00,1,1250.0,0,0,0,5.0000,1
0x599e877152dda5ae2996bd8f1d1a8293e2e2873d,2026-06-15T21:52:07+00:00,2026-06-15T21:52:07+00:00,1,5000.0,0,0,0,10.0000,1
0x599f45b43468b7161acf3aafee8fa62a8ac3261a,2026-05-18T10:21:15+00:00,2026-05-18T10:21:15+00:00,1,375.0,0,0,0,3.0000,1
0x59a910337253cefc8e23f0809cd2dafeae57ce4d,2026-06-11T17:54:27+00:00,2026-06-11T17:54:27+00:00,1,0,0,1.003,0,0.999991,1
0x59b84f3938b35337f32bf779ad1d337077e92e18,2026-04-29T19:48:24+00:00,2026-06-07T11:10:15+00:00,7,15509.284255,15509.28,0,0,158.3413968599985515,7
0x59ba352f217f856560389a4e5709b507c4efb7c6,2026-05-16T11:06:38+00:00,2026-05-22T21:47:01+00:00,2,0,0,182.0925,182.09,361.2690450,2
0x59d0bc7467f07f4b39069527998245ea298ca4f0,2026-06-08T15:09:06+00:00,2026-06-08T15:09:06+00:00,1,333.333333,0,0,0,0.999998999000001,1
0x59d577f2a97d134f6863b90c57b2577c98dae993,2026-04-22T09:23:14+00:00,2026-04-22T13:04:10+00:00,2,58.823529,58.82,0,0,2.0587599988823529,2
0x59d9c7683fc06436cac74314e6ade852db6a69d6,2026-02-28T14:13:17+00:00,2026-03-14T07:50:49+00:00,2,0,0,2.931,2.93,5.749646,2
0x59db57b28ddbcdf7f15e6dfcafad229fe99a7840,2026-06-01T07:35:41+00:00,2026-06-06T10:21:54+00:00,4,3875.25425,0,0,0,18.75525700,4
0x59dd93460ea8677027549a8c134cc21c552d70dc,2026-05-03T06:01:38+00:00,2026-05-03T08:18:10+00:00,2,0,0,1583.514571,1583.51,3143.271889003,2
0x59f4052a03834b2c50814e4b534c8ab244e57661,2026-05-08T12:20:20+00:00,2026-05-08T12:20:20+00:00,1,452.0,0,0,0,4.520,1
0x59fee6ccaca4793228f09c83868df3442a8714fd,2026-03-03T20:58:05+00:00,2026-05-06T18:14:14+00:00,13,32.53,12.0,20.0,0,21.03428,12
0x5a0ff116a6c958dfde351e2686f1d578d26c475d,2026-05-03T09:04:42+00:00,2026-05-03T21:00:08+00:00,2,0,0,50.4,50.4,99.7920,2
0x5a164c40fe1b13c223e0f62dcee6bb362409a188,2026-06-02T12:00:49+00:00,2026-06-04T22:22:21+00:00,2,60.0,0,0,0,0.2700,2
0x5a183bfd237de9fc2d2c4d5e3d67f8b87d81e0a3,2026-05-21T09:46:56+00:00,2026-05-21T10:09:03+00:00,2,0,0,45.317219,45.31,89.9475180002326443,2
0x5a218c7ad04135830a45c41aaed7294df7809318,2026-04-24T01:45:20+00:00,2026-05-29T01:25:37+00:00,70,0,0,3396.830448,0,3356.9824819974608458,69
0x5a223fc05523ca07952fe28d03c33a0a93acdb8d,2026-05-13T17:28:55+00:00,2026-05-13T17:28:55+00:00,1,111.111111,0,0,0,0.999998999000001,1
0x5a3239878348c5e8a583baeaeb1dc39e19e47c09,2026-06-02T04:24:25+00:00,2026-06-16T20:22:23+00:00,3,0,0,150.7286,37.15,187.3563490,3
0x5a689db236319c41caf7bc26b50d348d564f0ff9,2026-05-18T03:37:21+00:00,2026-05-18T17:20:56+00:00,2,0,0,285.78,285.78,566.98752,2
0x5a78601281556d15eabc0ebb8df239c772b973ec,2026-06-06T04:09:49+00:00,2026-06-06T04:09:49+00:00,1,0,0,50.150333,0,49.999882001,1
0x5a860a67e8f9e9ddf06165f1032a9ad2ec8ee713,2026-05-13T03:26:39+00:00,2026-06-12T14:05:22+00:00,2,100.0,100.0,0,0,1.0000,2
0x5a892cefe9c01ed049d8e5193136abaf5808c186,2026-04-29T14:13:40+00:00,2026-06-16T18:34:41+00:00,1939,0,0,32939.002695,32938.971209,65371.0081110025799331,1939
0x5a8951687d8f8fa5bc1d856017dd88253abab1c2,2026-05-20T15:47:38+00:00,2026-05-20T15:47:38+00:00,1,2500.0,0,0,0,20.0000,1
0x5a8afb91b9cacda2c8665fdbf9c4f582e360dd02,2026-06-12T06:04:21+00:00,2026-06-12T06:04:21+00:00,1,0,0,1.303666,0,1.2997550000445010,1
0x5a95718482e66e6c9df59d96adfc79e20e7723cf,2026-06-16T18:25:20+00:00,2026-06-16T18:25:20+00:00,1,100.0,0,0,0,0.1000,1
0x5a980d28e03b49ff1141d12ad0d973f4f975f327,2026-05-27T10:20:34+00:00,2026-05-27T10:20:34+00:00,1,0,0,393.028166,0,390.669997004,1
0x5aa01366ef0978993f81be9f7f6a3658eded152a,2026-05-08T07:20:44+00:00,2026-05-08T07:23:33+00:00,2,0,0,1.009,1.0,1.989919,2
0x5abb2a99c0cf3e15210f91876ff164837b846e67,2026-06-05T01:24:24+00:00,2026-06-05T01:25:54+00:00,3,0,0,260.0,130.0,388.7000,3
0x5ac1c1c1a1aaa85e137056be3357bacf094c0a1f,2026-05-13T05:31:50+00:00,2026-05-13T05:37:29+00:00,7,1380.0,1380.00,0,0,19.32000,7
0x5ada7f95a1d1c1ba98ec310de003e8bdc0117363,2026-05-28T21:30:57+00:00,2026-05-29T09:48:54+00:00,2,0,0,50.9,50.9,101.1892,2
0x5ae5cec75e83e5f28e2dfb313c126c3424bbba1c,2026-05-19T21:22:46+00:00,2026-05-20T08:19:10+00:00,2,0,0,52.366564,52.36,103.941117999633436,2
0x5aec01932a51836bc151b5aa515ccea15a7d904b,2026-03-25T21:57:21+00:00,2026-04-24T19:35:04+00:00,156,0,0,12533.80,0,12223.509280001885,156
0x5aecb4530a5eeb7af220c05a7de51d33d021fbb6,2026-05-23T06:30:27+00:00,2026-05-23T06:30:27+00:00,1,0,0,3.118,0,3.089938,1
0x5af9165a87fb112a78967eb1d0a0283ed1f2b199,2026-05-28T11:30:07+00:00,2026-05-30T11:28:29+00:00,2,0,0,176.056333,176.05,349.993695002,2
0x5afa364808d85c397809b4969444bbb491ffaf1e,2026-05-20T18:45:10+00:00,2026-05-21T05:16:30+00:00,2,0,0,143.001006,143.0,283.7129979998932598,2
0x5b02843ad707297056feb35e5607971981bd5b6f,2026-06-16T20:58:20+00:00,2026-06-16T20:58:20+00:00,1,1500.0,0,0,0,3.0000,1
0x5b059fe18606ae117f1ef4c9cf0deec0473bd2a3,2026-05-27T13:11:17+00:00,2026-05-28T01:54:22+00:00,2,0,0,125.07,125.07,248.38902,2
0x5b10e5c23f9da1f3c39933289ca977e8ec4a5faa,2026-06-11T08:22:40+00:00,2026-06-11T08:22:40+00:00,1,0,0,1.013038,0,1.0099979999969652,1
0x5b1ba14b8d9e701fb88eff91e7839d47c3394cf1,2026-05-13T12:38:22+00:00,2026-05-13T23:19:36+00:00,2,0,0,105.84,105.84,209.98656,2
0x5b1ee117e3418f95900db0e9730806d7427a4f73,2026-06-03T07:48:24+00:00,2026-06-09T10:35:31+00:00,2,0,0,15.0,15.0,29.8650,2
0x5b2756edf6d339abb1c31681fe2ed3be4de072ef,2026-03-28T06:03:21+00:00,2026-03-28T06:06:43+00:00,3,0,0,1132.0,1132.00,2123.63200,3
0x5b295a255e719f654835f925e31358212fbfe882,2026-03-01T00:11:31+00:00,2026-03-01T04:21:49+00:00,3,55.20405,50.0,0,0,2.1040810,3
0x5b2ecb3cbd81f8ee9b6b50f5c6a2742998a0c839,2026-04-19T04:49:06+00:00,2026-04-19T04:49:06+00:00,1,45.454544,0,0,0,0.9999989998182128,1
0x5b30d75676a91413ece6e255d5614020dcb37b40,2026-05-05T22:19:00+00:00,2026-05-05T22:19:00+00:00,1,0,0,4.929375,0,4.889940000,1
0x5b49659eaf096ff1ca1d032c97c9bf664e7c499e,2026-06-12T14:45:42+00:00,2026-06-12T14:45:42+00:00,1,0,0,1.003,0,0.999991,1
0x5b4d449335b79afbbecae9be20543fd9fa5f2adb,2026-02-01T14:53:16+00:00,2026-02-03T13:21:02+00:00,2,515.1882,515.18,0,0,34.79921997352316,2
0x5b52910f91870930b82f134af2893c5e41b63644,2026-05-30T04:39:34+00:00,2026-05-30T07:09:34+00:00,2,0,0,8805.0,8805.0,17513.1450,2
0x5b569caf45af1e6f1975713dafee1bd509404470,2026-03-23T06:44:23+00:00,2026-03-23T08:42:47+00:00,3,700.0,700.0,0,0,81.7540,3
0x5b62dc3b4e9e85f71babb75df207825b01346714,2026-05-03T14:43:30+00:00,2026-05-03T14:43:30+00:00,1,0,0,7.057545,0,6.9799120000597185,1
0x5b6331e7ff0831a3fe2ed12004747db1a9c911a4,2026-03-27T09:23:33+00:00,2026-06-17T15:46:35+00:00,70,268333.169120,13291.0,0,0,1663.4632352443256099,70
0x5b69eceddb2ffc00651bdf7e0f7650e05d97c243,2026-03-28T05:57:59+00:00,2026-03-28T06:02:11+00:00,4,0,0,1001.00,1001.00,1877.87600,4
0x5ba5d97d9121486b17545ffcde2ca378840f1066,2026-06-17T11:41:59+00:00,2026-06-17T13:38:25+00:00,2,9710.0,0,0,0,19.4200,2
0x5baf3be6dc032cb66765aaeae55c6c353ec30dd9,2026-05-11T03:07:46+00:00,2026-05-11T06:18:14+00:00,2,0,0,78.9,78.9,156.7743,2
0x5bb89cf275276f53c5f435e1d3a56c9ff53cf697,2026-05-18T20:07:32+00:00,2026-05-31T20:47:01+00:00,2,12500.0,3125.0,0,0,115.6250,2
0x5bcc8fb3f5a62d5c81295c04826ccd14f7cfa235,2026-05-19T14:28:22+00:00,2026-05-20T20:52:09+00:00,2,0,0,156.0,156.0,309.3480,2
0x5bdd39357ae6562ebdc745a338e632f987c1a6e9,2026-06-06T23:56:33+00:00,2026-06-08T00:59:01+00:00,2,0,0,29.087,29.08,57.992499,2
0x5be583d30e80c4c91dbf57ef32bab12726202d9a,2026-03-25T05:22:17+00:00,2026-06-03T22:37:16+00:00,2,466.07843,466.07,0,0,26.10034899784314,2
0x5c0b46ed3630e3fdf91da446e3e89ec6d502c928,2026-06-15T19:52:30+00:00,2026-06-15T19:52:30+00:00,1,0,0,60.0,0,59.9400,1
0x5c0b9ee4a45a9fcaa5490f395e47385fe3944d31,2026-03-01T02:59:21+00:00,2026-03-10T18:54:23+00:00,29,0,0,21.476627,21.45,41.1268399999327155,29
0x5c0c12930137f909ebcb5f9895bf004346c118da,2026-06-15T06:33:46+00:00,2026-06-15T06:33:46+00:00,1,0,0,12.942,0,12.929058,1
0x5c159e5abe320869a77490b0dfeef673aae0677a,2026-06-11T18:18:54+00:00,2026-06-11T18:18:54+00:00,1,0,0,1.123333,0,1.1199629999890003,1
0x5c1780c734e4c6983b7cb1467caa57dd333f8372,2026-03-20T17:48:45+00:00,2026-03-20T17:48:45+00:00,1,277.745674,0,0,0,9.9999989916396550,1
0x5c1dc2ac88afb5c0054003c249937fcfb7bdf7dd,2026-05-07T21:52:02+00:00,2026-05-07T21:52:02+00:00,1,0,0,26.0303,0,25.769997,1
0x5c1e3ab05bcab6aed64d0189979dc05611afcbb3,2026-06-17T03:09:01+00:00,2026-06-17T03:09:01+00:00,1,4500.0,0,0,0,9.0000,1
0x5c2785d9e92013258d4d2a682f3e3fa959135eae,2026-04-11T19:39:07+00:00,2026-04-16T03:57:10+00:00,2,0,0,20.0,20.0,39.3800,2
0x5c4bba6f7bcd6e03c16ef5fd584622034e9c4543,2026-06-16T19:41:56+00:00,2026-06-16T19:41:56+00:00,1,500.0,0,0,0,1.0000,1
0x5c6275c2c08b993823b06721c5a85c362e2ea497,2026-06-11T09:48:45+00:00,2026-06-11T09:48:45+00:00,1,0,0,1.004015,0,0.9999980000411570,1
0x5c65617ee677d056b3a02841070d655e7a9e9b8e,2026-06-15T01:13:43+00:00,2026-06-15T01:13:43+00:00,1,0,0,11.371,0,11.359629,1
0x5c6cc2289f4d85a77958b5a7ab63e9a4a16c998f,2026-05-26T08:33:02+00:00,2026-05-27T02:33:35+00:00,3,200.0,200.0,0,0,2.6000,3
0x5c7ae9d70bcee044792a656173d085e27da01a97,2026-05-13T14:15:19+00:00,2026-05-13T16:40:02+00:00,7,0,0,925.99,925.99,1838.09015,7
0x5c81d2b46bcae5327c8dfd91c39eb9f85dfd5e7d,2026-05-15T08:15:24+00:00,2026-05-15T10:20:02+00:00,2,0,0,1516.71,1516.71,3013.70277,2
0x5c82810d2145bd4f4c036e215806b121ab06424a,2026-04-27T12:53:38+00:00,2026-04-27T13:42:42+00:00,2,0,0,36.0,36.0,70.8840,2
0x5c847a495fc2cc40220fcdf79f83f0be9473b3a9,2026-04-16T21:43:50+00:00,2026-04-17T08:21:18+00:00,2,225.185184,0,0,0,6.0000000050370368,2
0x5c8b9915093e0c16e569a9cd399e47ed3713e998,2026-05-01T04:12:16+00:00,2026-05-01T05:11:04+00:00,2,400.0,400.0,0,0,9.2000,2
0x5c8d4bb2ea46817eeb547d2a46d12c07ac4bf56c,2026-06-14T09:03:27+00:00,2026-06-14T09:03:27+00:00,1,0,0,1.001,0,0.999999,1
0x5c941a66b53062556b29bae01ce09f4837bf6261,2026-05-30T22:16:13+00:00,2026-05-30T22:16:13+00:00,1,166.666666,0,0,0,0.999998996000004,1
0x5cb335c6c333a3429f79a86fd9c280c5c74296ef,2026-05-20T17:13:31+00:00,2026-05-21T12:10:30+00:00,2,0,0,132.0,132.0,261.8880,2
0x5cb55c1618a899268000d5ddb8050cb2b55d68c4,2026-05-27T13:11:17+00:00,2026-05-28T00:27:44+00:00,2,0,0,83.68,83.68,166.18848,2
0x5cb5c02590df01e2f9415f230300fb241f4c2f17,2026-06-17T06:07:41+00:00,2026-06-17T06:47:11+00:00,2,0,0,746.746,746.74,1491.992514,2
0x5cceab57c73c43d769ac42d57ae05dd47236733e,2026-04-12T08:30:51+00:00,2026-04-12T11:30:49+00:00,2,478.260868,478.26,0,0,22.956499007478264,2
0x5cceb43c3d061400d165be0254e7a8a4c2020c01,2026-05-13T18:51:51+00:00,2026-05-13T19:11:04+00:00,3,0,0,127.0,127.00,251.46000,3
0x5ccfd6a813da36425564cbdd3ae4fcaf9fa51188,2026-04-16T21:03:52+00:00,2026-04-16T21:03:52+00:00,1,0,0,20.512819,0,19.9999979998718336,1
0x5ce20fc41ca2e49ad0d660589536b09f7e832d0e,2026-04-06T23:04:09+00:00,2026-05-04T07:47:40+00:00,2,1000.333333,1000.33,0,0,29.003629994668666,2
0x5ce613d41433aa7bf1e1f9209de325127d6ade1f,2026-02-20T08:24:28+00:00,2026-02-21T09:56:50+00:00,2,0,0,2.507428,2.5,4.9373759999881152,2
0x5cec2dbd26762bcdecd73c84deb5fd7fe7ce7c61,2026-04-03T13:03:53+00:00,2026-06-10T14:03:43+00:00,9,3389.272206,0,0,0,41.3899989790912017,9
0x5cf5a397519f06ba0a466eb76b6f0c65e7e77f12,2026-06-05T13:31:45+00:00,2026-06-05T13:31:45+00:00,1,100000.0,0,0,0,400.0000,1
0x5d1c64d45ebf9f594d25a129fea3ebf4e6dcf1c8,2026-06-07T16:47:51+00:00,2026-06-07T16:47:51+00:00,1,0,0,1.002,0,0.999996,1
0x5d1e733fefa1dd5088ce7bc6c57d4be70c98b4d0,2026-05-12T11:04:24+00:00,2026-05-12T11:04:24+00:00,1,6250.0,0,0,0,50.0000,1
0x5d277c3024ca8bc38763db9c67c70b61b26a9ce5,2026-05-27T21:53:53+00:00,2026-05-27T21:53:53+00:00,1,0,0,5.492833,0,5.4598759998028668,1
0x5d2c7a78ce01fe6111a67bddea43bc0b9bf0baf2,2026-03-27T09:25:51+00:00,2026-04-05T13:32:35+00:00,3,0,0,1.06,1.05,2.02650,3
0x5d2e0736fb39feace0ddf66f9cff7fa3ad1d2581,2026-04-30T17:00:10+00:00,2026-04-30T17:00:10+00:00,1,83.333333,0,0,0,0.999998996000004,1
0x5d340a5bf4d7dc0bc0aa4f52d2d974e84b1ede83,2026-05-12T23:30:36+00:00,2026-06-17T05:13:20+00:00,46,0,0,601.37,601.37,1196.69582,39
0x5d62a6492bc39bc5dfd06819ea55068b61bb8943,2026-05-14T19:42:47+00:00,2026-05-26T21:56:04+00:00,3,0,0,116.722270,91.94,207.1344719987179932,3
0x5d834c468c9ba82f17aefec2e5a9a65145281e81,2026-05-03T09:04:42+00:00,2026-05-03T21:44:22+00:00,2,0,0,123.99,123.99,245.50020,2
0x5d887de71951106a0eed6dcb061a2be36c0641e2,2026-05-17T23:57:47+00:00,2026-05-18T11:28:29+00:00,4,0,0,107.65,107.65,213.57760,4
0x5d89bbf5314113d3462944b77fdd8cde91a4f157,2026-03-18T21:28:57+00:00,2026-03-22T20:13:27+00:00,2,0,0,20.79,0,19.98819,2
0x5da9d44058aed7d8522e91c6ed07166adcf03bbf,2026-05-20T04:13:21+00:00,2026-05-21T17:05:40+00:00,2,0,0,62.437,62.43,123.743211,2
0x5db495620d90cc97e96a928b0bce84e767e78e35,2026-06-10T13:40:55+00:00,2026-06-11T04:33:09+00:00,2,0,0,9.02708,9.02,17.983917999919864,2
0x5dc2de45ec4488296ef9f6519dd62881f20f9b98,2026-06-01T19:34:42+00:00,2026-06-01T19:34:42+00:00,1,166.666666,0,0,0,0.999998996000004,1
0x5dc6ba41f18d0869ff53efcac0f0607212a10f2e,2026-05-12T23:48:43+00:00,2026-05-12T23:48:43+00:00,1,285.714285,0,0,0,1.9999989950000025,1
0x5dd1ffef7a793f0a4385f09a4d88ece48277a3ee,2026-06-11T04:59:49+00:00,2026-06-15T11:20:27+00:00,2,0,0,100.0,100.0,199.5000,2
0x5df2ec30bb744a012506ae06bb5a1d7cb6c30d21,2026-05-13T18:51:51+00:00,2026-06-06T16:22:04+00:00,4,0,0,520.58,520.58,1034.64411,4
0x5dfa66e2143f7d8d3cabb4156d3d3ffe21e0eabc,2026-05-31T12:19:22+00:00,2026-05-31T13:23:23+00:00,2,0,0,10.0502,10.05,19.9896490,2
0x5e01157a4ad584b9a1df8cf3a92d7c71c93b0d21,2026-06-15T12:15:45+00:00,2026-06-15T12:15:45+00:00,1,5000.0,0,0,0,5.0000,1
0x5e01d2d7989686659712d66f63118fcb93cffb3e,2026-06-11T18:39:10+00:00,2026-06-11T18:39:10+00:00,1,0,0,1.033,0,1.029901,1
0x5e040a09b01671be88a71add482c8c824402864c,2026-05-15T13:32:35+00:00,2026-06-16T18:34:52+00:00,1389,0,0,23595.49,23595.483550,46845.3615440001845270,1389
0x5e2a5ebc94e2b03483391b3eee27fe19b8e4abc7,2026-05-12T01:35:58+00:00,2026-05-12T01:35:58+00:00,1,250.0,0,0,0,2.0000,1
0x5e2c5ee8fe7c3c1a3689538c6859af5e2802a680,2026-04-17T07:53:46+00:00,2026-05-30T14:33:56+00:00,2,0,0,156.24,156.24,308.10528,2
0x5e35110b4b57e9aca56a2e985a3d03a35e241f67,2026-06-11T08:23:34+00:00,2026-06-11T09:22:06+00:00,2,0,0,103.4055,103.4,205.98270899688625,2
0x5e3dee4da5d70b94909a272fb5ce4b3b09a17700,2026-05-24T17:44:32+00:00,2026-05-25T05:35:25+00:00,2,0,0,175.403125,175.4,347.996700000,2
0x5e47616fd701d2a6d679d28938292ef6c0324ac0,2026-05-25T03:07:10+00:00,2026-05-25T03:07:10+00:00,1,0,0,22.155,0,21.999915,1
0x5e5594c43ed1c09cef9a58659ebf9a8923ba9321,2026-06-13T20:15:18+00:00,2026-06-13T20:15:18+00:00,1,0,0,37.595,0,37.519810,1
0x5e57d56300782f528383efab91ecfcb52c6ca523,2026-05-17T12:20:10+00:00,2026-05-18T00:59:37+00:00,2,0,0,116.31,116.31,230.99166,2
0x5e6451a9afc26e56f61839af472621a3ce1b673b,2026-05-23T10:57:51+00:00,2026-05-23T10:57:51+00:00,1,454.545453,0,0,0,4.999999983,1
0x5e649a96e6bd4eea136b10ae0a358da5fe5a114a,2026-05-03T09:04:42+00:00,2026-05-03T19:58:30+00:00,2,0,0,97.88,97.88,193.80240,2
0x5e6aedcc7222b48878d185b5b491c14ded81326a,2026-06-14T23:26:42+00:00,2026-06-15T11:20:27+00:00,2,0,0,18.018,18.01,35.991972,2
0x5e6d734c375993fbc137a8ca60e257723a4518d9,2026-05-23T20:14:42+00:00,2026-05-23T20:14:42+00:00,1,454.545454,0,0,0,4.9999989940000012,1
0x5e74f39b542c3bfabbc7d9c4d5107dca6f22ce72,2026-04-24T01:21:00+00:00,2026-05-23T02:56:41+00:00,7,0,0,704.59,704.580182,1389.4366179988523610,7
0x5e83c9db1593a9113fffa791797cf9655b383bb7,2026-06-02T23:37:47+00:00,2026-06-15T03:40:18+00:00,6,5566.666666,831.66,0,0,22.1082989980000008,6
0x5e9a40777110847592914116970b4bd004cf5055,2026-05-06T18:14:14+00:00,2026-05-31T08:16:18+00:00,2,0,0,50.0,50.0,99.2500,2
0x5e9b0432e4c90777c50e10660f8d6068284b1e50,2026-06-10T23:35:51+00:00,2026-06-10T23:35:51+00:00,1,1250.0,0,0,0,5.0000,1
0x5ea3971a040a9ae66445cf0940438b355688adbb,2026-04-26T22:01:12+00:00,2026-04-29T23:33:26+00:00,5,1125.00,1125.0,0,0,36.00000,5
0x5ea76651681668b7b1b888b0a642aa17cafe7450,2026-03-19T13:32:51+00:00,2026-03-19T23:28:59+00:00,8,0,0,377.77,0,363.49251,8
0x5ecdc861c3e4aa9cde4493d50caf09102aee1419,2026-03-20T19:27:49+00:00,2026-03-20T23:41:55+00:00,2,44.897959,44.89,0,0,4.3098299999795918,2
0x5ed03050391a00408eeabe8f1ab023063c812202,2026-06-12T19:23:12+00:00,2026-06-12T19:23:12+00:00,1,0,0,1.242,0,1.239516,1
0x5edaf80ee7ff0e299c4d84beee45c8dd821d3d6e,2026-06-17T16:02:49+00:00,2026-06-17T16:02:49+00:00,1,1000.0,0,0,0,1.0000,1
0x5edb0ed3028e8d1296f39c2ad9e44e1934bbb71d,2026-06-14T23:08:33+00:00,2026-06-14T23:08:33+00:00,1,0,0,17.017,0,16.999983,1
0x5edc7bba7516cd28dc886ad576ba197bb114bbad,2026-03-30T21:23:43+00:00,2026-05-29T01:25:39+00:00,80,0,0,8642.911038,0,8456.7488770009918995,80
0x5ee469962356413457dc488840845c5a33399904,2026-05-13T10:25:24+00:00,2026-06-01T13:44:42+00:00,5,6119.047618,0,0,0,45.999998993000001,5
0x5ee65a0a6177a677561450b3fd66c544994bebaa,2026-03-28T00:45:39+00:00,2026-04-17T07:53:58+00:00,25,2497.647057,2497.64,0,0,236.5213989867647119,25
0x5efe5cd6098bea9c57d6a601ab2f35d5a3f16595,2026-06-14T18:31:09+00:00,2026-06-14T18:31:09+00:00,1,0,0,2.012,0,2.009988,1
0x5f04b7d6d6a722bbb7404bd5aed21b9adb4abcea,2026-02-12T15:37:51+00:00,2026-02-12T15:37:51+00:00,1,233.043477,0,0,0,5.3599999943043477,1
0x5f0da37f1b8c14afee49c83a540fe10bdae5c118,2026-06-16T10:12:28+00:00,2026-06-16T13:09:49+00:00,8,0,0,1115.176,1115.17,2225.8373939956592,8
0x5f17d97c4c5f2806230ce4847dc24b0ec898e927,2026-06-16T12:12:19+00:00,2026-06-16T12:12:19+00:00,1,500.0,0,0,0,1.0000,1
0x5f2392d3d77cd1a2941d50f107ebb2f130515b1a,2026-05-22T13:27:40+00:00,2026-05-22T13:28:04+00:00,2,222.222222,0,0,0,1.999997998000002,2
0x5f2583730950fe150e4f603cbe02ed1501c2940d,2026-06-08T10:19:03+00:00,2026-06-08T10:19:03+00:00,1,333.333333,0,0,0,0.999998999000001,1
0x5f29932e0d708a7b6f2d7e8eb5378cb3a04e56de,2026-05-31T12:32:38+00:00,2026-06-01T05:18:03+00:00,2,0,0,21.1054,21.1,41.9732730,2
0x5f29b8b77a622e4e3332949ab51f18bef5d2eeb5,2026-05-22T16:08:54+00:00,2026-05-22T16:21:59+00:00,2,0,0,1.008,1.0,1.990936,2
0x5f390e4b7d6f06d6756a6c92afdbf7b3176aa78c,2025-12-11T09:59:41+00:00,2026-04-05T07:30:53+00:00,15,0,225.88,1074.72,0,1021.78303,15
0x5f5e18d2658c1a607c60aba86463019d615849b9,2026-06-05T22:47:00+00:00,2026-06-05T22:47:00+00:00,1,0,0,22.166333,0,22.099834001,1
0x5f69f6f5a25fad5816070a941235b27df82253a4,2026-06-03T08:25:23+00:00,2026-06-07T00:37:45+00:00,2,0,0,103.0,103.0,205.0730,2
0x5f6e04d2c48bd06dd42193fcd8ea07fae7d5974f,2026-03-10T06:50:31+00:00,2026-03-10T07:57:01+00:00,2,733.0,733.0,0,0,60.1060,2
0x5f7c9ad92d13cf12c82e3aa3f5f84951eb77f87c,2026-06-09T16:48:09+00:00,2026-06-09T16:48:09+00:00,1,285.714285,0,0,0,1.999999995,1
0x5f879017190d12d8a3dfdbda02798a59fda25b48,2026-05-14T06:16:04+00:00,2026-05-14T08:15:18+00:00,2,0,0,127.15,127.15,252.39275,2
0x5f8ec8b9c07547d93ac7206ef75c1b625e6021b7,2026-04-30T16:05:04+00:00,2026-06-14T20:31:36+00:00,23,14784.012562,586.54,0,0,100.5573990085668222,23
0x5f8f0f1bf5ab7bc875082f4e8a4f6093372799b8,2026-06-15T09:01:10+00:00,2026-06-17T14:39:41+00:00,2,3955.0,0,0,0,4.9100,2
0x5f95f768511ba2e50c576066fd611c77335746c4,2026-03-17T15:59:13+00:00,2026-04-29T20:48:52+00:00,4,14.0,14.0,0,0,0.7090,4
0x5f9af170a30eeab5fae9a6aa2a4f7da135e2e1fa,2026-06-16T08:08:39+00:00,2026-06-17T18:00:31+00:00,2,5632.21,5632.21,0,0,16.89663,2
0x5fa679aa693c3c18432dce101c0d87cbf3d003eb,2026-03-26T21:10:25+00:00,2026-05-09T20:08:38+00:00,4,386.0,386.0,0,0,24.6980,4
0x5fae4567f25696e211a4e7d4f3de185a4d2ef73a,2026-06-16T12:48:01+00:00,2026-06-17T02:51:16+00:00,2,0,0,262.42,262.42,523.79032,2
0x5fb5ae93cb7468c3e180acd7c34be188b89108fa,2026-04-30T20:45:46+00:00,2026-04-30T20:45:46+00:00,1,3846.153846,0,0,0,49.999999998,1
0x5fb6ea6ab24afbae8e1ce002a61ef5d10e56f3c4,2026-06-17T16:34:50+00:00,2026-06-17T16:34:50+00:00,1,1000.0,0,0,0,1.0000,1
0x5fba9b018c1ed98ca0450c5bb2cbdee183f7a7e7,2026-03-13T14:50:25+00:00,2026-04-06T05:41:13+00:00,3,0,0,14.81,14.81,29.17570,3
0x5fbca8c3d4b7efa6e39bd9ffebdbad9b6d2446c2,2026-04-17T11:53:36+00:00,2026-04-17T13:50:18+00:00,2,0,0,152.07,152.07,296.53650,2
0x5fc3e59ff800360c8059ed0cadbd041acca50670,2026-03-20T23:41:07+00:00,2026-03-20T23:41:07+00:00,1,2040.816325,0,0,0,99.9999989045918375,1
0x5fdb5b45368ff706df9ec351d4bc31d04716818d,2026-06-14T10:54:28+00:00,2026-06-14T10:54:28+00:00,1,0,0,2.102,0,2.099898,1
0x5fdd48ccf05f6b0a0352cbfc7fd063a2aceb2132,2026-02-26T02:21:56+00:00,2026-04-14T12:43:55+00:00,11,0,24.91,79.345482,10.06,87.5683809995716284,11
0x6012cd99320e73244b2974c07463ab8b3c543c23,2026-05-14T09:29:25+00:00,2026-05-14T09:30:33+00:00,3,1210.0,1210.00,0,0,19.36000,3
0x602b7303dc4fefd453833a1d94c33071b3c43d83,2026-05-02T16:22:14+00:00,2026-05-02T16:22:14+00:00,1,0,0,2.014,0,1.999902,1
0x604585923cb9c25c59c4091eb366d1d0f2e37ec9,2026-05-11T03:07:46+00:00,2026-05-11T06:03:11+00:00,2,0,0,97.8,97.8,194.3286,2
0x6049761986af66cd8e78997c940766bd69c7f14f,2026-06-17T18:06:53+00:00,2026-06-17T18:31:41+00:00,4,0,0,2118.10,0,2115.98190,4
0x605df75be8e2edd660cc7ff02d613cd12bb2e15b,2026-05-15T06:20:05+00:00,2026-06-10T12:46:04+00:00,9,514.74,514.74,0,0,4.26786,4
0x605e51db4a3d6aabbbcadf534c0c85a974688b39,2026-04-10T04:29:57+00:00,2026-06-03T04:22:08+00:00,66,0,0,859.0,0,850.1300,66
0x607066b9542b4587da028c1b91403bf5f83a8a11,2026-03-08T03:00:31+00:00,2026-03-21T09:07:53+00:00,9,0,0,20.0,20.00,38.02000,9
0x60a1f00a9785268abd0358f00fc738ffe5071db6,2026-05-03T09:04:42+00:00,2026-05-03T19:20:26+00:00,2,0,0,48.58,48.58,96.18840,2
0x60a4fb4ca31908cdbc05ba55aaac57d65b08dd7c,2026-04-05T18:10:23+00:00,2026-06-08T09:45:19+00:00,3,2100.0,0,0,0,7.9000,3
0x60a88e6d3aab91e6040366c8069bcd9f76f284e6,2026-05-27T12:10:38+00:00,2026-06-10T03:45:16+00:00,2,258.65,258.65,0,0,3.87975,2
0x60ab33e7f3ae1b8209192e2258db0891f6569fd9,2026-04-30T20:05:40+00:00,2026-04-30T20:05:40+00:00,1,2307.692307,0,0,0,29.999999991,1
0x60c3a1b815d76386ad566a28e3bd61ffc6e07266,2026-05-12T13:01:15+00:00,2026-05-12T13:09:51+00:00,2,0,0,150.905333,150.9,299.994501002,2
0x60c3a53cce103f4294b21af8505fd547ea2aa8ca,2026-05-14T11:37:20+00:00,2026-05-14T11:49:16+00:00,2,0,0,10.070428,10.07,19.9893749999718288,2
0x60fd421fb445029d7c8ce20a6a86e0bb364589a9,2026-02-20T10:45:14+00:00,2026-06-05T02:03:16+00:00,452,27222.843240,27222.833284,0,0,1299.2182450004821545,443
0x60fda5762b7808cb5e3130d654abdd342037763d,2026-06-12T10:59:43+00:00,2026-06-12T10:59:43+00:00,1,1250.0,0,0,0,5.0000,1
0x610043427af92a65f6c967d804a84b32118e0b49,2026-05-12T20:30:58+00:00,2026-05-16T18:03:41+00:00,6,53531.369046,0,0,0,370.9799990480000002,6
0x61096c29705c6d367770de71cad80d2b22198607,2026-05-27T01:34:36+00:00,2026-05-27T01:34:36+00:00,1,0,0,243.913333,0,242.449853002,1
0x61130707b15d3a389bdc80fac3200a63e14bced4,2026-06-09T15:54:25+00:00,2026-06-12T05:00:52+00:00,2,0,0,5.0,5.0,9.9500,2
0x611cfdfc973e7ad77da1d8d84da0e87fc500a931,2026-06-08T17:16:39+00:00,2026-06-08T17:16:39+00:00,1,333.333333,0,0,0,0.999998999000001,1
0x61306816e15043b2ace6a3e1db031e248ffaf1ed,2026-03-11T12:33:03+00:00,2026-04-17T11:26:04+00:00,7,35.714284,35.71,5.2356,0,8.284706999428616,7
0x6132774e7d1581d7c09bdce3076b4a673daa5cd6,2026-04-09T03:22:09+00:00,2026-04-14T21:24:32+00:00,3,666.814444,666.81,0,0,35.004299987368,3
0x614a2fc9829d38109684018dd514f6559c0ad202,2026-05-28T03:18:22+00:00,2026-05-28T03:18:22+00:00,1,5671.428571,0,0,0,39.6999988627142858,1
0x615346ac3277f46c5282bd7eb20fc496d55144ab,2026-05-15T13:32:35+00:00,2026-06-16T18:34:41+00:00,890,0,0,14168.05,14168.036254,28143.2085580002683129,890
0x6158f604f443fb6d537e09729807fe4799d0fa72,2026-06-13T15:16:22+00:00,2026-06-13T15:16:22+00:00,1,333.333333,0,0,0,0.999998999000001,1
0x6166b7f2addd1f762a463ff30cb5765c2be1b25a,2026-05-24T08:22:05+00:00,2026-05-24T08:22:05+00:00,1,948.0,0,0,0,9.99999999360,1
0x616a9e9ab99bc563cdf1425cabef648bd5b509f7,2026-06-16T11:44:21+00:00,2026-06-16T22:53:46+00:00,2,0,0,49.59,49.59,98.98164,2
0x616c821197dfd4e6f6ab1b1928e390d41c751572,2026-05-16T18:03:41+00:00,2026-05-17T06:33:44+00:00,2,0,0,125.27,125.27,248.78622,2
0x6189043bcc370edec3a500cb3d3739e7a5e2d6eb,2026-05-15T03:40:09+00:00,2026-06-01T14:59:04+00:00,2,0,0,65.0,0,64.6450,2
0x618e55faee32f8c4c74c5d7fdcfa150faf8e9981,2026-05-01T16:27:10+00:00,2026-05-04T15:22:02+00:00,2,8.98,8.98,0,0,0.1796,2
0x6191cf4dbf915eba61691d7ca84c7dd74bdfca26,2026-05-26T12:42:38+00:00,2026-05-26T12:42:38+00:00,1,0,0,10.543166,0,10.4799069997827336,1
0x619213ef1b55b7d0a20c282a2d622be4611269bb,2026-06-14T04:10:55+00:00,2026-06-14T04:10:55+00:00,1,0,0,102.792,0,102.689208,1
0x61a0ed614dbca50907c614d1a292f3e90a2f0ae9,2026-03-28T04:02:27+00:00,2026-03-28T16:16:43+00:00,7,0,0,4.264389,4.26,7.9926819999636917,7
0x61a5f7976bb5af4dffc92df1e7ce06891627b012,2026-05-14T17:57:51+00:00,2026-05-14T19:56:09+00:00,2,0,0,88.177142,88.17,175.0245419971822858,2
0x61a725bd05ea77f2a68fc02e0f8ac81640d9810c,2026-05-22T05:17:36+00:00,2026-05-22T05:29:18+00:00,2,773.0,773.0,0,0,14.6870,2
0x61b55f6fda510e5daa4bc516871da9afafce0f4c,2026-06-17T17:38:52+00:00,2026-06-17T17:38:52+00:00,1,0,0,127.91,0,127.39836,1
0x61bcac367499f685881cf75e6fc4716c2fc2c4f3,2026-05-13T04:34:31+00:00,2026-05-13T04:40:21+00:00,3,1380.0,1380.00,0,0,19.32000,3
0x61be3df3e7a60d5fa576c8d8397c016b5c0aebf3,2026-03-07T17:03:43+00:00,2026-03-08T03:48:05+00:00,5,0,0,1392.0,1392.0,2621.1280,5
0x61cf6ea99b5c7af3c7ff0162cb26d63472fa8cdd,2026-05-30T21:16:17+00:00,2026-05-31T10:38:01+00:00,2,0,0,53.11,53.11,105.58268,2
0x61d73af601e1afd1e16497defa631a5d19edce1c,2026-05-21T16:36:11+00:00,2026-05-21T16:36:11+00:00,1,87.815,0,0,0,1.0000000040030,1
0x61d9e1ff009a85a213e6ebef492d3ccc9e25969c,2026-06-04T19:09:31+00:00,2026-06-04T19:09:31+00:00,1,200.0,0,0,0,1.0000,1
0x61df9ed24263f5e86ac2c88daa2f682a0ed1e103,2026-06-07T19:44:57+00:00,2026-06-16T22:14:11+00:00,2,3333.333333,3333.33,0,0,13.3333289990000001,2
0x61e00efef916175a1110442a7bda1ddb4dc915c2,2026-06-04T07:34:01+00:00,2026-06-11T11:33:40+00:00,2,0,0,12.048,12.04,23.991648,2
0x61e3e6225a173ffe36e1e37d453bddc9fee88ede,2026-06-11T08:25:31+00:00,2026-06-11T08:25:31+00:00,1,250.0,0,0,0,1.0000,1
0x61e9eb2e931ef16abc168d33445a0330b5d383ee,2026-03-13T01:01:07+00:00,2026-03-13T01:02:37+00:00,4,0,780.0,0,780.0,780.0000,4
0x61fae91df74bd2972f5c3321bde6de878348fab3,2026-02-17T11:40:33+00:00,2026-02-17T11:40:51+00:00,2,0,0,156.723909,156.72,309.682586001,2
0x620e83de420d7e39c06eda00c3ef523ac87f00cd,2026-04-19T17:59:52+00:00,2026-04-19T19:20:08+00:00,2,0,0,17.37,17.37,33.97572,2
0x623147c18fff93d11e461cde96af0489efb72fd0,2026-06-17T05:50:10+00:00,2026-06-17T19:40:32+00:00,2,0,0,101.9,101.9,203.4943,2
0x623635881f391f16992eaaf517034873eb63a4a0,2026-05-21T18:53:07+00:00,2026-05-21T18:53:07+00:00,1,90.909089,0,0,0,0.9999989971818388,1
0x623754a839b9c6894c095c270c650a14ebd08b39,2026-05-31T00:38:24+00:00,2026-05-31T07:05:55+00:00,2,0,0,10.0502,10.05,19.9896490,2
0x6253a0b3b2cd176f9f1f9b4483270b157b4f453f,2026-06-11T18:59:25+00:00,2026-06-11T18:59:25+00:00,1,0,0,1.042083,0,1.0399980000209751,1
0x625ae7bdf9964143c45ead79e7d269780545949f,2026-06-14T10:37:22+00:00,2026-06-14T10:37:22+00:00,1,0,0,2.002,0,1.999998,1
0x62858f74566ea8e94a9c8c6ea9a16bebd8bb8b04,2026-06-11T12:36:48+00:00,2026-06-11T12:36:48+00:00,1,5620.0,0,0,0,28.1000,1
0x6285bcbb95040bee70d272d1c860293e6e234c3c,2026-04-14T01:23:59+00:00,2026-04-16T03:57:10+00:00,2,0,0,197.87,197.87,386.24224,2
0x628b5d9c960c57559c6485d36f28e771bb85e756,2026-06-17T16:40:28+00:00,2026-06-17T16:40:28+00:00,1,1880.0,0,0,0,1.8800,1
0x62950cef71d36a57bd3d6c8e0a7309d177c0d8f2,2026-06-12T07:00:04+00:00,2026-06-12T09:51:34+00:00,2,0,0,865.61,865.61,1725.16073,2
0x629e0b51989a1a72091dd291e210cb012492c7fb,2026-04-17T15:18:24+00:00,2026-06-12T07:17:25+00:00,4,0,0,688.253772,688.25,1349.433006016,4
0x629f576219f8a2a10d4a81e7b531ca257a9df833,2026-04-27T04:50:22+00:00,2026-04-27T09:56:04+00:00,4,0,0,50.0,50.0,98.3500,4
0x62aa15e7f1cb8a79763aa909c058e6dd4735d3ef,2026-05-02T04:43:14+00:00,2026-05-02T04:43:14+00:00,1,237.5,0,0,0,1.9000,1
0x62ad81eddc36cc1e26234c908a69277bce9779fc,2026-04-20T21:24:42+00:00,2026-05-04T12:52:54+00:00,10,0,19016.22,2882.8,0,3030.878949569308,10
0x62cad58f4ed4cba4c43c4862d5063dbd58200ee9,2026-05-11T07:01:22+00:00,2026-05-11T10:26:40+00:00,2,0,0,65.070333,65.07,129.294421002,2
0x62ec8ee22f509fa212fa666cdb49dd268ffff173,2026-05-11T14:37:20+00:00,2026-05-11T17:24:29+00:00,2,0,0,108.128666,108.12,214.734934004,2
0x62f79581e025b20eadb995775fb16d4c61ba4862,2026-05-16T17:48:15+00:00,2026-05-16T17:48:15+00:00,1,0,0,3.903333,0,3.8799130000483335,1
0x62fd8b38a8976174dc432bd2f9fc0aa15f1c0c80,2026-06-02T04:38:03+00:00,2026-06-02T13:38:23+00:00,2,166.666666,166.66,0,0,1.833298996000004,2
0x6312947666a6d3ef40ca8baddccc557bb3c300a0,2026-06-10T20:21:33+00:00,2026-06-10T20:21:33+00:00,1,2315.0,0,0,0,9.2600,1
0x63148fffb4cf68b835d83327a9d3265a50ce0183,2026-06-17T14:32:32+00:00,2026-06-17T14:32:32+00:00,1,54000.0,0,0,0,108.0000,1
0x6344506877615371165a7e747dbf306db62ba5f2,2026-06-07T15:03:00+00:00,2026-06-07T15:03:00+00:00,1,0,0,1.002,0,0.999996,1
0x6345880450b0eac1115dc8ae4282f9561e026718,2026-05-21T21:01:08+00:00,2026-05-21T21:01:08+00:00,1,454.545453,0,0,0,4.999999983,1
0x6347a186bdb684f247991b362b182afcb52c31d7,2026-05-22T05:12:35+00:00,2026-05-22T05:12:35+00:00,1,0,0,17.830444,0,17.6699700004339112,1
0x634b5a6de751e9b85f4c59e237189c0487b48eed,2026-06-16T04:32:39+00:00,2026-06-16T04:44:10+00:00,88,0,0,15242.481,15242.48,30439.233559,88
0x634e22c7d647e8b9ee9fb4d737b068a9aa7e06cb,2026-04-18T13:27:34+00:00,2026-04-19T06:19:52+00:00,3,0,0,2.226666,2.22,4.3711059999840024,3
0x6358d699e66ebfc3b24424134b46a69b72c7d8f6,2026-05-14T09:27:40+00:00,2026-05-14T09:29:26+00:00,3,1220.0,1220.00,0,0,19.52000,3
0x635aa7d2a5564b3d851d7d87f2a54af88336cccb,2026-05-01T01:50:28+00:00,2026-05-11T02:29:58+00:00,2,416.666666,416.66,0,0,7.083299992,2
0x6365ff1f4ea3b76bbbb2b03582d65b5ff9373de5,2026-06-08T03:08:34+00:00,2026-06-08T04:31:28+00:00,2,0,0,8880.0,8880.0,17715.6000,2
0x63749b52e9e0fd91bf60ae4d304828ce6b0663fe,2026-05-25T08:55:18+00:00,2026-05-25T09:44:25+00:00,13,0,0,1711.983857,1711.98,3399.996110001,13
0x6381b20a0c9ff8489ba9e96140d9a08ff4939b68,2026-06-02T12:42:25+00:00,2026-06-02T16:01:50+00:00,2,0,0,37.3164,37.31,74.2159580,2
0x6381c88488c9729ecc21fdd989f11cbce1f56818,2026-06-14T16:26:42+00:00,2026-06-14T16:26:42+00:00,1,0,0,2.002,0,1.999998,1
0x638f676751251ec58ddcf6ea2bd806711370881f,2026-05-06T11:03:04+00:00,2026-05-09T10:01:33+00:00,2,0,0,15.020125,13.36,28.179804000,2
0x6394f6940d45ba3d327be2b598151b4fc0f10bb1,2026-05-30T02:05:24+00:00,2026-05-30T03:22:31+00:00,2,0,0,11.3366,11.33,22.5419370,2
0x639c57eb0debcf9c770996364f9214e127566781,2026-05-05T07:44:56+00:00,2026-05-06T18:14:14+00:00,11,1741.9409,1741.918888,0,0,33.4967760133577832,11
0x639e6a81478cbc4d4c9296694a5fe7a98ca14ee9,2026-05-17T03:28:31+00:00,2026-05-17T03:46:01+00:00,2,0,0,10.060333,10.06,19.9895509999879334,2
0x63bd19ec92d98b4cebfb150df81b629a67b4aff2,2026-06-06T07:04:09+00:00,2026-06-06T07:04:09+00:00,1,320.0,0,0,0,1.2800,1
0x63cc40081ebb2b5563bd2949816169d720f8eec5,2026-05-27T13:57:51+00:00,2026-06-01T10:31:58+00:00,28,10114.380943,9842.0,0,0,110.0619801325476462,28
0x63d1f471a110857e9b145e04dde4a401245ae2b9,2026-03-21T13:01:35+00:00,2026-03-21T13:01:35+00:00,1,29.411763,0,0,0,0.999999000823584,1
0x63d2dffa1dea36cd932e4a941c06509ebf17cfd0,2026-05-26T22:42:28+00:00,2026-05-26T22:42:28+00:00,1,0,0,17.102614,0,16.9999979996016410,1
0x63d43bbb87f85af03b8f2f9e2fad7b54334fa2f1,2025-12-11T09:02:19+00:00,2026-03-24T23:05:33+00:00,97,0,0,9079.960587,0,8785.589248000667002,97
0x63d8c42343e3c67e21ae6976ba59804c78d14eea,2026-05-13T12:38:22+00:00,2026-05-14T01:06:19+00:00,2,0,0,116.91,116.91,231.94944,2
0x63e1dfa4ab11113c843fc69911cf3b57cb55aa2c,2026-05-11T03:07:46+00:00,2026-05-11T14:47:46+00:00,2,0,0,48.99,48.99,97.34313,2
0x63e4520f3ecdece953106dd17b8bcc24bdc61228,2026-03-08T22:18:03+00:00,2026-03-08T22:28:01+00:00,4,1407.0,1407.0,0,0,151.9560,4
0x63f5429ccd691bdbd83d620198041ed319cfa178,2026-06-07T02:01:24+00:00,2026-06-07T04:16:16+00:00,2,0,0,8702.0,8702.0,17343.0860,2
0x63f85fcea452f785612a5f07e28dd520f48f6be4,2026-06-04T12:16:06+00:00,2026-06-04T13:55:57+00:00,2,0,0,10.04,10.04,19.98964,2
0x64252c8e4e86293038e834a9048791b8bfd9a10a,2026-05-14T09:30:29+00:00,2026-05-14T09:32:00+00:00,3,1220.0,1220.00,0,0,19.52000,3
0x6425ff51ad5720cb906513e965281892838dc952,2026-03-15T14:56:55+00:00,2026-03-16T08:22:47+00:00,2,0,0,7.5,7.5,14.4000,2
0x642bd3601aeac51bfe02cdda9e4c4db6d29d24d6,2026-05-16T14:09:32+00:00,2026-05-17T04:03:59+00:00,2,0,0,37.223333,37.22,73.9594529982776667,2
0x643479e0868971c22b434b7fc9a98f921e2572b6,2026-06-17T15:19:17+00:00,2026-06-17T17:28:37+00:00,3,1195.96,597.98,0,0,2.39192,3
0x643aad1f84b7e3dd20e11dbec3766299b2f09f77,2026-06-02T02:58:18+00:00,2026-06-02T02:58:25+00:00,2,0,0,5.025,5.02,9.989755,2
0x6445f02032e94d5ccda5b6a59ec47c60dc575354,2026-06-05T21:22:22+00:00,2026-06-06T17:59:33+00:00,2,0,0,21.063,21.06,41.975571,2
0x64472732aa2e792dbb0f85ac5ef63828854b5c72,2026-06-12T16:05:33+00:00,2026-06-12T16:05:33+00:00,1,0,0,1.003,0,0.999991,1
0x6452eee1d08be21886bafcc4cc41ef4bb53130a1,2026-04-29T16:38:50+00:00,2026-04-29T16:38:50+00:00,1,15625.0,0,0,0,250.0000,1
0x645a04814e9e82bac14d959a31bae8cfa3defb1d,2026-06-04T10:24:39+00:00,2026-06-08T15:43:58+00:00,2,5.0,5.0,0,0,0.0350,2
0x646dba814ecd697245c6805ac4bbc2579c047914,2026-06-15T19:01:15+00:00,2026-06-15T19:01:15+00:00,1,2500.0,0,0,0,5.0000,1
0x649f935bd35b06ad680d97ecc69740a3a410fd8d,2026-04-24T15:41:40+00:00,2026-04-29T18:02:24+00:00,4,68.0,68.0,0,0,2.4480,4
0x64c7ceb295957d138751e8399290a3d2eecc050b,2026-05-04T13:20:10+00:00,2026-05-04T13:20:46+00:00,2,727.272726,727.27,0,0,15.272699986,2
0x64d883dd10a96612d7a1f77436f2d157083bb13f,2026-03-07T17:03:43+00:00,2026-03-07T17:11:27+00:00,3,1172.0,1172.0,0,0,137.1240,3
0x64dfbd2bd4dea65776e00c77cee621ea7c5e421d,2026-03-08T22:10:35+00:00,2026-03-19T21:36:09+00:00,3,0,0,47.0,0,45.2270,3
0x64e216256edbe75b6f1474b5cc4b00ecc7e76012,2026-06-12T08:15:54+00:00,2026-06-12T08:15:54+00:00,1,0,0,1.003,0,0.999991,1
0x652efcde631c4f78b1078d2fac1eebe7a1d54a94,2026-05-06T15:21:57+00:00,2026-05-09T02:14:27+00:00,4,111.111111,111.11,0,0,1.593748999000001,4
0x652f1fb94363c340adaefa7d3abb2cd2dd46452c,2026-03-15T09:59:01+00:00,2026-03-15T09:59:01+00:00,1,200.0,0,0,0,8.4000,1
0x65399c0992b6b9a2dc1090970f4a2eebf4e423ad,2026-03-14T02:00:41+00:00,2026-05-07T04:32:30+00:00,5,0,0,360.117504,180.05,528.2494310068229172,5
0x653ff44861bf193482d49d2e85993c9cdf4ef2c6,2026-04-04T15:10:35+00:00,2026-04-13T11:29:45+00:00,2,178.571427,178.57,0,0,11.6070889917142942,2
0x654698a0798df1578973a9879ae8f436b1638924,2026-06-06T15:34:16+00:00,2026-06-06T15:34:16+00:00,1,0,0,3.514055,0,3.499997999879790,1
0x654716c3f1d98e152365627538f3e60668d082b3,2026-06-13T20:42:04+00:00,2026-06-13T20:42:04+00:00,1,3333.333333,0,0,0,9.9999989990000001,1
0x654fe89bdf92119b84e488a47988b7c4fd705143,2026-05-15T17:10:56+00:00,2026-05-16T01:42:34+00:00,2,0,0,81.488833,81.48,161.909540002,2
0x657d5c8eb80b85d2f8f894ec37feca653b54b34f,2026-06-02T16:15:50+00:00,2026-06-02T16:15:50+00:00,1,0,0,1.0452,0,1.0399740,1
0x657f9cab2a44d66cb2476260b7bacc9f6ad2ac51,2026-06-12T08:34:10+00:00,2026-06-12T08:34:10+00:00,1,0,0,1.003,0,0.999991,1
0x6586fb56a335aeb953b09b299eb181de3ffd497c,2026-02-12T13:06:13+00:00,2026-03-01T12:04:25+00:00,17,0,0,259.17,0,255.36830,17
0x658f0f5aef925219d3be19f274a207c5bcb3991b,2026-05-17T12:20:10+00:00,2026-05-17T23:06:23+00:00,2,0,0,121.34,121.34,240.98124,2
0x65937a449032acc142425b73b236b37e520d8641,2026-05-20T05:26:33+00:00,2026-05-20T14:46:12+00:00,2,0,0,49.345285,49.34,97.9451480000654715,2
0x6593c0694e4aae156b638f774226a57e4c159788,2026-05-14T09:32:07+00:00,2026-05-14T14:05:42+00:00,3,1220.0,1220.00,0,0,19.52000,3
0x65bcc1444d63461e046edd7622a11e63b23732c5,2026-05-14T05:47:57+00:00,2026-06-04T23:54:34+00:00,2,0,0,4.0,4.0,7.9560,2
0x65c68419ef10efdfdf82d7693d0e9e10e71b3b8f,2026-04-20T09:49:00+00:00,2026-04-20T09:49:00+00:00,1,50.0,0,0,0,0.9000,1
0x65c742ea932039bef3e15006bcee09e03f8dbd9b,2026-03-07T10:20:13+00:00,2026-03-09T07:21:35+00:00,2,190.397186,0,0,0,9.9999989975940808,2
0x65ce9ef707b0180a466b3bc20d525a00b87132a7,2026-02-23T21:28:08+00:00,2026-04-08T16:42:53+00:00,7,0,0,49.28,49.28,96.63694,7
0x65d274dbec0381a3767a70cedf9de8a41e225ccc,2026-06-17T14:37:49+00:00,2026-06-17T14:37:49+00:00,2,50000.0,0,0,0,50.0000,1
0x65d2cfb24a21af07c094cd0b61e64f349bbb8a94,2026-05-11T15:03:40+00:00,2026-05-12T02:23:13+00:00,2,0,0,90.03,90.03,178.70955,2
0x65d41f4558e8e542be248c480438302490f3ab21,2026-06-14T08:07:39+00:00,2026-06-14T08:07:39+00:00,1,0,0,19.939,0,19.919061,1
0x65dc1131f86b65aeff2c97a6b122e33dcd0faded,2026-06-11T12:06:46+00:00,2026-06-11T12:06:46+00:00,1,1000.0,0,0,0,4.0000,1
0x65e85c9bfad6626fe7be8ad653a3e2784de0e141,2026-06-10T10:41:12+00:00,2026-06-10T10:46:09+00:00,2,0,0,109.235333,109.23,217.045311002,2
0x65ed74e191b680e6190a891ffe57202df0c7c73a,2026-04-26T14:08:10+00:00,2026-05-27T10:23:01+00:00,2,62.5,62.5,0,0,1.3750,2
0x6602cb347528730171f4c444ca615c9041dfeb15,2026-05-26T19:09:20+00:00,2026-06-08T19:41:37+00:00,2,0,0,152.9175,152.91,304.4512650,2
0x662001c226b0996a8982ef2a0d21b38be2a25126,2026-03-19T07:09:25+00:00,2026-04-03T14:17:33+00:00,2,33.333332,33.33,0,0,1.9998990000000384,2
0x663b94359753f1645eea4fc397dab8cb075f1636,2026-02-22T23:58:44+00:00,2026-02-23T00:01:18+00:00,2,0,0,11.85,11.85,23.2260,2
0x66482f7eb5fc7718a9253d7183e84bffd2c59619,2026-04-27T11:19:38+00:00,2026-04-27T11:54:48+00:00,2,0,0,22.0,22.0,43.2740,2
0x664c1672c8b18ff46dfd40b250e4268ea42fdeef,2026-06-10T19:23:57+00:00,2026-06-10T19:23:57+00:00,1,0,0,1.003,0,0.999991,1
0x666281498d8fdceacbc2196bce9cd39ad8b20580,2026-06-11T17:01:34+00:00,2026-06-11T17:01:34+00:00,1,0,0,1.003,0,0.999991,1
0x669f1de1b40848848c1c28a317e3944cf25836fa,2026-06-13T02:52:52+00:00,2026-06-13T02:52:52+00:00,1,666.666666,0,0,0,1.9999989980000010,1
0x66a1db98713015330a82f08273b682bee77e80d9,2026-03-16T14:57:23+00:00,2026-05-01T16:32:54+00:00,82,7017.145596,6017.151818,0,0,402.3897150237680265,82
0x66a2fce1c0a1c28050900be7f23a1878dd205577,2026-05-27T20:37:39+00:00,2026-05-27T21:30:37+00:00,2,14285.714285,14285.71,0,0,185.714259995,2
0x66aa4310b41bf333de5bfd17ff8f9e653679ed91,2026-06-05T13:57:39+00:00,2026-06-06T03:10:48+00:00,2,0,0,122.79,122.79,244.59768,2
0x66bc07c6a4ff47303bded48d1aa8e85739de621d,2026-05-22T09:33:45+00:00,2026-05-22T09:56:54+00:00,2,200.0,200.0,0,0,3.8000,2
0x66c1cc4f994ee99a2f5977a2e071cbfd65852c72,2026-05-03T15:06:42+00:00,2026-06-17T11:53:10+00:00,6,10000.0,5000.00,0,0,60.00000,6
0x66c40b330bb236d6d677f102fcbc8c705bc25aa3,2026-04-27T06:27:42+00:00,2026-04-27T10:33:06+00:00,4,0,0,66.0,66.0,129.8220,4
0x66e3f9e3ca017df3080ea3ad3b97be1c66a20124,2026-06-15T10:43:34+00:00,2026-06-15T10:43:34+00:00,1,0,0,14.0,0,13.9720,1
0x671a326088dea34b79c51947e4a92c83545a2f1e,2026-03-30T21:23:43+00:00,2026-05-29T01:25:37+00:00,10,0,0,854.703774,0,826.8628049966337762,10
0x671f8323a84f0c8a68483d017cd6753f30f66341,2026-05-14T09:22:04+00:00,2026-05-14T09:22:56+00:00,3,1220.0,1220.00,0,0,19.52000,3
0x672ba4338b8436bbd61e1922b935a31118dab5c2,2026-06-05T08:08:54+00:00,2026-06-05T08:08:54+00:00,1,400.0,0,0,0,1.6000,1
0x673496d0b8e5025542a4612fdbe5dfd2d339c3d2,2026-05-18T03:39:15+00:00,2026-05-18T03:39:15+00:00,1,142.857141,0,0,0,1.0000000012857141,1
0x67407ad193abea4c4d99baccb5081394d63bd0df,2026-06-02T15:57:15+00:00,2026-06-07T11:02:45+00:00,2,0,0,8.0402,8.04,16.0078390,2
0x6749ea1f36d50348fcc984ec0f45a7b38d2ae076,2026-06-16T11:44:21+00:00,2026-06-16T23:28:43+00:00,2,0,0,110.62,110.62,220.79752,2
0x6752e0f7d28699d5a52d56288ebad6645589bc58,2026-05-12T05:04:29+00:00,2026-05-12T06:29:09+00:00,2,0,0,1504.26,1504.26,2985.95610,2
0x676280467a579b94096cdcf175cdca1f438cf239,2026-05-26T10:03:37+00:00,2026-06-02T10:33:47+00:00,2,0,0,33.199166,33.19,65.9908310006800834,2
0x67755e11b47ae4348ab419ff43949bb0bd46745f,2026-03-03T08:25:27+00:00,2026-04-13T10:39:09+00:00,7,97.33,97.33,2.73465,2.73,13.6214870,7
0x677e5a2846d4b6a31ccc4e708e9c876935aec39f,2026-06-17T05:50:10+00:00,2026-06-17T19:12:20+00:00,2,0,0,97.99,97.99,195.68603,2
0x67a8251c45b96bd9a1cf6070d4d56cb9b7126c5b,2026-03-08T22:33:47+00:00,2026-03-08T22:43:25+00:00,3,0,0,913.0,913.0,1735.6130,3
0x67b22b32c3ccfddcc3dfca7facf03915031f6a9f,2026-06-12T17:46:40+00:00,2026-06-12T17:46:40+00:00,1,0,0,2.006,0,1.999982,1
0x67bc6af6806df61ba5144b125174ecf5f821d54e,2026-03-20T09:01:57+00:00,2026-05-02T09:26:20+00:00,450,0,3063.807923,105548.741226,565.31,103348.7696289415672896,432
0x67c25c9e4e7616f24c00611a1c1a0cd32a0a96d4,2026-05-03T06:57:50+00:00,2026-05-03T06:57:50+00:00,1,125.0,0,0,0,1.0000,1
0x67c483c6dab545e0e8e214e98e485416dcca4622,2026-04-07T02:52:51+00:00,2026-04-07T02:52:51+00:00,1,1400.0,0,0,0,28.000,1
0x67c921bf1ce06f79b4dd049bd597f06cd1cc6b9a,2026-06-10T04:42:54+00:00,2026-06-10T04:42:54+00:00,1,127.5275,0,0,0,1.0000000047650,1
0x67d02ff900172d735cbb7525d1af1d5c83a8d10f,2026-06-05T02:31:04+00:00,2026-06-07T18:47:00+00:00,2,0,0,47.141333,47.14,93.998489001,2
0x67d9724692c53c0ab5db03e96553e017eaa7ab69,2026-06-15T13:28:46+00:00,2026-06-15T13:28:46+00:00,1,10000.0,0,0,0,10.0000,1
0x67e08f3ff1233177003da5e28d3d2b24c92faa98,2026-05-13T12:38:22+00:00,2026-05-14T01:30:58+00:00,2,0,0,278.04,278.04,551.63136,2
0x67f1674b3c7a60d292781e45f0d2d5dfe44a8845,2026-04-01T10:09:11+00:00,2026-04-01T15:11:27+00:00,2,0,0,31.54,31.54,61.06144,2
0x67fd856d1bd159f54a280396b032efafe8a1e137,2026-06-13T18:13:51+00:00,2026-06-13T18:13:51+00:00,1,0,0,1.002,0,0.999996,1
0x680013af284c2d78a8e0af5538885b05d499205b,2026-05-18T08:31:19+00:00,2026-05-19T00:02:38+00:00,16,0,0,1118.831821,1118.784165,2221.9526700253142870,16
0x6802e8d4828d15badee23a06016840a3a5b0521c,2026-05-13T05:31:43+00:00,2026-05-13T05:37:28+00:00,3,1400.0,1400.00,0,0,19.60000,3
0x6807b0d5e31591ebd80b32f07005fcacebae1a81,2026-06-10T18:16:10+00:00,2026-06-10T18:16:34+00:00,2,2500.0,0,0,0,10.0000,2
0x6809dad066c28935b8ce3222ee490f914128ac68,2026-04-16T06:21:34+00:00,2026-04-17T03:06:04+00:00,3,0,0,23.26,23.26,45.5896,3
0x6809ec0323752862e121b50609bbb8e064cf4ae0,2026-05-20T21:41:18+00:00,2026-05-21T01:58:00+00:00,2,0,0,247.734137,247.73,491.5004279914531726,2
0x68157ce882b8ce83584bbae7c9a4932b15c3cf54,2026-06-15T23:46:31+00:00,2026-06-15T23:46:31+00:00,1,0,0,28.478,0,28.449522,1
0x6815c2cc3c2dbb4d1f9bde1d05511bf840f9e90d,2026-06-03T11:51:04+00:00,2026-06-03T16:31:13+00:00,2,0,0,10.0502,10.05,19.9896490,2
0x681837d58cc1414af7e2290b6dfdbd4b3a3c6621,2026-05-03T09:04:42+00:00,2026-05-03T22:32:04+00:00,2,0,0,131.55,131.55,260.46900,2
0x681e659a5be6896a002d01b200bbc37b7ee17aed,2026-06-17T13:04:31+00:00,2026-06-17T13:04:31+00:00,1,500.0,0,0,0,1.0000,1
0x681e68b74b84c842a3e522fa3fc86cd02ea55f9d,2026-05-11T15:03:40+00:00,2026-05-12T04:07:12+00:00,2,0,0,111.17,111.17,220.67245,2
0x682714d7061bb9743bd72dc50a4a7a9f9435e99d,2026-06-02T02:24:07+00:00,2026-06-02T02:24:15+00:00,2,0,0,867.9094,867.9,1726.2624530,2
0x682c92615993fd1f75cdfe101efdc1a8adcb17ae,2026-03-31T16:46:33+00:00,2026-06-10T12:38:00+00:00,561,35633.365856,32667.386443,0,0,1501.6968439804429343,335
0x682d8627e524baa8c73b93475e153c19e6f95520,2026-06-14T02:01:27+00:00,2026-06-17T05:54:49+00:00,2,23.0,23.0,0,0,0.0690,2
0x684731b485eb7b5d7a9458877798492fe1fa6b77,2026-06-15T19:15:37+00:00,2026-06-15T19:15:37+00:00,1,0,0,93.0,0,92.9070,1
0x6859621f2a95c975c8b5a8e6315ecf41f2c6d8ed,2026-06-06T01:53:55+00:00,2026-06-06T01:53:55+00:00,1,1000.0,0,0,0,4.0000,1
0x68693ee30be565a8ef792a2753bb709518c12f87,2026-05-17T12:20:10+00:00,2026-05-18T00:51:01+00:00,2,0,0,68.0,68.0,135.0480,2
0x687762a0b126efb37400b9fa6f5adf6c168ade8a,2026-03-17T20:42:33+00:00,2026-03-17T20:42:33+00:00,1,139.027776,0,0,0,4.9999989956750592,1
0x687e97c7f0798d0e363ca34bb9f022a949f7a7cd,2026-04-12T21:30:21+00:00,2026-04-12T21:30:21+00:00,1,200.0,0,0,0,5.0000,1
0x6886bd6e5c6b47b616d70afaa3b3d09e8a483a92,2026-04-03T17:22:19+00:00,2026-04-24T08:53:50+00:00,4,308.75,308.75,0,0,9.84000,4
0x6887ff5e2ddff79e0fa66e6761d635f0b5c7fee6,2026-05-11T15:32:34+00:00,2026-05-12T04:59:26+00:00,2,0,0,107.75,107.75,213.88375,2
0x688b15f0b28ed993dba8ee14f3485ddbb55349f5,2026-05-12T13:03:59+00:00,2026-05-13T13:06:24+00:00,4,150.0,150.00,0,0,2.00625,4
0x689b9381c46f46fc01c6f23c0581fdbf97656dfa,2026-05-13T04:40:21+00:00,2026-05-13T05:31:46+00:00,3,1390.0,1390.00,0,0,19.46000,3
0x68ab66c8af55f8ef38020c057941e7ac27e7b99e,2026-05-26T17:06:30+00:00,2026-05-26T17:06:30+00:00,1,0,0,364.295666,0,362.109892004,1
0x68b39a0f9170520c005884741ed19999d5d7781e,2026-04-29T15:19:32+00:00,2026-05-25T18:35:25+00:00,2,201.680671,0,0,0,1.9999979928823659,2
0x68dfc7fcd4e36841381d2420743b31a60057ffd0,2026-05-27T04:37:51+00:00,2026-05-27T04:37:51+00:00,1,0,0,25.040166,0,24.8899249989919668,1
0x68ec86b69749506c68d826df3580eaebfe5fa174,2026-04-12T08:05:55+00:00,2026-04-12T19:26:07+00:00,2,0,0,143.29,143.29,279.98866,2
0x690137ca0dc367c69ba1c9177167de3d48c48c74,2026-05-15T13:58:03+00:00,2026-05-16T02:10:06+00:00,2,0,0,54.68,54.68,108.59448,2
0x69066574ca1e6265d88df03d5c41b62594dd8451,2026-05-05T20:03:12+00:00,2026-05-05T20:03:12+00:00,1,5555.555555,0,0,0,49.9999988838888890,1
0x690feb23f909059493b0655ad44bc363aa50308b,2026-05-27T03:28:32+00:00,2026-06-11T09:24:10+00:00,3,0,0,16.036166,16.03,31.8748890007927668,3
0x6915373a636ef459881f058e382a618a044e519d,2026-05-15T21:16:10+00:00,2026-05-16T12:37:13+00:00,2,0,0,155.9355,155.93,309.8383770,2
0x69263f0284f5fe44fc4a31d7e62d16b8886c83d8,2026-06-11T13:18:48+00:00,2026-06-11T13:18:48+00:00,1,0,0,1.024,0,1.019904,1
0x6928b32f859286885c1bd5bb0b397ee5949ad7af,2026-06-04T10:51:07+00:00,2026-06-04T10:51:07+00:00,1,2000.0,0,0,0,10.0000,1
0x69357b9fb17413a85dde6b533444968db02e559f,2026-05-15T08:24:35+00:00,2026-05-15T08:24:35+00:00,1,357.142857,0,0,0,2.4999989990000004,1
0x694a40fe069dab5c1e5e7b72b71b1566ca2f6719,2026-06-05T09:11:34+00:00,2026-06-05T12:07:06+00:00,2,0,0,8815.0,8815.0,17568.2950,2
0x694bda8618e5aa38832afd54ebe095c3e3b576de,2026-03-23T13:41:23+00:00,2026-04-12T13:14:25+00:00,2,0,0,190.0,190.0,363.2800,2
0x69517fe083604d3c5015d7c11d841c491446ae60,2026-06-02T12:47:14+00:00,2026-06-02T12:47:21+00:00,2,0,0,5.0954,5.09,10.1293830,2
0x6964ad93dc822ef3ccd626726a8d3c8d2096a82f,2026-05-29T08:02:51+00:00,2026-05-29T08:02:51+00:00,1,162.0,0,0,0,0.9720,1
0x696864552b53647d4869e71c12a0cef4b4272347,2026-06-07T03:05:24+00:00,2026-06-09T01:20:33+00:00,2,0,0,21.063,21.06,41.996631,2
0x6980940714818120e024de4b1c1667055dbbad28,2026-05-01T14:24:16+00:00,2026-05-01T14:24:16+00:00,1,90.909089,0,0,0,0.9999989971818388,1
0x698192238b56a2432ab399fcb2db3dad2f85b18b,2026-05-26T08:19:21+00:00,2026-05-26T08:21:46+00:00,2,0,0,1.006,1.0,1.992964,2
0x6989ca0eba10983caf168a3315076b5c6ec7a547,2026-05-30T21:16:17+00:00,2026-06-02T05:53:23+00:00,2,0,0,57.14,57.14,113.59432,2
0x6992d56559dd30b5b5d0f5ca3d5427f9e94e6c1d,2026-02-08T15:32:27+00:00,2026-06-10T16:09:16+00:00,203,165524.191414,44897.964284,0,0,1233.2412715625560022,203
0x6993b4f5d7427a7aadaa8046ed049f6de508c79a,2026-01-22T03:24:40+00:00,2026-01-22T03:24:40+00:00,1,4.01,0,0,0,0.0401,1
0x699b827e3719909ba8992a8e217d2e4753380f22,2026-05-27T17:48:29+00:00,2026-05-28T02:33:11+00:00,2,0,0,336.016,336.01,667.657834,2
0x69af844d4fbacebfc1c4124b0978801db3600a19,2026-02-23T16:10:52+00:00,2026-04-29T18:30:48+00:00,344,0,0,13587.353315,13587.352503,26275.4910630146167081,316
0x69b3b4d53b702d75c6827a1d7a33663b5eb214f8,2026-04-29T18:01:16+00:00,2026-04-30T03:40:16+00:00,2,0,0,10.13,10.13,19.97636,2
0x69ee7ebd899c62265feebfa6e6a868af7ec8c4e5,2026-06-16T04:36:04+00:00,2026-06-16T04:36:04+00:00,1,1000.0,0,0,0,2.0000,1
0x69ef7e10fbef6102782959a5b87bf6adf0fa0424,2026-03-24T12:31:35+00:00,2026-04-04T11:36:53+00:00,14,3499.979810,3499.97,0,0,294.5078899709602686,14
0x69f0c154a3412f2b3fa7eb22c6d08e6b5b32fb27,2026-05-28T01:04:15+00:00,2026-05-28T01:04:15+00:00,1,0,0,87.0,0,86.4780,1
0x6a07bd457097672beaa7576de4a2911b8f412952,2026-05-24T18:02:09+00:00,2026-06-17T06:57:20+00:00,148,0,0,1958.523730,1958.50,3897.0013730075768307,148
0x6a348228e799eb0c8c7c726d4d3865128bffb2a5,2026-05-13T17:44:00+00:00,2026-05-14T01:41:00+00:00,2,0,0,185.0,185.0,366.8550,2
0x6a404f060ab084322c2a209fb3d4eb328055599e,2026-03-11T12:04:41+00:00,2026-04-12T12:04:43+00:00,2,63.461537,0,0,0,1.999999000461575,2
0x6a4b8a696f2c5a66939d79ae5a75b0cf1246e496,2026-06-11T06:16:43+00:00,2026-06-11T06:16:43+00:00,1,1000.0,0,0,0,4.0000,1
0x6a6000d4cb9f0456eefbb7a30623df56018f4125,2026-05-13T05:31:59+00:00,2026-05-13T07:12:38+00:00,4,1410.0,1409.998571,0,0,19.7399889940027157,4
0x6a6a012fd9353c0a855cfb151aa7328efc663308,2026-04-18T15:00:20+00:00,2026-04-21T10:31:52+00:00,2,0,0,21.319733,21.31,41.9689770007360534,2
0x6a72119011ec64c1ac97bba4b764eb77309225ea,2026-04-10T11:26:03+00:00,2026-04-10T11:48:35+00:00,2,0,0,11.0,11.0,21.5050,2
0x6a793cddf872b3b1b1051127a03f546baf22c7d3,2026-05-14T09:18:49+00:00,2026-05-14T09:22:02+00:00,3,1250.0,1250.00,0,0,20.00000,3
0x6a7c7cd948e6a23f12006cc37e206b3236d139aa,2026-05-16T11:20:18+00:00,2026-06-01T00:44:10+00:00,2,0,0,27.162833,27.16,53.9968959992837167,2
0x6a84ea5c633000f6143b08cfc02ea49f6f030568,2026-06-07T17:25:33+00:00,2026-06-07T17:25:33+00:00,1,0,0,1.002,0,0.999996,1
0x6a9b56fb645f0f627c1cb2c489e40c89de1e18d8,2026-05-09T19:13:36+00:00,2026-05-09T19:13:36+00:00,1,0,0,5.030166,0,4.9999849999758672,1
0x6aa953012725054d9034fdd3a7663559fbeede68,2026-05-14T14:01:15+00:00,2026-05-14T14:01:15+00:00,1,0,0,1.007,0,0.999951,1
0x6ab300f6485f7f8358eccd9a83585bef8a25dc33,2026-05-09T12:17:37+00:00,2026-05-09T12:17:37+00:00,1,285.714285,0,0,0,1.9999989950000025,1
0x6ab49debd4475b4e29230824b9b4bab05a0b02d6,2026-06-15T23:37:31+00:00,2026-06-15T23:37:31+00:00,1,11000.0,0,0,0,22.0000,1
0x6ad0b6ca155c94df842ced582b1416f0db7b4f4b,2026-05-13T04:29:37+00:00,2026-05-13T04:40:16+00:00,3,1390.0,1390.00,0,0,19.46000,3
0x6aeb87b3da03509471c802f03fb9891f1c971c3d,2026-06-09T16:04:07+00:00,2026-06-11T07:15:07+00:00,2,0,0,14.07035,14.07,28.013717999547770,2
0x6b148682c374c4449cfb572e9d41a2c65f053e42,2026-05-21T13:21:17+00:00,2026-05-21T13:21:17+00:00,1,1824.642727,0,0,0,19.9999999803190773,1
0x6b1dae89c9dd098f57ea65e076a40eb48ba6134d,2026-06-12T12:18:09+00:00,2026-06-12T12:18:09+00:00,1,0,0,1.003,0,0.999991,1
0x6b3693b579dc3e81bbcda65a2d69e78ae647ea49,2026-05-03T09:04:42+00:00,2026-05-03T22:07:20+00:00,2,0,0,113.7,113.7,225.1260,2
0x6b392c19956e3d74a1a1e461fab247308c71cc30,2026-05-17T12:13:38+00:00,2026-05-17T23:42:16+00:00,2,0,0,92.64,92.64,183.98304,2
0x6b3de082fd122d53d6c1630d35f4b1e242d99870,2026-04-11T22:41:41+00:00,2026-04-11T22:47:09+00:00,2,0,0,17.92,17.92,34.85440,2
0x6b40e6607b8bfc4f17105716b7cf5f2f2d598e5b,2026-05-31T10:45:11+00:00,2026-05-31T11:34:04+00:00,2,0,0,10.0502,10.05,19.9896490,2
0x6b44234b1335b5d9e67a31234a628cf64f7f5f46,2026-06-16T05:38:34+00:00,2026-06-16T18:25:20+00:00,2,0,0,122.6,40.0,162.4374,2
0x6b5355c797f0a6447dbce29112c245febb022524,2026-05-01T12:52:18+00:00,2026-05-30T16:30:15+00:00,8,3909.740256,2509.74,0,0,40.9486949679437492,8
0x6b57b23719376ee2841db4147f62a5b800413149,2026-06-12T09:01:18+00:00,2026-06-12T09:01:18+00:00,1,0,0,1.003,0,0.999991,1
0x6b67f1d18691bd34fb3edd2064db1a8133abc179,2026-05-25T18:21:39+00:00,2026-05-30T21:15:56+00:00,2,143.0,143.0,0,0,1.7160,2
0x6b6e93a6f2108f2b2addce05a2309623e7ff6bab,2026-06-11T09:57:49+00:00,2026-06-11T09:57:49+00:00,1,0,0,1.104416,0,1.0999980000366528,1
0x6b872df75e1d8a46941abe78de42030c6f3e7295,2026-05-22T14:16:12+00:00,2026-05-22T14:16:12+00:00,1,2222.222222,0,0,0,19.9999991091111112,1
0x6b88ebd2a40e6b4f4c79d5f2cd9244c799fa1fd0,2026-05-13T12:35:09+00:00,2026-05-21T12:37:27+00:00,8,142.857142,142.85,0,0,2.428498994000006,8
0x6b8f986bf80a10ac0a21de79449bd8160a8e46dc,2026-06-07T16:52:58+00:00,2026-06-07T16:52:58+00:00,1,0,0,1.042,0,1.039916,1
0x6b9229a1f20b754e907ac9ff8f7348d431c8674a,2026-04-26T15:10:24+00:00,2026-04-26T15:22:22+00:00,2,0,0,154.0,154.0,303.2260,2
0x6ba125ed4012e4e3e9a7888eb1c06040d75d0d6e,2026-05-27T22:20:19+00:00,2026-05-27T22:20:19+00:00,1,5000.0,0,0,0,35.0000,1
0x6bad92bb21c5f7cca743d344de8b427cac13d988,2026-06-16T14:32:26+00:00,2026-06-16T14:32:38+00:00,2,0,0,80.08,80.08,159.91976,2
0x6baf59f111282e573fd9cd5181cd32e97b1ddd2e,2026-03-25T10:24:39+00:00,2026-03-25T10:24:39+00:00,1,2.0,0,0,0,0.0960,1
0x6bb34f20172a2e3ffcfc970bf8a0bbaafd72aabb,2026-05-27T06:55:21+00:00,2026-05-27T06:55:21+00:00,1,0,0,13.219166,0,13.1398510000342502,1
0x6bb845d933126d8aa48c7223e4776c50ba5e1115,2026-06-03T06:38:15+00:00,2026-06-08T04:12:10+00:00,2,0,0,16.0,16.0,31.8880,2
0x6bbcd5873ef33aba7c344c3cbddf2e8c50bbc03c,2026-06-16T08:03:22+00:00,2026-06-16T08:03:22+00:00,1,2000.0,0,0,0,4.0000,1
0x6bbe9be53316751327e62e201de6e665999d47e0,2026-05-31T02:48:01+00:00,2026-05-31T04:04:09+00:00,2,0,0,10.0502,10.05,19.9896490,2
0x6bc67c3c32600213797abdf6cc6b7a547b4c2030,2026-06-03T18:13:37+00:00,2026-06-03T19:19:15+00:00,2,0,0,15.7788,15.77,31.3752860,2
0x6bc9692ec30f9ce63f3dd30f8c431b54aa47de11,2026-05-18T19:29:35+00:00,2026-05-19T04:13:55+00:00,2,0,0,63.444107,63.44,125.932477997223572,2
0x6bcd48f75827ddb6f965f7d96727e10adc3406b9,2026-05-03T14:59:06+00:00,2026-05-03T20:41:34+00:00,12,3000.00,0,2999.993332,0,2996.9934130159999984,12
0x6bda2f37b0aca19d2c64f31924791b5667dd4489,2026-03-28T05:08:25+00:00,2026-03-28T05:12:05+00:00,3,0,0,1165.05,1165.05,2185.63380,3
0x6be422d0e8e4022eb297121ee624ab668bcee313,2026-05-11T03:07:46+00:00,2026-05-11T15:40:44+00:00,2,0,0,84.6,84.6,168.0156,2
0x6bebd11ec10f43a8fd31312e115a285bcf4a441c,2026-05-30T02:20:41+00:00,2026-05-30T03:46:19+00:00,2,0,0,26.814,26.81,53.329070,2
0x6bf10e4d9a871cfb5e8acd7bf1c0d88a97762b2b,2026-05-12T20:26:04+00:00,2026-06-15T21:26:18+00:00,4,1291.666666,0,0,0,4.999997997000002,4
0x6bf38e5db4a5f7da652d7a1b1ee86927598ebcad,2026-05-11T03:07:46+00:00,2026-05-11T15:50:15+00:00,2,0,0,91.95,91.95,182.61270,2
0x6bf76476541a93fafe8dcebcc5cc60bcb9671769,2026-03-12T06:17:19+00:00,2026-03-18T21:14:01+00:00,12,0,0,60.0,0,57.9950,12
0x6c07c3e38f4ff2404714e5f492d89e19cd4c480d,2026-05-27T14:51:03+00:00,2026-05-27T14:51:03+00:00,1,0,0,7.535166,0,7.4899550002324170,1
0x6c140f31087fb057cc81c112641836b59b27f2f9,2026-03-19T19:31:59+00:00,2026-03-19T19:31:59+00:00,1,1509.975237,0,0,0,61.9500000233651073,1
0x6c15a5eade11d8f2bfee253fc31efa7fc526e41b,2026-05-17T06:20:07+00:00,2026-05-17T08:07:44+00:00,2,0,0,518.10865,518.1,1029.473297996378270,2
0x6c3789734ebd5c9494932e4936b7cc20cfdcd40f,2026-02-15T09:46:23+00:00,2026-06-16T11:44:21+00:00,240,10015.034761,10015.031728,0,0,339.1045139976505366,239
0x6c3a4d133edf76924e533547b35b19e177e8631e,2026-06-16T09:17:09+00:00,2026-06-17T13:00:01+00:00,2,500.0,500.0,0,0,1.5000,2
0x6c42f0aa793e6307b6d24024491493fc38aab7ec,2026-05-11T03:07:46+00:00,2026-05-11T14:21:35+00:00,2,0,0,115.19,115.19,228.88253,2
0x6c45754d7849235efe89a2e40f02671967164670,2026-04-30T20:23:44+00:00,2026-05-05T20:43:44+00:00,2,0,0,1.012083,1.01,2.000847999951668,2
0x6c461f85166bfb77314f8ef60ae5c5f23521de4e,2026-05-27T12:15:53+00:00,2026-05-27T12:15:53+00:00,1,0,0,30.060333,0,29.8799709989939667,1
0x6c5855321e2922f1d430e2ed309c2a4fa602cbef,2026-02-02T04:09:18+00:00,2026-02-02T05:06:12+00:00,4,100.00,0,0,0,3.90000,4
0x6c59373b90306883bd7b60ce604328cfca0226df,2026-05-17T12:20:10+00:00,2026-05-17T23:11:28+00:00,2,0,0,107.45,107.45,213.39570,2
0x6c62e27f96effc24c14495e8d36b40eb7f943d4d,2026-04-13T12:59:05+00:00,2026-04-13T12:59:05+00:00,1,76.923075,0,0,0,2.999999001923100,1
0x6c637d179055a49fe223b7a86813b69932d84d0c,2026-03-20T04:26:31+00:00,2026-03-23T02:58:33+00:00,2,12.5,12.5,0,0,1.1500,2
0x6c646e86d8620ffe3987dbdb4a04d63dab35ac0b,2026-06-12T16:51:48+00:00,2026-06-16T15:15:13+00:00,69,99999.940333,99999.936665,0,0,491.7451355308783680,69
0x6c77b8733297bc9702d3c72283c7918cdc8aa514,2026-04-29T17:51:14+00:00,2026-05-25T10:30:54+00:00,1310,0,0,17071.99,17071.989066,33877.6162519995780214,1310
0x6c7cc9390990e1a34c510daf86df9b81511aa833,2026-04-12T18:32:03+00:00,2026-04-14T06:31:21+00:00,3,1690.956733,0,0,0,54.9999969975395923,3
0x6ca513261fa529013ae56872d684d1cc774d0fa3,2026-06-16T12:57:43+00:00,2026-06-17T02:46:31+00:00,2,0,0,56.06,56.06,111.83970,2
0x6cae4ab379d8c1c9f55017dd70cf6269279428be,2026-06-12T07:56:00+00:00,2026-06-12T09:14:51+00:00,4,0,0,1260.480665,1260.48,2512.1373029987713668,4
0x6cb61b4537b93f09f514571e267d991b502fac6a,2026-05-09T15:15:53+00:00,2026-05-14T12:06:07+00:00,2,875.714285,875.71,0,0,12.2599690317142865,2
0x6cc9455943f4071641f9ca0ebaeb08224f25f646,2026-06-11T08:54:55+00:00,2026-06-11T08:54:55+00:00,1,0,0,1.024095,0,1.0199980000128870,1
0x6ce0bb741afb4d56d972c3775568f03ee820dec7,2026-05-03T09:04:42+00:00,2026-05-03T21:15:42+00:00,2,0,0,83.06,83.06,164.45880,2
0x6ce3068de706a96f8c7dd5ff70b1add630ad2048,2026-05-11T14:14:19+00:00,2026-05-11T15:36:29+00:00,2,0,0,46.327833,46.32,92.045626002,2
0x6cef7402e1e3011ed4d14c1f3c3b1d12eb7af7a7,2026-05-19T00:45:12+00:00,2026-05-19T00:45:12+00:00,1,125.0,0,0,0,1.0000,1
0x6d0121b95cca0ee522d05ac262d48251f2b07936,2026-05-03T09:04:42+00:00,2026-05-03T20:06:14+00:00,2,0,0,108.26,108.26,214.35480,2
0x6d0cf150bf58b8c2d491092c224575dced993a9f,2026-06-15T05:05:55+00:00,2026-06-15T05:05:55+00:00,1,0,0,4.004,0,3.999996,1
0x6d21a6423a1514d972c5f4e4bbc98333f77cf0e5,2026-05-02T09:35:32+00:00,2026-05-02T10:19:40+00:00,2,963.0,963.0,0,0,14.4450,2
0x6d274c780aa9960a9e3f36c99a57565405c3fb23,2026-05-14T09:27:38+00:00,2026-05-14T09:29:25+00:00,5,1190.0,1190.00,0,0,19.04000,5
0x6d2da1bcd7b045fee66d1889132266d3d9ce6087,2026-05-26T05:37:49+00:00,2026-05-27T14:19:12+00:00,2,0,0,173.038166,173.03,343.818727004,2
0x6d3180843046fde3086df7960573a696fc5f985c,2026-06-05T20:23:01+00:00,2026-06-05T20:26:22+00:00,3,1500.0,0,0,0,6.0000,3
0x6d3daed989c083e62db45c2937b770ccf0cb66a8,2026-06-16T11:18:15+00:00,2026-06-16T11:19:40+00:00,2,0,0,23.023,23.02,45.973937,2
0x6d3f5efcaa4d4dcb5b82b1c81ec3c441f88a7a20,2026-06-09T13:08:57+00:00,2026-06-10T17:39:58+00:00,2,0,0,200.0,200.0,398.6000,2
0x6d77aaf211e93127737278de195e5496f5779519,2026-02-12T09:26:23+00:00,2026-03-17T12:22:05+00:00,2,43.478259,43.47,0,0,2.521449000478302,2
0x6d8e3bf0edae2e3fe60435d4df5ae2b3786ff23a,2026-06-09T13:08:57+00:00,2026-06-11T05:08:12+00:00,2,0,0,55.97,55.97,111.38030,2
0x6db0ba0914434d1499fa48a8169ce6f1a6972c24,2026-05-23T11:41:45+00:00,2026-05-23T11:41:45+00:00,1,1181.81818,0,0,0,12.99999998,1
0x6dca747d1c1571af6cf3394645b384bf1fa80a09,2026-06-13T10:30:03+00:00,2026-06-13T10:30:03+00:00,1,0,0,2.004,0,1.999992,1
0x6dd337da6fd7d1d97176239385cf2c8b107ddf5e,2026-06-15T03:26:21+00:00,2026-06-15T03:26:21+00:00,1,0,0,17.017,0,16.999983,1
0x6dd42634f24bf261d4ab357cc0a839987719a787,2026-04-17T07:03:46+00:00,2026-04-20T04:07:04+00:00,3,0,0,1015.0,1015.00,1989.40000,3
0x6ddb4496d1395e58be2fc7e3ab309d6586a13f22,2026-06-09T20:11:24+00:00,2026-06-09T20:11:24+00:00,1,0,0,1.0954,0,1.0899230,1
0x6dde6b1b50bb9c47a58ab903f2909276b0968be4,2026-06-12T00:36:40+00:00,2026-06-13T04:44:03+00:00,2,0,0,55.0,55.0,109.6700,2
0x6de596a4a30f48208ff27cf1423df596f8ef0a2d,2026-05-21T12:27:30+00:00,2026-05-27T17:59:11+00:00,4,0,0,189.31,189.31,375.40056,4
0x6dfaf0246ecb7cfec7e0f415a411e6e9d9775a32,2026-05-30T02:23:02+00:00,2026-05-30T04:34:24+00:00,2,0,0,13.7888,13.78,27.4171760,2
0x6dffbb0f349c785cba3874ea9d76a084ddab48dd,2026-06-03T06:33:27+00:00,2026-06-10T19:59:00+00:00,3,174.0,174.0,0,0,1.4370,3
0x6e018617c57a28394988f79a49f72c03a4f645e9,2026-05-19T13:08:50+00:00,2026-05-19T19:45:33+00:00,2,0,0,130.916285,130.91,259.862591005,2
0x6e15c48d220991ff5a2ef833df79d79fd11d6ce6,2026-04-30T14:00:32+00:00,2026-05-13T19:33:58+00:00,48,13936.845236,13936.84,0,0,239.756779976,48
0x6e2ae7b3056ab7218a3fa86de246d34d4ff15490,2026-05-11T15:03:40+00:00,2026-05-12T02:37:34+00:00,2,0,0,56.49,56.49,112.13265,2
0x6e2e3eb8d7e7e5fbb34932c952e7e52c4b66d5b6,2026-05-16T05:51:36+00:00,2026-05-16T16:15:18+00:00,2,0,0,56.69,56.69,112.58634,2
0x6e2e99fdc8cd6c3be25bdb9b6a26cc67153779bf,2026-05-13T01:18:54+00:00,2026-05-13T01:18:54+00:00,1,142.857142,0,0,0,0.999998994000006,1
0x6e33da0abe62b3a71cd6cb49f3eaee36dc3ee9c5,2026-03-07T16:27:09+00:00,2026-03-07T16:35:21+00:00,2,0,0,1783.0,1783.0,3341.3420,2
0x6e424f0601ed06c961e664964cab4e81ea3d6299,2026-06-10T17:43:15+00:00,2026-06-10T17:43:15+00:00,1,0,0,1.003,0,0.999991,1
0x6e456fae2bd878b2e649d1ec30e75083b5506095,2026-06-03T07:48:24+00:00,2026-06-04T02:52:19+00:00,2,0,0,49.49,49.49,98.38612,2
0x6e4e057acd47113f240e257d6b28cb39c599b777,2026-02-15T18:15:23+00:00,2026-03-22T16:53:15+00:00,3,72.339026,72.33,0,0,4.3868879992292671,3
0x6e5e4ad54acf582a17aace9f9e94f00b03c9bb61,2026-05-17T09:13:29+00:00,2026-05-17T11:30:48+00:00,2,0,0,1369.78,1369.78,2721.75286,2
0x6e6375b9d755a1b2a3bc8cc80ef07deac1368ce3,2026-04-12T21:25:05+00:00,2026-06-15T13:21:18+00:00,19,9694.98,2434.32,0,0,155.986169945573,19
0x6e7b974a197001ebedde2cc885f547c293f7820e,2026-05-13T06:39:42+00:00,2026-05-13T07:34:53+00:00,2,0,0,43.692,43.69,86.814018,2
0x6e7f3a4fbd25adf4b88e2cc1e9e607d652f09de3,2026-05-18T08:59:28+00:00,2026-06-08T16:52:19+00:00,4,0,0,184.229292,184.22,365.8465670001591194,4
0x6e8b9415e8ed3329509d2055b4158eaa570075ea,2026-03-13T01:06:05+00:00,2026-03-13T01:07:07+00:00,2,545.0,0,545.0,0,545.0000,2
0x6e91046a740aaa6673c37ee3f63242e3b5147217,2026-05-14T09:22:51+00:00,2026-05-14T09:26:47+00:00,13,1210.0,1210.00,0,0,19.36000,13
0x6e910e71935be25e3c1daf89aa5486ae698088c1,2026-06-12T01:18:31+00:00,2026-06-16T00:07:13+00:00,2,5500.0,5500.0,0,0,27.5000,2
0x6e97bf9fdb4b94df5e7737bb8e6c21768bf6579d,2026-05-16T19:45:46+00:00,2026-05-16T21:47:50+00:00,2,0,0,52.313833,52.31,103.943780002,2
0x6e9850840d9001b9b390fe9e589d77ccf1450491,2026-05-25T20:06:18+00:00,2026-05-25T22:25:12+00:00,2,1571.428571,1571.42,0,0,20.4285190541428574,2
0x6e995ce66f7ec0237ce94db760d940bdc2eb72a0,2026-04-14T15:14:47+00:00,2026-04-16T03:57:10+00:00,3,4126.942284,0,0,0,99.9699989915028788,3
0x6e9a72164865d96164aaa9c0f9f753a09892b527,2026-05-31T07:13:21+00:00,2026-05-31T20:16:16+00:00,4,0,0,81.89,81.89,162.79732,4
0x6ea32b39eaf57d9464893a2fd295eb55b0f29a76,2026-05-12T12:41:23+00:00,2026-05-14T09:18:28+00:00,44,0,69913.466664,0,0,489.247545984000016,44
0x6ea62d286c6a344524e78ad7d3089006b907555d,2026-05-18T10:45:54+00:00,2026-06-12T11:47:03+00:00,2,0,0,10.0,10.0,19.8800,2
0x6ea9932abb98e149d12386162166110dc295d026,2026-05-27T22:51:28+00:00,2026-05-27T22:51:28+00:00,1,0,0,12.404333,0,12.3299069995191334,1
0x6eb08c2e0efc52f2d0696081f4ddb482c5d6571a,2026-03-02T00:32:57+00:00,2026-03-04T10:29:01+00:00,2,53.71,53.71,0,0,3.70599,2
0x6eb7af56335aa158918444a5303b6ccc0dd76890,2026-06-15T08:22:27+00:00,2026-06-15T08:22:27+00:00,1,0,0,33.0,0,32.9340,1
0x6ebded5d660dbf9d3841e8f50b0b520b233abc7a,2026-05-31T02:45:54+00:00,2026-05-31T04:18:58+00:00,2,0,0,16.633,16.63,33.080055,2
0x6ebe052944f9d0f979ad99eb287684b1df57b507,2026-05-20T12:22:32+00:00,2026-05-20T15:38:12+00:00,2,0,0,101.711982,101.71,201.8963180039456216,2
0x6ec8b4dff8f90a08b6df2ef8cf30f42be6df10dc,2026-06-12T10:24:03+00:00,2026-06-12T10:24:03+00:00,1,0,0,1.003,0,0.999991,1
0x6ecaea488c758ac9e61df3f6d8f395b35c1bde96,2026-05-19T16:41:52+00:00,2026-05-20T04:53:46+00:00,2,0,0,288.016,288.01,571.705808,2
0x6ee3addb0da4bc1e28795bd6366de34f0fec6d16,2026-05-18T10:23:33+00:00,2026-06-15T10:22:42+00:00,2,130.0,130.0,0,0,1.1700,2
0x6ef4acff43195fbc3315fb9b7760bab8b76e1183,2026-03-26T10:15:25+00:00,2026-03-26T10:15:25+00:00,1,18.867923,0,0,0,0.9999990001321499,1
0x6ef6440fb16d02e7e0d2f77a6a716828371e9b93,2026-05-07T21:11:02+00:00,2026-05-07T21:11:02+00:00,1,201.0,0,0,0,2.010,1
0x6efbb9754760dd5d31ea7de2ab7ef49380938ab6,2026-05-15T03:09:51+00:00,2026-05-15T03:12:15+00:00,4,0,0,199.395714,199.39,395.794824002,4
0x6f0e891c8531196ecae6ab1a0454d6636c323165,2026-05-24T14:26:56+00:00,2026-06-15T11:20:27+00:00,20,13047.630886,0,0,0,32.8286780004492388,20
0x6f12a73aedb6937ab844da8d3a62eb93df81b307,2026-05-27T05:08:18+00:00,2026-05-27T05:08:18+00:00,1,0,0,15.7645,0,15.6699130,1
0x6f19382f8b4d63befcd85fafc14536ca00d1d1fe,2026-03-21T09:07:27+00:00,2026-04-02T08:49:21+00:00,2,0,0,2.026886,2.02,3.9153580000935526,2
0x6f1bbabceb11d8a52bc048267557acc7e3802ace,2026-05-08T05:27:20+00:00,2026-05-08T05:27:20+00:00,1,0,0,7.003,0,6.939973,1
0x6f1f968e5dedc75c374846605170b529bb55f56e,2026-05-26T05:38:42+00:00,2026-05-26T06:51:32+00:00,2,0,0,1203.561333,1203.56,2391.475045002,2
0x6f218561a9811e211ad962f56deafbcfe600ff5d,2026-05-13T20:37:45+00:00,2026-05-13T20:56:07+00:00,2,0,0,5.04025,5.04,9.99456800,2
0x6f22d2c05941e5f732dd1b3dcb9e51c9ed280ce4,2026-05-25T05:04:49+00:00,2026-05-25T10:41:17+00:00,2,0,0,121.852857,121.85,241.996937001,2
0x6f2c3c68a4b64fb6a65d26576379f3f23b6335bb,2026-06-09T17:34:04+00:00,2026-06-10T23:53:36+00:00,2,0,0,100.0,100.0,199.0000,2
0x6f33dee053f202f83c236084d491574f767087e9,2026-06-10T13:43:19+00:00,2026-06-10T13:43:19+00:00,1,10.0,0,0,0,0.0300,1
0x6f390b6cc4807a72d3fc49ae38d8d14f98e0ad0d,2026-04-23T18:15:08+00:00,2026-04-23T18:15:08+00:00,1,55.555554,0,0,0,0.9999989997778050,1
0x6f3af4064e55b688f6fa4c285fd18eeb83dae16a,2026-05-27T10:46:03+00:00,2026-05-27T10:46:03+00:00,1,0,0,168.4405,0,167.4298570,1
0x6f3f0b8b3a27568e2c2d340cb7af86df7c911819,2026-06-17T04:54:14+00:00,2026-06-17T04:54:14+00:00,1,500.0,0,0,0,1.0000,1
0x6f40b309559aa50d34d366a4de06840d9a4620bd,2026-06-06T21:41:30+00:00,2026-06-08T01:00:49+00:00,2,0,0,31.093,31.09,61.996451,2
0x6f460ec0e720e728cdc1e55d7cdd4e552e8b8455,2026-06-10T22:05:49+00:00,2026-06-14T09:03:55+00:00,2,0,0,23.069,23.06,46.013673,2
0x6f610aaf3abb28cc77871d585adf4c6589230f2d,2026-05-11T03:07:46+00:00,2026-05-11T15:09:20+00:00,2,0,0,117.1,117.1,232.6777,2
0x6f687dea85745983e0970ba5be5abe039173d121,2026-06-02T17:06:01+00:00,2026-06-02T17:06:01+00:00,1,0,0,1.0552,0,1.0499240,1
0x6f6e34540e4e5c41dfd18927acad6b48eacb16bf,2026-06-12T12:38:36+00:00,2026-06-12T12:38:36+00:00,1,0,0,1.243666,0,1.2399350000101344,1
0x6f6f5cfeeb37a82d5f821597aa776be855ba1e55,2026-04-30T09:40:44+00:00,2026-05-29T05:26:24+00:00,9,1977.564101,1810.89,0,0,36.5466669999730083,9
0x6f7e25f5a71e53fa0fe192be5f8690767f5858e5,2026-05-27T04:09:55+00:00,2026-05-27T04:09:55+00:00,1,0,0,20.291666,0,20.1699159999416668,1
0x6f95f87ba22c10a59d4f8068904e755bc3006ebe,2026-05-15T01:42:56+00:00,2026-05-15T01:54:33+00:00,2,0,0,7.049344,7.04,13.983677999855104,2
0x6f9ed3002b959fbffe76b4822accc034f1a8d046,2026-04-27T07:27:04+00:00,2026-04-27T11:18:50+00:00,4,0,0,59.0,59.0,116.0530,4
0x6fa7e36b85eb235afe94311e83359476c90a8ba1,2026-05-17T12:20:10+00:00,2026-05-18T01:07:17+00:00,2,0,0,115.7,115.7,229.7802,2
0x6faf626ed72fc24299ab4afd01d2771090f7c38b,2026-06-09T03:07:49+00:00,2026-06-09T03:07:49+00:00,1,0,0,672.01,0,670.66598,1
0x6fb520b1143c1f82ea522c503bc1b804f92dae47,2026-05-26T21:20:15+00:00,2026-05-26T21:20:15+00:00,1,0,0,11.67,0,11.59998,1
0x6fbc9e989d169000912a6cd82e9c036469b3fa10,2026-05-23T19:05:22+00:00,2026-05-23T20:10:07+00:00,2,103.09,103.09,0,0,2.16489,2
0x6fdcff29e55d88fe6b8a49f8022a9c9f78b31e39,2026-05-22T03:22:36+00:00,2026-05-22T03:24:30+00:00,10,0,0,640.0,640.0,1267.8400,10
0x6fe012bb74a48dd04cd3853cd2e811c5669f54f3,2026-05-14T09:19:17+00:00,2026-05-14T09:22:51+00:00,3,1200.0,1200.00,0,0,19.20000,3
0x6ff81b495c2bb8cf8f5fb947538d9ab4a9aef15a,2026-05-15T14:12:56+00:00,2026-05-16T04:27:39+00:00,2,0,0,117.52,117.52,233.39472,2
0x6ff8a09b101324324f4c9b5475deea2df9eea2a4,2026-05-18T09:11:39+00:00,2026-05-19T02:24:16+00:00,2,0,0,47.331318,47.33,93.9513579977663848,2
0x70006b4aa645b965cb4728e03a80c5090ab91c6f,2026-05-06T19:18:29+00:00,2026-05-06T19:18:29+00:00,1,0,0,5.0,0,4.9550,1
0x700f7cf624e57c36887105134c7a2d39564dd4e1,2026-03-20T18:56:31+00:00,2026-03-20T18:56:31+00:00,1,22.222221,0,0,0,0.9999990005556075,1
0x7015bc543a83cccc8177d1b975ab7c89b74049f5,2026-03-21T06:30:49+00:00,2026-03-22T21:06:49+00:00,2,0,0,5.181342,5.18,9.9158149999482164,2
0x701c6a732bfe618c0f5d7ac9ffc988ff9f564348,2026-06-17T13:06:02+00:00,2026-06-17T13:06:02+00:00,1,500.0,0,0,0,1.0000,1
0x702226b14b65b1c8d05ff51759e095f09932f64e,2026-02-26T03:27:30+00:00,2026-02-26T03:27:30+00:00,1,0,0,30.75,0,30.16575,1
0x7022695751b11ee1263fa029252fc55fcf776dc9,2026-05-05T07:44:26+00:00,2026-05-07T12:46:20+00:00,3,3760.0,3760.0,0,0,79.0200,3
0x70240e5dcd7ae3049bbfa334cd906248f907b259,2026-05-16T14:47:08+00:00,2026-05-20T19:54:09+00:00,4,0,0,208.349717,208.34,413.7818500064471396,4
0x7035a50084c0ea2f6b0fe8c9267750b963d6263c,2026-05-14T09:22:07+00:00,2026-05-14T09:26:42+00:00,3,1210.0,1210.00,0,0,19.36000,3
0x70519320567cf1d39ba3c7fdc7d7b6b555130dbd,2026-02-03T09:39:06+00:00,2026-04-12T00:45:05+00:00,4,0,0,33.90,33.90,65.99078,4
0x705cfe99520d6bbd1efadb76dfbeaf7fa2d669d7,2026-06-07T05:00:43+00:00,2026-06-07T23:49:15+00:00,2,0,0,27.081,27.08,53.998517,2
0x706d0921c4a395d4fbe6913aa22ec0dea7a02f1a,2026-06-16T12:57:43+00:00,2026-06-17T01:48:52+00:00,2,0,0,101.3,101.3,202.0935,2
0x7072911fc4967d2c0d1839163d3f20856715e65c,2026-06-17T06:50:11+00:00,2026-06-17T06:50:11+00:00,1,502.835,0,0,0,0.9999999822565,1
0x7072da163b82ffbb622211022f741a775d4369ac,2026-03-23T10:49:11+00:00,2026-04-02T16:52:11+00:00,6,3015.140526,3015.14,0,0,273.8430479732211787,6
0x7079d3a7af5591c5e012c88c03c68bada68baaf7,2026-06-02T10:15:37+00:00,2026-06-02T10:15:37+00:00,1,0,0,1.035,0,1.029825,1
0x7090175c8e4cf039662ddf39b10a1f792cd8a5ff,2026-05-27T08:25:20+00:00,2026-05-27T08:25:20+00:00,1,714.285714,0,0,0,4.999999998,1
0x70ac38fb7e4220911405b48fa93d4f51630c0439,2026-05-14T09:26:47+00:00,2026-05-14T09:27:40+00:00,4,1190.0,1190.00,0,0,19.04000,4
0x70b2b31b86c80a8096d71cb23f8bfbfe4184065c,2026-02-23T16:10:52+00:00,2026-04-18T00:28:38+00:00,7,0,0,45.58,45.575106,89.2037080002106124,7
0x70b47fe3d577649c275c965cce9aad90fef4fc6d,2026-06-14T12:20:01+00:00,2026-06-15T02:39:34+00:00,2,0,0,9.0,9.0,17.9640,2
0x70b680d8035b3255fe61488affd10bbd3498aa2f,2026-03-11T14:36:45+00:00,2026-04-03T18:42:49+00:00,114,4892.771333,4892.770307,0,0,429.1771860045560228,114
0x70bbb6bbbe9fbec73ef54069b7e7fe493bdb09b8,2026-06-13T11:17:24+00:00,2026-06-13T11:17:24+00:00,1,0,0,1.002,0,0.999996,1
0x70d94a4ff67ed919a8480885cf0808afefe7a684,2026-04-30T10:16:38+00:00,2026-06-15T13:19:52+00:00,41,0,38780.93,0,0,136.85546,36
0x70e3960073cd2f03e33c3bb55bdc3e4abf479b4a,2026-06-16T11:44:21+00:00,2026-06-16T23:25:20+00:00,2,0,0,85.57,85.57,170.79772,2
0x70e765910647ff95ad7374845f1b7944c14ad8a4,2026-04-02T18:55:41+00:00,2026-04-25T09:49:14+00:00,3,0,0,209.65,209.65,408.81750,3
0x70ec2e0c4201817e1feff984fa5ea573167a3a2d,2026-05-21T12:14:37+00:00,2026-05-21T12:14:37+00:00,1,2200.0,0,0,0,17.6000,1
0x70ece068a22fd2210b9a9db88c3a58ffce4ef77a,2026-05-29T16:13:19+00:00,2026-05-29T16:13:19+00:00,1,833.333333,0,0,0,4.9999989980000004,1
0x70ee564a53f30f56dddee87a5347d13c060c71c4,2026-04-01T09:46:55+00:00,2026-04-08T18:44:35+00:00,2,0,0,212.69,212.69,414.10743,2
0x70f66a22928c343d75c4878be1f67f6f33d1f17b,2026-05-19T02:51:20+00:00,2026-05-22T23:18:50+00:00,2,0,0,173.212486,173.21,343.6511079917562990,2
0x70fcf41f592c6f1ee8fc0fd45e9bf609fcc288c1,2026-05-12T14:05:12+00:00,2026-05-12T14:05:12+00:00,1,166.666666,0,0,0,0.999998996000004,1
0x70fd8640b7de267bf8f840f6512a57a068cc84ba,2026-05-16T16:28:03+00:00,2026-05-16T16:51:38+00:00,2,0,0,1285.714166,1285.71,2554.709911004,2
0x71006a63770ef62c364a17c53aedf9496ca6a2ba,2026-04-09T08:27:27+00:00,2026-04-09T23:07:55+00:00,2,0,0,22.05,22.05,43.17390,2
0x710ccd9a6184c2cf076fa7642588616da55fdbb9,2026-04-19T04:06:26+00:00,2026-04-19T04:13:28+00:00,2,0,0,15.84,15.84,30.99888,2
0x71127bb04de6b815b0481e6e6f9c3657f90bf10a,2026-06-08T16:47:10+00:00,2026-06-15T11:12:12+00:00,3,833.333333,333.33,0,0,3.999978999000001,3
0x712433f69c169ebaaa67ce13f3f66f54575e70c1,2026-03-20T14:31:27+00:00,2026-04-20T20:30:44+00:00,3,1000.0,1000.0,0,0,48.327010000,3
0x71309ea1353fbb692df41873960ad85cd018d269,2026-05-13T18:21:01+00:00,2026-05-13T18:32:18+00:00,2,0,0,8.064515,8.06,15.9955180001614135,2
0x714a685b5454ea4d52979563bbafa77b8168ab2f,2026-05-19T18:37:41+00:00,2026-06-16T11:44:21+00:00,2,1250000.0,25000.0,0,0,2675.0000,2
0x714cad1b3117306d136139219d9f2d0549db0109,2026-05-28T00:04:26+00:00,2026-05-28T00:04:26+00:00,1,0,0,35.7745,0,35.5598530,1
0x714eb3084fc75a1b9165989abf7b55dbfe52a2b4,2026-05-27T13:11:17+00:00,2026-05-30T00:29:59+00:00,2,0,0,67.0,67.0,133.1290,2
0x71528368bdff0a0b58493b71832c34c373c5faac,2026-06-17T11:25:55+00:00,2026-06-17T11:25:55+00:00,1,4839.71,0,0,0,4.83971,1
0x716dc192e9768d5bb5e2d94561558f51d17870a8,2026-06-15T17:21:49+00:00,2026-06-15T17:21:49+00:00,1,14.0,0,0,0,0.0140,1
0x717111a47627254461412df6cecd697f9ba07af9,2026-03-13T01:37:37+00:00,2026-06-02T00:00:10+00:00,36,3430.992073,3430.991024,0,0,180.6754750144958313,36
0x717205637fad8e889bf4fe168c76da3e38ce5e45,2026-06-03T16:04:15+00:00,2026-06-06T20:02:36+00:00,2,500.0,500.0,0,0,4.5000,2
0x7179f5a778c16ed0a07ea3941f2624cf75aab288,2026-05-03T02:27:18+00:00,2026-05-03T02:27:18+00:00,1,0,0,2.034142,0,2.0199030001009882,1
0x717eb2905407f5e4d828ad8abb2bbf7a8bb91041,2026-03-29T04:21:30+00:00,2026-04-13T06:46:39+00:00,3,81.78,81.773332,0,0,7.4078790005833932,3
0x7191805e98cfed879c89980efe684f684374e07f,2026-05-16T05:26:06+00:00,2026-05-16T16:54:46+00:00,3,0,0,91.54,91.54,181.79844,3
0x7193c37521289dfa5b85edf6ca5e769d4ca7a969,2026-04-01T16:44:19+00:00,2026-04-01T21:58:27+00:00,2,0,0,39.12,39.11,75.76577,2
0x7199955a6de2fa6efd9a4bc73a93534105d1b4ba,2026-05-15T08:54:01+00:00,2026-05-15T08:54:01+00:00,1,157.142857,0,0,0,1.0999989932857152,1
0x719b19bd0f5ae3ec6363b648cf61faebe5daccc6,2026-03-20T05:29:51+00:00,2026-03-20T05:33:15+00:00,2,0,0,24.74,24.74,47.92138,2
0x719d5e373e24a5ca441bb20a95ddb5e27eb359e0,2026-06-06T04:11:49+00:00,2026-06-06T04:11:49+00:00,1,250.0,0,0,0,1.0000,1
0x71a6c81ca1130d2d8583c09c8454a9223c81eebc,2026-05-20T14:27:13+00:00,2026-05-20T14:27:13+00:00,1,125.0,0,0,0,1.0000,1
0x71a7fc2801ec087e7bae2fadeb962b73f1171824,2026-06-02T22:50:18+00:00,2026-06-04T09:06:09+00:00,2,0,0,19.0954,19.09,37.9944730,2
0x71ac6f794324496a44d3a9a11b02ebef796627b9,2026-04-16T02:53:08+00:00,2026-04-16T04:07:38+00:00,2,184.75,184.75,0,0,7.954250000200,2
0x71bd821b2c823cf67ed329abbb6a05d3ab9eac00,2026-05-21T08:29:14+00:00,2026-06-16T18:34:47+00:00,95,0,0,611.83,611.83,1215.85730,95
0x71c28a01c532344e263f431b2b140685a75e735d,2026-04-09T14:38:47+00:00,2026-05-01T17:10:30+00:00,2,810.185185,0,0,0,9.999999995,2
0x71c9e47238ecb8106ad6ffaadac338b56fee0781,2026-05-06T14:43:25+00:00,2026-05-06T14:43:25+00:00,1,0,0,30.241875,0,29.999940000,1
0x71d76590b7df8e957c94b531e70de592555acd7b,2026-06-16T21:52:23+00:00,2026-06-16T21:52:23+00:00,1,0,0,115.405,0,115.289595,1
0x71dd8c92e8a83622a3c0e33a98448defd8bef838,2026-03-08T22:33:47+00:00,2026-03-08T22:43:25+00:00,3,0,0,1438.0,1438.0,2733.6380,3
0x71e0dec36670ba8599c8d56a0951c8065fb1544b,2026-06-15T19:29:37+00:00,2026-06-16T13:46:44+00:00,2,4455.0,4455.0,0,0,13.3650,2
0x71e9b6e77113f834d618569a14625490cf5ea742,2026-05-31T13:00:28+00:00,2026-05-31T13:00:28+00:00,1,166.666666,0,0,0,0.999998996000004,1
0x71ed0bc95433cdf1be29f43219725fce9addd9eb,2026-03-20T11:14:31+00:00,2026-05-03T09:53:52+00:00,18,0,5836.86,16999.999165,0,16737.7771858122538330,18
0x71edffd0d70a1da823ff07a3c6fc81457294d338,2026-03-20T19:26:35+00:00,2026-03-21T00:21:03+00:00,3,2092.75,2092.746325,0,0,196.7183189045918375,3
0x71fee7e489e042a8148d3c9dbf1806fa7789461e,2026-03-19T17:31:55+00:00,2026-04-12T21:57:37+00:00,11,152.731961,152.73,0,0,12.5989929987823834,11
0x720dc97f38b9988d3b3b033e8f156fd4e82fea38,2026-04-09T15:46:47+00:00,2026-04-11T19:39:07+00:00,4,0,0,3131.19,0,3054.04144,3
0x721622257500d6deff4287b6e944c96969e69551,2026-03-08T11:50:27+00:00,2026-06-11T07:03:33+00:00,3,0,0,5.9,5.9,11.2794,3
0x721e7cfea84bd5bfb4e83596f22a2fbe12050110,2026-06-02T16:41:59+00:00,2026-06-03T04:31:04+00:00,2,0,0,99.59,99.59,197.98492,2
0x7237831e774157625bfa3cadc5d062fea9783450,2026-03-19T09:39:25+00:00,2026-03-19T10:54:09+00:00,6,0,0,212.204233,212.20,410.2016819979493822,6
0x723c30d96797e8f9a2d51a18bcdd19292c4ab32c,2026-05-17T12:20:10+00:00,2026-05-17T23:43:57+00:00,2,0,0,89.82,89.82,178.38252,2
0x7255417d3b1915b6130af4c25f74647cb562afd8,2026-05-16T18:03:41+00:00,2026-05-17T05:34:02+00:00,2,0,0,81.67,81.67,162.19662,2
0x725f3dc44390bc6462735b3e5829b06f950ceb75,2026-04-30T17:40:50+00:00,2026-05-03T01:48:24+00:00,8,0,0,529.996665,529.99,1049.3867859971966430,8
0x726352f10e3b5cb75da7a4000e0ceb3c8820e95f,2026-05-21T01:35:45+00:00,2026-05-21T06:49:29+00:00,2,0,0,16.088625,13.19,29.044396000,2
0x7264b0b0bb2ca74e9ff49f5a63c38ca866418583,2026-06-14T22:04:22+00:00,2026-06-14T22:04:22+00:00,1,10585.0,0,0,0,21.1700,1
0x727591c9c4d0e29384fb0fcdbc4385d687acadaa,2026-06-08T03:29:16+00:00,2026-06-08T03:31:10+00:00,2,0,852.0,0,852.0,851.1480,2
0x7286825808bb0dfb0092306d58c57d6b5863c5e2,2026-03-31T02:51:03+00:00,2026-03-31T18:08:51+00:00,4,66.66,66.66,0,0,6.46602,4
0x72a62978c50ae341f38d771c4ad0788dbe1e20be,2026-06-09T12:28:10+00:00,2026-06-09T12:29:13+00:00,4,0,0,150.0,150.0,299.2500,4
0x72aa9007064adb756ba52f0a2106a437cade4cc5,2026-03-20T08:57:11+00:00,2026-04-08T02:49:07+00:00,2,95.555554,0,0,0,1.9999989997778050,2
0x72b24eb544cd088137f35e5c4e9fa7b98666bf9f,2026-05-23T06:52:44+00:00,2026-06-16T23:50:59+00:00,2,90.909089,90.9,0,0,1.0908989971818388,2
0x72bd5ca2c11c6b0e23e7971ef19cfb3ae2942b64,2026-05-15T21:30:34+00:00,2026-05-15T21:30:34+00:00,1,1300.0,0,0,0,9.1000,1
0x72e0244cfb38200a90271ca9f10286e49a030b96,2026-05-13T16:52:17+00:00,2026-06-17T11:16:58+00:00,172,0,0,1811.439524,1811.43,3606.1480340029565492,172
0x72e0d5b88f8a486fdb7d820f81a1968c09d045a4,2026-03-29T11:55:44+00:00,2026-03-29T11:58:20+00:00,3,0,0,1010.582,1010.572009,1909.9905380438439955,3
0x72f815e351890a4b65a39b739ff9365c0de725fa,2026-05-15T08:20:51+00:00,2026-05-15T08:20:51+00:00,1,142.857142,0,0,0,0.999998994000006,1
0x72fc17a8ce76b5a9bb46d6d2d57abd2aa925c860,2026-05-19T14:41:24+00:00,2026-05-19T21:16:02+00:00,2,0,0,55.387571,55.38,109.9368179974612429,2
0x7300833941f579802d58791eb1d0152c1b17e52c,2026-03-11T18:19:51+00:00,2026-06-16T18:34:38+00:00,5,15.0,15.0,5.0,0,5.4600,5
0x730ecdf95c820f3fbf8929657cdb839145488c9b,2026-05-11T03:07:46+00:00,2026-05-11T13:23:43+00:00,2,0,0,86.51,86.51,171.89537,2
0x731039962b6d173b152d3fa357ff5fe5a5a2c36a,2026-03-11T12:32:45+00:00,2026-04-17T11:25:58+00:00,6,35.714284,35.71,0,0,3.284708999428616,6
0x731a241767938bb23d1b2fac4c9cd2f3cea9033f,2026-06-17T18:00:19+00:00,2026-06-17T18:00:19+00:00,1,0,0,1000.0,0,999.0000,1
0x731a8b342c98b349564eb1a4ecccad3e98fb04bd,2026-02-26T10:13:46+00:00,2026-02-27T22:39:09+00:00,18,0,0,600.00,599.986529,1177.7398150007031667,18
0x731bd060694bb8760999bd7761f733ae3e30cea8,2026-06-12T23:51:18+00:00,2026-06-12T23:51:18+00:00,1,1666.666666,0,0,0,4.9999989980000004,1
0x731c34cd5ea5a7ba7c8101b9978724cbb57a637d,2026-03-10T06:22:37+00:00,2026-03-10T06:22:37+00:00,1,500.0,0,0,0,21.0000,1
0x73290ea444b38d4e10c0325fa292d167bd88fc14,2026-06-12T05:44:24+00:00,2026-06-15T09:22:27+00:00,2,0,0,11.815333,7.91,19.6740669998184667,2
0x732be7b3551c8338822195c7c9086036a335a23b,2026-06-01T13:06:40+00:00,2026-06-08T16:58:00+00:00,2,0,0,9.0452,9.04,18.0128540,2
0x7336f576db4f1e7d7f7f7614e114e84a6a2c94b8,2026-04-02T18:23:21+00:00,2026-06-05T19:41:24+00:00,2,416.666665,0,0,0,5.9999990000000095,2
0x733b1d872e32c019571854527593b1347302a9e9,2026-05-26T09:50:59+00:00,2026-05-26T09:50:59+00:00,1,0,0,56.519,0,56.179886,1
0x73589ec51f6ac0a2afb97ce3c2c123963f4298ce,2026-03-07T18:04:17+00:00,2026-03-07T18:13:57+00:00,3,1215.0,1215.0,0,0,139.7250,3
0x73607fc946f9ff6e48ece28c21fea34500a4e8ec,2026-05-12T01:59:08+00:00,2026-05-15T03:48:05+00:00,2,250.0,0,0,0,2.0000,2
0x7366b7b5718c27e15724c28e7e18b629c08d5483,2026-06-16T12:48:01+00:00,2026-06-17T07:08:37+00:00,2,0,0,53.8,53.8,107.3848,2
0x7368a0484a5d82ea8b9a7949c128c55bfff1fd66,2026-04-29T18:54:26+00:00,2026-04-29T19:27:00+00:00,2,0,0,12.0,12.0,23.6040,2
0x7378f6e802e84ad6648dd6e191284dee1cf8e20f,2026-05-28T02:24:23+00:00,2026-05-28T02:24:23+00:00,1,1285.714285,0,0,0,8.9999989664285720,1
0x737b1140503cc01b1d8d43f0a4a07c1538942e72,2026-03-08T22:18:03+00:00,2026-03-08T22:28:01+00:00,4,1509.0,1509.0,0,0,162.9720,4
0x738d3152bd07bb4af73bdd867fb12b038c5f4df6,2026-01-31T15:23:38+00:00,2026-02-08T03:13:35+00:00,5,471.646748,471.64,0,0,24.2960769914426174,5
0x7399eae307df6c227694e83f60629415eca146d6,2026-03-21T21:36:45+00:00,2026-05-12T09:46:26+00:00,232,0,0,8656.242028,8656.241521,16906.4176780006718200,219
0x73a146b82c07abe1cf9361b5c9a504c1bc5deed7,2026-06-11T13:50:40+00:00,2026-06-12T18:36:54+00:00,2,533.333333,0,0,0,1.999998999000001,2
0x73a44fa5b620c1b14e0af4b8ddce06950dad8651,2026-06-17T08:13:29+00:00,2026-06-17T08:13:29+00:00,1,500.0,0,0,0,1.0000,1
0x73c0c46bf3e5d8d4b23ce8c57aedc4fce6054aa3,2026-05-27T04:56:05+00:00,2026-05-27T04:56:05+00:00,1,5714.285714,0,0,0,39.9999988551428572,1
0x73ccac5d07a3597f0fe15dbedd03dba4d1d55e77,2026-05-13T04:34:35+00:00,2026-05-13T04:44:52+00:00,4,1410.0,1410.00,0,0,19.74000,4
0x73cdc1976869a9a45e9adc22f50a4838ce66b82f,2026-05-14T09:32:00+00:00,2026-05-14T15:34:45+00:00,2,1210.0,1210.0,0,0,19.3600,2
0x73d166c37a948e76c0336dd6e25554a66e2d6903,2026-05-11T12:15:10+00:00,2026-05-11T13:32:23+00:00,2,0,0,114.899333,114.89,228.295707002,2
0x73e167c854fd77d15ff2e093caecea42b3fa29a2,2026-05-14T09:26:44+00:00,2026-05-14T09:27:38+00:00,4,1220.0,1220.00,0,0,19.52000,4
0x73e34157436f085361b3254db773520b417bd085,2026-05-12T08:09:22+00:00,2026-05-13T04:50:39+00:00,2,0,0,88.1,88.1,174.8785,2
0x73ef077607d83a083711bf7e3972273254337295,2026-05-24T10:55:41+00:00,2026-05-24T10:55:41+00:00,1,90.909089,0,0,0,0.9999989971818388,1
0x73f5fdf3804447191a4dfa7b258849e11cf49a97,2026-06-15T19:38:52+00:00,2026-06-15T19:38:52+00:00,1,0,0,48.0,0,47.9520,1
0x7408280a335b5ce27d0e0ccfb10efaf7c9930d0a,2026-05-15T02:09:13+00:00,2026-05-17T20:58:10+00:00,4,0,0,12.077411,12.07,23.9803909997798334,4
0x7410a36b9ef9ceab25e85b4c0cadf4d19d0cc374,2026-05-31T15:07:12+00:00,2026-05-31T16:31:20+00:00,2,0,0,10.0502,10.05,19.9896490,2
0x7416d833da2a3be3d12e693b81783c1674a51da6,2026-05-13T04:29:39+00:00,2026-05-13T04:40:16+00:00,3,1410.0,1410.00,0,0,19.74000,3
0x741bef508fd9e9075e9b60f3cb9410a5a1ec3cbf,2026-03-18T22:02:53+00:00,2026-03-18T22:02:53+00:00,1,221.065217,0,0,0,5.0000000003473983,1
0x742632d1b9ebd7f069715fca0b8a198d1209f072,2026-06-14T19:02:55+00:00,2026-06-14T19:02:55+00:00,1,5000.0,0,0,0,10.0000,1
0x742eea76c3015bd062096bae224ee50404b14056,2026-03-20T16:04:37+00:00,2026-03-20T16:04:37+00:00,1,1957.17941,0,0,0,64.999999097633721,1
0x744388adf864ee341e12954da5190a1fa5b41b69,2026-06-05T12:51:28+00:00,2026-06-05T12:51:51+00:00,4,0,0,10.190,10.19,20.308670,4
0x7445201be569b0ca116c8b7701e157ba357eb74d,2026-05-26T11:49:02+00:00,2026-05-26T11:49:02+00:00,1,0,0,16.307833,0,16.2099860003692167,1
0x7446b156446e0b45241346f36c6a7d34e0855f4f,2026-05-13T17:56:57+00:00,2026-05-13T18:22:16+00:00,2,0,0,47.993875,47.99,95.216004000,2
0x7449904c4f9521c56f3ae6b40f5f6fe42d98c05e,2026-05-18T17:57:18+00:00,2026-06-15T18:36:55+00:00,139,0,0,4573.971941,4573.89,9091.9910930086906978,139
0x744bd6a6823ec7bfc784cb9f092c40d9fcea720c,2026-04-18T06:55:04+00:00,2026-04-18T07:18:38+00:00,3,0,0,25.13,25.13,49.20454,3
0x74576e684bc138877660385d54cfbbd78e4d5155,2026-06-08T14:54:58+00:00,2026-06-12T09:05:33+00:00,2,750.0,0,0,0,2.5000,2
0x746eee88d3bfc65f6a6fc3e9861680bb6df14238,2026-05-03T02:36:06+00:00,2026-05-03T02:36:06+00:00,1,2500.0,0,0,0,20.0000,1
0x7477bd6fbf8de7e776496cad23bcf014bd04eff6,2026-06-09T00:22:16+00:00,2026-06-09T00:22:16+00:00,1,333.333333,0,0,0,0.999998999000001,1
0x747a315588936fccfe98186fa74d7b564d6a2d62,2026-05-27T18:09:08+00:00,2026-05-27T18:09:08+00:00,1,0,0,9.808833,0,9.7499800000382334,1
0x748c9f0f9c9513c0cf808aacd5e9875f2a5a96dd,2026-06-12T09:53:12+00:00,2026-06-12T09:53:12+00:00,1,0,0,1.003,0,0.999991,1
0x7493dfa7a396c31933985d0cb61817914e0ba68c,2026-05-14T09:19:09+00:00,2026-05-14T09:22:04+00:00,3,1180.0,1180.00,0,0,18.88000,3
0x74957ea27ac4fbdee46d861fdae357859ff67fcf,2026-04-24T02:05:54+00:00,2026-06-10T14:54:21+00:00,7,1249.0,0,200.0,0,204.2980,7
0x74b358f661d779d305cbd07686ff2702dded2367,2026-03-03T19:28:51+00:00,2026-03-04T17:21:57+00:00,5,0,0,56.052531,56.0,101.2119950018523955,5
0x74e1a4aa3c3366e9c78d099decece12faf863353,2026-06-09T16:43:06+00:00,2026-06-11T02:22:03+00:00,2,0,0,58.45,58.45,116.31550,2
0x74e2e846f6f6bb30d0f42d50f02f4c46c6086396,2026-02-28T20:27:47+00:00,2026-03-02T21:39:33+00:00,2,572.6815,0,0,0,11.00000000523315,2
0x74e68d8fbdc0bab0e004ad529be87981e0b44f6c,2026-02-10T19:30:57+00:00,2026-06-07T22:00:12+00:00,11,1100.0,500.0,0,0,47.24000,11
0x74e9f24291f8a4af2e0d67dfec373d5b8ffc7b41,2026-06-11T05:26:31+00:00,2026-06-15T09:22:45+00:00,2,0,0,12.710842,10.8,23.4383980002711526,2
0x74ec7799c32fd524ccdcedc2a3179ebf491b1c02,2026-04-13T14:07:53+00:00,2026-04-13T14:09:45+00:00,2,33.333332,33.33,0,0,1.9665690000000384,2
0x74f533f305ec441ae0f3ca1b5ff4daf1ceff0f06,2026-05-15T04:35:55+00:00,2026-05-15T04:55:56+00:00,2,0,0,9.063428,9.06,17.9875040003746288,2
0x74ff8d8c9c8035a733c314a37a84cce1fcc8528b,2026-04-24T07:45:14+00:00,2026-04-24T07:45:14+00:00,1,52.631577,0,0,0,0.9999989998421409,1
0x7505be2a36a9eb1376bf94d2fe1fe7fe13e79cd3,2026-03-28T05:57:51+00:00,2026-03-28T06:00:29+00:00,4,0,0,979.00,979.00,1836.60400,4
0x7515458f60c4aa5da74cd92d0392795e2c87da15,2026-06-09T02:49:12+00:00,2026-06-10T03:30:22+00:00,2,0,0,91.0,91.0,181.1810,2
0x75213070b82165782e5bed65a0e63fb73a565ee5,2026-05-04T10:58:12+00:00,2026-05-04T10:58:12+00:00,1,0,0,1433.771454,0,1417.999968006,1
0x75277cca914cf05ee4243a3dcd67dcd27e9c17bc,2026-06-05T20:57:13+00:00,2026-06-05T20:57:13+00:00,1,250.0,0,0,0,1.0000,1
0x7527aabf4e285ff332943a5094db5c051e0fe9b4,2026-01-01T19:21:19+00:00,2026-01-01T19:21:19+00:00,1,58.786056,0,0,0,4.9999990007809296,1
0x75281346c3752d0e2f5fe7e683e7891ee86a5588,2026-05-14T08:45:57+00:00,2026-05-21T03:50:58+00:00,2,0,0,5.0,5.0,9.9200,2
0x752dd6ba956ca560f0f94b8eaea4a69f81c6e350,2026-06-16T01:41:45+00:00,2026-06-16T01:41:45+00:00,1,0,0,41.751,0,41.709249,1
0x754458f1bcbd324ad8b0999f3125fa7322879597,2026-05-17T02:56:46+00:00,2026-05-17T03:18:57+00:00,2,0,0,10.060333,10.06,19.9895509999879334,2
0x75451d75a7115fc0beeb8a91688b1118526174cf,2026-04-16T10:24:54+00:00,2026-04-16T10:44:16+00:00,2,0,0,530.296826,530.29,1035.506198999817,2
0x754a6c7af687830013274a6a943b9c6505f53a10,2026-05-28T00:24:46+00:00,2026-05-28T00:24:46+00:00,1,0,0,37.2535,0,37.0299790,1
0x754b6801e889a42d70cd42a6db85be1d21ebe2bc,2026-05-14T03:17:13+00:00,2026-05-14T03:28:25+00:00,2,0,0,5.035142,5.03,9.9896559999578296,2
0x754c214c553e4589a3490d0ed8e2e6da8823df16,2026-05-03T09:04:42+00:00,2026-05-03T22:33:28+00:00,2,0,0,52.21,52.21,103.37580,2
0x755519c3a4a69469f488197fbd39b12f70b3ecc5,2026-06-03T01:23:14+00:00,2026-06-03T01:32:51+00:00,2,42000.0,0,0,0,252.0000,2
0x755f699e7eb4b1144140b2e93ac7b75638ab10fe,2026-06-10T16:39:06+00:00,2026-06-10T17:11:31+00:00,3,0,0,26.178333,26.17,52.138948001,3
0x75803ebd31926603e18546b6ac7e2cded9ff853d,2026-02-07T03:38:57+00:00,2026-02-07T03:38:57+00:00,1,41.666665,0,0,0,0.999999001666705,1
0x75904ebe9d1500a5d4b766d71e33ebf6eca88066,2026-05-11T03:07:46+00:00,2026-05-11T15:02:18+00:00,2,0,0,103.92,103.92,206.48904,2
0x7593ef541a68494d0a47e5bb43274b91ab9519d7,2026-05-17T12:13:38+00:00,2026-05-18T01:46:52+00:00,2,0,0,68.17,68.17,135.38562,2
0x759d8a01691ca889589e013d8d8891e11e72dea2,2026-04-21T05:56:58+00:00,2026-04-21T06:36:38+00:00,3,0,0,103.86,103.86,204.08490,3
0x75ac2c4653e87a01e20e1ef86e638fd92506be0a,2026-05-24T17:02:04+00:00,2026-05-24T23:00:44+00:00,2,0,0,46.370875,46.37,91.998948000,2
0x75adf2e29e35614fd150ffa1e0b2106e05e42a39,2026-05-13T04:21:10+00:00,2026-05-13T18:44:40+00:00,2,0,0,287.21,287.21,570.11185,2
0x75bb1f4668d34ebb47534c67af536bce1c85bf9b,2026-05-03T04:15:20+00:00,2026-05-03T18:33:24+00:00,2,0,0,95.46,95.46,189.01080,2
0x75bd9d04389d61576384e3fdc6a2efd848946d97,2026-04-25T21:37:18+00:00,2026-05-07T21:18:16+00:00,2,52.631577,52.63,0,0,1.5262989998421409,2
0x75eebdbc59079a5f2244664decdb3f0c06d26478,2026-06-12T07:16:30+00:00,2026-06-12T07:16:30+00:00,1,0,0,1.003,0,0.999991,1
0x75f13d0287869fb974be45a852e36a906a180def,2026-05-30T16:00:05+00:00,2026-05-30T18:17:56+00:00,2,0,0,10.0502,10.05,19.9896490,2
0x760e172789573c260d4a0ba902531499daa53200,2026-06-11T07:44:06+00:00,2026-06-11T07:44:06+00:00,1,250.0,0,0,0,1.0000,1
0x76386a0479e1f30383d438d973dfd9be93c7b60c,2026-05-15T14:31:23+00:00,2026-05-15T14:31:23+00:00,1,142.857142,0,0,0,0.999998994000006,1
0x764adb157db6e47e849acdec0f5820383ca7380e,2026-06-11T09:22:12+00:00,2026-06-11T09:22:12+00:00,1,0,0,1.034135,0,1.0299980000167520,1
0x764b305694b026c1acce7bf862c3b5456a146bad,2026-05-01T16:32:54+00:00,2026-06-10T06:50:25+00:00,46,0,0.18,1184.82,0,1176.69252,46
0x766a5eec3832edb463a252ac7521aa4159cdc3d7,2026-06-16T02:07:52+00:00,2026-06-16T02:07:52+00:00,1,0,0,179.919,0,179.739081,1
0x766f488c405bb3b722b6beaa25ccdeba80800e86,2026-05-26T05:14:21+00:00,2026-05-26T05:14:21+00:00,1,142.857142,0,0,0,0.999998994000006,1
0x7672f4f381d9473bf3c25dc860b67bf7d03ab4e5,2026-05-17T12:20:10+00:00,2026-05-18T00:06:28+00:00,2,0,0,88.51,88.51,175.78086,2
0x76999d11bb6a141a36a4ff1fb955f24fc3db70b9,2026-06-17T16:38:14+00:00,2026-06-17T16:44:04+00:00,2,304860.0,0,0,0,304.8600,2
0x76b06c521335825003bc0e359d17d4854e3ebb5f,2026-06-12T08:10:33+00:00,2026-06-12T08:10:33+00:00,1,0,0,1.203333,0,1.1997230000373336,1
0x76b1bf50e9e72fda0fdb37f2961073492b43a8fe,2026-04-30T23:58:38+00:00,2026-04-30T23:58:38+00:00,1,324.166666,0,0,0,3.8899989870833354,1
0x76c82380aa563444d5cadeeb38e3dccb706bde38,2026-05-07T16:34:51+00:00,2026-06-07T10:28:24+00:00,3,10037.0,10037.0,0,0,130.4810,3
0x76d90ed6dc70729e550d49ab035b8ac7b34533bb,2026-05-04T06:17:24+00:00,2026-05-04T08:12:26+00:00,3,83.333333,0,3.033271,0,3.9999039958903985,3
0x76de4d26c05a6ae9ee2e96fe0c4e0ecf3920f8be,2026-06-07T16:17:52+00:00,2026-06-07T16:17:52+00:00,1,0,0,1.032,0,1.029936,1
0x76e5b317febc4e61ad981979fcfc4232e0cd3ca5,2026-06-08T05:24:12+00:00,2026-06-09T06:13:31+00:00,2,1999.999999,0,0,0,5.9999979970000014,2
0x76e65701bbd23915d615edf45e9ffc142fd10c6c,2026-06-09T20:06:24+00:00,2026-06-09T20:06:24+00:00,1,166.666665,0,0,0,1.0000000066666665,1
0x7703caaa40c7527563000402b17350a883bc9fe9,2026-05-11T15:32:34+00:00,2026-05-12T05:34:40+00:00,2,0,0,108.05,108.05,214.47925,2
0x770e8604e8d92b92432d442a246f85eda2353b11,2026-05-21T06:58:49+00:00,2026-05-21T06:58:49+00:00,1,125.0,0,0,0,1.0000,1
0x771a824bd09110e0b4b38d1cb9c44e8ec816faac,2026-05-14T09:31:59+00:00,2026-05-14T15:28:39+00:00,16,1190.0,1190.00,0,0,19.04000,16
0x771dfc7d37b93aecc4a08d7d8bd8e751c9225c18,2026-05-27T10:20:15+00:00,2026-06-03T16:54:01+00:00,2,0,0,26.197166,26.19,52.0728429987605668,2
0x77200636e2b4fb533ab97b26ea86772850e1da92,2026-03-22T00:41:39+00:00,2026-04-09T06:44:15+00:00,29,24086.322363,0,0,0,832.0916200443764178,28
0x77292b4c67a227e98831ecb0e074ec76a9902d9e,2026-05-05T00:13:28+00:00,2026-05-11T01:12:25+00:00,2,105.2,105.2,0,0,1.6832,2
0x7740253843b20007a4c99c3766878351002acbcd,2026-02-19T16:26:24+00:00,2026-04-16T09:13:58+00:00,5,0,0,40.162458,0,38.6299129989767610,5
0x77499a34b3ab058686699096ea991b0f1b87d117,2026-05-26T09:42:21+00:00,2026-05-26T20:52:22+00:00,2,0,0,233.400333,233.4,463.766131002,2
0x77500a1651826ef61b2dde9d666851f13179324d,2026-05-28T12:41:05+00:00,2026-05-28T12:41:05+00:00,1,1000.0,0,0,0,6.0000,1
0x77522fa24c1d5b0caa79bad9837897d1e6165610,2026-05-28T09:29:52+00:00,2026-05-28T11:03:20+00:00,2,0,0,27.0,27.0,53.6490,2
0x775c6f31f8d1f8eb6c9b3bcba6a5f8fc806a5241,2026-04-02T08:40:11+00:00,2026-04-02T14:45:35+00:00,2,0,0,49.49,49.49,95.91162,2
0x776867e51328dc1b03584c1f5de76d3df7e450fb,2026-06-11T04:59:49+00:00,2026-06-15T11:20:27+00:00,2,0,0,160.0,160.0,319.2000,2
0x776f094337cfb0afe0f587ade91f33cce5e035cd,2026-05-27T05:09:32+00:00,2026-05-27T05:09:32+00:00,1,0,0,435.533166,0,432.919967004,1
0x776fab903cbf87a8474afda4a2d90ed2d6ceb47a,2026-05-22T06:16:45+00:00,2026-05-22T06:16:45+00:00,1,0,0,10.776991,0,10.6799980001725675,1
0x777a09454a6a8e864888076d4a57be898fa7001a,2026-05-01T22:17:24+00:00,2026-05-04T17:39:04+00:00,2,111.111111,111.11,0,0,2.111098999000001,2
0x777c2776c71caacced2afc495018fb521d466a3e,2026-06-07T17:06:46+00:00,2026-06-07T17:06:46+00:00,1,0,0,1.002,0,0.999996,1
0x77801afd885c01bb46213385295fb057ab62763e,2026-05-01T06:15:18+00:00,2026-05-23T12:54:29+00:00,4,12727.272726,0,0,0,144.9999960627575767,4
0x7793e893f19b8be5dca8f3d13bebd9d4ead82c1c,2026-06-05T14:29:31+00:00,2026-06-11T10:02:10+00:00,3,255.0,196.0,0,0,1.7430,3
0x779acaf3a40131bf21bb0ca9741dce3f528f590b,2026-04-30T10:24:44+00:00,2026-04-30T10:26:40+00:00,2,200.0,0,0,0,2.8000,2
0x77a89f8a0fc3f6fb9d251867b417c9ffdf996e5c,2026-05-18T21:36:55+00:00,2026-06-10T23:53:36+00:00,2,0,0,100.0,100.0,198.9000,2
0x77b5acecbc67d1bef9b63ab6ff3dc886ef809170,2026-01-29T19:55:42+00:00,2026-03-05T23:19:53+00:00,5,0,0,19.614284,19.0,36.5885849999342908,3
0x77b6e783dbad7e5c9f012e7b4b3e91ed4864be65,2026-06-12T06:50:28+00:00,2026-06-12T06:50:28+00:00,1,0,0,1.003,0,0.999991,1
0x77b97808d667ceee56eeefd20c377cb2dc5cf4c4,2026-04-01T11:51:27+00:00,2026-04-08T11:15:05+00:00,2,81.25,0,0,0,2.00000,2
0x77c873ca604ac880beacbd278fc7c3147064afed,2026-05-13T13:04:19+00:00,2026-05-13T13:04:19+00:00,1,1250.0,0,0,0,10.0000,1
0x77cf630f568b9e66a91ba700fcf284ed7cf4b0e0,2026-06-02T12:59:23+00:00,2026-06-08T04:12:10+00:00,2,0,0,254.0,254.0,506.2220,2
0x77d1b694af2bdce258f35c505bd8bcaa447b9d8d,2026-05-31T13:16:44+00:00,2026-05-31T13:16:44+00:00,1,500.0,0,0,0,3.0000,1
0x77d434547cdfddd452df835ded04d6ea48cacf09,2026-06-10T17:28:34+00:00,2026-06-10T17:28:34+00:00,1,370.0,0,0,0,1.8500,1
0x77d48aac86bea8a954da4262334bbc0d7b5c3983,2026-06-05T20:08:22+00:00,2026-06-05T20:11:01+00:00,3,500.0,250.0,0,0,2.7500,3
0x77d6d37c4c17bc2c83ea1d46084b3987f0163a0c,2026-04-25T15:45:32+00:00,2026-04-25T15:45:32+00:00,1,60.588235,0,0,0,1.0300000010588235,1
0x77deae28e3b20e5d33b2f832badf8967577b177e,2026-05-17T23:20:18+00:00,2026-05-18T12:02:40+00:00,2,0,0,55.14,55.14,109.39776,2
0x77e3aac35325ac2f25cb783b90512c21d7049725,2026-03-31T11:49:35+00:00,2026-04-30T15:32:58+00:00,3,0,0,10.056677,10.05,19.659299999816761,3
0x77e6b089bcf17fd4c8feb92c52fd3ccba05d7d0e,2026-05-13T05:37:26+00:00,2026-05-13T07:12:43+00:00,9,1420.0,1420.00,0,0,19.88000,9
0x77f2f062c2f04eca7eec3f2baa907792ef5977bb,2026-06-11T12:33:42+00:00,2026-06-11T12:33:42+00:00,1,38159.66,0,0,0,190.79830,1
0x78048aa26ac1967566b8ed11910b529e5f2d7025,2026-06-10T16:19:37+00:00,2026-06-10T23:53:36+00:00,35,37999.812997,0,0,0,113.9994389952062654,35
0x7807d0678dc7993699b081f09778e4130f582eb8,2026-06-17T04:47:05+00:00,2026-06-17T19:43:52+00:00,2,0,0,87.47,87.47,174.67759,2
0x78226d60fe18329230ba43f6d6be2d43d4563a43,2026-06-06T08:12:37+00:00,2026-06-06T08:13:30+00:00,2,0,0,10.03,10.03,19.98979,2
0x782da514cf0bf44254078fdf12b7e78b2e501a1b,2026-04-08T08:44:27+00:00,2026-04-08T08:46:43+00:00,2,0,0,18.64,18.64,36.5344,2
0x783a65fd1e7c4914466097a5507a6b7ffd7e9e08,2026-05-17T23:20:18+00:00,2026-05-18T10:39:25+00:00,2,0,0,85.18,85.18,168.99712,2
0x7853f857f2ad548144b6a3345918533eab7d2864,2026-05-17T12:20:10+00:00,2026-05-18T01:40:32+00:00,2,0,0,58.71,58.71,116.59806,2
0x785620a8fb40bc7d2599c06b47bce1a82847bc01,2026-06-11T08:03:58+00:00,2026-06-11T08:03:58+00:00,1,0,0,1.003008,0,0.9999979999729152,1
0x7863d609e275c6d8e8c20c6ec933c66430722059,2026-06-05T03:10:39+00:00,2026-06-05T03:10:57+00:00,4,0,0,10.180,10.18,20.288740,4
0x786b6e5c8ace7a501e1d4124e420d18eb7e33ca7,2026-06-17T00:13:58+00:00,2026-06-17T00:13:58+00:00,1,10000.0,0,0,0,20.0000,1
0x786bb63032a04797b5df2d03cf917f13fb234a9c,2026-05-30T04:40:58+00:00,2026-05-30T05:37:00+00:00,2,0,0,23.0752,23.07,45.8914040,2
0x786e2280e4e779dbc2380371bd32a84e939d34ec,2026-06-05T21:02:18+00:00,2026-06-07T04:37:18+00:00,2,0,0,16.048,16.04,31.975696,2
0x787e599a988553295b8c48c8db10cb8f4a93abfd,2026-05-19T04:56:47+00:00,2026-05-19T11:29:45+00:00,2,0,0,20.140985,20.14,39.9788780002668780,2
0x78a543abd4ba1bffedbf6e69cc227cda76ac4340,2026-05-08T15:14:51+00:00,2026-05-08T15:14:51+00:00,1,0,0,1.0854,0,1.0799730,1
0x78ae315d71ff08281117b15ee6da6f1364fb7412,2026-05-08T12:41:20+00:00,2026-06-17T06:49:55+00:00,224,99423.421822,99423.214757,0,0,572.4756831461238020,223
0x78b339d6f29d08a202b580b6fa7b06e7fda06dda,2026-04-11T22:41:47+00:00,2026-04-11T22:41:47+00:00,2,0,0,2.053384,0,1.9999959999836048,2
0x78bc3197082bcc42dbfd17076fd3cabf49b1286f,2026-04-30T22:07:00+00:00,2026-05-09T03:40:10+00:00,2,150.769229,150.76,0,0,2.7137989970000115,2
0x78bdfe56d070c78c3be6dadc26e145efc5392821,2026-05-30T04:27:02+00:00,2026-05-30T08:00:14+00:00,2,0,0,45.9194,45.91,91.3243430,2
0x78c2fea8658b17aff9ba0b183e86bf3de0f47031,2026-03-08T22:33:47+00:00,2026-03-08T22:43:25+00:00,4,1569.0,1569.0,0,0,155.3310,4
0x78c330b1e3bec1097136d8f6d25b1e143e200c87,2026-05-31T08:16:11+00:00,2026-05-31T19:15:50+00:00,2,0,0,107.04,107.04,212.79552,2
0x78c8c44ee54dbe8b76e6a94ad6bc7fe0cc246152,2026-05-30T15:42:28+00:00,2026-05-30T16:30:46+00:00,2,0,0,10.0502,10.05,19.9896490,2
0x78cb876e5e6b528b2dbf5632bd1804e98da206f9,2026-06-04T14:00:54+00:00,2026-06-04T14:00:54+00:00,1,200.0,0,0,0,1.0000,1
0x78cc6987a25d57e367fd4eb19df27612393bc56e,2026-03-14T11:18:25+00:00,2026-03-16T08:57:19+00:00,2,210.515833,210.51,0,0,12.3678499897741058,2
0x78db7eb96e0d53ec5873833f6d41aa9373ac92ca,2026-05-25T00:32:07+00:00,2026-05-25T14:04:43+00:00,2,2538.657777,0,0,0,19.4500000546975608,2
0x78ed8966161ea0a22f0719b9c04391c6ac22ab3a,2026-06-16T08:48:10+00:00,2026-06-16T08:48:10+00:00,1,2500.0,0,0,0,5.0000,1
0x78efac7e0547a8aba5c1d6f7a8c47707ca6cc807,2026-06-17T05:50:10+00:00,2026-06-17T17:20:46+00:00,2,0,0,278.65,278.65,556.46405,2
0x790224fc127fc04948b75288c278e6a16764f530,2026-05-24T11:41:33+00:00,2026-06-16T17:09:17+00:00,2,90.909089,90.9,0,0,1.0908989971818388,2
0x790ac5a550ad063193b756374ef0de7ef91b376c,2026-06-17T05:50:10+00:00,2026-06-17T18:58:43+00:00,2,0,0,272.14,272.14,543.46358,2
0x791c2f3ff2551c1842c22741340ab8a2ec28a2b3,2026-06-16T11:44:21+00:00,2026-06-16T23:04:26+00:00,2,0,0,116.33,116.33,232.19468,2
0x791d04e8cc262d83ee00bf94fa6a61a1b134d914,2026-03-06T04:03:37+00:00,2026-04-08T23:50:59+00:00,5,1895.56,0,0,0,68.58245,5
0x793c61ad8897050e828ad173f2fd44fa706de8da,2026-03-03T15:32:55+00:00,2026-03-27T03:10:27+00:00,121,0,0,804.219564,804.211019,1527.1754729990720571,120
0x793ed200a1e8344d608a17763d9cb8773b3643bf,2026-04-29T14:13:38+00:00,2026-06-16T18:34:41+00:00,1796,0,0,28694.199089,28694.19,56923.5646600005181557,1795
0x79463f0b7e76ca148250055da304c4e25b8c387f,2026-04-30T16:17:36+00:00,2026-05-21T12:45:58+00:00,4,0,0,42.05,42.05,83.15032,4
0x7948d84d294bcb75827ada3fdb58be77fc5e90ca,2026-05-14T06:06:46+00:00,2026-05-14T06:17:31+00:00,2,0,0,8.056285,8.05,15.9854910001662290,2
0x795e3e3a0df70eb7144386ac6f0b8ae037227768,2026-04-05T07:11:23+00:00,2026-05-15T08:29:40+00:00,4,0,0,2.031583,2.03,3.9983940000082526,4
0x796d851486da6c6200a9508c5a906156ccfb7398,2026-06-13T17:41:37+00:00,2026-06-13T17:41:37+00:00,1,0,0,1.002,0,0.999996,1
0x796fcb900419b784cb01788e5d0de47c05d744d1,2026-03-08T22:18:03+00:00,2026-03-08T22:28:01+00:00,2,0,0,1255.0,1255.0,2374.4600,2
0x7971c02969fea3df1f867cc1e1b6f6e880c0a236,2026-05-27T19:20:28+00:00,2026-05-27T19:20:28+00:00,1,0,0,40.4225,0,40.1799650,1
0x7980f7f786bd97a2056c94cc078bfa5bf5954f1d,2026-05-23T14:41:47+00:00,2026-06-01T23:35:25+00:00,3,226.190475,226.19,0,0,3.130947990000010,3
0x798fc46ec379422e29fb2ab657f1d55b2f51cef0,2026-06-11T19:38:57+00:00,2026-06-11T19:38:57+00:00,1,333.333333,0,0,0,0.999998999000001,1
0x79955ad70c23a3fd9088f1b9a11c2efe7721cf98,2026-05-26T19:19:11+00:00,2026-05-29T18:36:05+00:00,2,0,0,187.122666,187.12,371.997210004,2
0x799d838040dacf3d3688146753f7cc60ea947789,2026-05-26T08:22:30+00:00,2026-05-26T17:10:02+00:00,2,0,0,94.567333,94.56,187.898009002,2
0x79a07fbbf0afca06cbc9e3cd0c64052c2f01087a,2026-05-11T15:32:34+00:00,2026-05-12T01:51:26+00:00,2,0,0,109.76,109.76,217.87360,2
0x79a54affd68494095711eb33c5b2ffb2e0a509ac,2026-05-25T20:17:51+00:00,2026-05-26T11:36:24+00:00,2,0,0,65.392333,65.39,129.932249002,2
0x79ae56f1c90d23843960a0085d2b403c7a69b9ff,2026-06-11T22:51:49+00:00,2026-06-11T22:51:49+00:00,1,250.0,0,0,0,1.0000,1
0x79b098207b025ce1572de6dc2da6111b11444678,2026-05-30T10:01:01+00:00,2026-05-30T10:01:15+00:00,2,0,0,49.2462,49.24,97.9445290,2
0x79b1be01195dd60bfeb8da1a40b0271ada81b606,2026-05-14T18:49:30+00:00,2026-05-14T21:02:56+00:00,2,0,0,92.054379,92.05,182.7235979971933598,2
0x79b2eaa5be0966b3446970812f623b9db8914874,2026-05-12T19:50:25+00:00,2026-06-06T20:25:43+00:00,5,4777.777777,4777.77,0,0,65.4443879950000005,5
0x79c7099396190bdf1ed79b612cf626ecb7b07a48,2026-05-27T13:11:17+00:00,2026-05-28T01:24:39+00:00,2,0,0,97.68,97.68,193.99248,2
0x79ccb4fda1072270834f3a3f5e4fd16c237b7462,2026-05-29T20:36:08+00:00,2026-06-10T11:07:34+00:00,4,0,0,11.04,11.04,21.96858,4
0x79d135bcc5e2bcdb8f10361deefcc66cc9a035c7,2026-06-16T23:17:38+00:00,2026-06-16T23:17:38+00:00,1,500.0,0,0,0,1.0000,1
0x79d6c6bd55e53c859b51613a4598f51011c1d2e2,2026-06-09T13:11:43+00:00,2026-06-09T22:19:06+00:00,2,336.18,336.18,0,0,3.02562,2
0x79da2c105300d237126c99e50458adf92e601cc6,2026-05-27T18:02:30+00:00,2026-05-27T18:02:30+00:00,1,0,0,51.67,0,51.35998,1
0x79da3dc3503978b8c2f33f51bb1c19519f9b80e9,2026-03-07T19:46:33+00:00,2026-03-07T19:52:25+00:00,2,793.0,793.0,0,0,92.7810,2
0x79e5485bfe06a3b1d60a64311701272b97ca293d,2026-06-12T18:06:43+00:00,2026-06-12T18:06:43+00:00,1,0,0,1.002004,0,0.99999900001604,1
0x79f15f8d4d9b387478fdc10da5edda8beaeae430,2026-05-24T17:52:47+00:00,2026-05-25T01:04:29+00:00,2,0,0,63.508,63.5,125.928436,2
0x79f60d91b32fe29ec7a2748f2e63221585023fd0,2026-06-16T11:44:21+00:00,2026-06-16T23:05:32+00:00,2,0,0,85.07,85.07,169.79972,2
0x79faa5ad47e14ba7b36d4056a6462e06713d1018,2026-03-29T12:48:20+00:00,2026-03-29T12:48:36+00:00,2,0,0,870.82,870.82,1645.84980,2
0x79fba6c2032aed7d3194b58d1a800130e8ba5d88,2026-05-19T04:29:19+00:00,2026-06-03T01:09:08+00:00,2,0,0,228.0,228.0,453.0360,2
0x7a20133375dd14cf82fe656592d5aab334d6aba0,2026-06-15T08:52:28+00:00,2026-06-15T12:27:24+00:00,2,0,0,8605.0,8605.0,17192.7900,2
0x7a388e45fa9d76c42cbb7ab89fed0d3a2fefd6ab,2026-05-21T13:42:38+00:00,2026-06-05T13:23:19+00:00,4,3100.0,3100.0,0,0,39.2000,4
0x7a4aa4b2d3302ac08e1f164a2d4828619dd9091a,2026-06-15T15:59:16+00:00,2026-06-15T15:59:16+00:00,1,0,0,100.0,0,99.8000,1
0x7a58a96a29e8fc9481a206d245d431aead7005f0,2026-05-18T06:38:32+00:00,2026-05-19T06:45:35+00:00,2,0,0,151.0574,151.05,299.84159800362538,2
0x7a5f3cfa24a2706714ceeb48ab6279fdf31521fc,2026-05-21T16:38:22+00:00,2026-05-21T16:38:22+00:00,1,503.065,0,0,0,6.0000000123330,1
0x7a60780f98d292f36b08e19a3d190d1ccd1d0082,2026-05-27T20:37:56+00:00,2026-05-29T19:20:51+00:00,2,0,0,200.201166,200.2,397.998759004,2
0x7a632366882e0ee04ba412f2e318a8b0c0647a59,2026-04-12T08:05:55+00:00,2026-04-12T21:21:27+00:00,4,0,0,143.29,143.29,279.98866,4
0x7a69a8ba63b3574126e052f81c709185ca439799,2026-05-30T14:16:50+00:00,2026-05-30T14:16:50+00:00,1,166.666666,0,0,0,0.999998996000004,1
0x7a6b25fd8f92e657298ebcba9f143a178bdfb2d0,2026-05-05T04:49:24+00:00,2026-05-26T11:49:28+00:00,7,0,0,182.99,137.99,318.63417,7
0x7a7084c27d6b670eadbadcb1e9bd4767e9f695dd,2026-05-01T20:53:30+00:00,2026-05-03T09:54:30+00:00,4,0,10.10,5.0,5.02,10.01578,4
0x7a715138cf0ddf290c16637a18f626cd83a7bc69,2026-05-04T23:52:44+00:00,2026-05-04T23:52:44+00:00,1,0,0,6.2121,0,6.149979,1
0x7a84706bb072406f40b33e1cf51b840eb6b87455,2026-06-11T05:13:19+00:00,2026-06-16T08:27:54+00:00,2,3500.0,0,0,0,10.0000,2
0x7a890801d4d823bc85b3009b1147b4a3f135ff1d,2026-06-11T00:15:21+00:00,2026-06-11T00:15:21+00:00,1,500.0,0,0,0,2.0000,1
0x7a90d5630bdfd52d04166fb248f6b3bf6d444b00,2026-04-01T11:35:15+00:00,2026-04-01T11:41:37+00:00,2,0,0,28.48,28.48,55.16576,2
0x7a95a45abf49e9b2929873f55bc2e1e83531b532,2026-02-04T11:59:32+00:00,2026-04-16T13:03:24+00:00,4,0,0,41.16,41.16,80.26200,4
0x7ab3a05bd1c0a3b1b67be66103f5b5ed56c1f750,2026-05-17T03:29:34+00:00,2026-05-17T09:34:46+00:00,2,0,0,252.515,252.51,501.742340,2
0x7ab6ac0f0d6ca5a15ec57abeaf413d31c8cdfa77,2026-03-05T14:24:01+00:00,2026-04-01T07:04:43+00:00,272,16810.438748,16810.422636,0,0,1261.2710559841609308,225
0x7ab8159e9547f291c4bc8afaf0f69b7a55a7eb56,2026-06-08T14:35:51+00:00,2026-06-08T14:35:51+00:00,1,1983.0,0,0,0,5.9490,1
0x7ab8c3e47918594e48b9b50c94d2cdf19d3565db,2026-06-05T15:12:52+00:00,2026-06-15T14:05:22+00:00,3,1635.0,0,0,0,3.2050,3
0x7abc10897789a187f6b57bcd76dab3ccfb88a80c,2026-06-14T11:48:33+00:00,2026-06-14T23:36:31+00:00,2,0,0,9.009,9.0,17.981991,2
0x7ac42386d934093f2fc7aa2f52fc0da59c434f44,2026-03-09T02:49:19+00:00,2026-06-16T12:48:01+00:00,217,7862.905050,7862.90,0,0,264.5708300011790529,216
0x7ad005a8beb095de1c9937678dafa918911b19e3,2026-05-12T17:43:10+00:00,2026-06-06T04:15:07+00:00,4,7895.238094,0,0,0,38.1999979420000010,4
0x7add8858b0d6c925e5c6dd0f679bb20cc6a79775,2026-06-16T23:42:55+00:00,2026-06-16T23:42:55+00:00,1,0,0,60.0,0,59.9400,1
0x7ae3dae5977f6692b851bed343d4ee1824847e56,2026-05-16T09:06:21+00:00,2026-05-18T15:19:50+00:00,2,0,0,188.128666,188.12,373.614934004,2
0x7af756ffe73f8068178564eec2c64af712360ef3,2026-06-11T18:55:45+00:00,2026-06-11T18:55:45+00:00,1,0,0,1.002004,0,0.99999900001604,1
0x7b02b2bac2a30ed5e40b7094e734f4c3dc2a4991,2026-04-29T18:02:24+00:00,2026-06-11T12:57:58+00:00,80,123015.24,373052.606656,31001.441662,0,33832.2903032555014753,80
0x7b1016eeef42619ac63a6db32c9c4e626fc19458,2026-05-16T18:03:41+00:00,2026-05-17T06:22:27+00:00,2,0,0,53.67,53.67,106.58862,2
0x7b40fe602879d1ad9a2f6d8e4bace2db1163be36,2026-05-01T12:52:20+00:00,2026-05-01T12:52:32+00:00,2,0,0,20.202,20.2,39.97778,2
0x7b412e18c1093e2aa20571566f6b9f655b641955,2026-05-15T10:48:54+00:00,2026-05-15T11:04:13+00:00,2,0,0,9.054166,9.05,17.9864910003783336,2
0x7b495af1fcbe809ee8da1e808dc0932726b9a50a,2026-05-29T20:48:32+00:00,2026-05-29T22:48:24+00:00,2,0,0,11.6682,11.66,23.1998990,2
0x7b5ee3d11194277022eed211727158ef1738ca85,2026-05-20T15:00:26+00:00,2026-05-20T15:00:26+00:00,1,625.0,0,0,0,5.0000,1
0x7b676d5a6379855773d405fcf19b9aa577651b07,2026-04-29T16:31:50+00:00,2026-06-17T11:37:25+00:00,678,1302310.732,3771675.79,121500.0,0,128097.414212,669
0x7b6b4dc337099696b62cf4dc2452fad184697ab6,2026-05-27T11:38:35+00:00,2026-05-27T23:10:34+00:00,2,0,0,55.58,55.58,110.38188,2
0x7b816836896ede2c511237dd270aa07f22a1cebf,2026-05-26T08:43:46+00:00,2026-05-26T08:43:46+00:00,1,0,0,11.468666,0,11.3998540005594002,1
0x7bc18b865ef337df63a377a54e8d6137587b8a93,2026-05-20T20:37:45+00:00,2026-05-20T20:37:45+00:00,1,125.0,0,0,0,1.0000,1
0x7bcb7dd4db7b5b616d9c5c6d9d91f52ea26962ec,2026-06-10T21:52:30+00:00,2026-06-10T21:52:30+00:00,1,6250.0,0,0,0,25.0000,1
0x7bd7d588db0fce01d7306354578c3dbe289dda2f,2026-06-07T02:01:09+00:00,2026-06-07T04:16:00+00:00,2,0,0,8900.0,8900.0,17737.7000,2
0x7be2c32e6528957faa98425b9117215c45e437b5,2026-06-16T06:07:28+00:00,2026-06-16T06:07:28+00:00,1,0,0,90.59,0,90.49941,1
0x7be51b25a02253339d026b7f6b836250218030a4,2026-03-28T05:32:21+00:00,2026-03-28T05:39:07+00:00,3,0,0,766.0,766.00,1437.01600,3
0x7bf19c6d0e9eb395237a2f06b7916b48d4dac4af,2026-05-17T07:59:06+00:00,2026-05-17T08:10:11+00:00,2,0,0,6.036216,6.03,11.9877880001772144,2
0x7c09fd8165c26cd29adc478fdacd90d2382aa2e0,2026-06-09T16:43:06+00:00,2026-06-10T12:57:52+00:00,2,0,0,57.54,57.54,114.44706,2
0x7c0b8bb66cd330ce99f6bf8bf5c00e7d05927e55,2026-05-16T17:42:20+00:00,2026-05-16T23:20:31+00:00,2,0,0,89.537166,89.53,177.903233004,2
0x7c1089d36a285e75f6090dff5e5ea7d06f24c293,2026-05-18T17:45:15+00:00,2026-05-20T18:44:44+00:00,2,125.0,125.0,0,0,1.8750,2
0x7c3928be3033855d2d1b47060e89f7398d4366e8,2026-06-07T10:27:36+00:00,2026-06-07T10:27:36+00:00,1,257.5,0,0,0,1.0300,1
0x7c3b31a9e4bdbcc51d8009217863bf4aef083da0,2026-05-20T20:30:36+00:00,2026-05-21T04:36:10+00:00,2,0,0,88.620341,88.62,175.8224180015196471,2
0x7c4a4b8e362806e88735e998ad7ec25b28ab0ac4,2026-05-16T07:04:29+00:00,2026-05-17T05:24:49+00:00,2,0,0,70.4225,70.42,139.9270250,2
0x7c4ac895d496b09addce792ce3849f863ef7b3e8,2026-06-05T16:13:16+00:00,2026-06-13T16:05:34+00:00,2,250.0,250.0,0,0,1.5000,2
0x7c57d6926b4859a71a9900e14862fcac32c8de76,2026-04-16T10:04:22+00:00,2026-04-16T11:55:56+00:00,2,237.41,237.41,0,0,12.10791,2
0x7c5b73e3d80b7ef669e81f988e3fc812ee5def91,2026-06-16T09:46:28+00:00,2026-06-16T09:46:28+00:00,1,0,0,43.423,0,43.379577,1
0x7c637a299eb721f5f5d2198565e2a2e8a44e9da6,2026-05-22T15:11:21+00:00,2026-05-29T05:41:39+00:00,2,0,0,1.008,1.0,1.993936,2
0x7c6612d5c4e6d36a505b24dbfc5364b6db92b30b,2026-04-05T18:35:05+00:00,2026-04-05T18:35:05+00:00,1,263.157893,0,0,0,4.9999989933157959,1
0x7c705c9435cd9621c069fe002d1513482d3630d7,2026-06-13T22:18:27+00:00,2026-06-13T22:18:27+00:00,1,0,0,1.002,0,0.999996,1
0x7c7aefaa52b259aa3707feb29f3058067bf79311,2026-05-31T03:02:47+00:00,2026-05-31T03:20:33+00:00,6,0,0,910.0,910.0,1809.9900,6
0x7c7baa7d73e649f2d341a9517cd5c7cfaf5ef474,2026-03-05T01:13:05+00:00,2026-03-05T01:13:05+00:00,2,500.00,0,0,0,22.476000002468,2
0x7c8793c16929799e2e16b3270ff8d173330f89d3,2026-06-14T16:24:55+00:00,2026-06-14T16:24:55+00:00,1,0,0,2.002,0,1.999998,1
0x7c8ab588288e60560217e0e9657211d01adfddf1,2026-05-11T03:07:46+00:00,2026-05-11T03:07:46+00:00,1,0,0,145.33,0,144.45802,1
0x7c91bc0d0b34cfcc122c13183b36333d7b707e77,2026-05-17T12:20:10+00:00,2026-05-18T01:11:59+00:00,2,0,0,101.4,101.4,201.3804,2
0x7c9e0b03d7505dad7e87777cd282628f75b2db3d,2026-04-29T22:40:36+00:00,2026-05-02T07:31:12+00:00,3,600.0,600.0,0,0,12.3000,3
0x7ca6780cab555651067e9a3f097da7561667424b,2026-05-14T07:47:06+00:00,2026-05-14T12:50:45+00:00,4,0,0,11.077530,11.07,21.9814270001713050,4
0x7cbd58aeb376d74392e73d9b3ad6d269f22178bf,2026-05-17T09:17:02+00:00,2026-05-17T10:12:13+00:00,2,0,0,1295.774646,1295.77,2574.6996079944225354,2
0x7ccb7bf1dfec09b4a5efaa9e0ddcadb3bfa0d86c,2026-06-11T12:35:43+00:00,2026-06-11T12:35:43+00:00,1,0,0,1.034135,0,1.0299980000167520,1
0x7cd03f4bdac5876e1001dbe43380a811d7618920,2026-06-09T09:32:36+00:00,2026-06-14T11:17:18+00:00,4,0,0,21.029,21.02,41.961895,4
0x7cd0b9cf177f7e8257fc8a7fbeb608aa844fbbd7,2026-06-10T10:41:21+00:00,2026-06-10T10:41:21+00:00,1,0,0,1.046166,0,1.0398890000245692,1
0x7cebb71b5ae6a0ae4a01464fd19649e3c5582f63,2026-05-27T20:37:39+00:00,2026-05-28T10:37:05+00:00,2,0,0,56.69,56.69,112.58634,2
0x7cf2d13d72e238ea129667e72242a06d13a092f9,2026-06-03T15:31:36+00:00,2026-06-03T17:47:21+00:00,2,0,0,11.8994,11.89,23.6585630,2
0x7cf6a2149a5b93ff845924c33c5791bb4f3fa80c,2026-03-24T08:10:11+00:00,2026-04-22T14:16:30+00:00,2,344.827585,344.82,0,0,26.2067589989655205,2
0x7cfcb8cfffbf81b753a33b5cf28a58406fa40531,2026-05-13T04:44:00+00:00,2026-05-18T13:14:46+00:00,2,0,0,90.543166,90.54,179.815587004,2
0x7d08e65d4c4f71b7d42639f4d8150dafeedb6964,2026-05-21T08:29:14+00:00,2026-05-21T13:13:23+00:00,2,0,0,220.0,220.0,436.0400,2
0x7d0e46a31475f5b26364379f66dc8645a2c38b9a,2026-05-26T14:07:34+00:00,2026-05-26T14:45:01+00:00,4,0,0,470.0,470.0,933.8900,4
0x7d1297d5659bc6e4c5bff7d1a15596f2b0a54a9e,2026-03-26T12:54:49+00:00,2026-03-30T17:18:43+00:00,3,368.166422,0,0,0,19.9999980124204370,3
0x7d13e22c6abcf87320ca08c634ca208ce70b033b,2026-05-15T16:51:22+00:00,2026-05-15T16:51:22+00:00,1,142.857142,0,0,0,0.999998994000006,1
0x7d1ae6d715b7772a8ea2a74d3a3c3226c1fb2af3,2026-05-31T12:09:15+00:00,2026-05-31T13:47:01+00:00,2,0,0,38.7134,38.71,76.9975730,2
0x7d1b6caa21153c8d4fb7ca2989ee5db46e1d86d0,2026-06-17T06:30:31+00:00,2026-06-17T06:30:31+00:00,1,500.0,0,0,0,1.0000,1
0x7d219b390dd59f2b4e59b82a22f2b247d9b4f5cf,2026-05-28T21:55:22+00:00,2026-05-28T21:55:22+00:00,1,166.666666,0,0,0,0.999998996000004,1
0x7d266f3a864f3e020f581808c2191c82191f9f5d,2026-05-16T21:25:48+00:00,2026-05-17T10:55:20+00:00,2,0,0,86.2,86.2,171.1932,2
0x7d397f38eb585b4e7a801045f8456f84cdabe10a,2026-05-06T09:15:58+00:00,2026-05-19T06:54:27+00:00,7,0,0,246.197166,231.19,474.231673004,7
0x7d3aa2894fff517dece73fffd3becba00d473a00,2026-06-12T14:26:25+00:00,2026-06-12T14:26:25+00:00,1,0,0,1.003,0,0.999991,1
0x7d5390039ccd271516c39e8b2bb94f2d8b025e64,2026-05-11T15:32:34+00:00,2026-05-12T02:55:48+00:00,2,0,0,103.62,103.62,205.68570,2
0x7d6c6b0f36906798313c3edc9435de3d6c273d42,2026-05-17T23:20:18+00:00,2026-05-28T01:09:44+00:00,4,0,0,194.95,194.95,386.97576,4
0x7d8502ac6b673febeda4aa91f6d575caa60ffa50,2026-06-12T11:56:18+00:00,2026-06-12T11:56:18+00:00,1,0,0,1.003,0,0.999991,1
0x7d97b3e0a05bc17bba0003817cb0230dcde8e2ae,2026-05-27T11:38:35+00:00,2026-05-28T01:11:49+00:00,2,0,0,101.91,101.91,202.39326,2
0x7d9e0e0f73b8846f2e4fd3aecfdf22132c034cec,2026-05-17T12:20:10+00:00,2026-05-17T23:41:34+00:00,2,0,0,83.08,83.08,164.99688,2
0x7daaf5e2319ce5cb015a4ce7dc83503456eb443a,2026-05-30T21:16:17+00:00,2026-06-02T03:59:10+00:00,2,0,0,108.95,108.95,216.59260,2
0x7db8cfe928918e6f7f80a31d98757d97e743ed19,2026-03-14T13:49:45+00:00,2026-05-23T11:36:02+00:00,2,131.25,0,0,0,2.10000,2
0x7dc539056ec9b85bea76259a67d81d92579cd383,2026-05-18T08:53:29+00:00,2026-05-18T19:40:00+00:00,2,0,0,96.676736,96.67,191.8966379972447232,2
0x7dc6724c32977a879965fc948c365c1c26e1c91f,2026-05-13T12:38:22+00:00,2026-05-14T00:47:48+00:00,2,0,0,53.47,53.47,106.08448,2
0x7dc984968bae34a9cb75380e8265b26a9645525e,2026-05-07T22:07:58+00:00,2026-05-27T20:37:39+00:00,10,25.0,25.0,0,0,0.3950,10
0x7dce96e76b248b2220be03e09629f899ee884682,2026-06-07T23:05:33+00:00,2026-06-07T23:05:33+00:00,1,624.0,0,0,0,1.8720,1
0x7dcf235766e6b09c8869468a75d5495cf171a7bd,2026-05-11T16:16:09+00:00,2026-05-21T12:28:58+00:00,3,0,33.08,60.0,0,59.66156,3
0x7de10121ce97a268c22b9122a63b9ffabab68901,2026-05-22T18:32:59+00:00,2026-05-22T18:32:59+00:00,1,500.0,0,0,0,5.000,1
0x7de2e74029c5be724c615226a388e73cec1acd3f,2026-06-17T15:46:38+00:00,2026-06-17T15:46:38+00:00,1,101.0,0,0,0,0.1010,1
0x7dfa8be2cab0eb1fe763a5d6c77e25250f093c4b,2026-05-18T19:55:38+00:00,2026-05-18T19:55:38+00:00,1,125.0,0,0,0,1.0000,1
0x7e13d3571817777fae146c234e973bb8a21a624f,2026-06-01T00:40:09+00:00,2026-06-01T07:28:37+00:00,2,0,0,10.0,10.0,19.8900,2
0x7e1da72126f2493e076d195f5551b83fa0ce2520,2026-05-25T02:48:31+00:00,2026-05-25T20:38:00+00:00,84,6199.981570,6199.959998,0,0,86.7995859915510958,84
0x7e2a2fe4162dac81e1caa084e3a74f350736d881,2026-03-06T18:10:05+00:00,2026-03-06T22:59:09+00:00,5,81.64,81.64,0,0,9.759160000460,5
0x7e2c908440f4dc39553c89e0762af11ba4b2b477,2026-05-27T13:11:17+00:00,2026-05-28T01:41:23+00:00,2,0,0,98.89,98.89,196.39554,2
0x7e33e70d7b128fca9aeb6be78e03cf99e12e2ee0,2026-05-16T16:49:04+00:00,2026-05-25T20:01:50+00:00,2,428.571427,0,0,0,2.9999979890000085,2
0x7e3558cf1a7656da27122834bf25f87df9697153,2026-06-05T00:29:03+00:00,2026-06-05T00:29:09+00:00,2,0,0,5.085,5.08,10.129425,2
0x7e3d34a723874fa1137691e14a762752907c41d8,2026-06-09T06:03:55+00:00,2026-06-09T06:03:55+00:00,1,0,0,1.172,0,1.169656,1
0x7e5097b57a4cbdfed9e6cbde27dfa564ff43cde3,2026-04-09T08:19:57+00:00,2026-04-13T02:03:49+00:00,2,1000.0,1000.0,0,0,50.000,2
0x7e549a7d7c222c2e90f58cfb8a482e36d4de2ec7,2026-05-13T07:18:31+00:00,2026-05-13T07:33:05+00:00,3,1410.0,1410.00,0,0,19.74000,3
0x7e5d3ac87933bb8c5db18503d12a4a73dc683cf8,2026-04-30T10:52:18+00:00,2026-04-30T10:52:18+00:00,1,0,0,1.01317,0,0.999998000031351,1
0x7e5e013039978073e71c02c82556c937b53a23e2,2026-05-26T21:18:17+00:00,2026-05-26T21:18:17+00:00,1,0,0,8.2595,0,8.2099430,1
0x7e5e420a5cde8a322f3b5b93a12a164827f47315,2026-05-19T10:14:56+00:00,2026-05-19T18:37:41+00:00,44,24999.916707,0,0,0,174.9994170020911095,44
0x7e6573864ba03e62f5d9f8df134630494b095624,2026-06-13T22:28:42+00:00,2026-06-13T22:28:42+00:00,1,0,0,1.002,0,0.999996,1
0x7e67dc3def586cb6d2d095afffc7ddfb182c0dd0,2026-06-12T14:36:45+00:00,2026-06-12T14:36:45+00:00,1,0,0,1.063,0,1.059811,1
0x7e6d291542194ea4d10a20fc17a2aa8c2b52e408,2026-06-08T13:14:18+00:00,2026-06-10T12:38:00+00:00,28,19999.9245,19999.92,0,0,159.9993690,28
0x7e76c964e9e8e39d288f214c25fb94d6c32db5cb,2026-04-17T07:03:46+00:00,2026-04-20T01:09:24+00:00,2,1015.0,1015.0,0,0,40.6000,2
0x7e80049eb08ac45b6ddadd8d069db6fd94ba631b,2026-03-23T10:35:47+00:00,2026-03-23T11:01:43+00:00,5,0,0,200.0,200.0,371.6350,5
0x7e847c9bcf61a5a5fce564260b19ec096101d064,2026-01-29T17:29:42+00:00,2026-04-03T12:41:03+00:00,5,0,0,100.15,5.72,102.82019,5
0x7e916e6c317bd017ff594ec858a734788095e8d0,2026-05-26T12:06:04+00:00,2026-05-26T12:06:04+00:00,1,0,0,22.7565,0,22.6199610,1
0x7e96a138ad7631b0a8c46895b706406c4c8a82bc,2026-06-05T09:19:09+00:00,2026-06-07T02:18:21+00:00,2,0,0,7.021,7.02,13.991857,2
0x7ea0b4260204814866ef03215ea16664240bb654,2026-05-27T16:28:00+00:00,2026-05-27T16:28:00+00:00,1,142.857142,0,0,0,0.999998994000006,1
0x7ea46aa581afd9596ff022aa11f38993a45d7dc1,2026-05-03T09:04:42+00:00,2026-05-03T19:19:50+00:00,2,0,0,59.27,59.27,117.35460,2
0x7eb78972adc2b660f3459b0764574845e9424782,2026-05-29T13:34:35+00:00,2026-05-29T13:34:35+00:00,1,0,0,2.9044,0,2.8898780,1
0x7ebd5ef5daf23bc894e9b76d7d456627f52a6689,2026-06-15T22:58:12+00:00,2026-06-15T22:58:12+00:00,1,0,0,34.004,0,33.969996,1
0x7edc6f32eef241825f1766933ff0d5d4573a29cb,2026-06-11T08:19:40+00:00,2026-06-11T08:19:40+00:00,1,2500.0,0,0,0,10.0000,1
0x7ee3651acc35c6fb7d15cf8aa1553458c8e7cbb1,2026-06-14T20:29:06+00:00,2026-06-14T20:36:13+00:00,2,50000.0,0,0,0,100.0000,2
0x7ee6cde928eb1848aaa5413e586f8c08b5ca5f16,2026-06-16T11:44:21+00:00,2026-06-16T23:00:04+00:00,2,0,0,54.7,54.7,109.1812,2
0x7eed0c597b3a251c8c74f076f85cacbc2a1bcb07,2026-06-13T10:16:01+00:00,2026-06-13T10:16:01+00:00,1,0,0,24.098,0,24.049804,1
0x7efcba902f54fff80d0a57fd216212531d0ddf09,2026-04-01T10:26:39+00:00,2026-04-01T15:30:55+00:00,2,0,0,38.17,38.17,73.89712,2
0x7f02fbf5fc3d9bf4315d05d360d549999bb48a11,2026-05-13T04:21:13+00:00,2026-05-13T04:29:37+00:00,3,1400.0,1400.00,0,0,19.60000,3
0x7f08cb82ad749a0bf769dc9cc18a032dc5ce2b7b,2026-06-05T14:28:52+00:00,2026-06-05T14:28:52+00:00,1,0,0,5.516333,0,5.4997839998967334,1
0x7f0b8e5ccb97ec97e58aa61e38505464e1135886,2026-05-29T01:02:51+00:00,2026-05-29T01:02:51+00:00,1,213.333333,0,0,0,1.2799989953333349,1
0x7f1772fa5f61c8fecb0fb9a60075558e52f353c5,2026-05-16T18:03:41+00:00,2026-05-17T07:49:51+00:00,2,0,0,110.37,110.37,219.19482,2
0x7f1862d1d4038c6737fa27a1fae88fb57d6aa278,2026-05-30T04:49:08+00:00,2026-05-30T10:49:33+00:00,2,0,0,40.814,40.81,81.175070,2
0x7f2c2cd3b1e0796c1f3101fe2bd990b2cfd7df48,2026-05-17T12:20:10+00:00,2026-05-17T23:49:49+00:00,2,0,0,109.76,109.76,217.98336,2
0x7f2eb019dbe8755c482f3d1a250dfee0e54b6ec0,2026-04-29T21:43:22+00:00,2026-04-29T21:43:22+00:00,1,588.235294,0,0,0,9.9999989980000002,1
0x7f334b1b90f493088b52a7611f75864c6f23914e,2026-06-16T09:22:25+00:00,2026-06-16T09:22:25+00:00,1,3529.0,0,0,0,7.0580,1
0x7f5ff000efcf54713e6665d1f30da9acd82f91ae,2026-06-15T01:13:55+00:00,2026-06-15T01:13:55+00:00,1,0,0,10.49,0,10.47951,1
0x7f6a3014bcccba291a64c76143e4e8521fa19b8e,2026-05-30T21:16:17+00:00,2026-05-31T08:52:17+00:00,2,0,0,57.44,57.44,114.19072,2
0x7f919c3813d923fe6a5b8b8a72cfe0293adb47d3,2026-05-18T09:03:22+00:00,2026-05-19T04:59:09+00:00,2,0,0,46.324268,46.32,91.9494379989244764,2
0x7f962fd238abd107d831ff7bb00115daf5a77ca8,2026-06-04T13:26:28+00:00,2026-06-10T06:47:24+00:00,2,0,0,26.10425,26.1,51.89103300,2
0x7fa9c24c8f126441370dacc73cfc6b127351917f,2026-06-12T03:25:54+00:00,2026-06-16T17:07:08+00:00,2,13307.5,0,0,0,35.2400,2
0x7fb6dbae986fe7b71c5004a0c80daecabd855407,2026-04-30T02:36:10+00:00,2026-05-12T15:55:06+00:00,2,0,0,1.012083,1.01,2.003877999951668,2
0x7fb88b43368893a1cab43e0d05af8bd70a0acc24,2026-04-29T18:30:04+00:00,2026-06-17T05:13:20+00:00,65,0,0,2238.74,2238.731456,4433.1380779996599968,62
0x7fc41934c6c9026535c94dd7ed103d484f68b202,2026-05-14T07:23:49+00:00,2026-05-15T02:22:01+00:00,4,0,0,18.126885,18.12,35.9750360001662979,4
0x7fcd9b20411b4484be86c22aaa0c7ea991cea8e9,2026-05-13T05:31:43+00:00,2026-05-13T05:37:29+00:00,3,1380.0,1380.00,0,0,19.32000,3
0x7fd28eb8184cdb2381b4b1abd5461583f92092dd,2026-05-26T10:50:26+00:00,2026-05-26T10:50:26+00:00,1,0,0,13.1085,0,13.0298490,1
0x7fd3fe6580b5b944e32701fdbba0c0ef4991e662,2026-04-27T12:19:20+00:00,2026-04-27T12:21:28+00:00,15,4999.986874,0,0,0,79.9997899942012124,14
0x7fe7bfaf5f92f588896a3db1a3671d7463546234,2026-04-01T08:19:29+00:00,2026-04-01T13:52:09+00:00,2,0,0,29.31,29.31,56.71485,2
0x7ff03f7d6a7a8726172ccfe2879602b23bf8e7e9,2026-05-13T04:21:15+00:00,2026-05-13T04:34:29+00:00,5,1410.0,1410.00,0,0,19.74000,5
0x7ffdc2e374032f7679e4bd253cd32020dade28e3,2026-06-08T19:29:12+00:00,2026-06-09T19:00:30+00:00,2,0,0,19.038,19.03,37.915744,2
0x7ffe66196e12e4b24ed94718acd59ac382d0cd91,2026-05-02T02:27:08+00:00,2026-05-02T04:27:28+00:00,2,0,0,95.669571,95.66,189.894604003,2
0x7fff9f41d4c3b2c2cd95f10db3cbbf6c965bd834,2026-05-30T11:56:48+00:00,2026-05-30T13:00:20+00:00,2,0,0,12.6532,12.65,25.1640340,2
0x80046e7909d0e9fbf79334ae3142e573c04d35e6,2026-05-18T03:34:35+00:00,2026-05-22T08:57:54+00:00,481,0,119236.19,0,119236.349413,119322.4664181049005983,481
0x80051cae53e8cba9b34a276819d725dffe493c06,2026-05-27T02:19:15+00:00,2026-05-27T02:19:15+00:00,1,714.285714,0,0,0,4.9999989980000004,1
0x8012e29353e77cfd38b05614075eddb2aed47f5c,2026-05-14T01:43:55+00:00,2026-05-14T01:46:13+00:00,2,0,0,150.2015,150.2,297.8480880,2
0x8014679752392c08eb09e5dc4189a3c5adea57c8,2026-04-30T00:21:46+00:00,2026-05-05T07:44:56+00:00,43,0,0,1145.80,1145.80,2264.13284,38
0x801b7028bb2ecfe60c1b2311da2f22392e4f58bd,2026-06-11T04:59:49+00:00,2026-06-15T11:20:27+00:00,2,0,0,200.0,200.0,399.0000,2
0x80302a5a0f7806838ea65b39d91071e63cb67b74,2026-02-15T09:44:57+00:00,2026-03-02T12:58:21+00:00,52,2929.249636,2929.116179,0,0,96.9114850010740913,52
0x8033103df0250fbe19a91f40b9afb1f805bb4795,2026-06-16T03:19:12+00:00,2026-06-16T03:19:12+00:00,1,10000.0,0,0,0,20.0000,1
0x8036eb7bf4d10ca9356988d92aa105c8c07217f5,2026-05-31T09:22:23+00:00,2026-05-31T10:13:43+00:00,2,0,0,11.437,11.43,22.741235,2
0x8038f710d8317f0b8b2d2c0348c1486de146b39c,2026-06-17T11:32:07+00:00,2026-06-17T11:32:07+00:00,1,5000.0,0,0,0,5.0000,1
0x804405ed1c33803bc6277cda6ef9e87b7735b768,2026-03-18T06:24:21+00:00,2026-03-18T08:27:05+00:00,2,700.0,700.0,0,0,59.5000,2
0x80579ed6b9ba96891f37e6eeca6831933087774a,2026-05-30T11:39:34+00:00,2026-05-30T12:22:48+00:00,2,0,0,10.9948,10.99,21.8638860,2
0x805976ac8ba0e04a1775b18a88bed325855bf910,2026-05-13T07:18:28+00:00,2026-05-13T07:29:50+00:00,3,1420.0,1420.00,0,0,19.88000,3
0x80755f2d9681700265848699d24aed59fc9162df,2026-03-19T00:54:01+00:00,2026-03-24T08:05:15+00:00,8,0,0,40.25,40.246886,76.8833480006215526,8
0x807e72653f10c81bf1036e61c9bcc56bde0b4891,2026-04-19T17:59:52+00:00,2026-05-30T08:07:54+00:00,2,0,0,135.94,135.94,268.07368,2
0x807f3b413e8978d36a2202bef65cd274290cc22c,2026-05-12T18:23:39+00:00,2026-05-12T18:23:39+00:00,1,166.666666,0,0,0,0.999998996000004,1
0x8080660c5732fdab1838a6906833a219f5660b2c,2026-04-22T03:47:34+00:00,2026-04-22T03:47:34+00:00,1,55.555554,0,0,0,0.9999989997778050,1
0x809205fb1c91f746b9703ca412c4fdd0435db8a2,2026-03-13T01:24:15+00:00,2026-04-24T08:01:12+00:00,3,0,0,116.5,0,111.5590,3
0x809f39a3124b52e17a321054bb2d16ad114f6149,2026-06-17T15:38:49+00:00,2026-06-17T15:38:49+00:00,1,20000.0,0,0,0,20.0000,1
0x80a4552cdcde3b861b8adc146ab1fbd4711022cc,2026-05-13T12:32:56+00:00,2026-05-20T20:52:09+00:00,7,10000.0,1799.988888,0,0,86.1998980540397792,7
0x80a6d2fa4060527fff51a04a552a23bee80a590b,2026-06-15T01:20:22+00:00,2026-06-15T01:20:22+00:00,1,0,0,9.539,0,9.529461,1
0x80ab0b18b5fcc47d16b5125063e05185af8dd51e,2026-05-05T09:23:10+00:00,2026-05-05T09:23:10+00:00,1,0,0,3.138222,0,3.1099780001170668,1
0x80b31c644af8a762f5a840e8cf6117b773475523,2026-04-26T13:36:28+00:00,2026-04-26T13:36:28+00:00,1,62.5,0,0,0,1.0000,1
0x80b9d0ca63fe0bd0a337ea404f1cc212d7370863,2026-02-10T22:58:37+00:00,2026-02-12T12:54:29+00:00,2,125.0,125.0,0,0,5.7500,2
0x80c0f92a04e1f0fc1a2d04562f883a82d71852d5,2026-04-03T09:52:25+00:00,2026-05-11T04:09:50+00:00,2,0,0,6.611569,6.61,12.9637279999340338,2
0x80e6be5ed6c874c96eaf1d51e14b47549f4ec9a2,2026-05-26T11:15:29+00:00,2026-05-26T11:15:29+00:00,1,0,0,10.221166,0,10.1598389999115336,1
0x810059dd708fe23a63d65fe93bba96b88e76a0fa,2026-05-28T21:30:57+00:00,2026-05-29T09:08:26+00:00,2,0,0,110.86,110.86,220.38968,2
0x8105c978ff6345bddb4d187f01de7868be77f7b1,2026-05-19T04:10:05+00:00,2026-05-19T04:10:58+00:00,2,250.0,0,0,0,2.0000,2
0x81274dbfea1e681a2508f87aea432a6d3446f223,2026-05-17T12:20:10+00:00,2026-05-17T23:51:25+00:00,2,0,0,81.47,81.47,161.79942,2
0x812e0dcf613632706ed16b5bd6f5b14ca85de5e0,2026-06-03T07:24:01+00:00,2026-06-03T09:22:21+00:00,2,0,0,10.0502,10.05,19.9896490,2
0x814fab2ab63442f9fce056d361f3ce3b853dddaa,2026-06-13T09:18:51+00:00,2026-06-13T09:18:51+00:00,1,0,0,2.004,0,1.999992,1
0x8163cb41972f21598b39250ba43044913806d807,2026-05-28T21:30:57+00:00,2026-05-29T11:12:45+00:00,2,0,0,118.41,118.41,235.39908,2
0x819086f732d6033b99aa5100d65ee9b9806107b8,2026-05-22T05:59:19+00:00,2026-05-22T05:59:19+00:00,1,0,0,15.146315,0,15.0099979999051665,1
0x81ba4fc8d96ce2dda0009620bb36cac0149bed2a,2026-05-24T17:38:33+00:00,2026-05-24T17:38:33+00:00,1,0,0,1.84475,0,1.82999200,1
0x81bacfd1af414ff7d5ed5f9a8492d23f6096a1e4,2026-05-28T09:44:09+00:00,2026-06-02T12:19:31+00:00,2,8809.523808,0,0,0,59.9999982757142862,2
0x81c6403b37d3841485254a67eff3de7f9f825bb9,2026-06-12T18:22:54+00:00,2026-06-12T18:22:54+00:00,1,0,0,1.3025,0,1.2998950,1
0x81d166b81afb261d1748e44022f01353f37915de,2026-04-13T04:22:49+00:00,2026-04-13T04:22:49+00:00,1,322.580644,0,0,0,9.9999999962580644,1
0x81db957ac51bd414af3a530be8fa8affc90dac3d,2026-05-21T16:08:12+00:00,2026-05-21T16:08:12+00:00,1,1578.637272,0,0,0,17.3100000083012520,1
0x81e0d0c6817669629a58ea8b08d2eb1b93492c3b,2026-03-20T17:36:25+00:00,2026-06-17T17:38:52+00:00,17,5683.52,5683.515,0,0,189.647440,16
0x81e4b9ae038c7f42816c5ec7a21223dc07c64d88,2026-05-25T06:56:44+00:00,2026-05-30T21:18:51+00:00,2,0,0,48.338285,48.33,96.0399370001661715,2
0x81ef9103fe04fc96476d101700b2cb8d25b30793,2026-03-24T08:59:45+00:00,2026-04-02T12:14:35+00:00,2,0,0,239.98,239.98,458.84176,2
0x81f06a45509d0daad35ef6587bcad9652a3971ed,2026-03-04T12:44:07+00:00,2026-03-09T19:33:21+00:00,8,4424.648443,4424.64,0,0,412.1121560987168078,8
0x81f7332696009bb9199c8de37cad3a3a61402ee7,2026-06-16T06:58:34+00:00,2026-06-16T06:58:34+00:00,1,2500.0,0,0,0,5.0000,1
0x820e695ca914ca37e94035f5cc2fd8b3de45d577,2026-05-31T08:16:11+00:00,2026-05-31T21:08:15+00:00,2,0,0,81.18,81.18,161.38584,2
0x82200ebc96d428946fbb327fbd1767d78fd192a5,2026-05-14T17:24:29+00:00,2026-06-09T12:10:22+00:00,147,0,0,268.271833,268.25,533.2204200018036065,147
0x82241741e165d526928d264ed7614e9b5474bea8,2026-05-02T00:49:38+00:00,2026-05-02T00:49:38+00:00,1,0,0,1378.650428,0,1368.999875004,1
0x8226a785f28c2eb991a4f83021df8136f6fda622,2026-03-28T05:29:11+00:00,2026-03-28T05:36:59+00:00,3,0,0,897.0,897.00,1682.77200,3
0x82387baa91bb5d29c59753ae8c9b871c83b9ee5e,2026-06-17T14:03:40+00:00,2026-06-17T14:03:40+00:00,1,0,0,51.4,0,51.2972,1
0x823cd4b02188a4e5404fbfc9ea2e4b5e446c86b7,2026-05-20T05:17:32+00:00,2026-05-20T18:51:51+00:00,2,0,0,159.113714,159.11,315.837038002,2
0x82447f04da06885d85f8d29ee13b32c1bae4d688,2026-06-12T06:08:51+00:00,2026-06-12T06:08:51+00:00,1,0,0,69.0,0,68.7930,1
0x825084a5693c839421f5f4f8d54ab536a24fe3d1,2026-05-13T04:26:14+00:00,2026-05-13T04:40:11+00:00,3,1390.0,1390.00,0,0,19.46000,3
0x8271059af7cd57bcfb7d9bf14b978e4674d9061c,2026-02-01T13:47:16+00:00,2026-02-01T13:55:56+00:00,6,80.0,80.0,0,0,6.780700000,6
0x828cfff6febbd525e19c8914bbeb1cd0fe7f675e,2026-06-17T07:58:56+00:00,2026-06-17T07:58:56+00:00,1,2500.0,0,0,0,5.0000,1
0x8294cdfcfab1b61ffd4cbf8d986cdbc0a59c7dbf,2026-05-17T08:48:29+00:00,2026-05-18T12:13:39+00:00,2,0,0,170.020119,170.02,337.6598379969657977,2
0x829b3932ed81a0bc1aa4481479b388181ed50545,2026-05-08T06:19:37+00:00,2026-06-11T07:58:49+00:00,4,0,0,28.348490,13.92,42.0057830004510330,4
0x829c6e901cae1e65b238db1a52b0126274315d77,2026-06-09T18:14:04+00:00,2026-06-09T18:14:04+00:00,1,164.584284,0,0,0,1.0000000047108612,1
0x82a724e855422970bc05ac99c137d87aa40afb74,2026-05-16T08:29:27+00:00,2026-05-16T08:41:00+00:00,2,0,0,9.054166,9.05,17.9864910003783336,2
0x82be40ed590e1e42c9a6356c773f06349f744877,2026-03-28T05:13:53+00:00,2026-03-28T05:16:59+00:00,2,0,0,1094.58,1094.58,2053.43208,2
0x82cb4550239193217dbe63a6f5b855b3809d1b40,2026-06-08T06:51:09+00:00,2026-06-09T15:32:54+00:00,3,866.666666,0,0,0,2.999997998000002,3
0x82d531991e21f694f76269b377ab08e7afaafab8,2026-04-02T15:03:23+00:00,2026-04-02T15:33:05+00:00,2,0,0,7.2,7.2,13.968,2
0x82f4b3a99a8992ca5c17a4c5b7fc6ec05dbbbc85,2026-06-07T15:32:55+00:00,2026-06-07T15:32:55+00:00,1,0,0,1.012,0,1.009976,1
0x8309f81d4e5aed0bfbd7e609a79e83bf9fbec08c,2026-06-14T11:50:00+00:00,2026-06-14T11:50:00+00:00,1,1000.0,0,0,0,2.0000,1
0x831583b1bb99ca9c1433e11bc1fbe5b9887791f8,2026-05-27T20:37:39+00:00,2026-05-28T07:49:33+00:00,2,0,0,82.67,82.67,164.18262,2
0x832bbb891caf3a24c7d1915d9f6369c4949b5c91,2026-04-01T08:15:05+00:00,2026-06-03T01:46:53+00:00,34,0,0,5356.965481,5356.957346,10556.1761170044035387,33
0x832bd1aa9ad82810d14eea9bd56238b8ec6a86ee,2026-04-09T17:36:51+00:00,2026-06-02T16:34:42+00:00,4,1971.014492,1971.01,0,0,29.8984489940000004,4
0x833072bf83277353fe5bcaae36cc68c68c879f54,2026-05-26T19:48:08+00:00,2026-05-26T19:48:08+00:00,1,0,0,21.881166,0,21.7498789996237668,1
0x834416dc88bfd21c204e039e2893d877032fd51e,2026-05-24T17:10:46+00:00,2026-05-25T13:26:29+00:00,2,0,0,54.435375,54.43,108.048882000,2
0x835a4da39315714bce0fc9c85076456017408b6b,2026-06-17T15:04:53+00:00,2026-06-17T15:04:53+00:00,1,3000.0,0,0,0,3.0000,1
0x836dcb5eef448dbffa12e2254f3d62c029e5af5d,2026-01-28T13:09:05+00:00,2026-03-02T08:57:19+00:00,79,9592.334744,0,0,0,185.5490919844717733,78
0x837827217f0be7880a3f1e0551cb074838c51573,2026-05-15T07:18:19+00:00,2026-05-15T07:30:13+00:00,2,0,0,9.054166,9.05,17.9864910003783336,2
0x8388f09785fad6b1cb313067ffb00a07cc6daa40,2026-05-03T09:04:42+00:00,2026-05-03T22:42:52+00:00,2,0,0,129.93,129.93,257.26140,2
0x8396bbbd91891e70ed114a3a81b3817ab17d543f,2026-05-08T12:30:57+00:00,2026-05-08T12:30:57+00:00,1,1000.0,0,0,0,9.0000,1
0x83ccb3a48c37fa7fed4f1907903eeab8be88cc06,2026-05-19T10:52:21+00:00,2026-05-19T21:13:45+00:00,2,0,0,106.747142,106.74,211.8859919953252858,2
0x83d12f951280b2de9d9df77445a82cd80d692a3d,2026-05-14T09:19:16+00:00,2026-05-14T09:22:49+00:00,3,1190.0,1190.00,0,0,19.04000,3
0x83e8723ff456f79445192be823761a4d67517b89,2026-04-07T14:18:19+00:00,2026-04-07T14:19:43+00:00,6,300.0,300.0,0,0,9.9000,6
0x83ee254a7138f3a5d8c883c0223cce81499f3bfd,2026-05-28T21:30:57+00:00,2026-05-29T09:37:42+00:00,2,0,0,89.73,89.73,178.38324,2
0x83f95470fd3bb1a4100fbf2173a1aab729d76a45,2026-05-03T08:39:26+00:00,2026-05-03T10:39:50+00:00,2,0,0,971.5,971.5,1924.5415,2
0x8404bab8e71914ddef3f63827c3a5460d544ea03,2026-05-23T10:38:52+00:00,2026-05-23T10:38:52+00:00,1,90.909089,0,0,0,0.9999989971818388,1
0x8410fb7dfd39d72c6d0da9676b206e30f9b346bb,2026-05-03T00:47:06+00:00,2026-05-03T00:47:14+00:00,2,0,0,3021.148,3021.14,5996.970844,2
0x8413984a0fc61964d18bf53be3b1a21785143462,2026-06-13T12:30:54+00:00,2026-06-13T14:09:24+00:00,2,0,0,113.226,113.22,225.879888,2
0x8415fce8a1cc59c98b120796a496c86bdaaaefbc,2026-06-11T15:03:43+00:00,2026-06-11T15:03:43+00:00,1,24000.0,0,0,0,120.0000,1
0x8416eb808c641cf8c08d8b21ec1eba33698a051c,2026-05-14T03:11:47+00:00,2026-05-15T07:03:11+00:00,4,0,0,14.091451,14.09,27.9841829998402009,4
0x841c4aa6a69055a484b40cfe065da9785e72b20d,2026-04-01T21:03:15+00:00,2026-04-16T06:21:34+00:00,6,0,120.11,0,0,2.20560,6
0x841cd8890ed94213efc59add788176072f4505f6,2026-05-12T08:39:44+00:00,2026-05-13T04:18:02+00:00,2,0,0,52.41,52.41,104.03385,2
0x84231cc1fcec02d5091c9e93a522401a2f2b20d4,2026-06-05T02:06:33+00:00,2026-06-05T02:06:51+00:00,4,0,0,10.190,10.19,20.308670,4
0x842a77f0eacf5c15c4be48bbe140cbcba1daaa75,2026-06-15T21:53:57+00:00,2026-06-15T21:53:57+00:00,1,0,0,61.0,0,60.9390,1
0x842de983b59ec62cae224c7aaca2c7b5eb41c8ea,2026-05-27T13:11:17+00:00,2026-05-28T00:55:02+00:00,2,0,0,112.68,112.68,223.78248,2
0x843cdf416cd9f2b96d48b0b1e91d8040658654a1,2026-06-08T09:40:27+00:00,2026-06-08T09:40:27+00:00,1,333.333333,0,0,0,0.999998999000001,1
0x8459c0787b2ad6a0ee22ca612eb99188e8a127f1,2026-05-20T06:27:53+00:00,2026-05-20T06:41:15+00:00,4,0,0,66.465142,66.46,131.9282059993534858,4
0x84734e03dfce882ed62d2fbbb8514920ef3fc2b0,2026-06-16T18:28:19+00:00,2026-06-16T22:22:08+00:00,3,44000.0,25000.0,0,0,88.0000,3
0x847a81cd10a88e93a874ce63a3704df8b45d3382,2026-05-04T19:02:20+00:00,2026-05-05T07:44:56+00:00,2,0,0,10.0,10.0,19.7900,2
0x84a6e88aef2944e04ff861c8d123dddc955ca1f9,2026-05-28T16:49:03+00:00,2026-05-28T16:49:03+00:00,1,0,0,3.819,0,3.799905,1
0x84a8a7a4ac6317d52085054e66c182c0b4e38390,2026-06-07T13:34:27+00:00,2026-06-07T19:39:06+00:00,2,0,0,15.03,15.03,29.98485,2
0x84c488f7cc0aa0d6483d7ad9c58305a39fa2ea8a,2026-06-17T05:50:10+00:00,2026-06-17T17:20:53+00:00,2,0,0,49.19,49.19,98.23243,2
0x84c825c5b174d45d7daf0fc405f252c804fe3ee8,2026-06-15T04:16:12+00:00,2026-06-16T17:28:08+00:00,3,5000.0,0,0,0,10.0000,3
0x84cea74230950604dadfd59f7908916034e8f117,2026-06-09T19:52:31+00:00,2026-06-09T19:52:31+00:00,1,0,0,1.0552,0,1.0499240,1
0x84da415bee9cba1c75c729ea9d27dc2700443bc2,2026-05-26T19:46:47+00:00,2026-05-26T19:46:47+00:00,1,0,0,19.6075,0,19.4898550,1
0x84f2f3fb6d0b90138093963cb7e7ba7d5e0ca4ce,2026-04-02T07:08:57+00:00,2026-04-02T07:08:57+00:00,1,93.75,0,0,0,3.00000,1
0x8508f4b41f9c6d636043b2c058acaac79ea99fda,2026-04-29T19:50:28+00:00,2026-05-06T17:43:35+00:00,2,294.117647,294.11,0,0,7.3528789990000002,2
0x851281eee06e684ca9a237030fcef0c26c63a3d2,2026-05-07T21:11:02+00:00,2026-05-31T09:29:58+00:00,364,0,86797.659514,29505.619084,37.04,29933.1854231150937007,320
0x852892b8b0cf062d219d16569d896fde002679df,2026-06-02T18:45:17+00:00,2026-06-02T18:45:17+00:00,1,166.666666,0,0,0,0.999998996000004,1
0x8538331b8559457459e7c257193d4bbec593ee29,2026-03-18T12:38:39+00:00,2026-03-19T13:58:07+00:00,26,0,0,1475.806981,0,1425.7031350031699203,26
0x85553be654d475196252277d302c50efbd9ea823,2026-06-02T12:21:14+00:00,2026-06-02T15:07:36+00:00,2,0,0,11.0752,11.07,22.0234040,2
0x8575467a6743c81ef0a8d06acc76e99b454a87fe,2026-01-31T12:34:36+00:00,2026-05-13T18:53:02+00:00,96,0,0,13937.954947,0,13476.8040790201343357,94
0x857f94f56ada2c5d179951b2eac3c774f97d297b,2026-05-13T04:40:16+00:00,2026-05-13T18:55:31+00:00,2,0,0,300.0,300.0,593.7000,2
0x85b0e99181c9d387149f75235a5e4b394c984436,2026-05-11T17:09:40+00:00,2026-05-11T18:25:41+00:00,2,0,0,53.272857,53.27,105.743787001,2
0x85c74399678857d288839278c12dade2a5ba2cc3,2026-05-16T18:03:41+00:00,2026-05-17T07:45:57+00:00,2,0,0,98.99,98.99,196.59414,2
0x85e6817f8d6fa197620a9fe32df299480bc5415b,2026-05-23T14:57:15+00:00,2026-05-23T14:57:15+00:00,1,83.333333,0,0,0,0.999998996000004,1
0x85ebae47bb192e46d748db54acc46ed9f3d7d068,2026-05-11T05:43:42+00:00,2026-05-11T05:43:42+00:00,1,7142.857142,0,0,0,49.9999992797142858,1
0x85ee359b7c596c1ae51ecddb7aa024abd8b64536,2026-02-26T19:04:48+00:00,2026-02-27T01:44:06+00:00,3,0,0,13.79,13.79,27.0284,3
0x85f2b5dac00742d919b01f616d4348fe4b8e4615,2026-05-30T16:43:29+00:00,2026-05-30T19:57:46+00:00,2,0,0,10.0502,10.05,19.9896490,2
0x86019a2d8cfaf7b9906a42b05e604b4f2e477efc,2026-05-31T06:04:19+00:00,2026-05-31T07:18:01+00:00,2,0,0,13.6582,13.65,27.1580090,2
0x8602952c0ce8885501994a33c36f3410ce06a17b,2026-05-11T01:45:56+00:00,2026-05-11T03:35:18+00:00,2,0,0,86.3216,86.32,171.6057520,2
0x86084b33d230f328713f8dd583549ebce4a4978d,2026-06-12T01:25:57+00:00,2026-06-12T16:51:48+00:00,2,7700.0,0,0,0,24.4000,2
0x860fa48e2829066d31d44a713a68bccf28129402,2026-06-16T23:58:05+00:00,2026-06-16T23:58:05+00:00,1,0,0,1.491,0,1.489509,1
0x86265bba67948a6ace2adda0eb2fd63bfeea24c4,2026-03-28T05:23:51+00:00,2026-03-28T05:29:11+00:00,3,0,0,970.0,969.993069,1819.7134979853706241,3
0x862a6d4b08eedb95ff1497a98af3847900288409,2026-05-15T18:07:31+00:00,2026-05-15T18:07:31+00:00,1,9415.714285,0,0,0,65.9099990534285715,1
0x8637dc3775181aa70f0a4c60040ff9fd940297ba,2026-06-03T00:03:31+00:00,2026-06-03T10:46:45+00:00,2,0,0,20.1004,20.1,39.9792980,2
0x863838a656c2922fd3f447fe985e0c4ff67b0773,2026-05-17T12:20:10+00:00,2026-05-18T01:14:49+00:00,2,0,0,51.96,51.96,103.19256,2
0x863e4c12b12bfb8857348a7b7a97b10272d1ba00,2026-05-15T14:56:20+00:00,2026-05-16T18:45:39+00:00,4,0,0,423.541166,423.54,841.575139004,4
0x8643af0496a35334838a6848fd2b1ee0b5e7a9ff,2026-06-07T17:02:01+00:00,2026-06-07T17:02:01+00:00,1,0,0,1.042,0,1.039916,1
0x86538f8f4a2e614f897dbe6460c75c80f8470d6b,2026-05-25T09:43:20+00:00,2026-05-25T09:43:20+00:00,2,100.00,0,0,0,0.70000,2
0x867cc5785e88295ffbec9eca86afb6501ddca6b3,2026-03-08T22:18:03+00:00,2026-03-08T22:28:01+00:00,3,0,0,1462.0,1462.0,2766.1040,3
0x8683f777ad3b19797dd0df409254edbd97bc3206,2026-04-11T17:17:11+00:00,2026-04-11T17:17:11+00:00,1,357.142856,0,0,0,4.999999984,1
0x869e10d3023bef6bab2e270f4262ecc8f77c6e5b,2026-05-30T16:48:18+00:00,2026-05-30T23:45:00+00:00,2,0,0,34.1708,34.17,67.9649260,2
0x86a44c42e9617666ce0b553a2023bc97361c7f8e,2026-06-14T07:47:30+00:00,2026-06-16T18:25:20+00:00,2,0,0,100.0,100.0,199.7000,2
0x86aed6d61de814b3c7bd5e93af4c509844de1b7c,2026-02-28T15:51:35+00:00,2026-04-15T20:41:14+00:00,6,0,0,35.60,35.60,69.90969,6
0x86b978ab938fc2e439e12d89d6d9707b27da7cf9,2026-04-28T02:43:24+00:00,2026-04-28T03:40:06+00:00,2,0,0,239.350857,239.35,471.759695002,2
0x86c358c308e0c6a2ae603f37119caf5e333a94f7,2026-06-10T09:05:09+00:00,2026-06-10T14:31:30+00:00,2,1428.571428,1428.57,0,0,12.9571390388570004,2
0x86d5f7efd388e4edb1b94f5ecd287a1ea17db574,2026-04-03T09:50:33+00:00,2026-04-23T08:37:10+00:00,2,0,0,156.15,156.15,304.64865,2
0x86d7d101d1ca08b6e312cbed6b07b9899ad6d57f,2026-05-19T07:56:11+00:00,2026-05-19T07:56:11+00:00,1,0,0,1.007,0,0.999951,1
0x86d8fd6b372153a018831968f6c07b688b1a9246,2026-06-05T16:17:49+00:00,2026-06-06T04:42:22+00:00,2,0,0,89.55,89.55,178.38360,2
0x86dc0bee6c24f1628b8d61e949c833a1be185588,2026-05-28T02:14:56+00:00,2026-06-03T02:40:01+00:00,2,0,0,56.338,56.33,111.991992,2
0x86e58d4ad109f34d57029df41bb66a62c4d2370f,2026-05-15T05:34:17+00:00,2026-05-15T05:34:17+00:00,1,1250.0,0,0,0,10.0000,1
0x86e8ed9270e55bed330fa0594c860c182ab24c6c,2026-06-05T03:28:15+00:00,2026-06-05T03:30:27+00:00,2,0,0,106.569666,106.56,212.383717002,2
0x86e977c4fad7d4c4dcc10e052f8e147c21e2273f,2026-03-29T12:10:54+00:00,2026-03-29T12:16:18+00:00,3,0,0,1069.0,1069.00,2020.41000,3
0x870ec7a1a3ed19572f191aed4144f178000f47d7,2026-05-31T09:10:12+00:00,2026-05-31T11:32:47+00:00,2,0,0,21.4472,21.44,42.6513240,2
0x87102bddd03e1fd209f072e803e8b82154b6a8b9,2026-05-06T23:28:32+00:00,2026-05-07T07:45:27+00:00,2,0,0,353.178555,353.17,699.638248005,2
0x872cc622d0f3bd3c93a4ad9a09a91586313f6db0,2026-05-16T03:15:54+00:00,2026-05-16T05:15:45+00:00,2,0,0,1617.2,1617.2,3213.3764,2
0x873cdd83eed38612b83c37ded16b93872bb3efe5,2026-03-01T17:14:31+00:00,2026-03-03T23:40:33+00:00,4,56.135554,50.83,0,0,5.2291390003388822,4
0x8740d134390b7321cb5f54981b88bd5b59f79b7b,2026-03-27T07:01:15+00:00,2026-03-30T13:58:45+00:00,2,66.666665,66.66,0,0,7.3329990000000225,2
0x87471fad8757ae909a386c4ecff9e63fa288a47c,2026-06-01T04:35:29+00:00,2026-06-01T04:35:38+00:00,2,0,0,10.0502,10.05,19.9896490,2
0x874fef45bcf3b59c317d82c4889994c941ac6ae3,2026-06-16T07:12:24+00:00,2026-06-16T07:12:24+00:00,1,0,0,85.675,0,85.589325,1
0x875711e38353f67e72954b34032cec2817ead9d2,2026-05-19T01:27:27+00:00,2026-05-19T02:57:42+00:00,2,0,0,526.23,526.23,1044.56655,2
0x87579329a08dfc6482b04d2898eb2fc7e338818f,2026-05-31T09:09:17+00:00,2026-05-31T22:56:26+00:00,2,0,0,108.55,108.55,215.79740,2
0x87650b9f63563f7c456d9bbcceee5f9faf06ed81,2026-02-28T17:44:13+00:00,2026-03-02T05:41:09+00:00,9,499.98275,200.0,0,0,5.99986200,9
0x876e00cbf5c4fe22f4fa263f4cb713650cb758d2,2026-04-22T23:21:00+00:00,2026-04-28T00:03:52+00:00,7,0,0,69.50,50.00,117.61513,7
0x87783ec5dcadc42cd986952f91304a31ddd873fe,2026-01-30T08:33:52+00:00,2026-03-23T04:13:23+00:00,14,1703.660466,1703.66,0,0,172.2813069570244237,14
0x8782bb51e96f71ea4f9624231a4a2f85c207456e,2026-04-14T09:13:53+00:00,2026-06-16T20:30:05+00:00,2,614.294544,0,0,0,5.9999990015082016,2
0x8789d39608c8c7ee161c25bf0a7937b78bf1fd36,2026-06-17T15:56:26+00:00,2026-06-17T15:56:26+00:00,1,24000.0,0,0,0,24.0000,1
0x8794fcd5e59392994b2160517fc8ccf9c9b6fa1b,2026-05-20T20:55:31+00:00,2026-05-22T04:19:00+00:00,4,2193.333331,2193.33,0,0,38.368859979,4
0x879a41ae3089c61702348c1c549a003118553e71,2026-04-23T10:11:38+00:00,2026-04-23T10:11:38+00:00,1,1176.470587,0,0,0,19.999999979,1
0x87ac2da3b23e87e732c6ed89154eea8bc7a18760,2026-05-31T04:29:28+00:00,2026-05-31T11:55:41+00:00,2,0,0,34.1708,34.17,67.9649260,2
0x87b54f7d99cbabbfbb91d482885574decb09df63,2026-03-13T14:50:25+00:00,2026-05-17T14:00:11+00:00,2,569.56125,0,0,0,5.999999994264000,2
0x87c11d3b0e2ece731fa1429ca49af285677741fc,2026-05-16T08:17:54+00:00,2026-05-16T09:18:37+00:00,2,0,0,245.07,245.07,486.95409,2
0x87d8398a2b60df1b749407f282048ae8d8647197,2026-06-16T05:58:52+00:00,2026-06-16T12:28:18+00:00,2,0,0,8610.0,8610.0,17194.1700,2
0x87fe35b1f75eee72027a05b5e7f2d6bbac18875b,2026-03-28T03:07:43+00:00,2026-04-02T03:02:49+00:00,2,0,0,10.8,10.8,20.5740,2
0x880345bf130b1af92889c73109a26f6e76e3a8b9,2026-05-27T13:11:17+00:00,2026-05-28T00:15:08+00:00,2,0,0,117.11,117.11,232.58046,2
0x88110fd8cece46e6d7fffdcf1c39599d37165224,2026-04-29T23:54:50+00:00,2026-04-29T23:55:10+00:00,2,0,0,6.0975,6.09,11.9864100,2
0x8812225c1e9374c5d27f44867fdb5465107323bf,2026-05-03T09:44:14+00:00,2026-05-29T18:30:53+00:00,51,99999.896992,10000.0,0,0,903.8353072251481613,51
0x88196a2933bfd6752fa78a5ff388899b54603c72,2026-06-13T18:03:09+00:00,2026-06-13T18:03:09+00:00,1,0,0,1.002,0,0.999996,1
0x88248d513e2a9bd1109ab45b0071d0bb45b3d7a0,2026-05-16T22:58:53+00:00,2026-05-17T03:07:03+00:00,2,0,0,66.398333,66.39,131.925213002,2
0x882a12402fabf50c0054fe4e31ce500780aa062a,2026-04-14T18:37:46+00:00,2026-04-15T00:23:08+00:00,4,1000.00,0,0,0,30.0000,4
0x884284f780c5ebbd0d00070dae7b88202069c94d,2026-06-12T10:21:28+00:00,2026-06-12T10:21:28+00:00,1,0,0,1.003,0,0.999991,1
0x885148682b1ad2f0e2941ad7d25680c2bd07c594,2026-05-14T09:30:35+00:00,2026-05-14T11:18:00+00:00,9,1200.0,1200.00,0,0,19.20000,9
0x88544e803d405ecc2743978803c2d2fa7049180f,2026-06-17T11:50:56+00:00,2026-06-17T11:50:56+00:00,1,0,0,56.51,0,56.39698,1
0x8884b744dc15fe52acf8f4b11181e2b7021fb663,2026-04-27T12:54:16+00:00,2026-04-27T13:43:22+00:00,2,0,0,22.0,22.0,43.2960,2
0x8891c158f8385fbedde12b1822a2f455d1962cb6,2026-05-13T04:26:07+00:00,2026-05-13T04:34:38+00:00,3,1400.0,1400.00,0,0,19.60000,3
0x8896a030ae4bb9c282fa7f30ae98833b570c26b6,2026-06-13T16:17:43+00:00,2026-06-13T16:17:43+00:00,1,0,0,53.3565,0,53.2497870,1
0x88a84e491563e0093192a0f420ca05e857230ee4,2026-05-26T09:38:58+00:00,2026-05-26T13:50:58+00:00,2,0,0,100.0,100.0,198.7000,2
0x88a9925a9a74b4ad2723d3cda28b0b91ba0dd075,2026-05-26T21:52:37+00:00,2026-06-03T07:15:37+00:00,2,0,0,245.563333,245.56,488.176593002,2
0x88bda757a1af7073ccbf110e848f37827875c088,2026-03-05T00:44:19+00:00,2026-03-12T07:22:25+00:00,2,111.262665,111.26,0,0,10.0066990007009745,2
0x88c4eb8c173ce80bfeac09649fbcc2f0da97deef,2026-05-12T08:09:22+00:00,2026-05-13T04:47:46+00:00,3,0,0,85.78,85.78,170.27330,3
0x88eb3abdf7dd67fc11c684b58998bd11299e3874,2026-03-25T06:31:05+00:00,2026-04-14T04:19:31+00:00,2,98.039214,98.03,0,0,8.3330190022353098,2
0x88f770f4da69211932d7b1d846bb722f4ab6e7ad,2026-06-12T17:23:55+00:00,2026-06-12T17:23:55+00:00,1,1200.0,0,0,0,4.8000,1
0x890aea369a212ca9fa158b60239ff2615e268eb5,2026-05-26T05:41:46+00:00,2026-05-26T05:41:46+00:00,1,0,0,39.507,0,39.269958,1
0x890b4804de4cd90a0f018110602a449cc105ed92,2026-06-09T19:22:58+00:00,2026-06-09T19:22:58+00:00,1,0,0,1.005,0,0.999975,1
0x890b53da309420e9aac62e9cdfc9cbe50ab9f47e,2026-05-30T07:09:50+00:00,2026-05-30T18:41:19+00:00,2,0,0,95.97,95.97,190.78836,2
0x890b7f7c4e3ec260185b25fe0df0bcb426d64813,2026-04-27T05:47:54+00:00,2026-04-27T06:26:56+00:00,2,0,0,28.0,28.0,55.0760,2
0x891dca2895b270a360e6252de3db3e6106f5b19f,2026-03-20T19:26:53+00:00,2026-03-20T23:41:51+00:00,2,64.0,64.0,0,0,6.0800,2
0x892680d6056e648be2fe0eb640f2bae379050aea,2026-06-11T08:14:06+00:00,2026-06-11T08:14:06+00:00,1,0,0,1.033098,0,1.0299979999808268,1
0x893928c1f0d92d9cb0cb0eb9e57eb87aa2c44463,2026-05-31T17:11:37+00:00,2026-05-31T17:30:42+00:00,2,0,0,11.0,11.0,21.8790,2
0x8976422a7b2241185ff2ca7ac272bced393e6ed4,2026-06-17T17:42:25+00:00,2026-06-17T17:42:25+00:00,1,0,0,85.52,0,85.09240,1
0x8980519e4c4dfd503a736d9cbb4755f4d34cc8f7,2026-04-29T18:05:36+00:00,2026-04-29T18:05:36+00:00,1,100.0,0,0,0,2.000,1
0x8997f396530afd67eecf10ebca043375d1d0c26d,2026-05-13T04:21:13+00:00,2026-05-13T04:29:39+00:00,3,1420.0,1420.00,0,0,19.88000,3
0x89cd944aa9cf528142e3557099c6992eb7ce4d7d,2026-06-16T10:05:22+00:00,2026-06-17T11:37:10+00:00,3,32000.0,32000.0,0,0,96.0000,3
0x89db54b6fc13e350f8586461dd0ff8b69921556b,2026-06-14T02:16:42+00:00,2026-06-17T12:28:34+00:00,2,1000.0,0,0,0,2.0000,2
0x89e36d19e13afe2270ddb0acd07d16475ea1dbbf,2026-05-17T12:13:38+00:00,2026-05-17T12:20:10+00:00,3,84000.00,0,0,0,588.00000,3
0x89f0793be009fb307944997e94e4779cf37e7309,2026-05-04T07:53:26+00:00,2026-06-06T02:47:16+00:00,14,0,0,1445.904909,1345.90,2768.149155001,14
0x8a0e42d27e10596e49d23841321842a7bf02c929,2026-05-17T17:21:07+00:00,2026-06-07T00:34:01+00:00,6,14761.904761,4374.99,0,0,125.6249279940000008,6
0x8a1e5df84155eaec58671f51a23f6603d9e4cb17,2026-05-27T04:54:43+00:00,2026-05-27T04:54:43+00:00,1,0,0,20.120666,0,19.9999419999758668,1
0x8a206bbe7fee6b3ecea5338776090da8ac1bee75,2026-06-04T07:39:46+00:00,2026-06-04T08:45:19+00:00,2,0,0,10.04,10.04,19.98964,2
0x8a2537295c87e54b42ff7970e2bef08255f14b2a,2026-05-20T05:49:41+00:00,2026-05-26T06:10:31+00:00,2,0,0,189.325142,189.32,375.994626006,2
0x8a2b984ed7acdfb217dd4906213d8e7dcc72841d,2026-05-17T09:15:35+00:00,2026-05-17T18:49:47+00:00,4,0,0,15.090454,15.09,29.9842809997425660,4
0x8a38b73b9f64e51e295ba8153af8dc066a22d420,2026-05-28T07:09:13+00:00,2026-05-28T09:05:08+00:00,2,0,0,10.0,0,9.9400,2
0x8a401085ab420b39c1fac9a6739b05c59bd4a64c,2026-06-10T18:02:58+00:00,2026-06-10T18:02:58+00:00,1,0,0,1.003,0,0.999991,1
0x8a44ef678c2929d982b6dfdeda588e165ebd26b0,2026-02-08T11:30:09+00:00,2026-03-16T09:56:15+00:00,2,41.666665,41.66,0,0,2.291459001666705,2
0x8a4c8349c09de5b81690f6a6c473be8c1344d7c6,2026-06-16T11:44:21+00:00,2026-06-16T23:27:37+00:00,2,0,0,52.0,52.0,103.7920,2
0x8a4e8f6e20b99ae0b05caf1237aeabe184831ba4,2026-06-14T22:32:34+00:00,2026-06-14T22:32:34+00:00,1,15000.0,0,0,0,30.0000,1
0x8a51d2c233d9b83a0fbf0a8bf2f99127487ad9c5,2026-06-07T19:10:19+00:00,2026-06-07T19:10:19+00:00,1,0,0,1.002,0,0.999996,1
0x8a7b576b7a53ef54876f9eca18bcd84f12d8782f,2026-02-20T06:07:38+00:00,2026-06-02T23:21:22+00:00,101,12894.760996,12894.7535,2050.200955,2050.198187,3996.7813479879106206,101
0x8a7f597da510c423077bdf99e74bfc3688890416,2026-03-29T12:48:36+00:00,2026-03-29T12:49:04+00:00,2,0,0,870.82,870.82,1645.84980,2
0x8a9a2196d49d2cd2e5086a50fa35d1fa1502a9c7,2026-04-29T19:12:14+00:00,2026-05-01T12:52:22+00:00,2,62.5,62.5,0,0,1.6250,2
0x8aa279234b2b794eb4f320227599426ab4037bb3,2026-06-09T20:15:48+00:00,2026-06-09T20:15:48+00:00,1,0,0,1.0752,0,1.0698240,1
0x8aa48ab356f0bae32cabb7a18a0e884ec7639c9d,2026-04-01T08:26:21+00:00,2026-04-01T15:37:07+00:00,2,0,0,43.94,43.94,85.02390,2
0x8aa6d40f30647ea4cbbf6cf24b7d21481c402b6f,2026-04-01T08:14:31+00:00,2026-04-02T03:17:33+00:00,2,0,0,56.35,56.35,108.86820,2
0x8ab047f3f7958a6a285003e861516151de463e95,2026-05-17T06:51:07+00:00,2026-05-17T07:55:17+00:00,2,0,0,1683.59,1683.59,3345.29333,2
0x8ab78c54e672acef3b205396b7c78664b85f806d,2026-06-12T06:05:52+00:00,2026-06-12T06:05:52+00:00,1,0,0,1.003,0,0.999991,1
0x8abcd27d42f3f9b11138c6f341ad3710cd109e55,2026-03-23T14:30:59+00:00,2026-04-24T17:57:24+00:00,4,0,0,3.493356,3.49,6.7271759999499330,4
0x8ac29534160d7897c1918e782770ccff58536dd7,2026-05-03T09:04:42+00:00,2026-05-03T20:52:48+00:00,2,0,0,50.3,50.3,99.5940,2
0x8accd582c2fe84ece524c75f8967829024e01047,2026-04-18T03:57:14+00:00,2026-05-03T18:50:08+00:00,11,3102.704674,3102.70,0,0,86.4959190361871370,11
0x8ace8b086ea6f7c8b6c88c5e25333157cd57854e,2026-05-22T08:57:54+00:00,2026-05-22T08:57:54+00:00,1,3888.888888,0,0,0,34.999999992,1
0x8aee9738764cd40068a9348f12439c69364d6ca8,2026-05-27T11:38:35+00:00,2026-05-27T23:33:42+00:00,2,0,0,112.48,112.48,223.38528,2
0x8b03082dedb3fcdb72b15475b69d8451d1c859d0,2026-05-26T21:05:57+00:00,2026-05-26T21:05:57+00:00,1,0,0,20.855,0,20.729870,1
0x8b052e595ca374ed640e3b08ff675f9d5fdc91f6,2026-05-12T05:46:01+00:00,2026-06-10T14:54:21+00:00,30,0,0,337.37,312.24,645.38398,26
0x8b061efbc841f93380eb1014ed2601b0725c86e6,2026-03-05T06:15:27+00:00,2026-05-12T12:03:00+00:00,258,0,0,9971.781005,9971.773876,19509.3992910100937742,246
0x8b0664965e60e3407ec03e2f67b4bea388c40ed0,2026-06-13T07:28:43+00:00,2026-06-13T09:49:31+00:00,2,0,0,108.7975,108.79,217.0435350,2
0x8b12e6fb9c235541b309575981de81aaa420923d,2026-04-12T21:49:09+00:00,2026-04-15T02:02:50+00:00,2,100.0,0,0,0,2.7500,2
0x8b1a1bc654fbfa417c945cb12b96984dc62dbe0c,2026-05-05T15:59:56+00:00,2026-05-05T15:59:56+00:00,1,0,0,5.383,0,5.339936,1
0x8b56bc5b3adf34e52948b3587308a35e309189bd,2026-04-01T00:47:25+00:00,2026-04-01T00:47:25+00:00,1,78.947367,0,0,0,2.999998998631596,1
0x8b58f3eea972cc0d78fc3823c9b79d3ac8d34786,2026-06-11T04:29:12+00:00,2026-06-11T04:29:12+00:00,1,250.0,0,0,0,1.0000,1
0x8b5a2a371de832fc1750c1e1e97fa5496c30b95d,2026-05-21T08:50:16+00:00,2026-06-05T16:17:49+00:00,4,4255.978484,0,0,0,31.9999980345165332,4
0x8b68d60542bf36630a5fabdf003f83320e588a7f,2026-05-26T02:31:04+00:00,2026-05-26T05:47:57+00:00,2,0,0,617.213166,617.21,1226.399417004,2
0x8b7e1770916f465c1f1cd704803b710b39e91d25,2026-02-28T15:51:35+00:00,2026-04-21T19:54:38+00:00,4,762.007234,524.63,0,0,40.5113079831428050,4
0x8b873a77feb4088535d94765218ffc42a62f0943,2026-04-27T00:02:08+00:00,2026-04-27T00:02:08+00:00,1,64.38,0,0,0,1.03008,1
0x8ba475b6d1430fb292528eff734f6a5942cf6068,2026-06-05T18:34:34+00:00,2026-06-10T07:54:16+00:00,2,250.0,250.0,0,0,2.5000,2
0x8ba8e0ff882d355db2585ae6dd296fb8871e9873,2026-05-14T04:24:27+00:00,2026-05-14T04:39:02+00:00,2,0,0,10.070428,10.07,19.9893749999718288,2
0x8bafcb6dad6061ae17e4be1257249aa6174b7c92,2026-06-11T04:59:43+00:00,2026-06-15T06:19:06+00:00,2,0,0,12.146438,9.1,21.1917979997262530,2
0x8bbfe8b0053e62431fb848e0e78a0748f77500c8,2026-04-19T10:50:52+00:00,2026-04-19T10:50:52+00:00,1,101.658,0,0,0,2.0000000041614,1
0x8bc136465e186e94c501423e558f7ab3512046e1,2026-03-22T15:02:45+00:00,2026-03-22T15:02:45+00:00,1,300.0,0,0,0,9.99999999000,1
0x8bc8cfb50a6c068a85d9265df75c42295f9c5b85,2026-05-01T18:20:24+00:00,2026-05-05T08:02:52+00:00,6,314.999997,314.99,0,0,6.6382300019999994,6
0x8bd42c3c83eea6cb3f1028effffe0c2f7cadb58e,2026-05-17T12:13:38+00:00,2026-05-18T01:14:12+00:00,2,0,0,116.51,116.51,231.38886,2
0x8bd44eee1a6c5e7bee7de36d0ca800504c8fac59,2026-05-11T14:09:51+00:00,2026-05-11T14:09:51+00:00,1,0,0,3.1085,0,3.0898490,1
0x8bf17f114a62988561206b21751d4f5be80620cb,2026-06-05T00:56:22+00:00,2026-06-05T00:56:22+00:00,1,3500.0,0,0,0,14.0000,1
0x8bf19d66a9a148052d2a7efaef600a960ed34c1b,2026-05-13T07:18:35+00:00,2026-05-13T07:33:05+00:00,2,1400.0,1400.0,0,0,19.6000,2
0x8c1eca8e65441a0ad51befcc3db0b64852d09155,2026-04-06T09:30:23+00:00,2026-04-06T09:42:03+00:00,2,0,0,60.0,60.0,118.1400,2
0x8c2f71eb241d65b3806239501f1a501af2fe1a88,2026-05-08T12:56:02+00:00,2026-06-17T18:03:26+00:00,3,22222.0,22222.0,3982.93,0,4290.05507,3
0x8c3938ce25ddaa51a0ce6e008fcf27c2a7268765,2026-05-28T01:05:55+00:00,2026-05-28T01:05:55+00:00,1,0,0,11.720166,0,11.6498450004839502,1
0x8c3e5aaf19c0369a45b72fe67cd47c8fa49426df,2026-05-03T09:04:42+00:00,2026-05-03T23:08:54+00:00,2,0,0,50.5,50.5,99.9900,2
0x8c530a2f5390995d2101ec4d92bc354d7783b506,2026-05-16T18:03:41+00:00,2026-05-17T07:53:42+00:00,2,0,0,106.74,106.74,211.98564,2
0x8c765ad395b3de2a2d9aa3fb1e9001d736d497f3,2026-04-07T07:23:13+00:00,2026-04-16T10:57:32+00:00,2,52.631577,52.63,0,0,2.2631189998421409,2
0x8c9a19c8fb892c2a256cd7bd08ff5e85feebcc61,2026-03-18T04:22:21+00:00,2026-03-31T01:40:27+00:00,4,258.44,258.44,0,0,26.01164,4
0x8ca0269c8cc561877cb7273a45ecdf88210d4a8c,2026-05-31T09:09:17+00:00,2026-05-31T22:07:59+00:00,2,0,0,108.04,108.04,214.78352,2
0x8cad1af1e128ba7b0c1f8e1ed292bef117b6b739,2026-05-17T00:05:23+00:00,2026-05-17T10:41:42+00:00,4,0,0,11.066382,11.06,21.9825630001530816,4
0x8cb3847851a810eea254cdf97530959f0925b8ed,2026-04-29T18:02:24+00:00,2026-06-17T05:13:20+00:00,68,0,0,2708.33,2708.320262,5364.4002279997984634,62
0x8cc2db33477d81602979cdd4f5b8b1c114f05319,2026-06-02T07:58:37+00:00,2026-06-02T07:58:37+00:00,1,0,0,1.005,0,0.999975,1
0x8cc64ab1ac8c86af79bb5625e550e6629ceedbb7,2026-06-03T07:17:57+00:00,2026-06-05T14:43:21+00:00,2,0,0,72.0,72.0,143.3520,2
0x8cd0e2fa45ea9c90eabea5377d662456623ad4e4,2026-05-01T13:17:38+00:00,2026-05-01T14:25:44+00:00,2,454.545454,454.54,0,0,9.5453989940000012,2
0x8ce4ea4428e03ac87d5741f7ca77699f67a292b1,2026-06-16T06:13:16+00:00,2026-06-16T06:13:16+00:00,1,5000.0,0,0,0,10.0000,1
0x8cf7bad8ed7186ebad85d463308fc8d82cfaca52,2026-02-22T17:22:28+00:00,2026-02-22T23:58:44+00:00,2,2288.0,0,2288.0,0,2290.2880,2
0x8d2a0f6725f8d9c35afdafbbbfea4c3512ee399f,2026-05-26T14:43:41+00:00,2026-05-26T14:43:41+00:00,1,0,0,227.162833,0,225.799856002,1
0x8d2f5cff5670e266b35552d24e03dcaa251e7f18,2026-05-17T23:50:47+00:00,2026-05-18T13:12:36+00:00,2,0,0,52.72,52.72,104.59648,2
0x8d3f97844dc33d1f296f026652994ce75857a828,2026-06-17T05:50:10+00:00,2026-06-17T18:23:07+00:00,2,0,0,111.62,111.62,222.90514,2
0x8d64557ade1dcfbe5d59e9bbd1fefb28fd27e674,2026-05-03T09:04:42+00:00,2026-05-03T19:50:24+00:00,2,0,0,56.95,56.95,112.76100,2
0x8d653bf9dcb01ded7c15c6ef0cdf18a085cd63b9,2026-06-17T17:06:10+00:00,2026-06-17T17:06:10+00:00,1,5000.0,0,0,0,10.0000,1
0x8d6f1561f2a417268afc18b7e5c6a2bdedbed80f,2026-04-18T19:27:56+00:00,2026-05-08T07:54:23+00:00,2,0,0,151.37,151.37,298.35027,2
0x8d90457a256c8a7a7b0d701a4b76508bea70c448,2026-06-16T17:51:19+00:00,2026-06-17T01:12:44+00:00,2,12500.0,12500.0,0,0,37.5000,2
0x8d9ae3266066a7d9af784094e3127b0a22cd4841,2026-06-09T09:30:22+00:00,2026-06-15T09:37:16+00:00,2,16833.333333,0,0,0,46.9999986656666667,2
0x8db480485f5214f1c6ce8fd9388ae1e92a5a45bd,2026-05-16T06:58:46+00:00,2026-05-16T17:46:25+00:00,2,0,0,308.853,308.85,613.687932,2
0x8db4f2bcb37078763c70dac5d99c285995479c07,2026-03-24T07:36:51+00:00,2026-06-17T11:59:02+00:00,20,60.0,1659.996665,0,0,39.4399490005338185,20
0x8db8779f433de69c7ee540d08ef2fca0cb37c3f0,2026-06-06T06:42:10+00:00,2026-06-17T05:00:20+00:00,79,0,0,248.382694,248.34,495.3084389990912243,79
0x8dc8e3976c8aa1eb5e0d6a8a3775111e2df8b0b3,2026-06-16T19:46:49+00:00,2026-06-16T19:48:52+00:00,2,240485.0,0,0,0,480.9700,2
0x8dcb71b042f532753f5bba63d5163adf9a1866ad,2026-06-13T14:41:03+00:00,2026-06-13T14:41:03+00:00,1,3333.333333,0,0,0,9.9999989990000001,1
0x8ddec561fbba033e93917cec35055724dce32407,2026-03-19T09:43:49+00:00,2026-03-19T09:43:49+00:00,1,2259.048234,0,0,0,69.6299989842160164,1
0x8ddf00aa3ec4f15e7d3a122ee6503ab4d552472c,2026-03-15T08:12:21+00:00,2026-03-15T08:23:31+00:00,2,0,0,54.0,54.0,103.8420,2
0x8de56c80f45914cd028425cdfe1053af2a8b6e24,2026-05-11T15:03:40+00:00,2026-06-11T01:52:16+00:00,4,0,0,111.62,111.62,221.84435,4
0x8dee834e3b4fe426567bc1766243fdf24f91e34c,2026-06-02T11:24:15+00:00,2026-06-02T16:17:05+00:00,2,0,0,25.2864,25.28,50.2882880,2
0x8df634e4ea3b0da1f37b87b26b545f948c689785,2026-04-05T07:30:37+00:00,2026-04-13T15:55:11+00:00,4,217.0,217.0,0,0,11.5010,4
0x8e2d1e3e8f443e97ac13bef879da2a1346a8ee3e,2026-06-01T07:23:52+00:00,2026-06-01T12:13:59+00:00,2,0,0,10.0502,10.05,19.9896490,2
0x8e2e0be018c4665de586e11a8cc8787a1c0528a6,2026-04-02T12:17:29+00:00,2026-04-25T10:09:06+00:00,2,0,0,136.05,136.05,265.43355,2
0x8e38316e397bac51bbe1db140884f7c93ae81a4a,2026-05-03T04:20:28+00:00,2026-05-03T04:20:28+00:00,1,125.0,0,0,0,1.0000,1
0x8e4f488203e8abd4e0ea01d0ba8ef271aebde9cd,2026-05-16T12:35:40+00:00,2026-05-16T12:47:06+00:00,2,0,0,10.060333,10.06,19.9895509999879334,2
0x8e5db604a67610038068f8281e7754f71fed17fe,2026-06-01T21:58:50+00:00,2026-06-01T21:58:50+00:00,1,166.666666,0,0,0,0.999998996000004,1
0x8e66573b03f9453c58f8e14889b89d824aba9bdf,2026-06-14T14:31:06+00:00,2026-06-14T14:31:06+00:00,1,0,0,11.99,0,11.96602,1
0x8e69c7e17c87a41ea246329c1a956e4c05e4b21f,2026-05-23T09:09:07+00:00,2026-06-11T15:48:06+00:00,2,954.545454,0,0,0,6.9999989940000012,2
0x8e77537e059837d3c2ca5b4efe75e74e9498c4f3,2026-04-08T16:00:11+00:00,2026-06-08T04:12:10+00:00,5,0,0,2884.942379,2884.94,5703.5287099765090927,5
0x8e8a6fcb8c8815421c3e01b45c89a5006ce2c8d6,2026-05-03T08:09:10+00:00,2026-05-03T09:53:52+00:00,2,0,0,1489.284857,1489.28,2949.833012955880,2
0x8e91643b94b5a41564d9a7a302bc7c576f463335,2026-05-25T07:07:49+00:00,2026-06-03T03:21:51+00:00,2,1250.0,1250.0,0,0,16.2500,2
0x8e924c28692b78f87e992bb9d8bf9f24dd2c6529,2026-05-14T15:54:07+00:00,2026-05-14T16:15:02+00:00,2,0,0,9.063428,9.06,17.9875040003746288,2
0x8e96920309be0034042913bc80b31e4a4b82e03c,2026-05-01T16:26:56+00:00,2026-05-03T09:04:42+00:00,2,1000.0,1000.0,0,0,18.0000,2
0x8e9eedf20dfa70956d49f608a205e402d9df38e4,2026-01-31T09:00:24+00:00,2026-06-17T18:03:26+00:00,181,0,216908.08,53485.26,0,53883.96273,181
0x8ea0fb05dce69dff5e377ba4bb1758be410eb9d5,2026-04-05T15:23:47+00:00,2026-04-19T15:23:34+00:00,3,250.00,250.0,0,0,10.58336,3
0x8eabe68ae693020f389b392f6e0c2961820db123,2026-06-13T03:12:45+00:00,2026-06-13T03:12:45+00:00,1,333.333333,0,0,0,0.999998999000001,1
0x8eac8fb705b60197a3395bf9af2d45ec8a483600,2026-05-23T18:17:44+00:00,2026-05-24T07:12:58+00:00,68,9999.9832,0,0,0,104.999832,68
0x8eae3d1dc89c056bbc61afb5e150240435388643,2026-05-30T09:48:25+00:00,2026-06-06T02:47:16+00:00,2,0,0,19.0954,19.09,38.0135630,2
0x8eb750ea1ef39b0353ece337c27dcd6feece61cc,2026-05-16T18:03:41+00:00,2026-06-17T16:32:16+00:00,4,0,0,212.25,212.25,422.68911,4
0x8ecbb2d657a3f753fda631c7d9456121bddf7a1a,2026-06-12T12:10:19+00:00,2026-06-12T12:10:19+00:00,1,0,0,1.003,0,0.999991,1
0x8eed6918756bd20baa9be3e5a768cd578f1ff4b8,2026-05-17T13:04:34+00:00,2026-05-19T21:02:49+00:00,2,0,0,175.0503,175.05,347.64959800744467,2
0x8ef6d7ac648d825e7418d828fbdff6cc95c75a41,2026-06-10T09:41:21+00:00,2026-06-12T16:51:48+00:00,2,0,0,1600.0,1600.0,3184.0000,2
0x8efb096d522da07d76debcff1ae129b675df20b6,2026-06-10T10:04:15+00:00,2026-06-10T10:04:15+00:00,1,0,0,1.006,0,0.999964,1
0x8f061638166b01aaed4c12f30f4ff9b0e9271df1,2026-05-31T05:55:04+00:00,2026-05-31T06:40:08+00:00,2,0,0,10.8944,10.89,21.6645880,2
0x8f152c2ea644b235344d2cfa657044a5ee4239bb,2026-05-28T06:26:24+00:00,2026-05-28T08:55:55+00:00,2,0,0,64.386166,64.38,127.9291889975613834,2
0x8f2abf9cb92d734d7d576401989e6fb26c240258,2026-06-05T17:27:09+00:00,2026-06-06T05:30:45+00:00,2,0,0,54.91,54.91,109.38072,2
0x8f34e45fe06d6fad7d9d9d2738859a4022c02f50,2026-02-28T10:18:55+00:00,2026-03-30T21:23:43+00:00,22,0,0,246.477537,2.77,235.3297790001450715,22
0x8f3feeab1067dd66c7896eabd15cae87efa09f9a,2026-06-16T19:46:49+00:00,2026-06-17T09:08:43+00:00,2,0,0,287.47,287.47,574.07759,2
0x8f45cbb7a4d2accaa4e46904ae576545a2137333,2026-05-30T21:16:17+00:00,2026-05-31T08:35:52+00:00,2,0,0,77.86,77.86,154.78568,2
0x8f60657d4df13ac574a9b28f7329bd63efb6cf68,2026-06-11T22:24:34+00:00,2026-06-11T22:24:34+00:00,1,0,0,2.006,0,1.999982,1
0x8f6f58e430d02299640fc8634569f33c50c2159e,2026-05-17T03:08:33+00:00,2026-05-17T05:08:32+00:00,2,0,0,1506.09,1506.09,2992.60083,2
0x8f7167f967fd06659f589a8fb008ddd08144ac9d,2026-05-27T20:37:39+00:00,2026-05-28T07:47:43+00:00,2,0,0,88.11,88.11,174.98646,2
0x8f780cf069c56408978ee61bb87ef76d47d802f0,2026-05-12T21:35:32+00:00,2026-05-12T21:35:32+00:00,1,500.0,0,0,0,3.0000,1
0x8f7b63d54099a539a0b1de5d178f35ae8253d5d4,2026-06-03T07:48:24+00:00,2026-06-05T18:44:27+00:00,2,0,0,22.0,22.0,43.7800,2
0x8f88b822c115fc168672b142a953d37d1ea4ca51,2026-04-26T08:41:24+00:00,2026-04-26T08:41:24+00:00,1,1000.0,0,0,0,16.0000,1
0x8f9371ea66a3340bc5226b2b9b16b2198add15c3,2026-06-17T17:31:13+00:00,2026-06-17T17:31:13+00:00,1,0,0,92.67,0,92.29932,1
0x8f9432ae75daffc20d67d7f6bc3edd7fe4ab1369,2026-05-26T19:56:26+00:00,2026-05-26T19:56:26+00:00,1,0,0,30.342,0,30.159948,1
0x8fa42844af1ab4d51512c46cd6b2f64352e24eab,2026-04-12T13:17:47+00:00,2026-04-20T07:08:36+00:00,2,346.153846,346.15,0,0,14.538399996,2
0x8faa240e8f243b441e6b6fedae4a033025d5e76a,2026-06-09T05:26:42+00:00,2026-06-14T16:41:10+00:00,2,666.666666,666.66,0,0,2.6666589980000010,2
0x8fb06714c1f43869e7d721ffad6cf1666232168a,2026-06-15T14:53:28+00:00,2026-06-15T14:53:28+00:00,1,1000.0,0,0,0,1.0000,1
0x8fba3d1ebe218a506bf959d481e35496074d29e8,2026-05-11T15:03:40+00:00,2026-05-12T04:41:20+00:00,2,0,0,102.31,102.31,203.08535,2
0x8fbb70f8d580173bd33bd9f4a07cbdd3b9109280,2026-05-04T09:54:02+00:00,2026-05-19T14:01:51+00:00,2,83.333333,83.33,0,0,1.583308996000004,2
0x8fca100971f82fcc28f68def994c8146ba9694ae,2026-05-27T05:50:08+00:00,2026-05-27T05:50:08+00:00,1,0,0,16.820833,0,16.7199080003179167,1
0x8fcc7df9d6d4c02aa2e8a024c3515d69265ddfd3,2026-06-05T21:25:30+00:00,2026-06-05T21:25:30+00:00,1,0,0,22.066,0,21.999802,1
0x8fcf416f6c088b83c038ecb4ee590d72be8920e6,2026-03-28T06:09:19+00:00,2026-03-28T06:10:13+00:00,2,0,0,1148.0,1148.0,2152.5000,2
0x8fd01512d13071e7717ab001713c07738c249c75,2026-05-17T12:36:29+00:00,2026-05-18T00:19:13+00:00,4,0,0,53.07,53.07,105.39702,4
0x8fda77c7a207057df9f27a41d8eaf46b48b551c9,2026-05-17T12:20:10+00:00,2026-05-18T02:34:23+00:00,2,0,0,58.3,58.3,115.7838,2
0x8fde9a6cef8a644864572dcf162c3edc62bd6e46,2026-06-11T09:03:10+00:00,2026-06-13T12:49:18+00:00,2,0,0,13.975902,10.62,24.508138000674744,2
0x8fe8812c937431bc087f1a6a34bbbbf0702e2b3c,2026-05-26T17:42:14+00:00,2026-05-26T17:42:14+00:00,1,0,0,397.354,0,394.969876,1
0x8ffefa4f7e96a5db59f769a27504829a8fe4b822,2026-06-14T10:58:07+00:00,2026-06-14T10:58:07+00:00,1,1000.0,0,0,0,2.0000,1
0x90083f196e200116807f25edd0704ce7faf4f3ce,2026-03-29T20:09:28+00:00,2026-03-31T01:30:41+00:00,2,66.666665,66.66,0,0,7.3996590000000225,2
0x9028b22de42416fda84adebe69286c3b5d3cf2ae,2026-06-16T06:53:43+00:00,2026-06-16T06:59:33+00:00,2,500.0,500.0,0,0,1.5000,2
0x90349acf0a65366f92d882a4cc832f41d0e3904b,2026-05-20T15:49:21+00:00,2026-05-24T02:34:20+00:00,2,0,0,233.0,233.0,461.5730,2
0x90389dd640af85af8fe566c08296fdc3f89b9b38,2026-05-26T19:57:39+00:00,2026-05-29T17:12:33+00:00,2,0,0,20.985833,20.98,41.7140379999014167,2
0x904dba04f9cb6d39a3bfc6e90b0eba06d0c23d78,2026-06-07T20:43:57+00:00,2026-06-11T15:06:31+00:00,2,333.333333,166.66,0,0,1.666638999000001,2
0x9071da6e2ab34d5f8f1842cd830956368b4f4853,2026-05-13T07:18:26+00:00,2026-05-13T07:29:43+00:00,3,1400.0,1400.00,0,0,19.60000,3
0x9085ad66e71ea300ad030cfb51c6178b173ee024,2026-06-10T17:36:42+00:00,2026-06-10T17:36:42+00:00,1,0,0,1.024,0,1.019904,1
0x9087e7dacfb88e92d960ebfced85a4dbd5299532,2026-05-17T06:42:08+00:00,2026-06-12T06:10:43+00:00,3,69642.857142,7142.85,0,0,342.8570992797142858,3
0x90a6019b33c0dee813cb7c4826014c54837ef8a9,2026-04-02T21:23:53+00:00,2026-04-02T21:23:53+00:00,1,45.454544,0,0,0,1.4999990020000304,1
0x90b575f37bf5dbccdc3da3afe5f08027a30f4e3d,2026-03-09T19:34:15+00:00,2026-03-10T03:48:01+00:00,2,64.21,64.21,0,0,5.241009998339,2
0x90b7b157bb0bf511d203721b3d72a3696e825b78,2026-05-28T00:05:33+00:00,2026-05-28T00:05:33+00:00,1,0,0,16.2575,0,16.1599550,1
0x90bc7fb88756fb8d29dbd9792917bc7abb6fbb54,2026-06-16T08:42:55+00:00,2026-06-16T08:42:55+00:00,1,15210.0,0,0,0,30.4200,1
0x90d05e8052694282c674c9c984867b2f06d15097,2026-03-09T04:31:13+00:00,2026-03-09T04:31:13+00:00,1,45.350868,0,0,0,2.0699990007982104,1
0x90d6578d8c38dc860b678b87d9dd1cf55c64400c,2026-06-16T20:26:35+00:00,2026-06-16T20:26:35+00:00,1,0,0,55.0,0,54.9450,1
0x90ecea408edfe1f60583df1ecde854c593f9b84c,2026-05-12T08:39:44+00:00,2026-05-13T02:28:33+00:00,2,0,0,102.41,102.41,203.28385,2
0x90f4f8a1f56da9cd452e783b0e4c10d1f5c983a7,2026-05-14T14:03:00+00:00,2026-05-14T14:13:52+00:00,2,0,0,8.056285,8.05,15.9854910001662290,2
0x90fa75acdd607b4ccf60b6cc0617c2cd16b23987,2026-05-16T04:42:09+00:00,2026-05-16T05:51:36+00:00,2,0,0,1128.7725,1128.77,2242.8684750,2
0x9100264adb83c35ecf8e395dad491148a9e653ce,2026-05-19T13:10:35+00:00,2026-05-19T14:50:49+00:00,2,0,0,20.140857,20.14,39.978751001,2
0x91056fd0758aa1efd7758352786ffb58083ff0d5,2026-05-17T12:20:10+00:00,2026-05-31T09:08:14+00:00,4,0,0,227.27,227.27,451.58518,4
0x9105e39bb82f96b07f195869cde32bda22ae15c0,2026-06-11T11:37:37+00:00,2026-06-11T11:37:37+00:00,1,0,0,1.033,0,1.029901,1
0x910bd2770f2f3a1dea36bfd729f30fae8c5c4683,2026-06-06T13:34:57+00:00,2026-06-06T13:34:57+00:00,1,500.0,0,0,0,2.0000,1
0x910bfe3de4696e211b41ed43e1bdd9d18ca66c23,2026-04-24T21:54:38+00:00,2026-04-24T21:54:38+00:00,1,55.555554,0,0,0,0.9999989997778050,1
0x9119f5f75a6426930e167e645fbb78b7aeea0cdf,2026-03-20T17:17:55+00:00,2026-05-12T21:30:40+00:00,4,2774.214947,0,0,0,44.9999989640000004,4
0x91201e892455aa4878333a91d3c6037df7b32fcc,2026-05-15T15:15:36+00:00,2026-06-06T04:23:55+00:00,89,0,0,152.945209,152.93,304.1262800001393280,89
0x9134573102a0b6869c3bc92ed4b02316a829778b,2026-05-27T05:27:33+00:00,2026-05-27T05:27:33+00:00,1,0,0,6.136666,0,6.0998459997043338,1
0x9143391bffa1cfa8a209d11910cfbf0094919979,2026-05-14T19:04:40+00:00,2026-05-14T22:28:53+00:00,2,0,0,360.261831,360.26,715.1179180028690845,2
0x9150991d88a9b02cad9b7e9cf04ed1f7bf9326f4,2026-05-13T20:09:57+00:00,2026-05-28T16:00:35+00:00,2,300.0,300.0,0,0,4.5000,2
0x91545f6437bd8203416fbb533d1e3f040dda2305,2026-05-23T05:50:36+00:00,2026-05-24T13:14:31+00:00,4,0,0,348.0,347.996235,689.3842679997862125,4
0x9160e2826aea86d825a937a83c7942361c6d9ac6,2026-03-29T05:33:00+00:00,2026-03-29T05:33:00+00:00,1,36.363635,0,0,0,1.9999990013636710,1
0x9163eea23712a0558781d63e1c3134f0f7290cab,2026-03-21T15:50:33+00:00,2026-03-21T15:50:33+00:00,1,31.25,0,0,0,1.00000,1
0x91782eedce38481e8835fc283cd2cf33c6404c75,2026-06-14T16:40:49+00:00,2026-06-14T16:40:49+00:00,1,0,0,161.521,0,161.359479,1
0x918ad8985b5a45a96498d7eaf2b2f4bc428d541f,2026-05-16T18:03:41+00:00,2026-05-17T07:39:48+00:00,2,0,0,107.75,107.75,213.99150,2
0x9198665ed4d3db95a7546380eadadd4959d66b2f,2026-04-29T19:26:16+00:00,2026-05-20T15:43:59+00:00,2,185.921175,0,0,0,2.0000000028063325,2
0x919bee26cfb1fe34f8a62ac1c036265637f67e73,2026-04-01T08:04:51+00:00,2026-04-01T08:38:07+00:00,3,0,0,117.027183,117.02,226.0913050019644643,3
0x91a566e90b33422bd6fa41032e866a13c152b9f8,2026-03-07T16:27:09+00:00,2026-03-07T16:35:19+00:00,2,0,0,981.0,981.0,1838.3940,2
0x91aab90d5519c88972b0ae7ec8fb880d6f6d95a5,2026-06-17T05:50:10+00:00,2026-06-17T16:38:56+00:00,2,0,0,107.11,107.11,213.89867,2
0x91b83c31f47d5e2fcd388e0f9fd7fab3efa35726,2026-06-10T16:26:21+00:00,2026-06-10T16:26:21+00:00,1,250.0,0,0,0,1.0000,1
0x91c80933f19149f08f563c7e4df9df8707d73ba8,2026-05-01T16:28:52+00:00,2026-05-11T19:21:16+00:00,3,6250.0,6250.0,0,0,93.7500,3
0x91c94c0f3acc0ca74354c7b4078b10fb494da5b4,2026-05-21T07:41:42+00:00,2026-05-21T07:41:42+00:00,1,1250.0,0,0,0,10.0000,1
0x91e7517f19052e801c146a4733bf26540d5e6767,2026-05-13T07:18:31+00:00,2026-05-13T07:29:54+00:00,3,1410.0,1410.00,0,0,19.74000,3
0x921a2351f2fc6975d6b37d0efce02c9d40ab10f3,2026-05-22T16:28:42+00:00,2026-05-22T16:28:42+00:00,1,500.0,0,0,0,4.5000,1
0x922969be05ae25a67f2b26ee584373a476531c7c,2026-06-14T02:56:04+00:00,2026-06-14T13:12:58+00:00,2,0,0,23.023,23.02,45.973937,2
0x9229f782cf9ba469bf757021821271c30b992f0f,2026-05-14T09:22:04+00:00,2026-05-14T09:22:58+00:00,3,1180.0,1180.00,0,0,18.88000,3
0x923915506659044877f51bc076b115cd01f2a4a5,2026-05-16T21:25:48+00:00,2026-05-17T09:20:48+00:00,2,0,0,58.1,58.1,115.3866,2
0x923c17b3ed4095390bfb3a9cdfc770c436a85e80,2026-05-12T01:39:44+00:00,2026-05-12T01:45:13+00:00,4,0,0,240.684714,240.68,477.754481002,4
0x92590b15e205d849c294b670d9e69a566fc786ab,2026-04-30T06:24:10+00:00,2026-04-30T06:24:10+00:00,1,384.615383,0,0,0,5.0000000174615383,1
0x925985baa92fb8d19f8c6de2f18a4989959c37bc,2026-03-07T16:27:09+00:00,2026-03-07T16:35:21+00:00,3,0,0,1373.0,1373.0,2573.0020,3
0x925de79923a321c7c7d503d98e98f3aa00dd58d3,2026-05-14T09:13:15+00:00,2026-05-14T09:18:42+00:00,7,1210.0,1210.00,0,0,19.36000,7
0x9283c5f1eb97253f9b52dc33cd1c4de227b4adcf,2026-06-13T01:32:34+00:00,2026-06-13T01:32:34+00:00,1,0,0,2.044,0,2.039912,1
0x92910328f19390c229d49c8f1b3d2210e00a30a4,2026-06-13T13:52:04+00:00,2026-06-13T13:52:04+00:00,1,0,0,1.002,0,0.999996,1
0x92915b561b10f073bf006448ba0cd97dc12ad2fa,2026-05-17T13:22:48+00:00,2026-05-18T02:58:40+00:00,2,0,0,58.350099,58.35,115.941547997549307,2
0x9297f2034f8bc79f3dc4d415753542347dc29e00,2026-05-21T10:03:22+00:00,2026-05-30T15:14:53+00:00,2,0,0,66.5,66.5,132.1355,2
0x92a2292f2ef8aec902fc5ef09fe938fe4bba4ac6,2026-06-12T15:07:09+00:00,2026-06-12T15:07:09+00:00,1,0,0,39.839333,0,39.719815001,1
0x92bb0dc29ba186b5b4c5997b9ccd61a5d9e296ee,2026-05-31T15:35:12+00:00,2026-05-31T15:35:29+00:00,2,0,0,194.0,194.0,385.8660,2
0x92beea922b86e89301806b740dd671beed8b5345,2026-05-07T11:04:46+00:00,2026-05-07T11:04:46+00:00,1,90.909089,0,0,0,0.9999989971818388,1
0x92bfe9396dc86a73c85fd69e9b512a4e42cbcb2b,2026-03-18T03:07:55+00:00,2026-03-18T05:10:35+00:00,2,26.315788,26.31,0,0,2.0787089992632108,2
0x92c938e79b5603b461a40d68c0c8d47d337ae232,2026-05-13T07:29:42+00:00,2026-05-13T07:33:05+00:00,2,1400.0,1400.0,0,0,19.6000,2
0x92d63ca6dffc6d5d8d8acea3e780557256693a39,2026-06-13T12:40:33+00:00,2026-06-13T12:40:33+00:00,1,0,0,2.064,0,2.059872,1
0x92dcf851eba53bc192cbc659e28c2ce9bb665503,2026-03-15T15:58:29+00:00,2026-03-15T15:58:29+00:00,1,113.636362,0,0,0,4.9999989961818316,1
0x92ec1912a09e86e40c325410f909666b28ae2a53,2026-06-17T11:21:23+00:00,2026-06-17T13:17:11+00:00,3,25000.0,0,0,0,30.0000,3
0x92edd9e32d6d578c2ebf6062f752e8e0d00721dc,2026-06-17T04:21:14+00:00,2026-06-17T18:03:26+00:00,2,10000.0,0,0,0,15.0000,2
0x92f61a45879ce9ad5c1b6c6515163ffb8fdd7958,2026-06-05T14:11:25+00:00,2026-06-05T14:11:40+00:00,4,0,0,10.180,10.17,20.278780,4
0x92ff3aeb1d2a5235678bfc42d0d80bcf31b68bd7,2026-06-09T16:43:06+00:00,2026-06-09T16:43:06+00:00,1,0,0,10.1,0,10.0394,1
0x9311fd818fcaef5bb1039a0667437c9caf32dd25,2026-05-01T14:51:32+00:00,2026-06-10T07:17:03+00:00,153,64761.553459,24663.977692,0,0,686.1097968787185955,153
0x932dda06b4db685fb0f158152b0eeb34194a0681,2026-05-09T16:37:44+00:00,2026-05-09T16:46:43+00:00,3,0,0,2048.0,2048.0,4069.3760,3
0x932f9bfc29d4e0dbff04cf01675407b31798e10e,2026-03-21T21:36:45+00:00,2026-03-21T21:36:45+00:00,1,312.5,0,0,0,10.0000,1
0x9338752fc01f29ddc0deaf794a6336aa659029ab,2026-04-30T00:19:08+00:00,2026-04-30T00:19:14+00:00,2,0,0,30.425962,30.42,59.9636979995456650,2
0x933a0972719d145df616c26123dbd6fd8b43a660,2026-03-31T11:53:09+00:00,2026-03-31T11:53:09+00:00,1,0,0,2.094222,0,1.9999819999477344,1
0x93453835bc386aefb517e1a03f65f0dd32b98431,2026-06-03T20:47:03+00:00,2026-06-03T20:47:03+00:00,1,333.333333,0,0,0,1.999998998000001,1
0x935d089633ca2fdf7dc1510a7840a14298c096e9,2026-06-12T11:05:57+00:00,2026-06-12T11:05:57+00:00,1,0,0,1.003,0,0.999991,1
0x936b1991d630e7bfe8066f3586e10dc41d9bfb51,2026-06-09T03:44:46+00:00,2026-06-13T20:54:48+00:00,2,0,0,70.0,70.0,139.6500,2
0x93781c7873f93a40369359731193b318fb2fc244,2026-05-16T04:48:06+00:00,2026-05-16T05:55:39+00:00,2,0,0,1284.708166,1284.7,2552.707017004,2
0x938400bbbce4ee2f2ef07e7ac3a7a33aa0e58a95,2026-05-12T13:03:59+00:00,2026-06-16T13:44:08+00:00,8,5758.33,2747.96,0,0,30.25838,8
0x93847920ecc650e93d56d7a1033d8d44693645e0,2026-06-15T11:20:27+00:00,2026-06-15T12:55:42+00:00,2,1000.0,999.99,0,0,1.99999,2
0x9386445458feebf16870b898ed9ae5a0ad97b2b7,2026-04-05T05:45:37+00:00,2026-04-05T12:23:51+00:00,2,1879.152221,1879.15,0,0,84.8484800053228693,2
0x939e1eafca48815c59b8209b874d5e41032f58d6,2026-05-17T23:57:47+00:00,2026-05-18T13:20:18+00:00,2,0,0,93.24,93.24,184.98816,2
0x93abbc022ce98d6f45d4444b594791cc4b7a9723,2026-05-07T21:10:55+00:00,2026-06-17T00:26:40+00:00,8,175336.386,0,0,0,690.719524,8
0x93b9f046279d0db5abf02398739afba3faa06d73,2026-06-11T08:10:36+00:00,2026-06-11T08:10:36+00:00,1,0,0,1.003008,0,0.9999979999729152,1
0x93c33d0f799bffc66ea5cfe97b88d05a118ed820,2026-03-26T16:20:35+00:00,2026-03-28T22:02:22+00:00,11,228.933918,228.61,0,0,27.3183279970811281,11
0x93d589b5b11651793513290026ac9df3cd9c271a,2026-06-07T18:41:37+00:00,2026-06-07T18:41:37+00:00,1,0,0,1.042,0,1.039916,1
0x93e42067301c1f97d3307c5fdab7bdeb0eaaa6fe,2026-05-03T09:04:42+00:00,2026-05-03T20:01:52+00:00,2,0,0,115.12,115.12,227.93760,2
0x93eb3a82ba762e7516fb56ee7f9f775ad23aa094,2026-04-01T07:04:43+00:00,2026-04-01T07:04:43+00:00,1,250.0,0,0,0,10.000,1
0x940fe692c5fb4af11f88372c31694bc629cb158d,2026-06-15T20:37:01+00:00,2026-06-15T20:37:01+00:00,1,57245.0,0,0,0,114.4900,1
0x941899c2513162b6d763d1dbffe6c769ad44e41b,2026-03-24T22:30:37+00:00,2026-04-17T14:46:18+00:00,2,312.5,312.5,0,0,22.1875,2
0x941beb2fd9ba6b83825ff8af61e516004893e07d,2026-02-03T23:14:34+00:00,2026-02-03T23:14:34+00:00,1,1176.0,0,0,0,28.76466999840,1
0x9422f0e5a2c4358bdd2a901aa2a31f58e04ef273,2026-01-16T22:10:36+00:00,2026-01-19T08:53:30+00:00,2,14.09,14.08,0,0,0.78863,2
0x942e79166821f3f4e67872e44f1672fcccd2be27,2026-05-01T21:41:58+00:00,2026-05-18T03:39:50+00:00,4,0,0.61,59.39,0,58.91854,4
0x94431c76bb69fee4a1065395b5854fee263c3098,2026-05-27T11:38:35+00:00,2026-05-28T00:15:17+00:00,2,0,0,87.31,87.31,173.39766,2
0x9447f6ccc57d67727a9ce2351883f5024c30df0c,2026-05-01T02:04:36+00:00,2026-05-02T02:01:04+00:00,2,310.0,310.0,0,0,5.8900,2
0x944d7a6aa0eddde50fbb8246e6f80efba5216072,2026-05-21T03:50:35+00:00,2026-05-21T03:50:35+00:00,1,0,0,3.4375,0,3.4100000,1
0x945a49252f772a10c6ddd1d1e1e24ee20438a48c,2026-01-31T06:38:14+00:00,2026-01-31T12:54:34+00:00,6,29.145931,29.14,0,0,2.5333309997881654,6
0x945f47efb693771f1580472492c6f0c3442e83cc,2026-05-26T03:57:42+00:00,2026-05-26T03:57:42+00:00,1,0,0,21.207166,0,21.0799229997585668,1
0x946395a806f9b17f905aee7890da0c7fafe0ba50,2026-04-19T23:52:18+00:00,2026-04-19T23:52:18+00:00,1,0,0,4.073318,0,3.9999979998290396,1
0x94746ed6c69bdd5d5711b18d781d3978ef705091,2026-01-09T16:52:52+00:00,2026-06-15T15:59:16+00:00,119,1049.751881,1049.747165,0,0,76.3412109961310324,118
0x9482279b40aef63cd52cd19f2d95d4660ba87a27,2026-05-31T06:07:30+00:00,2026-05-31T06:08:08+00:00,2,0,0,250.0,250.0,497.2500,2
0x94885a3566cd74f28e0346f22a4bf002046ad531,2026-03-02T12:58:21+00:00,2026-04-30T22:10:58+00:00,402,45155.747226,45155.73,0,0,2355.3681798688640663,390
0x9495473db2c9475893637858ea64f071ffdfe2d6,2026-05-31T08:26:11+00:00,2026-05-31T09:31:03+00:00,2,0,0,11.829,11.82,23.518935,2
0x949892f092e1d3d90d25dec66d8412a1e1dabb0c,2026-04-08T08:44:27+00:00,2026-04-08T08:51:41+00:00,2,0,0,12.71,12.71,24.9116,2
0x9499a9959a8aae36e9e95b1c041a88af1e0aabdd,2026-06-01T08:39:40+00:00,2026-06-01T10:20:58+00:00,2,0,0,20.7536,20.75,41.2753320,2
0x949e7f544a87025ca74fd5805a979b177f9c75aa,2026-05-31T09:09:17+00:00,2026-05-31T20:09:50+00:00,2,0,0,96.98,96.98,192.79624,2
0x94a3e9d196f35bb9a697d8d9d744617006bfad02,2026-04-11T09:51:07+00:00,2026-04-11T09:51:07+00:00,1,0,0,18.78,0,18.51708,1
0x94a428cfa4f84b264e01f70d93d02bc96cb36356,2026-04-30T05:42:52+00:00,2026-04-30T05:42:52+00:00,1,10000.0,0,0,0,129.4251400000,1
0x94b27c67de88abce4abe936f53775c404c76bd95,2026-05-16T18:03:41+00:00,2026-05-17T05:14:12+00:00,2,0,0,52.16,52.16,103.58976,2
0x94bbb8f7632d11dead6b8970646ad5655a5fc320,2026-03-04T03:39:05+00:00,2026-03-04T03:39:05+00:00,1,0,0,8.69,0,7.96004,1
0x94beedf4315eea2817a7153186f2f84874262151,2026-06-08T23:01:00+00:00,2026-06-08T23:01:00+00:00,1,333.333333,0,0,0,0.999998999000001,1
0x94c35700c245949521e473f468fb385f8de7f391,2026-05-27T11:26:13+00:00,2026-05-27T11:26:13+00:00,1,0,0,17.515,0,17.409910,1
0x94ce5776641d73d1ed6033915aa59601a49cdd3d,2026-05-01T11:01:10+00:00,2026-05-10T06:46:16+00:00,2,410.0,410.0,0,0,6.5600,2
0x94d0fa6268c3207ce6c3157f5395c88201f8d8cc,2026-03-30T16:43:09+00:00,2026-03-31T16:21:35+00:00,2,612.244896,612.24,0,0,56.3263189856326560,2
0x94d5f98fa028e0079739856e2789d4ea5a1e378a,2026-05-21T01:10:57+00:00,2026-06-17T18:31:41+00:00,3,1253.968253,0,0,0,2.999997993000007,3
0x94daa3bf531255d6565e937c7249d3918fa12bf1,2026-06-16T11:44:21+00:00,2026-06-16T11:44:21+00:00,1,0,0,1000.0,0,998.0000,1
0x950db6ed14818893d54eff4b8f08856f4161328d,2026-06-12T16:56:27+00:00,2026-06-12T16:56:27+00:00,1,0,0,1.003,0,0.999991,1
0x953d57cc07d9b01fd6b55e94d677af01c975b279,2026-05-20T06:10:57+00:00,2026-05-20T06:10:57+00:00,1,625.0,0,0,0,5.0000,1
0x9550ae2de19048bbd0d5a1f31a85b72b140a1e6c,2026-05-29T02:40:37+00:00,2026-05-29T02:40:37+00:00,1,166.666666,0,0,0,0.999998996000004,1
0x9555351426f1e6123db5e705fcdf4df95367a064,2026-06-13T09:23:12+00:00,2026-06-13T09:23:12+00:00,1,0,0,1.002,0,0.999996,1
0x95564a34fbb2efd706cd91d7d5b7a227156823cb,2026-05-19T14:13:52+00:00,2026-05-20T19:55:26+00:00,4,0,0,100.704795,100.70,199.8942609995518909,4
0x955b3cf87cc4e77d0c6e8df350c2a44ceec13d6f,2026-05-15T11:32:50+00:00,2026-05-15T11:32:50+00:00,1,3571.428571,0,0,0,24.9999989255714287,1
0x9581cdb35b56842fd8c8b2397d54f45084acb049,2026-04-12T22:53:13+00:00,2026-04-19T05:16:40+00:00,4,0,0,40.64,40.64,79.32512,4
0x95a3f8e1ec3b1ec1d0aaa873be12cc03e88cbdc6,2026-04-18T06:55:04+00:00,2026-04-18T07:18:38+00:00,2,0,0,17.86,17.86,34.96988,2
0x95a43d3c7d44d95c71a71330d67dfa151053b43d,2026-05-20T20:47:24+00:00,2026-05-21T19:32:03+00:00,5,11747.833331,1057.3,0,0,114.6429998724830829,5
0x95a88781800b9bcdd408e6253cc7d1661dc2cebb,2026-06-09T16:20:03+00:00,2026-06-10T16:06:57+00:00,2,0,0,101.81,101.81,202.60190,2
0x95afcd3f283590d07916231c5e9b98c2ee4f3822,2026-03-13T09:10:51+00:00,2026-03-16T01:45:09+00:00,4,599.69,599.69,0,0,41.60461,4
0x95b80a303c6351cd2144856affc416b95633b472,2026-06-01T21:11:53+00:00,2026-06-17T01:31:17+00:00,5,14500.00,14500.0,0,0,74.50000,5
0x95cfeadd37edc704f1fcf95e29c62ce3f7a2e7dd,2026-06-09T10:05:22+00:00,2026-06-09T10:05:22+00:00,1,6666.666666,0,0,0,19.9999993313333334,1
0x95d43344aa25ad03a701dbdb568ffacaf60a839a,2026-03-10T08:42:43+00:00,2026-04-17T11:37:46+00:00,2,0,0,4.3125,4.31,8.337940,2
0x95d773bcff67a744baa831b5350886dbfa25998d,2026-06-12T10:43:58+00:00,2026-06-12T10:43:58+00:00,1,1250.0,0,0,0,5.0000,1
0x95db0c576c4bd75d73f1234e8ed099836fcf2901,2026-06-13T22:22:36+00:00,2026-06-13T22:22:36+00:00,1,0,0,1.002,0,0.999996,1
0x95e0bf188e5d98e204879e0bbd89a3bbe4bcc9da,2026-05-11T12:31:41+00:00,2026-05-11T12:31:41+00:00,1,571.428571,0,0,0,3.9999990255714293,1
0x95f4b12178f839f91908ff89d45e27a40954026a,2026-06-11T12:53:00+00:00,2026-06-11T12:53:00+00:00,1,0,0,3.253011,0,3.2399979999400671,1
0x96069944f38e180cf2055fefba2f83e31e50e119,2026-05-11T15:03:40+00:00,2026-05-12T01:24:46+00:00,2,0,0,88.82,88.82,176.30770,2
0x960ed79c3c5c39eccaed1cd7c16283d92e656780,2026-05-20T10:08:22+00:00,2026-05-20T10:08:22+00:00,1,130.0,0,0,0,1.0400,1
0x96467abb6b5b000e58198d27502544b85682d98d,2026-05-14T13:07:03+00:00,2026-05-14T13:07:03+00:00,1,0,0,40.241571,0,39.9598799989758429,1
0x965f5de7252988832d6b50ea3a7993e6eab69a46,2026-05-20T07:56:00+00:00,2026-05-20T07:56:00+00:00,1,0,0,1.007,0,0.999951,1
0x9661bdd7ff6308be38cd334c6dee1d37c018e668,2026-05-19T03:53:09+00:00,2026-06-03T10:00:09+00:00,3,0,0,15.810673,15.81,31.3626579996646841,3
0x967983fdf59950d48743dbb4b63f15038dc7acdf,2026-05-30T21:16:17+00:00,2026-05-31T11:05:08+00:00,2,0,0,100.3,100.3,199.3964,2
0x968d101abbe5442c78f65d44441d5bc65a08e3b6,2026-06-17T12:27:50+00:00,2026-06-17T12:27:50+00:00,1,1000.0,0,0,0,2.0000,1
0x96946e9cb4973e2b139e967aff99454592a95ca7,2026-05-18T10:45:54+00:00,2026-05-19T09:47:15+00:00,2,0,0,43.0,43.0,85.3120,2
0x96adbc7b4554317f3b7115af34c5b2de46788db9,2026-03-19T21:36:13+00:00,2026-03-22T02:45:29+00:00,2,35.09,35.09,0,0,2.38612,2
0x96ae74e11bc23070f9771e0dbef14553f06c61c1,2026-03-29T12:49:04+00:00,2026-03-29T12:49:58+00:00,3,0,0,889.001817,889.0,1679.3227179995453938,3
0x96b542bf4bfbba3801f1304dd611f34199600821,2026-01-30T21:24:54+00:00,2026-02-12T03:59:07+00:00,2,582.046018,582.04,0,0,42.8048789714332628,2
0x96bec5eadcdfc946ed280988fb128b0759d09947,2026-03-23T21:34:15+00:00,2026-03-29T20:14:48+00:00,3,50.00,50.0,0,0,5.70000,3
0x96bf7a13ad94a10aa5080bbfae666df07f096397,2026-04-05T23:23:49+00:00,2026-04-05T23:23:49+00:00,1,50.95,0,0,0,1.000000001130,1
0x96ce10726cc852e5f3b8cdd294378e24ba0b5e65,2026-02-02T21:23:08+00:00,2026-03-07T12:07:13+00:00,17,4913.029160,0,0,0,115.9999919574223498,17
0x96d9b41414026971ee44caf9b711a15f3abe149b,2026-05-16T01:06:58+00:00,2026-05-16T15:00:47+00:00,2,714.285714,714.28,0,0,9.2856789980000004,2
0x96ecf1bac4eaa9266bfcdf32de69d71f0b49da6a,2026-05-16T18:03:41+00:00,2026-05-17T06:25:41+00:00,2,0,0,51.56,51.56,102.39816,2
0x96feaacec6d321d72958c8fc63bcd5f594adf1ad,2026-05-10T12:13:07+00:00,2026-05-10T12:13:07+00:00,1,166.666666,0,0,0,0.999998996000004,1
0x96fec3a8dc1d4d0d12279f59291af2cd513bbe22,2026-05-14T09:33:31+00:00,2026-05-22T17:32:38+00:00,2,2250.0,0,0,0,20.0000,2
0x9725f242d728723eed0c76639af39d013d8646d0,2026-04-06T20:48:39+00:00,2026-04-07T06:33:57+00:00,2,588.235293,588.23,0,0,20.473950008719,2
0x9742ed918c9503f336e71b3be4ba053053ef8559,2026-03-19T01:35:31+00:00,2026-03-19T01:35:31+00:00,1,135.135135,0,0,0,4.999999995,1
0x974c567f17e42ca00fc9cb12e37519c57840156e,2026-06-14T02:07:39+00:00,2026-06-14T13:25:55+00:00,2,0,0,12.012,12.01,23.985968,2
0x974ebaead50bccd38ba05d3a7dac0f62528dfb14,2026-03-19T04:34:41+00:00,2026-03-20T04:54:49+00:00,2,28.571427,28.57,0,0,2.0285189992857663,2
0x9768660de14e0e0cb128930079d2d93668ba1b82,2026-06-10T23:28:51+00:00,2026-06-10T23:28:51+00:00,1,7070.0,0,0,0,28.2800,1
0x976a1e74e765bf2a2d0ea3d572ff1567232697cd,2026-05-13T16:31:49+00:00,2026-05-13T17:56:57+00:00,7,0,0,46.60,46.6,92.45440,7
0x976eb23c4faaef1a2253bfc5d32e6948e842e924,2026-06-03T09:38:43+00:00,2026-06-03T09:38:43+00:00,1,166.666666,0,0,0,0.999998996000004,1
0x9776229898c3150ccc5177a32fd5feedbd0df2a3,2026-05-17T12:20:10+00:00,2026-05-18T02:04:04+00:00,2,0,0,116.21,116.21,230.79306,2
0x978e7fb29354ef2468eb373076fd52ffcdc380bc,2026-04-28T06:23:24+00:00,2026-04-28T06:23:24+00:00,1,423.71,0,0,0,5.93194,1
0x979321911a6a60db8d0509edf7227b67243dc7a2,2026-03-02T08:46:37+00:00,2026-03-02T12:58:21+00:00,5,77.692307,77.69,0,0,2.0099699966275704,5
0x97972c087e99ecce7f18823623c099d2daeea8bf,2026-05-15T13:58:03+00:00,2026-05-16T00:26:50+00:00,5,0,0,70.79,70.79,140.58894,5
0x97ac44dd8cf28de154c9b54725fa3594588492b2,2026-06-17T13:08:10+00:00,2026-06-17T13:08:10+00:00,1,5000.0,0,0,0,10.0000,1
0x97b002d79669f8a2b6970a993f4c096cc113f0fb,2026-05-11T03:07:46+00:00,2026-05-11T14:55:46+00:00,2,0,0,264.68,264.68,525.91916,2
0x97b5dda2025bbe9d141d85ddd64e711a01bf7558,2026-06-16T09:07:30+00:00,2026-06-16T10:10:01+00:00,8,2500.0,1600.0,0,0,6.6000,8
0x97be330eac2e5513c202a80ca479a327aa835ffb,2026-05-31T17:07:11+00:00,2026-05-31T17:07:11+00:00,1,0,0,11.0552,0,10.9999240,1
0x97c41a62a4b4f60bd1a1ce88fc3488b6a72b62f7,2026-04-09T08:27:27+00:00,2026-04-09T23:07:55+00:00,2,0,0,18.55,18.55,36.32090,2
0x97c61828a703bf92c7e472e4247775514a306587,2026-05-13T11:50:21+00:00,2026-06-14T20:19:52+00:00,204,0,0,1172.588119,1172.55,2332.3324750137380829,204
0x97d48add197af1cffed8aa4acc9b5873cb643dd4,2026-05-17T12:20:10+00:00,2026-05-18T00:44:04+00:00,2,0,0,112.78,112.78,223.98108,2
0x97e259c0e8f825c51097a30113323c55cc418c5c,2026-05-09T00:20:18+00:00,2026-05-09T00:20:18+00:00,1,166.666666,0,0,0,0.999998996000004,1
0x97e6ec01ef44a6da63affa9759bbcc290d128a00,2026-06-17T11:59:01+00:00,2026-06-17T11:59:07+00:00,6,21000.00,0,0,0,42.00000,6
0x97e7fe3543f0c9aba25e024ff812de08b67a6eca,2026-05-31T11:04:46+00:00,2026-05-31T12:25:33+00:00,2,0,0,12.1506,12.15,24.1669470,2
0x97eb4f17af9bd21df2e4f059254196663c5ece45,2026-04-01T16:45:23+00:00,2026-04-01T23:55:01+00:00,2,0,0,40.48,40.47,78.40009,2
0x97f3c54832817629e6357f4d5e072afdcdfb1365,2026-05-14T09:30:28+00:00,2026-05-14T09:31:59+00:00,3,1190.0,1190.00,0,0,19.04000,3
0x97f8d4c9c5406f430f92be9bef1421be9701fa1a,2026-06-07T13:00:46+00:00,2026-06-07T13:00:46+00:00,1,400.0,0,0,0,1.2000,1
0x97f91fc064aef3d265c1e92c43c8cda33e7b4f82,2026-05-27T13:11:17+00:00,2026-05-28T00:44:10+00:00,2,0,0,83.98,83.98,166.78428,2
0x97fb942ab06e848530b94721e82270cdce2ed8af,2026-05-17T03:58:53+00:00,2026-05-17T10:14:24+00:00,2,0,0,400.0,400.0,794.8000,2
0x97fe5649116f5c7e8608b3e511acf30e6f2e8c21,2026-05-22T02:09:30+00:00,2026-05-23T01:16:09+00:00,2,0,0,10.606,10.6,21.00454,2
0x982837ea616377dee58ba2a5e51d9b719853559f,2026-06-16T06:31:39+00:00,2026-06-16T06:31:39+00:00,1,2500.0,0,0,0,5.0000,1
0x98386bb624a6996a45e2e9cbf88d68b2c6992fe3,2026-06-05T16:01:09+00:00,2026-06-06T02:41:58+00:00,2,0,0,122.99,122.99,244.99608,2
0x983df9993f7fcd6549f513b2187d679c563933e6,2026-05-13T07:12:40+00:00,2026-05-13T07:18:30+00:00,3,1420.0,1420.00,0,0,19.88000,3
0x98405ff1b31ccd265f60e31ce1b34d9d8e15e6bc,2026-04-29T17:51:12+00:00,2026-06-16T18:34:41+00:00,1969,0,0,22801.468715,22801.465342,45231.8819409997157979,1969
0x9842dc1ac57c5e3537d8a0993dc000339629132b,2026-05-20T20:44:55+00:00,2026-06-12T08:46:15+00:00,9,40038.938599,40038.93,0,0,681.0226098580380608,9
0x9885a7906aa4a1fbe947f60f27222e179d82c43e,2026-05-26T21:24:07+00:00,2026-05-26T21:24:07+00:00,1,0,0,537.545166,0,534.319895004,1
0x989fa9ff0d32bd1e4c8c1fade11b85d1ec84cc21,2026-04-01T17:44:53+00:00,2026-04-01T17:44:53+00:00,1,161.290321,0,0,0,4.9999989993871061,1
0x98a37bed33cd6bb56f773f0cd2a920333524701a,2026-05-11T03:07:46+00:00,2026-05-11T15:20:46+00:00,2,0,0,55.63,55.63,110.53681,2
0x98a3e6336586d4f6e12d854cb8632a772f714ced,2026-05-17T12:20:10+00:00,2026-05-17T23:38:16+00:00,2,0,0,53.87,53.87,106.93195,2
0x98b2c2a860a5fb0066334b84002f4a607abaada2,2026-06-04T08:30:19+00:00,2026-06-11T02:29:49+00:00,3,216.0,216.0,0,0,1.7280,3
0x98c4b5648eb9cb0f69a67f0b70d9aac77046ecb0,2026-06-17T05:50:10+00:00,2026-06-17T19:13:52+00:00,2,0,0,104.3,104.3,208.2871,2
0x98cf4e611122cdec53c816613e676ce8d1371f4a,2026-04-09T18:00:55+00:00,2026-06-15T15:58:40+00:00,3,5120.401334,0,0,0,7.9999979966321720,3
0x98d3011808ec0963b541aaca63974809dee67e3d,2026-02-13T08:32:17+00:00,2026-02-13T08:35:23+00:00,3,0,0,501.637652,501.63,979.690866004,3
0x98da09f56522d5e2930b73178a25f874877e510b,2026-05-11T20:35:53+00:00,2026-05-11T20:35:53+00:00,1,125.0,0,0,0,1.0000,1
0x98ddfcc13740ffefa2b715fb89902d8b49b6d1a6,2026-03-29T12:04:50+00:00,2026-03-29T12:10:04+00:00,3,0,0,1009.523808,1009.52,1907.9963979542857152,3
0x98df2ef1dfcbba3d7f67d3a7b869b7cd9bb059f1,2026-06-04T13:47:36+00:00,2026-06-10T22:36:40+00:00,10,40222.499999,36732.52,0,0,241.8380489303333336,10
0x9900f2233bba6c8ac913bd1193216ede703fc3b2,2026-05-18T20:25:56+00:00,2026-05-18T20:25:56+00:00,1,1250.0,0,0,0,10.0000,1
0x990655efc3e4ff8d488af70c268e32f5df61c0ae,2026-05-12T18:41:34+00:00,2026-05-13T17:55:59+00:00,2,5000.0,3500.0,0,0,58.0000,2
0x990bb553b25aabdeab14a60f1932226e7cd93132,2026-06-14T14:31:06+00:00,2026-06-14T14:31:06+00:00,1,0,0,102.09,0,101.88582,1
0x992be69949046e4de50aa8d94da5470af6f03ac4,2026-05-30T09:00:44+00:00,2026-05-30T10:32:22+00:00,2,0,0,10.3316,10.33,20.5479620,2
0x993095ad4866597a05ef905fe927769a29cf8ef2,2026-03-21T22:33:41+00:00,2026-03-21T22:44:33+00:00,2,60.625,60.62,0,0,3.839219998942,2
0x9932f8693a86c6d78a83421ce2bffa348d48884a,2026-06-12T11:19:39+00:00,2026-06-12T11:19:39+00:00,1,0,0,41.614666,0,41.489822002,1
0x9938d2dadb6035fd0480c83d51e9b25c5343dc84,2026-06-12T02:07:00+00:00,2026-06-12T02:07:00+00:00,1,0,0,1.815333,0,1.8098869999108002,1
0x9939c0f02731853249af4a7c807fe716966d8bc6,2026-05-24T23:54:13+00:00,2026-05-30T02:21:38+00:00,4,0,0,272.00,272.0,540.19200,4
0x993fe20a9ecfb7e3c072f7f8c3dcbf87243b35cb,2026-03-23T16:38:39+00:00,2026-05-03T15:33:56+00:00,26,0,11.71,115.85,115.36,219.97785,26
0x9944a71cb35a8c7757cb7e98d05674607604993f,2026-05-17T12:20:10+00:00,2026-05-18T01:01:03+00:00,2,0,0,277.34,277.34,550.79724,2
0x99522ad042d1970042412eeff97ee1f43a65de5d,2026-05-16T18:03:41+00:00,2026-05-17T07:15:37+00:00,2,0,0,51.96,51.96,103.19256,2
0x995825fc6a65e2150a68405152719b830d4b6b5b,2026-05-27T13:11:17+00:00,2026-05-27T23:45:34+00:00,2,0,0,272.7,272.7,541.5822,2
0x995eddfdef05aac71144613f6170946448b19630,2026-06-12T07:18:42+00:00,2026-06-12T07:18:42+00:00,1,0,0,99.0,0,98.7030,1
0x9972c79799ff7d768ce1128a79cceb43fe7d9109,2026-05-14T09:18:42+00:00,2026-05-14T09:19:17+00:00,5,1240.0,1240.00,0,0,19.84000,5
0x997f784a1ea275bbb9b61cba358c953fe17342a5,2026-05-15T07:48:24+00:00,2026-06-05T00:01:39+00:00,2,0,0,2.0,2.0,3.9800,2
0x9995c4bcde1863bcabceca1a0862635f30443fbf,2026-06-16T01:59:03+00:00,2026-06-16T01:59:03+00:00,1,0,0,84.154,0,84.069846,1
0x999724bfef00ea0e0d7c95e59d8ae52ae7c64a1a,2026-05-08T15:09:08+00:00,2026-05-08T15:21:32+00:00,2,0,0,7.0,7.0,13.9230,2
0x999df71b56167f936c616d01f2ca1803fdaa3173,2026-05-29T17:52:16+00:00,2026-05-29T17:52:16+00:00,1,340.0,0,0,0,2.0400,1
0x99a47bc89c971376d3c925d42783fe0dc9fd124f,2026-05-20T15:55:00+00:00,2026-05-21T04:34:23+00:00,2,0,0,114.803624,114.8,227.7667980005800680,2
0x99a6b0ef43643c08ccca26954cdae81b8f194e09,2026-06-05T12:54:00+00:00,2026-06-05T12:54:21+00:00,4,0,0,10.190,10.19,20.308670,4
0x99ad469ace42d1cfbd536ec3eedbdf5d9da4e3ca,2026-06-01T03:48:42+00:00,2026-06-01T08:00:34+00:00,2,0,0,17.0854,17.08,33.9774930,2
0x99b312546b500cbacbbe71745c9b936fe531d700,2026-04-30T11:27:08+00:00,2026-04-30T11:27:22+00:00,2,71.42857,71.42,0,0,1.928460001428571,2
0x99bbd387d2e37b00b843e3c24c8bf3e933fa82ed,2026-05-21T09:10:01+00:00,2026-05-21T12:14:37+00:00,93,5800.00,5800.00,0,0,92.80000,93
0x99cd622e6f65fd2fa0810ada0c922842617b4c5c,2026-06-05T08:16:57+00:00,2026-06-08T04:12:10+00:00,2,0,0,220.0,70.0,289.2000,2
0x99d13b89a392e987fe43f0c4b863565124a7d5c1,2026-02-16T18:14:43+00:00,2026-04-05T10:33:35+00:00,10,2299.99265,0,0,0,44.4998530,10
0x99d9537f3fd42a61406761d621f6979d45df5325,2026-04-13T05:32:37+00:00,2026-04-13T05:32:37+00:00,1,32.258063,0,0,0,0.9999990013871415,1
0x99e6497b254d5d33abf775476c08f51000746f9a,2026-06-17T05:50:10+00:00,2026-06-17T17:14:11+00:00,2,0,0,293.88,293.88,586.87836,2
0x99eb96868371371d62083157994ea17fa5dc4524,2026-06-15T15:59:16+00:00,2026-06-15T15:59:16+00:00,1,0,0,37.0,0,36.9260,1
0x9a04ab452ba0242e7732c524054c1f98fd3a1734,2026-06-11T05:33:10+00:00,2026-06-13T08:06:06+00:00,2,0,0,10.040159,10.04,20.0098779995422283,2
0x9a0f89349b3e073cfac54c36aab0d8ecd5eea001,2026-06-16T17:44:19+00:00,2026-06-17T14:31:41+00:00,4,196645.0,0,0,0,393.2900,4
0x9a1bc4716664a28ea8073c275e0c852e2a3cee30,2026-06-04T05:33:15+00:00,2026-06-04T06:56:30+00:00,2,4000.0,4000.0,0,0,36.0000,2
0x9a3c11901b26300f4bab14f35eb9ad0f58842063,2026-06-10T00:53:42+00:00,2026-06-10T00:53:42+00:00,1,161.977142,0,0,0,0.9999999985231052,1
0x9a4676b8f958a6b2228106bfc924e43e41dc0e8d,2026-05-17T18:18:27+00:00,2026-05-18T04:10:36+00:00,6,0,0,15.98,15.98,31.74198,6
0x9a6a7f0ef237e347df23ff6557d7e65b9a5c8a9e,2026-05-31T05:44:52+00:00,2026-05-31T06:44:48+00:00,2,0,0,17.608,17.6,35.014360,2
0x9a73ad664ff70640cb0840f4bf2e293ec018d0d9,2026-04-19T16:59:48+00:00,2026-04-19T16:59:48+00:00,1,173.684209,0,0,0,3.2999989983684296,1
0x9a80ce5ed3815876d8bda99527c35f7c4837d3ff,2026-04-12T08:05:55+00:00,2026-04-12T21:23:23+00:00,5,0,0,143.282607,143.28,279.9716679999059292,5
0x9a81c5f2c89239f5c0f15c6773ac7662f6f0f4c9,2026-05-27T20:57:02+00:00,2026-05-27T20:57:02+00:00,1,0,0,16.871166,0,16.7699390006257668,1
0x9a8f6c223168c919033f87ddfaabb7a7231a4118,2026-05-10T10:52:46+00:00,2026-05-18T15:58:20+00:00,2,166.666666,166.66,0,0,2.166618996000004,2
0x9a90ed649a8bdfd3530b190056d319e39abe5be9,2026-06-05T20:37:19+00:00,2026-06-05T20:37:19+00:00,1,0,0,21.063,0,20.999811,1
0x9a917be3cc7cf8d3dbee25d4a4eceffb5689946c,2026-06-06T20:04:54+00:00,2026-06-07T15:10:40+00:00,6,0,60.00,0,0,0.16600,6
0x9a924951f67dd7167a15857c78bc39ce1f4a05c8,2026-06-15T16:09:37+00:00,2026-06-15T16:09:37+00:00,1,25000.0,0,0,0,50.0000,1
0x9a94e5b4f0d6c646ed49e832cf8142c45474d5f9,2026-06-15T11:20:27+00:00,2026-06-15T11:20:27+00:00,1,50.0,0,0,0,0.0500,1
0x9a967596405ac979e812d5037215a8c1fc13c691,2026-03-30T02:07:16+00:00,2026-03-31T14:44:55+00:00,5,105.673659,105.67,0,0,12.2124719996778544,5
0x9a9eb51fc57c08057d79b9bc9f131431ce350afa,2026-03-21T03:47:01+00:00,2026-03-21T15:18:05+00:00,2,220.02,220.02,0,0,16.50150,2
0x9aa07a637500769bc35eee5ff31497d8c0db8779,2026-05-28T01:04:31+00:00,2026-05-31T06:15:54+00:00,3,0,0,20.0,20.0,39.7600,3
0x9aa334ef75f80d73c75a8dfd27ae93a3ad3e6185,2026-05-13T04:34:31+00:00,2026-05-13T04:40:18+00:00,3,1390.0,1390.00,0,0,19.46000,3
0x9aa3539ca8536ca6f0be6ff3892d10d67227b61a,2026-05-06T11:43:42+00:00,2026-05-06T11:56:16+00:00,4,0,0,160.0,160.0,317.2800,4
0x9abc6bdadc4dd83cdc04bad976fbfdf2d21d0053,2026-03-11T12:29:13+00:00,2026-03-30T08:29:20+00:00,4,45.121951,41.77,0,0,4.0377000000243902,4
0x9ac03a691da46f7cae51cff81264ac43ad51c965,2026-06-10T22:51:42+00:00,2026-06-14T08:47:21+00:00,2,0,0,8.024,8.02,16.003888,2
0x9ac84a94a80d06a4a9d1a576aafd8ee287a88b07,2026-06-17T05:50:10+00:00,2026-06-17T16:33:20+00:00,2,0,0,94.28,94.28,188.27716,2
0x9adb7f4a9352aa1b0d128ec22b25e71aff790dc6,2026-04-28T13:09:06+00:00,2026-04-30T09:09:32+00:00,2,277.777776,277.77,0,0,8.3332389957777840,2
0x9af4a32be5da25603bcfb82d88f40ef2013c0597,2026-04-20T16:38:16+00:00,2026-04-20T16:38:16+00:00,1,210.526314,0,0,0,3.9999989975789556,1
0x9b09669f745bd0666f3d32edcca121aeacb6bc91,2026-05-29T09:52:59+00:00,2026-05-29T11:04:12+00:00,2,0,0,13.1556,13.15,26.1609220,2
0x9b24e413d2cef7fc90f3f165495bb2ade58fb121,2026-05-26T19:18:36+00:00,2026-05-26T19:18:36+00:00,1,0,0,319.9195,0,317.9999830,1
0x9b2844adb9f97bfa9c6b36be17aa4d0847a75b76,2026-06-16T12:57:28+00:00,2026-06-16T14:25:37+00:00,4,7250.0,0,0,0,17.0000,4
0x9b35a73d4321cd5c4b36e0deb5189132b82c72d7,2026-05-04T08:09:40+00:00,2026-05-08T08:48:03+00:00,9,1445.9844,0,0,0,15.643844,9
0x9b3ff895f35346120578a7f4f90795dcd7e5bc42,2026-05-07T02:51:49+00:00,2026-06-03T05:12:16+00:00,21,0,0,1089.798,991.79,2066.604918,21
0x9b4b782b8ff3b139fc0491a91ff6227632cd591c,2026-05-17T23:43:49+00:00,2026-06-13T23:35:04+00:00,75,0,0,360.150128,360.09,715.7606570038636674,75
0x9b4d60904c13bd52aab13122b5372e83e63fba05,2026-02-06T12:27:45+00:00,2026-02-19T12:41:52+00:00,2,125.0,125.0,0,0,4.3750,2
0x9b612bcaabebcb7f2fbd7bfdf2727f3516e74d78,2026-05-01T05:41:06+00:00,2026-05-01T05:41:06+00:00,1,1083.333332,0,0,0,12.999999984,1
0x9b68069343bf25b41353a740765031c84feeb64b,2026-03-10T19:29:33+00:00,2026-03-30T21:23:43+00:00,4,16.294575,12.9,0,0,1.47058300,4
0x9b6bd8de767f541cce89e9c8e6a5df837bf69a8a,2026-06-15T11:20:27+00:00,2026-06-15T11:20:27+00:00,1,10000.0,0,0,0,10.0000,1
0x9b71ebfdbfa40312b32226578795300cd69b08fb,2026-05-26T20:39:44+00:00,2026-05-26T20:39:44+00:00,1,0,0,7.4245,0,7.3799530,1
0x9b75ac535827593ba2211a8f7ce17256fda32cc3,2026-06-12T17:23:37+00:00,2026-06-12T17:23:37+00:00,1,0,0,1.053,0,1.049841,1
0x9b772caa4c293cbfb16b8537eea315a988f9b6c2,2026-05-05T07:53:40+00:00,2026-05-05T07:53:40+00:00,1,0,0,409.0909,0,404.999991,1
0x9b79ab1bfca1f4065b21a86928bb769c874be1dd,2026-05-11T11:54:02+00:00,2026-05-11T11:54:24+00:00,2,0,0,5.030166,5.03,9.9947749999758672,2
0x9b924b3ef7ad322f55647ad3db5165bb15ea74bd,2026-05-27T18:57:31+00:00,2026-05-27T18:57:31+00:00,1,0,0,5.623666,0,5.5899240000634338,1
0x9b951d16a3bc935a4defea0146c43e25c9c3050f,2026-05-31T08:16:11+00:00,2026-05-31T18:58:59+00:00,2,0,0,58.95,58.95,117.19260,2
0x9b9c99a5bc4a6a32580c7c8d2aea28086ca6ecfb,2026-05-13T05:37:33+00:00,2026-05-13T07:18:28+00:00,3,1400.0,1400.00,0,0,19.60000,3
0x9ba7a58b234d5b3c21e2ca27d95b894250577e61,2026-04-16T10:04:22+00:00,2026-04-16T13:19:26+00:00,4,0,0,122.95,122.95,239.99840,4
0x9ba8dced51ce84b36ffe561887ee9b12fad07f7e,2026-05-30T11:46:48+00:00,2026-05-30T12:50:49+00:00,2,0,0,10.0502,10.05,19.9896490,2
0x9bb514d1c6fe061c2b588d0acae418085a574bc1,2026-05-20T20:44:55+00:00,2026-05-21T10:36:23+00:00,2,0,0,264.21,264.21,524.19264,2
0x9bb958a057d181e8126d5b62979fccfffc829d71,2026-05-06T02:53:40+00:00,2026-05-06T02:53:40+00:00,1,555.555555,0,0,0,4.9999989950000010,1
0x9be4beac266a62bb4c76f076bbe1e2984aa2942f,2026-06-12T16:47:46+00:00,2026-06-12T16:47:46+00:00,1,0,0,1.033,0,1.029901,1
0x9be90ea78bff3f81f3564a11d5e12b2a0783c030,2026-02-04T19:45:27+00:00,2026-03-21T03:47:21+00:00,26,0,0,1972.211723,0,1907.6124619984136799,26
0x9bf19d5560bdad5fdc058f60744c92f60338e7a4,2026-06-10T14:10:22+00:00,2026-06-10T14:41:40+00:00,2,7981.0,0,0,0,31.9240,2
0x9bfd28e1f8502c03171dc8227e6dea265e73a7a1,2026-06-02T08:45:02+00:00,2026-06-02T08:45:02+00:00,1,833.333333,0,0,0,4.9999989980000004,1
0x9c06e45170f05d1c4205a3aabc4a3419a6281846,2026-05-08T22:54:19+00:00,2026-05-08T22:54:19+00:00,1,0,0,2.8542,0,2.8399290,1
0x9c0764f35d0d1373c85ecdf609a9ff6e0c7fcc3b,2026-05-09T16:06:03+00:00,2026-05-09T16:06:03+00:00,1,1421.428571,0,0,0,9.9499990020000003,1
0x9c136b7ad461ee6e8e81913301c02e7298c864ce,2026-06-11T04:25:25+00:00,2026-06-15T11:20:27+00:00,2,0,0,200.0,200.0,399.0000,2
0x9c2b39adca2bc4c2da9286dc1d1e0d5f6ca83f29,2026-05-14T09:32:02+00:00,2026-05-14T15:34:45+00:00,3,1210.0,1210.00,0,0,19.36000,3
0x9c3466d54157f10acdfffa59d74394d997fe205b,2026-05-11T03:07:46+00:00,2026-05-11T15:33:39+00:00,2,0,0,94.06,94.06,186.89722,2
0x9c36f32813d421b393a66c640d6cd3a62c2127bd,2026-05-10T06:13:38+00:00,2026-05-10T06:13:38+00:00,1,166.666666,0,0,0,0.999998996000004,1
0x9c4c0ec09a5b5becedeed832abe76c727bb394fb,2026-03-18T20:20:55+00:00,2026-03-26T14:10:23+00:00,20,0,0,41.741114,41.74,79.4175419997613856,20
0x9c62b31f3ea2a29d3f24a534e98664b31ebecd27,2026-04-29T16:05:18+00:00,2026-05-03T19:54:36+00:00,2,2000.0,2000.0,0,0,52.0000,2
0x9c7b9e5df6d631c0bf9323242ecf11bfd3610401,2026-05-14T09:18:23+00:00,2026-05-14T09:19:09+00:00,6,1250.0,1250.00,0,0,20.00000,6
0x9c7e2ae77f0d49ee5791af02d18977c9ebf9f501,2026-05-26T04:31:11+00:00,2026-05-26T04:31:11+00:00,1,142.857142,0,0,0,0.999998994000006,1
0x9c9623a2f60f9ee1805d3941a7ee5b9fe6a0451a,2026-05-15T14:03:06+00:00,2026-05-15T14:14:04+00:00,2,0,0,6.036166,6.03,11.9877389997746838,2
0x9c9a51365c8f54c3520202e6ced0c6f4faacaa26,2026-05-30T21:16:17+00:00,2026-05-31T10:05:10+00:00,2,0,0,90.54,90.54,179.99352,2
0x9caafc71675ddd802bb81d8f7c3d3faff2c23f9d,2026-06-02T12:00:49+00:00,2026-06-10T14:20:37+00:00,2,500.0,500.0,0,0,3.933330000,2
0x9cace9090723efd56a13ace2e3f4e2eddf542d4e,2026-06-16T23:01:44+00:00,2026-06-16T23:01:44+00:00,1,0,0,105.0,0,104.8950,1
0x9cd2e1251b1559f6ebc0ff79c286ea34319f950a,2026-06-12T15:40:31+00:00,2026-06-12T15:40:31+00:00,1,0,0,1.063,0,1.059811,1
0x9ce734a7681331beed51f64d47aaf0ca7594633a,2026-05-15T10:31:16+00:00,2026-05-15T10:58:34+00:00,2,0,0,6.036166,6.03,11.9877389997746838,2
0x9d03f88211b976a898b07feffa7d191217c9835a,2026-06-13T17:05:52+00:00,2026-06-15T11:20:27+00:00,2,0,0,200.0,200.0,399.2000,2
0x9d0636a3bb7cb3cffc09a5aa69786ea7a23f5f7b,2026-04-04T18:19:25+00:00,2026-04-04T18:19:25+00:00,1,35.714284,0,0,0,0.9999989984286172,1
0x9d2ca88f035cc195e1288ce34317b458d2b689e5,2026-06-01T06:19:51+00:00,2026-06-01T06:20:28+00:00,2,2951.666666,0,0,0,17.7099989960000004,2
0x9d2d4160300aab178754895c633d5f94ad1c6988,2026-06-17T12:48:44+00:00,2026-06-17T12:48:44+00:00,1,500.0,0,0,0,1.0000,1
0x9d3d3ab319106c650b48f882ed829442e15a8bee,2026-04-13T17:02:31+00:00,2026-04-13T17:24:59+00:00,2,517.241378,517.24,0,0,29.9999600137241378,2
0x9d459aa1206b683d9cbd452144357fe5c4c20682,2026-03-13T02:57:07+00:00,2026-03-13T03:00:03+00:00,3,0,0,430.0,430.0,831.6200,3
0x9d51b1b87a9dcf3f50ba621fe9f14f8588420f67,2026-05-28T12:26:14+00:00,2026-05-28T12:26:14+00:00,1,500.0,0,0,0,3.0000,1
0x9d52e6d3dc80b3c5d6c74802d1db1c0f5d659a16,2026-05-04T06:52:36+00:00,2026-05-05T02:32:58+00:00,38,12699.924250,0,12699.992726,0,12687.2920039725566432,37
0x9d55430dd6651603a5c16dd4e9ae04ef7cc8edde,2026-03-12T16:57:51+00:00,2026-05-24T13:23:40+00:00,27,160.00,160.0,0,0,5.8150,27
0x9d596f28de3f74b71d9620b893779faf68333210,2026-03-23T05:03:35+00:00,2026-04-25T04:45:58+00:00,6,371.834240,371.83,0,0,22.7907779833376428,6
0x9d61b5a5a36b9aa8560fc8659051b2b1ca00abb3,2026-05-14T04:44:25+00:00,2026-05-14T04:44:25+00:00,1,1250.0,0,0,0,10.0000,1
0x9d67c7a9b55b5e9ebf4cad55069d9504184d77d9,2026-05-09T07:46:33+00:00,2026-05-09T10:54:54+00:00,2,0,0,12.3718,10.51,22.7463710,2
0x9d6912555ed370a5d863a7de3547549c2d583cc9,2026-05-24T16:57:08+00:00,2026-05-24T20:27:42+00:00,2,0,0,198.588625,198.58,393.792696000,2
0x9d6a3358ca8017782f8271b926f010b0509127c3,2026-04-11T19:39:07+00:00,2026-04-11T19:50:19+00:00,2,0,0,17.27,17.27,33.74558,2
0x9d6cb3d7750e8da1d73288817e6c5756fee7d630,2026-03-27T20:46:21+00:00,2026-03-27T20:46:21+00:00,1,16.129031,0,0,0,0.9999989994194268,1
0x9d77b70cd7f7b8aa1edc140e364dc4519d67cf31,2026-06-06T03:28:34+00:00,2026-06-07T09:11:21+00:00,2,1250.0,1250.0,0,0,8.7500,2
0x9d987ed61b924755eb183a790df973602c8ec8c6,2026-05-17T10:49:28+00:00,2026-05-19T13:47:46+00:00,2,0,0,228.37022,228.37,453.54303799488934,2
0x9d9a3c46827fcde172cb540864511cec63f2eefd,2026-05-28T04:42:41+00:00,2026-05-28T04:42:41+00:00,1,142.857142,0,0,0,0.999998994000006,1
0x9d9b0a7bef4e4c0643b9809608a98d93eeed6d3a,2026-04-22T10:32:50+00:00,2026-05-12T17:05:26+00:00,2,676.470588,0,0,0,5.999999996,2
0x9db3b0d6e985e65dc7e68ef40e394dba607e7746,2026-05-17T21:59:10+00:00,2026-05-17T21:59:10+00:00,1,0,0,5.2515,0,5.2199910,1
0x9dd9e18b9dcc393705e73966bc79eccbbd9108bd,2025-12-11T11:41:27+00:00,2026-02-21T18:32:24+00:00,2,0,0,12.0,12.0,21.720,2
0x9de2a8d2d54df4a47bd26a12b39670fdc7b0b30d,2026-05-05T02:26:54+00:00,2026-06-06T03:02:21+00:00,15,0,0,1327.126799,1227.12,2535.4811170056981943,15
0x9dfb91474f51ef6bf8e1531c37d40068f82a6b27,2026-04-29T15:56:16+00:00,2026-05-14T09:18:32+00:00,3,300.0,300.0,0,0,6.1000,3
0x9e118e4196cbbf9dfe84e9d13aafb3ef47a52458,2026-05-16T13:31:14+00:00,2026-05-17T00:19:17+00:00,2,0,0,55.38,55.38,109.98468,2
0x9e1679b7eadb157e680fcbb126b2a3726bff74bd,2026-05-26T14:50:23+00:00,2026-05-26T14:50:23+00:00,1,0,0,34.486833,0,34.2799119985513167,1
0x9e17fc432a64372c0d90d627459449ec987a9206,2026-05-17T12:20:10+00:00,2026-05-18T00:02:44+00:00,2,0,0,104.43,104.43,207.39798,2
0x9e2320a6b60ebde516b69d9ed8d55d0c1442e609,2026-04-29T18:30:48+00:00,2026-06-17T05:13:20+00:00,75,0,0,766.48,765.85,1521.27276,67
0x9e29c28d07b52c5bf28ef884de8659a98048fc1b,2026-06-15T01:25:19+00:00,2026-06-15T01:25:19+00:00,1,0,0,10.08,0,10.06992,1
0x9e2ec1af9726faaf320ac998910fba1a47694606,2026-03-03T19:13:53+00:00,2026-03-23T10:56:01+00:00,2,192.78846,192.78,0,0,33.89515899591024,2
0x9e30f7c2b25378ca861420999d18f034ea93be1f,2026-05-25T19:03:11+00:00,2026-06-15T16:43:55+00:00,2,2928.571428,0,0,0,12.999999996,2
0x9e369630b26263e45e6c9670ed0a19c002eb508f,2026-03-21T22:44:31+00:00,2026-03-21T22:44:31+00:00,1,5502.642243,0,0,0,199.9999990269989736,1
0x9e38356c4a2af2ec29a902662be5122915cfc506,2026-05-13T12:38:22+00:00,2026-05-14T02:29:49+00:00,2,0,0,80.46,80.46,159.63264,2
0x9e46e26c73426f685fb3a06ae0bd19070ff5e76a,2026-06-09T16:20:03+00:00,2026-06-10T15:13:55+00:00,2,0,0,104.72,104.72,208.39280,2
0x9e4ab89e1ab4611e98ab1c3ffa4b2187de90c559,2026-05-27T13:11:17+00:00,2026-05-28T00:06:30+00:00,2,0,0,93.35,93.35,185.39310,2
0x9e4d2153c1af73d737a9acbaa9e363066a6e4ca0,2026-05-11T03:07:46+00:00,2026-05-11T15:10:17+00:00,2,0,0,115.19,115.19,228.88253,2
0x9e539d207d366a6b57fc2311640fc713aa5a1795,2026-05-03T09:04:42+00:00,2026-05-03T19:19:14+00:00,2,0,0,57.66,57.66,114.16680,2
0x9e7c3deb405c33ac3cbb1d038492fdfb3316f06f,2026-05-09T01:10:00+00:00,2026-05-09T17:04:02+00:00,6,0,0,2.071397,2.03,4.0765030000229385,6
0x9e7feb1a76e882c6cada69eeefb26e4b857223b1,2026-03-15T05:36:59+00:00,2026-03-15T05:36:59+00:00,1,256.410255,0,0,0,9.9999989962820565,1
0x9e806ebc0d5826c377a674d0bd401ab8dde230e2,2026-06-15T11:20:27+00:00,2026-06-15T11:20:27+00:00,1,100.0,0,0,0,0.1000,1
0x9e81167b7df964f77c838086efb68b2b4ba06c06,2026-04-01T10:34:37+00:00,2026-04-04T04:18:33+00:00,2,17.0,17.0,0,0,1.1050,2
0x9e84b02e36a11ef117bd98e0b15b29bd9a9186b4,2026-05-26T21:01:24+00:00,2026-05-27T18:00:49+00:00,2,14285.714285,14285.71,0,0,185.7142585664285715,2
0x9e8db471f5353cd6d80af102a20293d979d40bf1,2026-06-17T02:46:30+00:00,2026-06-17T02:46:30+00:00,1,0,0,165.995,0,165.829005,1
0x9e960a9a99985f60962e8fab49115f981fbb7b13,2026-06-01T19:50:23+00:00,2026-06-01T20:00:24+00:00,2,5746.666666,0,0,0,34.479999009333336,2
0x9e9888e273b099c1a93e35a08a7a3ab59cdb152e,2026-06-14T08:47:42+00:00,2026-06-14T08:47:42+00:00,1,0,0,35.115,0,35.079885,1
0x9e9e211910311132b3c7434319a871ed89996205,2026-06-16T14:32:16+00:00,2026-06-16T14:32:16+00:00,1,0,0,33.393,0,33.359607,1
0x9ea61915ba306e6d54c0142d20e626e85cab7172,2026-05-27T04:41:44+00:00,2026-05-27T04:41:44+00:00,1,0,0,33.812833,0,33.6099559986187167,1
0x9ec12810b9811126e7e10d42f95acc7577becfda,2026-05-30T04:01:57+00:00,2026-05-30T06:25:18+00:00,2,0,0,12.0602,12.06,23.9875390,2
0x9ee03d6468928afa4b9efc9d32c98a42985d6b74,2026-05-26T22:24:04+00:00,2026-05-26T22:24:04+00:00,1,0,0,529.285666,0,526.109952004,1
0x9ee256266109cf154fc6837917b22e297ad7670a,2026-06-17T17:38:52+00:00,2026-06-17T17:38:52+00:00,1,0,0,96.68,0,96.29328,1
0x9ee48aa5066a73a949d9992e0dfdf86ce8e2dac2,2026-05-13T20:46:49+00:00,2026-05-13T20:46:49+00:00,1,119.99,0,0,0,1.07991,1
0x9ee50699c29d2054d709629b50e2def87e49c35a,2026-05-13T09:31:07+00:00,2026-05-13T10:42:38+00:00,2,0,0,92.545166,92.54,183.882115004,2
0x9f086ae32344b489a004109f06fced08154273a8,2026-05-04T08:51:44+00:00,2026-05-04T08:51:44+00:00,1,1000.0,0,0,0,12.0000,1
0x9f10e1e167799b636bc4e2fd851e460ae1d38f59,2026-06-11T14:57:42+00:00,2026-06-11T14:57:42+00:00,1,0,0,1.054,0,1.049784,1
0x9f15e726b5b4891c0389913ac13e09c70a40b6ff,2026-05-19T05:18:50+00:00,2026-05-19T13:16:53+00:00,2,0,0,39.274923,39.27,77.9558380009335549,2
0x9f16feb66b8a4355528fd9eb1f6fceb989337013,2026-02-25T16:00:06+00:00,2026-03-13T14:50:25+00:00,16,75.0984,75.09,0,0,2.2648160,15
0x9f18de4ed2dfecbf6dc1e7e40de4b132109ac735,2026-03-05T04:11:13+00:00,2026-03-25T10:46:07+00:00,21,2660.14,2660.14,0,0,234.347390025950,21
0x9f1c2219d75222e488d3969c2a72b50a373c3423,2026-05-22T17:40:16+00:00,2026-05-22T17:40:16+00:00,1,0,0,5.8224,0,5.76999800000112,1
0x9f1c77f0036ea94b9eac4c22e64be55a8a699b90,2026-06-02T18:48:31+00:00,2026-06-02T18:48:31+00:00,1,0,0,6.6934,0,6.6599330,1
0x9f1ea59ad334da61c626133265460b50ebd4e3a0,2026-05-20T01:51:18+00:00,2026-05-25T08:05:34+00:00,2,0,0,143.001006,143.0,283.8559979998932598,2
0x9f33814349f6a03ce8c6878ae176f7859f26eb24,2026-06-08T01:32:00+00:00,2026-06-09T03:36:22+00:00,2,333.333333,333.33,0,0,1.666658999000001,2
0x9f35a9e310d256a198ce2afcd8fa6a3f6c55cb39,2026-06-11T09:02:06+00:00,2026-06-11T09:02:06+00:00,1,0,0,1.004015,0,0.9999980000411570,1
0x9f3c143484dafb9454b74ed7b353198e131a1474,2026-05-27T22:38:39+00:00,2026-05-28T03:58:40+00:00,2,0,0,278.672,278.67,553.719278,2
0x9f4d647cbfd234f5bc85bddf8ddbaac4a29090df,2026-05-14T15:27:43+00:00,2026-05-16T06:38:02+00:00,4,0,0,11.072451,11.07,21.9864440001420392,4
0x9f555ea00e7d19bfd7fd29a0716ec13ea52171c9,2026-02-20T04:20:26+00:00,2026-02-20T06:07:36+00:00,11,1050.00,0,0,0,9.95000,11
0x9f6234e89c568ca25972d1fea51cf28f20b0831d,2026-05-11T15:32:34+00:00,2026-05-12T02:00:07+00:00,2,0,0,114.09,114.09,226.46865,2
0x9f62797a75e42232a415feab9c81e529faf60517,2026-06-10T19:09:31+00:00,2026-06-10T19:09:31+00:00,1,0,0,1.003,0,0.999991,1
0x9f6edf14057ccf454e5e494323bea99d9a2cbb44,2026-05-27T13:11:17+00:00,2026-05-28T01:29:59+00:00,2,0,0,44.0,44.0,87.3840,2
0x9f7249266512495455a3e06fa87676c1f2c6bfb2,2026-05-19T05:15:11+00:00,2026-05-19T10:08:43+00:00,2,0,0,101.711982,101.71,201.8963180039456216,2
0x9f76886ad7f040b2d9718646d6f40267920bfb8a,2026-05-18T03:17:43+00:00,2026-06-08T22:14:01+00:00,18,24118.85,24118.85,0,0,217.06965,18
0x9f78092318bb9af7c39d43126754cc83b555a159,2026-05-22T04:25:53+00:00,2026-05-22T04:25:53+00:00,1,0,0,82.119,0,81.379929,1
0x9f788927b128e261bb4b8cb26bd2892c215624a4,2026-06-16T01:05:58+00:00,2026-06-16T01:05:58+00:00,1,0,0,52.612,0,52.559388,1
0x9f8b94846ebd3fc7eb9469493c6ef53a2a14d3f0,2026-02-23T21:28:08+00:00,2026-02-27T01:44:06+00:00,7,0,0,23.98,23.98,47.02324,7
0x9f8e95168f6f2ff323ff1aa037c2832256b1bef8,2026-06-09T12:03:37+00:00,2026-06-14T02:01:27+00:00,5,0,0,99.996665,99.99,199.4866960009266460,5
0x9f9469a7866e07de4c721ff8e2960d9c9653cebb,2026-05-01T11:43:58+00:00,2026-05-01T11:43:58+00:00,1,181.818181,0,0,0,1.9999989910000045,1
0x9f9656f174dc5a86d8c28884574613b656de2201,2026-02-26T19:04:48+00:00,2026-02-27T01:44:06+00:00,2,0,0,12.17,12.17,23.8532,2
0x9f9f61c788e9c7c66499e1faa9424923245ebd2d,2026-05-11T15:32:34+00:00,2026-05-12T03:23:04+00:00,2,0,0,86.8,86.8,172.2980,2
0x9fbbeb6b46380278bb7017531cdd475b1965c892,2026-05-10T05:05:55+00:00,2026-05-10T05:05:55+00:00,1,833.333333,0,0,0,4.999999998,1
0x9fc7b6bd6eca52f5c36143bd816ce5c8fb0e2b75,2026-05-03T09:04:42+00:00,2026-06-02T04:40:14+00:00,4,0,0,101.1,101.1,200.5804,4
0x9fd162f9b3130e67f08343226164c1114d1bf661,2026-05-13T05:37:29+00:00,2026-05-13T07:12:55+00:00,3,1410.0,1410.00,0,0,19.74000,3
0x9fd44e4cd32876a9062cd5721ed52dad936298f1,2026-05-17T18:22:17+00:00,2026-05-17T18:22:17+00:00,1,714.285714,0,0,0,4.9999989980000004,1
0x9fda9b5b0af817d117e9450e6b9af145f16e0983,2026-04-15T06:43:40+00:00,2026-04-15T11:05:44+00:00,4,0,0,10.271739,10.27,19.9926939999049710,4
0x9fdec63c6991f5b0c0d3490ab5eac4722eb1498c,2026-05-23T03:32:02+00:00,2026-05-23T03:32:02+00:00,1,0,0,6.0,0,5.9460,1
0x9fff8722019e4ce3c15ca12666ed5610ca268e68,2026-04-09T08:27:27+00:00,2026-04-09T23:07:55+00:00,2,0,0,16.23,16.23,31.77834,2
0xa00b1003081a31a32b0be75c89c09ffacd63d087,2026-06-15T21:49:18+00:00,2026-06-15T21:49:18+00:00,1,25000.0,0,0,0,50.0000,1
0xa0238271c754230db2bef1494bd8f7910e786670,2026-03-29T16:29:34+00:00,2026-03-29T17:01:12+00:00,3,0,0,127.325554,127.32,240.4958039963890785,3
0xa02b81812045d0cf7f315c9357460b1bf7381abc,2026-06-13T18:19:19+00:00,2026-06-13T18:19:19+00:00,1,0,0,1.042,0,1.039916,1
0xa04a739c8ebcc907abaef05cf3b08b6b342b6bf2,2026-04-04T04:34:17+00:00,2026-04-04T04:34:43+00:00,2,146.764704,146.76,0,0,9.6863189967058944,2
0xa0576375443a05fcab0603f6aa56496318939d97,2026-05-11T15:32:34+00:00,2026-05-17T06:30:23+00:00,4,0,0,611.57,611.57,1214.27178,4
0xa0644aa27b276bf8c33a0431f33f4c95644bd164,2026-06-07T15:24:42+00:00,2026-06-07T15:24:42+00:00,1,33333.333333,0,0,0,99.999999999,1
0xa06496dc250f88ad3a0f2890b820bd8aab72b8fb,2026-06-10T08:11:45+00:00,2026-06-10T08:11:45+00:00,1,142.857142,0,0,0,0.999998994000006,1
0xa06a9e3b2afce0e393ff1e9ce652f88eb73cc0d8,2026-05-30T10:27:49+00:00,2026-05-30T11:56:19+00:00,2,0,0,15.1658,15.16,30.1590110,2
0xa0743093cacbf4e7a74a9e66f6b976a9742611b7,2026-05-26T10:30:46+00:00,2026-05-26T10:30:46+00:00,1,0,0,12.796666,0,12.7198860001610002,1
0xa080266432a545158e737d7f96fac3571540ee72,2026-05-30T21:16:17+00:00,2026-05-31T08:05:23+00:00,2,0,0,107.94,107.94,214.58472,2
0xa084157a716e34b9e5cf9e05708f7a4be5fdd389,2026-04-30T05:34:26+00:00,2026-06-16T18:25:20+00:00,73,0,0,856.666664,856.66,1701.3965460004968204,66
0xa08a40e521d0b162e33c250c6d48de21c2fed56e,2026-06-09T03:55:58+00:00,2026-06-09T03:55:58+00:00,1,0,0,88.0,0,87.8240,1
0xa09ef19822d70e40cc03177fd9d85e41027219fc,2026-05-26T21:27:02+00:00,2026-06-02T00:48:27+00:00,2,0,0,73.4405,73.44,145.9992170,2
0xa0adfa35a4931b7a2adf60e46e0556a287a4d29b,2026-04-16T00:29:56+00:00,2026-04-16T03:57:10+00:00,2,0,0,22.16,22.16,43.38928,2
0xa0cc7eec68f2266d540449b319d5eb9127a0f2df,2026-04-22T13:51:00+00:00,2026-04-22T13:54:04+00:00,2,12.69,12.69,0,0,0.45684,2
0xa0d5355c90a81281d06005cb6d4de522cfea37ae,2026-05-17T23:50:47+00:00,2026-05-22T02:02:09+00:00,6,10196.8625,10196.86,0,0,176.8701701792700,6
0xa0e2366af1eec69fee8538ccea45bfdb4b489ff0,2026-03-07T17:03:43+00:00,2026-03-07T17:11:27+00:00,3,756.0,756.0,0,0,88.4520,3
0xa0f3d5666016ee1b6bcb9e87435b5ec0cce87723,2026-05-13T06:27:03+00:00,2026-05-13T06:29:38+00:00,3,0,0,67.404166,67.4,133.9279410012837167,3
0xa0f75172057b6427525f481ac58dd6adb15bb576,2026-05-30T17:08:45+00:00,2026-05-30T21:19:05+00:00,2,0,0,16.7134,16.71,33.2395730,2
0xa0fa55bacf7bbc0d8ac8cc046450305b727eb925,2026-04-10T02:57:11+00:00,2026-04-10T03:03:11+00:00,2,0,0,5.0,5.0,9.7950,2
0xa10ee19cb9dcea57149bb32a8b52613103280ddf,2026-06-08T22:13:06+00:00,2026-06-16T21:08:58+00:00,44,39600.6165,0,0,0,79.2012330,44
0xa120ee6a9e4538865e9f6745c55b49ededaa1f26,2026-05-14T17:34:53+00:00,2026-05-14T17:49:14+00:00,2,0,0,10.070428,10.07,19.9893749999718288,2
0xa12fba86a420128b1ac6c5b462cb972fa6e59f9b,2026-06-13T23:26:42+00:00,2026-06-14T02:25:06+00:00,2,0,0,18.036,18.03,35.993868,2
0xa133945a0f7ece9892da71a25a78260ec976ff8e,2026-05-13T20:55:45+00:00,2026-05-13T22:35:45+00:00,4,0,0,48.10,48.1,95.33420,4
0xa1584176d267c05da8dfe044724a9439c22a1c1b,2026-05-27T05:22:41+00:00,2026-06-16T07:31:10+00:00,115,0,0,333.465316,333.43,663.7974040011696749,115
0xa15a8c7b85b5e9d36528b83d5582a5263680baa9,2026-06-16T14:41:34+00:00,2026-06-16T14:41:34+00:00,1,10000.0,0,0,0,20.0000,1
0xa165756a3cb112d01d9779ffdc8edb72ba4eaab5,2026-06-16T01:04:39+00:00,2026-06-17T13:09:32+00:00,3,29205.0,0,0,0,58.4100,3
0xa16d3e16fbb11a0ca09d4f4db3db2e82f005abbb,2026-06-15T04:32:37+00:00,2026-06-15T04:32:37+00:00,1,0,0,5.005,0,4.999995,1
0xa16faa0428bef8e639b815d8017884187454f064,2026-06-12T17:43:28+00:00,2026-06-12T17:43:28+00:00,1,0,0,1.053,0,1.049841,1
0xa18267346c98548f9b9dad3b232ecfaaf347aca0,2026-02-23T22:58:40+00:00,2026-03-09T15:45:59+00:00,9,30.0,20.0,20.0,5.0,28.0895600,9
0xa182e8c972aef37ab43999aed55e2acf175f341f,2026-06-09T16:20:03+00:00,2026-06-11T03:05:01+00:00,2,0,0,49.89,49.89,99.28110,2
0xa19326b97e682f6a0c23ccafc93e2c0732531cb5,2026-06-17T05:50:10+00:00,2026-06-17T17:39:25+00:00,2,0,0,48.39,48.39,96.53805,2
0xa1934078f16a25392976283740fcf5249e50664b,2026-05-19T16:35:23+00:00,2026-05-19T16:35:23+00:00,1,11666.25,0,0,0,93.33000,1
0xa1b16c2437585ce1c416a4e94f22577ab00593ab,2026-05-15T14:12:56+00:00,2026-05-16T02:57:56+00:00,2,0,0,268.68,268.68,533.59848,2
0xa1b94590d492673cdce06bcb8309a2e1fa72dd0a,2026-06-11T01:37:18+00:00,2026-06-11T01:37:18+00:00,1,250.0,0,0,0,1.0000,1
0xa1bdb11bea3ed660701b1e394789d8a83d6f880b,2026-04-08T21:30:33+00:00,2026-06-15T22:14:45+00:00,37,7943.9578,0,0,0,60.1567890,37
0xa1c40362affc9f9b24de05c617c204cc92fef3e2,2026-05-27T10:15:21+00:00,2026-05-27T10:15:21+00:00,1,1052.24,0,0,0,7.36568,1
0xa1c54f47dcaf45f341ef8e625e346a7808f37511,2026-05-27T20:43:04+00:00,2026-05-27T20:43:04+00:00,1,0,0,20.4225,0,20.2999650,1
0xa1dd9be32a9a11bf235ffebaf229c0a53341c4c9,2026-05-08T19:10:26+00:00,2026-05-09T05:46:14+00:00,2,200.0,200.0,0,0,2.2000,2
0xa1ed40cd667665d03b4bc0056125470bfd17cb67,2026-06-09T18:41:40+00:00,2026-06-09T18:42:28+00:00,3,500.00,0,0,0,3.30000,3
0xa1fad73e2fe2d3522cda4199f3507e091b70373a,2026-01-31T15:16:38+00:00,2026-03-29T04:21:30+00:00,31,2929.933672,2929.93,0,0,256.6516330970009065,31
0xa1ffbb2952fcd18b3b4759ccddeb7fdf90f655bd,2026-04-11T19:39:07+00:00,2026-04-11T22:41:41+00:00,8,0,0,10000.0,10000.00,19459.215279977632,8
0xa20822056c007d8d91f4e88fb6ffed9ca87c2e1b,2026-03-18T00:14:09+00:00,2026-03-25T08:11:13+00:00,30,0,0,546.776469,0,526.7276200010280907,30
0xa25502f62ea18c227e3629d01475474a50344e23,2026-04-15T16:01:20+00:00,2026-04-15T19:46:04+00:00,7,300.00,0,0,0,7.50000,7
0xa2618e71fc066de362c39dad9e4f5047d2f12fcd,2026-06-14T11:23:33+00:00,2026-06-15T05:33:13+00:00,2,0,0,3.003,3.0,5.993997,2
0xa269b9963d939a91baf778ff64954aa4fe94ddc9,2026-05-13T15:28:45+00:00,2026-06-17T10:12:46+00:00,5,7597.222222,0,0,0,11.999997998000002,5
0xa26ffa9e9454ee5ba9cb8ed9e1b1a200b9165578,2026-06-16T11:44:21+00:00,2026-06-17T00:46:28+00:00,2,0,0,112.02,112.02,223.59192,2
0xa27acb9d4b85ad760cad5da5f976781b59deabce,2026-04-26T12:54:42+00:00,2026-06-04T17:47:33+00:00,4,0,0,6.0402,6.04,11.9965170,4
0xa27cc58c7ced4ef8f3bbf09e66da9bebc4fdcec9,2026-04-18T11:34:44+00:00,2026-05-09T08:42:59+00:00,2,0,0,130.6,130.6,258.0656,2
0xa28264724eee4708bf0d9b139c01da3fa904575c,2026-04-08T16:00:11+00:00,2026-04-10T17:21:01+00:00,4,15045.857101,15045.85,0,0,601.5451565444464341,4
0xa28b2a3d5f37d63194317ff4fb1ffe2c35d32ba8,2026-06-11T23:55:49+00:00,2026-06-11T23:55:49+00:00,1,0,0,43.0,0,42.8710,1
0xa28cd312efd9e4a4fbe9fe0d7699d9d45f226a87,2026-04-29T23:54:36+00:00,2026-04-29T23:54:36+00:00,1,58.823528,0,0,0,0.9999999995294112,1
0xa296451e97ab56cc22a8b5a67a2e3c7dedf59c36,2026-06-11T21:54:22+00:00,2026-06-12T16:52:06+00:00,7,1515.0,1515.0,0,0,10.6050,7
0xa297222093a0aae6db9da63a2f86e9ffe0322574,2026-03-31T01:27:21+00:00,2026-03-31T08:18:49+00:00,6,703.741665,703.74,0,0,68.0941290041666760,6
0xa2a548add77512c8a514601c9a6d11d017c7baf3,2026-06-06T09:17:19+00:00,2026-06-06T09:17:19+00:00,1,0,0,31.12425,0,30.99975300,1
0xa2a8d7c9682f8365268aab7602ecd3d9427b8466,2026-03-31T01:26:27+00:00,2026-03-31T01:26:27+00:00,1,1000.0,0,0,0,53.0000,1
0xa2b3f78bed630b85aea534616e953c9c62cbbb93,2026-05-14T09:19:14+00:00,2026-05-14T09:22:07+00:00,3,1180.0,1180.00,0,0,18.88000,3
0xa2bbe92ea4d230677b3d498adf1a177dfb5f5bab,2026-01-31T12:35:34+00:00,2026-01-31T12:57:48+00:00,4,0,0,4.622454,4.62,8.9328329999724294,4
0xa2c2f1010e8133824efbc3f656b45c97578e3bae,2026-04-16T03:46:12+00:00,2026-04-16T03:46:12+00:00,1,40.0,0,0,0,1.0000,1
0xa2c6ccc8f9b567b54e7a1f8fb42bbf0d7e1cad4d,2026-06-15T21:22:54+00:00,2026-06-15T21:22:54+00:00,1,0,0,40.55,0,40.50945,1
0xa2db266a8281c6834399e5241765a4845fa85cb2,2026-05-27T13:11:17+00:00,2026-05-28T00:08:36+00:00,2,0,0,113.99,113.99,226.38414,2
0xa2e59596569740f5231244771b32ad03f7ee03fc,2026-05-30T18:29:23+00:00,2026-05-31T10:13:45+00:00,70,25324.999996,896.91,0,0,156.4345458806666679,70
0xa2f0c3f3c5965b1430a0cc378de54b3e5b3924a3,2026-05-27T08:28:22+00:00,2026-05-27T20:01:20+00:00,2,0,0,291.03,291.03,577.98558,2
0xa2fe128b71283fba7979e5d9ae6f05b90eb65de3,2026-05-29T09:30:50+00:00,2026-06-02T03:16:19+00:00,2,0,0,10.8742,10.87,21.6246090,2
0xa30caa3cab74832d6e847ad8e20987d6b20f7961,2026-05-26T22:11:35+00:00,2026-05-26T22:11:35+00:00,1,0,0,10.9355,0,10.8698870,1
0xa3282d3e882501229c75d0caf134e62e3afb4977,2026-04-03T12:41:07+00:00,2026-06-10T05:02:07+00:00,130,0,425.73,17682.72,0,17480.73859001760,130
0xa338e7e19cda9470e966f4b191ec46580cec2aca,2026-06-15T13:19:52+00:00,2026-06-15T13:19:52+00:00,1,10000.0,0,0,0,10.0000,1
0xa33bc4fb1b64137795014c4b8b42ef35d49b829c,2026-05-30T14:31:23+00:00,2026-05-30T16:23:13+00:00,2,0,0,10.0502,10.05,19.9896490,2
0xa33e1771243dd0f519d7e8df10ca57953c02425b,2026-06-11T08:07:03+00:00,2026-06-11T08:07:03+00:00,1,0,0,1.003008,0,0.9999979999729152,1
0xa349e113d4a28fa83d65a6d3fa653f5a5380a150,2026-03-11T12:31:53+00:00,2026-03-17T15:50:17+00:00,4,36.585364,36.58,2.070382,2.07,6.6356579983820752,4
0xa3574961669ef38bad84e92140df8f1e211ff408,2026-04-16T04:06:48+00:00,2026-04-16T04:11:28+00:00,2,0,0,21.09,21.09,41.35749,2
0xa35dc235507053aaca9116b45c11f4b4cb8dfe01,2026-04-02T08:16:31+00:00,2026-04-02T13:20:21+00:00,2,0,0,43.57,43.57,84.43866,2
0xa386d1d2b8849be4ae3a6e83922ab7e3ad8f719b,2026-06-03T18:37:39+00:00,2026-06-03T19:34:52+00:00,2,0,0,11.9396,11.93,23.7383220,2
0xa38ac12ecf2ade801b4a8c46d689e01a2949495f,2026-05-13T05:49:57+00:00,2026-05-22T18:21:13+00:00,2,3398.849571,0,0,0,29.1199989193134003,2
0xa3957792c2b5e838b2dd3a021d9b83a22e8ee703,2026-05-15T11:20:26+00:00,2026-05-15T11:42:29+00:00,2,0,0,7.042166,7.04,13.9906329997747004,2
0xa398ebbdb4408706d0bb505c707b7816023eb17f,2026-05-22T04:17:22+00:00,2026-05-22T07:28:06+00:00,2,0,0,270.0,270.0,534.8700,2
0xa3a209ddad7c48a1de8d100f423dcf2088abca4d,2026-05-17T23:20:18+00:00,2026-05-18T19:20:10+00:00,2,0,0,190.0,190.0,376.9600,2
0xa3a3588f7dfa9cf96602b57ee21b73c02ad4275b,2026-06-16T22:00:14+00:00,2026-06-16T22:00:14+00:00,1,1000.0,0,0,0,2.0000,1
0xa3a60f97e8ea97a2b9549eb8f9c0dce5145a3d43,2026-04-29T16:31:50+00:00,2026-06-03T13:57:46+00:00,4,1600.0,1600.0,500.0,500.0,1002.1000,4
0xa3a63f4261425580acc1e8543ee7d009f397263a,2026-05-05T04:59:30+00:00,2026-05-05T04:59:30+00:00,1,0,0,6.5454,0,6.479946,1
0xa3ad70cf48a2f2b44163e798223c01a2c2536866,2026-01-31T12:34:36+00:00,2026-04-27T20:39:48+00:00,575,0,0,67582.169766,0,65440.6553310691807111,568
0xa3af7bb68317a275c5a62841969aac398cd8c794,2026-06-14T17:57:49+00:00,2026-06-14T17:57:49+00:00,1,1500.0,0,0,0,3.0000,1
0xa3b98953f1755d840dd9abb73fa1321555cbcec7,2026-05-15T17:20:56+00:00,2026-05-16T02:21:39+00:00,2,0,0,158.953666,158.95,315.837294004,2
0xa3c2ec158f222f3f4f5f4f57b113d761a4d3df3d,2026-03-30T21:23:45+00:00,2026-03-30T21:23:55+00:00,4,30.00,29.9,0,0,3.29420,4
0xa3c7c8c3c49427d840f7e62e46d202fae2a53e1f,2026-06-05T02:03:16+00:00,2026-06-16T18:34:47+00:00,48,0,0,443.73,443.71,885.24460,48
0xa3cd9532b437ddc252b86dc4bd20fad5fa001afa,2026-03-11T12:32:53+00:00,2026-03-15T20:22:03+00:00,4,35.714284,35.71,8.995852,8.99,20.2842519990435488,4
0xa3ede821238e816679ae6e0fe9c7f8398cbb6e11,2026-05-29T22:00:11+00:00,2026-05-30T06:05:16+00:00,2,0,0,10.0502,10.05,19.9896490,2
0xa41a5ab2edc64f37f5bdbd6baba7b423c20d2171,2026-05-31T05:21:42+00:00,2026-05-31T22:30:53+00:00,2,0,0,7.035,7.03,13.987645,2
0xa4388d94b809dc915553c6e1112f677eea15f00c,2026-05-11T20:26:19+00:00,2026-05-11T21:28:07+00:00,2,0,0,41.742142,41.74,82.8560270018257858,2
0xa43a1b6d84230d5237df9268e98049be2f31ad85,2026-05-14T02:59:39+00:00,2026-05-21T04:25:09+00:00,62,0,0,23000.00,22999.995328,45677.9949219909635247,62
0xa43b86d6cd4349eb97f716a843da29a32283d784,2026-05-16T21:25:48+00:00,2026-05-17T09:19:33+00:00,2,0,0,98.38,98.38,195.38268,2
0xa43d8cbe49bb5ac624b4cef8f05ed1a268d124d7,2026-05-13T12:38:22+00:00,2026-05-14T02:29:21+00:00,2,0,0,106.84,106.84,211.97056,2
0xa44afec2040343f9cdd68a9763a12719fb9498b1,2026-04-22T08:11:24+00:00,2026-04-22T13:08:08+00:00,5,0,0,331.71,331.70733,652.198458000970471,5
0xa44dd6f5f6f3e046154dc8b9a800853a43307177,2026-06-12T18:42:09+00:00,2026-06-12T18:42:09+00:00,1,0,0,1.002,0,0.999996,1
0xa450064d592480b4d5c6ba9da5ace4bf050aa81a,2026-06-11T04:59:49+00:00,2026-06-11T04:59:49+00:00,1,72886.008,0,0,0,325.1799990396984,1
0xa4535c0d73a2ab570bda450315377d098579a748,2026-04-27T09:55:18+00:00,2026-04-27T13:44:10+00:00,4,0,0,79.0,79.0,155.4790,4
0xa453e604dd4b774378b225ae2e1aad047725a69d,2026-06-15T08:01:43+00:00,2026-06-17T05:15:25+00:00,2,0,0,5.885,5.88,11.753235,2
0xa459b0ab779f37449bda02c525b36f05d8a97dd6,2026-01-30T23:02:20+00:00,2026-01-31T15:16:38+00:00,6,0,99.99634,0,0,6.240999000146652,4
0xa45fa670f03e6dfd761f5ec26470797705b84c9b,2026-05-27T13:11:17+00:00,2026-05-28T01:24:12+00:00,2,0,0,49.94,49.94,99.18084,2
0xa462e1d68c684a3cef3aafa4dd4bc62967d4cd56,2026-05-14T14:05:25+00:00,2026-06-04T01:24:36+00:00,5,17591.666665,0,0,0,110.5499971383333339,5
0xa468ae2b3a2ee80097e0618b64d06ee2425c2bda,2026-06-07T06:48:03+00:00,2026-06-07T06:48:03+00:00,1,622.5,0,0,0,2.4900,1
0xa46ea40f3b729b5bbc790a39fce07f80f1aec9fc,2026-04-16T10:04:22+00:00,2026-04-16T13:32:06+00:00,5,0,0,122.95,122.95,239.99840,5
0xa476cdaebd57fccf37a2d13805e6ca5f4aabae80,2026-06-06T05:41:58+00:00,2026-06-06T05:43:28+00:00,2,0,28.0,0,28.0,27.9720,2
0xa497682f7d32e2f28db039db31b6ed0e6d26c351,2026-05-17T15:47:15+00:00,2026-05-17T16:05:06+00:00,2,0,0,9.063443,9.06,17.9965779999064544,2
0xa4b366ad22fc0d06f1e934ff468e8922431a87b8,2026-03-11T12:29:07+00:00,2026-05-05T15:58:46+00:00,11,45.0,3574.16,2330.0,0,2373.09568998340,11
0xa4b9cd6392188e8cabcad620d2494e47bd305ba7,2026-05-26T08:39:58+00:00,2026-05-26T08:39:58+00:00,1,0,0,197.152833,0,195.969916002,1
0xa4bd8f49695cf5d55924aca4cc2694952874e8a2,2025-12-11T21:18:41+00:00,2026-03-14T20:54:57+00:00,29,119.77,119.763494,210.0,208.990193,422.3299349993705201,29
0xa4cc2e5c6e7ac4bcacbc56960e588d2eac60f410,2026-03-03T15:08:39+00:00,2026-03-03T15:08:39+00:00,1,0,0,3.3673,0,3.299954,1
0xa4d1120f53f05b1e1b7b4d54ac18790cfbc80ca7,2026-06-02T09:12:07+00:00,2026-06-02T10:35:18+00:00,2,0,0,10.0502,10.05,19.9896490,2
0xa4e486d44ded22c94cac508621c2e56819aa7d97,2026-05-28T03:03:40+00:00,2026-05-28T03:03:40+00:00,1,0,0,4.979833,0,4.9499540000080668,1
0xa4e6aee5f9de7f98959fde13e00bbb131ce0c29e,2026-05-15T17:19:27+00:00,2026-05-16T10:04:46+00:00,2,142.857142,142.85,0,0,1.857098994000006,2
0xa4f572dc88e28a7e4f5278ad85d9348e525d7fcc,2026-03-18T14:00:59+00:00,2026-03-30T21:23:43+00:00,2,100.0,100.0,0,0,12.0000,2
0xa4fcd42731853ed3711aac964a14f442b1f6977d,2026-06-09T13:08:57+00:00,2026-06-15T08:22:27+00:00,58,0,137177.23,115748.488,0,115381.482090795262,58
0xa503aefe151e44e0904acbef8837e5e339e6336c,2026-06-16T05:03:06+00:00,2026-06-16T05:05:37+00:00,2,0,0,3433.433,3433.43,6856.562707,2
0xa50b246e0b9d7fe80b3bc80d47eac688410f56c4,2026-05-03T09:04:42+00:00,2026-05-03T23:11:26+00:00,2,0,0,49.29,49.29,97.59420,2
0xa50ed4435d4b11b19da1484dbc04273d9e2388a1,2026-06-13T20:05:42+00:00,2026-06-14T14:22:18+00:00,2,0,0,10.02,10.02,19.99992,2
0xa5159c41007a2c776b64c0711361b27e14ae7c4b,2026-04-04T11:36:53+00:00,2026-04-04T12:12:07+00:00,2,50.0,0,0,0,1.4000,2
0xa5179c8dcbb6ae583d0787c1cabb0e26429b35cd,2026-05-20T16:47:09+00:00,2026-05-21T05:36:03+00:00,2,0,0,77.542798,77.54,153.8421380030231706,2
0xa5181e32e2ebf90a28f0340d1db47b1e57a1f659,2026-05-14T17:45:20+00:00,2026-05-14T18:00:00+00:00,2,0,0,8.056285,8.05,15.9854910001662290,2
0xa51a355411ed3d9cc50250fb18f16a8ba242c566,2026-06-05T09:53:18+00:00,2026-06-05T09:53:18+00:00,1,0,0,15.145333,0,15.0998969994854667,1
0xa520d6f8a88532c29536502c8f625e4ae06d7260,2026-06-11T19:07:36+00:00,2026-06-11T19:07:36+00:00,1,0,0,1.002004,0,0.99999900001604,1
0xa529f07f6951d08d7568a5dac9066cc0f9fa1609,2026-06-14T23:34:22+00:00,2026-06-14T23:34:22+00:00,1,600.0,0,0,0,1.2000,1
0xa52b050c49a6e7170f549e8da88dcd8a96a0a233,2026-06-07T17:09:30+00:00,2026-06-08T05:36:07+00:00,2,0,0,5.01,5.01,9.99495,2
0xa52e418c99d9922d6508f8ef4f336eea407e26af,2026-05-28T01:49:31+00:00,2026-05-28T01:49:31+00:00,1,0,0,11.740333,0,11.6698909996519334,1
0xa53c26443fb636d8ae31ac24f62fc1d5ef8f67a5,2026-05-04T19:27:38+00:00,2026-06-11T15:07:40+00:00,20,0,0,410020.0,0,408570.8000,20
0xa547a74c9f9a643fc789752e73fbccc992895ad3,2026-06-16T16:46:16+00:00,2026-06-17T15:18:02+00:00,4,54395.0,0,0,0,90.8500,4
0xa54df4bb036715a71cac7b0b73415d2dc43b7695,2026-05-18T02:58:58+00:00,2026-05-21T12:40:31+00:00,2,0,0,5.030166,5.03,9.9746549999758672,2
0xa56c2835f46cbf8c2c0b27dea5a2e62bc7c439c2,2026-05-16T18:54:00+00:00,2026-05-18T08:43:06+00:00,2,0,0,110.663833,110.66,219.774570002,2
0xa58d4f278d7953cd38eeb929f7e242bfc7c0b9b8,2026-03-19T05:00:57+00:00,2026-06-07T08:05:37+00:00,367,116189.022812,178055.669035,0,0,2210.8023730444541826,365
0xa5b63d7da09fbd031648439a37f2bfecf3de298c,2026-05-29T09:07:48+00:00,2026-05-29T09:07:48+00:00,1,8333.333333,0,0,0,49.9999991646666667,1
0xa5b8d076670d8081fc03c7985b5955bfd0b16cee,2026-02-03T09:30:52+00:00,2026-02-03T09:39:06+00:00,3,0,0,12.29,12.28,23.93118,3
0xa5bce56d955c7ae67a0d47aad8acf9055070596e,2026-06-07T04:16:16+00:00,2026-06-07T18:42:04+00:00,2,0,0,101.3,101.3,201.8909,2
0xa5c33682cc6b5ab5d926f5cf57d8d02b955f0217,2026-05-27T11:38:35+00:00,2026-05-27T11:38:35+00:00,1,13261.428571,0,0,0,92.829999997,1
0xa5c5a9becdb9fe913806668695f9adc0b5639d8b,2026-06-11T12:23:52+00:00,2026-06-11T16:58:49+00:00,2,0,0,17.051,17.05,33.981647,2
0xa5cccbe01845b734cf7b5e6632f39688476d74c2,2026-05-29T10:35:02+00:00,2026-05-29T13:49:43+00:00,2,0,0,10.0502,10.05,19.9896490,2
0xa5cdc6a45b5963d66fdfdd3a805adc105a1a83d5,2026-06-02T16:41:59+00:00,2026-06-02T16:41:59+00:00,1,333.333333,0,0,0,1.999999998,1
0xa5d0b30339ac1025e134596fb541608389aad677,2026-05-27T14:37:00+00:00,2026-06-06T07:48:51+00:00,2,0,0,70.4225,70.42,140.1382850,2
0xa5d6fb14c70ab188a3f77db8b542582884b9be57,2026-05-11T12:36:03+00:00,2026-05-11T14:05:24+00:00,2,0,0,62.967666,62.96,125.1091399977032334,2
0xa5d81437a35787d26a74d19bfab961267ca905ca,2026-04-18T18:34:02+00:00,2026-05-04T01:31:44+00:00,2,0,0,30.0,30.0,59.2200,2
0xa5dd567b47d7812abbd71fc90da21441837759a8,2026-03-25T02:32:43+00:00,2026-04-01T20:39:15+00:00,2,78.461537,0,0,0,3.199999000923112,2
0xa5e3044fd953605f9407d58c76e48fd75a394d7e,2026-02-27T01:44:06+00:00,2026-04-29T11:05:28+00:00,138,2327.990780,2117.96,2742.097027,2532.080447,5161.5666830041845405,132
0xa5f0b4439489864eb93e1822915f8100bcb039e3,2026-06-13T12:27:09+00:00,2026-06-13T12:27:09+00:00,1,0,0,2.004,0,1.999992,1
0xa5f742179726456842a1b9ce53952be178fb4f3c,2026-05-14T13:58:55+00:00,2026-05-14T14:13:45+00:00,2,0,0,5.035142,5.03,9.9896559999578296,2
0xa5fb10b3316feafea0328ef56ff79154965227b2,2026-04-23T10:11:38+00:00,2026-04-25T02:55:48+00:00,4,0,0,332.95,332.95,654.91265,4
0xa5fda0340959e67ef9de8bc5caf1c502c6f736d1,2026-03-14T20:45:43+00:00,2026-04-17T01:31:18+00:00,247,124262.036978,0,0,0,4170.4065410704790973,245
0xa5fe5ea2de83e3a79d72a393c9f3f39d58cd29b5,2026-05-13T04:26:14+00:00,2026-05-13T15:26:20+00:00,2,0,0,298.28,298.28,592.08580,2
0xa60b1bd2234886438a9ed6841d72d750367351be,2026-03-08T22:33:47+00:00,2026-03-08T22:43:25+00:00,3,0,0,707.0,707.0,1344.0070,3
0xa60c561c294ad061c23e778f791272681d024816,2026-05-18T10:45:54+00:00,2026-05-18T13:44:18+00:00,2,0,0,221.0,221.0,438.4640,2
0xa6104e01fdd67d91cfd6f5e68b783cea6d03e6b1,2026-06-15T03:06:30+00:00,2026-06-15T03:06:30+00:00,1,0,0,41.991,0,41.949009,1
0xa61ef8773ec2e821962306ca87d4b57e39ff0abd,2026-05-08T13:07:54+00:00,2026-06-17T17:23:44+00:00,3197,699084.018998,1554522.341012,0,0,9619.1262425949442134,3184
0xa62c41929814bd6efa808da05619ac24787be626,2026-04-05T16:11:41+00:00,2026-05-11T03:46:22+00:00,5,263.742688,263.74,0,0,5.1613679988421419,5
0xa631d4c380a44705907fc2adfc4284cb32a97651,2026-04-21T13:13:34+00:00,2026-06-12T13:14:13+00:00,3,2958.485294,1208.48,0,0,39.0847999447529832,3
0xa633153556a7b102307baf88b34504ba747703eb,2026-02-28T08:23:09+00:00,2026-03-12T03:34:25+00:00,2,0,0,3.045666,3.04,5.8940609999493022,2
0xa6380711ea2a8bdfd3114ba7b47c58d365543439,2026-06-05T09:16:33+00:00,2026-06-05T09:16:33+00:00,1,486.81,0,0,0,1.94724,1
0xa64663d6a83d8f80938ee81ce7d4592d692e42b3,2026-05-31T05:33:34+00:00,2026-06-02T14:07:59+00:00,2,0,0,6.03,6.03,11.99367,2
0xa6485a6ae0be206401141cdd6de54b81e9bed863,2026-05-04T19:02:20+00:00,2026-05-11T16:10:00+00:00,2,0,0,100.0,100.0,198.2000,2
0xa651d207a7a05d8e7d05cbe56100dbdf99b1f4a2,2026-06-14T06:25:40+00:00,2026-06-14T06:25:40+00:00,1,0,0,1.001,0,0.999999,1
0xa652efcd4c7e4119f578032b056136b3f29a6f8f,2026-05-02T17:24:38+00:00,2026-05-02T17:24:38+00:00,1,0,0,100.0,0,99.3000,1
0xa655f567db76ebdf2552dd951ea5ef91a4977b5f,2026-05-11T16:56:05+00:00,2026-05-11T18:48:38+00:00,2,0,0,79.546714,79.54,157.893567002,2
0xa65a7c2de82ff8ca15f766db8679ce0274fb5623,2026-04-13T13:50:45+00:00,2026-04-15T08:36:24+00:00,2,0,0,1.7975,1.79,3.4834400,2
0xa66790e2b0075e73c3781ddaf1d0b875a3aaceb3,2026-02-02T21:23:16+00:00,2026-06-10T22:22:21+00:00,35,981.83,975.70,1687.31,521.39,2226.72593,35
0xa67ab8951e9905cb9e8cb9e7c29e3e969269b90f,2026-05-17T12:20:10+00:00,2026-05-18T00:01:47+00:00,2,0,0,110.27,110.27,218.99622,2
0xa683c2711fa0147e56912a861148b4378ac5ae10,2026-06-11T12:32:39+00:00,2026-06-11T19:09:10+00:00,2,0,0,28.112448,28.11,56.0256679999678848,2
0xa69d47ce1271e14da6614075d30700bae5efe51d,2026-03-07T19:05:41+00:00,2026-03-07T19:14:41+00:00,4,2917.0,2917.0,0,0,341.2890,4
0xa69d7b89b3cba8bba7615763d31d5d0e7dff2d3b,2026-06-15T11:20:27+00:00,2026-06-15T11:20:27+00:00,1,19325.0,0,0,0,19.3250,1
0xa6aa9c1eec24b676b8e4f65cfcdcecce39e67cb0,2026-06-06T16:12:04+00:00,2026-06-06T16:12:04+00:00,1,250.0,0,0,0,1.0000,1
0xa6b88f7d969dd6c268cf22ab6a81c02785c0f109,2026-06-13T19:44:46+00:00,2026-06-13T19:44:46+00:00,1,0,0,1.002,0,0.999996,1
0xa6b8d99acfa5ddf3939baa889a8e0cdef8a44bdf,2026-02-20T09:29:14+00:00,2026-03-09T19:59:05+00:00,60,384.090380,384.08,0,0,24.8099939995730208,60
0xa6bc9e29f7285ed2f102dcd55206904a3993c639,2026-04-14T08:01:01+00:00,2026-04-16T08:10:50+00:00,2,0,0,5.2,5.2,10.0620,2
0xa6cb5b54d306d5098e32de0fa4b582daa5af4b20,2026-05-16T05:02:10+00:00,2026-05-17T12:20:10+00:00,5,8571.428571,8571.42,0,0,119.9999391398571429,5
0xa6d1576d4d9a185202b7a0ce8687a05254fa0638,2026-06-17T12:09:10+00:00,2026-06-17T12:09:10+00:00,1,500.0,0,0,0,1.0000,1
0xa6d1704571f7436209c1a65d8f02c97d919bb3a6,2026-05-28T21:29:54+00:00,2026-05-28T21:29:54+00:00,1,166.666666,0,0,0,0.999998996000004,1
0xa6d66eaf6ac2e3a04e1f8ab51a250065ac025e9d,2026-05-29T17:02:57+00:00,2026-05-29T17:38:39+00:00,2,0,0,10.0502,10.05,19.9896490,2
0xa6db2ca69bb46007f51cc6264bfce69289962a63,2026-05-11T15:03:40+00:00,2026-05-12T01:57:46+00:00,2,0,0,89.32,89.32,177.30020,2
0xa6e7a4dd4be009914eb6496d06b9ece9a3bd78f5,2026-05-09T17:55:31+00:00,2026-05-09T20:17:18+00:00,2,0,0,232.8,232.8,462.3408,2
0xa6e996a7b93a4224c3ee2084b52cc4eee30e1762,2026-05-27T08:28:22+00:00,2026-05-27T20:53:03+00:00,2,0,0,273.31,273.31,542.79366,2
0xa6f12af661a74fb40bc44322050c2feca903f9b7,2026-05-21T14:27:14+00:00,2026-05-21T14:27:14+00:00,1,0,0,1.009,0,0.999919,1
0xa70a21851c5b1a7ab48d88b196354895a6b8475d,2026-05-11T15:36:29+00:00,2026-05-12T05:13:42+00:00,3,0,0,109.96,109.96,218.27060,3
0xa70b3c2f47ed423898829daddccfb1d27157f324,2026-06-17T07:10:11+00:00,2026-06-17T07:10:11+00:00,1,1000.0,0,0,0,2.0000,1
0xa70cf4dd6e4d9c50d5a5fcdf26b83ea76823837b,2026-05-14T21:36:15+00:00,2026-05-14T21:36:15+00:00,1,0,0,2.719032,0,2.6999979999882672,1
0xa70e96204ed65ab420fc76f3669e4d2baa845f67,2026-05-27T08:28:22+00:00,2026-05-27T20:41:38+00:00,2,0,0,97.28,97.28,193.19808,2
0xa7246c00bfdfda79cb219b0297569200d978b3d2,2026-05-04T02:25:10+00:00,2026-05-04T02:25:10+00:00,1,0,0,12.901909,0,12.7599879997098091,1
0xa73165533895ddf65935fd783370db1eb8c40ad4,2026-05-18T15:09:51+00:00,2026-05-18T15:09:51+00:00,1,625.0,0,0,0,5.0000,1
0xa74eb2f8e69b26937cc7f0edb73a7755f76ba633,2026-06-14T22:02:10+00:00,2026-06-14T22:02:10+00:00,1,2500.0,0,0,0,5.0000,1
0xa752cbb95cee1ad747eef209d2635aaee558a7b9,2026-03-03T20:58:05+00:00,2026-03-08T07:49:29+00:00,21,0,0,1231.4,1231.385956,2307.2425899869348487,21
0xa773dbb38af26468731628ea831d2662cb8eeff2,2026-06-07T09:13:27+00:00,2026-06-07T09:13:27+00:00,1,0,0,5.015,0,4.999955,1
0xa7754dfcdd1cd0d5c74382f1cef35d7bc07cafdd,2026-05-28T10:59:26+00:00,2026-05-29T06:53:55+00:00,2,142.857142,142.85,0,0,1.714248994000006,2
0xa78222eec7472afe40ca5c355abeb5f42adc162f,2026-03-06T23:10:59+00:00,2026-03-11T07:36:27+00:00,2,97.769,97.76,0,0,11.5226399954649,2
0xa789b64ff2dbb5df253cddff61ad7dba111016fd,2026-02-28T07:46:37+00:00,2026-02-28T15:51:35+00:00,2,55.555554,55.55,0,0,2.0554489997778050,2
0xa791e3090312981a1e18ed93238e480a03e7c0d2,2026-03-28T00:53:29+00:00,2026-04-30T17:25:58+00:00,4,0,0,11.35,11.35,21.73010,4
0xa793f4080680397b7c19baa658a89b502cc87de7,2026-02-15T10:49:25+00:00,2026-03-22T21:24:33+00:00,12,2732.697081,232.69,0,0,67.6984230180432326,12
0xa7957fc9582dc65a862e222ab1e56647f4d8ec94,2026-06-14T08:34:15+00:00,2026-06-15T11:20:27+00:00,2,0,0,19.019,19.01,37.990971,2
0xa7a7838ca3b3685ecdc815653d1770e4c3d23145,2026-06-16T04:34:39+00:00,2026-06-16T04:34:39+00:00,1,2500.0,0,0,0,5.0000,1
0xa7bc1a5daf0b63afbfcd55ebd3c30df93ef3c783,2026-05-04T12:52:54+00:00,2026-05-04T12:52:54+00:00,1,1230.0,0,0,0,12.300,1
0xa7bd03caa2138fbbd143ba6ef39407a2697c8fd7,2026-03-31T18:55:45+00:00,2026-03-31T18:55:45+00:00,1,13.42,0,0,0,0.56364,1
0xa7f074970cec32f786afdfee811a4e8f5b126a26,2026-05-08T04:03:28+00:00,2026-05-08T04:03:28+00:00,1,0,0,4.651777,0,4.6099110000223345,1
0xa7f0d61187823fc88191089727f8b3829182ae5b,2026-04-14T02:40:59+00:00,2026-04-14T03:24:43+00:00,2,0,0,1040.0,1040.0,2007.2000,2
0xa7f96a37169009f81f52a2eb647e5fe1508c9a78,2026-05-13T07:12:43+00:00,2026-05-13T07:18:31+00:00,3,1380.0,1380.00,0,0,19.32000,3
0xa80e7cf22bec9ee412c85f4260611dd35f9fabd9,2026-06-13T09:14:39+00:00,2026-06-13T09:14:39+00:00,1,0,0,46.7935,0,46.6999130,1
0xa815f590e64fa64d417df72c581a32f5ff449cbe,2026-03-18T23:31:53+00:00,2026-04-28T15:21:04+00:00,200,17476.749353,17476.743691,0,0,1117.5278690237334637,200
0xa81befebe2e6451f5ced5cfe8f75c117c45fa3fb,2026-06-15T08:31:25+00:00,2026-06-15T08:31:25+00:00,1,0,0,36.296,0,36.259704,1
0xa828249112de1cafb5b363f0b76076a2caff9bac,2026-05-13T04:21:10+00:00,2026-05-13T04:29:37+00:00,5,1380.0,1380.00,0,0,19.32000,5
0xa8342764c790095fc3021c000c7d2f7c02032fbb,2026-03-27T18:10:19+00:00,2026-03-27T22:23:17+00:00,2,12.55,12.55,0,0,1.58130,2
0xa83d063ad6d0312e50ebf57be1dc2a028bd50251,2026-05-14T16:48:45+00:00,2026-05-16T21:32:20+00:00,4,0,0,17.110451,17.11,33.9819120005445626,4
0xa84016d5dfbda1da38caa2edfa4f63b7efd8b0f9,2026-06-05T01:27:52+00:00,2026-06-05T01:32:31+00:00,4,0,0,10.180,10.18,20.288740,4
0xa8648563fceb39a3d706ed1079cfcb361ffcd99d,2026-05-12T04:01:34+00:00,2026-05-12T05:56:01+00:00,2,0,0,78.106714,78.1,155.035167002,2
0xa880b5ef5ed8515833121da524488379ea350a53,2026-05-27T20:37:39+00:00,2026-05-28T07:15:19+00:00,2,0,0,90.33,90.33,179.39538,2
0xa88a39d4c504d25a75cf0c491d307114f1cf59ea,2026-05-29T07:44:33+00:00,2026-05-29T07:44:33+00:00,1,1666.666666,0,0,0,9.9999989960000004,1
0xa88bb4a3fa869ce7ac842a49e10d79c5790b1486,2026-05-17T23:20:18+00:00,2026-05-18T11:47:28+00:00,2,0,0,115.32,115.32,228.79488,2
0xa88be9b92fdf31c916206facd4a7f5d90db5976c,2026-05-06T18:14:14+00:00,2026-06-10T09:01:31+00:00,2,0,0,70.0,0,69.4900,2
0xa88de6dab220c50629fc3033d5a42ff2c35b9830,2026-05-31T12:57:42+00:00,2026-06-09T15:54:25+00:00,82,39999.7534,39999.75,0,0,399.9975170,82
0xa88f7f8037e316d2fbaa136caf3d2e6d87b8be4b,2026-06-17T15:58:26+00:00,2026-06-17T15:58:26+00:00,1,3000.0,0,0,0,3.0000,1
0xa88fe610e85b4212829ac6c52115928759dc790f,2026-06-01T14:19:05+00:00,2026-06-07T08:39:43+00:00,2,1583.333333,0,0,0,7.9999989980000004,2
0xa89309c8eb6b7906e83e91485287f1f5cd9c808b,2026-05-24T01:07:41+00:00,2026-05-24T03:11:12+00:00,2,0,0,54.0,54.0,106.8120,2
0xa89501732a22b6786f89067446f7de845644054a,2026-05-17T12:20:10+00:00,2026-05-18T01:43:13+00:00,2,0,0,97.58,97.58,193.79388,2
0xa89726f5d81c84b9fe5ef0af267c9059c81609fa,2026-05-18T13:23:25+00:00,2026-05-18T13:23:25+00:00,1,125.0,0,0,0,1.0000,1
0xa89fc3be61bcf6ace80afe7d82d208fd2fd6fc05,2026-06-15T06:06:33+00:00,2026-06-15T06:06:33+00:00,1,0,0,31.031,0,30.999969,1
0xa8a1b53ec14f1e485c80be12c0104dc8b191e352,2026-06-14T08:20:30+00:00,2026-06-14T08:20:30+00:00,1,0,0,120.0,0,119.8800,1
0xa8ab5046aae305ddcabb1b1b5e97afe3766cbb89,2026-06-17T17:49:41+00:00,2026-06-17T17:49:41+00:00,1,500.0,0,0,0,1.0000,1
0xa8bb5cabdeee812a8e1ba2b6b915ff5576d9d8df,2026-06-12T09:06:43+00:00,2026-06-12T09:06:43+00:00,1,0,0,1.003,0,0.999991,1
0xa8c18155f05320ede22ae2f4fe5aaff7cb8361eb,2026-06-17T05:50:10+00:00,2026-06-17T17:22:55+00:00,2,0,0,287.17,287.17,573.47849,2
0xa8d0e845a19b191173fabf1b8cee248d713172a5,2026-05-14T09:22:00+00:00,2026-05-14T09:22:51+00:00,3,1200.0,1200.00,0,0,19.20000,3
0xa8d2173ce293ff86c2fe3ace238c18ab609b92f0,2026-05-30T21:16:17+00:00,2026-05-31T11:26:38+00:00,2,0,0,109.05,109.05,216.79140,2
0xa8ed899f99bfa2ff93b87ab65937ca84fb395643,2026-05-27T14:31:22+00:00,2026-05-27T14:41:26+00:00,2,0,0,240.0,240.0,476.8800,2
0xa8f16d8d3236e1c84c0c5749ceff7f1ccd45fee6,2026-05-19T00:12:25+00:00,2026-05-31T20:51:58+00:00,2,20000.0,20000.0,0,0,260.0000,2
0xa8f6156c99dd042a39e8016894724b22d4b66005,2026-05-07T21:22:57+00:00,2026-05-07T21:22:57+00:00,1,0,0,25.5353,0,25.279947,1
0xa912465adb1e033e3fbe7f9f9cf49370c9c2297f,2026-03-12T06:15:27+00:00,2026-03-12T06:17:17+00:00,2,0,0,110.0,0,105.0500,2
0xa914e81926fd6622599fcd9936cf2833f3e9566c,2026-06-12T06:55:37+00:00,2026-06-12T06:55:37+00:00,1,0,0,1.003,0,0.999991,1
0xa91b08eef37a3f03588ffea4de240b5363cebc48,2026-06-13T08:11:46+00:00,2026-06-13T08:11:46+00:00,1,1000.0,0,0,0,3.0000,1
0xa91c1ecac5a9668c5bc2315818c8007ceb2b711d,2026-05-10T20:03:26+00:00,2026-05-10T20:03:26+00:00,1,0,0,1.005,0,0.999975,1
0xa933837f3241bb976b0e038154011ecc576e7fb5,2026-05-17T12:20:10+00:00,2026-05-18T00:21:12+00:00,2,0,0,111.88,111.88,222.19368,2
0xa9375dd942a17890f6600a91cceb626b2f038896,2026-05-28T13:23:06+00:00,2026-06-08T13:20:13+00:00,2,1047.619047,0,0,0,5.9999979970000014,2
0xa93de0c5faceb21c73772f9e14e657c119d0821f,2026-03-20T16:26:53+00:00,2026-03-20T16:26:53+00:00,1,100.0,0,0,0,3.4000,1
0xa93f7ec57717699f309114332bb4e9d0a6953925,2026-06-04T06:58:12+00:00,2026-06-04T06:58:12+00:00,1,200.0,0,0,0,1.0000,1
0xa953683622245fb04abcbb5b9da53e921b980922,2026-06-17T12:12:07+00:00,2026-06-17T12:12:07+00:00,1,500.0,0,0,0,1.0000,1
0xa9615cbba29b08ac73bedcb2c7432811e0e71c5c,2026-05-26T13:19:11+00:00,2026-05-26T13:19:11+00:00,1,0,0,17.575333,0,17.4698810002424667,1
0xa965d7624db18103809835f6e04290c490950d3e,2026-05-17T12:21:36+00:00,2026-05-18T01:33:36+00:00,4,0,0,50.85,50.85,100.98810,4
0xa9660d0b627d01908962631bd73ed40bcd401092,2026-04-27T07:23:36+00:00,2026-04-27T08:19:10+00:00,2,0,0,28.0,28.0,55.0760,2
0xa96bade7728f8af98a379a53aa8bf658ba344404,2026-05-14T07:11:38+00:00,2026-05-14T07:22:51+00:00,2,0,0,7.049285,7.04,13.9836200000655005,2
0xa9753050608809ac9a610158e49daf7686b142ee,2026-05-07T21:11:02+00:00,2026-05-07T21:11:02+00:00,1,5000.0,0,0,0,50.000,1
0xa976d4a7248126439a189bcd5538c4e501735c43,2026-02-17T18:41:53+00:00,2026-06-06T22:45:30+00:00,32,5368.167452,5368.16,0,0,59.2618339426370574,32
0xa99405156426ff2cb885d8f0a2b56ac9010a19a6,2026-05-12T12:03:00+00:00,2026-06-11T21:54:19+00:00,62,2395.919999,2395.91,0,0,23.6080499979376665,61
0xa996340a9373a817fecc2d0646c8c50c803834b5,2026-05-18T06:31:27+00:00,2026-06-15T07:56:48+00:00,108,0,0,276.586263,276.57,549.8387449989361763,108
0xa9cc2e5ebba1b2363d4b6156c90d5f35d401d463,2026-05-26T06:28:38+00:00,2026-05-26T06:28:38+00:00,1,0,0,9.879166,0,9.8198910000483336,1
0xa9ceecb279b15ac72397b84abedef803445d0897,2026-05-03T09:04:42+00:00,2026-05-03T20:29:26+00:00,2,0,0,98.58,98.58,195.18840,2
0xa9e43dfbc2d4dd493544248c20b1e4d394a4552a,2026-06-09T17:36:43+00:00,2026-06-09T18:31:13+00:00,2,627.142856,627.14,0,0,7.525699992,2
0xa9ed04e1294b43962102209c1a4d4aa013160aed,2026-06-13T09:24:09+00:00,2026-06-13T09:24:09+00:00,1,8710.0,0,0,0,26.1300,1
0xa9f6f33b66055ee8ace21c2a4f8ad08d91e526ef,2026-05-16T02:05:40+00:00,2026-05-18T01:37:06+00:00,2,0,0,25.150833,25.15,49.9738779994849167,2
0xa9fb9ebe06a975f51fcf07674cea67b4ce0f0d3a,2026-06-11T21:54:19+00:00,2026-06-12T08:23:06+00:00,2,0,0,106.92,106.92,213.09156,2
0xaa06f6e8d4d0cce05d521fbca234de77c0af1e0f,2026-04-24T08:01:14+00:00,2026-04-24T08:01:14+00:00,1,0,0,1.018277,0,0.9999480000496051,1
0xaa087c693e956a77fe9d3182112753c9e22da33d,2026-05-17T12:20:10+00:00,2026-05-17T22:40:57+00:00,3,0,0,94.56,94.56,187.79616,3
0xaa11b24946a157b531e9c9b42a432be3fd787555,2026-06-10T18:52:19+00:00,2026-06-10T18:52:19+00:00,1,0,0,5.376,0,5.359872,1
0xaa23e69c9506df40296bf4a3dbb19ad22d1003e2,2026-06-16T21:37:07+00:00,2026-06-16T21:37:07+00:00,1,2500.0,0,0,0,5.0000,1
0xaa3d35481a521a48a4cdbad90262f8e131c397c0,2026-06-11T07:13:36+00:00,2026-06-11T07:13:36+00:00,1,0,0,1.003008,0,0.9999979999729152,1
0xaa40bab497c2e3b99e7aaa85824f319f3b160c3a,2026-05-27T07:15:11+00:00,2026-05-27T07:15:11+00:00,1,0,0,12.4345,0,12.3598930,1
0xaa520ad46b0bd8486811bae3551f404f67083607,2026-05-12T12:40:30+00:00,2026-05-12T12:40:30+00:00,1,125.0,0,0,0,1.0000,1
0xaa61e9b04f60b7ecf10a3a4113746d19e74376c9,2026-05-21T10:49:42+00:00,2026-05-30T19:18:15+00:00,2,750.0,562.5,0,0,8.8125,2
0xaa6d5d4250189be5336945447a692371e60871a0,2026-05-18T20:55:25+00:00,2026-05-19T06:26:53+00:00,2,0,0,66.465255,66.46,131.9283180023111840,2
0xaa7099843f2aa67fafc0e590b034bbe152ad82e8,2026-02-28T08:38:55+00:00,2026-03-30T03:59:26+00:00,2,0,0,1.624333,1.62,3.1211479999645677,2
0xaa72a5b88589c3e7609d835afdae03f909e68cb1,2026-05-02T13:45:18+00:00,2026-06-08T17:26:49+00:00,4,1022.651513,0,0,0,7.239999003181819,4
0xaa74ed9a5f144f54f06785c12ee200672e153067,2026-03-18T23:31:55+00:00,2026-04-17T15:26:36+00:00,3,0,0,6.05,6.05,11.67520,3
0xaa9a679a014ec5443c17e9456d514e01b18f8213,2026-05-14T09:18:39+00:00,2026-05-14T09:19:16+00:00,3,1260.0,1260.0,0,0,20.1600,3
0xaa9d7b424f81f3502c0e616300cf35ce91ffd9ba,2026-03-18T15:28:55+00:00,2026-05-12T12:53:45+00:00,4,1553.030303,1553.03,0,0,33.242379999,4
0xaa9ddecb73d9b3f13aa7f2bfc8ac72292ab09ca7,2026-06-11T14:22:27+00:00,2026-06-11T14:22:27+00:00,1,200.0,0,0,0,1.0000,1
0xaa9f65acf563e0c257b5ba92e6d52301311f0df3,2026-05-25T08:17:28+00:00,2026-05-25T08:17:28+00:00,1,500.0,0,0,0,4.0000,1
0xaabf501d7d1e6244647691d9700f5a4f939d488a,2026-06-15T17:34:45+00:00,2026-06-15T17:34:45+00:00,1,6250.0,0,0,0,12.5000,1
0xaad3fa4f7750db41b83935a155304fa6e227e666,2026-03-18T23:23:15+00:00,2026-06-13T09:23:25+00:00,4,2815.597877,2815.59,0,0,145.7547789897113792,4
0xaae43568bd111d857e9a6a6df49972d29947118b,2026-06-14T08:22:25+00:00,2026-06-14T08:22:25+00:00,1,0,0,34.044,0,34.009956,1
0xaae682cbb891e61a1b40da3302428dae0b74265d,2026-03-23T13:24:17+00:00,2026-04-12T13:10:15+00:00,2,0,0,300.0,300.0,573.6000,2
0xaaf7948cec26d8b164934b9da65f8ff15a5c2e27,2026-02-20T14:22:22+00:00,2026-03-05T22:53:01+00:00,4,86.84,86.84,0,0,4.90132,4
0xaafdc37eff1eea54f2c81496e7baa3232d0b4937,2026-05-14T13:12:18+00:00,2026-05-17T10:59:16+00:00,2,0,0,55.387571,55.38,109.9921979974612429,2
0xab1a05798c8a9cc089d4f5723c208bba94c5aa61,2026-06-17T17:38:52+00:00,2026-06-17T17:38:52+00:00,1,0,0,55.12,0,54.89952,1
0xab371aead14c27ab09c7f17c1f6b4bb4a150e4a4,2026-05-26T14:24:38+00:00,2026-05-26T18:30:06+00:00,2,0,0,251.509,251.5,499.739446,2
0xab39b7137099fa78fd32c3c6dd8290413a4c9347,2026-05-11T22:02:34+00:00,2026-05-11T23:15:57+00:00,2,0,0,58.398714,58.39,115.912803002,2
0xab3afd9559a9cf5e431a5c88e33c3ab9d3b3644d,2026-06-07T19:01:30+00:00,2026-06-07T19:01:30+00:00,1,0,0,1.002,0,0.999996,1
0xab4d046f4213eb7d44569ad6a9ddcf9b4c1f4971,2026-01-19T08:53:30+00:00,2026-01-19T09:36:46+00:00,2,17.0,17.0,0,0,0.95491999990,2
0xab4e693e0c2332be3efda4ceef28058512e2a083,2026-03-07T17:03:43+00:00,2026-03-08T03:48:25+00:00,4,0,0,1171.0,1171.0,2204.9850,4
0xab641300c6491a23b5599d79a2d70f34f79e274d,2026-06-10T17:17:28+00:00,2026-06-10T19:00:09+00:00,2,2741.06,2741.06,0,0,23.223179945630,2
0xab6478acbab6bc087319c24949dd9216ce2e7901,2026-05-13T07:29:50+00:00,2026-05-13T10:25:24+00:00,2,1390.0,1390.0,0,0,19.4600,2
0xab7786aa6bcc7fd60ebd08cfe95d0b96a3434882,2026-03-19T15:19:55+00:00,2026-03-19T15:19:55+00:00,1,0,436.23,0,0,16.14051,1
0xab8dcf54d11be47d638a10222ffd0306c111d685,2026-05-11T15:32:34+00:00,2026-05-12T01:57:51+00:00,2,0,0,106.34,106.34,211.08490,2
0xab94be1296d684e15e2d971fdecf025e6bf3bfc0,2026-05-11T13:04:54+00:00,2026-05-11T18:21:53+00:00,2,0,0,74.336,74.33,147.625344,2
0xab98cf395fd8f0bcf7ad43b89197c0e2fdada14d,2026-04-22T16:00:54+00:00,2026-04-22T16:00:54+00:00,1,0,0,23.397705,0,22.9999440009613770,1
0xab9afc1d377e6d8365c474b23b7c8b375526bc3e,2026-05-27T22:49:46+00:00,2026-05-27T22:49:46+00:00,1,0,0,18.631666,0,18.5198760002736668,1
0xaba3283824791c6072776b7fff02da08196c8cca,2026-04-03T10:48:35+00:00,2026-04-03T10:48:35+00:00,1,30.303029,0,0,0,0.9999989994242836,1
0xaba3da90173956f816f43933baf7c1c04c08ee74,2026-05-11T03:07:46+00:00,2026-05-11T17:09:02+00:00,2,0,0,107.34,107.34,213.17724,2
0xabb3e9076ce604618af74d3efd8077c0e40c9149,2026-06-02T10:33:14+00:00,2026-06-02T10:33:26+00:00,2,0,0,5.025,5.02,9.989755,2
0xabb6348db088533c0feef9aee83681bf7014f660,2026-01-30T17:10:28+00:00,2026-01-30T17:22:38+00:00,2,200.0,200.0,0,0,9.41164000,2
0xabc6e57534d95097d7c1fea30acb8ebe8bf80c10,2026-05-04T04:53:38+00:00,2026-05-27T03:25:03+00:00,2,83.333333,83.33,0,0,1.499978996000004,2
0xabca7d0eb18e5d10d60dcebc84ef445c170ad726,2026-04-02T19:06:33+00:00,2026-04-25T09:50:20+00:00,2,0,0,109.58,109.58,213.68100,2
0xabdef9cf6c5196e3d7179dd368ed124d8ca466e4,2026-05-16T09:54:09+00:00,2026-05-16T19:12:34+00:00,2,0,0,6.036166,6.03,11.9877389997746838,2
0xabe4d6e51f16e6166e0ddda76c057b91473d3a3c,2026-06-10T23:46:34+00:00,2026-06-14T03:33:49+00:00,2,0,0,33.099,33.09,66.023523,2
0xabf35bc2679ed3c5c058e6014a49145a42bf1c6b,2026-06-02T11:15:19+00:00,2026-06-02T13:20:39+00:00,2,0,0,10.0502,10.05,19.9896490,2
0xac19c258dcfd2b05dd4343086cdf88409d37945e,2026-04-25T15:44:52+00:00,2026-04-25T15:44:52+00:00,1,117.647057,0,0,0,1.9999990042941326,1
0xac1ce648c1d48a2f500d15a77979501d60325a87,2026-04-27T08:19:28+00:00,2026-04-27T12:52:04+00:00,6,0,0,93.0,93.0,182.9310,6
0xac223585757a4916b4bfdd15cc24de13c3b4c1ec,2026-03-08T22:18:03+00:00,2026-03-08T22:28:01+00:00,2,0,0,911.0,911.0,1723.6120,2
0xac28168f7105c03cffc908a0acb752bb1fadff95,2026-05-30T21:16:17+00:00,2026-05-31T08:40:37+00:00,2,0,0,54.42,54.42,108.18696,2
0xac2cc0efbcee5afa3461b82da2421493678a6c60,2026-04-26T08:41:24+00:00,2026-04-30T16:04:44+00:00,203,0,0,23567.711649,23567.672709,46423.0783750624456726,188
0xac3488d3120a1b09eb4bf9a87987ec0c49306762,2026-05-07T11:45:20+00:00,2026-06-11T07:19:27+00:00,3,0,0,16.0303,16.03,31.807037,3
0xac34f6430d6055e38104760fb9dfcfbe3eb48952,2026-05-13T06:45:18+00:00,2026-05-13T08:15:48+00:00,2,0,0,53.702166,53.7,106.7040529986297834,2
0xac4a1fabdac2438d6afa2a9e8e83845310a0bf1e,2026-03-30T21:23:43+00:00,2026-03-31T13:53:25+00:00,2,0,0,100.0,100.0,189.3000,2
0xac6168df22f17d2df175ef8c5cca652afb158b42,2026-05-16T09:27:38+00:00,2026-05-16T09:45:20+00:00,2,0,0,8.048166,8.04,15.9835969999759170,2
0xac7b6d42110f68546ffb18f38b7cfae9cd912e00,2026-06-16T21:27:32+00:00,2026-06-17T06:51:04+00:00,2,1000.0,0,0,0,2.0000,2
0xac89455487230c7ffd0b73705075531a9bf6bc26,2026-06-16T13:28:14+00:00,2026-06-16T13:28:14+00:00,1,0,0,1.001,0,0.999999,1
0xacce0bfbb466154993ff90f69991ce81f5b4b451,2026-04-13T14:14:59+00:00,2026-04-14T18:26:36+00:00,2,460.784312,0,0,0,14.9999989980000095,2
0xace68a3fc0c4ca2baf05d0f553e25a4000d97b5f,2026-05-27T23:23:57+00:00,2026-05-27T23:23:57+00:00,1,0,0,42.716166,0,42.4598689997283834,1
0xace7270842ff0f7f17a7183a2e353939b13d39a3,2026-05-07T22:05:11+00:00,2026-05-07T22:05:11+00:00,1,127.272726,0,0,0,1.3999999987272726,1
0xaced372f8df5f966fd6e3556573c77cfd1927eb5,2026-05-11T08:21:05+00:00,2026-05-11T10:22:07+00:00,7,0,0,2.987666,2.93,5.8792300000899009,7
0xacf42ec6d9bd6a02b3aa7022b1e3e9bcf22ae7e2,2026-05-17T12:20:10+00:00,2026-05-17T23:32:28+00:00,2,0,0,266.26,266.26,528.52610,2
0xacffb9a2c88f79d98a03e656a8902fbccd59dddd,2026-05-14T09:29:21+00:00,2026-05-14T09:30:29+00:00,3,1220.0,1220.00,0,0,19.52000,3
0xad048965b72e7f4ee8fb29ece082628f20b43c50,2026-05-13T07:18:31+00:00,2026-05-13T07:29:54+00:00,3,1390.0,1390.00,0,0,19.46000,3
0xad06035a5529de3e750239bc334f7ab1f28d2dfa,2026-05-20T00:26:57+00:00,2026-05-20T00:26:57+00:00,1,3000.0,0,0,0,24.0000,1
0xad0c03f23486651d414f11e627dc58b27cfe18d7,2026-04-27T07:24:56+00:00,2026-04-27T08:20:46+00:00,2,0,0,43.0,43.0,84.5810,2
0xad1a28a083024da944dfdd8c82da93d7e3597515,2026-06-12T03:24:13+00:00,2026-06-12T03:24:13+00:00,1,250.0,0,0,0,1.0000,1
0xad2fdf921ca0e9429da49e861597db61dd312cf5,2026-06-17T05:50:10+00:00,2026-06-17T19:30:49+00:00,2,0,0,54.2,54.2,108.2374,2
0xad41749595a1586de6d69f4c113b96dceb870366,2026-03-29T11:56:26+00:00,2026-03-29T12:01:14+00:00,3,0,0,1010.582009,1010.57148,1909.9900460037761075,3
0xad4234f35f30071e5495778a9a5520de0944fe63,2026-03-18T21:48:49+00:00,2026-05-08T12:41:20+00:00,180,91062.166553,0,0,0,1449.6254379370823618,180
0xad4501e7fc745980d908ebb5a326e8e34c7a28cb,2026-05-30T02:02:48+00:00,2026-06-01T08:19:35+00:00,2,0,0,9.0552,8.05,17.0116240,2
0xad507f6961cfb0d6f7a174d3a0d76ca00a8f0306,2026-05-12T15:34:13+00:00,2026-05-20T19:00:51+00:00,2,166.666666,166.66,0,0,2.166618996000004,2
0xad5353afe30c2da57709e2704ef3ccdcf67eef24,2025-12-11T08:03:11+00:00,2026-03-09T16:08:27+00:00,30,246.662054,0,146.672141,0,142.9257420001238116,24
0xad57e9b1b83e7eec04442bdc867cc0069a1c740b,2026-05-16T13:12:24+00:00,2026-05-17T01:53:30+00:00,2,0,0,287.71,287.71,571.39206,2
0xad5e34fee91bf68fc4df713a70ba404d1e43e71f,2026-05-19T20:27:14+00:00,2026-05-23T10:50:46+00:00,2,375.0,375.0,0,0,6.7500,2
0xad62629e82c445633afca01acd8e14aaaf782aa9,2026-04-27T14:06:34+00:00,2026-04-27T20:39:48+00:00,2,0,0,60.0,0,59.1000,2
0xad657eb5b7378cf48e6165f53eb0183bf7b355f3,2026-05-06T15:17:59+00:00,2026-05-08T14:43:40+00:00,2,156.666666,156.66,0,0,2.1932990070000042,2
0xad65d06946312ba65089c2d64734f16be32d7708,2026-06-15T01:25:10+00:00,2026-06-17T14:51:17+00:00,6,14250.0,0,0,0,28.5000,6
0xad6c85c86f3ed5f92f48327db86f58436d7535bb,2026-04-10T07:17:15+00:00,2026-04-10T19:41:27+00:00,2,217.391304,217.39,0,0,8.695629992,2
0xad805b326bed4bc58b588426c3b88baaaea57653,2026-05-11T15:32:34+00:00,2026-05-18T01:36:34+00:00,4,0,0,221.84,221.84,440.46307,4
0xad8aba64b1ed37c0877470b268f66f3f6e0c45f6,2026-06-12T10:44:24+00:00,2026-06-12T12:08:45+00:00,2,0,0,103.129333,103.12,205.527465001,2
0xad98b0f4352d3ba31d3b0b014cc83fe217490b1e,2026-05-13T04:44:58+00:00,2026-05-13T05:32:00+00:00,3,1410.0,1410.00,0,0,19.74000,3
0xada81248a1916817c26c00b37f3f26c1d772b670,2026-03-16T18:13:53+00:00,2026-04-01T13:08:11+00:00,3,0,0,22.26,22.26,43.07310,3
0xadaa6fdf6112fa5dd27b670ddb56e2feab4adc95,2026-06-07T10:19:12+00:00,2026-06-07T10:19:12+00:00,1,0,0,7.021,0,6.999937,1
0xadb880aea88f0b196c72bace5a9f38f4a6298c6a,2026-06-09T09:13:51+00:00,2026-06-09T09:13:51+00:00,1,333.333333,0,0,0,0.999998999000001,1
0xadc3bf6cfe4b8c07ddabf3677a8daa9c4b5147c8,2026-06-13T18:26:55+00:00,2026-06-13T18:26:55+00:00,1,0,0,22.9255,0,22.8796490,1
0xadc40e30d03d803a2ff06817b66fd47dc39a0c32,2026-06-16T05:06:48+00:00,2026-06-16T05:17:49+00:00,96,0,0,15448.972,15448.97,30851.595088,96
0xadc9d7b00f3dd4e3b18445635de53c65a1b3eb69,2026-05-26T21:45:09+00:00,2026-05-26T21:45:09+00:00,1,0,0,288.460666,0,286.729902004,1
0xadca97d9b54766e59b3e7a8dabd36a735b712ef2,2026-05-20T20:44:55+00:00,2026-05-28T02:59:09+00:00,2,0,0,31.0,31.0,61.5350,2
0xadcfa95e60066277e384ab824c2a0646669cd21c,2026-04-30T10:38:08+00:00,2026-04-30T10:38:08+00:00,1,214.285713,0,0,0,3.0000000034285713,1
0xadd53cc0dd1ccb5d968c595b06b8b98da0c95843,2026-04-29T23:43:02+00:00,2026-05-28T06:18:04+00:00,2,0,0,20.325187,20.32,40.1980639998699252,2
0xade7d846f3ea148ea2357f6b39f53fee7775d6ef,2026-03-07T19:05:41+00:00,2026-03-07T19:14:41+00:00,2,0,0,1823.0,1823.0,3432.7090,2
0xadf1e189c8d42e1b156fade5934f2458b9715b5e,2026-05-16T05:09:57+00:00,2026-05-18T10:43:02+00:00,2,0,0,10.060333,10.06,19.9794909999879334,2
0xadf2ba322ed185ddb720c237627a08d60e75976e,2026-05-31T13:26:17+00:00,2026-05-31T15:50:30+00:00,2,0,0,14.432,14.43,28.703260,2
0xae01ed8498bbd4083f8130e1830e868493cbabb8,2026-03-07T16:27:09+00:00,2026-03-07T16:35:21+00:00,3,0,0,1520.0,1520.0,2848.4800,3
0xae03cec671f6f92308d4805f622152d6fc7b45b9,2026-06-07T10:02:52+00:00,2026-06-07T10:02:52+00:00,1,0,0,2.286666,0,2.2798059999420006,1
0xae0bd63b11cc02f25f272b783be07f3a46eec10e,2026-05-27T08:34:52+00:00,2026-05-27T08:34:52+00:00,1,0,0,11.146833,0,11.0799519997706334,1
0xae116a132a3f38e5c160be391c1f05067e96a3f1,2026-06-17T15:44:22+00:00,2026-06-17T15:44:22+00:00,1,12290.0,0,0,0,12.2900,1
0xae179e5c8be0e53ce35a5d1a42efa4814e098e49,2026-05-13T21:45:13+00:00,2026-05-13T21:56:28+00:00,2,0,0,5.04025,5.04,9.99456800,2
0xae1a6ce2661f83246cfba1001b0046b613c7263b,2026-03-16T08:47:51+00:00,2026-03-16T08:51:11+00:00,3,0,0,149.2,149.2,287.6576,3
0xae200a344beb29e97bd96a2bd07bb64c9b4fc890,2026-02-12T16:32:19+00:00,2026-02-15T13:58:43+00:00,3,0,0,8.188304,8.18,15.984252999811696,3
0xae2664346c9e05b3337f23071a34f3ccb244cfa6,2026-06-14T02:33:31+00:00,2026-06-14T09:17:46+00:00,2,0,0,25.025,25.02,49.969935,2
0xae2e9b5701bb37a85648d680166d5bf0daac1694,2026-05-08T10:38:23+00:00,2026-05-08T10:38:23+00:00,1,0,0,2.926333,0,2.899996000073667,1
0xae3a26592ae5900e082fdd3fee6fe57b350dd457,2026-06-16T08:27:30+00:00,2026-06-16T08:27:30+00:00,1,0,0,57.367,0,57.309633,1
0xae4b6156055abb1a936cc5d8c643b12bc77aade7,2026-05-14T15:28:39+00:00,2026-05-14T15:28:39+00:00,1,625.0,0,0,0,5.0000,1
0xae8739813b024631b3769e8788464795ee70d629,2026-06-15T22:42:12+00:00,2026-06-15T22:42:12+00:00,1,500.0,0,0,0,1.0000,1
0xae8a75b811612086e5fba27004da833dcbf09f2a,2025-12-11T09:02:19+00:00,2025-12-16T03:25:35+00:00,3,17.0,17.0,0,0,3.3320,3
0xae9b3fb4ef7049a1b169109d67c11b3ec0f5f617,2026-06-06T08:30:42+00:00,2026-06-07T00:46:07+00:00,2,0,0,8.024,8.02,15.987848,2
0xae9f4dc9faf83b4d7687fc754d241829d1148edb,2026-06-02T08:12:01+00:00,2026-06-02T09:38:29+00:00,2,0,0,116.0,116.0,230.7240,2
0xaea0f9e22256a869673ef2956718761f85365383,2026-05-02T15:51:16+00:00,2026-05-02T15:51:16+00:00,1,0,0,5.035142,0,4.9998959999578296,1
0xaeb036a14193873b54613eb5dcd695435d93e10c,2026-06-09T20:05:48+00:00,2026-06-09T20:05:48+00:00,1,0,0,1.005,0,0.999975,1
0xaec2dc9d78c180f7dcc0692e0aa8b9f93eebbdb6,2026-06-17T04:57:59+00:00,2026-06-17T08:08:44+00:00,2,0,0,704.704,704.7,1407.289896,2
0xaec91cddf6004c82f27a6216488bc817c36f9ce4,2026-06-08T15:21:43+00:00,2026-06-08T15:21:43+00:00,1,0,0,35.0,0,34.9300,1
0xaecaeaff0f1cb1a4ec36426afa6c7eae4b133a65,2026-06-05T09:02:33+00:00,2026-06-05T09:02:58+00:00,2,0,0,43.129333,43.12,85.947465001,2
0xaedd6c816358bc3bb09508d5c36699610244150c,2026-03-03T15:27:45+00:00,2026-04-29T18:38:28+00:00,89,0,0,4379.058644,4379.020815,8566.1552139993664754,82
0xaeed7cdf999312fd9f2325584fa9f7402bf0dc8f,2026-05-31T03:31:15+00:00,2026-05-31T05:18:26+00:00,6,0,0,340.0,340.0,676.2600,6
0xaef0d318ab2d3e2ae152609b9e8f450d955b4806,2026-05-21T04:10:04+00:00,2026-06-09T17:32:25+00:00,6,19181.741600,19181.74,0,0,249.4936998140906216,6
0xaef3ad38d16dc4d00f8087caff59945b6ae49591,2026-05-05T23:26:20+00:00,2026-05-05T23:26:20+00:00,1,0,0,4.203625,0,4.169996000,1
0xaf07b49ddb4fed4ad88739378cc7aa62c59e508f,2026-06-14T17:21:30+00:00,2026-06-14T17:21:30+00:00,1,500.0,0,0,0,1.0000,1
0xaf1dfa315efcec77b97ef2eb5ec6224d98a5e1b8,2026-06-09T09:04:30+00:00,2026-06-09T09:04:30+00:00,1,0,0,1.032,0,1.029936,1
0xaf2dc5c23cb119f33c19acb55ee41aa67a043ade,2026-06-17T15:46:38+00:00,2026-06-17T15:46:38+00:00,1,5000.0,0,0,0,5.0000,1
0xaf2e0fc37f09259ba1de90058badfb3fff8f630b,2026-05-30T04:44:33+00:00,2026-05-30T05:31:50+00:00,2,0,0,12.1004,12.1,24.0672980,2
0xaf458bee32b8f1d9ba39ee876f20c7e3ce62ec7d,2026-03-20T17:32:31+00:00,2026-03-24T17:12:57+00:00,34,16183.142463,16183.14,0,0,1469.4960461723011969,34
0xaf591ce7261e236f6fc1914c52e24cb9627b646d,2026-06-07T17:33:52+00:00,2026-06-07T17:33:52+00:00,1,0,0,1.002,0,0.999996,1
0xaf5e9d9bd4e643ec6765a37181e83a8ac129c5c0,2026-06-02T03:02:54+00:00,2026-06-03T08:16:03+00:00,4,0,0,51.9596,51.95,103.3381020,4
0xaf61ab7d44c7cb929fc7d78e933594062d0fc1f7,2026-06-11T12:35:51+00:00,2026-06-11T21:29:52+00:00,2,0,0,9.036143,9.03,18.0029079996868218,2
0xaf6c5c24a11e3b984823726f65cfa21710f5536d,2026-05-30T05:29:58+00:00,2026-05-30T07:01:40+00:00,2,0,0,17.1556,17.15,34.1169220,2
0xaf78246506b4504fc63ac29f460178712fe5a6a9,2026-06-14T07:47:30+00:00,2026-06-14T19:50:36+00:00,2,0,0,115.93,115.93,231.39628,2
0xaf7a459d26b0b2d546fcf5d69faca69e57fa01f6,2026-06-05T19:26:13+00:00,2026-06-16T04:40:54+00:00,3,1500.0,0,0,0,4.0000,3
0xafa5647f03096be4952ce6d390712aa5792d39d3,2026-05-27T11:38:35+00:00,2026-05-27T22:37:15+00:00,2,0,0,55.28,55.28,109.78608,2
0xafaa2576b1a904b25f0a435f76f7b158d2dff0e4,2026-05-21T12:28:58+00:00,2026-05-21T18:05:03+00:00,2,0,0,277.77,277.77,549.70683,2
0xafab07743c2cc297f4484e22e189af91f4905949,2026-03-29T16:49:44+00:00,2026-03-30T16:04:47+00:00,2,71.42857,71.42,0,0,7.428158998571447,2
0xafb59a5e5eacf09b40ae0c725361661915a26d0c,2026-06-17T14:58:26+00:00,2026-06-17T14:58:26+00:00,1,1000.0,0,0,0,1.0000,1
0xafbc731830384e26964c47a968191881367fcb2d,2026-06-09T11:23:18+00:00,2026-06-09T11:23:18+00:00,1,1000.0,0,0,0,3.0000,1
0xafbcfbb51d831d53f0bdd8e5cc2333b548eb18c6,2026-02-28T19:52:57+00:00,2026-03-25T21:57:21+00:00,100,482.15,0,650.71,0,650.0455900,100
0xafc19b97c117564d279f08797ae2cc6fd7cc2560,2026-05-10T11:42:36+00:00,2026-05-19T13:12:39+00:00,4,2261.904761,2261.90,0,0,30.8332979940000008,4
0xafcc373d3b72acb1192ad4c8dd941cf4b4f7be81,2026-05-13T04:44:52+00:00,2026-05-13T05:31:52+00:00,3,1400.0,1400.00,0,0,19.60000,3
0xafec4b73b97179e849100309eff8c590004efa08,2026-06-12T18:06:22+00:00,2026-06-17T17:42:25+00:00,2,200.0,200.0,0,0,1.6000,2
0xafeec55583f8e90c0e915e3f2f2456caf6c8921f,2026-06-08T20:01:00+00:00,2026-06-14T12:55:21+00:00,2,0,0,14.028,14.02,27.991904,2
0xaff2e4c09454894262372b5546d280de63189070,2026-03-09T05:25:19+00:00,2026-03-09T12:02:03+00:00,2,209.027345,209.02,0,0,20.7068189901525010,2
0xb0029883065f40b3406de40e4b102195aee2bc16,2026-03-14T12:24:57+00:00,2026-03-14T12:24:57+00:00,1,1656.47875,0,0,0,50.000000056754000,1
0xb00d6a7fd5dfab3d31e73579f5d4f301766e2dad,2026-06-14T05:32:30+00:00,2026-06-14T17:46:48+00:00,2,0,0,8.008,8.0,15.983992,2
0xb0201f3a08340898d46e6071619c32f6228d0231,2026-06-11T22:05:15+00:00,2026-06-11T22:05:15+00:00,1,250.0,0,0,0,1.0000,1
0xb023ccd1a16445c9fd9c5df70490c7c24c1cfb56,2026-03-11T11:57:33+00:00,2026-03-11T11:57:33+00:00,1,1000.5,0,0,0,40.000000005,1
0xb027c042bd4d09f84c4b50f4bb8e018d7e901436,2026-06-16T12:48:01+00:00,2026-06-16T23:34:08+00:00,2,0,0,279.45,279.45,557.78220,2
0xb02a1b9201f4833b5437613ccbb6c5ff3175a503,2026-04-12T09:08:53+00:00,2026-04-12T16:18:49+00:00,4,1783.92,1783.92,0,0,88.48472,4
0xb02b3f07a809e102711bcdb59af45b9817363167,2026-04-15T07:39:10+00:00,2026-04-15T07:42:28+00:00,2,0,0,19.45,19.45,37.84970,2
0xb034af9e61a7e3e31a54a32888a79ec2ed562094,2026-03-21T02:14:37+00:00,2026-03-21T03:46:47+00:00,8,2999.999574,0,0,0,140.9999799994407018,8
0xb061cc1f3d94cd45af5a09174d5602398c227486,2026-05-04T15:24:36+00:00,2026-05-04T15:24:36+00:00,1,909.090909,0,0,0,9.999999999,1
0xb06608790539d25f419b7cd53b6d1ffdcc4d063e,2026-04-13T10:52:25+00:00,2026-04-16T06:58:20+00:00,2,21.87,21.87,0,0,1.39968,2
0xb068a0aa7b38238b1c7bc7cda807cdfd85274f34,2026-05-19T12:26:30+00:00,2026-05-19T12:26:30+00:00,1,3125.0,0,0,0,25.0000,1
0xb0787c35657de592bcd07565dc13632c9c7ed430,2026-02-04T11:59:32+00:00,2026-02-15T09:44:51+00:00,4,0,0,34.60,34.6,67.60998,4
0xb0879531c35e695b8926d2958e1bfb4de64f633c,2026-05-16T08:53:43+00:00,2026-05-16T15:42:13+00:00,2,0,0,121.730333,121.73,241.877841002,2
0xb08f98316b192ed9f78e948afc2f42c7c1519a72,2026-05-13T07:29:45+00:00,2026-05-13T07:38:14+00:00,2,1420.0,1420.0,0,0,19.8800,2
0xb0a63d734df887d2dbfd6146f8af33d2d625e4ff,2026-05-19T14:28:22+00:00,2026-05-21T06:19:57+00:00,2,0,0,109.0,109.0,216.1470,2
0xb0ad58866b28ab9a8a1e2c780f0877bc940ed444,2026-05-28T21:30:57+00:00,2026-05-29T10:34:53+00:00,2,0,0,49.29,49.29,97.98852,2
0xb0b192b7bb935b67b44d7287e7ae664a57ffaf68,2026-06-17T12:48:34+00:00,2026-06-17T12:53:38+00:00,2,4485.0,0,0,0,8.9700,2
0xb0b21471bbb296b1d09eeff2f21c41082da0d3c7,2026-01-25T02:59:50+00:00,2026-01-25T02:59:50+00:00,1,0,0,1.005,0,0.999975,1
0xb0b40fdfabe64082e5bb42acace5069cf00988b5,2026-05-13T07:12:55+00:00,2026-05-13T07:18:33+00:00,3,1410.0,1410.00,0,0,19.74000,3
0xb0c3d26ead947ac1a110b56e5e5e5923d5ca0b92,2026-05-11T11:07:18+00:00,2026-05-11T11:07:18+00:00,1,150.0,0,0,0,1.0500,1
0xb0c7fe18a95f3933b87912ecaf77fd14e14d0f66,2026-05-24T13:13:29+00:00,2026-05-24T22:20:11+00:00,2,0,0,114.026235,114.02,226.1078379955953670,2
0xb0d62e7959377b18fd63b772c74147724e0e7475,2026-05-26T15:23:03+00:00,2026-05-26T15:23:52+00:00,2,0,0,50.00,0,49.70000,2
0xb0de852c05466f9fe78b26f94c5430fe89ec8cd7,2026-06-11T19:01:43+00:00,2026-06-11T19:01:43+00:00,1,0,0,1.002004,0,0.99999900001604,1
0xb1041e4df1f312da53cdb1347e8035d5b2a84a93,2026-05-12T08:39:44+00:00,2026-05-17T22:56:58+00:00,4,0,0,610.87,610.87,1212.88208,4
0xb117c63203214efe5366ae7a90d0c16647079677,2026-05-27T06:27:31+00:00,2026-05-27T06:27:31+00:00,1,0,0,9.537166,0,9.4799430001851336,1
0xb13082788624db6f02d6a74207ca2693b98f3f92,2026-05-02T02:05:22+00:00,2026-05-02T13:15:54+00:00,2,0,0,604.229571,604.22,1199.386204003,2
0xb136a793d920627b4a61ca1b0ce71a72c03501e5,2026-05-15T02:40:25+00:00,2026-05-15T02:54:59+00:00,2,0,0,7.049285,7.04,13.9836200000655005,2
0xb13805ad5eeab93adc203598a5da6c25e60736ab,2026-03-13T01:27:21+00:00,2026-04-17T11:25:30+00:00,8,61.6288,61.62,4.164604,0,8.5796410029155188,8
0xb146adbda69fae13388b7cfddfb611b37b7bc098,2026-05-26T21:35:25+00:00,2026-05-26T21:35:25+00:00,1,801.428571,0,0,0,5.6099990352857148,1
0xb15389b95d38eaaae57aac35f10a9eb57eb337c8,2026-05-21T12:27:30+00:00,2026-05-22T01:51:27+00:00,2,0,0,51.36,51.36,101.69280,2
0xb165d1726b4e872df4efe4b7ddcc441c63a74301,2026-06-14T14:53:06+00:00,2026-06-15T07:52:57+00:00,2,0,0,108.31,108.31,216.18676,2
0xb17c3ebf406be91582ad847a3acea28bfded3aa2,2026-06-15T08:52:13+00:00,2026-06-15T12:27:07+00:00,2,0,0,8852.0,8852.0,17686.2960,2
0xb199ed2c6aa5b7cdde7a9a22cf6763882eefc8a3,2026-04-28T16:26:34+00:00,2026-04-28T16:26:34+00:00,1,60.0,0,0,0,1.0200,1
0xb19c8578b12f044c5ad6ef7144bbea3f71af2467,2026-06-13T18:57:07+00:00,2026-06-13T18:57:07+00:00,1,33333.333333,0,0,0,99.999999999,1
0xb1b70f17258f467003ab5a14533f42ddf35ae634,2026-05-15T23:17:56+00:00,2026-05-16T22:50:43+00:00,2,0,0,123.742333,123.74,245.873699002,2
0xb1c27012a2cc665bcf09a0373787ebfedd2c7ced,2026-05-07T12:46:20+00:00,2026-06-10T12:39:45+00:00,24,0,0,846.73,846.723318,1681.2202279995708016,24
0xb1d70eb4091594c6a410d87bfdd96fb491c53307,2026-06-09T16:20:03+00:00,2026-06-10T16:43:24+00:00,2,0,0,83.19,83.19,165.54810,2
0xb1d8d3f30a4dcd350804f2fcdea947e4ee2a58a2,2026-06-14T01:46:58+00:00,2026-06-14T01:46:58+00:00,1,0,0,1.002,0,0.999996,1
0xb1decc6b244ea3a4e3c1e59a1060f4d64397b375,2026-06-11T05:20:54+00:00,2026-06-11T05:20:54+00:00,1,902.0,0,0,0,4.5100,1
0xb1e304db7b69a66cef413cc3b2125310e03951d7,2026-03-26T11:33:51+00:00,2026-03-26T11:35:41+00:00,3,0,0,1107.0,1107.00,2098.87200,3
0xb2005013643ecf63e84e653726e1a38450acbc94,2026-04-28T12:58:58+00:00,2026-05-02T08:38:44+00:00,4,0,109.0,0,109.00,109.17582,4
0xb20711e6bfb5ee3f9aea1c679d0482ff1b7df7a9,2026-05-25T04:13:17+00:00,2026-06-11T18:35:57+00:00,2,560.0,0,0,0,2.9800,2
0xb20b5168cf35dcc590c5819e7d1cf7ef1b9ad46e,2026-06-08T14:39:28+00:00,2026-06-08T14:39:28+00:00,1,1000.0,0,0,0,3.0000,1
0xb213e6982fc39d940346129ec971a7ff87f53eb4,2026-05-29T10:22:56+00:00,2026-05-29T11:41:57+00:00,2,0,0,11.1256,11.12,22.1232520,2
0xb216c59d8c0568de8f3f6d4cf05a86290ea0d066,2026-05-31T10:32:09+00:00,2026-05-31T12:07:51+00:00,2,0,0,12.03,12.03,23.92767,2
0xb22ad5f395e2e066bf7237b898f7b33901e2ad00,2026-05-17T01:32:00+00:00,2026-05-17T05:59:26+00:00,2,0,0,59.356,59.35,117.934414,2
0xb22f980fb96989bbe0846236bd2cc15389310399,2026-06-02T10:02:14+00:00,2026-06-02T19:56:56+00:00,2,0,0,144.7236,144.72,287.8516620,2
0xb23df06ab6f132c6e4e186cc371f042a493949ff,2026-06-16T00:42:16+00:00,2026-06-16T00:42:16+00:00,1,500.0,0,0,0,1.0000,1
0xb256e45236610ddda4e6f5b0fd75d4101044ae95,2026-03-26T11:30:09+00:00,2026-03-26T11:37:21+00:00,3,0,0,1110.0,1110.00,2104.55981,3
0xb27491613dace24b02931d0b634b95077644fa10,2026-06-06T05:17:39+00:00,2026-06-06T05:17:39+00:00,1,1250.0,0,0,0,5.0000,1
0xb277cebfc3c55c94a61c82a884d0e02e8f58a8a2,2026-06-16T12:57:43+00:00,2026-06-17T07:23:28+00:00,2,0,0,83.65,83.65,166.88175,2
0xb29ca38563aff8d168d58353b2350a0f853eccd5,2026-05-30T11:24:54+00:00,2026-05-30T12:16:24+00:00,2,0,0,14.9748,14.97,29.7801060,2
0xb2b1df25417e7a678a3b1ce83e3c14668b774092,2026-06-02T08:14:57+00:00,2026-06-02T16:32:57+00:00,2,0,0,24.1206,24.12,47.9752770,2
0xb2d4a5a06f1c2cb8062421a371eb194ed8f8361e,2026-06-12T14:46:49+00:00,2026-06-12T14:46:49+00:00,1,0,0,1.053,0,1.049841,1
0xb2d88921969b504c607004f6c1b12f1ddcbed42f,2026-06-11T04:25:25+00:00,2026-06-15T11:20:27+00:00,2,0,0,100.0,100.0,199.5000,2
0xb2e1f19540a8b8c26602b7a80113ed804aaf8131,2026-04-02T08:23:33+00:00,2026-04-02T09:39:39+00:00,2,0,0,57.82,57.82,111.99734,2
0xb2edecfc7ffd46fc97f0a02f30c2306cbb70dc76,2026-03-19T15:04:09+00:00,2026-03-20T11:13:47+00:00,2,1335.73425,1335.73,0,0,76.714600009319300,2
0xb2f2ad12b5db390d87382ac27f14e9d852cf64be,2026-06-12T08:40:18+00:00,2026-06-12T08:40:18+00:00,1,0,0,1.003,0,0.999991,1
0xb2f58cf88e0ee4faac251ff36b0b903afb18f8eb,2026-06-11T08:19:24+00:00,2026-06-11T08:19:24+00:00,1,0,0,1.003008,0,0.9999979999729152,1
0xb301ddba810aca4cf080796351ebc0bf5e4d6803,2026-05-14T10:19:00+00:00,2026-05-14T10:19:00+00:00,1,125.0,0,0,0,1.0000,1
0xb30c71c92b6dbb66fa1fdd1b22decf39ec2d53a0,2026-05-24T17:42:33+00:00,2026-05-25T01:37:41+00:00,2,0,0,252.016125,252.01,499.741906000,2
0xb313bca44738f406d391a726848455e5221defe5,2026-06-11T03:53:13+00:00,2026-06-11T03:53:13+00:00,1,250.0,0,0,0,1.0000,1
0xb313c6194a8aa852313a26add0d70bf30f97f518,2026-05-30T01:45:25+00:00,2026-06-01T04:21:10+00:00,2,0,0,10.1608,10.16,20.2090360,2
0xb31b5085a3cf142687b88bbe7eb8ccefa5774e39,2026-05-30T13:28:01+00:00,2026-05-30T19:51:58+00:00,2,0,0,10.0502,10.05,19.9896490,2
0xb31c9c7aed1bb41189b875500bbce0e72fdbfca0,2026-05-12T01:23:33+00:00,2026-06-03T09:13:06+00:00,2,0,0,179.0,179.0,355.6730,2
0xb31f9e8bbe63c5dabacbf1d7d92c10ed0e98fda9,2026-03-08T22:18:03+00:00,2026-03-08T22:28:01+00:00,2,1326.0,1326.0,0,0,143.2080,2
0xb32083ae1be2291f43078215e80bc4e41042dcd0,2026-05-30T21:16:17+00:00,2026-05-31T10:11:34+00:00,2,0,0,108.24,108.24,215.18112,2
0xb323e96a5596ccf1836cfbb95953ce09f374b4c3,2026-06-15T12:58:34+00:00,2026-06-15T12:58:34+00:00,1,1000.0,0,0,0,1.0000,1
0xb3548f467c3175e436806ae783777d0c4ec5e124,2026-06-17T11:37:10+00:00,2026-06-17T11:37:10+00:00,1,400000.0,0,0,0,400.0000,1
0xb35835f681bd18cee7339dc36e398a7525cc299d,2026-05-13T16:40:02+00:00,2026-05-13T22:43:03+00:00,2,0,0,63.4,63.4,125.7222,2
0xb37be092aa42feb23567905c64da0d1cf4fba2d9,2026-03-31T11:54:05+00:00,2026-03-31T12:46:17+00:00,2,0,0,1.570666,1.57,2.9977660000002794,2
0xb38ea393a17280ebcfd9be6b47b161d5cdb8272b,2026-06-17T09:54:16+00:00,2026-06-17T09:54:16+00:00,1,2500.0,0,0,0,2.5000,1
0xb3921f7bece8a2d3e200950a7072eb755ee6c8cc,2026-05-11T10:47:42+00:00,2026-05-11T12:52:15+00:00,2,0,0,68.863166,68.86,136.8279669971136834,2
0xb3925280360aca0cd54663afecc94b668539daed,2026-05-13T05:31:46+00:00,2026-05-13T05:37:29+00:00,3,1420.0,1420.00,0,0,19.88000,3
0xb39df61e7fb34e8a09e62209f22f2763ca5e6cc9,2025-12-11T13:42:43+00:00,2026-02-15T08:08:55+00:00,6,0,0,13.2967,13.287622,25.1814550000061146,6
0xb3b68b23a167f2f765caf5f055fc0299f06da63c,2026-05-09T18:28:23+00:00,2026-05-09T18:28:23+00:00,1,142.857141,0,0,0,1.0000000012857141,1
0xb3c39ddb000da77a40b69374738baae498846cb3,2026-05-13T04:44:58+00:00,2026-05-13T05:31:59+00:00,3,1380.0,1380.00,0,0,19.32000,3
0xb3c541cbe4fc700161b78949c8191d991430b00e,2026-04-27T10:33:18+00:00,2026-04-27T12:53:24+00:00,6,0,0,115.0,115.0,226.2050,6
0xb3c9c14ee94b66a561fb6fdceb9431e10cbd1619,2026-06-08T15:15:25+00:00,2026-06-10T07:08:09+00:00,2,0,0,25.05,25.05,49.87455,2
0xb3cd677d639a70bca6238e28e5e283fe3e169b2a,2026-05-27T13:11:17+00:00,2026-05-28T00:51:03+00:00,2,0,0,128.09,128.09,254.38674,2
0xb3d4615b09b07d723627f2e3d8e149c64c5ff1f0,2026-03-22T04:33:43+00:00,2026-03-24T05:23:33+00:00,2,0,0,8.67,8.67,16.54236,2
0xb3d8acac0a9d8a876b9d629c71cf99cd9f20c551,2026-05-19T19:49:54+00:00,2026-05-20T15:03:18+00:00,2,0,0,240.684792,240.68,477.7545579986988952,2
0xb3e07822e66b667e6a0f4dbfe7425295b60272a6,2026-03-27T22:23:17+00:00,2026-03-27T22:23:17+00:00,1,301.216665,0,0,0,19.9999989949076910,1
0xb3ee80b0c0e8c333bcd0553ecd4cf85847748e5d,2026-05-09T15:45:31+00:00,2026-05-09T15:45:31+00:00,1,0,0,5.030166,0,4.9999849999758672,1
0xb3f901cd6eb8d9c551929393db65f42ab7ff781b,2026-06-08T04:12:10+00:00,2026-06-08T04:12:10+00:00,1,500.0,0,0,0,1.0000,1
0xb414bd8d17c921cdaf49023f653710c2b5324cd5,2026-05-04T10:55:46+00:00,2026-06-17T18:31:53+00:00,122,0,0,16028.918885,16028.909855,31962.1077949930507445,114
0xb41e7d0d82690be12669141cd0826646c13bd235,2026-06-08T18:26:09+00:00,2026-06-09T18:47:07+00:00,2,0,0,8.016,8.01,15.961908,2
0xb438131e4573372ea6f93680d38c8cea17cf24a2,2026-05-20T02:20:19+00:00,2026-05-20T02:20:19+00:00,1,1000.0,0,0,0,7.0000,1
0xb43961ef0928f1d3074107f0287ebca3e0163a21,2026-06-16T04:20:58+00:00,2026-06-16T04:21:12+00:00,2,0,0,500.5,500.5,999.4985,2
0xb44f897cc4170c30361f68a94d24839699cd51e6,2026-05-17T12:20:10+00:00,2026-06-10T14:57:39+00:00,4,0,0,200.9,200.9,399.3886,4
0xb4549dc1c9219ac87195ac4c453a3a0c01fe91bd,2026-06-17T13:04:32+00:00,2026-06-17T13:04:32+00:00,1,0,0,12.012,0,11.999988,1
0xb468da50fa905808630f96dea098fcbc2519f238,2026-05-13T04:26:30+00:00,2026-05-13T04:26:44+00:00,2,1420.0,1420.0,0,0,18.4600,2
0xb47b2adc0fdc02cc13ae779965f1166b06827940,2026-05-20T07:59:58+00:00,2026-05-20T12:40:38+00:00,2,0,0,102.719,102.71,203.888287,2
0xb483d5718da4ac6f2aa39dc933f2043c5a3a0880,2026-05-20T20:52:09+00:00,2026-06-16T18:34:47+00:00,235,0,0,2317.56,2317.55,4597.02321,235
0xb48fa61f513cd0aeb6631ae55b8c9801ffefb1c5,2026-06-15T09:23:18+00:00,2026-06-15T09:23:18+00:00,1,5000.0,0,0,0,10.0000,1
0xb4a0c529bca90bb2a2f820edb05195b99af9a1d9,2026-06-12T10:55:55+00:00,2026-06-12T10:55:55+00:00,1,0,0,4.714,0,4.699858,1
0xb4a50b41576d193c2a257be0323e218aaf289fe7,2026-05-12T08:39:44+00:00,2026-05-13T01:44:32+00:00,2,0,0,108.97,108.97,216.30545,2
0xb4a8440f7074f3b46b7db2b59304d03332500721,2026-06-06T04:04:51+00:00,2026-06-06T04:04:51+00:00,1,0,0,5.5,0,5.4835,1
0xb4b05f9b60e10818d841b6b3d7908afcce2a86f0,2026-03-28T06:05:37+00:00,2026-03-28T06:08:11+00:00,3,0,0,1140.0,1140.00,2138.64000,3
0xb4b7e3d4690679616baed4f7e7d38cd01599b981,2026-05-29T11:07:05+00:00,2026-05-29T12:10:40+00:00,2,0,0,14.7536,14.75,29.3413320,2
0xb4be5b3d0d1cdd166b161478312c1af310e5ab0b,2026-03-28T05:57:31+00:00,2026-03-28T05:57:59+00:00,3,0,0,955.00,955.0,1791.58000,3
0xb4d954706c57191acfc122188c3b9fca0554e834,2026-06-13T22:57:31+00:00,2026-06-15T11:20:27+00:00,2,0,0,17.034,17.03,34.012902,2
0xb4e0cb5f18883d6073ebfa8b0887f7e3b270f545,2026-05-11T15:03:40+00:00,2026-05-12T03:19:19+00:00,2,0,0,94.76,94.76,188.09860,2
0xb4eec0eda1a9faf8e73d76ea6946a1e157f79be9,2026-06-10T11:37:57+00:00,2026-06-10T11:40:49+00:00,2,0,0,108.531166,108.53,215.650269004,2
0xb4f2f0c858566fef705edf8efc1a5e9fba307862,2026-05-15T02:34:41+00:00,2026-06-15T12:54:49+00:00,4078,1718061.343147,1718061.338537,0,0,11286.0292367647138277,4053
0xb4f77e53b75b7eac3facf9171215cf6b81c13ec3,2026-05-13T13:06:24+00:00,2026-05-15T06:20:05+00:00,2,0,0,50.0,50.0,99.1500,2
0xb4f7bcde01d23ec8d75c3499113e17d8ffd7816a,2026-04-13T14:19:29+00:00,2026-04-14T16:49:18+00:00,4,0,20.0,0,20.0,19.9600,4
0xb50774bb58c48b36a444d15c7aaef3f787f94e79,2026-05-26T13:22:50+00:00,2026-05-26T13:22:50+00:00,1,0,0,310.955666,0,309.089932004,1
0xb50deddd218ee332ad45933dbcd3351a8916a49b,2026-04-30T20:58:00+00:00,2026-05-13T21:00:42+00:00,4,1789.432787,1678.32,0,0,32.969449944719111,4
0xb5120413add83f8eaaa5c32e5e851878cb08b7a1,2026-06-11T11:47:01+00:00,2026-06-11T11:47:01+00:00,1,0,0,1.003,0,0.999991,1
0xb5192b36e11a3e10babeeee53b410dd353bc4be1,2026-06-14T23:24:18+00:00,2026-06-14T23:24:18+00:00,1,0,0,41.041,0,40.999959,1
0xb51c5b29f5220bf38c81608c5ee80eef688ee30a,2026-06-09T15:54:25+00:00,2026-06-10T16:46:30+00:00,2,0,0,57.04,57.04,113.50960,2
0xb521a776449c87c1f59da4ec0c0a214fe9e418f6,2026-06-07T11:09:55+00:00,2026-06-09T22:07:48+00:00,2,467.5,467.5,0,0,4.63176999450,2
0xb52ecf0d34dd73d24aedee1fa12b47add0445cf1,2026-03-07T17:03:43+00:00,2026-03-07T17:11:27+00:00,3,982.0,982.0,0,0,114.8940,3
0xb5515a7891506f56ea64aa598e96cc9e0d91ad0a,2026-05-20T20:59:01+00:00,2026-05-20T20:59:01+00:00,1,1777.777776,0,0,0,15.999999984,1
0xb580837c5c08225a6843d6fc20ac23d4f7936164,2026-05-17T12:20:10+00:00,2026-05-18T00:49:59+00:00,2,0,0,55.99,55.99,111.19614,2
0xb5936454728e52db5956a87475e896253b9d2c9d,2026-04-03T18:42:53+00:00,2026-04-03T23:35:59+00:00,4,0,0,2.579945,2.57,4.9851539999363938,4
0xb5a2d39009fe6e8fd76bd51ec3e4e60706027d69,2026-06-07T23:15:39+00:00,2026-06-08T11:16:54+00:00,2,0,0,101.4,101.4,202.1916,2
0xb5b4397c90bdcf5bfcb5acc6d70f9457d6e49846,2026-06-14T14:31:06+00:00,2026-06-14T14:31:06+00:00,1,141120.0,0,0,0,282.2400,1
0xb5e98b2ac1a871194e01c12beac41536a528510a,2026-05-02T09:30:10+00:00,2026-05-02T09:30:10+00:00,1,1250.0,0,0,0,10.0000,1
0xb5eb972bc052cf3b52c4cf08f12cc3c1aeb94e3d,2026-06-14T14:42:25+00:00,2026-06-14T18:45:21+00:00,2,0,0,39.039,39.03,77.951901,2
0xb5ec3fa07c874a44d456faa296b738ac36c7776b,2026-03-16T13:16:27+00:00,2026-03-16T13:16:27+00:00,1,0,0,2.0,0,1.9340,1
0xb5ef998dba5dd4b5323f810367259d9a72bb80b3,2026-04-05T11:02:23+00:00,2026-04-07T05:07:13+00:00,2,47.619046,47.61,0,0,1.9045889993333662,2
0xb60c5f1595a3fc3165a283039dfa757309720ecd,2026-05-11T10:01:44+00:00,2026-05-14T05:22:17+00:00,2,0,0,20.120666,20.12,39.9589819999758668,2
0xb60cb6e821e04fbe53f61c7d5d497438893485b4,2026-05-31T09:28:39+00:00,2026-05-31T10:32:28+00:00,2,0,0,15.206,15.2,30.238770,2
0xb616890f6eabbf2ea9226660562671bbb22b0086,2026-04-28T00:00:24+00:00,2026-04-30T01:52:00+00:00,2,0,0,60.0,0,59.2200,2
0xb618bf6f8ddceefd51cd9ea0af86b4fc08c071f1,2026-06-11T07:30:46+00:00,2026-06-11T07:30:46+00:00,1,0,0,1.003008,0,0.9999979999729152,1
0xb62424e6d3ac24cf07ae426c5dae090523d396f8,2026-02-23T21:28:08+00:00,2026-02-23T22:58:38+00:00,3,0,0,14.55,14.55,28.54710,3
0xb625f16d0d339e5b95e543bf594c6b63de3c79c1,2026-05-17T05:53:11+00:00,2026-05-17T05:53:11+00:00,1,714.285714,0,0,0,4.9999989980000004,1
0xb6279da82290d6a716619d9307f3774185c33c7e,2026-05-20T15:24:58+00:00,2026-05-21T00:38:59+00:00,2,0,0,161.127894,161.12,319.6699180008116876,2
0xb62cbb7fbf8eec3a87c680d9e819d8540abbad5c,2026-06-09T13:53:19+00:00,2026-06-09T13:53:19+00:00,1,340.0,0,0,0,1.7000,1
0xb658b52d151b86d1a6d9678fe548411795f9539e,2026-05-26T23:52:49+00:00,2026-05-26T23:52:49+00:00,1,0,0,21.136666,0,21.0098459997726668,1
0xb65ca2dbc6eb3b425a0f5c846db8a4093cc86627,2026-05-03T09:04:42+00:00,2026-05-03T22:06:56+00:00,2,0,0,97.27,97.27,192.59460,2
0xb661942691daa6133d22cb1c31500629731d734e,2026-01-29T08:20:34+00:00,2026-05-17T13:11:11+00:00,6,0,0,6.292849,6.29,12.2459039999747705,6
0xb687f00464e33934f5d591f224e71c3559ecaee5,2026-05-30T22:57:49+00:00,2026-06-05T12:16:06+00:00,71,0,64974.36,0,0,266.87180,71
0xb69fa5f67d515e1e4b70a03b6eaca7a1c732d227,2026-03-19T06:51:41+00:00,2026-03-20T04:44:55+00:00,2,66.0,66.0,0,0,4.54420000320,2
0xb6a5b51e10646db8c598db830de5017193c00438,2026-03-23T06:44:23+00:00,2026-03-23T08:41:17+00:00,2,0,0,700.0,700.0,1318.1000,2
0xb6b29f0259cdb3f8bb5e95b12a6a10e163794d96,2026-05-30T21:16:17+00:00,2026-05-31T10:28:46+00:00,2,0,0,110.26,110.26,219.19688,2
0xb6b92fdb043d9fba6345388ef6afe2c1921b6bae,2026-06-16T05:44:16+00:00,2026-06-17T11:19:25+00:00,7,25820.0,0,0,0,36.0300,7
0xb6c8661262da0e47289177f01dcf9ee32aa9892e,2026-03-20T14:53:17+00:00,2026-05-26T13:10:12+00:00,7,10060.00,0,0,0,71.74000,7
0xb6cc6f64a8616ccef7d552d1bb71401668740f34,2026-05-31T12:57:42+00:00,2026-05-31T12:57:49+00:00,2,0,0,5125.628,5125.62,10194.866140,2
0xb6d18cf213b236f3023da33771ac4a84762dc8e1,2026-04-30T02:54:28+00:00,2026-04-30T02:54:28+00:00,1,76.923075,0,0,0,0.9999989980769475,1
0xb6d80072dfa59b8af3e88cd27794a7e1e619756a,2026-06-11T10:55:40+00:00,2026-06-11T10:55:40+00:00,1,250.0,0,0,0,1.0000,1
0xb6d8bf22f9dfc3ad9cb1e9730270edebf6fdd3bd,2026-06-11T09:53:34+00:00,2026-06-11T09:53:34+00:00,1,0,0,1.034135,0,1.0299980000167520,1
0xb6e7fa21fc152183e1d03e2b2710b711ff8e7bae,2026-06-14T12:50:57+00:00,2026-06-14T21:53:09+00:00,2,0,0,8.008,8.0,15.983992,2
0xb6f9c2b76a9f9bb6c80ff7d9cf0a1d4201bcaa84,2026-05-27T09:01:26+00:00,2026-05-27T09:33:10+00:00,2,0,0,120.0,120.0,238.4400,2
0xb6fa57039ea79185895500dbd0067c288594abcf,2025-12-11T09:02:19+00:00,2026-04-27T12:22:42+00:00,171,770.0,250.0,21305.501095,0,20595.0306480228736925,171
0xb70df56017f5dfd8822c27a43d110da00f4ede69,2026-06-17T05:50:10+00:00,2026-06-17T19:52:32+00:00,2,0,0,53.2,53.2,106.2404,2
0xb71e184bd5d8d8d16a03944d775582a32ce1f4ae,2026-06-17T17:28:23+00:00,2026-06-17T17:28:23+00:00,1,500.0,0,0,0,1.0000,1
0xb72fdeac5ba6cb50cacf22fbd110d8ac06d4637e,2026-05-20T03:09:16+00:00,2026-05-20T03:09:16+00:00,1,250.0,0,0,0,2.0000,1
0xb77dafd7ece72521f0f129f6b1792ba7ba49570a,2026-05-05T04:19:16+00:00,2026-05-12T16:33:08+00:00,3,10948.989898,0,0,0,77.0799990032727276,3
0xb786ac906811fc5849a037221df0f68b4b621d3c,2026-05-30T07:09:50+00:00,2026-05-30T19:52:59+00:00,2,0,0,117.4,117.4,233.3912,2
0xb795fecd16a8cdd6aec7964c10747003a4cb89e8,2026-05-11T03:07:46+00:00,2026-05-11T15:48:00+00:00,2,0,0,280.18,280.18,556.43748,2
0xb79a017173bb52953db87df37817538278f94ca2,2026-06-14T10:43:58+00:00,2026-06-15T00:14:40+00:00,2,0,0,93.38,93.38,186.38648,2
0xb79adadb326247778a378fca13eabd2db3c68b61,2026-06-11T15:00:01+00:00,2026-06-11T15:00:01+00:00,1,2000.0,0,0,0,10.0000,1
0xb7a49647811cd2fcb0633464932a7281501d7937,2026-04-29T03:59:14+00:00,2026-05-14T19:49:47+00:00,2,2041.666665,0,0,0,17.9999990033333430,2
0xb7a9d6d7826f8c4d6781dc27a6971349695f6c15,2026-05-27T08:28:22+00:00,2026-05-27T21:37:51+00:00,2,0,0,92.84,92.84,184.38024,2
0xb7b684f5c3714aa43f7959069b60954d0644e338,2026-05-30T11:38:28+00:00,2026-05-30T13:05:54+00:00,2,0,0,36.4924,36.49,72.5809980,2
0xb7b74da2e2ec6cd1e8c64fff9b2d218907de6df6,2026-03-07T18:04:17+00:00,2026-03-07T18:13:57+00:00,4,1788.0,1788.0,0,0,205.6200,4
0xb7b9ce6c3db2ebf1dcd12db8ae64cfb2e9f01e0e,2026-05-21T22:13:28+00:00,2026-05-21T22:13:28+00:00,1,855.43,0,0,0,9.999999967696,1
0xb7bbecb4fd0af982566836476bae62044f09274b,2026-05-11T06:18:51+00:00,2026-05-12T06:38:14+00:00,2,0,0,16.911333,16.91,33.5845850003088667,2
0xb7c051650a517200c4fd7997ffed4d737266e24e,2026-05-05T17:26:52+00:00,2026-05-05T17:26:52+00:00,1,555.555555,0,0,0,4.9999989950000010,1
0xb7c74975b4529ca35cd0cd91e444b2ca5c8db3bb,2026-06-05T17:15:24+00:00,2026-06-05T17:15:24+00:00,1,250.0,0,0,0,1.0000,1
0xb7d4cc5ccb2958023a4c3d75aa7cff8fa5de6a1d,2026-03-06T13:56:57+00:00,2026-04-11T01:41:35+00:00,4,0,0,60.0,10.0,68.0600,4
0xb7e60df7408850a820c92393ec82f6392e84d9e3,2026-06-16T18:26:26+00:00,2026-06-16T18:26:26+00:00,1,500.0,0,0,0,0.5000,1
0xb7f59021489d60d596360f0faffcebf1799ee8d5,2026-06-01T14:57:53+00:00,2026-06-05T01:01:58+00:00,2,0,0,35.0,35.0,69.6850,2
0xb7f6da5b46f4158c3e4afcbbddbc48f1aaff7b3e,2026-04-30T04:20:20+00:00,2026-04-30T04:20:20+00:00,1,829.166666,0,0,0,9.9499989970000008,1
0xb7fded1aba4fb3eb6abb8f42e57db1ada9e75b93,2026-02-04T11:59:32+00:00,2026-02-04T12:07:06+00:00,2,0,0,20.88,20.88,40.71600,2
0xb815356c651eced59552c7d0117d96326e60ee57,2026-05-16T20:39:15+00:00,2026-05-17T04:22:34+00:00,2,0,0,81.488833,81.48,161.909540002,2
0xb83710f2c4baf61c2b737047e031ceea5ffa0986,2026-05-27T18:57:26+00:00,2026-05-27T18:57:26+00:00,1,0,0,21.841,0,21.709954,1
0xb8396ab0dc0cce2e1c4fe532ffdc3b3c613a33e5,2026-03-23T08:06:55+00:00,2026-03-23T21:41:37+00:00,2,0,0,5.111819,5.11,9.618728000105448,2
0xb84d6d9e71112df6f6efb6fede9226d654ea2f14,2026-05-13T04:44:52+00:00,2026-05-13T05:31:50+00:00,3,1410.0,1410.00,0,0,19.74000,3
0xb8593e012c412ae149b2aa87d0aa12baa379858f,2026-05-26T11:29:17+00:00,2026-05-26T11:29:17+00:00,1,0,0,10.814833,0,10.7499439998370334,1
0xb85f372f6afd5aa2d37a56800deea5cb3ad3b9a0,2026-06-13T03:47:00+00:00,2026-06-13T03:47:00+00:00,1,3333.333333,0,0,0,9.9999989990000001,1
0xb866565fc69d0e1fbac62bd498e966f8d402fda5,2026-05-29T15:21:39+00:00,2026-05-29T17:43:37+00:00,2,0,0,26.1206,26.12,51.9532770,2
0xb886813fbc2ef1a542e3879bfe3002255d5072fc,2026-03-11T12:32:25+00:00,2026-03-13T06:11:25+00:00,3,0,0,19.995364,19.99,38.5458649999503464,3
0xb8a1d0470db17089460864aa39d81d40437211ff,2026-05-04T10:55:46+00:00,2026-05-04T12:52:54+00:00,2,0,0,10.0,10.0,19.7700,2
0xb8a47d387beb9ec7fd4baaec05396e9677cea13b,2026-06-15T11:20:27+00:00,2026-06-15T11:20:27+00:00,1,5.24,0,0,0,0.00524,1
0xb8a4c55c417808bb542af7edd05feeba87d90de2,2026-04-12T00:53:25+00:00,2026-04-24T05:15:24+00:00,4,491.42857,0,0,0,11.999999002857162,4
0xb8adeaa29d88122f13ae0076261512e73a863d41,2026-05-11T03:07:46+00:00,2026-05-11T16:11:32+00:00,2,0,0,103.82,103.82,206.18652,2
0xb8b4234a9fe408a0f938d193853857876ee26d1a,2026-03-31T06:38:03+00:00,2026-03-31T08:33:13+00:00,4,0,0,24.0,24.0,45.7200,4
0xb8d2675973d6567c5bde51fdb44781cd6d64ca7d,2026-05-27T13:11:17+00:00,2026-05-31T08:48:49+00:00,4,0,0,231.90,231.90,460.78518,4
0xb8d733f37c93ae2c539f4bc9e3e79c0b68f6f7f2,2026-03-18T14:53:07+00:00,2026-03-18T15:11:55+00:00,2,0,0,27.045453,27.04,52.3276780009545742,2
0xb8f2c9a2b19111bd9e821b5f2f97c7153f24ac3c,2026-02-26T07:12:46+00:00,2026-03-05T10:35:19+00:00,2,100.0,100.0,0,0,6.4000,2
0xb8fc6f32351563ba9cdff1e1724c520873ecf4d5,2026-04-01T08:15:07+00:00,2026-04-01T12:27:07+00:00,2,0,0,42.39,42.39,81.98226,2
0xb8fe807aa951e35af53fd0fee36abc303864ce76,2026-06-17T05:50:10+00:00,2026-06-17T05:50:10+00:00,1,12500.0,0,0,0,25.0000,1
0xb905d4155d81fbc0bc601bb9ce70fed7b3b1a846,2026-06-03T07:48:24+00:00,2026-06-06T23:27:09+00:00,2,0,0,34.0,34.0,67.6600,2
0xb90a5c2ebf2ee8be9fd2a9f377ac5e3f2bb5e3b0,2026-05-14T09:32:00+00:00,2026-05-14T17:18:33+00:00,3,1200.0,1200.00,0,0,19.20000,3
0xb919fb77dc1599cc12e792cc284d2fb8c6013a4f,2026-06-05T10:36:48+00:00,2026-06-05T17:27:37+00:00,2,0,0,2781.344,2781.34,5543.214608,2
0xb91e1d1a614fc87144a05d47c51d2a307931549c,2026-05-26T07:01:23+00:00,2026-06-07T10:57:34+00:00,3,0,0,2.009,1.0,2.995955,3
0xb95b60a222166b60de649b8bd91adc114d7a80ae,2026-06-17T02:58:57+00:00,2026-06-17T02:58:57+00:00,1,500.0,0,0,0,1.0000,1
0xb971db81044db31409e28e38621663659cbfc0d6,2026-05-20T23:19:57+00:00,2026-05-21T20:07:35+00:00,9,0,0,123.86,123.86,245.09348,9
0xb986776cbec779afc4acad000e3dca77f488f88f,2026-03-29T12:10:04+00:00,2026-03-29T12:10:54+00:00,3,0,0,1070.0,1070.00,2022.30000,3
0xb98b176859c2b375cf06c1c4974e46ed69cd7e18,2026-06-14T06:51:04+00:00,2026-06-14T06:51:04+00:00,1,4000.0,0,0,0,8.0000,1
0xb98d294c7e08f12092e9c55a51bc95cc93370dd5,2026-06-13T18:27:12+00:00,2026-06-13T18:27:12+00:00,1,0,0,1.002,0,0.999996,1
0xb990d33a0a83ce071b5642895a4d9feabe05dbc2,2026-05-14T23:36:56+00:00,2026-05-14T23:48:57+00:00,2,0,0,7.049344,7.04,13.983677999855104,2
0xb99440cf78f5fbe6148318c2c500e058e38bb757,2026-06-03T11:33:36+00:00,2026-06-15T11:20:27+00:00,2,0,0,144.0,144.0,287.1360,2
0xb9b2e09ca672c41bc123170cceb61b815e5d1bef,2026-06-11T08:31:06+00:00,2026-06-11T08:31:06+00:00,1,8925.698,0,0,0,39.0000001805276,1
0xb9bb09872f78ee6ff735d858e40f29e179fef2dc,2026-04-15T13:25:30+00:00,2026-04-18T15:51:52+00:00,4,0,36.0,0,0,0.6680,4
0xb9d2b5b105dc7c0fe651d4015f9627f4007ffb68,2026-02-21T20:00:26+00:00,2026-03-06T17:45:19+00:00,7,56.39,56.39,0,0,4.61143,7
0xb9d634839b7bd0fc60c860c88988b721a2fb72af,2026-05-20T13:10:27+00:00,2026-05-20T13:10:27+00:00,1,125.0,0,0,0,1.0000,1
0xb9e6d8ad57c0912c1dba8a5776391e502d951ec7,2026-05-07T03:15:01+00:00,2026-05-15T14:36:09+00:00,4,0,0,78.589444,78.58,155.9117349990764667,4
0xb9ed13ee10e50baa140b9c18f09265b42b92632b,2026-06-16T09:10:34+00:00,2026-06-16T09:10:34+00:00,1,0,0,27.697,0,27.669303,1
0xb9efc7564bc9471d8c6912443eb1f384f934410b,2026-04-23T05:57:12+00:00,2026-05-17T23:20:18+00:00,2,13870.633087,0,0,0,120.00000036476375,2
0xb9fb443ab081e6b69752f35c38ba66fbde20f92f,2026-05-13T04:44:54+00:00,2026-05-13T05:31:50+00:00,3,1380.0,1380.00,0,0,19.32000,3
0xba03811cf0c748126cb475308894114a2e2b65be,2026-06-11T11:01:19+00:00,2026-06-11T11:01:19+00:00,1,3917.5,0,0,0,15.6700,1
0xba0790c27fef026d2aa83b1754e834a08c2ed785,2026-05-17T14:17:08+00:00,2026-05-17T18:11:59+00:00,11,713.954423,713.00,0,0,9.9886809994708706,11
0xba0fc796bd99e38c986b807ed58c5a7ae75af2fe,2026-05-03T09:04:42+00:00,2026-05-03T19:29:20+00:00,2,0,0,54.53,54.53,107.96940,2
0xba1244f29e5f1e482727545d2055d58f0b2360bb,2026-05-17T02:10:35+00:00,2026-05-17T03:20:46+00:00,2,0,0,1359.0,1359.0,2700.3330,2
0xba2c9e740dfb89c2945f3b454c8721a8640f54d0,2026-05-01T05:44:14+00:00,2026-05-01T05:44:14+00:00,2,10.0,0,0,0,0.100,1
0xba356a90a10749ae8768c51adfbbcd737fbb7f80,2026-05-17T12:20:10+00:00,2026-05-18T00:04:56+00:00,2,0,0,103.02,103.02,204.59772,2
0xba5673e1b0017390c741bd227ad00b0e09ddbb43,2026-05-31T20:32:42+00:00,2026-06-01T04:51:25+00:00,2,0,0,14.0702,14.07,27.9854290,2
0xba81a9fe2c6f2494fddb477077e17d30279033ae,2026-03-09T08:12:55+00:00,2026-03-09T08:12:55+00:00,1,21.145832,0,0,0,0.9999990003104552,1
0xba867932513a362b5dc31703eef7982cdf4a786d,2026-04-08T03:27:01+00:00,2026-04-08T03:27:01+00:00,1,55.555554,0,0,0,0.9999989997778050,1
0xba8c91e62d6ee8d481a7f89dfb21baa706586d3b,2026-05-31T13:13:04+00:00,2026-05-31T14:00:00+00:00,2,0,0,10.0502,10.05,19.9896490,2
0xba8e8653736af8d9f892712f4615a795aba2d040,2026-05-23T04:08:42+00:00,2026-06-15T11:20:27+00:00,7,0,0,100.00,100.0,198.9000,7
0xbaa606c0364e9e78581b15d6d871956dbaeec89e,2026-06-12T03:05:13+00:00,2026-06-12T03:05:13+00:00,1,0,0,1.003,0,0.999991,1
0xbaa9f6e5f7756b7df937dee492d87a7edfe94baa,2026-04-08T08:54:43+00:00,2026-04-08T12:19:55+00:00,3,421.59,421.59,0,0,15.873090005658,3
0xbabe5494e50f2f902781505b628a0f4367e7cd09,2026-05-28T00:17:39+00:00,2026-05-28T00:17:39+00:00,1,0,0,226.156833,0,224.799892002,1
0xbad4f11f8325fd5a4a92c3b42379e62e63138bbb,2026-05-26T10:30:10+00:00,2026-05-26T10:37:43+00:00,2,0,0,498.0,498.0,989.5260,2
0xbae5e30ffb7ba9b44526b109137556be6cc549d4,2026-05-20T20:44:55+00:00,2026-05-21T09:34:52+00:00,2,0,0,55.04,55.04,109.19936,2
0xbaea98acb9b43218eaf8e43b320a4dff2e1695e8,2026-06-05T16:01:09+00:00,2026-06-13T12:32:46+00:00,2,31666.666666,0,0,0,119.9999993313333334,2
0xbb006ae8681ee76ccf641d367e8a16ff39562f38,2026-05-14T17:04:28+00:00,2026-06-16T05:27:13+00:00,14,19135.714285,7635.71,0,0,101.8492590118571455,14
0xbb021eeb27fe71ad2580f4d7702d83a52cb0c413,2026-06-11T06:34:19+00:00,2026-06-13T06:34:04+00:00,3,0,0,17.001,15.98,32.882057,3
0xbb2206891909593bc158fe3911379274b84d06c8,2026-06-05T16:01:09+00:00,2026-06-06T04:10:22+00:00,2,0,0,51.6,51.6,102.7872,2
0xbb33e2595599e6908b3795a86bdc83d1358b51ce,2026-05-26T01:37:28+00:00,2026-05-26T01:37:28+00:00,1,0,0,548.0985,0,544.8099090,1
0xbb3c85c5e484e9ef060a9e437f6035b92cad07e9,2026-06-14T17:38:42+00:00,2026-06-14T23:48:12+00:00,2,0,0,8.008,8.0,15.983992,2
0xbb3ca1e9acdd9756040d797b06b2f8d6137b80af,2026-06-09T10:06:36+00:00,2026-06-10T08:33:55+00:00,2,0,0,34.068,34.06,67.821444,2
0xbb41dfe22ae940d09462274f64bc2e5d7856111f,2026-05-30T01:25:17+00:00,2026-06-09T14:45:36+00:00,4,2449.999999,0,0,0,8.9999979960000014,4
0xbb44d8d8675553ca1e1a8a1ba6b448c6af3bd3d2,2026-05-19T01:42:48+00:00,2026-06-04T01:51:03+00:00,2,600.0,600.0,0,0,7.8000,2
0xbb46e94c3b023c51814d3c3cd32dc3c629faac73,2026-04-18T09:05:16+00:00,2026-04-18T10:29:16+00:00,2,399.72,399.72,0,0,16.78824,2
0xbb4812faf50cfcda798bcff51d9942acdacd5c24,2026-03-13T13:59:55+00:00,2026-04-23T23:15:42+00:00,2,155.748,155.74,0,0,5.6475800026808,2
0xbb486ea46d2a47bae32ae7aeb3039c1a81dceb8c,2026-06-17T06:47:28+00:00,2026-06-17T06:47:28+00:00,1,10000.0,0,0,0,10.0000,1
0xbb4f1c34c6c0c66520ea32baa089420a5cdf297f,2026-06-02T20:32:09+00:00,2026-06-02T20:32:09+00:00,1,166.666666,0,0,0,0.999998996000004,1
0xbb61706b3f9f542345c29fa7f6628e65acd3f5c2,2026-05-14T09:26:42+00:00,2026-05-14T09:27:38+00:00,3,1180.0,1180.00,0,0,18.88000,3
0xbb7b147a4025cfb111014c6bf306c3d5704bf44c,2026-03-28T05:54:39+00:00,2026-03-28T05:56:49+00:00,3,0,0,1005.00,1005.0,1885.38000,3
0xbb9831512e6f4ae33ea262aa19aed8176c04277d,2026-06-12T14:29:10+00:00,2026-06-12T14:29:10+00:00,1,1250.0,0,0,0,5.0000,1
0xbba18751b66a5bef75fd1f556e8fe96132790431,2026-05-13T04:45:01+00:00,2026-05-13T05:37:28+00:00,3,1380.0,1380.00,0,0,19.32000,3
0xbba82bad5c3c250464ac7294d3819315ead9f383,2026-01-31T12:35:20+00:00,2026-04-21T20:53:26+00:00,50,1433.084431,1433.081057,0,0,54.9631480028594033,45
0xbba96150466e2301e0417f41ca62d2b3dc768e89,2026-06-15T06:29:16+00:00,2026-06-15T06:29:16+00:00,1,0,0,11.891,0,11.879109,1
0xbbcafa6e41833d5197a7000cc2b31e07d5803c96,2026-06-15T16:03:16+00:00,2026-06-15T16:03:16+00:00,1,0,0,30.690689,0,30.6599980010240411,1
0xbbcc93f020dcafc192abcca7628aea8436bd4a90,2026-05-09T04:49:51+00:00,2026-05-09T04:49:51+00:00,1,0,0,6.7838,0,6.7498810,1
0xbbe52357040b5c7cc8d3f25638d354c3744d7ff6,2026-06-13T18:09:58+00:00,2026-06-13T18:09:58+00:00,1,0,0,1.002,0,0.999996,1
0xbbe589b9182d573abee3363392e937ed357b28b7,2026-05-02T05:03:24+00:00,2026-05-02T05:03:24+00:00,1,125.0,0,0,0,1.0000,1
0xbbea6d6e82fb6da95db6c9cab38f5bf315d9ea49,2026-06-01T03:43:48+00:00,2026-06-01T03:43:48+00:00,1,300.0,0,0,0,1.5000,1
0xbbf2108f393c81643e92cb215c7b3a616aa0c79d,2026-04-19T17:59:52+00:00,2026-04-19T19:20:08+00:00,2,0,0,17.11,17.11,33.46716,2
0xbbf377c5412ea6a4fd6d1de73431a49f0365b3b5,2026-06-04T07:24:45+00:00,2026-06-09T13:08:57+00:00,3,0,0,20.14,10.04,30.03914,3
0xbbf794c47c453f09559ba049e9a6b030cd29f694,2026-05-01T07:23:46+00:00,2026-05-01T07:23:46+00:00,1,90.909089,0,0,0,0.9999989971818388,1
0xbbfb29aeddfd43ab86241bad86013bc395b5212f,2026-04-23T13:19:18+00:00,2026-04-23T13:19:18+00:00,1,58.823528,0,0,0,0.9999999995294112,1
0xbbfb62b433af2aecdb941f2f3c5f145060e453df,2026-04-27T04:50:04+00:00,2026-04-27T08:29:20+00:00,2,94.0,94.0,0,0,3.1020,2
0xbc092076aa0791b658dbd604647b8e8c35e5e930,2026-05-17T12:20:10+00:00,2026-05-17T23:30:06+00:00,2,0,0,91.13,91.13,180.89305,2
0xbc17e13d257ac8d5b290cf6fcadf4ee970a06fe0,2026-06-15T21:00:15+00:00,2026-06-15T21:00:15+00:00,1,0,0,47.0,0,46.9530,1
0xbc279fec04495897b975505d58eab5e85c8c9811,2026-04-01T07:28:29+00:00,2026-04-01T07:39:01+00:00,3,0,0,262.0,262.00,503.56400,3
0xbc2a1e8fccb62b54cac33bca116c78401fe26750,2026-05-13T18:41:57+00:00,2026-05-14T03:50:17+00:00,4,0,0,12.084427,12.08,23.9691160000233301,4
0xbc460920292f78831daefe7e04b28b809782899a,2026-06-17T13:31:52+00:00,2026-06-17T13:31:52+00:00,1,500.0,0,0,0,1.0000,1
0xbc4bcd3a442f0d59a8f87539e15573e91cfce9f9,2026-05-31T05:25:00+00:00,2026-06-05T18:03:10+00:00,2,0,0,22.1104,22.11,44.0214080,2
0xbc508655c01813a88613e57840bfef8bbf2460c4,2026-06-16T22:15:04+00:00,2026-06-16T22:15:04+00:00,1,500.0,0,0,0,1.0000,1
0xbc54e69667ceb6ccec538e5a0ba1927fc1fe680f,2026-01-31T15:16:38+00:00,2026-04-30T10:16:38+00:00,26,196.571,196.57,1379.982283,1297.25,2531.5731660013183718,25
0xbc5ab618da357b4af0844846a289b417ef4d202e,2026-06-10T09:57:51+00:00,2026-06-10T09:57:51+00:00,1,0,0,1.006,0,0.999964,1
0xbc677771dc8e527ef7e44e9113224fb03f77aea4,2026-05-09T17:36:26+00:00,2026-05-09T17:36:26+00:00,1,0,0,6.8442,0,6.8099790,1
0xbc7f8aa37fcb94b487f43e8f047c65b2a3dcf922,2026-02-28T20:10:31+00:00,2026-03-03T11:42:21+00:00,2,217.842857,217.84,0,0,7.3568000098912293,2
0xbc829d3ea3d053a9866e67cb24eff8d00d0a5af0,2026-06-12T19:14:16+00:00,2026-06-12T19:14:16+00:00,1,3333.333333,0,0,0,9.9999989990000001,1
0xbc8c61c1de7c31a8ff68aebf55256c028db9273f,2026-06-16T20:41:23+00:00,2026-06-17T04:47:05+00:00,2,50000.0,0,0,0,100.0000,2
0xbc9415403ffd46e1543c9266c6b5a9a05e5bd86b,2026-05-13T07:29:50+00:00,2026-05-13T08:33:45+00:00,10,1410.0,1409.995714,0,0,19.7399689980000004,10
0xbc9b2c12c4d35417a145cf0e8e8ff35052750e52,2026-04-11T16:25:15+00:00,2026-04-12T16:44:39+00:00,4,144.00,144.0,0,0,5.47200,4
0xbca69be5edef416ba701f9a3a2983efdf58273e3,2026-04-06T16:30:23+00:00,2026-04-21T17:06:50+00:00,13,1709.160916,1709.16,0,0,49.5656509998461496,13
0xbccf621c3c19629f8ac81a918f448c9c41c96a2d,2026-04-01T02:29:39+00:00,2026-04-01T07:02:01+00:00,3,0,0,940.0,940.00,1807.62000,3
0xbcd76c559502a979b1bcdf5d50b129ac82b88597,2026-05-16T11:26:40+00:00,2026-05-17T21:24:04+00:00,2,0,0,262.575333,262.57,521.731891002,2
0xbcd792c0c696b770604f464eaf243099ac70d3cc,2026-03-27T13:52:49+00:00,2026-05-07T13:16:24+00:00,3,109.499217,109.49,0,0,6.0948990022605798,3
0xbce10432c3ed881de7d579a2cd551a0d0099c5a6,2026-04-12T21:49:09+00:00,2026-04-13T02:17:07+00:00,2,0,0,5.1,5.1,9.9144,2
0xbce886d0a7aea1f6c6936eeebbefc1f55c9c1e90,2026-05-26T13:07:48+00:00,2026-05-26T13:07:48+00:00,1,0,0,18.480833,0,18.3699480001519167,1
0xbcea10245071cf62a631098188e447829ef5e839,2026-06-14T14:53:06+00:00,2026-06-14T19:27:57+00:00,2,0,0,8.0,8.0,15.9680,2
0xbcfd0915f741084d99a7fedad651d8cf4ef6a50e,2026-05-14T12:22:43+00:00,2026-05-14T12:22:43+00:00,1,0,0,300.0,0,297.9000,1
0xbd0d7edbf0b9df03c6aaaa5dc56bac78876c8d26,2026-06-12T14:19:18+00:00,2026-06-12T14:19:18+00:00,1,0,0,1.033,0,1.029901,1
0xbd184b321244e331ad6b5901a273f111161c731c,2026-05-14T17:02:52+00:00,2026-05-14T19:14:03+00:00,2,0,0,195.417857,195.41,387.896652001,2
0xbd297cf66032324a79987c1af0348c16d9bd96d3,2026-05-27T18:42:37+00:00,2026-05-27T18:42:37+00:00,1,1428.571428,0,0,0,9.9999989960000004,1
0xbd2f718bb16116a98106f619c2a1ffbb1e0aef17,2026-06-11T12:39:21+00:00,2026-06-11T12:39:21+00:00,1,0,0,1.004015,0,0.9999980000411570,1
0xbd3d49dba0263aba2612e8631a25d915eaf1d871,2026-05-27T11:38:35+00:00,2026-05-28T01:49:24+00:00,2,0,0,118.22,118.22,234.78492,2
0xbd4535e4a022bbe8769b56edb3ebdb893be2f2aa,2026-03-23T15:53:31+00:00,2026-03-23T17:34:19+00:00,10,0,0,35.87,35.87,68.147839999971,8
0xbd50846808aa14a62088b0f7bc8448407baa6500,2026-06-13T17:05:52+00:00,2026-06-13T17:05:52+00:00,1,33333.333333,0,0,0,99.999999999,1
0xbd57933c84bc20dee8134718df6248ab8aa60d72,2026-06-13T04:45:45+00:00,2026-06-14T01:10:27+00:00,2,0,0,85.05,85.05,169.58970,2
0xbd5c82aa9fc03489766dd1676746458fcafede22,2026-05-27T04:43:34+00:00,2026-05-27T04:43:34+00:00,1,0,0,18.138666,0,18.0298340003722668,1
0xbd5d224a258d40f062141382e126dcdd858e2748,2026-06-17T11:42:16+00:00,2026-06-17T11:42:16+00:00,1,500.0,0,0,0,1.0000,1
0xbd61bd9c2b69b097ef5fa5f8bedb4fa7b802ee65,2026-06-12T06:15:58+00:00,2026-06-15T09:26:43+00:00,2,0,0,11.594666,8.46,20.0029619996810668,2
0xbd6e45c934c31514811bc1e3cb153c4aa05cb651,2026-06-11T18:35:10+00:00,2026-06-11T18:35:10+00:00,1,1250.0,0,0,0,5.0000,1
0xbd83721be0cf9f3a40ce0235385d52a0adfd8a09,2026-05-17T09:53:33+00:00,2026-05-17T19:18:18+00:00,2,0,0,110.663982,110.66,219.885377997336018,2
0xbd8a9c8bb1141d3d59b55e6d15a4e42e8bbef9bd,2026-01-29T09:11:52+00:00,2026-02-23T16:08:26+00:00,2,0,0,2.129031,2.12,4.0788720000833261,2
0xbd98da6e58fdf1a542c61751077dec25995f92f7,2026-06-16T11:44:21+00:00,2026-06-16T23:31:10+00:00,2,0,0,86.07,86.07,171.79572,2
0xbdb066f33365dee5814812e33921e7a1ebac6e2d,2026-05-18T03:18:02+00:00,2026-05-18T15:12:13+00:00,3,0,0,123.58,123.58,245.18272,3
0xbdbe7a4521f152ce69c8bfc74f487b1b1ac56a45,2026-06-17T12:44:14+00:00,2026-06-17T13:34:16+00:00,3,2500.0,0,0,0,5.0000,3
0xbde1ac5c83a2493a69e886c8960638ab9e898517,2026-03-29T12:11:20+00:00,2026-03-29T12:17:38+00:00,3,0,0,900.0,900.00,1701.00000,3
0xbded63dd8cc9cff81219917d443b4cfdeb915ae9,2026-03-20T16:59:11+00:00,2026-04-02T12:32:55+00:00,2,4462.0134,4462.01,0,0,335.27482971787998,2
0xbdf2337359624c50ef481b4677fe0db7d0b26113,2026-06-06T12:30:07+00:00,2026-06-12T11:14:03+00:00,2,200.0,200.0,0,0,1.6000,2
0xbdf4b123270d5ef58a8d69ceb5ac2fdd883b59b4,2026-03-20T06:55:55+00:00,2026-03-21T02:14:37+00:00,7,400.00,400.0,0,0,30.40000,7
0xbdfbe72b19df112ef7c76062a6ef0b3b703d3847,2026-06-16T17:58:41+00:00,2026-06-17T06:16:55+00:00,2,0,0,299.19,299.19,597.18324,2
0xbe02e494ec2cb794512efa77a830584acdb2c935,2026-06-07T12:56:39+00:00,2026-06-07T12:56:39+00:00,1,100.0,0,0,0,0.3000,1
0xbe02fbc660dacc0e839686007d30581ad6de565e,2026-06-11T15:01:00+00:00,2026-06-11T15:01:00+00:00,1,0,0,1.004,0,0.999984,1
0xbe03020f8508c167ab24241448e463a24c991907,2026-05-29T19:06:44+00:00,2026-05-30T17:18:59+00:00,2,0,0,6.03,6.03,11.99367,2
0xbe206c45dc17cd7c2eb81e2ad941e2c0db0b35ca,2026-06-17T10:03:13+00:00,2026-06-17T10:03:56+00:00,2,2000.0,0,0,0,2.0000,2
0xbe3d884a68cf04189e1ece6443c3128937b8a212,2026-04-11T21:37:09+00:00,2026-04-15T20:36:54+00:00,2,0,0,22.42,22.42,43.89836,2
0xbe455fb9da14cba8d5154cf5280839a915171724,2026-05-13T08:10:25+00:00,2026-05-13T08:19:52+00:00,2,0,0,7.002,7.0,13.910988,2
0xbe62ea2cad9dc40465d9cf52e17c5db6c583d98a,2026-06-10T20:43:06+00:00,2026-06-10T20:43:06+00:00,1,5000.0,0,0,0,20.0000,1
0xbe81d40b5c0a1d70d5c96d1e7c06f312b93ee9d7,2026-05-14T09:22:58+00:00,2026-05-14T09:26:51+00:00,3,1220.0,1220.00,0,0,19.52000,3
0xbe89905ca9a689f5129621b62fcf715b5a45b88c,2026-04-30T01:19:18+00:00,2026-06-04T22:22:21+00:00,45,0,0,31149.326769,31149.317784,61794.2733401904802151,45
0xbe905fc494b0e78b17c420cc3303d0b7973a05a3,2026-05-14T09:18:32+00:00,2026-05-14T09:19:12+00:00,5,1230.0,1230.00,0,0,19.68000,5
0xbea27ecca9ec8a3d8e904a2dc8acb60b3a922d33,2026-05-24T07:00:11+00:00,2026-05-28T09:03:10+00:00,551,0,185.0,87303.0,0,86728.8170,551
0xbea7a91e88a4fb97514812387aa74b4df7d5288d,2026-05-21T08:29:14+00:00,2026-05-23T02:20:42+00:00,2,0,0,87.0,87.0,172.5210,2
0xbec2bc0fbd11c775e837e47d3f01e47483ad85bd,2026-06-17T12:05:55+00:00,2026-06-17T13:09:55+00:00,2,500.0,500.0,0,0,1.5000,2
0xbed319a45e95b42abe7a037eee154d9ef1b22997,2026-05-03T09:04:42+00:00,2026-05-03T21:24:14+00:00,2,0,0,151.0,151.0,298.9800,2
0xbed4b2eaed3a24c6bc4a0e3350bd2dbdb2ac08e8,2026-04-12T08:05:55+00:00,2026-04-12T19:26:07+00:00,2,0,0,143.29,143.29,279.98866,2
0xbedad249461e26f4a831e6453aaefd8c40e5bf11,2026-06-11T19:37:04+00:00,2026-06-11T19:37:04+00:00,1,6666.666666,0,0,0,19.9999993313333334,1
0xbedafcdd5bf046ed63949aa142d0e390755e77fb,2026-06-01T14:33:02+00:00,2026-06-01T14:33:02+00:00,1,2500.0,0,0,0,15.0000,1
0xbee3a22eeaacf3a8acd9ff42b5e5da0eb90b2daa,2026-05-30T19:57:06+00:00,2026-05-30T19:57:06+00:00,1,166.666666,0,0,0,0.999998996000004,1
0xbefa95c276ee8ef6ff3ef43d1c1c454f52bc300d,2026-03-12T15:33:17+00:00,2026-04-06T16:23:45+00:00,43,5139.948769,2039.941763,0,0,186.8160619929957374,43
0xbf01a836d722402bed21194337cdbf865b29fa49,2026-05-04T12:58:48+00:00,2026-05-04T12:58:48+00:00,1,90.909089,0,0,0,0.9999989971818388,1
0xbf06488ef674fd6def3146a8fc05f5c810f43ef2,2026-05-17T12:20:10+00:00,2026-05-17T23:46:05+00:00,2,0,0,88.62,88.62,175.99932,2
0xbf1be154243edfe34d1b518a04bcd2dc0a199fba,2026-02-20T15:07:28+00:00,2026-02-20T15:07:28+00:00,1,665.940625,0,0,0,9.9999999681990625,1
0xbf358ce9e63a0a4159ae2658c45ba1b854e03574,2026-05-17T09:05:06+00:00,2026-05-17T09:15:56+00:00,2,0,0,5.03018,5.03,9.994787999980078,2
0xbf3c8b9f0bea9c88b46edd126747ff5c5c684215,2026-06-12T07:42:03+00:00,2026-06-12T09:29:25+00:00,2,0,0,105.616666,105.61,210.487376002,2
0xbf4405e53fcdb12e668d5819205f4209341971a4,2026-06-17T17:02:53+00:00,2026-06-17T18:00:46+00:00,31,1116245.991,0,0,0,1116.245991,31
0xbf4ee6147d2ccfbb31d7c3c6e9b81b0badc1a689,2026-06-13T01:20:40+00:00,2026-06-13T03:10:19+00:00,2,0,0,1052.89,1052.89,2100.51555,2
0xbf71140a93c840ca20a3f94148089eff7edf9bf8,2026-05-26T09:26:26+00:00,2026-05-27T14:16:05+00:00,2,0,0,260.563333,260.56,517.736033002,2
0xbf7d096ed07f687d3ab05bd615be478e51f41b75,2026-06-14T08:56:34+00:00,2026-06-14T08:56:34+00:00,1,0,0,101.151,0,101.049849,1
0xbf90e0ca8c7a5752869e789355d0c2bf279946e7,2026-05-11T10:00:24+00:00,2026-05-11T10:55:52+00:00,2,0,0,49.456666,49.45,98.2637759990543334,2
0xbfa41f1b082c5382dbc056c0ea4ad21fbff06fd8,2026-06-02T17:46:29+00:00,2026-06-02T17:46:29+00:00,1,0,0,1.005,0,0.999975,1
0xbfb9e2976511c51c18df7726fcc495d17dd5f95b,2026-03-15T07:34:35+00:00,2026-03-15T07:44:29+00:00,2,0,0,50.560729,50.56,97.2781420017196355,2
0xbfba1136a9484c7eb8cd9bc6e08a3fa244b59774,2026-03-28T00:45:41+00:00,2026-03-30T22:12:31+00:00,3,0,0,10.594811,0,9.9990409999240073,3
0xbfc3bd3961f72829adb71c00376815f9cc14f0a2,2026-05-20T13:42:02+00:00,2026-05-25T02:32:53+00:00,2,0,0,32.225578,32.22,63.9622380001228912,2
0xbfcc6e9d9846b6a38944f16ea2a1321afdc1f44b,2026-05-15T03:30:07+00:00,2026-05-15T03:30:07+00:00,1,0,0,5.58,0,5.53536,1
0xc0166baf456498194230bf8144c93c85eb79a5a8,2026-03-07T16:27:09+00:00,2026-03-07T16:35:21+00:00,5,1487.0,1487.0,0,0,187.3620,5
0xc0166ea8c28550a57a9b2488b798ab5d963acbdb,2026-06-14T19:18:48+00:00,2026-06-14T19:18:48+00:00,1,500.0,0,0,0,1.0000,1
0xc01a0aa46f886a3fb513f3ada1a5fa9efe3e834c,2026-06-05T01:06:07+00:00,2026-06-05T01:06:25+00:00,4,0,0,10.190,10.18,20.298710,4
0xc032ef3d8763954fd4461d3c926b7fcd04276e4a,2026-05-11T15:32:34+00:00,2026-05-12T03:35:28+00:00,2,0,0,56.79,56.79,112.72815,2
0xc036773e2916243b42badfba721172f39fff2960,2026-06-16T05:23:30+00:00,2026-06-16T05:26:34+00:00,2,0,0,3446.236,3446.23,6882.127304,2
0xc03709ca8bfbc5700849743ebf32ab3d597366fa,2026-06-08T09:38:10+00:00,2026-06-14T01:18:06+00:00,2,0,0,5.010019,5.01,9.994968000076352,2
0xc03fd7f514a6d52fe0b8291846717724f6c1249d,2026-03-21T22:44:31+00:00,2026-03-30T21:26:25+00:00,16,0,0,806.04,806.038096,1525.7599779999746816,16
0xc07289c223b2d5446a3ba1c85be574b1bb60812c,2026-05-26T14:03:29+00:00,2026-05-26T14:03:29+00:00,1,0,0,10.845,0,10.779930,1
0xc076fa3bae42fd06e5588d5af7c69c160089a308,2026-05-27T16:24:22+00:00,2026-05-27T16:24:22+00:00,1,0,0,18.289666,0,18.1799280003420668,1
0xc089689df5df2027831c1741d0538889e6290351,2026-06-14T08:58:48+00:00,2026-06-14T08:58:48+00:00,1,0,0,1.001,0,0.999999,1
0xc08f051c14410c4b8d67546d1721dd367ab02cb3,2026-05-26T14:15:14+00:00,2026-05-26T14:15:14+00:00,1,0,0,553.309833,0,549.989974002,1
0xc09a1026da7da1753734c541ec28118f0516deb9,2026-06-12T15:49:55+00:00,2026-06-12T15:49:55+00:00,1,0,0,1.003,0,0.999991,1
0xc0a46748323933873cfb6be955968e6864602f2d,2026-05-13T07:12:52+00:00,2026-05-13T07:29:42+00:00,3,1390.0,1390.00,0,0,19.46000,3
0xc0a4f09a9c26b9237623a3a2491b716a8124f0ea,2026-06-02T23:52:24+00:00,2026-06-03T08:47:58+00:00,2,166.666666,166.66,0,0,1.833298996000004,2
0xc0a6879045dc544a9b2e1035efd51ba3c7afe5b0,2026-05-25T05:49:35+00:00,2026-05-25T05:49:35+00:00,1,0,0,2.87,0,2.84991,1
0xc0aa1fcd170b2fb1b3538ccd875f7e9650b301db,2026-06-14T17:44:22+00:00,2026-06-14T17:44:22+00:00,1,10000.0,0,0,0,20.0000,1
0xc0af7a985ad4de43e74b2c4980571f2e4dc18905,2026-06-06T23:09:48+00:00,2026-06-07T00:41:39+00:00,4,0,0,1119.257333,1119.25,2230.672561001,4
0xc0b4c26db244985508a41ecfbb9837d7619da644,2026-05-13T10:32:20+00:00,2026-05-13T10:50:57+00:00,2,282.857142,282.85,0,0,3.6770990040000030,2
0xc0cc30c4643b34284847395c3188a2254c3b78a9,2026-03-18T07:07:29+00:00,2026-05-19T20:00:47+00:00,4,1446.595304,1446.59,0,0,47.1511279419790525,4
0xc0d3a9f329e771cb8a16ad87fe1fb22805212a7d,2026-06-14T09:21:04+00:00,2026-06-15T11:20:27+00:00,2,0,0,20.02,20.02,39.99996,2
0xc0eed3a65651e44bfb6136735cd23199508eb314,2026-05-15T13:32:35+00:00,2026-05-15T13:32:35+00:00,1,0,0,6.11,0,6.06723,1
0xc10f786374abdde0dff0cf9439ba3d49c527c7df,2026-03-03T19:09:55+00:00,2026-03-03T19:57:57+00:00,4,0,0,113.001213,113.0,205.8930380070753476,4
0xc158a3158510ddc05705fa3a6d76ca2b32953eb7,2026-05-26T17:15:07+00:00,2026-05-26T17:15:07+00:00,1,0,0,13.410333,0,13.3298710006589667,1
0xc15e2be83aad26a3dde49e36bc5596d3b901c61f,2026-05-29T18:54:47+00:00,2026-05-29T18:54:47+00:00,1,166.666666,0,0,0,0.999998996000004,1
0xc1732ccc984616068d496620fa9b2e353e206697,2026-06-07T10:29:33+00:00,2026-06-07T10:29:33+00:00,1,0,0,4.012,0,3.999964,1
0xc18ec25f0d11938128f592299835a404e38e44e3,2026-06-17T07:19:38+00:00,2026-06-17T07:19:38+00:00,1,500.0,0,0,0,1.0000,1
0xc1972de84c6d264ea42d6d9e6571e7aae96e0835,2026-05-24T10:47:20+00:00,2026-05-24T16:45:32+00:00,2,0,0,175.580222,175.58,347.9996899995782028,2
0xc1a4273c62497ab957c8ce84fc798e89ee9ccd85,2026-06-13T09:09:22+00:00,2026-06-13T09:09:22+00:00,1,0,0,1.022,0,1.019956,1
0xc1a79c4b66e2d613967f3e0bb89c7114eace34d6,2026-05-17T16:53:07+00:00,2026-05-17T16:53:07+00:00,1,285.714285,0,0,0,1.9999989950000025,1
0xc1aaf45af2c2ea6e439dcdf14380efa816d2ca83,2026-05-18T10:45:54+00:00,2026-05-26T03:34:55+00:00,4,0,0,386.2555,386.25,766.9532170,4
0xc1c15775a381513b1b772010ee5de8f6e4f5c63a,2026-06-01T05:32:34+00:00,2026-06-01T05:32:34+00:00,1,833.333333,0,0,0,4.9999989980000004,1
0xc1c1a4157efe4d869096ad50ace62e91b724d458,2026-05-15T01:14:11+00:00,2026-05-15T01:14:56+00:00,2,0,0,201.409868,201.4,399.7887979975146072,2
0xc1dfdfbecdd798f7e80e1628d2f3868b457aaa33,2026-05-22T05:10:31+00:00,2026-05-22T05:10:31+00:00,1,0,0,31.140222,0,30.8599599988859778,1
0xc1eb9b621e8fc2c9bc5f819c357188dce6fb6e25,2026-05-24T01:07:41+00:00,2026-05-28T01:51:01+00:00,2,0,0,69.0,69.0,136.7580,2
0xc1f26787ddd17b8a4a6a0bccbcaca2f6a8e66575,2026-05-30T10:33:06+00:00,2026-05-30T11:38:07+00:00,2,0,0,13.5678,13.56,26.9786010,2
0xc20d50b56741471f55dd1a9471c6d143a794dfa0,2026-05-21T12:54:01+00:00,2026-05-22T09:55:28+00:00,4,0,0,570.0,570.0,1128.6000,4
0xc21ea96be762bb55041529af6e386e7c53b80215,2026-03-19T23:42:27+00:00,2026-03-19T23:50:43+00:00,2,0,4664.3,0,0,167.9148,2
0xc24307db60e64be7a809f4f461ffd27a4f0b5e94,2026-04-29T19:01:58+00:00,2026-06-09T17:34:04+00:00,4,149.0,149.0,0,0,3.4270,2
0xc24476bb686d095c6be19f522827b6c74ec9edf7,2026-02-03T09:30:52+00:00,2026-02-03T09:32:18+00:00,2,0,0,10.62,10.61,20.67802,2
0xc2481f2ba72dd88bbec68d038fbd58157e324994,2026-05-27T02:18:04+00:00,2026-05-27T02:18:04+00:00,1,0,0,10.7745,0,10.7098530,1
0xc2aef27cc8b4f653bfad4dc32e59ac94642dc069,2026-05-15T14:18:28+00:00,2026-05-15T14:18:28+00:00,1,142.857142,0,0,0,0.999998994000006,1
0xc2cd2fae2b6fb5b40c7edbeb2b5f6413c007adaf,2026-03-18T20:39:07+00:00,2026-03-19T15:25:13+00:00,2,0,0,154.885631,154.88,297.9945370065114369,2
0xc2df878ffa160c4c10b0b39199406b19d79d65fa,2026-06-17T16:01:22+00:00,2026-06-17T16:01:22+00:00,1,30000.0,0,0,0,30.0000,1
0xc2e7da1a54ef708c2406cec2282f6fd16175cadc,2026-06-09T23:41:57+00:00,2026-06-09T23:41:57+00:00,1,142.857142,0,0,0,0.999998994000006,1
0xc2ebfab168a93e7b6742a4122cb2ef3563c8450a,2026-05-13T05:31:50+00:00,2026-05-13T05:37:29+00:00,5,1420.0,1420.00,0,0,19.88000,5
0xc2f0cdc980f8eb806ba2467c0e0e4b5279277ab9,2026-06-14T19:13:49+00:00,2026-06-15T00:16:01+00:00,2,3500.0,0,0,0,7.0000,2
0xc2f6bc53c533e786d84a0ef7dbca1de8bc790375,2026-03-24T17:09:11+00:00,2026-03-27T14:19:07+00:00,2,20.833332,20.83,0,0,2.2597990003273932,2
0xc2f70013b4102fa66d8c7570ae25a5d505c7bd71,2026-05-14T09:22:02+00:00,2026-05-14T09:22:53+00:00,3,1180.0,1180.00,0,0,18.88000,3
0xc3035ed502d5659e0332ce4b442014608713bdf7,2026-05-01T10:38:32+00:00,2026-05-01T10:38:32+00:00,1,181.818181,0,0,0,1.9999989910000045,1
0xc3060513380afb771018d5f93e413c04a6503865,2026-06-16T12:36:12+00:00,2026-06-16T12:37:34+00:00,4,0,0,3001.001,3001.0,5992.997999,4
0xc3184efea25767fbb22e1fd5e86e7b4e5368b9dd,2026-05-11T13:00:28+00:00,2026-05-11T14:36:06+00:00,2,0,0,52.655833,52.65,104.621348002,2
0xc31bcdc98737ffa5d6bc391c845db290fe22e5b5,2026-05-01T06:43:40+00:00,2026-05-01T06:43:40+00:00,1,90.909089,0,0,0,0.9999989971818388,1
0xc3212b72b8b4b3b4fd8c276188073f761b635f00,2026-05-27T18:22:50+00:00,2026-05-27T18:22:50+00:00,1,0,0,11.247333,0,11.1798489997505334,1
0xc3240925815ee4a1f443ea600b9fb4c220d40469,2026-05-03T09:04:42+00:00,2026-05-03T23:03:40+00:00,2,0,0,83.16,83.16,164.65680,2
0xc3288480a2c57b7f29ad0b66f016345235e11a9b,2026-06-15T22:02:45+00:00,2026-06-15T22:02:45+00:00,1,0,0,63.0,0,62.9370,1
0xc3307a6c12308d2ee99ef06f977053a0f3a99e8e,2026-06-14T09:20:09+00:00,2026-06-15T03:40:27+00:00,2,0,0,13.013,13.01,25.983967,2
0xc3335aed1ffafe0d413cbb08424a7086a212543e,2026-05-09T20:42:24+00:00,2026-06-11T18:56:10+00:00,3,7374.652856,0,0,0,29.9999989457306310,3
0xc3428e116e1e3b6f8c23f97b3f6d283591d9fa59,2026-04-02T11:10:49+00:00,2026-04-08T16:10:35+00:00,2,0,0,1936.34,1936.34,3771.99032,2
0xc35793db316a56a58cc39d9252e2fa543d5fe776,2026-05-13T00:38:06+00:00,2026-05-13T00:38:06+00:00,1,142.857142,0,0,0,0.999998994000006,1
0xc35e24441adb1ed475a86332039feb9109359f4c,2026-06-10T03:44:34+00:00,2026-06-10T03:44:34+00:00,1,542.5,0,0,0,4.3400,1
0xc383ba427af509f752c6a361e523974caa49734b,2026-06-17T15:25:04+00:00,2026-06-17T15:25:04+00:00,1,1000.0,0,0,0,1.0000,1
0xc3961ef1563495bfedd54ecd6338a811d40ab81d,2026-06-16T09:23:15+00:00,2026-06-16T09:23:15+00:00,1,0,0,113.153,0,113.039847,1
0xc3a5a6efac2ac49796dbdb8a79b05db107ee95e6,2026-04-01T15:43:47+00:00,2026-04-01T22:51:55+00:00,2,0,0,34.42,34.42,66.67154,2
0xc3b71440e2ee26ea123c28f3d0b54a22d70a0c7a,2026-06-12T18:15:58+00:00,2026-06-12T18:15:58+00:00,1,6283.333333,0,0,0,18.849999999,1
0xc3bfe4509fa514a77d415c4c0b7e1efb5033e70f,2026-03-02T04:50:33+00:00,2026-03-18T15:14:21+00:00,10,2564.88,2064.868884,0,0,109.4191970330278516,10
0xc3c5a293f4e0708195647fcd07d901b7aca366e8,2026-03-11T12:32:37+00:00,2026-04-17T11:25:50+00:00,8,35.975951,35.97,4.164604,0,7.2975900011014108,8
0xc3cd1d612bbf9fbf80da5a9bff0b0470cb46816c,2026-03-24T12:50:59+00:00,2026-05-07T03:03:43+00:00,44,299.992,0,2068.957508,1768.946971,3704.9786509933082757,44
0xc3db14d8422cf19b1721fc15c51e13ddafc6005b,2026-05-16T18:03:41+00:00,2026-05-17T04:31:37+00:00,2,0,0,97.88,97.88,194.38968,2
0xc3ee2f853e711a92b962fe828402bdce0dccd0c2,2026-06-10T19:59:13+00:00,2026-06-11T11:33:40+00:00,2,0,0,44.132333,44.13,87.953416001,2
0xc3f59f0d45bb2c328fb754124e4610688f382f1b,2026-05-27T08:33:33+00:00,2026-05-27T08:33:33+00:00,1,0,0,17.9175,0,17.8099950,1
0xc3fae63f2ca3c33469c8e02781c3f01ff63be624,2026-06-13T22:09:16+00:00,2026-06-15T02:34:28+00:00,2,0,0,5.01,5.01,9.99996,2
0xc404d6eaa17cebeed20fb949787f488675522193,2026-06-17T14:00:11+00:00,2026-06-17T14:00:11+00:00,1,0,0,20.0,0,19.9800,1
0xc404d6f2bd71f44bca21984e1f279fa2cc6c921f,2026-05-20T20:44:55+00:00,2026-05-21T10:23:19+00:00,2,0,0,89.41,89.41,177.38944,2
0xc4059828bbe714308e3beba0b2b74bccdb9a11ec,2026-05-18T03:31:03+00:00,2026-05-18T11:36:51+00:00,2,0,0,284.708166,284.7,565.422317004,2
0xc40d4092523a1be45b19e6373bc0e4852b840862,2026-05-23T05:50:36+00:00,2026-06-15T11:20:27+00:00,2,0,0,100.0,100.0,198.9000,2
0xc41d5174d2f859cc748d85e7fc8e46a73346e8fe,2026-05-04T10:55:46+00:00,2026-05-04T10:55:46+00:00,1,0,0,50.0,0,49.4000,1
0xc41f2a1887e74e966a7ab02c423d5bc4cedc1098,2026-06-10T16:30:25+00:00,2026-06-10T16:30:25+00:00,1,0,0,1.043,0,1.039871,1
0xc428894acff142982311f95d38e875f4309b79ee,2026-03-29T00:15:50+00:00,2026-06-01T07:26:17+00:00,4,6086.436607,6086.43,0,0,191.5191890448325410,4
0xc43279330ae29d8af554bb94eedd758f181fc7eb,2026-05-17T14:51:38+00:00,2026-05-17T15:02:54+00:00,2,0,0,8.056285,8.05,15.9854910001662290,2
0xc4557aaefed96b44582aa7492f3475e8b1e03f89,2026-03-02T09:36:13+00:00,2026-03-02T12:58:21+00:00,2,77.904614,77.9,0,0,2.0127000008538628,2
0xc46df1fcd5c791c3b129aa18aeefef2dc387e948,2026-05-14T22:02:28+00:00,2026-05-14T22:16:49+00:00,2,0,0,8.056393,8.05,15.9855980000574563,2
0xc474db278b4a646e2919c1f0d8f2da337bd3dc6e,2026-05-11T20:03:16+00:00,2026-05-11T20:03:16+00:00,1,625.0,0,0,0,5.0000,1
0xc48098b6efe2e0b0b8ee32489a04e164b7689573,2026-05-14T09:23:01+00:00,2026-05-14T09:27:36+00:00,3,1200.0,1200.00,0,0,19.20000,3
0xc4819c9d851da3c40ec3a5cd1e1772c84dcd52ee,2026-06-17T11:53:16+00:00,2026-06-17T11:53:16+00:00,1,1100.0,0,0,0,2.2000,1
0xc48de089a7dbd2c2781afb27768e0dd727f9c398,2026-03-11T12:33:11+00:00,2026-03-19T08:16:01+00:00,2,35.714284,35.71,0,0,2.499878999428616,2
0xc4933e874d5965a66559e673df7b7e778586c50a,2026-04-29T18:46:12+00:00,2026-04-29T18:46:12+00:00,1,52.631577,0,0,0,0.9999989998421409,1
0xc49e1661e205b302abb20225826877b30319974f,2026-06-17T17:55:28+00:00,2026-06-17T17:55:28+00:00,1,3964.826666,0,0,0,9.9699991263129256,1
0xc4abc582bfd909c5f007918392a64b5591c7a6b1,2026-02-28T09:20:21+00:00,2026-03-09T03:07:53+00:00,2,0,0,1.532933,1.53,2.9695589999413211,2
0xc4bd7f67b3ca780512ff1005688db59b280523d4,2026-03-07T18:51:11+00:00,2026-03-07T19:25:27+00:00,6,3631.0,3631.0,0,0,420.5810,6
0xc4d533d56a80788ad4081dcd44e2a103e619efb3,2026-03-03T19:06:49+00:00,2026-04-01T07:42:59+00:00,147,20287.237645,15337.15,0,0,1435.5423685453947604,141
0xc4dafa71c2a3c06b6a61138cd533a135defb89b8,2026-05-11T20:36:08+00:00,2026-05-11T23:36:48+00:00,2,0,0,222.688714,222.68,442.028453002,2
0xc4dd2484a9a175fac925f2607c910b497cc06259,2026-05-18T19:19:12+00:00,2026-05-22T02:30:32+00:00,2,0,0,95.669686,95.66,189.6077379970936594,2
0xc4ea000b27a3c23269b8c9ae051183d7b2105a7b,2026-05-14T09:13:27+00:00,2026-05-14T09:14:34+00:00,3,2380.0,2380.0,0,0,35.7000,3
0xc4eafb4e2e681f9f99c09246ba5216d97d6f8af8,2026-05-14T09:27:38+00:00,2026-05-14T09:29:23+00:00,3,1200.0,1200.00,0,0,19.20000,3
0xc4efb623248136e3b588b0da246e137453a13ee7,2026-05-08T11:23:38+00:00,2026-05-13T13:06:24+00:00,3,3590.0,3590.0,0,0,68.2300,3
0xc4f9989465e25e318fce4955b344ddcdca462d64,2026-05-11T03:07:46+00:00,2026-05-11T17:08:27+00:00,2,0,0,119.31,119.31,236.94966,2
0xc4fca008d11340c1c8b4c2bd864d6d8f8298cbb5,2026-05-16T02:48:38+00:00,2026-05-16T05:26:06+00:00,2,0,0,1559.27,1559.27,3098.26949,2
0xc5187cb669690150643ba2f9aac6b7d98d212594,2026-01-22T13:01:42+00:00,2026-06-06T16:03:55+00:00,286,0,0,8367.037909,0,8153.1962440013234798,286
0xc53817effc570fe046bca2c38965981f95787490,2026-06-14T07:47:30+00:00,2026-06-14T09:55:06+00:00,2,0,0,11.0,11.0,21.9560,2
0xc5403a67309b34f5936e429568bccf02726df00d,2026-03-01T23:13:25+00:00,2026-05-22T18:27:47+00:00,131,0,17752.50,489.0,32.00,1002.11520,130
0xc54eafa1e7941a277586e2454239e5ec192b08ac,2026-04-01T08:06:53+00:00,2026-04-01T15:18:03+00:00,2,0,0,58.62,58.62,113.25384,2
0xc55a73dc42a5263fe6afdce3b0b9c8eb59e17281,2026-03-30T21:23:47+00:00,2026-03-31T15:54:25+00:00,6,0,0,31.499624,31.49,59.9629200009346919,6
0xc55c508fe3f5dde42338cd98e8f90f253689b47d,2026-05-16T18:03:41+00:00,2026-05-20T11:05:26+00:00,2,0,0,210.0,210.0,416.8500,2
0xc57296f2c478327dad0089ca99cf3bb04ce3939a,2026-05-14T09:31:53+00:00,2026-05-14T12:34:35+00:00,4,1180.0,1180.00,0,0,18.88000,4
0xc574046fe322f98140bb0cdca9774f2512e6b9da,2026-06-17T18:00:55+00:00,2026-06-17T18:00:55+00:00,1,1666.666666,0,0,0,4.9999989980000004,1
0xc58749cef88bbdb79f2bd27a6bd32cf09bfaa7c9,2026-06-02T12:56:49+00:00,2026-06-02T12:57:12+00:00,4,0,0,10.4118,10.41,20.7072810,4
0xc5917f3e3b1fbd8456be220f46c3307a483c673b,2026-05-11T07:06:27+00:00,2026-05-11T09:02:54+00:00,2,0,0,83.742333,83.74,166.393699002,2
0xc5a095e98a1b28613a02a6a349e1cd0c978870bb,2026-05-27T22:51:42+00:00,2026-05-27T22:51:42+00:00,1,0,0,17.565333,0,17.4599410002434667,1
0xc5ad0b0755e6cb819d650297a480440cac729f7b,2026-03-30T07:31:42+00:00,2026-04-22T06:51:02+00:00,2,0,0,250.0,250.0,481.0000,2
0xc5ae46da2d48bbaaa8cdd273ee1889e9d98dee2e,2026-05-30T10:35:31+00:00,2026-05-30T10:35:38+00:00,2,0,0,67.3366,67.33,133.9259370,2
0xc5c6b1cd899dd8f8198c6d9881dba8c08d9f5496,2026-06-15T06:33:42+00:00,2026-06-15T06:33:42+00:00,1,0,0,14.294,0,14.279706,1
0xc5cfc8f6082d7e57b65ad7f310692394d5833690,2026-05-21T12:27:30+00:00,2026-06-11T18:39:30+00:00,4,493379.15,0,0,0,2131.171365417769,4
0xc5d2dd090bf2557cc16c514dcd6154701694e592,2026-01-28T17:23:06+00:00,2026-01-29T11:48:14+00:00,2,133.402141,133.4,0,0,13.9736590031208562,2
0xc5dfe0906d88f98af5dfe9521b4385e83f658d6c,2026-05-30T08:49:21+00:00,2026-05-30T10:04:41+00:00,2,0,0,16.3114,16.31,32.4419830,2
0xc5eac440a726579e09e76ebfe7db0dffe9ad8011,2026-05-15T03:52:07+00:00,2026-05-29T02:40:51+00:00,2,130.0,130.0,0,0,1.6900,2
0xc5f6caf326da9dfb28d768797384f68dc5036f1b,2026-05-13T07:29:43+00:00,2026-05-13T07:33:05+00:00,2,1380.0,1380.0,0,0,19.3200,2
0xc602e34792d9a5e129f3404daef2df43d1d37fc1,2026-03-19T23:31:51+00:00,2026-05-01T20:34:12+00:00,107,1712.782736,1712.78,5120.84,5120.833828,10057.5979209890370068,83
0xc60501e7b39c3113f789fdf64d7d3674ae3ced5d,2026-06-17T12:29:37+00:00,2026-06-17T12:29:37+00:00,1,0,0,2.002002,0,1.9999990000020030,1
0xc613123770dbacaa5332977e84bca5b0729e5b7d,2026-05-16T17:57:11+00:00,2026-05-17T09:18:59+00:00,2,0,0,120.724333,120.72,239.874947002,2
0xc61e2b6ff7a0d34a518f45b60954d05f34de244c,2026-02-23T21:28:06+00:00,2026-03-20T13:00:31+00:00,131,12448.45185,635.45,0,0,311.42090995560,131
0xc62d050843cb45c9f3293d782a8993761fbb16a6,2026-06-17T01:25:08+00:00,2026-06-17T01:25:08+00:00,1,4665.0,0,0,0,9.3300,1
0xc637ae9ccf566251c4542b6ded444ff12442a007,2026-05-27T01:53:11+00:00,2026-05-27T01:53:11+00:00,1,0,0,6.9315,0,6.8899110,1
0xc6386fc8bd988ef8db591f4ef54aed360c186159,2026-05-17T18:11:59+00:00,2026-05-18T12:35:41+00:00,2,714.285714,714.28,0,0,9.9999589980000004,2
0xc63cc9fa4e5a37140c07d63796813f5c630f71e2,2026-06-16T06:23:57+00:00,2026-06-16T06:23:57+00:00,1,0,0,78.0,0,77.9220,1
0xc641383301c9a49fe7115ede9eacdd9a36912e3d,2026-06-09T16:20:03+00:00,2026-06-10T16:13:18+00:00,2,0,0,57.84,57.84,115.10160,2
0xc6500cf6bfc9ab29bfe2848fd8e8efae0919e0c8,2026-06-03T07:24:34+00:00,2026-06-03T09:41:39+00:00,2,0,0,19.6884,19.68,39.1518780,2
0xc657d430539809b57d7777616e5a35c1d4899db0,2026-06-10T12:46:31+00:00,2026-06-10T12:49:52+00:00,2,0,0,109.016063,109.01,217.0449479957891653,2
0xc65d6014412fc804493f2a290a2aab34fe620115,2026-06-03T15:14:57+00:00,2026-06-03T17:08:06+00:00,2,0,0,15.9296,15.92,31.6744320,2
0xc662522c3498dd3f25c6ac592a9f59d422a72cca,2026-05-09T08:11:01+00:00,2026-05-12T09:27:55+00:00,2,0,0,10.0502,10.05,19.9695490,2
0xc671151546fda4d2ab2ff27e93146b7187057f50,2026-05-14T09:13:13+00:00,2026-05-14T09:18:41+00:00,9,1190.0,1190.00,0,0,19.04000,9
0xc6777f27f1829916c5fabdd97662c79d6d77677a,2026-03-03T19:14:57+00:00,2026-03-05T02:52:11+00:00,7,0,0,10.0,9.99,18.53042,6
0xc67f572e0f39ef85e4cfafcf353d144c054fdac8,2026-03-13T14:00:21+00:00,2026-03-18T21:15:01+00:00,8,45.0,0,0,0,1.00500000020,8
0xc68920a7beec99f68295df3daa7fa85fb11c9f1f,2026-06-16T16:36:40+00:00,2026-06-16T16:36:40+00:00,1,500.0,0,0,0,1.0000,1
0xc690b8279c54e56ae9e5bbecf777f822cc9852cf,2026-03-28T05:12:05+00:00,2026-03-28T05:13:53+00:00,4,0,0,1111.53,1111.53,2085.41528,4
0xc697ccee412d544b1779bf43a60df3eb1482dd32,2026-03-08T22:18:03+00:00,2026-03-08T22:28:01+00:00,4,0,0,1358.0,1358.0,2569.3360,4
0xc69d01b59b51b1e27718add698b8d730468128e4,2026-06-10T20:46:43+00:00,2026-06-10T20:46:43+00:00,1,250.0,0,0,0,1.0000,1
0xc6a717b46363737dd6ea742b8bbada0042f95049,2026-03-24T20:19:31+00:00,2026-05-26T15:45:53+00:00,2,100.0,100.0,0,0,5.39408000,2
0xc6be2ada042eedb4aae7728817c2e7cc94aea5ab,2026-05-16T18:03:41+00:00,2026-05-17T05:50:46+00:00,2,0,0,49.54,49.54,98.38644,2
0xc6bf2c7d65792d57e259dd7809758e8c78076d5e,2026-05-30T21:16:17+00:00,2026-05-31T07:55:40+00:00,2,0,0,58.75,58.75,116.79500,2
0xc6c539db34e0edc6f89254cbe4f31561b9856f9c,2026-05-27T08:28:22+00:00,2026-06-05T06:10:13+00:00,2,6785.714285,0,0,0,39.999999995,2
0xc6ed522940a4f35d3345f4c3136b4b2886cfe720,2026-05-24T13:23:40+00:00,2026-05-31T13:16:25+00:00,2,100.0,100.0,0,0,1.5000,2
0xc6fd3d2a4493d9a5c79b1ce001e8fcf230565eee,2026-05-31T02:20:36+00:00,2026-05-31T02:20:36+00:00,1,333.333333,0,0,0,1.999998998000001,1
0xc720734eea5685ec69f36185d287646cf80d9061,2026-05-09T16:29:39+00:00,2026-06-11T13:51:16+00:00,4,4000.0,0,0,0,22.0000,4
0xc724c3fb4f5e815ba96f9f4dcc05a3a9b2cd1d01,2026-03-28T06:08:11+00:00,2026-03-28T06:11:15+00:00,4,0,0,1145.0,1144.996097,2147.9708479999668847,4
0xc76ad8a8e96b4936289c8cd38bb659394fec1c4c,2026-05-28T00:27:13+00:00,2026-05-28T00:27:13+00:00,1,0,0,41.317833,0,41.069926002,1
0xc77c0385970e8f259321b7d0c87ec0ef7176e8e4,2026-05-11T15:03:40+00:00,2026-05-12T01:38:55+00:00,2,0,0,87.61,87.61,173.90585,2
0xc786795f461488ae2a476f30ea4f05962326f62e,2026-05-07T14:40:10+00:00,2026-05-07T14:40:10+00:00,1,100.0,0,0,0,1.000,1
0xc7870d306648fbe525fb7cdc846553771b273a08,2026-05-13T07:12:55+00:00,2026-05-13T07:29:43+00:00,3,1400.0,1400.00,0,0,19.60000,3
0xc7a52b75c0b58f49acbd896113fd85075c18663e,2026-06-08T10:12:51+00:00,2026-06-08T10:12:51+00:00,1,16200.0,0,0,0,48.6000,1
0xc7b91837a51329f5bac4d7b3ee5e59ce66ca7767,2026-05-01T03:13:10+00:00,2026-05-01T03:13:10+00:00,1,83.333332,0,0,0,1.0000000006666664,1
0xc7b94af93021f0802e3b0d8dc774209dfc7c0024,2026-05-13T18:51:51+00:00,2026-05-13T18:51:51+00:00,2,105976.114284,0,0,0,1137.8099977794414896,2
0xc7c961a1ce27ba6e54767c276c570524617b2ef8,2026-06-05T09:37:43+00:00,2026-06-05T09:37:43+00:00,1,250.0,0,0,0,1.0000,1
0xc7d50e54396d1a87e9d713d9a87646f0f6d9cced,2026-05-21T16:30:35+00:00,2026-05-23T18:17:44+00:00,16,0,0,90.0,90.0,178.0700,16
0xc7da0b460109ce17b7e7cbbeb15c9f08e498c00a,2026-06-07T15:44:49+00:00,2026-06-07T15:44:49+00:00,1,0,0,1.032,0,1.029936,1
0xc7dce1d2e1bd56caac95ee7e5820e5968d8d1ab9,2026-06-16T11:44:21+00:00,2026-06-16T11:44:21+00:00,1,0,0,10.0,0,9.9800,1
0xc7e37269c8094b0f4697493da8d12aa90c82ef9a,2026-06-16T09:48:40+00:00,2026-06-16T09:48:40+00:00,1,500.0,0,0,0,1.0000,1
0xc7e778b9688f014e51d6582ab4c5fec96b2237f2,2026-04-18T15:28:30+00:00,2026-04-20T20:30:44+00:00,2,0,0,18.2,18.2,35.8358,2
0xc7ea746c6ab215327221ed07d9ff5968300a91f8,2026-06-10T12:35:06+00:00,2026-06-10T12:35:06+00:00,1,931.813332,0,0,0,5.0000000128134912,1
0xc7ffa788c0ade8cee5d58dcd6b13061b00b1e32a,2026-06-12T08:22:36+00:00,2026-06-12T08:22:36+00:00,1,0,0,1.003,0,0.999991,1
0xc803627ef2be08fa60f26c158cffd67a120812ee,2026-05-31T07:58:49+00:00,2026-05-31T23:19:02+00:00,3,0,0,50.40,50.4,100.19520,3
0xc818392fc6a7a040111f11a2be072702194715d2,2026-05-16T11:43:35+00:00,2026-05-22T07:51:40+00:00,2,0,0,115.694,115.69,229.532936,2
0xc81d240a30af4ddcd0db5d21b6ed15081e24bc5d,2026-04-29T18:30:04+00:00,2026-06-17T05:13:20+00:00,47,0,0,2275.173528,2275.17,4507.6567590004705648,43
0xc82214e25ce087de157fc1f9f90685f2c40aa169,2026-05-23T10:38:18+00:00,2026-06-10T16:46:39+00:00,2,30612.944615,0,0,0,253.8000006810321455,2
0xc828a4ebaa5dae5cc1e66a028256ed84efc7dbfa,2026-06-17T17:13:53+00:00,2026-06-17T18:00:49+00:00,2,20000.0,0,0,0,20.0000,2
0xc838c88667f9d60682b4256cf6786b12eb02b09c,2026-06-04T04:16:01+00:00,2026-06-04T04:27:24+00:00,2,0,0,10.04,10.04,19.98964,2
0xc843f884bbdc704a61baacb62fa24a61a06afbe2,2026-03-24T12:30:47+00:00,2026-03-26T03:09:59+00:00,4,382.272726,382.27,0,0,38.4949290019018428,4
0xc84c0405f4a539bae42d766f49ba11c9897c22af,2026-06-12T22:33:22+00:00,2026-06-12T22:33:22+00:00,1,1000.0,0,0,0,3.0000,1
0xc8581c86f4a3dd9feeaff3a80b5a10d528ce86ba,2026-05-15T06:26:16+00:00,2026-05-15T06:26:16+00:00,1,142.857142,0,0,0,0.999998994000006,1
0xc868f402b8eeddf964bd83506ef867f5eef135f9,2026-05-20T14:44:57+00:00,2026-05-20T19:59:36+00:00,2,0,0,180.261831,180.26,357.817918002738169,2
0xc86f5255e8222614bda7b2745ade15b21e3fa99c,2026-06-12T18:23:18+00:00,2026-06-12T18:23:18+00:00,1,0,0,1.002,0,0.999996,1
0xc883884d06d2ad5d0c7f7bcd4560925a41acc2cb,2026-05-15T15:49:04+00:00,2026-05-15T16:01:57+00:00,2,0,0,10.060333,10.06,19.9895509999879334,2
0xc88e0bb4a202444e4008aceffd1df5d43db8c464,2026-05-13T07:12:38+00:00,2026-05-13T07:18:28+00:00,3,1400.0,1400.00,0,0,19.60000,3
0xc89ae8b6a25ce95c392e6712dd6f8930cb0c5738,2026-06-12T20:28:30+00:00,2026-06-12T20:48:49+00:00,114,0,0,14104.0740,14104.07,28137.6236420,114
0xc89f8c8c55e251e946bb2b6f32e97bafb6220df8,2026-03-20T21:53:09+00:00,2026-04-02T15:58:19+00:00,3,400.0,400.0,0,0,30.6000,3
0xc8a557377debc0f03d404a1cfd2ec14051ab3c5d,2026-05-24T16:34:34+00:00,2026-05-24T16:34:34+00:00,1,10.0,0,0,0,0.0800,1
0xc8ab97a9089a9ff7e6ef0688e6e591a066946418,2026-03-26T21:45:51+00:00,2026-05-03T09:04:42+00:00,161,22000.00,30000.00,50999.983327,31491.925153,80633.4991330182092351,158
0xc8b4a7c47acf784bc1143c8bb8bdcf7bafe919fe,2026-03-11T12:32:25+00:00,2026-03-30T08:31:50+00:00,5,36.585364,33.95,0,0,3.2625189983902908,5
0xc8c46d5662d598e7e431e6a506b20f16a1b134b3,2026-06-11T13:24:09+00:00,2026-06-11T13:24:09+00:00,1,0,0,1.004,0,0.999984,1
0xc8cbc4c03716b5c2299cde3c6334bcf676202854,2026-03-28T16:49:35+00:00,2026-03-28T16:49:35+00:00,1,16.129031,0,0,0,0.9999989994194268,1
0xc8d3ba2d99308971d3118a446f057467af25b834,2026-04-01T07:14:01+00:00,2026-04-01T07:33:57+00:00,3,0,0,287.0,287.00,551.61400,3
0xc8d8ef4cf9036c9930c9503a159c77bc9262e72d,2026-06-13T03:18:31+00:00,2026-06-13T18:46:45+00:00,2,1433.333333,1433.33,0,0,7.1666589956666669,2
0xc8da171110898bfb2b71d1d461898d5c3967172a,2026-06-10T05:50:00+00:00,2026-06-11T09:46:40+00:00,4,0,0,10.0,10.0,19.8850,4
0xc8dacc71387cb6335a5954a440cc261e9da6f45d,2026-06-07T13:58:19+00:00,2026-06-08T07:47:40+00:00,2,666.666666,0,0,0,1.999997998000002,2
0xc8df64d290167760a55c34dab5e0641ba75e3774,2026-03-19T09:33:39+00:00,2026-03-19T09:33:39+00:00,1,344.827586,0,0,0,9.999999994,1
0xc8e25994f2aad4209c1f9c5d0fac06d9854ae8f9,2026-05-14T09:23:00+00:00,2026-05-14T09:26:52+00:00,3,1190.0,1190.00,0,0,19.04000,3
0xc8e9f9bb9a772083ef185f1a0d81bf7ccad1c71e,2026-05-11T03:07:46+00:00,2026-05-11T16:00:48+00:00,2,0,0,78.77,78.77,156.43722,2
0xc8ef4bd2ba9f38fa01271c42e7302e44cfbb04e0,2026-06-11T12:32:09+00:00,2026-06-11T17:17:06+00:00,2,0,0,15.0,15.0,29.8800,2
0xc8fb214c28cf8fb147fa6f8c95d8c01d71c4ca80,2026-05-21T11:50:52+00:00,2026-05-21T12:14:12+00:00,3,0,0,24.370593,24.37,48.3750380009033636,3
0xc8fdc003d4cd1447e30e8d002490d2fd87c92fb6,2026-05-26T16:26:49+00:00,2026-05-26T16:26:49+00:00,1,0,0,6.388166,0,6.3498370001671004,1
0xc9047ad0438d465eb1c3b81c170c8d4f4a4b8796,2026-05-09T02:59:54+00:00,2026-05-09T02:59:54+00:00,1,615.0,0,0,0,3.6900,1
0xc90fe7b874612eeb50d61af6aa3a6947d66d5a04,2026-06-12T18:38:55+00:00,2026-06-12T18:38:55+00:00,1,0,0,2.004,0,1.999992,1
0xc91218ce4b8aa69b6375294b3809e410ebf3b5e6,2026-03-27T07:20:59+00:00,2026-03-27T07:31:31+00:00,2,0,0,8.8,8.8,16.5528,2
0xc91f5a17b0d399e125ad80b07009d4a94ff0929c,2026-06-14T16:57:01+00:00,2026-06-14T16:57:01+00:00,1,0,0,1.001,0,0.999999,1
0xc9235de9344d3d0e727398adade53fbea02f53c5,2026-05-23T03:29:19+00:00,2026-05-23T03:50:00+00:00,2,0,0,887.043333,887.04,1757.229543003,2
0xc92a3939803f1bfe6e2cccccd926a91b28d8c7ab,2026-05-03T09:04:42+00:00,2026-05-03T22:58:32+00:00,2,0,0,56.45,56.45,111.77100,2
0xc9366975e39f47cf06c4338692c3b7665eb4c80c,2026-04-23T15:55:02+00:00,2026-04-23T15:55:02+00:00,1,882.35294,0,0,0,14.99999998,1
0xc93af7b45e5c7c34d34146a0b1b69bb2510c987b,2026-05-21T07:11:59+00:00,2026-05-21T09:05:44+00:00,2,0,0,100.0,100.0,198.5000,2
0xc94fbba5a506e1c691fb125a4c7fe4f05b597e87,2026-05-14T07:47:02+00:00,2026-05-14T08:34:29+00:00,4,0,0,16.112787,16.11,31.9811159997615584,4
0xc95692e622aee8b90f02f814a120d8ee55c59db7,2026-06-11T14:19:16+00:00,2026-06-11T14:19:16+00:00,1,0,0,1.004,0,0.999984,1
0xc964ab65251edaa6c54fce858de2dc099f99116b,2026-06-08T17:26:22+00:00,2026-06-09T00:04:39+00:00,2,0,0,44.088,44.08,87.947584,2
0xc9658f098a96c92e529b5d6f3d7b0a28c66e4d4d,2026-05-20T02:09:34+00:00,2026-05-20T08:16:09+00:00,2,0,0,68.479354,68.47,135.9222380015569096,2
0xc96ba724796a1d2470e5ab101b0ca678190eb30b,2026-05-15T02:21:05+00:00,2026-05-15T02:49:54+00:00,2,0,0,20.140985,20.14,39.9788780002668780,2
0xc96d77a7754db3c74098a5180b59a28738d5ee46,2026-06-13T14:52:16+00:00,2026-06-13T14:52:16+00:00,1,1060.0,0,0,0,3.1800,1
0xc96f26e9e0796fd0b2ee976f17d1349d5e5e9942,2026-05-30T19:43:11+00:00,2026-05-31T05:59:00+00:00,2,0,0,10.0502,10.05,19.9896490,2
0xc9733ec8d2470f39f7e4bdb57a68e748e218e254,2026-06-14T07:47:30+00:00,2026-06-16T18:25:20+00:00,2,0,0,100.0,100.0,199.7000,2
0xc974c6ab4032e89aef89bf2489709905ef41eb16,2026-05-12T12:43:41+00:00,2026-06-15T15:59:16+00:00,114,399999.9390,399999.929042,0,0,1579.9993321135787386,114
0xc97d55697512187001ee0c993412d57232d1732b,2026-03-12T03:05:13+00:00,2026-03-18T14:26:47+00:00,3,250.00,0,0,0,11.48205,3
0xc981909e1075cb1ee83094b37d98341333468d79,2026-06-04T22:22:21+00:00,2026-06-04T22:22:21+00:00,1,50.0,0,0,0,0.2000,1
0xc98f4c92385f841086c9c0362c22ccd88dcb97c1,2026-04-29T16:13:28+00:00,2026-04-29T16:49:20+00:00,5,0,0,499.996665,499.99,984.4868759983333090,5
0xc990b97a6fde349a6e67d8ec145e42db85aa889b,2026-05-17T16:52:34+00:00,2026-05-17T16:52:34+00:00,1,142.857142,0,0,0,0.999998994000006,1
0xc99342a94bb53847a1d1bdcb268b10512107b926,2026-05-28T08:15:12+00:00,2026-05-29T19:08:55+00:00,2,0,0,51.307833,51.3,101.992186002,2
0xc997a10c017ad6f96adfc4eb4f28a098261e8403,2026-06-03T23:49:51+00:00,2026-06-11T22:47:49+00:00,2,0,0,30.1506,30.15,60.0292470,2
0xc9a154e6c504d73b52ab39530a61814c964ba412,2026-02-16T20:44:47+00:00,2026-03-19T04:21:55+00:00,2,142.857141,142.85,0,0,6.8568990025714412,2
0xc9a45097711d76c1a82b65273c28ec2801f63926,2026-03-05T02:45:25+00:00,2026-03-05T02:45:25+00:00,1,50.0,0,0,0,2.1000,1
0xc9a7d89bc77f584a6217252f61cdb8b231bb320c,2026-05-24T20:29:48+00:00,2026-05-24T20:29:48+00:00,1,278.888888,0,0,0,2.5099989880000032,1
0xc9b981d81a47d5eec789b915a07141c0d1000d8b,2026-06-17T17:31:13+00:00,2026-06-17T17:37:58+00:00,2,1750.0,0,0,0,7.0000,2
0xc9c2bc59a432ecb5348cb2ab3e54480a416ef0a4,2026-05-10T08:02:36+00:00,2026-05-26T17:20:09+00:00,2,0,0,251.2562,251.25,499.4911690,2
0xc9e3208526a3554342652c26bec1ba2c230993f2,2026-06-10T07:21:28+00:00,2026-06-16T22:35:16+00:00,2,0,0,0,230.49,229.61107,2
0xc9f205250e2cdcfc3cd4c575584019b3d98e506c,2026-04-28T03:39:04+00:00,2026-04-28T03:39:04+00:00,1,266.666665,0,0,0,3.9999989883333395,1
0xca08d6c4f044ff2d751d30abe51479c50026c267,2026-05-15T14:29:49+00:00,2026-05-29T22:46:25+00:00,2,248.571428,248.57,0,0,2.982849001714288,2
0xca13643549bf4bf5176f2b4ecea89e019449122e,2026-05-14T09:12:52+00:00,2026-05-14T09:18:39+00:00,3,1180.0,1180.00,0,0,18.88000,3
0xca1f1061fffafa09d792bbba4a8b6f53daed4336,2026-06-14T09:24:00+00:00,2026-06-14T09:24:00+00:00,1,0,0,1.001,0,0.999999,1
0xca2fefaded0798fa285857fe6231a70f32f606fe,2026-06-14T21:31:21+00:00,2026-06-15T02:02:48+00:00,2,0,0,8.008,8.0,15.983992,2
0xca348ef6958d022af77c154a84c5de13c5912fcf,2026-05-22T04:06:40+00:00,2026-05-22T04:06:40+00:00,1,0,0,22.936333,0,22.7299060007063667,1
0xca3e34aad621f2976e9d9b2255a31fe4d242d149,2026-05-20T14:45:41+00:00,2026-05-21T10:22:00+00:00,6,0,0,42.22,42.22,83.80670,6
0xca4294be3d4093c77d76873d5ed9ed10c6c8ce9a,2026-05-21T06:25:17+00:00,2026-05-27T10:36:35+00:00,2,3166.666666,3166.66,0,0,47.499959994,2
0xca43ffebd0603cc7c037e8a72aed1dfd113a1df5,2026-06-08T11:09:10+00:00,2026-06-08T12:44:16+00:00,2,0,0,112.605209,112.6,224.6421979964529132,2
0xca4ab62c5fa5426a7ade56bbd8182daf1b13a055,2026-03-19T12:03:57+00:00,2026-03-19T12:03:57+00:00,1,48.780486,0,0,0,1.999998999170766,1
0xca57cb51a819d178360736dbe25cdf8293d6230a,2026-05-17T12:20:10+00:00,2026-05-18T00:45:40+00:00,2,0,0,95.77,95.77,190.19922,2
0xca667bd568da4c9b8ecca1e959eee10190b4203c,2026-05-05T04:33:16+00:00,2026-06-12T04:04:25+00:00,16,0,0,1459.1556,1360.15,2800.7429220,16
0xca6838c99fc9359cdb405dc2a261e2ae40a0629e,2026-05-19T21:17:45+00:00,2026-05-19T21:17:45+00:00,1,500.0,0,0,0,4.0000,1
0xca6a52eb58a5619675007cf3655231154bbe8683,2026-05-14T05:15:15+00:00,2026-05-14T23:02:57+00:00,2,875.0,875.0,0,0,13.1250,2
0xca6ef9bebb410a7bdd23f45dbc88bd65ad2d4bae,2026-05-11T03:07:46+00:00,2026-05-11T14:54:03+00:00,2,0,0,103.62,103.62,205.89294,2
0xca759f89bd96a3163902fda487ee77e58605875f,2026-06-14T09:31:37+00:00,2026-06-14T09:31:37+00:00,1,0,0,33.273,0,33.239727,1
0xca7b33c1e234ab4d683cc782e728d09339c7551a,2026-05-23T20:36:10+00:00,2026-05-24T02:18:16+00:00,2,0,0,30.303,30.3,59.96667,2
0xca7ea6ad94029822f63790057b574fa718a74e99,2026-05-14T07:55:17+00:00,2026-05-14T08:17:47+00:00,2,0,0,10.070492,10.07,19.9894380001088416,2
0xca8f0374e3fc79b485499cc0b038d4f7e783d963,2026-02-03T10:38:36+00:00,2026-04-17T15:06:32+00:00,494,18191.583077,18191.576690,0,0,1148.8192250210063793,494
0xca9a42625f07352b83e43faf48b78f706492ff2f,2026-04-25T21:56:08+00:00,2026-04-25T21:56:08+00:00,1,54.382105,0,0,0,0.9999999974697890,1
0xca9f2d4af798feb31a0602dce3e62a3d49155cd5,2026-05-16T05:51:36+00:00,2026-05-16T17:03:25+00:00,2,0,0,88.72,88.72,176.19792,2
0xcaa05683909e533941ae5f7de116d727dee464df,2026-06-16T12:31:57+00:00,2026-06-16T12:31:57+00:00,1,25000.0,0,0,0,50.0000,1
0xcac5c4685ec491f9fa01edd1c5d2602464518fd1,2026-05-11T21:40:25+00:00,2026-05-11T21:40:25+00:00,1,125.0,0,0,0,1.0000,1
0xcac9efa6921daa29c57a79a8d7918a26a84747a9,2026-06-14T14:31:06+00:00,2026-06-16T12:48:01+00:00,3,0,0,30.06,0,29.99988,3
0xcad0b4e4aa236554250f379bd95a0ae7f861330a,2026-04-11T12:45:05+00:00,2026-04-29T20:52:32+00:00,11,441.057358,359.45,0,0,13.8511970072436265,11
0xcadaeabc91e0220b619ba0c921cc7d8844d4b96c,2026-06-11T18:31:49+00:00,2026-06-11T18:31:49+00:00,1,500.0,0,0,0,2.0000,1
0xcae2379e1b186037cd2b860b06e1aca89d4b6bdd,2026-05-19T14:28:22+00:00,2026-05-21T01:04:13+00:00,2,0,0,116.0,116.0,230.0280,2
0xcb081638349bad71c9fae8ad34f1f51bf0470cb1,2026-05-05T10:19:36+00:00,2026-05-08T04:21:23+00:00,2,100.0,100.0,0,0,1.9000,2
0xcb10027f33334c256aa77fc4ba04f760cb59d16e,2026-06-04T07:37:33+00:00,2026-06-04T07:37:33+00:00,1,2000.0,0,0,0,10.0000,1
0xcb1b4c5a605c3ed67279f7c03bb8e9ee2d218c1b,2026-05-17T12:20:10+00:00,2026-05-17T23:57:56+00:00,2,0,0,78.95,78.95,156.79470,2
0xcb25d77aefa0e6ca7e50e7be9ecef8953a406db6,2026-06-05T00:22:07+00:00,2026-06-05T00:22:31+00:00,4,0,0,10.180,10.17,20.278780,4
0xcb2842cdce72c72572b457d62ca8e9738b75ad8b,2026-05-21T01:32:37+00:00,2026-05-21T01:32:37+00:00,1,222.222221,0,0,0,1.999999989,1
0xcb2dc141f71bb9b291a17d4120533e7d03dde98d,2026-05-20T04:11:36+00:00,2026-05-20T15:13:55+00:00,2,0,0,89.627285,89.62,177.9029339960372715,2
0xcb530c7cf4dd4c665b709ff89654f3d671ab8715,2026-04-30T21:44:32+00:00,2026-05-14T03:00:06+00:00,2,161.538461,161.53,0,0,3.2307090076153879,2
0xcb59b03b90bdbfb76fd6fbefdfcf388ff0b72139,2026-06-17T13:56:02+00:00,2026-06-17T13:56:02+00:00,1,1000.0,0,0,0,2.0000,1
0xcb5b5c4e1f228127d7afcb177178844eb1f5c5b4,2026-05-26T12:22:27+00:00,2026-05-26T12:22:27+00:00,1,0,0,9.507,0,9.449958,1
0xcb6aaac027d17ff654583778e3c63165bf1d9836,2026-05-11T15:15:59+00:00,2026-06-11T09:46:01+00:00,6,4171.783,0,0,0,16.315349,5
0xcb881305a175e1a938c00b190493f61221349300,2026-03-17T18:45:19+00:00,2026-03-17T18:45:19+00:00,1,27.777776,0,0,0,0.9999989998889488,1
0xcb93e64b5769754f456cd835c81603f0e4cb65a3,2026-06-14T08:11:45+00:00,2026-06-14T08:11:45+00:00,1,0,0,34.114,0,34.079886,1
0xcb96473c2950247628e560635a43973febb6d1f7,2026-06-10T17:59:19+00:00,2026-06-10T17:59:19+00:00,1,0,0,1.033,0,1.029901,1
0xcb9dcfe2f19b445f38599b4bdb215265fbd9140f,2026-06-14T07:47:30+00:00,2026-06-16T18:25:20+00:00,2,0,0,200.0,200.0,399.4000,2
0xcba5ee26ed1bb70fa8b6cb132615861220ad8140,2026-05-27T12:57:22+00:00,2026-05-27T12:57:22+00:00,1,0,0,14.024,0,13.939856,1
0xcba72a3f3a8faa85a06adbd8b6f05a1dc419f774,2026-06-16T08:26:34+00:00,2026-06-16T08:26:34+00:00,1,500.0,0,0,0,1.0000,1
0xcba95fc6bb86702a0555bab3e09ace01122cbc31,2026-05-18T23:11:46+00:00,2026-06-01T17:58:01+00:00,4,0,0,256.1054,256.1,508.2132730,4
0xcba98b6d123cb79b3cd96dcb3a48217d05c1afce,2026-05-28T13:24:18+00:00,2026-05-28T13:24:18+00:00,1,0,0,30.0,0,29.8200,1
0xcbb2160889c45eab8633e0943de6542ff603496a,2026-06-09T09:27:07+00:00,2026-06-09T09:27:07+00:00,1,0,0,1.002,0,0.999996,1
0xcbb677e9f0a33181bb5c6d8843ea8ec675622e2f,2026-06-12T07:39:55+00:00,2026-06-12T07:39:55+00:00,1,0,0,1.003,0,0.999991,1
0xcbc40ba73190c1e66d7eee46f5d4ab242dd30268,2026-06-12T12:46:03+00:00,2026-06-12T12:46:03+00:00,1,250.0,0,0,0,1.0000,1
0xcbc4bf6c04bfe8bfbfe40135faf301c3c1f5db9e,2026-06-17T16:18:11+00:00,2026-06-17T16:27:17+00:00,2,11000.0,0,0,0,11.0000,2
0xcbcd133f3b63522c247e03cafdce0fe908790103,2026-05-14T09:30:01+00:00,2026-05-14T09:31:57+00:00,13,1220.0,1220.00,0,0,19.52000,13
0xcbd3e8ce77c2d8e6632cde425daade5507b9654c,2026-05-12T08:09:22+00:00,2026-05-13T01:33:55+00:00,2,0,0,91.22,91.22,181.07170,2
0xcbdcf1b1b71907f9e8687bb254b1b3cb7f67560b,2026-05-14T06:43:25+00:00,2026-05-14T06:55:18+00:00,2,0,0,7.049285,7.04,13.9836200000655005,2
0xcbe2042f38a84a76cb478514384a21e446228edb,2026-05-27T13:55:07+00:00,2026-05-27T14:17:06+00:00,2,0,0,265.0,265.0,526.5550,2
0xcbe9f23c2719b884af58ea4d1b4392f7c421f0dc,2026-06-11T04:59:49+00:00,2026-06-13T20:42:36+00:00,2,0,0,15.0,15.0,29.8950,2
0xcbfd4088f8569ccf6affc5453c5dcc090ce36ace,2026-06-09T04:25:07+00:00,2026-06-10T15:45:42+00:00,2,0,0,89.76,89.76,178.89168,2
0xcbffcd0e6995a85f4475e6e2def7f2cb14fdf748,2026-05-31T17:24:55+00:00,2026-05-31T17:24:55+00:00,1,166.666666,0,0,0,0.999998996000004,1
0xcc08f9d3c23cf539f111237f1a22e2da49526ba8,2026-06-03T09:52:01+00:00,2026-06-03T09:52:01+00:00,1,166.666666,0,0,0,0.999998996000004,1
0xcc0e56a4cf80e433e473d6f7a51f2e38a9e23491,2026-06-09T12:03:37+00:00,2026-06-14T02:01:27+00:00,2,0,0,100.0,100.0,199.5000,2
0xcc0fff9c887f224efb7896a74b028a003459b9d0,2026-06-03T19:40:24+00:00,2026-06-07T21:59:58+00:00,2,1666.666666,1666.66,0,0,13.3333189960000004,2
0xcc141483c5d2fa8c5d1acfad1a46433d8545c02a,2026-05-30T23:05:32+00:00,2026-05-30T23:05:32+00:00,1,166.666666,0,0,0,0.999998996000004,1
0xcc1550c01712a4c70db61e4865c826cc283c9eaf,2026-04-26T15:20:28+00:00,2026-04-26T15:56:08+00:00,2,0,0,216.0,216.0,425.3040,2
0xcc1e7be36db8ff6f37d06a28145a452016b59df4,2026-03-02T08:57:51+00:00,2026-03-15T11:40:27+00:00,2,0,0,189.65,189.65,369.234169997365,2
0xcc2a9fa000676f84c9387471a295dd9519e52281,2026-03-28T05:42:07+00:00,2026-03-28T05:45:55+00:00,3,0,0,966.0,966.00,1812.21600,3
0xcc40e342d882a0b8dc9d71a6860079dbba11eadf,2026-05-31T07:38:42+00:00,2026-05-31T10:07:53+00:00,2,0,0,16.3718,16.37,32.5617210,2
0xcc48d1e3ebc104dadb0501187979b8ae7b079185,2026-05-27T21:41:50+00:00,2026-05-27T21:41:50+00:00,1,0,0,24.849,0,24.699906,1
0xcc4c8faaf4a34a0f16e11d170ac78bca53d850ae,2026-06-06T20:42:55+00:00,2026-06-06T20:42:55+00:00,1,250.0,0,0,0,1.0000,1
0xcc5a1084eb686b72a39fc9a4e159e11ddf0f147c,2026-04-16T10:44:16+00:00,2026-04-16T16:14:36+00:00,2,0,0,122.95,122.95,239.99840,2
0xcc5d51d41fb57ce2093671b12f900036fc881b24,2026-05-16T18:01:17+00:00,2026-05-17T04:20:42+00:00,2,0,0,81.87,81.87,162.59382,2
0xcc6870d58d331639b42d2c3694637dcdf56d6ce6,2026-05-11T11:04:06+00:00,2026-05-11T12:23:29+00:00,2,0,0,59.044166,59.04,117.3166209980955834,2
0xcc6ec042ffdbd2f86a1b5550abd571271417e789,2026-05-12T07:27:15+00:00,2026-05-12T08:44:24+00:00,2,0,0,50.835714,50.83,100.903224002,2
0xcc7492a3f437917778e5603c5972a64a3d20431e,2026-06-09T20:03:03+00:00,2026-06-09T20:03:03+00:00,1,0,0,1.0452,0,1.0399740,1
0xcc792a28d90f3c5d8fe91e48a184913a65031c2a,2026-06-07T12:56:39+00:00,2026-06-17T16:59:34+00:00,2,10500.0,0,0,0,11.5000,2
0xcca1c8a712f979d9449449aac1d9ad51124e2a9c,2026-05-22T17:14:56+00:00,2026-06-13T17:45:19+00:00,2,0,0,82.0,82.0,163.0160,2
0xcca1d7e7b209cba67c147a5d7090a5321f46f92a,2026-05-27T10:49:42+00:00,2026-05-27T10:49:42+00:00,1,0,0,12.635666,0,12.5598520002093002,1
0xcca7e9005e33ed72a040fec8306374db962197bc,2026-04-07T14:54:59+00:00,2026-04-15T10:56:46+00:00,2,58.823528,58.82,0,0,2.4704999995294112,2
0xccae15d6ca0445b9d9aab5a9dba606922fb45f14,2026-05-14T09:22:05+00:00,2026-05-14T09:23:00+00:00,3,1190.0,1190.00,0,0,19.04000,3
0xccb6f7e884e281f80a0899f4457cf345200453e8,2026-06-15T04:19:46+00:00,2026-06-15T04:19:46+00:00,1,0,0,46.566,0,46.519434,1
0xccc40fb02b47c921298c28358676f9d682255fa6,2026-06-15T21:04:21+00:00,2026-06-17T05:13:20+00:00,281,999998.938,0,0,0,999.998938,280
0xcccad8ab5759af6bce1d8d70e9bbf10ae47a8d98,2026-05-26T15:02:38+00:00,2026-05-26T15:02:38+00:00,1,0,0,489.346,0,486.409924,1
0xcccf2aacad1106b68f947acdf62952c0fe16cc2f,2026-05-11T03:07:46+00:00,2026-05-11T16:41:42+00:00,2,0,0,108.45,108.45,215.38170,2
0xcce192ee09329efdff34996fb82ff4b445f7a801,2026-05-17T12:20:10+00:00,2026-05-18T02:00:27+00:00,2,0,0,112.18,112.18,222.78948,2
0xcced9e02555c7140dc73e3efcb9d4c6f90532e1b,2026-06-12T03:48:24+00:00,2026-06-12T03:48:24+00:00,1,0,0,1.153333,0,1.1498729999620003,1
0xccf8257cdbe70cb24c336bc330c21569c7a76d90,2026-05-10T09:56:25+00:00,2026-06-05T02:42:07+00:00,3,0,0,15.9698,15.96,31.7382310,3
0xcd054c203bc930350eb9eac55159c09f816c379c,2026-05-13T21:06:48+00:00,2026-05-13T21:23:34+00:00,2,0,0,10.080625,10.08,19.989260000,2
0xcd3245f317b3c372ffbc00122b0327f0c51e1f2d,2026-03-31T10:06:33+00:00,2026-03-31T10:29:59+00:00,2,0,0,1.099466,1.09,2.0898499999845782,2
0xcd69271c678bd64d138c06a71077abc47f560986,2026-06-17T17:34:28+00:00,2026-06-17T17:34:28+00:00,1,23004.545,0,0,0,49.9999989825075,1
0xcd6f0f50e1ec1fe3b9d169a5008c01841ea03bdd,2026-05-17T12:13:38+00:00,2026-05-17T23:05:10+00:00,2,0,0,88.11,88.11,174.98646,2
0xcd72e83a0de370647ad10636481f5cafcfe9f30b,2026-05-26T03:29:24+00:00,2026-05-26T03:29:24+00:00,1,0,0,14.044166,0,13.9599009997867502,1
0xcd7e3fb569913cb9cedee54bf01a97d690dd9b29,2026-03-19T12:16:31+00:00,2026-03-19T12:16:31+00:00,1,1.1,0,0,0,0.0451,1
0xcd91a549956854fdc38efad7e80ff5da8f5432b8,2026-01-31T12:35:20+00:00,2026-04-28T12:58:58+00:00,116,0,0,14743.203477,0,14496.3223109749309744,116
0xcd979f976aeea4cc98ad552848e4b457c9c3560d,2026-04-29T18:22:44+00:00,2026-04-29T18:22:44+00:00,1,52.631577,0,0,0,0.9999989998421409,1
0xcd9bc66113736e2756ce31486abfc6f6a76ca330,2026-06-05T05:44:45+00:00,2026-06-06T07:49:54+00:00,2,0,0,8.024,8.02,15.987848,2
0xcda116ee723a3c9684c97b75f8ac593b00ecd5f6,2026-06-02T13:08:01+00:00,2026-06-02T13:08:10+00:00,2,0,0,5.1154,5.11,10.1691630,2
0xcda1c88f07b6bdbf40d91f09eaac361d52ca2a53,2026-05-13T12:38:22+00:00,2026-05-13T23:17:47+00:00,2,0,0,58.71,58.71,116.48064,2
0xcda4564c6cc195ef5e2a788efdce5df0b42ce7fb,2026-06-13T19:38:13+00:00,2026-06-13T19:38:13+00:00,1,0,0,1.002,0,0.999996,1
0xcdb5c9aed67e73e8a77debdccaa5d6399c472a21,2026-05-11T12:12:52+00:00,2026-05-11T14:19:25+00:00,2,0,0,57.967666,57.96,115.1741399982032334,2
0xcdc40a4b6c7e13ee4593b02283237aebcfd9e602,2026-06-16T00:21:01+00:00,2026-06-16T00:21:01+00:00,1,0,0,90.0,0,89.9100,1
0xcdc9fc8fddf12ad6b9818679c11bc41746c6a702,2026-04-27T07:54:10+00:00,2026-04-27T08:21:34+00:00,2,0,0,154.0,154.0,302.9180,2
0xcdf605efc268e7f0921f8953564c19f5ba6d9046,2026-06-12T12:38:15+00:00,2026-06-12T12:38:15+00:00,1,0,0,1.003,0,0.999991,1
0xcdf6c62c80c257992a0e8d3ce7e5b953715c0829,2026-04-03T22:50:19+00:00,2026-04-06T10:12:27+00:00,6,1494.616333,1494.61,0,0,79.9615569991865419,6
0xce09a89bdd7d9ab61b8da8b0f25ca7bc76444202,2026-05-16T07:46:03+00:00,2026-05-16T07:46:03+00:00,1,714.285714,0,0,0,4.9999989980000004,1
0xce0ceeb1d84a95e60a4a28ea19ed3efb58092945,2026-05-16T09:16:14+00:00,2026-05-28T16:45:28+00:00,3,21428.571427,21428.57,0,0,257.1428485604285715,3
0xce255ab15d80813bb4976e8f8670f7beaf89b9d1,2026-05-20T02:35:22+00:00,2026-05-20T06:24:23+00:00,2,0,0,95.669571,95.66,189.894604003,2
0xce25e0510ea74a27ddd51f4015feaf85d4b4fbc8,2026-05-31T09:09:02+00:00,2026-06-01T19:38:33+00:00,2,166.666666,166.66,0,0,1.833299996,2
0xce2a525edf43a3e2ad2a3a4f39aa25ab90d88a1f,2026-04-08T16:42:53+00:00,2026-04-15T07:39:10+00:00,2,0,0,1553.78,1553.78,3035.662159939784,2
0xce35dd4051c9ad77bb2b1cde15ef21c5f68619ba,2026-05-03T09:04:42+00:00,2026-05-03T20:52:54+00:00,2,0,0,54.63,54.63,108.16740,2
0xce5169e51263f179a7e54ca0eea50dc2b8f78d4c,2026-05-15T00:55:22+00:00,2026-05-17T14:29:42+00:00,6,0,0,21.137891,21.13,41.9710050001673781,6
0xce5375b5c0f641454fd03ce882db136174442fda,2026-06-11T13:36:27+00:00,2026-06-12T05:53:25+00:00,2,0,0,16.06425,16.06,31.99575300,2
0xce699d507b999d378d267ddc934c6279851730cc,2026-02-28T15:51:35+00:00,2026-03-13T14:14:19+00:00,4,0,0,26.13,26.13,51.40266,4
0xce8c581f4a71db5d5e7616b6bb68e76870cd9258,2026-03-22T04:33:27+00:00,2026-03-22T08:08:59+00:00,2,0,0,291.97,291.97,563.21013,2
0xce91c9635762e1f2fa891a448810e1414764a827,2026-03-31T09:15:59+00:00,2026-04-01T03:40:37+00:00,2,0,0,23.036644,23.03,44.1778849992670204,2
0xce937f42cc819331094bc4e71f81065ff5d8dd28,2026-03-08T22:33:47+00:00,2026-03-08T22:43:25+00:00,3,0,0,1213.0,1213.0,2305.9130,3
0xce94649f11a1c16ef155d904b4bc30cb54e4c3c7,2026-05-14T09:22:53+00:00,2026-05-14T09:26:47+00:00,3,1220.0,1220.00,0,0,19.52000,3
0xce98ce11f977b4a65b05220612c08ffd73f36fd0,2026-06-04T09:05:52+00:00,2026-06-10T18:33:39+00:00,2,0,0,60.0,60.0,119.5200,2
0xcea6a350a016583835407731f75a938ad4ec04c8,2026-05-23T13:14:12+00:00,2026-05-24T13:13:00+00:00,2,0,0,12.0,12.0,23.7600,2
0xceb9f3de798d28e170d6ef23599a97c9f037ef2d,2026-05-11T19:39:46+00:00,2026-05-11T23:58:25+00:00,2,0,0,283.766285,283.76,563.269841005,2
0xcebaf49aa9d7a01accb5b31a50cd69aa7c9858ca,2026-05-26T19:41:53+00:00,2026-05-26T19:41:53+00:00,1,0,0,2.555166,0,2.5398349999117344,1
0xcec1477c10d41a9ee3d8a13897e5015ad2923520,2026-05-30T08:26:54+00:00,2026-05-31T00:12:37+00:00,2,1833.333333,0,0,0,10.999998998000001,2
0xcecf865c90564beb5294a807bcf884fb644ee206,2026-05-07T17:53:17+00:00,2026-05-13T18:51:51+00:00,50,17777.642326,17777.64,0,0,337.7751809872359202,48
0xced1c274cb8658ae4a56924d11926e35d9f917aa,2026-05-11T12:38:29+00:00,2026-05-12T07:34:29+00:00,2,0,0,12.042166,12.04,23.9135930003873502,2
0xced86f6a39a7de7d5b623e62b00861ee486a3323,2026-03-13T09:10:51+00:00,2026-03-16T01:46:47+00:00,4,0,0,600.00,600.00,1158.59969,4
0xced89eb56c1bff8efb9db17947a1986efe7b5cb8,2026-05-15T09:07:59+00:00,2026-05-15T09:07:59+00:00,1,1428.571428,0,0,0,9.9999989960000004,1
0xcee289b1d9d1219bc051f8cba113e90850f0b7e8,2026-05-01T09:17:04+00:00,2026-05-09T14:02:49+00:00,2,454.545454,454.54,0,0,7.7272389940000012,2
0xceeafc72fcd749828751a35deaabf60c1b2bad73,2026-04-20T04:27:44+00:00,2026-04-20T04:27:44+00:00,1,47.619046,0,0,0,0.9999989993333662,1
0xcef5ce8168ba71acd1fbb6632391b3c6c3cac0b9,2026-06-09T16:43:21+00:00,2026-06-10T14:51:30+00:00,3,0,0,162.0,162.0,322.2180,3
0xcefb19b677133ab06e3e380d269b434709b63a69,2026-05-28T16:52:07+00:00,2026-05-28T16:52:07+00:00,1,166.666666,0,0,0,0.999998996000004,1
0xcefb418cb7edc77bce2c7883cef4b7a65a33373d,2026-04-11T19:39:07+00:00,2026-04-11T19:39:07+00:00,2,29491.471379,0,0,0,686.5899990834805967,2
0xcf0122703119b4268296deaba072e5338840d2fc,2026-05-16T18:03:41+00:00,2026-05-17T09:11:51+00:00,2,0,0,99.89,99.89,198.38154,2
0xcf017c040a616470ce479286c650eab998d03b2d,2026-05-20T02:15:27+00:00,2026-05-20T08:53:56+00:00,3,0,0,12838.9,0,12749.0277,3
0xcf06e37b3310b747d04e76869a862a6053d00000,2026-06-15T09:11:10+00:00,2026-06-15T09:11:10+00:00,1,0,0,55.635,0,55.579365,1
0xcf1083f4c08e8b0a1b4642a3d683062a064c8064,2026-06-05T23:32:04+00:00,2026-06-06T02:19:45+00:00,2,0,0,8910.0,8910.0,17757.6300,2
0xcf166dafb2a86e435e85b6eac12438636c6f01cb,2026-03-16T16:19:25+00:00,2026-03-21T03:47:17+00:00,11,0,0,89.760157,16.65,102.6404170005485346,11
0xcf44de6904b5f6aad4f471f9063515ef1f8b74d8,2026-05-25T10:30:52+00:00,2026-05-25T10:30:52+00:00,1,1428.571428,0,0,0,9.999999996,1
0xcf4ac5ae5fbd9307374096ac8d317fbe47de3770,2026-05-31T07:01:03+00:00,2026-05-31T08:53:22+00:00,2,0,0,12.7536,12.75,25.3633320,2
0xcf4e8c0bd8941caea7a5e90ee37657aafd88c5c0,2026-05-13T18:10:41+00:00,2026-05-13T18:10:41+00:00,1,111.111111,0,0,0,0.999998999000001,1
0xcf50483cc89cbaaf878d7b1cc34d32139b058f94,2026-05-15T05:08:21+00:00,2026-06-15T11:20:27+00:00,2,0,0,197.0,197.0,392.4240,2
0xcf616fc8809c7df298b4410a47632a7f104a0fce,2026-04-07T00:14:41+00:00,2026-04-15T22:16:44+00:00,3,1146.381577,1146.38,0,0,45.9275990156315807,3
0xcf6b0cdfd43555438534eda62f9777c6931464e3,2026-06-03T20:53:39+00:00,2026-06-04T12:17:03+00:00,4,0,0,87.62225,87.62,174.39005200,4
0xcf7ec20ea9e1858948b9b96822f328746877bb8e,2026-06-11T07:22:03+00:00,2026-06-11T07:22:03+00:00,1,0,0,1.003008,0,0.9999979999729152,1
0xcf83257df94116d63c919c15ab79b3e6d58c0003,2026-05-11T13:34:23+00:00,2026-05-11T16:11:25+00:00,2,0,0,62.806833,62.8,124.727592002,2
0xcf9555cef256c96a91dd4cd6c3a159c033867865,2026-01-29T11:48:14+00:00,2026-03-07T10:20:13+00:00,7,166.46,166.456189,0,0,13.7353689986714609,7
0xcfad31e466622f0bc040023df47d77b511b78568,2026-06-16T11:44:21+00:00,2026-06-16T22:45:50+00:00,2,0,0,51.2,51.2,102.1952,2
0xcfbf0a52406e5c61b949ed51b970ccbccf95075d,2026-03-07T18:51:11+00:00,2026-03-07T19:25:27+00:00,6,0,0,3000.0,3000.0,5653.4690,6
0xcfeab4c5c88826392d2e923c9def9f7987c0319a,2026-04-11T06:23:07+00:00,2026-04-11T06:37:53+00:00,2,0,0,8.4,8.4,16.5312,2
0xcff53553efa2f1763872e9d577c7b38b4810070a,2026-05-20T08:32:12+00:00,2026-05-20T09:46:20+00:00,3,0,0,1027.995713,1027.99,2040.5658230063615429,3
0xcff612e1e68f95ca243c27044d832d3f5634cd70,2026-05-14T09:27:36+00:00,2026-05-14T09:29:21+00:00,3,1190.0,1190.00,0,0,19.04000,3
0xcffd250e937f0359a0fbe7ac2a8878bec86065cc,2026-05-16T11:13:20+00:00,2026-05-16T11:13:20+00:00,1,150.0,0,0,0,1.0500,1
0xcfff4295288ee29f75a38a7028611b7c1e93673d,2026-04-26T11:54:36+00:00,2026-06-12T21:30:31+00:00,53,0,0.19,1620.0,0,1610.71633,53
0xd00e5735d852ff44f3795c3cadb19c0106eda04f,2026-04-08T16:00:11+00:00,2026-04-08T16:42:53+00:00,2,0,0,16.55,16.55,32.4380,2
0xd0182c611ec2c9c09904519d811cc67f2dc38ca5,2026-05-17T21:23:45+00:00,2026-05-17T21:23:45+00:00,1,1347.29375,0,0,0,9.999999942700625,1
0xd01906d52991cc3f765609a6c7450399f278681f,2026-02-28T22:41:51+00:00,2026-02-28T22:41:51+00:00,1,476.517141,0,0,0,9.9999990195521679,1
0xd019e9af81ec46c66cc09be94e73bab2422715b3,2026-05-21T14:07:19+00:00,2026-05-21T14:29:27+00:00,2,0,0,140.0,140.0,277.3400,2
0xd026b76110bdb604fc4716c2e6732c0be293ec2f,2026-06-11T12:40:33+00:00,2026-06-11T13:34:00+00:00,2,19427.515,19427.51,0,0,187.6500404302630,2
0xd029b13f2e562c77e2db3e5eda140cee79a44fc1,2026-05-01T18:25:28+00:00,2026-05-21T19:02:57+00:00,2,125.0,125.0,0,0,2.2500,2
0xd04d93be590ded67b99f053d4b6d29d3f8483312,2026-06-17T14:37:49+00:00,2026-06-17T16:01:22+00:00,41,0,300000.00,0,0,300.00000,41
0xd07d29c05fe167d994649d4ac954dde3b41be09d,2026-04-14T12:43:55+00:00,2026-04-14T12:43:57+00:00,2,54.9935,0,0,0,1.8697790,2
0xd09660784975d4be6b0c39efbe52bd2a0613c574,2026-06-11T09:28:52+00:00,2026-06-11T09:28:52+00:00,1,0,0,1.044175,0,1.0399980000085225,1
0xd0b0f46cd6ac87dddba105263adcfe3706d44e90,2026-05-14T09:22:09+00:00,2026-05-14T09:26:42+00:00,3,1200.0,1200.00,0,0,19.20000,3
0xd0b4e7b58affa7db392635444303a8cefa887e4c,2026-06-05T17:09:45+00:00,2026-06-12T21:43:10+00:00,2,13505.0,0,0,0,50.3600,2
0xd0bdcfdec35fb2fc773ec5e23f5d1aa6c1a4c997,2026-04-12T00:18:21+00:00,2026-05-16T10:56:30+00:00,2,178.571426,0,0,0,1.9999979924286232,2
0xd0bf03d87db7c398b065b2902d5c9a667ad408f0,2026-03-19T15:19:55+00:00,2026-03-19T16:20:33+00:00,2,50.0,50.0,0,0,3.8500,2
0xd0bf186c69a936395c84d6b45bbd39eadfcf9f9f,2026-05-05T13:28:40+00:00,2026-05-13T18:51:51+00:00,5,449.996375,449.99,0,0,8.549861000,5
0xd10bdc438713454aff043082431353cb7332e3cf,2026-04-27T04:50:10+00:00,2026-04-27T05:46:04+00:00,2,0,0,43.0,43.0,84.5810,2
0xd12484759448030bfea7c77c52eb95ac38e528fa,2026-05-03T09:04:42+00:00,2026-05-03T21:47:24+00:00,2,0,0,52.31,52.31,103.57380,2
0xd12f38647b8466ab64ed85123bc904c52eb25494,2026-03-28T05:55:11+00:00,2026-03-28T05:57:31+00:00,3,0,0,990.00,990.0,1857.24000,3
0xd13001a1f590b9a6bb423149548a56abb4285844,2026-03-26T11:34:51+00:00,2026-03-26T11:36:07+00:00,3,0,0,1100.0,1100.00,2085.60000,3
0xd136f035b745d6a2af0c21d5aea12b401348ff8c,2026-06-14T00:31:30+00:00,2026-06-14T00:31:30+00:00,1,0,0,58.116,0,57.999768,1
0xd14cacb0b8967176ba7b5c96d2141bf2502d5fbd,2026-06-17T09:07:56+00:00,2026-06-17T09:07:56+00:00,1,30000.0,0,0,0,30.0000,1
0xd15668566a035b244d540e3fcc6723902a5b74f2,2026-04-30T03:01:40+00:00,2026-04-30T03:01:40+00:00,1,0,0,20.242833,0,19.9999189999514334,1
0xd15691dc26854486cde9a682a4af31aba0b1a105,2026-05-13T21:26:41+00:00,2026-05-13T21:26:41+00:00,1,555.555554,0,0,0,4.999999986,1
0xd15b4e786438728a4a0583f85c6ba9850b92ccd0,2026-03-21T00:21:03+00:00,2026-04-01T14:05:33+00:00,2,1816.729,1816.72,0,0,145.3999398383181,2
0xd15e6614008600f534f0362608635c91029f216d,2026-05-19T04:17:44+00:00,2026-05-19T13:27:14+00:00,2,0,0,65.458206,65.45,129.9263980016052490,2
0xd15f3cdd9aab65b691b503a6e778496fe68d5dad,2026-06-16T00:41:18+00:00,2026-06-16T00:41:18+00:00,1,0,0,75.0,0,74.9250,1
0xd161daaf8ca4d433d5c14f80e5c63f361a1ca82f,2026-06-13T01:42:43+00:00,2026-06-13T01:42:43+00:00,1,0,0,2.004,0,1.999992,1
0xd1673a290e77e3b6b8d4de99120d5956e47a598b,2026-06-16T09:25:55+00:00,2026-06-16T13:49:43+00:00,2,1000.0,0,0,0,2.0000,2
0xd16c9a0f47d92fc98ff176e3a7ec7b78290870cc,2026-03-18T21:13:13+00:00,2026-04-07T21:06:09+00:00,41,6345.745365,6345.74,0,0,378.8451920739288761,41
0xd16f62d1b56a62415c1c8ed4971d497811e9c6db,2026-04-17T18:02:56+00:00,2026-04-17T20:01:26+00:00,2,0,0,20.76,20.76,40.48200,2
0xd17f04b069533b2d6bff2ed8c044553c1caa858c,2026-05-16T21:25:48+00:00,2026-05-17T09:48:02+00:00,2,0,0,53.87,53.87,106.98582,2
0xd17fd131545823abaf16eb4ebb797d48c00eacd8,2026-05-21T13:24:17+00:00,2026-05-21T13:24:17+00:00,1,909.090908,0,0,0,9.999999988,1
0xd188394ebc9757df38f51c43fde165668f58ae31,2026-03-30T12:08:32+00:00,2026-06-05T10:25:19+00:00,3,975.047079,0,0,0,15.9999979957457714,3
0xd1a63a243042d864520512fbdbd2fd20e0ab1507,2026-04-19T11:04:02+00:00,2026-06-17T17:40:34+00:00,3450,0,277.26,279682.27,0,277831.658089993434,3450
0xd1a9710743cb37de46476cb9beda826be61de935,2026-06-13T10:48:58+00:00,2026-06-13T10:48:58+00:00,1,0,0,1.042,0,1.039916,1
0xd1ad315adb0a518e5ca95dc60dc291405f885570,2026-04-15T21:34:54+00:00,2026-04-15T22:01:52+00:00,3,0,0,22.96,22.96,44.95568,3
0xd1bd482eaf0aa8be12bdc4a7a71107524272c869,2026-06-17T15:31:23+00:00,2026-06-17T15:31:23+00:00,1,1000.0,0,0,0,1.0000,1
0xd1dd4c0e9cad479d3c0226b2a0df9e9515922892,2026-06-13T10:33:16+00:00,2026-06-13T10:33:16+00:00,1,0,0,1.092,0,1.089816,1
0xd1e927652ba686fe4ce6bd83bbda3a8edf4d3fd9,2026-05-13T07:18:30+00:00,2026-05-13T07:29:45+00:00,3,1420.0,1420.00,0,0,19.88000,3
0xd1ec1d21fe2d497105884996cf846ff60706d09c,2026-03-18T21:24:25+00:00,2026-06-02T15:54:04+00:00,8,77.99613,77.99,0,0,4.386261001003065,8
0xd207ad647c57276a442926402e32b783ea480fc7,2026-05-27T17:52:41+00:00,2026-05-27T17:52:41+00:00,1,0,0,29.547166,0,29.3698830010452834,1
0xd218e474776403a330142299f7796e8ba32eb5c9,2026-01-22T03:13:02+00:00,2026-06-11T12:58:03+00:00,300,0,0,53978.970601,0,53689.2262339845387852,279
0xd230e8b63f58d9be08e765c7ef0d085330c85fb0,2026-05-27T11:38:35+00:00,2026-05-27T22:39:51+00:00,2,0,0,49.84,49.84,98.98224,2
0xd23f8c8aab13cfb2a35da40b67f8471faf9894a1,2026-06-07T15:27:58+00:00,2026-06-17T18:00:41+00:00,40,0,0,3488.0,0,3480.9660,40
0xd242b6c6525ec273ec14aa8249ebed40f96113c9,2026-03-29T12:46:54+00:00,2026-03-29T12:47:34+00:00,2,0,0,1003.0,1003.0,1895.6700,2
0xd244bf2d7ab42392e690c6cac27f9162a88f537c,2026-05-26T23:47:55+00:00,2026-05-26T23:47:55+00:00,1,0,0,9.5975,0,9.5399150,1
0xd245304a12ba711de764a45cd0912aee5ad52318,2026-03-11T12:29:11+00:00,2026-04-24T08:01:12+00:00,5,24.4,24.4,24.81,0,26.29828,5
0xd248124c1c503c2f58cced3f2ab6a61b7f36b919,2026-05-14T11:36:35+00:00,2026-05-14T11:49:12+00:00,2,0,0,6.042285,6.04,11.9916690001661720,2
0xd262d22fc0f1f49942eaf8c559832ffc30312199,2026-03-18T21:24:27+00:00,2026-04-29T10:36:26+00:00,5,26.16,26.16,0,0,1.15854,5
0xd27a2f67b87a3de3ce8bfe7d9be93e44d82b1c07,2026-04-04T13:02:37+00:00,2026-04-04T13:58:37+00:00,10,699.986240,0,0,0,20.2996010027960334,10
0xd28576a56cfc81045c3312a3c1b32bb2d539db76,2026-03-17T08:52:41+00:00,2026-03-17T09:07:41+00:00,3,59.0,0,0,0,2.4190,3
0xd288231844dee9452ab4c31401ef048889dc2979,2026-05-25T05:52:20+00:00,2026-05-25T05:52:20+00:00,1,0,0,4.29,0,4.25997,1
0xd29227b490c8602134e64f8d697ab9be5961fd9a,2026-05-21T14:40:16+00:00,2026-05-21T23:32:35+00:00,2,0,0,270.0,270.0,534.59735999400,2
0xd298d99bbe26ac6f74890de1885efaa833b5e108,2026-05-27T03:18:02+00:00,2026-05-27T03:18:02+00:00,1,0,0,16.519,0,16.419886,1
0xd2a3720f0b12b92757d3cea384320f6bacb6b910,2026-05-16T18:03:41+00:00,2026-05-17T06:27:08+00:00,2,0,0,118.63,118.63,235.59918,2
0xd2c4bb2eb86427ce9764d47b2eda93fd2ed93f9a,2026-03-28T06:06:43+00:00,2026-03-28T06:09:19+00:00,3,0,0,1140.0,1140.00,2138.64000,3
0xd2c6b53ddede0ce3cc59f8d530a3c1ea0c3febad,2026-05-27T13:11:17+00:00,2026-05-28T03:58:16+00:00,2,0,0,83.88,83.88,166.58568,2
0xd2f9053944c3933da4f3f79a3531782a95ab1ac8,2026-05-26T19:33:46+00:00,2026-05-26T19:33:46+00:00,1,0,0,18.158833,0,18.0498800001841167,1
0xd2fce7a3446104fb7fa5d56f92183de930fcafa5,2026-05-16T18:03:41+00:00,2026-05-17T06:29:44+00:00,2,0,0,115.4,115.4,229.1844,2
0xd32ce89f16509d3c8f8b5e9750305a5b2bc2a4c2,2026-02-18T10:58:44+00:00,2026-06-06T16:03:57+00:00,689,0,46.02,19082.273441,0.47,18593.512882001239255,689
0xd35ed3aed16b3a8c1deba4a58c6ac018b647c2ab,2026-06-15T19:55:04+00:00,2026-06-15T19:55:04+00:00,1,0,0,2.782,0,2.779218,1
0xd362566464efa05a15a3d7ce3224067564879bc4,2026-03-03T15:32:55+00:00,2026-03-28T15:56:43+00:00,79,0,0,995.210253,995.207715,1874.5149009987203044,78
0xd365faa3293b59920fb839ea86b9b5b175fb5c61,2026-04-25T04:46:38+00:00,2026-05-11T21:27:13+00:00,2,5833.333333,0,0,0,79.999999994,2
0xd379c76a67b1e79e9caf741560c6acf1397bd8d4,2026-05-27T08:28:22+00:00,2026-05-27T22:37:47+00:00,2,0,0,47.53,47.53,94.39458,2
0xd37ad6060b5e683e27009ac76b69e8588c8e9de2,2026-06-06T07:33:45+00:00,2026-06-08T23:48:51+00:00,3,7499.999999,0,0,0,24.9999979970000005,3
0xd37c71f5405f6f843e95ff91db1b3e568e2840a2,2026-06-11T15:00:34+00:00,2026-06-11T15:00:34+00:00,1,1000.0,0,0,0,5.0000,1
0xd3803465bca0682c3990f91f78a97c75e106af88,2026-05-26T04:43:38+00:00,2026-05-28T06:44:12+00:00,4,0,0,264.587333,264.58,525.727749002,4
0xd39192785a1bb353b46bb59cca6b7a6130bb1e21,2026-05-15T12:54:09+00:00,2026-05-15T12:54:09+00:00,1,15714.285714,0,0,0,109.9999984265714286,1
0xd39cdfe5a9c49b739d7111dadc5acea256418d35,2026-05-11T12:12:29+00:00,2026-06-15T11:10:43+00:00,222,0,0,592.475896,592.45,1178.3852590005550018,222
0xd3ad5c6818ebd6a96c1319b22bfa1fc4e840606e,2026-05-14T09:22:51+00:00,2026-05-14T09:26:47+00:00,3,1200.0,1200.00,0,0,19.20000,3
0xd3d09f55f0fadcb026763b25fb5bad9c62513263,2026-05-26T19:30:27+00:00,2026-05-26T19:30:27+00:00,1,0,0,13.1085,0,13.0298490,1
0xd3dc41dd27530632f206af8b4608a8563c4bae25,2026-05-11T03:07:46+00:00,2026-05-17T23:54:22+00:00,4,0,0,202.6,202.6,402.4649,4
0xd40192f628ce482581245605fb618d7d2966197f,2026-06-06T01:38:07+00:00,2026-06-06T02:05:19+00:00,2,0,0,239.719,239.71,477.751003,2
0xd40ae105e7a09c7186550e052f97516ebf4e8e0a,2026-04-01T20:19:37+00:00,2026-04-01T20:25:05+00:00,2,0,0,27.43,27.43,53.18677,2
0xd4140031e313f8d850740a80d2ee6653c925a4db,2026-05-13T12:38:22+00:00,2026-05-13T12:38:22+00:00,1,14969.29,0,0,0,104.78503,1
0xd419f51def3f9bd7d098f9e0389cfbc07d81e698,2026-04-11T10:47:21+00:00,2026-04-29T18:05:50+00:00,11,402.3,402.30,0,0,14.0914,10
0xd4238dfe0bf778a91d244245685138e4be89f993,2026-05-14T09:12:58+00:00,2026-05-14T09:18:49+00:00,3,1220.0,1220.00,0,0,19.52000,3
0xd43c54b24c5f2b5a6dbce541b5e55b6b9c7805e4,2026-05-11T03:07:46+00:00,2026-05-11T13:44:18+00:00,2,0,0,93.86,93.86,186.49982,2
0xd44c919a655a007bcee15777c76b00cd3d8828c5,2026-06-10T12:30:18+00:00,2026-06-10T12:56:28+00:00,2,0,0,1.005024,1.0,1.9939980000009856,2
0xd4514284cfc8fbd655cfbc347ec3de9bb3c035b6,2026-06-10T18:05:24+00:00,2026-06-10T18:05:24+00:00,1,0,0,1.003,0,0.999991,1
0xd4802cd590ade16e5389e3adc7ca63423ba1afe7,2026-05-14T18:01:57+00:00,2026-05-14T20:35:07+00:00,2,0,0,177.462142,177.46,352.260227006,2
0xd481406634e2304de8e502f32e8dda45f99a4f97,2026-05-26T09:31:46+00:00,2026-05-26T09:31:46+00:00,1,0,0,7.022,0,6.979868,1
0xd48c7337a8fb21bf9d3269c2d2ca039dbfa59e7d,2026-05-27T02:07:06+00:00,2026-05-27T09:06:34+00:00,2,0,0,772.8,772.8,1535.5536,2
0xd48f1adae23d20827827d3217f3718140e3246d4,2026-03-16T09:02:37+00:00,2026-03-16T09:14:31+00:00,3,0,0,380.87,380.87,734.93747,3
0xd493f4c198961ab6a6c765876c479d5700d50c64,2026-06-16T03:41:48+00:00,2026-06-16T03:41:48+00:00,1,19025.0,0,0,0,38.0500,1
0xd495b29604b35f2742ff530c5ea823f2ecc70791,2026-03-30T00:05:18+00:00,2026-04-18T14:49:12+00:00,2,20.0,20.0,0,0,1.5000,2
0xd49694d763b13ee98f84f64220edb995d6a89a01,2026-05-31T09:09:17+00:00,2026-05-31T22:18:20+00:00,2,0,0,107.94,107.94,214.58472,2
0xd49b42bce7ea10bac53e2901c188cae20ea4bdf9,2026-05-06T11:46:36+00:00,2026-05-21T12:40:32+00:00,382,0,0,95659.996298,0,95012.4588251524395336,376
0xd4c976663a4f78be0b63a02981d233122cc38b2f,2026-02-23T10:22:06+00:00,2026-05-19T12:14:33+00:00,2,55.555554,55.55,0,0,1.3888489997778050,2
0xd4cc6af3f8ccd01edad52cd3a7edef00f97f5f2b,2026-06-14T14:25:24+00:00,2026-06-14T14:25:24+00:00,1,1000.0,0,0,0,2.0000,1
0xd4e72d6f673946329b16be5355894a62b4e889b5,2026-05-19T04:52:30+00:00,2026-05-19T09:30:15+00:00,2,0,0,97.683785,97.68,193.8985579970443180,2
0xd4eafec135e9153999a08125b6011fe00a9024ab,2026-03-23T04:47:33+00:00,2026-03-23T04:47:33+00:00,1,0,0,5.27983,0,4.999998999968323,1
0xd4f327b80ec4a5736ecaffe85f5c7dc27356fb54,2026-04-16T12:40:24+00:00,2026-04-16T20:32:32+00:00,2,37.037037,37.03,0,0,1.925749999,2
0xd4f51cf2c625146c209a4dad26da62bc4b1a181d,2026-05-29T11:56:12+00:00,2026-05-29T17:46:21+00:00,2,15671.666666,15671.66,0,0,172.3882984288333334,2
0xd4fa0a4cc29d7f7fcee19f56b2146167cf311eb3,2026-06-08T09:01:18+00:00,2026-06-08T09:01:18+00:00,1,333.333333,0,0,0,0.999998999000001,1
0xd50e9d5ad87a996682c7acb45c3908020eb8546b,2026-06-09T15:00:30+00:00,2026-06-09T15:00:30+00:00,1,0,0,5.020079,0,4.9999979997632323,1
0xd51ebad06a35be23cad36a2c03fdb076b45f1199,2026-05-16T18:03:41+00:00,2026-05-17T06:03:19+00:00,2,0,0,52.97,52.97,105.19842,2
0xd51ef0de15d7e4a92275181a648f29f20642de79,2026-06-10T09:25:37+00:00,2026-06-10T19:54:55+00:00,2,0,0,9.054166,9.05,18.0136410003783336,2
0xd5207afea8aedfeccaca9333926d65b3d47d3fa8,2026-05-20T20:44:55+00:00,2026-05-21T08:38:13+00:00,2,0,0,117.94,117.94,233.87502,2
0xd527fc5c1e8979ac82754a9b75513374ca0e3ad7,2026-02-28T20:27:47+00:00,2026-02-28T20:30:17+00:00,2,0,0,10.87,10.86,21.2954,2
0xd543517278e0e423c64095a82346b56c8c1ca801,2026-05-10T13:22:04+00:00,2026-05-10T13:22:04+00:00,1,166.666666,0,0,0,0.999998996000004,1
0xd55407aec5aabdd86ac81140a45655395b8808fe,2026-06-09T12:03:37+00:00,2026-06-14T02:01:27+00:00,2,0,0,100.0,100.0,199.5000,2
0xd55ab3b9829ff2084710f739655a755f6316d426,2026-06-10T17:32:27+00:00,2026-06-10T17:32:27+00:00,1,0,0,1.004,0,0.999984,1
0xd55afa7bf7ea57685cbacffb17934ca8801ff375,2026-05-14T05:25:42+00:00,2026-05-30T07:30:19+00:00,4,0,0,90.310942,90.31,179.3285609985256858,4
0xd55c74ed23afe752f49bb4393b7cff2cbeb2d703,2026-05-20T19:34:29+00:00,2026-06-06T03:40:18+00:00,2,625.0,625.0,0,0,6.8750,2
0xd55e12c53d35bf0a6b8ad8316e948786346273e4,2026-03-23T14:31:05+00:00,2026-03-23T14:31:05+00:00,2,10.00,0,0,0,0.5000,2
0xd5621d1d7b5e53b6b5a3d6d2b79dc3d1358f6912,2026-05-19T18:37:41+00:00,2026-06-02T05:38:27+00:00,5,505.00,505.0,0,0,5.08000,5
0xd57d2e5a4bdaaa9fab27571a8d65c4736ca8faaf,2026-04-04T13:08:49+00:00,2026-05-11T07:53:00+00:00,2,0,0,9.485034,9.48,18.6236079997724490,2
0xd57e7788a9b74941930470810923d6b53a796a11,2026-05-12T08:09:22+00:00,2026-05-21T04:51:57+00:00,3,14576.25,6996.6,0,0,172.58280,3
0xd5817f224f4f03b4184141b42f3b5a35344abd3b,2026-05-01T23:00:40+00:00,2026-06-06T20:56:15+00:00,5,642.857142,642.85,0,0,7.128548994000006,5
0xd58cf672224d508c14ee88c69a3876f61d1a8954,2026-03-21T03:47:01+00:00,2026-04-04T11:36:59+00:00,18,399.990369,399.99,900.0,900.0,1760.7795369785282952,18
0xd594abd97f1b5e7680378f84cafd320875928153,2026-06-02T21:26:32+00:00,2026-06-02T21:26:32+00:00,1,333.333333,0,0,0,1.999998998000001,1
0xd59f47dce4811ee4bb249bb3e306a41a178782f7,2026-06-09T13:08:57+00:00,2026-06-11T17:18:48+00:00,3,242465.518,142465.51,0,0,1411.2815937836524,3
0xd5af4dcbf2a3b0d4a8ea4c5d0bae2669756ffd6b,2026-06-11T07:34:27+00:00,2026-06-11T07:34:27+00:00,1,0,0,1.023068,0,1.0199979999507892,1
0xd5b758ba13f5b783a2cd53a6d3d66a674db98040,2026-05-13T09:47:46+00:00,2026-05-13T11:37:59+00:00,2,0,0,53.068333,53.06,105.438503002,2
0xd5c4fa8c135b6fe837b9d8d073c8fd0aa6d129d7,2026-05-14T09:12:52+00:00,2026-05-14T09:14:29+00:00,2,1210.0,1210.0,0,0,18.1500,2
0xd5c7299960804976f6af3ffdb37eee20d7ceb2e4,2026-06-01T05:00:29+00:00,2026-06-01T05:53:53+00:00,2,0,0,18.5426,18.54,36.8786470,2
0xd5c85c8f479434fac1c4215ae8fe514ff3a71849,2026-05-15T07:43:33+00:00,2026-05-15T07:43:33+00:00,1,142.857142,0,0,0,0.999998994000006,1
0xd5ca34876af4b65b1bfb0c298b3af85d228208f3,2026-05-12T09:53:12+00:00,2026-06-17T05:13:20+00:00,95,0,0,1298.804284,1298.80,2581.3435550002978644,81
0xd5d84409ca17a5195bec26dc98d36c87b9c345c8,2026-06-16T11:44:21+00:00,2026-06-17T07:17:49+00:00,2,0,0,80.56,80.56,160.79776,2
0xd5da0547c1e0896475168401956f731163793557,2026-06-12T08:52:27+00:00,2026-06-12T08:52:27+00:00,1,0,0,753.74,0,751.47878,1
0xd5dbb359fcdd0486eb828493043c4b85f63ff357,2026-06-14T02:18:45+00:00,2026-06-14T02:18:45+00:00,1,0,0,1.001,0,0.999999,1
0xd5dcf19b8bc6e75d217d51a9fa1ddb118e3b5b2f,2026-05-27T22:16:01+00:00,2026-05-28T11:15:58+00:00,2,0,0,50.35,50.35,99.99510,2
0xd5dcf9043989926bcae732a2428aebdc64b917d8,2026-02-01T11:35:40+00:00,2026-04-02T19:06:33+00:00,3,441.897825,129.39,0,0,17.8465799953763850,3
0xd5eb2846e5f41e76fd1a607320ae1ec45af0b9d6,2026-04-10T17:06:19+00:00,2026-06-17T17:40:34+00:00,107,205878.579834,171116.04,0,0,3849.2037555716242318,107
0xd5f90eebd7354c13f4974d9141170d273b50185b,2026-05-30T15:08:40+00:00,2026-05-30T18:12:04+00:00,2,0,0,11.7184,11.71,23.2995480,2
0xd5fda80b057700ff9db3e99b65e812349abb1e1a,2026-06-15T01:25:25+00:00,2026-06-15T01:25:25+00:00,1,0,0,11.081,0,11.069919,1
0xd6000a815572e5cbbe2c743bb6b716aa3763b66e,2026-03-16T18:24:19+00:00,2026-06-10T09:31:18+00:00,4009,534875.310694,534875.305640,544.80533,544.79,15190.7363156510838026,3564
0xd6116541aee4bfb3283b09d5c9ec4804d98424fd,2026-06-10T13:43:19+00:00,2026-06-10T13:43:19+00:00,1,0,0,400.0,0,398.8000,1
0xd6321c049c527e8a622d6aa35f514ae74f798afb,2026-04-05T13:10:47+00:00,2026-04-05T22:30:55+00:00,10,1042.57,1042.542624,0,0,39.6171359928422186,10
0xd63f7087f18e20ade5fbae132fc4a150323b0d4e,2026-05-04T11:10:14+00:00,2026-05-04T11:25:22+00:00,2,0,0,905.965545,905.96,1790.337493985624,2
0xd64328dfb706508a8f290ae41e248667dfefe05f,2026-06-11T21:59:21+00:00,2026-06-11T21:59:21+00:00,1,0,0,1.063,0,1.059811,1
0xd6491baa48dc15856d2d6602082d23d713c2d648,2026-06-02T16:50:30+00:00,2026-06-02T16:50:30+00:00,1,0,0,1.005,0,0.999975,1
0xd64eb72758038c8e7fcf00f21322f3f565c46925,2026-03-28T21:25:26+00:00,2026-03-28T21:25:32+00:00,2,87.719297,87.71,0,0,9.9117589991754518,2
0xd65008bb4812478b19f01800a91214dd718f5196,2026-06-05T18:59:04+00:00,2026-06-05T18:59:04+00:00,1,5000.0,0,0,0,20.0000,1
0xd65cc936d353967983f3de9966efc53cf4ab3092,2026-03-09T03:34:29+00:00,2026-03-30T02:07:28+00:00,2,0,0,2.335066,2.33,4.4178580001111552,2
0xd661c2ac0ea8f80022b3d7c1cc95f0e5d973775c,2026-03-10T06:50:31+00:00,2026-03-10T07:57:01+00:00,2,0,0,733.0,733.0,1405.8940,2
0xd67abad1f9e2522c5ba790ab9fc3446d0b540473,2026-04-17T11:53:40+00:00,2026-04-17T13:50:20+00:00,2,150.21,150.21,0,0,7.66071,2
0xd6845ed7e95e548c513251d90efb68840a70d1b5,2026-05-21T08:29:14+00:00,2026-05-28T12:41:05+00:00,2,0,0,36.57,36.57,72.62802,2
0xd6893ca9edf9538404d3e5ed6b50444f1d5b384b,2026-04-10T16:07:05+00:00,2026-04-10T16:07:05+00:00,1,2980.0,0,0,0,59.600,1
0xd6a3540ff4dd4fd3e5eece2df885980c2b370210,2026-03-15T10:09:51+00:00,2026-03-15T10:09:51+00:00,1,100.0,0,0,0,4.2000,1
0xd6a445e52a3b8ee65c7920842ea0cfe068bb4fd9,2026-06-04T23:21:07+00:00,2026-06-04T23:21:07+00:00,1,250.0,0,0,0,1.0000,1
0xd6b06cdba61d30ad86bb82ece6c6537c7cf68c55,2026-04-30T16:05:24+00:00,2026-04-30T16:05:24+00:00,1,769.230769,0,0,0,9.999999997,1
0xd6b47d2b7d38d7c168c7e24f2af27a129a36b5ee,2026-05-13T06:51:33+00:00,2026-05-13T07:38:32+00:00,2,0,0,79.315833,79.31,157.594768002,2
0xd6d51c7a5fb66e825bbf574ea05d7858db04d453,2026-05-20T21:03:25+00:00,2026-05-20T21:03:25+00:00,1,111.11111,0,0,0,1.000000001111111,1
0xd6eef76188c7068719ac881460b7431e1ae137a2,2026-02-20T00:38:26+00:00,2026-03-22T00:41:39+00:00,20,109.97,109.97,60.0,59.941431,118.2941660001673457,19
0xd6f969702d8543571c07fac4f6447427d0b2a9bc,2026-05-28T09:02:23+00:00,2026-06-07T18:11:16+00:00,2,142.857142,142.85,0,0,1.285698994000006,2
0xd6fd71adeb58faa5cf020df7703c32e40cbeebe6,2026-05-12T11:13:34+00:00,2026-05-15T06:22:02+00:00,3,1303.571428,0,0,0,9.9999990102857156,3
0xd71776a8d4fddeb3c150c4607b3f8bec31213b85,2026-05-26T15:20:34+00:00,2026-05-26T15:20:34+00:00,1,0,0,75.0,0,74.5500,1
0xd718a567a382e510778fe9596e1b0914f9d2d129,2026-04-27T13:44:26+00:00,2026-04-27T13:47:28+00:00,2,0,0,43.0,43.0,84.6670,2
0xd719e0ec6778b335f5b8571e4b71637d78aaee34,2026-05-17T12:20:10+00:00,2026-05-17T15:35:46+00:00,2,0,0,200.0,200.0,397.0000,2
0xd72dfb1cbf0333a222305cdb345a909ce75f60dd,2026-03-20T09:39:37+00:00,2026-03-23T11:01:43+00:00,4,1559.522689,1559.52,0,0,164.1762080482899724,4
0xd73b94e93d5e464d72e0e2295bbe6be4bb31d8e4,2026-03-27T17:44:07+00:00,2026-03-31T23:08:19+00:00,10,0,0,511.73,0,483.40796,10
0xd74325963f393a20e0b737a492e9d3df759ff8a9,2026-05-26T15:37:57+00:00,2026-05-26T15:37:57+00:00,1,0,0,15.734333,0,15.6399270004265667,1
0xd751bc316153c1556da1568182c7ede22860742e,2026-05-22T03:08:04+00:00,2026-05-25T21:13:04+00:00,2,100.0,100.0,0,0,1.6000,2
0xd758330d2e49d0abd06ba23e8dd4cd73feb45944,2026-05-13T18:51:51+00:00,2026-05-13T20:26:57+00:00,2,0,0,59.5,59.5,117.9290,2
0xd75cac1fbec1249b8bb5410522c21349b2df2c45,2026-05-19T05:15:46+00:00,2026-05-19T06:26:21+00:00,2,0,0,1595.33,1595.33,3166.73005,2
0xd75f63901a6a98ad91042b02c6f62f92b873bcd2,2026-03-23T18:20:59+00:00,2026-03-24T10:46:23+00:00,2,125.0,125.0,0,0,14.0000,2
0xd767f39f79cb562067d16753b51858f6e5099911,2026-06-04T10:59:37+00:00,2026-06-04T12:03:58+00:00,2,0,0,10.04,10.04,19.98964,2
0xd773729b1c72b53579d96903061dda79a14853bb,2026-04-09T08:27:27+00:00,2026-04-09T23:07:55+00:00,2,0,0,24.79,24.79,48.53882,2
0xd789d7233c948a288d80650d74cbcefaa6b19be7,2026-05-14T01:05:21+00:00,2026-05-14T12:07:09+00:00,4,0,0,14.106785,14.10,27.9791130001661720,4
0xd78dd17ed91cdfca1d3143561b58d8e2dc61716d,2026-06-11T08:31:06+00:00,2026-06-15T11:20:27+00:00,2,0,0,100.0,100.0,199.5000,2
0xd7a5898e7169e5ccad7da10d2a67d64855b07c7c,2026-05-05T03:33:52+00:00,2026-05-05T03:33:52+00:00,1,454.545454,0,0,0,4.9999989940000012,1
0xd7c105fe6428acbf80fe4dd38df835c6a61ad89b,2026-06-12T17:22:57+00:00,2026-06-12T17:22:57+00:00,1,0,0,1.003,0,0.999991,1
0xd7d566a74c0f0289bc4ea0e80659e54a0ffa3e8f,2026-06-04T10:46:12+00:00,2026-06-04T10:46:12+00:00,1,200.0,0,0,0,1.0000,1
0xd7d94634260e803ba1298fbd30072e8297fad61b,2026-05-31T14:49:19+00:00,2026-05-31T14:49:19+00:00,1,0,0,12.2,0,12.1390,1
0xd7db810e4cbe86f6063e99a09e05ad5962d169bb,2026-05-21T11:55:08+00:00,2026-05-21T12:02:48+00:00,2,2500.0,0,0,0,20.0000,2
0xd7e9b54d7f23be70c4af3bf8c1de22f9bea0ce6e,2026-05-26T14:19:07+00:00,2026-06-04T02:32:27+00:00,2,171.428571,171.42,0,0,2.0570990027142882,2
0xd7f6a2b70a04cb0c54a4b64e45f065529dda86bd,2026-06-14T15:36:15+00:00,2026-06-14T15:36:15+00:00,1,0,0,2.004,0,1.999992,1
0xd810ce3c9450d093a4d7f6be843a05bf83cd34db,2026-06-09T19:09:21+00:00,2026-06-09T19:09:21+00:00,1,0,0,1.035,0,1.029825,1
0xd815a427427340f737efef56c0bacc51a6b44afa,2026-06-16T08:56:06+00:00,2026-06-16T08:56:06+00:00,1,0,0,76.0,0,75.9240,1
0xd81fbc5c53593e4e2923a641ff2bc7e2d9866b75,2026-04-03T18:38:51+00:00,2026-04-03T18:38:51+00:00,1,111.0,0,0,0,3.330,1
0xd832d8c71756cc2985b05955689d3c981853ca26,2026-06-03T07:24:15+00:00,2026-06-03T09:02:05+00:00,2,0,0,10.0502,10.05,19.9896490,2
0xd8345f47d3b78a65636ef56e444c7a4c9c4be011,2026-04-28T16:58:16+00:00,2026-04-29T08:28:54+00:00,3,200.0,200.0,0,0,7.2000,3
0xd839781aef9818a19e98e018391510786ada9fee,2026-06-05T00:41:46+00:00,2026-06-05T00:41:46+00:00,1,0,0,7.0,0,6.9790,1
0xd839b3f5e37e390051ba8156daad8cbacc9aa484,2026-06-17T17:38:52+00:00,2026-06-17T17:38:52+00:00,1,0,0,79.91,0,79.59036,1
0xd8474df65bfc771faa0459ce6e32b83b5b0dae3a,2026-06-11T18:55:12+00:00,2026-06-11T18:55:12+00:00,1,5000.0,0,0,0,15.0000,1
0xd84cce9f581d9c5ab38c8b54abf207633b5aec4a,2026-06-01T01:46:25+00:00,2026-06-01T02:32:17+00:00,2,503.333333,503.33,0,0,5.536648991333334,2
0xd8689c1e727f3f53e46ea72b921ad0aa3421ef70,2026-05-26T02:00:41+00:00,2026-05-26T02:00:41+00:00,1,0,0,10.875166,0,10.8099149996499336,1
0xd88677bdc060d0cafe3374a70d7b9648ed3217fa,2026-04-29T12:58:56+00:00,2026-06-16T13:25:04+00:00,3,4097.411763,0,0,0,22.9999989724101597,3
0xd8918057e88b543c41e10fc3c078b73bc39af54f,2026-05-27T19:21:40+00:00,2026-05-27T19:21:40+00:00,1,0,0,474.969666,0,472.119848004,1
0xd89faef69161ecd1cdfcef3a2a2c9fd2fcd6e124,2026-05-09T01:42:57+00:00,2026-06-13T14:25:10+00:00,2,499.999999,0,0,0,1.999997995000005,2
0xd8b14457aeac7a9ba0a8a8c993ca0c2eeefc698c,2026-06-16T07:24:48+00:00,2026-06-16T07:24:48+00:00,1,0,0,52.422,0,52.369578,1
0xd8b781558314d68e5116d3dd601e323f9d7f9d61,2026-06-09T01:22:16+00:00,2026-06-10T11:33:27+00:00,2,0,0,24.048,24.04,47.871624,2
0xd8c18c730ec4ec15d776c15cf2e4a38bca0916c0,2026-04-22T08:11:24+00:00,2026-05-13T07:19:47+00:00,4,8865.737366,8865.73,0,0,203.1943789074250930,4
0xd8cb298440ccb4389b86bb82a8ef52c441c001d9,2026-05-16T17:00:30+00:00,2026-05-17T05:23:07+00:00,5,0,0,277.64,277.64,551.39304,5
0xd8d279c810e7a212a67a819c07fc2acd56b23f39,2026-06-06T03:24:54+00:00,2026-06-06T03:26:45+00:00,2,0,0,33.099,33.09,65.957343,2
0xd8d29affd010b1a32b021963dbeb4e8973072fd3,2026-06-16T04:29:57+00:00,2026-06-16T04:38:19+00:00,2,0,0,2.002,2.0,3.995998,2
0xd8d3cf3c09c5cc5bb329e689719c4ed9fcd6ff72,2025-12-11T21:18:41+00:00,2026-02-12T17:01:13+00:00,2,11.1122,11.11,0,0,0.477774,2
0xd8dac4276d4606008b7ba198526d09e054769b0b,2026-05-16T22:15:48+00:00,2026-05-21T15:53:30+00:00,2,714.285714,714.28,0,0,11.4285189980000004,2
0xd8e1c82e8254ba9759e52eb4a8ea06e911787e91,2026-05-13T04:40:14+00:00,2026-05-13T04:45:01+00:00,3,1390.0,1390.00,0,0,19.46000,3
0xd8e3abec3c7812a13d5362ec641866499aac375e,2026-05-15T23:53:22+00:00,2026-05-19T12:10:58+00:00,2,1678.571428,0,0,0,11.9999989960000004,2
0xd8e798d7608a14343c8745b05a16207501cfdc6d,2026-03-08T22:33:47+00:00,2026-03-08T22:43:25+00:00,3,0,0,1783.0,1783.0,3389.4830,3
0xd8ebbcd5f408a3098d39d14969cd9ee1f713588f,2026-05-11T23:02:30+00:00,2026-05-11T23:53:57+00:00,2,0,0,58.862,58.86,116.839086,2
0xd90fc3866840737ec6a809c2bc488025e89e9485,2026-06-16T03:17:52+00:00,2026-06-16T03:17:52+00:00,1,0,0,84.484,0,84.399516,1
0xd9282cd14f75b3724d06bb82203df2e9ec198b5e,2026-06-16T08:18:39+00:00,2026-06-16T08:18:39+00:00,1,0,0,2.002,0,1.999998,1
0xd9357bf59c99bcf8b17bd824dac3e88aaeadfd30,2026-05-12T15:58:49+00:00,2026-05-12T15:58:49+00:00,1,166.666666,0,0,0,0.999998996000004,1
0xd9514f3301356f8f07f316c3b7d27938ba61f4af,2026-03-16T00:47:47+00:00,2026-03-16T00:47:47+00:00,1,22.222221,0,0,0,0.9999990005556075,1
0xd954ad236f2fa7be7c51fc2155b3928988871719,2026-05-11T03:30:44+00:00,2026-06-17T14:55:32+00:00,8,5102.380951,452.38,0,0,16.4142779910000065,8
0xd96ea8cdbceebd4498e0a45c83436604cbda9e2f,2026-06-17T17:48:20+00:00,2026-06-17T17:48:20+00:00,1,511.51,0,0,0,1.02302,1
0xd9764080f587b26bb9fdb09e9ce553d596e2f7cb,2026-06-12T07:02:22+00:00,2026-06-12T07:02:22+00:00,1,0,0,1.003,0,0.999991,1
0xd9767a7cb7b93fb9b9944aa738612b795728480c,2026-03-30T13:35:47+00:00,2026-04-09T05:46:23+00:00,8,477.07,0,0,0,11.92024,7
0xd97953896da5505e17685e0d4f932a9a9a8dfd69,2026-05-04T09:02:32+00:00,2026-05-04T09:02:32+00:00,1,0,1.0,0,0,0.0060,1
0xd98cacc4076a7394f1148a6579a1a544b9cc05ec,2026-05-27T10:27:30+00:00,2026-05-27T10:27:30+00:00,1,0,0,15.533166,0,15.4399669993400502,1
0xd990ad35098482db6b99fdd9aa5c446eac6f4349,2026-05-11T05:23:08+00:00,2026-05-11T05:23:08+00:00,1,0,0,1.006,0,0.999964,1
0xd9b353c1fb84d03453b7dd8522955783c4e174c4,2026-05-14T06:59:23+00:00,2026-05-16T06:11:07+00:00,4,0,0,15.099594,15.09,29.9752430001493126,4
0xd9b5455d1ee240ce157787b87ff2e0a60f639db1,2026-05-26T14:28:48+00:00,2026-05-26T14:28:48+00:00,1,0,0,100.0,0,99.4000,1
0xd9b685db14ebeeee945688575b4dc9f81e522cfb,2026-04-01T08:19:43+00:00,2026-04-01T14:48:21+00:00,2,0,0,29.71,29.71,57.48885,2
0xd9bbe9d5976b86296eb5cb32aedec96e8458e773,2026-03-03T16:05:35+00:00,2026-06-17T15:06:56+00:00,2,0,0,8.0,8.0,15.7520,2
0xd9bf68f9c140cf57190221de12b9b7e467dc3a84,2026-02-03T17:24:36+00:00,2026-02-04T04:09:24+00:00,2,0,0,60.613454,0,59.2799579998773092,2
0xd9c1ba3f9ddc8980929d705626ffa2554de05479,2026-06-15T18:34:12+00:00,2026-06-15T18:34:12+00:00,1,50000.0,0,0,0,100.0000,1
0xd9c4515252a12a412abc4158f7cd11d54d240025,2026-05-31T15:30:30+00:00,2026-05-31T19:58:48+00:00,2,0,0,7.035,7.03,13.987645,2
0xd9ced793040808833752a8f59ce7d1aaf4b85251,2026-05-11T03:07:46+00:00,2026-05-11T14:51:41+00:00,2,0,0,82.49,82.49,163.90763,2
0xd9d32a517bb37dc2109134dee32111012242bdc7,2026-03-29T12:08:24+00:00,2026-03-29T12:10:28+00:00,3,0,0,1070.0,1070.00,2022.30000,3
0xd9dc3b908055f6fd9228940c4a4d6e684a6ffba9,2026-05-15T14:12:56+00:00,2026-05-16T03:45:18+00:00,2,0,0,114.6,114.6,227.5956,2
0xd9e0164deabecad1a51246fb4ea48a2119ab7d08,2026-05-29T11:38:14+00:00,2026-06-09T12:36:45+00:00,2,0,0,102.0,102.0,203.1840,2
0xd9ecf4457a192e53ac88b14589a81bd4d5a9b735,2026-05-17T12:20:10+00:00,2026-05-18T00:01:38+00:00,2,0,0,116.11,116.11,230.59446,2
0xd9f6fd07af2e7e4e2528190df7b58623efab4790,2026-06-10T03:03:27+00:00,2026-06-10T03:03:27+00:00,1,1140.0,0,0,0,9.1200,1
0xd9fdeb62532f07cc42b3d20fb92b53cc993cfd0c,2026-04-10T07:13:47+00:00,2026-04-18T15:45:54+00:00,2,0,0,9.0,9.0,17.6580,2
0xd9ff340d4a0f199835a9c5c6e52f8175050ca17e,2026-06-17T16:34:55+00:00,2026-06-17T16:34:55+00:00,1,18960.0,0,0,0,18.9600,1
0xda0027ab4a23150a855c9314e0e38b0e796f29cd,2026-06-05T16:17:49+00:00,2026-06-06T05:57:03+00:00,2,0,0,107.12,107.12,213.38304,2
0xda00bd17e72fa848c06572df3485837416e2a27c,2026-05-27T15:10:04+00:00,2026-05-27T15:10:04+00:00,1,0,0,16.639833,0,16.5399940003360167,1
0xda2e1c9b2c0e9a2e59eb9fffe42f642f5af09b6c,2026-05-04T23:12:32+00:00,2026-05-30T18:14:01+00:00,3,600.0,600.0,0,0,7.1000,3
0xda37e75f4b469148b0b314fcf5e4d2ca527dfa9e,2026-06-17T17:21:53+00:00,2026-06-17T17:21:53+00:00,1,6000.0,0,0,0,6.0000,1
0xda408d0b5cbfe383a1de1012cfd87c9c258c8b98,2026-05-25T06:13:25+00:00,2026-05-29T21:32:38+00:00,4,0,0,376.447808,376.44,747.991836010,4
0xda559005cc114a2849301b4227139c57bc20c451,2026-05-09T22:09:00+00:00,2026-05-09T22:09:00+00:00,1,714.285714,0,0,0,4.9999989980000004,1
0xda59c888d044ab08b8e20d6cd026d1450af630db,2026-03-18T21:14:07+00:00,2026-03-18T21:14:07+00:00,1,8.89,0,0,0,0.19558,1
0xda66d3066df7502a7e26f5d031526c2f3b352699,2026-06-14T10:35:07+00:00,2026-06-14T10:35:07+00:00,1,0,0,1.001,0,0.999999,1
0xda6b3099a815371d7713db81f9e57485d8aea403,2026-04-06T04:02:57+00:00,2026-05-04T15:38:22+00:00,40,16270.924595,15429.753332,0,0,552.9845097425043960,40
0xda6c0e6fe11a97e6ad863b452e4415794a6aa214,2026-05-29T11:12:10+00:00,2026-06-07T05:48:09+00:00,4,379.0,379.0,0,0,3.8070,4
0xda963877039ad8cfa4def8106f3ad9e2d2aed690,2026-03-31T11:48:17+00:00,2026-04-01T20:21:49+00:00,2,0,0,20.0,20.0,38.4800,2
0xda96403cb1f3349be25a38c76d59a2b5c31bcef5,2026-05-13T04:21:10+00:00,2026-05-13T17:40:32+00:00,2,0,0,98.38,98.38,195.18592,2
0xda991d2d542ff93324f5b0b45e71f34247587f3e,2026-06-02T16:52:00+00:00,2026-06-03T23:35:36+00:00,2,25000.0,25000.0,0,0,275.0000,2
0xda99344c8385a2ce2413a69f8076301414307a22,2026-06-13T12:31:22+00:00,2026-06-13T12:31:22+00:00,1,0,0,1.002,0,0.999996,1
0xdaa4462137e82e6e18136834a528eaec61d8b94a,2026-06-14T15:14:00+00:00,2026-06-14T15:14:00+00:00,1,0,0,32.902,0,32.869098,1
0xdacd9a6bb8d843da6bea7a8a9db7861366c8e029,2026-03-18T14:11:41+00:00,2026-06-07T14:30:25+00:00,2,88.235294,88.23,0,0,3.176459996,2
0xdace99073363a28b9e6149933711de723aa60a81,2026-06-15T16:07:13+00:00,2026-06-15T16:07:13+00:00,1,0,0,89.359,0,89.269641,1
0xdae37ea4238f43fc3f25c1ef6c83be1aa5270863,2026-04-29T14:44:50+00:00,2026-06-16T18:34:41+00:00,2250,0,0,33140.423567,33140.418419,65774.9460459959611711,2249
0xdaf2f4998fd13d9cea74e72f5b8d1a492f8836c6,2026-06-01T11:31:54+00:00,2026-06-01T13:16:47+00:00,2,0,0,15.0,15.0,29.8350,2
0xdb2b1a826dae4f095b1628c54f7ab5d84142c4b3,2026-06-05T07:19:28+00:00,2026-06-08T11:36:13+00:00,2,0,0,8.024,8.02,15.995868,2
0xdb337d3a3dc8227ac0bee6d4c64c78e301f64a4c,2026-03-30T02:07:26+00:00,2026-03-30T15:13:07+00:00,3,0,0,855.0,0,808.01393000250,3
0xdb34bd2064e6de9c776b032e4ca264f9656dba33,2026-02-28T06:20:59+00:00,2026-03-03T04:13:35+00:00,2,47.619046,47.61,0,0,1.9998089993333662,2
0xdb3603153ff97d428e484ae5224b4e91aeea06c8,2026-05-28T12:41:05+00:00,2026-05-28T14:38:42+00:00,11,4999.959332,0,0,0,29.999755996124666,11
0xdb37f90974a4d49a481cdb158f0feca20ae60a3e,2026-05-29T10:36:28+00:00,2026-05-29T15:32:46+00:00,2,0,0,10.0502,10.05,19.9896490,2
0xdb38931d2a6b71df7b7da39a62cce280c3e74538,2026-05-26T14:51:17+00:00,2026-05-26T14:51:17+00:00,1,0,0,41.247333,0,40.999849002,1
0xdb5efcbee5da65a12681b18caea983150d9d6797,2026-03-29T12:47:08+00:00,2026-03-29T12:47:54+00:00,3,0,0,995.00,995.0,1880.55000,3
0xdb6092d9c90a672eef511b0906be1a19222f137a,2026-06-17T16:58:52+00:00,2026-06-17T16:58:52+00:00,1,40000.0,0,0,0,40.0000,1
0xdb61e8b52bdece524cffcec80a73d5565b6a6032,2026-05-10T04:33:20+00:00,2026-05-21T15:14:03+00:00,4,13037.642466,0,0,0,118.5855989519989250,4
0xdb6c64b65192be4552ac36d4bfb5583f480dee14,2026-03-16T07:58:05+00:00,2026-03-24T11:01:53+00:00,14,100.0,40.0,88.67,40.0,128.83581,12
0xdb6f06ab0f651c6194bd533dd3cc4b2893ee048e,2026-05-27T20:37:39+00:00,2026-06-10T16:36:06+00:00,4,0,0,224.14,224.14,445.59392,4
0xdb75f5c6f598ad0654391712b271d7e94b69c17a,2026-05-11T03:07:46+00:00,2026-05-11T16:18:41+00:00,2,0,0,99.29,99.29,197.18994,2
0xdb78fa343711ad506779fc21433b9770f97e7d84,2026-06-15T07:12:45+00:00,2026-06-16T02:21:09+00:00,2,500.0,250.0,0,0,1.2500,2
0xdb857fc7eea3c11d2a006d641ac5357cda583a13,2026-06-16T06:05:51+00:00,2026-06-16T09:20:54+00:00,2,0,0,773.773,773.77,1545.221687,2
0xdba87adf84a5de3c65c768c34ac0f9a8e24ab0cb,2026-06-11T03:37:49+00:00,2026-06-11T12:57:58+00:00,2,19860.056665,0,0,0,111.9699995715200985,2
0xdba8be1f5f06ff4a94e64bc08785cfa837b13994,2026-05-17T12:13:38+00:00,2026-05-18T02:13:40+00:00,2,0,0,275.12,275.12,546.38832,2
0xdbb4a207c02e3f05c4ce1b02e7c934b086cbafe9,2026-05-26T21:13:50+00:00,2026-06-17T18:00:46+00:00,8,5610.0,5609.996666,0,0,39.2299889980000010,8
0xdbb693f434b07bcfb3f7427eb9586426704cc466,2026-06-10T16:52:51+00:00,2026-06-10T16:52:51+00:00,1,0,0,1.004,0,0.999984,1
0xdbb80e4364667c56ad5d7675b83759e5c0a9f7de,2026-03-03T19:28:51+00:00,2026-03-05T13:26:03+00:00,9,86.452277,86.45,0,0,12.1342499991679601,9
0xdbd1a78ddaf9e135c9c44af0ed0f99263e1fe7b9,2026-04-22T08:11:24+00:00,2026-04-22T08:15:52+00:00,2,0,0,348.39,348.39,685.63152,2
0xdbe76702b7b112029c4d027cde41a614f94e473b,2026-06-08T14:44:52+00:00,2026-06-14T06:37:48+00:00,2,833.333333,0,0,0,1.999998999000001,2
0xdbf4aa7f2f4071d4f1eb956fb9466d3bd6495594,2026-05-27T08:28:22+00:00,2026-05-27T21:01:42+00:00,2,0,0,121.45,121.45,241.19970,2
0xdbf5e4653c7900d322926f072912aa12d82543f5,2026-05-28T14:46:58+00:00,2026-05-28T14:46:58+00:00,1,166.666665,0,0,0,1.0000000066666665,1
0xdbf76dc145740ae122066a70e554277360a16377,2026-06-17T05:02:25+00:00,2026-06-17T05:02:25+00:00,1,0,0,10.01,0,9.99999,1
0xdc05594402bdfca4bacaf3a3971d746ab93d8846,2026-06-14T08:57:03+00:00,2026-06-14T08:57:03+00:00,1,0,0,26.126,0,26.099874,1
0xdc154d8503ffe62a5ed1e7f62e71761859e5cc49,2026-05-17T05:06:59+00:00,2026-05-20T20:44:55+00:00,2,150.0,150.0,0,0,2.2500,2
0xdc17961132cbe21a95be99287ae08e4a1681c4ab,2026-04-11T19:49:23+00:00,2026-06-11T09:06:36+00:00,2,9.74,9.74,0,0,0.29220,2
0xdc1c3f8e00c4085bbf9358ed29f932c63a50debb,2026-05-08T12:30:57+00:00,2026-06-10T17:39:58+00:00,2,23.0,0,0,0,0.1570,2
0xdc36556b565134d86859099dbe6cd0d1c8f40665,2026-05-16T06:51:37+00:00,2026-05-16T21:25:48+00:00,2,1000.0,1000.0,0,0,13.0000,2
0xdc4e7560391ed1f2578a2152ba331f70761b87b7,2026-06-06T03:56:00+00:00,2026-06-06T03:56:00+00:00,1,0,0,8.0,0,7.9760,1
0xdc57ed2dccb2750fd422871da62e7707cd1b0e62,2026-03-30T10:42:22+00:00,2026-03-30T21:23:43+00:00,4,804.36,804.350675,0,0,94.9139280012712768,4
0xdc62ee4f66555520c58230d6ae8a9d10a5bf1eb3,2026-03-21T22:44:31+00:00,2026-06-09T17:36:07+00:00,321,0,0,15551.349561,15551.343655,30196.3720900029718523,306
0xdc6ca13d25de0535a344e2251e0f6273c6592c89,2026-05-05T12:05:50+00:00,2026-06-14T16:14:52+00:00,2,0,0,1.009,1.0,1.997919,2
0xdc7df3a556c2a82dbe8412aac4d5da6356689da8,2026-05-11T03:07:46+00:00,2026-05-11T05:22:38+00:00,2,0,0,38.7,38.7,76.8969,2
0xdc8634e3191aa4be3868b17d9ef8ba9c58537e77,2026-05-07T21:10:58+00:00,2026-05-07T21:10:58+00:00,1,157.81,0,0,0,1.5781,1
0xdc8def75ab7a9d179d664c57b9e35fb4bd81b8c2,2026-05-17T12:13:38+00:00,2026-05-18T00:16:43+00:00,2,0,0,122.25,122.25,242.78850,2
0xdc9ed3519f4d8be65e31aca686b508f973212883,2026-05-14T03:39:33+00:00,2026-05-14T03:40:08+00:00,2,0,0,199.395714,199.39,395.794824002,2
0xdcab98944ac02edfa80d134984278548ee510b54,2026-06-05T18:52:55+00:00,2026-06-05T18:52:55+00:00,1,250.0,0,0,0,1.0000,1
0xdcacc655e10599808807a0d9d7227a0fbb5bfea4,2026-05-13T12:38:22+00:00,2026-05-13T22:56:10+00:00,2,0,0,81.77,81.77,162.23168,2
0xdcb242b897467ed23af5adefffaf568cc47f2940,2026-02-01T22:52:50+00:00,2026-02-02T04:31:30+00:00,3,48.255812,48.25,0,0,3.8817489997210072,3
0xdcb8f5e3423f79468927193edd4deb61b027f205,2026-06-17T14:57:38+00:00,2026-06-17T15:36:10+00:00,5,44000.0,0,0,0,44.0000,5
0xdcbdeb67fb45591515d8ee0dd8066026951ea356,2026-05-14T09:19:12+00:00,2026-05-14T09:22:07+00:00,3,1220.0,1220.00,0,0,19.52000,3
0xdccc93da6eabd33d335f0678eed1139c18525ad1,2026-05-14T09:19:05+00:00,2026-05-14T09:22:04+00:00,6,1190.0,1190.00,0,0,19.04000,6
0xdcd89b755a2a04f4a3c04ec0bcb4a032b9affd86,2026-05-12T15:42:37+00:00,2026-05-12T15:42:37+00:00,1,170.0,0,0,0,1.0200,1
0xdce3f866b5f33bc3d2c093faf55912eb069f8bd0,2026-05-01T11:57:22+00:00,2026-05-10T16:17:35+00:00,2,181.818181,181.81,0,0,2.9090489910000045,2
0xdced4a0aa9e3f33f48b3dcd89a1a71b23287ea3b,2026-05-14T09:26:47+00:00,2026-05-14T09:27:36+00:00,3,1180.0,1180.00,0,0,18.88000,3
0xdcf318e992f6b1eae3940927dc0909b725317a84,2026-05-13T04:26:11+00:00,2026-05-13T04:34:40+00:00,3,1420.0,1420.00,0,0,19.88000,3
0xdd096b2a7c571a094af3d5e2721b20d64e613db1,2026-06-16T13:15:31+00:00,2026-06-16T13:15:50+00:00,2,0,0,2002.002,2002.0,3995.993998,2
0xdd0dccea7ab95350904eaf93fbdee87c0592174d,2026-05-29T13:33:34+00:00,2026-05-29T14:44:25+00:00,2,0,0,13.417,13.41,26.679455,2
0xdd238537dacc00ae1b0809a17406b6698bc5b26a,2026-05-25T16:16:05+00:00,2026-05-28T07:33:34+00:00,4,0,0,124.748332,124.74,247.8666619955251668,4
0xdd39b46a075fb5de591a087eb65bd5a056d8b1aa,2026-05-16T18:03:41+00:00,2026-06-16T23:31:23+00:00,4,0,0,547.16,547.16,1089.38416,4
0xdd4127d1765ae584a5d8b8b34bb050e2ebe3f94f,2026-06-07T18:32:51+00:00,2026-06-07T18:32:51+00:00,1,0,0,1.012,0,1.009976,1
0xdd41daf676a1104758863e0300cbaca2b374e871,2026-05-15T02:14:10+00:00,2026-05-15T02:27:39+00:00,2,0,0,6.042295,6.04,11.9916780002569635,2
0xdd58037232973ab4f67971c5035d9a061ca21e1c,2026-05-29T17:33:29+00:00,2026-05-29T18:43:47+00:00,2,0,0,10.5426,10.54,20.9666470,2
0xdd5e2f4b16deb789eadfb46ec652703fa112ee7e,2026-05-19T18:39:50+00:00,2026-06-10T08:22:21+00:00,2,153.75,153.75,0,0,2.15250,2
0xdd787fa9541bd85a04519f45f179e1d1d58a3460,2026-05-27T01:18:37+00:00,2026-05-27T01:18:37+00:00,1,0,0,24.0945,0,23.9499330,1
0xdd8659d6605c10416ab09b57e447c3dcc7deb5db,2026-05-16T15:21:52+00:00,2026-05-16T15:32:55+00:00,2,0,0,10.060333,10.06,19.9895509999879334,2
0xdd96433a82268b478696b7eb8c23bff73fc82656,2026-06-15T19:27:19+00:00,2026-06-15T19:27:19+00:00,1,500.0,0,0,0,1.0000,1
0xddaec85d92cd09e50c34e0751ad17915379752c4,2026-06-09T15:25:37+00:00,2026-06-14T15:43:40+00:00,10,127183.839975,0,0,0,720.0099187773474724,10
0xddb6eba9a15f7d5ac0784f0af51c5bafe2e18b85,2026-06-14T23:47:19+00:00,2026-06-14T23:47:19+00:00,1,0,0,15.015,0,14.999985,1
0xddbaedf45f180c87c56392939ce96f17ecb3f6ad,2026-06-13T19:47:37+00:00,2026-06-13T19:47:37+00:00,1,0,0,1.002,0,0.999996,1
0xddc1ec81aef5a17ba5d59a84619ff21c80f239ab,2026-05-27T17:03:42+00:00,2026-05-27T17:03:42+00:00,1,0,0,11.327833,0,11.2598659997344334,1
0xdde24dffd086a7461d5e4abfa2610051b4e9e5e6,2026-06-07T15:56:54+00:00,2026-06-07T15:56:54+00:00,1,0,0,83.0,0,82.8340,1
0xdde983fbce06b0c9f2b6bc25ab0a44012b3d4bd5,2026-06-11T18:55:12+00:00,2026-06-17T08:48:19+00:00,11,21000.0,8000.00,0,0,44.00000,11
0xddeae14904dc0a2dd6be5c9fe329ba73b885eee9,2026-03-07T17:03:43+00:00,2026-03-08T03:48:27+00:00,5,0,0,1280.0,1280.0,2410.2320,5
0xddecf05b344d339ec76e0bcd7a75e0a2982b8925,2026-06-05T02:40:46+00:00,2026-06-16T10:17:33+00:00,110,0,0,15504.041665,15504.04,30960.603296005,110
0xdded00991fac9fef993668691e50da8b7fe3e4f1,2026-05-16T05:34:50+00:00,2026-05-16T10:33:10+00:00,2,0,0,154.9295,154.92,307.8354830,2
0xdded70effefa298d8fcd829c73ae3b22fe29e92b,2026-05-15T14:12:56+00:00,2026-05-26T11:54:48+00:00,3,1571.428570,1428.57,0,0,20.999988990000006,3
0xde0463ea7f611b065e8ab06bbfbddad75e6dfa37,2026-02-25T06:16:22+00:00,2026-05-13T14:29:01+00:00,57,9056.609947,0,6772.73,0,6790.6867490544429947,57
0xde0614a13b151b0a52584ca60390833e3482bcb7,2026-05-10T01:25:46+00:00,2026-05-10T01:29:54+00:00,3,0,0,1.619666,1.52,3.1193079999508350,3
0xde07bc3d7058cdf5746f3fd2308b2b9c75c8f1c0,2026-05-03T18:13:34+00:00,2026-05-15T14:26:24+00:00,2,2261.904760,0,0,0,19.9999989800000004,2
0xde173cc384c3f23a0f588041afcb04d3be2555b0,2026-05-30T07:28:07+00:00,2026-06-16T12:30:51+00:00,3,916.666666,0,0,0,2.999998996000004,3
0xde1c98a5e57c0307676aa712d69a8e231a1fc341,2026-05-29T12:46:40+00:00,2026-06-13T17:39:25+00:00,2,0,0,75.0,75.0,149.4000,2
0xde1ecca2f2d5c823d3b768a3cf9db22fff2ce953,2026-05-26T17:16:04+00:00,2026-05-26T17:16:04+00:00,1,0,0,259.617666,0,258.059960004,1
0xde23a04b792f7fb16a033262d1bf3a957196e5b1,2026-05-22T07:53:16+00:00,2026-06-16T05:34:43+00:00,2,0,0,7.908444,0,7.869860000165556,2
0xde484f22384a63a3cb7449a003a23d6493b830e7,2026-02-13T00:10:55+00:00,2026-02-17T14:45:01+00:00,15,869.550695,869.543451,0,0,35.8523709854218442,15
0xde6b1777702338cd025eed9354ff5a3952a218c7,2026-02-27T04:08:50+00:00,2026-06-01T21:11:53+00:00,7,0,0,249.09,249.09,488.77899,7
0xde787528b1e5a1c91b1b0cadd87bc3cbbe974e0c,2026-06-14T22:40:01+00:00,2026-06-14T22:40:01+00:00,1,0,0,11.011,0,10.999989,1
0xde78e330492b3a5e52155504bb966428b8f8a67a,2026-06-17T18:06:53+00:00,2026-06-17T18:06:53+00:00,1,5000.0,0,0,0,5.0000,1
0xde79176b8228d0c2244484df74ea3c2fca20f187,2026-06-11T17:08:31+00:00,2026-06-11T17:08:31+00:00,1,500.0,0,0,0,2.0000,1
0xde7e4fa87e29a5e1c7f129bc0a609ea6c3fe81bc,2026-03-21T14:09:39+00:00,2026-03-21T14:09:39+00:00,1,0,0,1.551181,0,1.4999920000094506,1
0xde94f1daba9e4c0bcba3dec7be00f9e72cc5815d,2026-05-14T09:29:23+00:00,2026-05-14T09:30:31+00:00,3,1220.0,1220.00,0,0,19.52000,3
0xdea764fb2b57d741222fa28f8a43ea54dc045730,2026-06-11T09:43:15+00:00,2026-06-11T09:43:15+00:00,1,0,0,1.004015,0,0.9999980000411570,1
0xdeb384e59550fdd0d0a34b0fa8453bfb23968bf7,2026-05-27T21:19:28+00:00,2026-05-27T21:19:28+00:00,1,214.285714,0,0,0,1.4999989908571442,1
0xdebbf3423f42e31a82ac78e02763f4931c744b4c,2026-04-10T02:16:51+00:00,2026-04-20T02:50:44+00:00,5,0,0,1000.0,1000.0,1958.0000,5
0xdec2480ece69ef078ac639cdb8cdd7ea15816609,2026-05-27T22:10:01+00:00,2026-05-27T22:10:01+00:00,1,0,0,12.535166,0,12.4599550002394502,1
0xdec9894d846e6a81edeaeb2748d531c236c30a9f,2026-05-13T15:58:25+00:00,2026-05-14T06:05:09+00:00,2,0,0,10.070428,10.07,19.9893749999718288,2
0xdecbdf4b9a5ece9aaf2061b30499ca0d3e41ce21,2026-04-19T00:22:46+00:00,2026-05-13T18:51:51+00:00,4,132.0,132.0,0,0,4.2440,4
0xded512f07002d32d9af8da2e832d0c446cbc391a,2026-02-03T11:52:12+00:00,2026-03-18T16:01:55+00:00,2,0,0,4.10225,4.1,7.94826599992350,2
0xded971cd5e10bff5409fddca9ea19c22b8f00c80,2026-05-13T05:32:00+00:00,2026-05-13T07:12:40+00:00,3,1400.0,1400.00,0,0,19.60000,3
0xdef52189adf28b839e44d09c9bee016bce8fd680,2026-03-21T03:04:17+00:00,2026-03-22T10:04:09+00:00,2,20.408162,20.4,0,0,1.652798999224548,2
0xdef5e4564756c1155323622c935083c04358131c,2026-04-30T12:42:12+00:00,2026-04-30T12:42:12+00:00,1,76.923075,0,0,0,0.9999989980769475,1
0xdf0045874ee6042ab2517534b0545552528e972c,2026-06-11T06:25:40+00:00,2026-06-15T01:49:34+00:00,4,9166.666666,9166.66,0,0,39.1666579980000002,4
0xdf01b1da642bb5c8e28ce0ce96b676500140c782,2026-05-22T08:23:06+00:00,2026-05-28T21:30:57+00:00,40,800.00,800.00,0,0,14.20000,39
0xdf03954393d26306a67a03f6e9b321128172de2c,2026-03-06T10:42:39+00:00,2026-03-21T12:26:25+00:00,4,0,0,10.0,10.0,19.0900,4
0xdf0850b029c97de282c491e91ce500384782cf97,2026-01-28T17:23:06+00:00,2026-05-11T03:07:46+00:00,12,60.00,14.0,46.0,0,45.81800,10
0xdf21efbec8230fb1e8b81ffedbdb8bafe9d5d3b2,2026-03-28T05:45:29+00:00,2026-03-28T05:54:39+00:00,3,0,0,890.0,890.00,1669.64000,3
0xdf296db7c57c5e4a365f95c6bf015b2c81a64588,2026-06-17T17:38:52+00:00,2026-06-17T17:38:52+00:00,1,0,0,77.91,0,77.59836,1
0xdf34d424c9c493f9eccedecb1800c347ea20147a,2026-05-30T16:57:19+00:00,2026-05-30T18:41:26+00:00,2,0,0,10.0502,10.05,19.9896490,2
0xdf3709bc0f9086221f6e44e7af3189eb22968b49,2026-05-02T18:35:12+00:00,2026-06-04T09:02:27+00:00,3,1000.0,200.0,200.0,0,202.8000,3
0xdf3ba6f031a2b4c71912d305dfd20773add73d3c,2026-05-14T11:15:21+00:00,2026-05-14T11:26:52+00:00,2,0,0,7.049285,7.04,13.9836200000655005,2
0xdf3effcb0b58f9e025ecf0fed48a260dd6de6e88,2026-06-11T22:10:01+00:00,2026-06-11T22:10:01+00:00,1,0,0,2.006,0,1.999982,1
0xdf43d397ccdf4a1c34870eac9e5f891790317a0b,2026-05-18T01:50:25+00:00,2026-05-20T01:43:36+00:00,2,0,0,10.060333,10.06,19.9794909999879334,2
0xdf48282c633f2b183db6bc3defe9c110c4d8cfb7,2026-05-25T14:16:20+00:00,2026-05-27T11:31:26+00:00,2,0,0,112.676,112.67,223.881254,2
0xdf4b099ec20f019d45068a216380cd85b7945c8d,2026-06-09T08:21:00+00:00,2026-06-09T08:21:00+00:00,1,1000.0,0,0,0,3.0000,1
0xdf5fedac69ecf790b97c4be506aab7181eeaa1e3,2026-05-19T09:32:16+00:00,2026-05-27T00:21:31+00:00,2,0,0,10.0,10.0,19.8600,2
0xdf69adaea0cbabbe8582283d934bc5553922a33f,2026-05-25T02:47:46+00:00,2026-05-25T02:47:46+00:00,1,30.0,0,0,0,0.2100,1
0xdf7a01dbc6abc1e97d1f506fa7c1caf3a8b5a855,2026-05-19T23:18:23+00:00,2026-05-20T14:12:29+00:00,2,0,0,47.331318,47.33,93.9513579977663848,2
0xdf8d064e959e4f84c31f9a88e089cb7b6134189c,2026-05-31T16:14:32+00:00,2026-06-04T07:28:43+00:00,2,1000.0,1000.0,0,0,10.0000,2
0xdf91f0156e6058fdeb094d90abcb73760c16f13d,2026-06-04T08:43:45+00:00,2026-06-04T08:43:45+00:00,1,0,0,25.0,0,24.9000,1
0xdf9996e4baf54628d8e05b1d4ebae25c8340a2d8,2026-05-27T11:38:35+00:00,2026-05-28T01:35:31+00:00,2,0,0,103.32,103.32,205.19352,2
0xdfad2510abe9280c7f3d8a95b4c8e0f1540aaf76,2026-06-17T08:11:17+00:00,2026-06-17T08:11:17+00:00,1,2500.0,0,0,0,5.0000,1
0xdfb1f245242a6096449646315db07018fdacbae7,2026-05-28T01:18:22+00:00,2026-05-28T01:18:22+00:00,1,0,0,373.9235,0,371.6799590,1
0xdfb539382fd39d17321110ad568a564c1e978bd4,2026-02-02T11:11:48+00:00,2026-03-03T01:36:39+00:00,2,326.93,326.93,0,0,17.937210019526,2
0xdfb5ca460f00e3613be9f1db5486f4a475e89264,2026-04-30T16:27:44+00:00,2026-04-30T16:34:02+00:00,2,94.0,94.0,0,0,2.1620,2
0xdfc6d15506a38f2b36fbaff1dad6b4ac4478e1a3,2026-06-07T23:15:39+00:00,2026-06-08T10:25:55+00:00,2,0,0,100.0,100.0,199.4000,2
0xdfdb6af019fe0b8ae0437c235a607b6edbc2e20c,2026-06-11T04:26:13+00:00,2026-06-13T03:23:25+00:00,2,0,0,14.182546,14.18,28.2774580003450770,2
0xdfdbfad05bf69f17fe4fcbab8993f5f3e491703d,2026-05-28T12:41:05+00:00,2026-05-28T12:41:05+00:00,1,300.0,0,0,0,1.8000,1
0xdfe22a92a48250b89a156fe90c18e062e5cd5c77,2026-06-07T04:16:16+00:00,2026-06-07T18:43:24+00:00,2,0,0,105.82,105.82,210.89926,2
0xdfe9f7c71d3e17597537ee42838630433d8bb4d2,2026-05-11T19:45:34+00:00,2026-05-11T19:45:34+00:00,1,3750.0,0,0,0,30.0000,1
0xe0045ff9358b92112bbaf80c3e7345dabfffcce7,2026-05-23T07:22:31+00:00,2026-05-31T09:09:17+00:00,2,4427.272727,0,0,0,40.1999989060909092,2
0xe033e9d4a0e8b30c417f3f7abcb029bc695940a5,2026-03-11T18:19:49+00:00,2026-05-12T14:16:12+00:00,406,230397.104117,7283.56,0,0,7275.2110627581700451,406
0xe040ffe586e21cb49449e8daf19b1cdff87a824f,2026-04-16T06:21:34+00:00,2026-04-16T06:21:34+00:00,1,0,0,30.0,0,29.4900,1
0xe055257f722f55eea5223e60d8996c15c6a58df9,2026-04-10T14:05:05+00:00,2026-04-18T18:34:28+00:00,59,13593.719272,13593.713333,0,0,472.7484209411666712,59
0xe061f99c8a526e2e69936f6af79c39f0536493f9,2026-01-25T02:59:50+00:00,2026-02-25T15:56:30+00:00,14,236.080726,236.08,0,0,11.8537380005585900,14
0xe069d0d68bb556f8fe7f7229f17b5dbe6a833c17,2026-01-29T17:29:42+00:00,2026-02-17T02:31:09+00:00,18,0,17.0,170.0,0,166.8140,16
0xe0720520b8fd9ad9d1738477878231af7661f446,2026-06-07T14:23:31+00:00,2026-06-07T14:23:31+00:00,1,16666.666666,0,0,0,49.9999983313333334,1
0xe076902ec69b5590146a9fcba2c0077ce59c5799,2026-05-11T15:03:40+00:00,2026-05-12T04:27:51+00:00,2,0,0,85.59,85.59,169.89615,2
0xe0989c2688f97a526b8dbbb8c9ffab9c1952fa25,2026-05-31T06:15:10+00:00,2026-05-31T07:13:21+00:00,2,0,0,24.2712,24.27,48.2742240,2
0xe09a65763da3e64414da487bb5891c7d11dd6a8c,2026-06-16T06:47:22+00:00,2026-06-16T06:48:52+00:00,2,0,0,3446.446,3446.44,6882.546674,2
0xe09c2524e3430096cbb77f3647d23ef8884d6243,2026-05-26T08:47:59+00:00,2026-05-26T08:47:59+00:00,1,0,0,14.4265,0,14.3399410,1
0xe0a040f50b541a02c9c90a31527866efc91df746,2026-04-09T06:04:33+00:00,2026-05-12T09:00:30+00:00,2,0,0,1.507111,1.5,2.9679830000407557,2
0xe0a7279e947d42129cbbdf39c5db9167b2ec7344,2026-06-05T10:43:34+00:00,2026-06-05T10:43:34+00:00,1,1500.0,0,0,0,6.0000,1
0xe0abc54937c85d69c2aa0c39869477289a307555,2026-06-01T14:59:45+00:00,2026-06-09T04:25:07+00:00,10,13780.333331,0,0,0,49.8499970216666720,10
0xe0bc4e03588f75dcfd19eadf7885c1b75433bc26,2026-05-25T13:14:44+00:00,2026-05-26T10:54:34+00:00,2,0,0,150.905333,150.9,299.843601002,2
0xe0c5e955572d182dd38cf3eddb9700c099b9913c,2026-04-30T13:46:18+00:00,2026-05-09T12:55:09+00:00,5,13142.857141,13142.85,0,0,185.5713489025714295,5
0xe0c83d85efa1e8a21668cad4955af9b84373d507,2026-06-17T17:28:37+00:00,2026-06-17T17:28:37+00:00,1,0,0,285.55,0,284.69335,1
0xe0e25bb9e358fe4a1e42f9d0e14c3ada5979accc,2026-05-31T13:42:37+00:00,2026-05-31T14:45:05+00:00,2,0,0,14.2612,14.26,28.3643340,2
0xe0e735ccb972ef5647fbf0f8d01b337b2734fed8,2026-05-12T17:24:56+00:00,2026-05-13T19:50:33+00:00,2,714.0,714.0,0,0,10.41518997120,2
0xe0f2de458757fc41e57b709bca01984d1f1388ef,2026-05-04T12:02:10+00:00,2026-06-12T04:03:21+00:00,18,0,0,1351.966872,1251.96,2584.839528008,18
0xe0f38b22f228aa2bb2170cbd04b6124713a2765c,2026-02-20T13:36:24+00:00,2026-04-15T19:13:36+00:00,6,498.347692,498.34,0,0,21.3905200094278768,6
0xe0f479b0180d370f4636c95b0ea2089332991d8b,2026-06-09T17:44:15+00:00,2026-06-17T00:10:01+00:00,2,428.571427,428.57,0,0,3.428569989,2
0xe0f62bf717eca82d1cf7d74cf1e24393f5e53669,2026-05-31T02:51:12+00:00,2026-05-31T04:17:55+00:00,2,0,0,10.0502,10.05,19.9896490,2
0xe0ff77aaeec49bb7cce0dd0d0c26bcccb7191053,2026-05-13T04:44:54+00:00,2026-05-13T05:31:55+00:00,3,1390.0,1390.00,0,0,19.46000,3
0xe1028f11b83f9e2e2c2f15663be65d7bda8d2311,2026-04-01T07:58:57+00:00,2026-04-01T07:58:57+00:00,1,540.540539,0,0,0,19.9999990240810837,1
0xe11c20533d23f473a472fa06df85e7c40aa9f397,2026-05-14T09:22:05+00:00,2026-05-14T09:23:00+00:00,3,1210.0,1210.00,0,0,19.36000,3
0xe1283710ca27671fcd4f80f7109c2ad1bfa5ccb4,2026-06-14T08:59:13+00:00,2026-06-14T08:59:13+00:00,1,2500.0,0,0,0,5.0000,1
0xe1317f00a1e0cbb3f75fdc887a18489565733f08,2026-05-28T00:46:05+00:00,2026-05-28T00:46:05+00:00,1,0,0,27.977833,0,27.8099659992022167,1
0xe133fec1a6eee20c134d995ac4dab852d6c09836,2026-05-21T12:27:30+00:00,2026-05-22T03:13:09+00:00,2,0,0,118.16,118.16,234.07496,2
0xe1369aaaaad68ae2b19da6071a9987e057a34348,2025-12-11T10:03:25+00:00,2025-12-11T13:42:43+00:00,2,5.2967,0,0,0,0.696703,2
0xe142a133d1151262f7d8a1a05db7fbd503e12851,2026-04-07T08:08:13+00:00,2026-04-07T08:18:33+00:00,2,0,0,486.352411,486.35,955.4856599776411904,2
0xe15bb86a33eddf80633a99130da66f737fd4ac5f,2026-06-15T20:28:45+00:00,2026-06-15T20:28:45+00:00,1,5000.0,0,0,0,10.0000,1
0xe1670f1276f63dff8dea7029467abf5fde97244b,2026-05-14T09:26:42+00:00,2026-05-14T09:27:36+00:00,3,1220.0,1220.00,0,0,19.52000,3
0xe168709c34b47c9ac876342ea6bd62a045aeba01,2026-03-15T14:33:51+00:00,2026-03-24T07:36:51+00:00,2,0,0,6.0,6.0,11.4000,2
0xe1688ecd08d6e415b7b6e1aa26596abc22838ba1,2026-06-10T17:54:21+00:00,2026-06-11T09:44:36+00:00,3,0,0,80.00,80.0,159.36000,3
0xe16894b672d2aeab4f9cfddb50d61f578d492490,2026-05-27T14:41:47+00:00,2026-05-30T01:54:33+00:00,2,0,0,149.899333,149.89,297.990597002,2
0xe172d73e4c07efc64d308eea2f187da438eec2ba,2026-06-07T16:33:31+00:00,2026-06-09T16:32:09+00:00,2,0,0,82.0,82.0,163.3440,2
0xe180f748f3bcf1fb5eb972aaf5bc65314fd891a4,2026-05-28T16:43:22+00:00,2026-05-28T16:43:22+00:00,1,333.333333,0,0,0,1.999998998000001,1
0xe187c2d7321890ee512627e4efa410b939e2dfba,2026-03-07T17:03:43+00:00,2026-03-08T03:48:01+00:00,5,0,0,1419.0,1419.0,2671.9690,5
0xe190ddd6009f30bb7483ea95c6dba33f305f0a5d,2026-06-09T17:11:54+00:00,2026-06-17T05:28:20+00:00,124,93381.907,0,0,0,330.282268,124
0xe196f409e71330371e9b9b7a4e09596ac04a0ab5,2026-01-30T17:00:50+00:00,2026-03-06T22:10:49+00:00,5,461.84,0,0,0,23.718000000042,5
0xe19a5454a6726a74fcd0215ed85a9dee27019ef7,2026-06-01T05:16:39+00:00,2026-06-01T06:05:47+00:00,2,0,0,13.5276,13.52,26.8988420,2
0xe1a1d551cff37286c0dedc95e90b7db2860ec7e4,2026-06-09T05:22:06+00:00,2026-06-09T09:59:16+00:00,2,0,0,697.16,697.16,1390.83420,2
0xe1b3b733a03f35e1b1753518296696a522b8660e,2026-04-29T11:36:58+00:00,2026-04-29T11:42:40+00:00,8,599.989374,599.98,0,0,18.5995300017728684,8
0xe1b537a593c8115c327ce07e7b7f4560f5b620ac,2026-04-29T14:13:38+00:00,2026-06-14T16:41:13+00:00,2433,0,0,52942.235554,52942.232629,104994.9403310021047426,2428
0xe1b6781b45fb9e45a07a218e7291dfed52a93ac8,2026-05-11T03:07:46+00:00,2026-05-11T17:11:30+00:00,2,0,0,81.58,81.58,162.01788,2
0xe1bf12b3317494da0d33acc95fb4aea96cd1c3ca,2026-06-04T10:41:24+00:00,2026-06-04T10:41:24+00:00,1,200.0,0,0,0,1.0000,1
0xe1d2f456a0bc188cb67615395a3e9a153a8e0ecf,2026-04-13T17:37:49+00:00,2026-04-15T02:02:50+00:00,5,10.0,20.0,0,0,0.8600,5
0xe1d619c3eb3e57ab048fa06ceb0d1fd13218a628,2026-05-22T05:08:44+00:00,2026-05-28T14:38:42+00:00,2,0,0,32.51,32.51,64.49984,2
0xe1d75d318fb58d938fdde68c5631253df0229b6e,2026-02-07T14:45:49+00:00,2026-03-16T14:33:43+00:00,4,1089.945833,1089.941739,0,0,68.4916289260962889,4
0xe1df12d16d8709ae6b4d4afbccb80f86229003d7,2026-05-24T17:45:18+00:00,2026-05-25T03:16:16+00:00,2,0,0,232.862875,232.86,461.997092000,2
0xe1e20934a7a3475d0a9999e0906b4bf14b8deecb,2026-04-07T12:43:23+00:00,2026-04-07T12:43:23+00:00,1,52.631577,0,0,0,0.9999989998421409,1
0xe1fa0bf7177c39d183688fe61282a30b00f0be8f,2026-04-23T17:38:38+00:00,2026-04-23T17:38:38+00:00,1,111.111111,0,0,0,1.999999998,1
0xe20bd4624d3191e6651826a4154fcb3348793217,2026-06-16T23:29:34+00:00,2026-06-17T04:10:56+00:00,2,0,0,8540.0,8540.0,17054.3800,2
0xe220ee7d035f3ab909f0e494fbff724011a05dcd,2026-06-02T04:18:39+00:00,2026-06-02T04:18:39+00:00,1,166.666666,0,0,0,0.999998996000004,1
0xe22cdd768e24471a94f6f4f14facc65657db7baf,2026-06-10T02:52:04+00:00,2026-06-14T06:06:30+00:00,2,139.4,139.4,0,0,1.13939999334,2
0xe232b7a0574cffbb9be8c9d64ce4b2d5afa38c50,2026-05-30T06:11:55+00:00,2026-05-30T07:29:42+00:00,2,0,0,20.7134,20.71,41.1955730,2
0xe243070d11670abc32aac7125cb7abaf39a279f7,2026-04-20T06:02:20+00:00,2026-04-29T18:12:30+00:00,2,58.33,52.77,0,0,2.15811,2
0xe244dea1b30df7a43c466ebe9d0cf77096e175bc,2026-06-03T07:48:24+00:00,2026-06-04T04:25:19+00:00,2,0,0,27.0,27.0,53.7030,2
0xe2459c41edd5a4bf31b7f9639b38c9e473131b79,2026-05-11T15:03:40+00:00,2026-05-12T02:40:49+00:00,2,0,0,55.08,55.08,109.33380,2
0xe24a719b26155a59ab6a9852945d1b1c667f4c7b,2026-05-11T15:32:34+00:00,2026-05-12T03:34:37+00:00,2,0,0,93.55,93.55,185.69675,2
0xe24d5f230f1d9d19720acd79fe73fe02832805a8,2026-03-04T13:11:23+00:00,2026-03-07T12:37:51+00:00,2,0,0,53.265675,53.26,99.3318180040953650,2
0xe25a0511ab1d4ad716718a0668ec39127f3273a2,2026-05-16T21:57:34+00:00,2026-05-17T14:11:51+00:00,2,0,0,60.362166,60.36,119.8771129979637834,2
0xe25e95b934fc9a81f36d001309771fdbf1c3bfa7,2026-05-11T15:03:40+00:00,2026-05-12T04:55:56+00:00,2,0,0,82.27,82.27,163.30595,2
0xe26d028ccef5fdb5b4d84d8913f20f9f0df5e809,2026-05-17T05:32:38+00:00,2026-05-17T05:59:50+00:00,2,0,0,774.647833,774.64,1539.217466002,2
0xe27f71974938d1a32a48f03888b544a9c2ebd86b,2026-05-27T20:37:39+00:00,2026-05-28T09:03:37+00:00,2,0,0,49.04,49.04,97.39344,2
0xe2837a317fddd3fb82caffa1db15d151fc4b265b,2026-06-01T01:24:16+00:00,2026-06-01T01:24:16+00:00,1,1666.666666,0,0,0,9.9999989960000004,1
0xe28599b839bb4dbae0c2132f1fbf4a6564754ec6,2026-03-07T20:57:45+00:00,2026-03-12T11:57:11+00:00,2,55.636362,55.63,0,0,5.3364589978010964,2
0xe286bf1ba54cf0f322829ed70203c82c457444a5,2026-04-01T02:29:39+00:00,2026-04-01T06:26:57+00:00,5,940.00,940.0,0,0,72.38000,5
0xe2971c66105834c9b419bc4db540efcd3c089fd9,2026-05-27T04:24:19+00:00,2026-05-27T04:24:19+00:00,1,0,0,10.965666,0,10.8998719996137336,1
0xe29ac1ea94e43a9d65114822b20210a1ad385efd,2026-06-09T11:49:06+00:00,2026-06-10T20:53:37+00:00,2,0,0,101.5,101.5,202.2895,2
0xe29f7e553934a8701f11edf896d451d5494a8734,2026-06-06T09:58:22+00:00,2026-06-06T09:58:22+00:00,1,1000.0,0,0,0,5.0000,1
0xe2a0d8abc7c0f0c067d9a6fda551c53b9fbe4230,2026-05-17T00:20:33+00:00,2026-05-17T00:23:07+00:00,2,400.0,0,0,0,2.8000,2
0xe2a5a56b0ec6551e5802c255bed6927dbb3a20d0,2026-05-14T09:26:47+00:00,2026-05-14T09:29:18+00:00,3,1190.0,1190.00,0,0,19.04000,3
0xe2b44168f9c361a06a64ed3fe0e858634e883c5a,2026-05-06T11:29:34+00:00,2026-06-16T09:09:42+00:00,3,1083.59,83.59,0,0,3.25385,3
0xe2b8c719668daabb6edfabf035ae666a385c497e,2026-05-17T14:05:02+00:00,2026-05-18T06:41:44+00:00,2,0,0,100.704857,100.7,199.894323001,2
0xe2bb04d6d12a4e188379c13394099124bf40a4a0,2026-06-03T01:35:53+00:00,2026-06-16T21:19:37+00:00,2,166.666666,166.66,0,0,1.166658996000004,2
0xe2c646aecc84eb9c801b65e468ad37cc1a3c1135,2026-06-12T01:25:34+00:00,2026-06-12T01:25:34+00:00,1,0,0,1.775,0,1.769675,1
0xe2d7644c603852124615f4103be16c339a097b46,2026-03-07T17:03:43+00:00,2026-03-07T17:11:27+00:00,2,915.0,915.0,0,0,107.0550,2
0xe30d8d4d48e39a289ebd99c34d313ce95897e056,2026-05-03T09:04:42+00:00,2026-05-03T21:43:10+00:00,2,0,0,55.74,55.74,110.36520,2
0xe316f354517f14344aaac402e1366323bbc71766,2026-03-11T12:31:57+00:00,2026-06-15T08:45:34+00:00,9,36.585364,36.58,61.351852,61.35,123.2386719986352236,9
0xe31fb4284b74dfce1e12b1e33a15470ad74ec8e2,2026-03-29T12:47:34+00:00,2026-03-29T12:48:06+00:00,3,0,0,990.00,990.0,1871.10000,3
0xe326b983aaccd12f3cdcc982a4943faf2900446a,2026-05-11T03:07:46+00:00,2026-06-17T17:31:13+00:00,3,0,0,236.48,118.71,353.17569,3
0xe33d8871192ac0081328dda186020ddf4b6cb8f8,2026-04-10T10:04:25+00:00,2026-05-18T15:48:39+00:00,3,875.494069,875.49,0,0,27.0039190037668007,3
0xe3428286ef0b4bf50c05099f5e0aa1b18b652a23,2026-05-30T16:29:34+00:00,2026-06-03T13:54:21+00:00,2,1500.0,1500.0,0,0,16.5000,2
0xe3479950ef6e8984df109ec5c9be40630f9fb438,2026-01-31T09:00:24+00:00,2026-04-21T19:40:36+00:00,52,0,0,3643.0,0,3535.41548999960,52
0xe3650fa6bc8e95879c08f70fdc034bc0250f923b,2026-05-12T16:33:08+00:00,2026-05-13T04:27:07+00:00,2,0,0,84.6,84.6,168.1002,2
0xe369d106075762ae11c4caeea00ca87fad570515,2026-06-14T11:28:15+00:00,2026-06-14T11:28:15+00:00,1,500.0,0,0,0,1.0000,1
0xe36a6a2709dc72475d431e1bb33547a0a26e671d,2026-05-19T17:41:43+00:00,2026-05-26T20:06:49+00:00,35,0,0,30.706463,30.68,60.9198909999456044,35
0xe36addf3f66c5d1f147d441b42b2443f696b0831,2026-05-25T19:33:15+00:00,2026-05-26T06:00:01+00:00,2,0,0,56.338,56.33,111.935662,2
0xe36b7d2d597009758afb6e347b5bc903763c9c7e,2026-06-04T08:34:51+00:00,2026-06-04T10:59:13+00:00,2,0,0,10.04,10.04,19.98964,2
0xe3726a1b9c6ba2f06585d1c9e01d00afaedaeb38,2026-02-11T12:28:21+00:00,2026-06-09T16:43:06+00:00,486,0,61108.00,0,0,1286.216660002140,483
0xe37b908af4f6adbacf6371e80fc441523b31f708,2026-06-17T17:46:41+00:00,2026-06-17T17:46:41+00:00,1,500.0,0,0,0,1.0000,1
0xe3850ec8daef3bda9a02d3314f37a8333e18b0c4,2026-05-11T15:32:34+00:00,2026-06-16T18:34:52+00:00,1597,0,0,22791.240472,22791.233099,45230.7119009989566159,1597
0xe3a659dbcd25e4beafb5b2e54986185a75088e1a,2026-05-14T17:17:16+00:00,2026-05-14T19:17:18+00:00,2,0,0,174.944571,174.94,347.260439003,2
0xe3a7cb6954cbccf0334c753b0219680bd52e1979,2026-06-16T09:27:46+00:00,2026-06-16T09:27:46+00:00,1,1500.0,0,0,0,3.0000,1
0xe3b5a83687da031f4f8aed87f2daf554b439c0c2,2026-06-04T07:10:49+00:00,2026-06-04T08:36:21+00:00,2,0,0,10.6425,10.64,21.1867300,2
0xe3d75756b0cd5f918f57f3a488f8883ca50cf102,2026-06-04T11:43:06+00:00,2026-06-04T11:43:06+00:00,1,200.0,0,0,0,1.0000,1
0xe3db83b6f6cb8bdb07e685ced661bcdad9d52595,2026-06-09T10:56:00+00:00,2026-06-09T10:56:00+00:00,1,333.333333,0,0,0,0.999998999000001,1
0xe3e085d584be6cc4f17282b65d52cf5657064c3f,2026-04-02T08:46:47+00:00,2026-04-02T17:09:59+00:00,2,0,0,40.3,40.29,78.1320,2
0xe3ff9bc4ec746aca6e6c007ae8f764adee8de768,2026-05-29T15:04:41+00:00,2026-05-29T16:27:03+00:00,2,0,0,10.0502,10.05,19.9896490,2
0xe400d77aeff9e72fbab598f1a3d8d2c89ee9adda,2026-05-11T18:42:53+00:00,2026-05-11T19:49:00+00:00,2,0,0,52.426857,52.42,104.060509001,2
0xe4015e9024ec9c05029635b908f6a42aac26bd81,2026-05-17T12:13:38+00:00,2026-05-18T01:53:54+00:00,2,0,0,98.47,98.47,195.56142,2
0xe40240cf93137a3fa199ad897fb87db8cc88b2f9,2026-06-14T09:11:42+00:00,2026-06-14T09:11:42+00:00,1,0,0,1.001,0,0.999999,1
0xe40362b6d2c1eb1134da886f4c64f02f08f6e5a4,2026-04-25T13:56:54+00:00,2026-05-20T18:40:44+00:00,4,0,0,5273.97,5273.97,10420.64626,4
0xe41e404bfb205c6ab166fb780f91ae2131bb950d,2026-05-03T09:04:42+00:00,2026-05-03T19:41:44+00:00,2,0,0,292.54,292.54,579.22920,2
0xe44c2693a46bea9be5f1e4035315af38866295cd,2026-06-17T17:17:58+00:00,2026-06-17T17:18:55+00:00,2,2000.0,0,0,0,2.0000,2
0xe45bf613bd5a96a7f512251bd57dcce1947d0c4e,2026-04-17T09:28:02+00:00,2026-05-13T13:56:23+00:00,2,37.037036,37.03,0,0,1.2592100016296288,2
0xe4799dfd574f63c4e14068fdae62a3b3451fbc22,2026-06-02T11:44:49+00:00,2026-06-02T11:44:49+00:00,1,0,0,1.0752,0,1.0698240,1
0xe4903eacdaf9e1ee127a0a363c4e8074426bcbc0,2026-03-28T08:22:15+00:00,2026-03-28T08:22:15+00:00,1,15.873014,0,0,0,0.9999989994604216,1
0xe494816a5c94c04ebc822ea15552f5c48cd5a469,2026-06-11T12:43:15+00:00,2026-06-11T12:43:15+00:00,1,0,0,1.094376,0,1.0899980000287968,1
0xe4a758b961e657999f4645a76399d9a9836950ad,2026-05-03T06:34:14+00:00,2026-05-03T06:34:14+00:00,1,250.0,0,0,0,2.0000,1
0xe4b40d75a8aec9c5198564df662dbaf51dba874d,2026-04-29T14:13:40+00:00,2026-06-17T05:13:20+00:00,2464,0,0,45333.230213,45333.223142,89942.4299230076362870,2463
0xe4b7ce291b8fd1e594befa15b9b74dbf02af759b,2026-05-13T20:11:28+00:00,2026-05-13T20:23:33+00:00,2,0,0,5.04025,5.04,9.98952800,2
0xe4cfbb89c05d3429280c69969aee2cfb7a4678c4,2025-12-11T21:18:41+00:00,2026-03-30T21:23:43+00:00,27,0,0,980.484951,0,939.7654839999428200,27
0xe4d30dcae31c3e8fc6a42b990171369188ce3bc0,2026-06-09T12:14:31+00:00,2026-06-09T21:34:25+00:00,2,0,0,11.022,11.02,21.953836,2
0xe4deb9a815fc26d82730aa3a7d9296265911aaff,2026-05-11T15:03:40+00:00,2026-05-12T02:21:42+00:00,2,0,0,49.23,49.23,97.72155,2
0xe4e50c00913f4dd01d16b28a2cbac2079832ef73,2026-06-15T03:23:22+00:00,2026-06-15T16:01:54+00:00,25,0,1300.0,0,0,1.3000,25
0xe4f24d3db558aa1b6a660fcb5e259f36d696df93,2026-05-20T05:22:25+00:00,2026-05-22T02:20:56+00:00,2,0,0,227.593142,227.59,451.086500006,2
0xe4f8b2bff41725bc4a61e0eda092a29f3376b2cc,2026-05-20T20:44:55+00:00,2026-06-15T11:20:27+00:00,78,0,0,861.57,861.56,1713.13635,67
0xe4ff8a61396932ad480bdd720f677b66eaaa85ba,2026-04-29T14:13:38+00:00,2026-06-16T18:34:47+00:00,3033,0,0,36056.867057,36056.808182,71542.2628199984393721,3015
0xe5032558f335bfdb3e5992328de6713ea445badf,2026-04-12T22:53:13+00:00,2026-04-13T15:04:37+00:00,2,0,0,18.63,18.63,36.29124,2
0xe50f0a623efa2d65ebcca62c4b5f28bd45807394,2026-05-16T23:15:55+00:00,2026-05-16T23:34:33+00:00,2,0,0,6.0,6.0,11.9220,2
0xe5157a66729f362adbea1afc30dcb6e095803e99,2026-05-14T23:41:50+00:00,2026-05-14T23:41:50+00:00,1,200.0,0,0,0,1.6000,1
0xe51f35c39907fe129514e0bc0eec6e7696473b96,2026-03-15T19:04:03+00:00,2026-03-23T09:34:55+00:00,77,0,5.0,970.018043,0,934.9799680004315228,77
0xe54fb819b3932a89fceab1609c1a2d2172af6b5f,2026-04-29T18:12:30+00:00,2026-06-17T05:13:20+00:00,133,0,0,4530.673332,4530.667920,8986.0895950000147288,118
0xe55612dc257b7d7bcbcac100a37af45548393c57,2026-04-20T02:47:10+00:00,2026-04-20T03:21:38+00:00,2,0,0,975.0,975.0,1911.000,2
0xe558478b7dce58d0b66c2baa47942526177cd61c,2026-05-14T09:27:45+00:00,2026-05-14T09:30:01+00:00,3,1210.0,1210.00,0,0,19.36000,3
0xe55e9146c6d7ec89e27841c4e049312ff81d80a0,2026-05-14T18:17:21+00:00,2026-05-14T22:19:11+00:00,2,0,0,52.970714,52.97,105.146159002,2
0xe55f0cbc961144dea6109e6d4c6d4f26656511a4,2026-04-29T18:05:50+00:00,2026-06-10T14:54:21+00:00,141,0,0,4093.698242,4093.697176,8107.0857320007268683,128
0xe57ae69943bc3d341e2a726aae3946a3149ade6b,2026-06-15T03:57:52+00:00,2026-06-15T03:57:52+00:00,1,5000.0,0,0,0,10.0000,1
0xe582686912e8f492b6bccd4f1e337fc32ec9ae44,2026-05-19T08:52:03+00:00,2026-05-19T08:52:03+00:00,1,1250.0,0,0,0,10.0000,1
0xe58a3099641ffca7eb0a1bc2f5268f7cd9eb925f,2026-06-16T03:13:21+00:00,2026-06-16T03:13:21+00:00,1,0,0,32.952,0,32.919048,1
0xe58ebc77f8b02a41aa296a8a532be31bbfda27e5,2026-04-22T11:08:06+00:00,2026-05-13T08:16:11+00:00,2,0,0,179.36,179.36,354.41536,2
0xe592378a68a49d82ae0e1731d87fb00e767e580d,2026-04-30T19:00:08+00:00,2026-05-01T20:50:42+00:00,2,76.923075,76.92,0,0,1.5384389980769475,2
0xe5a44ad2466df6f0eac587fc13b9ea9733a3b9dd,2026-05-21T12:52:49+00:00,2026-05-21T13:21:17+00:00,5,0,0,290.00,290.0,573.9100,5
0xe5a64d1c4458c5c069c3ebdb60d88b318f85b77a,2026-05-17T12:20:10+00:00,2026-05-17T14:24:06+00:00,2,0,0,71.0,71.0,140.9350,2
0xe5a6b5e3d911edab5426e53f4ae3a23fbbb12156,2026-05-15T13:32:00+00:00,2026-05-15T13:58:03+00:00,2,0,0,2600.0,2600.0,5166.2000,2
0xe5a6c7612c74ef19da3dec009932a0e82986c18b,2026-05-13T01:37:25+00:00,2026-05-15T05:53:44+00:00,2,0,0,153.9235,153.92,305.6885990,2
0xe5aaeb16706007478f931574f8abd257b8a77b9c,2026-05-26T15:51:42+00:00,2026-05-26T15:51:42+00:00,1,0,0,15.965666,0,15.8698719992103002,1
0xe5b0adad73a2c18bc2646abd638b60799e780ce1,2026-05-21T12:27:30+00:00,2026-05-22T09:15:38+00:00,2,0,0,64.0,64.0,126.7840,2
0xe5b3d9f79935a9ee836cd529a6ca123ac9134d89,2026-05-28T23:59:30+00:00,2026-05-28T23:59:30+00:00,1,0,0,5.9396,0,5.9099020,1
0xe5c3312778e197de96071788049626fe285fd310,2026-05-17T19:24:45+00:00,2026-05-19T18:37:41+00:00,6,0,0,1299.991427,1299.99,2581.7815579814651416,6
0xe5cc081836b541cdb8b6d495b77ca69e06f6cae7,2026-04-26T18:46:52+00:00,2026-04-27T22:32:20+00:00,2,297.515293,297.51,0,0,9.4626500049986284,2
0xe5ce1a65c210e08d3ffbd94e28a61911700c7f3f,2026-03-03T15:27:45+00:00,2026-05-12T12:35:52+00:00,410,0,0,17194.053428,17194.049589,33288.9442230099387972,389
0xe5d09e18f0289a6eeb23564a61a4e9d5a77ffe50,2026-05-03T09:04:42+00:00,2026-05-03T20:25:32+00:00,2,0,0,106.95,106.95,211.76100,2
0xe5ec25b044439557e9c9495382f57a96f885fce1,2026-02-03T10:42:24+00:00,2026-02-03T10:43:58+00:00,2,0,0,16.78,16.78,32.65388,2
0xe5f737d6b597ad3f3a8f73d0c6201320932a6f09,2026-05-03T04:15:20+00:00,2026-05-20T19:49:41+00:00,3,19815.0,7315.0,0,0,209.7250,3
0xe5f7e1d2726edba20cab75ea76a7ed07e8e4db7b,2026-04-27T08:55:52+00:00,2026-04-27T09:55:02+00:00,2,0,0,36.0,36.0,70.8120,2
0xe60188c7c77b975353559f3592c62b5344ed0ffd,2026-06-10T12:12:12+00:00,2026-06-11T08:45:13+00:00,2,0,0,37.223333,37.22,74.0338929982776667,2
0xe62f83e9808a5eadcfa1e7a336db79ab6af04502,2026-04-07T17:57:39+00:00,2026-04-19T01:08:48+00:00,5,0,0,42.74,42.74,83.7704,5
0xe639e41094bbeae18f3e6d1790c17299183f082a,2026-06-10T12:37:42+00:00,2026-06-13T00:27:57+00:00,185,307559.421487,256553.722,66766.21,15760.52,84129.7485765647752272,184
0xe641a1284835c9da88949c4c293c4da8cb27abd3,2026-03-11T12:32:17+00:00,2026-04-17T11:25:24+00:00,7,36.585364,36.58,2.070382,0,5.3282579983820752,7
0xe6450bfcf0966ed7d298716d6fb9e5800fd6b9ac,2026-06-15T03:17:30+00:00,2026-06-15T03:17:30+00:00,1,0,0,38.328,0,38.289672,1
0xe6483f61bcf38f318c3638dbc912da6fd4372994,2026-04-27T13:42:54+00:00,2026-04-27T13:47:24+00:00,2,0,0,36.0,36.0,70.8840,2
0xe65ea689f1b97167f23bc18e1b741176e7842588,2026-06-08T07:55:24+00:00,2026-06-08T07:55:24+00:00,1,0,0,1.072,0,1.069856,1
0xe6667d2fa4997ed49f46b6d561fd5d710aa1bb23,2026-04-16T02:53:08+00:00,2026-04-16T04:07:38+00:00,2,0,0,208.12,208.12,407.118409999312,2
0xe666c64fae09dccbcd5cc488aa4774041118dcec,2026-06-07T18:19:00+00:00,2026-06-07T18:19:00+00:00,1,0,0,1.042,0,1.039916,1
0xe66c30d81c657c7da239eee4923bd914e9660ed6,2026-02-08T11:09:07+00:00,2026-03-17T07:21:41+00:00,2,41.666665,41.66,0,0,2.666399001666705,2
0xe6811c2d397b29b7bd6cf1b0639cf9e8f29e34e7,2026-06-17T10:20:41+00:00,2026-06-17T10:20:41+00:00,1,10000.0,0,0,0,10.0000,1
0xe6817684bc879c55c9b08d012dd8393a093db2fc,2026-05-26T13:10:42+00:00,2026-06-15T11:25:22+00:00,4,3314.285714,714.28,0,0,13.5713989980000004,4
0xe690f6928762a4d92d9c897ec1fe6da8ccf54d32,2026-06-17T14:38:11+00:00,2026-06-17T17:37:23+00:00,3,1800.00,0,0,0,3.40000,3
0xe6940b14e6652d9f2c6b774e3eb4b35ceeee7e7c,2026-03-16T16:19:31+00:00,2026-05-11T03:30:44+00:00,24,201.036576,214.83,0,0,16.6219119999429700,24
0xe6b0bc6fe28a31f3a2f9a2d7a69c25b23df0efd2,2026-05-12T16:53:19+00:00,2026-05-12T16:53:19+00:00,1,416.666666,0,0,0,2.4999989960000016,1
0xe6b10434f5203923669458917d14ccb889697b95,2026-06-01T06:52:24+00:00,2026-06-01T08:02:34+00:00,2,0,0,11.1154,11.11,22.1031630,2
0xe6bb5c9c9756cfd93e479db2b2020abf3420acb1,2026-06-14T08:22:33+00:00,2026-06-14T08:22:33+00:00,1,15000.0,0,0,0,30.0000,1
0xe6bd5847c168a0d6b182ff5be7a24742a2560f6d,2026-04-05T07:30:55+00:00,2026-04-19T13:10:34+00:00,2,0,24.0,0,0,0.4920,2
0xe6c11547edda2acb8b6b87773c74fdb4d676408c,2026-04-20T08:57:50+00:00,2026-04-20T09:03:08+00:00,2,270.0,0,0,0,4.8600,2
0xe6c425a95ad35f95f940a9e4bb7c0482335ad28e,2026-06-11T04:59:43+00:00,2026-06-11T04:59:43+00:00,1,10.0,0,0,0,0.0300,1
0xe6d53d8ff4ad84669ff6e57927b531717e75bd41,2026-05-29T02:42:18+00:00,2026-05-29T02:42:18+00:00,1,833.333333,0,0,0,4.9999989980000004,1
0xe6d6287af91d23768d69641f9ae7aa1e840358f0,2026-04-05T12:24:47+00:00,2026-04-09T08:27:27+00:00,2,250.0,250.0,0,0,12.0000,2
0xe6e0ca2472c9e03ebfff33c6599c550534c51120,2026-05-16T17:21:11+00:00,2026-05-16T17:21:11+00:00,1,714.285714,0,0,0,4.9999989980000004,1
0xe6ea6fc3250fd6f1dc2a1e14aab255cc61afc4c7,2026-06-09T17:34:04+00:00,2026-06-10T01:08:42+00:00,2,16990.69875,0,0,0,126.010000367923125,2
0xe713b55973e008ac16091c3ac01ed8c71aa2af20,2026-05-28T21:30:57+00:00,2026-05-30T21:49:44+00:00,2,19999.999999,0,0,0,119.9999989940000001,2
0xe71d6260957813959c9458e54bec635c463be90a,2026-05-31T07:34:33+00:00,2026-05-31T08:46:50+00:00,2,0,0,12.7236,12.72,25.3036620,2
0xe71faf9562e3fbfafbd9279cdac0ddfd1c031cd6,2026-06-09T19:38:25+00:00,2026-06-09T19:38:25+00:00,1,0,0,1.0752,0,1.0698240,1
0xe7262b3a5cbaa2a1a5c62a4f57d546e4f174dda0,2026-04-24T08:01:14+00:00,2026-04-24T08:01:14+00:00,1,0,0,1.486722,0,1.4599609999858506,1
0xe73d3ed9eb0e495e1ff2811c75f8719b6fb677a6,2026-06-14T15:33:45+00:00,2026-06-14T15:33:45+00:00,1,0,0,2.084,0,2.079832,1
0xe742fc670d8d5048dd9fc19f624f8b409542ea19,2026-06-08T18:33:10+00:00,2026-06-08T18:33:10+00:00,1,333.333333,0,0,0,0.999998999000001,1
0xe7461f0c8540ddf4154a307f951b0e8083e2450c,2026-05-27T09:30:17+00:00,2026-05-30T16:36:31+00:00,2,309.523808,0,0,0,1.999997990000010,2
0xe752ad79788fb8ae4ed46671978ae569ebb8b838,2026-06-06T04:00:43+00:00,2026-06-06T05:44:18+00:00,4,0,0,1117.130666,1117.13,2226.4407540004473667,4
0xe752edb3d51c39931f77d13065975800874f86d5,2026-06-13T10:45:36+00:00,2026-06-13T10:45:36+00:00,1,0,0,34.689,0,34.619622,1
0xe75448d17d5414ee34f626b81e5e54f1227f19f4,2026-03-31T20:46:31+00:00,2026-03-31T20:46:31+00:00,1,100.0,0,0,0,4.000,1
0xe7572f81aff6dc368fd1cad78a5907b6900370db,2026-02-03T10:42:24+00:00,2026-02-03T10:44:16+00:00,2,0,0,17.28,17.28,33.62688,2
0xe759a623a019b0ab689026eaa10355c82effe388,2026-06-17T14:06:55+00:00,2026-06-17T14:06:55+00:00,1,6565.0,0,0,0,13.1300,1
0xe761090e9b3477a1d6ff7a0c350b42e12f67274c,2026-06-15T13:37:57+00:00,2026-06-15T18:07:57+00:00,2,1500.0,0,0,0,2.0000,2
0xe76a4752ccc8bb3937f5cf62b4aa40ef4c0d5cb4,2026-03-22T09:54:51+00:00,2026-06-05T11:34:37+00:00,5,498.737372,498.73,0,0,13.7384679934545560,5
0xe770c961cf3a4d3313c5a0d7e7ba6e096e408276,2026-04-15T06:43:40+00:00,2026-04-15T08:48:22+00:00,4,0,0,10.271739,10.27,20.0029639999049710,4
0xe779e7095c944f1b44b87aee3f5e729e4e5dcd62,2026-05-30T17:46:33+00:00,2026-06-06T11:02:45+00:00,2,0,0,14.0702,14.07,28.0135690,2
0xe77cf96fb47969f5bb9b7d3f52ab818cf25df2be,2026-05-26T11:48:53+00:00,2026-05-26T11:48:53+00:00,1,1345.714285,0,0,0,9.4199990530000005,1
0xe7837bea33b91dac11ec700633efb156108730e9,2026-06-13T10:39:36+00:00,2026-06-13T10:39:36+00:00,1,333.333333,0,0,0,0.999998999000001,1
0xe7889e994282bb732c2fc44861300fa0d2c3736b,2026-05-27T08:52:31+00:00,2026-05-29T18:31:21+00:00,4,6003.25,0,0,0,39.45559,4
0xe7b26c12a82b2c7d62b7cd58588da8efd309222d,2026-05-13T11:06:03+00:00,2026-05-13T11:06:03+00:00,1,1428.571428,0,0,0,9.9999989960000004,1
0xe7b27b191475deafa039d13513129e194c1d639e,2026-03-18T15:47:25+00:00,2026-03-18T15:51:41+00:00,3,200.0,200.0,0,0,13.0000,3
0xe7b899bd913c7263cbfb23f8f201550db70d7739,2026-03-07T18:51:11+00:00,2026-03-07T19:25:27+00:00,4,854.0,854.0,1485.0,1485.0,2895.9500,4
0xe7bd5cd32149a665c163718bb6678ee3a44275f8,2026-05-17T23:20:18+00:00,2026-05-18T10:33:12+00:00,2,0,0,55.24,55.24,109.59616,2
0xe7d34f76bf0ced7872950bb9ebf92d0b1f451adf,2026-05-28T00:00:44+00:00,2026-05-28T00:00:44+00:00,1,0,0,11.207166,0,11.1399229995171336,1
0xe7d702f3804f5f5ee5a42a8a29f611cbecfe7906,2026-06-07T22:55:18+00:00,2026-06-08T13:27:42+00:00,2,0,0,8.016,8.01,15.985938,2
0xe7d8c36c1630025d5c8ad9cdf2bba16095a25b9d,2026-05-17T05:20:52+00:00,2026-05-17T05:20:52+00:00,1,1000.0,0,0,0,7.0000,1
0xe7d9de8980ac8e9ac487926b9c819a6a370006a3,2026-05-23T10:44:57+00:00,2026-06-17T13:21:10+00:00,205,88394.21,1467.42,0,0,361.15159,205
0xe7dcec7f4f10d71c0d1d1571a4463ebac9f1a4b1,2026-05-03T09:04:42+00:00,2026-05-03T22:12:02+00:00,2,0,0,94.35,94.35,186.81300,2
0xe7f2ea07739e50811e17faa7b33ea6487ffbb0da,2026-02-28T14:10:21+00:00,2026-03-14T06:22:13+00:00,2,0,0,2.028357,2.02,3.971479999971643,2
0xe7fd4670e91ca369ba0d306ebcca6f3a50d9c335,2026-05-23T21:17:02+00:00,2026-05-24T14:28:16+00:00,2,0,0,72.7272,72.72,143.992728,2
0xe80334ade376f33f0562d321e14106a7e69eb73d,2026-05-22T04:07:10+00:00,2026-05-22T04:07:10+00:00,1,110.0,0,0,0,1.100,1
0xe80966cdb1896814583d55b2c23c54cc1bf78eb3,2026-05-13T12:38:22+00:00,2026-05-14T01:16:59+00:00,2,0,0,112.48,112.48,223.16032,2
0xe81e7343385cc2343d088b185cc5e78931c28e30,2026-01-30T21:24:54+00:00,2026-02-01T06:09:06+00:00,6,0,0,30.0,29.99004,56.010397999460632,5
0xe82062ef8fc55401d5c1c4b16dc0f999ab3f063b,2026-05-13T04:34:40+00:00,2026-05-13T04:44:56+00:00,3,1400.0,1400.00,0,0,19.60000,3
0xe821d597d53bb282e03bcc63fde018c8f6b9b27e,2026-03-23T03:14:13+00:00,2026-06-13T04:45:45+00:00,2117,345626.965285,345636.889006,234.676665,234.648049,8376.3493988931603208,1979
0xe82768acff577f30afb2ecd6c892d2ad94638463,2026-06-17T17:15:37+00:00,2026-06-17T17:15:37+00:00,1,30000.0,0,0,0,30.0000,1
0xe848d3807fc18e162d222b9cb14f91a9a1d96220,2026-05-17T06:12:30+00:00,2026-05-17T08:26:26+00:00,2,0,0,1328.0,1328.0,2638.7360,2
0xe8506b81de3165c4bf22acc171940d34d17e8228,2026-04-30T11:41:56+00:00,2026-04-30T11:41:56+00:00,1,285.714284,0,0,0,3.9999990045714344,1
0xe85c0580508636c0d47c89ff55cf11c7276ded6b,2026-02-16T18:47:15+00:00,2026-04-22T01:55:56+00:00,43,1865.735572,1865.7335,0,0,77.9282070174123389,41
0xe8769037d8a6a39c3c6b3e3e235fbb73361b87b5,2026-05-16T18:03:41+00:00,2026-05-16T18:27:08+00:00,2,0,0,96.87,96.87,192.38382,2
0xe883641607beb4519ddf0c977e04a36610f1987d,2026-05-26T07:10:52+00:00,2026-05-28T05:42:11+00:00,2,0,0,61.368166,61.36,121.9304369978631834,2
0xe89936c13072ce699991a3f7c25e7ef64a797585,2026-05-03T09:04:42+00:00,2026-05-03T22:09:18+00:00,2,0,0,126.61,126.61,250.68780,2
0xe8a70b3ccb8228f5c14e4d72acaf520c982c0b22,2026-06-14T09:16:57+00:00,2026-06-14T09:16:57+00:00,1,0,0,1.001,0,0.999999,1
0xe8bbc6208abfde2b4a4277e31c2179d51360fa8e,2026-05-27T11:38:35+00:00,2026-05-28T00:33:29+00:00,2,0,0,87.81,87.81,174.39066,2
0xe8c533d40fe8c7b05a65cb1a6b5f73ada52f42a1,2026-06-05T07:56:00+00:00,2026-06-05T07:56:00+00:00,1,300.0,0,0,0,1.2000,1
0xe8dd7741ccb12350957ec71e9ee332e0d1e6ec86,2025-12-11T08:03:11+00:00,2026-05-28T07:09:10+00:00,1329,0,0,368250.671708,0,358321.1661029466041009,1258
0xe8e058f4cad2548d424447af9d6917ae8c08f5db,2026-06-11T09:32:40+00:00,2026-06-11T09:32:40+00:00,1,0,0,1.034135,0,1.0299980000167520,1
0xe8f38463f9282f4f31e485b8d3546d51aacc9d94,2026-05-13T12:38:22+00:00,2026-05-14T00:41:09+00:00,2,0,0,52.76,52.76,104.67584,2
0xe8f399c1330ae05092c619522b4390c39975008f,2026-04-02T01:09:53+00:00,2026-04-02T09:22:27+00:00,2,0,0,57.16,57.16,110.71892,2
0xe9076a87c5ed90ef16e6fe6529c943baeca0cff6,2026-04-29T11:05:28+00:00,2026-06-16T23:29:17+00:00,639,1207109.059192,248258.98,0,0,5035.8681536307437059,639
0xe90fbf7a7dd070346d24016236f1d35d9b887635,2026-05-22T15:51:04+00:00,2026-05-22T15:51:04+00:00,1,111.111111,0,0,0,0.999998999000001,1
0xe90fd59954a25d78144e01e410e3660f766dcf80,2026-05-27T13:11:17+00:00,2026-05-28T01:00:54+00:00,2,0,0,86.4,86.4,171.5904,2
0xe91c26f4e805a0fc59baee3c339dc8ba857658e1,2026-05-27T22:16:21+00:00,2026-05-27T22:16:21+00:00,1,0,0,354.295666,0,352.169892004,1
0xe929d9aa6dbff66a94a914ecce9455e95259b354,2026-03-18T12:10:23+00:00,2026-03-18T12:10:23+00:00,1,0,0,1.040564,0,0.9999820000458568,1
0xe92ee7d3cb8a93c222997591c4aeb7840876b377,2026-06-02T18:37:08+00:00,2026-06-02T18:37:08+00:00,1,283.333333,0,0,0,1.6999990063333345,1
0xe94066886bbb74f05760801a16937707fdfce4c5,2026-05-13T04:21:10+00:00,2026-05-13T04:26:30+00:00,8,1390.0,1390.00,0,0,19.46000,8
0xe9487c33bbe602115144d8e68a63d9caf4607139,2026-06-06T06:45:04+00:00,2026-06-06T06:57:06+00:00,4,1000.0,0,0,0,4.0000,4
0xe953eaf4427bc7b921565f3cae4c6119207b58e4,2026-05-17T23:57:47+00:00,2026-05-25T21:39:43+00:00,4,0,0,323.184289,323.18,641.5317379957311238,4
0xe95bee603ccaaa30fa543438423afc7d19e3dbe4,2026-06-08T08:19:06+00:00,2026-06-11T15:07:58+00:00,2,0,0,8.016,8.01,15.969918,2
0xe991b798bc539cecc2bbe76c9449c22c7f127421,2026-04-24T08:01:18+00:00,2026-04-24T08:01:18+00:00,1,0,0,3.523388,0,3.4599670001447540,1
0xe99ff60bf27a6f8c6441374446032d58f97a7ce9,2026-04-07T04:53:59+00:00,2026-06-09T10:03:58+00:00,8,8940.549067,6273.88,0,0,134.3693979543529444,8
0xe9b72cca6799bd2dd75087ba52d959cd4f4e8030,2026-04-13T01:25:59+00:00,2026-04-14T06:54:37+00:00,4,0,0,2.07,2.0,3.92564,4
0xe9c403accf3a8f00cc41e9679131df15149c0836,2026-03-15T19:02:53+00:00,2026-03-15T19:02:53+00:00,1,34.090909,0,0,0,1.4999999994090909,1
0xe9f5c442d2066d5c3aaf65dcafb5b01d70573598,2026-05-17T12:20:10+00:00,2026-05-17T23:06:18+00:00,2,0,0,101.71,101.71,201.99606,2
0xea0e7b6c58316beb4fa57ba65c314e8fc8d0345a,2026-04-11T06:26:53+00:00,2026-04-24T01:47:14+00:00,4,18.5,18.5,0,0,0.6840,4
0xea21add51617b270dec4b46e50d0907a3adb6615,2026-06-08T06:08:25+00:00,2026-06-08T06:49:42+00:00,3,0,0,501.002,501.00,999.997996,3
0xea2e8e074ed1088414ebe555bba639e7a1f0dc51,2026-05-29T14:24:52+00:00,2026-05-29T14:24:52+00:00,1,2000.0,0,0,0,12.0000,1
0xea3091db0827ec2f6aae7e789159412eede94e82,2026-05-14T13:46:12+00:00,2026-05-15T11:26:13+00:00,6,0,0,23.145617,23.14,45.9706740000173345,6
0xea353fa5e614e2a9b4ad43b1e379a518ab764dc3,2026-04-13T23:36:17+00:00,2026-04-30T19:50:52+00:00,2,412.393159,0,0,0,5.9999990173504871,2
0xea35f2f05379e6f9d0442c21708fd2684f82e42f,2026-03-30T12:04:16+00:00,2026-04-13T08:38:05+00:00,5,198.754705,72.50,0,0,9.3436980008033114,5
0xea36547554f1a944f65365656bf8d73443f38718,2026-06-17T15:11:47+00:00,2026-06-17T15:11:47+00:00,1,25000.0,0,0,0,25.0000,1
0xea4102970cfd13da17607b72efff273dd229556a,2026-05-11T21:08:08+00:00,2026-05-11T23:10:36+00:00,2,0,0,196.727,196.72,390.496151,2
0xea5426e4221994e4089403359d4c42f88de5b997,2026-05-11T08:17:51+00:00,2026-05-11T08:17:51+00:00,1,142.857142,0,0,0,0.999998994000006,1
0xea5609e31f9a19e6ca3b4a0fb88759712d24e908,2026-04-11T02:46:03+00:00,2026-04-11T02:46:03+00:00,1,58.823528,0,0,0,0.9999999995294112,1
0xea7e08fccce95626bacad3c5c05808d974438603,2026-04-29T21:03:44+00:00,2026-05-12T14:57:21+00:00,2,225.490195,0,0,0,1.9999979948823639,2
0xea809204cdb0679bf7b27c47e3b6bb29a9f9da9b,2026-06-13T01:58:18+00:00,2026-06-13T01:58:18+00:00,1,0,0,1.042,0,1.039916,1
0xea838f095375ff98902efff78b7208c40c68e3a2,2026-05-31T09:50:27+00:00,2026-05-31T12:13:15+00:00,2,0,0,10.0502,10.05,19.9896490,2
0xea8f59bd61dba54dfcfe2245f5a20d682ec46a4a,2026-05-03T09:04:42+00:00,2026-05-03T20:32:34+00:00,2,0,0,52.41,52.41,103.77180,2
0xea9a968b9d356f731e67aa123f73f19218b365d8,2026-05-21T16:04:39+00:00,2026-05-21T16:04:39+00:00,1,4555.148181,0,0,0,49.9999998937754253,1
0xeaa1ed3ebe309318bbb0ec3bef241f72e9b2bf72,2026-05-17T02:07:12+00:00,2026-05-17T02:30:17+00:00,2,0,0,7.042166,7.04,13.9906329997747004,2
0xeaa9f778af81ad4dcee225a18c59a7579b1d5ceb,2026-06-10T23:29:45+00:00,2026-06-14T20:13:33+00:00,2,0,0,14.042,14.04,28.011794,2
0xeaacb85b432f1baf35f4c8a8243195a8732da678,2026-05-28T01:04:36+00:00,2026-05-28T01:04:36+00:00,1,0,0,15.0,0,14.9100,1
0xeab10c32f1b93853fcfc196b722f3f6023153817,2026-06-12T06:31:55+00:00,2026-06-12T06:31:55+00:00,1,0,0,1.033,0,1.029901,1
0xeab3e0e5043df018a3c1dbab7c9d04523f7e36e9,2026-06-11T11:25:55+00:00,2026-06-11T11:25:55+00:00,1,0,0,1.063,0,1.059811,1
0xeacbba9a650121c9ee2dc9631f148b7ece30f945,2026-05-19T12:58:58+00:00,2026-05-21T14:39:06+00:00,2,0,0,111.782428,111.78,221.662151004,2
0xead160455279a08cbe0d45089d444ed2788d3233,2026-05-01T22:30:58+00:00,2026-05-01T22:30:58+00:00,1,333.333333,0,0,0,2.999998997000001,1
0xeadfc0c5f2ee66e04462fb305204924ea71eb29e,2026-05-27T20:37:39+00:00,2026-05-28T07:29:56+00:00,2,0,0,118.42,118.42,235.18212,2
0xeae325f38fdf77f044a2e6fd56262cdc44f5ef57,2026-03-07T17:03:43+00:00,2026-03-07T17:11:27+00:00,2,688.0,686.0,0,0,80.3780,2
0xeae40566048adb5b4cdbb4baedbddc6044414434,2026-06-03T19:38:58+00:00,2026-06-03T22:41:39+00:00,2,0,0,34.4924,34.49,68.6029980,2
0xeae43e9ba1c5d833adc1c99a3aa5c0fcc596ad95,2026-05-30T22:19:24+00:00,2026-05-30T22:19:24+00:00,1,833.333333,0,0,0,4.9999989980000004,1
0xeae6dbf17fbb3b3471f465602ea71896e0285176,2026-03-07T17:03:43+00:00,2026-03-07T17:11:27+00:00,2,1112.0,1112.0,0,0,130.1040,2
0xeae83d1e59d5f91f8e7603008242bb742794e1b6,2026-05-26T14:42:06+00:00,2026-05-26T14:44:42+00:00,2,0,0,200.0,200.0,397.4000,2
0xeae9a03589b5f7d267921d6c6e64ad3f243f7886,2026-05-31T02:50:27+00:00,2026-05-31T04:04:26+00:00,2,0,0,10.633,10.63,21.146055,2
0xeaeaab5b26f76e2a27d34dd5ed45cac344991d63,2026-05-16T16:25:11+00:00,2026-05-16T16:38:06+00:00,2,0,0,5.030166,5.03,9.9947749999758672,2
0xeaec3d68a1ba17c8811ccb926cd463557ee62591,2026-05-30T14:04:49+00:00,2026-05-30T14:07:48+00:00,2,0,0,211.0,211.0,419.6790,2
0xeaef09a3a6223e77387e9fcb77d830f16a7ad242,2026-05-27T03:40:20+00:00,2026-05-27T03:40:20+00:00,1,142.857142,0,0,0,0.999998994000006,1
0xeaf2388724ddd244e8b3820674f6c1f69d8f9b11,2026-06-16T00:04:39+00:00,2026-06-17T13:21:14+00:00,2,424.0,389.0,0,0,1.2370,2
0xeb026eb5fe32962a089e1f1d71c23d157a47ad92,2026-06-01T12:20:56+00:00,2026-06-01T12:20:56+00:00,1,166.666666,0,0,0,0.999998996000004,1
0xeb035066e10df642b616e3d38723727b9eed5d15,2026-05-02T07:59:08+00:00,2026-05-06T12:14:58+00:00,2,500.0,500.0,0,0,8.0000,2
0xeb05ae0fa60ad3db9ae75403d414adaff39a5886,2026-05-11T03:07:46+00:00,2026-05-11T15:05:09+00:00,2,0,0,117.1,117.1,232.6777,2
0xeb2090bf79f39559e7be0b6185ed8fb31cf7a80f,2026-05-18T14:36:47+00:00,2026-05-18T14:36:47+00:00,1,125.0,0,0,0,1.0000,1
0xeb25091fec6cf353590c52f9efb22a2e1c213987,2026-03-08T22:18:03+00:00,2026-03-08T22:28:01+00:00,3,1089.0,1089.0,0,0,117.6120,3
0xeb41db1b2f13a5b963b9f9949002fb97e5c57a23,2026-03-22T16:20:25+00:00,2026-03-22T16:20:25+00:00,1,117.647057,0,0,0,3.999998996823544,1
0xeb425f309f4c6b179736ae39953da2045f16ba47,2026-03-28T05:56:49+00:00,2026-03-28T05:57:51+00:00,3,0,0,998.00,998.0,1872.24800,3
0xeb6e07fe4e1620095d6caf228f7dd772ba2cbfd9,2026-06-02T11:29:26+00:00,2026-06-03T07:40:30+00:00,4,0,0,37.839,37.83,75.252825,4
0xeb6f0a13ea8c5a7a0514c25495adbe815c1025f0,2026-03-20T14:00:59+00:00,2026-06-09T13:08:57+00:00,438,223399.3670,223399.362664,0,0,2283.0627970159626871,436
0xeb75156f5f9fc7bb4c7f6be0123123c1b61d79aa,2026-05-28T03:15:34+00:00,2026-05-28T06:16:26+00:00,2,0,0,450.0,450.0,894.1500,2
0xeb776e1e79a074ebd8f89d28acd71ee2a05f5fe9,2026-05-26T15:41:27+00:00,2026-05-26T15:41:27+00:00,1,0,0,16.790666,0,16.6899220006418668,1
0xeb84baf7fc0697d860587433fba6e33416915685,2026-05-23T21:28:14+00:00,2026-05-23T21:28:14+00:00,1,90.909089,0,0,0,0.9999989971818388,1
0xeb984adf3669c6f1dd653eb945eba1841fa3d29a,2026-06-05T23:32:24+00:00,2026-06-06T02:20:00+00:00,2,0,0,8710.0,8710.0,17359.0300,2
0xeba918be849edc07f8f86607bf4b40155579b1a8,2026-06-13T20:03:07+00:00,2026-06-13T20:03:07+00:00,1,333.333333,0,0,0,0.999998999000001,1
0xeba9d0a3cc674a1707f1c6a9b860177b8eb77fea,2026-05-27T22:16:01+00:00,2026-05-28T09:43:32+00:00,2,0,0,50.75,50.75,100.78950,2
0xebb27d6e2614fe0b0f0e395460d27964d982c640,2026-02-01T22:33:50+00:00,2026-03-03T16:20:17+00:00,2,46.511626,46.5,0,0,3.8134990017209678,2
0xebbd73503f80f9e685d34e357ad0152d1e35eb2d,2026-06-14T15:16:36+00:00,2026-06-14T15:16:36+00:00,1,0,0,2.004007,0,1.999998000028556,1
0xebc09606bf0e6fc0d70020a371f0b7637fd88ed9,2026-05-31T03:05:59+00:00,2026-05-31T04:03:16+00:00,2,0,0,12.3516,12.35,24.5657420,2
0xebc0df15e665da95bf819105b723ae90042ffa41,2025-12-11T21:18:41+00:00,2026-03-18T21:14:03+00:00,24,0,0,550.550797,0,534.1408459972224747,24
0xebc3c577df7caf2911027f37bb6e40ecf585f2ed,2026-05-31T07:46:03+00:00,2026-05-31T09:14:03+00:00,2,0,0,15.0854,15.08,29.9994930,2
0xebc427542e8f9b315c5d3411956f61ada0bcc45f,2026-05-30T15:26:31+00:00,2026-05-30T17:38:07+00:00,2,0,0,10.0502,10.05,19.9896490,2
0xebc95608eb11ab482e2336fe08e67171ee21cc58,2026-06-11T04:59:51+00:00,2026-06-17T15:50:41+00:00,2,0,0,1.29388,1.29,2.578708000042584,2
0xebd4ae4017a33c26af19e05fb96cc9b3c383946e,2026-06-07T16:04:04+00:00,2026-06-11T01:42:06+00:00,4,49174.309047,23333.33,0,0,296.1951493499349216,4
0xebd7aed3a1cd73dda0f27a0e978401401fbfe21a,2026-06-13T13:51:24+00:00,2026-06-13T13:51:24+00:00,1,0,0,1.002,0,0.999996,1
0xebdc25a828e75e8b0336ec5e71d094c73dae19fd,2026-06-16T23:38:53+00:00,2026-06-16T23:38:53+00:00,1,500.0,0,0,0,1.0000,1
0xebea416ecbc27b3915956a210480a12ea566eabc,2026-06-16T22:44:56+00:00,2026-06-16T22:44:56+00:00,1,25000.0,0,0,0,50.0000,1
0xebf1537714601d613561f687d5b76112e8f93f2c,2026-04-12T23:44:19+00:00,2026-04-29T18:14:34+00:00,4,11407.13,10432.74,0,0,462.232040423993,4
0xebf8698b6b61025c8a230c75a2a692a1537992b8,2026-05-19T10:14:56+00:00,2026-06-07T15:50:01+00:00,15,0,0,38111.0,38111.00,75671.7603700000,15
0xebfb80ac6d52637a8b7ac10faa5433ae312cba26,2026-06-05T14:47:36+00:00,2026-06-05T14:47:36+00:00,1,1250.0,0,0,0,5.0000,1
0xec1b891a82e709f42674e96c716b7374f881cb8e,2026-05-14T09:13:27+00:00,2026-05-14T09:14:36+00:00,3,2420.0,2420.0,0,0,36.3000,3
0xec1e6eafffd999bf93f53ff26801c49fd30827ae,2026-06-03T21:25:46+00:00,2026-06-04T06:38:34+00:00,2,1666.666666,1666.66,0,0,16.6666389960000004,2
0xec2060bceeb4c2e803cec5b3963ddfe7800b3fb6,2026-06-17T13:27:44+00:00,2026-06-17T13:27:44+00:00,1,1000.0,0,0,0,2.0000,1
0xec4df5c2504318b4f3c948296736ff66b5c91251,2026-05-27T17:05:59+00:00,2026-05-27T17:05:59+00:00,1,142.857142,0,0,0,0.999998994000006,1
0xec59c78e9f8311c0ecb27ea824e88915290b774b,2026-05-19T18:06:37+00:00,2026-05-19T18:06:37+00:00,1,125.0,0,0,0,1.0000,1
0xec5c77702287aee299267da1391c3172b876ebc5,2026-05-26T13:19:16+00:00,2026-05-26T13:19:16+00:00,1,0,0,72.5955,0,72.1599270,1
0xec64968389eabc62fb2dc3984b9462437167f26c,2026-06-09T09:06:04+00:00,2026-06-09T09:06:04+00:00,1,0,0,1.072,0,1.069856,1
0xec6608c4ee4dce098724e6476332a68aa5494966,2026-03-07T18:04:17+00:00,2026-03-07T18:13:57+00:00,2,0,0,1101.0,1101.0,2075.3850,2
0xec6ead29bb29a53bc8d68232addcdd8e8cec7d6f,2026-05-29T22:16:05+00:00,2026-05-30T04:50:50+00:00,2,0,0,14.0702,14.07,27.9854290,2
0xec816edc73fbbf09d85c4d099ba3ba2397ccdaf2,2026-06-15T20:14:57+00:00,2026-06-15T20:14:57+00:00,1,418.0,0,0,0,0.8360,1
0xec829edacf53dad6fdfb89f752ca7b8004a26eaa,2026-01-30T17:22:38+00:00,2026-06-15T13:19:52+00:00,458,17162.759471,17162.751135,0,0,819.8656779980869208,454
0xec8d9974c8248283de5abe6a00cb75584e11e83a,2026-05-09T20:41:04+00:00,2026-05-09T20:41:04+00:00,1,142.86,0,0,0,1.00002,1
0xec973616acf4d9727b3578caeb6d80e5832c2fbd,2026-03-05T13:05:03+00:00,2026-06-15T09:23:40+00:00,3,0,0,2.113208,2.11,4.1057689999407519,3
0xecad623b574b112ccfa67d47610908a8ce8057e9,2026-05-21T13:42:38+00:00,2026-05-21T13:42:38+00:00,1,1000.0,0,0,0,10.000,1
0xecc541701a45f5a08ff53a67a832ce7e87e6d41e,2026-05-19T23:59:09+00:00,2026-05-19T23:59:09+00:00,1,0,0,26.586101,0,26.399998000552889,1
0xecf855f7b11faed29df49ca988ccb3ecb0228a6f,2026-02-19T09:53:24+00:00,2026-02-19T15:25:38+00:00,2,0,0,12.89,12.89,25.34174,2
0xecf8d25cfdc323791eaed550793ca1465342f024,2026-05-16T18:03:41+00:00,2026-05-17T04:39:34+00:00,2,0,0,94.66,94.66,187.99476,2
0xed04fe9f197e9d25f7f2e2603ce99d78262d7eb0,2026-04-30T17:40:50+00:00,2026-04-30T17:40:50+00:00,1,416.666665,0,0,0,4.999999980,1
0xed148966d2bd0976498f3a4b49e99d82fb700d01,2026-06-16T23:39:13+00:00,2026-06-16T23:39:13+00:00,1,0,0,65.985,0,65.919015,1
0xed18720501536e6962ed6fd4216832497550e9d8,2026-05-10T22:27:04+00:00,2026-05-10T22:29:23+00:00,2,166.666666,166.66,0,0,1.833298996000004,2
0xed1c8af0782d5ec8bbd29e5deb18b54f7fb1d11a,2026-05-03T09:04:42+00:00,2026-05-03T19:54:16+00:00,2,0,0,58.26,58.26,115.35480,2
0xed3c0cdacbdf0b580b516b77eeacbb756a658ae5,2026-06-10T18:18:58+00:00,2026-06-10T18:18:58+00:00,1,250.0,0,0,0,1.0000,1
0xed3ff913e017282b4422e117f566ce193e5cc5c6,2026-05-13T08:20:32+00:00,2026-05-14T13:09:55+00:00,2,0,0,147.887166,147.88,293.696803004,2
0xed40fd8b5cc32a3df80459b6e2b805d44498085a,2026-06-04T07:22:13+00:00,2026-06-04T07:22:13+00:00,1,200.0,0,0,0,1.0000,1
0xed5d4a5ba72bd115dd73ac4579b386ed24dc9512,2026-05-16T13:31:14+00:00,2026-05-17T01:15:09+00:00,2,0,0,120.84,120.84,239.98824,2
0xed5db890a55a0ac383454c80f11a3e146c7cb81f,2026-06-04T15:33:45+00:00,2026-06-04T15:33:45+00:00,1,1600.0,0,0,0,8.0000,1
0xed6164987d25dbbadcce7bb159199cec90a04ede,2026-03-05T02:06:49+00:00,2026-03-13T10:52:03+00:00,26,0,0,5.00,5.00,9.66500,26
0xed7a135b04cd36d6d45891a43f12427e2dfe3119,2026-05-15T08:16:22+00:00,2026-05-15T08:41:27+00:00,2,0,0,7.042166,7.04,13.9906329997747004,2
0xed856be29d1952965c70d9b0607d7b86ed10f876,2026-06-05T02:01:15+00:00,2026-06-08T06:45:01+00:00,3,100000.0,0,0,0,350.0000,3
0xed88fd95f6c6981b4e077371ca3a4b7dc8f50dfd,2026-04-22T23:20:28+00:00,2026-04-30T10:16:38+00:00,78,4223.982230,4222.991108,0,0,137.1985449979553413,76
0xed89c0a75bc0352efe97a2c6925ba8d6e487647b,2026-04-02T16:52:11+00:00,2026-04-13T08:26:31+00:00,2,5.0,5.0,0,0,0.3400,2
0xed89d0d85f3cb327cf896dba661988774f7300eb,2026-04-16T02:53:06+00:00,2026-04-16T04:07:40+00:00,2,0,0,172.51,172.51,337.369969991457,2
0xed962438d8a500efcc6c02898764794ad32607d4,2026-03-28T05:20:37+00:00,2026-03-28T05:22:07+00:00,2,0,0,1094.58,1094.58,2053.43208,2
0xed9b4bed0a14adc7c32c86a75d1a775fbd22f1b2,2026-05-12T03:45:58+00:00,2026-05-12T05:46:01+00:00,2,0,0,123.403714,123.4,244.952688002,2
0xed9cc976dee5f785a7df22d068c312c2d7406712,2026-05-18T09:55:59+00:00,2026-05-18T09:55:59+00:00,1,125.0,0,0,0,1.0000,1
0xedb3f0c4a5666c07fd45b4f3658c4df1ab82053d,2026-05-31T05:31:09+00:00,2026-05-31T06:48:11+00:00,2,0,0,10.4924,10.49,20.8669980,2
0xedb694ee383b89d7c48f6660ea0b84f025f92672,2026-05-11T03:07:46+00:00,2026-05-11T16:27:03+00:00,2,0,0,53.31,53.31,105.87366,2
0xedbf9544722804a719e8396949eb7ecf2a8c5f87,2026-04-16T10:44:16+00:00,2026-04-16T16:14:36+00:00,4,0,0,122.95,122.95,239.99840,4
0xedc3a5f033ce12579a84d4748108ea664ee466ac,2026-05-26T06:28:48+00:00,2026-05-26T06:28:48+00:00,1,0,0,54.889333,0,54.559997002,1
0xedccc70ff6ab91d327f8f19d234ef43f5cb06211,2026-05-11T01:33:57+00:00,2026-05-11T02:40:53+00:00,2,0,0,1087.24,1087.24,2162.52036,2
0xedd40db86c12be20e5a3e75ea6547bc660f40adc,2026-05-17T12:21:17+00:00,2026-05-18T01:58:41+00:00,3,0,0,92.34,92.34,183.38724,3
0xedda6120e683236e70bf4530b5f0f4640ff4d6ff,2026-02-17T21:49:07+00:00,2026-02-17T21:49:07+00:00,1,189.0625,0,0,0,3.00000000093750,1
0xeddbabe1dc506995d6008cf3851352d498f9b8d7,2026-05-14T13:57:17+00:00,2026-05-14T13:57:17+00:00,1,125.0,0,0,0,1.0000,1
0xede3131312a60bbf9aef3404e674e35d7d562f81,2026-04-29T16:31:50+00:00,2026-06-04T07:25:25+00:00,5,1111.0,1111.0,400.0,400.00,798.91898,5
0xedeae1231698ea65f3c9f17d3ebd5a8fbb6c8aa1,2026-05-29T12:41:28+00:00,2026-05-29T15:02:17+00:00,2,0,0,10.0502,10.05,19.9896490,2
0xedecaebfbbdc95aad807df6b6c8f7fd65b2bd967,2026-06-12T16:41:09+00:00,2026-06-12T16:41:09+00:00,1,300.0,0,0,0,1.2000,1
0xedf091b9debb7a15675ee6c72198ad203a0a979c,2026-05-17T08:37:20+00:00,2026-05-17T08:37:20+00:00,1,142.857142,0,0,0,0.999998994000006,1
0xedf9a0e3c3f0e47acf0ea439cf28de798d705d97,2026-05-16T12:21:53+00:00,2026-05-16T12:21:53+00:00,1,200.0,0,0,0,1.4000,1
0xee11a16b8207fd7ecfc6df4f8cc8132da93126bc,2026-05-13T07:29:54+00:00,2026-05-13T10:25:24+00:00,4,1410.0,1409.991428,0,0,19.739938962188572,4
0xee1c4c980aef5ee0276c913d1cf212a1851a20d8,2026-05-25T14:29:54+00:00,2026-05-25T14:29:54+00:00,1,0,0,22.716166,0,22.5798689994567668,1
0xee242764e9eada1ced9949ac1813784186289da6,2026-06-15T08:25:10+00:00,2026-06-15T08:25:10+00:00,1,0,0,5.145,0,5.139855,1
0xee292e8cbca9cf11b394a98f0ee6904c00e389d8,2026-03-03T04:13:29+00:00,2026-06-10T09:17:03+00:00,192,0,0,5663.192935,5663.186445,10995.7560359968543328,176
0xee2f81c20ed9b63306e70dc9346eed5bfb19bfd0,2026-05-11T03:07:46+00:00,2026-05-11T14:14:35+00:00,2,0,0,109.05,109.05,216.68235,2
0xee309eb4a90d7e444670b19a3f739bb7faebacc0,2026-05-07T06:52:29+00:00,2026-06-12T08:42:58+00:00,23,0,0,901.3768,826.37,1717.0776960,23
0xee3a45bff362333d3c7ef01125830268f57106a0,2026-05-14T09:13:27+00:00,2026-05-14T09:14:36+00:00,2,1190.0,1190.0,0,0,17.8500,2
0xee3c9be5741b757f63baef4b045dafb19525f273,2026-05-08T08:37:40+00:00,2026-06-12T08:44:57+00:00,33,0,0,1128.617932,1063.61,2177.1890169978728668,33
0xee49693c5cfd796de339868190a3354c51282880,2026-03-07T17:03:43+00:00,2026-03-07T17:11:27+00:00,5,995.0,995.0,0,0,116.4150,5
0xee557e9ab50041111b556cc7a5f1d4efacc6d15d,2026-06-09T10:54:15+00:00,2026-06-09T10:54:15+00:00,1,10096.666666,0,0,0,30.2899989883333334,1
0xee64d4e842bf668ea065ede502efabfee1994754,2026-05-22T01:37:13+00:00,2026-05-22T01:37:13+00:00,1,0,0,0,3.01,2.97689,1
0xee6712ea09d6a9c86793bb6dde10ea59040e67a6,2026-03-09T00:11:25+00:00,2026-03-13T15:30:47+00:00,7,374.31,374.303570,0,0,18.4622180012685163,7
0xee83a999fc672fd738c84ef070b6c219ed07defd,2026-05-13T04:40:11+00:00,2026-05-13T04:45:01+00:00,8,1400.0,1400.00,0,0,19.60000,8
0xee89353e914ef4773ca2560a99a210d193806fc6,2026-05-13T05:37:28+00:00,2026-05-13T07:18:26+00:00,3,1400.0,1400.00,0,0,19.60000,3
0xee952de18990b97b302443e0624f6b562a2d0582,2026-06-14T15:24:58+00:00,2026-06-14T15:24:58+00:00,1,0,0,2.002,0,1.999998,1
0xee95d1035fb93ed3419cc150c6137b4761a3a211,2026-03-19T22:33:15+00:00,2026-03-19T22:33:15+00:00,1,0,0,43.841379,0,42.5699790002317242,1
0xeea50994d5ce2911e73777cb2c5e8b22e72ba535,2026-05-18T10:45:54+00:00,2026-05-20T04:14:15+00:00,2,0,0,43.0,43.0,85.3120,2
0xeeb975706bba0fe52687a637eab8f95c05516f7a,2026-03-02T19:44:37+00:00,2026-04-14T11:17:59+00:00,131,0,0,573.109229,573.102244,1094.2808929997459626,131
0xeebecb73399a7a5110aa7bebc5935312fbce9682,2026-05-31T02:45:59+00:00,2026-05-31T03:32:21+00:00,2,0,0,71.0,71.0,141.2190,2
0xeec34ade14f530baa2f39f4b5ea4dfb74de11d3e,2026-04-16T16:51:42+00:00,2026-04-16T16:51:42+00:00,1,0,0,4.09413,0,3.999965000174088,1
0xeed884f22e7708fff0932b3ba5d92c6474b08d2c,2026-05-13T12:38:22+00:00,2026-05-14T00:59:08+00:00,2,0,0,107.15,107.15,212.58560,2
0xeedf2c974d7b4f89ca4d91934f11a1c8557e1e75,2026-05-23T22:20:44+00:00,2026-05-31T12:08:57+00:00,2,0,0,88.8888,88.88,176.346632,2
0xeeea97c183550245abdb1ae1d8ee00f7171aa889,2026-04-30T12:20:42+00:00,2026-05-19T20:24:00+00:00,4,370.00,0,0,0,3.58000,4
0xeeef1555d896214114580ec4abc52f5369b0673d,2026-05-23T22:02:04+00:00,2026-05-24T02:42:35+00:00,2,0,0,68.6868,68.68,135.924452,2
0xef023e27fc293a3bdac8dfec5ed7671f961ad914,2026-06-17T16:04:43+00:00,2026-06-17T16:04:43+00:00,1,1000.0,0,0,0,1.0000,1
0xef067173d620f8306a40d2c880c66166c3e963fa,2026-05-14T22:05:44+00:00,2026-05-14T22:16:58+00:00,2,0,0,9.063443,9.06,17.9875179999064544,2
0xef1712b35dce39931ebce7cdc92875c164d063a4,2026-04-30T12:08:52+00:00,2026-04-30T16:17:14+00:00,2,2785.714284,2785.71,0,0,69.6428088617142864,2
0xef20795f092d84f8fc2d4c9b30b2e1a37e65b10a,2026-05-29T11:11:30+00:00,2026-05-29T11:11:30+00:00,1,170.0,0,0,0,1.0200,1
0xef3ed492c151cc0a563bb5442bbcc4debf077707,2026-05-16T16:43:55+00:00,2026-05-16T16:43:55+00:00,1,0,0,6.036166,0,5.9999489997746838,1
0xef46e7d4e632d4de3c69c24d1814eb8d2dc2b0ea,2026-06-17T14:03:40+00:00,2026-06-17T14:03:40+00:00,1,80000.0,0,0,0,160.0000,1
0xef691adc33709ac823464450e00882c3a224f59f,2026-06-15T21:27:24+00:00,2026-06-15T21:27:24+00:00,1,0,0,78.0,0,77.9220,1
0xef7a4edff83f5378622351aca2ac1d75c94036d5,2026-06-14T20:47:24+00:00,2026-06-14T20:47:24+00:00,1,0,0,79.129,0,79.049871,1
0xef7ef4743cf5d60c5b2357f3f3a1c11412a2e1b1,2026-03-03T17:49:45+00:00,2026-03-05T14:47:17+00:00,2,816.259833,0,0,0,34.9999989862262994,2
0xef83d5fdddc203f963b72f779517f606a766025b,2026-05-18T10:50:16+00:00,2026-05-18T11:01:32+00:00,2,0,0,100.704933,100.7,199.8943979956868149,2
0xefa10076ed7d22876ed5586917477c1c200f6354,2026-05-31T07:54:48+00:00,2026-05-31T09:34:35+00:00,2,0,0,15.3064,15.3,30.4380680,2
0xefb133e73c55de31da3afc84275b41111e6dd4c3,2026-03-06T08:50:37+00:00,2026-03-11T09:25:11+00:00,2,0,0,4.18409,1.58,5.516789999832736,2
0xefb782e8977f805d38dc185bc077a2927c0d4cad,2026-05-26T15:23:59+00:00,2026-05-28T19:30:21+00:00,2,582.857142,582.85,0,0,6.9942490031428586,2
0xefcb3d695ed715db9195fe3bb137af457f335da9,2026-05-27T07:33:23+00:00,2026-05-27T07:33:23+00:00,1,0,0,110.331833,0,109.669842002,1
0xefd900b4c483a3f46f6c4ae7f77fecc7d821e41e,2026-05-30T19:58:07+00:00,2026-05-30T23:08:19+00:00,2,0,0,35.1758,35.17,69.9589010,2
0xefdd8a3566c047d76ded4ca5c9ed569ba3096edc,2026-05-26T20:57:52+00:00,2026-05-26T20:57:52+00:00,1,0,0,10.02,0,9.95988,1
0xefdfef6afefbc05e90122d0d0334cfd8c2af9d3b,2026-04-20T02:56:16+00:00,2026-04-28T22:26:36+00:00,2,95.238095,95.23,0,0,3.6189100045238095,2
0xefe69f25a4d51b0b722a0a6057ae9ce976953cdc,2026-05-15T13:32:35+00:00,2026-05-16T03:43:23+00:00,2,0,0,115.1,115.1,228.5886,2
0xf0211f6eed6f67b18a8ce24937dd398af54fab7d,2026-04-10T14:53:19+00:00,2026-04-11T17:00:51+00:00,5,5455.517857,5455.51,0,0,178.976659757965,5
0xf040c7594cc34b62e311af82d6c051691b8e61f4,2026-05-16T01:50:02+00:00,2026-05-23T00:45:09+00:00,3,1428.571428,1428.57,0,0,21.4285579960000008,3
0xf040ca161b0f3827a1b4ef1689022482dea83a86,2026-04-30T20:57:56+00:00,2026-06-11T15:27:57+00:00,335,35158.635023,35158.633803,140.0,0,660.9195449265269696,333
0xf04fe4b4dc039f3280e016afe11999da18aa626f,2026-05-16T18:03:41+00:00,2026-05-17T07:26:14+00:00,2,0,0,111.78,111.78,221.99508,2
0xf058c4e46fd746ba47d12f600813ec3f71b8a5f1,2026-06-14T18:24:06+00:00,2026-06-14T18:24:06+00:00,1,0,0,2.002,0,1.999998,1
0xf05d148f8eca35614b64b59d7f2eb00332c10ca6,2026-05-25T03:26:07+00:00,2026-05-25T08:15:17+00:00,2,0,0,112.789428,112.78,223.877662004,2
0xf05d45f334779dff6651d4eff06c64d46561ac5e,2026-05-19T01:46:18+00:00,2026-05-19T01:46:18+00:00,1,1250.0,0,0,0,10.0000,1
0xf05fdb1ef2be5101e3faf359f3a833cce5a481fa,2026-04-11T04:46:07+00:00,2026-04-16T13:02:46+00:00,3,0,1.48,0,1.37,1.37149,3
0xf06ab00ec59bde12ef5ca608226ee9b6a1b3d867,2026-05-26T06:03:50+00:00,2026-05-26T06:03:50+00:00,1,0,0,33.490833,0,33.2898879986509167,1
0xf0725cc9b14e97e96b7b9700213949f3cbdda089,2026-05-12T10:11:26+00:00,2026-06-05T15:17:49+00:00,2,0,0,8.056285,8.05,16.0176910001662290,2
0xf07576e16492e9b6717ff3be8a11a41daaded1c3,2026-03-13T14:50:25+00:00,2026-04-06T05:41:07+00:00,2,0,0,11.1,11.1,21.8670,2
0xf076db32ea2b2afa7f249b642049502504577ee8,2026-05-21T11:52:20+00:00,2026-05-21T11:52:20+00:00,1,0,0,1.007048,0,0.9999979999525488,1
0xf0808c9ea39f3cb5174d2e5da9d6b2ba58534be8,2026-04-01T11:58:31+00:00,2026-04-01T17:59:25+00:00,2,0,0,49.94,49.94,96.78372,2
0xf08beec891db46b807c0718b72ce4e30f96ee73d,2026-05-01T13:11:20+00:00,2026-05-01T13:11:20+00:00,1,90.909089,0,0,0,0.9999989971818388,1
0xf097b08b535b68311bb233c66251287bc3a7b974,2026-05-28T08:19:29+00:00,2026-05-28T14:11:44+00:00,3,1000.0,1000.0,0,0,13.0000,3
0xf0a351c47e3db8df72fe9f94b0ac018c5289989b,2026-05-27T04:14:49+00:00,2026-05-27T04:14:49+00:00,1,0,0,268.470666,0,266.859842004,1
0xf0b0ef1d6320c6be896b4c9c54dd74407e7f8cab,2026-03-07T12:07:13+00:00,2026-04-11T19:50:15+00:00,55,410.00,410.00,259.462685,259.450063,539.0523700002002842,54
0xf0b4cf480527e64d93711843f2abffece9f19299,2026-05-16T21:47:15+00:00,2026-05-16T22:04:11+00:00,2,0,0,5.030166,5.03,9.9947749999758672,2
0xf0c9beb356fe41935d7fc800182a726aaadaad07,2026-04-01T09:00:11+00:00,2026-04-01T16:43:43+00:00,2,0,0,41.45,41.45,80.28865,2
0xf0d720a57daf5bc282e74ef647800cf911b4304b,2026-05-19T14:28:22+00:00,2026-06-09T09:00:06+00:00,4,0,0,174.034,174.03,345.466842,4
0xf0d9d82cd8683a7098b64b9461167cd4a98394c6,2026-06-17T06:22:53+00:00,2026-06-17T06:22:53+00:00,1,5000.0,0,0,0,10.0000,1
0xf0f94257083cb10d12986a5c2af7573400a8240d,2026-02-28T15:51:35+00:00,2026-02-28T15:53:03+00:00,2,0,0,11.39,11.39,22.34718,2
0xf104a66629ce854dde953785de1a83e92341e43e,2026-06-15T17:11:13+00:00,2026-06-16T14:56:59+00:00,2,500.0,500.0,0,0,1.5000,2
0xf107ec2e46f9afe9efddfaf64b0e8dffa52e9f3a,2026-05-19T05:09:07+00:00,2026-06-06T02:40:54+00:00,4,10178.571428,5178.57,0,0,85.8928489960000004,4
0xf108d5e4371b13a000644ae779b7daea39860330,2026-01-28T13:29:37+00:00,2026-01-28T13:29:37+00:00,1,22.727271,0,0,0,0.9999989990000703,1
0xf11445cb203dc3f29f7134ccfbe3941e6904d319,2026-06-08T18:36:04+00:00,2026-06-10T09:17:34+00:00,2,0,0,11.022,11.02,21.942816,2
0xf1190433201c29bfd0edd88da04dd36b61067fb8,2026-02-25T05:42:00+00:00,2026-03-01T14:43:49+00:00,2,0,0,2.033066,2.03,3.9995000000821726,2
0xf1378b206acb6b7056c00f798c198349898250b2,2026-05-17T13:11:46+00:00,2026-05-17T13:11:46+00:00,1,714.285713,0,0,0,4.999999991,1
0xf139a605d24d70d3c7f8d4b7ac3db809f6a79a1b,2026-03-04T03:51:33+00:00,2026-03-04T03:51:33+00:00,1,64.743588,0,0,0,4.9999989995773272,1
0xf14a5c468f9a4bc847e840eb765472f0efe416e9,2026-05-26T09:55:43+00:00,2026-05-31T22:31:05+00:00,2,0,0,154.9295,154.92,307.9904030,2
0xf16651f1a20d4981dfaa14939cfca472cc9baf38,2026-05-21T06:22:45+00:00,2026-05-21T16:25:30+00:00,2,628.989898,0,0,0,6.5699989956666692,2
0xf1747ab492aa99aef21f8597c1cf9bf39c3cffff,2026-04-16T00:29:56+00:00,2026-04-16T03:57:10+00:00,2,0,0,20.23,20.23,39.61034,2
0xf17530a7eb58aea19679eb875cbd1c5ccd9cf09a,2026-05-03T09:15:58+00:00,2026-05-03T11:15:18+00:00,2,0,0,1703.3265,1703.32,3372.5800480,2
0xf177c0a875923f4a63db2d24db6ba8f9d2eaf29a,2026-05-04T10:30:32+00:00,2026-05-04T10:30:32+00:00,1,5828.333333,0,0,0,69.9399988303333334,1
0xf1813c06f34c9e8fa77c5d855cf0a843ca0e044f,2026-05-12T16:57:10+00:00,2026-05-12T16:57:10+00:00,1,0,0,3.9396,0,3.9199020,1
0xf1a2f936e355b9cb8ff3b9996e7fb2c8a735f1b6,2026-03-21T22:44:31+00:00,2026-06-09T17:35:37+00:00,173,0,0,8194.642311,8194.633183,16104.9890019976312686,165
0xf1c5d65be62e962dcacdd032fabfd63582d6b1fe,2026-06-10T19:29:12+00:00,2026-06-10T19:29:12+00:00,1,0,0,1.003,0,0.999991,1
0xf1cd39810fb13f00a81eea71baec66955cb40329,2026-04-22T11:08:06+00:00,2026-04-22T13:08:08+00:00,2,0,0,267.9,267.9,526.1556,2
0xf1d105333d10107ba18c73035bed5491c465b376,2026-06-16T22:46:04+00:00,2026-06-16T22:46:04+00:00,1,0,0,67.0,0,66.9330,1
0xf1e6d45e5f602edd4842811e17c3cf99c5df1025,2026-05-13T04:44:59+00:00,2026-05-13T05:37:26+00:00,3,1400.0,1400.00,0,0,19.60000,3
0xf1ff40f082633619cd012bb96affb4ac7a645b03,2026-06-17T15:31:25+00:00,2026-06-17T15:31:25+00:00,1,1540.0,0,0,0,1.5400,1
0xf1ff870c923756cdab9a746ed413d496f6fda352,2026-06-06T04:26:31+00:00,2026-06-15T11:20:27+00:00,2,0,0,106.0,106.0,211.5760,2
0xf20a19e79fe96a0e55e08c7c40029116215871f3,2026-05-16T18:03:41+00:00,2026-05-17T05:39:27+00:00,2,0,0,118.12,118.12,234.58632,2
0xf21fa780184b33bcc8302d1237c21c04d1e5d898,2026-05-22T02:22:57+00:00,2026-05-22T02:23:09+00:00,2,0,0,16.0,15.6,31.2684,2
0xf23f9df30b9d67fc003f72e82ed6eb921e7e031d,2026-05-12T05:55:53+00:00,2026-05-12T07:16:24+00:00,2,0,0,82.27593,82.27,163.31183799634442,2
0xf243d35eafd7393f771c71ef1384f829a1c4c183,2026-06-08T17:47:57+00:00,2026-06-08T17:47:57+00:00,1,0,0,13.026,0,12.999948,1
0xf24eb6e1bdaddb29ec3e2e6ccec5d91bfaffb640,2026-05-16T13:31:14+00:00,2026-06-04T07:18:49+00:00,5,11000.0,11000.0,0,0,121.0000,5
0xf25b7cebaa861c0784ae62e9826add8fd817e1b6,2026-05-05T15:58:46+00:00,2026-05-08T12:56:02+00:00,104,28719.820766,1998.8,0,0,245.0277829982627132,104
0xf25ebbea507c982ce8a5a4a15816dbedc70ddeaf,2026-03-18T15:47:07+00:00,2026-03-29T13:48:34+00:00,3,116.469807,58.23,0,0,9.1444179974128042,3
0xf26c4b3056b8e06db7abdf8df0150d42989fc021,2026-06-16T13:15:25+00:00,2026-06-16T13:15:50+00:00,2,0,0,2004.008,2004.0,3997.987984,2
0xf26d903ce5c04a9b2ca89d8d26035fe74d61eb86,2026-05-13T14:27:46+00:00,2026-05-13T14:27:46+00:00,1,600.735555,0,0,0,4.9999999997400390,1
0xf26f1e141bbbfc7e3beb086bf75d8efcecd11af8,2026-02-28T14:15:45+00:00,2026-03-10T01:48:29+00:00,2,0,0,3.110384,3.11,6.0493289999130016,2
0xf2746fde924a0ce04f42958ac1417b6b67d49c8e,2026-06-09T03:52:39+00:00,2026-06-10T07:17:03+00:00,4,2304.999997,0,0,0,10.9100000032857141,4
0xf2748c7a9ee71b12606176afa7ac4ac1266d88c8,2026-05-01T20:53:30+00:00,2026-06-10T09:55:40+00:00,2,0,0,10.0,10.0,19.8500,2
0xf27de6607cbd15be1133619b9807ff63fb86e6d3,2026-06-05T18:53:09+00:00,2026-06-05T18:53:09+00:00,1,2000.0,0,0,0,8.0000,1
0xf28bafa573975cff006aa08a9e125cd59fefad55,2026-06-10T17:40:52+00:00,2026-06-10T17:40:52+00:00,1,0,0,1.003,0,0.999991,1
0xf29d3b00a1607f18df802c217580d70bee47872c,2026-05-27T13:11:17+00:00,2026-05-28T03:21:22+00:00,2,0,0,48.84,48.84,96.99624,2
0xf2a6ba92c2427c66f28f4504971315df3e5b3dd1,2026-05-12T15:06:29+00:00,2026-06-15T10:43:34+00:00,4,138333.333333,0,0,0,689.999999998,4
0xf2cf5cc4e5654583a6c1ef44e129e04d05dde2b3,2026-03-27T23:09:31+00:00,2026-04-30T21:31:02+00:00,4,817.564033,432.94,0,0,28.2258589969624050,4
0xf2d06e7247b906c1029730d17f0fe0cf321444b9,2026-05-08T12:52:04+00:00,2026-05-08T12:52:04+00:00,1,375.0,0,0,0,3.0000,1
0xf2d24542acea7d112dac2c656d032ea3782d1cf7,2026-04-14T02:40:59+00:00,2026-04-14T03:24:43+00:00,2,1040.0,1040.0,0,0,72.8000,2
0xf2dbf8b676bed66e46abfce754ca2d2d9c8a84ea,2026-06-11T21:22:55+00:00,2026-06-11T21:22:55+00:00,1,17863.65,0,0,0,53.59095,1
0xf2ebb6fb4982c8ff49ddc89c802c70b250f16eb5,2026-02-01T17:21:28+00:00,2026-03-18T21:09:35+00:00,8,0,0,240.0,0,231.83501000100,8
0xf2eedc98d3da753a756b854ee99a04d583624e54,2026-05-13T05:37:29+00:00,2026-05-13T07:12:55+00:00,3,1390.0,1390.00,0,0,19.46000,3
0xf2f7d88a3dbfc383b938dfda380afd8d1a0057ad,2026-03-23T08:09:33+00:00,2026-04-17T13:50:20+00:00,3,0,0,20.00,20.0,38.28000,3
0xf2fbae0ca50b809174bd0735d8c2f6a5fb90062f,2026-04-23T23:22:40+00:00,2026-04-23T23:22:40+00:00,1,111.111111,0,0,0,1.999999998,1
0xf2fc21e0d09b4f16eaf56d9a9d9ac9d5b1f3904c,2026-06-17T14:44:32+00:00,2026-06-17T14:44:32+00:00,1,9330.0,0,0,0,9.3300,1
0xf2fdbc7334b5b704e8a5a312d477e5e34d551519,2026-05-14T09:26:52+00:00,2026-05-14T09:29:21+00:00,3,1200.0,1200.00,0,0,19.20000,3
0xf314da856a6414668e1b9096b5660389fbd9c368,2026-06-09T00:15:55+00:00,2026-06-10T05:49:58+00:00,2,0,0,7.014,7.01,13.960902,2
0xf320fef9300cdf9fd20f22522b97073d947b9ab1,2026-06-06T04:58:03+00:00,2026-06-07T03:44:16+00:00,2,0,0,26.078,26.07,51.965486,2
0xf332a4512b75197b754a88d3a00b83dd188ae36d,2026-06-17T14:03:40+00:00,2026-06-17T14:03:40+00:00,1,0,0,82.56,0,82.39488,1
0xf3395d2a02036944970a7d382815b2a7656fa5f8,2026-05-24T18:43:52+00:00,2026-05-24T21:47:45+00:00,6,0,0,153.07,153.07,303.62281,6
0xf3423208741bfd9d5859341667093ed00c2b1e14,2026-04-10T11:26:03+00:00,2026-04-10T14:04:49+00:00,10,1000.00,0,0,0,22.00000,10
0xf3528cc0dfeffdf4439f06f8cc8670906c3f79d5,2026-05-13T04:21:17+00:00,2026-05-13T04:34:31+00:00,3,1390.0,1390.00,0,0,19.46000,3
0xf3534c92518d708073d3ec975258dccdc5282878,2026-04-01T20:39:15+00:00,2026-04-11T09:50:43+00:00,7,2000.00,0,0,0,45.00000,7
0xf36026da9c4c89afd1814cddc3a837e23a13ecd3,2026-05-17T12:20:10+00:00,2026-05-18T01:10:44+00:00,2,0,0,117.01,117.01,232.38186,2
0xf3724ae27a79e6fa911f1c9a9bebc1aaced5ec76,2026-05-11T03:07:46+00:00,2026-05-11T06:44:53+00:00,2,0,0,48.8,48.8,96.9656,2
0xf3a02a1e3e2d77e24808ea5549eda7e2fe95ae2f,2026-06-14T14:31:06+00:00,2026-06-15T01:34:34+00:00,2,0,0,104.8,104.8,209.1808,2
0xf3b668182f31c89802246c65d4141cb02df2c5cb,2026-06-04T11:17:10+00:00,2026-06-04T11:17:10+00:00,1,10000.0,0,0,0,50.0000,1
0xf3bf39e67563493a812825a24d6985cb24e06e29,2026-06-10T22:41:49+00:00,2026-06-11T02:24:52+00:00,2,0,0,7.021,7.02,13.991857,2
0xf3c6f935a75dcadcbe2a8539066892d5fb947d23,2026-06-02T05:49:53+00:00,2026-06-02T07:33:48+00:00,2,0,0,11.0752,11.07,22.0234040,2
0xf3d25409f417c0f240296cc8d41af4417964d107,2026-05-26T23:01:37+00:00,2026-05-26T23:01:37+00:00,1,0,0,15.553318,0,15.4599980002354238,1
0xf3d9bf8124bc54cf899a6836a3cee057269a044b,2026-05-14T09:30:28+00:00,2026-05-14T09:31:59+00:00,3,1210.0,1210.00,0,0,19.36000,3
0xf3ea14a549363509176e6fc6df9cd511706a3039,2026-03-28T10:45:01+00:00,2026-05-19T10:32:37+00:00,2,79.365078,79.36,0,0,5.5555190013016030,2
0xf3f323251accf6f9b66956bcee79e95a50be39d2,2026-05-16T18:01:17+00:00,2026-05-17T06:32:32+00:00,2,0,0,53.57,53.57,106.39002,2
0xf3f39f5df2c8fb6b801e147c019e1666809682f1,2026-06-11T19:11:51+00:00,2026-06-11T19:11:51+00:00,1,1666.666666,0,0,0,4.9999989980000004,1
0xf4183ddd9b6235ac939f3ac7d3e1d1e5c12a2990,2026-05-14T11:43:14+00:00,2026-05-14T11:54:40+00:00,2,0,0,6.042285,6.04,11.9916690001661720,2
0xf41a92e5a4c1ec50e3cdf7eb6cdee3bdcf1928ff,2026-05-20T20:44:55+00:00,2026-05-21T08:26:18+00:00,2,0,0,107.45,107.45,213.18080,2
0xf41f1bf87c4ad6b8c707833c3c2061a0b10f1f7a,2026-05-24T13:13:00+00:00,2026-06-07T12:56:39+00:00,2,150.0,0,0,0,0.7500,2
0xf43e2c66ad0401ae122df8b164d9415e9e0744d6,2026-05-16T03:56:34+00:00,2026-05-16T08:36:29+00:00,2,0,0,74.446666,74.44,147.9189059965553334,2
0xf44087ae961056c0d96dede89dec78903cff269c,2026-04-30T00:19:30+00:00,2026-06-16T18:25:20+00:00,64,0,0,749.59,749.586063,1489.9997779989893699,57
0xf44377bad84d444e70c2ea760f632e1f302fb5e0,2026-06-05T07:35:34+00:00,2026-06-05T07:35:34+00:00,1,0,0,15.947666,0,15.8998230004052334,1
0xf4463d23ac35be2f4747ebde04eb159423923f49,2026-03-08T22:18:03+00:00,2026-03-08T22:28:01+00:00,2,1038.0,1038.0,0,0,112.1040,2
0xf44fe9a70f38507da779f7c3756ae286450e8435,2026-04-21T05:56:58+00:00,2026-04-21T06:36:38+00:00,3,0,0,103.86,103.86,204.08490,3
0xf45ccebadf3e19d7ad5778360f275ae45730d6b7,2026-05-16T00:52:42+00:00,2026-05-16T00:52:49+00:00,2,0,0,84.507,84.5,167.908458,2
0xf45d7d374c4107d95ca4b7ed0718380451408db7,2026-06-08T13:14:18+00:00,2026-06-08T13:14:18+00:00,1,0,0,200.0,0,199.6000,1
0xf48e299a424eeb9d5a604669912102cb305af3f9,2026-05-09T10:53:32+00:00,2026-05-09T10:53:32+00:00,1,142.857142,0,0,0,0.999998994000006,1
0xf498e99626ef9ee4de76a16f98789feeda618e74,2026-05-13T04:40:16+00:00,2026-05-13T04:52:29+00:00,7,1380.0,1380.00,0,0,19.32000,7
0xf4abdfacd34ff252122069130e58cf71a0f6e5ca,2026-05-13T12:38:22+00:00,2026-05-28T03:05:07+00:00,4,0,0,194.66,194.66,386.40020,4
0xf4b8899e21f82ec3835553b8fa42259aa7053055,2026-05-31T06:27:18+00:00,2026-05-31T07:38:59+00:00,2,0,0,12.6834,12.68,25.2239030,2
0xf4c0027bc178c1e8a8c748f29a8c30e5f25bf9b2,2026-05-27T03:05:34+00:00,2026-06-17T12:41:50+00:00,143,0,0,4976.663833,4976.61,9894.6122870142653057,143
0xf4d7834766c87e299b1da893e3a6da2927b68e61,2026-05-01T18:37:26+00:00,2026-06-15T21:04:21+00:00,4,1715.490909,1715.49,0,0,18.6854890026000001,4
0xf4d9849a5218bb3aeeb4702914c905970a9e6cfd,2026-06-14T10:23:27+00:00,2026-06-14T10:23:27+00:00,1,0,0,2.032,0,2.029968,1
0xf4f4e4a4a3d6fda0c7eaabce5fff4ded1b237df0,2026-06-16T19:04:43+00:00,2026-06-16T19:04:43+00:00,1,0,0,1.121,0,1.119879,1
0xf4f841e60fb964c6b940a2909e230bb89369e1d7,2026-06-09T12:03:37+00:00,2026-06-09T19:26:31+00:00,2,0,0,32.0,32.0,63.7120,2
0xf50da715b9fe125907deeecf4bd2a830ce46863c,2026-06-08T23:00:24+00:00,2026-06-08T23:00:24+00:00,1,1000.0,0,0,0,3.0000,1
0xf50f3352041d034432a92019970eda4097448cda,2026-05-26T02:15:17+00:00,2026-05-26T02:15:17+00:00,1,0,0,16.016,0,15.919904,1
0xf51059b1e088bc525a9d02cfccbef4e566d6e493,2026-03-31T11:49:27+00:00,2026-03-31T19:55:57+00:00,2,0,0,1.047111,1.04,1.9973509999738672,2
0xf515fabbc0b8292d66cd8cac1ac211e9bcf9846d,2026-05-04T18:07:44+00:00,2026-05-04T18:07:44+00:00,1,0,0,23.3434,0,23.109966,1
0xf5183756a0be58aa0b0960f1e2d2451894b631d5,2026-05-04T09:02:32+00:00,2026-05-04T09:02:32+00:00,1,1.0,0,0,0,0.0060,1
0xf524bfb554fc488324dafe01ce36178156c38178,2026-04-29T16:02:42+00:00,2026-05-20T20:44:57+00:00,9,600.0,600.00,0,0,14.60000,9
0xf52a78c0f0933b20c0c7d9727a13ff68013fe276,2026-05-01T07:17:46+00:00,2026-05-27T08:51:45+00:00,5,20075.211210,20075.21,0,0,348.1647189620909095,5
0xf54bebb0eb7928c1347ccab9549e373dda7a18c0,2026-06-07T16:13:39+00:00,2026-06-07T16:13:39+00:00,1,0,0,1.032,0,1.029936,1
0xf551185282408dc4abf80c3d788174cf5efde19a,2026-06-11T10:00:16+00:00,2026-06-11T10:00:16+00:00,1,0,0,1.004015,0,0.9999980000411570,1
0xf555df63c1307fd8eeb7930693240d281f3364ab,2026-05-14T09:29:23+00:00,2026-05-14T09:30:35+00:00,3,1210.0,1210.00,0,0,19.36000,3
0xf5707667dc545ef3f91e7ccd5aa1e00612b509e2,2026-05-02T06:42:42+00:00,2026-05-02T07:35:02+00:00,2,125.0,125.0,0,0,1.8750,2
0xf574eed37b22579eb702d25294495ebc7155b96f,2026-05-16T18:03:41+00:00,2026-05-17T08:24:06+00:00,2,0,0,86.4,86.4,171.5904,2
0xf586161ad85cdd3d18580d1219c412d93700fafb,2026-06-09T09:46:12+00:00,2026-06-09T09:46:12+00:00,1,333.333333,0,0,0,0.999998999000001,1
0xf58e2e2a1ab95bfa9cd1285c61e40a82ee13da7f,2026-05-03T09:04:42+00:00,2026-05-12T04:41:21+00:00,4,0,0,209.57,209.57,415.47075,4
0xf59128b680fdc4eca42a49d0234b2f733acf9a68,2026-06-15T20:46:54+00:00,2026-06-15T20:46:54+00:00,1,0,0,1.001,0,0.999999,1
0xf5942b355c95ae83a85d4a8b0c3c41eec070997e,2026-05-04T14:34:46+00:00,2026-06-10T01:44:55+00:00,6,10605.757572,10605.75,0,0,135.1335876610303036,6
0xf5a1eae2be95291b2477e23b09b68523bab695a6,2026-05-27T18:31:05+00:00,2026-05-27T18:31:05+00:00,1,0,0,7.615666,0,7.5699720001921670,1
0xf5b6c1333b674d5bcdbfa6eb959a823f4f591cfe,2026-05-13T04:26:14+00:00,2026-05-13T18:32:32+00:00,2,0,0,101.91,101.91,202.29135,2
0xf5c4040dcd56117d1ce5176e7546e28b57c58346,2026-05-13T18:57:48+00:00,2026-05-13T19:15:54+00:00,2,0,0,9.118538,9.11,18.0188969996170234,2
0xf5e814660a5a5ac071390a36122e7bc7c1309fbd,2026-06-08T07:55:24+00:00,2026-06-08T08:51:34+00:00,5,2499.9755,0,0,0,4.9999510,5
0xf5ee7f590d93b5591887b719e7bfd1d52929ef7c,2026-05-26T10:27:29+00:00,2026-05-26T10:27:29+00:00,1,0,0,10.231333,0,10.1699449999537334,1
0xf5eee096b72a76c7385b46236c2ea8c2efb3e613,2026-04-13T09:12:09+00:00,2026-04-13T09:12:09+00:00,1,0,0,7.2765,0,6.9999930,1
0xf6157e350a4402907ca15aabef232960c92cf2fd,2026-05-16T18:03:41+00:00,2026-05-17T07:15:56+00:00,2,0,0,100.0,100.0,198.6000,2
0xf6203f98ac017593d9d19354e1f61c8065ed678f,2026-05-14T08:10:57+00:00,2026-05-14T08:23:24+00:00,2,0,0,5.035245,5.03,9.9897580000051330,2
0xf620a7da7595c0b0d16b1298d379817126468e6f,2026-06-16T13:15:28+00:00,2026-06-16T13:15:50+00:00,2,0,0,2002.508,2002.5,3996.4920020833252,2
0xf62ef2fa36d6659c2ed8543d3678d9894f089856,2026-05-14T09:22:56+00:00,2026-05-14T09:26:51+00:00,3,1210.0,1210.00,0,0,19.36000,3
0xf638194a56b5a2687084702ddcacd5bc5507ed24,2026-05-09T06:36:05+00:00,2026-05-09T06:36:05+00:00,1,0,0,6.231,0,6.199845,1
0xf63c9dd559dee7fa55fd33554dad4e81d2edf63d,2026-04-27T08:21:02+00:00,2026-04-27T08:28:48+00:00,2,0,0,43.0,43.0,84.5810,2
0xf649af31d4f6c6489931d1b204f5b26bace121f7,2026-03-29T09:38:22+00:00,2026-03-29T09:38:22+00:00,1,61.2,0,0,0,3.3660,1
0xf649d02f53e253e56bef58a1530679e2c230e980,2026-06-02T09:53:50+00:00,2026-06-02T21:52:40+00:00,2,1166.666666,1166.66,0,0,12.8332989460000006,2
0xf64f1aeb9d7829385cf50451615622d10b1ad646,2026-05-22T22:34:22+00:00,2026-05-23T03:24:52+00:00,2,0,0,581.381,581.38,1152.296152,2
0xf65cc9fd84124b32b151e4036d8b0622d0f1707e,2026-06-10T01:46:30+00:00,2026-06-10T01:46:30+00:00,1,125.0,0,0,0,1.0000,1
0xf68caacdc99a87eace60327e62c84ec8561bd5b1,2026-06-16T17:35:01+00:00,2026-06-16T17:35:01+00:00,1,0,0,1.121,0,1.119879,1
0xf696b38d04c723e4a46417aa0a8de0bb350f8a6a,2026-05-14T09:30:33+00:00,2026-05-14T09:32:07+00:00,3,1210.0,1210.00,0,0,19.36000,3
0xf6a88b2e0293258764026e7d42091833255efd5e,2026-06-09T04:25:07+00:00,2026-06-10T16:10:18+00:00,2,0,0,50.75,50.75,101.14475,2
0xf6b483194917097960794fb2ea93d00ff6bc8060,2026-05-13T07:38:14+00:00,2026-05-13T07:38:14+00:00,1,3571.428571,0,0,0,24.9999989255714287,1
0xf6c592d6a4ee57c13fc91f69c15d873dd46e301f,2026-05-08T01:40:21+00:00,2026-05-08T01:40:21+00:00,1,91.0,0,0,0,1.0010,1
0xf6f34b3bc12c91a412cad877b228857a7faad8f4,2026-06-14T04:28:12+00:00,2026-06-14T04:28:12+00:00,1,500.0,0,0,0,1.0000,1
0xf6f7db22f418fce58dc4ee6383bff97957417b96,2026-05-31T20:30:44+00:00,2026-06-14T08:20:31+00:00,2,4166.666666,0,0,0,14.9999989960000004,2
0xf70e503caf4b4ee3498d6d3b46f5922b7e89690f,2026-05-27T20:37:39+00:00,2026-05-28T09:13:46+00:00,2,0,0,55.58,55.58,110.38188,2
0xf71061cce6d1ab8aaef8f6928a4fdb5dfe15edc9,2026-03-24T21:14:19+00:00,2026-03-24T22:37:17+00:00,3,0,500.00,0,0,24.00000,3
0xf72177326c1fb185d4b4d2ae433e373f541e2c26,2026-06-16T18:10:52+00:00,2026-06-16T18:10:52+00:00,1,1000.0,0,0,0,2.0000,1
0xf7243eacddae94f5e29c4e32d9cf7a0472a92e81,2026-06-12T16:47:18+00:00,2026-06-12T16:47:18+00:00,1,0,0,1.003,0,0.999991,1
0xf744a986d4ea8531b69154262295027a8a26c459,2026-06-09T15:54:25+00:00,2026-06-10T23:53:36+00:00,2,0,0,100.0,100.0,199.2000,2
0xf754a38cd6f3baea93382620d9947bc1c6dd60ae,2026-04-27T23:10:22+00:00,2026-04-29T23:04:02+00:00,2,66.666665,66.66,0,0,2.0665590016666910,2
0xf754a6fe4b4c50a6ab33a667b8c1ee0728210d70,2026-05-30T21:16:17+00:00,2026-05-31T07:53:41+00:00,2,0,0,85.61,85.61,170.19268,2
0xf75614c8cea87f0720997b590cc7ac22e9a57eb1,2026-05-14T09:30:35+00:00,2026-05-14T09:33:31+00:00,3,1190.0,1190.00,0,0,19.04000,3
0xf76c6796001d26f21a031e0b1346207eeb187345,2026-05-13T07:12:54+00:00,2026-05-13T07:18:35+00:00,3,1410.0,1410.00,0,0,19.74000,3
0xf7708cc49361799b1658c3c2e22eac1ea3f7e2e0,2026-06-12T14:15:04+00:00,2026-06-12T14:24:04+00:00,2,0,0,105.867333,105.86,210.986291001,2
0xf771e062f077a89aaa83e6f823f6576d1b4422a5,2026-03-16T15:24:37+00:00,2026-03-20T19:57:29+00:00,2,32.258063,32.25,0,0,2.4762490014371415,2
0xf773267aaeff566553ae63a0dd55e3041f0ae959,2026-05-22T07:44:40+00:00,2026-05-22T09:52:16+00:00,2,0,0,100.0,100.0,198.1000,2
0xf7790aafc0eef13e5dead78f565c8688e681d36f,2025-12-30T11:45:17+00:00,2026-02-08T11:35:15+00:00,30,538.925452,538.92,0,0,31.1406390003001247,29
0xf77d3b73a6a709591c8d49989a58bc4ce30d7d40,2026-05-29T23:37:28+00:00,2026-05-30T10:14:47+00:00,2,0,0,15.0752,15.07,29.9794040,2
0xf794066e005be1fcbf0e0e7b13dbff7420286d57,2026-05-18T06:49:49+00:00,2026-05-19T02:26:03+00:00,2,0,0,365.558911,365.55,725.6255980015498513,2
0xf79e3ae4952139f0919f9911743ddec1023e6c70,2026-06-12T19:19:51+00:00,2026-06-12T19:19:51+00:00,1,333.333333,0,0,0,0.999998999000001,1
0xf7a09b5a0e5b169ab75270e0b9f49e668c81715d,2026-06-05T23:25:42+00:00,2026-06-05T23:25:42+00:00,1,250.0,0,0,0,1.0000,1
0xf7a4a6bda828a948580b097033a12610345d9c43,2026-06-11T21:54:22+00:00,2026-06-13T00:28:06+00:00,19,4250.0,4250.0,0,0,27.5000,19
0xf7ace2a59e5e2adf7d14f291f7cb06773701553f,2026-05-03T09:04:42+00:00,2026-05-03T22:20:12+00:00,2,0,0,96.77,96.77,191.60460,2
0xf7b8bee0fd0c51db9b2aaa6335cadd15086dbfcb,2026-05-13T12:38:22+00:00,2026-05-14T01:05:21+00:00,2,0,0,102.11,102.11,202.58624,2
0xf7b8d1ae7e5d1e2dc5864d417387a8bab9182992,2026-03-20T18:30:55+00:00,2026-03-21T03:47:19+00:00,9,599.988999,0,0,0,25.5995379999182718,8
0xf7be7952e72badee06af07aba17eb03d195e6835,2026-05-13T04:50:21+00:00,2026-05-13T04:50:21+00:00,1,0,0,1.006,0,0.999964,1
0xf7c2fe28a89a38914dee319a6db408e806fe486a,2026-06-17T09:16:13+00:00,2026-06-17T09:16:13+00:00,1,4330.0,0,0,0,4.3300,1
0xf7d132c9aa541ae09c74357e160fa05ff064f3cb,2026-04-30T13:57:52+00:00,2026-04-30T13:57:52+00:00,1,71.42857,0,0,0,1.000000001428571,1
0xf7fe63888aed0f98540c959b392a858dfa741e42,2026-01-29T09:11:52+00:00,2026-03-17T17:39:43+00:00,12,0,0,70.00,70.0,134.75800,12
0xf80cb725751f8c0fd2fb42d1ff3136c5e741c726,2026-05-21T17:18:00+00:00,2026-05-22T13:49:34+00:00,2,0,0,68.6868,68.68,136.061812,2
0xf80f4c90f13f0ddb184fdfd5becd890823420f48,2026-06-02T22:59:58+00:00,2026-06-02T22:59:58+00:00,1,166.666666,0,0,0,0.999998996000004,1
0xf81436efe2412a8553eebdbd5744f6fe017fb1ed,2026-05-08T00:29:32+00:00,2026-05-08T00:29:32+00:00,1,90.909089,0,0,0,0.9999989971818388,1
0xf814de849d1e21199647027ca2db8febd4d6b21f,2026-06-16T11:44:21+00:00,2026-06-16T23:52:32+00:00,2,0,0,93.18,93.18,185.98728,2
0xf817a059bb72f29e2a9f2b3d9ee57fcb10cd516d,2026-06-16T08:04:30+00:00,2026-06-16T08:04:30+00:00,1,46835.0,0,0,0,93.6700,1
0xf81c11c712ac751d2fa21fcb3c617e2b1ba94540,2026-04-29T13:29:02+00:00,2026-04-29T13:29:02+00:00,1,17528.781665,0,0,0,299.9999990738886515,1
0xf81ca6e5444bb7c44cb288a28003ac621facd0ff,2026-02-24T03:03:28+00:00,2026-03-03T18:10:21+00:00,7,161.42,161.42,0,0,9.694960000224,7
0xf83a273c18b886b2c2ab94818ca52bbed66e1f8e,2026-05-30T04:04:29+00:00,2026-05-30T04:04:29+00:00,1,833.333333,0,0,0,4.9999989980000004,1
0xf83c413cb41eea0553166be9771a4ff1c8dbf457,2026-06-17T17:38:52+00:00,2026-06-17T17:38:52+00:00,1,0,0,124.49,0,123.99204,1
0xf84c0ff3e2e81947d2ac1c8ff9937e7ccc6c9ae3,2026-06-14T14:55:01+00:00,2026-06-14T14:55:01+00:00,1,0,0,26.883766,0,26.8299980002224716,1
0xf84f05821259868590d2d6ebed0a659238c27cab,2026-05-30T13:08:58+00:00,2026-05-30T22:41:25+00:00,2,0,0,8.0402,8.04,15.9917590,2
0xf850deaabdc7241f616c3bc6c742642ddcd6b7e0,2026-06-05T23:12:12+00:00,2026-06-08T02:25:33+00:00,2,0,0,10.03,10.03,19.99982,2
0xf85ad6b0e9bb0760da4bbad657c88b22f2baa2ed,2026-06-01T14:10:18+00:00,2026-06-03T15:45:57+00:00,2,833.333333,833.33,0,0,9.1666489980000004,2
0xf85d1e4d411bdbda719b0020b1732b491a185331,2026-05-28T12:26:14+00:00,2026-06-15T12:55:42+00:00,143,85756.979,85756.966664,0,0,540.5967679596666700,143
0xf86c606c8a360c38037cdab2f81fb5ed2e94ba99,2026-03-05T20:57:17+00:00,2026-03-12T15:17:05+00:00,5,0,0,15.0,15.00,28.7250,5
0xf86d2016903bd6822516c113301ed2c10ed530f8,2026-05-11T15:32:34+00:00,2026-05-12T01:51:24+00:00,2,0,0,57.7,57.7,114.5345,2
0xf870a4fcfc27fd74ad9c57f4ccf39a1b33f2415d,2026-05-19T18:27:42+00:00,2026-05-19T18:27:42+00:00,1,125.0,0,0,0,1.0000,1
0xf89aa606811b92ecd7a1cad18b6cd60ee728ad34,2026-02-28T08:10:43+00:00,2026-03-23T08:09:33+00:00,2,0,0,8.1218,8.12,15.6165330,2
0xf8ba8c398eeeb548bcaad5fa9b81d1145b16a7f8,2026-05-26T16:04:44+00:00,2026-05-29T08:06:26+00:00,2,0,0,14.486833,14.48,28.7930320005513167,2
0xf8cc96e3963fb3c870e10f9f946e0bfe5f073d5b,2026-05-13T05:37:29+00:00,2026-05-13T07:12:54+00:00,3,1390.0,1390.00,0,0,19.46000,3
0xf8d8b37c54547785a561fb9be9147ffbeda71d68,2026-06-16T15:15:13+00:00,2026-06-17T07:15:17+00:00,2,0,0,55.91,55.91,111.59636,2
0xf8dfaa255df2d87d6930293767b5344e244ac6a3,2026-06-10T12:04:34+00:00,2026-06-10T12:04:34+00:00,1,0,0,30.181,0,29.999914,1
0xf8fb43a0f2e8ffc29408261a0fee4c7648fe19dc,2026-06-17T12:32:47+00:00,2026-06-17T12:32:47+00:00,1,6500.0,0,0,0,13.0000,1
0xf8fe895cf6a3373656883c9902f37512f885f731,2026-05-11T06:29:49+00:00,2026-05-11T06:31:02+00:00,3,0,0,523.138666,523.13,1039.467924004,3
0xf900761a56aa86974e45b17782fe23a193ebd0db,2026-05-27T15:48:59+00:00,2026-05-27T15:52:22+00:00,2,0,0,231.0,231.0,458.9970,2
0xf903d722d06c23b638810b278b3a192bf52b29ae,2026-06-17T09:25:40+00:00,2026-06-17T09:25:40+00:00,1,1000.0,0,0,0,1.0000,1
0xf907a2ba1138b5de57d84d4723bb144ed4a54506,2026-03-07T17:03:43+00:00,2026-03-07T17:11:27+00:00,3,1025.0,1025.0,0,0,119.9250,3
0xf908699899a418b851d901956e86d017a3fb6934,2026-05-13T04:21:10+00:00,2026-05-31T21:45:51+00:00,4,0,0,176.33,176.33,350.27851,4
0xf9152578db102454caf018ecf55df1559cd2c7e8,2026-05-01T23:32:56+00:00,2026-05-01T23:32:56+00:00,1,125.0,0,0,0,1.0000,1
0xf926eca01f71ff9f2f21f7ba80b7e60415e2d69e,2026-05-27T13:11:17+00:00,2026-05-28T03:32:45+00:00,2,0,0,300.1,300.1,595.9986,2
0xf92c501eb9322a6e3fd051f0e229ff95fe66a387,2026-06-17T16:57:17+00:00,2026-06-17T16:57:17+00:00,1,2000.0,0,0,0,2.0000,1
0xf9347c84b9d20a3d1bf31561d8626bd06fc8b957,2026-05-27T04:18:19+00:00,2026-05-27T04:18:19+00:00,1,0,0,72.545166,0,72.1098949967454834,1
0xf9516be379c2ab035c4b98a82d600be216c0fb19,2026-05-31T05:25:30+00:00,2026-05-31T06:41:09+00:00,2,0,0,13.4974,13.49,26.8389730,2
0xf9539c291566df72ea3f0c841177b5e3093e57ee,2026-05-27T13:11:17+00:00,2026-05-27T23:36:58+00:00,2,0,0,108.15,108.15,214.78590,2
0xf959258ad69abfb9c3a6459c393666244487536a,2026-06-16T03:08:09+00:00,2026-06-16T03:08:09+00:00,1,0,0,78.078,0,77.999922,1
0xf95edf5444337f46de6ca5493e411291a5d68410,2026-05-17T04:00:03+00:00,2026-05-17T11:35:31+00:00,2,0,0,163.983833,163.98,325.832070002,2
0xf95fa0e13d92ab6478dd85831d6ab738cb43e6e8,2026-04-18T09:05:18+00:00,2026-04-18T10:29:16+00:00,2,0,0,226.96,226.96,444.38768,2
0xf979389ddd34c64b6174493c46711bca1ac51c70,2026-03-26T04:13:49+00:00,2026-06-09T15:49:31+00:00,12,1451.649959,1451.64,0,0,81.2406879966317742,11
0xf983feb22d5eabfc7697b426ec1040b8038a651c,2026-05-09T17:55:31+00:00,2026-06-17T05:13:20+00:00,73,0,0,582.89,582.885620,1157.5227760001575065,70
0xf9937c57170f50538b73a6713c6f2c495552acad,2026-03-02T09:36:13+00:00,2026-03-02T09:43:55+00:00,2,0,0,10.654614,10.65,21.0276550003554108,2
0xf998f01ab4c95a7787fdafc31efe7acdcc08cb3a,2026-05-17T04:55:04+00:00,2026-05-17T19:41:05+00:00,2,0,0,70.4225,70.42,139.9270250,2
0xf9b6e039e4e651b5e20f332c62ebcfb957d1e49b,2026-06-06T04:28:12+00:00,2026-06-06T14:03:04+00:00,2,0,0,50.150333,50.15,99.949282001,2
0xf9b9b9938d727fc2f5b9985f3b391dadb039f7e0,2026-05-20T20:44:55+00:00,2026-05-21T09:13:17+00:00,2,0,0,54.73,54.73,108.52959,2
0xf9c0987bd350b77ab953b1e0e565c96c484666bd,2026-06-12T23:52:10+00:00,2026-06-13T00:28:04+00:00,2,0,0,8801.0,8801.0,17557.9950,2
0xf9c1ff890691cc9c6e2066fbd2f57de95a305249,2026-05-26T17:44:39+00:00,2026-05-26T17:44:39+00:00,1,0,0,533.199166,0,529.999971004,1
0xf9c7126787456a65c8f7daf219b4d4d8ad7a997b,2026-06-03T03:28:12+00:00,2026-06-03T07:17:17+00:00,2,0,0,11.7586,11.75,23.3793070,2
0xf9d2740acc36b068133118540f0089c548b63807,2026-03-28T05:39:07+00:00,2026-03-28T05:45:29+00:00,3,0,0,970.149252,970.14,1819.9913179879402992,3
0xf9f0974bf813c066c0522e9cea04702fb9100a1b,2026-04-29T18:53:22+00:00,2026-04-29T18:53:34+00:00,3,0,0,60.0,0,58.9200,3
0xf9f308482c6cc2ba733d48f816ba6819f22eebbc,2026-05-04T10:55:46+00:00,2026-06-15T11:20:27+00:00,2,0,0,53.0,53.0,105.3110,2
0xf9fbf83f0b35384c1aae4f290c9f2e4c118229a3,2026-06-05T15:43:43+00:00,2026-06-05T15:43:43+00:00,1,0,0,91.0,0,90.7270,1
0xf9fe884b2b133deefce23d6f10ec30805a251998,2026-04-16T04:05:42+00:00,2026-04-18T06:24:16+00:00,4,90.50,90.50,0,0,4.08456,4
0xfa0618e6fabb1754a8f20034b9c1b2985143c55a,2026-06-12T05:37:22+00:00,2026-06-12T06:26:57+00:00,2,0,0,5700.0,5700.0,11360.1000,2
0xfa12dc6664a1553b7169dc48fb895304f9bad19f,2026-06-11T09:46:33+00:00,2026-06-11T09:46:33+00:00,1,1063.696,0,0,0,4.9999999507056,1
0xfa21148687a5b7d7bfee734c43412f98176c8d7b,2026-06-01T09:55:57+00:00,2026-06-01T09:55:57+00:00,1,2201.666666,0,0,0,13.2099988951666670,1
0xfa3ce3ee6977b609533d9bc23aa13907954f794a,2026-06-11T18:37:52+00:00,2026-06-11T18:37:52+00:00,1,250.0,0,0,0,1.0000,1
0xfa438ad2f23d8a27035784d4cf625efc86880cca,2026-06-11T12:00:28+00:00,2026-06-11T12:00:28+00:00,1,5000.0,0,0,0,20.0000,1
0xfa49e80d9bb3dee637f16f864c1b1d62fdfee54d,2026-06-11T03:13:09+00:00,2026-06-11T03:42:19+00:00,3,0,0,23.671,23.67,47.175307,3
0xfa539e4d8b0a41ad29d3f5952588db8949319d10,2026-06-13T06:36:09+00:00,2026-06-13T06:36:28+00:00,2,0,0,90.0,90.0,179.5500,2
0xfa53c839d27b430898a7c26699ed91b79759bf5a,2026-06-09T11:22:42+00:00,2026-06-09T11:22:42+00:00,1,1333.333333,0,0,0,3.9999990656666669,1
0xfa5e3894844647d47ee768315630b5fdc8bbc88b,2026-05-23T14:25:20+00:00,2026-05-23T14:25:20+00:00,1,83.333333,0,0,0,0.999998996000004,1
0xfa61d1a7de7b879349f9b0a20463c60e7ef9a367,2026-05-18T02:17:08+00:00,2026-05-18T14:01:15+00:00,2,0,0,126.7605,126.76,251.7458570,2
0xfa69af30af366527e70d5cabc0d2b40687291420,2026-05-14T05:37:51+00:00,2026-05-14T07:54:56+00:00,2,0,0,276.243571,276.24,548.339946003,2
0xfa69c16a0f1d06a8df3aef8962faa07aa23ee07e,2026-05-25T17:44:12+00:00,2026-05-30T23:25:24+00:00,2,0,0,62.374166,62.37,123.9957009977625834,2
0xfa6d74d8cc5970e3a1d38dc13697fcceba40d774,2026-05-01T22:35:56+00:00,2026-05-01T22:35:56+00:00,1,111.111111,0,0,0,0.999998999000001,1
0xfa710f1ae3b9abd2e37acbdec6b81873616b2f33,2026-05-14T09:13:10+00:00,2026-05-14T09:19:05+00:00,3,1200.0,1200.00,0,0,19.20000,3
0xfa7d856425fb1e763b54219bb994d2054ab8a524,2026-06-02T21:50:33+00:00,2026-06-02T21:50:33+00:00,1,330.0,0,0,0,1.9800,1
0xfa81528a9d5ec4fa55b814e19bf9b7dc888ac033,2026-05-15T00:27:48+00:00,2026-05-15T00:27:48+00:00,1,125.0,0,0,0,1.0000,1
0xfa8b576301d9586915c945f3ddd4a64895cb2db9,2026-05-26T13:36:36+00:00,2026-05-26T13:36:36+00:00,1,0,0,59.456666,0,59.0999259980543334,1
0xfa8f313834e101b4c5e1cff3c06b79457c8942fe,2026-05-16T05:51:36+00:00,2026-05-16T18:44:50+00:00,2,0,0,110.37,110.37,219.19482,2
0xfa90a56a6ac7383fbc90b4ae64048a0d7c09f218,2026-05-19T05:09:51+00:00,2026-05-19T18:23:55+00:00,2,0,0,181.268881,181.26,359.8099179991631474,2
0xfaa67afd7be96d364df11bff02530cfa7ef5d822,2026-06-10T19:04:16+00:00,2026-06-10T19:04:16+00:00,1,0,0,1.003,0,0.999991,1
0xfaa7e54ccfb475b16dda64291c5072f288c43ddf,2026-06-07T20:57:15+00:00,2026-06-12T18:46:40+00:00,4,2533.333333,2073.33,0,0,11.7466589856666668,4
0xfaa883d856f47a65aa8e3716692f72bc70d25e83,2026-05-13T07:12:54+00:00,2026-05-13T07:18:33+00:00,3,1390.0,1390.00,0,0,19.46000,3
0xfab3692213b2b551e8c8c88a63904a96348e9e45,2026-05-24T16:43:31+00:00,2026-05-25T03:46:06+00:00,2,0,0,149.1935,149.19,295.9964320,2
0xfad30ac5e2cc1412627470a1d53ffd4f7063e5f3,2026-05-27T15:18:27+00:00,2026-05-27T15:18:27+00:00,1,0,0,21.790666,0,21.6599219996418668,1
0xfad5897f64771159c414b8566f29204bb553f3b9,2026-03-07T17:03:43+00:00,2026-03-07T17:11:27+00:00,2,802.0,802.0,0,0,93.8340,2
0xfad5fdb3c5223f9b4a1de49417f93a749e20b43e,2026-05-14T09:31:52+00:00,2026-05-14T14:05:25+00:00,7,1220.0,1220.00,0,0,19.52000,7
0xfae7adf9c2048427bc5a82003256c6562f412b89,2026-05-22T10:49:57+00:00,2026-06-01T03:43:48+00:00,2,0,0,45.0,15.0,59.5200,2
0xfaf4cdb4340d3fd4215d96e2bf416755788beac7,2026-03-30T21:32:09+00:00,2026-06-15T12:47:16+00:00,2,0,0,1.063828,1.06,2.0589380000005376,2
0xfafc95b46d2382efad9e3399f6473bb2eb839d2c,2026-06-14T03:02:18+00:00,2026-06-14T03:02:18+00:00,1,0,0,51.321,0,51.269679,1
0xfb0e465256101729466ba5d0f05a7eb0bb820d68,2026-06-16T09:53:01+00:00,2026-06-16T09:53:01+00:00,1,0,0,138.848,0,138.709152,1
0xfb129bebeda3b049b984ef1965cf69d9806cd1b3,2026-05-31T13:18:31+00:00,2026-05-31T13:18:31+00:00,1,166.666666,0,0,0,0.999998996000004,1
0xfb14b98df4f9ef3e1d1058dc7cf008fcc754fef0,2026-05-13T07:18:33+00:00,2026-05-13T07:29:50+00:00,3,1390.0,1390.00,0,0,19.46000,3
0xfb19c04c77d0af0629b6f52d11f945d717499343,2026-05-11T03:01:18+00:00,2026-05-11T04:23:50+00:00,2,0,0,147.638,147.63,293.496400,2
0xfb24c738b2a340b32aeddc2548647e51849b7663,2026-05-31T07:23:41+00:00,2026-06-02T03:36:55+00:00,9,0,0,291.85,291.85,580.19780,9
0xfb292f945cc2c153515e4073cff48c35ec23a7ee,2026-05-13T19:39:49+00:00,2026-05-15T01:10:14+00:00,4,0,0,15.115825,15.11,29.9789630000816418,4
0xfb342f489b09c1ee00246a9d4ca59c93d884f01a,2026-05-17T12:20:10+00:00,2026-05-18T01:21:42+00:00,2,0,0,54.78,54.78,108.79308,2
0xfb558d0e99a414a16f996facbdb145d2696e949d,2026-06-15T11:20:27+00:00,2026-06-15T11:20:27+00:00,1,5.0,0,0,0,0.0050,1
0xfb600667058ec1fc5cd415eb1f69f4503396c08f,2026-05-07T04:47:37+00:00,2026-05-07T04:47:37+00:00,1,0,0,4.177555,0,4.1399569999869340,1
0xfb77e3a83c2ad9d3b714a0e74eec409c2144e291,2026-06-16T20:41:02+00:00,2026-06-16T20:41:02+00:00,1,0,0,31.181,0,31.149819,1
0xfb7db627b78667b706ed6d6798624a6b4ef6e3a8,2026-06-11T16:54:45+00:00,2026-06-11T16:54:45+00:00,1,0,0,1.003,0,0.999991,1
0xfb7f3c9b09618ac605f0d674f53daa9d81945dfb,2026-05-26T23:57:30+00:00,2026-05-26T23:57:30+00:00,1,0,0,15.080333,0,14.9898510004919667,1
0xfb948597b77b45816160079e3b3ba360fc148842,2026-05-14T04:45:21+00:00,2026-05-14T04:45:21+00:00,1,8846.0,0,0,0,70.7680,1
0xfbadd5ca44409de1c7abea2f98485423ed42d3fc,2026-05-29T18:27:53+00:00,2026-05-29T23:15:21+00:00,2,0,0,10.0502,10.05,19.9896490,2
0xfbd675823d1abcbf0eb459e2c108beb6942a58b1,2026-04-27T05:47:04+00:00,2026-04-27T06:27:32+00:00,2,0,0,23.0,23.0,45.2410,2
0xfbd831be2ca92c7199649ce76cd1223e67186739,2026-05-13T05:37:28+00:00,2026-06-04T03:24:51+00:00,4,0,0,83.7672,83.76,166.4083640,4
0xfbd8c9c22ca76b3662d0e53a4f79719fdc684027,2026-05-23T18:17:44+00:00,2026-06-17T18:00:43+00:00,1151,0,250.0,371310.0,0,369453.3000,1151
0xfbd9bc6313d1e0293853c20fb93fb2e1bdbe700b,2026-04-22T09:15:38+00:00,2026-04-22T09:15:38+00:00,1,58.823529,0,0,0,0.9999999988823529,1
0xfbde5e1baab61f6c52e8c63be7e4831724682b4e,2026-04-30T08:35:22+00:00,2026-05-22T23:42:05+00:00,2,153.846152,153.84,0,0,3.2307190067692424,2
0xfbf297045fd19c67b63bbe748e0bcbddeed6887d,2026-02-01T03:39:44+00:00,2026-02-15T10:49:25+00:00,11,245.499608,245.49,0,0,12.4108010001469168,11
0xfbfd14dd4bb607373119de95f1d4b21c3b6c0029,2026-04-28T06:23:24+00:00,2026-06-17T17:55:28+00:00,1038,0,6821556.117558,0,0,14078.8402591131233290,1023
0xfbfecdbfa7247480137b1872336727e972df0d2a,2026-06-05T09:11:03+00:00,2026-06-05T12:06:49+00:00,2,0,0,8860.0,8860.0,17657.9800,2
0xfc0eb28e8eda7522fac1a5e61d17385b7287edc7,2026-05-19T06:52:08+00:00,2026-05-19T07:47:56+00:00,2,0,0,241.63,241.63,479.63555,2
0xfc14c2bdb542d579dae7175a9fb74c99b9a6af3a,2026-05-17T23:57:47+00:00,2026-05-18T13:34:06+00:00,2,0,0,124.49,124.49,246.98816,2
0xfc29551537961370ac71ea187fb8293ee3a1f1bb,2026-05-21T17:10:34+00:00,2026-05-21T22:20:38+00:00,2,5097.272726,5097.27,0,0,107.042699986,2
0xfc2d0a19d34bdd12b1017cdc084415dd617165ec,2026-04-17T11:53:32+00:00,2026-04-17T13:50:20+00:00,4,197.86,197.86,0,0,10.09086,4
0xfc3a82c6e38d402ceab4a1e081809627f9e9634c,2026-05-06T11:34:34+00:00,2026-05-06T11:34:34+00:00,1,0,0,2.67125,0,2.64988000,1
0xfc49a458a269a035fecb387fc4de2afdb7d3e514,2026-05-17T12:20:10+00:00,2026-05-18T00:23:41+00:00,2,0,0,107.85,107.85,214.19010,2
0xfc55c06dee8163b78c4d785520f179a5831e5c33,2026-04-17T07:53:58+00:00,2026-04-17T13:28:54+00:00,2,0,0,25.52,25.52,49.76400,2
0xfc6f1a0d6f34105748c72238ae25241a9f10e443,2026-06-05T02:11:52+00:00,2026-06-05T02:13:31+00:00,4,0,0,10.190,10.19,20.308670,4
0xfc7047e6c649b3c85b35388e07aded6aaa6e69bc,2026-03-29T23:40:02+00:00,2026-05-15T11:38:24+00:00,2,16.393441,16.39,0,0,1.098338999360745,2
0xfc91c3d00b37fa04a009cb647a528707f533ed35,2026-06-17T17:38:52+00:00,2026-06-17T17:38:52+00:00,1,0,0,94.07,0,93.69372,1
0xfcb65ef0c9e6d1cbba0b11e3c8ce422e754904b7,2026-03-08T23:39:49+00:00,2026-03-17T03:17:57+00:00,4,165.467367,165.46,0,0,13.9353489992490991,4
0xfcc235da8bb7e69f3df0ab097bf115231864d395,2026-06-12T18:03:04+00:00,2026-06-12T18:03:04+00:00,1,0,0,1.003,0,0.999991,1
0xfccc81a5828e50ae2d611103e89570339f0c1720,2026-05-15T19:34:00+00:00,2026-05-16T18:25:30+00:00,2,0,0,107.645833,107.64,213.886478002,2
0xfcce037e360a3a0e6210406244baca23a53022ab,2026-05-13T07:18:28+00:00,2026-05-13T07:29:50+00:00,9,1380.0,1380.00,0,0,19.32000,9
0xfcd7eec5fb93cec195240da047aedf94bf4b2123,2026-05-13T19:51:07+00:00,2026-05-13T20:55:25+00:00,2,0,0,82.217625,82.21,163.029994000,2
0xfce483544e4953607e90f2e37eabbe266f720c22,2026-06-05T12:51:16+00:00,2026-06-05T12:51:21+00:00,2,0,0,10.220333,10.22,20.3687919999779667,2
0xfd022731e194ca218800fdd5d4e67ce768182470,2026-05-28T21:30:57+00:00,2026-05-29T08:32:13+00:00,2,0,0,78.16,78.16,155.38208,2
0xfd3d23fc606918ddf3df415549a02003d4b07ce0,2026-05-29T17:19:08+00:00,2026-05-29T19:01:19+00:00,2,0,0,11.829,11.82,23.518935,2
0xfd468f152670591d5de2595bc661d1a3b67d9003,2026-05-13T05:31:57+00:00,2026-05-13T05:37:33+00:00,3,1390.0,1390.00,0,0,19.46000,3
0xfd50966023ec8d5a119c2280bec1e100ebea2b5b,2026-05-13T04:21:39+00:00,2026-05-13T04:34:31+00:00,3,1380.0,1380.00,0,0,19.32000,3
0xfd557e6db670c9704bc1d0d8e8b585c7d9c9f905,2026-05-01T20:18:30+00:00,2026-06-17T17:43:22+00:00,69,0,0.83,1794.0,0,1782.07266,69
0xfd5cd58d492f63d13f2c0fb849fc04ddec672bd8,2026-04-01T08:48:01+00:00,2026-04-01T15:46:59+00:00,2,0,0,47.55,47.55,92.10435,2
0xfd7280f2e6ec153e67c39bf317b270a21b4f38cf,2026-05-03T09:04:42+00:00,2026-05-03T20:06:10+00:00,2,0,0,51.31,51.31,101.59380,2
0xfd8ed1f90f59e55d31c7372a913c63ea9e59e5cf,2026-05-13T04:40:19+00:00,2026-05-13T05:02:29+00:00,4,1410.0,1410.00,0,0,19.74000,4
0xfd930b55531a99260624e10dccaa5f282d16cb02,2026-06-10T16:49:12+00:00,2026-06-10T16:49:12+00:00,1,0,0,1.024,0,1.019904,1
0xfd95f4bea6f827ea9fb15de7ccc0e528e64d74e2,2026-03-18T22:50:53+00:00,2026-03-18T22:50:53+00:00,1,33.666665,0,0,0,0.9999990011950965,1
0xfd9c483fab5a6a3b3a25185de03a2c013adc88e6,2026-05-17T11:06:42+00:00,2026-05-17T11:19:15+00:00,2,0,0,7.042252,7.04,13.9907179999719364,2
0xfdcfc21ff29ada9e95f1f2cc90298343991057fd,2026-05-10T15:13:20+00:00,2026-05-10T15:13:20+00:00,1,166.666666,0,0,0,0.999998996000004,1
0xfdd63c3d5bb5ad86f623ce5db95c32e8d40cc352,2026-06-17T16:23:16+00:00,2026-06-17T16:23:16+00:00,1,2000.0,0,0,0,2.0000,1
0xfdf00e2b0c044de8390c92bf7fee9633c6df3a3d,2026-05-11T15:03:40+00:00,2026-05-12T05:00:43+00:00,2,0,0,91.54,91.54,181.70690,2
0xfdfd07a343dd09461b123784189a6876e35c4a7e,2026-06-12T16:22:39+00:00,2026-06-12T16:22:39+00:00,1,0,0,1.003,0,0.999991,1
0xfe006ca9ea46fe5c762d76c99f307974f8a946ce,2026-05-15T02:40:24+00:00,2026-05-15T03:00:21+00:00,2,0,0,7.049285,7.04,13.9836200000655005,2
0xfe159386863d4664bbdfd7c6d2e3edc10b6ce5c5,2026-06-16T11:44:21+00:00,2026-06-17T07:16:13+00:00,2,0,0,103.8,103.8,207.1848,2
0xfe23d7baf1df6ccb85d64466250d158f7df56f64,2026-03-18T21:14:15+00:00,2026-03-18T21:14:15+00:00,1,0,0,7.0,0,6.8530,1
0xfe2b3c2460755a278bcc5344cc5b672ced589ce1,2026-04-29T13:57:42+00:00,2026-05-15T18:08:13+00:00,2,58.823528,58.82,0,0,1.3529199995294112,2
0xfe2d1b83a360857595a06fccd4d9c8cd867a4a2b,2026-05-04T00:13:38+00:00,2026-05-04T00:13:38+00:00,1,0,0,5.085909,0,5.0299639999828182,1
0xfe345a3819b64278aeeb50edc8e07f66b41b974f,2026-04-21T05:56:58+00:00,2026-04-21T13:58:56+00:00,6,0,0,103.66,103.650161,203.988637999167263,6
0xfe41328c99802a1103d74514f71a16b0eee19f23,2026-03-20T10:23:51+00:00,2026-04-29T18:30:04+00:00,16,400.0,400.0,400.0,400.0,794.8250,16
0xfe4af4dc2b1d52274df70720c1ef1ebe6ff9e5a9,2026-03-09T16:33:51+00:00,2026-03-09T16:33:51+00:00,1,20.0,0,0,0,1.000,1
0xfe58144f75fb42098710399955a31d22c410ba98,2026-03-23T09:31:29+00:00,2026-03-27T18:10:23+00:00,3,71.42,71.42,0,0,9.173190000111,3
0xfe6d82ae3bef14641403c660dc517e7026e20f30,2026-04-02T08:47:59+00:00,2026-04-02T13:51:23+00:00,2,0,0,56.04,56.04,108.60552,2
0xfe78cade30f15e8c5f506a4b547e99bf7323838a,2026-06-09T19:30:57+00:00,2026-06-09T19:30:57+00:00,1,0,0,1.035,0,1.029825,1
0xfe78dff4c6b0d2c2cc73b115e1f858039564ed4c,2026-05-13T05:37:28+00:00,2026-05-13T07:12:40+00:00,3,1380.0,1380.00,0,0,19.32000,3
0xfe79a67d5bb558366f4565fa15605c76dadd9096,2026-06-06T22:55:15+00:00,2026-06-08T06:58:16+00:00,2,8333.333333,0,0,0,29.9999989990000001,2
0xfe8ef14b348a38fffe8bb55d367e794aebdf67f4,2026-05-20T16:13:18+00:00,2026-05-20T17:15:23+00:00,2,0,0,57.401811,57.4,113.9407980015498584,2
0xfeb751729759777b20c5886a66d79768e96b4166,2026-05-27T13:11:17+00:00,2026-05-28T02:52:19+00:00,2,0,0,86.3,86.3,171.3918,2
0xfed6e30cb6a6c536f8028d0848732bbf6ccea4c9,2026-06-14T07:03:18+00:00,2026-06-14T07:03:18+00:00,1,0,0,3.793,0,3.789207,1
0xfee3c10b66c1b11c8eeb94e24ee1b0cb1aac150c,2026-05-15T13:32:35+00:00,2026-06-16T11:39:42+00:00,4,49871.428571,49871.42,0,0,485.457099997,4
0xfef0d989c55225ccb71b770db9a5c91a880dc2dd,2026-02-23T17:03:40+00:00,2026-02-23T17:03:40+00:00,1,5.0,0,0,0,0.0950,1
0xfefb8df5b7d1118ef265c2e584104af0b3cb07dc,2026-06-11T22:17:04+00:00,2026-06-11T22:17:04+00:00,1,0,0,2.006,0,1.999982,1
0xff0983bc86c7ab39287b0c223597617313789328,2026-04-10T11:52:25+00:00,2026-04-16T08:50:06+00:00,2,0,0,8.0,8.0,15.6400,2
0xff115b7c3b3130869170ed821d261cc196a25edf,2026-06-13T19:25:16+00:00,2026-06-13T19:25:16+00:00,1,0,0,1.002,0,0.999996,1
0xff1841fada155f014e3b74ef88786ebab6fe84b6,2026-06-05T19:51:49+00:00,2026-06-10T14:26:07+00:00,3,30497.5,30497.5,0,0,183.41832982825,3
0xff1bdd53008b2209d0165872671092c1a58135b8,2026-06-09T02:33:52+00:00,2026-06-12T04:12:00+00:00,2,319.0,161.0,0,0,1.4400,2
0xff1d95ed42b3b37dda693c05044205688bea7160,2026-05-11T15:32:34+00:00,2026-05-12T03:08:52+00:00,6,0,0,111.98,111.98,222.28030,6
0xff2af5eeeb3d6b71ee4c3c56f58ff9e05005c4e2,2026-05-26T23:56:13+00:00,2026-05-26T23:56:13+00:00,1,0,0,13.068333,0,12.9899229993863334,1
0xff326eb5b2f8517f55003df0a1f14f25c02b429d,2026-06-17T03:47:56+00:00,2026-06-17T03:47:56+00:00,1,500.0,0,0,0,1.0000,1
0xff422d3ad375cae4da83ffa033a5dadb3712f515,2026-05-04T13:35:08+00:00,2026-05-04T13:35:08+00:00,1,0,0,1373.7373,0,1359.999927,1
0xff4eec9e20a562c2b74a450249d568305b335502,2026-06-15T11:20:27+00:00,2026-06-15T12:55:42+00:00,7,30000.0,30000.00,0,0,60.00000,7
0xff55900d72d11e7d50ec76d2faece97066f35f7f,2026-05-16T18:03:41+00:00,2026-06-10T17:54:21+00:00,7,0,0,196.98,196.98,391.88961,7
0xff562f5160f8ed167271801f9e953d9b461dd596,2026-05-13T04:40:18+00:00,2026-05-13T05:31:43+00:00,3,1400.0,1400.00,0,0,19.60000,3
0xff7b9ad3dd3d5329a413f077316900ad082da025,2026-05-28T22:10:05+00:00,2026-05-28T22:10:05+00:00,1,833.333333,0,0,0,4.9999989980000004,1
0xff7ca9cd180d33119e653e3eb50555a3e2ccb233,2026-02-25T15:26:22+00:00,2026-03-17T19:30:39+00:00,7,719.981665,0,0,0,15.8397799993956744,7
0xffa14f82521b614393bc00bf98e20e213b133c38,2026-05-16T09:49:53+00:00,2026-05-23T06:27:53+00:00,2,142.857142,142.85,0,0,2.285648994000006,2
0xffa2dbfe8f976c96397d96050782ade8b8eaff83,2026-06-12T13:43:33+00:00,2026-06-12T13:45:18+00:00,4,2750.0,1300.0,0,0,14.9000,4
0xffa6c8d9dd37e047b1154559cde93b68d7ab08a2,2026-06-12T19:38:13+00:00,2026-06-12T19:38:13+00:00,1,3333.333333,0,0,0,9.999999999,1
0xffb00a469a21f67d82c877c598379474fdf714bd,2026-06-17T09:34:38+00:00,2026-06-17T09:34:38+00:00,1,2000.0,0,0,0,2.0000,1
0xffbc3b44fa241a71f91108fad3875747cc86fea1,2026-05-14T09:31:59+00:00,2026-05-14T17:04:28+00:00,10,1190.0,1190.00,0,0,19.04000,10
0xffbef340aa0a5fe9212378883312c993ce5b19df,2026-06-09T17:34:04+00:00,2026-06-10T23:53:36+00:00,2,0,0,100.0,100.0,199.0000,2
0xffc35610e7083e3835f6fba8ff9eea5aa944dd01,2026-06-16T17:09:23+00:00,2026-06-16T17:09:23+00:00,1,19895.0,0,0,0,39.7900,1
0xffc7fc3c1dde689d8eaea65c8e22a3e0e8d24dd1,2026-06-14T18:37:07+00:00,2026-06-14T18:37:07+00:00,1,0,0,2.002,0,1.999998,1
0xffd087692e74fe397f2de75444dd6cbe76f68190,2026-04-07T20:34:57+00:00,2026-04-16T11:17:20+00:00,2,316.666665,316.66,0,0,15.199819015000005,2
0xffd44574578241c24b55a5fc94ef525da8f8b2d2,2026-03-03T19:08:43+00:00,2026-04-10T08:47:51+00:00,25,0,0,2.143621,2.14,4.0678980000742707,25
0xffe03fd417ac751e5bca5d45c2491bf661d9b0df,2026-06-10T17:48:42+00:00,2026-06-10T17:48:42+00:00,1,0,0,1.003,0,0.999991,1
0xffea9d36740aecdd510bf8563b5935e444e4e82e,2026-05-17T23:20:18+00:00,2026-05-21T18:46:58+00:00,2,0,0,71.0,71.0,140.6510,2
0xfff15a378de731f894e586afc2f362fbf70e7dbf,2026-05-13T04:34:29+00:00,2026-05-13T04:40:19+00:00,7,1410.0,1410.00,0,0,19.74000,7
