date,outcome,prob_m0,prob_m1,prob_m2,prob_m3,prob_m4,prob_m5,prob_m6,prob_m7,prob_m8,prob_m9,prob_m10,prob_m11,prob_m12,meeting_m0,meeting_m1,meeting_m2,meeting_m3,meeting_m4,meeting_m5,meeting_m6,final_outcome_m0
2023-02-14 00:00:00+00:00,25 bps decrease,,0.01,,,,,,,,,,,,,2023-03,,,,,,
2023-02-15 00:00:00+00:00,25 bps decrease,,0.01,,,,,,,,,,,,,2023-03,,,,,,
2023-02-16 00:00:00+00:00,25 bps decrease,,0.01,,,,,,,,,,,,,2023-03,,,,,,
2023-02-17 00:00:00+00:00,25 bps decrease,,0.01,,,,,,,,,,,,,2023-03,,,,,,
2023-02-18 00:00:00+00:00,25 bps decrease,,0.01,,,,,,,,,,,,,2023-03,,,,,,
2023-02-19 00:00:00+00:00,25 bps decrease,,0.01,,,,,,,,,,,,,2023-03,,,,,,
2023-02-21 00:00:00+00:00,25 bps decrease,,0.01,,,,,,,,,,,,,2023-03,,,,,,
2023-02-22 00:00:00+00:00,25 bps decrease,,0.01,,,,,,,,,,,,,2023-03,,,,,,
2023-02-23 00:00:00+00:00,25 bps decrease,,0.01,,,,,,,,,,,,,2023-03,,,,,,
2023-02-24 00:00:00+00:00,25 bps decrease,,0.01,,,,,,,,,,,,,2023-03,,,,,,
2023-02-25 00:00:00+00:00,25 bps decrease,,0.01,,,,,,,,,,,,,2023-03,,,,,,
2023-02-26 00:00:00+00:00,25 bps decrease,,0.01,,,,,,,,,,,,,2023-03,,,,,,
2023-02-27 00:00:00+00:00,25 bps decrease,,0.01,,,,,,,,,,,,,2023-03,,,,,,
2023-02-28 00:00:00+00:00,25 bps decrease,,0.01,,,,,,,,,,,,,2023-03,,,,,,
2023-03-01 00:00:00+00:00,25 bps decrease,0.01,,,,,,,,,,,,,2023-03,,,,,,,0.0
2023-03-02 00:00:00+00:00,25 bps decrease,0.01,,,,,,,,,,,,,2023-03,,,,,,,0.0
2023-03-03 00:00:00+00:00,25 bps decrease,0.01,,,,,,,,,,,,,2023-03,,,,,,,0.0
2023-03-04 00:00:00+00:00,25 bps decrease,0.01,,,,,,,,,,,,,2023-03,,,,,,,0.0
2023-03-05 00:00:00+00:00,25 bps decrease,0.01,,,,,,,,,,,,,2023-03,,,,,,,0.0
2023-03-06 00:00:00+00:00,25 bps decrease,0.01,,,,,,,,,,,,,2023-03,,,,,,,0.0
2023-03-07 00:00:00+00:00,25 bps decrease,0.01,,,,,,,,,,,,,2023-03,,,,,,,0.0
2023-03-08 00:00:00+00:00,25 bps decrease,0.01,,,,,,,,,,,,,2023-03,,,,,,,0.0
2023-03-09 00:00:00+00:00,25 bps decrease,0.01,,,,,,,,,,,,,2023-03,,,,,,,0.0
2023-03-10 00:00:00+00:00,25 bps decrease,0.01,,,,,,,,,,,,,2023-03,,,,,,,0.0
2023-03-11 00:00:00+00:00,25 bps decrease,0.01,,,,,,,,,,,,,2023-03,,,,,,,0.0
2023-03-12 00:00:00+00:00,25 bps decrease,0.01,,,,,,,,,,,,,2023-03,,,,,,,0.0
2023-03-14 00:00:00+00:00,25 bps decrease,0.03,,,,,,,,,,,,,2023-03,,,,,,,0.0
2023-03-15 00:00:00+00:00,25 bps decrease,0.02,,,,,,,,,,,,,2023-03,,,,,,,0.0
2023-03-16 00:00:00+00:00,25 bps decrease,0.04,,,,,,,,,,,,,2023-03,,,,,,,0.0
2023-03-17 00:00:00+00:00,25 bps decrease,0.02,,,,,,,,,,,,,2023-03,,,,,,,0.0
2023-03-18 00:00:00+00:00,25 bps decrease,0.02,,,,,,,,,,,,,2023-03,,,,,,,0.0
2023-03-19 00:00:00+00:00,25 bps decrease,0.02,,,,,,,,,,,,,2023-03,,,,,,,0.0
2023-03-20 00:00:00+00:00,25 bps decrease,0.05,,,,,,,,,,,,,2023-03,,,,,,,0.0
2023-03-21 00:00:00+00:00,25 bps decrease,0.02,,,,,,,,,,,,,2023-03,,,,,,,0.0
2023-03-23 00:00:00+00:00,25 bps decrease,0.5,,0.06,,,,,,,,,,,2023-03,,2023-05,,,,,0.0
2023-03-24 00:00:00+00:00,25 bps decrease,0.5,,0.04,,,,,,,,,,,2023-03,,2023-05,,,,,0.0
2023-03-25 00:00:00+00:00,25 bps decrease,,,0.06,,,,,,,,,,,,,2023-05,,,,,
2023-03-26 00:00:00+00:00,25 bps decrease,,,0.06,,,,,,,,,,,,,2023-05,,,,,
2023-03-27 00:00:00+00:00,25 bps decrease,,,0.06,,,,,,,,,,,,,2023-05,,,,,
2023-03-28 00:00:00+00:00,25 bps decrease,,,0.05,,,,,,,,,,,,,2023-05,,,,,
2023-03-29 00:00:00+00:00,25 bps decrease,,,0.05,,,,,,,,,,,,,2023-05,,,,,
2023-03-30 00:00:00+00:00,25 bps decrease,,,0.04,,,,,,,,,,,,,2023-05,,,,,
2023-03-31 00:00:00+00:00,25 bps decrease,,,0.05,,,,,,,,,,,,,2023-05,,,,,
2023-04-01 00:00:00+00:00,25 bps decrease,,0.05,,,,,,,,,,,,,2023-05,,,,,,
2023-04-02 00:00:00+00:00,25 bps decrease,,0.04,,,,,,,,,,,,,2023-05,,,,,,
2023-04-03 00:00:00+00:00,25 bps decrease,,0.04,,,,,,,,,,,,,2023-05,,,,,,
2023-04-04 00:00:00+00:00,25 bps decrease,,0.04,,,,,,,,,,,,,2023-05,,,,,,
2023-04-05 00:00:00+00:00,25 bps decrease,,0.02,,,,,,,,,,,,,2023-05,,,,,,
2023-04-08 00:00:00+00:00,25 bps decrease,,0.03,,,,,,,,,,,,,2023-05,,,,,,
2023-04-09 00:00:00+00:00,25 bps decrease,,0.02,,,,,,,,,,,,,2023-05,,,,,,
2023-04-10 00:00:00+00:00,25 bps decrease,,0.02,,,,,,,,,,,,,2023-05,,,,,,
2023-04-11 00:00:00+00:00,25 bps decrease,,0.02,,,,,,,,,,,,,2023-05,,,,,,
2023-04-12 00:00:00+00:00,25 bps decrease,,0.02,,,,,,,,,,,,,2023-05,,,,,,
2023-04-13 00:00:00+00:00,25 bps decrease,,0.03,,,,,,,,,,,,,2023-05,,,,,,
2023-04-14 00:00:00+00:00,25 bps decrease,,0.03,,,,,,,,,,,,,2023-05,,,,,,
2023-04-15 00:00:00+00:00,25 bps decrease,,0.02,,,,,,,,,,,,,2023-05,,,,,,
2023-04-16 00:00:00+00:00,25 bps decrease,,0.02,,,,,,,,,,,,,2023-05,,,,,,
2023-04-17 00:00:00+00:00,25 bps decrease,,0.02,,,,,,,,,,,,,2023-05,,,,,,
2023-04-18 00:00:00+00:00,25 bps decrease,,0.02,,,,,,,,,,,,,2023-05,,,,,,
2023-04-19 00:00:00+00:00,25 bps decrease,,0.01,,,,,,,,,,,,,2023-05,,,,,,
2023-04-20 00:00:00+00:00,25 bps decrease,,0.01,,,,,,,,,,,,,2023-05,,,,,,
2023-04-21 00:00:00+00:00,25 bps decrease,,0.01,,,,,,,,,,,,,2023-05,,,,,,
2023-04-22 00:00:00+00:00,25 bps decrease,,0.01,,,,,,,,,,,,,2023-05,,,,,,
2023-04-23 00:00:00+00:00,25 bps decrease,,0.01,,,,,,,,,,,,,2023-05,,,,,,
2023-04-24 00:00:00+00:00,25 bps decrease,,0.01,,,,,,,,,,,,,2023-05,,,,,,
2023-04-25 00:00:00+00:00,25 bps decrease,,0.01,,,,,,,,,,,,,2023-05,,,,,,
2023-04-26 00:00:00+00:00,25 bps decrease,,0.005,,,,,,,,,,,,,2023-05,,,,,,
2023-04-27 00:00:00+00:00,25 bps decrease,,0.005,,,,,,,,,,,,,2023-05,,,,,,
2023-04-28 00:00:00+00:00,25 bps decrease,,0.005,,,,,,,,,,,,,2023-05,,,,,,
2023-04-30 00:00:00+00:00,25 bps decrease,,0.005,,,,,,,,,,,,,2023-05,,,,,,
2023-05-01 00:00:00+00:00,25 bps decrease,0.005,,,,,,,,,,,,,2023-05,,,,,,,0.0
2023-05-02 00:00:00+00:00,25 bps decrease,0.01,,,,,,,,,,,,,2023-05,,,,,,,0.0
2023-05-04 00:00:00+00:00,25 bps decrease,0.5,0.035,,,,,,,,,,,,2023-05,2023-06,,,,,,0.0
2023-05-05 00:00:00+00:00,25 bps decrease,,0.045,,,,,,,,,,,,,2023-06,,,,,,
2023-05-06 00:00:00+00:00,25 bps decrease,,0.055,,,,,,,,,,,,,2023-06,,,,,,
2023-05-07 00:00:00+00:00,25 bps decrease,,0.035,,,,,,,,,,,,,2023-06,,,,,,
2023-05-08 00:00:00+00:00,25 bps decrease,,0.025,,,,,,,,,,,,,2023-06,,,,,,
2023-05-09 00:00:00+00:00,25 bps decrease,,0.03,,,,,,,,,,,,,2023-06,,,,,,
2023-05-10 00:00:00+00:00,25 bps decrease,,0.035,,,,,,,,,,,,,2023-06,,,,,,
2023-05-11 00:00:00+00:00,25 bps decrease,,0.025,,,,,,,,,,,,,2023-06,,,,,,
2023-05-12 00:00:00+00:00,25 bps decrease,,0.025,,,,,,,,,,,,,2023-06,,,,,,
2023-05-13 00:00:00+00:00,25 bps decrease,,0.02,,,,,,,,,,,,,2023-06,,,,,,
2023-05-15 00:00:00+00:00,25 bps decrease,,0.02,,,,,,,,,,,,,2023-06,,,,,,
2023-05-16 00:00:00+00:00,25 bps decrease,,0.02,,,,,,,,,,,,,2023-06,,,,,,
2023-05-17 00:00:00+00:00,25 bps decrease,,0.015,,,,,,,,,,,,,2023-06,,,,,,
2023-05-18 00:00:00+00:00,25 bps decrease,,0.015,,,,,,,,,,,,,2023-06,,,,,,
2023-05-19 00:00:00+00:00,25 bps decrease,,0.015,,,,,,,,,,,,,2023-06,,,,,,
2023-05-20 00:00:00+00:00,25 bps decrease,,0.015,,,,,,,,,,,,,2023-06,,,,,,
2023-05-21 00:00:00+00:00,25 bps decrease,,0.015,,,,,,,,,,,,,2023-06,,,,,,
2023-05-22 00:00:00+00:00,25 bps decrease,,0.015,,,,,,,,,,,,,2023-06,,,,,,
2023-05-23 00:00:00+00:00,25 bps decrease,,0.015,,,,,,,,,,,,,2023-06,,,,,,
2023-05-24 00:00:00+00:00,25 bps decrease,,0.015,,,,,,,,,,,,,2023-06,,,,,,
2023-05-25 00:00:00+00:00,25 bps decrease,,0.02,,,,,,,,,,,,,2023-06,,,,,,
2023-05-26 00:00:00+00:00,25 bps decrease,,0.02,,,,,,,,,,,,,2023-06,,,,,,
2023-05-27 00:00:00+00:00,25 bps decrease,,0.02,,,,,,,,,,,,,2023-06,,,,,,
2023-05-28 00:00:00+00:00,25 bps decrease,,0.02,,,,,,,,,,,,,2023-06,,,,,,
2023-05-29 00:00:00+00:00,25 bps decrease,,0.05,,,,,,,,,,,,,2023-06,,,,,,
2023-05-30 00:00:00+00:00,25 bps decrease,,0.025,,,,,,,,,,,,,2023-06,,,,,,
2023-05-31 00:00:00+00:00,25 bps decrease,,0.02,,,,,,,,,,,,,2023-06,,,,,,
2023-06-01 00:00:00+00:00,25 bps decrease,0.01,,,,,,,,,,,,,2023-06,,,,,,,0.0
2023-06-02 00:00:00+00:00,25 bps decrease,0.01,,,,,,,,,,,,,2023-06,,,,,,,0.0
2023-06-03 00:00:00+00:00,25 bps decrease,0.005,,,,,,,,,,,,,2023-06,,,,,,,0.0
2023-06-04 00:00:00+00:00,25 bps decrease,0.005,,,,,,,,,,,,,2023-06,,,,,,,0.0
2023-06-05 00:00:00+00:00,25 bps decrease,0.005,,,,,,,,,,,,,2023-06,,,,,,,0.0
2023-06-06 00:00:00+00:00,25 bps decrease,0.01,,,,,,,,,,,,,2023-06,,,,,,,0.0
2023-06-07 00:00:00+00:00,25 bps decrease,0.005,,,,,,,,,,,,,2023-06,,,,,,,0.0
2023-06-08 00:00:00+00:00,25 bps decrease,0.005,,,,,,,,,,,,,2023-06,,,,,,,0.0
2023-06-09 00:00:00+00:00,25 bps decrease,0.005,,,,,,,,,,,,,2023-06,,,,,,,0.0
2023-06-10 00:00:00+00:00,25 bps decrease,0.005,,,,,,,,,,,,,2023-06,,,,,,,0.0
2023-06-11 00:00:00+00:00,25 bps decrease,0.005,,,,,,,,,,,,,2023-06,,,,,,,0.0
2023-06-12 00:00:00+00:00,25 bps decrease,0.005,,,,,,,,,,,,,2023-06,,,,,,,0.0
2023-06-13 00:00:00+00:00,25 bps decrease,0.005,0.5,,,,,,,,,,,,2023-06,2023-07,,,,,,0.0
2023-06-14 00:00:00+00:00,25 bps decrease,0.005,0.465,,,,,,,,,,,,2023-06,2023-07,,,,,,0.0
2023-06-15 00:00:00+00:00,25 bps decrease,,0.015,,,,,,,,,,,,,2023-07,,,,,,
2023-06-16 00:00:00+00:00,25 bps decrease,,0.015,,,,,,,,,,,,,2023-07,,,,,,
2023-06-17 00:00:00+00:00,25 bps decrease,,0.015,,,,,,,,,,,,,2023-07,,,,,,
2023-06-18 00:00:00+00:00,25 bps decrease,,0.02,,,,,,,,,,,,,2023-07,,,,,,
2023-06-19 00:00:00+00:00,25 bps decrease,,0.025,,,,,,,,,,,,,2023-07,,,,,,
2023-06-20 00:00:00+00:00,25 bps decrease,,0.025,,,,,,,,,,,,,2023-07,,,,,,
2023-06-21 00:00:00+00:00,25 bps decrease,,0.025,,,,,,,,,,,,,2023-07,,,,,,
2023-06-22 00:00:00+00:00,25 bps decrease,,0.02,,,,,,,,,,,,,2023-07,,,,,,
2023-06-23 00:00:00+00:00,25 bps decrease,,0.02,,,,,,,,,,,,,2023-07,,,,,,
2023-06-24 00:00:00+00:00,25 bps decrease,,0.02,,,,,,,,,,,,,2023-07,,,,,,
2023-06-25 00:00:00+00:00,25 bps decrease,,0.025,,,,,,,,,,,,,2023-07,,,,,,
2023-06-26 00:00:00+00:00,25 bps decrease,,0.025,,,,,,,,,,,,,2023-07,,,,,,
2023-06-27 00:00:00+00:00,25 bps decrease,,0.02,,,,,,,,,,,,,2023-07,,,,,,
2023-06-28 00:00:00+00:00,25 bps decrease,,0.02,,,,,,,,,,,,,2023-07,,,,,,
2023-06-29 00:00:00+00:00,25 bps decrease,,0.015,,,,,,,,,,,,,2023-07,,,,,,
2023-06-30 00:00:00+00:00,25 bps decrease,,0.015,,,,,,,,,,,,,2023-07,,,,,,
2023-07-01 00:00:00+00:00,25 bps decrease,0.015,,,,,,,,,,,,,2023-07,,,,,,,0.0
2023-07-02 00:00:00+00:00,25 bps decrease,0.015,,,,,,,,,,,,,2023-07,,,,,,,0.0
2023-07-03 00:00:00+00:00,25 bps decrease,0.01,,,,,,,,,,,,,2023-07,,,,,,,0.0
2023-07-04 00:00:00+00:00,25 bps decrease,0.005,,,,,,,,,,,,,2023-07,,,,,,,0.0
2023-07-05 00:00:00+00:00,25 bps decrease,0.005,,,,,,,,,,,,,2023-07,,,,,,,0.0
2023-07-06 00:00:00+00:00,25 bps decrease,0.005,,,,,,,,,,,,,2023-07,,,,,,,0.0
2023-07-07 00:00:00+00:00,25 bps decrease,0.005,,,,,,,,,,,,,2023-07,,,,,,,0.0
2023-07-08 00:00:00+00:00,25 bps decrease,0.01,,,,,,,,,,,,,2023-07,,,,,,,0.0
2023-07-09 00:00:00+00:00,25 bps decrease,0.01,,,,,,,,,,,,,2023-07,,,,,,,0.0
2023-07-10 00:00:00+00:00,25 bps decrease,0.01,,,,,,,,,,,,,2023-07,,,,,,,0.0
2023-07-11 00:00:00+00:00,25 bps decrease,0.01,,,,,,,,,,,,,2023-07,,,,,,,0.0
2023-07-12 00:00:00+00:00,25 bps decrease,0.01,,,,,,,,,,,,,2023-07,,,,,,,0.0
2023-07-13 00:00:00+00:00,25 bps decrease,0.01,,,,,,,,,,,,,2023-07,,,,,,,0.0
2023-07-14 00:00:00+00:00,25 bps decrease,0.01,,,,,,,,,,,,,2023-07,,,,,,,0.0
2023-07-15 00:00:00+00:00,25 bps decrease,0.005,,,,,,,,,,,,,2023-07,,,,,,,0.0
2023-07-16 00:00:00+00:00,25 bps decrease,0.01,,,,,,,,,,,,,2023-07,,,,,,,0.0
2023-07-17 00:00:00+00:00,25 bps decrease,0.005,,,,,,,,,,,,,2023-07,,,,,,,0.0
2023-07-18 00:00:00+00:00,25 bps decrease,0.01,,,,,,,,,,,,,2023-07,,,,,,,0.0
2023-07-19 00:00:00+00:00,25 bps decrease,0.01,,,,,,,,,,,,,2023-07,,,,,,,0.0
2023-07-20 00:00:00+00:00,25 bps decrease,0.005,,,,,,,,,,,,,2023-07,,,,,,,0.0
2023-07-21 00:00:00+00:00,25 bps decrease,0.005,,,,,,,,,,,,,2023-07,,,,,,,0.0
2023-07-22 00:00:00+00:00,25 bps decrease,0.005,,,,,,,,,,,,,2023-07,,,,,,,0.0
2023-07-23 00:00:00+00:00,25 bps decrease,0.005,,,,,,,,,,,,,2023-07,,,,,,,0.0
2023-07-24 00:00:00+00:00,25 bps decrease,0.005,,,,,,,,,,,,,2023-07,,,,,,,0.0
2023-07-25 00:00:00+00:00,25 bps decrease,0.01,,,,,,,,,,,,,2023-07,,,,,,,0.0
2023-07-26 00:00:00+00:00,25 bps decrease,0.005,,,,,,,,,,,,,2023-07,,,,,,,0.0
2023-12-09 00:00:00+00:00,25 bps decrease,,0.51,,,,,,,,,,,,,2024-01,,,,,,
2023-12-10 00:00:00+00:00,25 bps decrease,,0.05,,,,,,,,,,,,,2024-01,,,,,,
2023-12-11 00:00:00+00:00,25 bps decrease,,0.035,,,,,,,,,,,,,2024-01,,,,,,
2023-12-12 00:00:00+00:00,25 bps decrease,,0.035,,,,,,,,,,,,,2024-01,,,,,,
2023-12-13 00:00:00+00:00,25 bps decrease,,0.255,,,,,,,,,,,,,2024-01,,,,,,
2023-12-14 00:00:00+00:00,25 bps decrease,,0.06,,,,,,,,,,,,,2024-01,,,,,,
2023-12-15 00:00:00+00:00,25 bps decrease,,0.05,,,,,,,,,,,,,2024-01,,,,,,
2023-12-16 00:00:00+00:00,25 bps decrease,,0.045,,,,,,,,,,,,,2024-01,,,,,,
2023-12-17 00:00:00+00:00,25 bps decrease,,0.0205,,,,,,,,,,,,,2024-01,,,,,,
2023-12-18 00:00:00+00:00,25 bps decrease,,0.0205,,,,,,,,,,,,,2024-01,,,,,,
2023-12-19 00:00:00+00:00,25 bps decrease,,0.0205,,,,,,,,,,,,,2024-01,,,,,,
2023-12-20 00:00:00+00:00,25 bps decrease,,0.017,,,,,,,,,,,,,2024-01,,,,,,
2023-12-21 00:00:00+00:00,25 bps decrease,,0.017,,,,,,,,,,,,,2024-01,,,,,,
2023-12-22 00:00:00+00:00,25 bps decrease,,0.017,,,,,,,,,,,,,2024-01,,,,,,
2023-12-23 00:00:00+00:00,25 bps decrease,,0.017,,,,,,,,,,,,,2024-01,,,,,,
2023-12-24 00:00:00+00:00,25 bps decrease,,0.017,,,,,,,,,,,,,2024-01,,,,,,
2023-12-25 00:00:00+00:00,25 bps decrease,,0.017,,,,,,,,,,,,,2024-01,,,,,,
2023-12-26 00:00:00+00:00,25 bps decrease,,0.017,,,,,,,,,,,,,2024-01,,,,,,
2023-12-27 00:00:00+00:00,25 bps decrease,,0.017,,,,,,,,,,,,,2024-01,,,,,,
2023-12-28 00:00:00+00:00,25 bps decrease,,0.017,,,,,,,,,,,,,2024-01,,,,,,
2023-12-29 00:00:00+00:00,25 bps decrease,,0.017,,,,,,,,,,,,,2024-01,,,,,,
2023-12-30 00:00:00+00:00,25 bps decrease,,0.017,,,,,,,,,,,,,2024-01,,,,,,
2023-12-31 00:00:00+00:00,25 bps decrease,,0.017,,,,,,,,,,,,,2024-01,,,,,,
2024-01-01 00:00:00+00:00,25 bps decrease,0.017,,,,,,,,,,,,,2024-01,,,,,,,0.0
2024-01-02 00:00:00+00:00,25 bps decrease,0.017,,,,,,,,,,,,,2024-01,,,,,,,0.0
2024-01-03 00:00:00+00:00,25 bps decrease,0.04,,,,,,,,,,,,,2024-01,,,,,,,0.0
2024-01-04 00:00:00+00:00,25 bps decrease,0.0375,,,,,,,,,,,,,2024-01,,,,,,,0.0
2024-01-05 00:00:00+00:00,25 bps decrease,0.0525,,,,,,,,,,,,,2024-01,,,,,,,0.0
2024-01-06 00:00:00+00:00,25 bps decrease,0.0355,,,,,,,,,,,,,2024-01,,,,,,,0.0
2024-01-07 00:00:00+00:00,25 bps decrease,0.0315,,,,,,,,,,,,,2024-01,,,,,,,0.0
2024-01-08 00:00:00+00:00,25 bps decrease,0.0315,,,,,,,,,,,,,2024-01,,,,,,,0.0
2024-01-09 00:00:00+00:00,25 bps decrease,0.029,,,,,,,,,,,,,2024-01,,,,,,,0.0
2024-01-10 00:00:00+00:00,25 bps decrease,0.45,,,,,,,,,,,,,2024-01,,,,,,,0.0
2024-01-11 00:00:00+00:00,25 bps decrease,0.035,,,,,,,,,,,,,2024-01,,,,,,,0.0
2024-01-12 00:00:00+00:00,25 bps decrease,0.051,,,,,,,,,,,,,2024-01,,,,,,,0.0
2024-01-13 00:00:00+00:00,25 bps decrease,0.035,,,,,,,,,,,,,2024-01,,,,,,,0.0
2024-01-14 00:00:00+00:00,25 bps decrease,0.038,,,,,,,,,,,,,2024-01,,,,,,,0.0
2024-01-15 00:00:00+00:00,25 bps decrease,0.037,,,,,,,,,,,,,2024-01,,,,,,,0.0
2024-01-16 00:00:00+00:00,25 bps decrease,0.038,,,,,,,,,,,,,2024-01,,,,,,,0.0
2024-01-17 00:00:00+00:00,25 bps decrease,0.0265,,,,,,,,,,,,,2024-01,,,,,,,0.0
2024-01-18 00:00:00+00:00,25 bps decrease,0.0215,,,,,,,,,,,,,2024-01,,,,,,,0.0
2024-01-19 00:00:00+00:00,25 bps decrease,0.0215,,,,,,,,,,,,,2024-01,,,,,,,0.0
2024-01-20 00:00:00+00:00,25 bps decrease,0.013,,,,,,,,,,,,,2024-01,,,,,,,0.0
2024-01-21 00:00:00+00:00,25 bps decrease,0.013,,,,,,,,,,,,,2024-01,,,,,,,0.0
2024-01-22 00:00:00+00:00,25 bps decrease,0.0125,,,,,,,,,,,,,2024-01,,,,,,,0.0
2024-01-23 00:00:00+00:00,25 bps decrease,0.012,,,,,,,,,,,,,2024-01,,,,,,,0.0
2024-01-24 00:00:00+00:00,25 bps decrease,0.0225,,,,,,,,,,,,,2024-01,,,,,,,0.0
2024-01-25 00:00:00+00:00,25 bps decrease,0.0505,,,,,,,,,,,,,2024-01,,,,,,,0.0
2024-01-26 00:00:00+00:00,25 bps decrease,0.0495,,,,,,,,,,,,,2024-01,,,,,,,0.0
2024-01-27 00:00:00+00:00,25 bps decrease,0.008,,,,,,,,,,,,,2024-01,,,,,,,0.0
2024-01-28 00:00:00+00:00,25 bps decrease,0.0085,,,,,,,,,,,,,2024-01,,,,,,,0.0
2024-01-29 00:00:00+00:00,25 bps decrease,0.0065,,,,,,,,,,,,,2024-01,,,,,,,0.0
2024-01-30 00:00:00+00:00,25 bps decrease,0.008,,,,,,,,,,,,,2024-01,,,,,,,0.0
2024-01-31 00:00:00+00:00,25 bps decrease,0.0075,,,,,,,,,,,,,2024-01,,,,,,,0.0
2024-02-01 00:00:00+00:00,25 bps decrease,,0.485,,,,,,,,,,,,,2024-03,,,,,,
2024-02-02 00:00:00+00:00,25 bps decrease,,0.485,,,,,,,,,,,,,2024-03,,,,,,
2024-02-03 00:00:00+00:00,25 bps decrease,,0.485,,,,,,,,,,,,,2024-03,,,,,,
2024-02-04 00:00:00+00:00,25 bps decrease,,0.485,,,,,,,,,,,,,2024-03,,,,,,
2024-02-05 00:00:00+00:00,25 bps decrease,,0.485,,,,,,,,,,,,,2024-03,,,,,,
2024-02-06 00:00:00+00:00,25 bps decrease,,0.485,,,,,,,,,,,,,2024-03,,,,,,
2024-02-07 00:00:00+00:00,25 bps decrease,,0.485,,,,,,,,,,,,,2024-03,,,,,,
2024-02-08 00:00:00+00:00,25 bps decrease,,0.49,,,,,,,,,,,,,2024-03,,,,,,
2024-02-09 00:00:00+00:00,25 bps decrease,,0.49,,,,,,,,,,,,,2024-03,,,,,,
2024-02-10 00:00:00+00:00,25 bps decrease,,0.49,,,,,,,,,,,,,2024-03,,,,,,
2024-02-11 00:00:00+00:00,25 bps decrease,,0.49,,,,,,,,,,,,,2024-03,,,,,,
2024-02-12 00:00:00+00:00,25 bps decrease,,0.49,,,,,,,,,,,,,2024-03,,,,,,
2024-02-13 00:00:00+00:00,25 bps decrease,,0.49,,,,,,,,,,,,,2024-03,,,,,,
2024-02-14 00:00:00+00:00,25 bps decrease,,0.49,,,,,,,,,,,,,2024-03,,,,,,
2024-02-15 00:00:00+00:00,25 bps decrease,,0.49,,,,,,,,,,,,,2024-03,,,,,,
2024-02-16 00:00:00+00:00,25 bps decrease,,0.49,,,,,,,,,,,,,2024-03,,,,,,
2024-02-17 00:00:00+00:00,25 bps decrease,,0.04,,,,,,,,,,,,,2024-03,,,,,,
2024-02-18 00:00:00+00:00,25 bps decrease,,0.035,,,,,,,,,,,,,2024-03,,,,,,
2024-02-19 00:00:00+00:00,25 bps decrease,,0.035,,,,,,,,,,,,,2024-03,,,,,,
2024-02-20 00:00:00+00:00,25 bps decrease,,0.035,,,,,,,,,,,,,2024-03,,,,,,
2024-02-21 00:00:00+00:00,25 bps decrease,,0.04,,,,,,,,,,,,,2024-03,,,,,,
2024-02-22 00:00:00+00:00,25 bps decrease,,0.04,,,,,,,,,,,,,2024-03,,,,,,
2024-02-23 00:00:00+00:00,25 bps decrease,,0.0405,,,,,,,,,,,,,2024-03,,,,,,
2024-02-24 00:00:00+00:00,25 bps decrease,,0.0395,,,,,,,,,,,,,2024-03,,,,,,
2024-02-25 00:00:00+00:00,25 bps decrease,,0.035,,,,,,,,,,,,,2024-03,,,,,,
2024-02-26 00:00:00+00:00,25 bps decrease,,0.0345,,,,,,,,,,,,,2024-03,,,,,,
2024-02-27 00:00:00+00:00,25 bps decrease,,0.034,,,,,,,,,,,,,2024-03,,,,,,
2024-02-28 00:00:00+00:00,25 bps decrease,,0.034,,,,,,,,,,,,,2024-03,,,,,,
2024-02-29 00:00:00+00:00,25 bps decrease,,0.0345,,,,,,,,,,,,,2024-03,,,,,,
2024-03-01 00:00:00+00:00,25 bps decrease,0.0345,,,,,,,,,,,,,2024-03,,,,,,,0.0
2024-03-02 00:00:00+00:00,25 bps decrease,0.0335,,,,,,,,,,,,,2024-03,,,,,,,0.0
2024-03-03 00:00:00+00:00,25 bps decrease,0.031,,,,,,,,,,,,,2024-03,,,,,,,0.0
2024-03-04 00:00:00+00:00,25 bps decrease,0.0295,,,,,,,,,,,,,2024-03,,,,,,,0.0
2024-03-05 00:00:00+00:00,25 bps decrease,0.029,,,,,,,,,,,,,2024-03,,,,,,,0.0
2024-03-06 00:00:00+00:00,25 bps decrease,0.0255,,,,,,,,,,,,,2024-03,,,,,,,0.0
2024-03-07 00:00:00+00:00,25 bps decrease,0.026,,,,,,,,,,,,,2024-03,,,,,,,0.0
2024-03-08 00:00:00+00:00,25 bps decrease,0.026,,,,,,,,,,,,,2024-03,,,,,,,0.0
2024-03-09 00:00:00+00:00,25 bps decrease,0.022,,,,,,,,,,,,,2024-03,,,,,,,0.0
2024-03-10 00:00:00+00:00,25 bps decrease,0.022,,,,,,,,,,,,,2024-03,,,,,,,0.0
2024-03-11 00:00:00+00:00,25 bps decrease,0.0215,,,,,,,,,,,,,2024-03,,,,,,,0.0
2024-03-12 00:00:00+00:00,25 bps decrease,0.0195,,,,,,,,,,,,,2024-03,,,,,,,0.0
2024-03-13 00:00:00+00:00,25 bps decrease,0.012,,,,,,,,,,,,,2024-03,,,,,,,0.0
2024-03-14 00:00:00+00:00,25 bps decrease,0.012,,,,,,,,,,,,,2024-03,,,,,,,0.0
2024-03-15 00:00:00+00:00,25 bps decrease,0.012,,,,,,,,,,,,,2024-03,,,,,,,0.0
2024-03-16 00:00:00+00:00,25 bps decrease,0.011,,,,,,,,,,,,,2024-03,,,,,,,0.0
2024-03-17 00:00:00+00:00,25 bps decrease,0.007,,,,,,,,,,,,,2024-03,,,,,,,0.0
2024-03-18 00:00:00+00:00,25 bps decrease,0.009,,,,,,,,,,,,,2024-03,,,,,,,0.0
2024-03-19 00:00:00+00:00,25 bps decrease,0.009,,,,,,,,,,,,,2024-03,,,,,,,0.0
2024-03-20 00:00:00+00:00,25 bps decrease,0.0075,,,,,,,,,,,,,2024-03,,,,,,,0.0
2024-04-04 00:00:00+00:00,25 bps decrease,,0.036,,,,,,,,,,,,,2024-05,,,,,,
2024-04-05 00:00:00+00:00,25 bps decrease,,0.0875,,,,,,,,,,,,,2024-05,,,,,,
2024-04-06 00:00:00+00:00,25 bps decrease,,0.0355,,,,,,,,,,,,,2024-05,,,,,,
2024-04-07 00:00:00+00:00,25 bps decrease,,0.042,,,,,,,,,,,,,2024-05,,,,,,
2024-04-08 00:00:00+00:00,25 bps decrease,,0.0395,,,,,,,,,,,,,2024-05,,,,,,
2024-04-09 00:00:00+00:00,25 bps decrease,,0.04,,,,,,,,,,,,,2024-05,,,,,,
2024-04-10 00:00:00+00:00,25 bps decrease,,0.0405,,,,,,,,,,,,,2024-05,,,,,,
2024-04-11 00:00:00+00:00,25 bps decrease,,0.0175,,,,,,,,,,,,,2024-05,,,,,,
2024-04-12 00:00:00+00:00,25 bps decrease,,0.0165,,,,,,,,,,,,,2024-05,,,,,,
2024-04-13 00:00:00+00:00,25 bps decrease,,0.016,,,,,,,,,,,,,2024-05,,,,,,
2024-04-14 00:00:00+00:00,25 bps decrease,,0.017,,,,,,,,,,,,,2024-05,,,,,,
2024-04-15 00:00:00+00:00,25 bps decrease,,0.0175,,,,,,,,,,,,,2024-05,,,,,,
2024-04-16 00:00:00+00:00,25 bps decrease,,0.017,,,,,,,,,,,,,2024-05,,,,,,
2024-04-17 00:00:00+00:00,25 bps decrease,,0.0135,,,,,,,,,,,,,2024-05,,,,,,
2024-04-18 00:00:00+00:00,25 bps decrease,,0.0155,,,,,,,,,,,,,2024-05,,,,,,
2024-04-19 00:00:00+00:00,25 bps decrease,,0.014,,,,,,,,,,,,,2024-05,,,,,,
2024-04-20 00:00:00+00:00,25 bps decrease,,0.012,,,,,,,,,,,,,2024-05,,,,,,
2024-04-21 00:00:00+00:00,25 bps decrease,,0.0115,,,,,,,,,,,,,2024-05,,,,,,
2024-04-22 00:00:00+00:00,25 bps decrease,,0.0115,,,,,,,,,,,,,2024-05,,,,,,
2024-04-23 00:00:00+00:00,25 bps decrease,,0.0105,,,,,,,,,,,,,2024-05,,,,,,
2024-04-24 00:00:00+00:00,25 bps decrease,,0.007,,,,,,,,,,,,,2024-05,,,,,,
2024-04-25 00:00:00+00:00,25 bps decrease,,0.0085,,,,,,,,,,,,,2024-05,,,,,,
2024-04-26 00:00:00+00:00,25 bps decrease,,0.009,,,,,,,,,,,,,2024-05,,,,,,
2024-04-27 00:00:00+00:00,25 bps decrease,,0.0065,,,,,,,,,,,,,2024-05,,,,,,
2024-04-28 00:00:00+00:00,25 bps decrease,,0.0045,,,,,,,,,,,,,2024-05,,,,,,
2024-04-29 00:00:00+00:00,25 bps decrease,,0.004,,,,,,,,,,,,,2024-05,,,,,,
2024-04-30 00:00:00+00:00,25 bps decrease,,0.0045,,,,,,,,,,,,,2024-05,,,,,,
2024-05-01 00:00:00+00:00,25 bps decrease,0.0055,,,,,,,,,,,,,2024-05,,,,,,,0.0
2024-05-02 00:00:00+00:00,25 bps decrease,,0.045,,,,,,,,,,,,,2024-06,,,,,,
2024-05-03 00:00:00+00:00,25 bps decrease,,0.03,,,,,,,,,,,,,2024-06,,,,,,
2024-05-04 00:00:00+00:00,25 bps decrease,,0.0465,,,,,,,,,,,,,2024-06,,,,,,
2024-05-05 00:00:00+00:00,25 bps decrease,,0.051,,,,,,,,,,,,,2024-06,,,,,,
2024-05-06 00:00:00+00:00,25 bps decrease,,0.0495,,,,,,,,,,,,,2024-06,,,,,,
2024-05-07 00:00:00+00:00,25 bps decrease,,0.0495,,,,,,,,,,,,,2024-06,,,,,,
2024-05-08 00:00:00+00:00,25 bps decrease,,0.044,,,,,,,,,,,,,2024-06,,,,,,
2024-05-09 00:00:00+00:00,25 bps decrease,,0.048,,,,,,,,,,,,,2024-06,,,,,,
2024-05-10 00:00:00+00:00,25 bps decrease,,0.05,,,,,,,,,,,,,2024-06,,,,,,
2024-05-11 00:00:00+00:00,25 bps decrease,,0.047,,,,,,,,,,,,,2024-06,,,,,,
2024-05-12 00:00:00+00:00,25 bps decrease,,0.046,,,,,,,,,,,,,2024-06,,,,,,
2024-05-13 00:00:00+00:00,25 bps decrease,,0.0475,,,,,,,,,,,,,2024-06,,,,,,
2024-05-14 00:00:00+00:00,25 bps decrease,,0.047,,,,,,,,,,,,,2024-06,,,,,,
2024-05-15 00:00:00+00:00,25 bps decrease,,0.042,,,,,,,,,,,,,2024-06,,,,,,
2024-05-16 00:00:00+00:00,25 bps decrease,,0.0365,,,,,,,,,,,,,2024-06,,,,,,
2024-05-17 00:00:00+00:00,25 bps decrease,,0.0275,,,,,,,,,,,,,2024-06,,,,,,
2024-05-18 00:00:00+00:00,25 bps decrease,,0.027,,,,,,,,,,,,,2024-06,,,,,,
2024-05-19 00:00:00+00:00,25 bps decrease,,0.0245,,,,,,,,,,,,,2024-06,,,,,,
2024-05-20 00:00:00+00:00,25 bps decrease,,0.0215,,,,,,,,,,,,,2024-06,,,,,,
2024-05-21 00:00:00+00:00,25 bps decrease,,0.022,,,,,,,,,,,,,2024-06,,,,,,
2024-05-22 00:00:00+00:00,25 bps decrease,,0.0185,,,,,,,,,,,,,2024-06,,,,,,
2024-05-23 00:00:00+00:00,25 bps decrease,,0.0205,,,,,,,,,,,,,2024-06,,,,,,
2024-05-24 00:00:00+00:00,25 bps decrease,,0.017,,,,,,,,,,,,,2024-06,,,,,,
2024-05-25 00:00:00+00:00,25 bps decrease,,0.0165,,,,,,,,,,,,,2024-06,,,,,,
2024-05-26 00:00:00+00:00,25 bps decrease,,0.0195,,,,,,,,,,,,,2024-06,,,,,,
2024-05-27 00:00:00+00:00,25 bps decrease,,0.0165,,,,,,,,,,,,,2024-06,,,,,,
2024-05-28 00:00:00+00:00,25 bps decrease,,0.017,,,,,,,,,,,,,2024-06,,,,,,
2024-05-29 00:00:00+00:00,25 bps decrease,,0.0185,,,,,,,,,,,,,2024-06,,,,,,
2024-05-30 00:00:00+00:00,25 bps decrease,,0.0185,,,,,,,,,,,,,2024-06,,,,,,
2024-05-31 00:00:00+00:00,25 bps decrease,,0.0205,,,,,,,,,,,,,2024-06,,,,,,
2024-06-01 00:00:00+00:00,25 bps decrease,0.0205,,,,,,,,,,,,,2024-06,,,,,,,0.0
2024-06-02 00:00:00+00:00,25 bps decrease,0.0215,,,,,,,,,,,,,2024-06,,,,,,,0.0
2024-06-03 00:00:00+00:00,25 bps decrease,0.022,,,,,,,,,,,,,2024-06,,,,,,,0.0
2024-06-04 00:00:00+00:00,25 bps decrease,0.021,,,,,,,,,,,,,2024-06,,,,,,,0.0
2024-06-05 00:00:00+00:00,25 bps decrease,0.0225,,,,,,,,,,,,,2024-06,,,,,,,0.0
2024-06-06 00:00:00+00:00,25 bps decrease,0.0245,,,,,,,,,,,,,2024-06,,,,,,,0.0
2024-06-07 00:00:00+00:00,25 bps decrease,0.0375,,,,,,,,,,,,,2024-06,,,,,,,0.0
2024-06-08 00:00:00+00:00,25 bps decrease,0.03,,,,,,,,,,,,,2024-06,,,,,,,0.0
2024-06-09 00:00:00+00:00,25 bps decrease,0.028,,,,,,,,,,,,,2024-06,,,,,,,0.0
2024-06-10 00:00:00+00:00,25 bps decrease,0.0325,,,,,,,,,,,,,2024-06,,,,,,,0.0
2024-06-11 00:00:00+00:00,25 bps decrease,0.0315,,,,,,,,,,,,,2024-06,,,,,,,0.0
2024-06-12 00:00:00+00:00,25 bps decrease,0.024,,,,,,,,,,,,,2024-06,,,,,,,0.0
2024-06-13 00:00:00+00:00,25 bps decrease,,0.07,,,,,,,,,,,,,2024-07,,,,,,
2024-06-14 00:00:00+00:00,25 bps decrease,,0.07,,,,,,,,,,,,,2024-07,,,,,,
2024-06-15 00:00:00+00:00,25 bps decrease,,0.075,,,,,,,,,,,,,2024-07,,,,,,
2024-06-16 00:00:00+00:00,25 bps decrease,,0.0745,,,,,,,,,,,,,2024-07,,,,,,
2024-06-17 00:00:00+00:00,25 bps decrease,,0.0745,,,,,,,,,,,,,2024-07,,,,,,
2024-06-18 00:00:00+00:00,25 bps decrease,,0.074,,,,,,,,,,,,,2024-07,,,,,,
2024-06-19 00:00:00+00:00,25 bps decrease,,0.077,,,,,,,,,,,,,2024-07,,,,,,
2024-06-20 00:00:00+00:00,25 bps decrease,,0.076,,,,,,,,,,,,,2024-07,,,,,,
2024-06-21 00:00:00+00:00,25 bps decrease,,0.076,,,,,,,,,,,,,2024-07,,,,,,
2024-06-22 00:00:00+00:00,25 bps decrease,,0.0655,,,,,,,,,,,,,2024-07,,,,,,
2024-06-23 00:00:00+00:00,25 bps decrease,,0.065,,,,,,,,,,,,,2024-07,,,,,,
2024-06-24 00:00:00+00:00,25 bps decrease,,0.065,,,,,,,,,,,,,2024-07,,,,,,
2024-06-25 00:00:00+00:00,25 bps decrease,,0.065,,,,,,,,,,,,,2024-07,,,,,,
2024-06-26 00:00:00+00:00,25 bps decrease,,0.065,,,,,,,,,,,,,2024-07,,,,,,
2024-06-27 00:00:00+00:00,25 bps decrease,,0.066,,,,,,,,,,,,,2024-07,,,,,,
2024-06-28 00:00:00+00:00,25 bps decrease,,0.073,,,,,,,,,,,,,2024-07,,,,,,
2024-06-29 00:00:00+00:00,25 bps decrease,,0.0655,,,,,,,,,,,,,2024-07,,,,,,
2024-06-30 00:00:00+00:00,25 bps decrease,,0.0675,,,,,,,,,,,,,2024-07,,,,,,
2024-07-01 00:00:00+00:00,25 bps decrease,0.068,,,,,,,,,,,,,2024-07,,,,,,,0.0
2024-07-02 00:00:00+00:00,25 bps decrease,0.067,,,,,,,,,,,,,2024-07,,,,,,,0.0
2024-07-03 00:00:00+00:00,25 bps decrease,0.0675,,,,,,,,,,,,,2024-07,,,,,,,0.0
2024-07-04 00:00:00+00:00,25 bps decrease,0.067,,,,,,,,,,,,,2024-07,,,,,,,0.0
2024-07-05 00:00:00+00:00,25 bps decrease,0.071,,,,,,,,,,,,,2024-07,,,,,,,0.0
2024-07-06 00:00:00+00:00,25 bps decrease,0.068,,,,,,,,,,,,,2024-07,,,,,,,0.0
2024-07-07 00:00:00+00:00,25 bps decrease,0.0675,,,,,,,,,,,,,2024-07,,,,,,,0.0
2024-07-08 00:00:00+00:00,25 bps decrease,0.065,,,,,,,,,,,,,2024-07,,,,,,,0.0
2024-07-09 00:00:00+00:00,25 bps decrease,0.0625,,,,,,,,,,,,,2024-07,,,,,,,0.0
2024-07-10 00:00:00+00:00,25 bps decrease,0.063,,,,,,,,,,,,,2024-07,,,,,,,0.0
2024-07-11 00:00:00+00:00,25 bps decrease,0.066,,,,,,,,,,,,,2024-07,,,,,,,0.0
2024-07-12 00:00:00+00:00,25 bps decrease,0.0735,,,,,,,,,,,,,2024-07,,,,,,,0.0
2024-07-13 00:00:00+00:00,25 bps decrease,0.0755,,,,,,,,,,,,,2024-07,,,,,,,0.0
2024-07-14 00:00:00+00:00,25 bps decrease,0.0745,,,,,,,,,,,,,2024-07,,,,,,,0.0
2024-07-15 00:00:00+00:00,25 bps decrease,0.0755,,,,,,,,,,,,,2024-07,,,,,,,0.0
2024-07-16 00:00:00+00:00,25 bps decrease,0.0885,,,,,,,,,,,,,2024-07,,,,,,,0.0
2024-07-17 00:00:00+00:00,25 bps decrease,0.0745,,,,,,,,,,,,,2024-07,,,,,,,0.0
2024-07-18 00:00:00+00:00,25 bps decrease,0.0425,,,,,,,,,,,,,2024-07,,,,,,,0.0
2024-07-19 00:00:00+00:00,25 bps decrease,0.054,,,,,,,,,,,,,2024-07,,,,,,,0.0
2024-07-20 00:00:00+00:00,25 bps decrease,0.051,,,,,,,,,,,,,2024-07,,,,,,,0.0
2024-07-21 00:00:00+00:00,25 bps decrease,0.051,,,,,,,,,,,,,2024-07,,,,,,,0.0
2024-07-22 00:00:00+00:00,25 bps decrease,0.0545,,,,,,,,,,,,,2024-07,,,,,,,0.0
2024-07-23 00:00:00+00:00,25 bps decrease,0.046,,,,,,,,,,,,,2024-07,,,,,,,0.0
2024-07-24 00:00:00+00:00,25 bps decrease,0.0465,,,,,,,,,,,,,2024-07,,,,,,,0.0
2024-07-25 00:00:00+00:00,25 bps decrease,0.0565,,,,,,,,,,,,,2024-07,,,,,,,0.0
2024-07-26 00:00:00+00:00,25 bps decrease,0.0765,,,,,,,,,,,,,2024-07,,,,,,,0.0
2024-07-27 00:00:00+00:00,25 bps decrease,0.0495,,,,,,,,,,,,,2024-07,,,,,,,0.0
2024-07-28 00:00:00+00:00,25 bps decrease,0.0475,,,,,,,,,,,,,2024-07,,,,,,,0.0
2024-07-29 00:00:00+00:00,25 bps decrease,0.0515,,,,,,,,,,,,,2024-07,,,,,,,0.0
2024-07-30 00:00:00+00:00,25 bps decrease,0.0505,,,,,,,,,,,,,2024-07,,,,,,,0.0
2024-07-31 00:00:00+00:00,25 bps decrease,0.0425,,,,,,,,,,,,,2024-07,,,,,,,0.0
2024-08-01 00:00:00+00:00,25 bps decrease,,0.765,,,,,,,,,,,,,2024-09,,,,,,
2024-08-02 00:00:00+00:00,25 bps decrease,,0.755,,,,,,,,,,,,,2024-09,,,,,,
2024-08-03 00:00:00+00:00,25 bps decrease,,0.45,,0.315,,,,,,,,,,,2024-09,,2024-11,,,,
2024-08-04 00:00:00+00:00,25 bps decrease,,0.505,,0.37,,,,,,,,,,,2024-09,,2024-11,,,,
2024-08-05 00:00:00+00:00,25 bps decrease,,0.435,,0.355,,,,,,,,,,,2024-09,,2024-11,,,,
2024-08-06 00:00:00+00:00,25 bps decrease,,0.375,,0.345,,,,,,,,,,,2024-09,,2024-11,,,,
2024-08-07 00:00:00+00:00,25 bps decrease,,0.455,,0.38,0.54,,,,,,,,,,2024-09,,2024-11,2024-12,,,
2024-08-08 00:00:00+00:00,25 bps decrease,,0.43,,0.4,0.57,,,,,,,,,,2024-09,,2024-11,2024-12,,,
2024-08-09 00:00:00+00:00,25 bps decrease,,0.49,,0.415,0.565,,,,,,,,,,2024-09,,2024-11,2024-12,,,
2024-08-10 00:00:00+00:00,25 bps decrease,,0.64,,0.48,0.605,,,,,,,,,,2024-09,,2024-11,2024-12,,,
2024-08-11 00:00:00+00:00,25 bps decrease,,0.615,,0.47,0.61,,,,,,,,,,2024-09,,2024-11,2024-12,,,
2024-08-12 00:00:00+00:00,25 bps decrease,,0.63,,0.46,0.65,,,,,,,,,,2024-09,,2024-11,2024-12,,,
2024-08-13 00:00:00+00:00,25 bps decrease,,0.63,,0.43,0.65,,,,,,,,,,2024-09,,2024-11,2024-12,,,
2024-08-14 00:00:00+00:00,25 bps decrease,,0.63,,0.455,0.64,,,,,,,,,,2024-09,,2024-11,2024-12,,,
2024-08-15 00:00:00+00:00,25 bps decrease,,0.725,,0.475,0.64,,,,,,,,,,2024-09,,2024-11,2024-12,,,
2024-08-16 00:00:00+00:00,25 bps decrease,,0.815,,0.485,0.57,,,,,,,,,,2024-09,,2024-11,2024-12,,,
2024-08-17 00:00:00+00:00,25 bps decrease,,0.805,,0.515,0.57,,,,,,,,,,2024-09,,2024-11,2024-12,,,
2024-08-18 00:00:00+00:00,25 bps decrease,,0.815,,0.525,0.57,,,,,,,,,,2024-09,,2024-11,2024-12,,,
2024-08-19 00:00:00+00:00,25 bps decrease,,0.795,,0.525,0.57,,,,,,,,,,2024-09,,2024-11,2024-12,,,
2024-08-20 00:00:00+00:00,25 bps decrease,,0.8,,0.525,0.57,,,,,,,,,,2024-09,,2024-11,2024-12,,,
2024-08-21 00:00:00+00:00,25 bps decrease,,0.78,,0.505,0.56,,,,,,,,,,2024-09,,2024-11,2024-12,,,
2024-08-22 00:00:00+00:00,25 bps decrease,,0.72,,0.515,0.56,,,,,,,,,,2024-09,,2024-11,2024-12,,,
2024-08-23 00:00:00+00:00,25 bps decrease,,0.76,,0.515,0.525,,,,,,,,,,2024-09,,2024-11,2024-12,,,
2024-08-24 00:00:00+00:00,25 bps decrease,,0.745,,0.625,0.525,,,,,,,,,,2024-09,,2024-11,2024-12,,,
2024-08-25 00:00:00+00:00,25 bps decrease,,0.745,,0.565,0.5,,,,,,,,,,2024-09,,2024-11,2024-12,,,
2024-08-26 00:00:00+00:00,25 bps decrease,,0.745,,0.555,0.495,,,,,,,,,,2024-09,,2024-11,2024-12,,,
2024-08-27 00:00:00+00:00,25 bps decrease,,0.745,,0.555,0.495,,,,,,,,,,2024-09,,2024-11,2024-12,,,
2024-08-28 00:00:00+00:00,25 bps decrease,,0.725,,0.555,0.495,,,,,,,,,,2024-09,,2024-11,2024-12,,,
2024-08-29 00:00:00+00:00,25 bps decrease,,0.725,,0.55,0.48,,,,,,,,,,2024-09,,2024-11,2024-12,,,
2024-08-30 00:00:00+00:00,25 bps decrease,,0.735,,0.555,0.485,,,,,,,,,,2024-09,,2024-11,2024-12,,,
2024-08-31 00:00:00+00:00,25 bps decrease,,0.745,,0.555,0.485,,,,,,,,,,2024-09,,2024-11,2024-12,,,
2024-09-01 00:00:00+00:00,25 bps decrease,0.74,,0.555,0.485,,,,,,,,,,2024-09,,2024-11,2024-12,,,,0.0
2024-09-02 00:00:00+00:00,25 bps decrease,0.755,,0.555,0.485,,,,,,,,,,2024-09,,2024-11,2024-12,,,,0.0
2024-09-03 00:00:00+00:00,25 bps decrease,0.765,,0.555,0.485,,,,,,,,,,2024-09,,2024-11,2024-12,,,,0.0
2024-09-04 00:00:00+00:00,25 bps decrease,0.745,,0.545,0.495,,,,,,,,,,2024-09,,2024-11,2024-12,,,,0.0
2024-09-05 00:00:00+00:00,25 bps decrease,0.615,,0.515,0.485,,,,,,,,,,2024-09,,2024-11,2024-12,,,,0.0
2024-09-06 00:00:00+00:00,25 bps decrease,0.645,,0.515,0.505,,,,,,,,,,2024-09,,2024-11,2024-12,,,,0.0
2024-09-07 00:00:00+00:00,25 bps decrease,0.73,,0.445,0.48,,,,,,,,,,2024-09,,2024-11,2024-12,,,,0.0
2024-09-08 00:00:00+00:00,25 bps decrease,0.725,,0.44,0.43,,,,,,,,,,2024-09,,2024-11,2024-12,,,,0.0
2024-09-09 00:00:00+00:00,25 bps decrease,0.725,,0.43,0.425,,,,,,,,,,2024-09,,2024-11,2024-12,,,,0.0
2024-09-10 00:00:00+00:00,25 bps decrease,0.755,,0.425,0.42,,,,,,,,,,2024-09,,2024-11,2024-12,,,,0.0
2024-09-11 00:00:00+00:00,25 bps decrease,0.745,,0.445,0.425,,,,,,,,,,2024-09,,2024-11,2024-12,,,,0.0
2024-09-12 00:00:00+00:00,25 bps decrease,0.905,,0.455,0.415,,,,,,,,,,2024-09,,2024-11,2024-12,,,,0.0
2024-09-13 00:00:00+00:00,25 bps decrease,0.72,,0.445,0.435,,,,,,,,,,2024-09,,2024-11,2024-12,,,,0.0
2024-09-14 00:00:00+00:00,25 bps decrease,0.65,,0.475,0.43,,,,,,,,,,2024-09,,2024-11,2024-12,,,,0.0
2024-09-15 00:00:00+00:00,25 bps decrease,0.645,,0.465,0.435,,,,,,,,,,2024-09,,2024-11,2024-12,,,,0.0
2024-09-16 00:00:00+00:00,25 bps decrease,0.55,,0.455,0.44,,,,,,,,,,2024-09,,2024-11,2024-12,,,,0.0
2024-09-17 00:00:00+00:00,25 bps decrease,0.395,,0.435,0.45,,,,,,,,,,2024-09,,2024-11,2024-12,,,,0.0
2024-09-18 00:00:00+00:00,25 bps decrease,0.449,,0.445,0.45,,,,,,,,,,2024-09,,2024-11,2024-12,,,,0.0
2024-09-19 00:00:00+00:00,25 bps decrease,,,0.615,0.45,,,,,,,,,,,,2024-11,2024-12,,,,
2024-09-20 00:00:00+00:00,25 bps decrease,,,0.56,0.495,,,,,,,,,,,,2024-11,2024-12,,,,
2024-09-21 00:00:00+00:00,25 bps decrease,,,0.515,0.535,,,,,,,,,,,,2024-11,2024-12,,,,
2024-09-22 00:00:00+00:00,25 bps decrease,,,0.505,0.535,,,,,,,,,,,,2024-11,2024-12,,,,
2024-09-23 00:00:00+00:00,25 bps decrease,,,0.445,0.54,,,,,,,,,,,,2024-11,2024-12,,,,
2024-09-24 00:00:00+00:00,25 bps decrease,,,0.51,0.495,,,,,,,,,,,,2024-11,2024-12,,,,
2024-09-25 00:00:00+00:00,25 bps decrease,,,0.44,0.48,,,,,,,,,,,,2024-11,2024-12,,,,
2024-09-26 00:00:00+00:00,25 bps decrease,,,0.425,0.465,,,,,,,,,,,,2024-11,2024-12,,,,
2024-09-27 00:00:00+00:00,25 bps decrease,,,0.48,0.47,,,,,,,,,,,,2024-11,2024-12,,,,
2024-09-28 00:00:00+00:00,25 bps decrease,,,0.495,0.475,,,,,,,,,,,,2024-11,2024-12,,,,
2024-09-29 00:00:00+00:00,25 bps decrease,,,0.485,0.465,,,,,,,,,,,,2024-11,2024-12,,,,
2024-09-30 00:00:00+00:00,25 bps decrease,,,0.505,0.465,,,,,,,,,,,,2024-11,2024-12,,,,
2024-10-01 00:00:00+00:00,25 bps decrease,,0.64,0.5,,,,,,,,,,,,2024-11,2024-12,,,,,
2024-10-02 00:00:00+00:00,25 bps decrease,,0.62,0.495,,,,,,,,,,,,2024-11,2024-12,,,,,
2024-10-03 00:00:00+00:00,25 bps decrease,,0.63,0.5,,,,,,,,,,,,2024-11,2024-12,,,,,
2024-10-04 00:00:00+00:00,25 bps decrease,,0.66,0.555,,,,,,,,,,,,2024-11,2024-12,,,,,
2024-10-05 00:00:00+00:00,25 bps decrease,,0.79,0.73,,,,,,,,,,,,2024-11,2024-12,,,,,
2024-10-06 00:00:00+00:00,25 bps decrease,,0.805,0.69,,,,,,,,,,,,2024-11,2024-12,,,,,
2024-10-07 00:00:00+00:00,25 bps decrease,,0.82,0.735,,,,,,,,,,,,2024-11,2024-12,,,,,
2024-10-08 00:00:00+00:00,25 bps decrease,,0.735,0.695,,,,,,,,,,,,2024-11,2024-12,,,,,
2024-10-09 00:00:00+00:00,25 bps decrease,,0.785,0.695,,,,,,,,,,,,2024-11,2024-12,,,,,
2024-10-10 00:00:00+00:00,25 bps decrease,,0.75,0.685,,,,,,,,,,,,2024-11,2024-12,,,,,
2024-10-11 00:00:00+00:00,25 bps decrease,,0.765,0.715,,,,,,,,,,,,2024-11,2024-12,,,,,
2024-10-12 00:00:00+00:00,25 bps decrease,,0.795,0.71,,,,,,,,,,,,2024-11,2024-12,,,,,
2024-10-13 00:00:00+00:00,25 bps decrease,,0.795,0.71,,,,,,,,,,,,2024-11,2024-12,,,,,
2024-10-14 00:00:00+00:00,25 bps decrease,,0.795,0.71,,,,,,,,,,,,2024-11,2024-12,,,,,
2024-10-15 00:00:00+00:00,25 bps decrease,,0.755,0.71,,,,,,,,,,,,2024-11,2024-12,,,,,
2024-10-16 00:00:00+00:00,25 bps decrease,,0.805,0.725,,,,,,,,,,,,2024-11,2024-12,,,,,
2024-10-17 00:00:00+00:00,25 bps decrease,,0.8,0.715,,,,,,,,,,,,2024-11,2024-12,,,,,
2024-10-18 00:00:00+00:00,25 bps decrease,,0.79,0.705,,,,,,,,,,,,2024-11,2024-12,,,,,
2024-10-19 00:00:00+00:00,25 bps decrease,,0.84,0.695,,,,,,,,,,,,2024-11,2024-12,,,,,
2024-10-20 00:00:00+00:00,25 bps decrease,,0.85,0.695,,,,,,,,,,,,2024-11,2024-12,,,,,
2024-10-21 00:00:00+00:00,25 bps decrease,,0.865,0.695,,,,,,,,,,,,2024-11,2024-12,,,,,
2024-10-22 00:00:00+00:00,25 bps decrease,,0.835,0.695,,,,,,,,,,,,2024-11,2024-12,,,,,
2024-10-23 00:00:00+00:00,25 bps decrease,,0.82,0.675,,,,,,,,,,,,2024-11,2024-12,,,,,
2024-10-24 00:00:00+00:00,25 bps decrease,,0.82,0.67,,,,,,,,,,,,2024-11,2024-12,,,,,
2024-10-25 00:00:00+00:00,25 bps decrease,,0.835,0.665,,,,,,,,,,,,2024-11,2024-12,,,,,
2024-10-26 00:00:00+00:00,25 bps decrease,,0.825,0.675,,,,,,,,,,,,2024-11,2024-12,,,,,
2024-10-27 00:00:00+00:00,25 bps decrease,,0.835,0.695,,,,,,,,,,,,2024-11,2024-12,,,,,
2024-10-28 00:00:00+00:00,25 bps decrease,,0.825,0.695,,,,,,,,,,,,2024-11,2024-12,,,,,
2024-10-29 00:00:00+00:00,25 bps decrease,,0.84,0.685,,,,,,,,,,,,2024-11,2024-12,,,,,
2024-10-30 00:00:00+00:00,25 bps decrease,,0.845,0.68,,,,,,,,,,,,2024-11,2024-12,,,,,
2024-10-31 00:00:00+00:00,25 bps decrease,,0.855,0.67,,,,,,,,,,,,2024-11,2024-12,,,,,
2024-11-01 00:00:00+00:00,25 bps decrease,0.835,0.625,,,,,,,,,,,,2024-11,2024-12,,,,,,1.0
2024-11-02 00:00:00+00:00,25 bps decrease,0.925,0.7,,,,,,,,,,,,2024-11,2024-12,,,,,,1.0
2024-11-03 00:00:00+00:00,25 bps decrease,0.925,0.695,,,,,,,,,,,,2024-11,2024-12,,,,,,1.0
2024-11-04 00:00:00+00:00,25 bps decrease,0.93,0.69,,,,,,,,,,,,2024-11,2024-12,,,,,,1.0
2024-11-05 00:00:00+00:00,25 bps decrease,0.935,0.685,,,,,,,,,,,,2024-11,2024-12,,,,,,1.0
2024-11-06 00:00:00+00:00,25 bps decrease,0.935,0.68,,,,,,,,,,,,2024-11,2024-12,,,,,,1.0
2024-11-07 00:00:00+00:00,25 bps decrease,0.9535,0.655,,,,,,,,,,,,2024-11,2024-12,,,,,,1.0
2024-11-08 00:00:00+00:00,25 bps decrease,,0.705,0.435,,,,,,,,,,,,2024-12,2025-01,,,,,
2024-11-09 00:00:00+00:00,25 bps decrease,,0.68,0.5,,,,,,,,,,,,2024-12,2025-01,,,,,
2024-11-10 00:00:00+00:00,25 bps decrease,,0.68,0.455,,,,,,,,,,,,2024-12,2025-01,,,,,
2024-11-11 00:00:00+00:00,25 bps decrease,,0.685,0.44,,,,,,,,,,,,2024-12,2025-01,,,,,
2024-11-12 00:00:00+00:00,25 bps decrease,,0.695,0.445,,,,,,,,,,,,2024-12,2025-01,,,,,
2024-11-13 00:00:00+00:00,25 bps decrease,,0.655,0.41,,,,,,,,,,,,2024-12,2025-01,,,,,
2024-11-14 00:00:00+00:00,25 bps decrease,,0.825,0.385,,,,,,,,,,,,2024-12,2025-01,,,,,
2024-11-15 00:00:00+00:00,25 bps decrease,,0.61,0.265,,,,,,,,,,,,2024-12,2025-01,,,,,
2024-11-16 00:00:00+00:00,25 bps decrease,,0.62,0.275,,,,,,,,,,,,2024-12,2025-01,,,,,
2024-11-17 00:00:00+00:00,25 bps decrease,,0.63,0.275,,,,,,,,,,,,2024-12,2025-01,,,,,
2024-11-18 00:00:00+00:00,25 bps decrease,,0.635,0.29,,,,,,,,,,,,2024-12,2025-01,,,,,
2024-11-19 00:00:00+00:00,25 bps decrease,,0.62,0.315,,,,,,,,,,,,2024-12,2025-01,,,,,
2024-11-20 00:00:00+00:00,25 bps decrease,,0.625,0.305,,,,,,,,,,,,2024-12,2025-01,,,,,
2024-11-21 00:00:00+00:00,25 bps decrease,,0.59,0.31,,,,,,,,,,,,2024-12,2025-01,,,,,
2024-11-22 00:00:00+00:00,25 bps decrease,,0.595,0.305,,,,,,,,,,,,2024-12,2025-01,,,,,
2024-11-23 00:00:00+00:00,25 bps decrease,,0.57,0.3,,,,,,,,,,,,2024-12,2025-01,,,,,
2024-11-24 00:00:00+00:00,25 bps decrease,,0.575,0.295,,,,,,,,,,,,2024-12,2025-01,,,,,
2024-11-25 00:00:00+00:00,25 bps decrease,,0.575,0.305,,,,,,,,,,,,2024-12,2025-01,,,,,
2024-11-26 00:00:00+00:00,25 bps decrease,,0.585,0.3,,,,,,,,,,,,2024-12,2025-01,,,,,
2024-11-27 00:00:00+00:00,25 bps decrease,,0.645,0.295,,,,,,,,,,,,2024-12,2025-01,,,,,
2024-11-28 00:00:00+00:00,25 bps decrease,,0.695,0.29,,,,,,,,,,,,2024-12,2025-01,,,,,
2024-11-29 00:00:00+00:00,25 bps decrease,,0.685,0.29,,,,,,,,,,,,2024-12,2025-01,,,,,
2024-11-30 00:00:00+00:00,25 bps decrease,,0.695,0.29,,,,,,,,,,,,2024-12,2025-01,,,,,
2024-12-01 00:00:00+00:00,25 bps decrease,0.685,0.285,,,,,,,,,,,,2024-12,2025-01,,,,,,1.0
2024-12-02 00:00:00+00:00,25 bps decrease,0.695,0.29,,,,,,,,,,,,2024-12,2025-01,,,,,,1.0
2024-12-03 00:00:00+00:00,25 bps decrease,0.705,0.29,,,,,,,,,,,,2024-12,2025-01,,,,,,1.0
2024-12-04 00:00:00+00:00,25 bps decrease,0.705,0.295,,,,,,,,,,,,2024-12,2025-01,,,,,,1.0
2024-12-05 00:00:00+00:00,25 bps decrease,0.705,0.305,,,,,,,,,,,,2024-12,2025-01,,,,,,1.0
2024-12-06 00:00:00+00:00,25 bps decrease,0.705,0.285,,,,,,,,,,,,2024-12,2025-01,,,,,,1.0
2024-12-07 00:00:00+00:00,25 bps decrease,0.86,0.305,,,,,,,,,,,,2024-12,2025-01,,,,,,1.0
2024-12-08 00:00:00+00:00,25 bps decrease,0.865,0.305,,,,,,,,,,,,2024-12,2025-01,,,,,,1.0
2024-12-09 00:00:00+00:00,25 bps decrease,0.855,0.305,,,,,,,,,,,,2024-12,2025-01,,,,,,1.0
2024-12-10 00:00:00+00:00,25 bps decrease,0.86,0.295,,,,,,,,,,,,2024-12,2025-01,,,,,,1.0
2024-12-11 00:00:00+00:00,25 bps decrease,0.85,0.275,,,,,,,,,,,,2024-12,2025-01,,,,,,1.0
2024-12-12 00:00:00+00:00,25 bps decrease,0.9425,0.245,,,,,,,,,,,,2024-12,2025-01,,,,,,1.0
2024-12-13 00:00:00+00:00,25 bps decrease,0.944,0.24,,,,,,,,,,,,2024-12,2025-01,,,,,,1.0
2024-12-14 00:00:00+00:00,25 bps decrease,0.958,0.225,,,,,,,,,,,,2024-12,2025-01,,,,,,1.0
2024-12-15 00:00:00+00:00,25 bps decrease,0.963,0.245,,,,,,,,,,,,2024-12,2025-01,,,,,,1.0
2024-12-16 00:00:00+00:00,25 bps decrease,0.9655,0.215,,,,,,,,,,,,2024-12,2025-01,,,,,,1.0
2024-12-17 00:00:00+00:00,25 bps decrease,0.9715,0.175,,,,,,,,,,,,2024-12,2025-01,,,,,,1.0
2024-12-18 00:00:00+00:00,25 bps decrease,0.9695,0.165,,,,,,,,,,,,2024-12,2025-01,,,,,,1.0
2024-12-19 00:00:00+00:00,25 bps decrease,,0.085,,,,,,,,,,,,,2025-01,,,,,,
2024-12-20 00:00:00+00:00,25 bps decrease,,0.08,,,,,,,,,,,,,2025-01,,,,,,
2024-12-21 00:00:00+00:00,25 bps decrease,,0.095,,,,,,,,,,,,,2025-01,,,,,,
2024-12-22 00:00:00+00:00,25 bps decrease,,0.095,,,,,,,,,,,,,2025-01,,,,,,
2024-12-23 00:00:00+00:00,25 bps decrease,,0.095,,,,,,,,,,,,,2025-01,,,,,,
2024-12-24 00:00:00+00:00,25 bps decrease,,0.085,,,,,,,,,,,,,2025-01,,,,,,
2024-12-25 00:00:00+00:00,25 bps decrease,,0.085,,,,,,,,,,,,,2025-01,,,,,,
2024-12-26 00:00:00+00:00,25 bps decrease,,0.085,,,,,,,,,,,,,2025-01,,,,,,
2024-12-27 00:00:00+00:00,25 bps decrease,,0.085,,,,,,,,,,,,,2025-01,,,,,,
2024-12-28 00:00:00+00:00,25 bps decrease,,0.095,,,,,,,,,,,,,2025-01,,,,,,
2024-12-29 00:00:00+00:00,25 bps decrease,,0.095,,,,,,,,,,,,,2025-01,,,,,,
2024-12-30 00:00:00+00:00,25 bps decrease,,0.085,,,,,,,,,,,,,2025-01,,,,,,
2024-12-31 00:00:00+00:00,25 bps decrease,,0.085,,,,,,,,,,,,,2025-01,,,,,,
2025-01-01 00:00:00+00:00,25 bps decrease,0.085,,,,,,,,,,,,,2025-01,,,,,,,0.0
2025-01-02 00:00:00+00:00,25 bps decrease,0.085,,,,,,,,,,,,,2025-01,,,,,,,0.0
2025-01-03 00:00:00+00:00,25 bps decrease,0.085,,,,,,,,,,,,,2025-01,,,,,,,0.0
2025-01-04 00:00:00+00:00,25 bps decrease,0.085,,,,,,,,,,,,,2025-01,,,,,,,0.0
2025-01-05 00:00:00+00:00,25 bps decrease,0.085,,,,,,,,,,,,,2025-01,,,,,,,0.0
2025-01-06 00:00:00+00:00,25 bps decrease,0.085,,,,,,,,,,,,,2025-01,,,,,,,0.0
2025-01-07 00:00:00+00:00,25 bps decrease,0.085,,,,,,,,,,,,,2025-01,,,,,,,0.0
2025-01-08 00:00:00+00:00,25 bps decrease,0.075,,,,,,,,,,,,,2025-01,,,,,,,0.0
2025-01-09 00:00:00+00:00,25 bps decrease,0.055,,,,,,,,,,,,,2025-01,,,,,,,0.0
2025-01-10 00:00:00+00:00,25 bps decrease,0.055,,,,,,,,,,,,,2025-01,,,,,,,0.0
2025-01-11 00:00:00+00:00,25 bps decrease,0.0195,,,,,,,,,,,,,2025-01,,,,,,,0.0
2025-01-12 00:00:00+00:00,25 bps decrease,0.021,,,,,,,,,,,,,2025-01,,,,,,,0.0
2025-01-13 00:00:00+00:00,25 bps decrease,0.0315,,,,,,,,,,,,,2025-01,,,,,,,0.0
2025-01-14 00:00:00+00:00,25 bps decrease,0.0285,,,,,,,,,,,,,2025-01,,,,,,,0.0
2025-01-15 00:00:00+00:00,25 bps decrease,0.0295,,,,,,,,,,,,,2025-01,,,,,,,0.0
2025-01-16 00:00:00+00:00,25 bps decrease,0.031,,,,,,,,,,,,,2025-01,,,,,,,0.0
2025-01-17 00:00:00+00:00,25 bps decrease,0.024,,,,,,,,,,,,,2025-01,,,,,,,0.0
2025-01-18 00:00:00+00:00,25 bps decrease,0.03,,,,,,,,,,,,,2025-01,,,,,,,0.0
2025-01-19 00:00:00+00:00,25 bps decrease,0.027,,,,,,,,,,,,,2025-01,,,,,,,0.0
2025-01-20 00:00:00+00:00,25 bps decrease,0.029,,,,,,,,,,,,,2025-01,,,,,,,0.0
2025-01-21 00:00:00+00:00,25 bps decrease,0.0105,,,,,,,,,,,,,2025-01,,,,,,,0.0
2025-01-22 00:00:00+00:00,25 bps decrease,0.018,,,,,,,,,,,,,2025-01,,,,,,,0.0
2025-01-23 00:00:00+00:00,25 bps decrease,0.009,,,,,,,,,,,,,2025-01,,,,,,,0.0
2025-01-24 00:00:00+00:00,25 bps decrease,0.0105,,,,,,,,,,,,,2025-01,,,,,,,0.0
2025-01-25 00:00:00+00:00,25 bps decrease,0.011,,,,,,,,,,,,,2025-01,,,,,,,0.0
2025-01-26 00:00:00+00:00,25 bps decrease,0.015,,,,,,,,,,,,,2025-01,,,,,,,0.0
2025-01-27 00:00:00+00:00,25 bps decrease,0.0195,,,,,,,,,,,,,2025-01,,,,,,,0.0
2025-01-28 00:00:00+00:00,25 bps decrease,0.019,,,,,,,,,,,,,2025-01,,,,,,,0.0
2025-01-29 00:00:00+00:00,25 bps decrease,0.0125,,,,,,,,,,,,,2025-01,,,,,,,0.0
2025-03-20 00:00:00+00:00,25 bps decrease,,,,,0.315,,,,,,,,,,,,,2025-07,,,
2025-03-21 00:00:00+00:00,25 bps decrease,,,,,0.325,,,,,,,,,,,,,2025-07,,,
2025-03-22 00:00:00+00:00,25 bps decrease,,,,,0.355,,,,,,,,,,,,,2025-07,,,
2025-03-23 00:00:00+00:00,25 bps decrease,,,,,0.355,,,,,,,,,,,,,2025-07,,,
2025-03-24 00:00:00+00:00,25 bps decrease,,,,,0.345,,,,,,,,,,,,,2025-07,,,
2025-03-25 00:00:00+00:00,25 bps decrease,,,,,0.345,,,,,,,,,,,,,2025-07,,,
2025-03-26 00:00:00+00:00,25 bps decrease,,,,,0.345,,,,,,,,,,,,,2025-07,,,
2025-03-27 00:00:00+00:00,25 bps decrease,,,,,0.355,,,,,,,,,,,,,2025-07,,,
2025-03-28 00:00:00+00:00,25 bps decrease,,,,,0.355,,,,,,,,,,,,,2025-07,,,
2025-03-29 00:00:00+00:00,25 bps decrease,,,,,0.375,,,,,,,,,,,,,2025-07,,,
2025-03-30 00:00:00+00:00,25 bps decrease,,,,,0.375,,,,,,,,,,,,,2025-07,,,
2025-03-31 00:00:00+00:00,25 bps decrease,,,,,0.385,,,,,,,,,,,,,2025-07,,,
2025-04-01 00:00:00+00:00,25 bps decrease,,,,0.385,,,,,,,,,,,,,2025-07,,,,
2025-04-02 00:00:00+00:00,25 bps decrease,,,,0.495,,,,,,,,,,,,,2025-07,,,,
2025-04-03 00:00:00+00:00,25 bps decrease,,,,0.535,,,,,,,,,,,,,2025-07,,,,
2025-04-04 00:00:00+00:00,25 bps decrease,,,,0.58,,,,,,,,,,,,,2025-07,,,,
2025-04-05 00:00:00+00:00,25 bps decrease,,,,0.57,,,,,,,,,,,,,2025-07,,,,
2025-04-06 00:00:00+00:00,25 bps decrease,,,,0.57,,,,,,,,,,,,,2025-07,,,,
2025-04-07 00:00:00+00:00,25 bps decrease,,,,0.56,,,,,,,,,,,,,2025-07,,,,
2025-04-08 00:00:00+00:00,25 bps decrease,,,,0.545,,,,,,,,,,,,,2025-07,,,,
2025-04-09 00:00:00+00:00,25 bps decrease,,,,0.57,,,,,,,,,,,,,2025-07,,,,
2025-04-10 00:00:00+00:00,25 bps decrease,,,,0.52,,,,,,,,,,,,,2025-07,,,,
2025-04-11 00:00:00+00:00,25 bps decrease,,,,0.55,,,,,,,,,,,,,2025-07,,,,
2025-04-12 00:00:00+00:00,25 bps decrease,,,,0.545,,,,,,,,,,,,,2025-07,,,,
2025-04-13 00:00:00+00:00,25 bps decrease,,,,0.545,,,,,,,,,,,,,2025-07,,,,
2025-04-14 00:00:00+00:00,25 bps decrease,,,,0.545,,,,,,,,,,,,,2025-07,,,,
2025-04-15 00:00:00+00:00,25 bps decrease,,,,0.54,,,,,,,,,,,,,2025-07,,,,
2025-04-16 00:00:00+00:00,25 bps decrease,,,,0.535,,,,,,,,,,,,,2025-07,,,,
2025-04-17 00:00:00+00:00,25 bps decrease,,,,0.525,,,,,,,,,,,,,2025-07,,,,
2025-04-18 00:00:00+00:00,25 bps decrease,,,,0.525,,,,,,,,,,,,,2025-07,,,,
2025-04-19 00:00:00+00:00,25 bps decrease,,,,0.53,,,,,,,,,,,,,2025-07,,,,
2025-04-20 00:00:00+00:00,25 bps decrease,,,,0.53,,,,,,,,,,,,,2025-07,,,,
2025-04-21 00:00:00+00:00,25 bps decrease,,,,0.515,,,,,,,,,,,,,2025-07,,,,
2025-04-22 00:00:00+00:00,25 bps decrease,,,,0.515,,,,,,,,,,,,,2025-07,,,,
2025-04-23 00:00:00+00:00,25 bps decrease,,,,0.51,,,,,,,,,,,,,2025-07,,,,
2025-04-24 00:00:00+00:00,25 bps decrease,,,,0.51,,,,,,,,,,,,,2025-07,,,,
2025-04-25 00:00:00+00:00,25 bps decrease,,,,0.5,,,,,,,,,,,,,2025-07,,,,
2025-04-26 00:00:00+00:00,25 bps decrease,,,,0.475,,,,,,,,,,,,,2025-07,,,,
2025-04-27 00:00:00+00:00,25 bps decrease,,,,0.465,,,,,,,,,,,,,2025-07,,,,
2025-04-28 00:00:00+00:00,25 bps decrease,,,,0.47,,,,,,,,,,,,,2025-07,,,,
2025-04-29 00:00:00+00:00,25 bps decrease,,,,0.51,,,,,,,,,,,,,2025-07,,,,
2025-04-30 00:00:00+00:00,25 bps decrease,,,,0.53,,,,,,,,,,,,,2025-07,,,,
2025-05-01 00:00:00+00:00,25 bps decrease,,,0.52,,,,,,,,,,,,,2025-07,,,,,
2025-05-02 00:00:00+00:00,25 bps decrease,,,0.53,,,,,,,,,,,,,2025-07,,,,,
2025-05-03 00:00:00+00:00,25 bps decrease,,,0.43,,,,,,,,,,,,,2025-07,,,,,
2025-05-04 00:00:00+00:00,25 bps decrease,,,0.435,,,,,,,,,,,,,2025-07,,,,,
2025-05-05 00:00:00+00:00,25 bps decrease,,,0.415,,,,,,,,,,,,,2025-07,,,,,
2025-05-06 00:00:00+00:00,25 bps decrease,,,0.415,,,,,,,,,,,,,2025-07,,,,,
2025-05-07 00:00:00+00:00,25 bps decrease,,,0.42,,,,,,,,,,,,,2025-07,,,,,
2025-05-08 00:00:00+00:00,25 bps decrease,,,0.44,,0.52,,,,,,,,,,,2025-07,,2025-09,,,
2025-05-09 00:00:00+00:00,25 bps decrease,,,0.415,,0.48,,,,,,,,,,,2025-07,,2025-09,,,
2025-05-10 00:00:00+00:00,25 bps decrease,,,0.315,,0.505,,,,,,,,,,,2025-07,,2025-09,,,
2025-05-11 00:00:00+00:00,25 bps decrease,,,0.255,,0.5,,,,,,,,,,,2025-07,,2025-09,,,
2025-05-12 00:00:00+00:00,25 bps decrease,,,0.29,,0.475,,,,,,,,,,,2025-07,,2025-09,,,
2025-05-13 00:00:00+00:00,25 bps decrease,,,0.23,,0.41,,,,,,,,,,,2025-07,,2025-09,,,
2025-05-14 00:00:00+00:00,25 bps decrease,,,0.245,,0.405,,,,,,,,,,,2025-07,,2025-09,,,
2025-05-15 00:00:00+00:00,25 bps decrease,,,0.245,,0.385,,,,,,,,,,,2025-07,,2025-09,,,
2025-05-16 00:00:00+00:00,25 bps decrease,,,0.245,,0.385,,,,,,,,,,,2025-07,,2025-09,,,
2025-05-17 00:00:00+00:00,25 bps decrease,,,0.235,,0.375,,,,,,,,,,,2025-07,,2025-09,,,
2025-05-18 00:00:00+00:00,25 bps decrease,,,0.235,,0.385,,,,,,,,,,,2025-07,,2025-09,,,
2025-05-19 00:00:00+00:00,25 bps decrease,,,0.215,,0.365,,,,,,,,,,,2025-07,,2025-09,,,
2025-05-20 00:00:00+00:00,25 bps decrease,,,0.215,,0.33,,,,,,,,,,,2025-07,,2025-09,,,
2025-05-21 00:00:00+00:00,25 bps decrease,,,0.185,,0.335,,,,,,,,,,,2025-07,,2025-09,,,
2025-05-22 00:00:00+00:00,25 bps decrease,,,0.175,,0.32,,,,,,,,,,,2025-07,,2025-09,,,
2025-05-23 00:00:00+00:00,25 bps decrease,,,0.185,,0.345,,,,,,,,,,,2025-07,,2025-09,,,
2025-05-24 00:00:00+00:00,25 bps decrease,,,0.18,,0.345,,,,,,,,,,,2025-07,,2025-09,,,
2025-05-25 00:00:00+00:00,25 bps decrease,,,0.175,,0.335,,,,,,,,,,,2025-07,,2025-09,,,
2025-05-26 00:00:00+00:00,25 bps decrease,,,0.165,,0.265,,,,,,,,,,,2025-07,,2025-09,,,
2025-05-27 00:00:00+00:00,25 bps decrease,,,0.155,,0.255,,,,,,,,,,,2025-07,,2025-09,,,
2025-05-28 00:00:00+00:00,25 bps decrease,,,0.16,,0.265,,,,,,,,,,,2025-07,,2025-09,,,
2025-05-29 00:00:00+00:00,25 bps decrease,,,0.155,,0.245,,,,,,,,,,,2025-07,,2025-09,,,
2025-05-30 00:00:00+00:00,25 bps decrease,,,0.18,,0.27,,,,,,,,,,,2025-07,,2025-09,,,
2025-05-31 00:00:00+00:00,25 bps decrease,,,0.185,,0.335,,,,,,,,,,,2025-07,,2025-09,,,
2025-06-01 00:00:00+00:00,25 bps decrease,,0.165,,0.335,,,,,,,,,,,2025-07,,2025-09,,,,
2025-06-02 00:00:00+00:00,25 bps decrease,,0.165,,0.35,,,,,,,,,,,2025-07,,2025-09,,,,
2025-06-03 00:00:00+00:00,25 bps decrease,,0.145,,0.355,,,,,,,,,,,2025-07,,2025-09,,,,
2025-06-04 00:00:00+00:00,25 bps decrease,,0.13,,0.355,,,,,,,,,,,2025-07,,2025-09,,,,
2025-06-05 00:00:00+00:00,25 bps decrease,,0.205,,0.385,,,,,,,,,,,2025-07,,2025-09,,,,
2025-06-06 00:00:00+00:00,25 bps decrease,,0.215,,0.495,,,,,,,,,,,2025-07,,2025-09,,,,
2025-06-07 00:00:00+00:00,25 bps decrease,,0.095,,0.38,,,,,,,,,,,2025-07,,2025-09,,,,
2025-06-08 00:00:00+00:00,25 bps decrease,,0.1,,0.35,,,,,,,,,,,2025-07,,2025-09,,,,
2025-06-09 00:00:00+00:00,25 bps decrease,,0.105,,0.365,,,,,,,,,,,2025-07,,2025-09,,,,
2025-06-10 00:00:00+00:00,25 bps decrease,,0.09,,0.365,,,,,,,,,,,2025-07,,2025-09,,,,
2025-06-11 00:00:00+00:00,25 bps decrease,,0.12,,0.36,,,,,,,,,,,2025-07,,2025-09,,,,
2025-06-12 00:00:00+00:00,25 bps decrease,,0.14,,0.405,,,,,,,,,,,2025-07,,2025-09,,,,
2025-06-13 00:00:00+00:00,25 bps decrease,,0.23,,0.44,,,,,,,,,,,2025-07,,2025-09,,,,
2025-06-14 00:00:00+00:00,25 bps decrease,,0.165,,0.425,,,,,,,,,,,2025-07,,2025-09,,,,
2025-06-15 00:00:00+00:00,25 bps decrease,,0.18,,0.415,,,,,,,,,,,2025-07,,2025-09,,,,
2025-06-16 00:00:00+00:00,25 bps decrease,,0.155,,0.43,,,,,,,,,,,2025-07,,2025-09,,,,
2025-06-17 00:00:00+00:00,25 bps decrease,,0.11,,0.39,,,,,,,,,,,2025-07,,2025-09,,,,
2025-06-18 00:00:00+00:00,25 bps decrease,,0.18,,0.395,,,,,,,,,,,2025-07,,2025-09,,,,
2025-06-19 00:00:00+00:00,25 bps decrease,,0.06,,0.44,,,,,,,,,,,2025-07,,2025-09,,,,
2025-06-20 00:00:00+00:00,25 bps decrease,,0.055,,0.42,0.48,,,,,,,,,,2025-07,,2025-09,2025-10,,,
2025-06-21 00:00:00+00:00,25 bps decrease,,0.125,,0.405,0.41,,,,,,,,,,2025-07,,2025-09,2025-10,,,
2025-06-22 00:00:00+00:00,25 bps decrease,,0.115,,0.415,0.42,,,,,,,,,,2025-07,,2025-09,2025-10,,,
2025-06-23 00:00:00+00:00,25 bps decrease,,0.125,,0.43,0.42,,,,,,,,,,2025-07,,2025-09,2025-10,,,
2025-06-24 00:00:00+00:00,25 bps decrease,,0.205,,0.455,0.425,,,,,,,,,,2025-07,,2025-09,2025-10,,,
2025-06-25 00:00:00+00:00,25 bps decrease,,0.165,,0.495,0.455,,,,,,,,,,2025-07,,2025-09,2025-10,,,
2025-06-26 00:00:00+00:00,25 bps decrease,,0.235,,0.57,0.47,,,,,,,,,,2025-07,,2025-09,2025-10,,,
2025-06-27 00:00:00+00:00,25 bps decrease,,0.21,,0.555,0.49,,,,,,,,,,2025-07,,2025-09,2025-10,,,
2025-06-28 00:00:00+00:00,25 bps decrease,,0.16,,0.595,0.555,,,,,,,,,,2025-07,,2025-09,2025-10,,,
2025-06-29 00:00:00+00:00,25 bps decrease,,0.155,,0.605,0.565,,,,,,,,,,2025-07,,2025-09,2025-10,,,
2025-06-30 00:00:00+00:00,25 bps decrease,,0.165,,0.595,0.565,,,,,,,,,,2025-07,,2025-09,2025-10,,,
2025-07-01 00:00:00+00:00,25 bps decrease,0.175,,0.59,0.595,,,,,,,,,,2025-07,,2025-09,2025-10,,,,0.0
2025-07-02 00:00:00+00:00,25 bps decrease,0.165,,0.605,0.6,,,,,,,,,,2025-07,,2025-09,2025-10,,,,0.0
2025-07-03 00:00:00+00:00,25 bps decrease,0.195,,0.62,0.555,,,,,,,,,,2025-07,,2025-09,2025-10,,,,0.0
2025-07-04 00:00:00+00:00,25 bps decrease,0.055,,0.455,0.525,,,,,,,,,,2025-07,,2025-09,2025-10,,,,0.0
2025-07-05 00:00:00+00:00,25 bps decrease,0.055,,0.51,0.495,,,,,,,,,,2025-07,,2025-09,2025-10,,,,0.0
2025-07-06 00:00:00+00:00,25 bps decrease,0.055,,0.505,0.495,,,,,,,,,,2025-07,,2025-09,2025-10,,,,0.0
2025-07-07 00:00:00+00:00,25 bps decrease,0.055,,0.5,0.495,,,,,,,,,,2025-07,,2025-09,2025-10,,,,0.0
2025-07-08 00:00:00+00:00,25 bps decrease,0.045,,0.49,0.5,,,,,,,,,,2025-07,,2025-09,2025-10,,,,0.0
2025-07-09 00:00:00+00:00,25 bps decrease,0.045,,0.495,0.515,,,,,,,,,,2025-07,,2025-09,2025-10,,,,0.0
2025-07-10 00:00:00+00:00,25 bps decrease,0.0435,,0.475,0.515,,,,,,,,,,2025-07,,2025-09,2025-10,,,,0.0
2025-07-11 00:00:00+00:00,25 bps decrease,0.0475,,0.49,0.515,,,,,,,,,,2025-07,,2025-09,2025-10,,,,0.0
2025-07-12 00:00:00+00:00,25 bps decrease,0.0515,,0.475,0.52,,,,,,,,,,2025-07,,2025-09,2025-10,,,,0.0
2025-07-13 00:00:00+00:00,25 bps decrease,0.044,,0.49,0.52,,,,,,,,,,2025-07,,2025-09,2025-10,,,,0.0
2025-07-14 00:00:00+00:00,25 bps decrease,0.046,,0.48,0.51,,,,,,,,,,2025-07,,2025-09,2025-10,,,,0.0
2025-07-15 00:00:00+00:00,25 bps decrease,0.053,,0.425,0.52,,,,,,,,,,2025-07,,2025-09,2025-10,,,,0.0
2025-07-16 00:00:00+00:00,25 bps decrease,0.0285,,0.395,0.525,,,,,,,,,,2025-07,,2025-09,2025-10,,,,0.0
2025-07-17 00:00:00+00:00,25 bps decrease,0.0275,,0.395,0.53,,,,,,,,,,2025-07,,2025-09,2025-10,,,,0.0
2025-07-18 00:00:00+00:00,25 bps decrease,0.038,,0.4,0.505,,,,,,,,,,2025-07,,2025-09,2025-10,,,,0.0
2025-07-19 00:00:00+00:00,25 bps decrease,0.0345,,0.445,0.505,,,,,,,,,,2025-07,,2025-09,2025-10,,,,0.0
2025-07-20 00:00:00+00:00,25 bps decrease,0.0335,,0.435,0.485,,,,,,,,,,2025-07,,2025-09,2025-10,,,,0.0
2025-07-21 00:00:00+00:00,25 bps decrease,0.035,,0.415,0.485,,,,,,,,,,2025-07,,2025-09,2025-10,,,,0.0
2025-07-22 00:00:00+00:00,25 bps decrease,0.0395,,0.445,0.475,,,,,,,,,,2025-07,,2025-09,2025-10,,,,0.0
2025-07-23 00:00:00+00:00,25 bps decrease,0.0385,,0.495,0.475,,,,,,,,,,2025-07,,2025-09,2025-10,,,,0.0
2025-07-24 00:00:00+00:00,25 bps decrease,0.0305,,0.51,0.465,,,,,,,,,,2025-07,,2025-09,2025-10,,,,0.0
2025-07-25 00:00:00+00:00,25 bps decrease,0.0285,,0.5,0.46,,,,,,,,,,2025-07,,2025-09,2025-10,,,,0.0
2025-07-26 00:00:00+00:00,25 bps decrease,0.0335,,0.49,0.455,,,,,,,,,,2025-07,,2025-09,2025-10,,,,0.0
2025-07-27 00:00:00+00:00,25 bps decrease,0.038,,0.475,0.455,,,,,,,,,,2025-07,,2025-09,2025-10,,,,0.0
2025-07-28 00:00:00+00:00,25 bps decrease,0.042,,0.565,0.455,,,,,,,,,,2025-07,,2025-09,2025-10,,,,0.0
2025-07-29 00:00:00+00:00,25 bps decrease,0.0325,,0.52,0.46,,,,,,,,,,2025-07,,2025-09,2025-10,,,,0.0
2025-07-30 00:00:00+00:00,25 bps decrease,0.0175,,0.55,0.46,,,,,,,,,,2025-07,,2025-09,2025-10,,,,0.0
2025-07-31 00:00:00+00:00,25 bps decrease,,,0.425,0.435,,,,,,,,,,,,2025-09,2025-10,,,,
2025-08-01 00:00:00+00:00,25 bps decrease,,0.345,0.42,,0.575,,,,,,,,,,2025-09,2025-10,,2025-12,,,
2025-08-02 00:00:00+00:00,25 bps decrease,,0.725,0.57,,0.58,,,,,,,,,,2025-09,2025-10,,2025-12,,,
2025-08-03 00:00:00+00:00,25 bps decrease,,0.715,0.575,,0.58,,,,,,,,,,2025-09,2025-10,,2025-12,,,
2025-08-04 00:00:00+00:00,25 bps decrease,,0.705,0.58,,0.58,,,,,,,,,,2025-09,2025-10,,2025-12,,,
2025-08-05 00:00:00+00:00,25 bps decrease,,0.735,0.57,,0.58,,,,,,,,,,2025-09,2025-10,,2025-12,,,
2025-08-06 00:00:00+00:00,25 bps decrease,,0.745,0.58,,0.585,,,,,,,,,,2025-09,2025-10,,2025-12,,,
2025-08-07 00:00:00+00:00,25 bps decrease,,0.785,0.57,,0.6,,,,,,,,,,2025-09,2025-10,,2025-12,,,
2025-08-08 00:00:00+00:00,25 bps decrease,,0.755,0.565,,0.6,,,,,,,,,,2025-09,2025-10,,2025-12,,,
2025-08-09 00:00:00+00:00,25 bps decrease,,0.755,0.575,,0.6,,,,,,,,,,2025-09,2025-10,,2025-12,,,
2025-08-10 00:00:00+00:00,25 bps decrease,,0.755,0.575,,0.605,,,,,,,,,,2025-09,2025-10,,2025-12,,,
2025-08-11 00:00:00+00:00,25 bps decrease,,0.755,0.575,,0.605,,,,,,,,,,2025-09,2025-10,,2025-12,,,
2025-08-12 00:00:00+00:00,25 bps decrease,,0.73,0.56,,0.605,,,,,,,,,,2025-09,2025-10,,2025-12,,,
2025-08-13 00:00:00+00:00,25 bps decrease,,0.805,0.555,,0.635,,,,,,,,,,2025-09,2025-10,,2025-12,,,
2025-08-14 00:00:00+00:00,25 bps decrease,,0.795,0.58,,0.625,,,,,,,,,,2025-09,2025-10,,2025-12,,,
2025-08-15 00:00:00+00:00,25 bps decrease,,0.72,0.555,,0.62,,,,,,,,,,2025-09,2025-10,,2025-12,,,
2025-08-16 00:00:00+00:00,25 bps decrease,,0.665,0.56,,0.62,,,,,,,,,,2025-09,2025-10,,2025-12,,,
2025-08-17 00:00:00+00:00,25 bps decrease,,0.695,0.565,,0.615,,,,,,,,,,2025-09,2025-10,,2025-12,,,
2025-08-18 00:00:00+00:00,25 bps decrease,,0.715,0.57,,0.615,,,,,,,,,,2025-09,2025-10,,2025-12,,,
2025-08-19 00:00:00+00:00,25 bps decrease,,0.705,0.57,,0.595,,,,,,,,,,2025-09,2025-10,,2025-12,,,
2025-08-20 00:00:00+00:00,25 bps decrease,,0.695,0.565,,0.595,,,,,,,,,,2025-09,2025-10,,2025-12,,,
2025-08-21 00:00:00+00:00,25 bps decrease,,0.685,0.56,,0.595,,,,,,,,,,2025-09,2025-10,,2025-12,,,
2025-08-22 00:00:00+00:00,25 bps decrease,,0.605,0.53,,0.595,,,,,,,,,,2025-09,2025-10,,2025-12,,,
2025-08-23 00:00:00+00:00,25 bps decrease,,0.785,0.46,,0.7,,,,,,,,,,2025-09,2025-10,,2025-12,,,
2025-08-24 00:00:00+00:00,25 bps decrease,,0.775,0.505,,0.62,,,,,,,,,,2025-09,2025-10,,2025-12,,,
2025-08-25 00:00:00+00:00,25 bps decrease,,0.805,0.5,,0.585,,,,,,,,,,2025-09,2025-10,,2025-12,,,
2025-08-26 00:00:00+00:00,25 bps decrease,,0.755,0.5,,0.595,,,,,,,,,,2025-09,2025-10,,2025-12,,,
2025-08-27 00:00:00+00:00,25 bps decrease,,0.775,0.5,,0.61,,,,,,,,,,2025-09,2025-10,,2025-12,,,
2025-08-28 00:00:00+00:00,25 bps decrease,,0.775,0.485,,0.61,,,,,,,,,,2025-09,2025-10,,2025-12,,,
2025-08-29 00:00:00+00:00,25 bps decrease,,0.775,0.485,,0.61,,,,,,,,,,2025-09,2025-10,,2025-12,,,
2025-08-30 00:00:00+00:00,25 bps decrease,,0.805,0.46,,0.625,,,,,,,,,,2025-09,2025-10,,2025-12,,,
2025-08-31 00:00:00+00:00,25 bps decrease,,0.795,0.465,,0.62,,,,,,,,,,2025-09,2025-10,,2025-12,,,
2025-09-01 00:00:00+00:00,25 bps decrease,0.815,0.47,,0.625,,,,,,,,,,2025-09,2025-10,,2025-12,,,,1.0
2025-09-02 00:00:00+00:00,25 bps decrease,0.815,0.475,,0.62,,,,,,,,,,2025-09,2025-10,,2025-12,,,,1.0
2025-09-03 00:00:00+00:00,25 bps decrease,0.825,0.47,,0.615,,,,,,,,,,2025-09,2025-10,,2025-12,,,,1.0
2025-09-04 00:00:00+00:00,25 bps decrease,0.855,0.485,,0.615,,,,,,,,,,2025-09,2025-10,,2025-12,,,,1.0
2025-09-05 00:00:00+00:00,25 bps decrease,0.875,0.475,,0.585,,,,,,,,,,2025-09,2025-10,,2025-12,,,,1.0
2025-09-06 00:00:00+00:00,25 bps decrease,0.875,0.58,,0.64,,,,,,,,,,2025-09,2025-10,,2025-12,,,,1.0
2025-09-07 00:00:00+00:00,25 bps decrease,0.865,0.51,,0.615,,,,,,,,,,2025-09,2025-10,,2025-12,,,,1.0
2025-09-08 00:00:00+00:00,25 bps decrease,0.865,0.535,,0.61,,,,,,,,,,2025-09,2025-10,,2025-12,,,,1.0
2025-09-09 00:00:00+00:00,25 bps decrease,0.795,0.525,,0.61,,,,,,,,,,2025-09,2025-10,,2025-12,,,,1.0
2025-09-10 00:00:00+00:00,25 bps decrease,0.815,0.555,,0.61,,,,,,,,,,2025-09,2025-10,,2025-12,,,,1.0
2025-09-11 00:00:00+00:00,25 bps decrease,0.825,0.615,,0.575,,,,,,,,,,2025-09,2025-10,,2025-12,,,,1.0
2025-09-12 00:00:00+00:00,25 bps decrease,0.865,0.605,,0.585,,,,,,,,,,2025-09,2025-10,,2025-12,,,,1.0
2025-09-13 00:00:00+00:00,25 bps decrease,0.905,0.61,,0.595,,,,,,,,,,2025-09,2025-10,,2025-12,,,,1.0
2025-09-14 00:00:00+00:00,25 bps decrease,0.905,0.635,,0.59,,,,,,,,,,2025-09,2025-10,,2025-12,,,,1.0
2025-09-15 00:00:00+00:00,25 bps decrease,0.905,0.67,,0.595,,,,,,,,,,2025-09,2025-10,,2025-12,,,,1.0
2025-09-16 00:00:00+00:00,25 bps decrease,0.905,0.675,,0.595,,,,,,,,,,2025-09,2025-10,,2025-12,,,,1.0
2025-09-17 00:00:00+00:00,25 bps decrease,0.945,0.705,,0.635,,,,,,,,,,2025-09,2025-10,,2025-12,,,,1.0
2025-09-18 00:00:00+00:00,25 bps decrease,,0.785,,0.685,0.545,,,,,,,,,,2025-10,,2025-12,2026-01,,,
2025-09-19 00:00:00+00:00,25 bps decrease,,0.835,,0.72,0.42,,,,,,,,,,2025-10,,2025-12,2026-01,,,
2025-09-20 00:00:00+00:00,25 bps decrease,,0.855,,0.745,0.38,,,,,,,,,,2025-10,,2025-12,2026-01,,,
2025-09-21 00:00:00+00:00,25 bps decrease,,0.855,,0.74,0.35,,,,,,,,,,2025-10,,2025-12,2026-01,,,
2025-09-22 00:00:00+00:00,25 bps decrease,,0.855,,0.735,0.385,,,,,,,,,,2025-10,,2025-12,2026-01,,,
2025-09-23 00:00:00+00:00,25 bps decrease,,0.835,,0.725,0.385,,,,,,,,,,2025-10,,2025-12,2026-01,,,
2025-09-24 00:00:00+00:00,25 bps decrease,,0.825,,0.725,0.385,,,,,,,,,,2025-10,,2025-12,2026-01,,,
2025-09-25 00:00:00+00:00,25 bps decrease,,0.825,,0.725,0.39,,,,,,,,,,2025-10,,2025-12,2026-01,,,
2025-09-26 00:00:00+00:00,25 bps decrease,,0.795,,0.68,0.37,,,,,,,,,,2025-10,,2025-12,2026-01,,,
2025-09-27 00:00:00+00:00,25 bps decrease,,0.805,,0.64,0.365,,,,,,,,,,2025-10,,2025-12,2026-01,,,
2025-09-28 00:00:00+00:00,25 bps decrease,,0.805,,0.655,0.36,,,,,,,,,,2025-10,,2025-12,2026-01,,,
2025-09-29 00:00:00+00:00,25 bps decrease,,0.805,,0.66,0.365,,,,,,,,,,2025-10,,2025-12,2026-01,,,
2025-09-30 00:00:00+00:00,25 bps decrease,,0.805,,0.655,0.365,,,,,,,,,,2025-10,,2025-12,2026-01,,,
2025-10-01 00:00:00+00:00,25 bps decrease,0.855,,0.675,0.35,,,,,,,,,,2025-10,,2025-12,2026-01,,,,1.0
2025-10-02 00:00:00+00:00,25 bps decrease,0.905,,0.71,0.355,,,,,,,,,,2025-10,,2025-12,2026-01,,,,1.0
2025-10-03 00:00:00+00:00,25 bps decrease,0.895,,0.745,0.365,,,,,,,,,,2025-10,,2025-12,2026-01,,,,1.0
2025-10-04 00:00:00+00:00,25 bps decrease,0.895,,0.745,0.35,,,,,,,,,,2025-10,,2025-12,2026-01,,,,1.0
2025-10-05 00:00:00+00:00,25 bps decrease,0.895,,0.745,0.305,,,,,,,,,,2025-10,,2025-12,2026-01,,,,1.0
2025-10-06 00:00:00+00:00,25 bps decrease,0.895,,0.745,0.33,,,,,,,,,,2025-10,,2025-12,2026-01,,,,1.0
2025-10-07 00:00:00+00:00,25 bps decrease,0.895,,0.745,0.32,,,,,,,,,,2025-10,,2025-12,2026-01,,,,1.0
2025-10-08 00:00:00+00:00,25 bps decrease,0.885,,0.705,0.29,,,,,,,,,,2025-10,,2025-12,2026-01,,,,1.0
2025-10-09 00:00:00+00:00,25 bps decrease,0.895,,0.715,0.29,,,,,,,,,,2025-10,,2025-12,2026-01,,,,1.0
2025-10-10 00:00:00+00:00,25 bps decrease,0.905,,0.705,0.27,,,,,,,,,,2025-10,,2025-12,2026-01,,,,1.0
2025-10-11 00:00:00+00:00,25 bps decrease,0.905,,0.73,0.285,,,,,,,,,,2025-10,,2025-12,2026-01,,,,1.0
2025-10-12 00:00:00+00:00,25 bps decrease,0.905,,0.735,0.295,,,,,,,,,,2025-10,,2025-12,2026-01,,,,1.0
2025-10-13 00:00:00+00:00,25 bps decrease,0.915,,0.735,0.305,,,,,,,,,,2025-10,,2025-12,2026-01,,,,1.0
2025-10-14 00:00:00+00:00,25 bps decrease,0.915,,0.745,0.31,,,,,,,,,,2025-10,,2025-12,2026-01,,,,1.0
2025-10-15 00:00:00+00:00,25 bps decrease,0.935,,0.775,0.33,,,,,,,,,,2025-10,,2025-12,2026-01,,,,1.0
2025-10-16 00:00:00+00:00,25 bps decrease,0.945,,0.815,0.33,,,,,,,,,,2025-10,,2025-12,2026-01,,,,1.0
2025-10-17 00:00:00+00:00,25 bps decrease,0.935,,0.825,0.355,,,,,,,,,,2025-10,,2025-12,2026-01,,,,1.0
2025-10-18 00:00:00+00:00,25 bps decrease,0.945,,0.815,0.405,,,,,,,,,,2025-10,,2025-12,2026-01,,,,1.0
2025-10-19 00:00:00+00:00,25 bps decrease,0.945,,0.815,0.395,,,,,,,,,,2025-10,,2025-12,2026-01,,,,1.0
2025-10-20 00:00:00+00:00,25 bps decrease,0.945,,0.83,0.385,,,,,,,,,,2025-10,,2025-12,2026-01,,,,1.0
2025-10-21 00:00:00+00:00,25 bps decrease,0.955,,0.83,0.395,,,,,,,,,,2025-10,,2025-12,2026-01,,,,1.0
2025-10-22 00:00:00+00:00,25 bps decrease,0.96,,0.845,0.41,,,,,,,,,,2025-10,,2025-12,2026-01,,,,1.0
2025-10-23 00:00:00+00:00,25 bps decrease,0.9605,,0.85,0.425,,,,,,,,,,2025-10,,2025-12,2026-01,,,,1.0
2025-10-24 00:00:00+00:00,25 bps decrease,0.962,,0.825,0.41,,,,,,,,,,2025-10,,2025-12,2026-01,,,,1.0
2025-10-25 00:00:00+00:00,25 bps decrease,0.9765,,0.845,0.41,,,,,,,,,,2025-10,,2025-12,2026-01,,,,1.0
2025-10-26 00:00:00+00:00,25 bps decrease,0.9825,,0.855,0.39,,,,,,,,,,2025-10,,2025-12,2026-01,,,,1.0
2025-10-27 00:00:00+00:00,25 bps decrease,0.9835,,0.865,0.405,,,,,,,,,,2025-10,,2025-12,2026-01,,,,1.0
2025-10-28 00:00:00+00:00,25 bps decrease,0.9845,,0.9,0.445,,,,,,,,,,2025-10,,2025-12,2026-01,,,,1.0
2025-10-29 00:00:00+00:00,25 bps decrease,0.9795,,0.84,0.415,,,,,,,,,,2025-10,,2025-12,2026-01,,,,1.0
2025-10-30 00:00:00+00:00,25 bps decrease,,,0.685,0.33,,0.385,,,,,,,,,,2025-12,2026-01,,2026-03,,
2025-10-31 00:00:00+00:00,25 bps decrease,,,0.705,0.36,,0.375,,,,,,,,,,2025-12,2026-01,,2026-03,,
2025-11-01 00:00:00+00:00,25 bps decrease,,0.645,0.26,,0.41,,,,,,,,,,2025-12,2026-01,,2026-03,,,
2025-11-02 00:00:00+00:00,25 bps decrease,,0.665,0.245,,0.365,,,,,,,,,,2025-12,2026-01,,2026-03,,,
2025-11-03 00:00:00+00:00,25 bps decrease,,0.675,0.265,,0.385,,,,,,,,,,2025-12,2026-01,,2026-03,,,
2025-11-04 00:00:00+00:00,25 bps decrease,,0.665,0.255,,0.375,,,,,,,,,,2025-12,2026-01,,2026-03,,,
2025-11-05 00:00:00+00:00,25 bps decrease,,0.685,0.25,,0.345,,,,,,,,,,2025-12,2026-01,,2026-03,,,
2025-11-06 00:00:00+00:00,25 bps decrease,,0.645,0.275,,0.325,,,,,,,,,,2025-12,2026-01,,2026-03,,,
2025-11-07 00:00:00+00:00,25 bps decrease,,0.735,0.29,,0.32,,,,,,,,,,2025-12,2026-01,,2026-03,,,
2025-11-08 00:00:00+00:00,25 bps decrease,,0.705,0.325,,0.32,,,,,,,,,,2025-12,2026-01,,2026-03,,,
2025-11-09 00:00:00+00:00,25 bps decrease,,0.705,0.34,,0.33,,,,,,,,,,2025-12,2026-01,,2026-03,,,
2025-11-10 00:00:00+00:00,25 bps decrease,,0.725,0.37,,0.335,,,,,,,,,,2025-12,2026-01,,2026-03,,,
2025-11-11 00:00:00+00:00,25 bps decrease,,0.685,0.36,,0.325,,,,,,,,,,2025-12,2026-01,,2026-03,,,
2025-11-12 00:00:00+00:00,25 bps decrease,,0.715,0.36,,0.33,,,,,,,,,,2025-12,2026-01,,2026-03,,,
2025-11-13 00:00:00+00:00,25 bps decrease,,0.635,0.355,,0.32,,,,,,,,,,2025-12,2026-01,,2026-03,,,
2025-11-14 00:00:00+00:00,25 bps decrease,,0.525,0.365,,0.32,0.27,,,,,,,,,2025-12,2026-01,,2026-03,2026-04,,
2025-11-15 00:00:00+00:00,25 bps decrease,,0.465,0.355,,0.315,0.3,,,,,,,,,2025-12,2026-01,,2026-03,2026-04,,
2025-11-16 00:00:00+00:00,25 bps decrease,,0.465,0.34,,0.335,0.29,,,,,,,,,2025-12,2026-01,,2026-03,2026-04,,
2025-11-17 00:00:00+00:00,25 bps decrease,,0.455,0.33,,0.335,0.305,,,,,,,,,2025-12,2026-01,,2026-03,2026-04,,
2025-11-18 00:00:00+00:00,25 bps decrease,,0.435,0.395,,0.355,0.3,,,,,,,,,2025-12,2026-01,,2026-03,2026-04,,
2025-11-19 00:00:00+00:00,25 bps decrease,,0.515,0.44,,0.39,0.31,,,,,,,,,2025-12,2026-01,,2026-03,2026-04,,
2025-11-20 00:00:00+00:00,25 bps decrease,,0.305,0.485,,0.39,0.31,,,,,,,,,2025-12,2026-01,,2026-03,2026-04,,
2025-11-21 00:00:00+00:00,25 bps decrease,,0.335,0.445,,0.385,0.305,,,,,,,,,2025-12,2026-01,,2026-03,2026-04,,
2025-11-22 00:00:00+00:00,25 bps decrease,,0.645,0.39,,0.385,0.3,,,,,,,,,2025-12,2026-01,,2026-03,2026-04,,
2025-11-23 00:00:00+00:00,25 bps decrease,,0.655,0.415,,0.385,0.295,,,,,,,,,2025-12,2026-01,,2026-03,2026-04,,
2025-11-24 00:00:00+00:00,25 bps decrease,,0.695,0.42,,0.385,0.28,,,,,,,,,2025-12,2026-01,,2026-03,2026-04,,
2025-11-25 00:00:00+00:00,25 bps decrease,,0.805,0.355,,0.375,0.28,,,,,,,,,2025-12,2026-01,,2026-03,2026-04,,
2025-11-26 00:00:00+00:00,25 bps decrease,,0.845,0.355,,0.365,0.315,,,,,,,,,2025-12,2026-01,,2026-03,2026-04,,
2025-11-27 00:00:00+00:00,25 bps decrease,,0.835,0.305,,0.37,0.29,,,,,,,,,2025-12,2026-01,,2026-03,2026-04,,
2025-11-28 00:00:00+00:00,25 bps decrease,,0.855,0.29,,0.375,0.295,,,,,,,,,2025-12,2026-01,,2026-03,2026-04,,
2025-11-29 00:00:00+00:00,25 bps decrease,,0.865,0.26,,0.375,0.345,,,,,,,,,2025-12,2026-01,,2026-03,2026-04,,
2025-11-30 00:00:00+00:00,25 bps decrease,,0.875,0.255,,0.4,0.41,,,,,,,,,2025-12,2026-01,,2026-03,2026-04,,
2025-12-01 00:00:00+00:00,25 bps decrease,0.885,0.27,,0.405,0.36,,,,,,,,,2025-12,2026-01,,2026-03,2026-04,,,1.0
2025-12-02 00:00:00+00:00,25 bps decrease,0.885,0.28,,0.425,0.405,,,,,,,,,2025-12,2026-01,,2026-03,2026-04,,,1.0
2025-12-03 00:00:00+00:00,25 bps decrease,0.915,0.275,,0.39,0.365,,,,,,,,,2025-12,2026-01,,2026-03,2026-04,,,1.0
2025-12-04 00:00:00+00:00,25 bps decrease,0.935,0.3,,0.405,0.41,,,,,,,,,2025-12,2026-01,,2026-03,2026-04,,,1.0
2025-12-05 00:00:00+00:00,25 bps decrease,0.925,0.285,,0.395,0.405,,,,,,,,,2025-12,2026-01,,2026-03,2026-04,,,1.0
2025-12-06 00:00:00+00:00,25 bps decrease,0.935,0.265,,0.395,0.43,,,,,,,,,2025-12,2026-01,,2026-03,2026-04,,,1.0
2025-12-07 00:00:00+00:00,25 bps decrease,0.925,0.285,,0.43,0.395,,,,,,,,,2025-12,2026-01,,2026-03,2026-04,,,1.0
2025-12-08 00:00:00+00:00,25 bps decrease,0.925,0.27,,0.405,0.42,,,,,,,,,2025-12,2026-01,,2026-03,2026-04,,,1.0
2025-12-09 00:00:00+00:00,25 bps decrease,0.935,0.265,,0.415,0.38,,,,,,,,,2025-12,2026-01,,2026-03,2026-04,,,1.0
2025-12-10 00:00:00+00:00,25 bps decrease,0.9685,0.25,,0.385,0.325,,,,,,,,,2025-12,2026-01,,2026-03,2026-04,,,1.0
2025-12-11 00:00:00+00:00,25 bps decrease,,0.195,,0.355,0.28,,0.5,,,,,,,,2026-01,,2026-03,2026-04,,2026-06,
2025-12-12 00:00:00+00:00,25 bps decrease,,0.175,,0.345,0.335,,0.535,,,,,,,,2026-01,,2026-03,2026-04,,2026-06,
2025-12-13 00:00:00+00:00,25 bps decrease,,0.205,,0.36,0.31,,0.4,,,,,,,,2026-01,,2026-03,2026-04,,2026-06,
2025-12-14 00:00:00+00:00,25 bps decrease,,0.205,,0.34,0.315,,0.39,,,,,,,,2026-01,,2026-03,2026-04,,2026-06,
2025-12-15 00:00:00+00:00,25 bps decrease,,0.205,,0.355,0.315,,0.39,,,,,,,,2026-01,,2026-03,2026-04,,2026-06,
2025-12-16 00:00:00+00:00,25 bps decrease,,0.205,,0.36,0.325,,0.385,,,,,,,,2026-01,,2026-03,2026-04,,2026-06,
2025-12-17 00:00:00+00:00,25 bps decrease,,0.205,,0.405,0.31,,0.405,,,,,,,,2026-01,,2026-03,2026-04,,2026-06,
2025-12-18 00:00:00+00:00,25 bps decrease,,0.215,,0.41,0.31,,0.405,,,,,,,,2026-01,,2026-03,2026-04,,2026-06,
2025-12-19 00:00:00+00:00,25 bps decrease,,0.245,,0.495,0.295,,0.405,,,,,,,,2026-01,,2026-03,2026-04,,2026-06,
2025-12-20 00:00:00+00:00,25 bps decrease,,0.205,,0.465,0.32,,0.405,,,,,,,,2026-01,,2026-03,2026-04,,2026-06,
2025-12-21 00:00:00+00:00,25 bps decrease,,0.195,,0.455,0.295,,0.39,,,,,,,,2026-01,,2026-03,2026-04,,2026-06,
2025-12-22 00:00:00+00:00,25 bps decrease,,0.185,,0.435,0.325,,0.395,,,,,,,,2026-01,,2026-03,2026-04,,2026-06,
2025-12-23 00:00:00+00:00,25 bps decrease,,0.175,,0.445,0.295,,0.395,,,,,,,,2026-01,,2026-03,2026-04,,2026-06,
2025-12-24 00:00:00+00:00,25 bps decrease,,0.125,,0.435,0.25,,0.4,,,,,,,,2026-01,,2026-03,2026-04,,2026-06,
2025-12-25 00:00:00+00:00,25 bps decrease,,0.115,,0.385,0.265,,0.4,,,,,,,,2026-01,,2026-03,2026-04,,2026-06,
2025-12-26 00:00:00+00:00,25 bps decrease,,0.115,,0.355,0.26,,0.4,,,,,,,,2026-01,,2026-03,2026-04,,2026-06,
2025-12-27 00:00:00+00:00,25 bps decrease,,0.145,,0.35,0.26,,0.4,,,,,,,,2026-01,,2026-03,2026-04,,2026-06,
2025-12-28 00:00:00+00:00,25 bps decrease,,0.135,,0.345,0.26,,0.41,,,,,,,,2026-01,,2026-03,2026-04,,2026-06,
2025-12-29 00:00:00+00:00,25 bps decrease,,0.125,,0.33,0.26,,0.415,,,,,,,,2026-01,,2026-03,2026-04,,2026-06,
2025-12-30 00:00:00+00:00,25 bps decrease,,0.125,,0.335,0.265,,0.405,,,,,,,,2026-01,,2026-03,2026-04,,2026-06,
2025-12-31 00:00:00+00:00,25 bps decrease,,0.125,,0.34,0.255,,0.45,,,,,,,,2026-01,,2026-03,2026-04,,2026-06,
2026-01-01 00:00:00+00:00,25 bps decrease,0.105,,0.33,0.29,,0.435,,,,,,,,2026-01,,2026-03,2026-04,,2026-06,,0.0
2026-01-02 00:00:00+00:00,25 bps decrease,0.105,,0.335,0.345,,0.405,,,,,,,,2026-01,,2026-03,2026-04,,2026-06,,0.0
2026-01-03 00:00:00+00:00,25 bps decrease,0.105,,0.325,0.295,,0.38,,,,,,,,2026-01,,2026-03,2026-04,,2026-06,,0.0
2026-01-04 00:00:00+00:00,25 bps decrease,0.095,,0.34,0.29,,0.375,,,,,,,,2026-01,,2026-03,2026-04,,2026-06,,0.0
2026-01-05 00:00:00+00:00,25 bps decrease,0.095,,0.365,0.31,,0.38,,,,,,,,2026-01,,2026-03,2026-04,,2026-06,,0.0
2026-01-06 00:00:00+00:00,25 bps decrease,0.105,,0.385,0.325,,0.415,,,,,,,,2026-01,,2026-03,2026-04,,2026-06,,0.0
2026-01-07 00:00:00+00:00,25 bps decrease,0.105,,0.385,0.355,,0.42,,,,,,,,2026-01,,2026-03,2026-04,,2026-06,,0.0
2026-01-08 00:00:00+00:00,25 bps decrease,0.075,,0.375,0.315,,0.42,,,,,,,,2026-01,,2026-03,2026-04,,2026-06,,0.0
2026-01-09 00:00:00+00:00,25 bps decrease,0.075,,0.36,0.295,,0.43,,,,,,,,2026-01,,2026-03,2026-04,,2026-06,,0.0
2026-01-10 00:00:00+00:00,25 bps decrease,0.0245,,0.305,0.265,,0.435,,,,,,,,2026-01,,2026-03,2026-04,,2026-06,,0.0
2026-01-11 00:00:00+00:00,25 bps decrease,0.0375,,0.285,0.24,,0.44,,,,,,,,2026-01,,2026-03,2026-04,,2026-06,,0.0
2026-01-12 00:00:00+00:00,25 bps decrease,0.0405,,0.285,0.255,,0.43,,,,,,,,2026-01,,2026-03,2026-04,,2026-06,,0.0
2026-01-13 00:00:00+00:00,25 bps decrease,0.0655,,0.285,0.26,,0.425,,,,,,,,2026-01,,2026-03,2026-04,,2026-06,,0.0
2026-01-14 00:00:00+00:00,25 bps decrease,0.041,,0.305,0.27,,0.43,,,,,,,,2026-01,,2026-03,2026-04,,2026-06,,0.0
2026-01-15 00:00:00+00:00,25 bps decrease,0.056,,0.265,0.255,,0.43,,,,,,,,2026-01,,2026-03,2026-04,,2026-06,,0.0
2026-01-16 00:00:00+00:00,25 bps decrease,0.049,,0.205,0.235,,0.43,,,,,,,,2026-01,,2026-03,2026-04,,2026-06,,0.0
2026-01-17 00:00:00+00:00,25 bps decrease,0.0435,,0.175,0.24,,0.43,,,,,,,,2026-01,,2026-03,2026-04,,2026-06,,0.0
2026-01-18 00:00:00+00:00,25 bps decrease,0.0385,,0.165,0.25,,0.435,,,,,,,,2026-01,,2026-03,2026-04,,2026-06,,0.0
2026-01-19 00:00:00+00:00,25 bps decrease,0.0375,,0.175,0.255,,0.435,,,,,,,,2026-01,,2026-03,2026-04,,2026-06,,0.0
2026-01-20 00:00:00+00:00,25 bps decrease,0.0315,,0.18,0.255,,0.445,,,,,,,,2026-01,,2026-03,2026-04,,2026-06,,0.0
2026-01-21 00:00:00+00:00,25 bps decrease,0.0245,,0.195,0.24,,0.45,,,,,,,,2026-01,,2026-03,2026-04,,2026-06,,0.0
2026-01-22 00:00:00+00:00,25 bps decrease,0.0185,,0.205,0.245,,0.425,,,,,,,,2026-01,,2026-03,2026-04,,2026-06,,0.0
2026-01-23 00:00:00+00:00,25 bps decrease,0.0165,,0.155,0.23,,0.475,,,,,,,,2026-01,,2026-03,2026-04,,2026-06,,0.0
2026-01-24 00:00:00+00:00,25 bps decrease,0.0115,,0.205,0.235,,0.485,,,,,,,,2026-01,,2026-03,2026-04,,2026-06,,0.0
2026-01-25 00:00:00+00:00,25 bps decrease,0.0065,,0.175,0.26,,0.5,,,,,,,,2026-01,,2026-03,2026-04,,2026-06,,0.0
2026-01-26 00:00:00+00:00,25 bps decrease,0.0065,,0.155,0.245,,0.495,,,,,,,,2026-01,,2026-03,2026-04,,2026-06,,0.0
2026-01-27 00:00:00+00:00,25 bps decrease,0.0075,,0.145,0.24,,0.48,,,,,,,,2026-01,,2026-03,2026-04,,2026-06,,0.0
2026-01-28 00:00:00+00:00,25 bps decrease,0.0035,,0.145,0.23,,0.485,,,,,,,,2026-01,,2026-03,2026-04,,2026-06,,0.0
2026-01-29 00:00:00+00:00,25 bps decrease,,,0.075,0.205,,0.545,,,,,,,,,,2026-03,2026-04,,2026-06,,
2026-01-30 00:00:00+00:00,25 bps decrease,,,0.075,0.185,,0.54,,,,,,,,,,2026-03,2026-04,,2026-06,,
2026-01-31 00:00:00+00:00,25 bps decrease,,,0.065,0.19,,0.46,,,,,,,,,,2026-03,2026-04,,2026-06,,
2026-02-01 00:00:00+00:00,25 bps decrease,,0.075,0.185,,0.5,,,,,,,,,,2026-03,2026-04,,2026-06,,,
2026-02-02 00:00:00+00:00,25 bps decrease,,0.075,0.195,,0.5,,,,,,,,,,2026-03,2026-04,,2026-06,,,
2026-02-03 00:00:00+00:00,25 bps decrease,,0.075,0.16,,0.445,,,,,,,,,,2026-03,2026-04,,2026-06,,,
2026-02-04 00:00:00+00:00,25 bps decrease,,0.065,0.175,,0.46,,,,,,,,,,2026-03,2026-04,,2026-06,,,
2026-02-05 00:00:00+00:00,25 bps decrease,,0.075,0.18,,0.49,,,,,,,,,,2026-03,2026-04,,2026-06,,,
2026-02-06 00:00:00+00:00,25 bps decrease,,0.175,0.225,,0.525,,,,,,,,,,2026-03,2026-04,,2026-06,,,
2026-02-07 00:00:00+00:00,25 bps decrease,,0.115,0.23,,0.545,,,,,,,,,,2026-03,2026-04,,2026-06,,,
2026-02-08 00:00:00+00:00,25 bps decrease,,0.145,0.215,,0.565,,,,,,,,,,2026-03,2026-04,,2026-06,,,
2026-02-09 00:00:00+00:00,25 bps decrease,,0.135,0.21,,0.57,,,,,,,,,,2026-03,2026-04,,2026-06,,,
2026-02-10 00:00:00+00:00,25 bps decrease,,0.145,0.23,,0.555,,,,,,,,,,2026-03,2026-04,,2026-06,,,
2026-02-11 00:00:00+00:00,25 bps decrease,,0.155,0.265,,0.56,,,,,,,,,,2026-03,2026-04,,2026-06,,,
2026-02-12 00:00:00+00:00,25 bps decrease,,0.075,0.175,,0.485,,,,,,,,,,2026-03,2026-04,,2026-06,,,
2026-02-13 00:00:00+00:00,25 bps decrease,,0.065,0.17,,0.46,,,,,,,,,,2026-03,2026-04,,2026-06,,,
2026-02-14 00:00:00+00:00,25 bps decrease,,0.055,0.2,,0.51,,,,,,,,,,2026-03,2026-04,,2026-06,,,
2026-02-15 00:00:00+00:00,25 bps decrease,,0.065,0.215,,0.5,,,,,,,,,,2026-03,2026-04,,2026-06,,,
2026-02-16 00:00:00+00:00,25 bps decrease,,0.065,,,,,,,,,,,,,2026-03,,,,,,
2026-02-17 00:00:00+00:00,25 bps decrease,,0.065,0.22,,0.555,,,,,,,,,,2026-03,2026-04,,2026-06,,,
2026-02-18 00:00:00+00:00,25 bps decrease,,0.065,0.215,,,,,,,,,,,,2026-03,2026-04,,,,,
2026-02-19 00:00:00+00:00,25 bps decrease,,0.055,0.19,,,,,,,,,,,,2026-03,2026-04,,,,,
2026-02-20 00:00:00+00:00,25 bps decrease,,0.0545,0.21,,0.515,,,,,,,,,,2026-03,2026-04,,2026-06,,,
2026-02-21 00:00:00+00:00,25 bps decrease,,0.0445,0.17,,0.455,,,,,,,,,,2026-03,2026-04,,2026-06,,,
2026-02-22 00:00:00+00:00,25 bps decrease,,0.033,0.175,,0.445,,,,,,,,,,2026-03,2026-04,,2026-06,,,
2026-02-23 00:00:00+00:00,25 bps decrease,,0.0295,0.155,,0.44,,,,,,,,,,2026-03,2026-04,,2026-06,,,
2026-02-24 00:00:00+00:00,25 bps decrease,,0.0265,0.13,,0.475,,,,,,,,,,2026-03,2026-04,,2026-06,,,
2026-02-25 00:00:00+00:00,25 bps decrease,,0.0215,0.115,,0.47,,,,,,,,,,2026-03,2026-04,,2026-06,,,
2026-02-26 00:00:00+00:00,25 bps decrease,,0.0175,0.11,,0.445,,,,,,,,,,2026-03,2026-04,,2026-06,,,
2026-02-27 00:00:00+00:00,25 bps decrease,,0.0175,0.095,,0.44,,,,,,,,,,2026-03,2026-04,,2026-06,,,
2026-02-28 00:00:00+00:00,25 bps decrease,,0.0185,0.105,,0.465,,,,,,,,,,2026-03,2026-04,,2026-06,,,
2026-03-01 00:00:00+00:00,25 bps decrease,0.0415,,,,,,,,,,,,,2026-03,,,,,,,0.0
2026-03-02 00:00:00+00:00,25 bps decrease,0.027,0.135,,,,,,,,,,,,2026-03,2026-04,,,,,,0.0
2026-03-03 00:00:00+00:00,25 bps decrease,0.019,0.115,,0.42,,,,,,,,,,2026-03,2026-04,,2026-06,,,,0.0
2026-03-04 00:00:00+00:00,25 bps decrease,0.0185,0.115,,0.295,,,,,,,,,,2026-03,2026-04,,2026-06,,,,0.0
2026-03-05 00:00:00+00:00,25 bps decrease,0.0085,0.085,,0.275,,,,,,,,,,2026-03,2026-04,,2026-06,,,,0.0
2026-03-06 00:00:00+00:00,25 bps decrease,0.0065,0.085,,0.285,,,,,,,,,,2026-03,2026-04,,2026-06,,,,0.0
2026-03-07 00:00:00+00:00,25 bps decrease,0.014,0.1,,0.325,,,,,,,,,,2026-03,2026-04,,2026-06,,,,0.0
2026-03-08 00:00:00+00:00,25 bps decrease,0.011,0.095,,0.355,,,,,,,,,,2026-03,2026-04,,2026-06,,,,0.0
2026-03-09 00:00:00+00:00,25 bps decrease,0.0125,0.125,,0.35,,,,,,,,,,2026-03,2026-04,,2026-06,,,,0.0
2026-03-10 00:00:00+00:00,25 bps decrease,0.0085,0.115,,0.29,,,,,,,,,,2026-03,2026-04,,2026-06,,,,0.0
2026-03-11 00:00:00+00:00,25 bps decrease,0.0065,0.095,,0.375,,,,,,,,,,2026-03,2026-04,,2026-06,,,,0.0
2026-03-12 00:00:00+00:00,25 bps decrease,0.0045,0.075,,0.345,,,,,,,,,,2026-03,2026-04,,2026-06,,,,0.0
2026-03-13 00:00:00+00:00,25 bps decrease,0.0035,,,,,,,,,,,,,2026-03,,,,,,,0.0
2026-03-14 00:00:00+00:00,25 bps decrease,0.0025,0.055,,0.33,,,,,,,,,,2026-03,2026-04,,2026-06,,,,0.0
2026-03-15 00:00:00+00:00,25 bps decrease,0.0025,,,0.305,,,,,,,,,,2026-03,,,2026-06,,,,0.0
2026-03-16 00:00:00+00:00,25 bps decrease,0.0035,,,0.295,,,,,,,,,,2026-03,,,2026-06,,,,0.0
2026-03-17 00:00:00+00:00,25 bps decrease,0.0035,0.0385,,0.305,,,,,,,,,,2026-03,2026-04,,2026-06,,,,0.0
2026-03-18 00:00:00+00:00,25 bps decrease,0.0045,0.0345,,0.295,,,,,,,,,,2026-03,2026-04,,2026-06,,,,0.0
2026-03-19 00:00:00+00:00,25 bps decrease,,,,0.085,,,,,,,,,,,,,2026-06,,,,
2026-03-20 00:00:00+00:00,25 bps decrease,,0.021,,0.115,,,,,,,,,,,2026-04,,2026-06,,,,
2026-03-21 00:00:00+00:00,25 bps decrease,,0.015,,0.085,0.175,,,,,,,,,,2026-04,,2026-06,2026-07,,,
2026-03-22 00:00:00+00:00,25 bps decrease,,0.0125,,0.105,0.16,,,,,,,,,,2026-04,,2026-06,2026-07,,,
2026-03-23 00:00:00+00:00,25 bps decrease,,0.0125,,0.105,0.155,,,,,,,,,,2026-04,,2026-06,2026-07,,,
2026-03-24 00:00:00+00:00,25 bps decrease,,0.0125,,0.075,0.16,,,,,,,,,,2026-04,,2026-06,2026-07,,,
2026-03-25 00:00:00+00:00,25 bps decrease,,0.0125,,0.075,0.165,,,,,,,,,,2026-04,,2026-06,2026-07,,,
2026-03-26 00:00:00+00:00,25 bps decrease,,0.0125,,0.08,0.16,,,,,,,,,,2026-04,,2026-06,2026-07,,,
2026-03-27 00:00:00+00:00,25 bps decrease,,0.0105,,0.085,0.18,,,,,,,,,,2026-04,,2026-06,2026-07,,,
2026-03-28 00:00:00+00:00,25 bps decrease,,0.0105,,0.075,0.16,,,,,,,,,,2026-04,,2026-06,2026-07,,,
2026-03-29 00:00:00+00:00,25 bps decrease,,0.0105,,0.065,0.155,,,,,,,,,,2026-04,,2026-06,2026-07,,,
2026-03-30 00:00:00+00:00,25 bps decrease,,,,,0.135,,,,,,,,,,,,,2026-07,,,
2026-03-31 00:00:00+00:00,25 bps decrease,,,,,0.125,,,,,,,,,,,,,2026-07,,,
2026-04-01 00:00:00+00:00,25 bps decrease,,,,0.105,,,,,,,,,,,,,2026-07,,,,
2026-04-02 00:00:00+00:00,25 bps decrease,,,,0.13,,,,,,,,,,,,,2026-07,,,,
2026-04-03 00:00:00+00:00,25 bps decrease,,,,0.125,,,,,,,,,,,,,2026-07,,,,
2026-04-04 00:00:00+00:00,25 bps decrease,,,,0.135,,,,,,,,,,,,,2026-07,,,,
2026-04-05 00:00:00+00:00,25 bps decrease,0.0065,,,,,,,,,,,,,2026-04,,,,,,,0.0
2026-04-06 00:00:00+00:00,25 bps decrease,,,,0.135,,,,,,,,,,,,,2026-07,,,,
2026-04-07 00:00:00+00:00,25 bps decrease,,,,0.125,,,,,,,,,,,,,2026-07,,,,
2026-04-08 00:00:00+00:00,25 bps decrease,,,,0.13,,,,,,,,,,,,,2026-07,,,,
2026-04-09 00:00:00+00:00,25 bps decrease,0.0065,,0.085,0.125,,,,,,,,,,2026-04,,2026-06,2026-07,,,,0.0
2026-04-10 00:00:00+00:00,25 bps decrease,,,,0.13,,,,,,,,,,,,,2026-07,,,,
2026-04-11 00:00:00+00:00,25 bps decrease,,,,0.145,,,,,,,,,,,,,2026-07,,,,
2026-04-12 00:00:00+00:00,25 bps decrease,0.0075,,,,,,,,,,,,,2026-04,,,,,,,0.0
2026-04-13 00:00:00+00:00,25 bps decrease,,,,0.11,,,,,,,,,,,,,2026-07,,,,
2026-04-15 00:00:00+00:00,25 bps decrease,,,,0.115,,,,,,,,,,,,,2026-07,,,,
2026-04-16 00:00:00+00:00,25 bps decrease,,,,0.095,,,,,,,,,,,,,2026-07,,,,
2026-04-17 00:00:00+00:00,25 bps decrease,,,,0.135,,,,,,,,,,,,,2026-07,,,,
2026-04-18 00:00:00+00:00,25 bps decrease,0.0035,,0.045,,,,,,,,,,,2026-04,,2026-06,,,,,0.0
2026-04-19 00:00:00+00:00,25 bps decrease,,,,0.145,,,,,,,,,,,,,2026-07,,,,
2026-04-20 00:00:00+00:00,25 bps decrease,,,,0.13,,,,,,,,,,,,,2026-07,,,,
2026-04-21 00:00:00+00:00,25 bps decrease,,,,0.125,,,,,,,,,,,,,2026-07,,,,
2026-04-22 00:00:00+00:00,25 bps decrease,0.0025,,0.045,0.115,,,,,,,,,,2026-04,,2026-06,2026-07,,,,0.0
2026-04-23 00:00:00+00:00,25 bps decrease,0.0035,,0.043,0.115,,,,,,,,,,2026-04,,2026-06,2026-07,,,,0.0
2026-04-24 00:00:00+00:00,25 bps decrease,0.0025,,0.0505,0.115,,,,,,,,,,2026-04,,2026-06,2026-07,,,,0.0
2026-04-25 00:00:00+00:00,25 bps decrease,0.0025,,0.0445,0.095,,,,,,,,,,2026-04,,2026-06,2026-07,,,,0.0
2026-04-26 00:00:00+00:00,25 bps decrease,0.0015,,0.053,0.095,,,,,,,,,,2026-04,,2026-06,2026-07,,,,0.0
2026-04-27 00:00:00+00:00,25 bps decrease,0.0005,,0.0445,0.085,,,,,,,,,,2026-04,,2026-06,2026-07,,,,0.0
2026-04-28 00:00:00+00:00,25 bps decrease,0.0005,,0.0375,0.105,,,,,,,,,,2026-04,,2026-06,2026-07,,,,0.0
2026-04-29 00:00:00+00:00,25 bps decrease,0.0005,,0.0445,0.095,,,,,,,,,,2026-04,,2026-06,2026-07,,,,0.0
2026-04-30 00:00:00+00:00,25 bps decrease,,,0.0335,0.095,,,,,,,,,,,,2026-06,2026-07,,,,
2026-05-01 00:00:00+00:00,25 bps decrease,,0.0345,0.075,,,,,,,,,,,,2026-06,2026-07,,,,,
2026-05-02 00:00:00+00:00,25 bps decrease,,0.0405,0.075,,,,,,,,,,,,2026-06,2026-07,,,,,
2026-05-03 00:00:00+00:00,25 bps decrease,,0.0385,0.065,,,,,,,,,,,,2026-06,2026-07,,,,,
2026-05-04 00:00:00+00:00,25 bps decrease,,0.0365,0.065,,,,,,,,,,,,2026-06,2026-07,,,,,
2026-05-05 00:00:00+00:00,25 bps decrease,,0.024,0.065,,,,,,,,,,,,2026-06,2026-07,,,,,
2026-05-06 00:00:00+00:00,25 bps decrease,,0.0285,0.0335,,,,,,,,,,,,2026-06,2026-07,,,,,
2026-05-07 00:00:00+00:00,25 bps decrease,,0.0325,0.044,,,,,,,,,,,,2026-06,2026-07,,,,,
2026-05-08 00:00:00+00:00,25 bps decrease,,0.0295,0.051,,,,,,,,,,,,2026-06,2026-07,,,,,
2026-05-09 00:00:00+00:00,25 bps decrease,,0.0165,0.0505,,,,,,,,,,,,2026-06,2026-07,,,,,
2026-05-10 00:00:00+00:00,25 bps decrease,,0.0155,0.0565,,,,,,,,,,,,2026-06,2026-07,,,,,
2026-05-11 00:00:00+00:00,25 bps decrease,,0.0205,0.0575,,,,,,,,,,,,2026-06,2026-07,,,,,
2026-05-12 00:00:00+00:00,25 bps decrease,,0.0215,0.0575,,,,,,,,,,,,2026-06,2026-07,,,,,
2026-05-13 00:00:00+00:00,25 bps decrease,,0.0145,0.0535,,,,,,,,,,,,2026-06,2026-07,,,,,
2026-05-14 00:00:00+00:00,25 bps decrease,,0.0135,0.0525,,0.375,,,,,,,,,,2026-06,2026-07,,2026-09,,,
2026-05-15 00:00:00+00:00,25 bps decrease,,0.0145,0.0425,,0.09,,,,,,,,,,2026-06,2026-07,,2026-09,,,
2026-05-16 00:00:00+00:00,25 bps decrease,,0.0085,0.0305,,0.135,,,,,,,,,,2026-06,2026-07,,2026-09,,,
2026-05-17 00:00:00+00:00,25 bps decrease,,0.0065,0.0305,,0.09,,,,,,,,,,2026-06,2026-07,,2026-09,,,
2026-05-18 00:00:00+00:00,25 bps decrease,,0.0105,0.0205,,0.075,,,,,,,,,,2026-06,2026-07,,2026-09,,,
2026-05-19 00:00:00+00:00,25 bps decrease,,0.0075,0.0205,,0.07,,,,,,,,,,2026-06,2026-07,,2026-09,,,
2026-05-20 00:00:00+00:00,25 bps decrease,,0.0085,0.015,,0.095,,,,,,,,,,2026-06,2026-07,,2026-09,,,
2026-05-21 00:00:00+00:00,25 bps decrease,,0.0105,0.0115,,0.095,,,,,,,,,,2026-06,2026-07,,2026-09,,,
2026-05-22 00:00:00+00:00,25 bps decrease,,0.0085,0.0145,,0.1,,,,,,,,,,2026-06,2026-07,,2026-09,,,
2026-05-23 00:00:00+00:00,25 bps decrease,,0.0105,0.0135,,0.095,,,,,,,,,,2026-06,2026-07,,2026-09,,,
2026-05-24 00:00:00+00:00,25 bps decrease,,0.0115,0.021,,0.095,,,,,,,,,,2026-06,2026-07,,2026-09,,,
2026-05-25 00:00:00+00:00,25 bps decrease,,0.0115,0.0235,,0.105,,,,,,,,,,2026-06,2026-07,,2026-09,,,
2026-05-26 00:00:00+00:00,25 bps decrease,,0.0135,0.024,,0.11,,,,,,,,,,2026-06,2026-07,,2026-09,,,
2026-05-27 00:00:00+00:00,25 bps decrease,,0.0165,0.0295,,0.11,,,,,,,,,,2026-06,2026-07,,2026-09,,,
2026-05-28 00:00:00+00:00,25 bps decrease,,0.0135,0.0315,,0.085,,,,,,,,,,2026-06,2026-07,,2026-09,,,
2026-05-29 00:00:00+00:00,25 bps decrease,,0.0105,0.0315,,0.085,,,,,,,,,,2026-06,2026-07,,2026-09,,,
2026-05-30 00:00:00+00:00,25 bps decrease,,0.0105,0.0345,,0.085,,,,,,,,,,2026-06,2026-07,,2026-09,,,
2026-05-31 00:00:00+00:00,25 bps decrease,,0.0105,0.0285,,0.075,,,,,,,,,,2026-06,2026-07,,2026-09,,,
2026-06-01 00:00:00+00:00,25 bps decrease,0.0095,0.0315,,0.08,,,,,,,,,,2026-06,2026-07,,2026-09,,,,0.0
2026-06-02 00:00:00+00:00,25 bps decrease,0.0085,0.0235,,0.08,,,,,,,,,,2026-06,2026-07,,2026-09,,,,0.0
2026-06-03 00:00:00+00:00,25 bps decrease,0.0095,0.0235,,0.08,,,,,,,,,,2026-06,2026-07,,2026-09,,,,0.0
2026-06-04 00:00:00+00:00,25 bps decrease,0.0075,0.0185,,0.07,,,,,,,,,,2026-06,2026-07,,2026-09,,,,0.0
2026-06-05 00:00:00+00:00,25 bps decrease,0.0085,0.02,,0.065,,,,,,,,,,2026-06,2026-07,,2026-09,,,,0.0
2026-06-06 00:00:00+00:00,25 bps decrease,0.0065,0.0155,,0.055,,,,,,,,,,2026-06,2026-07,,2026-09,,,,0.0
2026-06-07 00:00:00+00:00,25 bps decrease,0.0045,0.0165,,0.045,,,,,,,,,,2026-06,2026-07,,2026-09,,,,0.0
2026-06-08 00:00:00+00:00,25 bps decrease,0.0055,0.0155,,0.0305,,,,,,,,,,2026-06,2026-07,,2026-09,,,,0.0
2026-06-09 00:00:00+00:00,25 bps decrease,0.0045,0.0145,,0.0315,,,,,,,,,,2026-06,2026-07,,2026-09,,,,0.0
2026-06-10 00:00:00+00:00,25 bps decrease,0.0035,0.016,,0.033,,,,,,,,,,2026-06,2026-07,,2026-09,,,,0.0
2026-06-11 00:00:00+00:00,25 bps decrease,0.0025,0.0155,,0.033,,,,,,,,,,2026-06,2026-07,,2026-09,,,,0.0
2026-06-12 00:00:00+00:00,25 bps decrease,0.0025,0.0195,,0.0355,,,,,,,,,,2026-06,2026-07,,2026-09,,,,0.0
2026-06-13 00:00:00+00:00,25 bps decrease,0.004,0.0205,,0.0565,,,,,,,,,,2026-06,2026-07,,2026-09,,,,0.0
2026-06-14 00:00:00+00:00,25 bps decrease,0.003,0.0205,,0.075,,,,,,,,,,2026-06,2026-07,,2026-09,,,,0.0
2026-06-15 00:00:00+00:00,25 bps decrease,0.0025,0.031,,0.0835,,,,,,,,,,2026-06,2026-07,,2026-09,,,,0.0
2026-06-16 00:00:00+00:00,25 bps decrease,0.0045,0.0245,,0.1125,,,,,,,,,,2026-06,2026-07,,2026-09,,,,0.0
2026-06-17 00:00:00+00:00,25 bps decrease,0.0025,0.039,,0.115,,,,,,,,,,2026-06,2026-07,,2026-09,,,,0.0
2026-06-18 00:00:00+00:00,25 bps decrease,,0.0175,,0.0605,,,,,,,,,,,2026-07,,2026-09,,,,
2026-06-19 00:00:00+00:00,25 bps decrease,,0.013,,0.0525,,,,,,,,,,,2026-07,,2026-09,,,,
2026-06-20 00:00:00+00:00,25 bps decrease,,0.0165,,0.0655,,,,,,,,,,,2026-07,,2026-09,,,,
2026-06-21 00:00:00+00:00,25 bps decrease,,0.0105,,0.066,,,,,,,,,,,2026-07,,2026-09,,,,
2026-06-22 00:00:00+00:00,25 bps decrease,,0.0155,,0.0435,,,,,,,,,,,2026-07,,2026-09,,,,
2026-06-23 00:00:00+00:00,25 bps decrease,,0.0145,,0.056,,,,,,,,,,,2026-07,,2026-09,,,,
2026-06-24 00:00:00+00:00,25 bps decrease,,0.0145,,0.04,,,,,,,,,,,2026-07,,2026-09,,,,
2026-06-25 00:00:00+00:00,25 bps decrease,,0.0145,,0.045,,,,,,,,,,,2026-07,,2026-09,,,,
2026-06-26 00:00:00+00:00,25 bps decrease,,0.0115,,0.0425,,,,,,,,,,,2026-07,,2026-09,,,,
2026-06-27 00:00:00+00:00,25 bps decrease,,0.0135,,0.0395,,,,,,,,,,,2026-07,,2026-09,,,,
2026-06-28 00:00:00+00:00,25 bps decrease,,0.0135,,0.041,,,,,,,,,,,2026-07,,2026-09,,,,
2026-06-29 00:00:00+00:00,25 bps decrease,,0.0125,,0.0385,,,,,,,,,,,2026-07,,2026-09,,,,
2026-06-30 00:00:00+00:00,25 bps decrease,,0.0145,,0.0455,,,,,,,,,,,2026-07,,2026-09,,,,
2026-07-01 00:00:00+00:00,25 bps decrease,0.0115,,0.044,,,,,,,,,,,2026-07,,2026-09,,,,,0.0
2026-07-02 00:00:00+00:00,25 bps decrease,0.0085,,0.042,,,,,,,,,,,2026-07,,2026-09,,,,,0.0
2026-07-03 00:00:00+00:00,25 bps decrease,0.0085,,0.0385,,,,,,,,,,,2026-07,,2026-09,,,,,0.0
2026-07-04 00:00:00+00:00,25 bps decrease,0.0065,,0.0385,,,,,,,,,,,2026-07,,2026-09,,,,,0.0
2026-07-05 00:00:00+00:00,25 bps decrease,0.0065,,0.0405,,,,,,,,,,,2026-07,,2026-09,,,,,0.0
2026-07-06 00:00:00+00:00,25 bps decrease,0.0055,,0.0405,,,,,,,,,,,2026-07,,2026-09,,,,,0.0
2026-07-07 00:00:00+00:00,25 bps decrease,0.0065,,0.0455,,,,,,,,,,,2026-07,,2026-09,,,,,0.0
2026-07-08 00:00:00+00:00,25 bps decrease,0.0085,,0.0415,,,,,,,,,,,2026-07,,2026-09,,,,,0.0
2026-07-09 00:00:00+00:00,25 bps decrease,0.0055,,0.0375,,,,,,,,,,,2026-07,,2026-09,,,,,0.0
2026-07-10 00:00:00+00:00,25 bps decrease,0.0055,,0.039,,,,,,,,,,,2026-07,,2026-09,,,,,0.0
2026-07-11 00:00:00+00:00,25 bps decrease,0.0055,,0.0375,,,,,,,,,,,2026-07,,2026-09,,,,,0.0
2026-07-12 00:00:00+00:00,25 bps decrease,0.0055,,0.039,,,,,,,,,,,2026-07,,2026-09,,,,,0.0
2026-07-13 00:00:00+00:00,25 bps decrease,0.0055,,0.0355,,,,,,,,,,,2026-07,,2026-09,,,,,0.0
2026-07-14 00:00:00+00:00,25 bps decrease,0.0045,,0.0355,,,,,,,,,,,2026-07,,2026-09,,,,,0.0
2026-07-15 00:00:00+00:00,25 bps decrease,0.0055,,0.0395,,,,,,,,,,,2026-07,,2026-09,,,,,0.0
2026-07-16 00:00:00+00:00,25 bps decrease,0.0035,,0.0405,,,,,,,,,,,2026-07,,2026-09,,,,,0.0
2026-07-17 00:00:00+00:00,25 bps decrease,0.0035,,0.0395,,,,,,,,,,,2026-07,,2026-09,,,,,0.0
2026-07-18 00:00:00+00:00,25 bps decrease,0.0025,,0.0375,,,,,,,,,,,2026-07,,2026-09,,,,,0.0
2026-07-19 00:00:00+00:00,25 bps decrease,0.0035,,0.0335,,,,,,,,,,,2026-07,,2026-09,,,,,0.0
2026-07-20 00:00:00+00:00,25 bps decrease,0.0035,,0.0325,,,,,,,,,,,2026-07,,2026-09,,,,,0.0
2026-07-21 00:00:00+00:00,25 bps decrease,0.0035,,0.034,,,,,,,,,,,2026-07,,2026-09,,,,,0.0
2026-07-22 00:00:00+00:00,25 bps decrease,0.0045,,0.0265,,,,,,,,,,,2026-07,,2026-09,,,,,0.0
2026-07-23 00:00:00+00:00,25 bps decrease,0.0035,,0.0315,,,,,,,,,,,2026-07,,2026-09,,,,,0.0
2026-07-24 00:00:00+00:00,25 bps decrease,0.0035,,0.0405,,,,,,,,,,,2026-07,,2026-09,,,,,0.0
2026-07-25 00:00:00+00:00,25 bps decrease,0.0035,,0.0355,,,,,,,,,,,2026-07,,2026-09,,,,,0.0
2026-07-26 00:00:00+00:00,25 bps decrease,0.0045,,0.037,,,,,,,,,,,2026-07,,2026-09,,,,,0.0
2026-07-27 00:00:00+00:00,25 bps decrease,0.0035,,0.037,,,,,,,,,,,2026-07,,2026-09,,,,,0.0
2026-07-28 00:00:00+00:00,25 bps decrease,0.0015,,0.0375,,,,,,,,,,,2026-07,,2026-09,,,,,0.0
2026-07-29 00:00:00+00:00,25 bps decrease,0.0015,,,,,,,,,,,,,2026-07,,,,,,,0.0
2026-07-30 00:00:00+00:00,25 bps decrease,,,0.0255,,,,,,,,,,,,,2026-09,,,,,
2026-07-31 00:00:00+00:00,25 bps decrease,,,0.0265,,,,,,,,,,,,,2026-09,,,,,
2026-08-01 00:00:00+00:00,25 bps decrease,,0.0175,,,,,,,,,,,,,2026-09,,,,,,
2026-08-02 00:00:00+00:00,25 bps decrease,,0.0205,,,,,,,,,,,,,2026-09,,,,,,
2026-08-03 00:00:00+00:00,25 bps decrease,,0.0115,,,,,,,,,,,,,2026-09,,,,,,
2026-08-04 00:00:00+00:00,25 bps decrease,,0.0105,,,,,,,,,,,,,2026-09,,,,,,
2026-08-05 00:00:00+00:00,25 bps decrease,,0.0145,,,,,,,,,,,,,2026-09,,,,,,
2026-08-06 00:00:00+00:00,25 bps decrease,,0.0125,,,,,,,,,,,,,2026-09,,,,,,
2026-08-07 00:00:00+00:00,25 bps decrease,,0.0175,,,,,,,,,,,,,2026-09,,,,,,
2026-08-08 00:00:00+00:00,25 bps decrease,,0.0175,,,,,,,,,,,,,2026-09,,,,,,
2026-08-09 00:00:00+00:00,25 bps decrease,,0.0175,,,,,,,,,,,,,2026-09,,,,,,
2026-08-10 00:00:00+00:00,25 bps decrease,,0.019,,,,,,,,,,,,,2026-09,,,,,,
2026-08-11 00:00:00+00:00,25 bps decrease,,0.0155,,,,,,,,,,,,,2026-09,,,,,,
2026-08-12 00:00:00+00:00,25 bps decrease,,0.0145,,,,,,,,,,,,,2026-09,,,,,,
2026-08-13 00:00:00+00:00,25 bps decrease,,0.0105,,,,,,,,,,,,,2026-09,,,,,,
2026-08-14 00:00:00+00:00,25 bps decrease,,0.0135,,,,,,,,,,,,,2026-09,,,,,,
2026-08-15 00:00:00+00:00,25 bps decrease,,0.0105,,,,,,,,,,,,,2026-09,,,,,,
2026-08-16 00:00:00+00:00,25 bps decrease,,0.0125,,,,,,,,,,,,,2026-09,,,,,,
2026-08-17 00:00:00+00:00,25 bps decrease,,0.0125,,,,,,,,,,,,,2026-09,,,,,,
2026-08-18 00:00:00+00:00,25 bps decrease,,0.0085,,,,,,,,,,,,,2026-09,,,,,,
2026-08-19 00:00:00+00:00,25 bps decrease,,0.0095,,,,,,,,,,,,,2026-09,,,,,,
2026-08-20 00:00:00+00:00,25 bps decrease,,0.0125,,,,,,,,,,,,,2026-09,,,,,,
2026-08-21 00:00:00+00:00,25 bps decrease,,0.012,,,,,,,,,,,,,2026-09,,,,,,
2026-08-22 00:00:00+00:00,25 bps decrease,,0.0105,,,,,,,,,,,,,2026-09,,,,,,
2026-08-23 00:00:00+00:00,25 bps decrease,,0.0135,,,,,,,,,,,,,2026-09,,,,,,
2026-08-24 00:00:00+00:00,25 bps decrease,,0.0145,,,,,,,,,,,,,2026-09,,,,,,
2026-08-25 00:00:00+00:00,25 bps decrease,,0.012,,,,,,,,,,,,,2026-09,,,,,,
2026-08-26 00:00:00+00:00,25 bps decrease,,0.0115,,,,,,,,,,,,,2026-09,,,,,,
2026-08-27 00:00:00+00:00,25 bps decrease,,0.0105,,,,,,,,,,,,,2026-09,,,,,,
2026-08-28 00:00:00+00:00,25 bps decrease,,0.0135,,,,,,,,,,,,,2026-09,,,,,,
2026-08-29 00:00:00+00:00,25 bps decrease,,0.0065,,,,,,,,,,,,,2026-09,,,,,,
2026-08-30 00:00:00+00:00,25 bps decrease,,0.0095,,,,,,,,,,,,,2026-09,,,,,,
2026-08-31 00:00:00+00:00,25 bps decrease,,0.0075,,,,,,,,,,,,,2026-09,,,,,,
2026-09-01 00:00:00+00:00,25 bps decrease,0.0055,,,,,,,,,,,,,2026-09,,,,,,,0.0
2026-09-02 00:00:00+00:00,25 bps decrease,0.0055,,,,,,,,,,,,,2026-09,,,,,,,0.0
2026-09-03 00:00:00+00:00,25 bps decrease,0.0055,,,,,,,,,,,,,2026-09,,,,,,,0.0
2026-09-04 00:00:00+00:00,25 bps decrease,0.0065,,,,,,,,,,,,,2026-09,,,,,,,0.0
2026-09-05 00:00:00+00:00,25 bps decrease,0.0035,,,,,,,,,,,,,2026-09,,,,,,,0.0
2026-09-06 00:00:00+00:00,25 bps decrease,0.0035,,,,,,,,,,,,,2026-09,,,,,,,0.0
2026-09-07 00:00:00+00:00,25 bps decrease,0.0035,,,,,,,,,,,,,2026-09,,,,,,,0.0
2026-09-08 00:00:00+00:00,25 bps decrease,0.0045,,,,,,,,,,,,,2026-09,,,,,,,0.0
2026-09-09 00:00:00+00:00,25 bps decrease,0.0045,,,,,,,,,,,,,2026-09,,,,,,,0.0
2026-09-10 00:00:00+00:00,25 bps decrease,0.0035,,,,,,,,,,,,,2026-09,,,,,,,0.0
2026-09-11 00:00:00+00:00,25 bps decrease,0.0045,,,,,,,,,,,,,2026-09,,,,,,,0.0
2026-09-12 00:00:00+00:00,25 bps decrease,0.0035,,,,,,,,,,,,,2026-09,,,,,,,0.0
2026-09-13 00:00:00+00:00,25 bps decrease,0.0035,,,,,,,,,,,,,2026-09,,,,,,,0.0
2026-09-14 00:00:00+00:00,25 bps decrease,0.0035,,,,,,,,,,,,,2026-09,,,,,,,0.0
2026-09-15 00:00:00+00:00,25 bps decrease,0.002,,,,,,,,,,,,,2026-09,,,,,,,0.0
2026-09-16 00:00:00+00:00,25 bps decrease,0.0015,,,,,,,,,,,,,2026-09,,,,,,,0.0
2022-12-16 00:00:00+00:00,25 bps increase,,,0.66,,,,,,,,,,,,,2023-02,,,,,
2022-12-17 00:00:00+00:00,25 bps increase,,,0.66,,,,,,,,,,,,,2023-02,,,,,
2022-12-18 00:00:00+00:00,25 bps increase,,,0.66,,,,,,,,,,,,,2023-02,,,,,
2022-12-19 00:00:00+00:00,25 bps increase,,,0.66,,,,,,,,,,,,,2023-02,,,,,
2022-12-20 00:00:00+00:00,25 bps increase,,,0.66,,,,,,,,,,,,,2023-02,,,,,
2022-12-21 00:00:00+00:00,25 bps increase,,,0.66,,,,,,,,,,,,,2023-02,,,,,
2022-12-22 00:00:00+00:00,25 bps increase,,,0.66,,,,,,,,,,,,,2023-02,,,,,
2022-12-23 00:00:00+00:00,25 bps increase,,,0.66,,,,,,,,,,,,,2023-02,,,,,
2022-12-24 00:00:00+00:00,25 bps increase,,,0.66,,,,,,,,,,,,,2023-02,,,,,
2022-12-25 00:00:00+00:00,25 bps increase,,,0.66,,,,,,,,,,,,,2023-02,,,,,
2022-12-26 00:00:00+00:00,25 bps increase,,,0.66,,,,,,,,,,,,,2023-02,,,,,
2022-12-27 00:00:00+00:00,25 bps increase,,,0.66,,,,,,,,,,,,,2023-02,,,,,
2022-12-28 00:00:00+00:00,25 bps increase,,,0.66,,,,,,,,,,,,,2023-02,,,,,
2022-12-29 00:00:00+00:00,25 bps increase,,,0.66,,,,,,,,,,,,,2023-02,,,,,
2022-12-30 00:00:00+00:00,25 bps increase,,,0.66,,,,,,,,,,,,,2023-02,,,,,
2022-12-31 00:00:00+00:00,25 bps increase,,,0.8,,,,,,,,,,,,,2023-02,,,,,
2023-01-01 00:00:00+00:00,25 bps increase,,0.8,,,,,,,,,,,,,2023-02,,,,,,
2023-01-02 00:00:00+00:00,25 bps increase,,0.8,,,,,,,,,,,,,2023-02,,,,,,
2023-01-03 00:00:00+00:00,25 bps increase,,0.8,,,,,,,,,,,,,2023-02,,,,,,
2023-01-04 00:00:00+00:00,25 bps increase,,0.8,,,,,,,,,,,,,2023-02,,,,,,
2023-01-05 00:00:00+00:00,25 bps increase,,0.8,,,,,,,,,,,,,2023-02,,,,,,
2023-01-06 00:00:00+00:00,25 bps increase,,0.8,,,,,,,,,,,,,2023-02,,,,,,
2023-01-07 00:00:00+00:00,25 bps increase,,0.8,,,,,,,,,,,,,2023-02,,,,,,
2023-01-08 00:00:00+00:00,25 bps increase,,0.88,,,,,,,,,,,,,2023-02,,,,,,
2023-01-09 00:00:00+00:00,25 bps increase,,0.88,,,,,,,,,,,,,2023-02,,,,,,
2023-01-10 00:00:00+00:00,25 bps increase,,0.92,,,,,,,,,,,,,2023-02,,,,,,
2023-01-11 00:00:00+00:00,25 bps increase,,0.87,,,,,,,,,,,,,2023-02,,,,,,
2023-01-12 00:00:00+00:00,25 bps increase,,0.78,,,,,,,,,,,,,2023-02,,,,,,
2023-01-13 00:00:00+00:00,25 bps increase,,0.92,,,,,,,,,,,,,2023-02,,,,,,
2023-01-14 00:00:00+00:00,25 bps increase,,0.95,,,,,,,,,,,,,2023-02,,,,,,
2023-01-15 00:00:00+00:00,25 bps increase,,0.97,,,,,,,,,,,,,2023-02,,,,,,
2023-01-16 00:00:00+00:00,25 bps increase,,0.91,,,,,,,,,,,,,2023-02,,,,,,
2023-01-17 00:00:00+00:00,25 bps increase,,0.97,,,,,,,,,,,,,2023-02,,,,,,
2023-01-18 00:00:00+00:00,25 bps increase,,0.95,,,,,,,,,,,,,2023-02,,,,,,
2023-01-19 00:00:00+00:00,25 bps increase,,0.94,,,,,,,,,,,,,2023-02,,,,,,
2023-01-20 00:00:00+00:00,25 bps increase,,0.95,,,,,,,,,,,,,2023-02,,,,,,
2023-01-21 00:00:00+00:00,25 bps increase,,0.97,,,,,,,,,,,,,2023-02,,,,,,
2023-01-22 00:00:00+00:00,25 bps increase,,0.98,,,,,,,,,,,,,2023-02,,,,,,
2023-01-24 00:00:00+00:00,25 bps increase,,0.97,,,,,,,,,,,,,2023-02,,,,,,
2023-01-25 00:00:00+00:00,25 bps increase,,0.98,,,,,,,,,,,,,2023-02,,,,,,
2023-01-26 00:00:00+00:00,25 bps increase,,0.97,,,,,,,,,,,,,2023-02,,,,,,
2023-01-27 00:00:00+00:00,25 bps increase,,0.97,,,,,,,,,,,,,2023-02,,,,,,
2023-01-28 00:00:00+00:00,25 bps increase,,0.97,,,,,,,,,,,,,2023-02,,,,,,
2023-01-29 00:00:00+00:00,25 bps increase,,0.97,,,,,,,,,,,,,2023-02,,,,,,
2023-01-31 00:00:00+00:00,25 bps increase,,0.96,,,,,,,,,,,,,2023-02,,,,,,
2023-02-01 00:00:00+00:00,25 bps increase,0.96,,,,,,,,,,,,,2023-02,,,,,,,1.0
2023-02-14 00:00:00+00:00,25 bps increase,,0.96,,,,,,,,,,,,,2023-03,,,,,,
2023-02-15 00:00:00+00:00,25 bps increase,,0.94,,,,,,,,,,,,,2023-03,,,,,,
2023-02-16 00:00:00+00:00,25 bps increase,,0.95,,,,,,,,,,,,,2023-03,,,,,,
2023-02-17 00:00:00+00:00,25 bps increase,,0.88,,,,,,,,,,,,,2023-03,,,,,,
2023-02-18 00:00:00+00:00,25 bps increase,,0.89,,,,,,,,,,,,,2023-03,,,,,,
2023-02-19 00:00:00+00:00,25 bps increase,,0.89,,,,,,,,,,,,,2023-03,,,,,,
2023-02-21 00:00:00+00:00,25 bps increase,,0.9,,,,,,,,,,,,,2023-03,,,,,,
2023-02-22 00:00:00+00:00,25 bps increase,,0.89,,,,,,,,,,,,,2023-03,,,,,,
2023-02-23 00:00:00+00:00,25 bps increase,,0.86,,,,,,,,,,,,,2023-03,,,,,,
2023-02-24 00:00:00+00:00,25 bps increase,,0.86,,,,,,,,,,,,,2023-03,,,,,,
2023-02-25 00:00:00+00:00,25 bps increase,,0.78,,,,,,,,,,,,,2023-03,,,,,,
2023-02-26 00:00:00+00:00,25 bps increase,,0.78,,,,,,,,,,,,,2023-03,,,,,,
2023-02-27 00:00:00+00:00,25 bps increase,,0.8,,,,,,,,,,,,,2023-03,,,,,,
2023-02-28 00:00:00+00:00,25 bps increase,,0.81,,,,,,,,,,,,,2023-03,,,,,,
2023-03-01 00:00:00+00:00,25 bps increase,0.83,,,,,,,,,,,,,2023-03,,,,,,,1.0
2023-03-02 00:00:00+00:00,25 bps increase,0.79,,,,,,,,,,,,,2023-03,,,,,,,1.0
2023-03-03 00:00:00+00:00,25 bps increase,0.77,,,,,,,,,,,,,2023-03,,,,,,,1.0
2023-03-04 00:00:00+00:00,25 bps increase,0.78,,,,,,,,,,,,,2023-03,,,,,,,1.0
2023-03-05 00:00:00+00:00,25 bps increase,0.78,,,,,,,,,,,,,2023-03,,,,,,,1.0
2023-03-06 00:00:00+00:00,25 bps increase,0.78,,,,,,,,,,,,,2023-03,,,,,,,1.0
2023-03-07 00:00:00+00:00,25 bps increase,0.79,,,,,,,,,,,,,2023-03,,,,,,,1.0
2023-03-08 00:00:00+00:00,25 bps increase,0.55,,,,,,,,,,,,,2023-03,,,,,,,1.0
2023-03-09 00:00:00+00:00,25 bps increase,0.46,,,,,,,,,,,,,2023-03,,,,,,,1.0
2023-03-10 00:00:00+00:00,25 bps increase,0.45,,,,,,,,,,,,,2023-03,,,,,,,1.0
2023-03-11 00:00:00+00:00,25 bps increase,0.69,,,,,,,,,,,,,2023-03,,,,,,,1.0
2023-03-12 00:00:00+00:00,25 bps increase,0.7,,,,,,,,,,,,,2023-03,,,,,,,1.0
2023-03-14 00:00:00+00:00,25 bps increase,0.68,,,,,,,,,,,,,2023-03,,,,,,,1.0
2023-03-15 00:00:00+00:00,25 bps increase,0.85,,,,,,,,,,,,,2023-03,,,,,,,1.0
2023-03-16 00:00:00+00:00,25 bps increase,0.59,,,,,,,,,,,,,2023-03,,,,,,,1.0
2023-03-17 00:00:00+00:00,25 bps increase,0.83,,,,,,,,,,,,,2023-03,,,,,,,1.0
2023-03-18 00:00:00+00:00,25 bps increase,0.8,,,,,,,,,,,,,2023-03,,,,,,,1.0
2023-03-19 00:00:00+00:00,25 bps increase,0.78,,,,,,,,,,,,,2023-03,,,,,,,1.0
2023-03-20 00:00:00+00:00,25 bps increase,0.75,,,,,,,,,,,,,2023-03,,,,,,,1.0
2023-03-21 00:00:00+00:00,25 bps increase,0.75,,,,,,,,,,,,,2023-03,,,,,,,1.0
2023-03-23 00:00:00+00:00,25 bps increase,0.5,,0.46,,,,,,,,,,,2023-03,,2023-05,,,,,1.0
2023-03-24 00:00:00+00:00,25 bps increase,0.5,,0.4,,,,,,,,,,,2023-03,,2023-05,,,,,1.0
2023-03-25 00:00:00+00:00,25 bps increase,,,0.37,,,,,,,,,,,,,2023-05,,,,,
2023-03-26 00:00:00+00:00,25 bps increase,,,0.36,,,,,,,,,,,,,2023-05,,,,,
2023-03-27 00:00:00+00:00,25 bps increase,,,0.35,,,,,,,,,,,,,2023-05,,,,,
2023-03-28 00:00:00+00:00,25 bps increase,,,0.61,,,,,,,,,,,,,2023-05,,,,,
2023-03-29 00:00:00+00:00,25 bps increase,,,0.51,,,,,,,,,,,,,2023-05,,,,,
2023-03-30 00:00:00+00:00,25 bps increase,,,0.52,,,,,,,,,,,,,2023-05,,,,,
2023-03-31 00:00:00+00:00,25 bps increase,,,0.67,,,,,,,,,,,,,2023-05,,,,,
2023-04-01 00:00:00+00:00,25 bps increase,,0.51,,,,,,,,,,,,,2023-05,,,,,,
2023-04-02 00:00:00+00:00,25 bps increase,,0.58,,,,,,,,,,,,,2023-05,,,,,,
2023-04-03 00:00:00+00:00,25 bps increase,,0.57,,,,,,,,,,,,,2023-05,,,,,,
2023-04-04 00:00:00+00:00,25 bps increase,,0.58,,,,,,,,,,,,,2023-05,,,,,,
2023-04-05 00:00:00+00:00,25 bps increase,,0.55,,,,,,,,,,,,,2023-05,,,,,,
2023-04-08 00:00:00+00:00,25 bps increase,,0.62,,,,,,,,,,,,,2023-05,,,,,,
2023-04-09 00:00:00+00:00,25 bps increase,,0.63,,,,,,,,,,,,,2023-05,,,,,,
2023-04-10 00:00:00+00:00,25 bps increase,,0.65,,,,,,,,,,,,,2023-05,,,,,,
2023-04-11 00:00:00+00:00,25 bps increase,,0.66,,,,,,,,,,,,,2023-05,,,,,,
2023-04-12 00:00:00+00:00,25 bps increase,,0.66,,,,,,,,,,,,,2023-05,,,,,,
2023-04-13 00:00:00+00:00,25 bps increase,,0.75,,,,,,,,,,,,,2023-05,,,,,,
2023-04-14 00:00:00+00:00,25 bps increase,,0.7,,,,,,,,,,,,,2023-05,,,,,,
2023-04-15 00:00:00+00:00,25 bps increase,,0.77,,,,,,,,,,,,,2023-05,,,,,,
2023-04-16 00:00:00+00:00,25 bps increase,,0.77,,,,,,,,,,,,,2023-05,,,,,,
2023-04-17 00:00:00+00:00,25 bps increase,,0.84,,,,,,,,,,,,,2023-05,,,,,,
2023-04-18 00:00:00+00:00,25 bps increase,,0.91,,,,,,,,,,,,,2023-05,,,,,,
2023-04-19 00:00:00+00:00,25 bps increase,,0.94,,,,,,,,,,,,,2023-05,,,,,,
2023-04-20 00:00:00+00:00,25 bps increase,,0.925,,,,,,,,,,,,,2023-05,,,,,,
2023-04-21 00:00:00+00:00,25 bps increase,,0.94,,,,,,,,,,,,,2023-05,,,,,,
2023-04-22 00:00:00+00:00,25 bps increase,,0.945,,,,,,,,,,,,,2023-05,,,,,,
2023-04-23 00:00:00+00:00,25 bps increase,,0.95,,,,,,,,,,,,,2023-05,,,,,,
2023-04-24 00:00:00+00:00,25 bps increase,,0.95,,,,,,,,,,,,,2023-05,,,,,,
2023-04-25 00:00:00+00:00,25 bps increase,,0.945,,,,,,,,,,,,,2023-05,,,,,,
2023-04-26 00:00:00+00:00,25 bps increase,,0.885,,,,,,,,,,,,,2023-05,,,,,,
2023-04-27 00:00:00+00:00,25 bps increase,,0.88,,,,,,,,,,,,,2023-05,,,,,,
2023-04-28 00:00:00+00:00,25 bps increase,,0.92,,,,,,,,,,,,,2023-05,,,,,,
2023-04-30 00:00:00+00:00,25 bps increase,,0.94,,,,,,,,,,,,,2023-05,,,,,,
2023-05-01 00:00:00+00:00,25 bps increase,0.955,,,,,,,,,,,,,2023-05,,,,,,,1.0
2023-05-02 00:00:00+00:00,25 bps increase,0.955,,,,,,,,,,,,,2023-05,,,,,,,1.0
2023-05-04 00:00:00+00:00,25 bps increase,0.5,0.5,,,,,,,,,,,,2023-05,2023-06,,,,,,1.0
2023-05-05 00:00:00+00:00,25 bps increase,,0.15,,,,,,,,,,,,,2023-06,,,,,,
2023-05-06 00:00:00+00:00,25 bps increase,,0.535,,,,,,,,,,,,,2023-06,,,,,,
2023-05-07 00:00:00+00:00,25 bps increase,,0.17,,,,,,,,,,,,,2023-06,,,,,,
2023-05-08 00:00:00+00:00,25 bps increase,,0.175,,,,,,,,,,,,,2023-06,,,,,,
2023-05-09 00:00:00+00:00,25 bps increase,,0.15,,,,,,,,,,,,,2023-06,,,,,,
2023-05-10 00:00:00+00:00,25 bps increase,,0.17,,,,,,,,,,,,,2023-06,,,,,,
2023-05-11 00:00:00+00:00,25 bps increase,,0.135,,,,,,,,,,,,,2023-06,,,,,,
2023-05-12 00:00:00+00:00,25 bps increase,,0.12,,,,,,,,,,,,,2023-06,,,,,,
2023-05-13 00:00:00+00:00,25 bps increase,,0.185,,,,,,,,,,,,,2023-06,,,,,,
2023-05-15 00:00:00+00:00,25 bps increase,,0.175,,,,,,,,,,,,,2023-06,,,,,,
2023-05-16 00:00:00+00:00,25 bps increase,,0.18,,,,,,,,,,,,,2023-06,,,,,,
2023-05-17 00:00:00+00:00,25 bps increase,,0.18,,,,,,,,,,,,,2023-06,,,,,,
2023-05-18 00:00:00+00:00,25 bps increase,,0.185,,,,,,,,,,,,,2023-06,,,,,,
2023-05-19 00:00:00+00:00,25 bps increase,,0.32,,,,,,,,,,,,,2023-06,,,,,,
2023-05-20 00:00:00+00:00,25 bps increase,,0.225,,,,,,,,,,,,,2023-06,,,,,,
2023-05-21 00:00:00+00:00,25 bps increase,,0.225,,,,,,,,,,,,,2023-06,,,,,,
2023-05-22 00:00:00+00:00,25 bps increase,,0.2,,,,,,,,,,,,,2023-06,,,,,,
2023-05-23 00:00:00+00:00,25 bps increase,,0.185,,,,,,,,,,,,,2023-06,,,,,,
2023-05-24 00:00:00+00:00,25 bps increase,,0.2,,,,,,,,,,,,,2023-06,,,,,,
2023-05-25 00:00:00+00:00,25 bps increase,,0.25,,,,,,,,,,,,,2023-06,,,,,,
2023-05-26 00:00:00+00:00,25 bps increase,,0.575,,,,,,,,,,,,,2023-06,,,,,,
2023-05-27 00:00:00+00:00,25 bps increase,,0.61,,,,,,,,,,,,,2023-06,,,,,,
2023-05-28 00:00:00+00:00,25 bps increase,,0.63,,,,,,,,,,,,,2023-06,,,,,,
2023-05-29 00:00:00+00:00,25 bps increase,,0.44,,,,,,,,,,,,,2023-06,,,,,,
2023-05-30 00:00:00+00:00,25 bps increase,,0.59,,,,,,,,,,,,,2023-06,,,,,,
2023-05-31 00:00:00+00:00,25 bps increase,,0.625,,,,,,,,,,,,,2023-06,,,,,,
2023-06-01 00:00:00+00:00,25 bps increase,0.29,,,,,,,,,,,,,2023-06,,,,,,,0.0
2023-06-02 00:00:00+00:00,25 bps increase,0.275,,,,,,,,,,,,,2023-06,,,,,,,0.0
2023-06-03 00:00:00+00:00,25 bps increase,0.19,,,,,,,,,,,,,2023-06,,,,,,,0.0
2023-06-04 00:00:00+00:00,25 bps increase,0.195,,,,,,,,,,,,,2023-06,,,,,,,0.0
2023-06-05 00:00:00+00:00,25 bps increase,0.225,,,,,,,,,,,,,2023-06,,,,,,,0.0
2023-06-06 00:00:00+00:00,25 bps increase,0.2,,,,,,,,,,,,,2023-06,,,,,,,0.0
2023-06-07 00:00:00+00:00,25 bps increase,0.19,,,,,,,,,,,,,2023-06,,,,,,,0.0
2023-06-08 00:00:00+00:00,25 bps increase,0.215,,,,,,,,,,,,,2023-06,,,,,,,0.0
2023-06-09 00:00:00+00:00,25 bps increase,0.21,,,,,,,,,,,,,2023-06,,,,,,,0.0
2023-06-10 00:00:00+00:00,25 bps increase,0.205,,,,,,,,,,,,,2023-06,,,,,,,0.0
2023-06-11 00:00:00+00:00,25 bps increase,0.205,,,,,,,,,,,,,2023-06,,,,,,,0.0
2023-06-12 00:00:00+00:00,25 bps increase,0.19,,,,,,,,,,,,,2023-06,,,,,,,0.0
2023-06-13 00:00:00+00:00,25 bps increase,0.21,0.5,,,,,,,,,,,,2023-06,2023-07,,,,,,0.0
2023-06-14 00:00:00+00:00,25 bps increase,0.06,0.515,,,,,,,,,,,,2023-06,2023-07,,,,,,0.0
2023-06-15 00:00:00+00:00,25 bps increase,,0.705,,,,,,,,,,,,,2023-07,,,,,,
2023-06-16 00:00:00+00:00,25 bps increase,,0.67,,,,,,,,,,,,,2023-07,,,,,,
2023-06-17 00:00:00+00:00,25 bps increase,,0.7,,,,,,,,,,,,,2023-07,,,,,,
2023-06-18 00:00:00+00:00,25 bps increase,,0.71,,,,,,,,,,,,,2023-07,,,,,,
2023-06-19 00:00:00+00:00,25 bps increase,,0.715,,,,,,,,,,,,,2023-07,,,,,,
2023-06-20 00:00:00+00:00,25 bps increase,,0.695,,,,,,,,,,,,,2023-07,,,,,,
2023-06-21 00:00:00+00:00,25 bps increase,,0.705,,,,,,,,,,,,,2023-07,,,,,,
2023-06-22 00:00:00+00:00,25 bps increase,,0.725,,,,,,,,,,,,,2023-07,,,,,,
2023-06-23 00:00:00+00:00,25 bps increase,,0.725,,,,,,,,,,,,,2023-07,,,,,,
2023-06-24 00:00:00+00:00,25 bps increase,,0.725,,,,,,,,,,,,,2023-07,,,,,,
2023-06-25 00:00:00+00:00,25 bps increase,,0.72,,,,,,,,,,,,,2023-07,,,,,,
2023-06-26 00:00:00+00:00,25 bps increase,,0.72,,,,,,,,,,,,,2023-07,,,,,,
2023-06-27 00:00:00+00:00,25 bps increase,,0.715,,,,,,,,,,,,,2023-07,,,,,,
2023-06-28 00:00:00+00:00,25 bps increase,,0.72,,,,,,,,,,,,,2023-07,,,,,,
2023-06-29 00:00:00+00:00,25 bps increase,,0.775,,,,,,,,,,,,,2023-07,,,,,,
2023-06-30 00:00:00+00:00,25 bps increase,,0.815,,,,,,,,,,,,,2023-07,,,,,,
2023-07-01 00:00:00+00:00,25 bps increase,0.835,,,,,,,,,,,,,2023-07,,,,,,,1.0
2023-07-02 00:00:00+00:00,25 bps increase,0.855,,,,,,,,,,,,,2023-07,,,,,,,1.0
2023-07-03 00:00:00+00:00,25 bps increase,0.85,,,,,,,,,,,,,2023-07,,,,,,,1.0
2023-07-04 00:00:00+00:00,25 bps increase,0.85,,,,,,,,,,,,,2023-07,,,,,,,1.0
2023-07-05 00:00:00+00:00,25 bps increase,0.845,,,,,,,,,,,,,2023-07,,,,,,,1.0
2023-07-06 00:00:00+00:00,25 bps increase,0.875,,,,,,,,,,,,,2023-07,,,,,,,1.0
2023-07-07 00:00:00+00:00,25 bps increase,0.935,,,,,,,,,,,,,2023-07,,,,,,,1.0
2023-07-08 00:00:00+00:00,25 bps increase,0.935,,,,,,,,,,,,,2023-07,,,,,,,1.0
2023-07-09 00:00:00+00:00,25 bps increase,0.94,,,,,,,,,,,,,2023-07,,,,,,,1.0
2023-07-10 00:00:00+00:00,25 bps increase,0.935,,,,,,,,,,,,,2023-07,,,,,,,1.0
2023-07-11 00:00:00+00:00,25 bps increase,0.935,,,,,,,,,,,,,2023-07,,,,,,,1.0
2023-07-12 00:00:00+00:00,25 bps increase,0.925,,,,,,,,,,,,,2023-07,,,,,,,1.0
2023-07-13 00:00:00+00:00,25 bps increase,0.85,,,,,,,,,,,,,2023-07,,,,,,,1.0
2023-07-14 00:00:00+00:00,25 bps increase,0.945,,,,,,,,,,,,,2023-07,,,,,,,1.0
2023-07-15 00:00:00+00:00,25 bps increase,0.965,,,,,,,,,,,,,2023-07,,,,,,,1.0
2023-07-16 00:00:00+00:00,25 bps increase,0.955,,,,,,,,,,,,,2023-07,,,,,,,1.0
2023-07-17 00:00:00+00:00,25 bps increase,0.955,,,,,,,,,,,,,2023-07,,,,,,,1.0
2023-07-18 00:00:00+00:00,25 bps increase,0.955,,,,,,,,,,,,,2023-07,,,,,,,1.0
2023-07-19 00:00:00+00:00,25 bps increase,0.965,,,,,,,,,,,,,2023-07,,,,,,,1.0
2023-07-20 00:00:00+00:00,25 bps increase,0.965,,0.5,,,,,,,,,,,2023-07,,2023-09,,,,,1.0
2023-07-21 00:00:00+00:00,25 bps increase,0.97,,0.495,,,,,,,,,,,2023-07,,2023-09,,,,,1.0
2023-07-22 00:00:00+00:00,25 bps increase,0.97,,0.495,,,,,,,,,,,2023-07,,2023-09,,,,,1.0
2023-07-23 00:00:00+00:00,25 bps increase,0.965,,0.495,,,,,,,,,,,2023-07,,2023-09,,,,,1.0
2023-07-24 00:00:00+00:00,25 bps increase,0.98,,0.5,,,,,,,,,,,2023-07,,2023-09,,,,,1.0
2023-07-25 00:00:00+00:00,25 bps increase,0.985,,0.5,,,,,,,,,,,2023-07,,2023-09,,,,,1.0
2023-07-26 00:00:00+00:00,25 bps increase,0.975,,0.365,,,,,,,,,,,2023-07,,2023-09,,,,,1.0
2023-07-27 00:00:00+00:00,25 bps increase,,,0.365,,,,,,,,,,,,,2023-09,,,,,
2023-07-28 00:00:00+00:00,25 bps increase,,,0.275,,,,,,,,,,,,,2023-09,,,,,
2023-07-29 00:00:00+00:00,25 bps increase,,,0.225,,,,,,,,,,,,,2023-09,,,,,
2023-07-30 00:00:00+00:00,25 bps increase,,,0.22,,,,,,,,,,,,,2023-09,,,,,
2023-07-31 00:00:00+00:00,25 bps increase,,,0.215,,,,,,,,,,,,,2023-09,,,,,
2023-08-01 00:00:00+00:00,25 bps increase,,0.225,,,,,,,,,,,,,2023-09,,,,,,
2023-08-02 00:00:00+00:00,25 bps increase,,0.205,,,,,,,,,,,,,2023-09,,,,,,
2023-08-03 00:00:00+00:00,25 bps increase,,0.205,,,,,,,,,,,,,2023-09,,,,,,
2023-08-04 00:00:00+00:00,25 bps increase,,0.2,,,,,,,,,,,,,2023-09,,,,,,
2023-08-05 00:00:00+00:00,25 bps increase,,0.17,,,,,,,,,,,,,2023-09,,,,,,
2023-08-06 00:00:00+00:00,25 bps increase,,0.175,,,,,,,,,,,,,2023-09,,,,,,
2023-08-07 00:00:00+00:00,25 bps increase,,0.165,,,,,,,,,,,,,2023-09,,,,,,
2023-08-08 00:00:00+00:00,25 bps increase,,0.165,,,,,,,,,,,,,2023-09,,,,,,
2023-08-09 00:00:00+00:00,25 bps increase,,0.14,,,,,,,,,,,,,2023-09,,,,,,
2023-08-10 00:00:00+00:00,25 bps increase,,0.13,,,,,,,,,,,,,2023-09,,,,,,
2023-08-11 00:00:00+00:00,25 bps increase,,0.085,,,,,,,,,,,,,2023-09,,,,,,
2023-08-12 00:00:00+00:00,25 bps increase,,0.13,,,,,,,,,,,,,2023-09,,,,,,
2023-08-13 00:00:00+00:00,25 bps increase,,0.12,,,,,,,,,,,,,2023-09,,,,,,
2023-08-14 00:00:00+00:00,25 bps increase,,0.115,,,,,,,,,,,,,2023-09,,,,,,
2023-08-15 00:00:00+00:00,25 bps increase,,0.09,,,,,,,,,,,,,2023-09,,,,,,
2023-08-16 00:00:00+00:00,25 bps increase,,0.11,,,,,,,,,,,,,2023-09,,,,,,
2023-08-17 00:00:00+00:00,25 bps increase,,0.105,,,,,,,,,,,,,2023-09,,,,,,
2023-08-18 00:00:00+00:00,25 bps increase,,0.105,,,,,,,,,,,,,2023-09,,,,,,
2023-08-19 00:00:00+00:00,25 bps increase,,0.105,,,,,,,,,,,,,2023-09,,,,,,
2023-08-20 00:00:00+00:00,25 bps increase,,0.1,,,,,,,,,,,,,2023-09,,,,,,
2023-08-21 00:00:00+00:00,25 bps increase,,0.105,,,,,,,,,,,,,2023-09,,,,,,
2023-08-22 00:00:00+00:00,25 bps increase,,0.115,,,,,,,,,,,,,2023-09,,,,,,
2023-08-23 00:00:00+00:00,25 bps increase,,0.12,,,,,,,,,,,,,2023-09,,,,,,
2023-08-24 00:00:00+00:00,25 bps increase,,0.105,,,,,,,,,,,,,2023-09,,,,,,
2023-08-25 00:00:00+00:00,25 bps increase,,0.11,,,,,,,,,,,,,2023-09,,,,,,
2023-08-26 00:00:00+00:00,25 bps increase,,0.14,,,,,,,,,,,,,2023-09,,,,,,
2023-08-27 00:00:00+00:00,25 bps increase,,0.13,,,,,,,,,,,,,2023-09,,,,,,
2023-08-28 00:00:00+00:00,25 bps increase,,0.125,,,,,,,,,,,,,2023-09,,,,,,
2023-08-29 00:00:00+00:00,25 bps increase,,0.14,,,,,,,,,,,,,2023-09,,,,,,
2023-08-30 00:00:00+00:00,25 bps increase,,0.095,,,,,,,,,,,,,2023-09,,,,,,
2023-08-31 00:00:00+00:00,25 bps increase,,0.085,,,,,,,,,,,,,2023-09,,,,,,
2023-09-01 00:00:00+00:00,25 bps increase,0.08,,,,,,,,,,,,,2023-09,,,,,,,0.0
2023-09-02 00:00:00+00:00,25 bps increase,0.035,,,,,,,,,,,,,2023-09,,,,,,,0.0
2023-09-03 00:00:00+00:00,25 bps increase,0.0455,,,,,,,,,,,,,2023-09,,,,,,,0.0
2023-09-04 00:00:00+00:00,25 bps increase,0.0405,,,,,,,,,,,,,2023-09,,,,,,,0.0
2023-09-05 00:00:00+00:00,25 bps increase,0.0405,,,,,,,,,,,,,2023-09,,,,,,,0.0
2023-09-06 00:00:00+00:00,25 bps increase,0.038,,,,,,,,,,,,,2023-09,,,,,,,0.0
2023-09-07 00:00:00+00:00,25 bps increase,0.04,,,,,,,,,,,,,2023-09,,,,,,,0.0
2023-09-08 00:00:00+00:00,25 bps increase,0.039,,,,,,,,,,,,,2023-09,,,,,,,0.0
2023-09-09 00:00:00+00:00,25 bps increase,0.035,,,,,,,,,,,,,2023-09,,,,,,,0.0
2023-09-10 00:00:00+00:00,25 bps increase,0.035,,,,,,,,,,,,,2023-09,,,,,,,0.0
2023-09-11 00:00:00+00:00,25 bps increase,0.023,,,,,,,,,,,,,2023-09,,,,,,,0.0
2023-09-12 00:00:00+00:00,25 bps increase,0.025,,,,,,,,,,,,,2023-09,,,,,,,0.0
2023-09-13 00:00:00+00:00,25 bps increase,0.03,,,,,,,,,,,,,2023-09,,,,,,,0.0
2023-09-14 00:00:00+00:00,25 bps increase,0.025,,,,,,,,,,,,,2023-09,,,,,,,0.0
2023-09-15 00:00:00+00:00,25 bps increase,0.0225,,,,,,,,,,,,,2023-09,,,,,,,0.0
2023-09-16 00:00:00+00:00,25 bps increase,0.018,,,,,,,,,,,,,2023-09,,,,,,,0.0
2023-09-17 00:00:00+00:00,25 bps increase,0.015,,,,,,,,,,,,,2023-09,,,,,,,0.0
2023-09-18 00:00:00+00:00,25 bps increase,0.025,,,,,,,,,,,,,2023-09,,,,,,,0.0
2023-09-19 00:00:00+00:00,25 bps increase,0.025,,,,,,,,,,,,,2023-09,,,,,,,0.0
2023-09-20 00:00:00+00:00,25 bps increase,0.03,,0.45,,,,,,,,,,,2023-09,,2023-11,,,,,0.0
2023-09-21 00:00:00+00:00,25 bps increase,,,0.185,,,,,,,,,,,,,2023-11,,,,,
2023-09-22 00:00:00+00:00,25 bps increase,,,0.19,,,,,,,,,,,,,2023-11,,,,,
2023-09-23 00:00:00+00:00,25 bps increase,,,0.19,,,,,,,,,,,,,2023-11,,,,,
2023-09-24 00:00:00+00:00,25 bps increase,,,0.24,,,,,,,,,,,,,2023-11,,,,,
2023-09-25 00:00:00+00:00,25 bps increase,,,0.24,,,,,,,,,,,,,2023-11,,,,,
2023-09-26 00:00:00+00:00,25 bps increase,,,0.195,,,,,,,,,,,,,2023-11,,,,,
2023-09-27 00:00:00+00:00,25 bps increase,,,0.2,,,,,,,,,,,,,2023-11,,,,,
2023-09-28 00:00:00+00:00,25 bps increase,,,0.205,,,,,,,,,,,,,2023-11,,,,,
2023-09-29 00:00:00+00:00,25 bps increase,,,0.195,,,,,,,,,,,,,2023-11,,,,,
2023-09-30 00:00:00+00:00,25 bps increase,,,0.17,,,,,,,,,,,,,2023-11,,,,,
2023-10-01 00:00:00+00:00,25 bps increase,,0.155,,,,,,,,,,,,,2023-11,,,,,,
2023-10-02 00:00:00+00:00,25 bps increase,,0.17,,,,,,,,,,,,,2023-11,,,,,,
2023-10-03 00:00:00+00:00,25 bps increase,,0.35,,,,,,,,,,,,,2023-11,,,,,,
2023-10-04 00:00:00+00:00,25 bps increase,,0.26,,,,,,,,,,,,,2023-11,,,,,,
2023-10-05 00:00:00+00:00,25 bps increase,,0.235,,,,,,,,,,,,,2023-11,,,,,,
2023-10-06 00:00:00+00:00,25 bps increase,,0.21,,,,,,,,,,,,,2023-11,,,,,,
2023-10-07 00:00:00+00:00,25 bps increase,,0.25,,,,,,,,,,,,,2023-11,,,,,,
2023-10-08 00:00:00+00:00,25 bps increase,,0.255,,,,,,,,,,,,,2023-11,,,,,,
2023-10-09 00:00:00+00:00,25 bps increase,,0.255,,,,,,,,,,,,,2023-11,,,,,,
2023-10-10 00:00:00+00:00,25 bps increase,,0.125,,,,,,,,,,,,,2023-11,,,,,,
2023-10-11 00:00:00+00:00,25 bps increase,,0.105,,,,,,,,,,,,,2023-11,,,,,,
2023-10-12 00:00:00+00:00,25 bps increase,,0.175,,,,,,,,,,,,,2023-11,,,,,,
2023-10-13 00:00:00+00:00,25 bps increase,,0.045,,,,,,,,,,,,,2023-11,,,,,,
2023-10-14 00:00:00+00:00,25 bps increase,,0.06,,,,,,,,,,,,,2023-11,,,,,,
2023-10-15 00:00:00+00:00,25 bps increase,,0.045,,,,,,,,,,,,,2023-11,,,,,,
2023-10-16 00:00:00+00:00,25 bps increase,,0.045,,,,,,,,,,,,,2023-11,,,,,,
2023-10-17 00:00:00+00:00,25 bps increase,,0.045,,,,,,,,,,,,,2023-11,,,,,,
2023-10-18 00:00:00+00:00,25 bps increase,,0.07,,,,,,,,,,,,,2023-11,,,,,,
2023-10-19 00:00:00+00:00,25 bps increase,,0.0575,,,,,,,,,,,,,2023-11,,,,,,
2023-10-20 00:00:00+00:00,25 bps increase,,0.034,,,,,,,,,,,,,2023-11,,,,,,
2023-10-21 00:00:00+00:00,25 bps increase,,0.035,,,,,,,,,,,,,2023-11,,,,,,
2023-10-22 00:00:00+00:00,25 bps increase,,0.0225,,,,,,,,,,,,,2023-11,,,,,,
2023-10-23 00:00:00+00:00,25 bps increase,,0.025,,,,,,,,,,,,,2023-11,,,,,,
2023-10-24 00:00:00+00:00,25 bps increase,,0.02,0.185,,,,,,,,,,,,2023-11,2023-12,,,,,
2023-10-25 00:00:00+00:00,25 bps increase,,0.02,0.18,,,,,,,,,,,,2023-11,2023-12,,,,,
2023-10-26 00:00:00+00:00,25 bps increase,,0.0205,0.18,,,,,,,,,,,,2023-11,2023-12,,,,,
2023-10-27 00:00:00+00:00,25 bps increase,,0.0205,0.14,,,,,,,,,,,,2023-11,2023-12,,,,,
2023-10-28 00:00:00+00:00,25 bps increase,,0.0205,0.155,,,,,,,,,,,,2023-11,2023-12,,,,,
2023-10-29 00:00:00+00:00,25 bps increase,,0.021,0.155,,,,,,,,,,,,2023-11,2023-12,,,,,
2023-10-30 00:00:00+00:00,25 bps increase,,0.0205,0.155,,,,,,,,,,,,2023-11,2023-12,,,,,
2023-10-31 00:00:00+00:00,25 bps increase,,0.025,0.14,,,,,,,,,,,,2023-11,2023-12,,,,,
2023-11-01 00:00:00+00:00,25 bps increase,0.015,0.14,,,,,,,,,,,,2023-11,2023-12,,,,,,0.0
2023-11-02 00:00:00+00:00,25 bps increase,,0.13,,,,,,,,,,,,,2023-12,,,,,,
2023-11-03 00:00:00+00:00,25 bps increase,,0.145,,,,,,,,,,,,,2023-12,,,,,,
2023-11-04 00:00:00+00:00,25 bps increase,,0.08,,,,,,,,,,,,,2023-12,,,,,,
2023-11-05 00:00:00+00:00,25 bps increase,,0.08,,,,,,,,,,,,,2023-12,,,,,,
2023-11-06 00:00:00+00:00,25 bps increase,,0.08,,,,,,,,,,,,,2023-12,,,,,,
2023-11-07 00:00:00+00:00,25 bps increase,,0.07,,,,,,,,,,,,,2023-12,,,,,,
2023-11-08 00:00:00+00:00,25 bps increase,,0.075,,,,,,,,,,,,,2023-12,,,,,,
2023-11-09 00:00:00+00:00,25 bps increase,,0.065,,,,,,,,,,,,,2023-12,,,,,,
2023-11-10 00:00:00+00:00,25 bps increase,,0.06,,,,,,,,,,,,,2023-12,,,,,,
2023-11-11 00:00:00+00:00,25 bps increase,,0.07,,,,,,,,,,,,,2023-12,,,,,,
2023-11-12 00:00:00+00:00,25 bps increase,,0.075,,,,,,,,,,,,,2023-12,,,,,,
2023-11-13 00:00:00+00:00,25 bps increase,,0.065,,,,,,,,,,,,,2023-12,,,,,,
2023-11-14 00:00:00+00:00,25 bps increase,,0.08,,,,,,,,,,,,,2023-12,,,,,,
2023-11-15 00:00:00+00:00,25 bps increase,,0.03,,,,,,,,,,,,,2023-12,,,,,,
2023-11-16 00:00:00+00:00,25 bps increase,,0.015,,,,,,,,,,,,,2023-12,,,,,,
2023-11-17 00:00:00+00:00,25 bps increase,,0.019,,,,,,,,,,,,,2023-12,,,,,,
2023-11-18 00:00:00+00:00,25 bps increase,,0.0175,,,,,,,,,,,,,2023-12,,,,,,
2023-11-19 00:00:00+00:00,25 bps increase,,0.01,,,,,,,,,,,,,2023-12,,,,,,
2023-11-20 00:00:00+00:00,25 bps increase,,0.01,,,,,,,,,,,,,2023-12,,,,,,
2023-11-21 00:00:00+00:00,25 bps increase,,0.0105,,,,,,,,,,,,,2023-12,,,,,,
2023-11-22 00:00:00+00:00,25 bps increase,,0.0075,,,,,,,,,,,,,2023-12,,,,,,
2023-11-23 00:00:00+00:00,25 bps increase,,0.016,,,,,,,,,,,,,2023-12,,,,,,
2023-11-24 00:00:00+00:00,25 bps increase,,0.016,,,,,,,,,,,,,2023-12,,,,,,
2023-11-25 00:00:00+00:00,25 bps increase,,0.016,,,,,,,,,,,,,2023-12,,,,,,
2023-11-26 00:00:00+00:00,25 bps increase,,0.016,,,,,,,,,,,,,2023-12,,,,,,
2023-11-27 00:00:00+00:00,25 bps increase,,0.016,,,,,,,,,,,,,2023-12,,,,,,
2023-11-28 00:00:00+00:00,25 bps increase,,0.015,,,,,,,,,,,,,2023-12,,,,,,
2023-11-29 00:00:00+00:00,25 bps increase,,0.035,,,,,,,,,,,,,2023-12,,,,,,
2023-11-30 00:00:00+00:00,25 bps increase,,0.031,,,,,,,,,,,,,2023-12,,,,,,
2023-12-01 00:00:00+00:00,25 bps increase,0.031,,,,,,,,,,,,,2023-12,,,,,,,0.0
2023-12-02 00:00:00+00:00,25 bps increase,0.031,,,,,,,,,,,,,2023-12,,,,,,,0.0
2023-12-03 00:00:00+00:00,25 bps increase,0.0315,,,,,,,,,,,,,2023-12,,,,,,,0.0
2023-12-04 00:00:00+00:00,25 bps increase,0.0315,,,,,,,,,,,,,2023-12,,,,,,,0.0
2023-12-05 00:00:00+00:00,25 bps increase,0.0315,,,,,,,,,,,,,2023-12,,,,,,,0.0
2023-12-06 00:00:00+00:00,25 bps increase,0.025,,,,,,,,,,,,,2023-12,,,,,,,0.0
2023-12-07 00:00:00+00:00,25 bps increase,0.023,,,,,,,,,,,,,2023-12,,,,,,,0.0
2023-12-08 00:00:00+00:00,25 bps increase,0.023,,,,,,,,,,,,,2023-12,,,,,,,0.0
2023-12-09 00:00:00+00:00,25 bps increase,0.0225,0.51,,,,,,,,,,,,2023-12,2024-01,,,,,,0.0
2023-12-10 00:00:00+00:00,25 bps increase,0.0225,0.24,,,,,,,,,,,,2023-12,2024-01,,,,,,0.0
2023-12-11 00:00:00+00:00,25 bps increase,0.0225,0.14,,,,,,,,,,,,2023-12,2024-01,,,,,,0.0
2023-12-12 00:00:00+00:00,25 bps increase,0.0225,0.13,,,,,,,,,,,,2023-12,2024-01,,,,,,0.0
2023-12-13 00:00:00+00:00,25 bps increase,0.018,0.255,,,,,,,,,,,,2023-12,2024-01,,,,,,0.0
2023-12-14 00:00:00+00:00,25 bps increase,,0.25,,,,,,,,,,,,,2024-01,,,,,,
2023-12-15 00:00:00+00:00,25 bps increase,,0.015,,,,,,,,,,,,,2024-01,,,,,,
2023-12-16 00:00:00+00:00,25 bps increase,,0.015,,,,,,,,,,,,,2024-01,,,,,,
2023-12-17 00:00:00+00:00,25 bps increase,,0.015,,,,,,,,,,,,,2024-01,,,,,,
2023-12-18 00:00:00+00:00,25 bps increase,,0.015,,,,,,,,,,,,,2024-01,,,,,,
2023-12-19 00:00:00+00:00,25 bps increase,,0.015,,,,,,,,,,,,,2024-01,,,,,,
2023-12-20 00:00:00+00:00,25 bps increase,,0.015,,,,,,,,,,,,,2024-01,,,,,,
2023-12-21 00:00:00+00:00,25 bps increase,,0.015,,,,,,,,,,,,,2024-01,,,,,,
2023-12-22 00:00:00+00:00,25 bps increase,,0.015,,,,,,,,,,,,,2024-01,,,,,,
2023-12-23 00:00:00+00:00,25 bps increase,,0.015,,,,,,,,,,,,,2024-01,,,,,,
2023-12-24 00:00:00+00:00,25 bps increase,,0.015,,,,,,,,,,,,,2024-01,,,,,,
2023-12-25 00:00:00+00:00,25 bps increase,,0.015,,,,,,,,,,,,,2024-01,,,,,,
2023-12-26 00:00:00+00:00,25 bps increase,,0.015,,,,,,,,,,,,,2024-01,,,,,,
2023-12-27 00:00:00+00:00,25 bps increase,,0.015,,,,,,,,,,,,,2024-01,,,,,,
2023-12-28 00:00:00+00:00,25 bps increase,,0.015,,,,,,,,,,,,,2024-01,,,,,,
2023-12-29 00:00:00+00:00,25 bps increase,,0.015,,,,,,,,,,,,,2024-01,,,,,,
2023-12-30 00:00:00+00:00,25 bps increase,,0.05,,,,,,,,,,,,,2024-01,,,,,,
2023-12-31 00:00:00+00:00,25 bps increase,,0.035,,,,,,,,,,,,,2024-01,,,,,,
2024-01-01 00:00:00+00:00,25 bps increase,0.035,,,,,,,,,,,,,2024-01,,,,,,,0.0
2024-01-02 00:00:00+00:00,25 bps increase,0.0075,,,,,,,,,,,,,2024-01,,,,,,,0.0
2024-01-03 00:00:00+00:00,25 bps increase,0.2455,,,,,,,,,,,,,2024-01,,,,,,,0.0
2024-01-04 00:00:00+00:00,25 bps increase,0.0155,,,,,,,,,,,,,2024-01,,,,,,,0.0
2024-01-05 00:00:00+00:00,25 bps increase,0.2455,,,,,,,,,,,,,2024-01,,,,,,,0.0
2024-01-06 00:00:00+00:00,25 bps increase,0.013,,,,,,,,,,,,,2024-01,,,,,,,0.0
2024-01-07 00:00:00+00:00,25 bps increase,0.0125,,,,,,,,,,,,,2024-01,,,,,,,0.0
2024-01-08 00:00:00+00:00,25 bps increase,0.0125,,,,,,,,,,,,,2024-01,,,,,,,0.0
2024-01-09 00:00:00+00:00,25 bps increase,0.025,,,,,,,,,,,,,2024-01,,,,,,,0.0
2024-01-10 00:00:00+00:00,25 bps increase,0.5,,,,,,,,,,,,,2024-01,,,,,,,0.0
2024-01-11 00:00:00+00:00,25 bps increase,0.5,,,,,,,,,,,,,2024-01,,,,,,,0.0
2024-01-12 00:00:00+00:00,25 bps increase,0.25,,,,,,,,,,,,,2024-01,,,,,,,0.0
2024-01-13 00:00:00+00:00,25 bps increase,0.045,,,,,,,,,,,,,2024-01,,,,,,,0.0
2024-01-14 00:00:00+00:00,25 bps increase,0.013,,,,,,,,,,,,,2024-01,,,,,,,0.0
2024-01-15 00:00:00+00:00,25 bps increase,0.013,,,,,,,,,,,,,2024-01,,,,,,,0.0
2024-01-16 00:00:00+00:00,25 bps increase,0.013,,,,,,,,,,,,,2024-01,,,,,,,0.0
2024-01-17 00:00:00+00:00,25 bps increase,0.0065,,,,,,,,,,,,,2024-01,,,,,,,0.0
2024-01-18 00:00:00+00:00,25 bps increase,0.005,,,,,,,,,,,,,2024-01,,,,,,,0.0
2024-01-19 00:00:00+00:00,25 bps increase,0.005,,,,,,,,,,,,,2024-01,,,,,,,0.0
2024-01-20 00:00:00+00:00,25 bps increase,0.005,,,,,,,,,,,,,2024-01,,,,,,,0.0
2024-01-21 00:00:00+00:00,25 bps increase,0.005,,,,,,,,,,,,,2024-01,,,,,,,0.0
2024-01-22 00:00:00+00:00,25 bps increase,0.005,,,,,,,,,,,,,2024-01,,,,,,,0.0
2024-01-23 00:00:00+00:00,25 bps increase,0.005,,,,,,,,,,,,,2024-01,,,,,,,0.0
2024-01-24 00:00:00+00:00,25 bps increase,0.005,,,,,,,,,,,,,2024-01,,,,,,,0.0
2024-01-25 00:00:00+00:00,25 bps increase,0.015,,,,,,,,,,,,,2024-01,,,,,,,0.0
2024-01-26 00:00:00+00:00,25 bps increase,0.015,,,,,,,,,,,,,2024-01,,,,,,,0.0
2024-01-27 00:00:00+00:00,25 bps increase,0.004,,,,,,,,,,,,,2024-01,,,,,,,0.0
2024-01-28 00:00:00+00:00,25 bps increase,0.0045,,,,,,,,,,,,,2024-01,,,,,,,0.0
2024-01-29 00:00:00+00:00,25 bps increase,0.004,,,,,,,,,,,,,2024-01,,,,,,,0.0
2024-01-30 00:00:00+00:00,25 bps increase,0.003,,,,,,,,,,,,,2024-01,,,,,,,0.0
2024-01-31 00:00:00+00:00,25 bps increase,0.002,,,,,,,,,,,,,2024-01,,,,,,,0.0
2025-12-11 00:00:00+00:00,25 bps increase,,,,,,,0.25,,,,,,,,,,,,,2026-06,
2025-12-12 00:00:00+00:00,25 bps increase,,,,,,,0.0345,,,,,,,,,,,,,2026-06,
2025-12-13 00:00:00+00:00,25 bps increase,,,,,,,0.0615,,,,,,,,,,,,,2026-06,
2025-12-14 00:00:00+00:00,25 bps increase,,,,,,,0.0495,,,,,,,,,,,,,2026-06,
2025-12-15 00:00:00+00:00,25 bps increase,,,,,,,0.0375,,,,,,,,,,,,,2026-06,
2025-12-16 00:00:00+00:00,25 bps increase,,,,,,,0.0255,,,,,,,,,,,,,2026-06,
2025-12-17 00:00:00+00:00,25 bps increase,,,,,,,0.0645,,,,,,,,,,,,,2026-06,
2025-12-18 00:00:00+00:00,25 bps increase,,,,,,,0.065,,,,,,,,,,,,,2026-06,
2025-12-19 00:00:00+00:00,25 bps increase,,,,,,,0.061,,,,,,,,,,,,,2026-06,
2025-12-20 00:00:00+00:00,25 bps increase,,,,,,,0.064,,,,,,,,,,,,,2026-06,
2025-12-21 00:00:00+00:00,25 bps increase,,,,,,,0.0515,,,,,,,,,,,,,2026-06,
2025-12-22 00:00:00+00:00,25 bps increase,,,,,,,0.0515,,,,,,,,,,,,,2026-06,
2025-12-23 00:00:00+00:00,25 bps increase,,,,,,,0.0555,,,,,,,,,,,,,2026-06,
2025-12-24 00:00:00+00:00,25 bps increase,,,,,,,0.0575,,,,,,,,,,,,,2026-06,
2025-12-25 00:00:00+00:00,25 bps increase,,,,,,,0.0565,,,,,,,,,,,,,2026-06,
2025-12-26 00:00:00+00:00,25 bps increase,,,,,,,0.057,,,,,,,,,,,,,2026-06,
2025-12-27 00:00:00+00:00,25 bps increase,,,,,,,0.0575,,,,,,,,,,,,,2026-06,
2025-12-28 00:00:00+00:00,25 bps increase,,,,,,,0.058,,,,,,,,,,,,,2026-06,
2025-12-29 00:00:00+00:00,25 bps increase,,,,,,,0.058,,,,,,,,,,,,,2026-06,
2025-12-30 00:00:00+00:00,25 bps increase,,,,,,,0.058,,,,,,,,,,,,,2026-06,
2025-12-31 00:00:00+00:00,25 bps increase,,,,,,,0.0585,,,,,,,,,,,,,2026-06,
2026-01-01 00:00:00+00:00,25 bps increase,,,,,,0.059,,,,,,,,,,,,,2026-06,,
2026-01-02 00:00:00+00:00,25 bps increase,,,,,,0.0555,,,,,,,,,,,,,2026-06,,
2026-01-03 00:00:00+00:00,25 bps increase,,,,,,0.0555,,,,,,,,,,,,,2026-06,,
2026-01-04 00:00:00+00:00,25 bps increase,,,,,,0.0555,,,,,,,,,,,,,2026-06,,
2026-01-05 00:00:00+00:00,25 bps increase,,,,,,0.0555,,,,,,,,,,,,,2026-06,,
2026-01-06 00:00:00+00:00,25 bps increase,,,,,,0.049,,,,,,,,,,,,,2026-06,,
2026-01-07 00:00:00+00:00,25 bps increase,,,,,,0.048,,,,,,,,,,,,,2026-06,,
2026-01-08 00:00:00+00:00,25 bps increase,,,,,,0.0475,,,,,,,,,,,,,2026-06,,
2026-01-09 00:00:00+00:00,25 bps increase,,,,,,0.0495,,,,,,,,,,,,,2026-06,,
2026-01-10 00:00:00+00:00,25 bps increase,,,,,,0.048,,,,,,,,,,,,,2026-06,,
2026-01-11 00:00:00+00:00,25 bps increase,,,,,,0.018,,,,,,,,,,,,,2026-06,,
2026-01-12 00:00:00+00:00,25 bps increase,,,,,,0.049,,,,,,,,,,,,,2026-06,,
2026-01-13 00:00:00+00:00,25 bps increase,,,,,,0.036,,,,,,,,,,,,,2026-06,,
2026-01-14 00:00:00+00:00,25 bps increase,,,,,,0.034,,,,,,,,,,,,,2026-06,,
2026-01-15 00:00:00+00:00,25 bps increase,,,,,,0.033,,,,,,,,,,,,,2026-06,,
2026-01-16 00:00:00+00:00,25 bps increase,,,,,,0.0305,,,,,,,,,,,,,2026-06,,
2026-01-17 00:00:00+00:00,25 bps increase,,,,,,0.032,,,,,,,,,,,,,2026-06,,
2026-01-18 00:00:00+00:00,25 bps increase,,,,,,0.031,,,,,,,,,,,,,2026-06,,
2026-01-19 00:00:00+00:00,25 bps increase,,,,,,0.029,,,,,,,,,,,,,2026-06,,
2026-01-20 00:00:00+00:00,25 bps increase,,,,,,0.0295,,,,,,,,,,,,,2026-06,,
2026-01-21 00:00:00+00:00,25 bps increase,,,,,,0.0265,,,,,,,,,,,,,2026-06,,
2026-01-22 00:00:00+00:00,25 bps increase,,,,,,0.0265,,,,,,,,,,,,,2026-06,,
2026-01-23 00:00:00+00:00,25 bps increase,,,,,,0.022,,,,,,,,,,,,,2026-06,,
2026-01-24 00:00:00+00:00,25 bps increase,,,,,,0.0215,,,,,,,,,,,,,2026-06,,
2026-01-25 00:00:00+00:00,25 bps increase,,,,,,0.0175,,,,,,,,,,,,,2026-06,,
2026-01-26 00:00:00+00:00,25 bps increase,,,,,,0.0235,,,,,,,,,,,,,2026-06,,
2026-01-27 00:00:00+00:00,25 bps increase,,,,,,0.012,,,,,,,,,,,,,2026-06,,
2026-01-28 00:00:00+00:00,25 bps increase,,,,,,0.026,,,,,,,,,,,,,2026-06,,
2026-01-29 00:00:00+00:00,25 bps increase,,,,,,0.0535,,,,,,,,,,,,,2026-06,,
2026-01-30 00:00:00+00:00,25 bps increase,,,,,,0.0175,,,,,,,,,,,,,2026-06,,
2026-01-31 00:00:00+00:00,25 bps increase,,,,,,0.0435,,,,,,,,,,,,,2026-06,,
2026-02-01 00:00:00+00:00,25 bps increase,,,,,0.049,,,,,,,,,,,,,2026-06,,,
2026-02-02 00:00:00+00:00,25 bps increase,,,,,0.0415,,,,,,,,,,,,,2026-06,,,
2026-02-03 00:00:00+00:00,25 bps increase,,,,,0.024,,,,,,,,,,,,,2026-06,,,
2026-02-04 00:00:00+00:00,25 bps increase,,,,,0.024,,,,,,,,,,,,,2026-06,,,
2026-02-05 00:00:00+00:00,25 bps increase,,,,,0.023,,,,,,,,,,,,,2026-06,,,
2026-02-06 00:00:00+00:00,25 bps increase,,,,,0.0235,,,,,,,,,,,,,2026-06,,,
2026-02-07 00:00:00+00:00,25 bps increase,,,,,0.0235,,,,,,,,,,,,,2026-06,,,
2026-02-08 00:00:00+00:00,25 bps increase,,,,,0.0225,,,,,,,,,,,,,2026-06,,,
2026-02-09 00:00:00+00:00,25 bps increase,,,,,0.023,,,,,,,,,,,,,2026-06,,,
2026-02-10 00:00:00+00:00,25 bps increase,,,,,0.023,,,,,,,,,,,,,2026-06,,,
2026-02-11 00:00:00+00:00,25 bps increase,,,,,0.023,,,,,,,,,,,,,2026-06,,,
2026-02-12 00:00:00+00:00,25 bps increase,,,,,0.023,,,,,,,,,,,,,2026-06,,,
2026-02-13 00:00:00+00:00,25 bps increase,,,,,0.0235,,,,,,,,,,,,,2026-06,,,
2026-02-14 00:00:00+00:00,25 bps increase,,,,,0.023,,,,,,,,,,,,,2026-06,,,
2026-02-15 00:00:00+00:00,25 bps increase,,,,,0.023,,,,,,,,,,,,,2026-06,,,
2026-02-17 00:00:00+00:00,25 bps increase,,,,,0.013,,,,,,,,,,,,,2026-06,,,
2026-02-18 00:00:00+00:00,25 bps increase,,,,,0.0145,,,,,,,,,,,,,2026-06,,,
2026-02-20 00:00:00+00:00,25 bps increase,,,,,0.0135,,,,,,,,,,,,,2026-06,,,
2026-02-21 00:00:00+00:00,25 bps increase,,,,,0.018,,,,,,,,,,,,,2026-06,,,
2026-02-22 00:00:00+00:00,25 bps increase,,,,,0.0195,,,,,,,,,,,,,2026-06,,,
2026-02-23 00:00:00+00:00,25 bps increase,,,,,0.019,,,,,,,,,,,,,2026-06,,,
2026-02-24 00:00:00+00:00,25 bps increase,,,,,0.02,,,,,,,,,,,,,2026-06,,,
2026-02-25 00:00:00+00:00,25 bps increase,,,,,0.0175,,,,,,,,,,,,,2026-06,,,
2026-02-26 00:00:00+00:00,25 bps increase,,,,,0.0165,,,,,,,,,,,,,2026-06,,,
2026-02-27 00:00:00+00:00,25 bps increase,,,,,0.0205,,,,,,,,,,,,,2026-06,,,
2026-02-28 00:00:00+00:00,25 bps increase,,,,,0.017,,,,,,,,,,,,,2026-06,,,
2026-03-03 00:00:00+00:00,25 bps increase,,,,0.0195,,,,,,,,,,,,,2026-06,,,,
2026-03-04 00:00:00+00:00,25 bps increase,,,,0.084,,,,,,,,,,,,,2026-06,,,,
2026-03-05 00:00:00+00:00,25 bps increase,,,,0.0435,,,,,,,,,,,,,2026-06,,,,
2026-03-06 00:00:00+00:00,25 bps increase,,,,0.048,,,,,,,,,,,,,2026-06,,,,
2026-03-07 00:00:00+00:00,25 bps increase,,,,0.0775,,,,,,,,,,,,,2026-06,,,,
2026-03-08 00:00:00+00:00,25 bps increase,,,,0.053,,,,,,,,,,,,,2026-06,,,,
2026-03-09 00:00:00+00:00,25 bps increase,,,,0.0465,,,,,,,,,,,,,2026-06,,,,
2026-03-10 00:00:00+00:00,25 bps increase,,,,0.0415,,,,,,,,,,,,,2026-06,,,,
2026-03-11 00:00:00+00:00,25 bps increase,,,,0.04,,,,,,,,,,,,,2026-06,,,,
2026-03-12 00:00:00+00:00,25 bps increase,,,,0.0455,,,,,,,,,,,,,2026-06,,,,
2026-03-14 00:00:00+00:00,25 bps increase,,,,0.0235,,,,,,,,,,,,,2026-06,,,,
2026-03-15 00:00:00+00:00,25 bps increase,,,,0.0355,,,,,,,,,,,,,2026-06,,,,
2026-03-16 00:00:00+00:00,25 bps increase,,,,0.043,,,,,,,,,,,,,2026-06,,,,
2026-03-17 00:00:00+00:00,25 bps increase,,,,0.04,,,,,,,,,,,,,2026-06,,,,
2026-03-18 00:00:00+00:00,25 bps increase,,,,0.0365,,,,,,,,,,,,,2026-06,,,,
2026-03-19 00:00:00+00:00,25 bps increase,,,,0.0325,,,,,,,,,,,,,2026-06,,,,
2026-03-20 00:00:00+00:00,25 bps increase,,,,0.037,,,,,,,,,,,,,2026-06,,,,
2026-03-21 00:00:00+00:00,25 bps increase,,,,0.0475,0.0405,,,,,,,,,,,,2026-06,2026-07,,,
2026-03-22 00:00:00+00:00,25 bps increase,,,,0.0395,0.052,,,,,,,,,,,,2026-06,2026-07,,,
2026-03-23 00:00:00+00:00,25 bps increase,,,,0.053,0.0645,,,,,,,,,,,,2026-06,2026-07,,,
2026-03-24 00:00:00+00:00,25 bps increase,,,,0.0575,0.052,,,,,,,,,,,,2026-06,2026-07,,,
2026-03-25 00:00:00+00:00,25 bps increase,,,,0.0515,0.046,,,,,,,,,,,,2026-06,2026-07,,,
2026-03-26 00:00:00+00:00,25 bps increase,,,,0.055,0.049,,,,,,,,,,,,2026-06,2026-07,,,
2026-03-27 00:00:00+00:00,25 bps increase,,,,0.0595,0.0735,,,,,,,,,,,,2026-06,2026-07,,,
2026-03-28 00:00:00+00:00,25 bps increase,,,,0.067,0.073,,,,,,,,,,,,2026-06,2026-07,,,
2026-03-29 00:00:00+00:00,25 bps increase,,,,,0.088,,,,,,,,,,,,,2026-07,,,
2026-03-30 00:00:00+00:00,25 bps increase,,,,,0.073,,,,,,,,,,,,,2026-07,,,
2026-03-31 00:00:00+00:00,25 bps increase,,,,,0.0765,,,,,,,,,,,,,2026-07,,,
2026-04-01 00:00:00+00:00,25 bps increase,,,,0.073,,,,,,,,,,,,,2026-07,,,,
2026-04-02 00:00:00+00:00,25 bps increase,,,,0.0515,,,,,,,,,,,,,2026-07,,,,
2026-04-03 00:00:00+00:00,25 bps increase,,,,0.0435,,,,,,,,,,,,,2026-07,,,,
2026-04-04 00:00:00+00:00,25 bps increase,,,,0.038,,,,,,,,,,,,,2026-07,,,,
2026-04-05 00:00:00+00:00,25 bps increase,,,0.0275,,,,,,,,,,,,,2026-06,,,,,
2026-04-06 00:00:00+00:00,25 bps increase,,,,0.039,,,,,,,,,,,,,2026-07,,,,
2026-04-07 00:00:00+00:00,25 bps increase,,,,0.041,,,,,,,,,,,,,2026-07,,,,
2026-04-08 00:00:00+00:00,25 bps increase,,,,0.0395,,,,,,,,,,,,,2026-07,,,,
2026-04-09 00:00:00+00:00,25 bps increase,,,0.0185,0.0315,,,,,,,,,,,,2026-06,2026-07,,,,
2026-04-10 00:00:00+00:00,25 bps increase,,,,0.0325,,,,,,,,,,,,,2026-07,,,,
2026-04-11 00:00:00+00:00,25 bps increase,,,,0.021,,,,,,,,,,,,,2026-07,,,,
2026-04-12 00:00:00+00:00,25 bps increase,,,0.0275,,,,,,,,,,,,,2026-06,,,,,
2026-04-13 00:00:00+00:00,25 bps increase,,,,0.0205,,,,,,,,,,,,,2026-07,,,,
2026-04-14 00:00:00+00:00,25 bps increase,,,,0.0325,,,,,,,,,,,,,2026-07,,,,
2026-04-15 00:00:00+00:00,25 bps increase,,,,0.0315,,,,,,,,,,,,,2026-07,,,,
2026-04-16 00:00:00+00:00,25 bps increase,,,,0.034,,,,,,,,,,,,,2026-07,,,,
2026-04-17 00:00:00+00:00,25 bps increase,,,,0.0395,,,,,,,,,,,,,2026-07,,,,
2026-04-18 00:00:00+00:00,25 bps increase,,,0.0205,,,,,,,,,,,,,2026-06,,,,,
2026-04-19 00:00:00+00:00,25 bps increase,,,,0.04,,,,,,,,,,,,,2026-07,,,,
2026-04-20 00:00:00+00:00,25 bps increase,,,,0.0445,,,,,,,,,,,,,2026-07,,,,
2026-04-21 00:00:00+00:00,25 bps increase,,,,0.0425,,,,,,,,,,,,,2026-07,,,,
2026-04-22 00:00:00+00:00,25 bps increase,,,0.018,0.039,,,,,,,,,,,,2026-06,2026-07,,,,
2026-04-23 00:00:00+00:00,25 bps increase,,,0.0165,0.035,,,,,,,,,,,,2026-06,2026-07,,,,
2026-04-24 00:00:00+00:00,25 bps increase,,,0.0175,0.0295,,,,,,,,,,,,2026-06,2026-07,,,,
2026-04-25 00:00:00+00:00,25 bps increase,,,0.0175,0.0325,,,,,,,,,,,,2026-06,2026-07,,,,
2026-04-26 00:00:00+00:00,25 bps increase,,,0.018,0.034,,,,,,,,,,,,2026-06,2026-07,,,,
2026-04-27 00:00:00+00:00,25 bps increase,,,0.0155,0.032,,,,,,,,,,,,2026-06,2026-07,,,,
2026-04-28 00:00:00+00:00,25 bps increase,,,0.0145,0.029,,,,,,,,,,,,2026-06,2026-07,,,,
2026-04-29 00:00:00+00:00,25 bps increase,,,0.0175,0.0275,,,,,,,,,,,,2026-06,2026-07,,,,
2026-04-30 00:00:00+00:00,25 bps increase,,,0.0165,0.0345,,,,,,,,,,,,2026-06,2026-07,,,,
2026-05-01 00:00:00+00:00,25 bps increase,,0.0115,0.0325,,,,,,,,,,,,2026-06,2026-07,,,,,
2026-05-02 00:00:00+00:00,25 bps increase,,0.0075,0.0345,,,,,,,,,,,,2026-06,2026-07,,,,,
2026-05-03 00:00:00+00:00,25 bps increase,,0.0075,0.0335,,,,,,,,,,,,2026-06,2026-07,,,,,
2026-05-04 00:00:00+00:00,25 bps increase,,0.0115,0.0345,,,,,,,,,,,,2026-06,2026-07,,,,,
2026-05-05 00:00:00+00:00,25 bps increase,,0.0105,0.0435,,,,,,,,,,,,2026-06,2026-07,,,,,
2026-05-06 00:00:00+00:00,25 bps increase,,0.0085,0.0495,,,,,,,,,,,,2026-06,2026-07,,,,,
2026-05-07 00:00:00+00:00,25 bps increase,,0.0095,0.0495,,,,,,,,,,,,2026-06,2026-07,,,,,
2026-05-08 00:00:00+00:00,25 bps increase,,0.01,0.034,,,,,,,,,,,,2026-06,2026-07,,,,,
2026-05-09 00:00:00+00:00,25 bps increase,,0.0055,0.0345,,,,,,,,,,,,2026-06,2026-07,,,,,
2026-05-10 00:00:00+00:00,25 bps increase,,0.0065,0.0255,,,,,,,,,,,,2026-06,2026-07,,,,,
2026-05-11 00:00:00+00:00,25 bps increase,,0.0055,0.0325,,,,,,,,,,,,2026-06,2026-07,,,,,
2026-05-12 00:00:00+00:00,25 bps increase,,0.0075,0.0315,,,,,,,,,,,,2026-06,2026-07,,,,,
2026-05-13 00:00:00+00:00,25 bps increase,,0.0065,0.0245,,,,,,,,,,,,2026-06,2026-07,,,,,
2026-05-14 00:00:00+00:00,25 bps increase,,0.0085,0.028,,0.28,,,,,,,,,,2026-06,2026-07,,2026-09,,,
2026-05-15 00:00:00+00:00,25 bps increase,,0.0075,0.0285,,0.135,,,,,,,,,,2026-06,2026-07,,2026-09,,,
2026-05-16 00:00:00+00:00,25 bps increase,,0.0065,0.0345,,0.1,,,,,,,,,,2026-06,2026-07,,2026-09,,,
2026-05-17 00:00:00+00:00,25 bps increase,,0.0065,0.0345,,0.105,,,,,,,,,,2026-06,2026-07,,2026-09,,,
2026-05-18 00:00:00+00:00,25 bps increase,,0.0065,0.0385,,0.11,,,,,,,,,,2026-06,2026-07,,2026-09,,,
2026-05-19 00:00:00+00:00,25 bps increase,,0.0075,0.0455,,0.11,,,,,,,,,,2026-06,2026-07,,2026-09,,,
2026-05-20 00:00:00+00:00,25 bps increase,,0.0075,0.0515,,0.125,,,,,,,,,,2026-06,2026-07,,2026-09,,,
2026-05-21 00:00:00+00:00,25 bps increase,,0.0085,0.0645,,0.155,,,,,,,,,,2026-06,2026-07,,2026-09,,,
2026-05-22 00:00:00+00:00,25 bps increase,,0.0105,0.0615,,0.145,,,,,,,,,,2026-06,2026-07,,2026-09,,,
2026-05-23 00:00:00+00:00,25 bps increase,,0.0085,0.0625,,0.175,,,,,,,,,,2026-06,2026-07,,2026-09,,,
2026-05-24 00:00:00+00:00,25 bps increase,,0.0105,0.0555,,0.175,,,,,,,,,,2026-06,2026-07,,2026-09,,,
2026-05-25 00:00:00+00:00,25 bps increase,,0.0075,0.0545,,0.175,,,,,,,,,,2026-06,2026-07,,2026-09,,,
2026-05-26 00:00:00+00:00,25 bps increase,,0.0065,0.0515,,0.155,,,,,,,,,,2026-06,2026-07,,2026-09,,,
2026-05-27 00:00:00+00:00,25 bps increase,,0.0065,0.0485,,0.155,,,,,,,,,,2026-06,2026-07,,2026-09,,,
2026-05-28 00:00:00+00:00,25 bps increase,,0.0065,0.0435,,0.155,,,,,,,,,,2026-06,2026-07,,2026-09,,,
2026-05-29 00:00:00+00:00,25 bps increase,,0.0055,0.0405,,0.115,,,,,,,,,,2026-06,2026-07,,2026-09,,,
2026-05-30 00:00:00+00:00,25 bps increase,,0.0055,0.0415,,0.12,,,,,,,,,,2026-06,2026-07,,2026-09,,,
2026-05-31 00:00:00+00:00,25 bps increase,,0.0055,0.0455,,0.12,,,,,,,,,,2026-06,2026-07,,2026-09,,,
2026-06-01 00:00:00+00:00,25 bps increase,0.0055,0.0575,,0.135,,,,,,,,,,2026-06,2026-07,,2026-09,,,,0.0
2026-06-02 00:00:00+00:00,25 bps increase,0.0055,0.053,,0.13,,,,,,,,,,2026-06,2026-07,,2026-09,,,,0.0
2026-06-03 00:00:00+00:00,25 bps increase,0.0055,0.0535,,0.125,,,,,,,,,,2026-06,2026-07,,2026-09,,,,0.0
2026-06-04 00:00:00+00:00,25 bps increase,0.0055,0.058,,0.16,,,,,,,,,,2026-06,2026-07,,2026-09,,,,0.0
2026-06-05 00:00:00+00:00,25 bps increase,0.0035,0.0555,,0.17,,,,,,,,,,2026-06,2026-07,,2026-09,,,,0.0
2026-06-06 00:00:00+00:00,25 bps increase,0.0035,0.0415,,0.19,,,,,,,,,,2026-06,2026-07,,2026-09,,,,0.0
2026-06-07 00:00:00+00:00,25 bps increase,0.0035,0.0425,,0.19,,,,,,,,,,2026-06,2026-07,,2026-09,,,,0.0
2026-06-08 00:00:00+00:00,25 bps increase,0.0025,0.0485,,0.155,,,,,,,,,,2026-06,2026-07,,2026-09,,,,0.0
2026-06-09 00:00:00+00:00,25 bps increase,0.0025,0.0545,,0.205,,,,,,,,,,2026-06,2026-07,,2026-09,,,,0.0
2026-06-10 00:00:00+00:00,25 bps increase,0.0055,0.0605,,0.21,,,,,,,,,,2026-06,2026-07,,2026-09,,,,0.0
2026-06-11 00:00:00+00:00,25 bps increase,0.0035,0.0585,,0.195,,,,,,,,,,2026-06,2026-07,,2026-09,,,,0.0
2026-06-12 00:00:00+00:00,25 bps increase,0.0035,0.0535,,0.16,,,,,,,,,,2026-06,2026-07,,2026-09,,,,0.0
2026-06-13 00:00:00+00:00,25 bps increase,0.0025,0.046,,0.16,,,,,,,,,,2026-06,2026-07,,2026-09,,,,0.0
2026-06-14 00:00:00+00:00,25 bps increase,0.0025,0.0355,,0.16,,,,,,,,,,2026-06,2026-07,,2026-09,,,,0.0
2026-06-15 00:00:00+00:00,25 bps increase,0.0015,0.0325,,0.16,,,,,,,,,,2026-06,2026-07,,2026-09,,,,0.0
2026-06-16 00:00:00+00:00,25 bps increase,0.0015,0.0225,,0.13,,,,,,,,,,2026-06,2026-07,,2026-09,,,,0.0
2026-06-17 00:00:00+00:00,25 bps increase,0.0015,0.0245,,0.155,,,,,,,,,,2026-06,2026-07,,2026-09,,,,0.0
2026-06-18 00:00:00+00:00,25 bps increase,,0.184,,0.385,,,,,,,,,,,2026-07,,2026-09,,,,
2026-06-19 00:00:00+00:00,25 bps increase,,0.246,,0.395,,,,,,,,,,,2026-07,,2026-09,,,,
2026-06-20 00:00:00+00:00,25 bps increase,,0.2515,,0.375,,,,,,,,,,,2026-07,,2026-09,,,,
2026-06-21 00:00:00+00:00,25 bps increase,,0.2115,,0.375,,,,,,,,,,,2026-07,,2026-09,,,,
2026-06-22 00:00:00+00:00,25 bps increase,,0.2325,,0.385,,,,,,,,,,,2026-07,,2026-09,,,,
2026-06-23 00:00:00+00:00,25 bps increase,,0.2465,,0.395,,,,,,,,,,,2026-07,,2026-09,,,,
2026-06-24 00:00:00+00:00,25 bps increase,,0.2445,,0.375,,,,,,,,,,,2026-07,,2026-09,,,,
2026-06-25 00:00:00+00:00,25 bps increase,,0.2325,,0.365,,,,,,,,,,,2026-07,,2026-09,,,,
2026-06-26 00:00:00+00:00,25 bps increase,,0.1745,,0.345,,,,,,,,,,,2026-07,,2026-09,,,,
2026-06-27 00:00:00+00:00,25 bps increase,,0.1815,,0.315,,,,,,,,,,,2026-07,,2026-09,,,,
2026-06-28 00:00:00+00:00,25 bps increase,,0.1775,,0.315,,,,,,,,,,,2026-07,,2026-09,,,,
2026-06-29 00:00:00+00:00,25 bps increase,,0.166,,0.305,,,,,,,,,,,2026-07,,2026-09,,,,
2026-06-30 00:00:00+00:00,25 bps increase,,0.1755,,0.295,,,,,,,,,,,2026-07,,2026-09,,,,
2026-07-01 00:00:00+00:00,25 bps increase,0.1875,,0.28,,,,,,,,,,,2026-07,,2026-09,,,,,0.0
2026-07-02 00:00:00+00:00,25 bps increase,0.1795,,0.31,,,,,,,,,,,2026-07,,2026-09,,,,,0.0
2026-07-03 00:00:00+00:00,25 bps increase,0.0975,,0.265,,,,,,,,,,,2026-07,,2026-09,,,,,0.0
2026-07-04 00:00:00+00:00,25 bps increase,0.096,,0.245,,,,,,,,,,,2026-07,,2026-09,,,,,0.0
2026-07-05 00:00:00+00:00,25 bps increase,0.096,,0.245,,,,,,,,,,,2026-07,,2026-09,,,,,0.0
2026-07-06 00:00:00+00:00,25 bps increase,0.0955,,0.235,,,,,,,,,,,2026-07,,2026-09,,,,,0.0
2026-07-07 00:00:00+00:00,25 bps increase,0.1515,,0.235,,,,,,,,,,,2026-07,,2026-09,,,,,0.0
2026-07-08 00:00:00+00:00,25 bps increase,0.1715,,0.285,,,,,,,,,,,2026-07,,2026-09,,,,,0.0
2026-07-09 00:00:00+00:00,25 bps increase,0.2195,,0.375,,,,,,,,,,,2026-07,,2026-09,,,,,0.0
2026-07-10 00:00:00+00:00,25 bps increase,0.147,,0.375,,,,,,,,,,,2026-07,,2026-09,,,,,0.0
2026-07-11 00:00:00+00:00,25 bps increase,0.2245,,0.39,,,,,,,,,,,2026-07,,2026-09,,,,,0.0
2026-07-12 00:00:00+00:00,25 bps increase,0.2075,,0.385,,,,,,,,,,,2026-07,,2026-09,,,,,0.0
2026-07-13 00:00:00+00:00,25 bps increase,0.214,,0.395,,,,,,,,,,,2026-07,,2026-09,,,,,0.0
2026-07-14 00:00:00+00:00,25 bps increase,0.356,,0.495,,,,,,,,,,,2026-07,,2026-09,,,,,0.0
2026-07-15 00:00:00+00:00,25 bps increase,0.0725,,0.385,,,,,,,,,,,2026-07,,2026-09,,,,,0.0
2026-07-16 00:00:00+00:00,25 bps increase,0.0415,,0.305,,,,,,,,,,,2026-07,,2026-09,,,,,0.0
2026-07-17 00:00:00+00:00,25 bps increase,0.0385,,0.325,,,,,,,,,,,2026-07,,2026-09,,,,,0.0
2026-07-18 00:00:00+00:00,25 bps increase,0.0505,,0.355,,,,,,,,,,,2026-07,,2026-09,,,,,0.0
2026-07-19 00:00:00+00:00,25 bps increase,0.047,,0.365,,,,,,,,,,,2026-07,,2026-09,,,,,0.0
2026-07-20 00:00:00+00:00,25 bps increase,0.0645,,0.375,,,,,,,,,,,2026-07,,2026-09,,,,,0.0
2026-07-21 00:00:00+00:00,25 bps increase,0.0665,,0.41,,,,,,,,,,,2026-07,,2026-09,,,,,0.0
2026-07-22 00:00:00+00:00,25 bps increase,0.1445,,0.485,,,,,,,,,,,2026-07,,2026-09,,,,,0.0
2026-07-23 00:00:00+00:00,25 bps increase,0.227,,0.495,,,,,,,,,,,2026-07,,2026-09,,,,,0.0
2026-07-24 00:00:00+00:00,25 bps increase,0.2465,,0.515,,,,,,,,,,,2026-07,,2026-09,,,,,0.0
2026-07-25 00:00:00+00:00,25 bps increase,0.2515,,0.535,,,,,,,,,,,2026-07,,2026-09,,,,,0.0
2026-07-26 00:00:00+00:00,25 bps increase,0.204,,0.535,,,,,,,,,,,2026-07,,2026-09,,,,,0.0
2026-07-27 00:00:00+00:00,25 bps increase,0.206,,0.495,,,,,,,,,,,2026-07,,2026-09,,,,,0.0
2026-07-28 00:00:00+00:00,25 bps increase,0.2825,,0.535,,,,,,,,,,,2026-07,,2026-09,,,,,0.0
2026-07-29 00:00:00+00:00,25 bps increase,0.242,,0.555,,,,,,,,,,,2026-07,,2026-09,,,,,0.0
2026-07-30 00:00:00+00:00,25 bps increase,,,0.525,,,,,,,,,,,,,2026-09,,,,,
2026-07-31 00:00:00+00:00,25 bps increase,,,0.525,,,,,,,,,,,,,2026-09,,,,,
2026-08-01 00:00:00+00:00,25 bps increase,,0.595,,,,,,,,,,,,,2026-09,,,,,,
2026-08-02 00:00:00+00:00,25 bps increase,,0.595,,,,,,,,,,,,,2026-09,,,,,,
2026-08-03 00:00:00+00:00,25 bps increase,,0.575,,,,,,,,,,,,,2026-09,,,,,,
2026-08-04 00:00:00+00:00,25 bps increase,,0.545,,,,,,,,,,,,,2026-09,,,,,,
2026-08-05 00:00:00+00:00,25 bps increase,,0.485,,,,,,,,,,,,,2026-09,,,,,,
2026-08-06 00:00:00+00:00,25 bps increase,,0.445,,,,,,,,,,,,,2026-09,,,,,,
2026-08-07 00:00:00+00:00,25 bps increase,,0.475,,,,,,,,,,,,,2026-09,,,,,,
2026-08-08 00:00:00+00:00,25 bps increase,,0.365,,,,,,,,,,,,,2026-09,,,,,,
2026-08-09 00:00:00+00:00,25 bps increase,,0.355,,,,,,,,,,,,,2026-09,,,,,,
2026-08-10 00:00:00+00:00,25 bps increase,,0.355,,,,,,,,,,,,,2026-09,,,,,,
2026-08-11 00:00:00+00:00,25 bps increase,,0.435,,,,,,,,,,,,,2026-09,,,,,,
2026-08-12 00:00:00+00:00,25 bps increase,,0.395,,,,,,,,,,,,,2026-09,,,,,,
2026-08-13 00:00:00+00:00,25 bps increase,,0.325,,,,,,,,,,,,,2026-09,,,,,,
2026-08-14 00:00:00+00:00,25 bps increase,,0.275,,,,,,,,,,,,,2026-09,,,,,,
2026-08-15 00:00:00+00:00,25 bps increase,,0.245,,,,,,,,,,,,,2026-09,,,,,,
2026-08-16 00:00:00+00:00,25 bps increase,,0.245,,,,,,,,,,,,,2026-09,,,,,,
2026-08-17 00:00:00+00:00,25 bps increase,,0.245,,,,,,,,,,,,,2026-09,,,,,,
2026-08-18 00:00:00+00:00,25 bps increase,,0.275,,,,,,,,,,,,,2026-09,,,,,,
2026-08-19 00:00:00+00:00,25 bps increase,,0.285,,,,,,,,,,,,,2026-09,,,,,,
2026-08-20 00:00:00+00:00,25 bps increase,,0.275,,,,,,,,,,,,,2026-09,,,,,,
2026-08-21 00:00:00+00:00,25 bps increase,,0.275,,,,,,,,,,,,,2026-09,,,,,,
2026-08-22 00:00:00+00:00,25 bps increase,,0.305,,,,,,,,,,,,,2026-09,,,,,,
2026-08-23 00:00:00+00:00,25 bps increase,,0.305,,,,,,,,,,,,,2026-09,,,,,,
2026-08-24 00:00:00+00:00,25 bps increase,,0.315,,,,,,,,,,,,,2026-09,,,,,,
2026-08-25 00:00:00+00:00,25 bps increase,,0.335,,,,,,,,,,,,,2026-09,,,,,,
2026-08-26 00:00:00+00:00,25 bps increase,,0.325,,,,,,,,,,,,,2026-09,,,,,,
2026-08-27 00:00:00+00:00,25 bps increase,,0.325,,,,,,,,,,,,,2026-09,,,,,,
2026-08-28 00:00:00+00:00,25 bps increase,,0.305,,,,,,,,,,,,,2026-09,,,,,,
2026-08-29 00:00:00+00:00,25 bps increase,,0.495,,,,,,,,,,,,,2026-09,,,,,,
2026-08-30 00:00:00+00:00,25 bps increase,,0.465,,,,,,,,,,,,,2026-09,,,,,,
2026-08-31 00:00:00+00:00,25 bps increase,,0.525,,,,,,,,,,,,,2026-09,,,,,,
2026-09-01 00:00:00+00:00,25 bps increase,0.545,,,,,,,,,,,,,2026-09,,,,,,,1.0
2026-09-02 00:00:00+00:00,25 bps increase,0.585,,,,,,,,,,,,,2026-09,,,,,,,1.0
2026-09-03 00:00:00+00:00,25 bps increase,0.535,,,,,,,,,,,,,2026-09,,,,,,,1.0
2026-09-04 00:00:00+00:00,25 bps increase,0.425,,,,,,,,,,,,,2026-09,,,,,,,1.0
2026-09-05 00:00:00+00:00,25 bps increase,0.49,,,,,,,,,,,,,2026-09,,,,,,,1.0
2026-09-06 00:00:00+00:00,25 bps increase,0.495,,,,,,,,,,,,,2026-09,,,,,,,1.0
2026-09-07 00:00:00+00:00,25 bps increase,0.495,,,,,,,,,,,,,2026-09,,,,,,,1.0
2026-09-08 00:00:00+00:00,25 bps increase,0.515,,,,,,,,,,,,,2026-09,,,,,,,1.0
2026-09-09 00:00:00+00:00,25 bps increase,0.545,,,,,,,,,,,,,2026-09,,,,,,,1.0
2026-09-10 00:00:00+00:00,25 bps increase,0.535,,,,,,,,,,,,,2026-09,,,,,,,1.0
2026-09-11 00:00:00+00:00,25 bps increase,0.635,,,,,,,,,,,,,2026-09,,,,,,,1.0
2026-09-12 00:00:00+00:00,25 bps increase,0.805,,,,,,,,,,,,,2026-09,,,,,,,1.0
2026-09-13 00:00:00+00:00,25 bps increase,0.795,,,,,,,,,,,,,2026-09,,,,,,,1.0
2026-09-14 00:00:00+00:00,25 bps increase,0.785,,,,,,,,,,,,,2026-09,,,,,,,1.0
2026-09-15 00:00:00+00:00,25 bps increase,0.875,,,,,,,,,,,,,2026-09,,,,,,,1.0
2026-09-16 00:00:00+00:00,25 bps increase,0.885,,,,,,,,,,,,,2026-09,,,,,,,1.0
2024-02-01 00:00:00+00:00,25+ bps increase,,0.3,,,,,,,,,,,,,2024-03,,,,,,
2024-02-02 00:00:00+00:00,25+ bps increase,,0.025,,,,,,,,,,,,,2024-03,,,,,,
2024-02-03 00:00:00+00:00,25+ bps increase,,0.025,,,,,,,,,,,,,2024-03,,,,,,
2024-02-04 00:00:00+00:00,25+ bps increase,,0.025,,,,,,,,,,,,,2024-03,,,,,,
2024-02-05 00:00:00+00:00,25+ bps increase,,0.025,,,,,,,,,,,,,2024-03,,,,,,
2024-02-06 00:00:00+00:00,25+ bps increase,,0.025,,,,,,,,,,,,,2024-03,,,,,,
2024-02-07 00:00:00+00:00,25+ bps increase,,0.025,,,,,,,,,,,,,2024-03,,,,,,
2024-02-08 00:00:00+00:00,25+ bps increase,,0.025,,,,,,,,,,,,,2024-03,,,,,,
2024-02-09 00:00:00+00:00,25+ bps increase,,0.025,,,,,,,,,,,,,2024-03,,,,,,
2024-02-10 00:00:00+00:00,25+ bps increase,,0.1,,,,,,,,,,,,,2024-03,,,,,,
2024-02-11 00:00:00+00:00,25+ bps increase,,0.025,,,,,,,,,,,,,2024-03,,,,,,
2024-02-12 00:00:00+00:00,25+ bps increase,,0.025,,,,,,,,,,,,,2024-03,,,,,,
2024-02-13 00:00:00+00:00,25+ bps increase,,0.025,,,,,,,,,,,,,2024-03,,,,,,
2024-02-14 00:00:00+00:00,25+ bps increase,,0.025,,,,,,,,,,,,,2024-03,,,,,,
2024-02-15 00:00:00+00:00,25+ bps increase,,0.025,,,,,,,,,,,,,2024-03,,,,,,
2024-02-16 00:00:00+00:00,25+ bps increase,,0.025,,,,,,,,,,,,,2024-03,,,,,,
2024-02-17 00:00:00+00:00,25+ bps increase,,0.025,,,,,,,,,,,,,2024-03,,,,,,
2024-02-18 00:00:00+00:00,25+ bps increase,,0.0105,,,,,,,,,,,,,2024-03,,,,,,
2024-02-19 00:00:00+00:00,25+ bps increase,,0.016,,,,,,,,,,,,,2024-03,,,,,,
2024-02-20 00:00:00+00:00,25+ bps increase,,0.016,,,,,,,,,,,,,2024-03,,,,,,
2024-02-21 00:00:00+00:00,25+ bps increase,,0.026,,,,,,,,,,,,,2024-03,,,,,,
2024-02-22 00:00:00+00:00,25+ bps increase,,0.0415,,,,,,,,,,,,,2024-03,,,,,,
2024-02-23 00:00:00+00:00,25+ bps increase,,0.0415,,,,,,,,,,,,,2024-03,,,,,,
2024-02-24 00:00:00+00:00,25+ bps increase,,0.0415,,,,,,,,,,,,,2024-03,,,,,,
2024-02-25 00:00:00+00:00,25+ bps increase,,0.0415,,,,,,,,,,,,,2024-03,,,,,,
2024-02-26 00:00:00+00:00,25+ bps increase,,0.0405,,,,,,,,,,,,,2024-03,,,,,,
2024-02-27 00:00:00+00:00,25+ bps increase,,0.0405,,,,,,,,,,,,,2024-03,,,,,,
2024-02-28 00:00:00+00:00,25+ bps increase,,0.041,,,,,,,,,,,,,2024-03,,,,,,
2024-02-29 00:00:00+00:00,25+ bps increase,,0.039,,,,,,,,,,,,,2024-03,,,,,,
2024-03-01 00:00:00+00:00,25+ bps increase,0.025,,,,,,,,,,,,,2024-03,,,,,,,0.0
2024-03-02 00:00:00+00:00,25+ bps increase,0.0225,,,,,,,,,,,,,2024-03,,,,,,,0.0
2024-03-03 00:00:00+00:00,25+ bps increase,0.0205,,,,,,,,,,,,,2024-03,,,,,,,0.0
2024-03-04 00:00:00+00:00,25+ bps increase,0.0185,,,,,,,,,,,,,2024-03,,,,,,,0.0
2024-03-05 00:00:00+00:00,25+ bps increase,0.0185,,,,,,,,,,,,,2024-03,,,,,,,0.0
2024-03-06 00:00:00+00:00,25+ bps increase,0.0185,,,,,,,,,,,,,2024-03,,,,,,,0.0
2024-03-07 00:00:00+00:00,25+ bps increase,0.0185,,,,,,,,,,,,,2024-03,,,,,,,0.0
2024-03-08 00:00:00+00:00,25+ bps increase,0.0185,,,,,,,,,,,,,2024-03,,,,,,,0.0
2024-03-09 00:00:00+00:00,25+ bps increase,0.018,,,,,,,,,,,,,2024-03,,,,,,,0.0
2024-03-10 00:00:00+00:00,25+ bps increase,0.0075,,,,,,,,,,,,,2024-03,,,,,,,0.0
2024-03-11 00:00:00+00:00,25+ bps increase,0.0055,,,,,,,,,,,,,2024-03,,,,,,,0.0
2024-03-12 00:00:00+00:00,25+ bps increase,0.0055,,,,,,,,,,,,,2024-03,,,,,,,0.0
2024-03-13 00:00:00+00:00,25+ bps increase,0.0045,,,,,,,,,,,,,2024-03,,,,,,,0.0
2024-03-14 00:00:00+00:00,25+ bps increase,0.0045,,,,,,,,,,,,,2024-03,,,,,,,0.0
2024-03-15 00:00:00+00:00,25+ bps increase,0.004,,,,,,,,,,,,,2024-03,,,,,,,0.0
2024-03-16 00:00:00+00:00,25+ bps increase,0.0045,,,,,,,,,,,,,2024-03,,,,,,,0.0
2024-03-17 00:00:00+00:00,25+ bps increase,0.004,,,,,,,,,,,,,2024-03,,,,,,,0.0
2024-03-18 00:00:00+00:00,25+ bps increase,0.0035,,,,,,,,,,,,,2024-03,,,,,,,0.0
2024-03-19 00:00:00+00:00,25+ bps increase,0.0035,,,,,,,,,,,,,2024-03,,,,,,,0.0
2024-03-20 00:00:00+00:00,25+ bps increase,0.0015,,,,,,,,,,,,,2024-03,,,,,,,0.0
2024-04-04 00:00:00+00:00,25+ bps increase,,0.0055,,,,,,,,,,,,,2024-05,,,,,,
2024-04-05 00:00:00+00:00,25+ bps increase,,0.0055,,,,,,,,,,,,,2024-05,,,,,,
2024-04-06 00:00:00+00:00,25+ bps increase,,0.004,,,,,,,,,,,,,2024-05,,,,,,
2024-04-07 00:00:00+00:00,25+ bps increase,,0.0025,,,,,,,,,,,,,2024-05,,,,,,
2024-04-08 00:00:00+00:00,25+ bps increase,,0.0025,,,,,,,,,,,,,2024-05,,,,,,
2024-04-09 00:00:00+00:00,25+ bps increase,,0.0025,,,,,,,,,,,,,2024-05,,,,,,
2024-04-10 00:00:00+00:00,25+ bps increase,,0.0025,,,,,,,,,,,,,2024-05,,,,,,
2024-04-11 00:00:00+00:00,25+ bps increase,,0.0035,,,,,,,,,,,,,2024-05,,,,,,
2024-04-12 00:00:00+00:00,25+ bps increase,,0.006,,,,,,,,,,,,,2024-05,,,,,,
2024-04-13 00:00:00+00:00,25+ bps increase,,0.0055,,,,,,,,,,,,,2024-05,,,,,,
2024-04-14 00:00:00+00:00,25+ bps increase,,0.005,,,,,,,,,,,,,2024-05,,,,,,
2024-04-15 00:00:00+00:00,25+ bps increase,,0.0135,,,,,,,,,,,,,2024-05,,,,,,
2024-04-16 00:00:00+00:00,25+ bps increase,,0.0135,,,,,,,,,,,,,2024-05,,,,,,
2024-04-17 00:00:00+00:00,25+ bps increase,,0.0125,,,,,,,,,,,,,2024-05,,,,,,
2024-04-18 00:00:00+00:00,25+ bps increase,,0.0115,,,,,,,,,,,,,2024-05,,,,,,
2024-04-19 00:00:00+00:00,25+ bps increase,,0.0135,,,,,,,,,,,,,2024-05,,,,,,
2024-04-20 00:00:00+00:00,25+ bps increase,,0.01,,,,,,,,,,,,,2024-05,,,,,,
2024-04-21 00:00:00+00:00,25+ bps increase,,0.01,,,,,,,,,,,,,2024-05,,,,,,
2024-04-22 00:00:00+00:00,25+ bps increase,,0.01,,,,,,,,,,,,,2024-05,,,,,,
2024-04-23 00:00:00+00:00,25+ bps increase,,0.012,,,,,,,,,,,,,2024-05,,,,,,
2024-04-24 00:00:00+00:00,25+ bps increase,,0.0115,,,,,,,,,,,,,2024-05,,,,,,
2024-04-25 00:00:00+00:00,25+ bps increase,,0.011,,,,,,,,,,,,,2024-05,,,,,,
2024-04-26 00:00:00+00:00,25+ bps increase,,0.0085,,,,,,,,,,,,,2024-05,,,,,,
2024-04-27 00:00:00+00:00,25+ bps increase,,0.0085,,,,,,,,,,,,,2024-05,,,,,,
2024-04-28 00:00:00+00:00,25+ bps increase,,0.009,,,,,,,,,,,,,2024-05,,,,,,
2024-04-29 00:00:00+00:00,25+ bps increase,,0.0085,,,,,,,,,,,,,2024-05,,,,,,
2024-04-30 00:00:00+00:00,25+ bps increase,,0.0105,,,,,,,,,,,,,2024-05,,,,,,
2024-05-01 00:00:00+00:00,25+ bps increase,0.0075,,,,,,,,,,,,,2024-05,,,,,,,0.0
2024-05-02 00:00:00+00:00,25+ bps increase,,0.019,,,,,,,,,,,,,2024-06,,,,,,
2024-05-03 00:00:00+00:00,25+ bps increase,,0.02,,,,,,,,,,,,,2024-06,,,,,,
2024-05-04 00:00:00+00:00,25+ bps increase,,0.0165,,,,,,,,,,,,,2024-06,,,,,,
2024-05-05 00:00:00+00:00,25+ bps increase,,0.0145,,,,,,,,,,,,,2024-06,,,,,,
2024-05-06 00:00:00+00:00,25+ bps increase,,0.0145,,,,,,,,,,,,,2024-06,,,,,,
2024-05-07 00:00:00+00:00,25+ bps increase,,0.014,,,,,,,,,,,,,2024-06,,,,,,
2024-05-08 00:00:00+00:00,25+ bps increase,,0.0135,,,,,,,,,,,,,2024-06,,,,,,
2024-05-09 00:00:00+00:00,25+ bps increase,,0.0115,,,,,,,,,,,,,2024-06,,,,,,
2024-05-10 00:00:00+00:00,25+ bps increase,,0.0095,,,,,,,,,,,,,2024-06,,,,,,
2024-05-11 00:00:00+00:00,25+ bps increase,,0.009,,,,,,,,,,,,,2024-06,,,,,,
2024-05-12 00:00:00+00:00,25+ bps increase,,0.009,,,,,,,,,,,,,2024-06,,,,,,
2024-05-13 00:00:00+00:00,25+ bps increase,,0.009,,,,,,,,,,,,,2024-06,,,,,,
2024-05-14 00:00:00+00:00,25+ bps increase,,0.0085,,,,,,,,,,,,,2024-06,,,,,,
2024-05-15 00:00:00+00:00,25+ bps increase,,0.009,,,,,,,,,,,,,2024-06,,,,,,
2024-05-16 00:00:00+00:00,25+ bps increase,,0.0095,,,,,,,,,,,,,2024-06,,,,,,
2024-05-17 00:00:00+00:00,25+ bps increase,,0.0095,,,,,,,,,,,,,2024-06,,,,,,
2024-05-18 00:00:00+00:00,25+ bps increase,,0.01,,,,,,,,,,,,,2024-06,,,,,,
2024-05-19 00:00:00+00:00,25+ bps increase,,0.009,,,,,,,,,,,,,2024-06,,,,,,
2024-05-20 00:00:00+00:00,25+ bps increase,,0.0075,,,,,,,,,,,,,2024-06,,,,,,
2024-05-21 00:00:00+00:00,25+ bps increase,,0.007,,,,,,,,,,,,,2024-06,,,,,,
2024-05-22 00:00:00+00:00,25+ bps increase,,0.0105,,,,,,,,,,,,,2024-06,,,,,,
2024-05-23 00:00:00+00:00,25+ bps increase,,0.008,,,,,,,,,,,,,2024-06,,,,,,
2024-05-24 00:00:00+00:00,25+ bps increase,,0.008,,,,,,,,,,,,,2024-06,,,,,,
2024-05-25 00:00:00+00:00,25+ bps increase,,0.008,,,,,,,,,,,,,2024-06,,,,,,
2024-05-26 00:00:00+00:00,25+ bps increase,,0.0075,,,,,,,,,,,,,2024-06,,,,,,
2024-05-27 00:00:00+00:00,25+ bps increase,,0.0065,,,,,,,,,,,,,2024-06,,,,,,
2024-05-28 00:00:00+00:00,25+ bps increase,,0.0065,,,,,,,,,,,,,2024-06,,,,,,
2024-05-29 00:00:00+00:00,25+ bps increase,,0.0065,,,,,,,,,,,,,2024-06,,,,,,
2024-05-30 00:00:00+00:00,25+ bps increase,,0.0075,,,,,,,,,,,,,2024-06,,,,,,
2024-05-31 00:00:00+00:00,25+ bps increase,,0.007,,,,,,,,,,,,,2024-06,,,,,,
2024-06-01 00:00:00+00:00,25+ bps increase,0.0065,,,,,,,,,,,,,2024-06,,,,,,,0.0
2024-06-02 00:00:00+00:00,25+ bps increase,0.007,,,,,,,,,,,,,2024-06,,,,,,,0.0
2024-06-03 00:00:00+00:00,25+ bps increase,0.0095,,,,,,,,,,,,,2024-06,,,,,,,0.0
2024-06-04 00:00:00+00:00,25+ bps increase,0.007,,,,,,,,,,,,,2024-06,,,,,,,0.0
2024-06-05 00:00:00+00:00,25+ bps increase,0.0065,,,,,,,,,,,,,2024-06,,,,,,,0.0
2024-06-06 00:00:00+00:00,25+ bps increase,0.0065,,,,,,,,,,,,,2024-06,,,,,,,0.0
2024-06-07 00:00:00+00:00,25+ bps increase,0.002,,,,,,,,,,,,,2024-06,,,,,,,0.0
2024-06-08 00:00:00+00:00,25+ bps increase,0.0015,,,,,,,,,,,,,2024-06,,,,,,,0.0
2024-06-09 00:00:00+00:00,25+ bps increase,0.0015,,,,,,,,,,,,,2024-06,,,,,,,0.0
2024-06-10 00:00:00+00:00,25+ bps increase,0.0015,,,,,,,,,,,,,2024-06,,,,,,,0.0
2024-06-11 00:00:00+00:00,25+ bps increase,0.0035,,,,,,,,,,,,,2024-06,,,,,,,0.0
2024-06-12 00:00:00+00:00,25+ bps increase,0.007,,,,,,,,,,,,,2024-06,,,,,,,0.0
2024-06-13 00:00:00+00:00,25+ bps increase,,0.0105,,,,,,,,,,,,,2024-07,,,,,,
2024-06-14 00:00:00+00:00,25+ bps increase,,0.005,,,,,,,,,,,,,2024-07,,,,,,
2024-06-15 00:00:00+00:00,25+ bps increase,,0.0045,,,,,,,,,,,,,2024-07,,,,,,
2024-06-16 00:00:00+00:00,25+ bps increase,,0.004,,,,,,,,,,,,,2024-07,,,,,,
2024-06-17 00:00:00+00:00,25+ bps increase,,0.0035,,,,,,,,,,,,,2024-07,,,,,,
2024-06-18 00:00:00+00:00,25+ bps increase,,0.0035,,,,,,,,,,,,,2024-07,,,,,,
2024-06-19 00:00:00+00:00,25+ bps increase,,0.0035,,,,,,,,,,,,,2024-07,,,,,,
2024-06-20 00:00:00+00:00,25+ bps increase,,0.0045,,,,,,,,,,,,,2024-07,,,,,,
2024-06-21 00:00:00+00:00,25+ bps increase,,0.0045,,,,,,,,,,,,,2024-07,,,,,,
2024-06-22 00:00:00+00:00,25+ bps increase,,0.0045,,,,,,,,,,,,,2024-07,,,,,,
2024-06-23 00:00:00+00:00,25+ bps increase,,0.0045,,,,,,,,,,,,,2024-07,,,,,,
2024-06-24 00:00:00+00:00,25+ bps increase,,0.0055,,,,,,,,,,,,,2024-07,,,,,,
2024-06-25 00:00:00+00:00,25+ bps increase,,0.015,,,,,,,,,,,,,2024-07,,,,,,
2024-06-26 00:00:00+00:00,25+ bps increase,,0.016,,,,,,,,,,,,,2024-07,,,,,,
2024-06-27 00:00:00+00:00,25+ bps increase,,0.0165,,,,,,,,,,,,,2024-07,,,,,,
2024-06-28 00:00:00+00:00,25+ bps increase,,0.0165,,,,,,,,,,,,,2024-07,,,,,,
2024-06-29 00:00:00+00:00,25+ bps increase,,0.028,,,,,,,,,,,,,2024-07,,,,,,
2024-06-30 00:00:00+00:00,25+ bps increase,,0.028,,,,,,,,,,,,,2024-07,,,,,,
2024-07-01 00:00:00+00:00,25+ bps increase,0.0285,,,,,,,,,,,,,2024-07,,,,,,,0.0
2024-07-02 00:00:00+00:00,25+ bps increase,0.022,,,,,,,,,,,,,2024-07,,,,,,,0.0
2024-07-03 00:00:00+00:00,25+ bps increase,0.024,,,,,,,,,,,,,2024-07,,,,,,,0.0
2024-07-04 00:00:00+00:00,25+ bps increase,0.02,,,,,,,,,,,,,2024-07,,,,,,,0.0
2024-07-05 00:00:00+00:00,25+ bps increase,0.0165,,,,,,,,,,,,,2024-07,,,,,,,0.0
2024-07-06 00:00:00+00:00,25+ bps increase,0.0155,,,,,,,,,,,,,2024-07,,,,,,,0.0
2024-07-07 00:00:00+00:00,25+ bps increase,0.01,,,,,,,,,,,,,2024-07,,,,,,,0.0
2024-07-08 00:00:00+00:00,25+ bps increase,0.01,,,,,,,,,,,,,2024-07,,,,,,,0.0
2024-07-09 00:00:00+00:00,25+ bps increase,0.005,,,,,,,,,,,,,2024-07,,,,,,,0.0
2024-07-10 00:00:00+00:00,25+ bps increase,0.008,,,,,,,,,,,,,2024-07,,,,,,,0.0
2024-07-11 00:00:00+00:00,25+ bps increase,0.0055,,,,,,,,,,,,,2024-07,,,,,,,0.0
2024-07-12 00:00:00+00:00,25+ bps increase,0.0065,,,,,,,,,,,,,2024-07,,,,,,,0.0
2024-07-13 00:00:00+00:00,25+ bps increase,0.005,,,,,,,,,,,,,2024-07,,,,,,,0.0
2024-07-14 00:00:00+00:00,25+ bps increase,0.005,,,,,,,,,,,,,2024-07,,,,,,,0.0
2024-07-15 00:00:00+00:00,25+ bps increase,0.0045,,,,,,,,,,,,,2024-07,,,,,,,0.0
2024-07-16 00:00:00+00:00,25+ bps increase,0.005,,,,,,,,,,,,,2024-07,,,,,,,0.0
2024-07-17 00:00:00+00:00,25+ bps increase,0.005,,,,,,,,,,,,,2024-07,,,,,,,0.0
2024-07-18 00:00:00+00:00,25+ bps increase,0.0025,,,,,,,,,,,,,2024-07,,,,,,,0.0
2024-07-19 00:00:00+00:00,25+ bps increase,0.004,,,,,,,,,,,,,2024-07,,,,,,,0.0
2024-07-20 00:00:00+00:00,25+ bps increase,0.0025,,,,,,,,,,,,,2024-07,,,,,,,0.0
2024-07-21 00:00:00+00:00,25+ bps increase,0.003,,,,,,,,,,,,,2024-07,,,,,,,0.0
2024-07-22 00:00:00+00:00,25+ bps increase,0.003,,,,,,,,,,,,,2024-07,,,,,,,0.0
2024-07-23 00:00:00+00:00,25+ bps increase,0.005,,,,,,,,,,,,,2024-07,,,,,,,0.0
2024-07-24 00:00:00+00:00,25+ bps increase,0.0045,,,,,,,,,,,,,2024-07,,,,,,,0.0
2024-07-25 00:00:00+00:00,25+ bps increase,0.002,,,,,,,,,,,,,2024-07,,,,,,,0.0
2024-07-26 00:00:00+00:00,25+ bps increase,0.0005,,,,,,,,,,,,,2024-07,,,,,,,0.0
2024-07-27 00:00:00+00:00,25+ bps increase,0.0005,,,,,,,,,,,,,2024-07,,,,,,,0.0
2024-07-28 00:00:00+00:00,25+ bps increase,0.0015,,,,,,,,,,,,,2024-07,,,,,,,0.0
2024-07-29 00:00:00+00:00,25+ bps increase,0.0015,,,,,,,,,,,,,2024-07,,,,,,,0.0
2024-07-30 00:00:00+00:00,25+ bps increase,0.0025,,,,,,,,,,,,,2024-07,,,,,,,0.0
2024-07-31 00:00:00+00:00,25+ bps increase,0.0025,,,,,,,,,,,,,2024-07,,,,,,,0.0
2024-08-01 00:00:00+00:00,25+ bps increase,,0.006,,,,,,,,,,,,,2024-09,,,,,,
2024-08-02 00:00:00+00:00,25+ bps increase,,0.004,,,,,,,,,,,,,2024-09,,,,,,
2024-08-03 00:00:00+00:00,25+ bps increase,,0.002,,0.025,,,,,,,,,,,2024-09,,2024-11,,,,
2024-08-04 00:00:00+00:00,25+ bps increase,,0.002,,0.0225,,,,,,,,,,,2024-09,,2024-11,,,,
2024-08-05 00:00:00+00:00,25+ bps increase,,0.0015,,0.0225,,,,,,,,,,,2024-09,,2024-11,,,,
2024-08-06 00:00:00+00:00,25+ bps increase,,0.003,,0.011,,,,,,,,,,,2024-09,,2024-11,,,,
2024-08-07 00:00:00+00:00,25+ bps increase,,0.006,,0.0125,0.0445,,,,,,,,,,2024-09,,2024-11,2024-12,,,
2024-08-08 00:00:00+00:00,25+ bps increase,,0.005,,0.014,0.0525,,,,,,,,,,2024-09,,2024-11,2024-12,,,
2024-08-09 00:00:00+00:00,25+ bps increase,,0.0055,,0.0135,0.052,,,,,,,,,,2024-09,,2024-11,2024-12,,,
2024-08-10 00:00:00+00:00,25+ bps increase,,0.006,,0.008,0.0515,,,,,,,,,,2024-09,,2024-11,2024-12,,,
2024-08-11 00:00:00+00:00,25+ bps increase,,0.0035,,0.006,0.0515,,,,,,,,,,2024-09,,2024-11,2024-12,,,
2024-08-12 00:00:00+00:00,25+ bps increase,,0.0025,,0.0065,0.0465,,,,,,,,,,2024-09,,2024-11,2024-12,,,
2024-08-13 00:00:00+00:00,25+ bps increase,,0.0015,,0.0065,0.047,,,,,,,,,,2024-09,,2024-11,2024-12,,,
2024-08-14 00:00:00+00:00,25+ bps increase,,0.0025,,0.0065,0.046,,,,,,,,,,2024-09,,2024-11,2024-12,,,
2024-08-15 00:00:00+00:00,25+ bps increase,,0.0015,,0.006,0.046,,,,,,,,,,2024-09,,2024-11,2024-12,,,
2024-08-16 00:00:00+00:00,25+ bps increase,,0.0025,,0.009,0.037,,,,,,,,,,2024-09,,2024-11,2024-12,,,
2024-08-17 00:00:00+00:00,25+ bps increase,,0.002,,0.009,0.0365,,,,,,,,,,2024-09,,2024-11,2024-12,,,
2024-08-18 00:00:00+00:00,25+ bps increase,,0.002,,0.0075,0.036,,,,,,,,,,2024-09,,2024-11,2024-12,,,
2024-08-19 00:00:00+00:00,25+ bps increase,,0.0015,,0.0075,0.035,,,,,,,,,,2024-09,,2024-11,2024-12,,,
2024-08-20 00:00:00+00:00,25+ bps increase,,0.0015,,0.0075,0.0335,,,,,,,,,,2024-09,,2024-11,2024-12,,,
2024-08-21 00:00:00+00:00,25+ bps increase,,0.0015,,0.0075,0.034,,,,,,,,,,2024-09,,2024-11,2024-12,,,
2024-08-22 00:00:00+00:00,25+ bps increase,,0.0015,,0.0075,0.0325,,,,,,,,,,2024-09,,2024-11,2024-12,,,
2024-08-23 00:00:00+00:00,25+ bps increase,,0.002,,0.0075,0.03,,,,,,,,,,2024-09,,2024-11,2024-12,,,
2024-08-24 00:00:00+00:00,25+ bps increase,,0.0025,,0.008,0.0305,,,,,,,,,,2024-09,,2024-11,2024-12,,,
2024-08-25 00:00:00+00:00,25+ bps increase,,0.0025,,0.0105,0.03,,,,,,,,,,2024-09,,2024-11,2024-12,,,
2024-08-26 00:00:00+00:00,25+ bps increase,,0.0025,,0.009,0.031,,,,,,,,,,2024-09,,2024-11,2024-12,,,
2024-08-27 00:00:00+00:00,25+ bps increase,,0.0025,,0.009,0.0285,,,,,,,,,,2024-09,,2024-11,2024-12,,,
2024-08-28 00:00:00+00:00,25+ bps increase,,0.0025,,0.0105,0.028,,,,,,,,,,2024-09,,2024-11,2024-12,,,
2024-08-29 00:00:00+00:00,25+ bps increase,,0.0025,,0.007,0.0265,,,,,,,,,,2024-09,,2024-11,2024-12,,,
2024-08-30 00:00:00+00:00,25+ bps increase,,0.0025,,0.0065,0.0265,,,,,,,,,,2024-09,,2024-11,2024-12,,,
2024-08-31 00:00:00+00:00,25+ bps increase,,0.0025,,0.0065,0.0255,,,,,,,,,,2024-09,,2024-11,2024-12,,,
2024-09-01 00:00:00+00:00,25+ bps increase,0.002,,0.0065,0.0215,,,,,,,,,,2024-09,,2024-11,2024-12,,,,0.0
2024-09-02 00:00:00+00:00,25+ bps increase,0.0015,,0.0065,0.022,,,,,,,,,,2024-09,,2024-11,2024-12,,,,0.0
2024-09-03 00:00:00+00:00,25+ bps increase,0.002,,0.0065,0.012,,,,,,,,,,2024-09,,2024-11,2024-12,,,,0.0
2024-09-04 00:00:00+00:00,25+ bps increase,0.0015,,0.0065,0.0155,,,,,,,,,,2024-09,,2024-11,2024-12,,,,0.0
2024-09-05 00:00:00+00:00,25+ bps increase,0.0015,,0.006,0.0185,,,,,,,,,,2024-09,,2024-11,2024-12,,,,0.0
2024-09-06 00:00:00+00:00,25+ bps increase,0.0015,,0.006,0.019,,,,,,,,,,2024-09,,2024-11,2024-12,,,,0.0
2024-09-07 00:00:00+00:00,25+ bps increase,0.0015,,0.005,0.0195,,,,,,,,,,2024-09,,2024-11,2024-12,,,,0.0
2024-09-08 00:00:00+00:00,25+ bps increase,0.0015,,0.006,0.019,,,,,,,,,,2024-09,,2024-11,2024-12,,,,0.0
2024-09-09 00:00:00+00:00,25+ bps increase,0.0025,,0.005,0.017,,,,,,,,,,2024-09,,2024-11,2024-12,,,,0.0
2024-09-10 00:00:00+00:00,25+ bps increase,0.003,,0.005,0.017,,,,,,,,,,2024-09,,2024-11,2024-12,,,,0.0
2024-09-11 00:00:00+00:00,25+ bps increase,0.0025,,0.004,0.0165,,,,,,,,,,2024-09,,2024-11,2024-12,,,,0.0
2024-09-12 00:00:00+00:00,25+ bps increase,0.003,,0.0035,0.0155,,,,,,,,,,2024-09,,2024-11,2024-12,,,,0.0
2024-09-13 00:00:00+00:00,25+ bps increase,0.0015,,0.0035,0.015,,,,,,,,,,2024-09,,2024-11,2024-12,,,,0.0
2024-09-14 00:00:00+00:00,25+ bps increase,0.0005,,0.0035,0.0135,,,,,,,,,,2024-09,,2024-11,2024-12,,,,0.0
2024-09-15 00:00:00+00:00,25+ bps increase,0.0005,,0.005,0.014,,,,,,,,,,2024-09,,2024-11,2024-12,,,,0.0
2024-09-16 00:00:00+00:00,25+ bps increase,0.0005,,0.0045,0.014,,,,,,,,,,2024-09,,2024-11,2024-12,,,,0.0
2024-09-17 00:00:00+00:00,25+ bps increase,0.0005,,0.004,0.0135,,,,,,,,,,2024-09,,2024-11,2024-12,,,,0.0
2024-09-18 00:00:00+00:00,25+ bps increase,0.0005,,0.004,0.0135,,,,,,,,,,2024-09,,2024-11,2024-12,,,,0.0
2024-09-19 00:00:00+00:00,25+ bps increase,,,0.0025,0.011,,,,,,,,,,,,2024-11,2024-12,,,,
2024-09-20 00:00:00+00:00,25+ bps increase,,,0.0025,0.0115,,,,,,,,,,,,2024-11,2024-12,,,,
2024-09-21 00:00:00+00:00,25+ bps increase,,,0.002,0.012,,,,,,,,,,,,2024-11,2024-12,,,,
2024-09-22 00:00:00+00:00,25+ bps increase,,,0.0015,0.01,,,,,,,,,,,,2024-11,2024-12,,,,
2024-09-23 00:00:00+00:00,25+ bps increase,,,0.0015,0.0095,,,,,,,,,,,,2024-11,2024-12,,,,
2024-09-24 00:00:00+00:00,25+ bps increase,,,0.0015,0.0085,,,,,,,,,,,,2024-11,2024-12,,,,
2024-09-25 00:00:00+00:00,25+ bps increase,,,0.0015,0.007,,,,,,,,,,,,2024-11,2024-12,,,,
2024-09-26 00:00:00+00:00,25+ bps increase,,,0.0015,0.005,,,,,,,,,,,,2024-11,2024-12,,,,
2024-09-27 00:00:00+00:00,25+ bps increase,,,0.002,0.0045,,,,,,,,,,,,2024-11,2024-12,,,,
2024-09-28 00:00:00+00:00,25+ bps increase,,,0.0025,0.0045,,,,,,,,,,,,2024-11,2024-12,,,,
2024-09-29 00:00:00+00:00,25+ bps increase,,,0.002,0.0045,,,,,,,,,,,,2024-11,2024-12,,,,
2024-09-30 00:00:00+00:00,25+ bps increase,,,0.002,0.0045,,,,,,,,,,,,2024-11,2024-12,,,,
2024-10-01 00:00:00+00:00,25+ bps increase,,0.0015,0.0045,,,,,,,,,,,,2024-11,2024-12,,,,,
2024-10-02 00:00:00+00:00,25+ bps increase,,0.0015,0.0045,,,,,,,,,,,,2024-11,2024-12,,,,,
2024-10-03 00:00:00+00:00,25+ bps increase,,0.0015,0.004,,,,,,,,,,,,2024-11,2024-12,,,,,
2024-10-04 00:00:00+00:00,25+ bps increase,,0.0015,0.004,,,,,,,,,,,,2024-11,2024-12,,,,,
2024-10-05 00:00:00+00:00,25+ bps increase,,0.0025,0.004,,,,,,,,,,,,2024-11,2024-12,,,,,
2024-10-06 00:00:00+00:00,25+ bps increase,,0.003,0.005,,,,,,,,,,,,2024-11,2024-12,,,,,
2024-10-07 00:00:00+00:00,25+ bps increase,,0.0025,0.005,,,,,,,,,,,,2024-11,2024-12,,,,,
2024-10-08 00:00:00+00:00,25+ bps increase,,0.0025,0.0055,,,,,,,,,,,,2024-11,2024-12,,,,,
2024-10-09 00:00:00+00:00,25+ bps increase,,0.0025,0.0045,,,,,,,,,,,,2024-11,2024-12,,,,,
2024-10-10 00:00:00+00:00,25+ bps increase,,0.0025,0.006,,,,,,,,,,,,2024-11,2024-12,,,,,
2024-10-11 00:00:00+00:00,25+ bps increase,,0.0025,0.0065,,,,,,,,,,,,2024-11,2024-12,,,,,
2024-10-12 00:00:00+00:00,25+ bps increase,,0.0025,0.0035,,,,,,,,,,,,2024-11,2024-12,,,,,
2024-10-13 00:00:00+00:00,25+ bps increase,,0.0025,0.0045,,,,,,,,,,,,2024-11,2024-12,,,,,
2024-10-14 00:00:00+00:00,25+ bps increase,,0.003,0.004,,,,,,,,,,,,2024-11,2024-12,,,,,
2024-10-15 00:00:00+00:00,25+ bps increase,,0.0025,0.004,,,,,,,,,,,,2024-11,2024-12,,,,,
2024-10-16 00:00:00+00:00,25+ bps increase,,0.0025,0.004,,,,,,,,,,,,2024-11,2024-12,,,,,
2024-10-17 00:00:00+00:00,25+ bps increase,,0.0025,0.004,,,,,,,,,,,,2024-11,2024-12,,,,,
2024-10-18 00:00:00+00:00,25+ bps increase,,0.0025,0.005,,,,,,,,,,,,2024-11,2024-12,,,,,
2024-10-19 00:00:00+00:00,25+ bps increase,,0.0025,0.0055,,,,,,,,,,,,2024-11,2024-12,,,,,
2024-10-20 00:00:00+00:00,25+ bps increase,,0.0025,0.0055,,,,,,,,,,,,2024-11,2024-12,,,,,
2024-10-21 00:00:00+00:00,25+ bps increase,,0.0025,0.006,,,,,,,,,,,,2024-11,2024-12,,,,,
2024-10-22 00:00:00+00:00,25+ bps increase,,0.0025,0.006,,,,,,,,,,,,2024-11,2024-12,,,,,
2024-10-23 00:00:00+00:00,25+ bps increase,,0.002,0.005,,,,,,,,,,,,2024-11,2024-12,,,,,
2024-10-24 00:00:00+00:00,25+ bps increase,,0.002,0.005,,,,,,,,,,,,2024-11,2024-12,,,,,
2024-10-25 00:00:00+00:00,25+ bps increase,,0.002,0.005,,,,,,,,,,,,2024-11,2024-12,,,,,
2024-10-26 00:00:00+00:00,25+ bps increase,,0.0015,0.0045,,,,,,,,,,,,2024-11,2024-12,,,,,
2024-10-27 00:00:00+00:00,25+ bps increase,,0.002,0.004,,,,,,,,,,,,2024-11,2024-12,,,,,
2024-10-28 00:00:00+00:00,25+ bps increase,,0.0015,0.0065,,,,,,,,,,,,2024-11,2024-12,,,,,
2024-10-29 00:00:00+00:00,25+ bps increase,,0.002,0.0065,,,,,,,,,,,,2024-11,2024-12,,,,,
2024-10-30 00:00:00+00:00,25+ bps increase,,0.0015,0.007,,,,,,,,,,,,2024-11,2024-12,,,,,
2024-10-31 00:00:00+00:00,25+ bps increase,,0.002,0.007,,,,,,,,,,,,2024-11,2024-12,,,,,
2024-11-01 00:00:00+00:00,25+ bps increase,0.002,0.006,,,,,,,,,,,,2024-11,2024-12,,,,,,0.0
2024-11-02 00:00:00+00:00,25+ bps increase,0.0015,0.0055,,,,,,,,,,,,2024-11,2024-12,,,,,,0.0
2024-11-03 00:00:00+00:00,25+ bps increase,0.0025,0.005,,,,,,,,,,,,2024-11,2024-12,,,,,,0.0
2024-11-04 00:00:00+00:00,25+ bps increase,0.0015,0.004,,,,,,,,,,,,2024-11,2024-12,,,,,,0.0
2024-11-05 00:00:00+00:00,25+ bps increase,0.002,0.004,,,,,,,,,,,,2024-11,2024-12,,,,,,0.0
2024-11-06 00:00:00+00:00,25+ bps increase,0.0035,0.004,,,,,,,,,,,,2024-11,2024-12,,,,,,0.0
2024-11-07 00:00:00+00:00,25+ bps increase,0.003,0.003,,,,,,,,,,,,2024-11,2024-12,,,,,,0.0
2024-11-08 00:00:00+00:00,25+ bps increase,,0.0025,0.11,,,,,,,,,,,,2024-12,2025-01,,,,,
2024-11-09 00:00:00+00:00,25+ bps increase,,0.0025,0.009,,,,,,,,,,,,2024-12,2025-01,,,,,
2024-11-10 00:00:00+00:00,25+ bps increase,,0.0025,0.0075,,,,,,,,,,,,2024-12,2025-01,,,,,
2024-11-11 00:00:00+00:00,25+ bps increase,,0.0035,0.0075,,,,,,,,,,,,2024-12,2025-01,,,,,
2024-11-12 00:00:00+00:00,25+ bps increase,,0.0025,0.0095,,,,,,,,,,,,2024-12,2025-01,,,,,
2024-11-13 00:00:00+00:00,25+ bps increase,,0.0035,0.011,,,,,,,,,,,,2024-12,2025-01,,,,,
2024-11-14 00:00:00+00:00,25+ bps increase,,0.0035,0.0095,,,,,,,,,,,,2024-12,2025-01,,,,,
2024-11-15 00:00:00+00:00,25+ bps increase,,0.0025,0.0105,,,,,,,,,,,,2024-12,2025-01,,,,,
2024-11-16 00:00:00+00:00,25+ bps increase,,0.0045,0.0115,,,,,,,,,,,,2024-12,2025-01,,,,,
2024-11-17 00:00:00+00:00,25+ bps increase,,0.0045,0.0115,,,,,,,,,,,,2024-12,2025-01,,,,,
2024-11-18 00:00:00+00:00,25+ bps increase,,0.006,0.011,,,,,,,,,,,,2024-12,2025-01,,,,,
2024-11-19 00:00:00+00:00,25+ bps increase,,0.0035,0.011,,,,,,,,,,,,2024-12,2025-01,,,,,
2024-11-20 00:00:00+00:00,25+ bps increase,,0.0035,0.011,,,,,,,,,,,,2024-12,2025-01,,,,,
2024-11-21 00:00:00+00:00,25+ bps increase,,0.0035,0.012,,,,,,,,,,,,2024-12,2025-01,,,,,
2024-11-22 00:00:00+00:00,25+ bps increase,,0.0075,0.011,,,,,,,,,,,,2024-12,2025-01,,,,,
2024-11-23 00:00:00+00:00,25+ bps increase,,0.007,0.012,,,,,,,,,,,,2024-12,2025-01,,,,,
2024-11-24 00:00:00+00:00,25+ bps increase,,0.0055,0.0115,,,,,,,,,,,,2024-12,2025-01,,,,,
2024-11-25 00:00:00+00:00,25+ bps increase,,0.0055,0.011,,,,,,,,,,,,2024-12,2025-01,,,,,
2024-11-26 00:00:00+00:00,25+ bps increase,,0.0065,0.0115,,,,,,,,,,,,2024-12,2025-01,,,,,
2024-11-27 00:00:00+00:00,25+ bps increase,,0.0045,0.0115,,,,,,,,,,,,2024-12,2025-01,,,,,
2024-11-28 00:00:00+00:00,25+ bps increase,,0.0045,0.0115,,,,,,,,,,,,2024-12,2025-01,,,,,
2024-11-29 00:00:00+00:00,25+ bps increase,,0.0035,0.0105,,,,,,,,,,,,2024-12,2025-01,,,,,
2024-11-30 00:00:00+00:00,25+ bps increase,,0.0035,0.0105,,,,,,,,,,,,2024-12,2025-01,,,,,
2024-12-01 00:00:00+00:00,25+ bps increase,0.0035,0.0105,,,,,,,,,,,,2024-12,2025-01,,,,,,0.0
2024-12-02 00:00:00+00:00,25+ bps increase,0.0035,0.0105,,,,,,,,,,,,2024-12,2025-01,,,,,,0.0
2024-12-03 00:00:00+00:00,25+ bps increase,0.0035,0.0105,,,,,,,,,,,,2024-12,2025-01,,,,,,0.0
2024-12-04 00:00:00+00:00,25+ bps increase,0.0035,0.009,,,,,,,,,,,,2024-12,2025-01,,,,,,0.0
2024-12-05 00:00:00+00:00,25+ bps increase,0.0035,0.0135,,,,,,,,,,,,2024-12,2025-01,,,,,,0.0
2024-12-06 00:00:00+00:00,25+ bps increase,0.0035,0.009,,,,,,,,,,,,2024-12,2025-01,,,,,,0.0
2024-12-07 00:00:00+00:00,25+ bps increase,0.0035,0.0095,,,,,,,,,,,,2024-12,2025-01,,,,,,0.0
2024-12-08 00:00:00+00:00,25+ bps increase,0.0035,0.0085,,,,,,,,,,,,2024-12,2025-01,,,,,,0.0
2024-12-09 00:00:00+00:00,25+ bps increase,0.0035,0.0085,,,,,,,,,,,,2024-12,2025-01,,,,,,0.0
2024-12-10 00:00:00+00:00,25+ bps increase,0.0035,0.0105,,,,,,,,,,,,2024-12,2025-01,,,,,,0.0
2024-12-11 00:00:00+00:00,25+ bps increase,0.0025,0.0105,,,,,,,,,,,,2024-12,2025-01,,,,,,0.0
2024-12-12 00:00:00+00:00,25+ bps increase,0.0015,0.011,,,,,,,,,,,,2024-12,2025-01,,,,,,0.0
2024-12-13 00:00:00+00:00,25+ bps increase,0.0005,0.0095,,,,,,,,,,,,2024-12,2025-01,,,,,,0.0
2024-12-14 00:00:00+00:00,25+ bps increase,0.0005,0.01,,,,,,,,,,,,2024-12,2025-01,,,,,,0.0
2024-12-15 00:00:00+00:00,25+ bps increase,0.0005,0.009,,,,,,,,,,,,2024-12,2025-01,,,,,,0.0
2024-12-16 00:00:00+00:00,25+ bps increase,0.0005,0.008,,,,,,,,,,,,2024-12,2025-01,,,,,,0.0
2024-12-17 00:00:00+00:00,25+ bps increase,0.0005,0.0075,,,,,,,,,,,,2024-12,2025-01,,,,,,0.0
2024-12-18 00:00:00+00:00,25+ bps increase,0.0005,0.0065,,,,,,,,,,,,2024-12,2025-01,,,,,,0.0
2024-12-19 00:00:00+00:00,25+ bps increase,,0.006,,,,,,,,,,,,,2025-01,,,,,,
2024-12-20 00:00:00+00:00,25+ bps increase,,0.01,,,,,,,,,,,,,2025-01,,,,,,
2024-12-21 00:00:00+00:00,25+ bps increase,,0.014,,,,,,,,,,,,,2025-01,,,,,,
2024-12-22 00:00:00+00:00,25+ bps increase,,0.0095,,,,,,,,,,,,,2025-01,,,,,,
2024-12-23 00:00:00+00:00,25+ bps increase,,0.0095,,,,,,,,,,,,,2025-01,,,,,,
2024-12-24 00:00:00+00:00,25+ bps increase,,0.0065,,,,,,,,,,,,,2025-01,,,,,,
2024-12-25 00:00:00+00:00,25+ bps increase,,0.0055,,,,,,,,,,,,,2025-01,,,,,,
2024-12-26 00:00:00+00:00,25+ bps increase,,0.0055,,,,,,,,,,,,,2025-01,,,,,,
2024-12-27 00:00:00+00:00,25+ bps increase,,0.0045,,,,,,,,,,,,,2025-01,,,,,,
2024-12-28 00:00:00+00:00,25+ bps increase,,0.0045,,,,,,,,,,,,,2025-01,,,,,,
2024-12-29 00:00:00+00:00,25+ bps increase,,0.0045,,,,,,,,,,,,,2025-01,,,,,,
2024-12-30 00:00:00+00:00,25+ bps increase,,0.006,,,,,,,,,,,,,2025-01,,,,,,
2024-12-31 00:00:00+00:00,25+ bps increase,,0.005,,,,,,,,,,,,,2025-01,,,,,,
2025-01-01 00:00:00+00:00,25+ bps increase,0.0045,,,,,,,,,,,,,2025-01,,,,,,,0.0
2025-01-02 00:00:00+00:00,25+ bps increase,0.0045,,,,,,,,,,,,,2025-01,,,,,,,0.0
2025-01-03 00:00:00+00:00,25+ bps increase,0.0035,,,,,,,,,,,,,2025-01,,,,,,,0.0
2025-01-04 00:00:00+00:00,25+ bps increase,0.0035,,,,,,,,,,,,,2025-01,,,,,,,0.0
2025-01-05 00:00:00+00:00,25+ bps increase,0.0035,,,,,,,,,,,,,2025-01,,,,,,,0.0
2025-01-06 00:00:00+00:00,25+ bps increase,0.0045,,,,,,,,,,,,,2025-01,,,,,,,0.0
2025-01-07 00:00:00+00:00,25+ bps increase,0.0045,,,,,,,,,,,,,2025-01,,,,,,,0.0
2025-01-08 00:00:00+00:00,25+ bps increase,0.0045,,,,,,,,,,,,,2025-01,,,,,,,0.0
2025-01-09 00:00:00+00:00,25+ bps increase,0.0045,,,,,,,,,,,,,2025-01,,,,,,,0.0
2025-01-10 00:00:00+00:00,25+ bps increase,0.0045,,,,,,,,,,,,,2025-01,,,,,,,0.0
2025-01-11 00:00:00+00:00,25+ bps increase,0.0045,,,,,,,,,,,,,2025-01,,,,,,,0.0
2025-01-12 00:00:00+00:00,25+ bps increase,0.0045,,,,,,,,,,,,,2025-01,,,,,,,0.0
2025-01-13 00:00:00+00:00,25+ bps increase,0.0045,,,,,,,,,,,,,2025-01,,,,,,,0.0
2025-01-14 00:00:00+00:00,25+ bps increase,0.0045,,,,,,,,,,,,,2025-01,,,,,,,0.0
2025-01-15 00:00:00+00:00,25+ bps increase,0.0035,,,,,,,,,,,,,2025-01,,,,,,,0.0
2025-01-16 00:00:00+00:00,25+ bps increase,0.0035,,,,,,,,,,,,,2025-01,,,,,,,0.0
2025-01-17 00:00:00+00:00,25+ bps increase,0.0035,,,,,,,,,,,,,2025-01,,,,,,,0.0
2025-01-18 00:00:00+00:00,25+ bps increase,0.0035,,,,,,,,,,,,,2025-01,,,,,,,0.0
2025-01-19 00:00:00+00:00,25+ bps increase,0.0035,,,,,,,,,,,,,2025-01,,,,,,,0.0
2025-01-20 00:00:00+00:00,25+ bps increase,0.0035,,,,,,,,,,,,,2025-01,,,,,,,0.0
2025-01-21 00:00:00+00:00,25+ bps increase,0.0025,,,,,,,,,,,,,2025-01,,,,,,,0.0
2025-01-22 00:00:00+00:00,25+ bps increase,0.0025,,,,,,,,,,,,,2025-01,,,,,,,0.0
2025-01-23 00:00:00+00:00,25+ bps increase,0.0015,,,,,,,,,,,,,2025-01,,,,,,,0.0
2025-01-24 00:00:00+00:00,25+ bps increase,0.0015,,,,,,,,,,,,,2025-01,,,,,,,0.0
2025-01-25 00:00:00+00:00,25+ bps increase,0.0015,,,,,,,,,,,,,2025-01,,,,,,,0.0
2025-01-26 00:00:00+00:00,25+ bps increase,0.0015,,,,,,,,,,,,,2025-01,,,,,,,0.0
2025-01-27 00:00:00+00:00,25+ bps increase,0.0015,,,,,,,,,,,,,2025-01,,,,,,,0.0
2025-01-28 00:00:00+00:00,25+ bps increase,0.0015,,,,,,,,,,,,,2025-01,,,,,,,0.0
2025-01-29 00:00:00+00:00,25+ bps increase,0.0015,,,,,,,,,,,,,2025-01,,,,,,,0.0
2025-03-20 00:00:00+00:00,25+ bps increase,,,,,0.0355,,,,,,,,,,,,,2025-07,,,
2025-03-21 00:00:00+00:00,25+ bps increase,,,,,0.0375,,,,,,,,,,,,,2025-07,,,
2025-03-22 00:00:00+00:00,25+ bps increase,,,,,0.0225,,,,,,,,,,,,,2025-07,,,
2025-03-23 00:00:00+00:00,25+ bps increase,,,,,0.021,,,,,,,,,,,,,2025-07,,,
2025-03-24 00:00:00+00:00,25+ bps increase,,,,,0.0215,,,,,,,,,,,,,2025-07,,,
2025-03-25 00:00:00+00:00,25+ bps increase,,,,,0.0215,,,,,,,,,,,,,2025-07,,,
2025-03-26 00:00:00+00:00,25+ bps increase,,,,,0.0215,,,,,,,,,,,,,2025-07,,,
2025-03-27 00:00:00+00:00,25+ bps increase,,,,,0.019,,,,,,,,,,,,,2025-07,,,
2025-03-28 00:00:00+00:00,25+ bps increase,,,,,0.017,,,,,,,,,,,,,2025-07,,,
2025-03-29 00:00:00+00:00,25+ bps increase,,,,,0.018,,,,,,,,,,,,,2025-07,,,
2025-03-30 00:00:00+00:00,25+ bps increase,,,,,0.019,,,,,,,,,,,,,2025-07,,,
2025-03-31 00:00:00+00:00,25+ bps increase,,,,,0.0195,,,,,,,,,,,,,2025-07,,,
2025-04-01 00:00:00+00:00,25+ bps increase,,,,0.0195,,,,,,,,,,,,,2025-07,,,,
2025-04-02 00:00:00+00:00,25+ bps increase,,,,0.0165,,,,,,,,,,,,,2025-07,,,,
2025-04-03 00:00:00+00:00,25+ bps increase,,,,0.017,,,,,,,,,,,,,2025-07,,,,
2025-04-04 00:00:00+00:00,25+ bps increase,,,,0.0135,,,,,,,,,,,,,2025-07,,,,
2025-04-05 00:00:00+00:00,25+ bps increase,,,,0.016,,,,,,,,,,,,,2025-07,,,,
2025-04-06 00:00:00+00:00,25+ bps increase,,,,0.0165,,,,,,,,,,,,,2025-07,,,,
2025-04-07 00:00:00+00:00,25+ bps increase,,,,0.0195,,,,,,,,,,,,,2025-07,,,,
2025-04-08 00:00:00+00:00,25+ bps increase,,,,0.038,,,,,,,,,,,,,2025-07,,,,
2025-04-09 00:00:00+00:00,25+ bps increase,,,,0.0345,,,,,,,,,,,,,2025-07,,,,
2025-04-10 00:00:00+00:00,25+ bps increase,,,,0.034,,,,,,,,,,,,,2025-07,,,,
2025-04-11 00:00:00+00:00,25+ bps increase,,,,0.033,,,,,,,,,,,,,2025-07,,,,
2025-04-12 00:00:00+00:00,25+ bps increase,,,,0.0345,,,,,,,,,,,,,2025-07,,,,
2025-04-13 00:00:00+00:00,25+ bps increase,,,,0.035,,,,,,,,,,,,,2025-07,,,,
2025-04-14 00:00:00+00:00,25+ bps increase,,,,0.038,,,,,,,,,,,,,2025-07,,,,
2025-04-15 00:00:00+00:00,25+ bps increase,,,,0.0335,,,,,,,,,,,,,2025-07,,,,
2025-04-16 00:00:00+00:00,25+ bps increase,,,,0.034,,,,,,,,,,,,,2025-07,,,,
2025-04-17 00:00:00+00:00,25+ bps increase,,,,0.0335,,,,,,,,,,,,,2025-07,,,,
2025-04-18 00:00:00+00:00,25+ bps increase,,,,0.0335,,,,,,,,,,,,,2025-07,,,,
2025-04-19 00:00:00+00:00,25+ bps increase,,,,0.0335,,,,,,,,,,,,,2025-07,,,,
2025-04-20 00:00:00+00:00,25+ bps increase,,,,0.0335,,,,,,,,,,,,,2025-07,,,,
2025-04-21 00:00:00+00:00,25+ bps increase,,,,0.032,,,,,,,,,,,,,2025-07,,,,
2025-04-22 00:00:00+00:00,25+ bps increase,,,,0.032,,,,,,,,,,,,,2025-07,,,,
2025-04-23 00:00:00+00:00,25+ bps increase,,,,0.031,,,,,,,,,,,,,2025-07,,,,
2025-04-24 00:00:00+00:00,25+ bps increase,,,,0.0305,,,,,,,,,,,,,2025-07,,,,
2025-04-25 00:00:00+00:00,25+ bps increase,,,,0.029,,,,,,,,,,,,,2025-07,,,,
2025-04-26 00:00:00+00:00,25+ bps increase,,,,0.025,,,,,,,,,,,,,2025-07,,,,
2025-04-27 00:00:00+00:00,25+ bps increase,,,,0.025,,,,,,,,,,,,,2025-07,,,,
2025-04-28 00:00:00+00:00,25+ bps increase,,,,0.0285,,,,,,,,,,,,,2025-07,,,,
2025-04-29 00:00:00+00:00,25+ bps increase,,,,0.0235,,,,,,,,,,,,,2025-07,,,,
2025-04-30 00:00:00+00:00,25+ bps increase,,,,0.028,,,,,,,,,,,,,2025-07,,,,
2025-05-01 00:00:00+00:00,25+ bps increase,,,0.026,,,,,,,,,,,,,2025-07,,,,,
2025-05-02 00:00:00+00:00,25+ bps increase,,,0.0275,,,,,,,,,,,,,2025-07,,,,,
2025-05-03 00:00:00+00:00,25+ bps increase,,,0.028,,,,,,,,,,,,,2025-07,,,,,
2025-05-04 00:00:00+00:00,25+ bps increase,,,0.028,,,,,,,,,,,,,2025-07,,,,,
2025-05-05 00:00:00+00:00,25+ bps increase,,,0.0245,,,,,,,,,,,,,2025-07,,,,,
2025-05-06 00:00:00+00:00,25+ bps increase,,,0.0255,,,,,,,,,,,,,2025-07,,,,,
2025-05-07 00:00:00+00:00,25+ bps increase,,,0.024,,,,,,,,,,,,,2025-07,,,,,
2025-05-08 00:00:00+00:00,25+ bps increase,,,0.0255,,0.02,,,,,,,,,,,2025-07,,2025-09,,,
2025-05-09 00:00:00+00:00,25+ bps increase,,,0.024,,0.0285,,,,,,,,,,,2025-07,,2025-09,,,
2025-05-10 00:00:00+00:00,25+ bps increase,,,0.019,,0.0295,,,,,,,,,,,2025-07,,2025-09,,,
2025-05-11 00:00:00+00:00,25+ bps increase,,,0.018,,0.0155,,,,,,,,,,,2025-07,,2025-09,,,
2025-05-12 00:00:00+00:00,25+ bps increase,,,0.017,,0.0175,,,,,,,,,,,2025-07,,2025-09,,,
2025-05-13 00:00:00+00:00,25+ bps increase,,,0.018,,0.0205,,,,,,,,,,,2025-07,,2025-09,,,
2025-05-14 00:00:00+00:00,25+ bps increase,,,0.019,,0.04,,,,,,,,,,,2025-07,,2025-09,,,
2025-05-15 00:00:00+00:00,25+ bps increase,,,0.018,,0.038,,,,,,,,,,,2025-07,,2025-09,,,
2025-05-16 00:00:00+00:00,25+ bps increase,,,0.0155,,0.035,,,,,,,,,,,2025-07,,2025-09,,,
2025-05-17 00:00:00+00:00,25+ bps increase,,,0.016,,0.035,,,,,,,,,,,2025-07,,2025-09,,,
2025-05-18 00:00:00+00:00,25+ bps increase,,,0.015,,0.035,,,,,,,,,,,2025-07,,2025-09,,,
2025-05-19 00:00:00+00:00,25+ bps increase,,,0.0115,,0.0365,,,,,,,,,,,2025-07,,2025-09,,,
2025-05-20 00:00:00+00:00,25+ bps increase,,,0.013,,0.026,,,,,,,,,,,2025-07,,2025-09,,,
2025-05-21 00:00:00+00:00,25+ bps increase,,,0.014,,0.0295,,,,,,,,,,,2025-07,,2025-09,,,
2025-05-22 00:00:00+00:00,25+ bps increase,,,0.022,,0.045,,,,,,,,,,,2025-07,,2025-09,,,
2025-05-23 00:00:00+00:00,25+ bps increase,,,0.017,,0.0405,,,,,,,,,,,2025-07,,2025-09,,,
2025-05-24 00:00:00+00:00,25+ bps increase,,,0.017,,0.0355,,,,,,,,,,,2025-07,,2025-09,,,
2025-05-25 00:00:00+00:00,25+ bps increase,,,0.017,,0.0385,,,,,,,,,,,2025-07,,2025-09,,,
2025-05-26 00:00:00+00:00,25+ bps increase,,,0.0165,,0.0355,,,,,,,,,,,2025-07,,2025-09,,,
2025-05-27 00:00:00+00:00,25+ bps increase,,,0.0165,,0.0355,,,,,,,,,,,2025-07,,2025-09,,,
2025-05-28 00:00:00+00:00,25+ bps increase,,,0.015,,0.0295,,,,,,,,,,,2025-07,,2025-09,,,
2025-05-29 00:00:00+00:00,25+ bps increase,,,0.0145,,0.029,,,,,,,,,,,2025-07,,2025-09,,,
2025-05-30 00:00:00+00:00,25+ bps increase,,,0.014,,0.029,,,,,,,,,,,2025-07,,2025-09,,,
2025-05-31 00:00:00+00:00,25+ bps increase,,,0.0105,,0.0275,,,,,,,,,,,2025-07,,2025-09,,,
2025-06-01 00:00:00+00:00,25+ bps increase,,0.011,,0.027,,,,,,,,,,,2025-07,,2025-09,,,,
2025-06-02 00:00:00+00:00,25+ bps increase,,0.012,,0.026,,,,,,,,,,,2025-07,,2025-09,,,,
2025-06-03 00:00:00+00:00,25+ bps increase,,0.013,,0.0245,,,,,,,,,,,2025-07,,2025-09,,,,
2025-06-04 00:00:00+00:00,25+ bps increase,,0.0075,,0.0185,,,,,,,,,,,2025-07,,2025-09,,,,
2025-06-05 00:00:00+00:00,25+ bps increase,,0.0065,,0.014,,,,,,,,,,,2025-07,,2025-09,,,,
2025-06-06 00:00:00+00:00,25+ bps increase,,0.0065,,0.0135,,,,,,,,,,,2025-07,,2025-09,,,,
2025-06-07 00:00:00+00:00,25+ bps increase,,0.0085,,0.0085,,,,,,,,,,,2025-07,,2025-09,,,,
2025-06-08 00:00:00+00:00,25+ bps increase,,0.0085,,0.0095,,,,,,,,,,,2025-07,,2025-09,,,,
2025-06-09 00:00:00+00:00,25+ bps increase,,0.0075,,0.0085,,,,,,,,,,,2025-07,,2025-09,,,,
2025-06-10 00:00:00+00:00,25+ bps increase,,0.008,,0.0095,,,,,,,,,,,2025-07,,2025-09,,,,
2025-06-11 00:00:00+00:00,25+ bps increase,,0.0075,,0.0095,,,,,,,,,,,2025-07,,2025-09,,,,
2025-06-12 00:00:00+00:00,25+ bps increase,,0.0075,,0.0085,,,,,,,,,,,2025-07,,2025-09,,,,
2025-06-13 00:00:00+00:00,25+ bps increase,,0.0065,,0.0065,,,,,,,,,,,2025-07,,2025-09,,,,
2025-06-14 00:00:00+00:00,25+ bps increase,,0.0065,,0.0075,,,,,,,,,,,2025-07,,2025-09,,,,
2025-06-15 00:00:00+00:00,25+ bps increase,,0.0065,,0.01,,,,,,,,,,,2025-07,,2025-09,,,,
2025-06-16 00:00:00+00:00,25+ bps increase,,0.0065,,0.011,,,,,,,,,,,2025-07,,2025-09,,,,
2025-06-17 00:00:00+00:00,25+ bps increase,,0.007,,0.0115,,,,,,,,,,,2025-07,,2025-09,,,,
2025-06-18 00:00:00+00:00,25+ bps increase,,0.0085,,0.0115,,,,,,,,,,,2025-07,,2025-09,,,,
2025-06-19 00:00:00+00:00,25+ bps increase,,0.0065,,0.0115,,,,,,,,,,,2025-07,,2025-09,,,,
2025-06-20 00:00:00+00:00,25+ bps increase,,0.0065,,0.009,0.011,,,,,,,,,,2025-07,,2025-09,2025-10,,,
2025-06-21 00:00:00+00:00,25+ bps increase,,0.0065,,0.007,0.024,,,,,,,,,,2025-07,,2025-09,2025-10,,,
2025-06-22 00:00:00+00:00,25+ bps increase,,0.0065,,0.0075,0.024,,,,,,,,,,2025-07,,2025-09,2025-10,,,
2025-06-23 00:00:00+00:00,25+ bps increase,,0.0055,,0.0085,0.0245,,,,,,,,,,2025-07,,2025-09,2025-10,,,
2025-06-24 00:00:00+00:00,25+ bps increase,,0.0065,,0.0085,0.023,,,,,,,,,,2025-07,,2025-09,2025-10,,,
2025-06-25 00:00:00+00:00,25+ bps increase,,0.0045,,0.0065,0.022,,,,,,,,,,2025-07,,2025-09,2025-10,,,
2025-06-26 00:00:00+00:00,25+ bps increase,,0.0055,,0.0065,0.0225,,,,,,,,,,2025-07,,2025-09,2025-10,,,
2025-06-27 00:00:00+00:00,25+ bps increase,,0.0055,,0.0065,0.024,,,,,,,,,,2025-07,,2025-09,2025-10,,,
2025-06-28 00:00:00+00:00,25+ bps increase,,0.0055,,0.009,0.023,,,,,,,,,,2025-07,,2025-09,2025-10,,,
2025-06-29 00:00:00+00:00,25+ bps increase,,0.0055,,0.0085,0.0225,,,,,,,,,,2025-07,,2025-09,2025-10,,,
2025-06-30 00:00:00+00:00,25+ bps increase,,0.0065,,0.0085,0.023,,,,,,,,,,2025-07,,2025-09,2025-10,,,
2025-07-01 00:00:00+00:00,25+ bps increase,0.0065,,0.008,0.0235,,,,,,,,,,2025-07,,2025-09,2025-10,,,,0.0
2025-07-02 00:00:00+00:00,25+ bps increase,0.0045,,0.0065,0.0195,,,,,,,,,,2025-07,,2025-09,2025-10,,,,0.0
2025-07-03 00:00:00+00:00,25+ bps increase,0.0055,,0.0085,0.016,,,,,,,,,,2025-07,,2025-09,2025-10,,,,0.0
2025-07-04 00:00:00+00:00,25+ bps increase,0.0045,,0.008,0.0165,,,,,,,,,,2025-07,,2025-09,2025-10,,,,0.0
2025-07-05 00:00:00+00:00,25+ bps increase,0.0035,,0.009,0.0155,,,,,,,,,,2025-07,,2025-09,2025-10,,,,0.0
2025-07-06 00:00:00+00:00,25+ bps increase,0.0025,,0.0085,0.016,,,,,,,,,,2025-07,,2025-09,2025-10,,,,0.0
2025-07-07 00:00:00+00:00,25+ bps increase,0.0025,,0.0085,0.016,,,,,,,,,,2025-07,,2025-09,2025-10,,,,0.0
2025-07-08 00:00:00+00:00,25+ bps increase,0.0035,,0.0095,0.018,,,,,,,,,,2025-07,,2025-09,2025-10,,,,0.0
2025-07-09 00:00:00+00:00,25+ bps increase,0.0035,,0.0095,0.0215,,,,,,,,,,2025-07,,2025-09,2025-10,,,,0.0
2025-07-10 00:00:00+00:00,25+ bps increase,0.0025,,0.0075,0.0245,,,,,,,,,,2025-07,,2025-09,2025-10,,,,0.0
2025-07-11 00:00:00+00:00,25+ bps increase,0.0035,,0.008,0.0225,,,,,,,,,,2025-07,,2025-09,2025-10,,,,0.0
2025-07-12 00:00:00+00:00,25+ bps increase,0.0035,,0.0105,0.0225,,,,,,,,,,2025-07,,2025-09,2025-10,,,,0.0
2025-07-13 00:00:00+00:00,25+ bps increase,0.0035,,0.01,0.0225,,,,,,,,,,2025-07,,2025-09,2025-10,,,,0.0
2025-07-14 00:00:00+00:00,25+ bps increase,0.0035,,0.0085,0.0225,,,,,,,,,,2025-07,,2025-09,2025-10,,,,0.0
2025-07-15 00:00:00+00:00,25+ bps increase,0.0035,,0.0085,0.024,,,,,,,,,,2025-07,,2025-09,2025-10,,,,0.0
2025-07-16 00:00:00+00:00,25+ bps increase,0.0035,,0.0115,0.0235,,,,,,,,,,2025-07,,2025-09,2025-10,,,,0.0
2025-07-17 00:00:00+00:00,25+ bps increase,0.0025,,0.0095,0.0265,,,,,,,,,,2025-07,,2025-09,2025-10,,,,0.0
2025-07-18 00:00:00+00:00,25+ bps increase,0.0025,,0.008,0.0175,,,,,,,,,,2025-07,,2025-09,2025-10,,,,0.0
2025-07-19 00:00:00+00:00,25+ bps increase,0.0025,,0.008,0.017,,,,,,,,,,2025-07,,2025-09,2025-10,,,,0.0
2025-07-20 00:00:00+00:00,25+ bps increase,0.0025,,0.0075,0.017,,,,,,,,,,2025-07,,2025-09,2025-10,,,,0.0
2025-07-21 00:00:00+00:00,25+ bps increase,0.0015,,0.0075,0.017,,,,,,,,,,2025-07,,2025-09,2025-10,,,,0.0
2025-07-22 00:00:00+00:00,25+ bps increase,0.0015,,0.0075,0.0205,,,,,,,,,,2025-07,,2025-09,2025-10,,,,0.0
2025-07-23 00:00:00+00:00,25+ bps increase,0.0015,,0.008,0.0205,,,,,,,,,,2025-07,,2025-09,2025-10,,,,0.0
2025-07-24 00:00:00+00:00,25+ bps increase,0.0015,,0.0075,0.0205,,,,,,,,,,2025-07,,2025-09,2025-10,,,,0.0
2025-07-25 00:00:00+00:00,25+ bps increase,0.0005,,0.0065,0.0205,,,,,,,,,,2025-07,,2025-09,2025-10,,,,0.0
2025-07-26 00:00:00+00:00,25+ bps increase,0.0005,,0.0065,0.02,,,,,,,,,,2025-07,,2025-09,2025-10,,,,0.0
2025-07-27 00:00:00+00:00,25+ bps increase,0.0005,,0.0065,0.0195,,,,,,,,,,2025-07,,2025-09,2025-10,,,,0.0
2025-07-28 00:00:00+00:00,25+ bps increase,0.0005,,0.0065,0.0195,,,,,,,,,,2025-07,,2025-09,2025-10,,,,0.0
2025-07-29 00:00:00+00:00,25+ bps increase,0.0005,,0.0065,0.019,,,,,,,,,,2025-07,,2025-09,2025-10,,,,0.0
2025-07-30 00:00:00+00:00,25+ bps increase,0.0005,,0.0065,0.019,,,,,,,,,,2025-07,,2025-09,2025-10,,,,0.0
2025-07-31 00:00:00+00:00,25+ bps increase,,,0.0065,0.0205,,,,,,,,,,,,2025-09,2025-10,,,,
2025-08-01 00:00:00+00:00,25+ bps increase,,0.0075,0.017,,0.06,,,,,,,,,,2025-09,2025-10,,2025-12,,,
2025-08-02 00:00:00+00:00,25+ bps increase,,0.006,0.0165,,0.03,,,,,,,,,,2025-09,2025-10,,2025-12,,,
2025-08-03 00:00:00+00:00,25+ bps increase,,0.0055,0.017,,0.0295,,,,,,,,,,2025-09,2025-10,,2025-12,,,
2025-08-04 00:00:00+00:00,25+ bps increase,,0.0055,0.0175,,0.029,,,,,,,,,,2025-09,2025-10,,2025-12,,,
2025-08-05 00:00:00+00:00,25+ bps increase,,0.0055,0.017,,0.026,,,,,,,,,,2025-09,2025-10,,2025-12,,,
2025-08-06 00:00:00+00:00,25+ bps increase,,0.0055,0.017,,0.027,,,,,,,,,,2025-09,2025-10,,2025-12,,,
2025-08-07 00:00:00+00:00,25+ bps increase,,0.0055,0.0165,,0.0285,,,,,,,,,,2025-09,2025-10,,2025-12,,,
2025-08-08 00:00:00+00:00,25+ bps increase,,0.0055,0.0185,,0.029,,,,,,,,,,2025-09,2025-10,,2025-12,,,
2025-08-09 00:00:00+00:00,25+ bps increase,,0.0065,0.0185,,0.028,,,,,,,,,,2025-09,2025-10,,2025-12,,,
2025-08-10 00:00:00+00:00,25+ bps increase,,0.0055,0.019,,0.027,,,,,,,,,,2025-09,2025-10,,2025-12,,,
2025-08-11 00:00:00+00:00,25+ bps increase,,0.0055,0.0175,,0.027,,,,,,,,,,2025-09,2025-10,,2025-12,,,
2025-08-12 00:00:00+00:00,25+ bps increase,,0.0055,0.0175,,0.027,,,,,,,,,,2025-09,2025-10,,2025-12,,,
2025-08-13 00:00:00+00:00,25+ bps increase,,0.0055,0.016,,0.0195,,,,,,,,,,2025-09,2025-10,,2025-12,,,
2025-08-14 00:00:00+00:00,25+ bps increase,,0.0045,0.0165,,0.015,,,,,,,,,,2025-09,2025-10,,2025-12,,,
2025-08-15 00:00:00+00:00,25+ bps increase,,0.0045,0.0175,,0.018,,,,,,,,,,2025-09,2025-10,,2025-12,,,
2025-08-16 00:00:00+00:00,25+ bps increase,,0.0045,0.018,,0.0165,,,,,,,,,,2025-09,2025-10,,2025-12,,,
2025-08-17 00:00:00+00:00,25+ bps increase,,0.0055,0.0165,,0.0185,,,,,,,,,,2025-09,2025-10,,2025-12,,,
2025-08-18 00:00:00+00:00,25+ bps increase,,0.0055,0.0145,,0.0185,,,,,,,,,,2025-09,2025-10,,2025-12,,,
2025-08-19 00:00:00+00:00,25+ bps increase,,0.0055,0.0145,,0.018,,,,,,,,,,2025-09,2025-10,,2025-12,,,
2025-08-20 00:00:00+00:00,25+ bps increase,,0.0045,0.0145,,0.018,,,,,,,,,,2025-09,2025-10,,2025-12,,,
2025-08-21 00:00:00+00:00,25+ bps increase,,0.0045,0.0135,,0.0155,,,,,,,,,,2025-09,2025-10,,2025-12,,,
2025-08-22 00:00:00+00:00,25+ bps increase,,0.0105,0.0165,,0.0235,,,,,,,,,,2025-09,2025-10,,2025-12,,,
2025-08-23 00:00:00+00:00,25+ bps increase,,0.0025,0.0095,,0.014,,,,,,,,,,2025-09,2025-10,,2025-12,,,
2025-08-24 00:00:00+00:00,25+ bps increase,,0.0035,0.0095,,0.0135,,,,,,,,,,2025-09,2025-10,,2025-12,,,
2025-08-25 00:00:00+00:00,25+ bps increase,,0.0035,0.0095,,0.0145,,,,,,,,,,2025-09,2025-10,,2025-12,,,
2025-08-26 00:00:00+00:00,25+ bps increase,,0.0055,0.0095,,0.0135,,,,,,,,,,2025-09,2025-10,,2025-12,,,
2025-08-27 00:00:00+00:00,25+ bps increase,,0.0045,0.0095,,0.0155,,,,,,,,,,2025-09,2025-10,,2025-12,,,
2025-08-28 00:00:00+00:00,25+ bps increase,,0.0065,0.0095,,0.0145,,,,,,,,,,2025-09,2025-10,,2025-12,,,
2025-08-29 00:00:00+00:00,25+ bps increase,,0.0055,0.0095,,0.0145,,,,,,,,,,2025-09,2025-10,,2025-12,,,
2025-08-30 00:00:00+00:00,25+ bps increase,,0.0055,0.0095,,0.0145,,,,,,,,,,2025-09,2025-10,,2025-12,,,
2025-08-31 00:00:00+00:00,25+ bps increase,,0.0055,0.0095,,0.015,,,,,,,,,,2025-09,2025-10,,2025-12,,,
2025-09-01 00:00:00+00:00,25+ bps increase,0.0055,0.0095,,0.015,,,,,,,,,,2025-09,2025-10,,2025-12,,,,0.0
2025-09-02 00:00:00+00:00,25+ bps increase,0.0045,0.0085,,0.015,,,,,,,,,,2025-09,2025-10,,2025-12,,,,0.0
2025-09-03 00:00:00+00:00,25+ bps increase,0.0035,0.0085,,0.0145,,,,,,,,,,2025-09,2025-10,,2025-12,,,,0.0
2025-09-04 00:00:00+00:00,25+ bps increase,0.0035,0.0085,,0.0155,,,,,,,,,,2025-09,2025-10,,2025-12,,,,0.0
2025-09-05 00:00:00+00:00,25+ bps increase,0.0035,0.0085,,0.0165,,,,,,,,,,2025-09,2025-10,,2025-12,,,,0.0
2025-09-06 00:00:00+00:00,25+ bps increase,0.0025,0.0085,,0.0075,,,,,,,,,,2025-09,2025-10,,2025-12,,,,0.0
2025-09-07 00:00:00+00:00,25+ bps increase,0.0025,0.0085,,0.007,,,,,,,,,,2025-09,2025-10,,2025-12,,,,0.0
2025-09-08 00:00:00+00:00,25+ bps increase,0.0025,0.0085,,0.0115,,,,,,,,,,2025-09,2025-10,,2025-12,,,,0.0
2025-09-09 00:00:00+00:00,25+ bps increase,0.0025,0.0085,,0.011,,,,,,,,,,2025-09,2025-10,,2025-12,,,,0.0
2025-09-10 00:00:00+00:00,25+ bps increase,0.0025,0.0095,,0.0095,,,,,,,,,,2025-09,2025-10,,2025-12,,,,0.0
2025-09-11 00:00:00+00:00,25+ bps increase,0.0015,0.0085,,0.0095,,,,,,,,,,2025-09,2025-10,,2025-12,,,,0.0
2025-09-12 00:00:00+00:00,25+ bps increase,0.0015,0.0085,,0.0075,,,,,,,,,,2025-09,2025-10,,2025-12,,,,0.0
2025-09-13 00:00:00+00:00,25+ bps increase,0.0015,0.0085,,0.0075,,,,,,,,,,2025-09,2025-10,,2025-12,,,,0.0
2025-09-14 00:00:00+00:00,25+ bps increase,0.0015,0.0085,,0.007,,,,,,,,,,2025-09,2025-10,,2025-12,,,,0.0
2025-09-15 00:00:00+00:00,25+ bps increase,0.0015,0.0085,,0.0065,,,,,,,,,,2025-09,2025-10,,2025-12,,,,0.0
2025-09-16 00:00:00+00:00,25+ bps increase,0.0015,0.0085,,0.0075,,,,,,,,,,2025-09,2025-10,,2025-12,,,,0.0
2025-09-17 00:00:00+00:00,25+ bps increase,0.0005,0.0085,,0.01,,,,,,,,,,2025-09,2025-10,,2025-12,,,,0.0
2025-09-18 00:00:00+00:00,25+ bps increase,,0.0075,,0.013,0.033,,,,,,,,,,2025-10,,2025-12,2026-01,,,
2025-09-19 00:00:00+00:00,25+ bps increase,,0.0065,,0.0095,0.0425,,,,,,,,,,2025-10,,2025-12,2026-01,,,
2025-09-20 00:00:00+00:00,25+ bps increase,,0.0055,,0.0095,0.0255,,,,,,,,,,2025-10,,2025-12,2026-01,,,
2025-09-21 00:00:00+00:00,25+ bps increase,,0.0055,,0.009,0.026,,,,,,,,,,2025-10,,2025-12,2026-01,,,
2025-09-22 00:00:00+00:00,25+ bps increase,,0.0055,,0.009,0.027,,,,,,,,,,2025-10,,2025-12,2026-01,,,
2025-09-23 00:00:00+00:00,25+ bps increase,,0.0055,,0.0085,0.0325,,,,,,,,,,2025-10,,2025-12,2026-01,,,
2025-09-24 00:00:00+00:00,25+ bps increase,,0.0055,,0.0095,0.0315,,,,,,,,,,2025-10,,2025-12,2026-01,,,
2025-09-25 00:00:00+00:00,25+ bps increase,,0.0055,,0.0095,0.0275,,,,,,,,,,2025-10,,2025-12,2026-01,,,
2025-09-26 00:00:00+00:00,25+ bps increase,,0.0055,,0.0095,0.022,,,,,,,,,,2025-10,,2025-12,2026-01,,,
2025-09-27 00:00:00+00:00,25+ bps increase,,0.0055,,0.0095,0.02,,,,,,,,,,2025-10,,2025-12,2026-01,,,
2025-09-28 00:00:00+00:00,25+ bps increase,,0.0055,,0.0095,0.0175,,,,,,,,,,2025-10,,2025-12,2026-01,,,
2025-09-29 00:00:00+00:00,25+ bps increase,,0.0055,,0.0095,0.0165,,,,,,,,,,2025-10,,2025-12,2026-01,,,
2025-09-30 00:00:00+00:00,25+ bps increase,,0.0055,,0.0095,0.0145,,,,,,,,,,2025-10,,2025-12,2026-01,,,
2025-10-01 00:00:00+00:00,25+ bps increase,0.0055,,0.0095,0.0105,,,,,,,,,,2025-10,,2025-12,2026-01,,,,0.0
2025-10-02 00:00:00+00:00,25+ bps increase,0.0055,,0.0095,0.0085,,,,,,,,,,2025-10,,2025-12,2026-01,,,,0.0
2025-10-03 00:00:00+00:00,25+ bps increase,0.0055,,0.0095,0.0075,,,,,,,,,,2025-10,,2025-12,2026-01,,,,0.0
2025-10-04 00:00:00+00:00,25+ bps increase,0.0045,,0.0095,0.0075,,,,,,,,,,2025-10,,2025-12,2026-01,,,,0.0
2025-10-05 00:00:00+00:00,25+ bps increase,0.0045,,0.0095,0.0075,,,,,,,,,,2025-10,,2025-12,2026-01,,,,0.0
2025-10-06 00:00:00+00:00,25+ bps increase,0.0045,,0.0095,0.0075,,,,,,,,,,2025-10,,2025-12,2026-01,,,,0.0
2025-10-07 00:00:00+00:00,25+ bps increase,0.0045,,0.0095,0.0075,,,,,,,,,,2025-10,,2025-12,2026-01,,,,0.0
2025-10-08 00:00:00+00:00,25+ bps increase,0.0035,,0.0095,0.0095,,,,,,,,,,2025-10,,2025-12,2026-01,,,,0.0
2025-10-09 00:00:00+00:00,25+ bps increase,0.0035,,0.0095,0.01,,,,,,,,,,2025-10,,2025-12,2026-01,,,,0.0
2025-10-10 00:00:00+00:00,25+ bps increase,0.0025,,0.0095,0.0105,,,,,,,,,,2025-10,,2025-12,2026-01,,,,0.0
2025-10-11 00:00:00+00:00,25+ bps increase,0.0025,,0.0095,0.009,,,,,,,,,,2025-10,,2025-12,2026-01,,,,0.0
2025-10-12 00:00:00+00:00,25+ bps increase,0.0025,,0.0095,0.0095,,,,,,,,,,2025-10,,2025-12,2026-01,,,,0.0
2025-10-13 00:00:00+00:00,25+ bps increase,0.0025,,0.0095,0.009,,,,,,,,,,2025-10,,2025-12,2026-01,,,,0.0
2025-10-14 00:00:00+00:00,25+ bps increase,0.0025,,0.0095,0.0095,,,,,,,,,,2025-10,,2025-12,2026-01,,,,0.0
2025-10-15 00:00:00+00:00,25+ bps increase,0.0025,,0.0095,0.0125,,,,,,,,,,2025-10,,2025-12,2026-01,,,,0.0
2025-10-16 00:00:00+00:00,25+ bps increase,0.0025,,0.0095,0.01,,,,,,,,,,2025-10,,2025-12,2026-01,,,,0.0
2025-10-17 00:00:00+00:00,25+ bps increase,0.0025,,0.0095,0.0085,,,,,,,,,,2025-10,,2025-12,2026-01,,,,0.0
2025-10-18 00:00:00+00:00,25+ bps increase,0.0025,,0.0095,0.012,,,,,,,,,,2025-10,,2025-12,2026-01,,,,0.0
2025-10-19 00:00:00+00:00,25+ bps increase,0.0025,,0.0095,0.0085,,,,,,,,,,2025-10,,2025-12,2026-01,,,,0.0
2025-10-20 00:00:00+00:00,25+ bps increase,0.0025,,0.0095,0.0085,,,,,,,,,,2025-10,,2025-12,2026-01,,,,0.0
2025-10-21 00:00:00+00:00,25+ bps increase,0.0025,,0.0095,0.024,,,,,,,,,,2025-10,,2025-12,2026-01,,,,0.0
2025-10-22 00:00:00+00:00,25+ bps increase,0.0015,,0.0095,0.0105,,,,,,,,,,2025-10,,2025-12,2026-01,,,,0.0
2025-10-23 00:00:00+00:00,25+ bps increase,0.0015,,0.0095,0.0105,,,,,,,,,,2025-10,,2025-12,2026-01,,,,0.0
2025-10-24 00:00:00+00:00,25+ bps increase,0.0015,,0.0095,0.013,,,,,,,,,,2025-10,,2025-12,2026-01,,,,0.0
2025-10-25 00:00:00+00:00,25+ bps increase,0.0015,,0.0095,0.0115,,,,,,,,,,2025-10,,2025-12,2026-01,,,,0.0
2025-10-26 00:00:00+00:00,25+ bps increase,0.0015,,0.0095,0.0105,,,,,,,,,,2025-10,,2025-12,2026-01,,,,0.0
2025-10-27 00:00:00+00:00,25+ bps increase,0.0005,,0.0095,0.0095,,,,,,,,,,2025-10,,2025-12,2026-01,,,,0.0
2025-10-28 00:00:00+00:00,25+ bps increase,0.0005,,0.0095,0.01,,,,,,,,,,2025-10,,2025-12,2026-01,,,,0.0
2025-10-29 00:00:00+00:00,25+ bps increase,0.0005,,0.0095,0.0195,,,,,,,,,,2025-10,,2025-12,2026-01,,,,0.0
2025-10-30 00:00:00+00:00,25+ bps increase,0.0005,,0.0085,0.0175,,0.16,,,,,,,,2025-10,,2025-12,2026-01,,2026-03,,0.0
2025-10-31 00:00:00+00:00,25+ bps increase,0.0005,,0.0105,0.022,,0.04,,,,,,,,2025-10,,2025-12,2026-01,,2026-03,,0.0
2025-11-01 00:00:00+00:00,25+ bps increase,,0.0125,0.0215,,0.04,,,,,,,,,,2025-12,2026-01,,2026-03,,,
2025-11-02 00:00:00+00:00,25+ bps increase,,0.0125,0.017,,0.055,,,,,,,,,,2025-12,2026-01,,2026-03,,,
2025-11-03 00:00:00+00:00,25+ bps increase,,0.0115,0.017,,0.05,,,,,,,,,,2025-12,2026-01,,2026-03,,,
2025-11-04 00:00:00+00:00,25+ bps increase,,0.0115,0.017,,0.045,,,,,,,,,,2025-12,2026-01,,2026-03,,,
2025-11-05 00:00:00+00:00,25+ bps increase,,0.0115,0.0175,,0.045,,,,,,,,,,2025-12,2026-01,,2026-03,,,
2025-11-06 00:00:00+00:00,25+ bps increase,,0.0115,0.021,,0.06,,,,,,,,,,2025-12,2026-01,,2026-03,,,
2025-11-07 00:00:00+00:00,25+ bps increase,,0.0125,0.02,,0.055,,,,,,,,,,2025-12,2026-01,,2026-03,,,
2025-11-08 00:00:00+00:00,25+ bps increase,,0.0145,0.0195,,0.055,,,,,,,,,,2025-12,2026-01,,2026-03,,,
2025-11-09 00:00:00+00:00,25+ bps increase,,0.0135,0.0255,,0.06,,,,,,,,,,2025-12,2026-01,,2026-03,,,
2025-11-10 00:00:00+00:00,25+ bps increase,,0.0045,0.0145,,0.055,,,,,,,,,,2025-12,2026-01,,2026-03,,,
2025-11-11 00:00:00+00:00,25+ bps increase,,0.0055,0.0205,,0.045,,,,,,,,,,2025-12,2026-01,,2026-03,,,
2025-11-12 00:00:00+00:00,25+ bps increase,,0.0055,0.0145,,0.045,,,,,,,,,,2025-12,2026-01,,2026-03,,,
2025-11-13 00:00:00+00:00,25+ bps increase,,0.0055,0.0145,,0.045,,,,,,,,,,2025-12,2026-01,,2026-03,,,
2025-11-14 00:00:00+00:00,25+ bps increase,,0.0055,0.0155,,0.045,0.05,,,,,,,,,2025-12,2026-01,,2026-03,2026-04,,
2025-11-15 00:00:00+00:00,25+ bps increase,,0.0055,0.0145,,0.045,0.045,,,,,,,,,2025-12,2026-01,,2026-03,2026-04,,
2025-11-16 00:00:00+00:00,25+ bps increase,,0.0055,0.0145,,0.04,0.055,,,,,,,,,2025-12,2026-01,,2026-03,2026-04,,
2025-11-17 00:00:00+00:00,25+ bps increase,,0.0055,0.0145,,0.04,0.05,,,,,,,,,2025-12,2026-01,,2026-03,2026-04,,
2025-11-18 00:00:00+00:00,25+ bps increase,,0.0055,0.0135,,0.04,0.05,,,,,,,,,2025-12,2026-01,,2026-03,2026-04,,
2025-11-19 00:00:00+00:00,25+ bps increase,,0.0055,0.0135,,0.04,0.05,,,,,,,,,2025-12,2026-01,,2026-03,2026-04,,
2025-11-20 00:00:00+00:00,25+ bps increase,,0.0055,0.0135,,0.06,0.045,,,,,,,,,2025-12,2026-01,,2026-03,2026-04,,
2025-11-21 00:00:00+00:00,25+ bps increase,,0.0055,0.0135,,0.06,0.045,,,,,,,,,2025-12,2026-01,,2026-03,2026-04,,
2025-11-22 00:00:00+00:00,25+ bps increase,,0.0045,0.0135,,0.055,0.055,,,,,,,,,2025-12,2026-01,,2026-03,2026-04,,
2025-11-23 00:00:00+00:00,25+ bps increase,,0.0045,0.0135,,0.05,0.055,,,,,,,,,2025-12,2026-01,,2026-03,2026-04,,
2025-11-24 00:00:00+00:00,25+ bps increase,,0.0045,0.0135,,0.045,0.05,,,,,,,,,2025-12,2026-01,,2026-03,2026-04,,
2025-11-25 00:00:00+00:00,25+ bps increase,,0.0035,0.0135,,0.0305,0.045,,,,,,,,,2025-12,2026-01,,2026-03,2026-04,,
2025-11-26 00:00:00+00:00,25+ bps increase,,0.0035,0.0135,,0.0265,0.045,,,,,,,,,2025-12,2026-01,,2026-03,2026-04,,
2025-11-27 00:00:00+00:00,25+ bps increase,,0.0035,0.0135,,0.026,0.04,,,,,,,,,2025-12,2026-01,,2026-03,2026-04,,
2025-11-28 00:00:00+00:00,25+ bps increase,,0.0035,0.0135,,0.0275,0.04,,,,,,,,,2025-12,2026-01,,2026-03,2026-04,,
2025-11-29 00:00:00+00:00,25+ bps increase,,0.0035,0.0135,,0.026,0.04,,,,,,,,,2025-12,2026-01,,2026-03,2026-04,,
2025-11-30 00:00:00+00:00,25+ bps increase,,0.0035,0.0135,,0.015,0.035,,,,,,,,,2025-12,2026-01,,2026-03,2026-04,,
2025-12-01 00:00:00+00:00,25+ bps increase,0.0025,0.0125,,0.017,0.0355,,,,,,,,,2025-12,2026-01,,2026-03,2026-04,,,0.0
2025-12-02 00:00:00+00:00,25+ bps increase,0.0025,0.0125,,0.016,0.036,,,,,,,,,2025-12,2026-01,,2026-03,2026-04,,,0.0
2025-12-03 00:00:00+00:00,25+ bps increase,0.0025,0.0125,,0.0165,0.0355,,,,,,,,,2025-12,2026-01,,2026-03,2026-04,,,0.0
2025-12-04 00:00:00+00:00,25+ bps increase,0.0015,0.0125,,0.0165,0.0355,,,,,,,,,2025-12,2026-01,,2026-03,2026-04,,,0.0
2025-12-05 00:00:00+00:00,25+ bps increase,0.0015,0.0115,,0.02,0.04,,,,,,,,,2025-12,2026-01,,2026-03,2026-04,,,0.0
2025-12-06 00:00:00+00:00,25+ bps increase,0.0015,0.0115,,0.0225,0.04,,,,,,,,,2025-12,2026-01,,2026-03,2026-04,,,0.0
2025-12-07 00:00:00+00:00,25+ bps increase,0.0015,0.0115,,0.012,0.0385,,,,,,,,,2025-12,2026-01,,2026-03,2026-04,,,0.0
2025-12-08 00:00:00+00:00,25+ bps increase,0.0005,0.0115,,0.018,0.04,,,,,,,,,2025-12,2026-01,,2026-03,2026-04,,,0.0
2025-12-09 00:00:00+00:00,25+ bps increase,0.0005,0.0105,,0.022,0.042,,,,,,,,,2025-12,2026-01,,2026-03,2026-04,,,0.0
2025-12-10 00:00:00+00:00,25+ bps increase,0.0005,0.0125,,0.0215,0.042,,,,,,,,,2025-12,2026-01,,2026-03,2026-04,,,0.0
2025-12-11 00:00:00+00:00,25+ bps increase,,0.0105,,0.015,0.027,,,,,,,,,,2026-01,,2026-03,2026-04,,,
2025-12-12 00:00:00+00:00,25+ bps increase,,0.0105,,0.014,0.034,,,,,,,,,,2026-01,,2026-03,2026-04,,,
2025-12-13 00:00:00+00:00,25+ bps increase,,0.0095,,0.012,0.036,,,,,,,,,,2026-01,,2026-03,2026-04,,,
2025-12-14 00:00:00+00:00,25+ bps increase,,0.0105,,0.011,0.0295,,,,,,,,,,2026-01,,2026-03,2026-04,,,
2025-12-15 00:00:00+00:00,25+ bps increase,,0.0135,,0.0145,0.0325,,,,,,,,,,2026-01,,2026-03,2026-04,,,
2025-12-16 00:00:00+00:00,25+ bps increase,,0.0135,,0.013,0.0295,,,,,,,,,,2026-01,,2026-03,2026-04,,,
2025-12-17 00:00:00+00:00,25+ bps increase,,0.0125,,0.0095,0.033,,,,,,,,,,2026-01,,2026-03,2026-04,,,
2025-12-18 00:00:00+00:00,25+ bps increase,,0.0125,,0.0085,0.031,,,,,,,,,,2026-01,,2026-03,2026-04,,,
2025-12-19 00:00:00+00:00,25+ bps increase,,0.0075,,0.0105,0.03,,,,,,,,,,2026-01,,2026-03,2026-04,,,
2025-12-20 00:00:00+00:00,25+ bps increase,,0.0075,,0.0085,0.026,,,,,,,,,,2026-01,,2026-03,2026-04,,,
2025-12-21 00:00:00+00:00,25+ bps increase,,0.0075,,0.0085,0.026,,,,,,,,,,2026-01,,2026-03,2026-04,,,
2025-12-22 00:00:00+00:00,25+ bps increase,,0.0075,,0.01,0.026,,,,,,,,,,2026-01,,2026-03,2026-04,,,
2025-12-23 00:00:00+00:00,25+ bps increase,,0.0065,,0.012,0.0275,,,,,,,,,,2026-01,,2026-03,2026-04,,,
2025-12-24 00:00:00+00:00,25+ bps increase,,0.0065,,0.0105,0.033,,,,,,,,,,2026-01,,2026-03,2026-04,,,
2025-12-25 00:00:00+00:00,25+ bps increase,,0.0035,,0.012,0.031,,,,,,,,,,2026-01,,2026-03,2026-04,,,
2025-12-26 00:00:00+00:00,25+ bps increase,,0.0035,,0.013,0.031,,,,,,,,,,2026-01,,2026-03,2026-04,,,
2025-12-27 00:00:00+00:00,25+ bps increase,,0.0035,,0.014,0.0305,,,,,,,,,,2026-01,,2026-03,2026-04,,,
2025-12-28 00:00:00+00:00,25+ bps increase,,0.0035,,0.0115,0.031,,,,,,,,,,2026-01,,2026-03,2026-04,,,
2025-12-29 00:00:00+00:00,25+ bps increase,,0.0035,,0.0105,0.0325,,,,,,,,,,2026-01,,2026-03,2026-04,,,
2025-12-30 00:00:00+00:00,25+ bps increase,,0.0025,,0.013,0.0335,,,,,,,,,,2026-01,,2026-03,2026-04,,,
2025-12-31 00:00:00+00:00,25+ bps increase,,0.0025,,0.0115,0.0255,,,,,,,,,,2026-01,,2026-03,2026-04,,,
2026-01-01 00:00:00+00:00,25+ bps increase,0.0025,,0.0105,0.0225,,,,,,,,,,2026-01,,2026-03,2026-04,,,,0.0
2026-01-02 00:00:00+00:00,25+ bps increase,0.0035,,0.0105,0.022,,,,,,,,,,2026-01,,2026-03,2026-04,,,,0.0
2026-01-03 00:00:00+00:00,25+ bps increase,0.0035,,0.012,0.022,,,,,,,,,,2026-01,,2026-03,2026-04,,,,0.0
2026-01-04 00:00:00+00:00,25+ bps increase,0.0035,,0.012,0.0185,,,,,,,,,,2026-01,,2026-03,2026-04,,,,0.0
2026-01-05 00:00:00+00:00,25+ bps increase,0.0035,,0.0105,0.0175,,,,,,,,,,2026-01,,2026-03,2026-04,,,,0.0
2026-01-06 00:00:00+00:00,25+ bps increase,0.0035,,0.0115,0.0125,,,,,,,,,,2026-01,,2026-03,2026-04,,,,0.0
2026-01-07 00:00:00+00:00,25+ bps increase,0.0035,,0.0155,0.015,,,,,,,,,,2026-01,,2026-03,2026-04,,,,0.0
2026-01-08 00:00:00+00:00,25+ bps increase,0.0035,,0.0135,0.0155,,,,,,,,,,2026-01,,2026-03,2026-04,,,,0.0
2026-01-09 00:00:00+00:00,25+ bps increase,0.0035,,0.014,0.0175,,,,,,,,,,2026-01,,2026-03,2026-04,,,,0.0
2026-01-10 00:00:00+00:00,25+ bps increase,0.0025,,0.0095,0.018,,,,,,,,,,2026-01,,2026-03,2026-04,,,,0.0
2026-01-11 00:00:00+00:00,25+ bps increase,0.0005,,0.0095,0.019,,,,,,,,,,2026-01,,2026-03,2026-04,,,,0.0
2026-01-12 00:00:00+00:00,25+ bps increase,0.0005,,0.0095,0.0115,,,,,,,,,,2026-01,,2026-03,2026-04,,,,0.0
2026-01-13 00:00:00+00:00,25+ bps increase,0.0005,,0.0095,0.013,,,,,,,,,,2026-01,,2026-03,2026-04,,,,0.0
2026-01-14 00:00:00+00:00,25+ bps increase,0.0005,,0.0095,0.0105,,,,,,,,,,2026-01,,2026-03,2026-04,,,,0.0
2026-01-15 00:00:00+00:00,25+ bps increase,0.0005,,0.0095,0.014,,,,,,,,,,2026-01,,2026-03,2026-04,,,,0.0
2026-01-16 00:00:00+00:00,25+ bps increase,0.0015,,0.011,0.0165,,,,,,,,,,2026-01,,2026-03,2026-04,,,,0.0
2026-01-17 00:00:00+00:00,25+ bps increase,0.0015,,0.0125,0.0175,,,,,,,,,,2026-01,,2026-03,2026-04,,,,0.0
2026-01-18 00:00:00+00:00,25+ bps increase,0.0015,,0.0155,0.015,,,,,,,,,,2026-01,,2026-03,2026-04,,,,0.0
2026-01-19 00:00:00+00:00,25+ bps increase,0.0015,,0.0155,0.015,,,,,,,,,,2026-01,,2026-03,2026-04,,,,0.0
2026-01-20 00:00:00+00:00,25+ bps increase,0.0005,,0.0155,0.0135,,,,,,,,,,2026-01,,2026-03,2026-04,,,,0.0
2026-01-21 00:00:00+00:00,25+ bps increase,0.0005,,0.0135,0.018,,,,,,,,,,2026-01,,2026-03,2026-04,,,,0.0
2026-01-22 00:00:00+00:00,25+ bps increase,0.0005,,0.0145,0.016,,,,,,,,,,2026-01,,2026-03,2026-04,,,,0.0
2026-01-23 00:00:00+00:00,25+ bps increase,0.0005,,0.0125,0.0135,,,,,,,,,,2026-01,,2026-03,2026-04,,,,0.0
2026-01-24 00:00:00+00:00,25+ bps increase,0.0005,,0.0115,0.014,,,,,,,,,,2026-01,,2026-03,2026-04,,,,0.0
2026-01-25 00:00:00+00:00,25+ bps increase,0.0005,,0.0115,0.0115,,,,,,,,,,2026-01,,2026-03,2026-04,,,,0.0
2026-01-26 00:00:00+00:00,25+ bps increase,0.0005,,0.0125,0.0135,,,,,,,,,,2026-01,,2026-03,2026-04,,,,0.0
2026-01-27 00:00:00+00:00,25+ bps increase,0.0015,,0.0125,0.025,,,,,,,,,,2026-01,,2026-03,2026-04,,,,0.0
2026-01-28 00:00:00+00:00,25+ bps increase,0.0015,,0.0135,0.0325,,,,,,,,,,2026-01,,2026-03,2026-04,,,,0.0
2026-01-29 00:00:00+00:00,25+ bps increase,,,0.0105,0.0185,,,,,,,,,,,,2026-03,2026-04,,,,
2026-01-30 00:00:00+00:00,25+ bps increase,,,0.0075,0.018,,,,,,,,,,,,2026-03,2026-04,,,,
2026-01-31 00:00:00+00:00,25+ bps increase,,,0.0075,0.012,,,,,,,,,,,,2026-03,2026-04,,,,
2026-02-01 00:00:00+00:00,25+ bps increase,,0.0135,0.016,,,,,,,,,,,,2026-03,2026-04,,,,,
2026-02-02 00:00:00+00:00,25+ bps increase,,0.0155,0.0245,,,,,,,,,,,,2026-03,2026-04,,,,,
2026-02-03 00:00:00+00:00,25+ bps increase,,0.0185,0.022,,,,,,,,,,,,2026-03,2026-04,,,,,
2026-02-04 00:00:00+00:00,25+ bps increase,,0.0195,0.0165,,,,,,,,,,,,2026-03,2026-04,,,,,
2026-02-05 00:00:00+00:00,25+ bps increase,,0.0195,0.0165,,,,,,,,,,,,2026-03,2026-04,,,,,
2026-02-06 00:00:00+00:00,25+ bps increase,,0.0115,0.0175,,,,,,,,,,,,2026-03,2026-04,,,,,
2026-02-07 00:00:00+00:00,25+ bps increase,,0.0095,0.017,,,,,,,,,,,,2026-03,2026-04,,,,,
2026-02-08 00:00:00+00:00,25+ bps increase,,0.0095,0.0165,,,,,,,,,,,,2026-03,2026-04,,,,,
2026-02-09 00:00:00+00:00,25+ bps increase,,0.0095,0.017,,,,,,,,,,,,2026-03,2026-04,,,,,
2026-02-10 00:00:00+00:00,25+ bps increase,,0.0095,0.0175,,,,,,,,,,,,2026-03,2026-04,,,,,
2026-02-11 00:00:00+00:00,25+ bps increase,,0.0095,0.0165,,,,,,,,,,,,2026-03,2026-04,,,,,
2026-02-12 00:00:00+00:00,25+ bps increase,,0.0065,0.015,,,,,,,,,,,,2026-03,2026-04,,,,,
2026-02-13 00:00:00+00:00,25+ bps increase,,0.0075,0.0165,,,,,,,,,,,,2026-03,2026-04,,,,,
2026-02-14 00:00:00+00:00,25+ bps increase,,0.0065,0.0115,,,,,,,,,,,,2026-03,2026-04,,,,,
2026-02-15 00:00:00+00:00,25+ bps increase,,0.0055,0.0115,,,,,,,,,,,,2026-03,2026-04,,,,,
2026-02-16 00:00:00+00:00,25+ bps increase,,0.0055,0.0125,,,,,,,,,,,,2026-03,2026-04,,,,,
2026-02-17 00:00:00+00:00,25+ bps increase,,0.0055,0.0125,,,,,,,,,,,,2026-03,2026-04,,,,,
2026-02-18 00:00:00+00:00,25+ bps increase,,0.0055,0.0115,,,,,,,,,,,,2026-03,2026-04,,,,,
2026-02-19 00:00:00+00:00,25+ bps increase,,0.0055,0.0115,,,,,,,,,,,,2026-03,2026-04,,,,,
2026-02-20 00:00:00+00:00,25+ bps increase,,0.0065,0.0115,,,,,,,,,,,,2026-03,2026-04,,,,,
2026-02-21 00:00:00+00:00,25+ bps increase,,0.0065,0.0115,,,,,,,,,,,,2026-03,2026-04,,,,,
2026-02-22 00:00:00+00:00,25+ bps increase,,0.0055,0.0115,,,,,,,,,,,,2026-03,2026-04,,,,,
2026-02-23 00:00:00+00:00,25+ bps increase,,0.0055,0.0115,,,,,,,,,,,,2026-03,2026-04,,,,,
2026-02-24 00:00:00+00:00,25+ bps increase,,0.0065,0.0115,,,,,,,,,,,,2026-03,2026-04,,,,,
2026-02-25 00:00:00+00:00,25+ bps increase,,0.0065,0.0115,,,,,,,,,,,,2026-03,2026-04,,,,,
2026-02-26 00:00:00+00:00,25+ bps increase,,0.0055,0.0115,,,,,,,,,,,,2026-03,2026-04,,,,,
2026-02-27 00:00:00+00:00,25+ bps increase,,0.0045,0.012,,,,,,,,,,,,2026-03,2026-04,,,,,
2026-02-28 00:00:00+00:00,25+ bps increase,,0.0035,0.0115,,,,,,,,,,,,2026-03,2026-04,,,,,
2026-03-01 00:00:00+00:00,25+ bps increase,0.0035,0.0115,,,,,,,,,,,,2026-03,2026-04,,,,,,0.0
2026-03-02 00:00:00+00:00,25+ bps increase,0.0035,0.0115,,,,,,,,,,,,2026-03,2026-04,,,,,,0.0
2026-03-03 00:00:00+00:00,25+ bps increase,0.0045,0.0125,,,,,,,,,,,,2026-03,2026-04,,,,,,0.0
2026-03-04 00:00:00+00:00,25+ bps increase,0.0065,0.016,,,,,,,,,,,,2026-03,2026-04,,,,,,0.0
2026-03-05 00:00:00+00:00,25+ bps increase,0.0045,0.0165,,,,,,,,,,,,2026-03,2026-04,,,,,,0.0
2026-03-06 00:00:00+00:00,25+ bps increase,0.0025,0.035,,,,,,,,,,,,2026-03,2026-04,,,,,,0.0
2026-03-07 00:00:00+00:00,25+ bps increase,0.0025,0.0145,,,,,,,,,,,,2026-03,2026-04,,,,,,0.0
2026-03-08 00:00:00+00:00,25+ bps increase,0.0025,0.0165,,,,,,,,,,,,2026-03,2026-04,,,,,,0.0
2026-03-09 00:00:00+00:00,25+ bps increase,0.0025,0.0245,,,,,,,,,,,,2026-03,2026-04,,,,,,0.0
2026-03-10 00:00:00+00:00,25+ bps increase,0.0035,0.021,,,,,,,,,,,,2026-03,2026-04,,,,,,0.0
2026-03-11 00:00:00+00:00,25+ bps increase,0.0025,0.0165,,,,,,,,,,,,2026-03,2026-04,,,,,,0.0
2026-03-12 00:00:00+00:00,25+ bps increase,0.0015,0.017,,,,,,,,,,,,2026-03,2026-04,,,,,,0.0
2026-03-13 00:00:00+00:00,25+ bps increase,0.0015,0.0175,,,,,,,,,,,,2026-03,2026-04,,,,,,0.0
2026-03-14 00:00:00+00:00,25+ bps increase,0.0015,0.019,,,,,,,,,,,,2026-03,2026-04,,,,,,0.0
2026-03-15 00:00:00+00:00,25+ bps increase,0.0015,0.0195,,,,,,,,,,,,2026-03,2026-04,,,,,,0.0
2026-03-16 00:00:00+00:00,25+ bps increase,,0.0165,,,,,,,,,,,,,2026-04,,,,,,
2026-03-17 00:00:00+00:00,25+ bps increase,0.0005,0.0165,,,,,,,,,,,,2026-03,2026-04,,,,,,0.0
2026-03-18 00:00:00+00:00,25+ bps increase,0.0005,0.0135,,,,,,,,,,,,2026-03,2026-04,,,,,,0.0
2026-03-19 00:00:00+00:00,25+ bps increase,,0.0115,,,,,,,,,,,,,2026-04,,,,,,
2026-03-20 00:00:00+00:00,25+ bps increase,,0.02,,,,,,,,,,,,,2026-04,,,,,,
2026-03-21 00:00:00+00:00,25+ bps increase,,0.035,,,,,,,,,,,,,2026-04,,,,,,
2026-03-22 00:00:00+00:00,25+ bps increase,,0.0355,,,,,,,,,,,,,2026-04,,,,,,
2026-03-23 00:00:00+00:00,25+ bps increase,,0.0415,,,,,,,,,,,,,2026-04,,,,,,
2026-03-24 00:00:00+00:00,25+ bps increase,,0.035,,,,,,,,,,,,,2026-04,,,,,,
2026-03-25 00:00:00+00:00,25+ bps increase,,0.034,,,,,,,,,,,,,2026-04,,,,,,
2026-03-26 00:00:00+00:00,25+ bps increase,,0.03,,,,,,,,,,,,,2026-04,,,,,,
2026-03-27 00:00:00+00:00,25+ bps increase,,0.0255,,,,,,,,,,,,,2026-04,,,,,,
2026-03-28 00:00:00+00:00,25+ bps increase,,0.0205,,,,,,,,,,,,,2026-04,,,,,,
2026-03-29 00:00:00+00:00,25+ bps increase,,0.0175,,,,,,,,,,,,,2026-04,,,,,,
2026-03-30 00:00:00+00:00,25+ bps increase,,0.0185,,,,,,,,,,,,,2026-04,,,,,,
2026-03-31 00:00:00+00:00,25+ bps increase,,0.0115,,,,,,,,,,,,,2026-04,,,,,,
2026-04-01 00:00:00+00:00,25+ bps increase,0.0105,,,,,,,,,,,,,2026-04,,,,,,,0.0
2026-04-02 00:00:00+00:00,25+ bps increase,0.0065,,,,,,,,,,,,,2026-04,,,,,,,0.0
2026-04-07 00:00:00+00:00,25+ bps increase,0.0105,,,,,,,,,,,,,2026-04,,,,,,,0.0
2026-04-09 00:00:00+00:00,25+ bps increase,0.009,,,,,,,,,,,,,2026-04,,,,,,,0.0
2026-04-19 00:00:00+00:00,25+ bps increase,0.0025,,,,,,,,,,,,,2026-04,,,,,,,0.0
2026-04-20 00:00:00+00:00,25+ bps increase,0.0025,,,,,,,,,,,,,2026-04,,,,,,,0.0
2026-04-21 00:00:00+00:00,25+ bps increase,0.0025,,,,,,,,,,,,,2026-04,,,,,,,0.0
2026-04-22 00:00:00+00:00,25+ bps increase,0.0025,,,,,,,,,,,,,2026-04,,,,,,,0.0
2026-04-23 00:00:00+00:00,25+ bps increase,0.0025,,,,,,,,,,,,,2026-04,,,,,,,0.0
2026-04-24 00:00:00+00:00,25+ bps increase,0.0025,,,,,,,,,,,,,2026-04,,,,,,,0.0
2026-04-25 00:00:00+00:00,25+ bps increase,0.0025,,,,,,,,,,,,,2026-04,,,,,,,0.0
2026-04-26 00:00:00+00:00,25+ bps increase,0.0015,,,,,,,,,,,,,2026-04,,,,,,,0.0
2026-04-27 00:00:00+00:00,25+ bps increase,0.0005,,,,,,,,,,,,,2026-04,,,,,,,0.0
2026-04-28 00:00:00+00:00,25+ bps increase,0.0005,,,,,,,,,,,,,2026-04,,,,,,,0.0
2026-04-29 00:00:00+00:00,25+ bps increase,0.0015,,,,,,,,,,,,,2026-04,,,,,,,0.0
2024-08-03 00:00:00+00:00,50 bps decrease,,,,0.27,,,,,,,,,,,,,2024-11,,,,
2024-08-04 00:00:00+00:00,50 bps decrease,,,,0.265,,,,,,,,,,,,,2024-11,,,,
2024-08-05 00:00:00+00:00,50 bps decrease,,,,0.275,,,,,,,,,,,,,2024-11,,,,
2024-08-06 00:00:00+00:00,50 bps decrease,,,,0.325,,,,,,,,,,,,,2024-11,,,,
2024-08-07 00:00:00+00:00,50 bps decrease,,,,0.275,0.315,,,,,,,,,,,,2024-11,2024-12,,,
2024-08-08 00:00:00+00:00,50 bps decrease,,,,0.31,0.33,,,,,,,,,,,,2024-11,2024-12,,,
2024-08-09 00:00:00+00:00,50 bps decrease,,,,0.31,0.335,,,,,,,,,,,,2024-11,2024-12,,,
2024-08-10 00:00:00+00:00,50 bps decrease,,,,0.31,0.09,,,,,,,,,,,,2024-11,2024-12,,,
2024-08-11 00:00:00+00:00,50 bps decrease,,,,0.305,0.115,,,,,,,,,,,,2024-11,2024-12,,,
2024-08-12 00:00:00+00:00,50 bps decrease,,,,0.295,0.115,,,,,,,,,,,,2024-11,2024-12,,,
2024-08-13 00:00:00+00:00,50 bps decrease,,,,0.265,0.11,,,,,,,,,,,,2024-11,2024-12,,,
2024-08-14 00:00:00+00:00,50 bps decrease,,,,0.27,0.105,,,,,,,,,,,,2024-11,2024-12,,,
2024-08-15 00:00:00+00:00,50 bps decrease,,,,0.235,0.105,,,,,,,,,,,,2024-11,2024-12,,,
2024-08-16 00:00:00+00:00,50 bps decrease,,,,0.24,0.155,,,,,,,,,,,,2024-11,2024-12,,,
2024-08-17 00:00:00+00:00,50 bps decrease,,,,0.24,0.155,,,,,,,,,,,,2024-11,2024-12,,,
2024-08-18 00:00:00+00:00,50 bps decrease,,,,0.23,0.155,,,,,,,,,,,,2024-11,2024-12,,,
2024-08-19 00:00:00+00:00,50 bps decrease,,,,0.225,0.155,,,,,,,,,,,,2024-11,2024-12,,,
2024-08-20 00:00:00+00:00,50 bps decrease,,,,0.23,0.16,,,,,,,,,,,,2024-11,2024-12,,,
2024-08-21 00:00:00+00:00,50 bps decrease,,,,0.23,0.16,,,,,,,,,,,,2024-11,2024-12,,,
2024-08-22 00:00:00+00:00,50 bps decrease,,,,0.23,0.16,,,,,,,,,,,,2024-11,2024-12,,,
2024-08-23 00:00:00+00:00,50 bps decrease,,,,0.235,0.16,,,,,,,,,,,,2024-11,2024-12,,,
2024-08-24 00:00:00+00:00,50 bps decrease,,,,0.24,0.23,,,,,,,,,,,,2024-11,2024-12,,,
2024-08-25 00:00:00+00:00,50 bps decrease,,,,0.25,0.275,,,,,,,,,,,,2024-11,2024-12,,,
2024-08-26 00:00:00+00:00,50 bps decrease,,,,0.245,0.275,,,,,,,,,,,,2024-11,2024-12,,,
2024-08-27 00:00:00+00:00,50 bps decrease,,,,0.245,0.275,,,,,,,,,,,,2024-11,2024-12,,,
2024-08-28 00:00:00+00:00,50 bps decrease,,,,0.245,0.275,,,,,,,,,,,,2024-11,2024-12,,,
2024-08-29 00:00:00+00:00,50 bps decrease,,,,0.285,0.315,,,,,,,,,,,,2024-11,2024-12,,,
2024-08-30 00:00:00+00:00,50 bps decrease,,,,0.285,0.31,,,,,,,,,,,,2024-11,2024-12,,,
2024-08-31 00:00:00+00:00,50 bps decrease,,,,0.285,0.305,,,,,,,,,,,,2024-11,2024-12,,,
2024-09-01 00:00:00+00:00,50 bps decrease,,,0.29,0.31,,,,,,,,,,,,2024-11,2024-12,,,,
2024-09-02 00:00:00+00:00,50 bps decrease,,,0.29,0.315,,,,,,,,,,,,2024-11,2024-12,,,,
2024-09-03 00:00:00+00:00,50 bps decrease,,,0.29,0.315,,,,,,,,,,,,2024-11,2024-12,,,,
2024-09-04 00:00:00+00:00,50 bps decrease,,,0.315,0.315,,,,,,,,,,,,2024-11,2024-12,,,,
2024-09-05 00:00:00+00:00,50 bps decrease,,,0.355,0.325,,,,,,,,,,,,2024-11,2024-12,,,,
2024-09-06 00:00:00+00:00,50 bps decrease,,,0.34,0.305,,,,,,,,,,,,2024-11,2024-12,,,,
2024-09-07 00:00:00+00:00,50 bps decrease,,,0.415,0.36,,,,,,,,,,,,2024-11,2024-12,,,,
2024-09-08 00:00:00+00:00,50 bps decrease,,,0.435,0.375,,,,,,,,,,,,2024-11,2024-12,,,,
2024-09-09 00:00:00+00:00,50 bps decrease,,,0.44,0.375,,,,,,,,,,,,2024-11,2024-12,,,,
2024-09-10 00:00:00+00:00,50 bps decrease,,,0.455,0.375,,,,,,,,,,,,2024-11,2024-12,,,,
2024-09-11 00:00:00+00:00,50 bps decrease,,,0.465,0.385,,,,,,,,,,,,2024-11,2024-12,,,,
2024-09-12 00:00:00+00:00,50 bps decrease,,,0.46,0.385,,,,,,,,,,,,2024-11,2024-12,,,,
2024-09-13 00:00:00+00:00,50 bps decrease,,,0.41,0.385,,,,,,,,,,,,2024-11,2024-12,,,,
2024-09-14 00:00:00+00:00,50 bps decrease,,,0.425,0.39,,,,,,,,,,,,2024-11,2024-12,,,,
2024-09-15 00:00:00+00:00,50 bps decrease,,,0.445,0.385,,,,,,,,,,,,2024-11,2024-12,,,,
2024-09-16 00:00:00+00:00,50 bps decrease,,,0.445,0.38,,,,,,,,,,,,2024-11,2024-12,,,,
2024-09-17 00:00:00+00:00,50 bps decrease,,,0.45,0.38,,,,,,,,,,,,2024-11,2024-12,,,,
2024-09-18 00:00:00+00:00,50 bps decrease,,,0.37,0.38,,,,,,,,,,,,2024-11,2024-12,,,,
2024-09-19 00:00:00+00:00,50 bps decrease,,,0.31,0.37,,,,,,,,,,,,2024-11,2024-12,,,,
2024-09-20 00:00:00+00:00,50 bps decrease,,,0.34,0.355,,,,,,,,,,,,2024-11,2024-12,,,,
2024-09-21 00:00:00+00:00,50 bps decrease,,,0.425,0.33,,,,,,,,,,,,2024-11,2024-12,,,,
2024-09-22 00:00:00+00:00,50 bps decrease,,,0.435,0.33,,,,,,,,,,,,2024-11,2024-12,,,,
2024-09-23 00:00:00+00:00,50 bps decrease,,,0.485,0.33,,,,,,,,,,,,2024-11,2024-12,,,,
2024-09-24 00:00:00+00:00,50 bps decrease,,,0.42,0.37,,,,,,,,,,,,2024-11,2024-12,,,,
2024-09-25 00:00:00+00:00,50 bps decrease,,,0.485,0.39,,,,,,,,,,,,2024-11,2024-12,,,,
2024-09-26 00:00:00+00:00,50 bps decrease,,,0.515,0.405,,,,,,,,,,,,2024-11,2024-12,,,,
2024-09-27 00:00:00+00:00,50 bps decrease,,,0.455,0.41,,,,,,,,,,,,2024-11,2024-12,,,,
2024-09-28 00:00:00+00:00,50 bps decrease,,,0.455,0.41,,,,,,,,,,,,2024-11,2024-12,,,,
2024-09-29 00:00:00+00:00,50 bps decrease,,,0.465,0.405,,,,,,,,,,,,2024-11,2024-12,,,,
2024-09-30 00:00:00+00:00,50 bps decrease,,,0.445,0.405,,,,,,,,,,,,2024-11,2024-12,,,,
2024-10-01 00:00:00+00:00,50 bps decrease,,0.32,0.39,,,,,,,,,,,,2024-11,2024-12,,,,,
2024-10-02 00:00:00+00:00,50 bps decrease,,0.335,0.39,,,,,,,,,,,,2024-11,2024-12,,,,,
2024-10-03 00:00:00+00:00,50 bps decrease,,0.32,0.385,,,,,,,,,,,,2024-11,2024-12,,,,,
2024-10-04 00:00:00+00:00,50 bps decrease,,0.29,0.355,,,,,,,,,,,,2024-11,2024-12,,,,,
2024-10-05 00:00:00+00:00,50 bps decrease,,0.115,0.15,,,,,,,,,,,,2024-11,2024-12,,,,,
2024-10-06 00:00:00+00:00,50 bps decrease,,0.125,0.245,,,,,,,,,,,,2024-11,2024-12,,,,,
2024-10-07 00:00:00+00:00,50 bps decrease,,0.105,0.16,,,,,,,,,,,,2024-11,2024-12,,,,,
2024-10-08 00:00:00+00:00,50 bps decrease,,0.095,0.145,,,,,,,,,,,,2024-11,2024-12,,,,,
2024-10-09 00:00:00+00:00,50 bps decrease,,0.085,0.16,,,,,,,,,,,,2024-11,2024-12,,,,,
2024-10-10 00:00:00+00:00,50 bps decrease,,0.075,0.145,,,,,,,,,,,,2024-11,2024-12,,,,,
2024-10-11 00:00:00+00:00,50 bps decrease,,0.075,0.095,,,,,,,,,,,,2024-11,2024-12,,,,,
2024-10-12 00:00:00+00:00,50 bps decrease,,0.075,0.12,,,,,,,,,,,,2024-11,2024-12,,,,,
2024-10-13 00:00:00+00:00,50 bps decrease,,0.085,0.115,,,,,,,,,,,,2024-11,2024-12,,,,,
2024-10-14 00:00:00+00:00,50 bps decrease,,0.085,0.115,,,,,,,,,,,,2024-11,2024-12,,,,,
2024-10-15 00:00:00+00:00,50 bps decrease,,0.075,0.115,,,,,,,,,,,,2024-11,2024-12,,,,,
2024-10-16 00:00:00+00:00,50 bps decrease,,0.045,0.115,,,,,,,,,,,,2024-11,2024-12,,,,,
2024-10-17 00:00:00+00:00,50 bps decrease,,0.045,0.115,,,,,,,,,,,,2024-11,2024-12,,,,,
2024-10-18 00:00:00+00:00,50 bps decrease,,0.041,0.095,,,,,,,,,,,,2024-11,2024-12,,,,,
2024-10-19 00:00:00+00:00,50 bps decrease,,0.038,0.095,,,,,,,,,,,,2024-11,2024-12,,,,,
2024-10-20 00:00:00+00:00,50 bps decrease,,0.0385,0.095,,,,,,,,,,,,2024-11,2024-12,,,,,
2024-10-21 00:00:00+00:00,50 bps decrease,,0.0415,0.095,,,,,,,,,,,,2024-11,2024-12,,,,,
2024-10-22 00:00:00+00:00,50 bps decrease,,0.048,0.085,,,,,,,,,,,,2024-11,2024-12,,,,,
2024-10-23 00:00:00+00:00,50 bps decrease,,0.054,0.085,,,,,,,,,,,,2024-11,2024-12,,,,,
2024-10-24 00:00:00+00:00,50 bps decrease,,0.0525,0.085,,,,,,,,,,,,2024-11,2024-12,,,,,
2024-10-25 00:00:00+00:00,50 bps decrease,,0.0475,0.085,,,,,,,,,,,,2024-11,2024-12,,,,,
2024-10-26 00:00:00+00:00,50 bps decrease,,0.0555,0.085,,,,,,,,,,,,2024-11,2024-12,,,,,
2024-10-27 00:00:00+00:00,50 bps decrease,,0.049,0.055,,,,,,,,,,,,2024-11,2024-12,,,,,
2024-10-28 00:00:00+00:00,50 bps decrease,,0.0515,0.055,,,,,,,,,,,,2024-11,2024-12,,,,,
2024-10-29 00:00:00+00:00,50 bps decrease,,0.0475,0.055,,,,,,,,,,,,2024-11,2024-12,,,,,
2024-10-30 00:00:00+00:00,50 bps decrease,,0.056,0.055,,,,,,,,,,,,2024-11,2024-12,,,,,
2024-10-31 00:00:00+00:00,50 bps decrease,,0.061,0.085,,,,,,,,,,,,2024-11,2024-12,,,,,
2024-11-01 00:00:00+00:00,50 bps decrease,0.0595,0.065,,,,,,,,,,,,2024-11,2024-12,,,,,,0.0
2024-11-02 00:00:00+00:00,50 bps decrease,0.0485,0.085,,,,,,,,,,,,2024-11,2024-12,,,,,,0.0
2024-11-03 00:00:00+00:00,50 bps decrease,0.0465,0.075,,,,,,,,,,,,2024-11,2024-12,,,,,,0.0
2024-11-04 00:00:00+00:00,50 bps decrease,0.039,0.085,,,,,,,,,,,,2024-11,2024-12,,,,,,0.0
2024-11-05 00:00:00+00:00,50 bps decrease,0.0325,0.085,,,,,,,,,,,,2024-11,2024-12,,,,,,0.0
2024-11-06 00:00:00+00:00,50 bps decrease,0.0345,0.095,,,,,,,,,,,,2024-11,2024-12,,,,,,0.0
2024-11-07 00:00:00+00:00,50 bps decrease,0.021,0.0345,,,,,,,,,,,,2024-11,2024-12,,,,,,0.0
2024-11-08 00:00:00+00:00,50 bps decrease,,0.0445,0.12,,,,,,,,,,,,2024-12,2025-01,,,,,
2024-11-09 00:00:00+00:00,50 bps decrease,,0.026,0.065,,,,,,,,,,,,2024-12,2025-01,,,,,
2024-11-10 00:00:00+00:00,50 bps decrease,,0.028,0.055,,,,,,,,,,,,2024-12,2025-01,,,,,
2024-11-11 00:00:00+00:00,50 bps decrease,,0.025,0.055,,,,,,,,,,,,2024-12,2025-01,,,,,
2024-11-12 00:00:00+00:00,50 bps decrease,,0.0265,0.055,,,,,,,,,,,,2024-12,2025-01,,,,,
2024-11-13 00:00:00+00:00,50 bps decrease,,0.0205,0.055,,,,,,,,,,,,2024-12,2025-01,,,,,
2024-11-14 00:00:00+00:00,50 bps decrease,,0.0285,0.045,,,,,,,,,,,,2024-12,2025-01,,,,,
2024-11-15 00:00:00+00:00,50 bps decrease,,0.0205,0.055,,,,,,,,,,,,2024-12,2025-01,,,,,
2024-11-16 00:00:00+00:00,50 bps decrease,,0.022,0.055,,,,,,,,,,,,2024-12,2025-01,,,,,
2024-11-17 00:00:00+00:00,50 bps decrease,,0.0145,0.055,,,,,,,,,,,,2024-12,2025-01,,,,,
2024-11-18 00:00:00+00:00,50 bps decrease,,0.0185,0.055,,,,,,,,,,,,2024-12,2025-01,,,,,
2024-11-19 00:00:00+00:00,50 bps decrease,,0.0175,0.065,,,,,,,,,,,,2024-12,2025-01,,,,,
2024-11-20 00:00:00+00:00,50 bps decrease,,0.0155,0.055,,,,,,,,,,,,2024-12,2025-01,,,,,
2024-11-21 00:00:00+00:00,50 bps decrease,,0.019,0.055,,,,,,,,,,,,2024-12,2025-01,,,,,
2024-11-22 00:00:00+00:00,50 bps decrease,,0.02,0.055,,,,,,,,,,,,2024-12,2025-01,,,,,
2024-11-23 00:00:00+00:00,50 bps decrease,,0.0165,0.055,,,,,,,,,,,,2024-12,2025-01,,,,,
2024-11-24 00:00:00+00:00,50 bps decrease,,0.017,0.055,,,,,,,,,,,,2024-12,2025-01,,,,,
2024-11-25 00:00:00+00:00,50 bps decrease,,0.0155,0.0465,,,,,,,,,,,,2024-12,2025-01,,,,,
2024-11-26 00:00:00+00:00,50 bps decrease,,0.013,0.047,,,,,,,,,,,,2024-12,2025-01,,,,,
2024-11-27 00:00:00+00:00,50 bps decrease,,0.0125,0.053,,,,,,,,,,,,2024-12,2025-01,,,,,
2024-11-28 00:00:00+00:00,50 bps decrease,,0.0155,0.054,,,,,,,,,,,,2024-12,2025-01,,,,,
2024-11-29 00:00:00+00:00,50 bps decrease,,0.0155,0.054,,,,,,,,,,,,2024-12,2025-01,,,,,
2024-11-30 00:00:00+00:00,50 bps decrease,,0.0125,0.0505,,,,,,,,,,,,2024-12,2025-01,,,,,
2024-12-01 00:00:00+00:00,50 bps decrease,0.018,0.052,,,,,,,,,,,,2024-12,2025-01,,,,,,0.0
2024-12-02 00:00:00+00:00,50 bps decrease,0.0175,0.044,,,,,,,,,,,,2024-12,2025-01,,,,,,0.0
2024-12-03 00:00:00+00:00,50 bps decrease,0.017,0.044,,,,,,,,,,,,2024-12,2025-01,,,,,,0.0
2024-12-04 00:00:00+00:00,50 bps decrease,0.0205,0.04,,,,,,,,,,,,2024-12,2025-01,,,,,,0.0
2024-12-05 00:00:00+00:00,50 bps decrease,0.018,0.0415,,,,,,,,,,,,2024-12,2025-01,,,,,,0.0
2024-12-06 00:00:00+00:00,50 bps decrease,0.018,0.045,,,,,,,,,,,,2024-12,2025-01,,,,,,0.0
2024-12-07 00:00:00+00:00,50 bps decrease,0.009,0.048,,,,,,,,,,,,2024-12,2025-01,,,,,,0.0
2024-12-08 00:00:00+00:00,50 bps decrease,0.0115,0.0475,,,,,,,,,,,,2024-12,2025-01,,,,,,0.0
2024-12-09 00:00:00+00:00,50 bps decrease,0.014,0.0475,,,,,,,,,,,,2024-12,2025-01,,,,,,0.0
2024-12-10 00:00:00+00:00,50 bps decrease,0.0135,0.051,,,,,,,,,,,,2024-12,2025-01,,,,,,0.0
2024-12-11 00:00:00+00:00,50 bps decrease,0.015,0.041,,,,,,,,,,,,2024-12,2025-01,,,,,,0.0
2024-12-12 00:00:00+00:00,50 bps decrease,0.0075,0.0345,,,,,,,,,,,,2024-12,2025-01,,,,,,0.0
2024-12-13 00:00:00+00:00,50 bps decrease,0.0065,0.0215,,,,,,,,,,,,2024-12,2025-01,,,,,,0.0
2024-12-14 00:00:00+00:00,50 bps decrease,0.008,0.0275,,,,,,,,,,,,2024-12,2025-01,,,,,,0.0
2024-12-15 00:00:00+00:00,50 bps decrease,0.0055,0.024,,,,,,,,,,,,2024-12,2025-01,,,,,,0.0
2024-12-16 00:00:00+00:00,50 bps decrease,0.0055,0.026,,,,,,,,,,,,2024-12,2025-01,,,,,,0.0
2024-12-17 00:00:00+00:00,50 bps decrease,0.0035,0.042,,,,,,,,,,,,2024-12,2025-01,,,,,,0.0
2024-12-18 00:00:00+00:00,50 bps decrease,0.0025,0.0355,,,,,,,,,,,,2024-12,2025-01,,,,,,0.0
2024-12-19 00:00:00+00:00,50 bps decrease,,0.019,,,,,,,,,,,,,2025-01,,,,,,
2024-12-20 00:00:00+00:00,50 bps decrease,,0.016,,,,,,,,,,,,,2025-01,,,,,,
2024-12-21 00:00:00+00:00,50 bps decrease,,0.0175,,,,,,,,,,,,,2025-01,,,,,,
2024-12-22 00:00:00+00:00,50 bps decrease,,0.0165,,,,,,,,,,,,,2025-01,,,,,,
2024-12-23 00:00:00+00:00,50 bps decrease,,0.02,,,,,,,,,,,,,2025-01,,,,,,
2024-12-24 00:00:00+00:00,50 bps decrease,,0.022,,,,,,,,,,,,,2025-01,,,,,,
2024-12-25 00:00:00+00:00,50 bps decrease,,0.0195,,,,,,,,,,,,,2025-01,,,,,,
2024-12-26 00:00:00+00:00,50 bps decrease,,0.009,,,,,,,,,,,,,2025-01,,,,,,
2024-12-27 00:00:00+00:00,50 bps decrease,,0.0115,,,,,,,,,,,,,2025-01,,,,,,
2024-12-28 00:00:00+00:00,50 bps decrease,,0.0115,,,,,,,,,,,,,2025-01,,,,,,
2024-12-29 00:00:00+00:00,50 bps decrease,,0.011,,,,,,,,,,,,,2025-01,,,,,,
2024-12-30 00:00:00+00:00,50 bps decrease,,0.01,,,,,,,,,,,,,2025-01,,,,,,
2024-12-31 00:00:00+00:00,50 bps decrease,,0.0085,,,,,,,,,,,,,2025-01,,,,,,
2025-01-01 00:00:00+00:00,50 bps decrease,0.0065,,,,,,,,,,,,,2025-01,,,,,,,0.0
2025-01-02 00:00:00+00:00,50 bps decrease,0.0035,,,,,,,,,,,,,2025-01,,,,,,,0.0
2025-01-03 00:00:00+00:00,50 bps decrease,0.0035,,,,,,,,,,,,,2025-01,,,,,,,0.0
2025-01-04 00:00:00+00:00,50 bps decrease,0.0045,,,,,,,,,,,,,2025-01,,,,,,,0.0
2025-01-05 00:00:00+00:00,50 bps decrease,0.0045,,,,,,,,,,,,,2025-01,,,,,,,0.0
2025-01-06 00:00:00+00:00,50 bps decrease,0.0055,,,,,,,,,,,,,2025-01,,,,,,,0.0
2025-01-07 00:00:00+00:00,50 bps decrease,0.0055,,,,,,,,,,,,,2025-01,,,,,,,0.0
2025-01-08 00:00:00+00:00,50 bps decrease,0.0055,,,,,,,,,,,,,2025-01,,,,,,,0.0
2025-01-09 00:00:00+00:00,50 bps decrease,0.0055,,,,,,,,,,,,,2025-01,,,,,,,0.0
2025-01-10 00:00:00+00:00,50 bps decrease,0.0055,,,,,,,,,,,,,2025-01,,,,,,,0.0
2025-01-11 00:00:00+00:00,50 bps decrease,0.0035,,,,,,,,,,,,,2025-01,,,,,,,0.0
2025-01-12 00:00:00+00:00,50 bps decrease,0.0025,,,,,,,,,,,,,2025-01,,,,,,,0.0
2025-01-13 00:00:00+00:00,50 bps decrease,0.0015,,,,,,,,,,,,,2025-01,,,,,,,0.0
2025-01-14 00:00:00+00:00,50 bps decrease,0.0015,,,,,,,,,,,,,2025-01,,,,,,,0.0
2025-01-15 00:00:00+00:00,50 bps decrease,0.0025,,,,,,,,,,,,,2025-01,,,,,,,0.0
2025-01-16 00:00:00+00:00,50 bps decrease,0.0015,,,,,,,,,,,,,2025-01,,,,,,,0.0
2025-01-17 00:00:00+00:00,50 bps decrease,0.0025,,,,,,,,,,,,,2025-01,,,,,,,0.0
2025-01-18 00:00:00+00:00,50 bps decrease,0.0015,,,,,,,,,,,,,2025-01,,,,,,,0.0
2025-01-19 00:00:00+00:00,50 bps decrease,0.0015,,,,,,,,,,,,,2025-01,,,,,,,0.0
2025-01-20 00:00:00+00:00,50 bps decrease,0.0025,,,,,,,,,,,,,2025-01,,,,,,,0.0
2025-01-21 00:00:00+00:00,50 bps decrease,0.0025,,,,,,,,,,,,,2025-01,,,,,,,0.0
2025-01-22 00:00:00+00:00,50 bps decrease,0.0025,,,,,,,,,,,,,2025-01,,,,,,,0.0
2025-01-23 00:00:00+00:00,50 bps decrease,0.0005,,,,,,,,,,,,,2025-01,,,,,,,0.0
2025-01-24 00:00:00+00:00,50 bps decrease,0.0015,,,,,,,,,,,,,2025-01,,,,,,,0.0
2025-01-25 00:00:00+00:00,50 bps decrease,0.0015,,,,,,,,,,,,,2025-01,,,,,,,0.0
2025-01-26 00:00:00+00:00,50 bps decrease,0.0015,,,,,,,,,,,,,2025-01,,,,,,,0.0
2025-01-27 00:00:00+00:00,50 bps decrease,0.0015,,,,,,,,,,,,,2025-01,,,,,,,0.0
2025-01-28 00:00:00+00:00,50 bps decrease,0.0015,,,,,,,,,,,,,2025-01,,,,,,,0.0
2025-01-29 00:00:00+00:00,50 bps decrease,0.0015,,,,,,,,,,,,,2025-01,,,,,,,0.0
2022-12-16 00:00:00+00:00,50 bps increase,,,0.25,,,,,,,,,,,,,2023-02,,,,,
2022-12-17 00:00:00+00:00,50 bps increase,,,0.25,,,,,,,,,,,,,2023-02,,,,,
2022-12-18 00:00:00+00:00,50 bps increase,,,0.25,,,,,,,,,,,,,2023-02,,,,,
2022-12-19 00:00:00+00:00,50 bps increase,,,0.25,,,,,,,,,,,,,2023-02,,,,,
2022-12-20 00:00:00+00:00,50 bps increase,,,0.25,,,,,,,,,,,,,2023-02,,,,,
2022-12-21 00:00:00+00:00,50 bps increase,,,0.25,,,,,,,,,,,,,2023-02,,,,,
2022-12-22 00:00:00+00:00,50 bps increase,,,0.25,,,,,,,,,,,,,2023-02,,,,,
2022-12-23 00:00:00+00:00,50 bps increase,,,0.2,,,,,,,,,,,,,2023-02,,,,,
2022-12-24 00:00:00+00:00,50 bps increase,,,0.2,,,,,,,,,,,,,2023-02,,,,,
2022-12-25 00:00:00+00:00,50 bps increase,,,0.2,,,,,,,,,,,,,2023-02,,,,,
2022-12-26 00:00:00+00:00,50 bps increase,,,0.2,,,,,,,,,,,,,2023-02,,,,,
2022-12-27 00:00:00+00:00,50 bps increase,,,0.2,,,,,,,,,,,,,2023-02,,,,,
2022-12-28 00:00:00+00:00,50 bps increase,,,0.2,,,,,,,,,,,,,2023-02,,,,,
2022-12-29 00:00:00+00:00,50 bps increase,,,0.2,,,,,,,,,,,,,2023-02,,,,,
2022-12-30 00:00:00+00:00,50 bps increase,,,0.2,,,,,,,,,,,,,2023-02,,,,,
2022-12-31 00:00:00+00:00,50 bps increase,,,0.2,,,,,,,,,,,,,2023-02,,,,,
2023-01-01 00:00:00+00:00,50 bps increase,,0.2,,,,,,,,,,,,,2023-02,,,,,,
2023-01-02 00:00:00+00:00,50 bps increase,,0.2,,,,,,,,,,,,,2023-02,,,,,,
2023-01-03 00:00:00+00:00,50 bps increase,,0.2,,,,,,,,,,,,,2023-02,,,,,,
2023-01-04 00:00:00+00:00,50 bps increase,,0.2,,,,,,,,,,,,,2023-02,,,,,,
2023-01-05 00:00:00+00:00,50 bps increase,,0.2,,,,,,,,,,,,,2023-02,,,,,,
2023-01-06 00:00:00+00:00,50 bps increase,,0.2,,,,,,,,,,,,,2023-02,,,,,,
2023-01-07 00:00:00+00:00,50 bps increase,,0.2,,,,,,,,,,,,,2023-02,,,,,,
2023-01-08 00:00:00+00:00,50 bps increase,,0.25,,,,,,,,,,,,,2023-02,,,,,,
2023-01-09 00:00:00+00:00,50 bps increase,,0.25,,,,,,,,,,,,,2023-02,,,,,,
2023-01-10 00:00:00+00:00,50 bps increase,,0.16,,,,,,,,,,,,,2023-02,,,,,,
2023-01-11 00:00:00+00:00,50 bps increase,,0.12,,,,,,,,,,,,,2023-02,,,,,,
2023-01-12 00:00:00+00:00,50 bps increase,,0.23,,,,,,,,,,,,,2023-02,,,,,,
2023-01-13 00:00:00+00:00,50 bps increase,,0.09,,,,,,,,,,,,,2023-02,,,,,,
2023-01-14 00:00:00+00:00,50 bps increase,,0.05,,,,,,,,,,,,,2023-02,,,,,,
2023-01-15 00:00:00+00:00,50 bps increase,,0.04,,,,,,,,,,,,,2023-02,,,,,,
2023-01-16 00:00:00+00:00,50 bps increase,,0.06,,,,,,,,,,,,,2023-02,,,,,,
2023-01-17 00:00:00+00:00,50 bps increase,,0.04,,,,,,,,,,,,,2023-02,,,,,,
2023-01-18 00:00:00+00:00,50 bps increase,,0.04,,,,,,,,,,,,,2023-02,,,,,,
2023-01-19 00:00:00+00:00,50 bps increase,,0.05,,,,,,,,,,,,,2023-02,,,,,,
2023-01-20 00:00:00+00:00,50 bps increase,,0.05,,,,,,,,,,,,,2023-02,,,,,,
2023-01-21 00:00:00+00:00,50 bps increase,,0.02,,,,,,,,,,,,,2023-02,,,,,,
2023-01-22 00:00:00+00:00,50 bps increase,,0.02,,,,,,,,,,,,,2023-02,,,,,,
2023-01-24 00:00:00+00:00,50 bps increase,,0.04,,,,,,,,,,,,,2023-02,,,,,,
2023-01-25 00:00:00+00:00,50 bps increase,,0.02,,,,,,,,,,,,,2023-02,,,,,,
2023-01-26 00:00:00+00:00,50 bps increase,,0.03,,,,,,,,,,,,,2023-02,,,,,,
2023-01-27 00:00:00+00:00,50 bps increase,,0.03,,,,,,,,,,,,,2023-02,,,,,,
2023-01-28 00:00:00+00:00,50 bps increase,,0.04,,,,,,,,,,,,,2023-02,,,,,,
2023-01-29 00:00:00+00:00,50 bps increase,,0.04,,,,,,,,,,,,,2023-02,,,,,,
2023-01-30 00:00:00+00:00,50 bps increase,,0.03,,,,,,,,,,,,,2023-02,,,,,,
2023-01-31 00:00:00+00:00,50 bps increase,,0.03,,,,,,,,,,,,,2023-02,,,,,,
2023-02-01 00:00:00+00:00,50 bps increase,0.03,,,,,,,,,,,,,2023-02,,,,,,,0.0
2023-02-14 00:00:00+00:00,50 bps increase,,0.04,,,,,,,,,,,,,2023-03,,,,,,
2023-02-15 00:00:00+00:00,50 bps increase,,0.04,,,,,,,,,,,,,2023-03,,,,,,
2023-02-16 00:00:00+00:00,50 bps increase,,0.06,,,,,,,,,,,,,2023-03,,,,,,
2023-02-17 00:00:00+00:00,50 bps increase,,0.1,,,,,,,,,,,,,2023-03,,,,,,
2023-02-18 00:00:00+00:00,50 bps increase,,0.11,,,,,,,,,,,,,2023-03,,,,,,
2023-02-19 00:00:00+00:00,50 bps increase,,0.1,,,,,,,,,,,,,2023-03,,,,,,
2023-02-21 00:00:00+00:00,50 bps increase,,0.1,,,,,,,,,,,,,2023-03,,,,,,
2023-02-22 00:00:00+00:00,50 bps increase,,0.12,,,,,,,,,,,,,2023-03,,,,,,
2023-02-23 00:00:00+00:00,50 bps increase,,0.12,,,,,,,,,,,,,2023-03,,,,,,
2023-02-24 00:00:00+00:00,50 bps increase,,0.14,,,,,,,,,,,,,2023-03,,,,,,
2023-02-25 00:00:00+00:00,50 bps increase,,0.24,,,,,,,,,,,,,2023-03,,,,,,
2023-02-26 00:00:00+00:00,50 bps increase,,0.23,,,,,,,,,,,,,2023-03,,,,,,
2023-02-27 00:00:00+00:00,50 bps increase,,0.21,,,,,,,,,,,,,2023-03,,,,,,
2023-02-28 00:00:00+00:00,50 bps increase,,0.19,,,,,,,,,,,,,2023-03,,,,,,
2023-03-01 00:00:00+00:00,50 bps increase,0.16,,,,,,,,,,,,,2023-03,,,,,,,0.0
2023-03-02 00:00:00+00:00,50 bps increase,0.22,,,,,,,,,,,,,2023-03,,,,,,,0.0
2023-03-03 00:00:00+00:00,50 bps increase,0.23,,,,,,,,,,,,,2023-03,,,,,,,0.0
2023-03-04 00:00:00+00:00,50 bps increase,0.21,,,,,,,,,,,,,2023-03,,,,,,,0.0
2023-03-05 00:00:00+00:00,50 bps increase,0.21,,,,,,,,,,,,,2023-03,,,,,,,0.0
2023-03-06 00:00:00+00:00,50 bps increase,0.21,,,,,,,,,,,,,2023-03,,,,,,,0.0
2023-03-07 00:00:00+00:00,50 bps increase,0.22,,,,,,,,,,,,,2023-03,,,,,,,0.0
2023-03-08 00:00:00+00:00,50 bps increase,0.45,,,,,,,,,,,,,2023-03,,,,,,,0.0
2023-03-09 00:00:00+00:00,50 bps increase,0.55,,,,,,,,,,,,,2023-03,,,,,,,0.0
2023-03-10 00:00:00+00:00,50 bps increase,0.54,,,,,,,,,,,,,2023-03,,,,,,,0.0
2023-03-11 00:00:00+00:00,50 bps increase,0.26,,,,,,,,,,,,,2023-03,,,,,,,0.0
2023-03-12 00:00:00+00:00,50 bps increase,0.22,,,,,,,,,,,,,2023-03,,,,,,,0.0
2023-03-14 00:00:00+00:00,50 bps increase,0.08,,,,,,,,,,,,,2023-03,,,,,,,0.0
2023-03-15 00:00:00+00:00,50 bps increase,0.04,,,,,,,,,,,,,2023-03,,,,,,,0.0
2023-03-16 00:00:00+00:00,50 bps increase,0.03,,,,,,,,,,,,,2023-03,,,,,,,0.0
2023-03-17 00:00:00+00:00,50 bps increase,0.05,,,,,,,,,,,,,2023-03,,,,,,,0.0
2023-03-18 00:00:00+00:00,50 bps increase,0.04,,,,,,,,,,,,,2023-03,,,,,,,0.0
2023-03-19 00:00:00+00:00,50 bps increase,0.04,,,,,,,,,,,,,2023-03,,,,,,,0.0
2023-03-20 00:00:00+00:00,50 bps increase,0.03,,,,,,,,,,,,,2023-03,,,,,,,0.0
2023-03-21 00:00:00+00:00,50 bps increase,0.03,,,,,,,,,,,,,2023-03,,,,,,,0.0
2023-03-23 00:00:00+00:00,50 bps increase,0.5,,0.05,,,,,,,,,,,2023-03,,2023-05,,,,,0.0
2023-03-24 00:00:00+00:00,50 bps increase,0.5,,0.03,,,,,,,,,,,2023-03,,2023-05,,,,,0.0
2023-03-25 00:00:00+00:00,50 bps increase,,,0.02,,,,,,,,,,,,,2023-05,,,,,
2023-03-26 00:00:00+00:00,50 bps increase,,,0.02,,,,,,,,,,,,,2023-05,,,,,
2023-03-27 00:00:00+00:00,50 bps increase,,,0.02,,,,,,,,,,,,,2023-05,,,,,
2023-03-28 00:00:00+00:00,50 bps increase,,,0.02,,,,,,,,,,,,,2023-05,,,,,
2023-03-29 00:00:00+00:00,50 bps increase,,,0.02,,,,,,,,,,,,,2023-05,,,,,
2023-03-30 00:00:00+00:00,50 bps increase,,,0.02,,,,,,,,,,,,,2023-05,,,,,
2023-03-31 00:00:00+00:00,50 bps increase,,,0.04,,,,,,,,,,,,,2023-05,,,,,
2023-04-01 00:00:00+00:00,50 bps increase,,0.03,,,,,,,,,,,,,2023-05,,,,,,
2023-04-02 00:00:00+00:00,50 bps increase,,0.03,,,,,,,,,,,,,2023-05,,,,,,
2023-04-03 00:00:00+00:00,50 bps increase,,0.03,,,,,,,,,,,,,2023-05,,,,,,
2023-04-04 00:00:00+00:00,50 bps increase,,0.03,,,,,,,,,,,,,2023-05,,,,,,
2023-04-05 00:00:00+00:00,50 bps increase,,0.03,,,,,,,,,,,,,2023-05,,,,,,
2023-04-08 00:00:00+00:00,50 bps increase,,0.03,,,,,,,,,,,,,2023-05,,,,,,
2023-04-09 00:00:00+00:00,50 bps increase,,0.03,,,,,,,,,,,,,2023-05,,,,,,
2023-04-10 00:00:00+00:00,50 bps increase,,0.03,,,,,,,,,,,,,2023-05,,,,,,
2023-04-11 00:00:00+00:00,50 bps increase,,0.03,,,,,,,,,,,,,2023-05,,,,,,
2023-04-12 00:00:00+00:00,50 bps increase,,0.03,,,,,,,,,,,,,2023-05,,,,,,
2023-04-13 00:00:00+00:00,50 bps increase,,0.02,,,,,,,,,,,,,2023-05,,,,,,
2023-04-14 00:00:00+00:00,50 bps increase,,0.02,,,,,,,,,,,,,2023-05,,,,,,
2023-04-15 00:00:00+00:00,50 bps increase,,0.02,,,,,,,,,,,,,2023-05,,,,,,
2023-04-16 00:00:00+00:00,50 bps increase,,0.02,,,,,,,,,,,,,2023-05,,,,,,
2023-04-17 00:00:00+00:00,50 bps increase,,0.02,,,,,,,,,,,,,2023-05,,,,,,
2023-04-18 00:00:00+00:00,50 bps increase,,0.02,,,,,,,,,,,,,2023-05,,,,,,
2023-04-19 00:00:00+00:00,50 bps increase,,0.02,,,,,,,,,,,,,2023-05,,,,,,
2023-04-20 00:00:00+00:00,50 bps increase,,0.015,,,,,,,,,,,,,2023-05,,,,,,
2023-04-21 00:00:00+00:00,50 bps increase,,0.015,,,,,,,,,,,,,2023-05,,,,,,
2023-04-22 00:00:00+00:00,50 bps increase,,0.02,,,,,,,,,,,,,2023-05,,,,,,
2023-04-23 00:00:00+00:00,50 bps increase,,0.025,,,,,,,,,,,,,2023-05,,,,,,
2023-04-24 00:00:00+00:00,50 bps increase,,0.02,,,,,,,,,,,,,2023-05,,,,,,
2023-04-25 00:00:00+00:00,50 bps increase,,0.015,,,,,,,,,,,,,2023-05,,,,,,
2023-04-26 00:00:00+00:00,50 bps increase,,0.01,,,,,,,,,,,,,2023-05,,,,,,
2023-04-27 00:00:00+00:00,50 bps increase,,0.01,,,,,,,,,,,,,2023-05,,,,,,
2023-04-28 00:00:00+00:00,50 bps increase,,0.01,,,,,,,,,,,,,2023-05,,,,,,
2023-04-30 00:00:00+00:00,50 bps increase,,0.01,,,,,,,,,,,,,2023-05,,,,,,
2023-05-01 00:00:00+00:00,50 bps increase,0.01,,,,,,,,,,,,,2023-05,,,,,,,0.0
2023-05-02 00:00:00+00:00,50 bps increase,0.01,,,,,,,,,,,,,2023-05,,,,,,,0.0
2023-05-04 00:00:00+00:00,50 bps increase,0.5,0.015,,,,,,,,,,,,2023-05,2023-06,,,,,,0.0
2023-05-05 00:00:00+00:00,50 bps increase,,0.01,,,,,,,,,,,,,2023-06,,,,,,
2023-05-06 00:00:00+00:00,50 bps increase,,0.01,,,,,,,,,,,,,2023-06,,,,,,
2023-05-07 00:00:00+00:00,50 bps increase,,0.01,,,,,,,,,,,,,2023-06,,,,,,
2023-05-08 00:00:00+00:00,50 bps increase,,0.01,,,,,,,,,,,,,2023-06,,,,,,
2023-05-09 00:00:00+00:00,50 bps increase,,0.01,,,,,,,,,,,,,2023-06,,,,,,
2023-05-10 00:00:00+00:00,50 bps increase,,0.01,,,,,,,,,,,,,2023-06,,,,,,
2023-05-11 00:00:00+00:00,50 bps increase,,0.01,,,,,,,,,,,,,2023-06,,,,,,
2023-05-12 00:00:00+00:00,50 bps increase,,0.015,,,,,,,,,,,,,2023-06,,,,,,
2023-05-13 00:00:00+00:00,50 bps increase,,0.01,,,,,,,,,,,,,2023-06,,,,,,
2023-05-15 00:00:00+00:00,50 bps increase,,0.01,,,,,,,,,,,,,2023-06,,,,,,
2023-05-16 00:00:00+00:00,50 bps increase,,0.01,,,,,,,,,,,,,2023-06,,,,,,
2023-05-17 00:00:00+00:00,50 bps increase,,0.01,,,,,,,,,,,,,2023-06,,,,,,
2023-05-18 00:00:00+00:00,50 bps increase,,0.01,,,,,,,,,,,,,2023-06,,,,,,
2023-05-19 00:00:00+00:00,50 bps increase,,0.01,,,,,,,,,,,,,2023-06,,,,,,
2023-05-20 00:00:00+00:00,50 bps increase,,0.01,,,,,,,,,,,,,2023-06,,,,,,
2023-05-21 00:00:00+00:00,50 bps increase,,0.01,,,,,,,,,,,,,2023-06,,,,,,
2023-05-22 00:00:00+00:00,50 bps increase,,0.01,,,,,,,,,,,,,2023-06,,,,,,
2023-05-23 00:00:00+00:00,50 bps increase,,0.01,,,,,,,,,,,,,2023-06,,,,,,
2023-05-24 00:00:00+00:00,50 bps increase,,0.01,,,,,,,,,,,,,2023-06,,,,,,
2023-05-25 00:00:00+00:00,50 bps increase,,0.01,,,,,,,,,,,,,2023-06,,,,,,
2023-05-26 00:00:00+00:00,50 bps increase,,0.01,,,,,,,,,,,,,2023-06,,,,,,
2023-05-27 00:00:00+00:00,50 bps increase,,0.025,,,,,,,,,,,,,2023-06,,,,,,
2023-05-28 00:00:00+00:00,50 bps increase,,0.025,,,,,,,,,,,,,2023-06,,,,,,
2023-05-29 00:00:00+00:00,50 bps increase,,0.025,,,,,,,,,,,,,2023-06,,,,,,
2023-05-30 00:00:00+00:00,50 bps increase,,0.02,,,,,,,,,,,,,2023-06,,,,,,
2023-05-31 00:00:00+00:00,50 bps increase,,0.025,,,,,,,,,,,,,2023-06,,,,,,
2023-06-01 00:00:00+00:00,50 bps increase,0.015,,,,,,,,,,,,,2023-06,,,,,,,0.0
2023-06-02 00:00:00+00:00,50 bps increase,0.01,,,,,,,,,,,,,2023-06,,,,,,,0.0
2023-06-03 00:00:00+00:00,50 bps increase,0.005,,,,,,,,,,,,,2023-06,,,,,,,0.0
2023-06-04 00:00:00+00:00,50 bps increase,0.005,,,,,,,,,,,,,2023-06,,,,,,,0.0
2023-06-05 00:00:00+00:00,50 bps increase,0.005,,,,,,,,,,,,,2023-06,,,,,,,0.0
2023-06-06 00:00:00+00:00,50 bps increase,0.01,,,,,,,,,,,,,2023-06,,,,,,,0.0
2023-06-07 00:00:00+00:00,50 bps increase,0.01,,,,,,,,,,,,,2023-06,,,,,,,0.0
2023-06-08 00:00:00+00:00,50 bps increase,0.005,,,,,,,,,,,,,2023-06,,,,,,,0.0
2023-06-09 00:00:00+00:00,50 bps increase,0.005,,,,,,,,,,,,,2023-06,,,,,,,0.0
2023-06-10 00:00:00+00:00,50 bps increase,0.005,,,,,,,,,,,,,2023-06,,,,,,,0.0
2023-06-11 00:00:00+00:00,50 bps increase,0.005,,,,,,,,,,,,,2023-06,,,,,,,0.0
2023-06-12 00:00:00+00:00,50 bps increase,0.005,,,,,,,,,,,,,2023-06,,,,,,,0.0
2023-06-13 00:00:00+00:00,50 bps increase,0.005,,,,,,,,,,,,,2023-06,,,,,,,0.0
2023-06-14 00:00:00+00:00,50 bps increase,0.005,,,,,,,,,,,,,2023-06,,,,,,,0.0
2024-02-01 00:00:00+00:00,50+ bps decrease,,0.485,,,,,,,,,,,,,2024-03,,,,,,
2024-02-02 00:00:00+00:00,50+ bps decrease,,0.025,,,,,,,,,,,,,2024-03,,,,,,
2024-02-03 00:00:00+00:00,50+ bps decrease,,0.025,,,,,,,,,,,,,2024-03,,,,,,
2024-02-04 00:00:00+00:00,50+ bps decrease,,0.025,,,,,,,,,,,,,2024-03,,,,,,
2024-02-05 00:00:00+00:00,50+ bps decrease,,0.025,,,,,,,,,,,,,2024-03,,,,,,
2024-02-06 00:00:00+00:00,50+ bps decrease,,0.025,,,,,,,,,,,,,2024-03,,,,,,
2024-02-07 00:00:00+00:00,50+ bps decrease,,0.025,,,,,,,,,,,,,2024-03,,,,,,
2024-02-08 00:00:00+00:00,50+ bps decrease,,0.025,,,,,,,,,,,,,2024-03,,,,,,
2024-02-09 00:00:00+00:00,50+ bps decrease,,0.025,,,,,,,,,,,,,2024-03,,,,,,
2024-02-10 00:00:00+00:00,50+ bps decrease,,0.025,,,,,,,,,,,,,2024-03,,,,,,
2024-02-11 00:00:00+00:00,50+ bps decrease,,0.025,,,,,,,,,,,,,2024-03,,,,,,
2024-02-12 00:00:00+00:00,50+ bps decrease,,0.025,,,,,,,,,,,,,2024-03,,,,,,
2024-02-13 00:00:00+00:00,50+ bps decrease,,0.025,,,,,,,,,,,,,2024-03,,,,,,
2024-02-14 00:00:00+00:00,50+ bps decrease,,0.025,,,,,,,,,,,,,2024-03,,,,,,
2024-02-15 00:00:00+00:00,50+ bps decrease,,0.025,,,,,,,,,,,,,2024-03,,,,,,
2024-02-16 00:00:00+00:00,50+ bps decrease,,0.025,,,,,,,,,,,,,2024-03,,,,,,
2024-02-17 00:00:00+00:00,50+ bps decrease,,0.025,,,,,,,,,,,,,2024-03,,,,,,
2024-02-18 00:00:00+00:00,50+ bps decrease,,0.01,,,,,,,,,,,,,2024-03,,,,,,
2024-02-19 00:00:00+00:00,50+ bps decrease,,0.01,,,,,,,,,,,,,2024-03,,,,,,
2024-02-20 00:00:00+00:00,50+ bps decrease,,0.01,,,,,,,,,,,,,2024-03,,,,,,
2024-02-21 00:00:00+00:00,50+ bps decrease,,0.0105,,,,,,,,,,,,,2024-03,,,,,,
2024-02-22 00:00:00+00:00,50+ bps decrease,,0.0105,,,,,,,,,,,,,2024-03,,,,,,
2024-02-23 00:00:00+00:00,50+ bps decrease,,0.0105,,,,,,,,,,,,,2024-03,,,,,,
2024-02-24 00:00:00+00:00,50+ bps decrease,,0.01,,,,,,,,,,,,,2024-03,,,,,,
2024-02-25 00:00:00+00:00,50+ bps decrease,,0.01,,,,,,,,,,,,,2024-03,,,,,,
2024-02-26 00:00:00+00:00,50+ bps decrease,,0.0095,,,,,,,,,,,,,2024-03,,,,,,
2024-02-27 00:00:00+00:00,50+ bps decrease,,0.0095,,,,,,,,,,,,,2024-03,,,,,,
2024-02-28 00:00:00+00:00,50+ bps decrease,,0.0035,,,,,,,,,,,,,2024-03,,,,,,
2024-02-29 00:00:00+00:00,50+ bps decrease,,0.0035,,,,,,,,,,,,,2024-03,,,,,,
2024-03-01 00:00:00+00:00,50+ bps decrease,0.0035,,,,,,,,,,,,,2024-03,,,,,,,0.0
2024-03-02 00:00:00+00:00,50+ bps decrease,0.003,,,,,,,,,,,,,2024-03,,,,,,,0.0
2024-03-03 00:00:00+00:00,50+ bps decrease,0.0025,,,,,,,,,,,,,2024-03,,,,,,,0.0
2024-03-04 00:00:00+00:00,50+ bps decrease,0.0025,,,,,,,,,,,,,2024-03,,,,,,,0.0
2024-03-05 00:00:00+00:00,50+ bps decrease,0.0025,,,,,,,,,,,,,2024-03,,,,,,,0.0
2024-03-06 00:00:00+00:00,50+ bps decrease,0.0025,,,,,,,,,,,,,2024-03,,,,,,,0.0
2024-03-07 00:00:00+00:00,50+ bps decrease,0.0025,,,,,,,,,,,,,2024-03,,,,,,,0.0
2024-03-08 00:00:00+00:00,50+ bps decrease,0.0025,,,,,,,,,,,,,2024-03,,,,,,,0.0
2024-03-09 00:00:00+00:00,50+ bps decrease,0.002,,,,,,,,,,,,,2024-03,,,,,,,0.0
2024-03-10 00:00:00+00:00,50+ bps decrease,0.0015,,,,,,,,,,,,,2024-03,,,,,,,0.0
2024-03-11 00:00:00+00:00,50+ bps decrease,0.0015,,,,,,,,,,,,,2024-03,,,,,,,0.0
2024-03-12 00:00:00+00:00,50+ bps decrease,0.0015,,,,,,,,,,,,,2024-03,,,,,,,0.0
2024-03-13 00:00:00+00:00,50+ bps decrease,0.0015,,,,,,,,,,,,,2024-03,,,,,,,0.0
2024-03-14 00:00:00+00:00,50+ bps decrease,0.0015,,,,,,,,,,,,,2024-03,,,,,,,0.0
2024-03-15 00:00:00+00:00,50+ bps decrease,0.0015,,,,,,,,,,,,,2024-03,,,,,,,0.0
2024-03-16 00:00:00+00:00,50+ bps decrease,0.0015,,,,,,,,,,,,,2024-03,,,,,,,0.0
2024-03-17 00:00:00+00:00,50+ bps decrease,0.0015,,,,,,,,,,,,,2024-03,,,,,,,0.0
2024-03-18 00:00:00+00:00,50+ bps decrease,0.0015,,,,,,,,,,,,,2024-03,,,,,,,0.0
2024-03-19 00:00:00+00:00,50+ bps decrease,0.0015,,,,,,,,,,,,,2024-03,,,,,,,0.0
2024-03-20 00:00:00+00:00,50+ bps decrease,0.0015,,,,,,,,,,,,,2024-03,,,,,,,0.0
2024-04-04 00:00:00+00:00,50+ bps decrease,,0.0135,,,,,,,,,,,,,2024-05,,,,,,
2024-04-05 00:00:00+00:00,50+ bps decrease,,0.0145,,,,,,,,,,,,,2024-05,,,,,,
2024-04-06 00:00:00+00:00,50+ bps decrease,,0.0125,,,,,,,,,,,,,2024-05,,,,,,
2024-04-07 00:00:00+00:00,50+ bps decrease,,0.018,,,,,,,,,,,,,2024-05,,,,,,
2024-04-08 00:00:00+00:00,50+ bps decrease,,0.0155,,,,,,,,,,,,,2024-05,,,,,,
2024-04-09 00:00:00+00:00,50+ bps decrease,,0.0125,,,,,,,,,,,,,2024-05,,,,,,
2024-04-10 00:00:00+00:00,50+ bps decrease,,0.0145,,,,,,,,,,,,,2024-05,,,,,,
2024-04-11 00:00:00+00:00,50+ bps decrease,,0.0125,,,,,,,,,,,,,2024-05,,,,,,
2024-04-12 00:00:00+00:00,50+ bps decrease,,0.0105,,,,,,,,,,,,,2024-05,,,,,,
2024-04-13 00:00:00+00:00,50+ bps decrease,,0.0105,,,,,,,,,,,,,2024-05,,,,,,
2024-04-14 00:00:00+00:00,50+ bps decrease,,0.0205,,,,,,,,,,,,,2024-05,,,,,,
2024-04-15 00:00:00+00:00,50+ bps decrease,,0.0135,,,,,,,,,,,,,2024-05,,,,,,
2024-04-16 00:00:00+00:00,50+ bps decrease,,0.0135,,,,,,,,,,,,,2024-05,,,,,,
2024-04-17 00:00:00+00:00,50+ bps decrease,,0.01,,,,,,,,,,,,,2024-05,,,,,,
2024-04-18 00:00:00+00:00,50+ bps decrease,,0.01,,,,,,,,,,,,,2024-05,,,,,,
2024-04-19 00:00:00+00:00,50+ bps decrease,,0.01,,,,,,,,,,,,,2024-05,,,,,,
2024-04-20 00:00:00+00:00,50+ bps decrease,,0.0095,,,,,,,,,,,,,2024-05,,,,,,
2024-04-21 00:00:00+00:00,50+ bps decrease,,0.0095,,,,,,,,,,,,,2024-05,,,,,,
2024-04-22 00:00:00+00:00,50+ bps decrease,,0.0095,,,,,,,,,,,,,2024-05,,,,,,
2024-04-23 00:00:00+00:00,50+ bps decrease,,0.0085,,,,,,,,,,,,,2024-05,,,,,,
2024-04-24 00:00:00+00:00,50+ bps decrease,,0.0085,,,,,,,,,,,,,2024-05,,,,,,
2024-04-25 00:00:00+00:00,50+ bps decrease,,0.008,,,,,,,,,,,,,2024-05,,,,,,
2024-04-26 00:00:00+00:00,50+ bps decrease,,0.008,,,,,,,,,,,,,2024-05,,,,,,
2024-04-27 00:00:00+00:00,50+ bps decrease,,0.008,,,,,,,,,,,,,2024-05,,,,,,
2024-04-28 00:00:00+00:00,50+ bps decrease,,0.0075,,,,,,,,,,,,,2024-05,,,,,,
2024-04-29 00:00:00+00:00,50+ bps decrease,,0.008,,,,,,,,,,,,,2024-05,,,,,,
2024-04-30 00:00:00+00:00,50+ bps decrease,,0.0045,,,,,,,,,,,,,2024-05,,,,,,
2024-05-01 00:00:00+00:00,50+ bps decrease,0.004,,,,,,,,,,,,,2024-05,,,,,,,0.0
2024-05-02 00:00:00+00:00,50+ bps decrease,,0.0115,,,,,,,,,,,,,2024-06,,,,,,
2024-05-03 00:00:00+00:00,50+ bps decrease,,0.0125,,,,,,,,,,,,,2024-06,,,,,,
2024-05-04 00:00:00+00:00,50+ bps decrease,,0.0125,,,,,,,,,,,,,2024-06,,,,,,
2024-05-05 00:00:00+00:00,50+ bps decrease,,0.012,,,,,,,,,,,,,2024-06,,,,,,
2024-05-06 00:00:00+00:00,50+ bps decrease,,0.0125,,,,,,,,,,,,,2024-06,,,,,,
2024-05-07 00:00:00+00:00,50+ bps decrease,,0.0115,,,,,,,,,,,,,2024-06,,,,,,
2024-05-08 00:00:00+00:00,50+ bps decrease,,0.0075,,,,,,,,,,,,,2024-06,,,,,,
2024-05-09 00:00:00+00:00,50+ bps decrease,,0.0055,,,,,,,,,,,,,2024-06,,,,,,
2024-05-10 00:00:00+00:00,50+ bps decrease,,0.0055,,,,,,,,,,,,,2024-06,,,,,,
2024-05-11 00:00:00+00:00,50+ bps decrease,,0.005,,,,,,,,,,,,,2024-06,,,,,,
2024-05-12 00:00:00+00:00,50+ bps decrease,,0.005,,,,,,,,,,,,,2024-06,,,,,,
2024-05-13 00:00:00+00:00,50+ bps decrease,,0.005,,,,,,,,,,,,,2024-06,,,,,,
2024-05-14 00:00:00+00:00,50+ bps decrease,,0.005,,,,,,,,,,,,,2024-06,,,,,,
2024-05-15 00:00:00+00:00,50+ bps decrease,,0.005,,,,,,,,,,,,,2024-06,,,,,,
2024-05-16 00:00:00+00:00,50+ bps decrease,,0.006,,,,,,,,,,,,,2024-06,,,,,,
2024-05-17 00:00:00+00:00,50+ bps decrease,,0.006,,,,,,,,,,,,,2024-06,,,,,,
2024-05-18 00:00:00+00:00,50+ bps decrease,,0.006,,,,,,,,,,,,,2024-06,,,,,,
2024-05-19 00:00:00+00:00,50+ bps decrease,,0.006,,,,,,,,,,,,,2024-06,,,,,,
2024-05-20 00:00:00+00:00,50+ bps decrease,,0.006,,,,,,,,,,,,,2024-06,,,,,,
2024-05-21 00:00:00+00:00,50+ bps decrease,,0.0055,,,,,,,,,,,,,2024-06,,,,,,
2024-05-22 00:00:00+00:00,50+ bps decrease,,0.006,,,,,,,,,,,,,2024-06,,,,,,
2024-05-23 00:00:00+00:00,50+ bps decrease,,0.0065,,,,,,,,,,,,,2024-06,,,,,,
2024-05-24 00:00:00+00:00,50+ bps decrease,,0.0065,,,,,,,,,,,,,2024-06,,,,,,
2024-05-25 00:00:00+00:00,50+ bps decrease,,0.0075,,,,,,,,,,,,,2024-06,,,,,,
2024-05-26 00:00:00+00:00,50+ bps decrease,,0.007,,,,,,,,,,,,,2024-06,,,,,,
2024-05-27 00:00:00+00:00,50+ bps decrease,,0.007,,,,,,,,,,,,,2024-06,,,,,,
2024-05-28 00:00:00+00:00,50+ bps decrease,,0.0075,,,,,,,,,,,,,2024-06,,,,,,
2024-05-29 00:00:00+00:00,50+ bps decrease,,0.0065,,,,,,,,,,,,,2024-06,,,,,,
2024-05-30 00:00:00+00:00,50+ bps decrease,,0.0065,,,,,,,,,,,,,2024-06,,,,,,
2024-05-31 00:00:00+00:00,50+ bps decrease,,0.0065,,,,,,,,,,,,,2024-06,,,,,,
2024-06-01 00:00:00+00:00,50+ bps decrease,0.0105,,,,,,,,,,,,,2024-06,,,,,,,0.0
2024-06-02 00:00:00+00:00,50+ bps decrease,0.011,,,,,,,,,,,,,2024-06,,,,,,,0.0
2024-06-03 00:00:00+00:00,50+ bps decrease,0.0075,,,,,,,,,,,,,2024-06,,,,,,,0.0
2024-06-04 00:00:00+00:00,50+ bps decrease,0.006,,,,,,,,,,,,,2024-06,,,,,,,0.0
2024-06-05 00:00:00+00:00,50+ bps decrease,0.006,,,,,,,,,,,,,2024-06,,,,,,,0.0
2024-06-06 00:00:00+00:00,50+ bps decrease,0.0055,,,,,,,,,,,,,2024-06,,,,,,,0.0
2024-06-07 00:00:00+00:00,50+ bps decrease,0.0045,,,,,,,,,,,,,2024-06,,,,,,,0.0
2024-06-08 00:00:00+00:00,50+ bps decrease,0.003,,,,,,,,,,,,,2024-06,,,,,,,0.0
2024-06-09 00:00:00+00:00,50+ bps decrease,0.003,,,,,,,,,,,,,2024-06,,,,,,,0.0
2024-06-10 00:00:00+00:00,50+ bps decrease,0.0025,,,,,,,,,,,,,2024-06,,,,,,,0.0
2024-06-11 00:00:00+00:00,50+ bps decrease,0.0015,,,,,,,,,,,,,2024-06,,,,,,,0.0
2024-06-12 00:00:00+00:00,50+ bps decrease,0.0045,,,,,,,,,,,,,2024-06,,,,,,,0.0
2024-06-13 00:00:00+00:00,50+ bps decrease,,0.011,,,,,,,,,,,,,2024-07,,,,,,
2024-06-14 00:00:00+00:00,50+ bps decrease,,0.005,,,,,,,,,,,,,2024-07,,,,,,
2024-06-15 00:00:00+00:00,50+ bps decrease,,0.0105,,,,,,,,,,,,,2024-07,,,,,,
2024-06-16 00:00:00+00:00,50+ bps decrease,,0.0105,,,,,,,,,,,,,2024-07,,,,,,
2024-06-17 00:00:00+00:00,50+ bps decrease,,0.01,,,,,,,,,,,,,2024-07,,,,,,
2024-06-18 00:00:00+00:00,50+ bps decrease,,0.0085,,,,,,,,,,,,,2024-07,,,,,,
2024-06-19 00:00:00+00:00,50+ bps decrease,,0.0095,,,,,,,,,,,,,2024-07,,,,,,
2024-06-20 00:00:00+00:00,50+ bps decrease,,0.0095,,,,,,,,,,,,,2024-07,,,,,,
2024-06-21 00:00:00+00:00,50+ bps decrease,,0.009,,,,,,,,,,,,,2024-07,,,,,,
2024-06-22 00:00:00+00:00,50+ bps decrease,,0.0085,,,,,,,,,,,,,2024-07,,,,,,
2024-06-23 00:00:00+00:00,50+ bps decrease,,0.0085,,,,,,,,,,,,,2024-07,,,,,,
2024-06-24 00:00:00+00:00,50+ bps decrease,,0.0085,,,,,,,,,,,,,2024-07,,,,,,
2024-06-25 00:00:00+00:00,50+ bps decrease,,0.0055,,,,,,,,,,,,,2024-07,,,,,,
2024-06-26 00:00:00+00:00,50+ bps decrease,,0.0045,,,,,,,,,,,,,2024-07,,,,,,
2024-06-27 00:00:00+00:00,50+ bps decrease,,0.012,,,,,,,,,,,,,2024-07,,,,,,
2024-06-28 00:00:00+00:00,50+ bps decrease,,0.012,,,,,,,,,,,,,2024-07,,,,,,
2024-06-29 00:00:00+00:00,50+ bps decrease,,0.0045,,,,,,,,,,,,,2024-07,,,,,,
2024-06-30 00:00:00+00:00,50+ bps decrease,,0.004,,,,,,,,,,,,,2024-07,,,,,,
2024-07-01 00:00:00+00:00,50+ bps decrease,0.0035,,,,,,,,,,,,,2024-07,,,,,,,0.0
2024-07-02 00:00:00+00:00,50+ bps decrease,0.004,,,,,,,,,,,,,2024-07,,,,,,,0.0
2024-07-03 00:00:00+00:00,50+ bps decrease,0.006,,,,,,,,,,,,,2024-07,,,,,,,0.0
2024-07-04 00:00:00+00:00,50+ bps decrease,0.0115,,,,,,,,,,,,,2024-07,,,,,,,0.0
2024-07-05 00:00:00+00:00,50+ bps decrease,0.0155,,,,,,,,,,,,,2024-07,,,,,,,0.0
2024-07-06 00:00:00+00:00,50+ bps decrease,0.0135,,,,,,,,,,,,,2024-07,,,,,,,0.0
2024-07-07 00:00:00+00:00,50+ bps decrease,0.012,,,,,,,,,,,,,2024-07,,,,,,,0.0
2024-07-08 00:00:00+00:00,50+ bps decrease,0.011,,,,,,,,,,,,,2024-07,,,,,,,0.0
2024-07-09 00:00:00+00:00,50+ bps decrease,0.009,,,,,,,,,,,,,2024-07,,,,,,,0.0
2024-07-10 00:00:00+00:00,50+ bps decrease,0.008,,,,,,,,,,,,,2024-07,,,,,,,0.0
2024-07-11 00:00:00+00:00,50+ bps decrease,0.006,,,,,,,,,,,,,2024-07,,,,,,,0.0
2024-07-12 00:00:00+00:00,50+ bps decrease,0.0185,,,,,,,,,,,,,2024-07,,,,,,,0.0
2024-07-13 00:00:00+00:00,50+ bps decrease,0.013,,,,,,,,,,,,,2024-07,,,,,,,0.0
2024-07-14 00:00:00+00:00,50+ bps decrease,0.008,,,,,,,,,,,,,2024-07,,,,,,,0.0
2024-07-15 00:00:00+00:00,50+ bps decrease,0.0085,,,,,,,,,,,,,2024-07,,,,,,,0.0
2024-07-16 00:00:00+00:00,50+ bps decrease,0.01,,,,,,,,,,,,,2024-07,,,,,,,0.0
2024-07-17 00:00:00+00:00,50+ bps decrease,0.0095,,,,,,,,,,,,,2024-07,,,,,,,0.0
2024-07-18 00:00:00+00:00,50+ bps decrease,0.0055,,,,,,,,,,,,,2024-07,,,,,,,0.0
2024-07-19 00:00:00+00:00,50+ bps decrease,0.0075,,,,,,,,,,,,,2024-07,,,,,,,0.0
2024-07-20 00:00:00+00:00,50+ bps decrease,0.006,,,,,,,,,,,,,2024-07,,,,,,,0.0
2024-07-21 00:00:00+00:00,50+ bps decrease,0.005,,,,,,,,,,,,,2024-07,,,,,,,0.0
2024-07-22 00:00:00+00:00,50+ bps decrease,0.005,,,,,,,,,,,,,2024-07,,,,,,,0.0
2024-07-23 00:00:00+00:00,50+ bps decrease,0.0105,,,,,,,,,,,,,2024-07,,,,,,,0.0
2024-07-24 00:00:00+00:00,50+ bps decrease,0.0115,,,,,,,,,,,,,2024-07,,,,,,,0.0
2024-07-25 00:00:00+00:00,50+ bps decrease,0.0175,,,,,,,,,,,,,2024-07,,,,,,,0.0
2024-07-26 00:00:00+00:00,50+ bps decrease,0.014,,,,,,,,,,,,,2024-07,,,,,,,0.0
2024-07-27 00:00:00+00:00,50+ bps decrease,0.003,,,,,,,,,,,,,2024-07,,,,,,,0.0
2024-07-28 00:00:00+00:00,50+ bps decrease,0.006,,,,,,,,,,,,,2024-07,,,,,,,0.0
2024-07-29 00:00:00+00:00,50+ bps decrease,0.006,,,,,,,,,,,,,2024-07,,,,,,,0.0
2024-07-30 00:00:00+00:00,50+ bps decrease,0.0065,,,,,,,,,,,,,2024-07,,,,,,,0.0
2024-07-31 00:00:00+00:00,50+ bps decrease,0.0045,,,,,,,,,,,,,2024-07,,,,,,,0.0
2024-08-01 00:00:00+00:00,50+ bps decrease,,0.085,,,,,,,,,,,,,2024-09,,,,,,
2024-08-02 00:00:00+00:00,50+ bps decrease,,0.175,,,,,,,,,,,,,2024-09,,,,,,
2024-08-03 00:00:00+00:00,50+ bps decrease,,0.545,,,,,,,,,,,,,2024-09,,,,,,
2024-08-04 00:00:00+00:00,50+ bps decrease,,0.445,,,,,,,,,,,,,2024-09,,,,,,
2024-08-05 00:00:00+00:00,50+ bps decrease,,0.52,,,,,,,,,,,,,2024-09,,,,,,
2024-08-06 00:00:00+00:00,50+ bps decrease,,0.59,,,,,,,,,,,,,2024-09,,,,,,
2024-08-07 00:00:00+00:00,50+ bps decrease,,0.515,,,,,,,,,,,,,2024-09,,,,,,
2024-08-08 00:00:00+00:00,50+ bps decrease,,0.54,,,,,,,,,,,,,2024-09,,,,,,
2024-08-09 00:00:00+00:00,50+ bps decrease,,0.465,,,,,,,,,,,,,2024-09,,,,,,
2024-08-10 00:00:00+00:00,50+ bps decrease,,0.315,,,,,,,,,,,,,2024-09,,,,,,
2024-08-11 00:00:00+00:00,50+ bps decrease,,0.345,,,,,,,,,,,,,2024-09,,,,,,
2024-08-12 00:00:00+00:00,50+ bps decrease,,0.295,,,,,,,,,,,,,2024-09,,,,,,
2024-08-13 00:00:00+00:00,50+ bps decrease,,0.33,,,,,,,,,,,,,2024-09,,,,,,
2024-08-14 00:00:00+00:00,50+ bps decrease,,0.325,,,,,,,,,,,,,2024-09,,,,,,
2024-08-15 00:00:00+00:00,50+ bps decrease,,0.215,,,,,,,,,,,,,2024-09,,,,,,
2024-08-16 00:00:00+00:00,50+ bps decrease,,0.125,,,,,,,,,,,,,2024-09,,,,,,
2024-08-17 00:00:00+00:00,50+ bps decrease,,0.145,,,,,,,,,,,,,2024-09,,,,,,
2024-08-18 00:00:00+00:00,50+ bps decrease,,0.14,,,,,,,,,,,,,2024-09,,,,,,
2024-08-19 00:00:00+00:00,50+ bps decrease,,0.145,,,,,,,,,,,,,2024-09,,,,,,
2024-08-20 00:00:00+00:00,50+ bps decrease,,0.15,,,,,,,,,,,,,2024-09,,,,,,
2024-08-21 00:00:00+00:00,50+ bps decrease,,0.165,,,,,,,,,,,,,2024-09,,,,,,
2024-08-22 00:00:00+00:00,50+ bps decrease,,0.225,,,,,,,,,,,,,2024-09,,,,,,
2024-08-23 00:00:00+00:00,50+ bps decrease,,0.17,,,,,,,,,,,,,2024-09,,,,,,
2024-08-24 00:00:00+00:00,50+ bps decrease,,0.225,,,,,,,,,,,,,2024-09,,,,,,
2024-08-25 00:00:00+00:00,50+ bps decrease,,0.205,,,,,,,,,,,,,2024-09,,,,,,
2024-08-26 00:00:00+00:00,50+ bps decrease,,0.215,,,,,,,,,,,,,2024-09,,,,,,
2024-08-27 00:00:00+00:00,50+ bps decrease,,0.225,,,,,,,,,,,,,2024-09,,,,,,
2024-08-28 00:00:00+00:00,50+ bps decrease,,0.245,,,,,,,,,,,,,2024-09,,,,,,
2024-08-29 00:00:00+00:00,50+ bps decrease,,0.245,,,,,,,,,,,,,2024-09,,,,,,
2024-08-30 00:00:00+00:00,50+ bps decrease,,0.225,,,,,,,,,,,,,2024-09,,,,,,
2024-08-31 00:00:00+00:00,50+ bps decrease,,0.22,,,,,,,,,,,,,2024-09,,,,,,
2024-09-01 00:00:00+00:00,50+ bps decrease,0.215,,,,,,,,,,,,,2024-09,,,,,,,1.0
2024-09-02 00:00:00+00:00,50+ bps decrease,0.205,,,,,,,,,,,,,2024-09,,,,,,,1.0
2024-09-03 00:00:00+00:00,50+ bps decrease,0.205,,,,,,,,,,,,,2024-09,,,,,,,1.0
2024-09-04 00:00:00+00:00,50+ bps decrease,0.225,,,,,,,,,,,,,2024-09,,,,,,,1.0
2024-09-05 00:00:00+00:00,50+ bps decrease,0.365,,,,,,,,,,,,,2024-09,,,,,,,1.0
2024-09-06 00:00:00+00:00,50+ bps decrease,0.325,,,,,,,,,,,,,2024-09,,,,,,,1.0
2024-09-07 00:00:00+00:00,50+ bps decrease,0.245,,,,,,,,,,,,,2024-09,,,,,,,1.0
2024-09-08 00:00:00+00:00,50+ bps decrease,0.265,,,,,,,,,,,,,2024-09,,,,,,,1.0
2024-09-09 00:00:00+00:00,50+ bps decrease,0.255,,,,,,,,,,,,,2024-09,,,,,,,1.0
2024-09-10 00:00:00+00:00,50+ bps decrease,0.225,,,,,,,,,,,,,2024-09,,,,,,,1.0
2024-09-11 00:00:00+00:00,50+ bps decrease,0.235,,,,,,,,,,,,,2024-09,,,,,,,1.0
2024-09-12 00:00:00+00:00,50+ bps decrease,0.075,,,,,,,,,,,,,2024-09,,,,,,,1.0
2024-09-13 00:00:00+00:00,50+ bps decrease,0.265,,,,,,,,,,,,,2024-09,,,,,,,1.0
2024-09-14 00:00:00+00:00,50+ bps decrease,0.345,,,,,,,,,,,,,2024-09,,,,,,,1.0
2024-09-15 00:00:00+00:00,50+ bps decrease,0.345,,,,,,,,,,,,,2024-09,,,,,,,1.0
2024-09-16 00:00:00+00:00,50+ bps decrease,0.425,,,,,,,,,,,,,2024-09,,,,,,,1.0
2024-09-17 00:00:00+00:00,50+ bps decrease,0.585,,,,,,,,,,,,,2024-09,,,,,,,1.0
2024-09-18 00:00:00+00:00,50+ bps decrease,0.542,,,,,,,,,,,,,2024-09,,,,,,,1.0
2025-03-20 00:00:00+00:00,50+ bps decrease,,,,,0.05,,,,,,,,,,,,,2025-07,,,
2025-03-21 00:00:00+00:00,50+ bps decrease,,,,,0.055,,,,,,,,,,,,,2025-07,,,
2025-03-22 00:00:00+00:00,50+ bps decrease,,,,,0.0385,,,,,,,,,,,,,2025-07,,,
2025-03-23 00:00:00+00:00,50+ bps decrease,,,,,0.0475,,,,,,,,,,,,,2025-07,,,
2025-03-24 00:00:00+00:00,50+ bps decrease,,,,,0.051,,,,,,,,,,,,,2025-07,,,
2025-03-25 00:00:00+00:00,50+ bps decrease,,,,,0.054,,,,,,,,,,,,,2025-07,,,
2025-03-26 00:00:00+00:00,50+ bps decrease,,,,,0.0535,,,,,,,,,,,,,2025-07,,,
2025-03-27 00:00:00+00:00,50+ bps decrease,,,,,0.0425,,,,,,,,,,,,,2025-07,,,
2025-03-28 00:00:00+00:00,50+ bps decrease,,,,,0.0535,,,,,,,,,,,,,2025-07,,,
2025-03-29 00:00:00+00:00,50+ bps decrease,,,,,0.04,,,,,,,,,,,,,2025-07,,,
2025-03-30 00:00:00+00:00,50+ bps decrease,,,,,0.041,,,,,,,,,,,,,2025-07,,,
2025-03-31 00:00:00+00:00,50+ bps decrease,,,,,0.041,,,,,,,,,,,,,2025-07,,,
2025-04-01 00:00:00+00:00,50+ bps decrease,,,,0.041,,,,,,,,,,,,,2025-07,,,,
2025-04-02 00:00:00+00:00,50+ bps decrease,,,,0.046,,,,,,,,,,,,,2025-07,,,,
2025-04-03 00:00:00+00:00,50+ bps decrease,,,,0.043,,,,,,,,,,,,,2025-07,,,,
2025-04-04 00:00:00+00:00,50+ bps decrease,,,,0.072,,,,,,,,,,,,,2025-07,,,,
2025-04-05 00:00:00+00:00,50+ bps decrease,,,,0.075,,,,,,,,,,,,,2025-07,,,,
2025-04-06 00:00:00+00:00,50+ bps decrease,,,,0.0795,,,,,,,,,,,,,2025-07,,,,
2025-04-07 00:00:00+00:00,50+ bps decrease,,,,0.0785,,,,,,,,,,,,,2025-07,,,,
2025-04-08 00:00:00+00:00,50+ bps decrease,,,,0.083,,,,,,,,,,,,,2025-07,,,,
2025-04-09 00:00:00+00:00,50+ bps decrease,,,,0.085,,,,,,,,,,,,,2025-07,,,,
2025-04-10 00:00:00+00:00,50+ bps decrease,,,,0.074,,,,,,,,,,,,,2025-07,,,,
2025-04-11 00:00:00+00:00,50+ bps decrease,,,,0.1115,,,,,,,,,,,,,2025-07,,,,
2025-04-12 00:00:00+00:00,50+ bps decrease,,,,0.115,,,,,,,,,,,,,2025-07,,,,
2025-04-13 00:00:00+00:00,50+ bps decrease,,,,0.0995,,,,,,,,,,,,,2025-07,,,,
2025-04-14 00:00:00+00:00,50+ bps decrease,,,,0.103,,,,,,,,,,,,,2025-07,,,,
2025-04-15 00:00:00+00:00,50+ bps decrease,,,,0.105,,,,,,,,,,,,,2025-07,,,,
2025-04-16 00:00:00+00:00,50+ bps decrease,,,,0.096,,,,,,,,,,,,,2025-07,,,,
2025-04-17 00:00:00+00:00,50+ bps decrease,,,,0.0975,,,,,,,,,,,,,2025-07,,,,
2025-04-18 00:00:00+00:00,50+ bps decrease,,,,0.1,,,,,,,,,,,,,2025-07,,,,
2025-04-19 00:00:00+00:00,50+ bps decrease,,,,0.1,,,,,,,,,,,,,2025-07,,,,
2025-04-20 00:00:00+00:00,50+ bps decrease,,,,0.098,,,,,,,,,,,,,2025-07,,,,
2025-04-21 00:00:00+00:00,50+ bps decrease,,,,0.0975,,,,,,,,,,,,,2025-07,,,,
2025-04-22 00:00:00+00:00,50+ bps decrease,,,,0.099,,,,,,,,,,,,,2025-07,,,,
2025-04-23 00:00:00+00:00,50+ bps decrease,,,,0.097,,,,,,,,,,,,,2025-07,,,,
2025-04-24 00:00:00+00:00,50+ bps decrease,,,,0.098,,,,,,,,,,,,,2025-07,,,,
2025-04-25 00:00:00+00:00,50+ bps decrease,,,,0.0935,,,,,,,,,,,,,2025-07,,,,
2025-04-26 00:00:00+00:00,50+ bps decrease,,,,0.084,,,,,,,,,,,,,2025-07,,,,
2025-04-27 00:00:00+00:00,50+ bps decrease,,,,0.082,,,,,,,,,,,,,2025-07,,,,
2025-04-28 00:00:00+00:00,50+ bps decrease,,,,0.0815,,,,,,,,,,,,,2025-07,,,,
2025-04-29 00:00:00+00:00,50+ bps decrease,,,,0.0725,,,,,,,,,,,,,2025-07,,,,
2025-04-30 00:00:00+00:00,50+ bps decrease,,,,0.06,,,,,,,,,,,,,2025-07,,,,
2025-05-01 00:00:00+00:00,50+ bps decrease,,,0.068,,,,,,,,,,,,,2025-07,,,,,
2025-05-02 00:00:00+00:00,50+ bps decrease,,,0.067,,,,,,,,,,,,,2025-07,,,,,
2025-05-03 00:00:00+00:00,50+ bps decrease,,,0.067,,,,,,,,,,,,,2025-07,,,,,
2025-05-04 00:00:00+00:00,50+ bps decrease,,,0.0665,,,,,,,,,,,,,2025-07,,,,,
2025-05-05 00:00:00+00:00,50+ bps decrease,,,0.057,,,,,,,,,,,,,2025-07,,,,,
2025-05-06 00:00:00+00:00,50+ bps decrease,,,0.055,,,,,,,,,,,,,2025-07,,,,,
2025-05-07 00:00:00+00:00,50+ bps decrease,,,0.056,,,,,,,,,,,,,2025-07,,,,,
2025-05-08 00:00:00+00:00,50+ bps decrease,,,0.0615,,0.036,,,,,,,,,,,2025-07,,2025-09,,,
2025-05-09 00:00:00+00:00,50+ bps decrease,,,0.0615,,0.117,,,,,,,,,,,2025-07,,2025-09,,,
2025-05-10 00:00:00+00:00,50+ bps decrease,,,0.0555,,0.0985,,,,,,,,,,,2025-07,,2025-09,,,
2025-05-11 00:00:00+00:00,50+ bps decrease,,,0.0555,,0.099,,,,,,,,,,,2025-07,,2025-09,,,
2025-05-12 00:00:00+00:00,50+ bps decrease,,,0.056,,0.08,,,,,,,,,,,2025-07,,2025-09,,,
2025-05-13 00:00:00+00:00,50+ bps decrease,,,0.0315,,0.062,,,,,,,,,,,2025-07,,2025-09,,,
2025-05-14 00:00:00+00:00,50+ bps decrease,,,0.0395,,0.055,,,,,,,,,,,2025-07,,2025-09,,,
2025-05-15 00:00:00+00:00,50+ bps decrease,,,0.0365,,0.048,,,,,,,,,,,2025-07,,2025-09,,,
2025-05-16 00:00:00+00:00,50+ bps decrease,,,0.0345,,0.0525,,,,,,,,,,,2025-07,,2025-09,,,
2025-05-17 00:00:00+00:00,50+ bps decrease,,,0.0355,,0.0525,,,,,,,,,,,2025-07,,2025-09,,,
2025-05-18 00:00:00+00:00,50+ bps decrease,,,0.038,,0.0525,,,,,,,,,,,2025-07,,2025-09,,,
2025-05-19 00:00:00+00:00,50+ bps decrease,,,0.031,,0.0515,,,,,,,,,,,2025-07,,2025-09,,,
2025-05-20 00:00:00+00:00,50+ bps decrease,,,0.042,,0.047,,,,,,,,,,,2025-07,,2025-09,,,
2025-05-21 00:00:00+00:00,50+ bps decrease,,,0.0505,,0.051,,,,,,,,,,,2025-07,,2025-09,,,
2025-05-22 00:00:00+00:00,50+ bps decrease,,,0.0375,,0.0445,,,,,,,,,,,2025-07,,2025-09,,,
2025-05-23 00:00:00+00:00,50+ bps decrease,,,0.033,,0.045,,,,,,,,,,,2025-07,,2025-09,,,
2025-05-24 00:00:00+00:00,50+ bps decrease,,,0.032,,0.0355,,,,,,,,,,,2025-07,,2025-09,,,
2025-05-25 00:00:00+00:00,50+ bps decrease,,,0.031,,0.0385,,,,,,,,,,,2025-07,,2025-09,,,
2025-05-26 00:00:00+00:00,50+ bps decrease,,,0.028,,0.0345,,,,,,,,,,,2025-07,,2025-09,,,
2025-05-27 00:00:00+00:00,50+ bps decrease,,,0.0305,,0.034,,,,,,,,,,,2025-07,,2025-09,,,
2025-05-28 00:00:00+00:00,50+ bps decrease,,,0.0235,,0.0315,,,,,,,,,,,2025-07,,2025-09,,,
2025-05-29 00:00:00+00:00,50+ bps decrease,,,0.0265,,0.0305,,,,,,,,,,,2025-07,,2025-09,,,
2025-05-30 00:00:00+00:00,50+ bps decrease,,,0.0295,,0.032,,,,,,,,,,,2025-07,,2025-09,,,
2025-05-31 00:00:00+00:00,50+ bps decrease,,,0.0235,,0.035,,,,,,,,,,,2025-07,,2025-09,,,
2025-06-01 00:00:00+00:00,50+ bps decrease,,0.024,,0.036,,,,,,,,,,,2025-07,,2025-09,,,,
2025-06-02 00:00:00+00:00,50+ bps decrease,,0.023,,0.0355,,,,,,,,,,,2025-07,,2025-09,,,,
2025-06-03 00:00:00+00:00,50+ bps decrease,,0.019,,0.0355,,,,,,,,,,,2025-07,,2025-09,,,,
2025-06-04 00:00:00+00:00,50+ bps decrease,,0.0165,,0.045,,,,,,,,,,,2025-07,,2025-09,,,,
2025-06-05 00:00:00+00:00,50+ bps decrease,,0.015,,0.0365,,,,,,,,,,,2025-07,,2025-09,,,,
2025-06-06 00:00:00+00:00,50+ bps decrease,,0.012,,0.0345,,,,,,,,,,,2025-07,,2025-09,,,,
2025-06-07 00:00:00+00:00,50+ bps decrease,,0.0125,,0.0415,,,,,,,,,,,2025-07,,2025-09,,,,
2025-06-08 00:00:00+00:00,50+ bps decrease,,0.013,,0.0375,,,,,,,,,,,2025-07,,2025-09,,,,
2025-06-09 00:00:00+00:00,50+ bps decrease,,0.0135,,0.0325,,,,,,,,,,,2025-07,,2025-09,,,,
2025-06-10 00:00:00+00:00,50+ bps decrease,,0.0135,,0.036,,,,,,,,,,,2025-07,,2025-09,,,,
2025-06-11 00:00:00+00:00,50+ bps decrease,,0.013,,0.0345,,,,,,,,,,,2025-07,,2025-09,,,,
2025-06-12 00:00:00+00:00,50+ bps decrease,,0.011,,0.034,,,,,,,,,,,2025-07,,2025-09,,,,
2025-06-13 00:00:00+00:00,50+ bps decrease,,0.012,,0.035,,,,,,,,,,,2025-07,,2025-09,,,,
2025-06-14 00:00:00+00:00,50+ bps decrease,,0.014,,0.0365,,,,,,,,,,,2025-07,,2025-09,,,,
2025-06-15 00:00:00+00:00,50+ bps decrease,,0.017,,0.0405,,,,,,,,,,,2025-07,,2025-09,,,,
2025-06-16 00:00:00+00:00,50+ bps decrease,,0.0145,,0.036,,,,,,,,,,,2025-07,,2025-09,,,,
2025-06-17 00:00:00+00:00,50+ bps decrease,,0.017,,0.037,,,,,,,,,,,2025-07,,2025-09,,,,
2025-06-18 00:00:00+00:00,50+ bps decrease,,0.0395,,0.0405,,,,,,,,,,,2025-07,,2025-09,,,,
2025-06-19 00:00:00+00:00,50+ bps decrease,,0.008,,0.0375,,,,,,,,,,,2025-07,,2025-09,,,,
2025-06-20 00:00:00+00:00,50+ bps decrease,,0.011,,0.036,0.06,,,,,,,,,,2025-07,,2025-09,2025-10,,,
2025-06-21 00:00:00+00:00,50+ bps decrease,,0.011,,0.031,0.0635,,,,,,,,,,2025-07,,2025-09,2025-10,,,
2025-06-22 00:00:00+00:00,50+ bps decrease,,0.0095,,0.0275,0.0625,,,,,,,,,,2025-07,,2025-09,2025-10,,,
2025-06-23 00:00:00+00:00,50+ bps decrease,,0.015,,0.0345,0.0655,,,,,,,,,,2025-07,,2025-09,2025-10,,,
2025-06-24 00:00:00+00:00,50+ bps decrease,,0.0135,,0.037,0.0675,,,,,,,,,,2025-07,,2025-09,2025-10,,,
2025-06-25 00:00:00+00:00,50+ bps decrease,,0.0205,,0.04,0.08,,,,,,,,,,2025-07,,2025-09,2025-10,,,
2025-06-26 00:00:00+00:00,50+ bps decrease,,0.0175,,0.0565,0.0825,,,,,,,,,,2025-07,,2025-09,2025-10,,,
2025-06-27 00:00:00+00:00,50+ bps decrease,,0.0175,,0.0695,0.084,,,,,,,,,,2025-07,,2025-09,2025-10,,,
2025-06-28 00:00:00+00:00,50+ bps decrease,,0.017,,0.059,0.0895,,,,,,,,,,2025-07,,2025-09,2025-10,,,
2025-06-29 00:00:00+00:00,50+ bps decrease,,0.019,,0.057,0.0855,,,,,,,,,,2025-07,,2025-09,2025-10,,,
2025-06-30 00:00:00+00:00,50+ bps decrease,,0.0175,,0.054,0.0855,,,,,,,,,,2025-07,,2025-09,2025-10,,,
2025-07-01 00:00:00+00:00,50+ bps decrease,0.0165,,0.0745,0.0845,,,,,,,,,,2025-07,,2025-09,2025-10,,,,0.0
2025-07-02 00:00:00+00:00,50+ bps decrease,0.0115,,0.066,0.072,,,,,,,,,,2025-07,,2025-09,2025-10,,,,0.0
2025-07-03 00:00:00+00:00,50+ bps decrease,0.018,,0.0655,0.074,,,,,,,,,,2025-07,,2025-09,2025-10,,,,0.0
2025-07-04 00:00:00+00:00,50+ bps decrease,0.008,,0.0545,0.056,,,,,,,,,,2025-07,,2025-09,2025-10,,,,0.0
2025-07-05 00:00:00+00:00,50+ bps decrease,0.0085,,0.0545,0.0625,,,,,,,,,,2025-07,,2025-09,2025-10,,,,0.0
2025-07-06 00:00:00+00:00,50+ bps decrease,0.0085,,0.0485,0.0655,,,,,,,,,,2025-07,,2025-09,2025-10,,,,0.0
2025-07-07 00:00:00+00:00,50+ bps decrease,0.008,,0.051,0.07,,,,,,,,,,2025-07,,2025-09,2025-10,,,,0.0
2025-07-08 00:00:00+00:00,50+ bps decrease,0.0085,,0.0575,0.0725,,,,,,,,,,2025-07,,2025-09,2025-10,,,,0.0
2025-07-09 00:00:00+00:00,50+ bps decrease,0.0085,,0.0675,0.0775,,,,,,,,,,2025-07,,2025-09,2025-10,,,,0.0
2025-07-10 00:00:00+00:00,50+ bps decrease,0.0115,,0.0585,0.0695,,,,,,,,,,2025-07,,2025-09,2025-10,,,,0.0
2025-07-11 00:00:00+00:00,50+ bps decrease,0.0105,,0.0585,0.0685,,,,,,,,,,2025-07,,2025-09,2025-10,,,,0.0
2025-07-12 00:00:00+00:00,50+ bps decrease,0.016,,0.06,0.0715,,,,,,,,,,2025-07,,2025-09,2025-10,,,,0.0
2025-07-13 00:00:00+00:00,50+ bps decrease,0.0205,,0.051,0.053,,,,,,,,,,2025-07,,2025-09,2025-10,,,,0.0
2025-07-14 00:00:00+00:00,50+ bps decrease,0.0195,,0.0855,0.0755,,,,,,,,,,2025-07,,2025-09,2025-10,,,,0.0
2025-07-15 00:00:00+00:00,50+ bps decrease,0.015,,0.0775,0.078,,,,,,,,,,2025-07,,2025-09,2025-10,,,,0.0
2025-07-16 00:00:00+00:00,50+ bps decrease,0.009,,0.056,0.0665,,,,,,,,,,2025-07,,2025-09,2025-10,,,,0.0
2025-07-17 00:00:00+00:00,50+ bps decrease,0.0115,,0.056,0.0755,,,,,,,,,,2025-07,,2025-09,2025-10,,,,0.0
2025-07-18 00:00:00+00:00,50+ bps decrease,0.0085,,0.0825,0.0785,,,,,,,,,,2025-07,,2025-09,2025-10,,,,0.0
2025-07-19 00:00:00+00:00,50+ bps decrease,0.0075,,0.061,0.0765,,,,,,,,,,2025-07,,2025-09,2025-10,,,,0.0
2025-07-20 00:00:00+00:00,50+ bps decrease,0.0075,,0.072,0.0645,,,,,,,,,,2025-07,,2025-09,2025-10,,,,0.0
2025-07-21 00:00:00+00:00,50+ bps decrease,0.0075,,0.0675,0.068,,,,,,,,,,2025-07,,2025-09,2025-10,,,,0.0
2025-07-22 00:00:00+00:00,50+ bps decrease,0.0065,,0.0645,0.076,,,,,,,,,,2025-07,,2025-09,2025-10,,,,0.0
2025-07-23 00:00:00+00:00,50+ bps decrease,0.0065,,0.066,0.076,,,,,,,,,,2025-07,,2025-09,2025-10,,,,0.0
2025-07-24 00:00:00+00:00,50+ bps decrease,0.0065,,0.0655,0.0655,,,,,,,,,,2025-07,,2025-09,2025-10,,,,0.0
2025-07-25 00:00:00+00:00,50+ bps decrease,0.01,,0.065,0.0635,,,,,,,,,,2025-07,,2025-09,2025-10,,,,0.0
2025-07-26 00:00:00+00:00,50+ bps decrease,0.0075,,0.072,0.076,,,,,,,,,,2025-07,,2025-09,2025-10,,,,0.0
2025-07-27 00:00:00+00:00,50+ bps decrease,0.0095,,0.079,0.077,,,,,,,,,,2025-07,,2025-09,2025-10,,,,0.0
2025-07-28 00:00:00+00:00,50+ bps decrease,0.009,,0.0795,0.0775,,,,,,,,,,2025-07,,2025-09,2025-10,,,,0.0
2025-07-29 00:00:00+00:00,50+ bps decrease,0.0045,,0.058,0.0725,,,,,,,,,,2025-07,,2025-09,2025-10,,,,0.0
2025-07-30 00:00:00+00:00,50+ bps decrease,0.0025,,0.0565,0.073,,,,,,,,,,2025-07,,2025-09,2025-10,,,,0.0
2025-07-31 00:00:00+00:00,50+ bps decrease,,,0.016,0.06,,,,,,,,,,,,2025-09,2025-10,,,,
2025-08-01 00:00:00+00:00,50+ bps decrease,,0.0205,0.057,,0.11,,,,,,,,,,2025-09,2025-10,,2025-12,,,
2025-08-02 00:00:00+00:00,50+ bps decrease,,0.0825,0.0535,,0.07,,,,,,,,,,2025-09,2025-10,,2025-12,,,
2025-08-03 00:00:00+00:00,50+ bps decrease,,0.0735,0.057,,0.065,,,,,,,,,,2025-09,2025-10,,2025-12,,,
2025-08-04 00:00:00+00:00,50+ bps decrease,,0.0775,0.0575,,0.065,,,,,,,,,,2025-09,2025-10,,2025-12,,,
2025-08-05 00:00:00+00:00,50+ bps decrease,,0.079,0.054,,0.065,,,,,,,,,,2025-09,2025-10,,2025-12,,,
2025-08-06 00:00:00+00:00,50+ bps decrease,,0.0695,0.0555,,0.065,,,,,,,,,,2025-09,2025-10,,2025-12,,,
2025-08-07 00:00:00+00:00,50+ bps decrease,,0.066,0.057,,0.065,,,,,,,,,,2025-09,2025-10,,2025-12,,,
2025-08-08 00:00:00+00:00,50+ bps decrease,,0.0675,0.058,,0.065,,,,,,,,,,2025-09,2025-10,,2025-12,,,
2025-08-09 00:00:00+00:00,50+ bps decrease,,0.0665,0.058,,0.065,,,,,,,,,,2025-09,2025-10,,2025-12,,,
2025-08-10 00:00:00+00:00,50+ bps decrease,,0.067,0.0585,,0.065,,,,,,,,,,2025-09,2025-10,,2025-12,,,
2025-08-11 00:00:00+00:00,50+ bps decrease,,0.0665,0.0575,,0.065,,,,,,,,,,2025-09,2025-10,,2025-12,,,
2025-08-12 00:00:00+00:00,50+ bps decrease,,0.0635,0.0675,,0.065,,,,,,,,,,2025-09,2025-10,,2025-12,,,
2025-08-13 00:00:00+00:00,50+ bps decrease,,0.0575,0.0665,,0.055,,,,,,,,,,2025-09,2025-10,,2025-12,,,
2025-08-14 00:00:00+00:00,50+ bps decrease,,0.085,0.068,,0.065,,,,,,,,,,2025-09,2025-10,,2025-12,,,
2025-08-15 00:00:00+00:00,50+ bps decrease,,0.0375,0.056,,0.065,,,,,,,,,,2025-09,2025-10,,2025-12,,,
2025-08-16 00:00:00+00:00,50+ bps decrease,,0.0375,0.058,,0.065,,,,,,,,,,2025-09,2025-10,,2025-12,,,
2025-08-17 00:00:00+00:00,50+ bps decrease,,0.0375,0.058,,0.065,,,,,,,,,,2025-09,2025-10,,2025-12,,,
2025-08-18 00:00:00+00:00,50+ bps decrease,,0.035,0.0565,,0.065,,,,,,,,,,2025-09,2025-10,,2025-12,,,
2025-08-19 00:00:00+00:00,50+ bps decrease,,0.03,0.057,,0.065,,,,,,,,,,2025-09,2025-10,,2025-12,,,
2025-08-20 00:00:00+00:00,50+ bps decrease,,0.0265,0.058,,0.06,,,,,,,,,,2025-09,2025-10,,2025-12,,,
2025-08-21 00:00:00+00:00,50+ bps decrease,,0.0245,0.059,,0.06,,,,,,,,,,2025-09,2025-10,,2025-12,,,
2025-08-22 00:00:00+00:00,50+ bps decrease,,0.0225,0.055,,0.06,,,,,,,,,,2025-09,2025-10,,2025-12,,,
2025-08-23 00:00:00+00:00,50+ bps decrease,,0.032,0.0525,,0.065,,,,,,,,,,2025-09,2025-10,,2025-12,,,
2025-08-24 00:00:00+00:00,50+ bps decrease,,0.0375,0.047,,0.06,,,,,,,,,,2025-09,2025-10,,2025-12,,,
2025-08-25 00:00:00+00:00,50+ bps decrease,,0.042,0.0415,,0.06,,,,,,,,,,2025-09,2025-10,,2025-12,,,
2025-08-26 00:00:00+00:00,50+ bps decrease,,0.0385,0.0325,,0.06,,,,,,,,,,2025-09,2025-10,,2025-12,,,
2025-08-27 00:00:00+00:00,50+ bps decrease,,0.045,0.0365,,0.065,,,,,,,,,,2025-09,2025-10,,2025-12,,,
2025-08-28 00:00:00+00:00,50+ bps decrease,,0.0465,0.0545,,0.065,,,,,,,,,,2025-09,2025-10,,2025-12,,,
2025-08-29 00:00:00+00:00,50+ bps decrease,,0.0395,0.057,,0.065,,,,,,,,,,2025-09,2025-10,,2025-12,,,
2025-08-30 00:00:00+00:00,50+ bps decrease,,0.046,0.0665,,0.055,,,,,,,,,,2025-09,2025-10,,2025-12,,,
2025-08-31 00:00:00+00:00,50+ bps decrease,,0.0545,0.0665,,0.055,,,,,,,,,,2025-09,2025-10,,2025-12,,,
2025-09-01 00:00:00+00:00,50+ bps decrease,0.042,0.0675,,0.055,,,,,,,,,,2025-09,2025-10,,2025-12,,,,0.0
2025-09-02 00:00:00+00:00,50+ bps decrease,0.046,0.0665,,0.055,,,,,,,,,,2025-09,2025-10,,2025-12,,,,0.0
2025-09-03 00:00:00+00:00,50+ bps decrease,0.046,0.0675,,0.055,,,,,,,,,,2025-09,2025-10,,2025-12,,,,0.0
2025-09-04 00:00:00+00:00,50+ bps decrease,0.055,0.068,,0.055,,,,,,,,,,2025-09,2025-10,,2025-12,,,,0.0
2025-09-05 00:00:00+00:00,50+ bps decrease,0.0565,0.068,,0.065,,,,,,,,,,2025-09,2025-10,,2025-12,,,,0.0
2025-09-06 00:00:00+00:00,50+ bps decrease,0.1025,0.065,,0.06,,,,,,,,,,2025-09,2025-10,,2025-12,,,,0.0
2025-09-07 00:00:00+00:00,50+ bps decrease,0.1045,0.0595,,0.05,,,,,,,,,,2025-09,2025-10,,2025-12,,,,0.0
2025-09-08 00:00:00+00:00,50+ bps decrease,0.093,0.0535,,0.065,,,,,,,,,,2025-09,2025-10,,2025-12,,,,0.0
2025-09-09 00:00:00+00:00,50+ bps decrease,0.175,0.0535,,0.065,,,,,,,,,,2025-09,2025-10,,2025-12,,,,0.0
2025-09-10 00:00:00+00:00,50+ bps decrease,0.1455,0.0645,,0.065,,,,,,,,,,2025-09,2025-10,,2025-12,,,,0.0
2025-09-11 00:00:00+00:00,50+ bps decrease,0.149,0.0655,,0.065,,,,,,,,,,2025-09,2025-10,,2025-12,,,,0.0
2025-09-12 00:00:00+00:00,50+ bps decrease,0.113,0.119,,0.09,,,,,,,,,,2025-09,2025-10,,2025-12,,,,0.0
2025-09-13 00:00:00+00:00,50+ bps decrease,0.0735,0.1195,,0.095,,,,,,,,,,2025-09,2025-10,,2025-12,,,,0.0
2025-09-14 00:00:00+00:00,50+ bps decrease,0.0725,0.09,,0.1,,,,,,,,,,2025-09,2025-10,,2025-12,,,,0.0
2025-09-15 00:00:00+00:00,50+ bps decrease,0.0685,0.0875,,0.105,,,,,,,,,,2025-09,2025-10,,2025-12,,,,0.0
2025-09-16 00:00:00+00:00,50+ bps decrease,0.068,0.095,,0.095,,,,,,,,,,2025-09,2025-10,,2025-12,,,,0.0
2025-09-17 00:00:00+00:00,50+ bps decrease,0.0445,0.0915,,0.07,,,,,,,,,,2025-09,2025-10,,2025-12,,,,0.0
2025-09-18 00:00:00+00:00,50+ bps decrease,,0.0735,,0.06,0.12,,,,,,,,,,2025-10,,2025-12,2026-01,,,
2025-09-19 00:00:00+00:00,50+ bps decrease,,0.044,,0.06,0.105,,,,,,,,,,2025-10,,2025-12,2026-01,,,
2025-09-20 00:00:00+00:00,50+ bps decrease,,0.0435,,0.065,0.125,,,,,,,,,,2025-10,,2025-12,2026-01,,,
2025-09-21 00:00:00+00:00,50+ bps decrease,,0.044,,0.065,0.085,,,,,,,,,,2025-10,,2025-12,2026-01,,,
2025-09-22 00:00:00+00:00,50+ bps decrease,,0.041,,0.065,0.11,,,,,,,,,,2025-10,,2025-12,2026-01,,,
2025-09-23 00:00:00+00:00,50+ bps decrease,,0.041,,0.075,0.095,,,,,,,,,,2025-10,,2025-12,2026-01,,,
2025-09-24 00:00:00+00:00,50+ bps decrease,,0.0395,,0.065,0.105,,,,,,,,,,2025-10,,2025-12,2026-01,,,
2025-09-25 00:00:00+00:00,50+ bps decrease,,0.0415,,0.065,0.1,,,,,,,,,,2025-10,,2025-12,2026-01,,,
2025-09-26 00:00:00+00:00,50+ bps decrease,,0.036,,0.055,0.07,,,,,,,,,,2025-10,,2025-12,2026-01,,,
2025-09-27 00:00:00+00:00,50+ bps decrease,,0.0375,,0.055,0.07,,,,,,,,,,2025-10,,2025-12,2026-01,,,
2025-09-28 00:00:00+00:00,50+ bps decrease,,0.0355,,0.055,0.07,,,,,,,,,,2025-10,,2025-12,2026-01,,,
2025-09-29 00:00:00+00:00,50+ bps decrease,,0.035,,0.055,0.07,,,,,,,,,,2025-10,,2025-12,2026-01,,,
2025-09-30 00:00:00+00:00,50+ bps decrease,,0.0325,,0.065,0.065,,,,,,,,,,2025-10,,2025-12,2026-01,,,
2025-10-01 00:00:00+00:00,50+ bps decrease,0.036,,0.065,0.09,,,,,,,,,,2025-10,,2025-12,2026-01,,,,0.0
2025-10-02 00:00:00+00:00,50+ bps decrease,0.037,,0.055,0.075,,,,,,,,,,2025-10,,2025-12,2026-01,,,,0.0
2025-10-03 00:00:00+00:00,50+ bps decrease,0.038,,0.055,0.075,,,,,,,,,,2025-10,,2025-12,2026-01,,,,0.0
2025-10-04 00:00:00+00:00,50+ bps decrease,0.0335,,0.045,0.08,,,,,,,,,,2025-10,,2025-12,2026-01,,,,0.0
2025-10-05 00:00:00+00:00,50+ bps decrease,0.036,,0.05,0.085,,,,,,,,,,2025-10,,2025-12,2026-01,,,,0.0
2025-10-06 00:00:00+00:00,50+ bps decrease,0.0325,,0.05,0.095,,,,,,,,,,2025-10,,2025-12,2026-01,,,,0.0
2025-10-07 00:00:00+00:00,50+ bps decrease,0.0285,,0.055,0.095,,,,,,,,,,2025-10,,2025-12,2026-01,,,,0.0
2025-10-08 00:00:00+00:00,50+ bps decrease,0.0285,,0.065,0.115,,,,,,,,,,2025-10,,2025-12,2026-01,,,,0.0
2025-10-09 00:00:00+00:00,50+ bps decrease,0.0235,,0.07,0.115,,,,,,,,,,2025-10,,2025-12,2026-01,,,,0.0
2025-10-10 00:00:00+00:00,50+ bps decrease,0.022,,0.07,0.105,,,,,,,,,,2025-10,,2025-12,2026-01,,,,0.0
2025-10-11 00:00:00+00:00,50+ bps decrease,0.031,,0.07,0.115,,,,,,,,,,2025-10,,2025-12,2026-01,,,,0.0
2025-10-12 00:00:00+00:00,50+ bps decrease,0.0385,,0.065,0.105,,,,,,,,,,2025-10,,2025-12,2026-01,,,,0.0
2025-10-13 00:00:00+00:00,50+ bps decrease,0.031,,0.065,0.1,,,,,,,,,,2025-10,,2025-12,2026-01,,,,0.0
2025-10-14 00:00:00+00:00,50+ bps decrease,0.0295,,0.065,0.095,,,,,,,,,,2025-10,,2025-12,2026-01,,,,0.0
2025-10-15 00:00:00+00:00,50+ bps decrease,0.024,,0.055,0.1,,,,,,,,,,2025-10,,2025-12,2026-01,,,,0.0
2025-10-16 00:00:00+00:00,50+ bps decrease,0.02,,0.05,0.095,,,,,,,,,,2025-10,,2025-12,2026-01,,,,0.0
2025-10-17 00:00:00+00:00,50+ bps decrease,0.038,,0.075,0.09,,,,,,,,,,2025-10,,2025-12,2026-01,,,,0.0
2025-10-18 00:00:00+00:00,50+ bps decrease,0.0295,,0.095,0.115,,,,,,,,,,2025-10,,2025-12,2026-01,,,,0.0
2025-10-19 00:00:00+00:00,50+ bps decrease,0.027,,0.095,0.115,,,,,,,,,,2025-10,,2025-12,2026-01,,,,0.0
2025-10-20 00:00:00+00:00,50+ bps decrease,0.0255,,0.06,0.115,,,,,,,,,,2025-10,,2025-12,2026-01,,,,0.0
2025-10-21 00:00:00+00:00,50+ bps decrease,0.019,,0.06,0.11,,,,,,,,,,2025-10,,2025-12,2026-01,,,,0.0
2025-10-22 00:00:00+00:00,50+ bps decrease,0.017,,0.06,0.115,,,,,,,,,,2025-10,,2025-12,2026-01,,,,0.0
2025-10-23 00:00:00+00:00,50+ bps decrease,0.0145,,0.055,0.105,,,,,,,,,,2025-10,,2025-12,2026-01,,,,0.0
2025-10-24 00:00:00+00:00,50+ bps decrease,0.015,,0.06,0.095,,,,,,,,,,2025-10,,2025-12,2026-01,,,,0.0
2025-10-25 00:00:00+00:00,50+ bps decrease,0.0095,,0.055,0.105,,,,,,,,,,2025-10,,2025-12,2026-01,,,,0.0
2025-10-26 00:00:00+00:00,50+ bps decrease,0.0065,,0.045,0.065,,,,,,,,,,2025-10,,2025-12,2026-01,,,,0.0
2025-10-27 00:00:00+00:00,50+ bps decrease,0.0065,,0.045,0.085,,,,,,,,,,2025-10,,2025-12,2026-01,,,,0.0
2025-10-28 00:00:00+00:00,50+ bps decrease,0.0045,,0.045,0.07,,,,,,,,,,2025-10,,2025-12,2026-01,,,,0.0
2025-10-29 00:00:00+00:00,50+ bps decrease,0.009,,0.0345,0.095,,,,,,,,,,2025-10,,2025-12,2026-01,,,,0.0
2025-10-30 00:00:00+00:00,50+ bps decrease,,,0.0205,0.085,,0.09,,,,,,,,,,2025-12,2026-01,,2026-03,,
2025-10-31 00:00:00+00:00,50+ bps decrease,,,0.035,0.07,,0.11,,,,,,,,,,2025-12,2026-01,,2026-03,,
2025-11-01 00:00:00+00:00,50+ bps decrease,,0.023,0.06,,0.085,,,,,,,,,,2025-12,2026-01,,2026-03,,,
2025-11-02 00:00:00+00:00,50+ bps decrease,,0.023,0.075,,0.085,,,,,,,,,,2025-12,2026-01,,2026-03,,,
2025-11-03 00:00:00+00:00,50+ bps decrease,,0.027,0.07,,0.08,,,,,,,,,,2025-12,2026-01,,2026-03,,,
2025-11-04 00:00:00+00:00,50+ bps decrease,,0.025,0.065,,0.08,,,,,,,,,,2025-12,2026-01,,2026-03,,,
2025-11-05 00:00:00+00:00,50+ bps decrease,,0.029,0.07,,0.08,,,,,,,,,,2025-12,2026-01,,2026-03,,,
2025-11-06 00:00:00+00:00,50+ bps decrease,,0.0185,0.07,,0.075,,,,,,,,,,2025-12,2026-01,,2026-03,,,
2025-11-07 00:00:00+00:00,50+ bps decrease,,0.0205,0.07,,0.075,,,,,,,,,,2025-12,2026-01,,2026-03,,,
2025-11-08 00:00:00+00:00,50+ bps decrease,,0.0245,0.075,,0.085,,,,,,,,,,2025-12,2026-01,,2026-03,,,
2025-11-09 00:00:00+00:00,50+ bps decrease,,0.0235,0.075,,0.085,,,,,,,,,,2025-12,2026-01,,2026-03,,,
2025-11-10 00:00:00+00:00,50+ bps decrease,,0.0225,0.024,,0.08,,,,,,,,,,2025-12,2026-01,,2026-03,,,
2025-11-11 00:00:00+00:00,50+ bps decrease,,0.0275,0.0265,,0.08,,,,,,,,,,2025-12,2026-01,,2026-03,,,
2025-11-12 00:00:00+00:00,50+ bps decrease,,0.0245,0.045,,0.075,,,,,,,,,,2025-12,2026-01,,2026-03,,,
2025-11-13 00:00:00+00:00,50+ bps decrease,,0.0205,0.063,,0.095,,,,,,,,,,2025-12,2026-01,,2026-03,,,
2025-11-14 00:00:00+00:00,50+ bps decrease,,0.0165,0.077,,0.1,0.095,,,,,,,,,2025-12,2026-01,,2026-03,2026-04,,
2025-11-15 00:00:00+00:00,50+ bps decrease,,0.0185,0.085,,0.095,0.095,,,,,,,,,2025-12,2026-01,,2026-03,2026-04,,
2025-11-16 00:00:00+00:00,50+ bps decrease,,0.0195,0.0685,,0.085,0.09,,,,,,,,,2025-12,2026-01,,2026-03,2026-04,,
2025-11-17 00:00:00+00:00,50+ bps decrease,,0.0215,0.0755,,0.08,0.075,,,,,,,,,2025-12,2026-01,,2026-03,2026-04,,
2025-11-18 00:00:00+00:00,50+ bps decrease,,0.0195,0.082,,0.095,0.09,,,,,,,,,2025-12,2026-01,,2026-03,2026-04,,
2025-11-19 00:00:00+00:00,50+ bps decrease,,0.0215,0.053,,0.065,0.085,,,,,,,,,2025-12,2026-01,,2026-03,2026-04,,
2025-11-20 00:00:00+00:00,50+ bps decrease,,0.0175,0.051,,0.06,0.075,,,,,,,,,2025-12,2026-01,,2026-03,2026-04,,
2025-11-21 00:00:00+00:00,50+ bps decrease,,0.0135,0.09,,0.065,0.075,,,,,,,,,2025-12,2026-01,,2026-03,2026-04,,
2025-11-22 00:00:00+00:00,50+ bps decrease,,0.0185,0.0565,,0.085,0.08,,,,,,,,,2025-12,2026-01,,2026-03,2026-04,,
2025-11-23 00:00:00+00:00,50+ bps decrease,,0.0195,0.0685,,0.07,0.105,,,,,,,,,2025-12,2026-01,,2026-03,2026-04,,
2025-11-24 00:00:00+00:00,50+ bps decrease,,0.0185,0.067,,0.055,0.12,,,,,,,,,2025-12,2026-01,,2026-03,2026-04,,
2025-11-25 00:00:00+00:00,50+ bps decrease,,0.0165,0.0405,,0.075,0.115,,,,,,,,,2025-12,2026-01,,2026-03,2026-04,,
2025-11-26 00:00:00+00:00,50+ bps decrease,,0.0115,0.044,,0.075,0.075,,,,,,,,,2025-12,2026-01,,2026-03,2026-04,,
2025-11-27 00:00:00+00:00,50+ bps decrease,,0.0135,0.044,,0.07,0.095,,,,,,,,,2025-12,2026-01,,2026-03,2026-04,,
2025-11-28 00:00:00+00:00,50+ bps decrease,,0.0105,0.041,,0.06,0.07,,,,,,,,,2025-12,2026-01,,2026-03,2026-04,,
2025-11-29 00:00:00+00:00,50+ bps decrease,,0.0115,0.0405,,0.055,0.06,,,,,,,,,2025-12,2026-01,,2026-03,2026-04,,
2025-11-30 00:00:00+00:00,50+ bps decrease,,0.0115,0.0425,,0.055,0.09,,,,,,,,,2025-12,2026-01,,2026-03,2026-04,,
2025-12-01 00:00:00+00:00,50+ bps decrease,0.0105,0.0375,,0.0575,0.105,,,,,,,,,2025-12,2026-01,,2026-03,2026-04,,,0.0
2025-12-02 00:00:00+00:00,50+ bps decrease,0.0095,0.037,,0.061,0.105,,,,,,,,,2025-12,2026-01,,2026-03,2026-04,,,0.0
2025-12-03 00:00:00+00:00,50+ bps decrease,0.0075,0.0385,,0.059,0.075,,,,,,,,,2025-12,2026-01,,2026-03,2026-04,,,0.0
2025-12-04 00:00:00+00:00,50+ bps decrease,0.0065,0.033,,0.0475,0.065,,,,,,,,,2025-12,2026-01,,2026-03,2026-04,,,0.0
2025-12-05 00:00:00+00:00,50+ bps decrease,0.0045,0.0195,,0.0645,0.06,,,,,,,,,2025-12,2026-01,,2026-03,2026-04,,,0.0
2025-12-06 00:00:00+00:00,50+ bps decrease,0.0065,0.03,,0.065,0.065,,,,,,,,,2025-12,2026-01,,2026-03,2026-04,,,0.0
2025-12-07 00:00:00+00:00,50+ bps decrease,0.0065,0.037,,0.044,0.065,,,,,,,,,2025-12,2026-01,,2026-03,2026-04,,,0.0
2025-12-08 00:00:00+00:00,50+ bps decrease,0.0065,0.0395,,0.0445,0.06,,,,,,,,,2025-12,2026-01,,2026-03,2026-04,,,0.0
2025-12-09 00:00:00+00:00,50+ bps decrease,0.008,0.0355,,0.0535,0.075,,,,,,,,,2025-12,2026-01,,2026-03,2026-04,,,0.0
2025-12-10 00:00:00+00:00,50+ bps decrease,0.0045,0.034,,0.067,0.085,,,,,,,,,2025-12,2026-01,,2026-03,2026-04,,,0.0
2025-12-11 00:00:00+00:00,50+ bps decrease,,0.013,,0.0245,0.065,,0.15,,,,,,,,2026-01,,2026-03,2026-04,,2026-06,
2025-12-12 00:00:00+00:00,50+ bps decrease,,0.0105,,0.0215,0.013,,0.13,,,,,,,,2026-01,,2026-03,2026-04,,2026-06,
2025-12-13 00:00:00+00:00,50+ bps decrease,,0.0135,,0.042,0.025,,0.125,,,,,,,,2026-01,,2026-03,2026-04,,2026-06,
2025-12-14 00:00:00+00:00,50+ bps decrease,,0.0135,,0.037,0.036,,0.125,,,,,,,,2026-01,,2026-03,2026-04,,2026-06,
2025-12-15 00:00:00+00:00,50+ bps decrease,,0.0135,,0.0265,0.033,,0.125,,,,,,,,2026-01,,2026-03,2026-04,,2026-06,
2025-12-16 00:00:00+00:00,50+ bps decrease,,0.0165,,0.0275,0.0335,,0.12,,,,,,,,2026-01,,2026-03,2026-04,,2026-06,
2025-12-17 00:00:00+00:00,50+ bps decrease,,0.0165,,0.025,0.0325,,0.12,,,,,,,,2026-01,,2026-03,2026-04,,2026-06,
2025-12-18 00:00:00+00:00,50+ bps decrease,,0.0155,,0.03,0.046,,0.115,,,,,,,,2026-01,,2026-03,2026-04,,2026-06,
2025-12-19 00:00:00+00:00,50+ bps decrease,,0.0145,,0.031,0.036,,0.115,,,,,,,,2026-01,,2026-03,2026-04,,2026-06,
2025-12-20 00:00:00+00:00,50+ bps decrease,,0.0155,,0.0175,0.0315,,0.12,,,,,,,,2026-01,,2026-03,2026-04,,2026-06,
2025-12-21 00:00:00+00:00,50+ bps decrease,,0.0145,,0.013,0.0305,,0.1,,,,,,,,2026-01,,2026-03,2026-04,,2026-06,
2025-12-22 00:00:00+00:00,50+ bps decrease,,0.0135,,0.0145,0.0335,,0.1,,,,,,,,2026-01,,2026-03,2026-04,,2026-06,
2025-12-23 00:00:00+00:00,50+ bps decrease,,0.0145,,0.0165,0.032,,0.1,,,,,,,,2026-01,,2026-03,2026-04,,2026-06,
2025-12-24 00:00:00+00:00,50+ bps decrease,,0.0155,,0.024,0.035,,0.1,,,,,,,,2026-01,,2026-03,2026-04,,2026-06,
2025-12-25 00:00:00+00:00,50+ bps decrease,,0.0155,,0.0255,0.0325,,0.1,,,,,,,,2026-01,,2026-03,2026-04,,2026-06,
2025-12-26 00:00:00+00:00,50+ bps decrease,,0.0125,,0.024,0.0325,,0.1,,,,,,,,2026-01,,2026-03,2026-04,,2026-06,
2025-12-27 00:00:00+00:00,50+ bps decrease,,0.0125,,0.0255,0.039,,0.1,,,,,,,,2026-01,,2026-03,2026-04,,2026-06,
2025-12-28 00:00:00+00:00,50+ bps decrease,,0.0125,,0.0235,0.0405,,0.1,,,,,,,,2026-01,,2026-03,2026-04,,2026-06,
2025-12-29 00:00:00+00:00,50+ bps decrease,,0.0125,,0.027,0.0335,,0.1,,,,,,,,2026-01,,2026-03,2026-04,,2026-06,
2025-12-30 00:00:00+00:00,50+ bps decrease,,0.0125,,0.0205,0.0385,,0.1,,,,,,,,2026-01,,2026-03,2026-04,,2026-06,
2025-12-31 00:00:00+00:00,50+ bps decrease,,0.0115,,0.0185,0.053,,0.11,,,,,,,,2026-01,,2026-03,2026-04,,2026-06,
2026-01-01 00:00:00+00:00,50+ bps decrease,0.0105,,0.0185,0.0465,,0.105,,,,,,,,2026-01,,2026-03,2026-04,,2026-06,,0.0
2026-01-02 00:00:00+00:00,50+ bps decrease,0.0075,,0.0165,0.041,,0.1,,,,,,,,2026-01,,2026-03,2026-04,,2026-06,,0.0
2026-01-03 00:00:00+00:00,50+ bps decrease,0.0075,,0.0165,0.0425,,0.1,,,,,,,,2026-01,,2026-03,2026-04,,2026-06,,0.0
2026-01-04 00:00:00+00:00,50+ bps decrease,0.0075,,0.0175,0.046,,0.1,,,,,,,,2026-01,,2026-03,2026-04,,2026-06,,0.0
2026-01-05 00:00:00+00:00,50+ bps decrease,0.0075,,0.0165,0.0405,,0.1,,,,,,,,2026-01,,2026-03,2026-04,,2026-06,,0.0
2026-01-06 00:00:00+00:00,50+ bps decrease,0.0065,,0.0175,0.04,,0.1,,,,,,,,2026-01,,2026-03,2026-04,,2026-06,,0.0
2026-01-07 00:00:00+00:00,50+ bps decrease,0.0055,,0.0175,0.039,,0.095,,,,,,,,2026-01,,2026-03,2026-04,,2026-06,,0.0
2026-01-08 00:00:00+00:00,50+ bps decrease,0.0055,,0.0165,0.0655,,0.095,,,,,,,,2026-01,,2026-03,2026-04,,2026-06,,0.0
2026-01-09 00:00:00+00:00,50+ bps decrease,0.0065,,0.0165,0.045,,0.095,,,,,,,,2026-01,,2026-03,2026-04,,2026-06,,0.0
2026-01-10 00:00:00+00:00,50+ bps decrease,0.0045,,0.0145,0.057,,0.09,,,,,,,,2026-01,,2026-03,2026-04,,2026-06,,0.0
2026-01-11 00:00:00+00:00,50+ bps decrease,0.0025,,0.0145,0.0585,,0.09,,,,,,,,2026-01,,2026-03,2026-04,,2026-06,,0.0
2026-01-12 00:00:00+00:00,50+ bps decrease,0.0025,,0.0145,0.0485,,0.095,,,,,,,,2026-01,,2026-03,2026-04,,2026-06,,0.0
2026-01-13 00:00:00+00:00,50+ bps decrease,0.0025,,0.015,0.029,,0.095,,,,,,,,2026-01,,2026-03,2026-04,,2026-06,,0.0
2026-01-14 00:00:00+00:00,50+ bps decrease,0.0025,,0.017,0.0315,,0.095,,,,,,,,2026-01,,2026-03,2026-04,,2026-06,,0.0
2026-01-15 00:00:00+00:00,50+ bps decrease,0.0035,,0.0155,0.0325,,0.095,,,,,,,,2026-01,,2026-03,2026-04,,2026-06,,0.0
2026-01-16 00:00:00+00:00,50+ bps decrease,0.0035,,0.0165,0.0365,,0.1,,,,,,,,2026-01,,2026-03,2026-04,,2026-06,,0.0
2026-01-17 00:00:00+00:00,50+ bps decrease,0.0035,,0.0145,0.0235,,0.1,,,,,,,,2026-01,,2026-03,2026-04,,2026-06,,0.0
2026-01-18 00:00:00+00:00,50+ bps decrease,0.0035,,0.0165,0.0255,,0.1,,,,,,,,2026-01,,2026-03,2026-04,,2026-06,,0.0
2026-01-19 00:00:00+00:00,50+ bps decrease,0.0035,,0.015,0.0255,,0.1,,,,,,,,2026-01,,2026-03,2026-04,,2026-06,,0.0
2026-01-20 00:00:00+00:00,50+ bps decrease,0.0015,,0.0165,0.0265,,0.105,,,,,,,,2026-01,,2026-03,2026-04,,2026-06,,0.0
2026-01-21 00:00:00+00:00,50+ bps decrease,0.0015,,0.0155,0.024,,0.105,,,,,,,,2026-01,,2026-03,2026-04,,2026-06,,0.0
2026-01-22 00:00:00+00:00,50+ bps decrease,0.0015,,0.01,0.0245,,0.1,,,,,,,,2026-01,,2026-03,2026-04,,2026-06,,0.0
2026-01-23 00:00:00+00:00,50+ bps decrease,0.0015,,0.0105,0.03,,0.08,,,,,,,,2026-01,,2026-03,2026-04,,2026-06,,0.0
2026-01-24 00:00:00+00:00,50+ bps decrease,0.0005,,0.016,0.026,,0.085,,,,,,,,2026-01,,2026-03,2026-04,,2026-06,,0.0
2026-01-25 00:00:00+00:00,50+ bps decrease,0.0005,,0.0115,0.0195,,0.08,,,,,,,,2026-01,,2026-03,2026-04,,2026-06,,0.0
2026-01-26 00:00:00+00:00,50+ bps decrease,0.0005,,0.0125,0.024,,0.08,,,,,,,,2026-01,,2026-03,2026-04,,2026-06,,0.0
2026-01-27 00:00:00+00:00,50+ bps decrease,0.0005,,0.012,0.0205,,0.1,,,,,,,,2026-01,,2026-03,2026-04,,2026-06,,0.0
2026-01-28 00:00:00+00:00,50+ bps decrease,0.0005,,0.013,0.024,,0.095,,,,,,,,2026-01,,2026-03,2026-04,,2026-06,,0.0
2026-01-29 00:00:00+00:00,50+ bps decrease,,,0.0135,0.02,,0.09,,,,,,,,,,2026-03,2026-04,,2026-06,,
2026-01-30 00:00:00+00:00,50+ bps decrease,,,0.0125,0.0275,,0.1,,,,,,,,,,2026-03,2026-04,,2026-06,,
2026-01-31 00:00:00+00:00,50+ bps decrease,,,0.0175,0.0295,,0.125,,,,,,,,,,2026-03,2026-04,,2026-06,,
2026-02-01 00:00:00+00:00,50+ bps decrease,,0.0235,0.0345,,0.075,,,,,,,,,,2026-03,2026-04,,2026-06,,,
2026-02-02 00:00:00+00:00,50+ bps decrease,,0.0145,0.034,,0.075,,,,,,,,,,2026-03,2026-04,,2026-06,,,
2026-02-03 00:00:00+00:00,50+ bps decrease,,0.0125,0.0355,,0.08,,,,,,,,,,2026-03,2026-04,,2026-06,,,
2026-02-04 00:00:00+00:00,50+ bps decrease,,0.0095,0.0345,,0.075,,,,,,,,,,2026-03,2026-04,,2026-06,,,
2026-02-05 00:00:00+00:00,50+ bps decrease,,0.0105,0.0285,,0.07,,,,,,,,,,2026-03,2026-04,,2026-06,,,
2026-02-06 00:00:00+00:00,50+ bps decrease,,0.0135,0.034,,0.07,,,,,,,,,,2026-03,2026-04,,2026-06,,,
2026-02-07 00:00:00+00:00,50+ bps decrease,,0.0115,0.0275,,0.07,,,,,,,,,,2026-03,2026-04,,2026-06,,,
2026-02-08 00:00:00+00:00,50+ bps decrease,,0.0105,0.026,,0.07,,,,,,,,,,2026-03,2026-04,,2026-06,,,
2026-02-09 00:00:00+00:00,50+ bps decrease,,0.0105,0.0245,,0.075,,,,,,,,,,2026-03,2026-04,,2026-06,,,
2026-02-10 00:00:00+00:00,50+ bps decrease,,0.0095,0.0215,,0.075,,,,,,,,,,2026-03,2026-04,,2026-06,,,
2026-02-11 00:00:00+00:00,50+ bps decrease,,0.0105,0.0265,,0.09,,,,,,,,,,2026-03,2026-04,,2026-06,,,
2026-02-12 00:00:00+00:00,50+ bps decrease,,0.0065,0.027,,0.1,,,,,,,,,,2026-03,2026-04,,2026-06,,,
2026-02-13 00:00:00+00:00,50+ bps decrease,,0.0065,0.0255,,0.105,,,,,,,,,,2026-03,2026-04,,2026-06,,,
2026-02-14 00:00:00+00:00,50+ bps decrease,,0.0065,0.0255,,0.095,,,,,,,,,,2026-03,2026-04,,2026-06,,,
2026-02-15 00:00:00+00:00,50+ bps decrease,,0.0105,0.0245,,0.085,,,,,,,,,,2026-03,2026-04,,2026-06,,,
2026-02-16 00:00:00+00:00,50+ bps decrease,,0.0075,0.0245,,0.08,,,,,,,,,,2026-03,2026-04,,2026-06,,,
2026-02-17 00:00:00+00:00,50+ bps decrease,,0.0065,0.0255,,0.065,,,,,,,,,,2026-03,2026-04,,2026-06,,,
2026-02-18 00:00:00+00:00,50+ bps decrease,,0.0075,0.0245,,0.075,,,,,,,,,,2026-03,2026-04,,2026-06,,,
2026-02-19 00:00:00+00:00,50+ bps decrease,,0.0075,0.0235,,0.075,,,,,,,,,,2026-03,2026-04,,2026-06,,,
2026-02-20 00:00:00+00:00,50+ bps decrease,,0.0075,0.022,,0.085,,,,,,,,,,2026-03,2026-04,,2026-06,,,
2026-02-21 00:00:00+00:00,50+ bps decrease,,0.0065,0.018,,0.07,,,,,,,,,,2026-03,2026-04,,2026-06,,,
2026-02-22 00:00:00+00:00,50+ bps decrease,,0.0075,0.0135,,0.065,,,,,,,,,,2026-03,2026-04,,2026-06,,,
2026-02-23 00:00:00+00:00,50+ bps decrease,,0.0075,0.0135,,0.065,,,,,,,,,,2026-03,2026-04,,2026-06,,,
2026-02-24 00:00:00+00:00,50+ bps decrease,,0.0075,0.0145,,0.06,,,,,,,,,,2026-03,2026-04,,2026-06,,,
2026-02-25 00:00:00+00:00,50+ bps decrease,,0.0065,0.015,,0.055,,,,,,,,,,2026-03,2026-04,,2026-06,,,
2026-02-26 00:00:00+00:00,50+ bps decrease,,0.0055,0.0145,,0.045,,,,,,,,,,2026-03,2026-04,,2026-06,,,
2026-02-27 00:00:00+00:00,50+ bps decrease,,0.0055,0.0135,,0.05,,,,,,,,,,2026-03,2026-04,,2026-06,,,
2026-02-28 00:00:00+00:00,50+ bps decrease,,0.0045,0.0165,,0.05,,,,,,,,,,2026-03,2026-04,,2026-06,,,
2026-03-01 00:00:00+00:00,50+ bps decrease,0.0055,0.0165,,,,,,,,,,,,2026-03,2026-04,,,,,,0.0
2026-03-02 00:00:00+00:00,50+ bps decrease,0.0055,0.016,,0.045,,,,,,,,,,2026-03,2026-04,,2026-06,,,,0.0
2026-03-03 00:00:00+00:00,50+ bps decrease,0.0055,0.0145,,0.045,,,,,,,,,,2026-03,2026-04,,2026-06,,,,0.0
2026-03-04 00:00:00+00:00,50+ bps decrease,0.0045,0.018,,0.05,,,,,,,,,,2026-03,2026-04,,2026-06,,,,0.0
2026-03-05 00:00:00+00:00,50+ bps decrease,0.0035,0.0145,,0.045,,,,,,,,,,2026-03,2026-04,,2026-06,,,,0.0
2026-03-06 00:00:00+00:00,50+ bps decrease,0.0025,0.0145,,0.0315,,,,,,,,,,2026-03,2026-04,,2026-06,,,,0.0
2026-03-07 00:00:00+00:00,50+ bps decrease,0.0015,0.0145,,0.0405,,,,,,,,,,2026-03,2026-04,,2026-06,,,,0.0
2026-03-08 00:00:00+00:00,50+ bps decrease,0.0025,0.0175,,0.047,,,,,,,,,,2026-03,2026-04,,2026-06,,,,0.0
2026-03-09 00:00:00+00:00,50+ bps decrease,0.0025,0.021,,0.0545,,,,,,,,,,2026-03,2026-04,,2026-06,,,,0.0
2026-03-10 00:00:00+00:00,50+ bps decrease,0.0025,0.0165,,0.055,,,,,,,,,,2026-03,2026-04,,2026-06,,,,0.0
2026-03-11 00:00:00+00:00,50+ bps decrease,0.0025,0.0155,,0.053,,,,,,,,,,2026-03,2026-04,,2026-06,,,,0.0
2026-03-12 00:00:00+00:00,50+ bps decrease,0.0015,0.0155,,0.0475,,,,,,,,,,2026-03,2026-04,,2026-06,,,,0.0
2026-03-13 00:00:00+00:00,50+ bps decrease,0.0015,0.0145,,,,,,,,,,,,2026-03,2026-04,,,,,,0.0
2026-03-14 00:00:00+00:00,50+ bps decrease,0.0015,0.0125,,0.0365,,,,,,,,,,2026-03,2026-04,,2026-06,,,,0.0
2026-03-15 00:00:00+00:00,50+ bps decrease,0.0005,0.0135,,0.0335,,,,,,,,,,2026-03,2026-04,,2026-06,,,,0.0
2026-03-16 00:00:00+00:00,50+ bps decrease,,,,0.032,,,,,,,,,,,,,2026-06,,,,
2026-03-17 00:00:00+00:00,50+ bps decrease,0.0005,0.0095,,0.054,,,,,,,,,,2026-03,2026-04,,2026-06,,,,0.0
2026-03-18 00:00:00+00:00,50+ bps decrease,0.0005,0.0105,,0.0345,,,,,,,,,,2026-03,2026-04,,2026-06,,,,0.0
2026-03-19 00:00:00+00:00,50+ bps decrease,,,,0.013,,,,,,,,,,,,,2026-06,,,,
2026-03-20 00:00:00+00:00,50+ bps decrease,,0.0065,,0.0125,,,,,,,,,,,2026-04,,2026-06,,,,
2026-03-21 00:00:00+00:00,50+ bps decrease,,0.0055,,0.0105,0.0225,,,,,,,,,,2026-04,,2026-06,2026-07,,,
2026-03-22 00:00:00+00:00,50+ bps decrease,,0.0055,,0.009,0.022,,,,,,,,,,2026-04,,2026-06,2026-07,,,
2026-03-23 00:00:00+00:00,50+ bps decrease,,0.0045,,0.0085,0.0215,,,,,,,,,,2026-04,,2026-06,2026-07,,,
2026-03-24 00:00:00+00:00,50+ bps decrease,,0.0045,,0.0075,0.02,,,,,,,,,,2026-04,,2026-06,2026-07,,,
2026-03-25 00:00:00+00:00,50+ bps decrease,,0.0045,,0.0075,0.0255,,,,,,,,,,2026-04,,2026-06,2026-07,,,
2026-03-26 00:00:00+00:00,50+ bps decrease,,0.0045,,0.0085,0.023,,,,,,,,,,2026-04,,2026-06,2026-07,,,
2026-03-27 00:00:00+00:00,50+ bps decrease,,0.0045,,0.01,0.0215,,,,,,,,,,2026-04,,2026-06,2026-07,,,
2026-03-28 00:00:00+00:00,50+ bps decrease,,0.0045,,0.0095,0.02,,,,,,,,,,2026-04,,2026-06,2026-07,,,
2026-03-29 00:00:00+00:00,50+ bps decrease,,0.0045,,0.015,0.0185,,,,,,,,,,2026-04,,2026-06,2026-07,,,
2026-03-30 00:00:00+00:00,50+ bps decrease,,0.0045,,,,,,,,,,,,,2026-04,,,,,,
2026-03-31 00:00:00+00:00,50+ bps decrease,,0.0045,,,,,,,,,,,,,2026-04,,,,,,
2026-04-01 00:00:00+00:00,50+ bps decrease,0.0045,,,,,,,,,,,,,2026-04,,,,,,,0.0
2026-04-02 00:00:00+00:00,50+ bps decrease,0.0045,,,,,,,,,,,,,2026-04,,,,,,,0.0
2026-04-03 00:00:00+00:00,50+ bps decrease,0.0045,,,,,,,,,,,,,2026-04,,,,,,,0.0
2026-04-04 00:00:00+00:00,50+ bps decrease,0.0045,,,,,,,,,,,,,2026-04,,,,,,,0.0
2026-04-05 00:00:00+00:00,50+ bps decrease,,,,0.0175,,,,,,,,,,,,,2026-07,,,,
2026-04-06 00:00:00+00:00,50+ bps decrease,0.0035,,,,,,,,,,,,,2026-04,,,,,,,0.0
2026-04-07 00:00:00+00:00,50+ bps decrease,0.0035,,,,,,,,,,,,,2026-04,,,,,,,0.0
2026-04-09 00:00:00+00:00,50+ bps decrease,0.0035,,0.0075,0.021,,,,,,,,,,2026-04,,2026-06,2026-07,,,,0.0
2026-04-13 00:00:00+00:00,50+ bps decrease,0.0035,,,,,,,,,,,,,2026-04,,,,,,,0.0
2026-04-15 00:00:00+00:00,50+ bps decrease,0.0035,,,,,,,,,,,,,2026-04,,,,,,,0.0
2026-04-16 00:00:00+00:00,50+ bps decrease,0.0025,,,,,,,,,,,,,2026-04,,,,,,,0.0
2026-04-18 00:00:00+00:00,50+ bps decrease,0.0015,,,,,,,,,,,,,2026-04,,,,,,,0.0
2026-04-22 00:00:00+00:00,50+ bps decrease,0.0015,,0.0095,0.0245,,,,,,,,,,2026-04,,2026-06,2026-07,,,,0.0
2026-04-23 00:00:00+00:00,50+ bps decrease,0.0015,,0.0085,0.0375,,,,,,,,,,2026-04,,2026-06,2026-07,,,,0.0
2026-04-24 00:00:00+00:00,50+ bps decrease,0.0015,,0.0085,0.0305,,,,,,,,,,2026-04,,2026-06,2026-07,,,,0.0
2026-04-25 00:00:00+00:00,50+ bps decrease,0.0015,,0.0075,0.0245,,,,,,,,,,2026-04,,2026-06,2026-07,,,,0.0
2026-04-26 00:00:00+00:00,50+ bps decrease,0.0005,,0.0075,0.0235,,,,,,,,,,2026-04,,2026-06,2026-07,,,,0.0
2026-04-27 00:00:00+00:00,50+ bps decrease,0.0005,,0.0085,0.0225,,,,,,,,,,2026-04,,2026-06,2026-07,,,,0.0
2026-04-28 00:00:00+00:00,50+ bps decrease,0.0005,,0.0085,0.0215,,,,,,,,,,2026-04,,2026-06,2026-07,,,,0.0
2026-04-29 00:00:00+00:00,50+ bps decrease,0.0005,,0.0085,0.0215,,,,,,,,,,2026-04,,2026-06,2026-07,,,,0.0
2026-04-30 00:00:00+00:00,50+ bps decrease,,,0.0075,0.0225,,,,,,,,,,,,2026-06,2026-07,,,,
2026-05-01 00:00:00+00:00,50+ bps decrease,,0.0055,0.0205,,,,,,,,,,,,2026-06,2026-07,,,,,
2026-05-02 00:00:00+00:00,50+ bps decrease,,0.0045,0.0185,,,,,,,,,,,,2026-06,2026-07,,,,,
2026-05-03 00:00:00+00:00,50+ bps decrease,,0.0045,0.0175,,,,,,,,,,,,2026-06,2026-07,,,,,
2026-05-04 00:00:00+00:00,50+ bps decrease,,0.0045,0.0175,,,,,,,,,,,,2026-06,2026-07,,,,,
2026-05-05 00:00:00+00:00,50+ bps decrease,,0.0045,0.0185,,,,,,,,,,,,2026-06,2026-07,,,,,
2026-05-06 00:00:00+00:00,50+ bps decrease,,0.0055,0.0185,,,,,,,,,,,,2026-06,2026-07,,,,,
2026-05-07 00:00:00+00:00,50+ bps decrease,,0.0065,0.019,,,,,,,,,,,,2026-06,2026-07,,,,,
2026-05-08 00:00:00+00:00,50+ bps decrease,,0.0075,0.0175,,,,,,,,,,,,2026-06,2026-07,,,,,
2026-05-09 00:00:00+00:00,50+ bps decrease,,0.0055,0.0165,,,,,,,,,,,,2026-06,2026-07,,,,,
2026-05-10 00:00:00+00:00,50+ bps decrease,,0.0045,0.0135,,,,,,,,,,,,2026-06,2026-07,,,,,
2026-05-11 00:00:00+00:00,50+ bps decrease,,0.0045,0.0125,,,,,,,,,,,,2026-06,2026-07,,,,,
2026-05-12 00:00:00+00:00,50+ bps decrease,,0.0045,0.0135,,,,,,,,,,,,2026-06,2026-07,,,,,
2026-05-13 00:00:00+00:00,50+ bps decrease,,0.0045,0.0155,,,,,,,,,,,,2026-06,2026-07,,,,,
2026-05-14 00:00:00+00:00,50+ bps decrease,,0.0045,0.0135,,0.05,,,,,,,,,,2026-06,2026-07,,2026-09,,,
2026-05-15 00:00:00+00:00,50+ bps decrease,,0.0045,0.0115,,0.0215,,,,,,,,,,2026-06,2026-07,,2026-09,,,
2026-05-16 00:00:00+00:00,50+ bps decrease,,0.0045,0.0085,,0.0085,,,,,,,,,,2026-06,2026-07,,2026-09,,,
2026-05-17 00:00:00+00:00,50+ bps decrease,,0.0065,0.0085,,0.0225,,,,,,,,,,2026-06,2026-07,,2026-09,,,
2026-05-18 00:00:00+00:00,50+ bps decrease,,0.0055,0.008,,0.014,,,,,,,,,,2026-06,2026-07,,2026-09,,,
2026-05-19 00:00:00+00:00,50+ bps decrease,,0.0045,0.0075,,0.02,,,,,,,,,,2026-06,2026-07,,2026-09,,,
2026-05-20 00:00:00+00:00,50+ bps decrease,,0.0055,0.0075,,0.0205,,,,,,,,,,2026-06,2026-07,,2026-09,,,
2026-05-21 00:00:00+00:00,50+ bps decrease,,0.0045,0.0065,,0.0245,,,,,,,,,,2026-06,2026-07,,2026-09,,,
2026-05-22 00:00:00+00:00,50+ bps decrease,,0.0045,0.0065,,0.027,,,,,,,,,,2026-06,2026-07,,2026-09,,,
2026-05-23 00:00:00+00:00,50+ bps decrease,,0.0055,0.0065,,0.0265,,,,,,,,,,2026-06,2026-07,,2026-09,,,
2026-05-24 00:00:00+00:00,50+ bps decrease,,0.0055,0.0065,,0.0415,,,,,,,,,,2026-06,2026-07,,2026-09,,,
2026-05-25 00:00:00+00:00,50+ bps decrease,,0.0065,0.0065,,0.057,,,,,,,,,,2026-06,2026-07,,2026-09,,,
2026-05-26 00:00:00+00:00,50+ bps decrease,,0.0045,0.0065,,0.0455,,,,,,,,,,2026-06,2026-07,,2026-09,,,
2026-05-27 00:00:00+00:00,50+ bps decrease,,0.0055,0.008,,0.035,,,,,,,,,,2026-06,2026-07,,2026-09,,,
2026-05-28 00:00:00+00:00,50+ bps decrease,,0.0055,0.0075,,0.021,,,,,,,,,,2026-06,2026-07,,2026-09,,,
2026-05-29 00:00:00+00:00,50+ bps decrease,,0.0055,0.01,,0.019,,,,,,,,,,2026-06,2026-07,,2026-09,,,
2026-05-30 00:00:00+00:00,50+ bps decrease,,0.0055,0.009,,0.016,,,,,,,,,,2026-06,2026-07,,2026-09,,,
2026-05-31 00:00:00+00:00,50+ bps decrease,,0.0055,0.009,,0.0145,,,,,,,,,,2026-06,2026-07,,2026-09,,,
2026-06-01 00:00:00+00:00,50+ bps decrease,0.0055,0.0075,,0.0245,,,,,,,,,,2026-06,2026-07,,2026-09,,,,0.0
2026-06-02 00:00:00+00:00,50+ bps decrease,0.0045,0.0075,,0.023,,,,,,,,,,2026-06,2026-07,,2026-09,,,,0.0
2026-06-03 00:00:00+00:00,50+ bps decrease,0.0055,0.0075,,0.0215,,,,,,,,,,2026-06,2026-07,,2026-09,,,,0.0
2026-06-04 00:00:00+00:00,50+ bps decrease,0.0045,0.0075,,0.018,,,,,,,,,,2026-06,2026-07,,2026-09,,,,0.0
2026-06-05 00:00:00+00:00,50+ bps decrease,0.0045,0.0075,,0.0175,,,,,,,,,,2026-06,2026-07,,2026-09,,,,0.0
2026-06-06 00:00:00+00:00,50+ bps decrease,0.0025,0.0065,,0.0145,,,,,,,,,,2026-06,2026-07,,2026-09,,,,0.0
2026-06-07 00:00:00+00:00,50+ bps decrease,0.0025,0.0075,,0.0175,,,,,,,,,,2026-06,2026-07,,2026-09,,,,0.0
2026-06-08 00:00:00+00:00,50+ bps decrease,0.0015,0.0075,,0.0245,,,,,,,,,,2026-06,2026-07,,2026-09,,,,0.0
2026-06-09 00:00:00+00:00,50+ bps decrease,0.0015,0.0065,,0.012,,,,,,,,,,2026-06,2026-07,,2026-09,,,,0.0
2026-06-10 00:00:00+00:00,50+ bps decrease,0.0015,0.0075,,0.0115,,,,,,,,,,2026-06,2026-07,,2026-09,,,,0.0
2026-06-11 00:00:00+00:00,50+ bps decrease,0.0015,0.0075,,0.0105,,,,,,,,,,2026-06,2026-07,,2026-09,,,,0.0
2026-06-12 00:00:00+00:00,50+ bps decrease,0.0005,0.0075,,0.0105,,,,,,,,,,2026-06,2026-07,,2026-09,,,,0.0
2026-06-13 00:00:00+00:00,50+ bps decrease,0.0025,0.0075,,0.0215,,,,,,,,,,2026-06,2026-07,,2026-09,,,,0.0
2026-06-14 00:00:00+00:00,50+ bps decrease,0.0015,0.0075,,0.0215,,,,,,,,,,2026-06,2026-07,,2026-09,,,,0.0
2026-06-15 00:00:00+00:00,50+ bps decrease,0.0015,0.008,,0.0205,,,,,,,,,,2026-06,2026-07,,2026-09,,,,0.0
2026-06-16 00:00:00+00:00,50+ bps decrease,0.0015,0.0235,,0.026,,,,,,,,,,2026-06,2026-07,,2026-09,,,,0.0
2026-06-17 00:00:00+00:00,50+ bps decrease,0.0005,0.0085,,0.025,,,,,,,,,,2026-06,2026-07,,2026-09,,,,0.0
2026-06-18 00:00:00+00:00,50+ bps decrease,,0.0065,,0.01,,,,,,,,,,,2026-07,,2026-09,,,,
2026-06-19 00:00:00+00:00,50+ bps decrease,,0.0055,,0.012,,,,,,,,,,,2026-07,,2026-09,,,,
2026-06-20 00:00:00+00:00,50+ bps decrease,,0.0055,,0.012,,,,,,,,,,,2026-07,,2026-09,,,,
2026-06-21 00:00:00+00:00,50+ bps decrease,,0.0045,,0.0115,,,,,,,,,,,2026-07,,2026-09,,,,
2026-06-22 00:00:00+00:00,50+ bps decrease,,0.0045,,0.017,,,,,,,,,,,2026-07,,2026-09,,,,
2026-06-23 00:00:00+00:00,50+ bps decrease,,0.0045,,0.0215,,,,,,,,,,,2026-07,,2026-09,,,,
2026-06-24 00:00:00+00:00,50+ bps decrease,,0.0045,,0.027,,,,,,,,,,,2026-07,,2026-09,,,,
2026-06-25 00:00:00+00:00,50+ bps decrease,,0.0045,,0.031,,,,,,,,,,,2026-07,,2026-09,,,,
2026-06-26 00:00:00+00:00,50+ bps decrease,,0.0045,,0.0255,,,,,,,,,,,2026-07,,2026-09,,,,
2026-06-27 00:00:00+00:00,50+ bps decrease,,0.0045,,0.027,,,,,,,,,,,2026-07,,2026-09,,,,
2026-06-28 00:00:00+00:00,50+ bps decrease,,0.0045,,0.0245,,,,,,,,,,,2026-07,,2026-09,,,,
2026-06-29 00:00:00+00:00,50+ bps decrease,,0.0045,,0.0235,,,,,,,,,,,2026-07,,2026-09,,,,
2026-06-30 00:00:00+00:00,50+ bps decrease,,0.008,,0.0235,,,,,,,,,,,2026-07,,2026-09,,,,
2026-07-01 00:00:00+00:00,50+ bps decrease,0.0075,,0.0265,,,,,,,,,,,2026-07,,2026-09,,,,,0.0
2026-07-02 00:00:00+00:00,50+ bps decrease,0.0025,,0.0245,,,,,,,,,,,2026-07,,2026-09,,,,,0.0
2026-07-03 00:00:00+00:00,50+ bps decrease,0.0015,,0.0305,,,,,,,,,,,2026-07,,2026-09,,,,,0.0
2026-07-04 00:00:00+00:00,50+ bps decrease,0.0015,,0.0235,,,,,,,,,,,2026-07,,2026-09,,,,,0.0
2026-07-05 00:00:00+00:00,50+ bps decrease,0.0015,,0.0255,,,,,,,,,,,2026-07,,2026-09,,,,,0.0
2026-07-06 00:00:00+00:00,50+ bps decrease,0.0015,,0.0245,,,,,,,,,,,2026-07,,2026-09,,,,,0.0
2026-07-07 00:00:00+00:00,50+ bps decrease,0.0015,,0.023,,,,,,,,,,,2026-07,,2026-09,,,,,0.0
2026-07-08 00:00:00+00:00,50+ bps decrease,0.0015,,0.0225,,,,,,,,,,,2026-07,,2026-09,,,,,0.0
2026-07-09 00:00:00+00:00,50+ bps decrease,0.0015,,0.0215,,,,,,,,,,,2026-07,,2026-09,,,,,0.0
2026-07-10 00:00:00+00:00,50+ bps decrease,0.0015,,0.0215,,,,,,,,,,,2026-07,,2026-09,,,,,0.0
2026-07-11 00:00:00+00:00,50+ bps decrease,0.0015,,0.0215,,,,,,,,,,,2026-07,,2026-09,,,,,0.0
2026-07-12 00:00:00+00:00,50+ bps decrease,0.0015,,0.022,,,,,,,,,,,2026-07,,2026-09,,,,,0.0
2026-07-13 00:00:00+00:00,50+ bps decrease,0.0015,,0.0215,,,,,,,,,,,2026-07,,2026-09,,,,,0.0
2026-07-14 00:00:00+00:00,50+ bps decrease,0.0015,,0.0185,,,,,,,,,,,2026-07,,2026-09,,,,,0.0
2026-07-15 00:00:00+00:00,50+ bps decrease,0.0015,,0.0205,,,,,,,,,,,2026-07,,2026-09,,,,,0.0
2026-07-16 00:00:00+00:00,50+ bps decrease,0.0015,,0.0225,,,,,,,,,,,2026-07,,2026-09,,,,,0.0
2026-07-17 00:00:00+00:00,50+ bps decrease,0.0015,,0.0215,,,,,,,,,,,2026-07,,2026-09,,,,,0.0
2026-07-18 00:00:00+00:00,50+ bps decrease,0.0015,,0.0215,,,,,,,,,,,2026-07,,2026-09,,,,,0.0
2026-07-19 00:00:00+00:00,50+ bps decrease,0.0015,,0.0215,,,,,,,,,,,2026-07,,2026-09,,,,,0.0
2026-07-20 00:00:00+00:00,50+ bps decrease,0.0015,,0.022,,,,,,,,,,,2026-07,,2026-09,,,,,0.0
2026-07-21 00:00:00+00:00,50+ bps decrease,0.0015,,0.0205,,,,,,,,,,,2026-07,,2026-09,,,,,0.0
2026-07-22 00:00:00+00:00,50+ bps decrease,0.0015,,0.0195,,,,,,,,,,,2026-07,,2026-09,,,,,0.0
2026-07-23 00:00:00+00:00,50+ bps decrease,0.0015,,0.0195,,,,,,,,,,,2026-07,,2026-09,,,,,0.0
2026-07-24 00:00:00+00:00,50+ bps decrease,0.0015,,0.0195,,,,,,,,,,,2026-07,,2026-09,,,,,0.0
2026-07-25 00:00:00+00:00,50+ bps decrease,0.0015,,0.0195,,,,,,,,,,,2026-07,,2026-09,,,,,0.0
2026-07-26 00:00:00+00:00,50+ bps decrease,0.0015,,0.02,,,,,,,,,,,2026-07,,2026-09,,,,,0.0
2026-07-27 00:00:00+00:00,50+ bps decrease,0.0015,,0.02,,,,,,,,,,,2026-07,,2026-09,,,,,0.0
2026-07-28 00:00:00+00:00,50+ bps decrease,0.0015,,0.019,,,,,,,,,,,2026-07,,2026-09,,,,,0.0
2026-07-30 00:00:00+00:00,50+ bps decrease,,,0.0105,,,,,,,,,,,,,2026-09,,,,,
2026-07-31 00:00:00+00:00,50+ bps decrease,,,0.0105,,,,,,,,,,,,,2026-09,,,,,
2026-08-01 00:00:00+00:00,50+ bps decrease,,0.0105,,,,,,,,,,,,,2026-09,,,,,,
2026-08-02 00:00:00+00:00,50+ bps decrease,,0.0095,,,,,,,,,,,,,2026-09,,,,,,
2026-08-03 00:00:00+00:00,50+ bps decrease,,0.0095,,,,,,,,,,,,,2026-09,,,,,,
2026-08-04 00:00:00+00:00,50+ bps decrease,,0.0095,,,,,,,,,,,,,2026-09,,,,,,
2026-08-05 00:00:00+00:00,50+ bps decrease,,0.0095,,,,,,,,,,,,,2026-09,,,,,,
2026-08-06 00:00:00+00:00,50+ bps decrease,,0.0125,,,,,,,,,,,,,2026-09,,,,,,
2026-08-07 00:00:00+00:00,50+ bps decrease,,0.0105,,,,,,,,,,,,,2026-09,,,,,,
2026-08-08 00:00:00+00:00,50+ bps decrease,,0.0095,,,,,,,,,,,,,2026-09,,,,,,
2026-08-09 00:00:00+00:00,50+ bps decrease,,0.0095,,,,,,,,,,,,,2026-09,,,,,,
2026-08-10 00:00:00+00:00,50+ bps decrease,,0.0095,,,,,,,,,,,,,2026-09,,,,,,
2026-08-11 00:00:00+00:00,50+ bps decrease,,0.0085,,,,,,,,,,,,,2026-09,,,,,,
2026-08-12 00:00:00+00:00,50+ bps decrease,,0.0065,,,,,,,,,,,,,2026-09,,,,,,
2026-08-13 00:00:00+00:00,50+ bps decrease,,0.0055,,,,,,,,,,,,,2026-09,,,,,,
2026-08-14 00:00:00+00:00,50+ bps decrease,,0.0045,,,,,,,,,,,,,2026-09,,,,,,
2026-08-15 00:00:00+00:00,50+ bps decrease,,0.0045,,,,,,,,,,,,,2026-09,,,,,,
2026-08-16 00:00:00+00:00,50+ bps decrease,,0.0045,,,,,,,,,,,,,2026-09,,,,,,
2026-08-17 00:00:00+00:00,50+ bps decrease,,0.0035,,,,,,,,,,,,,2026-09,,,,,,
2026-08-18 00:00:00+00:00,50+ bps decrease,,0.0035,,,,,,,,,,,,,2026-09,,,,,,
2026-08-19 00:00:00+00:00,50+ bps decrease,,0.0035,,,,,,,,,,,,,2026-09,,,,,,
2026-08-20 00:00:00+00:00,50+ bps decrease,,0.0025,,,,,,,,,,,,,2026-09,,,,,,
2026-08-21 00:00:00+00:00,50+ bps decrease,,0.0025,,,,,,,,,,,,,2026-09,,,,,,
2026-08-22 00:00:00+00:00,50+ bps decrease,,0.0025,,,,,,,,,,,,,2026-09,,,,,,
2026-08-23 00:00:00+00:00,50+ bps decrease,,0.0025,,,,,,,,,,,,,2026-09,,,,,,
2026-08-24 00:00:00+00:00,50+ bps decrease,,0.0025,,,,,,,,,,,,,2026-09,,,,,,
2026-08-25 00:00:00+00:00,50+ bps decrease,,0.0025,,,,,,,,,,,,,2026-09,,,,,,
2026-08-26 00:00:00+00:00,50+ bps decrease,,0.0035,,,,,,,,,,,,,2026-09,,,,,,
2026-08-27 00:00:00+00:00,50+ bps decrease,,0.0035,,,,,,,,,,,,,2026-09,,,,,,
2026-08-28 00:00:00+00:00,50+ bps decrease,,0.0035,,,,,,,,,,,,,2026-09,,,,,,
2026-08-29 00:00:00+00:00,50+ bps decrease,,0.0025,,,,,,,,,,,,,2026-09,,,,,,
2026-08-30 00:00:00+00:00,50+ bps decrease,,0.0025,,,,,,,,,,,,,2026-09,,,,,,
2026-08-31 00:00:00+00:00,50+ bps decrease,,0.0025,,,,,,,,,,,,,2026-09,,,,,,
2026-09-01 00:00:00+00:00,50+ bps decrease,0.0025,,,,,,,,,,,,,2026-09,,,,,,,0.0
2026-09-02 00:00:00+00:00,50+ bps decrease,0.0015,,,,,,,,,,,,,2026-09,,,,,,,0.0
2026-09-03 00:00:00+00:00,50+ bps decrease,0.0015,,,,,,,,,,,,,2026-09,,,,,,,0.0
2026-09-04 00:00:00+00:00,50+ bps decrease,0.0015,,,,,,,,,,,,,2026-09,,,,,,,0.0
2026-09-05 00:00:00+00:00,50+ bps decrease,0.0015,,,,,,,,,,,,,2026-09,,,,,,,0.0
2026-09-06 00:00:00+00:00,50+ bps decrease,0.0015,,,,,,,,,,,,,2026-09,,,,,,,0.0
2026-09-07 00:00:00+00:00,50+ bps decrease,0.0015,,,,,,,,,,,,,2026-09,,,,,,,0.0
2026-09-08 00:00:00+00:00,50+ bps decrease,0.0015,,,,,,,,,,,,,2026-09,,,,,,,0.0
2026-09-09 00:00:00+00:00,50+ bps decrease,0.0015,,,,,,,,,,,,,2026-09,,,,,,,0.0
2026-09-10 00:00:00+00:00,50+ bps decrease,0.0015,,,,,,,,,,,,,2026-09,,,,,,,0.0
2026-09-11 00:00:00+00:00,50+ bps decrease,0.0015,,,,,,,,,,,,,2026-09,,,,,,,0.0
2026-09-12 00:00:00+00:00,50+ bps decrease,0.0005,,,,,,,,,,,,,2026-09,,,,,,,0.0
2026-09-13 00:00:00+00:00,50+ bps decrease,0.0005,,,,,,,,,,,,,2026-09,,,,,,,0.0
2026-09-14 00:00:00+00:00,50+ bps decrease,0.0005,,,,,,,,,,,,,2026-09,,,,,,,0.0
2026-09-15 00:00:00+00:00,50+ bps decrease,0.0005,,,,,,,,,,,,,2026-09,,,,,,,0.0
2026-09-16 00:00:00+00:00,50+ bps decrease,0.0005,,,,,,,,,,,,,2026-09,,,,,,,0.0
2025-12-11 00:00:00+00:00,50+ bps increase,,,,,,,0.095,,,,,,,,,,,,,2026-06,
2025-12-12 00:00:00+00:00,50+ bps increase,,,,,,,0.04,,,,,,,,,,,,,2026-06,
2025-12-13 00:00:00+00:00,50+ bps increase,,,,,,,0.036,,,,,,,,,,,,,2026-06,
2025-12-14 00:00:00+00:00,50+ bps increase,,,,,,,0.0365,,,,,,,,,,,,,2026-06,
2025-12-15 00:00:00+00:00,50+ bps increase,,,,,,,0.0385,,,,,,,,,,,,,2026-06,
2025-12-16 00:00:00+00:00,50+ bps increase,,,,,,,0.038,,,,,,,,,,,,,2026-06,
2025-12-17 00:00:00+00:00,50+ bps increase,,,,,,,0.0375,,,,,,,,,,,,,2026-06,
2025-12-18 00:00:00+00:00,50+ bps increase,,,,,,,0.038,,,,,,,,,,,,,2026-06,
2025-12-19 00:00:00+00:00,50+ bps increase,,,,,,,0.038,,,,,,,,,,,,,2026-06,
2025-12-20 00:00:00+00:00,50+ bps increase,,,,,,,0.0375,,,,,,,,,,,,,2026-06,
2025-12-21 00:00:00+00:00,50+ bps increase,,,,,,,0.037,,,,,,,,,,,,,2026-06,
2025-12-22 00:00:00+00:00,50+ bps increase,,,,,,,0.0375,,,,,,,,,,,,,2026-06,
2025-12-23 00:00:00+00:00,50+ bps increase,,,,,,,0.037,,,,,,,,,,,,,2026-06,
2025-12-24 00:00:00+00:00,50+ bps increase,,,,,,,0.0365,,,,,,,,,,,,,2026-06,
2025-12-25 00:00:00+00:00,50+ bps increase,,,,,,,0.0335,,,,,,,,,,,,,2026-06,
2025-12-26 00:00:00+00:00,50+ bps increase,,,,,,,0.0325,,,,,,,,,,,,,2026-06,
2025-12-27 00:00:00+00:00,50+ bps increase,,,,,,,0.033,,,,,,,,,,,,,2026-06,
2025-12-28 00:00:00+00:00,50+ bps increase,,,,,,,0.0315,,,,,,,,,,,,,2026-06,
2025-12-29 00:00:00+00:00,50+ bps increase,,,,,,,0.0325,,,,,,,,,,,,,2026-06,
2025-12-30 00:00:00+00:00,50+ bps increase,,,,,,,0.033,,,,,,,,,,,,,2026-06,
2025-12-31 00:00:00+00:00,50+ bps increase,,,,,,,0.0295,,,,,,,,,,,,,2026-06,
2026-01-01 00:00:00+00:00,50+ bps increase,,,,,,0.031,,,,,,,,,,,,,2026-06,,
2026-01-02 00:00:00+00:00,50+ bps increase,,,,,,0.06,,,,,,,,,,,,,2026-06,,
2026-01-03 00:00:00+00:00,50+ bps increase,,,,,,0.058,,,,,,,,,,,,,2026-06,,
2026-01-04 00:00:00+00:00,50+ bps increase,,,,,,0.061,,,,,,,,,,,,,2026-06,,
2026-01-05 00:00:00+00:00,50+ bps increase,,,,,,0.058,,,,,,,,,,,,,2026-06,,
2026-01-06 00:00:00+00:00,50+ bps increase,,,,,,0.0515,,,,,,,,,,,,,2026-06,,
2026-01-07 00:00:00+00:00,50+ bps increase,,,,,,0.0435,,,,,,,,,,,,,2026-06,,
2026-01-08 00:00:00+00:00,50+ bps increase,,,,,,0.0415,,,,,,,,,,,,,2026-06,,
2026-01-09 00:00:00+00:00,50+ bps increase,,,,,,0.042,,,,,,,,,,,,,2026-06,,
2026-01-10 00:00:00+00:00,50+ bps increase,,,,,,0.013,,,,,,,,,,,,,2026-06,,
2026-01-11 00:00:00+00:00,50+ bps increase,,,,,,0.0025,,,,,,,,,,,,,2026-06,,
2026-01-12 00:00:00+00:00,50+ bps increase,,,,,,0.002,,,,,,,,,,,,,2026-06,,
2026-01-13 00:00:00+00:00,50+ bps increase,,,,,,0.0025,,,,,,,,,,,,,2026-06,,
2026-01-14 00:00:00+00:00,50+ bps increase,,,,,,0.003,,,,,,,,,,,,,2026-06,,
2026-01-15 00:00:00+00:00,50+ bps increase,,,,,,0.003,,,,,,,,,,,,,2026-06,,
2026-01-16 00:00:00+00:00,50+ bps increase,,,,,,0.003,,,,,,,,,,,,,2026-06,,
2026-01-17 00:00:00+00:00,50+ bps increase,,,,,,0.0035,,,,,,,,,,,,,2026-06,,
2026-01-18 00:00:00+00:00,50+ bps increase,,,,,,0.0035,,,,,,,,,,,,,2026-06,,
2026-01-19 00:00:00+00:00,50+ bps increase,,,,,,0.0035,,,,,,,,,,,,,2026-06,,
2026-01-20 00:00:00+00:00,50+ bps increase,,,,,,0.0035,,,,,,,,,,,,,2026-06,,
2026-01-21 00:00:00+00:00,50+ bps increase,,,,,,0.0035,,,,,,,,,,,,,2026-06,,
2026-01-22 00:00:00+00:00,50+ bps increase,,,,,,0.0035,,,,,,,,,,,,,2026-06,,
2026-01-23 00:00:00+00:00,50+ bps increase,,,,,,0.0025,,,,,,,,,,,,,2026-06,,
2026-01-24 00:00:00+00:00,50+ bps increase,,,,,,0.0025,,,,,,,,,,,,,2026-06,,
2026-01-25 00:00:00+00:00,50+ bps increase,,,,,,0.0025,,,,,,,,,,,,,2026-06,,
2026-01-26 00:00:00+00:00,50+ bps increase,,,,,,0.003,,,,,,,,,,,,,2026-06,,
2026-01-27 00:00:00+00:00,50+ bps increase,,,,,,0.002,,,,,,,,,,,,,2026-06,,
2026-01-28 00:00:00+00:00,50+ bps increase,,,,,,0.0045,,,,,,,,,,,,,2026-06,,
2026-01-29 00:00:00+00:00,50+ bps increase,,,,,,0.0365,,,,,,,,,,,,,2026-06,,
2026-01-30 00:00:00+00:00,50+ bps increase,,,,,,0.0125,,,,,,,,,,,,,2026-06,,
2026-01-31 00:00:00+00:00,50+ bps increase,,,,,,0.0445,,,,,,,,,,,,,2026-06,,
2026-02-01 00:00:00+00:00,50+ bps increase,,,,,0.02,,,,,,,,,,,,,2026-06,,,
2026-02-02 00:00:00+00:00,50+ bps increase,,,,,0.019,,,,,,,,,,,,,2026-06,,,
2026-02-03 00:00:00+00:00,50+ bps increase,,,,,0.0175,,,,,,,,,,,,,2026-06,,,
2026-02-04 00:00:00+00:00,50+ bps increase,,,,,0.0175,,,,,,,,,,,,,2026-06,,,
2026-02-05 00:00:00+00:00,50+ bps increase,,,,,0.0175,,,,,,,,,,,,,2026-06,,,
2026-02-06 00:00:00+00:00,50+ bps increase,,,,,0.0235,,,,,,,,,,,,,2026-06,,,
2026-02-07 00:00:00+00:00,50+ bps increase,,,,,0.0245,,,,,,,,,,,,,2026-06,,,
2026-02-08 00:00:00+00:00,50+ bps increase,,,,,0.0345,,,,,,,,,,,,,2026-06,,,
2026-02-09 00:00:00+00:00,50+ bps increase,,,,,0.0265,,,,,,,,,,,,,2026-06,,,
2026-02-10 00:00:00+00:00,50+ bps increase,,,,,0.0295,,,,,,,,,,,,,2026-06,,,
2026-02-11 00:00:00+00:00,50+ bps increase,,,,,0.021,,,,,,,,,,,,,2026-06,,,
2026-02-12 00:00:00+00:00,50+ bps increase,,,,,0.018,,,,,,,,,,,,,2026-06,,,
2026-02-13 00:00:00+00:00,50+ bps increase,,,,,0.0175,,,,,,,,,,,,,2026-06,,,
2026-02-14 00:00:00+00:00,50+ bps increase,,,,,0.0175,,,,,,,,,,,,,2026-06,,,
2026-02-15 00:00:00+00:00,50+ bps increase,,,,,0.019,,,,,,,,,,,,,2026-06,,,
2026-02-16 00:00:00+00:00,50+ bps increase,,,,,0.019,,,,,,,,,,,,,2026-06,,,
2026-02-17 00:00:00+00:00,50+ bps increase,,,,,0.018,,,,,,,,,,,,,2026-06,,,
2026-02-18 00:00:00+00:00,50+ bps increase,,,,,0.0175,,,,,,,,,,,,,2026-06,,,
2026-02-19 00:00:00+00:00,50+ bps increase,,,,,0.018,,,,,,,,,,,,,2026-06,,,
2026-02-20 00:00:00+00:00,50+ bps increase,,,,,0.018,,,,,,,,,,,,,2026-06,,,
2026-02-21 00:00:00+00:00,50+ bps increase,,,,,0.0185,,,,,,,,,,,,,2026-06,,,
2026-02-22 00:00:00+00:00,50+ bps increase,,,,,0.0185,,,,,,,,,,,,,2026-06,,,
2026-02-23 00:00:00+00:00,50+ bps increase,,,,,0.018,,,,,,,,,,,,,2026-06,,,
2026-02-24 00:00:00+00:00,50+ bps increase,,,,,0.015,,,,,,,,,,,,,2026-06,,,
2026-02-25 00:00:00+00:00,50+ bps increase,,,,,0.0125,,,,,,,,,,,,,2026-06,,,
2026-02-26 00:00:00+00:00,50+ bps increase,,,,,0.009,,,,,,,,,,,,,2026-06,,,
2026-02-27 00:00:00+00:00,50+ bps increase,,,,,0.009,,,,,,,,,,,,,2026-06,,,
2026-02-28 00:00:00+00:00,50+ bps increase,,,,,0.0085,,,,,,,,,,,,,2026-06,,,
2026-03-02 00:00:00+00:00,50+ bps increase,,,,0.0085,,,,,,,,,,,,,2026-06,,,,
2026-03-03 00:00:00+00:00,50+ bps increase,,,,0.01,,,,,,,,,,,,,2026-06,,,,
2026-03-04 00:00:00+00:00,50+ bps increase,,,,0.008,,,,,,,,,,,,,2026-06,,,,
2026-03-05 00:00:00+00:00,50+ bps increase,,,,0.009,,,,,,,,,,,,,2026-06,,,,
2026-03-06 00:00:00+00:00,50+ bps increase,,,,0.0065,,,,,,,,,,,,,2026-06,,,,
2026-03-07 00:00:00+00:00,50+ bps increase,,,,0.007,,,,,,,,,,,,,2026-06,,,,
2026-03-08 00:00:00+00:00,50+ bps increase,,,,0.007,,,,,,,,,,,,,2026-06,,,,
2026-03-09 00:00:00+00:00,50+ bps increase,,,,0.01,,,,,,,,,,,,,2026-06,,,,
2026-03-10 00:00:00+00:00,50+ bps increase,,,,0.0125,,,,,,,,,,,,,2026-06,,,,
2026-03-11 00:00:00+00:00,50+ bps increase,,,,0.013,,,,,,,,,,,,,2026-06,,,,
2026-03-12 00:00:00+00:00,50+ bps increase,,,,0.014,,,,,,,,,,,,,2026-06,,,,
2026-03-14 00:00:00+00:00,50+ bps increase,,,,0.0105,,,,,,,,,,,,,2026-06,,,,
2026-03-15 00:00:00+00:00,50+ bps increase,,,,0.0115,,,,,,,,,,,,,2026-06,,,,
2026-03-16 00:00:00+00:00,50+ bps increase,,,,0.0115,,,,,,,,,,,,,2026-06,,,,
2026-03-17 00:00:00+00:00,50+ bps increase,,,,0.0155,,,,,,,,,,,,,2026-06,,,,
2026-03-18 00:00:00+00:00,50+ bps increase,,,,0.0105,,,,,,,,,,,,,2026-06,,,,
2026-03-19 00:00:00+00:00,50+ bps increase,,,,0.008,,,,,,,,,,,,,2026-06,,,,
2026-03-20 00:00:00+00:00,50+ bps increase,,,,0.0075,,,,,,,,,,,,,2026-06,,,,
2026-03-21 00:00:00+00:00,50+ bps increase,,,,0.0075,0.0085,,,,,,,,,,,,2026-06,2026-07,,,
2026-03-22 00:00:00+00:00,50+ bps increase,,,,0.0075,0.0125,,,,,,,,,,,,2026-06,2026-07,,,
2026-03-23 00:00:00+00:00,50+ bps increase,,,,0.0095,0.0055,,,,,,,,,,,,2026-06,2026-07,,,
2026-03-24 00:00:00+00:00,50+ bps increase,,,,0.0085,0.0105,,,,,,,,,,,,2026-06,2026-07,,,
2026-03-25 00:00:00+00:00,50+ bps increase,,,,0.0125,0.0085,,,,,,,,,,,,2026-06,2026-07,,,
2026-03-26 00:00:00+00:00,50+ bps increase,,,,0.0105,0.023,,,,,,,,,,,,2026-06,2026-07,,,
2026-03-27 00:00:00+00:00,50+ bps increase,,,,0.0105,0.0085,,,,,,,,,,,,2026-06,2026-07,,,
2026-03-28 00:00:00+00:00,50+ bps increase,,,,0.01,0.0105,,,,,,,,,,,,2026-06,2026-07,,,
2026-03-29 00:00:00+00:00,50+ bps increase,,,,0.0095,0.0085,,,,,,,,,,,,2026-06,2026-07,,,
2026-03-31 00:00:00+00:00,50+ bps increase,,,,0.0095,,,,,,,,,,,,,2026-06,,,,
2026-04-02 00:00:00+00:00,50+ bps increase,,,0.0075,,,,,,,,,,,,,2026-06,,,,,
2026-04-09 00:00:00+00:00,50+ bps increase,,,0.0065,0.0085,,,,,,,,,,,,2026-06,2026-07,,,,
2026-04-18 00:00:00+00:00,50+ bps increase,,,,0.0095,,,,,,,,,,,,,2026-07,,,,
2026-04-19 00:00:00+00:00,50+ bps increase,,,0.0055,,,,,,,,,,,,,2026-06,,,,,
2026-04-22 00:00:00+00:00,50+ bps increase,,,0.0055,0.0085,,,,,,,,,,,,2026-06,2026-07,,,,
2026-04-23 00:00:00+00:00,50+ bps increase,,,0.0055,0.0085,,,,,,,,,,,,2026-06,2026-07,,,,
2026-04-24 00:00:00+00:00,50+ bps increase,,,0.0035,0.0085,,,,,,,,,,,,2026-06,2026-07,,,,
2026-04-25 00:00:00+00:00,50+ bps increase,,,0.0035,0.0075,,,,,,,,,,,,2026-06,2026-07,,,,
2026-04-26 00:00:00+00:00,50+ bps increase,,,0.0035,0.008,,,,,,,,,,,,2026-06,2026-07,,,,
2026-04-27 00:00:00+00:00,50+ bps increase,,,0.0035,0.0085,,,,,,,,,,,,2026-06,2026-07,,,,
2026-04-28 00:00:00+00:00,50+ bps increase,,,0.0025,0.0085,,,,,,,,,,,,2026-06,2026-07,,,,
2026-04-29 00:00:00+00:00,50+ bps increase,,,0.0025,0.0085,,,,,,,,,,,,2026-06,2026-07,,,,
2026-04-30 00:00:00+00:00,50+ bps increase,,,0.0035,0.0085,,,,,,,,,,,,2026-06,2026-07,,,,
2026-05-01 00:00:00+00:00,50+ bps increase,,0.0035,0.008,,,,,,,,,,,,2026-06,2026-07,,,,,
2026-05-02 00:00:00+00:00,50+ bps increase,,0.0035,0.0075,,,,,,,,,,,,2026-06,2026-07,,,,,
2026-05-03 00:00:00+00:00,50+ bps increase,,0.0035,0.0075,,,,,,,,,,,,2026-06,2026-07,,,,,
2026-05-04 00:00:00+00:00,50+ bps increase,,0.0035,0.0075,,,,,,,,,,,,2026-06,2026-07,,,,,
2026-05-05 00:00:00+00:00,50+ bps increase,,0.0035,0.0065,,,,,,,,,,,,2026-06,2026-07,,,,,
2026-05-06 00:00:00+00:00,50+ bps increase,,0.0035,0.0065,,,,,,,,,,,,2026-06,2026-07,,,,,
2026-05-07 00:00:00+00:00,50+ bps increase,,0.0035,0.0065,,,,,,,,,,,,2026-06,2026-07,,,,,
2026-05-08 00:00:00+00:00,50+ bps increase,,0.0035,0.0065,,,,,,,,,,,,2026-06,2026-07,,,,,
2026-05-09 00:00:00+00:00,50+ bps increase,,0.0035,0.0065,,,,,,,,,,,,2026-06,2026-07,,,,,
2026-05-10 00:00:00+00:00,50+ bps increase,,0.0035,0.0055,,,,,,,,,,,,2026-06,2026-07,,,,,
2026-05-11 00:00:00+00:00,50+ bps increase,,0.0035,0.0055,,,,,,,,,,,,2026-06,2026-07,,,,,
2026-05-12 00:00:00+00:00,50+ bps increase,,0.0025,0.0055,,,,,,,,,,,,2026-06,2026-07,,,,,
2026-05-13 00:00:00+00:00,50+ bps increase,,0.0025,0.0045,,,,,,,,,,,,2026-06,2026-07,,,,,
2026-05-14 00:00:00+00:00,50+ bps increase,,0.0025,0.0045,,0.2,,,,,,,,,,2026-06,2026-07,,2026-09,,,
2026-05-15 00:00:00+00:00,50+ bps increase,,0.0025,0.004,,0.0195,,,,,,,,,,2026-06,2026-07,,2026-09,,,
2026-05-16 00:00:00+00:00,50+ bps increase,,0.0025,0.0035,,0.024,,,,,,,,,,2026-06,2026-07,,2026-09,,,
2026-05-17 00:00:00+00:00,50+ bps increase,,0.0025,0.0035,,0.011,,,,,,,,,,2026-06,2026-07,,2026-09,,,
2026-05-18 00:00:00+00:00,50+ bps increase,,0.0025,0.0035,,0.011,,,,,,,,,,2026-06,2026-07,,2026-09,,,
2026-05-19 00:00:00+00:00,50+ bps increase,,0.0025,0.0035,,0.028,,,,,,,,,,2026-06,2026-07,,2026-09,,,
2026-05-20 00:00:00+00:00,50+ bps increase,,0.0025,0.0035,,0.048,,,,,,,,,,2026-06,2026-07,,2026-09,,,
2026-05-21 00:00:00+00:00,50+ bps increase,,0.0025,0.0035,,0.0305,,,,,,,,,,2026-06,2026-07,,2026-09,,,
2026-05-22 00:00:00+00:00,50+ bps increase,,0.0025,0.0035,,0.0315,,,,,,,,,,2026-06,2026-07,,2026-09,,,
2026-05-23 00:00:00+00:00,50+ bps increase,,0.0025,0.0035,,0.0275,,,,,,,,,,2026-06,2026-07,,2026-09,,,
2026-05-24 00:00:00+00:00,50+ bps increase,,0.0025,0.0025,,0.0205,,,,,,,,,,2026-06,2026-07,,2026-09,,,
2026-05-25 00:00:00+00:00,50+ bps increase,,0.0025,0.0025,,0.0175,,,,,,,,,,2026-06,2026-07,,2026-09,,,
2026-05-26 00:00:00+00:00,50+ bps increase,,0.0025,0.0025,,0.015,,,,,,,,,,2026-06,2026-07,,2026-09,,,
2026-05-27 00:00:00+00:00,50+ bps increase,,0.0025,0.0025,,0.011,,,,,,,,,,2026-06,2026-07,,2026-09,,,
2026-05-28 00:00:00+00:00,50+ bps increase,,0.0025,0.0025,,0.007,,,,,,,,,,2026-06,2026-07,,2026-09,,,
2026-05-29 00:00:00+00:00,50+ bps increase,,0.0025,0.0025,,0.006,,,,,,,,,,2026-06,2026-07,,2026-09,,,
2026-05-30 00:00:00+00:00,50+ bps increase,,0.0015,0.0025,,0.01,,,,,,,,,,2026-06,2026-07,,2026-09,,,
2026-05-31 00:00:00+00:00,50+ bps increase,,0.0015,0.0025,,0.01,,,,,,,,,,2026-06,2026-07,,2026-09,,,
2026-06-01 00:00:00+00:00,50+ bps increase,0.0015,0.0025,,0.01,,,,,,,,,,2026-06,2026-07,,2026-09,,,,0.0
2026-06-02 00:00:00+00:00,50+ bps increase,0.0015,0.0025,,0.0135,,,,,,,,,,2026-06,2026-07,,2026-09,,,,0.0
2026-06-03 00:00:00+00:00,50+ bps increase,0.0015,0.0025,,0.0125,,,,,,,,,,2026-06,2026-07,,2026-09,,,,0.0
2026-06-04 00:00:00+00:00,50+ bps increase,0.0015,0.0025,,0.018,,,,,,,,,,2026-06,2026-07,,2026-09,,,,0.0
2026-06-05 00:00:00+00:00,50+ bps increase,0.0015,0.0025,,0.015,,,,,,,,,,2026-06,2026-07,,2026-09,,,,0.0
2026-06-06 00:00:00+00:00,50+ bps increase,0.0005,0.0025,,0.012,,,,,,,,,,2026-06,2026-07,,2026-09,,,,0.0
2026-06-07 00:00:00+00:00,50+ bps increase,0.0005,0.0035,,0.019,,,,,,,,,,2026-06,2026-07,,2026-09,,,,0.0
2026-06-08 00:00:00+00:00,50+ bps increase,0.0005,0.0035,,0.0085,,,,,,,,,,2026-06,2026-07,,2026-09,,,,0.0
2026-06-09 00:00:00+00:00,50+ bps increase,0.0005,0.003,,0.015,,,,,,,,,,2026-06,2026-07,,2026-09,,,,0.0
2026-06-10 00:00:00+00:00,50+ bps increase,0.0005,0.0025,,0.0145,,,,,,,,,,2026-06,2026-07,,2026-09,,,,0.0
2026-06-11 00:00:00+00:00,50+ bps increase,0.0005,0.0025,,0.0145,,,,,,,,,,2026-06,2026-07,,2026-09,,,,0.0
2026-06-12 00:00:00+00:00,50+ bps increase,0.0005,0.0035,,0.0145,,,,,,,,,,2026-06,2026-07,,2026-09,,,,0.0
2026-06-13 00:00:00+00:00,50+ bps increase,0.0005,0.003,,0.0115,,,,,,,,,,2026-06,2026-07,,2026-09,,,,0.0
2026-06-14 00:00:00+00:00,50+ bps increase,0.0005,0.0035,,0.0115,,,,,,,,,,2026-06,2026-07,,2026-09,,,,0.0
2026-06-15 00:00:00+00:00,50+ bps increase,0.0005,0.003,,0.0065,,,,,,,,,,2026-06,2026-07,,2026-09,,,,0.0
2026-06-16 00:00:00+00:00,50+ bps increase,0.0005,0.003,,0.0045,,,,,,,,,,2026-06,2026-07,,2026-09,,,,0.0
2026-06-17 00:00:00+00:00,50+ bps increase,0.0005,0.0025,,0.0055,,,,,,,,,,2026-06,2026-07,,2026-09,,,,0.0
2026-06-18 00:00:00+00:00,50+ bps increase,,0.008,,0.0075,,,,,,,,,,,2026-07,,2026-09,,,,
2026-06-19 00:00:00+00:00,50+ bps increase,,0.005,,0.036,,,,,,,,,,,2026-07,,2026-09,,,,
2026-06-20 00:00:00+00:00,50+ bps increase,,0.0055,,0.0225,,,,,,,,,,,2026-07,,2026-09,,,,
2026-06-21 00:00:00+00:00,50+ bps increase,,0.0055,,0.0155,,,,,,,,,,,2026-07,,2026-09,,,,
2026-06-22 00:00:00+00:00,50+ bps increase,,0.0045,,0.0165,,,,,,,,,,,2026-07,,2026-09,,,,
2026-06-23 00:00:00+00:00,50+ bps increase,,0.0035,,0.01,,,,,,,,,,,2026-07,,2026-09,,,,
2026-06-24 00:00:00+00:00,50+ bps increase,,0.0045,,0.012,,,,,,,,,,,2026-07,,2026-09,,,,
2026-06-25 00:00:00+00:00,50+ bps increase,,0.0035,,0.0115,,,,,,,,,,,2026-07,,2026-09,,,,
2026-06-26 00:00:00+00:00,50+ bps increase,,0.0035,,0.011,,,,,,,,,,,2026-07,,2026-09,,,,
2026-06-27 00:00:00+00:00,50+ bps increase,,0.0045,,0.0125,,,,,,,,,,,2026-07,,2026-09,,,,
2026-06-28 00:00:00+00:00,50+ bps increase,,0.0045,,0.0125,,,,,,,,,,,2026-07,,2026-09,,,,
2026-06-29 00:00:00+00:00,50+ bps increase,,0.0045,,0.0165,,,,,,,,,,,2026-07,,2026-09,,,,
2026-06-30 00:00:00+00:00,50+ bps increase,,0.0045,,0.029,,,,,,,,,,,2026-07,,2026-09,,,,
2026-07-01 00:00:00+00:00,50+ bps increase,0.0045,,0.021,,,,,,,,,,,2026-07,,2026-09,,,,,0.0
2026-07-02 00:00:00+00:00,50+ bps increase,0.0035,,0.018,,,,,,,,,,,2026-07,,2026-09,,,,,0.0
2026-07-03 00:00:00+00:00,50+ bps increase,0.0015,,0.0095,,,,,,,,,,,2026-07,,2026-09,,,,,0.0
2026-07-04 00:00:00+00:00,50+ bps increase,0.0015,,0.0145,,,,,,,,,,,2026-07,,2026-09,,,,,0.0
2026-07-05 00:00:00+00:00,50+ bps increase,0.0015,,0.0145,,,,,,,,,,,2026-07,,2026-09,,,,,0.0
2026-07-06 00:00:00+00:00,50+ bps increase,0.0015,,0.0105,,,,,,,,,,,2026-07,,2026-09,,,,,0.0
2026-07-07 00:00:00+00:00,50+ bps increase,0.0035,,0.0105,,,,,,,,,,,2026-07,,2026-09,,,,,0.0
2026-07-08 00:00:00+00:00,50+ bps increase,0.0035,,0.0105,,,,,,,,,,,2026-07,,2026-09,,,,,0.0
2026-07-09 00:00:00+00:00,50+ bps increase,0.0035,,0.01,,,,,,,,,,,2026-07,,2026-09,,,,,0.0
2026-07-10 00:00:00+00:00,50+ bps increase,0.0025,,0.011,,,,,,,,,,,2026-07,,2026-09,,,,,0.0
2026-07-11 00:00:00+00:00,50+ bps increase,0.0035,,0.009,,,,,,,,,,,2026-07,,2026-09,,,,,0.0
2026-07-12 00:00:00+00:00,50+ bps increase,0.0045,,0.009,,,,,,,,,,,2026-07,,2026-09,,,,,0.0
2026-07-13 00:00:00+00:00,50+ bps increase,0.0055,,0.0115,,,,,,,,,,,2026-07,,2026-09,,,,,0.0
2026-07-14 00:00:00+00:00,50+ bps increase,0.0075,,0.009,,,,,,,,,,,2026-07,,2026-09,,,,,0.0
2026-07-15 00:00:00+00:00,50+ bps increase,0.0045,,0.0075,,,,,,,,,,,2026-07,,2026-09,,,,,0.0
2026-07-16 00:00:00+00:00,50+ bps increase,0.0035,,0.0055,,,,,,,,,,,2026-07,,2026-09,,,,,0.0
2026-07-17 00:00:00+00:00,50+ bps increase,0.0025,,0.0085,,,,,,,,,,,2026-07,,2026-09,,,,,0.0
2026-07-18 00:00:00+00:00,50+ bps increase,0.0045,,0.0045,,,,,,,,,,,2026-07,,2026-09,,,,,0.0
2026-07-19 00:00:00+00:00,50+ bps increase,0.0035,,0.0075,,,,,,,,,,,2026-07,,2026-09,,,,,0.0
2026-07-20 00:00:00+00:00,50+ bps increase,0.0045,,0.0055,,,,,,,,,,,2026-07,,2026-09,,,,,0.0
2026-07-21 00:00:00+00:00,50+ bps increase,0.0035,,0.0075,,,,,,,,,,,2026-07,,2026-09,,,,,0.0
2026-07-22 00:00:00+00:00,50+ bps increase,0.0055,,0.0065,,,,,,,,,,,2026-07,,2026-09,,,,,0.0
2026-07-23 00:00:00+00:00,50+ bps increase,0.0085,,0.0085,,,,,,,,,,,2026-07,,2026-09,,,,,0.0
2026-07-24 00:00:00+00:00,50+ bps increase,0.0065,,0.0095,,,,,,,,,,,2026-07,,2026-09,,,,,0.0
2026-07-25 00:00:00+00:00,50+ bps increase,0.0065,,0.0095,,,,,,,,,,,2026-07,,2026-09,,,,,0.0
2026-07-26 00:00:00+00:00,50+ bps increase,0.0065,,0.0115,,,,,,,,,,,2026-07,,2026-09,,,,,0.0
2026-07-27 00:00:00+00:00,50+ bps increase,0.0065,,0.0095,,,,,,,,,,,2026-07,,2026-09,,,,,0.0
2026-07-28 00:00:00+00:00,50+ bps increase,0.0065,,0.0115,,,,,,,,,,,2026-07,,2026-09,,,,,0.0
2026-07-30 00:00:00+00:00,50+ bps increase,,,0.0185,,,,,,,,,,,,,2026-09,,,,,
2026-07-31 00:00:00+00:00,50+ bps increase,,,0.0155,,,,,,,,,,,,,2026-09,,,,,
2026-08-01 00:00:00+00:00,50+ bps increase,,0.0165,,,,,,,,,,,,,2026-09,,,,,,
2026-08-02 00:00:00+00:00,50+ bps increase,,0.0155,,,,,,,,,,,,,2026-09,,,,,,
2026-08-03 00:00:00+00:00,50+ bps increase,,0.0125,,,,,,,,,,,,,2026-09,,,,,,
2026-08-04 00:00:00+00:00,50+ bps increase,,0.0125,,,,,,,,,,,,,2026-09,,,,,,
2026-08-05 00:00:00+00:00,50+ bps increase,,0.0135,,,,,,,,,,,,,2026-09,,,,,,
2026-08-06 00:00:00+00:00,50+ bps increase,,0.0135,,,,,,,,,,,,,2026-09,,,,,,
2026-08-07 00:00:00+00:00,50+ bps increase,,0.0105,,,,,,,,,,,,,2026-09,,,,,,
2026-08-08 00:00:00+00:00,50+ bps increase,,0.0055,,,,,,,,,,,,,2026-09,,,,,,
2026-08-09 00:00:00+00:00,50+ bps increase,,0.0055,,,,,,,,,,,,,2026-09,,,,,,
2026-08-10 00:00:00+00:00,50+ bps increase,,0.0055,,,,,,,,,,,,,2026-09,,,,,,
2026-08-11 00:00:00+00:00,50+ bps increase,,0.0055,,,,,,,,,,,,,2026-09,,,,,,
2026-08-12 00:00:00+00:00,50+ bps increase,,0.0055,,,,,,,,,,,,,2026-09,,,,,,
2026-08-13 00:00:00+00:00,50+ bps increase,,0.0045,,,,,,,,,,,,,2026-09,,,,,,
2026-08-14 00:00:00+00:00,50+ bps increase,,0.0045,,,,,,,,,,,,,2026-09,,,,,,
2026-08-15 00:00:00+00:00,50+ bps increase,,0.0045,,,,,,,,,,,,,2026-09,,,,,,
2026-08-16 00:00:00+00:00,50+ bps increase,,0.0045,,,,,,,,,,,,,2026-09,,,,,,
2026-08-17 00:00:00+00:00,50+ bps increase,,0.0035,,,,,,,,,,,,,2026-09,,,,,,
2026-08-18 00:00:00+00:00,50+ bps increase,,0.0035,,,,,,,,,,,,,2026-09,,,,,,
2026-08-19 00:00:00+00:00,50+ bps increase,,0.0035,,,,,,,,,,,,,2026-09,,,,,,
2026-08-20 00:00:00+00:00,50+ bps increase,,0.0035,,,,,,,,,,,,,2026-09,,,,,,
2026-08-21 00:00:00+00:00,50+ bps increase,,0.0035,,,,,,,,,,,,,2026-09,,,,,,
2026-08-22 00:00:00+00:00,50+ bps increase,,0.0045,,,,,,,,,,,,,2026-09,,,,,,
2026-08-23 00:00:00+00:00,50+ bps increase,,0.0045,,,,,,,,,,,,,2026-09,,,,,,
2026-08-24 00:00:00+00:00,50+ bps increase,,0.0035,,,,,,,,,,,,,2026-09,,,,,,
2026-08-25 00:00:00+00:00,50+ bps increase,,0.0035,,,,,,,,,,,,,2026-09,,,,,,
2026-08-26 00:00:00+00:00,50+ bps increase,,0.0035,,,,,,,,,,,,,2026-09,,,,,,
2026-08-27 00:00:00+00:00,50+ bps increase,,0.0035,,,,,,,,,,,,,2026-09,,,,,,
2026-08-28 00:00:00+00:00,50+ bps increase,,0.0035,,,,,,,,,,,,,2026-09,,,,,,
2026-08-29 00:00:00+00:00,50+ bps increase,,0.0055,,,,,,,,,,,,,2026-09,,,,,,
2026-08-30 00:00:00+00:00,50+ bps increase,,0.0055,,,,,,,,,,,,,2026-09,,,,,,
2026-08-31 00:00:00+00:00,50+ bps increase,,0.0065,,,,,,,,,,,,,2026-09,,,,,,
2026-09-01 00:00:00+00:00,50+ bps increase,0.0065,,,,,,,,,,,,,2026-09,,,,,,,0.0
2026-09-02 00:00:00+00:00,50+ bps increase,0.0095,,,,,,,,,,,,,2026-09,,,,,,,0.0
2026-09-03 00:00:00+00:00,50+ bps increase,0.0075,,,,,,,,,,,,,2026-09,,,,,,,0.0
2026-09-04 00:00:00+00:00,50+ bps increase,0.0045,,,,,,,,,,,,,2026-09,,,,,,,0.0
2026-09-05 00:00:00+00:00,50+ bps increase,0.0075,,,,,,,,,,,,,2026-09,,,,,,,0.0
2026-09-06 00:00:00+00:00,50+ bps increase,0.0075,,,,,,,,,,,,,2026-09,,,,,,,0.0
2026-09-07 00:00:00+00:00,50+ bps increase,0.0055,,,,,,,,,,,,,2026-09,,,,,,,0.0
2026-09-08 00:00:00+00:00,50+ bps increase,0.0055,,,,,,,,,,,,,2026-09,,,,,,,0.0
2026-09-09 00:00:00+00:00,50+ bps increase,0.0045,,,,,,,,,,,,,2026-09,,,,,,,0.0
2026-09-10 00:00:00+00:00,50+ bps increase,0.0075,,,,,,,,,,,,,2026-09,,,,,,,0.0
2026-09-11 00:00:00+00:00,50+ bps increase,0.0085,,,,,,,,,,,,,2026-09,,,,,,,0.0
2026-09-12 00:00:00+00:00,50+ bps increase,0.007,,,,,,,,,,,,,2026-09,,,,,,,0.0
2026-09-13 00:00:00+00:00,50+ bps increase,0.0055,,,,,,,,,,,,,2026-09,,,,,,,0.0
2026-09-14 00:00:00+00:00,50+ bps increase,0.0065,,,,,,,,,,,,,2026-09,,,,,,,0.0
2026-09-15 00:00:00+00:00,50+ bps increase,0.0075,,,,,,,,,,,,,2026-09,,,,,,,0.0
2026-09-16 00:00:00+00:00,50+ bps increase,0.0095,,,,,,,,,,,,,2026-09,,,,,,,0.0
2022-12-16 00:00:00+00:00,75 bps increase,,,0.15,,,,,,,,,,,,,2023-02,,,,,
2022-12-17 00:00:00+00:00,75 bps increase,,,0.15,,,,,,,,,,,,,2023-02,,,,,
2022-12-18 00:00:00+00:00,75 bps increase,,,0.15,,,,,,,,,,,,,2023-02,,,,,
2022-12-19 00:00:00+00:00,75 bps increase,,,0.15,,,,,,,,,,,,,2023-02,,,,,
2022-12-20 00:00:00+00:00,75 bps increase,,,0.15,,,,,,,,,,,,,2023-02,,,,,
2022-12-21 00:00:00+00:00,75 bps increase,,,0.15,,,,,,,,,,,,,2023-02,,,,,
2022-12-22 00:00:00+00:00,75 bps increase,,,0.15,,,,,,,,,,,,,2023-02,,,,,
2022-12-23 00:00:00+00:00,75 bps increase,,,0.15,,,,,,,,,,,,,2023-02,,,,,
2022-12-24 00:00:00+00:00,75 bps increase,,,0.15,,,,,,,,,,,,,2023-02,,,,,
2022-12-25 00:00:00+00:00,75 bps increase,,,0.15,,,,,,,,,,,,,2023-02,,,,,
2022-12-26 00:00:00+00:00,75 bps increase,,,0.15,,,,,,,,,,,,,2023-02,,,,,
2022-12-27 00:00:00+00:00,75 bps increase,,,0.15,,,,,,,,,,,,,2023-02,,,,,
2022-12-28 00:00:00+00:00,75 bps increase,,,0.15,,,,,,,,,,,,,2023-02,,,,,
2022-12-29 00:00:00+00:00,75 bps increase,,,0.15,,,,,,,,,,,,,2023-02,,,,,
2022-12-30 00:00:00+00:00,75 bps increase,,,0.15,,,,,,,,,,,,,2023-02,,,,,
2022-12-31 00:00:00+00:00,75 bps increase,,,0.15,,,,,,,,,,,,,2023-02,,,,,
2023-01-01 00:00:00+00:00,75 bps increase,,0.15,,,,,,,,,,,,,2023-02,,,,,,
2023-01-02 00:00:00+00:00,75 bps increase,,0.15,,,,,,,,,,,,,2023-02,,,,,,
2023-01-03 00:00:00+00:00,75 bps increase,,0.15,,,,,,,,,,,,,2023-02,,,,,,
2023-01-04 00:00:00+00:00,75 bps increase,,0.15,,,,,,,,,,,,,2023-02,,,,,,
2023-01-05 00:00:00+00:00,75 bps increase,,0.15,,,,,,,,,,,,,2023-02,,,,,,
2023-01-06 00:00:00+00:00,75 bps increase,,0.15,,,,,,,,,,,,,2023-02,,,,,,
2023-01-07 00:00:00+00:00,75 bps increase,,0.5,,,,,,,,,,,,,2023-02,,,,,,
2023-01-08 00:00:00+00:00,75 bps increase,,0.5,,,,,,,,,,,,,2023-02,,,,,,
2023-01-09 00:00:00+00:00,75 bps increase,,0.5,,,,,,,,,,,,,2023-02,,,,,,
2023-01-10 00:00:00+00:00,75 bps increase,,0.5,,,,,,,,,,,,,2023-02,,,,,,
2023-01-11 00:00:00+00:00,75 bps increase,,0.99,,,,,,,,,,,,,2023-02,,,,,,
2023-01-12 00:00:00+00:00,75 bps increase,,0.01,,,,,,,,,,,,,2023-02,,,,,,
2023-01-13 00:00:00+00:00,75 bps increase,,0.01,,,,,,,,,,,,,2023-02,,,,,,
2023-01-14 00:00:00+00:00,75 bps increase,,0.01,,,,,,,,,,,,,2023-02,,,,,,
2023-01-15 00:00:00+00:00,75 bps increase,,0.01,,,,,,,,,,,,,2023-02,,,,,,
2023-01-16 00:00:00+00:00,75 bps increase,,0.01,,,,,,,,,,,,,2023-02,,,,,,
2023-01-17 00:00:00+00:00,75 bps increase,,0.01,,,,,,,,,,,,,2023-02,,,,,,
2023-01-18 00:00:00+00:00,75 bps increase,,0.01,,,,,,,,,,,,,2023-02,,,,,,
2023-01-19 00:00:00+00:00,75 bps increase,,0.01,,,,,,,,,,,,,2023-02,,,,,,
2023-01-20 00:00:00+00:00,75 bps increase,,0.01,,,,,,,,,,,,,2023-02,,,,,,
2023-01-21 00:00:00+00:00,75 bps increase,,0.01,,,,,,,,,,,,,2023-02,,,,,,
2023-01-22 00:00:00+00:00,75 bps increase,,0.01,,,,,,,,,,,,,2023-02,,,,,,
2023-01-24 00:00:00+00:00,75 bps increase,,0.01,,,,,,,,,,,,,2023-02,,,,,,
2023-01-25 00:00:00+00:00,75 bps increase,,0.01,,,,,,,,,,,,,2023-02,,,,,,
2023-01-26 00:00:00+00:00,75 bps increase,,0.01,,,,,,,,,,,,,2023-02,,,,,,
2023-01-27 00:00:00+00:00,75 bps increase,,0.01,,,,,,,,,,,,,2023-02,,,,,,
2023-01-28 00:00:00+00:00,75 bps increase,,0.01,,,,,,,,,,,,,2023-02,,,,,,
2023-01-29 00:00:00+00:00,75 bps increase,,0.01,,,,,,,,,,,,,2023-02,,,,,,
2023-01-30 00:00:00+00:00,75 bps increase,,0.01,,,,,,,,,,,,,2023-02,,,,,,
2023-01-31 00:00:00+00:00,75 bps increase,,0.01,,,,,,,,,,,,,2023-02,,,,,,
2023-02-01 00:00:00+00:00,75 bps increase,0.01,,,,,,,,,,,,,2023-02,,,,,,,0.0
2024-08-03 00:00:00+00:00,75+ bps decrease,,,,0.125,,,,,,,,,,,,,2024-11,,,,
2024-08-04 00:00:00+00:00,75+ bps decrease,,,,0.125,,,,,,,,,,,,,2024-11,,,,
2024-08-05 00:00:00+00:00,75+ bps decrease,,,,0.125,,,,,,,,,,,,,2024-11,,,,
2024-08-06 00:00:00+00:00,75+ bps decrease,,,,0.11,,,,,,,,,,,,,2024-11,,,,
2024-08-07 00:00:00+00:00,75+ bps decrease,,,,0.105,0.12,,,,,,,,,,,,2024-11,2024-12,,,
2024-08-08 00:00:00+00:00,75+ bps decrease,,,,0.095,0.07,,,,,,,,,,,,2024-11,2024-12,,,
2024-08-09 00:00:00+00:00,75+ bps decrease,,,,0.095,0.07,,,,,,,,,,,,2024-11,2024-12,,,
2024-08-10 00:00:00+00:00,75+ bps decrease,,,,0.09,0.07,,,,,,,,,,,,2024-11,2024-12,,,
2024-08-11 00:00:00+00:00,75+ bps decrease,,,,0.085,0.07,,,,,,,,,,,,2024-11,2024-12,,,
2024-08-12 00:00:00+00:00,75+ bps decrease,,,,0.085,0.07,,,,,,,,,,,,2024-11,2024-12,,,
2024-08-13 00:00:00+00:00,75+ bps decrease,,,,0.085,0.07,,,,,,,,,,,,2024-11,2024-12,,,
2024-08-14 00:00:00+00:00,75+ bps decrease,,,,0.085,0.065,,,,,,,,,,,,2024-11,2024-12,,,
2024-08-15 00:00:00+00:00,75+ bps decrease,,,,0.05,0.065,,,,,,,,,,,,2024-11,2024-12,,,
2024-08-16 00:00:00+00:00,75+ bps decrease,,,,0.045,0.065,,,,,,,,,,,,2024-11,2024-12,,,
2024-08-17 00:00:00+00:00,75+ bps decrease,,,,0.045,0.06,,,,,,,,,,,,2024-11,2024-12,,,
2024-08-18 00:00:00+00:00,75+ bps decrease,,,,0.0355,0.06,,,,,,,,,,,,2024-11,2024-12,,,
2024-08-19 00:00:00+00:00,75+ bps decrease,,,,0.0375,0.06,,,,,,,,,,,,2024-11,2024-12,,,
2024-08-20 00:00:00+00:00,75+ bps decrease,,,,0.0305,0.06,,,,,,,,,,,,2024-11,2024-12,,,
2024-08-21 00:00:00+00:00,75+ bps decrease,,,,0.0315,0.055,,,,,,,,,,,,2024-11,2024-12,,,
2024-08-22 00:00:00+00:00,75+ bps decrease,,,,0.0345,0.055,,,,,,,,,,,,2024-11,2024-12,,,
2024-08-23 00:00:00+00:00,75+ bps decrease,,,,0.035,0.065,,,,,,,,,,,,2024-11,2024-12,,,
2024-08-24 00:00:00+00:00,75+ bps decrease,,,,0.035,0.065,,,,,,,,,,,,2024-11,2024-12,,,
2024-08-25 00:00:00+00:00,75+ bps decrease,,,,0.0335,0.065,,,,,,,,,,,,2024-11,2024-12,,,
2024-08-26 00:00:00+00:00,75+ bps decrease,,,,0.0335,0.065,,,,,,,,,,,,2024-11,2024-12,,,
2024-08-27 00:00:00+00:00,75+ bps decrease,,,,0.0365,0.065,,,,,,,,,,,,2024-11,2024-12,,,
2024-08-28 00:00:00+00:00,75+ bps decrease,,,,0.0365,0.065,,,,,,,,,,,,2024-11,2024-12,,,
2024-08-29 00:00:00+00:00,75+ bps decrease,,,,0.0405,0.075,,,,,,,,,,,,2024-11,2024-12,,,
2024-08-30 00:00:00+00:00,75+ bps decrease,,,,0.037,0.075,,,,,,,,,,,,2024-11,2024-12,,,
2024-08-31 00:00:00+00:00,75+ bps decrease,,,,0.037,0.075,,,,,,,,,,,,2024-11,2024-12,,,
2024-09-01 00:00:00+00:00,75+ bps decrease,,,0.0365,0.075,,,,,,,,,,,,2024-11,2024-12,,,,
2024-09-02 00:00:00+00:00,75+ bps decrease,,,0.0385,0.075,,,,,,,,,,,,2024-11,2024-12,,,,
2024-09-03 00:00:00+00:00,75+ bps decrease,,,0.0385,0.075,,,,,,,,,,,,2024-11,2024-12,,,,
2024-09-04 00:00:00+00:00,75+ bps decrease,,,0.038,0.075,,,,,,,,,,,,2024-11,2024-12,,,,
2024-09-05 00:00:00+00:00,75+ bps decrease,,,0.036,0.075,,,,,,,,,,,,2024-11,2024-12,,,,
2024-09-06 00:00:00+00:00,75+ bps decrease,,,0.0415,0.065,,,,,,,,,,,,2024-11,2024-12,,,,
2024-09-07 00:00:00+00:00,75+ bps decrease,,,0.0455,0.065,,,,,,,,,,,,2024-11,2024-12,,,,
2024-09-08 00:00:00+00:00,75+ bps decrease,,,0.0565,0.075,,,,,,,,,,,,2024-11,2024-12,,,,
2024-09-09 00:00:00+00:00,75+ bps decrease,,,0.0605,0.075,,,,,,,,,,,,2024-11,2024-12,,,,
2024-09-10 00:00:00+00:00,75+ bps decrease,,,0.06,0.075,,,,,,,,,,,,2024-11,2024-12,,,,
2024-09-11 00:00:00+00:00,75+ bps decrease,,,0.0465,0.075,,,,,,,,,,,,2024-11,2024-12,,,,
2024-09-12 00:00:00+00:00,75+ bps decrease,,,0.042,0.075,,,,,,,,,,,,2024-11,2024-12,,,,
2024-09-13 00:00:00+00:00,75+ bps decrease,,,0.043,0.065,,,,,,,,,,,,2024-11,2024-12,,,,
2024-09-14 00:00:00+00:00,75+ bps decrease,,,0.0475,0.065,,,,,,,,,,,,2024-11,2024-12,,,,
2024-09-15 00:00:00+00:00,75+ bps decrease,,,0.043,0.075,,,,,,,,,,,,2024-11,2024-12,,,,
2024-09-16 00:00:00+00:00,75+ bps decrease,,,0.0495,0.07,,,,,,,,,,,,2024-11,2024-12,,,,
2024-09-17 00:00:00+00:00,75+ bps decrease,,,0.051,0.08,,,,,,,,,,,,2024-11,2024-12,,,,
2024-09-18 00:00:00+00:00,75+ bps decrease,,,0.067,0.07,,,,,,,,,,,,2024-11,2024-12,,,,
2024-09-19 00:00:00+00:00,75+ bps decrease,,,0.0225,0.06,,,,,,,,,,,,2024-11,2024-12,,,,
2024-09-20 00:00:00+00:00,75+ bps decrease,,,0.026,0.055,,,,,,,,,,,,2024-11,2024-12,,,,
2024-09-21 00:00:00+00:00,75+ bps decrease,,,0.0205,0.05,,,,,,,,,,,,2024-11,2024-12,,,,
2024-09-22 00:00:00+00:00,75+ bps decrease,,,0.0205,0.05,,,,,,,,,,,,2024-11,2024-12,,,,
2024-09-23 00:00:00+00:00,75+ bps decrease,,,0.024,0.05,,,,,,,,,,,,2024-11,2024-12,,,,
2024-09-24 00:00:00+00:00,75+ bps decrease,,,0.0245,0.055,,,,,,,,,,,,2024-11,2024-12,,,,
2024-09-25 00:00:00+00:00,75+ bps decrease,,,0.022,0.05,,,,,,,,,,,,2024-11,2024-12,,,,
2024-09-26 00:00:00+00:00,75+ bps decrease,,,0.0215,0.05,,,,,,,,,,,,2024-11,2024-12,,,,
2024-09-27 00:00:00+00:00,75+ bps decrease,,,0.02,0.05,,,,,,,,,,,,2024-11,2024-12,,,,
2024-09-28 00:00:00+00:00,75+ bps decrease,,,0.0205,0.045,,,,,,,,,,,,2024-11,2024-12,,,,
2024-09-29 00:00:00+00:00,75+ bps decrease,,,0.022,0.05,,,,,,,,,,,,2024-11,2024-12,,,,
2024-09-30 00:00:00+00:00,75+ bps decrease,,,0.023,0.05,,,,,,,,,,,,2024-11,2024-12,,,,
2024-10-01 00:00:00+00:00,75+ bps decrease,,0.013,0.05,,,,,,,,,,,,2024-11,2024-12,,,,,
2024-10-02 00:00:00+00:00,75+ bps decrease,,0.014,0.05,,,,,,,,,,,,2024-11,2024-12,,,,,
2024-10-03 00:00:00+00:00,75+ bps decrease,,0.0145,0.05,,,,,,,,,,,,2024-11,2024-12,,,,,
2024-10-04 00:00:00+00:00,75+ bps decrease,,0.0145,0.036,,,,,,,,,,,,2024-11,2024-12,,,,,
2024-10-05 00:00:00+00:00,75+ bps decrease,,0.0035,0.02,,,,,,,,,,,,2024-11,2024-12,,,,,
2024-10-06 00:00:00+00:00,75+ bps decrease,,0.003,0.02,,,,,,,,,,,,2024-11,2024-12,,,,,
2024-10-07 00:00:00+00:00,75+ bps decrease,,0.003,0.0215,,,,,,,,,,,,2024-11,2024-12,,,,,
2024-10-08 00:00:00+00:00,75+ bps decrease,,0.0035,0.015,,,,,,,,,,,,2024-11,2024-12,,,,,
2024-10-09 00:00:00+00:00,75+ bps decrease,,0.004,0.0185,,,,,,,,,,,,2024-11,2024-12,,,,,
2024-10-10 00:00:00+00:00,75+ bps decrease,,0.004,0.023,,,,,,,,,,,,2024-11,2024-12,,,,,
2024-10-11 00:00:00+00:00,75+ bps decrease,,0.0035,0.0175,,,,,,,,,,,,2024-11,2024-12,,,,,
2024-10-12 00:00:00+00:00,75+ bps decrease,,0.0035,0.0195,,,,,,,,,,,,2024-11,2024-12,,,,,
2024-10-13 00:00:00+00:00,75+ bps decrease,,0.0055,0.0185,,,,,,,,,,,,2024-11,2024-12,,,,,
2024-10-14 00:00:00+00:00,75+ bps decrease,,0.004,0.0205,,,,,,,,,,,,2024-11,2024-12,,,,,
2024-10-15 00:00:00+00:00,75+ bps decrease,,0.0035,0.0225,,,,,,,,,,,,2024-11,2024-12,,,,,
2024-10-16 00:00:00+00:00,75+ bps decrease,,0.0035,0.0155,,,,,,,,,,,,2024-11,2024-12,,,,,
2024-10-17 00:00:00+00:00,75+ bps decrease,,0.0045,0.0195,,,,,,,,,,,,2024-11,2024-12,,,,,
2024-10-18 00:00:00+00:00,75+ bps decrease,,0.0045,0.0155,,,,,,,,,,,,2024-11,2024-12,,,,,
2024-10-19 00:00:00+00:00,75+ bps decrease,,0.0035,0.0155,,,,,,,,,,,,2024-11,2024-12,,,,,
2024-10-20 00:00:00+00:00,75+ bps decrease,,0.004,0.0175,,,,,,,,,,,,2024-11,2024-12,,,,,
2024-10-21 00:00:00+00:00,75+ bps decrease,,0.0035,0.0205,,,,,,,,,,,,2024-11,2024-12,,,,,
2024-10-22 00:00:00+00:00,75+ bps decrease,,0.004,0.0165,,,,,,,,,,,,2024-11,2024-12,,,,,
2024-10-23 00:00:00+00:00,75+ bps decrease,,0.0035,0.0155,,,,,,,,,,,,2024-11,2024-12,,,,,
2024-10-24 00:00:00+00:00,75+ bps decrease,,0.004,0.016,,,,,,,,,,,,2024-11,2024-12,,,,,
2024-10-25 00:00:00+00:00,75+ bps decrease,,0.004,0.017,,,,,,,,,,,,2024-11,2024-12,,,,,
2024-10-26 00:00:00+00:00,75+ bps decrease,,0.0035,0.0165,,,,,,,,,,,,2024-11,2024-12,,,,,
2024-10-27 00:00:00+00:00,75+ bps decrease,,0.0025,0.017,,,,,,,,,,,,2024-11,2024-12,,,,,
2024-10-28 00:00:00+00:00,75+ bps decrease,,0.0025,0.0145,,,,,,,,,,,,2024-11,2024-12,,,,,
2024-10-29 00:00:00+00:00,75+ bps decrease,,0.0025,0.0145,,,,,,,,,,,,2024-11,2024-12,,,,,
2024-10-30 00:00:00+00:00,75+ bps decrease,,0.003,0.016,,,,,,,,,,,,2024-11,2024-12,,,,,
2024-10-31 00:00:00+00:00,75+ bps decrease,,0.003,0.0165,,,,,,,,,,,,2024-11,2024-12,,,,,
2024-11-01 00:00:00+00:00,75+ bps decrease,0.0025,0.0185,,,,,,,,,,,,2024-11,2024-12,,,,,,0.0
2024-11-02 00:00:00+00:00,75+ bps decrease,0.003,0.0215,,,,,,,,,,,,2024-11,2024-12,,,,,,0.0
2024-11-03 00:00:00+00:00,75+ bps decrease,0.003,0.0215,,,,,,,,,,,,2024-11,2024-12,,,,,,0.0
2024-11-04 00:00:00+00:00,75+ bps decrease,0.0025,0.021,,,,,,,,,,,,2024-11,2024-12,,,,,,0.0
2024-11-05 00:00:00+00:00,75+ bps decrease,0.0025,0.029,,,,,,,,,,,,2024-11,2024-12,,,,,,0.0
2024-11-06 00:00:00+00:00,75+ bps decrease,0.002,0.029,,,,,,,,,,,,2024-11,2024-12,,,,,,0.0
2024-11-07 00:00:00+00:00,75+ bps decrease,0.003,0.0245,,,,,,,,,,,,2024-11,2024-12,,,,,,0.0
2024-11-08 00:00:00+00:00,75+ bps decrease,,0.0055,0.08,,,,,,,,,,,,2024-12,2025-01,,,,,
2024-11-09 00:00:00+00:00,75+ bps decrease,,0.0105,0.0115,,,,,,,,,,,,2024-12,2025-01,,,,,
2024-11-10 00:00:00+00:00,75+ bps decrease,,0.0085,0.012,,,,,,,,,,,,2024-12,2025-01,,,,,
2024-11-11 00:00:00+00:00,75+ bps decrease,,0.0065,0.0125,,,,,,,,,,,,2024-12,2025-01,,,,,
2024-11-12 00:00:00+00:00,75+ bps decrease,,0.007,0.0135,,,,,,,,,,,,2024-12,2025-01,,,,,
2024-11-13 00:00:00+00:00,75+ bps decrease,,0.006,0.0125,,,,,,,,,,,,2024-12,2025-01,,,,,
2024-11-14 00:00:00+00:00,75+ bps decrease,,0.0045,0.0115,,,,,,,,,,,,2024-12,2025-01,,,,,
2024-11-15 00:00:00+00:00,75+ bps decrease,,0.0045,0.0095,,,,,,,,,,,,2024-12,2025-01,,,,,
2024-11-16 00:00:00+00:00,75+ bps decrease,,0.005,0.0115,,,,,,,,,,,,2024-12,2025-01,,,,,
2024-11-17 00:00:00+00:00,75+ bps decrease,,0.0045,0.012,,,,,,,,,,,,2024-12,2025-01,,,,,
2024-11-18 00:00:00+00:00,75+ bps decrease,,0.0045,0.013,,,,,,,,,,,,2024-12,2025-01,,,,,
2024-11-19 00:00:00+00:00,75+ bps decrease,,0.0045,0.0125,,,,,,,,,,,,2024-12,2025-01,,,,,
2024-11-20 00:00:00+00:00,75+ bps decrease,,0.005,0.0115,,,,,,,,,,,,2024-12,2025-01,,,,,
2024-11-21 00:00:00+00:00,75+ bps decrease,,0.0065,0.0115,,,,,,,,,,,,2024-12,2025-01,,,,,
2024-11-22 00:00:00+00:00,75+ bps decrease,,0.007,0.0105,,,,,,,,,,,,2024-12,2025-01,,,,,
2024-11-23 00:00:00+00:00,75+ bps decrease,,0.0065,0.011,,,,,,,,,,,,2024-12,2025-01,,,,,
2024-11-24 00:00:00+00:00,75+ bps decrease,,0.0045,0.0105,,,,,,,,,,,,2024-12,2025-01,,,,,
2024-11-25 00:00:00+00:00,75+ bps decrease,,0.0045,0.0105,,,,,,,,,,,,2024-12,2025-01,,,,,
2024-11-26 00:00:00+00:00,75+ bps decrease,,0.0035,0.01,,,,,,,,,,,,2024-12,2025-01,,,,,
2024-11-27 00:00:00+00:00,75+ bps decrease,,0.0035,0.013,,,,,,,,,,,,2024-12,2025-01,,,,,
2024-11-28 00:00:00+00:00,75+ bps decrease,,0.0035,0.011,,,,,,,,,,,,2024-12,2025-01,,,,,
2024-11-29 00:00:00+00:00,75+ bps decrease,,0.0075,0.016,,,,,,,,,,,,2024-12,2025-01,,,,,
2024-11-30 00:00:00+00:00,75+ bps decrease,,0.004,0.0145,,,,,,,,,,,,2024-12,2025-01,,,,,
2024-12-01 00:00:00+00:00,75+ bps decrease,0.005,0.014,,,,,,,,,,,,2024-12,2025-01,,,,,,0.0
2024-12-02 00:00:00+00:00,75+ bps decrease,0.004,0.013,,,,,,,,,,,,2024-12,2025-01,,,,,,0.0
2024-12-03 00:00:00+00:00,75+ bps decrease,0.004,0.0135,,,,,,,,,,,,2024-12,2025-01,,,,,,0.0
2024-12-04 00:00:00+00:00,75+ bps decrease,0.0035,0.0135,,,,,,,,,,,,2024-12,2025-01,,,,,,0.0
2024-12-05 00:00:00+00:00,75+ bps decrease,0.0045,0.015,,,,,,,,,,,,2024-12,2025-01,,,,,,0.0
2024-12-06 00:00:00+00:00,75+ bps decrease,0.0035,0.016,,,,,,,,,,,,2024-12,2025-01,,,,,,0.0
2024-12-07 00:00:00+00:00,75+ bps decrease,0.0035,0.0155,,,,,,,,,,,,2024-12,2025-01,,,,,,0.0
2024-12-08 00:00:00+00:00,75+ bps decrease,0.0035,0.0145,,,,,,,,,,,,2024-12,2025-01,,,,,,0.0
2024-12-09 00:00:00+00:00,75+ bps decrease,0.0025,0.0145,,,,,,,,,,,,2024-12,2025-01,,,,,,0.0
2024-12-10 00:00:00+00:00,75+ bps decrease,0.003,0.0165,,,,,,,,,,,,2024-12,2025-01,,,,,,0.0
2024-12-11 00:00:00+00:00,75+ bps decrease,0.0055,0.016,,,,,,,,,,,,2024-12,2025-01,,,,,,0.0
2024-12-12 00:00:00+00:00,75+ bps decrease,0.0015,0.014,,,,,,,,,,,,2024-12,2025-01,,,,,,0.0
2024-12-13 00:00:00+00:00,75+ bps decrease,0.0015,0.013,,,,,,,,,,,,2024-12,2025-01,,,,,,0.0
2024-12-14 00:00:00+00:00,75+ bps decrease,0.003,0.0115,,,,,,,,,,,,2024-12,2025-01,,,,,,0.0
2024-12-15 00:00:00+00:00,75+ bps decrease,0.0015,0.0115,,,,,,,,,,,,2024-12,2025-01,,,,,,0.0
2024-12-16 00:00:00+00:00,75+ bps decrease,0.0015,0.0085,,,,,,,,,,,,2024-12,2025-01,,,,,,0.0
2024-12-17 00:00:00+00:00,75+ bps decrease,0.0005,0.0095,,,,,,,,,,,,2024-12,2025-01,,,,,,0.0
2024-12-18 00:00:00+00:00,75+ bps decrease,0.0005,0.0095,,,,,,,,,,,,2024-12,2025-01,,,,,,0.0
2024-12-19 00:00:00+00:00,75+ bps decrease,,0.007,,,,,,,,,,,,,2025-01,,,,,,
2024-12-20 00:00:00+00:00,75+ bps decrease,,0.007,,,,,,,,,,,,,2025-01,,,,,,
2024-12-21 00:00:00+00:00,75+ bps decrease,,0.0065,,,,,,,,,,,,,2025-01,,,,,,
2024-12-22 00:00:00+00:00,75+ bps decrease,,0.0055,,,,,,,,,,,,,2025-01,,,,,,
2024-12-23 00:00:00+00:00,75+ bps decrease,,0.0045,,,,,,,,,,,,,2025-01,,,,,,
2024-12-24 00:00:00+00:00,75+ bps decrease,,0.0045,,,,,,,,,,,,,2025-01,,,,,,
2024-12-25 00:00:00+00:00,75+ bps decrease,,0.0045,,,,,,,,,,,,,2025-01,,,,,,
2024-12-26 00:00:00+00:00,75+ bps decrease,,0.0045,,,,,,,,,,,,,2025-01,,,,,,
2024-12-27 00:00:00+00:00,75+ bps decrease,,0.0045,,,,,,,,,,,,,2025-01,,,,,,
2024-12-28 00:00:00+00:00,75+ bps decrease,,0.0045,,,,,,,,,,,,,2025-01,,,,,,
2024-12-29 00:00:00+00:00,75+ bps decrease,,0.0045,,,,,,,,,,,,,2025-01,,,,,,
2024-12-30 00:00:00+00:00,75+ bps decrease,,0.0045,,,,,,,,,,,,,2025-01,,,,,,
2024-12-31 00:00:00+00:00,75+ bps decrease,,0.0045,,,,,,,,,,,,,2025-01,,,,,,
2025-01-01 00:00:00+00:00,75+ bps decrease,0.0045,,,,,,,,,,,,,2025-01,,,,,,,0.0
2025-01-02 00:00:00+00:00,75+ bps decrease,0.0035,,,,,,,,,,,,,2025-01,,,,,,,0.0
2025-01-03 00:00:00+00:00,75+ bps decrease,0.0035,,,,,,,,,,,,,2025-01,,,,,,,0.0
2025-01-04 00:00:00+00:00,75+ bps decrease,0.0045,,,,,,,,,,,,,2025-01,,,,,,,0.0
2025-01-05 00:00:00+00:00,75+ bps decrease,0.0045,,,,,,,,,,,,,2025-01,,,,,,,0.0
2025-01-06 00:00:00+00:00,75+ bps decrease,0.0055,,,,,,,,,,,,,2025-01,,,,,,,0.0
2025-01-07 00:00:00+00:00,75+ bps decrease,0.0055,,,,,,,,,,,,,2025-01,,,,,,,0.0
2025-01-08 00:00:00+00:00,75+ bps decrease,0.0045,,,,,,,,,,,,,2025-01,,,,,,,0.0
2025-01-09 00:00:00+00:00,75+ bps decrease,0.0045,,,,,,,,,,,,,2025-01,,,,,,,0.0
2025-01-10 00:00:00+00:00,75+ bps decrease,0.0045,,,,,,,,,,,,,2025-01,,,,,,,0.0
2025-01-11 00:00:00+00:00,75+ bps decrease,0.0035,,,,,,,,,,,,,2025-01,,,,,,,0.0
2025-01-12 00:00:00+00:00,75+ bps decrease,0.0025,,,,,,,,,,,,,2025-01,,,,,,,0.0
2025-01-13 00:00:00+00:00,75+ bps decrease,0.0015,,,,,,,,,,,,,2025-01,,,,,,,0.0
2025-01-14 00:00:00+00:00,75+ bps decrease,0.0015,,,,,,,,,,,,,2025-01,,,,,,,0.0
2025-01-15 00:00:00+00:00,75+ bps decrease,0.0015,,,,,,,,,,,,,2025-01,,,,,,,0.0
2025-01-16 00:00:00+00:00,75+ bps decrease,0.0015,,,,,,,,,,,,,2025-01,,,,,,,0.0
2025-01-17 00:00:00+00:00,75+ bps decrease,0.0015,,,,,,,,,,,,,2025-01,,,,,,,0.0
2025-01-18 00:00:00+00:00,75+ bps decrease,0.0015,,,,,,,,,,,,,2025-01,,,,,,,0.0
2025-01-19 00:00:00+00:00,75+ bps decrease,0.0015,,,,,,,,,,,,,2025-01,,,,,,,0.0
2025-01-20 00:00:00+00:00,75+ bps decrease,0.0015,,,,,,,,,,,,,2025-01,,,,,,,0.0
2025-01-21 00:00:00+00:00,75+ bps decrease,0.0015,,,,,,,,,,,,,2025-01,,,,,,,0.0
2025-01-22 00:00:00+00:00,75+ bps decrease,0.0015,,,,,,,,,,,,,2025-01,,,,,,,0.0
2025-01-23 00:00:00+00:00,75+ bps decrease,0.0015,,,,,,,,,,,,,2025-01,,,,,,,0.0
2025-01-24 00:00:00+00:00,75+ bps decrease,0.0005,,,,,,,,,,,,,2025-01,,,,,,,0.0
2025-01-25 00:00:00+00:00,75+ bps decrease,0.0005,,,,,,,,,,,,,2025-01,,,,,,,0.0
2025-01-26 00:00:00+00:00,75+ bps decrease,0.0015,,,,,,,,,,,,,2025-01,,,,,,,0.0
2025-01-27 00:00:00+00:00,75+ bps decrease,0.0005,,,,,,,,,,,,,2025-01,,,,,,,0.0
2025-01-28 00:00:00+00:00,75+ bps decrease,0.0005,,,,,,,,,,,,,2025-01,,,,,,,0.0
2025-01-29 00:00:00+00:00,75+ bps decrease,0.0005,,,,,,,,,,,,,2025-01,,,,,,,0.0
2022-12-16 00:00:00+00:00,no change,,,0.5,,,,,,,,,,,,,2023-02,,,,,
2022-12-17 00:00:00+00:00,no change,,,0.08,,,,,,,,,,,,,2023-02,,,,,
2022-12-18 00:00:00+00:00,no change,,,0.08,,,,,,,,,,,,,2023-02,,,,,
2022-12-19 00:00:00+00:00,no change,,,0.05,,,,,,,,,,,,,2023-02,,,,,
2022-12-20 00:00:00+00:00,no change,,,0.05,,,,,,,,,,,,,2023-02,,,,,
2022-12-21 00:00:00+00:00,no change,,,0.05,,,,,,,,,,,,,2023-02,,,,,
2022-12-22 00:00:00+00:00,no change,,,0.05,,,,,,,,,,,,,2023-02,,,,,
2022-12-23 00:00:00+00:00,no change,,,0.08,,,,,,,,,,,,,2023-02,,,,,
2022-12-24 00:00:00+00:00,no change,,,0.08,,,,,,,,,,,,,2023-02,,,,,
2022-12-25 00:00:00+00:00,no change,,,0.08,,,,,,,,,,,,,2023-02,,,,,
2022-12-26 00:00:00+00:00,no change,,,0.08,,,,,,,,,,,,,2023-02,,,,,
2022-12-27 00:00:00+00:00,no change,,,0.08,,,,,,,,,,,,,2023-02,,,,,
2022-12-28 00:00:00+00:00,no change,,,0.08,,,,,,,,,,,,,2023-02,,,,,
2022-12-29 00:00:00+00:00,no change,,,0.08,,,,,,,,,,,,,2023-02,,,,,
2022-12-30 00:00:00+00:00,no change,,,0.08,,,,,,,,,,,,,2023-02,,,,,
2022-12-31 00:00:00+00:00,no change,,,0.08,,,,,,,,,,,,,2023-02,,,,,
2023-01-01 00:00:00+00:00,no change,,0.08,,,,,,,,,,,,,2023-02,,,,,,
2023-01-02 00:00:00+00:00,no change,,0.08,,,,,,,,,,,,,2023-02,,,,,,
2023-01-03 00:00:00+00:00,no change,,0.08,,,,,,,,,,,,,2023-02,,,,,,
2023-01-04 00:00:00+00:00,no change,,0.08,,,,,,,,,,,,,2023-02,,,,,,
2023-01-05 00:00:00+00:00,no change,,0.08,,,,,,,,,,,,,2023-02,,,,,,
2023-01-06 00:00:00+00:00,no change,,0.08,,,,,,,,,,,,,2023-02,,,,,,
2023-01-07 00:00:00+00:00,no change,,0.08,,,,,,,,,,,,,2023-02,,,,,,
2023-01-08 00:00:00+00:00,no change,,0.08,,,,,,,,,,,,,2023-02,,,,,,
2023-01-09 00:00:00+00:00,no change,,0.08,,,,,,,,,,,,,2023-02,,,,,,
2023-01-10 00:00:00+00:00,no change,,0.09,,,,,,,,,,,,,2023-02,,,,,,
2023-01-11 00:00:00+00:00,no change,,0.09,,,,,,,,,,,,,2023-02,,,,,,
2023-01-12 00:00:00+00:00,no change,,0.02,,,,,,,,,,,,,2023-02,,,,,,
2023-01-13 00:00:00+00:00,no change,,0.02,,,,,,,,,,,,,2023-02,,,,,,
2023-01-14 00:00:00+00:00,no change,,0.02,,,,,,,,,,,,,2023-02,,,,,,
2023-01-15 00:00:00+00:00,no change,,0.02,,,,,,,,,,,,,2023-02,,,,,,
2023-01-16 00:00:00+00:00,no change,,0.02,,,,,,,,,,,,,2023-02,,,,,,
2023-01-17 00:00:00+00:00,no change,,0.02,,,,,,,,,,,,,2023-02,,,,,,
2023-01-18 00:00:00+00:00,no change,,0.01,,,,,,,,,,,,,2023-02,,,,,,
2023-01-19 00:00:00+00:00,no change,,0.01,,,,,,,,,,,,,2023-02,,,,,,
2023-01-20 00:00:00+00:00,no change,,0.01,,,,,,,,,,,,,2023-02,,,,,,
2023-01-21 00:00:00+00:00,no change,,0.01,,,,,,,,,,,,,2023-02,,,,,,
2023-01-22 00:00:00+00:00,no change,,0.01,,,,,,,,,,,,,2023-02,,,,,,
2023-01-24 00:00:00+00:00,no change,,0.01,,,,,,,,,,,,,2023-02,,,,,,
2023-01-25 00:00:00+00:00,no change,,0.01,,,,,,,,,,,,,2023-02,,,,,,
2023-01-26 00:00:00+00:00,no change,,0.01,,,,,,,,,,,,,2023-02,,,,,,
2023-01-27 00:00:00+00:00,no change,,0.01,,,,,,,,,,,,,2023-02,,,,,,
2023-01-28 00:00:00+00:00,no change,,0.01,,,,,,,,,,,,,2023-02,,,,,,
2023-01-29 00:00:00+00:00,no change,,0.01,,,,,,,,,,,,,2023-02,,,,,,
2023-01-31 00:00:00+00:00,no change,,0.01,,,,,,,,,,,,,2023-02,,,,,,
2023-02-01 00:00:00+00:00,no change,0.01,,,,,,,,,,,,,2023-02,,,,,,,0.0
2023-02-14 00:00:00+00:00,no change,,0.01,,,,,,,,,,,,,2023-03,,,,,,
2023-02-15 00:00:00+00:00,no change,,0.02,,,,,,,,,,,,,2023-03,,,,,,
2023-02-16 00:00:00+00:00,no change,,0.02,,,,,,,,,,,,,2023-03,,,,,,
2023-02-17 00:00:00+00:00,no change,,0.01,,,,,,,,,,,,,2023-03,,,,,,
2023-02-18 00:00:00+00:00,no change,,0.01,,,,,,,,,,,,,2023-03,,,,,,
2023-02-19 00:00:00+00:00,no change,,0.01,,,,,,,,,,,,,2023-03,,,,,,
2023-02-21 00:00:00+00:00,no change,,0.01,,,,,,,,,,,,,2023-03,,,,,,
2023-02-22 00:00:00+00:00,no change,,0.01,,,,,,,,,,,,,2023-03,,,,,,
2023-02-23 00:00:00+00:00,no change,,0.01,,,,,,,,,,,,,2023-03,,,,,,
2023-02-24 00:00:00+00:00,no change,,0.02,,,,,,,,,,,,,2023-03,,,,,,
2023-02-25 00:00:00+00:00,no change,,0.01,,,,,,,,,,,,,2023-03,,,,,,
2023-02-26 00:00:00+00:00,no change,,0.01,,,,,,,,,,,,,2023-03,,,,,,
2023-02-27 00:00:00+00:00,no change,,0.01,,,,,,,,,,,,,2023-03,,,,,,
2023-02-28 00:00:00+00:00,no change,,0.01,,,,,,,,,,,,,2023-03,,,,,,
2023-03-01 00:00:00+00:00,no change,0.01,,,,,,,,,,,,,2023-03,,,,,,,0.0
2023-03-02 00:00:00+00:00,no change,0.01,,,,,,,,,,,,,2023-03,,,,,,,0.0
2023-03-03 00:00:00+00:00,no change,0.01,,,,,,,,,,,,,2023-03,,,,,,,0.0
2023-03-04 00:00:00+00:00,no change,0.01,,,,,,,,,,,,,2023-03,,,,,,,0.0
2023-03-05 00:00:00+00:00,no change,0.01,,,,,,,,,,,,,2023-03,,,,,,,0.0
2023-03-06 00:00:00+00:00,no change,0.01,,,,,,,,,,,,,2023-03,,,,,,,0.0
2023-03-07 00:00:00+00:00,no change,0.01,,,,,,,,,,,,,2023-03,,,,,,,0.0
2023-03-08 00:00:00+00:00,no change,0.01,,,,,,,,,,,,,2023-03,,,,,,,0.0
2023-03-09 00:00:00+00:00,no change,0.01,,,,,,,,,,,,,2023-03,,,,,,,0.0
2023-03-10 00:00:00+00:00,no change,0.01,,,,,,,,,,,,,2023-03,,,,,,,0.0
2023-03-11 00:00:00+00:00,no change,0.06,,,,,,,,,,,,,2023-03,,,,,,,0.0
2023-03-12 00:00:00+00:00,no change,0.06,,,,,,,,,,,,,2023-03,,,,,,,0.0
2023-03-14 00:00:00+00:00,no change,0.32,,,,,,,,,,,,,2023-03,,,,,,,0.0
2023-03-15 00:00:00+00:00,no change,0.13,,,,,,,,,,,,,2023-03,,,,,,,0.0
2023-03-16 00:00:00+00:00,no change,0.39,,,,,,,,,,,,,2023-03,,,,,,,0.0
2023-03-17 00:00:00+00:00,no change,0.1,,,,,,,,,,,,,2023-03,,,,,,,0.0
2023-03-18 00:00:00+00:00,no change,0.24,,,,,,,,,,,,,2023-03,,,,,,,0.0
2023-03-19 00:00:00+00:00,no change,0.21,,,,,,,,,,,,,2023-03,,,,,,,0.0
2023-03-20 00:00:00+00:00,no change,0.24,,,,,,,,,,,,,2023-03,,,,,,,0.0
2023-03-21 00:00:00+00:00,no change,0.24,,,,,,,,,,,,,2023-03,,,,,,,0.0
2023-03-23 00:00:00+00:00,no change,0.5,,0.5,,,,,,,,,,,2023-03,,2023-05,,,,,0.0
2023-03-24 00:00:00+00:00,no change,0.5,,0.55,,,,,,,,,,,2023-03,,2023-05,,,,,0.0
2023-03-25 00:00:00+00:00,no change,,,0.61,,,,,,,,,,,,,2023-05,,,,,
2023-03-26 00:00:00+00:00,no change,,,0.61,,,,,,,,,,,,,2023-05,,,,,
2023-03-27 00:00:00+00:00,no change,,,0.68,,,,,,,,,,,,,2023-05,,,,,
2023-03-28 00:00:00+00:00,no change,,,0.54,,,,,,,,,,,,,2023-05,,,,,
2023-03-29 00:00:00+00:00,no change,,,0.49,,,,,,,,,,,,,2023-05,,,,,
2023-03-30 00:00:00+00:00,no change,,,0.49,,,,,,,,,,,,,2023-05,,,,,
2023-03-31 00:00:00+00:00,no change,,,0.46,,,,,,,,,,,,,2023-05,,,,,
2023-04-01 00:00:00+00:00,no change,,0.46,,,,,,,,,,,,,2023-05,,,,,,
2023-04-02 00:00:00+00:00,no change,,0.46,,,,,,,,,,,,,2023-05,,,,,,
2023-04-03 00:00:00+00:00,no change,,0.46,,,,,,,,,,,,,2023-05,,,,,,
2023-04-04 00:00:00+00:00,no change,,0.47,,,,,,,,,,,,,2023-05,,,,,,
2023-04-05 00:00:00+00:00,no change,,0.49,,,,,,,,,,,,,2023-05,,,,,,
2023-04-08 00:00:00+00:00,no change,,0.34,,,,,,,,,,,,,2023-05,,,,,,
2023-04-09 00:00:00+00:00,no change,,0.34,,,,,,,,,,,,,2023-05,,,,,,
2023-04-10 00:00:00+00:00,no change,,0.34,,,,,,,,,,,,,2023-05,,,,,,
2023-04-11 00:00:00+00:00,no change,,0.32,,,,,,,,,,,,,2023-05,,,,,,
2023-04-12 00:00:00+00:00,no change,,0.33,,,,,,,,,,,,,2023-05,,,,,,
2023-04-13 00:00:00+00:00,no change,,0.25,,,,,,,,,,,,,2023-05,,,,,,
2023-04-14 00:00:00+00:00,no change,,0.31,,,,,,,,,,,,,2023-05,,,,,,
2023-04-15 00:00:00+00:00,no change,,0.2,,,,,,,,,,,,,2023-05,,,,,,
2023-04-16 00:00:00+00:00,no change,,0.2,,,,,,,,,,,,,2023-05,,,,,,
2023-04-17 00:00:00+00:00,no change,,0.18,,,,,,,,,,,,,2023-05,,,,,,
2023-04-18 00:00:00+00:00,no change,,0.11,,,,,,,,,,,,,2023-05,,,,,,
2023-04-19 00:00:00+00:00,no change,,0.11,,,,,,,,,,,,,2023-05,,,,,,
2023-04-20 00:00:00+00:00,no change,,0.095,,,,,,,,,,,,,2023-05,,,,,,
2023-04-21 00:00:00+00:00,no change,,0.075,,,,,,,,,,,,,2023-05,,,,,,
2023-04-22 00:00:00+00:00,no change,,0.06,,,,,,,,,,,,,2023-05,,,,,,
2023-04-23 00:00:00+00:00,no change,,0.06,,,,,,,,,,,,,2023-05,,,,,,
2023-04-24 00:00:00+00:00,no change,,0.06,,,,,,,,,,,,,2023-05,,,,,,
2023-04-25 00:00:00+00:00,no change,,0.045,,,,,,,,,,,,,2023-05,,,,,,
2023-04-26 00:00:00+00:00,no change,,0.11,,,,,,,,,,,,,2023-05,,,,,,
2023-04-27 00:00:00+00:00,no change,,0.115,,,,,,,,,,,,,2023-05,,,,,,
2023-04-28 00:00:00+00:00,no change,,0.08,,,,,,,,,,,,,2023-05,,,,,,
2023-04-30 00:00:00+00:00,no change,,0.065,,,,,,,,,,,,,2023-05,,,,,,
2023-05-01 00:00:00+00:00,no change,0.055,,,,,,,,,,,,,2023-05,,,,,,,0.0
2023-05-02 00:00:00+00:00,no change,0.04,,,,,,,,,,,,,2023-05,,,,,,,0.0
2023-05-04 00:00:00+00:00,no change,0.5,0.85,,,,,,,,,,,,2023-05,2023-06,,,,,,0.0
2023-05-05 00:00:00+00:00,no change,,0.845,,,,,,,,,,,,,2023-06,,,,,,
2023-05-06 00:00:00+00:00,no change,,0.81,,,,,,,,,,,,,2023-06,,,,,,
2023-05-07 00:00:00+00:00,no change,,0.81,,,,,,,,,,,,,2023-06,,,,,,
2023-05-08 00:00:00+00:00,no change,,0.81,,,,,,,,,,,,,2023-06,,,,,,
2023-05-09 00:00:00+00:00,no change,,0.82,,,,,,,,,,,,,2023-06,,,,,,
2023-05-10 00:00:00+00:00,no change,,0.805,,,,,,,,,,,,,2023-06,,,,,,
2023-05-11 00:00:00+00:00,no change,,0.855,,,,,,,,,,,,,2023-06,,,,,,
2023-05-12 00:00:00+00:00,no change,,0.865,,,,,,,,,,,,,2023-06,,,,,,
2023-05-13 00:00:00+00:00,no change,,0.825,,,,,,,,,,,,,2023-06,,,,,,
2023-05-15 00:00:00+00:00,no change,,0.825,,,,,,,,,,,,,2023-06,,,,,,
2023-05-16 00:00:00+00:00,no change,,0.825,,,,,,,,,,,,,2023-06,,,,,,
2023-05-17 00:00:00+00:00,no change,,0.805,,,,,,,,,,,,,2023-06,,,,,,
2023-05-18 00:00:00+00:00,no change,,0.805,,,,,,,,,,,,,2023-06,,,,,,
2023-05-19 00:00:00+00:00,no change,,0.685,,,,,,,,,,,,,2023-06,,,,,,
2023-05-20 00:00:00+00:00,no change,,0.765,,,,,,,,,,,,,2023-06,,,,,,
2023-05-21 00:00:00+00:00,no change,,0.775,,,,,,,,,,,,,2023-06,,,,,,
2023-05-22 00:00:00+00:00,no change,,0.805,,,,,,,,,,,,,2023-06,,,,,,
2023-05-23 00:00:00+00:00,no change,,0.805,,,,,,,,,,,,,2023-06,,,,,,
2023-05-24 00:00:00+00:00,no change,,0.785,,,,,,,,,,,,,2023-06,,,,,,
2023-05-25 00:00:00+00:00,no change,,0.705,,,,,,,,,,,,,2023-06,,,,,,
2023-05-26 00:00:00+00:00,no change,,0.4,,,,,,,,,,,,,2023-06,,,,,,
2023-05-27 00:00:00+00:00,no change,,0.385,,,,,,,,,,,,,2023-06,,,,,,
2023-05-28 00:00:00+00:00,no change,,0.33,,,,,,,,,,,,,2023-06,,,,,,
2023-05-29 00:00:00+00:00,no change,,0.385,,,,,,,,,,,,,2023-06,,,,,,
2023-05-30 00:00:00+00:00,no change,,0.37,,,,,,,,,,,,,2023-06,,,,,,
2023-05-31 00:00:00+00:00,no change,,0.36,,,,,,,,,,,,,2023-06,,,,,,
2023-06-01 00:00:00+00:00,no change,0.71,,,,,,,,,,,,,2023-06,,,,,,,1.0
2023-06-02 00:00:00+00:00,no change,0.73,,,,,,,,,,,,,2023-06,,,,,,,1.0
2023-06-03 00:00:00+00:00,no change,0.81,,,,,,,,,,,,,2023-06,,,,,,,1.0
2023-06-04 00:00:00+00:00,no change,0.81,,,,,,,,,,,,,2023-06,,,,,,,1.0
2023-06-05 00:00:00+00:00,no change,0.805,,,,,,,,,,,,,2023-06,,,,,,,1.0
2023-06-06 00:00:00+00:00,no change,0.8,,,,,,,,,,,,,2023-06,,,,,,,1.0
2023-06-07 00:00:00+00:00,no change,0.815,,,,,,,,,,,,,2023-06,,,,,,,1.0
2023-06-08 00:00:00+00:00,no change,0.795,,,,,,,,,,,,,2023-06,,,,,,,1.0
2023-06-09 00:00:00+00:00,no change,0.79,,,,,,,,,,,,,2023-06,,,,,,,1.0
2023-06-10 00:00:00+00:00,no change,0.785,,,,,,,,,,,,,2023-06,,,,,,,1.0
2023-06-11 00:00:00+00:00,no change,0.81,,,,,,,,,,,,,2023-06,,,,,,,1.0
2023-06-12 00:00:00+00:00,no change,0.815,,,,,,,,,,,,,2023-06,,,,,,,1.0
2023-06-13 00:00:00+00:00,no change,0.795,0.3,,,,,,,,,,,,2023-06,2023-07,,,,,,1.0
2023-06-14 00:00:00+00:00,no change,0.94,0.29,,,,,,,,,,,,2023-06,2023-07,,,,,,1.0
2023-06-15 00:00:00+00:00,no change,,0.335,,,,,,,,,,,,,2023-07,,,,,,
2023-06-16 00:00:00+00:00,no change,,0.325,,,,,,,,,,,,,2023-07,,,,,,
2023-06-17 00:00:00+00:00,no change,,0.3,,,,,,,,,,,,,2023-07,,,,,,
2023-06-18 00:00:00+00:00,no change,,0.28,,,,,,,,,,,,,2023-07,,,,,,
2023-06-19 00:00:00+00:00,no change,,0.275,,,,,,,,,,,,,2023-07,,,,,,
2023-06-20 00:00:00+00:00,no change,,0.295,,,,,,,,,,,,,2023-07,,,,,,
2023-06-21 00:00:00+00:00,no change,,0.3,,,,,,,,,,,,,2023-07,,,,,,
2023-06-22 00:00:00+00:00,no change,,0.285,,,,,,,,,,,,,2023-07,,,,,,
2023-06-23 00:00:00+00:00,no change,,0.265,,,,,,,,,,,,,2023-07,,,,,,
2023-06-24 00:00:00+00:00,no change,,0.275,,,,,,,,,,,,,2023-07,,,,,,
2023-06-25 00:00:00+00:00,no change,,0.275,,,,,,,,,,,,,2023-07,,,,,,
2023-06-26 00:00:00+00:00,no change,,0.275,,,,,,,,,,,,,2023-07,,,,,,
2023-06-27 00:00:00+00:00,no change,,0.28,,,,,,,,,,,,,2023-07,,,,,,
2023-06-28 00:00:00+00:00,no change,,0.275,,,,,,,,,,,,,2023-07,,,,,,
2023-06-29 00:00:00+00:00,no change,,0.23,,,,,,,,,,,,,2023-07,,,,,,
2023-06-30 00:00:00+00:00,no change,,0.125,,,,,,,,,,,,,2023-07,,,,,,
2023-07-01 00:00:00+00:00,no change,0.155,,,,,,,,,,,,,2023-07,,,,,,,0.0
2023-07-02 00:00:00+00:00,no change,0.145,,,,,,,,,,,,,2023-07,,,,,,,0.0
2023-07-03 00:00:00+00:00,no change,0.145,,,,,,,,,,,,,2023-07,,,,,,,0.0
2023-07-04 00:00:00+00:00,no change,0.145,,,,,,,,,,,,,2023-07,,,,,,,0.0
2023-07-05 00:00:00+00:00,no change,0.17,,,,,,,,,,,,,2023-07,,,,,,,0.0
2023-07-06 00:00:00+00:00,no change,0.11,,,,,,,,,,,,,2023-07,,,,,,,0.0
2023-07-07 00:00:00+00:00,no change,0.07,,,,,,,,,,,,,2023-07,,,,,,,0.0
2023-07-08 00:00:00+00:00,no change,0.065,,,,,,,,,,,,,2023-07,,,,,,,0.0
2023-07-09 00:00:00+00:00,no change,0.06,,,,,,,,,,,,,2023-07,,,,,,,0.0
2023-07-10 00:00:00+00:00,no change,0.065,,,,,,,,,,,,,2023-07,,,,,,,0.0
2023-07-11 00:00:00+00:00,no change,0.06,,,,,,,,,,,,,2023-07,,,,,,,0.0
2023-07-12 00:00:00+00:00,no change,0.07,,,,,,,,,,,,,2023-07,,,,,,,0.0
2023-07-13 00:00:00+00:00,no change,0.055,,,,,,,,,,,,,2023-07,,,,,,,0.0
2023-07-14 00:00:00+00:00,no change,0.055,,,,,,,,,,,,,2023-07,,,,,,,0.0
2023-07-15 00:00:00+00:00,no change,0.04,,,,,,,,,,,,,2023-07,,,,,,,0.0
2023-07-16 00:00:00+00:00,no change,0.04,,,,,,,,,,,,,2023-07,,,,,,,0.0
2023-07-17 00:00:00+00:00,no change,0.04,,,,,,,,,,,,,2023-07,,,,,,,0.0
2023-07-18 00:00:00+00:00,no change,0.055,,,,,,,,,,,,,2023-07,,,,,,,0.0
2023-07-19 00:00:00+00:00,no change,0.025,,,,,,,,,,,,,2023-07,,,,,,,0.0
2023-07-20 00:00:00+00:00,no change,0.03,,0.5,,,,,,,,,,,2023-07,,2023-09,,,,,0.0
2023-07-21 00:00:00+00:00,no change,0.025,,0.5,,,,,,,,,,,2023-07,,2023-09,,,,,0.0
2023-07-22 00:00:00+00:00,no change,0.025,,0.5,,,,,,,,,,,2023-07,,2023-09,,,,,0.0
2023-07-23 00:00:00+00:00,no change,0.025,,0.5,,,,,,,,,,,2023-07,,2023-09,,,,,0.0
2023-07-24 00:00:00+00:00,no change,0.02,,0.5,,,,,,,,,,,2023-07,,2023-09,,,,,0.0
2023-07-25 00:00:00+00:00,no change,0.02,,0.5,,,,,,,,,,,2023-07,,2023-09,,,,,0.0
2023-07-26 00:00:00+00:00,no change,0.015,,0.505,,,,,,,,,,,2023-07,,2023-09,,,,,0.0
2023-07-27 00:00:00+00:00,no change,,,0.525,,,,,,,,,,,,,2023-09,,,,,
2023-07-28 00:00:00+00:00,no change,,,0.73,,,,,,,,,,,,,2023-09,,,,,
2023-07-29 00:00:00+00:00,no change,,,0.78,,,,,,,,,,,,,2023-09,,,,,
2023-07-30 00:00:00+00:00,no change,,,0.785,,,,,,,,,,,,,2023-09,,,,,
2023-07-31 00:00:00+00:00,no change,,,0.79,,,,,,,,,,,,,2023-09,,,,,
2023-08-01 00:00:00+00:00,no change,,0.775,,,,,,,,,,,,,2023-09,,,,,,
2023-08-02 00:00:00+00:00,no change,,0.79,,,,,,,,,,,,,2023-09,,,,,,
2023-08-03 00:00:00+00:00,no change,,0.8,,,,,,,,,,,,,2023-09,,,,,,
2023-08-04 00:00:00+00:00,no change,,0.805,,,,,,,,,,,,,2023-09,,,,,,
2023-08-05 00:00:00+00:00,no change,,0.815,,,,,,,,,,,,,2023-09,,,,,,
2023-08-06 00:00:00+00:00,no change,,0.805,,,,,,,,,,,,,2023-09,,,,,,
2023-08-07 00:00:00+00:00,no change,,0.83,,,,,,,,,,,,,2023-09,,,,,,
2023-08-08 00:00:00+00:00,no change,,0.83,,,,,,,,,,,,,2023-09,,,,,,
2023-08-09 00:00:00+00:00,no change,,0.845,,,,,,,,,,,,,2023-09,,,,,,
2023-08-10 00:00:00+00:00,no change,,0.86,,,,,,,,,,,,,2023-09,,,,,,
2023-08-11 00:00:00+00:00,no change,,0.915,,,,,,,,,,,,,2023-09,,,,,,
2023-08-12 00:00:00+00:00,no change,,0.875,,,,,,,,,,,,,2023-09,,,,,,
2023-08-13 00:00:00+00:00,no change,,0.88,,,,,,,,,,,,,2023-09,,,,,,
2023-08-14 00:00:00+00:00,no change,,0.885,,,,,,,,,,,,,2023-09,,,,,,
2023-08-15 00:00:00+00:00,no change,,0.9,,,,,,,,,,,,,2023-09,,,,,,
2023-08-16 00:00:00+00:00,no change,,0.9,,,,,,,,,,,,,2023-09,,,,,,
2023-08-17 00:00:00+00:00,no change,,0.9,,,,,,,,,,,,,2023-09,,,,,,
2023-08-18 00:00:00+00:00,no change,,0.89,,,,,,,,,,,,,2023-09,,,,,,
2023-08-19 00:00:00+00:00,no change,,0.905,,,,,,,,,,,,,2023-09,,,,,,
2023-08-20 00:00:00+00:00,no change,,0.91,,,,,,,,,,,,,2023-09,,,,,,
2023-08-21 00:00:00+00:00,no change,,0.905,,,,,,,,,,,,,2023-09,,,,,,
2023-08-22 00:00:00+00:00,no change,,0.885,,,,,,,,,,,,,2023-09,,,,,,
2023-08-23 00:00:00+00:00,no change,,0.89,,,,,,,,,,,,,2023-09,,,,,,
2023-08-24 00:00:00+00:00,no change,,0.905,,,,,,,,,,,,,2023-09,,,,,,
2023-08-25 00:00:00+00:00,no change,,0.89,,,,,,,,,,,,,2023-09,,,,,,
2023-08-26 00:00:00+00:00,no change,,0.86,,,,,,,,,,,,,2023-09,,,,,,
2023-08-27 00:00:00+00:00,no change,,0.875,,,,,,,,,,,,,2023-09,,,,,,
2023-08-28 00:00:00+00:00,no change,,0.875,,,,,,,,,,,,,2023-09,,,,,,
2023-08-29 00:00:00+00:00,no change,,0.87,,,,,,,,,,,,,2023-09,,,,,,
2023-08-30 00:00:00+00:00,no change,,0.9,,,,,,,,,,,,,2023-09,,,,,,
2023-08-31 00:00:00+00:00,no change,,0.915,,,,,,,,,,,,,2023-09,,,,,,
2023-09-01 00:00:00+00:00,no change,0.92,,,,,,,,,,,,,2023-09,,,,,,,1.0
2023-09-02 00:00:00+00:00,no change,0.96,,,,,,,,,,,,,2023-09,,,,,,,1.0
2023-09-03 00:00:00+00:00,no change,0.955,,,,,,,,,,,,,2023-09,,,,,,,1.0
2023-09-04 00:00:00+00:00,no change,0.945,,,,,,,,,,,,,2023-09,,,,,,,1.0
2023-09-05 00:00:00+00:00,no change,0.94,,,,,,,,,,,,,2023-09,,,,,,,1.0
2023-09-06 00:00:00+00:00,no change,0.955,,,,,,,,,,,,,2023-09,,,,,,,1.0
2023-09-07 00:00:00+00:00,no change,0.955,,,,,,,,,,,,,2023-09,,,,,,,1.0
2023-09-08 00:00:00+00:00,no change,0.955,,,,,,,,,,,,,2023-09,,,,,,,1.0
2023-09-09 00:00:00+00:00,no change,0.965,,,,,,,,,,,,,2023-09,,,,,,,1.0
2023-09-10 00:00:00+00:00,no change,0.9645,,,,,,,,,,,,,2023-09,,,,,,,1.0
2023-09-11 00:00:00+00:00,no change,0.9745,,,,,,,,,,,,,2023-09,,,,,,,1.0
2023-09-12 00:00:00+00:00,no change,0.975,,,,,,,,,,,,,2023-09,,,,,,,1.0
2023-09-13 00:00:00+00:00,no change,0.965,,,,,,,,,,,,,2023-09,,,,,,,1.0
2023-09-14 00:00:00+00:00,no change,0.975,,,,,,,,,,,,,2023-09,,,,,,,1.0
2023-09-15 00:00:00+00:00,no change,0.976,,,,,,,,,,,,,2023-09,,,,,,,1.0
2023-09-16 00:00:00+00:00,no change,0.98,,,,,,,,,,,,,2023-09,,,,,,,1.0
2023-09-17 00:00:00+00:00,no change,0.975,,,,,,,,,,,,,2023-09,,,,,,,1.0
2023-09-18 00:00:00+00:00,no change,0.9675,,,,,,,,,,,,,2023-09,,,,,,,1.0
2023-09-19 00:00:00+00:00,no change,0.965,,,,,,,,,,,,,2023-09,,,,,,,1.0
2023-09-20 00:00:00+00:00,no change,0.977,,0.55,,,,,,,,,,,2023-09,,2023-11,,,,,1.0
2023-09-21 00:00:00+00:00,no change,,,0.81,,,,,,,,,,,,,2023-11,,,,,
2023-09-22 00:00:00+00:00,no change,,,0.805,,,,,,,,,,,,,2023-11,,,,,
2023-09-23 00:00:00+00:00,no change,,,0.815,,,,,,,,,,,,,2023-11,,,,,
2023-09-24 00:00:00+00:00,no change,,,0.76,,,,,,,,,,,,,2023-11,,,,,
2023-09-25 00:00:00+00:00,no change,,,0.755,,,,,,,,,,,,,2023-11,,,,,
2023-09-26 00:00:00+00:00,no change,,,0.79,,,,,,,,,,,,,2023-11,,,,,
2023-09-27 00:00:00+00:00,no change,,,0.8,,,,,,,,,,,,,2023-11,,,,,
2023-09-28 00:00:00+00:00,no change,,,0.795,,,,,,,,,,,,,2023-11,,,,,
2023-09-29 00:00:00+00:00,no change,,,0.81,,,,,,,,,,,,,2023-11,,,,,
2023-09-30 00:00:00+00:00,no change,,,0.83,,,,,,,,,,,,,2023-11,,,,,
2023-10-01 00:00:00+00:00,no change,,0.82,,,,,,,,,,,,,2023-11,,,,,,
2023-10-02 00:00:00+00:00,no change,,0.83,,,,,,,,,,,,,2023-11,,,,,,
2023-10-03 00:00:00+00:00,no change,,0.65,,,,,,,,,,,,,2023-11,,,,,,
2023-10-04 00:00:00+00:00,no change,,0.73,,,,,,,,,,,,,2023-11,,,,,,
2023-10-05 00:00:00+00:00,no change,,0.765,,,,,,,,,,,,,2023-11,,,,,,
2023-10-06 00:00:00+00:00,no change,,0.815,,,,,,,,,,,,,2023-11,,,,,,
2023-10-07 00:00:00+00:00,no change,,0.735,,,,,,,,,,,,,2023-11,,,,,,
2023-10-08 00:00:00+00:00,no change,,0.735,,,,,,,,,,,,,2023-11,,,,,,
2023-10-09 00:00:00+00:00,no change,,0.73,,,,,,,,,,,,,2023-11,,,,,,
2023-10-10 00:00:00+00:00,no change,,0.885,,,,,,,,,,,,,2023-11,,,,,,
2023-10-11 00:00:00+00:00,no change,,0.9,,,,,,,,,,,,,2023-11,,,,,,
2023-10-12 00:00:00+00:00,no change,,0.9,,,,,,,,,,,,,2023-11,,,,,,
2023-10-13 00:00:00+00:00,no change,,0.955,,,,,,,,,,,,,2023-11,,,,,,
2023-10-14 00:00:00+00:00,no change,,0.94,,,,,,,,,,,,,2023-11,,,,,,
2023-10-15 00:00:00+00:00,no change,,0.955,,,,,,,,,,,,,2023-11,,,,,,
2023-10-16 00:00:00+00:00,no change,,0.955,,,,,,,,,,,,,2023-11,,,,,,
2023-10-17 00:00:00+00:00,no change,,0.955,,,,,,,,,,,,,2023-11,,,,,,
2023-10-18 00:00:00+00:00,no change,,0.925,,,,,,,,,,,,,2023-11,,,,,,
2023-10-19 00:00:00+00:00,no change,,0.9425,,,,,,,,,,,,,2023-11,,,,,,
2023-10-20 00:00:00+00:00,no change,,0.975,,,,,,,,,,,,,2023-11,,,,,,
2023-10-21 00:00:00+00:00,no change,,0.97,,,,,,,,,,,,,2023-11,,,,,,
2023-10-22 00:00:00+00:00,no change,,0.9785,,,,,,,,,,,,,2023-11,,,,,,
2023-10-23 00:00:00+00:00,no change,,0.975,,,,,,,,,,,,,2023-11,,,,,,
2023-10-24 00:00:00+00:00,no change,,0.98,0.8,,,,,,,,,,,,2023-11,2023-12,,,,,
2023-10-25 00:00:00+00:00,no change,,0.98,0.81,,,,,,,,,,,,2023-11,2023-12,,,,,
2023-10-26 00:00:00+00:00,no change,,0.98,0.81,,,,,,,,,,,,2023-11,2023-12,,,,,
2023-10-27 00:00:00+00:00,no change,,0.98,0.5,,,,,,,,,,,,2023-11,2023-12,,,,,
2023-10-28 00:00:00+00:00,no change,,0.9795,0.5,,,,,,,,,,,,2023-11,2023-12,,,,,
2023-10-29 00:00:00+00:00,no change,,0.9795,0.5,,,,,,,,,,,,2023-11,2023-12,,,,,
2023-10-30 00:00:00+00:00,no change,,0.9795,0.5,,,,,,,,,,,,2023-11,2023-12,,,,,
2023-10-31 00:00:00+00:00,no change,,0.9845,0.5,,,,,,,,,,,,2023-11,2023-12,,,,,
2023-11-01 00:00:00+00:00,no change,0.99,0.5,,,,,,,,,,,,2023-11,2023-12,,,,,,1.0
2023-11-02 00:00:00+00:00,no change,,0.865,,,,,,,,,,,,,2023-12,,,,,,
2023-11-03 00:00:00+00:00,no change,,0.86,,,,,,,,,,,,,2023-12,,,,,,
2023-11-04 00:00:00+00:00,no change,,0.915,,,,,,,,,,,,,2023-12,,,,,,
2023-11-05 00:00:00+00:00,no change,,0.92,,,,,,,,,,,,,2023-12,,,,,,
2023-11-06 00:00:00+00:00,no change,,0.92,,,,,,,,,,,,,2023-12,,,,,,
2023-11-07 00:00:00+00:00,no change,,0.94,,,,,,,,,,,,,2023-12,,,,,,
2023-11-08 00:00:00+00:00,no change,,0.925,,,,,,,,,,,,,2023-12,,,,,,
2023-11-09 00:00:00+00:00,no change,,0.935,,,,,,,,,,,,,2023-12,,,,,,
2023-11-10 00:00:00+00:00,no change,,0.935,,,,,,,,,,,,,2023-12,,,,,,
2023-11-11 00:00:00+00:00,no change,,0.925,,,,,,,,,,,,,2023-12,,,,,,
2023-11-12 00:00:00+00:00,no change,,0.925,,,,,,,,,,,,,2023-12,,,,,,
2023-11-13 00:00:00+00:00,no change,,0.935,,,,,,,,,,,,,2023-12,,,,,,
2023-11-14 00:00:00+00:00,no change,,0.915,,,,,,,,,,,,,2023-12,,,,,,
2023-11-15 00:00:00+00:00,no change,,0.97,,,,,,,,,,,,,2023-12,,,,,,
2023-11-16 00:00:00+00:00,no change,,0.985,,,,,,,,,,,,,2023-12,,,,,,
2023-11-17 00:00:00+00:00,no change,,0.981,,,,,,,,,,,,,2023-12,,,,,,
2023-11-18 00:00:00+00:00,no change,,0.9825,,,,,,,,,,,,,2023-12,,,,,,
2023-11-19 00:00:00+00:00,no change,,0.99,,,,,,,,,,,,,2023-12,,,,,,
2023-11-20 00:00:00+00:00,no change,,0.99,,,,,,,,,,,,,2023-12,,,,,,
2023-11-21 00:00:00+00:00,no change,,0.99,,,,,,,,,,,,,2023-12,,,,,,
2023-11-22 00:00:00+00:00,no change,,0.985,,,,,,,,,,,,,2023-12,,,,,,
2023-11-23 00:00:00+00:00,no change,,0.984,,,,,,,,,,,,,2023-12,,,,,,
2023-11-24 00:00:00+00:00,no change,,0.984,,,,,,,,,,,,,2023-12,,,,,,
2023-11-25 00:00:00+00:00,no change,,0.984,,,,,,,,,,,,,2023-12,,,,,,
2023-11-26 00:00:00+00:00,no change,,0.984,,,,,,,,,,,,,2023-12,,,,,,
2023-11-27 00:00:00+00:00,no change,,0.984,,,,,,,,,,,,,2023-12,,,,,,
2023-11-28 00:00:00+00:00,no change,,0.984,,,,,,,,,,,,,2023-12,,,,,,
2023-11-29 00:00:00+00:00,no change,,0.9835,,,,,,,,,,,,,2023-12,,,,,,
2023-11-30 00:00:00+00:00,no change,,0.9835,,,,,,,,,,,,,2023-12,,,,,,
2023-12-01 00:00:00+00:00,no change,0.5185,,,,,,,,,,,,,2023-12,,,,,,,1.0
2023-12-02 00:00:00+00:00,no change,0.855,,,,,,,,,,,,,2023-12,,,,,,,1.0
2023-12-03 00:00:00+00:00,no change,0.939,,,,,,,,,,,,,2023-12,,,,,,,1.0
2023-12-04 00:00:00+00:00,no change,0.971,,,,,,,,,,,,,2023-12,,,,,,,1.0
2023-12-05 00:00:00+00:00,no change,0.97,,,,,,,,,,,,,2023-12,,,,,,,1.0
2023-12-06 00:00:00+00:00,no change,0.9735,,,,,,,,,,,,,2023-12,,,,,,,1.0
2023-12-07 00:00:00+00:00,no change,0.974,,,,,,,,,,,,,2023-12,,,,,,,1.0
2023-12-08 00:00:00+00:00,no change,0.939,,,,,,,,,,,,,2023-12,,,,,,,1.0
2023-12-09 00:00:00+00:00,no change,0.954,0.525,,,,,,,,,,,,2023-12,2024-01,,,,,,1.0
2023-12-10 00:00:00+00:00,no change,0.9885,0.525,,,,,,,,,,,,2023-12,2024-01,,,,,,1.0
2023-12-11 00:00:00+00:00,no change,0.991,0.82,,,,,,,,,,,,2023-12,2024-01,,,,,,1.0
2023-12-12 00:00:00+00:00,no change,0.954,0.82,,,,,,,,,,,,2023-12,2024-01,,,,,,1.0
2023-12-13 00:00:00+00:00,no change,0.982,0.745,,,,,,,,,,,,2023-12,2024-01,,,,,,1.0
2023-12-14 00:00:00+00:00,no change,,0.745,,,,,,,,,,,,,2024-01,,,,,,
2023-12-15 00:00:00+00:00,no change,,0.745,,,,,,,,,,,,,2024-01,,,,,,
2023-12-16 00:00:00+00:00,no change,,0.745,,,,,,,,,,,,,2024-01,,,,,,
2023-12-17 00:00:00+00:00,no change,,0.745,,,,,,,,,,,,,2024-01,,,,,,
2023-12-18 00:00:00+00:00,no change,,0.745,,,,,,,,,,,,,2024-01,,,,,,
2023-12-19 00:00:00+00:00,no change,,0.745,,,,,,,,,,,,,2024-01,,,,,,
2023-12-20 00:00:00+00:00,no change,,0.745,,,,,,,,,,,,,2024-01,,,,,,
2023-12-21 00:00:00+00:00,no change,,0.745,,,,,,,,,,,,,2024-01,,,,,,
2023-12-22 00:00:00+00:00,no change,,0.745,,,,,,,,,,,,,2024-01,,,,,,
2023-12-23 00:00:00+00:00,no change,,0.745,,,,,,,,,,,,,2024-01,,,,,,
2023-12-24 00:00:00+00:00,no change,,0.745,,,,,,,,,,,,,2024-01,,,,,,
2023-12-25 00:00:00+00:00,no change,,0.745,,,,,,,,,,,,,2024-01,,,,,,
2023-12-26 00:00:00+00:00,no change,,0.745,,,,,,,,,,,,,2024-01,,,,,,
2023-12-27 00:00:00+00:00,no change,,0.745,,,,,,,,,,,,,2024-01,,,,,,
2023-12-28 00:00:00+00:00,no change,,0.745,,,,,,,,,,,,,2024-01,,,,,,
2023-12-29 00:00:00+00:00,no change,,0.745,,,,,,,,,,,,,2024-01,,,,,,
2023-12-30 00:00:00+00:00,no change,,0.745,,,,,,,,,,,,,2024-01,,,,,,
2023-12-31 00:00:00+00:00,no change,,0.745,,,,,,,,,,,,,2024-01,,,,,,
2024-01-01 00:00:00+00:00,no change,0.745,,,,,,,,,,,,,2024-01,,,,,,,1.0
2024-01-02 00:00:00+00:00,no change,0.745,,,,,,,,,,,,,2024-01,,,,,,,1.0
2024-01-03 00:00:00+00:00,no change,0.745,,,,,,,,,,,,,2024-01,,,,,,,1.0
2024-01-04 00:00:00+00:00,no change,0.745,,,,,,,,,,,,,2024-01,,,,,,,1.0
2024-01-05 00:00:00+00:00,no change,0.745,,,,,,,,,,,,,2024-01,,,,,,,1.0
2024-01-06 00:00:00+00:00,no change,0.745,,,,,,,,,,,,,2024-01,,,,,,,1.0
2024-01-07 00:00:00+00:00,no change,0.77,,,,,,,,,,,,,2024-01,,,,,,,1.0
2024-01-08 00:00:00+00:00,no change,0.77,,,,,,,,,,,,,2024-01,,,,,,,1.0
2024-01-09 00:00:00+00:00,no change,0.77,,,,,,,,,,,,,2024-01,,,,,,,1.0
2024-01-10 00:00:00+00:00,no change,0.75,,,,,,,,,,,,,2024-01,,,,,,,1.0
2024-01-11 00:00:00+00:00,no change,0.65,,,,,,,,,,,,,2024-01,,,,,,,1.0
2024-01-12 00:00:00+00:00,no change,0.65,,,,,,,,,,,,,2024-01,,,,,,,1.0
2024-01-13 00:00:00+00:00,no change,0.5,,,,,,,,,,,,,2024-01,,,,,,,1.0
2024-01-14 00:00:00+00:00,no change,0.75,,,,,,,,,,,,,2024-01,,,,,,,1.0
2024-01-15 00:00:00+00:00,no change,0.75,,,,,,,,,,,,,2024-01,,,,,,,1.0
2024-01-16 00:00:00+00:00,no change,0.75,,,,,,,,,,,,,2024-01,,,,,,,1.0
2024-01-17 00:00:00+00:00,no change,0.75,,,,,,,,,,,,,2024-01,,,,,,,1.0
2024-01-18 00:00:00+00:00,no change,0.83,,,,,,,,,,,,,2024-01,,,,,,,1.0
2024-01-19 00:00:00+00:00,no change,0.83,,,,,,,,,,,,,2024-01,,,,,,,1.0
2024-01-20 00:00:00+00:00,no change,0.8305,,,,,,,,,,,,,2024-01,,,,,,,1.0
2024-01-21 00:00:00+00:00,no change,0.8305,,,,,,,,,,,,,2024-01,,,,,,,1.0
2024-01-22 00:00:00+00:00,no change,0.925,,,,,,,,,,,,,2024-01,,,,,,,1.0
2024-01-23 00:00:00+00:00,no change,0.925,,,,,,,,,,,,,2024-01,,,,,,,1.0
2024-01-24 00:00:00+00:00,no change,0.925,,,,,,,,,,,,,2024-01,,,,,,,1.0
2024-01-25 00:00:00+00:00,no change,0.925,,,,,,,,,,,,,2024-01,,,,,,,1.0
2024-01-26 00:00:00+00:00,no change,0.925,,,,,,,,,,,,,2024-01,,,,,,,1.0
2024-01-27 00:00:00+00:00,no change,0.9915,,,,,,,,,,,,,2024-01,,,,,,,1.0
2024-01-28 00:00:00+00:00,no change,0.9925,,,,,,,,,,,,,2024-01,,,,,,,1.0
2024-01-29 00:00:00+00:00,no change,0.9925,,,,,,,,,,,,,2024-01,,,,,,,1.0
2024-01-30 00:00:00+00:00,no change,0.991,,,,,,,,,,,,,2024-01,,,,,,,1.0
2024-01-31 00:00:00+00:00,no change,0.9925,,,,,,,,,,,,,2024-01,,,,,,,1.0
2024-02-01 00:00:00+00:00,no change,,0.75,,,,,,,,,,,,,2024-03,,,,,,
2024-02-02 00:00:00+00:00,no change,,0.75,,,,,,,,,,,,,2024-03,,,,,,
2024-02-03 00:00:00+00:00,no change,,0.75,,,,,,,,,,,,,2024-03,,,,,,
2024-02-04 00:00:00+00:00,no change,,0.75,,,,,,,,,,,,,2024-03,,,,,,
2024-02-05 00:00:00+00:00,no change,,0.75,,,,,,,,,,,,,2024-03,,,,,,
2024-02-06 00:00:00+00:00,no change,,0.75,,,,,,,,,,,,,2024-03,,,,,,
2024-02-07 00:00:00+00:00,no change,,0.515,,,,,,,,,,,,,2024-03,,,,,,
2024-02-08 00:00:00+00:00,no change,,0.5225,,,,,,,,,,,,,2024-03,,,,,,
2024-02-09 00:00:00+00:00,no change,,0.5225,,,,,,,,,,,,,2024-03,,,,,,
2024-02-10 00:00:00+00:00,no change,,0.5225,,,,,,,,,,,,,2024-03,,,,,,
2024-02-11 00:00:00+00:00,no change,,0.5225,,,,,,,,,,,,,2024-03,,,,,,
2024-02-12 00:00:00+00:00,no change,,0.5225,,,,,,,,,,,,,2024-03,,,,,,
2024-02-13 00:00:00+00:00,no change,,0.5225,,,,,,,,,,,,,2024-03,,,,,,
2024-02-14 00:00:00+00:00,no change,,0.5225,,,,,,,,,,,,,2024-03,,,,,,
2024-02-15 00:00:00+00:00,no change,,0.5225,,,,,,,,,,,,,2024-03,,,,,,
2024-02-16 00:00:00+00:00,no change,,0.5225,,,,,,,,,,,,,2024-03,,,,,,
2024-02-17 00:00:00+00:00,no change,,0.96,,,,,,,,,,,,,2024-03,,,,,,
2024-02-18 00:00:00+00:00,no change,,0.965,,,,,,,,,,,,,2024-03,,,,,,
2024-02-19 00:00:00+00:00,no change,,0.962,,,,,,,,,,,,,2024-03,,,,,,
2024-02-20 00:00:00+00:00,no change,,0.9615,,,,,,,,,,,,,2024-03,,,,,,
2024-02-21 00:00:00+00:00,no change,,0.9615,,,,,,,,,,,,,2024-03,,,,,,
2024-02-22 00:00:00+00:00,no change,,0.9345,,,,,,,,,,,,,2024-03,,,,,,
2024-02-23 00:00:00+00:00,no change,,0.9345,,,,,,,,,,,,,2024-03,,,,,,
2024-02-24 00:00:00+00:00,no change,,0.9365,,,,,,,,,,,,,2024-03,,,,,,
2024-02-25 00:00:00+00:00,no change,,0.9445,,,,,,,,,,,,,2024-03,,,,,,
2024-02-26 00:00:00+00:00,no change,,0.954,,,,,,,,,,,,,2024-03,,,,,,
2024-02-27 00:00:00+00:00,no change,,0.9535,,,,,,,,,,,,,2024-03,,,,,,
2024-02-28 00:00:00+00:00,no change,,0.954,,,,,,,,,,,,,2024-03,,,,,,
2024-02-29 00:00:00+00:00,no change,,0.9545,,,,,,,,,,,,,2024-03,,,,,,
2024-03-01 00:00:00+00:00,no change,0.9545,,,,,,,,,,,,,2024-03,,,,,,,1.0
2024-03-02 00:00:00+00:00,no change,0.954,,,,,,,,,,,,,2024-03,,,,,,,1.0
2024-03-03 00:00:00+00:00,no change,0.9545,,,,,,,,,,,,,2024-03,,,,,,,1.0
2024-03-04 00:00:00+00:00,no change,0.961,,,,,,,,,,,,,2024-03,,,,,,,1.0
2024-03-05 00:00:00+00:00,no change,0.961,,,,,,,,,,,,,2024-03,,,,,,,1.0
2024-03-06 00:00:00+00:00,no change,0.963,,,,,,,,,,,,,2024-03,,,,,,,1.0
2024-03-07 00:00:00+00:00,no change,0.9625,,,,,,,,,,,,,2024-03,,,,,,,1.0
2024-03-08 00:00:00+00:00,no change,0.9625,,,,,,,,,,,,,2024-03,,,,,,,1.0
2024-03-09 00:00:00+00:00,no change,0.969,,,,,,,,,,,,,2024-03,,,,,,,1.0
2024-03-10 00:00:00+00:00,no change,0.9715,,,,,,,,,,,,,2024-03,,,,,,,1.0
2024-03-11 00:00:00+00:00,no change,0.9705,,,,,,,,,,,,,2024-03,,,,,,,1.0
2024-03-12 00:00:00+00:00,no change,0.973,,,,,,,,,,,,,2024-03,,,,,,,1.0
2024-03-13 00:00:00+00:00,no change,0.986,,,,,,,,,,,,,2024-03,,,,,,,1.0
2024-03-14 00:00:00+00:00,no change,0.9875,,,,,,,,,,,,,2024-03,,,,,,,1.0
2024-03-15 00:00:00+00:00,no change,0.984,,,,,,,,,,,,,2024-03,,,,,,,1.0
2024-03-16 00:00:00+00:00,no change,0.9835,,,,,,,,,,,,,2024-03,,,,,,,1.0
2024-03-17 00:00:00+00:00,no change,0.985,,,,,,,,,,,,,2024-03,,,,,,,1.0
2024-03-18 00:00:00+00:00,no change,0.991,,,,,,,,,,,,,2024-03,,,,,,,1.0
2024-03-19 00:00:00+00:00,no change,0.9925,,,,,,,,,,,,,2024-03,,,,,,,1.0
2024-03-20 00:00:00+00:00,no change,0.9925,,,,,,,,,,,,,2024-03,,,,,,,1.0
2024-04-04 00:00:00+00:00,no change,,0.955,,,,,,,,,,,,,2024-05,,,,,,
2024-04-05 00:00:00+00:00,no change,,0.8995,,,,,,,,,,,,,2024-05,,,,,,
2024-04-06 00:00:00+00:00,no change,,0.9605,,,,,,,,,,,,,2024-05,,,,,,
2024-04-07 00:00:00+00:00,no change,,0.9585,,,,,,,,,,,,,2024-05,,,,,,
2024-04-08 00:00:00+00:00,no change,,0.9565,,,,,,,,,,,,,2024-05,,,,,,
2024-04-09 00:00:00+00:00,no change,,0.954,,,,,,,,,,,,,2024-05,,,,,,
2024-04-10 00:00:00+00:00,no change,,0.9555,,,,,,,,,,,,,2024-05,,,,,,
2024-04-11 00:00:00+00:00,no change,,0.9675,,,,,,,,,,,,,2024-05,,,,,,
2024-04-12 00:00:00+00:00,no change,,0.972,,,,,,,,,,,,,2024-05,,,,,,
2024-04-13 00:00:00+00:00,no change,,0.9715,,,,,,,,,,,,,2024-05,,,,,,
2024-04-14 00:00:00+00:00,no change,,0.9625,,,,,,,,,,,,,2024-05,,,,,,
2024-04-15 00:00:00+00:00,no change,,0.9635,,,,,,,,,,,,,2024-05,,,,,,
2024-04-16 00:00:00+00:00,no change,,0.9645,,,,,,,,,,,,,2024-05,,,,,,
2024-04-17 00:00:00+00:00,no change,,0.9735,,,,,,,,,,,,,2024-05,,,,,,
2024-04-18 00:00:00+00:00,no change,,0.9785,,,,,,,,,,,,,2024-05,,,,,,
2024-04-19 00:00:00+00:00,no change,,0.9785,,,,,,,,,,,,,2024-05,,,,,,
2024-04-20 00:00:00+00:00,no change,,0.9775,,,,,,,,,,,,,2024-05,,,,,,
2024-04-21 00:00:00+00:00,no change,,0.9775,,,,,,,,,,,,,2024-05,,,,,,
2024-04-22 00:00:00+00:00,no change,,0.977,,,,,,,,,,,,,2024-05,,,,,,
2024-04-23 00:00:00+00:00,no change,,0.9795,,,,,,,,,,,,,2024-05,,,,,,
2024-04-24 00:00:00+00:00,no change,,0.979,,,,,,,,,,,,,2024-05,,,,,,
2024-04-25 00:00:00+00:00,no change,,0.9795,,,,,,,,,,,,,2024-05,,,,,,
2024-04-26 00:00:00+00:00,no change,,0.98,,,,,,,,,,,,,2024-05,,,,,,
2024-04-27 00:00:00+00:00,no change,,0.982,,,,,,,,,,,,,2024-05,,,,,,
2024-04-28 00:00:00+00:00,no change,,0.9855,,,,,,,,,,,,,2024-05,,,,,,
2024-04-29 00:00:00+00:00,no change,,0.9855,,,,,,,,,,,,,2024-05,,,,,,
2024-04-30 00:00:00+00:00,no change,,0.985,,,,,,,,,,,,,2024-05,,,,,,
2024-05-01 00:00:00+00:00,no change,0.99,,,,,,,,,,,,,2024-05,,,,,,,1.0
2024-05-02 00:00:00+00:00,no change,,0.947,,,,,,,,,,,,,2024-06,,,,,,
2024-05-03 00:00:00+00:00,no change,,0.9465,,,,,,,,,,,,,2024-06,,,,,,
2024-05-04 00:00:00+00:00,no change,,0.932,,,,,,,,,,,,,2024-06,,,,,,
2024-05-05 00:00:00+00:00,no change,,0.9325,,,,,,,,,,,,,2024-06,,,,,,
2024-05-06 00:00:00+00:00,no change,,0.9355,,,,,,,,,,,,,2024-06,,,,,,
2024-05-07 00:00:00+00:00,no change,,0.936,,,,,,,,,,,,,2024-06,,,,,,
2024-05-08 00:00:00+00:00,no change,,0.938,,,,,,,,,,,,,2024-06,,,,,,
2024-05-09 00:00:00+00:00,no change,,0.9395,,,,,,,,,,,,,2024-06,,,,,,
2024-05-10 00:00:00+00:00,no change,,0.9385,,,,,,,,,,,,,2024-06,,,,,,
2024-05-11 00:00:00+00:00,no change,,0.943,,,,,,,,,,,,,2024-06,,,,,,
2024-05-12 00:00:00+00:00,no change,,0.943,,,,,,,,,,,,,2024-06,,,,,,
2024-05-13 00:00:00+00:00,no change,,0.943,,,,,,,,,,,,,2024-06,,,,,,
2024-05-14 00:00:00+00:00,no change,,0.948,,,,,,,,,,,,,2024-06,,,,,,
2024-05-15 00:00:00+00:00,no change,,0.937,,,,,,,,,,,,,2024-06,,,,,,
2024-05-16 00:00:00+00:00,no change,,0.958,,,,,,,,,,,,,2024-06,,,,,,
2024-05-17 00:00:00+00:00,no change,,0.9645,,,,,,,,,,,,,2024-06,,,,,,
2024-05-18 00:00:00+00:00,no change,,0.965,,,,,,,,,,,,,2024-06,,,,,,
2024-05-19 00:00:00+00:00,no change,,0.9655,,,,,,,,,,,,,2024-06,,,,,,
2024-05-20 00:00:00+00:00,no change,,0.967,,,,,,,,,,,,,2024-06,,,,,,
2024-05-21 00:00:00+00:00,no change,,0.967,,,,,,,,,,,,,2024-06,,,,,,
2024-05-22 00:00:00+00:00,no change,,0.9675,,,,,,,,,,,,,2024-06,,,,,,
2024-05-23 00:00:00+00:00,no change,,0.9695,,,,,,,,,,,,,2024-06,,,,,,
2024-05-24 00:00:00+00:00,no change,,0.972,,,,,,,,,,,,,2024-06,,,,,,
2024-05-25 00:00:00+00:00,no change,,0.9725,,,,,,,,,,,,,2024-06,,,,,,
2024-05-26 00:00:00+00:00,no change,,0.97,,,,,,,,,,,,,2024-06,,,,,,
2024-05-27 00:00:00+00:00,no change,,0.972,,,,,,,,,,,,,2024-06,,,,,,
2024-05-28 00:00:00+00:00,no change,,0.9735,,,,,,,,,,,,,2024-06,,,,,,
2024-05-29 00:00:00+00:00,no change,,0.972,,,,,,,,,,,,,2024-06,,,,,,
2024-05-30 00:00:00+00:00,no change,,0.9715,,,,,,,,,,,,,2024-06,,,,,,
2024-05-31 00:00:00+00:00,no change,,0.971,,,,,,,,,,,,,2024-06,,,,,,
2024-06-01 00:00:00+00:00,no change,0.965,,,,,,,,,,,,,2024-06,,,,,,,1.0
2024-06-02 00:00:00+00:00,no change,0.9695,,,,,,,,,,,,,2024-06,,,,,,,1.0
2024-06-03 00:00:00+00:00,no change,0.9715,,,,,,,,,,,,,2024-06,,,,,,,1.0
2024-06-04 00:00:00+00:00,no change,0.97,,,,,,,,,,,,,2024-06,,,,,,,1.0
2024-06-05 00:00:00+00:00,no change,0.9715,,,,,,,,,,,,,2024-06,,,,,,,1.0
2024-06-06 00:00:00+00:00,no change,0.9655,,,,,,,,,,,,,2024-06,,,,,,,1.0
2024-06-07 00:00:00+00:00,no change,0.9405,,,,,,,,,,,,,2024-06,,,,,,,1.0
2024-06-08 00:00:00+00:00,no change,0.9585,,,,,,,,,,,,,2024-06,,,,,,,1.0
2024-06-09 00:00:00+00:00,no change,0.9705,,,,,,,,,,,,,2024-06,,,,,,,1.0
2024-06-10 00:00:00+00:00,no change,0.965,,,,,,,,,,,,,2024-06,,,,,,,1.0
2024-06-11 00:00:00+00:00,no change,0.968,,,,,,,,,,,,,2024-06,,,,,,,1.0
2024-06-12 00:00:00+00:00,no change,0.9755,,,,,,,,,,,,,2024-06,,,,,,,1.0
2024-06-13 00:00:00+00:00,no change,,0.9245,,,,,,,,,,,,,2024-07,,,,,,
2024-06-14 00:00:00+00:00,no change,,0.918,,,,,,,,,,,,,2024-07,,,,,,
2024-06-15 00:00:00+00:00,no change,,0.9175,,,,,,,,,,,,,2024-07,,,,,,
2024-06-16 00:00:00+00:00,no change,,0.917,,,,,,,,,,,,,2024-07,,,,,,
2024-06-17 00:00:00+00:00,no change,,0.918,,,,,,,,,,,,,2024-07,,,,,,
2024-06-18 00:00:00+00:00,no change,,0.922,,,,,,,,,,,,,2024-07,,,,,,
2024-06-19 00:00:00+00:00,no change,,0.9195,,,,,,,,,,,,,2024-07,,,,,,
2024-06-20 00:00:00+00:00,no change,,0.916,,,,,,,,,,,,,2024-07,,,,,,
2024-06-21 00:00:00+00:00,no change,,0.916,,,,,,,,,,,,,2024-07,,,,,,
2024-06-22 00:00:00+00:00,no change,,0.921,,,,,,,,,,,,,2024-07,,,,,,
2024-06-23 00:00:00+00:00,no change,,0.9165,,,,,,,,,,,,,2024-07,,,,,,
2024-06-24 00:00:00+00:00,no change,,0.9165,,,,,,,,,,,,,2024-07,,,,,,
2024-06-25 00:00:00+00:00,no change,,0.921,,,,,,,,,,,,,2024-07,,,,,,
2024-06-26 00:00:00+00:00,no change,,0.9135,,,,,,,,,,,,,2024-07,,,,,,
2024-06-27 00:00:00+00:00,no change,,0.9155,,,,,,,,,,,,,2024-07,,,,,,
2024-06-28 00:00:00+00:00,no change,,0.9115,,,,,,,,,,,,,2024-07,,,,,,
2024-06-29 00:00:00+00:00,no change,,0.911,,,,,,,,,,,,,2024-07,,,,,,
2024-06-30 00:00:00+00:00,no change,,0.908,,,,,,,,,,,,,2024-07,,,,,,
2024-07-01 00:00:00+00:00,no change,0.9095,,,,,,,,,,,,,2024-07,,,,,,,1.0
2024-07-02 00:00:00+00:00,no change,0.9125,,,,,,,,,,,,,2024-07,,,,,,,1.0
2024-07-03 00:00:00+00:00,no change,0.9125,,,,,,,,,,,,,2024-07,,,,,,,1.0
2024-07-04 00:00:00+00:00,no change,0.912,,,,,,,,,,,,,2024-07,,,,,,,1.0
2024-07-05 00:00:00+00:00,no change,0.904,,,,,,,,,,,,,2024-07,,,,,,,1.0
2024-07-06 00:00:00+00:00,no change,0.914,,,,,,,,,,,,,2024-07,,,,,,,1.0
2024-07-07 00:00:00+00:00,no change,0.914,,,,,,,,,,,,,2024-07,,,,,,,1.0
2024-07-08 00:00:00+00:00,no change,0.9185,,,,,,,,,,,,,2024-07,,,,,,,1.0
2024-07-09 00:00:00+00:00,no change,0.9225,,,,,,,,,,,,,2024-07,,,,,,,1.0
2024-07-10 00:00:00+00:00,no change,0.9335,,,,,,,,,,,,,2024-07,,,,,,,1.0
2024-07-11 00:00:00+00:00,no change,0.933,,,,,,,,,,,,,2024-07,,,,,,,1.0
2024-07-12 00:00:00+00:00,no change,0.9235,,,,,,,,,,,,,2024-07,,,,,,,1.0
2024-07-13 00:00:00+00:00,no change,0.921,,,,,,,,,,,,,2024-07,,,,,,,1.0
2024-07-14 00:00:00+00:00,no change,0.9225,,,,,,,,,,,,,2024-07,,,,,,,1.0
2024-07-15 00:00:00+00:00,no change,0.924,,,,,,,,,,,,,2024-07,,,,,,,1.0
2024-07-16 00:00:00+00:00,no change,0.8945,,,,,,,,,,,,,2024-07,,,,,,,1.0
2024-07-17 00:00:00+00:00,no change,0.91,,,,,,,,,,,,,2024-07,,,,,,,1.0
2024-07-18 00:00:00+00:00,no change,0.9515,,,,,,,,,,,,,2024-07,,,,,,,1.0
2024-07-19 00:00:00+00:00,no change,0.9495,,,,,,,,,,,,,2024-07,,,,,,,1.0
2024-07-20 00:00:00+00:00,no change,0.945,,,,,,,,,,,,,2024-07,,,,,,,1.0
2024-07-21 00:00:00+00:00,no change,0.95,,,,,,,,,,,,,2024-07,,,,,,,1.0
2024-07-22 00:00:00+00:00,no change,0.9525,,,,,,,,,,,,,2024-07,,,,,,,1.0
2024-07-23 00:00:00+00:00,no change,0.952,,,,,,,,,,,,,2024-07,,,,,,,1.0
2024-07-24 00:00:00+00:00,no change,0.9525,,,,,,,,,,,,,2024-07,,,,,,,1.0
2024-07-25 00:00:00+00:00,no change,0.933,,,,,,,,,,,,,2024-07,,,,,,,1.0
2024-07-26 00:00:00+00:00,no change,0.9215,,,,,,,,,,,,,2024-07,,,,,,,1.0
2024-07-27 00:00:00+00:00,no change,0.95,,,,,,,,,,,,,2024-07,,,,,,,1.0
2024-07-28 00:00:00+00:00,no change,0.95,,,,,,,,,,,,,2024-07,,,,,,,1.0
2024-07-29 00:00:00+00:00,no change,0.945,,,,,,,,,,,,,2024-07,,,,,,,1.0
2024-07-30 00:00:00+00:00,no change,0.9445,,,,,,,,,,,,,2024-07,,,,,,,1.0
2024-07-31 00:00:00+00:00,no change,0.9565,,,,,,,,,,,,,2024-07,,,,,,,1.0
2024-08-01 00:00:00+00:00,no change,,0.145,,,,,,,,,,,,,2024-09,,,,,,
2024-08-02 00:00:00+00:00,no change,,0.07,,,,,,,,,,,,,2024-09,,,,,,
2024-08-03 00:00:00+00:00,no change,,0.026,,0.215,,,,,,,,,,,2024-09,,2024-11,,,,
2024-08-04 00:00:00+00:00,no change,,0.0405,,0.215,,,,,,,,,,,2024-09,,2024-11,,,,
2024-08-05 00:00:00+00:00,no change,,0.0465,,0.2,,,,,,,,,,,2024-09,,2024-11,,,,
2024-08-06 00:00:00+00:00,no change,,0.049,,0.17,,,,,,,,,,,2024-09,,2024-11,,,,
2024-08-07 00:00:00+00:00,no change,,0.0455,,0.13,0.17,,,,,,,,,,2024-09,,2024-11,2024-12,,,
2024-08-08 00:00:00+00:00,no change,,0.0415,,0.15,0.165,,,,,,,,,,2024-09,,2024-11,2024-12,,,
2024-08-09 00:00:00+00:00,no change,,0.051,,0.16,0.175,,,,,,,,,,2024-09,,2024-11,2024-12,,,
2024-08-10 00:00:00+00:00,no change,,0.052,,0.15,0.175,,,,,,,,,,2024-09,,2024-11,2024-12,,,
2024-08-11 00:00:00+00:00,no change,,0.054,,0.15,0.175,,,,,,,,,,2024-09,,2024-11,2024-12,,,
2024-08-12 00:00:00+00:00,no change,,0.068,,0.165,0.17,,,,,,,,,,2024-09,,2024-11,2024-12,,,
2024-08-13 00:00:00+00:00,no change,,0.0545,,0.2,0.17,,,,,,,,,,2024-09,,2024-11,2024-12,,,
2024-08-14 00:00:00+00:00,no change,,0.053,,0.19,0.165,,,,,,,,,,2024-09,,2024-11,2024-12,,,
2024-08-15 00:00:00+00:00,no change,,0.0515,,0.185,0.16,,,,,,,,,,2024-09,,2024-11,2024-12,,,
2024-08-16 00:00:00+00:00,no change,,0.0645,,0.205,0.17,,,,,,,,,,2024-09,,2024-11,2024-12,,,
2024-08-17 00:00:00+00:00,no change,,0.059,,0.215,0.17,,,,,,,,,,2024-09,,2024-11,2024-12,,,
2024-08-18 00:00:00+00:00,no change,,0.0565,,0.225,0.17,,,,,,,,,,2024-09,,2024-11,2024-12,,,
2024-08-19 00:00:00+00:00,no change,,0.065,,0.215,0.175,,,,,,,,,,2024-09,,2024-11,2024-12,,,
2024-08-20 00:00:00+00:00,no change,,0.0605,,0.215,0.175,,,,,,,,,,2024-09,,2024-11,2024-12,,,
2024-08-21 00:00:00+00:00,no change,,0.0605,,0.21,0.175,,,,,,,,,,2024-09,,2024-11,2024-12,,,
2024-08-22 00:00:00+00:00,no change,,0.0505,,0.18,0.175,,,,,,,,,,2024-09,,2024-11,2024-12,,,
2024-08-23 00:00:00+00:00,no change,,0.0575,,0.125,0.17,,,,,,,,,,2024-09,,2024-11,2024-12,,,
2024-08-24 00:00:00+00:00,no change,,0.033,,0.065,0.145,,,,,,,,,,2024-09,,2024-11,2024-12,,,
2024-08-25 00:00:00+00:00,no change,,0.047,,0.145,0.13,,,,,,,,,,2024-09,,2024-11,2024-12,,,
2024-08-26 00:00:00+00:00,no change,,0.04,,0.125,0.135,,,,,,,,,,2024-09,,2024-11,2024-12,,,
2024-08-27 00:00:00+00:00,no change,,0.038,,0.115,0.135,,,,,,,,,,2024-09,,2024-11,2024-12,,,
2024-08-28 00:00:00+00:00,no change,,0.0345,,0.12,0.125,,,,,,,,,,2024-09,,2024-11,2024-12,,,
2024-08-29 00:00:00+00:00,no change,,0.0315,,0.125,0.115,,,,,,,,,,2024-09,,2024-11,2024-12,,,
2024-08-30 00:00:00+00:00,no change,,0.043,,0.125,0.125,,,,,,,,,,2024-09,,2024-11,2024-12,,,
2024-08-31 00:00:00+00:00,no change,,0.0365,,0.115,0.125,,,,,,,,,,2024-09,,2024-11,2024-12,,,
2024-09-01 00:00:00+00:00,no change,0.051,,0.115,0.125,,,,,,,,,,2024-09,,2024-11,2024-12,,,,0.0
2024-09-02 00:00:00+00:00,no change,0.044,,0.115,0.125,,,,,,,,,,2024-09,,2024-11,2024-12,,,,0.0
2024-09-03 00:00:00+00:00,no change,0.039,,0.115,0.12,,,,,,,,,,2024-09,,2024-11,2024-12,,,,0.0
2024-09-04 00:00:00+00:00,no change,0.0315,,0.105,0.12,,,,,,,,,,2024-09,,2024-11,2024-12,,,,0.0
2024-09-05 00:00:00+00:00,no change,0.0245,,0.105,0.115,,,,,,,,,,2024-09,,2024-11,2024-12,,,,0.0
2024-09-06 00:00:00+00:00,no change,0.041,,0.105,0.115,,,,,,,,,,2024-09,,2024-11,2024-12,,,,0.0
2024-09-07 00:00:00+00:00,no change,0.024,,0.08,0.095,,,,,,,,,,2024-09,,2024-11,2024-12,,,,0.0
2024-09-08 00:00:00+00:00,no change,0.0165,,0.065,0.095,,,,,,,,,,2024-09,,2024-11,2024-12,,,,0.0
2024-09-09 00:00:00+00:00,no change,0.0245,,0.075,0.105,,,,,,,,,,2024-09,,2024-11,2024-12,,,,0.0
2024-09-10 00:00:00+00:00,no change,0.026,,0.065,0.105,,,,,,,,,,2024-09,,2024-11,2024-12,,,,0.0
2024-09-11 00:00:00+00:00,no change,0.0295,,0.055,0.1,,,,,,,,,,2024-09,,2024-11,2024-12,,,,0.0
2024-09-12 00:00:00+00:00,no change,0.02,,0.055,0.1,,,,,,,,,,2024-09,,2024-11,2024-12,,,,0.0
2024-09-13 00:00:00+00:00,no change,0.019,,0.055,0.105,,,,,,,,,,2024-09,,2024-11,2024-12,,,,0.0
2024-09-14 00:00:00+00:00,no change,0.015,,0.065,0.105,,,,,,,,,,2024-09,,2024-11,2024-12,,,,0.0
2024-09-15 00:00:00+00:00,no change,0.016,,0.055,0.105,,,,,,,,,,2024-09,,2024-11,2024-12,,,,0.0
2024-09-16 00:00:00+00:00,no change,0.0165,,0.07,0.11,,,,,,,,,,2024-09,,2024-11,2024-12,,,,0.0
2024-09-17 00:00:00+00:00,no change,0.015,,0.065,0.1,,,,,,,,,,2024-09,,2024-11,2024-12,,,,0.0
2024-09-18 00:00:00+00:00,no change,0.013,,0.075,0.105,,,,,,,,,,2024-09,,2024-11,2024-12,,,,0.0
2024-09-19 00:00:00+00:00,no change,,,0.07,0.125,,,,,,,,,,,,2024-11,2024-12,,,,
2024-09-20 00:00:00+00:00,no change,,,0.065,0.095,,,,,,,,,,,,2024-11,2024-12,,,,
2024-09-21 00:00:00+00:00,no change,,,0.06,0.085,,,,,,,,,,,,2024-11,2024-12,,,,
2024-09-22 00:00:00+00:00,no change,,,0.045,0.085,,,,,,,,,,,,2024-11,2024-12,,,,
2024-09-23 00:00:00+00:00,no change,,,0.055,0.085,,,,,,,,,,,,2024-11,2024-12,,,,
2024-09-24 00:00:00+00:00,no change,,,0.055,0.085,,,,,,,,,,,,2024-11,2024-12,,,,
2024-09-25 00:00:00+00:00,no change,,,0.05,0.075,,,,,,,,,,,,2024-11,2024-12,,,,
2024-09-26 00:00:00+00:00,no change,,,0.05,0.065,,,,,,,,,,,,2024-11,2024-12,,,,
2024-09-27 00:00:00+00:00,no change,,,0.0425,0.065,,,,,,,,,,,,2024-11,2024-12,,,,
2024-09-28 00:00:00+00:00,no change,,,0.036,0.065,,,,,,,,,,,,2024-11,2024-12,,,,
2024-09-29 00:00:00+00:00,no change,,,0.0325,0.065,,,,,,,,,,,,2024-11,2024-12,,,,
2024-09-30 00:00:00+00:00,no change,,,0.0325,0.065,,,,,,,,,,,,2024-11,2024-12,,,,
2024-10-01 00:00:00+00:00,no change,,0.035,0.06,,,,,,,,,,,,2024-11,2024-12,,,,,
2024-10-02 00:00:00+00:00,no change,,0.0375,0.06,,,,,,,,,,,,2024-11,2024-12,,,,,
2024-10-03 00:00:00+00:00,no change,,0.048,0.055,,,,,,,,,,,,2024-11,2024-12,,,,,
2024-10-04 00:00:00+00:00,no change,,0.043,0.055,,,,,,,,,,,,2024-11,2024-12,,,,,
2024-10-05 00:00:00+00:00,no change,,0.085,0.065,,,,,,,,,,,,2024-11,2024-12,,,,,
2024-10-06 00:00:00+00:00,no change,,0.075,0.065,,,,,,,,,,,,2024-11,2024-12,,,,,
2024-10-07 00:00:00+00:00,no change,,0.0765,0.07,,,,,,,,,,,,2024-11,2024-12,,,,,
2024-10-08 00:00:00+00:00,no change,,0.1685,0.095,,,,,,,,,,,,2024-11,2024-12,,,,,
2024-10-09 00:00:00+00:00,no change,,0.1295,0.115,,,,,,,,,,,,2024-11,2024-12,,,,,
2024-10-10 00:00:00+00:00,no change,,0.172,0.13,,,,,,,,,,,,2024-11,2024-12,,,,,
2024-10-11 00:00:00+00:00,no change,,0.157,0.165,,,,,,,,,,,,2024-11,2024-12,,,,,
2024-10-12 00:00:00+00:00,no change,,0.118,0.16,,,,,,,,,,,,2024-11,2024-12,,,,,
2024-10-13 00:00:00+00:00,no change,,0.119,0.15,,,,,,,,,,,,2024-11,2024-12,,,,,
2024-10-14 00:00:00+00:00,no change,,0.1095,0.155,,,,,,,,,,,,2024-11,2024-12,,,,,
2024-10-15 00:00:00+00:00,no change,,0.1585,0.165,,,,,,,,,,,,2024-11,2024-12,,,,,
2024-10-16 00:00:00+00:00,no change,,0.108,0.16,,,,,,,,,,,,2024-11,2024-12,,,,,
2024-10-17 00:00:00+00:00,no change,,0.1075,0.165,,,,,,,,,,,,2024-11,2024-12,,,,,
2024-10-18 00:00:00+00:00,no change,,0.13,0.175,,,,,,,,,,,,2024-11,2024-12,,,,,
2024-10-19 00:00:00+00:00,no change,,0.1065,0.195,,,,,,,,,,,,2024-11,2024-12,,,,,
2024-10-20 00:00:00+00:00,no change,,0.0925,0.195,,,,,,,,,,,,2024-11,2024-12,,,,,
2024-10-21 00:00:00+00:00,no change,,0.0955,0.2,,,,,,,,,,,,2024-11,2024-12,,,,,
2024-10-22 00:00:00+00:00,no change,,0.1115,0.215,,,,,,,,,,,,2024-11,2024-12,,,,,
2024-10-23 00:00:00+00:00,no change,,0.121,0.23,,,,,,,,,,,,2024-11,2024-12,,,,,
2024-10-24 00:00:00+00:00,no change,,0.133,0.235,,,,,,,,,,,,2024-11,2024-12,,,,,
2024-10-25 00:00:00+00:00,no change,,0.1175,0.23,,,,,,,,,,,,2024-11,2024-12,,,,,
2024-10-26 00:00:00+00:00,no change,,0.1195,0.21,,,,,,,,,,,,2024-11,2024-12,,,,,
2024-10-27 00:00:00+00:00,no change,,0.1165,0.21,,,,,,,,,,,,2024-11,2024-12,,,,,
2024-10-28 00:00:00+00:00,no change,,0.125,0.21,,,,,,,,,,,,2024-11,2024-12,,,,,
2024-10-29 00:00:00+00:00,no change,,0.1145,0.22,,,,,,,,,,,,2024-11,2024-12,,,,,
2024-10-30 00:00:00+00:00,no change,,0.1005,0.23,,,,,,,,,,,,2024-11,2024-12,,,,,
2024-10-31 00:00:00+00:00,no change,,0.0865,0.2,,,,,,,,,,,,2024-11,2024-12,,,,,
2024-11-01 00:00:00+00:00,no change,0.099,0.26,,,,,,,,,,,,2024-11,2024-12,,,,,,0.0
2024-11-02 00:00:00+00:00,no change,0.029,0.195,,,,,,,,,,,,2024-11,2024-12,,,,,,0.0
2024-11-03 00:00:00+00:00,no change,0.023,0.175,,,,,,,,,,,,2024-11,2024-12,,,,,,0.0
2024-11-04 00:00:00+00:00,no change,0.032,0.175,,,,,,,,,,,,2024-11,2024-12,,,,,,0.0
2024-11-05 00:00:00+00:00,no change,0.034,0.165,,,,,,,,,,,,2024-11,2024-12,,,,,,0.0
2024-11-06 00:00:00+00:00,no change,0.035,0.18,,,,,,,,,,,,2024-11,2024-12,,,,,,0.0
2024-11-07 00:00:00+00:00,no change,0.025,0.295,,,,,,,,,,,,2024-11,2024-12,,,,,,0.0
2024-11-08 00:00:00+00:00,no change,,0.26,0.37,,,,,,,,,,,,2024-12,2025-01,,,,,
2024-11-09 00:00:00+00:00,no change,,0.29,0.415,,,,,,,,,,,,2024-12,2025-01,,,,,
2024-11-10 00:00:00+00:00,no change,,0.285,0.455,,,,,,,,,,,,2024-12,2025-01,,,,,
2024-11-11 00:00:00+00:00,no change,,0.28,0.485,,,,,,,,,,,,2024-12,2025-01,,,,,
2024-11-12 00:00:00+00:00,no change,,0.275,0.49,,,,,,,,,,,,2024-12,2025-01,,,,,
2024-11-13 00:00:00+00:00,no change,,0.325,0.515,,,,,,,,,,,,2024-12,2025-01,,,,,
2024-11-14 00:00:00+00:00,no change,,0.145,0.525,,,,,,,,,,,,2024-12,2025-01,,,,,
2024-11-15 00:00:00+00:00,no change,,0.345,0.615,,,,,,,,,,,,2024-12,2025-01,,,,,
2024-11-16 00:00:00+00:00,no change,,0.355,0.625,,,,,,,,,,,,2024-12,2025-01,,,,,
2024-11-17 00:00:00+00:00,no change,,0.345,0.62,,,,,,,,,,,,2024-12,2025-01,,,,,
2024-11-18 00:00:00+00:00,no change,,0.335,0.615,,,,,,,,,,,,2024-12,2025-01,,,,,
2024-11-19 00:00:00+00:00,no change,,0.355,0.605,,,,,,,,,,,,2024-12,2025-01,,,,,
2024-11-20 00:00:00+00:00,no change,,0.35,0.62,,,,,,,,,,,,2024-12,2025-01,,,,,
2024-11-21 00:00:00+00:00,no change,,0.375,0.625,,,,,,,,,,,,2024-12,2025-01,,,,,
2024-11-22 00:00:00+00:00,no change,,0.365,0.635,,,,,,,,,,,,2024-12,2025-01,,,,,
2024-11-23 00:00:00+00:00,no change,,0.395,0.63,,,,,,,,,,,,2024-12,2025-01,,,,,
2024-11-24 00:00:00+00:00,no change,,0.405,0.63,,,,,,,,,,,,2024-12,2025-01,,,,,
2024-11-25 00:00:00+00:00,no change,,0.395,0.635,,,,,,,,,,,,2024-12,2025-01,,,,,
2024-11-26 00:00:00+00:00,no change,,0.395,0.645,,,,,,,,,,,,2024-12,2025-01,,,,,
2024-11-27 00:00:00+00:00,no change,,0.32,0.635,,,,,,,,,,,,2024-12,2025-01,,,,,
2024-11-28 00:00:00+00:00,no change,,0.275,0.64,,,,,,,,,,,,2024-12,2025-01,,,,,
2024-11-29 00:00:00+00:00,no change,,0.295,0.64,,,,,,,,,,,,2024-12,2025-01,,,,,
2024-11-30 00:00:00+00:00,no change,,0.275,0.645,,,,,,,,,,,,2024-12,2025-01,,,,,
2024-12-01 00:00:00+00:00,no change,0.295,0.645,,,,,,,,,,,,2024-12,2025-01,,,,,,0.0
2024-12-02 00:00:00+00:00,no change,0.285,0.635,,,,,,,,,,,,2024-12,2025-01,,,,,,0.0
2024-12-03 00:00:00+00:00,no change,0.255,0.65,,,,,,,,,,,,2024-12,2025-01,,,,,,0.0
2024-12-04 00:00:00+00:00,no change,0.265,0.655,,,,,,,,,,,,2024-12,2025-01,,,,,,0.0
2024-12-05 00:00:00+00:00,no change,0.255,0.64,,,,,,,,,,,,2024-12,2025-01,,,,,,0.0
2024-12-06 00:00:00+00:00,no change,0.255,0.63,,,,,,,,,,,,2024-12,2025-01,,,,,,0.0
2024-12-07 00:00:00+00:00,no change,0.125,0.605,,,,,,,,,,,,2024-12,2025-01,,,,,,0.0
2024-12-08 00:00:00+00:00,no change,0.12,0.615,,,,,,,,,,,,2024-12,2025-01,,,,,,0.0
2024-12-09 00:00:00+00:00,no change,0.125,0.615,,,,,,,,,,,,2024-12,2025-01,,,,,,0.0
2024-12-10 00:00:00+00:00,no change,0.125,0.635,,,,,,,,,,,,2024-12,2025-01,,,,,,0.0
2024-12-11 00:00:00+00:00,no change,0.13,0.66,,,,,,,,,,,,2024-12,2025-01,,,,,,0.0
2024-12-12 00:00:00+00:00,no change,0.0475,0.705,,,,,,,,,,,,2024-12,2025-01,,,,,,0.0
2024-12-13 00:00:00+00:00,no change,0.049,0.72,,,,,,,,,,,,2024-12,2025-01,,,,,,0.0
2024-12-14 00:00:00+00:00,no change,0.0335,0.73,,,,,,,,,,,,2024-12,2025-01,,,,,,0.0
2024-12-15 00:00:00+00:00,no change,0.0295,0.715,,,,,,,,,,,,2024-12,2025-01,,,,,,0.0
2024-12-16 00:00:00+00:00,no change,0.0275,0.73,,,,,,,,,,,,2024-12,2025-01,,,,,,0.0
2024-12-17 00:00:00+00:00,no change,0.0265,0.775,,,,,,,,,,,,2024-12,2025-01,,,,,,0.0
2024-12-18 00:00:00+00:00,no change,0.029,0.795,,,,,,,,,,,,2024-12,2025-01,,,,,,0.0
2024-12-19 00:00:00+00:00,no change,,0.885,,,,,,,,,,,,,2025-01,,,,,,
2024-12-20 00:00:00+00:00,no change,,0.885,,,,,,,,,,,,,2025-01,,,,,,
2024-12-21 00:00:00+00:00,no change,,0.88,,,,,,,,,,,,,2025-01,,,,,,
2024-12-22 00:00:00+00:00,no change,,0.885,,,,,,,,,,,,,2025-01,,,,,,
2024-12-23 00:00:00+00:00,no change,,0.88,,,,,,,,,,,,,2025-01,,,,,,
2024-12-24 00:00:00+00:00,no change,,0.885,,,,,,,,,,,,,2025-01,,,,,,
2024-12-25 00:00:00+00:00,no change,,0.895,,,,,,,,,,,,,2025-01,,,,,,
2024-12-26 00:00:00+00:00,no change,,0.895,,,,,,,,,,,,,2025-01,,,,,,
2024-12-27 00:00:00+00:00,no change,,0.895,,,,,,,,,,,,,2025-01,,,,,,
2024-12-28 00:00:00+00:00,no change,,0.895,,,,,,,,,,,,,2025-01,,,,,,
2024-12-29 00:00:00+00:00,no change,,0.895,,,,,,,,,,,,,2025-01,,,,,,
2024-12-30 00:00:00+00:00,no change,,0.905,,,,,,,,,,,,,2025-01,,,,,,
2024-12-31 00:00:00+00:00,no change,,0.905,,,,,,,,,,,,,2025-01,,,,,,
2025-01-01 00:00:00+00:00,no change,0.905,,,,,,,,,,,,,2025-01,,,,,,,1.0
2025-01-02 00:00:00+00:00,no change,0.915,,,,,,,,,,,,,2025-01,,,,,,,1.0
2025-01-03 00:00:00+00:00,no change,0.915,,,,,,,,,,,,,2025-01,,,,,,,1.0
2025-01-04 00:00:00+00:00,no change,0.905,,,,,,,,,,,,,2025-01,,,,,,,1.0
2025-01-05 00:00:00+00:00,no change,0.905,,,,,,,,,,,,,2025-01,,,,,,,1.0
2025-01-06 00:00:00+00:00,no change,0.905,,,,,,,,,,,,,2025-01,,,,,,,1.0
2025-01-07 00:00:00+00:00,no change,0.905,,,,,,,,,,,,,2025-01,,,,,,,1.0
2025-01-08 00:00:00+00:00,no change,0.915,,,,,,,,,,,,,2025-01,,,,,,,1.0
2025-01-09 00:00:00+00:00,no change,0.935,,,,,,,,,,,,,2025-01,,,,,,,1.0
2025-01-10 00:00:00+00:00,no change,0.935,,,,,,,,,,,,,2025-01,,,,,,,1.0
2025-01-11 00:00:00+00:00,no change,0.9715,,,,,,,,,,,,,2025-01,,,,,,,1.0
2025-01-12 00:00:00+00:00,no change,0.9715,,,,,,,,,,,,,2025-01,,,,,,,1.0
2025-01-13 00:00:00+00:00,no change,0.964,,,,,,,,,,,,,2025-01,,,,,,,1.0
2025-01-14 00:00:00+00:00,no change,0.964,,,,,,,,,,,,,2025-01,,,,,,,1.0
2025-01-15 00:00:00+00:00,no change,0.965,,,,,,,,,,,,,2025-01,,,,,,,1.0
2025-01-16 00:00:00+00:00,no change,0.965,,,,,,,,,,,,,2025-01,,,,,,,1.0
2025-01-17 00:00:00+00:00,no change,0.971,,,,,,,,,,,,,2025-01,,,,,,,1.0
2025-01-18 00:00:00+00:00,no change,0.964,,,,,,,,,,,,,2025-01,,,,,,,1.0
2025-01-19 00:00:00+00:00,no change,0.9625,,,,,,,,,,,,,2025-01,,,,,,,1.0
2025-01-20 00:00:00+00:00,no change,0.952,,,,,,,,,,,,,2025-01,,,,,,,1.0
2025-01-21 00:00:00+00:00,no change,0.985,,,,,,,,,,,,,2025-01,,,,,,,1.0
2025-01-22 00:00:00+00:00,no change,0.9775,,,,,,,,,,,,,2025-01,,,,,,,1.0
2025-01-23 00:00:00+00:00,no change,0.988,,,,,,,,,,,,,2025-01,,,,,,,1.0
2025-01-24 00:00:00+00:00,no change,0.9885,,,,,,,,,,,,,2025-01,,,,,,,1.0
2025-01-25 00:00:00+00:00,no change,0.9875,,,,,,,,,,,,,2025-01,,,,,,,1.0
2025-01-26 00:00:00+00:00,no change,0.9825,,,,,,,,,,,,,2025-01,,,,,,,1.0
2025-01-27 00:00:00+00:00,no change,0.979,,,,,,,,,,,,,2025-01,,,,,,,1.0
2025-01-28 00:00:00+00:00,no change,0.9795,,,,,,,,,,,,,2025-01,,,,,,,1.0
2025-01-29 00:00:00+00:00,no change,0.9855,,,,,,,,,,,,,2025-01,,,,,,,1.0
2025-03-20 00:00:00+00:00,no change,,,,,0.595,,,,,,,,,,,,,2025-07,,,
2025-03-21 00:00:00+00:00,no change,,,,,0.585,,,,,,,,,,,,,2025-07,,,
2025-03-22 00:00:00+00:00,no change,,,,,0.595,,,,,,,,,,,,,2025-07,,,
2025-03-23 00:00:00+00:00,no change,,,,,0.585,,,,,,,,,,,,,2025-07,,,
2025-03-24 00:00:00+00:00,no change,,,,,0.585,,,,,,,,,,,,,2025-07,,,
2025-03-25 00:00:00+00:00,no change,,,,,0.59,,,,,,,,,,,,,2025-07,,,
2025-03-26 00:00:00+00:00,no change,,,,,0.59,,,,,,,,,,,,,2025-07,,,
2025-03-27 00:00:00+00:00,no change,,,,,0.585,,,,,,,,,,,,,2025-07,,,
2025-03-28 00:00:00+00:00,no change,,,,,0.575,,,,,,,,,,,,,2025-07,,,
2025-03-29 00:00:00+00:00,no change,,,,,0.575,,,,,,,,,,,,,2025-07,,,
2025-03-30 00:00:00+00:00,no change,,,,,0.575,,,,,,,,,,,,,2025-07,,,
2025-03-31 00:00:00+00:00,no change,,,,,0.565,,,,,,,,,,,,,2025-07,,,
2025-04-01 00:00:00+00:00,no change,,,,0.565,,,,,,,,,,,,,2025-07,,,,
2025-04-02 00:00:00+00:00,no change,,,,0.415,,,,,,,,,,,,,2025-07,,,,
2025-04-03 00:00:00+00:00,no change,,,,0.415,,,,,,,,,,,,,2025-07,,,,
2025-04-04 00:00:00+00:00,no change,,,,0.34,,,,,,,,,,,,,2025-07,,,,
2025-04-05 00:00:00+00:00,no change,,,,0.32,,,,,,,,,,,,,2025-07,,,,
2025-04-06 00:00:00+00:00,no change,,,,0.325,,,,,,,,,,,,,2025-07,,,,
2025-04-07 00:00:00+00:00,no change,,,,0.325,,,,,,,,,,,,,2025-07,,,,
2025-04-08 00:00:00+00:00,no change,,,,0.29,,,,,,,,,,,,,2025-07,,,,
2025-04-09 00:00:00+00:00,no change,,,,0.295,,,,,,,,,,,,,2025-07,,,,
2025-04-10 00:00:00+00:00,no change,,,,0.305,,,,,,,,,,,,,2025-07,,,,
2025-04-11 00:00:00+00:00,no change,,,,0.3,,,,,,,,,,,,,2025-07,,,,
2025-04-12 00:00:00+00:00,no change,,,,0.3,,,,,,,,,,,,,2025-07,,,,
2025-04-13 00:00:00+00:00,no change,,,,0.305,,,,,,,,,,,,,2025-07,,,,
2025-04-14 00:00:00+00:00,no change,,,,0.295,,,,,,,,,,,,,2025-07,,,,
2025-04-15 00:00:00+00:00,no change,,,,0.29,,,,,,,,,,,,,2025-07,,,,
2025-04-16 00:00:00+00:00,no change,,,,0.295,,,,,,,,,,,,,2025-07,,,,
2025-04-17 00:00:00+00:00,no change,,,,0.325,,,,,,,,,,,,,2025-07,,,,
2025-04-18 00:00:00+00:00,no change,,,,0.33,,,,,,,,,,,,,2025-07,,,,
2025-04-19 00:00:00+00:00,no change,,,,0.335,,,,,,,,,,,,,2025-07,,,,
2025-04-20 00:00:00+00:00,no change,,,,0.345,,,,,,,,,,,,,2025-07,,,,
2025-04-21 00:00:00+00:00,no change,,,,0.365,,,,,,,,,,,,,2025-07,,,,
2025-04-22 00:00:00+00:00,no change,,,,0.365,,,,,,,,,,,,,2025-07,,,,
2025-04-23 00:00:00+00:00,no change,,,,0.36,,,,,,,,,,,,,2025-07,,,,
2025-04-24 00:00:00+00:00,no change,,,,0.365,,,,,,,,,,,,,2025-07,,,,
2025-04-25 00:00:00+00:00,no change,,,,0.39,,,,,,,,,,,,,2025-07,,,,
2025-04-26 00:00:00+00:00,no change,,,,0.42,,,,,,,,,,,,,2025-07,,,,
2025-04-27 00:00:00+00:00,no change,,,,0.425,,,,,,,,,,,,,2025-07,,,,
2025-04-28 00:00:00+00:00,no change,,,,0.425,,,,,,,,,,,,,2025-07,,,,
2025-04-29 00:00:00+00:00,no change,,,,0.395,,,,,,,,,,,,,2025-07,,,,
2025-04-30 00:00:00+00:00,no change,,,,0.39,,,,,,,,,,,,,2025-07,,,,
2025-05-01 00:00:00+00:00,no change,,,0.4,,,,,,,,,,,,,2025-07,,,,,
2025-05-02 00:00:00+00:00,no change,,,0.38,,,,,,,,,,,,,2025-07,,,,,
2025-05-03 00:00:00+00:00,no change,,,0.46,,,,,,,,,,,,,2025-07,,,,,
2025-05-04 00:00:00+00:00,no change,,,0.47,,,,,,,,,,,,,2025-07,,,,,
2025-05-05 00:00:00+00:00,no change,,,0.505,,,,,,,,,,,,,2025-07,,,,,
2025-05-06 00:00:00+00:00,no change,,,0.485,,,,,,,,,,,,,2025-07,,,,,
2025-05-07 00:00:00+00:00,no change,,,0.51,,,,,,,,,,,,,2025-07,,,,,
2025-05-08 00:00:00+00:00,no change,,,0.48,,0.425,,,,,,,,,,,2025-07,,2025-09,,,
2025-05-09 00:00:00+00:00,no change,,,0.51,,0.385,,,,,,,,,,,2025-07,,2025-09,,,
2025-05-10 00:00:00+00:00,no change,,,0.615,,0.39,,,,,,,,,,,2025-07,,2025-09,,,
2025-05-11 00:00:00+00:00,no change,,,0.675,,0.4,,,,,,,,,,,2025-07,,2025-09,,,
2025-05-12 00:00:00+00:00,no change,,,0.63,,0.435,,,,,,,,,,,2025-07,,2025-09,,,
2025-05-13 00:00:00+00:00,no change,,,0.72,,0.52,,,,,,,,,,,2025-07,,2025-09,,,
2025-05-14 00:00:00+00:00,no change,,,0.705,,0.515,,,,,,,,,,,2025-07,,2025-09,,,
2025-05-15 00:00:00+00:00,no change,,,0.705,,0.54,,,,,,,,,,,2025-07,,2025-09,,,
2025-05-16 00:00:00+00:00,no change,,,0.71,,0.535,,,,,,,,,,,2025-07,,2025-09,,,
2025-05-17 00:00:00+00:00,no change,,,0.72,,0.545,,,,,,,,,,,2025-07,,2025-09,,,
2025-05-18 00:00:00+00:00,no change,,,0.72,,0.535,,,,,,,,,,,2025-07,,2025-09,,,
2025-05-19 00:00:00+00:00,no change,,,0.725,,0.555,,,,,,,,,,,2025-07,,2025-09,,,
2025-05-20 00:00:00+00:00,no change,,,0.735,,0.595,,,,,,,,,,,2025-07,,2025-09,,,
2025-05-21 00:00:00+00:00,no change,,,0.75,,0.595,,,,,,,,,,,2025-07,,2025-09,,,
2025-05-22 00:00:00+00:00,no change,,,0.775,,0.6,,,,,,,,,,,2025-07,,2025-09,,,
2025-05-23 00:00:00+00:00,no change,,,0.775,,0.575,,,,,,,,,,,2025-07,,2025-09,,,
2025-05-24 00:00:00+00:00,no change,,,0.78,,0.595,,,,,,,,,,,2025-07,,2025-09,,,
2025-05-25 00:00:00+00:00,no change,,,0.785,,0.595,,,,,,,,,,,2025-07,,2025-09,,,
2025-05-26 00:00:00+00:00,no change,,,0.795,,0.665,,,,,,,,,,,2025-07,,2025-09,,,
2025-05-27 00:00:00+00:00,no change,,,0.8,,0.685,,,,,,,,,,,2025-07,,2025-09,,,
2025-05-28 00:00:00+00:00,no change,,,0.79,,0.685,,,,,,,,,,,2025-07,,2025-09,,,
2025-05-29 00:00:00+00:00,no change,,,0.815,,0.68,,,,,,,,,,,2025-07,,2025-09,,,
2025-05-30 00:00:00+00:00,no change,,,0.79,,0.665,,,,,,,,,,,2025-07,,2025-09,,,
2025-05-31 00:00:00+00:00,no change,,,0.785,,0.605,,,,,,,,,,,2025-07,,2025-09,,,
2025-06-01 00:00:00+00:00,no change,,0.79,,0.605,,,,,,,,,,,2025-07,,2025-09,,,,
2025-06-02 00:00:00+00:00,no change,,0.8,,0.6,,,,,,,,,,,2025-07,,2025-09,,,,
2025-06-03 00:00:00+00:00,no change,,0.83,,0.595,,,,,,,,,,,2025-07,,2025-09,,,,
2025-06-04 00:00:00+00:00,no change,,0.85,,0.585,,,,,,,,,,,2025-07,,2025-09,,,,
2025-06-05 00:00:00+00:00,no change,,0.785,,0.575,,,,,,,,,,,2025-07,,2025-09,,,,
2025-06-06 00:00:00+00:00,no change,,0.77,,0.465,,,,,,,,,,,2025-07,,2025-09,,,,
2025-06-07 00:00:00+00:00,no change,,0.875,,0.575,,,,,,,,,,,2025-07,,2025-09,,,,
2025-06-08 00:00:00+00:00,no change,,0.88,,0.61,,,,,,,,,,,2025-07,,2025-09,,,,
2025-06-09 00:00:00+00:00,no change,,0.875,,0.605,,,,,,,,,,,2025-07,,2025-09,,,,
2025-06-10 00:00:00+00:00,no change,,0.885,,0.595,,,,,,,,,,,2025-07,,2025-09,,,,
2025-06-11 00:00:00+00:00,no change,,0.865,,0.595,,,,,,,,,,,2025-07,,2025-09,,,,
2025-06-12 00:00:00+00:00,no change,,0.84,,0.545,,,,,,,,,,,2025-07,,2025-09,,,,
2025-06-13 00:00:00+00:00,no change,,0.765,,0.525,,,,,,,,,,,2025-07,,2025-09,,,,
2025-06-14 00:00:00+00:00,no change,,0.815,,0.52,,,,,,,,,,,2025-07,,2025-09,,,,
2025-06-15 00:00:00+00:00,no change,,0.8,,0.52,,,,,,,,,,,2025-07,,2025-09,,,,
2025-06-16 00:00:00+00:00,no change,,0.835,,0.53,,,,,,,,,,,2025-07,,2025-09,,,,
2025-06-17 00:00:00+00:00,no change,,0.865,,0.55,,,,,,,,,,,2025-07,,2025-09,,,,
2025-06-18 00:00:00+00:00,no change,,0.775,,0.56,,,,,,,,,,,2025-07,,2025-09,,,,
2025-06-19 00:00:00+00:00,no change,,0.93,,0.51,,,,,,,,,,,2025-07,,2025-09,,,,
2025-06-20 00:00:00+00:00,no change,,0.925,,0.535,0.475,,,,,,,,,,2025-07,,2025-09,2025-10,,,
2025-06-21 00:00:00+00:00,no change,,0.865,,0.555,0.515,,,,,,,,,,2025-07,,2025-09,2025-10,,,
2025-06-22 00:00:00+00:00,no change,,0.875,,0.55,0.505,,,,,,,,,,2025-07,,2025-09,2025-10,,,
2025-06-23 00:00:00+00:00,no change,,0.865,,0.53,0.505,,,,,,,,,,2025-07,,2025-09,2025-10,,,
2025-06-24 00:00:00+00:00,no change,,0.77,,0.495,0.49,,,,,,,,,,2025-07,,2025-09,2025-10,,,
2025-06-25 00:00:00+00:00,no change,,0.805,,0.455,0.435,,,,,,,,,,2025-07,,2025-09,2025-10,,,
2025-06-26 00:00:00+00:00,no change,,0.745,,0.315,0.425,,,,,,,,,,2025-07,,2025-09,2025-10,,,
2025-06-27 00:00:00+00:00,no change,,0.765,,0.375,0.405,,,,,,,,,,2025-07,,2025-09,2025-10,,,
2025-06-28 00:00:00+00:00,no change,,0.815,,0.345,0.325,,,,,,,,,,2025-07,,2025-09,2025-10,,,
2025-06-29 00:00:00+00:00,no change,,0.825,,0.335,0.305,,,,,,,,,,2025-07,,2025-09,2025-10,,,
2025-06-30 00:00:00+00:00,no change,,0.815,,0.34,0.32,,,,,,,,,,2025-07,,2025-09,2025-10,,,
2025-07-01 00:00:00+00:00,no change,0.805,,0.34,0.305,,,,,,,,,,2025-07,,2025-09,2025-10,,,,1.0
2025-07-02 00:00:00+00:00,no change,0.825,,0.325,0.305,,,,,,,,,,2025-07,,2025-09,2025-10,,,,1.0
2025-07-03 00:00:00+00:00,no change,0.775,,0.31,0.365,,,,,,,,,,2025-07,,2025-09,2025-10,,,,1.0
2025-07-04 00:00:00+00:00,no change,0.935,,0.475,0.385,,,,,,,,,,2025-07,,2025-09,2025-10,,,,1.0
2025-07-05 00:00:00+00:00,no change,0.925,,0.43,0.39,,,,,,,,,,2025-07,,2025-09,2025-10,,,,1.0
2025-07-06 00:00:00+00:00,no change,0.935,,0.43,0.415,,,,,,,,,,2025-07,,2025-09,2025-10,,,,1.0
2025-07-07 00:00:00+00:00,no change,0.935,,0.43,0.41,,,,,,,,,,2025-07,,2025-09,2025-10,,,,1.0
2025-07-08 00:00:00+00:00,no change,0.935,,0.435,0.405,,,,,,,,,,2025-07,,2025-09,2025-10,,,,1.0
2025-07-09 00:00:00+00:00,no change,0.935,,0.435,0.39,,,,,,,,,,2025-07,,2025-09,2025-10,,,,1.0
2025-07-10 00:00:00+00:00,no change,0.945,,0.465,0.385,,,,,,,,,,2025-07,,2025-09,2025-10,,,,1.0
2025-07-11 00:00:00+00:00,no change,0.945,,0.45,0.37,,,,,,,,,,2025-07,,2025-09,2025-10,,,,1.0
2025-07-12 00:00:00+00:00,no change,0.935,,0.465,0.37,,,,,,,,,,2025-07,,2025-09,2025-10,,,,1.0
2025-07-13 00:00:00+00:00,no change,0.935,,0.46,0.375,,,,,,,,,,2025-07,,2025-09,2025-10,,,,1.0
2025-07-14 00:00:00+00:00,no change,0.935,,0.435,0.375,,,,,,,,,,2025-07,,2025-09,2025-10,,,,1.0
2025-07-15 00:00:00+00:00,no change,0.935,,0.475,0.37,,,,,,,,,,2025-07,,2025-09,2025-10,,,,1.0
2025-07-16 00:00:00+00:00,no change,0.961,,0.545,0.37,,,,,,,,,,2025-07,,2025-09,2025-10,,,,1.0
2025-07-17 00:00:00+00:00,no change,0.961,,0.54,0.375,,,,,,,,,,2025-07,,2025-09,2025-10,,,,1.0
2025-07-18 00:00:00+00:00,no change,0.9495,,0.515,0.395,,,,,,,,,,2025-07,,2025-09,2025-10,,,,1.0
2025-07-19 00:00:00+00:00,no change,0.9555,,0.485,0.405,,,,,,,,,,2025-07,,2025-09,2025-10,,,,1.0
2025-07-20 00:00:00+00:00,no change,0.9565,,0.495,0.44,,,,,,,,,,2025-07,,2025-09,2025-10,,,,1.0
2025-07-21 00:00:00+00:00,no change,0.956,,0.51,0.435,,,,,,,,,,2025-07,,2025-09,2025-10,,,,1.0
2025-07-22 00:00:00+00:00,no change,0.9535,,0.485,0.435,,,,,,,,,,2025-07,,2025-09,2025-10,,,,1.0
2025-07-23 00:00:00+00:00,no change,0.9555,,0.435,0.435,,,,,,,,,,2025-07,,2025-09,2025-10,,,,1.0
2025-07-24 00:00:00+00:00,no change,0.962,,0.42,0.455,,,,,,,,,,2025-07,,2025-09,2025-10,,,,1.0
2025-07-25 00:00:00+00:00,no change,0.9635,,0.435,0.45,,,,,,,,,,2025-07,,2025-09,2025-10,,,,1.0
2025-07-26 00:00:00+00:00,no change,0.9595,,0.425,0.46,,,,,,,,,,2025-07,,2025-09,2025-10,,,,1.0
2025-07-27 00:00:00+00:00,no change,0.9515,,0.43,0.455,,,,,,,,,,2025-07,,2025-09,2025-10,,,,1.0
2025-07-28 00:00:00+00:00,no change,0.9505,,0.355,0.455,,,,,,,,,,2025-07,,2025-09,2025-10,,,,1.0
2025-07-29 00:00:00+00:00,no change,0.9635,,0.405,0.455,,,,,,,,,,2025-07,,2025-09,2025-10,,,,1.0
2025-07-30 00:00:00+00:00,no change,0.9815,,0.375,0.455,,,,,,,,,,2025-07,,2025-09,2025-10,,,,1.0
2025-07-31 00:00:00+00:00,no change,,,0.555,0.49,,,,,,,,,,,,2025-09,2025-10,,,,
2025-08-01 00:00:00+00:00,no change,,0.625,0.52,,0.385,,,,,,,,,,2025-09,2025-10,,2025-12,,,
2025-08-02 00:00:00+00:00,no change,,0.195,0.355,,0.34,,,,,,,,,,2025-09,2025-10,,2025-12,,,
2025-08-03 00:00:00+00:00,no change,,0.205,0.355,,0.325,,,,,,,,,,2025-09,2025-10,,2025-12,,,
2025-08-04 00:00:00+00:00,no change,,0.205,0.34,,0.335,,,,,,,,,,2025-09,2025-10,,2025-12,,,
2025-08-05 00:00:00+00:00,no change,,0.165,0.35,,0.32,,,,,,,,,,2025-09,2025-10,,2025-12,,,
2025-08-06 00:00:00+00:00,no change,,0.185,0.345,,0.335,,,,,,,,,,2025-09,2025-10,,2025-12,,,
2025-08-07 00:00:00+00:00,no change,,0.145,0.345,,0.32,,,,,,,,,,2025-09,2025-10,,2025-12,,,
2025-08-08 00:00:00+00:00,no change,,0.175,0.35,,0.32,,,,,,,,,,2025-09,2025-10,,2025-12,,,
2025-08-09 00:00:00+00:00,no change,,0.175,0.335,,0.315,,,,,,,,,,2025-09,2025-10,,2025-12,,,
2025-08-10 00:00:00+00:00,no change,,0.175,0.34,,0.315,,,,,,,,,,2025-09,2025-10,,2025-12,,,
2025-08-11 00:00:00+00:00,no change,,0.175,0.355,,0.315,,,,,,,,,,2025-09,2025-10,,2025-12,,,
2025-08-12 00:00:00+00:00,no change,,0.21,0.36,,0.315,,,,,,,,,,2025-09,2025-10,,2025-12,,,
2025-08-13 00:00:00+00:00,no change,,0.125,0.365,,0.305,,,,,,,,,,2025-09,2025-10,,2025-12,,,
2025-08-14 00:00:00+00:00,no change,,0.125,0.34,,0.3,,,,,,,,,,2025-09,2025-10,,2025-12,,,
2025-08-15 00:00:00+00:00,no change,,0.235,0.365,,0.305,,,,,,,,,,2025-09,2025-10,,2025-12,,,
2025-08-16 00:00:00+00:00,no change,,0.295,0.37,,0.31,,,,,,,,,,2025-09,2025-10,,2025-12,,,
2025-08-17 00:00:00+00:00,no change,,0.265,0.365,,0.31,,,,,,,,,,2025-09,2025-10,,2025-12,,,
2025-08-18 00:00:00+00:00,no change,,0.245,0.365,,0.31,,,,,,,,,,2025-09,2025-10,,2025-12,,,
2025-08-19 00:00:00+00:00,no change,,0.265,0.365,,0.315,,,,,,,,,,2025-09,2025-10,,2025-12,,,
2025-08-20 00:00:00+00:00,no change,,0.285,0.365,,0.315,,,,,,,,,,2025-09,2025-10,,2025-12,,,
2025-08-21 00:00:00+00:00,no change,,0.295,0.37,,0.325,,,,,,,,,,2025-09,2025-10,,2025-12,,,
2025-08-22 00:00:00+00:00,no change,,0.365,0.39,,0.32,,,,,,,,,,2025-09,2025-10,,2025-12,,,
2025-08-23 00:00:00+00:00,no change,,0.185,0.445,,0.23,,,,,,,,,,2025-09,2025-10,,2025-12,,,
2025-08-24 00:00:00+00:00,no change,,0.185,0.425,,0.29,,,,,,,,,,2025-09,2025-10,,2025-12,,,
2025-08-25 00:00:00+00:00,no change,,0.145,0.45,,0.31,,,,,,,,,,2025-09,2025-10,,2025-12,,,
2025-08-26 00:00:00+00:00,no change,,0.205,0.45,,0.33,,,,,,,,,,2025-09,2025-10,,2025-12,,,
2025-08-27 00:00:00+00:00,no change,,0.175,0.45,,0.32,,,,,,,,,,2025-09,2025-10,,2025-12,,,
2025-08-28 00:00:00+00:00,no change,,0.165,0.45,,0.32,,,,,,,,,,2025-09,2025-10,,2025-12,,,
2025-08-29 00:00:00+00:00,no change,,0.175,0.45,,0.315,,,,,,,,,,2025-09,2025-10,,2025-12,,,
2025-08-30 00:00:00+00:00,no change,,0.145,0.45,,0.315,,,,,,,,,,2025-09,2025-10,,2025-12,,,
2025-08-31 00:00:00+00:00,no change,,0.145,0.435,,0.32,,,,,,,,,,2025-09,2025-10,,2025-12,,,
2025-09-01 00:00:00+00:00,no change,0.145,0.445,,0.315,,,,,,,,,,2025-09,2025-10,,2025-12,,,,0.0
2025-09-02 00:00:00+00:00,no change,0.135,0.455,,0.32,,,,,,,,,,2025-09,2025-10,,2025-12,,,,0.0
2025-09-03 00:00:00+00:00,no change,0.125,0.44,,0.325,,,,,,,,,,2025-09,2025-10,,2025-12,,,,0.0
2025-09-04 00:00:00+00:00,no change,0.085,0.435,,0.325,,,,,,,,,,2025-09,2025-10,,2025-12,,,,0.0
2025-09-05 00:00:00+00:00,no change,0.065,0.455,,0.345,,,,,,,,,,2025-09,2025-10,,2025-12,,,,0.0
2025-09-06 00:00:00+00:00,no change,0.019,0.36,,0.3,,,,,,,,,,2025-09,2025-10,,2025-12,,,,0.0
2025-09-07 00:00:00+00:00,no change,0.029,0.425,,0.32,,,,,,,,,,2025-09,2025-10,,2025-12,,,,0.0
2025-09-08 00:00:00+00:00,no change,0.037,0.4,,0.305,,,,,,,,,,2025-09,2025-10,,2025-12,,,,0.0
2025-09-09 00:00:00+00:00,no change,0.0315,0.42,,0.315,,,,,,,,,,2025-09,2025-10,,2025-12,,,,0.0
2025-09-10 00:00:00+00:00,no change,0.0395,0.375,,0.32,,,,,,,,,,2025-09,2025-10,,2025-12,,,,0.0
2025-09-11 00:00:00+00:00,no change,0.0265,0.285,,0.32,,,,,,,,,,2025-09,2025-10,,2025-12,,,,0.0
2025-09-12 00:00:00+00:00,no change,0.0245,0.265,,0.32,,,,,,,,,,2025-09,2025-10,,2025-12,,,,0.0
2025-09-13 00:00:00+00:00,no change,0.023,0.26,,0.32,,,,,,,,,,2025-09,2025-10,,2025-12,,,,0.0
2025-09-14 00:00:00+00:00,no change,0.021,0.26,,0.32,,,,,,,,,,2025-09,2025-10,,2025-12,,,,0.0
2025-09-15 00:00:00+00:00,no change,0.0275,0.225,,0.305,,,,,,,,,,2025-09,2025-10,,2025-12,,,,0.0
2025-09-16 00:00:00+00:00,no change,0.024,0.22,,0.31,,,,,,,,,,2025-09,2025-10,,2025-12,,,,0.0
2025-09-17 00:00:00+00:00,no change,0.0155,0.195,,0.29,,,,,,,,,,2025-09,2025-10,,2025-12,,,,0.0
2025-09-18 00:00:00+00:00,no change,,0.145,,0.255,0.495,,,,,,,,,,2025-10,,2025-12,2026-01,,,
2025-09-19 00:00:00+00:00,no change,,0.115,,0.215,0.475,,,,,,,,,,2025-10,,2025-12,2026-01,,,
2025-09-20 00:00:00+00:00,no change,,0.105,,0.195,0.505,,,,,,,,,,2025-10,,2025-12,2026-01,,,
2025-09-21 00:00:00+00:00,no change,,0.105,,0.195,0.48,,,,,,,,,,2025-10,,2025-12,2026-01,,,
2025-09-22 00:00:00+00:00,no change,,0.105,,0.2,0.49,,,,,,,,,,2025-10,,2025-12,2026-01,,,
2025-09-23 00:00:00+00:00,no change,,0.125,,0.205,0.495,,,,,,,,,,2025-10,,2025-12,2026-01,,,
2025-09-24 00:00:00+00:00,no change,,0.125,,0.21,0.49,,,,,,,,,,2025-10,,2025-12,2026-01,,,
2025-09-25 00:00:00+00:00,no change,,0.135,,0.215,0.515,,,,,,,,,,2025-10,,2025-12,2026-01,,,
2025-09-26 00:00:00+00:00,no change,,0.165,,0.26,0.545,,,,,,,,,,2025-10,,2025-12,2026-01,,,
2025-09-27 00:00:00+00:00,no change,,0.155,,0.285,0.565,,,,,,,,,,2025-10,,2025-12,2026-01,,,
2025-09-28 00:00:00+00:00,no change,,0.155,,0.275,0.57,,,,,,,,,,2025-10,,2025-12,2026-01,,,
2025-09-29 00:00:00+00:00,no change,,0.155,,0.275,0.57,,,,,,,,,,2025-10,,2025-12,2026-01,,,
2025-09-30 00:00:00+00:00,no change,,0.155,,0.275,0.57,,,,,,,,,,2025-10,,2025-12,2026-01,,,
2025-10-01 00:00:00+00:00,no change,0.105,,0.25,0.565,,,,,,,,,,2025-10,,2025-12,2026-01,,,,0.0
2025-10-02 00:00:00+00:00,no change,0.055,,0.235,0.565,,,,,,,,,,2025-10,,2025-12,2026-01,,,,0.0
2025-10-03 00:00:00+00:00,no change,0.065,,0.205,0.565,,,,,,,,,,2025-10,,2025-12,2026-01,,,,0.0
2025-10-04 00:00:00+00:00,no change,0.065,,0.21,0.565,,,,,,,,,,2025-10,,2025-12,2026-01,,,,0.0
2025-10-05 00:00:00+00:00,no change,0.065,,0.21,0.595,,,,,,,,,,2025-10,,2025-12,2026-01,,,,0.0
2025-10-06 00:00:00+00:00,no change,0.075,,0.21,0.595,,,,,,,,,,2025-10,,2025-12,2026-01,,,,0.0
2025-10-07 00:00:00+00:00,no change,0.075,,0.205,0.595,,,,,,,,,,2025-10,,2025-12,2026-01,,,,0.0
2025-10-08 00:00:00+00:00,no change,0.085,,0.22,0.585,,,,,,,,,,2025-10,,2025-12,2026-01,,,,0.0
2025-10-09 00:00:00+00:00,no change,0.085,,0.22,0.595,,,,,,,,,,2025-10,,2025-12,2026-01,,,,0.0
2025-10-10 00:00:00+00:00,no change,0.075,,0.22,0.58,,,,,,,,,,2025-10,,2025-12,2026-01,,,,0.0
2025-10-11 00:00:00+00:00,no change,0.065,,0.21,0.615,,,,,,,,,,2025-10,,2025-12,2026-01,,,,0.0
2025-10-12 00:00:00+00:00,no change,0.055,,0.205,0.6,,,,,,,,,,2025-10,,2025-12,2026-01,,,,0.0
2025-10-13 00:00:00+00:00,no change,0.055,,0.205,0.6,,,,,,,,,,2025-10,,2025-12,2026-01,,,,0.0
2025-10-14 00:00:00+00:00,no change,0.055,,0.195,0.605,,,,,,,,,,2025-10,,2025-12,2026-01,,,,0.0
2025-10-15 00:00:00+00:00,no change,0.045,,0.17,0.565,,,,,,,,,,2025-10,,2025-12,2026-01,,,,0.0
2025-10-16 00:00:00+00:00,no change,0.0315,,0.135,0.575,,,,,,,,,,2025-10,,2025-12,2026-01,,,,0.0
2025-10-17 00:00:00+00:00,no change,0.0275,,0.105,0.525,,,,,,,,,,2025-10,,2025-12,2026-01,,,,0.0
2025-10-18 00:00:00+00:00,no change,0.0245,,0.09,0.48,,,,,,,,,,2025-10,,2025-12,2026-01,,,,0.0
2025-10-19 00:00:00+00:00,no change,0.0265,,0.085,0.485,,,,,,,,,,2025-10,,2025-12,2026-01,,,,0.0
2025-10-20 00:00:00+00:00,no change,0.026,,0.085,0.475,,,,,,,,,,2025-10,,2025-12,2026-01,,,,0.0
2025-10-21 00:00:00+00:00,no change,0.0235,,0.1,0.445,,,,,,,,,,2025-10,,2025-12,2026-01,,,,0.0
2025-10-22 00:00:00+00:00,no change,0.0225,,0.09,0.475,,,,,,,,,,2025-10,,2025-12,2026-01,,,,0.0
2025-10-23 00:00:00+00:00,no change,0.0235,,0.095,0.465,,,,,,,,,,2025-10,,2025-12,2026-01,,,,0.0
2025-10-24 00:00:00+00:00,no change,0.0225,,0.12,0.47,,,,,,,,,,2025-10,,2025-12,2026-01,,,,0.0
2025-10-25 00:00:00+00:00,no change,0.0145,,0.105,0.47,,,,,,,,,,2025-10,,2025-12,2026-01,,,,0.0
2025-10-26 00:00:00+00:00,no change,0.01,,0.095,0.53,,,,,,,,,,2025-10,,2025-12,2026-01,,,,0.0
2025-10-27 00:00:00+00:00,no change,0.0085,,0.085,0.51,,,,,,,,,,2025-10,,2025-12,2026-01,,,,0.0
2025-10-28 00:00:00+00:00,no change,0.0115,,0.06,0.485,,,,,,,,,,2025-10,,2025-12,2026-01,,,,0.0
2025-10-29 00:00:00+00:00,no change,0.0115,,0.115,0.48,,,,,,,,,,2025-10,,2025-12,2026-01,,,,0.0
2025-10-30 00:00:00+00:00,no change,,,0.295,0.575,,0.575,,,,,,,,,,2025-12,2026-01,,2026-03,,
2025-10-31 00:00:00+00:00,no change,,,0.255,0.555,,0.54,,,,,,,,,,2025-12,2026-01,,2026-03,,
2025-11-01 00:00:00+00:00,no change,,0.325,0.685,,0.505,,,,,,,,,,2025-12,2026-01,,2026-03,,,
2025-11-02 00:00:00+00:00,no change,,0.305,0.64,,0.53,,,,,,,,,,2025-12,2026-01,,2026-03,,,
2025-11-03 00:00:00+00:00,no change,,0.295,0.645,,0.52,,,,,,,,,,2025-12,2026-01,,2026-03,,,
2025-11-04 00:00:00+00:00,no change,,0.305,0.625,,0.535,,,,,,,,,,2025-12,2026-01,,2026-03,,,
2025-11-05 00:00:00+00:00,no change,,0.275,0.615,,0.55,,,,,,,,,,2025-12,2026-01,,2026-03,,,
2025-11-06 00:00:00+00:00,no change,,0.325,0.64,,0.575,,,,,,,,,,2025-12,2026-01,,2026-03,,,
2025-11-07 00:00:00+00:00,no change,,0.235,0.6,,0.575,,,,,,,,,,2025-12,2026-01,,2026-03,,,
2025-11-08 00:00:00+00:00,no change,,0.265,0.56,,0.57,,,,,,,,,,2025-12,2026-01,,2026-03,,,
2025-11-09 00:00:00+00:00,no change,,0.265,0.565,,0.54,,,,,,,,,,2025-12,2026-01,,2026-03,,,
2025-11-10 00:00:00+00:00,no change,,0.245,0.59,,0.545,,,,,,,,,,2025-12,2026-01,,2026-03,,,
2025-11-11 00:00:00+00:00,no change,,0.285,0.605,,0.57,,,,,,,,,,2025-12,2026-01,,2026-03,,,
2025-11-12 00:00:00+00:00,no change,,0.255,0.59,,0.57,,,,,,,,,,2025-12,2026-01,,2026-03,,,
2025-11-13 00:00:00+00:00,no change,,0.33,0.555,,0.575,,,,,,,,,,2025-12,2026-01,,2026-03,,,
2025-11-14 00:00:00+00:00,no change,,0.445,0.525,,0.56,0.63,,,,,,,,,2025-12,2026-01,,2026-03,2026-04,,
2025-11-15 00:00:00+00:00,no change,,0.51,0.535,,0.545,0.62,,,,,,,,,2025-12,2026-01,,2026-03,2026-04,,
2025-11-16 00:00:00+00:00,no change,,0.505,0.58,,0.545,0.62,,,,,,,,,2025-12,2026-01,,2026-03,2026-04,,
2025-11-17 00:00:00+00:00,no change,,0.515,0.575,,0.545,0.6,,,,,,,,,2025-12,2026-01,,2026-03,2026-04,,
2025-11-18 00:00:00+00:00,no change,,0.535,0.525,,0.545,0.595,,,,,,,,,2025-12,2026-01,,2026-03,2026-04,,
2025-11-19 00:00:00+00:00,no change,,0.46,0.51,,0.52,0.595,,,,,,,,,2025-12,2026-01,,2026-03,2026-04,,
2025-11-20 00:00:00+00:00,no change,,0.665,0.425,,0.51,0.61,,,,,,,,,2025-12,2026-01,,2026-03,2026-04,,
2025-11-21 00:00:00+00:00,no change,,0.645,0.44,,0.52,0.61,,,,,,,,,2025-12,2026-01,,2026-03,2026-04,,
2025-11-22 00:00:00+00:00,no change,,0.325,0.505,,0.52,0.61,,,,,,,,,2025-12,2026-01,,2026-03,2026-04,,
2025-11-23 00:00:00+00:00,no change,,0.315,0.49,,0.49,0.605,,,,,,,,,2025-12,2026-01,,2026-03,2026-04,,
2025-11-24 00:00:00+00:00,no change,,0.285,0.5,,0.535,0.6,,,,,,,,,2025-12,2026-01,,2026-03,2026-04,,
2025-11-25 00:00:00+00:00,no change,,0.175,0.585,,0.555,0.6,,,,,,,,,2025-12,2026-01,,2026-03,2026-04,,
2025-11-26 00:00:00+00:00,no change,,0.145,0.585,,0.545,0.6,,,,,,,,,2025-12,2026-01,,2026-03,2026-04,,
2025-11-27 00:00:00+00:00,no change,,0.145,0.62,,0.55,0.59,,,,,,,,,2025-12,2026-01,,2026-03,2026-04,,
2025-11-28 00:00:00+00:00,no change,,0.135,0.645,,0.55,0.59,,,,,,,,,2025-12,2026-01,,2026-03,2026-04,,
2025-11-29 00:00:00+00:00,no change,,0.115,0.685,,0.555,0.58,,,,,,,,,2025-12,2026-01,,2026-03,2026-04,,
2025-11-30 00:00:00+00:00,no change,,0.115,0.68,,0.525,0.48,,,,,,,,,2025-12,2026-01,,2026-03,2026-04,,
2025-12-01 00:00:00+00:00,no change,0.105,0.685,,0.525,0.495,,,,,,,,,2025-12,2026-01,,2026-03,2026-04,,,0.0
2025-12-02 00:00:00+00:00,no change,0.105,0.675,,0.51,0.465,,,,,,,,,2025-12,2026-01,,2026-03,2026-04,,,0.0
2025-12-03 00:00:00+00:00,no change,0.075,0.67,,0.54,0.515,,,,,,,,,2025-12,2026-01,,2026-03,2026-04,,,0.0
2025-12-04 00:00:00+00:00,no change,0.055,0.655,,0.535,0.475,,,,,,,,,2025-12,2026-01,,2026-03,2026-04,,,0.0
2025-12-05 00:00:00+00:00,no change,0.075,0.69,,0.545,0.475,,,,,,,,,2025-12,2026-01,,2026-03,2026-04,,,0.0
2025-12-06 00:00:00+00:00,no change,0.065,0.685,,0.535,0.48,,,,,,,,,2025-12,2026-01,,2026-03,2026-04,,,0.0
2025-12-07 00:00:00+00:00,no change,0.075,0.645,,0.515,0.51,,,,,,,,,2025-12,2026-01,,2026-03,2026-04,,,0.0
2025-12-08 00:00:00+00:00,no change,0.065,0.665,,0.545,0.49,,,,,,,,,2025-12,2026-01,,2026-03,2026-04,,,0.0
2025-12-09 00:00:00+00:00,no change,0.055,0.695,,0.525,0.455,,,,,,,,,2025-12,2026-01,,2026-03,2026-04,,,0.0
2025-12-10 00:00:00+00:00,no change,0.028,0.71,,0.55,0.565,,,,,,,,,2025-12,2026-01,,2026-03,2026-04,,,0.0
2025-12-11 00:00:00+00:00,no change,,0.785,,0.605,0.625,,0.575,,,,,,,,2026-01,,2026-03,2026-04,,2026-06,
2025-12-12 00:00:00+00:00,no change,,0.805,,0.625,0.59,,0.36,,,,,,,,2026-01,,2026-03,2026-04,,2026-06,
2025-12-13 00:00:00+00:00,no change,,0.765,,0.59,0.64,,0.43,,,,,,,,2026-01,,2026-03,2026-04,,2026-06,
2025-12-14 00:00:00+00:00,no change,,0.775,,0.62,0.61,,0.43,,,,,,,,2026-01,,2026-03,2026-04,,2026-06,
2025-12-15 00:00:00+00:00,no change,,0.775,,0.615,0.595,,0.43,,,,,,,,2026-01,,2026-03,2026-04,,2026-06,
2025-12-16 00:00:00+00:00,no change,,0.775,,0.605,0.6,,0.435,,,,,,,,2026-01,,2026-03,2026-04,,2026-06,
2025-12-17 00:00:00+00:00,no change,,0.765,,0.535,0.6,,0.425,,,,,,,,2026-01,,2026-03,2026-04,,2026-06,
2025-12-18 00:00:00+00:00,no change,,0.765,,0.56,0.6,,0.44,,,,,,,,2026-01,,2026-03,2026-04,,2026-06,
2025-12-19 00:00:00+00:00,no change,,0.725,,0.455,0.63,,0.435,,,,,,,,2026-01,,2026-03,2026-04,,2026-06,
2025-12-20 00:00:00+00:00,no change,,0.765,,0.51,0.615,,0.43,,,,,,,,2026-01,,2026-03,2026-04,,2026-06,
2025-12-21 00:00:00+00:00,no change,,0.785,,0.525,0.605,,0.43,,,,,,,,2026-01,,2026-03,2026-04,,2026-06,
2025-12-22 00:00:00+00:00,no change,,0.795,,0.54,0.61,,0.435,,,,,,,,2026-01,,2026-03,2026-04,,2026-06,
2025-12-23 00:00:00+00:00,no change,,0.795,,0.53,0.625,,0.43,,,,,,,,2026-01,,2026-03,2026-04,,2026-06,
2025-12-24 00:00:00+00:00,no change,,0.855,,0.535,0.625,,0.435,,,,,,,,2026-01,,2026-03,2026-04,,2026-06,
2025-12-25 00:00:00+00:00,no change,,0.875,,0.565,0.655,,0.435,,,,,,,,2026-01,,2026-03,2026-04,,2026-06,
2025-12-26 00:00:00+00:00,no change,,0.865,,0.605,0.655,,0.435,,,,,,,,2026-01,,2026-03,2026-04,,2026-06,
2025-12-27 00:00:00+00:00,no change,,0.845,,0.605,0.65,,0.41,,,,,,,,2026-01,,2026-03,2026-04,,2026-06,
2025-12-28 00:00:00+00:00,no change,,0.855,,0.61,0.64,,0.44,,,,,,,,2026-01,,2026-03,2026-04,,2026-06,
2025-12-29 00:00:00+00:00,no change,,0.865,,0.635,0.615,,0.44,,,,,,,,2026-01,,2026-03,2026-04,,2026-06,
2025-12-30 00:00:00+00:00,no change,,0.865,,0.635,0.61,,0.445,,,,,,,,2026-01,,2026-03,2026-04,,2026-06,
2025-12-31 00:00:00+00:00,no change,,0.865,,0.64,0.635,,0.46,,,,,,,,2026-01,,2026-03,2026-04,,2026-06,
2026-01-01 00:00:00+00:00,no change,0.875,,0.65,0.645,,0.43,,,,,,,,2026-01,,2026-03,2026-04,,2026-06,,1.0
2026-01-02 00:00:00+00:00,no change,0.885,,0.645,0.56,,0.445,,,,,,,,2026-01,,2026-03,2026-04,,2026-06,,1.0
2026-01-03 00:00:00+00:00,no change,0.885,,0.645,0.625,,0.475,,,,,,,,2026-01,,2026-03,2026-04,,2026-06,,1.0
2026-01-04 00:00:00+00:00,no change,0.895,,0.635,0.635,,0.475,,,,,,,,2026-01,,2026-03,2026-04,,2026-06,,1.0
2026-01-05 00:00:00+00:00,no change,0.895,,0.605,0.635,,0.475,,,,,,,,2026-01,,2026-03,2026-04,,2026-06,,1.0
2026-01-06 00:00:00+00:00,no change,0.895,,0.585,0.625,,0.475,,,,,,,,2026-01,,2026-03,2026-04,,2026-06,,1.0
2026-01-07 00:00:00+00:00,no change,0.895,,0.59,0.595,,0.475,,,,,,,,2026-01,,2026-03,2026-04,,2026-06,,1.0
2026-01-08 00:00:00+00:00,no change,0.915,,0.605,0.61,,0.475,,,,,,,,2026-01,,2026-03,2026-04,,2026-06,,1.0
2026-01-09 00:00:00+00:00,no change,0.925,,0.615,0.645,,0.48,,,,,,,,2026-01,,2026-03,2026-04,,2026-06,,1.0
2026-01-10 00:00:00+00:00,no change,0.9705,,0.675,0.67,,0.475,,,,,,,,2026-01,,2026-03,2026-04,,2026-06,,1.0
2026-01-11 00:00:00+00:00,no change,0.957,,0.69,0.675,,0.475,,,,,,,,2026-01,,2026-03,2026-04,,2026-06,,1.0
2026-01-12 00:00:00+00:00,no change,0.9575,,0.68,0.675,,0.475,,,,,,,,2026-01,,2026-03,2026-04,,2026-06,,1.0
2026-01-13 00:00:00+00:00,no change,0.9315,,0.68,0.7,,0.475,,,,,,,,2026-01,,2026-03,2026-04,,2026-06,,1.0
2026-01-14 00:00:00+00:00,no change,0.9545,,0.675,0.69,,0.47,,,,,,,,2026-01,,2026-03,2026-04,,2026-06,,1.0
2026-01-15 00:00:00+00:00,no change,0.9415,,0.71,0.705,,0.47,,,,,,,,2026-01,,2026-03,2026-04,,2026-06,,1.0
2026-01-16 00:00:00+00:00,no change,0.9475,,0.765,0.715,,0.475,,,,,,,,2026-01,,2026-03,2026-04,,2026-06,,1.0
2026-01-17 00:00:00+00:00,no change,0.9525,,0.8,0.715,,0.475,,,,,,,,2026-01,,2026-03,2026-04,,2026-06,,1.0
2026-01-18 00:00:00+00:00,no change,0.9555,,0.805,0.705,,0.465,,,,,,,,2026-01,,2026-03,2026-04,,2026-06,,1.0
2026-01-19 00:00:00+00:00,no change,0.9565,,0.805,0.71,,0.475,,,,,,,,2026-01,,2026-03,2026-04,,2026-06,,1.0
2026-01-20 00:00:00+00:00,no change,0.9645,,0.795,0.715,,0.44,,,,,,,,2026-01,,2026-03,2026-04,,2026-06,,1.0
2026-01-21 00:00:00+00:00,no change,0.9715,,0.775,0.725,,0.445,,,,,,,,2026-01,,2026-03,2026-04,,2026-06,,1.0
2026-01-22 00:00:00+00:00,no change,0.9795,,0.765,0.725,,0.47,,,,,,,,2026-01,,2026-03,2026-04,,2026-06,,1.0
2026-01-23 00:00:00+00:00,no change,0.9805,,0.815,0.72,,0.435,,,,,,,,2026-01,,2026-03,2026-04,,2026-06,,1.0
2026-01-24 00:00:00+00:00,no change,0.9865,,0.775,0.735,,0.42,,,,,,,,2026-01,,2026-03,2026-04,,2026-06,,1.0
2026-01-25 00:00:00+00:00,no change,0.9905,,0.805,0.68,,0.42,,,,,,,,2026-01,,2026-03,2026-04,,2026-06,,1.0
2026-01-26 00:00:00+00:00,no change,0.9905,,0.825,0.71,,0.425,,,,,,,,2026-01,,2026-03,2026-04,,2026-06,,1.0
2026-01-27 00:00:00+00:00,no change,0.988,,0.835,0.715,,0.425,,,,,,,,2026-01,,2026-03,2026-04,,2026-06,,1.0
2026-01-28 00:00:00+00:00,no change,0.9925,,0.825,0.72,,0.425,,,,,,,,2026-01,,2026-03,2026-04,,2026-06,,1.0
2026-01-29 00:00:00+00:00,no change,,,0.905,0.76,,0.31,,,,,,,,,,2026-03,2026-04,,2026-06,,
2026-01-30 00:00:00+00:00,no change,,,0.905,0.76,,0.335,,,,,,,,,,2026-03,2026-04,,2026-06,,
2026-01-31 00:00:00+00:00,no change,,,0.915,0.755,,0.355,,,,,,,,,,2026-03,2026-04,,2026-06,,
2026-02-01 00:00:00+00:00,no change,,0.885,0.765,,0.32,,,,,,,,,,2026-03,2026-04,,2026-06,,,
2026-02-02 00:00:00+00:00,no change,,0.895,0.755,,0.35,,,,,,,,,,2026-03,2026-04,,2026-06,,,
2026-02-03 00:00:00+00:00,no change,,0.895,0.76,,0.43,,,,,,,,,,2026-03,2026-04,,2026-06,,,
2026-02-04 00:00:00+00:00,no change,,0.905,0.775,,0.435,,,,,,,,,,2026-03,2026-04,,2026-06,,,
2026-02-05 00:00:00+00:00,no change,,0.905,0.77,,0.415,,,,,,,,,,2026-03,2026-04,,2026-06,,,
2026-02-06 00:00:00+00:00,no change,,0.805,0.72,,0.34,,,,,,,,,,2026-03,2026-04,,2026-06,,,
2026-02-07 00:00:00+00:00,no change,,0.865,0.725,,0.305,,,,,,,,,,2026-03,2026-04,,2026-06,,,
2026-02-08 00:00:00+00:00,no change,,0.845,0.735,,0.3,,,,,,,,,,2026-03,2026-04,,2026-06,,,
2026-02-09 00:00:00+00:00,no change,,0.845,0.735,,0.32,,,,,,,,,,2026-03,2026-04,,2026-06,,,
2026-02-10 00:00:00+00:00,no change,,0.835,0.725,,0.315,,,,,,,,,,2026-03,2026-04,,2026-06,,,
2026-02-11 00:00:00+00:00,no change,,0.825,,,0.315,,,,,,,,,,2026-03,,,2026-06,,,
2026-02-12 00:00:00+00:00,no change,,0.915,0.785,,0.385,,,,,,,,,,2026-03,2026-04,,2026-06,,,
2026-02-13 00:00:00+00:00,no change,,0.925,0.78,,0.385,,,,,,,,,,2026-03,2026-04,,2026-06,,,
2026-02-14 00:00:00+00:00,no change,,0.925,0.765,,0.365,,,,,,,,,,2026-03,2026-04,,2026-06,,,
2026-02-15 00:00:00+00:00,no change,,0.925,0.745,,0.38,,,,,,,,,,2026-03,2026-04,,2026-06,,,
2026-02-16 00:00:00+00:00,no change,,0.925,,,0.375,,,,,,,,,,2026-03,,,2026-06,,,
2026-02-17 00:00:00+00:00,no change,,0.925,0.745,,0.365,,,,,,,,,,2026-03,2026-04,,2026-06,,,
2026-02-18 00:00:00+00:00,no change,,0.925,,,0.37,,,,,,,,,,2026-03,,,2026-06,,,
2026-02-19 00:00:00+00:00,no change,,0.925,,,0.39,,,,,,,,,,2026-03,,,2026-06,,,
2026-02-20 00:00:00+00:00,no change,,0.926,0.75,,0.38,,,,,,,,,,2026-03,2026-04,,2026-06,,,
2026-02-21 00:00:00+00:00,no change,,0.9395,0.795,,0.445,,,,,,,,,,2026-03,2026-04,,2026-06,,,
2026-02-22 00:00:00+00:00,no change,,0.955,0.805,,0.465,,,,,,,,,,2026-03,2026-04,,2026-06,,,
2026-02-23 00:00:00+00:00,no change,,0.9575,0.82,,0.47,,,,,,,,,,2026-03,2026-04,,2026-06,,,
2026-02-24 00:00:00+00:00,no change,,0.9575,0.845,,0.44,,,,,,,,,,2026-03,2026-04,,2026-06,,,
2026-02-25 00:00:00+00:00,no change,,0.962,0.845,,0.46,,,,,,,,,,2026-03,2026-04,,2026-06,,,
2026-02-26 00:00:00+00:00,no change,,0.9695,0.865,,0.495,,,,,,,,,,2026-03,2026-04,,2026-06,,,
2026-02-27 00:00:00+00:00,no change,,0.9735,0.885,,0.5,,,,,,,,,,2026-03,2026-04,,2026-06,,,
2026-02-28 00:00:00+00:00,no change,,0.9735,0.87,,0.465,,,,,,,,,,2026-03,2026-04,,2026-06,,,
2026-03-01 00:00:00+00:00,no change,0.9405,,,0.42,,,,,,,,,,2026-03,,,2026-06,,,,1.0
2026-03-02 00:00:00+00:00,no change,0.9635,,,0.455,,,,,,,,,,2026-03,,,2026-06,,,,1.0
2026-03-03 00:00:00+00:00,no change,0.9665,0.845,,0.51,,,,,,,,,,2026-03,2026-04,,2026-06,,,,1.0
2026-03-04 00:00:00+00:00,no change,0.9715,0.855,,0.545,,,,,,,,,,2026-03,2026-04,,2026-06,,,,1.0
2026-03-05 00:00:00+00:00,no change,0.9845,0.885,,0.63,,,,,,,,,,2026-03,2026-04,,2026-06,,,,1.0
2026-03-06 00:00:00+00:00,no change,0.9895,0.875,,0.635,,,,,,,,,,2026-03,2026-04,,2026-06,,,,1.0
2026-03-07 00:00:00+00:00,no change,0.9835,0.865,,0.515,,,,,,,,,,2026-03,2026-04,,2026-06,,,,1.0
2026-03-08 00:00:00+00:00,no change,0.9835,0.875,,0.515,,,,,,,,,,2026-03,2026-04,,2026-06,,,,1.0
2026-03-09 00:00:00+00:00,no change,0.9835,0.82,,0.545,,,,,,,,,,2026-03,2026-04,,2026-06,,,,1.0
2026-03-10 00:00:00+00:00,no change,0.9865,0.855,,0.59,,,,,,,,,,2026-03,2026-04,,2026-06,,,,1.0
2026-03-11 00:00:00+00:00,no change,0.9885,0.875,,0.515,,,,,,,,,,2026-03,2026-04,,2026-06,,,,1.0
2026-03-12 00:00:00+00:00,no change,0.9925,0.885,,0.555,,,,,,,,,,2026-03,2026-04,,2026-06,,,,1.0
2026-03-13 00:00:00+00:00,no change,0.9945,,,,,,,,,,,,,2026-03,,,,,,,1.0
2026-03-14 00:00:00+00:00,no change,0.9945,0.915,,0.605,,,,,,,,,,2026-03,2026-04,,2026-06,,,,1.0
2026-03-15 00:00:00+00:00,no change,0.9965,0.915,,0.625,,,,,,,,,,2026-03,2026-04,,2026-06,,,,1.0
2026-03-16 00:00:00+00:00,no change,0.9955,,,0.625,,,,,,,,,,2026-03,,,2026-06,,,,1.0
2026-03-17 00:00:00+00:00,no change,0.9945,0.935,,0.595,,,,,,,,,,2026-03,2026-04,,2026-06,,,,1.0
2026-03-18 00:00:00+00:00,no change,0.9945,0.945,,0.635,,,,,,,,,,2026-03,2026-04,,2026-06,,,,1.0
2026-03-19 00:00:00+00:00,no change,,0.945,,0.865,,,,,,,,,,,2026-04,,2026-06,,,,
2026-03-20 00:00:00+00:00,no change,,0.955,,0.835,,,,,,,,,,,2026-04,,2026-06,,,,
2026-03-21 00:00:00+00:00,no change,,0.9455,,0.845,0.765,,,,,,,,,,2026-04,,2026-06,2026-07,,,
2026-03-22 00:00:00+00:00,no change,,0.948,,0.845,0.77,,,,,,,,,,2026-04,,2026-06,2026-07,,,
2026-03-23 00:00:00+00:00,no change,,0.9425,,0.835,0.765,,,,,,,,,,2026-04,,2026-06,2026-07,,,
2026-03-24 00:00:00+00:00,no change,,0.9485,,0.855,0.76,,,,,,,,,,2026-04,,2026-06,2026-07,,,
2026-03-25 00:00:00+00:00,no change,,0.9485,,0.865,0.765,,,,,,,,,,2026-04,,2026-06,2026-07,,,
2026-03-26 00:00:00+00:00,no change,,0.9545,,0.855,0.76,,,,,,,,,,2026-04,,2026-06,2026-07,,,
2026-03-27 00:00:00+00:00,no change,,0.9595,,0.845,0.715,,,,,,,,,,2026-04,,2026-06,2026-07,,,
2026-03-28 00:00:00+00:00,no change,,0.966,,0.845,0.735,,,,,,,,,,2026-04,,2026-06,2026-07,,,
2026-03-29 00:00:00+00:00,no change,,,,,0.74,,,,,,,,,,,,,2026-07,,,
2026-04-05 00:00:00+00:00,no change,0.9835,,0.905,,,,,,,,,,,2026-04,,2026-06,,,,,1.0
2026-04-09 00:00:00+00:00,no change,0.9805,,0.885,0.825,,,,,,,,,,2026-04,,2026-06,2026-07,,,,1.0
2026-04-12 00:00:00+00:00,no change,0.9835,,0.905,,,,,,,,,,,2026-04,,2026-06,,,,,1.0
2026-04-18 00:00:00+00:00,no change,,,,0.805,,,,,,,,,,,,,2026-07,,,,
2026-04-22 00:00:00+00:00,no change,0.9935,,0.925,0.815,,,,,,,,,,2026-04,,2026-06,2026-07,,,,1.0
2026-04-23 00:00:00+00:00,no change,0.9935,,0.93,0.815,,,,,,,,,,2026-04,,2026-06,2026-07,,,,1.0
2026-04-24 00:00:00+00:00,no change,0.9945,,0.925,0.825,,,,,,,,,,2026-04,,2026-06,2026-07,,,,1.0
2026-04-25 00:00:00+00:00,no change,0.9945,,0.925,0.84,,,,,,,,,,2026-04,,2026-06,2026-07,,,,1.0
2026-04-26 00:00:00+00:00,no change,0.9965,,0.925,0.83,,,,,,,,,,2026-04,,2026-06,2026-07,,,,1.0
2026-04-27 00:00:00+00:00,no change,0.9985,,0.935,0.835,,,,,,,,,,2026-04,,2026-06,2026-07,,,,1.0
2026-04-28 00:00:00+00:00,no change,0.9985,,0.935,0.845,,,,,,,,,,2026-04,,2026-06,2026-07,,,,1.0
2026-04-29 00:00:00+00:00,no change,0.9975,,0.925,0.855,,,,,,,,,,2026-04,,2026-06,2026-07,,,,1.0
2026-04-30 00:00:00+00:00,no change,,,0.945,0.855,,,,,,,,,,,,2026-06,2026-07,,,,
2026-05-01 00:00:00+00:00,no change,,0.955,0.875,,,,,,,,,,,,2026-06,2026-07,,,,,
2026-05-02 00:00:00+00:00,no change,,0.955,0.885,,,,,,,,,,,,2026-06,2026-07,,,,,
2026-05-03 00:00:00+00:00,no change,,0.955,0.885,,,,,,,,,,,,2026-06,2026-07,,,,,
2026-05-04 00:00:00+00:00,no change,,0.955,0.885,,,,,,,,,,,,2026-06,2026-07,,,,,
2026-05-05 00:00:00+00:00,no change,,0.955,0.885,,,,,,,,,,,,2026-06,2026-07,,,,,
2026-05-06 00:00:00+00:00,no change,,0.955,0.885,,,,,,,,,,,,2026-06,2026-07,,,,,
2026-05-07 00:00:00+00:00,no change,,0.955,0.895,,,,,,,,,,,,2026-06,2026-07,,,,,
2026-05-08 00:00:00+00:00,no change,,0.955,0.905,,,,,,,,,,,,2026-06,2026-07,,,,,
2026-05-09 00:00:00+00:00,no change,,0.9705,0.905,,,,,,,,,,,,2026-06,2026-07,,,,,
2026-05-10 00:00:00+00:00,no change,,0.9745,0.905,,,,,,,,,,,,2026-06,2026-07,,,,,
2026-05-11 00:00:00+00:00,no change,,0.9695,0.905,,,,,,,,,,,,2026-06,2026-07,,,,,
2026-05-12 00:00:00+00:00,no change,,0.9665,0.905,,,,,,,,,,,,2026-06,2026-07,,,,,
2026-05-13 00:00:00+00:00,no change,,0.9755,0.915,,,,,,,,,,,,2026-06,2026-07,,,,,
2026-05-14 00:00:00+00:00,no change,,0.9755,0.915,,0.515,,,,,,,,,,2026-06,2026-07,,2026-09,,,
2026-05-15 00:00:00+00:00,no change,,0.9755,0.925,,0.785,,,,,,,,,,2026-06,2026-07,,2026-09,,,
2026-05-16 00:00:00+00:00,no change,,0.9805,0.925,,0.76,,,,,,,,,,2026-06,2026-07,,2026-09,,,
2026-05-17 00:00:00+00:00,no change,,0.9805,0.935,,0.8,,,,,,,,,,2026-06,2026-07,,2026-09,,,
2026-05-18 00:00:00+00:00,no change,,0.9795,0.935,,0.805,,,,,,,,,,2026-06,2026-07,,2026-09,,,
2026-05-19 00:00:00+00:00,no change,,0.9795,0.935,,0.815,,,,,,,,,,2026-06,2026-07,,2026-09,,,
2026-05-20 00:00:00+00:00,no change,,0.9795,0.935,,0.76,,,,,,,,,,2026-06,2026-07,,2026-09,,,
2026-05-21 00:00:00+00:00,no change,,0.9775,0.925,,0.73,,,,,,,,,,2026-06,2026-07,,2026-09,,,
2026-05-22 00:00:00+00:00,no change,,0.9775,0.925,,0.725,,,,,,,,,,2026-06,2026-07,,2026-09,,,
2026-05-23 00:00:00+00:00,no change,,0.9735,0.925,,0.715,,,,,,,,,,2026-06,2026-07,,2026-09,,,
2026-05-24 00:00:00+00:00,no change,,0.9725,0.925,,0.705,,,,,,,,,,2026-06,2026-07,,2026-09,,,
2026-05-25 00:00:00+00:00,no change,,0.9735,0.925,,0.695,,,,,,,,,,2026-06,2026-07,,2026-09,,,
2026-05-26 00:00:00+00:00,no change,,0.9745,0.925,,0.665,,,,,,,,,,2026-06,2026-07,,2026-09,,,
2026-05-27 00:00:00+00:00,no change,,0.9725,0.925,,0.725,,,,,,,,,,2026-06,2026-07,,2026-09,,,
2026-05-28 00:00:00+00:00,no change,,0.9745,0.925,,0.755,,,,,,,,,,2026-06,2026-07,,2026-09,,,
2026-05-29 00:00:00+00:00,no change,,0.9755,0.925,,0.755,,,,,,,,,,2026-06,2026-07,,2026-09,,,
2026-05-30 00:00:00+00:00,no change,,0.9775,0.925,,0.735,,,,,,,,,,2026-06,2026-07,,2026-09,,,
2026-05-31 00:00:00+00:00,no change,,0.9805,0.915,,0.75,,,,,,,,,,2026-06,2026-07,,2026-09,,,
2026-06-01 00:00:00+00:00,no change,0.9815,0.915,,0.745,,,,,,,,,,2026-06,2026-07,,2026-09,,,,1.0
2026-06-02 00:00:00+00:00,no change,0.9825,0.925,,0.785,,,,,,,,,,2026-06,2026-07,,2026-09,,,,1.0
2026-06-03 00:00:00+00:00,no change,0.9815,0.925,,0.795,,,,,,,,,,2026-06,2026-07,,2026-09,,,,1.0
2026-06-04 00:00:00+00:00,no change,0.9825,0.925,,0.755,,,,,,,,,,2026-06,2026-07,,2026-09,,,,1.0
2026-06-05 00:00:00+00:00,no change,0.9825,0.925,,0.765,,,,,,,,,,2026-06,2026-07,,2026-09,,,,1.0
2026-06-06 00:00:00+00:00,no change,0.9865,0.945,,0.73,,,,,,,,,,2026-06,2026-07,,2026-09,,,,1.0
2026-06-07 00:00:00+00:00,no change,0.991,0.935,,0.755,,,,,,,,,,2026-06,2026-07,,2026-09,,,,1.0
2026-06-08 00:00:00+00:00,no change,0.9915,0.935,,0.785,,,,,,,,,,2026-06,2026-07,,2026-09,,,,1.0
2026-06-09 00:00:00+00:00,no change,0.9905,0.925,,0.74,,,,,,,,,,2026-06,2026-07,,2026-09,,,,1.0
2026-06-10 00:00:00+00:00,no change,0.9905,0.925,,0.735,,,,,,,,,,2026-06,2026-07,,2026-09,,,,1.0
2026-06-11 00:00:00+00:00,no change,0.9935,0.925,,0.745,,,,,,,,,,2026-06,2026-07,,2026-09,,,,1.0
2026-06-12 00:00:00+00:00,no change,0.9925,0.925,,0.735,,,,,,,,,,2026-06,2026-07,,2026-09,,,,1.0
2026-06-13 00:00:00+00:00,no change,0.9925,0.925,,0.735,,,,,,,,,,2026-06,2026-07,,2026-09,,,,1.0
2026-06-14 00:00:00+00:00,no change,0.9955,0.935,,0.735,,,,,,,,,,2026-06,2026-07,,2026-09,,,,1.0
2026-06-15 00:00:00+00:00,no change,0.9955,0.935,,0.735,,,,,,,,,,2026-06,2026-07,,2026-09,,,,1.0
2026-06-16 00:00:00+00:00,no change,0.9945,0.935,,0.735,,,,,,,,,,2026-06,2026-07,,2026-09,,,,1.0
2026-06-17 00:00:00+00:00,no change,0.9955,0.925,,0.695,,,,,,,,,,2026-06,2026-07,,2026-09,,,,1.0
2026-06-18 00:00:00+00:00,no change,,0.79,,0.545,,,,,,,,,,,2026-07,,2026-09,,,,
2026-06-19 00:00:00+00:00,no change,,0.745,,0.475,,,,,,,,,,,2026-07,,2026-09,,,,
2026-06-20 00:00:00+00:00,no change,,0.725,,0.495,,,,,,,,,,,2026-07,,2026-09,,,,
2026-06-21 00:00:00+00:00,no change,,0.785,,0.495,,,,,,,,,,,2026-07,,2026-09,,,,
2026-06-22 00:00:00+00:00,no change,,0.755,,0.515,,,,,,,,,,,2026-07,,2026-09,,,,
2026-06-23 00:00:00+00:00,no change,,0.725,,0.545,,,,,,,,,,,2026-07,,2026-09,,,,
2026-06-24 00:00:00+00:00,no change,,0.735,,0.565,,,,,,,,,,,2026-07,,2026-09,,,,
2026-06-25 00:00:00+00:00,no change,,0.755,,0.565,,,,,,,,,,,2026-07,,2026-09,,,,
2026-06-26 00:00:00+00:00,no change,,0.785,,0.595,,,,,,,,,,,2026-07,,2026-09,,,,
2026-06-27 00:00:00+00:00,no change,,0.805,,0.625,,,,,,,,,,,2026-07,,2026-09,,,,
2026-06-28 00:00:00+00:00,no change,,0.805,,0.625,,,,,,,,,,,2026-07,,2026-09,,,,
2026-06-29 00:00:00+00:00,no change,,0.815,,0.625,,,,,,,,,,,2026-07,,2026-09,,,,
2026-06-30 00:00:00+00:00,no change,,0.805,,0.625,,,,,,,,,,,2026-07,,2026-09,,,,
2026-07-01 00:00:00+00:00,no change,0.795,,0.645,,,,,,,,,,,2026-07,,2026-09,,,,,1.0
2026-07-02 00:00:00+00:00,no change,0.795,,0.625,,,,,,,,,,,2026-07,,2026-09,,,,,1.0
2026-07-03 00:00:00+00:00,no change,0.895,,0.655,,,,,,,,,,,2026-07,,2026-09,,,,,1.0
2026-07-04 00:00:00+00:00,no change,0.895,,0.685,,,,,,,,,,,2026-07,,2026-09,,,,,1.0
2026-07-05 00:00:00+00:00,no change,0.895,,0.685,,,,,,,,,,,2026-07,,2026-09,,,,,1.0
2026-07-06 00:00:00+00:00,no change,0.895,,0.705,,,,,,,,,,,2026-07,,2026-09,,,,,1.0
2026-07-07 00:00:00+00:00,no change,0.845,,0.695,,,,,,,,,,,2026-07,,2026-09,,,,,1.0
2026-07-08 00:00:00+00:00,no change,0.815,,0.655,,,,,,,,,,,2026-07,,2026-09,,,,,1.0
2026-07-09 00:00:00+00:00,no change,0.775,,0.565,,,,,,,,,,,2026-07,,2026-09,,,,,1.0
2026-07-10 00:00:00+00:00,no change,0.845,,0.565,,,,,,,,,,,2026-07,,2026-09,,,,,1.0
2026-07-11 00:00:00+00:00,no change,0.775,,0.565,,,,,,,,,,,2026-07,,2026-09,,,,,1.0
2026-07-12 00:00:00+00:00,no change,0.775,,0.555,,,,,,,,,,,2026-07,,2026-09,,,,,1.0
2026-07-13 00:00:00+00:00,no change,0.775,,0.555,,,,,,,,,,,2026-07,,2026-09,,,,,1.0
2026-07-14 00:00:00+00:00,no change,0.635,,0.44,,,,,,,,,,,2026-07,,2026-09,,,,,1.0
2026-07-15 00:00:00+00:00,no change,0.915,,0.565,,,,,,,,,,,2026-07,,2026-09,,,,,1.0
2026-07-16 00:00:00+00:00,no change,0.953,,0.64,,,,,,,,,,,2026-07,,2026-09,,,,,1.0
2026-07-17 00:00:00+00:00,no change,0.9575,,0.605,,,,,,,,,,,2026-07,,2026-09,,,,,1.0
2026-07-18 00:00:00+00:00,no change,0.9435,,0.605,,,,,,,,,,,2026-07,,2026-09,,,,,1.0
2026-07-19 00:00:00+00:00,no change,0.945,,0.585,,,,,,,,,,,2026-07,,2026-09,,,,,1.0
2026-07-20 00:00:00+00:00,no change,0.9295,,0.585,,,,,,,,,,,2026-07,,2026-09,,,,,1.0
2026-07-21 00:00:00+00:00,no change,0.9265,,0.535,,,,,,,,,,,2026-07,,2026-09,,,,,1.0
2026-07-22 00:00:00+00:00,no change,0.845,,0.445,,,,,,,,,,,2026-07,,2026-09,,,,,1.0
2026-07-23 00:00:00+00:00,no change,0.7695,,0.455,,,,,,,,,,,2026-07,,2026-09,,,,,1.0
2026-07-24 00:00:00+00:00,no change,0.7375,,0.415,,,,,,,,,,,2026-07,,2026-09,,,,,1.0
2026-07-25 00:00:00+00:00,no change,0.7345,,0.405,,,,,,,,,,,2026-07,,2026-09,,,,,1.0
2026-07-26 00:00:00+00:00,no change,0.7865,,0.405,,,,,,,,,,,2026-07,,2026-09,,,,,1.0
2026-07-27 00:00:00+00:00,no change,0.791,,0.445,,,,,,,,,,,2026-07,,2026-09,,,,,1.0
2026-07-28 00:00:00+00:00,no change,0.721,,0.415,,,,,,,,,,,2026-07,,2026-09,,,,,1.0
2026-07-30 00:00:00+00:00,no change,,,0.445,,,,,,,,,,,,,2026-09,,,,,
2026-07-31 00:00:00+00:00,no change,,,0.445,,,,,,,,,,,,,2026-09,,,,,
2026-08-01 00:00:00+00:00,no change,,0.385,,,,,,,,,,,,,2026-09,,,,,,
2026-08-02 00:00:00+00:00,no change,,0.385,,,,,,,,,,,,,2026-09,,,,,,
2026-08-03 00:00:00+00:00,no change,,0.405,,,,,,,,,,,,,2026-09,,,,,,
2026-08-04 00:00:00+00:00,no change,,0.425,,,,,,,,,,,,,2026-09,,,,,,
2026-08-05 00:00:00+00:00,no change,,0.495,,,,,,,,,,,,,2026-09,,,,,,
2026-08-06 00:00:00+00:00,no change,,0.535,,,,,,,,,,,,,2026-09,,,,,,
2026-08-07 00:00:00+00:00,no change,,0.485,,,,,,,,,,,,,2026-09,,,,,,
2026-08-08 00:00:00+00:00,no change,,0.625,,,,,,,,,,,,,2026-09,,,,,,
2026-08-09 00:00:00+00:00,no change,,0.625,,,,,,,,,,,,,2026-09,,,,,,
2026-08-10 00:00:00+00:00,no change,,0.625,,,,,,,,,,,,,2026-09,,,,,,
2026-08-11 00:00:00+00:00,no change,,0.555,,,,,,,,,,,,,2026-09,,,,,,
2026-08-12 00:00:00+00:00,no change,,0.595,,,,,,,,,,,,,2026-09,,,,,,
2026-08-13 00:00:00+00:00,no change,,0.665,,,,,,,,,,,,,2026-09,,,,,,
2026-08-14 00:00:00+00:00,no change,,0.705,,,,,,,,,,,,,2026-09,,,,,,
2026-08-15 00:00:00+00:00,no change,,0.745,,,,,,,,,,,,,2026-09,,,,,,
2026-08-16 00:00:00+00:00,no change,,0.735,,,,,,,,,,,,,2026-09,,,,,,
2026-08-17 00:00:00+00:00,no change,,0.745,,,,,,,,,,,,,2026-09,,,,,,
2026-08-18 00:00:00+00:00,no change,,0.705,,,,,,,,,,,,,2026-09,,,,,,
2026-08-19 00:00:00+00:00,no change,,0.705,,,,,,,,,,,,,2026-09,,,,,,
2026-08-20 00:00:00+00:00,no change,,0.715,,,,,,,,,,,,,2026-09,,,,,,
2026-08-21 00:00:00+00:00,no change,,0.705,,,,,,,,,,,,,2026-09,,,,,,
2026-08-22 00:00:00+00:00,no change,,0.675,,,,,,,,,,,,,2026-09,,,,,,
2026-08-23 00:00:00+00:00,no change,,0.685,,,,,,,,,,,,,2026-09,,,,,,
2026-08-24 00:00:00+00:00,no change,,0.675,,,,,,,,,,,,,2026-09,,,,,,
2026-08-25 00:00:00+00:00,no change,,0.645,,,,,,,,,,,,,2026-09,,,,,,
2026-08-26 00:00:00+00:00,no change,,0.675,,,,,,,,,,,,,2026-09,,,,,,
2026-08-27 00:00:00+00:00,no change,,0.665,,,,,,,,,,,,,2026-09,,,,,,
2026-08-28 00:00:00+00:00,no change,,0.685,,,,,,,,,,,,,2026-09,,,,,,
2026-08-29 00:00:00+00:00,no change,,0.495,,,,,,,,,,,,,2026-09,,,,,,
2026-08-30 00:00:00+00:00,no change,,0.535,,,,,,,,,,,,,2026-09,,,,,,
2026-08-31 00:00:00+00:00,no change,,0.465,,,,,,,,,,,,,2026-09,,,,,,
2026-09-01 00:00:00+00:00,no change,0.435,,,,,,,,,,,,,2026-09,,,,,,,0.0
2026-09-02 00:00:00+00:00,no change,0.405,,,,,,,,,,,,,2026-09,,,,,,,0.0
2026-09-03 00:00:00+00:00,no change,0.445,,,,,,,,,,,,,2026-09,,,,,,,0.0
2026-09-04 00:00:00+00:00,no change,0.565,,,,,,,,,,,,,2026-09,,,,,,,0.0
2026-09-05 00:00:00+00:00,no change,0.495,,,,,,,,,,,,,2026-09,,,,,,,0.0
2026-09-06 00:00:00+00:00,no change,0.495,,,,,,,,,,,,,2026-09,,,,,,,0.0
2026-09-07 00:00:00+00:00,no change,0.505,,,,,,,,,,,,,2026-09,,,,,,,0.0
2026-09-08 00:00:00+00:00,no change,0.475,,,,,,,,,,,,,2026-09,,,,,,,0.0
2026-09-09 00:00:00+00:00,no change,0.455,,,,,,,,,,,,,2026-09,,,,,,,0.0
2026-09-10 00:00:00+00:00,no change,0.455,,,,,,,,,,,,,2026-09,,,,,,,0.0
2026-09-11 00:00:00+00:00,no change,0.365,,,,,,,,,,,,,2026-09,,,,,,,0.0
2026-09-12 00:00:00+00:00,no change,0.195,,,,,,,,,,,,,2026-09,,,,,,,0.0
2026-09-13 00:00:00+00:00,no change,0.205,,,,,,,,,,,,,2026-09,,,,,,,0.0
2026-09-14 00:00:00+00:00,no change,0.205,,,,,,,,,,,,,2026-09,,,,,,,0.0
2026-09-15 00:00:00+00:00,no change,0.125,,,,,,,,,,,,,2026-09,,,,,,,0.0
2026-09-16 00:00:00+00:00,no change,0.105,,,,,,,,,,,,,2026-09,,,,,,,0.0
2024-09-19 00:00:00+00:00,other,,,0.0025,0.0125,,,,,,,,,,,,2024-11,2024-12,,,,
2024-09-20 00:00:00+00:00,other,,,0.0065,0.0065,,,,,,,,,,,,2024-11,2024-12,,,,
2024-09-21 00:00:00+00:00,other,,,0.003,0.004,,,,,,,,,,,,2024-11,2024-12,,,,
2024-09-22 00:00:00+00:00,other,,,0.0025,0.0035,,,,,,,,,,,,2024-11,2024-12,,,,
2024-09-23 00:00:00+00:00,other,,,0.0025,0.0035,,,,,,,,,,,,2024-11,2024-12,,,,
2024-09-24 00:00:00+00:00,other,,,0.0025,0.0035,,,,,,,,,,,,2024-11,2024-12,,,,
2024-09-25 00:00:00+00:00,other,,,0.0025,0.0035,,,,,,,,,,,,2024-11,2024-12,,,,
2024-09-26 00:00:00+00:00,other,,,0.0025,0.0035,,,,,,,,,,,,2024-11,2024-12,,,,
2024-09-27 00:00:00+00:00,other,,,0.0025,0.0035,,,,,,,,,,,,2024-11,2024-12,,,,
2024-09-28 00:00:00+00:00,other,,,0.0025,0.0035,,,,,,,,,,,,2024-11,2024-12,,,,
2024-09-29 00:00:00+00:00,other,,,0.0015,0.004,,,,,,,,,,,,2024-11,2024-12,,,,
2024-09-30 00:00:00+00:00,other,,,0.002,0.004,,,,,,,,,,,,2024-11,2024-12,,,,
2024-10-01 00:00:00+00:00,other,,0.0015,0.004,,,,,,,,,,,,2024-11,2024-12,,,,,
2024-10-02 00:00:00+00:00,other,,0.0015,0.0055,,,,,,,,,,,,2024-11,2024-12,,,,,
2024-10-03 00:00:00+00:00,other,,0.0015,0.006,,,,,,,,,,,,2024-11,2024-12,,,,,
2024-10-04 00:00:00+00:00,other,,0.0015,0.006,,,,,,,,,,,,2024-11,2024-12,,,,,
2024-10-05 00:00:00+00:00,other,,0.0015,0.0045,,,,,,,,,,,,2024-11,2024-12,,,,,
2024-10-06 00:00:00+00:00,other,,0.0015,0.004,,,,,,,,,,,,2024-11,2024-12,,,,,
2024-10-07 00:00:00+00:00,other,,0.0015,0.0035,,,,,,,,,,,,2024-11,2024-12,,,,,
2024-10-08 00:00:00+00:00,other,,0.0025,0.003,,,,,,,,,,,,2024-11,2024-12,,,,,
2024-10-09 00:00:00+00:00,other,,0.0025,0.0025,,,,,,,,,,,,2024-11,2024-12,,,,,
2024-10-10 00:00:00+00:00,other,,0.0025,0.007,,,,,,,,,,,,2024-11,2024-12,,,,,
2024-10-11 00:00:00+00:00,other,,0.0025,0.005,,,,,,,,,,,,2024-11,2024-12,,,,,
2024-10-12 00:00:00+00:00,other,,0.0025,0.0035,,,,,,,,,,,,2024-11,2024-12,,,,,
2024-10-13 00:00:00+00:00,other,,0.0025,0.0035,,,,,,,,,,,,2024-11,2024-12,,,,,
2024-10-14 00:00:00+00:00,other,,0.0025,0.0035,,,,,,,,,,,,2024-11,2024-12,,,,,
2024-10-15 00:00:00+00:00,other,,0.0025,0.0035,,,,,,,,,,,,2024-11,2024-12,,,,,
2024-10-16 00:00:00+00:00,other,,0.0025,0.0035,,,,,,,,,,,,2024-11,2024-12,,,,,
2024-10-17 00:00:00+00:00,other,,0.0025,0.0035,,,,,,,,,,,,2024-11,2024-12,,,,,
2024-10-18 00:00:00+00:00,other,,0.0015,0.003,,,,,,,,,,,,2024-11,2024-12,,,,,
2024-10-19 00:00:00+00:00,other,,0.0015,0.0035,,,,,,,,,,,,2024-11,2024-12,,,,,
2024-10-20 00:00:00+00:00,other,,0.0025,0.004,,,,,,,,,,,,2024-11,2024-12,,,,,
2024-10-21 00:00:00+00:00,other,,0.0025,0.004,,,,,,,,,,,,2024-11,2024-12,,,,,
2024-10-22 00:00:00+00:00,other,,0.0025,0.0035,,,,,,,,,,,,2024-11,2024-12,,,,,
2024-10-23 00:00:00+00:00,other,,0.002,0.0035,,,,,,,,,,,,2024-11,2024-12,,,,,
2024-10-24 00:00:00+00:00,other,,0.002,0.0035,,,,,,,,,,,,2024-11,2024-12,,,,,
2024-10-25 00:00:00+00:00,other,,0.002,0.0035,,,,,,,,,,,,2024-11,2024-12,,,,,
2024-10-26 00:00:00+00:00,other,,0.0025,0.0035,,,,,,,,,,,,2024-11,2024-12,,,,,
2024-10-27 00:00:00+00:00,other,,0.003,0.0045,,,,,,,,,,,,2024-11,2024-12,,,,,
2024-10-28 00:00:00+00:00,other,,0.0015,0.004,,,,,,,,,,,,2024-11,2024-12,,,,,
2024-10-29 00:00:00+00:00,other,,0.002,0.006,,,,,,,,,,,,2024-11,2024-12,,,,,
2024-10-30 00:00:00+00:00,other,,0.0015,0.004,,,,,,,,,,,,2024-11,2024-12,,,,,
2024-10-31 00:00:00+00:00,other,,0.0025,0.0035,,,,,,,,,,,,2024-11,2024-12,,,,,
2024-11-01 00:00:00+00:00,other,0.003,0.0035,,,,,,,,,,,,2024-11,2024-12,,,,,,0.0
2024-11-02 00:00:00+00:00,other,0.0035,0.0035,,,,,,,,,,,,2024-11,2024-12,,,,,,0.0
2024-11-03 00:00:00+00:00,other,0.003,0.0035,,,,,,,,,,,,2024-11,2024-12,,,,,,0.0
2024-11-04 00:00:00+00:00,other,0.0025,0.0035,,,,,,,,,,,,2024-11,2024-12,,,,,,0.0
2024-11-05 00:00:00+00:00,other,0.002,0.0035,,,,,,,,,,,,2024-11,2024-12,,,,,,0.0
2024-11-06 00:00:00+00:00,other,0.002,0.0035,,,,,,,,,,,,2024-11,2024-12,,,,,,0.0
2024-11-07 00:00:00+00:00,other,0.0015,0.003,,,,,,,,,,,,2024-11,2024-12,,,,,,0.0
2024-11-08 00:00:00+00:00,other,,0.0015,,,,,,,,,,,,,2024-12,,,,,,
2024-11-09 00:00:00+00:00,other,,0.0025,,,,,,,,,,,,,2024-12,,,,,,
2024-11-10 00:00:00+00:00,other,,0.0025,,,,,,,,,,,,,2024-12,,,,,,
2024-11-11 00:00:00+00:00,other,,0.0025,,,,,,,,,,,,,2024-12,,,,,,
2024-11-12 00:00:00+00:00,other,,0.0025,,,,,,,,,,,,,2024-12,,,,,,
2024-11-13 00:00:00+00:00,other,,0.0025,,,,,,,,,,,,,2024-12,,,,,,
2024-11-14 00:00:00+00:00,other,,0.0015,,,,,,,,,,,,,2024-12,,,,,,
2024-11-15 00:00:00+00:00,other,,0.0015,,,,,,,,,,,,,2024-12,,,,,,
2024-11-16 00:00:00+00:00,other,,0.0025,,,,,,,,,,,,,2024-12,,,,,,
2024-11-17 00:00:00+00:00,other,,0.0025,,,,,,,,,,,,,2024-12,,,,,,
2024-11-18 00:00:00+00:00,other,,0.0025,,,,,,,,,,,,,2024-12,,,,,,
2024-11-19 00:00:00+00:00,other,,0.0015,,,,,,,,,,,,,2024-12,,,,,,
2024-11-20 00:00:00+00:00,other,,0.0025,,,,,,,,,,,,,2024-12,,,,,,
2024-11-21 00:00:00+00:00,other,,0.0025,,,,,,,,,,,,,2024-12,,,,,,
2024-11-22 00:00:00+00:00,other,,0.006,,,,,,,,,,,,,2024-12,,,,,,
2024-11-23 00:00:00+00:00,other,,0.0045,,,,,,,,,,,,,2024-12,,,,,,
2024-11-24 00:00:00+00:00,other,,0.0025,,,,,,,,,,,,,2024-12,,,,,,
2024-11-25 00:00:00+00:00,other,,0.0035,,,,,,,,,,,,,2024-12,,,,,,
2024-11-26 00:00:00+00:00,other,,0.0035,,,,,,,,,,,,,2024-12,,,,,,
2024-11-27 00:00:00+00:00,other,,0.0035,,,,,,,,,,,,,2024-12,,,,,,
2024-11-28 00:00:00+00:00,other,,0.0035,,,,,,,,,,,,,2024-12,,,,,,
2024-11-29 00:00:00+00:00,other,,0.0035,,,,,,,,,,,,,2024-12,,,,,,
2024-11-30 00:00:00+00:00,other,,0.0035,,,,,,,,,,,,,2024-12,,,,,,
2024-12-01 00:00:00+00:00,other,0.0035,,,,,,,,,,,,,2024-12,,,,,,,0.0
2024-12-02 00:00:00+00:00,other,0.0035,,,,,,,,,,,,,2024-12,,,,,,,0.0
2024-12-03 00:00:00+00:00,other,0.0035,,,,,,,,,,,,,2024-12,,,,,,,0.0
2024-12-04 00:00:00+00:00,other,0.0035,,,,,,,,,,,,,2024-12,,,,,,,0.0
2024-12-05 00:00:00+00:00,other,0.0035,,,,,,,,,,,,,2024-12,,,,,,,0.0
2024-12-06 00:00:00+00:00,other,0.0035,,,,,,,,,,,,,2024-12,,,,,,,0.0
2024-12-07 00:00:00+00:00,other,0.0035,,,,,,,,,,,,,2024-12,,,,,,,0.0
2024-12-08 00:00:00+00:00,other,0.0035,,,,,,,,,,,,,2024-12,,,,,,,0.0
2024-12-09 00:00:00+00:00,other,0.0035,,,,,,,,,,,,,2024-12,,,,,,,0.0
2024-12-10 00:00:00+00:00,other,0.0025,,,,,,,,,,,,,2024-12,,,,,,,0.0
2024-12-11 00:00:00+00:00,other,0.0025,,,,,,,,,,,,,2024-12,,,,,,,0.0
2024-12-12 00:00:00+00:00,other,0.0015,,,,,,,,,,,,,2024-12,,,,,,,0.0
2024-12-13 00:00:00+00:00,other,0.0015,,,,,,,,,,,,,2024-12,,,,,,,0.0
2024-12-14 00:00:00+00:00,other,0.0005,,,,,,,,,,,,,2024-12,,,,,,,0.0
2024-12-15 00:00:00+00:00,other,0.0005,,,,,,,,,,,,,2024-12,,,,,,,0.0
2024-12-16 00:00:00+00:00,other,0.0005,,,,,,,,,,,,,2024-12,,,,,,,0.0
2024-12-17 00:00:00+00:00,other,0.0005,,,,,,,,,,,,,2024-12,,,,,,,0.0
2024-12-18 00:00:00+00:00,other,0.0005,,,,,,,,,,,,,2024-12,,,,,,,0.0
