date,outcome,horizon_month,meeting_month,event_id,market_id,market_probability,final_outcome,lifetime_volume
2025-03-20 00:00:00+00:00,25 bps decrease,4,2025-07,21255,528973,0.315,0,23551704.395621
2025-03-21 00:00:00+00:00,25 bps decrease,4,2025-07,21255,528973,0.325,0,23551704.395621
2025-03-22 00:00:00+00:00,25 bps decrease,4,2025-07,21255,528973,0.355,0,23551704.395621
2025-03-23 00:00:00+00:00,25 bps decrease,4,2025-07,21255,528973,0.355,0,23551704.395621
2025-03-24 00:00:00+00:00,25 bps decrease,4,2025-07,21255,528973,0.345,0,23551704.395621
2025-03-25 00:00:00+00:00,25 bps decrease,4,2025-07,21255,528973,0.345,0,23551704.395621
2025-03-26 00:00:00+00:00,25 bps decrease,4,2025-07,21255,528973,0.345,0,23551704.395621
2025-03-27 00:00:00+00:00,25 bps decrease,4,2025-07,21255,528973,0.355,0,23551704.395621
2025-03-28 00:00:00+00:00,25 bps decrease,4,2025-07,21255,528973,0.355,0,23551704.395621
2025-03-29 00:00:00+00:00,25 bps decrease,4,2025-07,21255,528973,0.375,0,23551704.395621
2025-03-30 00:00:00+00:00,25 bps decrease,4,2025-07,21255,528973,0.375,0,23551704.395621
2025-03-31 00:00:00+00:00,25 bps decrease,4,2025-07,21255,528973,0.385,0,23551704.395621
2025-04-01 00:00:00+00:00,25 bps decrease,3,2025-07,21255,528973,0.385,0,23551704.395621
2025-04-02 00:00:00+00:00,25 bps decrease,3,2025-07,21255,528973,0.495,0,23551704.395621
2025-04-03 00:00:00+00:00,25 bps decrease,3,2025-07,21255,528973,0.535,0,23551704.395621
2025-04-04 00:00:00+00:00,25 bps decrease,3,2025-07,21255,528973,0.58,0,23551704.395621
2025-04-05 00:00:00+00:00,25 bps decrease,3,2025-07,21255,528973,0.57,0,23551704.395621
2025-04-06 00:00:00+00:00,25 bps decrease,3,2025-07,21255,528973,0.57,0,23551704.395621
2025-04-07 00:00:00+00:00,25 bps decrease,3,2025-07,21255,528973,0.56,0,23551704.395621
2025-04-08 00:00:00+00:00,25 bps decrease,3,2025-07,21255,528973,0.545,0,23551704.395621
2025-04-09 00:00:00+00:00,25 bps decrease,3,2025-07,21255,528973,0.57,0,23551704.395621
2025-04-10 00:00:00+00:00,25 bps decrease,3,2025-07,21255,528973,0.52,0,23551704.395621
2025-04-11 00:00:00+00:00,25 bps decrease,3,2025-07,21255,528973,0.55,0,23551704.395621
2025-04-12 00:00:00+00:00,25 bps decrease,3,2025-07,21255,528973,0.545,0,23551704.395621
2025-04-13 00:00:00+00:00,25 bps decrease,3,2025-07,21255,528973,0.545,0,23551704.395621
2025-04-14 00:00:00+00:00,25 bps decrease,3,2025-07,21255,528973,0.545,0,23551704.395621
2025-04-15 00:00:00+00:00,25 bps decrease,3,2025-07,21255,528973,0.54,0,23551704.395621
2025-04-16 00:00:00+00:00,25 bps decrease,3,2025-07,21255,528973,0.535,0,23551704.395621
2025-04-17 00:00:00+00:00,25 bps decrease,3,2025-07,21255,528973,0.525,0,23551704.395621
2025-04-18 00:00:00+00:00,25 bps decrease,3,2025-07,21255,528973,0.525,0,23551704.395621
2025-04-19 00:00:00+00:00,25 bps decrease,3,2025-07,21255,528973,0.53,0,23551704.395621
2025-04-20 00:00:00+00:00,25 bps decrease,3,2025-07,21255,528973,0.53,0,23551704.395621
2025-04-21 00:00:00+00:00,25 bps decrease,3,2025-07,21255,528973,0.515,0,23551704.395621
2025-04-22 00:00:00+00:00,25 bps decrease,3,2025-07,21255,528973,0.515,0,23551704.395621
2025-04-23 00:00:00+00:00,25 bps decrease,3,2025-07,21255,528973,0.51,0,23551704.395621
2025-04-24 00:00:00+00:00,25 bps decrease,3,2025-07,21255,528973,0.51,0,23551704.395621
2025-04-25 00:00:00+00:00,25 bps decrease,3,2025-07,21255,528973,0.5,0,23551704.395621
2025-04-26 00:00:00+00:00,25 bps decrease,3,2025-07,21255,528973,0.475,0,23551704.395621
2025-04-27 00:00:00+00:00,25 bps decrease,3,2025-07,21255,528973,0.465,0,23551704.395621
2025-04-28 00:00:00+00:00,25 bps decrease,3,2025-07,21255,528973,0.47,0,23551704.395621
2025-04-29 00:00:00+00:00,25 bps decrease,3,2025-07,21255,528973,0.51,0,23551704.395621
2025-04-30 00:00:00+00:00,25 bps decrease,3,2025-07,21255,528973,0.53,0,23551704.395621
2025-05-01 00:00:00+00:00,25 bps decrease,2,2025-07,21255,528973,0.52,0,23551704.395621
2025-05-02 00:00:00+00:00,25 bps decrease,2,2025-07,21255,528973,0.53,0,23551704.395621
2025-05-03 00:00:00+00:00,25 bps decrease,2,2025-07,21255,528973,0.43,0,23551704.395621
2025-05-04 00:00:00+00:00,25 bps decrease,2,2025-07,21255,528973,0.435,0,23551704.395621
2025-05-05 00:00:00+00:00,25 bps decrease,2,2025-07,21255,528973,0.415,0,23551704.395621
2025-05-06 00:00:00+00:00,25 bps decrease,2,2025-07,21255,528973,0.415,0,23551704.395621
2025-05-07 00:00:00+00:00,25 bps decrease,2,2025-07,21255,528973,0.42,0,23551704.395621
2025-05-08 00:00:00+00:00,25 bps decrease,2,2025-07,21255,528973,0.44,0,23551704.395621
2025-05-08 00:00:00+00:00,25 bps decrease,4,2025-09,24087,542538,0.52,1,36329925.673244
2025-05-09 00:00:00+00:00,25 bps decrease,2,2025-07,21255,528973,0.415,0,23551704.395621
2025-05-09 00:00:00+00:00,25 bps decrease,4,2025-09,24087,542538,0.48,1,36329925.673244
2025-05-10 00:00:00+00:00,25 bps decrease,2,2025-07,21255,528973,0.315,0,23551704.395621
2025-05-10 00:00:00+00:00,25 bps decrease,4,2025-09,24087,542538,0.505,1,36329925.673244
2025-05-11 00:00:00+00:00,25 bps decrease,2,2025-07,21255,528973,0.255,0,23551704.395621
2025-05-11 00:00:00+00:00,25 bps decrease,4,2025-09,24087,542538,0.5,1,36329925.673244
2025-05-12 00:00:00+00:00,25 bps decrease,2,2025-07,21255,528973,0.29,0,23551704.395621
2025-05-12 00:00:00+00:00,25 bps decrease,4,2025-09,24087,542538,0.475,1,36329925.673244
2025-05-13 00:00:00+00:00,25 bps decrease,2,2025-07,21255,528973,0.23,0,23551704.395621
2025-05-13 00:00:00+00:00,25 bps decrease,4,2025-09,24087,542538,0.41,1,36329925.673244
2025-05-14 00:00:00+00:00,25 bps decrease,2,2025-07,21255,528973,0.245,0,23551704.395621
2025-05-14 00:00:00+00:00,25 bps decrease,4,2025-09,24087,542538,0.405,1,36329925.673244
2025-05-15 00:00:00+00:00,25 bps decrease,2,2025-07,21255,528973,0.245,0,23551704.395621
2025-05-15 00:00:00+00:00,25 bps decrease,4,2025-09,24087,542538,0.385,1,36329925.673244
2025-05-16 00:00:00+00:00,25 bps decrease,2,2025-07,21255,528973,0.245,0,23551704.395621
2025-05-16 00:00:00+00:00,25 bps decrease,4,2025-09,24087,542538,0.385,1,36329925.673244
2025-05-17 00:00:00+00:00,25 bps decrease,2,2025-07,21255,528973,0.235,0,23551704.395621
2025-05-17 00:00:00+00:00,25 bps decrease,4,2025-09,24087,542538,0.375,1,36329925.673244
2025-05-18 00:00:00+00:00,25 bps decrease,2,2025-07,21255,528973,0.235,0,23551704.395621
2025-05-18 00:00:00+00:00,25 bps decrease,4,2025-09,24087,542538,0.385,1,36329925.673244
2025-05-19 00:00:00+00:00,25 bps decrease,2,2025-07,21255,528973,0.215,0,23551704.395621
2025-05-19 00:00:00+00:00,25 bps decrease,4,2025-09,24087,542538,0.365,1,36329925.673244
2025-05-20 00:00:00+00:00,25 bps decrease,2,2025-07,21255,528973,0.215,0,23551704.395621
2025-05-20 00:00:00+00:00,25 bps decrease,4,2025-09,24087,542538,0.33,1,36329925.673244
2025-05-21 00:00:00+00:00,25 bps decrease,2,2025-07,21255,528973,0.185,0,23551704.395621
2025-05-21 00:00:00+00:00,25 bps decrease,4,2025-09,24087,542538,0.335,1,36329925.673244
2025-05-22 00:00:00+00:00,25 bps decrease,2,2025-07,21255,528973,0.175,0,23551704.395621
2025-05-22 00:00:00+00:00,25 bps decrease,4,2025-09,24087,542538,0.32,1,36329925.673244
2025-05-23 00:00:00+00:00,25 bps decrease,2,2025-07,21255,528973,0.185,0,23551704.395621
2025-05-23 00:00:00+00:00,25 bps decrease,4,2025-09,24087,542538,0.345,1,36329925.673244
2025-05-24 00:00:00+00:00,25 bps decrease,2,2025-07,21255,528973,0.18,0,23551704.395621
2025-05-24 00:00:00+00:00,25 bps decrease,4,2025-09,24087,542538,0.345,1,36329925.673244
2025-05-25 00:00:00+00:00,25 bps decrease,2,2025-07,21255,528973,0.175,0,23551704.395621
2025-05-25 00:00:00+00:00,25 bps decrease,4,2025-09,24087,542538,0.335,1,36329925.673244
2025-05-26 00:00:00+00:00,25 bps decrease,2,2025-07,21255,528973,0.165,0,23551704.395621
2025-05-26 00:00:00+00:00,25 bps decrease,4,2025-09,24087,542538,0.265,1,36329925.673244
2025-05-27 00:00:00+00:00,25 bps decrease,2,2025-07,21255,528973,0.155,0,23551704.395621
2025-05-27 00:00:00+00:00,25 bps decrease,4,2025-09,24087,542538,0.255,1,36329925.673244
2025-05-28 00:00:00+00:00,25 bps decrease,2,2025-07,21255,528973,0.16,0,23551704.395621
2025-05-28 00:00:00+00:00,25 bps decrease,4,2025-09,24087,542538,0.265,1,36329925.673244
2025-05-29 00:00:00+00:00,25 bps decrease,2,2025-07,21255,528973,0.155,0,23551704.395621
2025-05-29 00:00:00+00:00,25 bps decrease,4,2025-09,24087,542538,0.245,1,36329925.673244
2025-05-30 00:00:00+00:00,25 bps decrease,2,2025-07,21255,528973,0.18,0,23551704.395621
2025-05-30 00:00:00+00:00,25 bps decrease,4,2025-09,24087,542538,0.27,1,36329925.673244
2025-05-31 00:00:00+00:00,25 bps decrease,2,2025-07,21255,528973,0.185,0,23551704.395621
2025-05-31 00:00:00+00:00,25 bps decrease,4,2025-09,24087,542538,0.335,1,36329925.673244
2025-06-01 00:00:00+00:00,25 bps decrease,1,2025-07,21255,528973,0.165,0,23551704.395621
2025-06-01 00:00:00+00:00,25 bps decrease,3,2025-09,24087,542538,0.335,1,36329925.673244
2025-06-02 00:00:00+00:00,25 bps decrease,1,2025-07,21255,528973,0.165,0,23551704.395621
2025-06-02 00:00:00+00:00,25 bps decrease,3,2025-09,24087,542538,0.35,1,36329925.673244
2025-06-03 00:00:00+00:00,25 bps decrease,1,2025-07,21255,528973,0.145,0,23551704.395621
2025-06-03 00:00:00+00:00,25 bps decrease,3,2025-09,24087,542538,0.355,1,36329925.673244
2025-06-04 00:00:00+00:00,25 bps decrease,1,2025-07,21255,528973,0.13,0,23551704.395621
2025-06-04 00:00:00+00:00,25 bps decrease,3,2025-09,24087,542538,0.355,1,36329925.673244
2025-06-05 00:00:00+00:00,25 bps decrease,1,2025-07,21255,528973,0.205,0,23551704.395621
2025-06-05 00:00:00+00:00,25 bps decrease,3,2025-09,24087,542538,0.385,1,36329925.673244
2025-06-06 00:00:00+00:00,25 bps decrease,1,2025-07,21255,528973,0.215,0,23551704.395621
2025-06-06 00:00:00+00:00,25 bps decrease,3,2025-09,24087,542538,0.495,1,36329925.673244
2025-06-07 00:00:00+00:00,25 bps decrease,1,2025-07,21255,528973,0.095,0,23551704.395621
2025-06-07 00:00:00+00:00,25 bps decrease,3,2025-09,24087,542538,0.38,1,36329925.673244
2025-06-08 00:00:00+00:00,25 bps decrease,1,2025-07,21255,528973,0.1,0,23551704.395621
2025-06-08 00:00:00+00:00,25 bps decrease,3,2025-09,24087,542538,0.35,1,36329925.673244
2025-06-09 00:00:00+00:00,25 bps decrease,1,2025-07,21255,528973,0.105,0,23551704.395621
2025-06-09 00:00:00+00:00,25 bps decrease,3,2025-09,24087,542538,0.365,1,36329925.673244
2025-06-10 00:00:00+00:00,25 bps decrease,1,2025-07,21255,528973,0.09,0,23551704.395621
2025-06-10 00:00:00+00:00,25 bps decrease,3,2025-09,24087,542538,0.365,1,36329925.673244
2025-06-11 00:00:00+00:00,25 bps decrease,1,2025-07,21255,528973,0.12,0,23551704.395621
2025-06-11 00:00:00+00:00,25 bps decrease,3,2025-09,24087,542538,0.36,1,36329925.673244
2025-06-12 00:00:00+00:00,25 bps decrease,1,2025-07,21255,528973,0.14,0,23551704.395621
2025-06-12 00:00:00+00:00,25 bps decrease,3,2025-09,24087,542538,0.405,1,36329925.673244
2025-06-13 00:00:00+00:00,25 bps decrease,1,2025-07,21255,528973,0.23,0,23551704.395621
2025-06-13 00:00:00+00:00,25 bps decrease,3,2025-09,24087,542538,0.44,1,36329925.673244
2025-06-14 00:00:00+00:00,25 bps decrease,1,2025-07,21255,528973,0.165,0,23551704.395621
2025-06-14 00:00:00+00:00,25 bps decrease,3,2025-09,24087,542538,0.425,1,36329925.673244
2025-06-15 00:00:00+00:00,25 bps decrease,1,2025-07,21255,528973,0.18,0,23551704.395621
2025-06-15 00:00:00+00:00,25 bps decrease,3,2025-09,24087,542538,0.415,1,36329925.673244
2025-06-16 00:00:00+00:00,25 bps decrease,1,2025-07,21255,528973,0.155,0,23551704.395621
2025-06-16 00:00:00+00:00,25 bps decrease,3,2025-09,24087,542538,0.43,1,36329925.673244
2025-06-17 00:00:00+00:00,25 bps decrease,1,2025-07,21255,528973,0.11,0,23551704.395621
2025-06-17 00:00:00+00:00,25 bps decrease,3,2025-09,24087,542538,0.39,1,36329925.673244
2025-06-18 00:00:00+00:00,25 bps decrease,1,2025-07,21255,528973,0.18,0,23551704.395621
2025-06-18 00:00:00+00:00,25 bps decrease,3,2025-09,24087,542538,0.395,1,36329925.673244
2025-06-19 00:00:00+00:00,25 bps decrease,1,2025-07,21255,528973,0.06,0,23551704.395621
2025-06-19 00:00:00+00:00,25 bps decrease,3,2025-09,24087,542538,0.44,1,36329925.673244
2025-06-20 00:00:00+00:00,25 bps decrease,1,2025-07,21255,528973,0.055,0,23551704.395621
2025-06-20 00:00:00+00:00,25 bps decrease,3,2025-09,24087,542538,0.42,1,36329925.673244
2025-06-20 00:00:00+00:00,25 bps decrease,4,2025-10,27824,553811,0.48,1,51626217.76071
2025-06-21 00:00:00+00:00,25 bps decrease,1,2025-07,21255,528973,0.125,0,23551704.395621
2025-06-21 00:00:00+00:00,25 bps decrease,3,2025-09,24087,542538,0.405,1,36329925.673244
2025-06-21 00:00:00+00:00,25 bps decrease,4,2025-10,27824,553811,0.41,1,51626217.76071
2025-06-22 00:00:00+00:00,25 bps decrease,1,2025-07,21255,528973,0.115,0,23551704.395621
2025-06-22 00:00:00+00:00,25 bps decrease,3,2025-09,24087,542538,0.415,1,36329925.673244
2025-06-22 00:00:00+00:00,25 bps decrease,4,2025-10,27824,553811,0.42,1,51626217.76071
2025-06-23 00:00:00+00:00,25 bps decrease,1,2025-07,21255,528973,0.125,0,23551704.395621
2025-06-23 00:00:00+00:00,25 bps decrease,3,2025-09,24087,542538,0.43,1,36329925.673244
2025-06-23 00:00:00+00:00,25 bps decrease,4,2025-10,27824,553811,0.42,1,51626217.76071
2025-06-24 00:00:00+00:00,25 bps decrease,1,2025-07,21255,528973,0.205,0,23551704.395621
2025-06-24 00:00:00+00:00,25 bps decrease,3,2025-09,24087,542538,0.455,1,36329925.673244
2025-06-24 00:00:00+00:00,25 bps decrease,4,2025-10,27824,553811,0.425,1,51626217.76071
2025-06-25 00:00:00+00:00,25 bps decrease,1,2025-07,21255,528973,0.165,0,23551704.395621
2025-06-25 00:00:00+00:00,25 bps decrease,3,2025-09,24087,542538,0.495,1,36329925.673244
2025-06-25 00:00:00+00:00,25 bps decrease,4,2025-10,27824,553811,0.455,1,51626217.76071
2025-06-26 00:00:00+00:00,25 bps decrease,1,2025-07,21255,528973,0.235,0,23551704.395621
2025-06-26 00:00:00+00:00,25 bps decrease,3,2025-09,24087,542538,0.57,1,36329925.673244
2025-06-26 00:00:00+00:00,25 bps decrease,4,2025-10,27824,553811,0.47,1,51626217.76071
2025-06-27 00:00:00+00:00,25 bps decrease,1,2025-07,21255,528973,0.21,0,23551704.395621
2025-06-27 00:00:00+00:00,25 bps decrease,3,2025-09,24087,542538,0.555,1,36329925.673244
2025-06-27 00:00:00+00:00,25 bps decrease,4,2025-10,27824,553811,0.49,1,51626217.76071
2025-06-28 00:00:00+00:00,25 bps decrease,1,2025-07,21255,528973,0.16,0,23551704.395621
2025-06-28 00:00:00+00:00,25 bps decrease,3,2025-09,24087,542538,0.595,1,36329925.673244
2025-06-28 00:00:00+00:00,25 bps decrease,4,2025-10,27824,553811,0.555,1,51626217.76071
2025-06-29 00:00:00+00:00,25 bps decrease,1,2025-07,21255,528973,0.155,0,23551704.395621
2025-06-29 00:00:00+00:00,25 bps decrease,3,2025-09,24087,542538,0.605,1,36329925.673244
2025-06-29 00:00:00+00:00,25 bps decrease,4,2025-10,27824,553811,0.565,1,51626217.76071
2025-06-30 00:00:00+00:00,25 bps decrease,1,2025-07,21255,528973,0.165,0,23551704.395621
2025-06-30 00:00:00+00:00,25 bps decrease,3,2025-09,24087,542538,0.595,1,36329925.673244
2025-06-30 00:00:00+00:00,25 bps decrease,4,2025-10,27824,553811,0.565,1,51626217.76071
2025-07-01 00:00:00+00:00,25 bps decrease,0,2025-07,21255,528973,0.175,0,23551704.395621
2025-07-01 00:00:00+00:00,25 bps decrease,2,2025-09,24087,542538,0.59,1,36329925.673244
2025-07-01 00:00:00+00:00,25 bps decrease,3,2025-10,27824,553811,0.595,1,51626217.76071
2025-07-02 00:00:00+00:00,25 bps decrease,0,2025-07,21255,528973,0.165,0,23551704.395621
2025-07-02 00:00:00+00:00,25 bps decrease,2,2025-09,24087,542538,0.605,1,36329925.673244
2025-07-02 00:00:00+00:00,25 bps decrease,3,2025-10,27824,553811,0.6,1,51626217.76071
2025-07-03 00:00:00+00:00,25 bps decrease,0,2025-07,21255,528973,0.195,0,23551704.395621
2025-07-03 00:00:00+00:00,25 bps decrease,2,2025-09,24087,542538,0.62,1,36329925.673244
2025-07-03 00:00:00+00:00,25 bps decrease,3,2025-10,27824,553811,0.555,1,51626217.76071
2025-07-04 00:00:00+00:00,25 bps decrease,0,2025-07,21255,528973,0.055,0,23551704.395621
2025-07-04 00:00:00+00:00,25 bps decrease,2,2025-09,24087,542538,0.455,1,36329925.673244
2025-07-04 00:00:00+00:00,25 bps decrease,3,2025-10,27824,553811,0.525,1,51626217.76071
2025-07-05 00:00:00+00:00,25 bps decrease,0,2025-07,21255,528973,0.055,0,23551704.395621
2025-07-05 00:00:00+00:00,25 bps decrease,2,2025-09,24087,542538,0.51,1,36329925.673244
2025-07-05 00:00:00+00:00,25 bps decrease,3,2025-10,27824,553811,0.495,1,51626217.76071
2025-07-06 00:00:00+00:00,25 bps decrease,0,2025-07,21255,528973,0.055,0,23551704.395621
2025-07-06 00:00:00+00:00,25 bps decrease,2,2025-09,24087,542538,0.505,1,36329925.673244
2025-07-06 00:00:00+00:00,25 bps decrease,3,2025-10,27824,553811,0.495,1,51626217.76071
2025-07-07 00:00:00+00:00,25 bps decrease,0,2025-07,21255,528973,0.055,0,23551704.395621
2025-07-07 00:00:00+00:00,25 bps decrease,2,2025-09,24087,542538,0.5,1,36329925.673244
2025-07-07 00:00:00+00:00,25 bps decrease,3,2025-10,27824,553811,0.495,1,51626217.76071
2025-07-08 00:00:00+00:00,25 bps decrease,0,2025-07,21255,528973,0.045,0,23551704.395621
2025-07-08 00:00:00+00:00,25 bps decrease,2,2025-09,24087,542538,0.49,1,36329925.673244
2025-07-08 00:00:00+00:00,25 bps decrease,3,2025-10,27824,553811,0.5,1,51626217.76071
2025-07-09 00:00:00+00:00,25 bps decrease,0,2025-07,21255,528973,0.045,0,23551704.395621
2025-07-09 00:00:00+00:00,25 bps decrease,2,2025-09,24087,542538,0.495,1,36329925.673244
2025-07-09 00:00:00+00:00,25 bps decrease,3,2025-10,27824,553811,0.515,1,51626217.76071
2025-07-10 00:00:00+00:00,25 bps decrease,0,2025-07,21255,528973,0.0435,0,23551704.395621
2025-07-10 00:00:00+00:00,25 bps decrease,2,2025-09,24087,542538,0.475,1,36329925.673244
2025-07-10 00:00:00+00:00,25 bps decrease,3,2025-10,27824,553811,0.515,1,51626217.76071
2025-07-11 00:00:00+00:00,25 bps decrease,0,2025-07,21255,528973,0.0475,0,23551704.395621
2025-07-11 00:00:00+00:00,25 bps decrease,2,2025-09,24087,542538,0.49,1,36329925.673244
2025-07-11 00:00:00+00:00,25 bps decrease,3,2025-10,27824,553811,0.515,1,51626217.76071
2025-07-12 00:00:00+00:00,25 bps decrease,0,2025-07,21255,528973,0.0515,0,23551704.395621
2025-07-12 00:00:00+00:00,25 bps decrease,2,2025-09,24087,542538,0.475,1,36329925.673244
2025-07-12 00:00:00+00:00,25 bps decrease,3,2025-10,27824,553811,0.52,1,51626217.76071
2025-07-13 00:00:00+00:00,25 bps decrease,0,2025-07,21255,528973,0.044,0,23551704.395621
2025-07-13 00:00:00+00:00,25 bps decrease,2,2025-09,24087,542538,0.49,1,36329925.673244
2025-07-13 00:00:00+00:00,25 bps decrease,3,2025-10,27824,553811,0.52,1,51626217.76071
2025-07-14 00:00:00+00:00,25 bps decrease,0,2025-07,21255,528973,0.046,0,23551704.395621
2025-07-14 00:00:00+00:00,25 bps decrease,2,2025-09,24087,542538,0.48,1,36329925.673244
2025-07-14 00:00:00+00:00,25 bps decrease,3,2025-10,27824,553811,0.51,1,51626217.76071
2025-07-15 00:00:00+00:00,25 bps decrease,0,2025-07,21255,528973,0.053,0,23551704.395621
2025-07-15 00:00:00+00:00,25 bps decrease,2,2025-09,24087,542538,0.425,1,36329925.673244
2025-07-15 00:00:00+00:00,25 bps decrease,3,2025-10,27824,553811,0.52,1,51626217.76071
2025-07-16 00:00:00+00:00,25 bps decrease,0,2025-07,21255,528973,0.0285,0,23551704.395621
2025-07-16 00:00:00+00:00,25 bps decrease,2,2025-09,24087,542538,0.395,1,36329925.673244
2025-07-16 00:00:00+00:00,25 bps decrease,3,2025-10,27824,553811,0.525,1,51626217.76071
2025-07-17 00:00:00+00:00,25 bps decrease,0,2025-07,21255,528973,0.0275,0,23551704.395621
2025-07-17 00:00:00+00:00,25 bps decrease,2,2025-09,24087,542538,0.395,1,36329925.673244
2025-07-17 00:00:00+00:00,25 bps decrease,3,2025-10,27824,553811,0.53,1,51626217.76071
2025-07-18 00:00:00+00:00,25 bps decrease,0,2025-07,21255,528973,0.038,0,23551704.395621
2025-07-18 00:00:00+00:00,25 bps decrease,2,2025-09,24087,542538,0.4,1,36329925.673244
2025-07-18 00:00:00+00:00,25 bps decrease,3,2025-10,27824,553811,0.505,1,51626217.76071
2025-07-19 00:00:00+00:00,25 bps decrease,0,2025-07,21255,528973,0.0345,0,23551704.395621
2025-07-19 00:00:00+00:00,25 bps decrease,2,2025-09,24087,542538,0.445,1,36329925.673244
2025-07-19 00:00:00+00:00,25 bps decrease,3,2025-10,27824,553811,0.505,1,51626217.76071
2025-07-20 00:00:00+00:00,25 bps decrease,0,2025-07,21255,528973,0.0335,0,23551704.395621
2025-07-20 00:00:00+00:00,25 bps decrease,2,2025-09,24087,542538,0.435,1,36329925.673244
2025-07-20 00:00:00+00:00,25 bps decrease,3,2025-10,27824,553811,0.485,1,51626217.76071
2025-07-21 00:00:00+00:00,25 bps decrease,0,2025-07,21255,528973,0.035,0,23551704.395621
2025-07-21 00:00:00+00:00,25 bps decrease,2,2025-09,24087,542538,0.415,1,36329925.673244
2025-07-21 00:00:00+00:00,25 bps decrease,3,2025-10,27824,553811,0.485,1,51626217.76071
2025-07-22 00:00:00+00:00,25 bps decrease,0,2025-07,21255,528973,0.0395,0,23551704.395621
2025-07-22 00:00:00+00:00,25 bps decrease,2,2025-09,24087,542538,0.445,1,36329925.673244
2025-07-22 00:00:00+00:00,25 bps decrease,3,2025-10,27824,553811,0.475,1,51626217.76071
2025-07-23 00:00:00+00:00,25 bps decrease,0,2025-07,21255,528973,0.0385,0,23551704.395621
2025-07-23 00:00:00+00:00,25 bps decrease,2,2025-09,24087,542538,0.495,1,36329925.673244
2025-07-23 00:00:00+00:00,25 bps decrease,3,2025-10,27824,553811,0.475,1,51626217.76071
2025-07-24 00:00:00+00:00,25 bps decrease,0,2025-07,21255,528973,0.0305,0,23551704.395621
2025-07-24 00:00:00+00:00,25 bps decrease,2,2025-09,24087,542538,0.51,1,36329925.673244
2025-07-24 00:00:00+00:00,25 bps decrease,3,2025-10,27824,553811,0.465,1,51626217.76071
2025-07-25 00:00:00+00:00,25 bps decrease,0,2025-07,21255,528973,0.0285,0,23551704.395621
2025-07-25 00:00:00+00:00,25 bps decrease,2,2025-09,24087,542538,0.5,1,36329925.673244
2025-07-25 00:00:00+00:00,25 bps decrease,3,2025-10,27824,553811,0.46,1,51626217.76071
2025-07-26 00:00:00+00:00,25 bps decrease,0,2025-07,21255,528973,0.0335,0,23551704.395621
2025-07-26 00:00:00+00:00,25 bps decrease,2,2025-09,24087,542538,0.49,1,36329925.673244
2025-07-26 00:00:00+00:00,25 bps decrease,3,2025-10,27824,553811,0.455,1,51626217.76071
2025-07-27 00:00:00+00:00,25 bps decrease,0,2025-07,21255,528973,0.038,0,23551704.395621
2025-07-27 00:00:00+00:00,25 bps decrease,2,2025-09,24087,542538,0.475,1,36329925.673244
2025-07-27 00:00:00+00:00,25 bps decrease,3,2025-10,27824,553811,0.455,1,51626217.76071
2025-07-28 00:00:00+00:00,25 bps decrease,0,2025-07,21255,528973,0.042,0,23551704.395621
2025-07-28 00:00:00+00:00,25 bps decrease,2,2025-09,24087,542538,0.565,1,36329925.673244
2025-07-28 00:00:00+00:00,25 bps decrease,3,2025-10,27824,553811,0.455,1,51626217.76071
2025-07-29 00:00:00+00:00,25 bps decrease,0,2025-07,21255,528973,0.0325,0,23551704.395621
2025-07-29 00:00:00+00:00,25 bps decrease,2,2025-09,24087,542538,0.52,1,36329925.673244
2025-07-29 00:00:00+00:00,25 bps decrease,3,2025-10,27824,553811,0.46,1,51626217.76071
2025-07-30 00:00:00+00:00,25 bps decrease,0,2025-07,21255,528973,0.0175,0,23551704.395621
2025-07-30 00:00:00+00:00,25 bps decrease,2,2025-09,24087,542538,0.55,1,36329925.673244
2025-07-30 00:00:00+00:00,25 bps decrease,3,2025-10,27824,553811,0.46,1,51626217.76071
2025-07-31 00:00:00+00:00,25 bps decrease,2,2025-09,24087,542538,0.425,1,36329925.673244
2025-07-31 00:00:00+00:00,25 bps decrease,3,2025-10,27824,553811,0.435,1,51626217.76071
2025-08-01 00:00:00+00:00,25 bps decrease,1,2025-09,24087,542538,0.345,1,36329925.673244
2025-08-01 00:00:00+00:00,25 bps decrease,2,2025-10,27824,553811,0.42,1,51626217.76071
2025-08-01 00:00:00+00:00,25 bps decrease,4,2025-12,35090,570361,0.575,1,54634506.683355
2025-08-02 00:00:00+00:00,25 bps decrease,1,2025-09,24087,542538,0.725,1,36329925.673244
2025-08-02 00:00:00+00:00,25 bps decrease,2,2025-10,27824,553811,0.57,1,51626217.76071
2025-08-02 00:00:00+00:00,25 bps decrease,4,2025-12,35090,570361,0.58,1,54634506.683355
2025-08-03 00:00:00+00:00,25 bps decrease,1,2025-09,24087,542538,0.715,1,36329925.673244
2025-08-03 00:00:00+00:00,25 bps decrease,2,2025-10,27824,553811,0.575,1,51626217.76071
2025-08-03 00:00:00+00:00,25 bps decrease,4,2025-12,35090,570361,0.58,1,54634506.683355
2025-08-04 00:00:00+00:00,25 bps decrease,1,2025-09,24087,542538,0.705,1,36329925.673244
2025-08-04 00:00:00+00:00,25 bps decrease,2,2025-10,27824,553811,0.58,1,51626217.76071
2025-08-04 00:00:00+00:00,25 bps decrease,4,2025-12,35090,570361,0.58,1,54634506.683355
2025-08-05 00:00:00+00:00,25 bps decrease,1,2025-09,24087,542538,0.735,1,36329925.673244
2025-08-05 00:00:00+00:00,25 bps decrease,2,2025-10,27824,553811,0.57,1,51626217.76071
2025-08-05 00:00:00+00:00,25 bps decrease,4,2025-12,35090,570361,0.58,1,54634506.683355
2025-08-06 00:00:00+00:00,25 bps decrease,1,2025-09,24087,542538,0.745,1,36329925.673244
2025-08-06 00:00:00+00:00,25 bps decrease,2,2025-10,27824,553811,0.58,1,51626217.76071
2025-08-06 00:00:00+00:00,25 bps decrease,4,2025-12,35090,570361,0.585,1,54634506.683355
2025-08-07 00:00:00+00:00,25 bps decrease,1,2025-09,24087,542538,0.785,1,36329925.673244
2025-08-07 00:00:00+00:00,25 bps decrease,2,2025-10,27824,553811,0.57,1,51626217.76071
2025-08-07 00:00:00+00:00,25 bps decrease,4,2025-12,35090,570361,0.6,1,54634506.683355
2025-08-08 00:00:00+00:00,25 bps decrease,1,2025-09,24087,542538,0.755,1,36329925.673244
2025-08-08 00:00:00+00:00,25 bps decrease,2,2025-10,27824,553811,0.565,1,51626217.76071
2025-08-08 00:00:00+00:00,25 bps decrease,4,2025-12,35090,570361,0.6,1,54634506.683355
2025-08-09 00:00:00+00:00,25 bps decrease,1,2025-09,24087,542538,0.755,1,36329925.673244
2025-08-09 00:00:00+00:00,25 bps decrease,2,2025-10,27824,553811,0.575,1,51626217.76071
2025-08-09 00:00:00+00:00,25 bps decrease,4,2025-12,35090,570361,0.6,1,54634506.683355
2025-08-10 00:00:00+00:00,25 bps decrease,1,2025-09,24087,542538,0.755,1,36329925.673244
2025-08-10 00:00:00+00:00,25 bps decrease,2,2025-10,27824,553811,0.575,1,51626217.76071
2025-08-10 00:00:00+00:00,25 bps decrease,4,2025-12,35090,570361,0.605,1,54634506.683355
2025-08-11 00:00:00+00:00,25 bps decrease,1,2025-09,24087,542538,0.755,1,36329925.673244
2025-08-11 00:00:00+00:00,25 bps decrease,2,2025-10,27824,553811,0.575,1,51626217.76071
2025-08-11 00:00:00+00:00,25 bps decrease,4,2025-12,35090,570361,0.605,1,54634506.683355
2025-08-12 00:00:00+00:00,25 bps decrease,1,2025-09,24087,542538,0.73,1,36329925.673244
2025-08-12 00:00:00+00:00,25 bps decrease,2,2025-10,27824,553811,0.56,1,51626217.76071
2025-08-12 00:00:00+00:00,25 bps decrease,4,2025-12,35090,570361,0.605,1,54634506.683355
2025-08-13 00:00:00+00:00,25 bps decrease,1,2025-09,24087,542538,0.805,1,36329925.673244
2025-08-13 00:00:00+00:00,25 bps decrease,2,2025-10,27824,553811,0.555,1,51626217.76071
2025-08-13 00:00:00+00:00,25 bps decrease,4,2025-12,35090,570361,0.635,1,54634506.683355
2025-08-14 00:00:00+00:00,25 bps decrease,1,2025-09,24087,542538,0.795,1,36329925.673244
2025-08-14 00:00:00+00:00,25 bps decrease,2,2025-10,27824,553811,0.58,1,51626217.76071
2025-08-14 00:00:00+00:00,25 bps decrease,4,2025-12,35090,570361,0.625,1,54634506.683355
2025-08-15 00:00:00+00:00,25 bps decrease,1,2025-09,24087,542538,0.72,1,36329925.673244
2025-08-15 00:00:00+00:00,25 bps decrease,2,2025-10,27824,553811,0.555,1,51626217.76071
2025-08-15 00:00:00+00:00,25 bps decrease,4,2025-12,35090,570361,0.62,1,54634506.683355
2025-08-16 00:00:00+00:00,25 bps decrease,1,2025-09,24087,542538,0.665,1,36329925.673244
2025-08-16 00:00:00+00:00,25 bps decrease,2,2025-10,27824,553811,0.56,1,51626217.76071
2025-08-16 00:00:00+00:00,25 bps decrease,4,2025-12,35090,570361,0.62,1,54634506.683355
2025-08-17 00:00:00+00:00,25 bps decrease,1,2025-09,24087,542538,0.695,1,36329925.673244
2025-08-17 00:00:00+00:00,25 bps decrease,2,2025-10,27824,553811,0.565,1,51626217.76071
2025-08-17 00:00:00+00:00,25 bps decrease,4,2025-12,35090,570361,0.615,1,54634506.683355
2025-08-18 00:00:00+00:00,25 bps decrease,1,2025-09,24087,542538,0.715,1,36329925.673244
2025-08-18 00:00:00+00:00,25 bps decrease,2,2025-10,27824,553811,0.57,1,51626217.76071
2025-08-18 00:00:00+00:00,25 bps decrease,4,2025-12,35090,570361,0.615,1,54634506.683355
2025-08-19 00:00:00+00:00,25 bps decrease,1,2025-09,24087,542538,0.705,1,36329925.673244
2025-08-19 00:00:00+00:00,25 bps decrease,2,2025-10,27824,553811,0.57,1,51626217.76071
2025-08-19 00:00:00+00:00,25 bps decrease,4,2025-12,35090,570361,0.595,1,54634506.683355
2025-08-20 00:00:00+00:00,25 bps decrease,1,2025-09,24087,542538,0.695,1,36329925.673244
2025-08-20 00:00:00+00:00,25 bps decrease,2,2025-10,27824,553811,0.565,1,51626217.76071
2025-08-20 00:00:00+00:00,25 bps decrease,4,2025-12,35090,570361,0.595,1,54634506.683355
2025-08-21 00:00:00+00:00,25 bps decrease,1,2025-09,24087,542538,0.685,1,36329925.673244
2025-08-21 00:00:00+00:00,25 bps decrease,2,2025-10,27824,553811,0.56,1,51626217.76071
2025-08-21 00:00:00+00:00,25 bps decrease,4,2025-12,35090,570361,0.595,1,54634506.683355
2025-08-22 00:00:00+00:00,25 bps decrease,1,2025-09,24087,542538,0.605,1,36329925.673244
2025-08-22 00:00:00+00:00,25 bps decrease,2,2025-10,27824,553811,0.53,1,51626217.76071
2025-08-22 00:00:00+00:00,25 bps decrease,4,2025-12,35090,570361,0.595,1,54634506.683355
2025-08-23 00:00:00+00:00,25 bps decrease,1,2025-09,24087,542538,0.785,1,36329925.673244
2025-08-23 00:00:00+00:00,25 bps decrease,2,2025-10,27824,553811,0.46,1,51626217.76071
2025-08-23 00:00:00+00:00,25 bps decrease,4,2025-12,35090,570361,0.7,1,54634506.683355
2025-08-24 00:00:00+00:00,25 bps decrease,1,2025-09,24087,542538,0.775,1,36329925.673244
2025-08-24 00:00:00+00:00,25 bps decrease,2,2025-10,27824,553811,0.505,1,51626217.76071
2025-08-24 00:00:00+00:00,25 bps decrease,4,2025-12,35090,570361,0.62,1,54634506.683355
2025-08-25 00:00:00+00:00,25 bps decrease,1,2025-09,24087,542538,0.805,1,36329925.673244
2025-08-25 00:00:00+00:00,25 bps decrease,2,2025-10,27824,553811,0.5,1,51626217.76071
2025-08-25 00:00:00+00:00,25 bps decrease,4,2025-12,35090,570361,0.585,1,54634506.683355
2025-08-26 00:00:00+00:00,25 bps decrease,1,2025-09,24087,542538,0.755,1,36329925.673244
2025-08-26 00:00:00+00:00,25 bps decrease,2,2025-10,27824,553811,0.5,1,51626217.76071
2025-08-26 00:00:00+00:00,25 bps decrease,4,2025-12,35090,570361,0.595,1,54634506.683355
2025-08-27 00:00:00+00:00,25 bps decrease,1,2025-09,24087,542538,0.775,1,36329925.673244
2025-08-27 00:00:00+00:00,25 bps decrease,2,2025-10,27824,553811,0.5,1,51626217.76071
2025-08-27 00:00:00+00:00,25 bps decrease,4,2025-12,35090,570361,0.61,1,54634506.683355
2025-08-28 00:00:00+00:00,25 bps decrease,1,2025-09,24087,542538,0.775,1,36329925.673244
2025-08-28 00:00:00+00:00,25 bps decrease,2,2025-10,27824,553811,0.485,1,51626217.76071
2025-08-28 00:00:00+00:00,25 bps decrease,4,2025-12,35090,570361,0.61,1,54634506.683355
2025-08-29 00:00:00+00:00,25 bps decrease,1,2025-09,24087,542538,0.775,1,36329925.673244
2025-08-29 00:00:00+00:00,25 bps decrease,2,2025-10,27824,553811,0.485,1,51626217.76071
2025-08-29 00:00:00+00:00,25 bps decrease,4,2025-12,35090,570361,0.61,1,54634506.683355
2025-08-30 00:00:00+00:00,25 bps decrease,1,2025-09,24087,542538,0.805,1,36329925.673244
2025-08-30 00:00:00+00:00,25 bps decrease,2,2025-10,27824,553811,0.46,1,51626217.76071
2025-08-30 00:00:00+00:00,25 bps decrease,4,2025-12,35090,570361,0.625,1,54634506.683355
2025-08-31 00:00:00+00:00,25 bps decrease,1,2025-09,24087,542538,0.795,1,36329925.673244
2025-08-31 00:00:00+00:00,25 bps decrease,2,2025-10,27824,553811,0.465,1,51626217.76071
2025-08-31 00:00:00+00:00,25 bps decrease,4,2025-12,35090,570361,0.62,1,54634506.683355
2025-09-01 00:00:00+00:00,25 bps decrease,0,2025-09,24087,542538,0.815,1,36329925.673244
2025-09-01 00:00:00+00:00,25 bps decrease,1,2025-10,27824,553811,0.47,1,51626217.76071
2025-09-01 00:00:00+00:00,25 bps decrease,3,2025-12,35090,570361,0.625,1,54634506.683355
2025-09-02 00:00:00+00:00,25 bps decrease,0,2025-09,24087,542538,0.815,1,36329925.673244
2025-09-02 00:00:00+00:00,25 bps decrease,1,2025-10,27824,553811,0.475,1,51626217.76071
2025-09-02 00:00:00+00:00,25 bps decrease,3,2025-12,35090,570361,0.62,1,54634506.683355
2025-09-03 00:00:00+00:00,25 bps decrease,0,2025-09,24087,542538,0.825,1,36329925.673244
2025-09-03 00:00:00+00:00,25 bps decrease,1,2025-10,27824,553811,0.47,1,51626217.76071
2025-09-03 00:00:00+00:00,25 bps decrease,3,2025-12,35090,570361,0.615,1,54634506.683355
2025-09-04 00:00:00+00:00,25 bps decrease,0,2025-09,24087,542538,0.855,1,36329925.673244
2025-09-04 00:00:00+00:00,25 bps decrease,1,2025-10,27824,553811,0.485,1,51626217.76071
2025-09-04 00:00:00+00:00,25 bps decrease,3,2025-12,35090,570361,0.615,1,54634506.683355
2025-09-05 00:00:00+00:00,25 bps decrease,0,2025-09,24087,542538,0.875,1,36329925.673244
2025-09-05 00:00:00+00:00,25 bps decrease,1,2025-10,27824,553811,0.475,1,51626217.76071
2025-09-05 00:00:00+00:00,25 bps decrease,3,2025-12,35090,570361,0.585,1,54634506.683355
2025-09-06 00:00:00+00:00,25 bps decrease,0,2025-09,24087,542538,0.875,1,36329925.673244
2025-09-06 00:00:00+00:00,25 bps decrease,1,2025-10,27824,553811,0.58,1,51626217.76071
2025-09-06 00:00:00+00:00,25 bps decrease,3,2025-12,35090,570361,0.64,1,54634506.683355
2025-09-07 00:00:00+00:00,25 bps decrease,0,2025-09,24087,542538,0.865,1,36329925.673244
2025-09-07 00:00:00+00:00,25 bps decrease,1,2025-10,27824,553811,0.51,1,51626217.76071
2025-09-07 00:00:00+00:00,25 bps decrease,3,2025-12,35090,570361,0.615,1,54634506.683355
2025-09-08 00:00:00+00:00,25 bps decrease,0,2025-09,24087,542538,0.865,1,36329925.673244
2025-09-08 00:00:00+00:00,25 bps decrease,1,2025-10,27824,553811,0.535,1,51626217.76071
2025-09-08 00:00:00+00:00,25 bps decrease,3,2025-12,35090,570361,0.61,1,54634506.683355
2025-09-09 00:00:00+00:00,25 bps decrease,0,2025-09,24087,542538,0.795,1,36329925.673244
2025-09-09 00:00:00+00:00,25 bps decrease,1,2025-10,27824,553811,0.525,1,51626217.76071
2025-09-09 00:00:00+00:00,25 bps decrease,3,2025-12,35090,570361,0.61,1,54634506.683355
2025-09-10 00:00:00+00:00,25 bps decrease,0,2025-09,24087,542538,0.815,1,36329925.673244
2025-09-10 00:00:00+00:00,25 bps decrease,1,2025-10,27824,553811,0.555,1,51626217.76071
2025-09-10 00:00:00+00:00,25 bps decrease,3,2025-12,35090,570361,0.61,1,54634506.683355
2025-09-11 00:00:00+00:00,25 bps decrease,0,2025-09,24087,542538,0.825,1,36329925.673244
2025-09-11 00:00:00+00:00,25 bps decrease,1,2025-10,27824,553811,0.615,1,51626217.76071
2025-09-11 00:00:00+00:00,25 bps decrease,3,2025-12,35090,570361,0.575,1,54634506.683355
2025-09-12 00:00:00+00:00,25 bps decrease,0,2025-09,24087,542538,0.865,1,36329925.673244
2025-09-12 00:00:00+00:00,25 bps decrease,1,2025-10,27824,553811,0.605,1,51626217.76071
2025-09-12 00:00:00+00:00,25 bps decrease,3,2025-12,35090,570361,0.585,1,54634506.683355
2025-09-13 00:00:00+00:00,25 bps decrease,0,2025-09,24087,542538,0.905,1,36329925.673244
2025-09-13 00:00:00+00:00,25 bps decrease,1,2025-10,27824,553811,0.61,1,51626217.76071
2025-09-13 00:00:00+00:00,25 bps decrease,3,2025-12,35090,570361,0.595,1,54634506.683355
2025-09-14 00:00:00+00:00,25 bps decrease,0,2025-09,24087,542538,0.905,1,36329925.673244
2025-09-14 00:00:00+00:00,25 bps decrease,1,2025-10,27824,553811,0.635,1,51626217.76071
2025-09-14 00:00:00+00:00,25 bps decrease,3,2025-12,35090,570361,0.59,1,54634506.683355
2025-09-15 00:00:00+00:00,25 bps decrease,0,2025-09,24087,542538,0.905,1,36329925.673244
2025-09-15 00:00:00+00:00,25 bps decrease,1,2025-10,27824,553811,0.67,1,51626217.76071
2025-09-15 00:00:00+00:00,25 bps decrease,3,2025-12,35090,570361,0.595,1,54634506.683355
2025-09-16 00:00:00+00:00,25 bps decrease,0,2025-09,24087,542538,0.905,1,36329925.673244
2025-09-16 00:00:00+00:00,25 bps decrease,1,2025-10,27824,553811,0.675,1,51626217.76071
2025-09-16 00:00:00+00:00,25 bps decrease,3,2025-12,35090,570361,0.595,1,54634506.683355
2025-09-17 00:00:00+00:00,25 bps decrease,0,2025-09,24087,542538,0.945,1,36329925.673244
2025-09-17 00:00:00+00:00,25 bps decrease,1,2025-10,27824,553811,0.705,1,51626217.76071
2025-09-17 00:00:00+00:00,25 bps decrease,3,2025-12,35090,570361,0.635,1,54634506.683355
2025-09-18 00:00:00+00:00,25 bps decrease,1,2025-10,27824,553811,0.785,1,51626217.76071
2025-09-18 00:00:00+00:00,25 bps decrease,3,2025-12,35090,570361,0.685,1,54634506.683355
2025-09-18 00:00:00+00:00,25 bps decrease,4,2026-01,45883,601698,0.545,0,101211542.667667
2025-09-19 00:00:00+00:00,25 bps decrease,1,2025-10,27824,553811,0.835,1,51626217.76071
2025-09-19 00:00:00+00:00,25 bps decrease,3,2025-12,35090,570361,0.72,1,54634506.683355
2025-09-19 00:00:00+00:00,25 bps decrease,4,2026-01,45883,601698,0.42,0,101211542.667667
2025-09-20 00:00:00+00:00,25 bps decrease,1,2025-10,27824,553811,0.855,1,51626217.76071
2025-09-20 00:00:00+00:00,25 bps decrease,3,2025-12,35090,570361,0.745,1,54634506.683355
2025-09-20 00:00:00+00:00,25 bps decrease,4,2026-01,45883,601698,0.38,0,101211542.667667
2025-09-21 00:00:00+00:00,25 bps decrease,1,2025-10,27824,553811,0.855,1,51626217.76071
2025-09-21 00:00:00+00:00,25 bps decrease,3,2025-12,35090,570361,0.74,1,54634506.683355
2025-09-21 00:00:00+00:00,25 bps decrease,4,2026-01,45883,601698,0.35,0,101211542.667667
2025-09-22 00:00:00+00:00,25 bps decrease,1,2025-10,27824,553811,0.855,1,51626217.76071
2025-09-22 00:00:00+00:00,25 bps decrease,3,2025-12,35090,570361,0.735,1,54634506.683355
2025-09-22 00:00:00+00:00,25 bps decrease,4,2026-01,45883,601698,0.385,0,101211542.667667
2025-09-23 00:00:00+00:00,25 bps decrease,1,2025-10,27824,553811,0.835,1,51626217.76071
2025-09-23 00:00:00+00:00,25 bps decrease,3,2025-12,35090,570361,0.725,1,54634506.683355
2025-09-23 00:00:00+00:00,25 bps decrease,4,2026-01,45883,601698,0.385,0,101211542.667667
2025-09-24 00:00:00+00:00,25 bps decrease,1,2025-10,27824,553811,0.825,1,51626217.76071
2025-09-24 00:00:00+00:00,25 bps decrease,3,2025-12,35090,570361,0.725,1,54634506.683355
2025-09-24 00:00:00+00:00,25 bps decrease,4,2026-01,45883,601698,0.385,0,101211542.667667
2025-09-25 00:00:00+00:00,25 bps decrease,1,2025-10,27824,553811,0.825,1,51626217.76071
2025-09-25 00:00:00+00:00,25 bps decrease,3,2025-12,35090,570361,0.725,1,54634506.683355
2025-09-25 00:00:00+00:00,25 bps decrease,4,2026-01,45883,601698,0.39,0,101211542.667667
2025-09-26 00:00:00+00:00,25 bps decrease,1,2025-10,27824,553811,0.795,1,51626217.76071
2025-09-26 00:00:00+00:00,25 bps decrease,3,2025-12,35090,570361,0.68,1,54634506.683355
2025-09-26 00:00:00+00:00,25 bps decrease,4,2026-01,45883,601698,0.37,0,101211542.667667
2025-09-27 00:00:00+00:00,25 bps decrease,1,2025-10,27824,553811,0.805,1,51626217.76071
2025-09-27 00:00:00+00:00,25 bps decrease,3,2025-12,35090,570361,0.64,1,54634506.683355
2025-09-27 00:00:00+00:00,25 bps decrease,4,2026-01,45883,601698,0.365,0,101211542.667667
2025-09-28 00:00:00+00:00,25 bps decrease,1,2025-10,27824,553811,0.805,1,51626217.76071
2025-09-28 00:00:00+00:00,25 bps decrease,3,2025-12,35090,570361,0.655,1,54634506.683355
2025-09-28 00:00:00+00:00,25 bps decrease,4,2026-01,45883,601698,0.36,0,101211542.667667
2025-09-29 00:00:00+00:00,25 bps decrease,1,2025-10,27824,553811,0.805,1,51626217.76071
2025-09-29 00:00:00+00:00,25 bps decrease,3,2025-12,35090,570361,0.66,1,54634506.683355
2025-09-29 00:00:00+00:00,25 bps decrease,4,2026-01,45883,601698,0.365,0,101211542.667667
2025-09-30 00:00:00+00:00,25 bps decrease,1,2025-10,27824,553811,0.805,1,51626217.76071
2025-09-30 00:00:00+00:00,25 bps decrease,3,2025-12,35090,570361,0.655,1,54634506.683355
2025-09-30 00:00:00+00:00,25 bps decrease,4,2026-01,45883,601698,0.365,0,101211542.667667
2025-10-01 00:00:00+00:00,25 bps decrease,0,2025-10,27824,553811,0.855,1,51626217.76071
2025-10-01 00:00:00+00:00,25 bps decrease,2,2025-12,35090,570361,0.675,1,54634506.683355
2025-10-01 00:00:00+00:00,25 bps decrease,3,2026-01,45883,601698,0.35,0,101211542.667667
2025-10-02 00:00:00+00:00,25 bps decrease,0,2025-10,27824,553811,0.905,1,51626217.76071
2025-10-02 00:00:00+00:00,25 bps decrease,2,2025-12,35090,570361,0.71,1,54634506.683355
2025-10-02 00:00:00+00:00,25 bps decrease,3,2026-01,45883,601698,0.355,0,101211542.667667
2025-10-03 00:00:00+00:00,25 bps decrease,0,2025-10,27824,553811,0.895,1,51626217.76071
2025-10-03 00:00:00+00:00,25 bps decrease,2,2025-12,35090,570361,0.745,1,54634506.683355
2025-10-03 00:00:00+00:00,25 bps decrease,3,2026-01,45883,601698,0.365,0,101211542.667667
2025-10-04 00:00:00+00:00,25 bps decrease,0,2025-10,27824,553811,0.895,1,51626217.76071
2025-10-04 00:00:00+00:00,25 bps decrease,2,2025-12,35090,570361,0.745,1,54634506.683355
2025-10-04 00:00:00+00:00,25 bps decrease,3,2026-01,45883,601698,0.35,0,101211542.667667
2025-10-05 00:00:00+00:00,25 bps decrease,0,2025-10,27824,553811,0.895,1,51626217.76071
2025-10-05 00:00:00+00:00,25 bps decrease,2,2025-12,35090,570361,0.745,1,54634506.683355
2025-10-05 00:00:00+00:00,25 bps decrease,3,2026-01,45883,601698,0.305,0,101211542.667667
2025-10-06 00:00:00+00:00,25 bps decrease,0,2025-10,27824,553811,0.895,1,51626217.76071
2025-10-06 00:00:00+00:00,25 bps decrease,2,2025-12,35090,570361,0.745,1,54634506.683355
2025-10-06 00:00:00+00:00,25 bps decrease,3,2026-01,45883,601698,0.33,0,101211542.667667
2025-10-07 00:00:00+00:00,25 bps decrease,0,2025-10,27824,553811,0.895,1,51626217.76071
2025-10-07 00:00:00+00:00,25 bps decrease,2,2025-12,35090,570361,0.745,1,54634506.683355
2025-10-07 00:00:00+00:00,25 bps decrease,3,2026-01,45883,601698,0.32,0,101211542.667667
2025-10-08 00:00:00+00:00,25 bps decrease,0,2025-10,27824,553811,0.885,1,51626217.76071
2025-10-08 00:00:00+00:00,25 bps decrease,2,2025-12,35090,570361,0.705,1,54634506.683355
2025-10-08 00:00:00+00:00,25 bps decrease,3,2026-01,45883,601698,0.29,0,101211542.667667
2025-10-09 00:00:00+00:00,25 bps decrease,0,2025-10,27824,553811,0.895,1,51626217.76071
2025-10-09 00:00:00+00:00,25 bps decrease,2,2025-12,35090,570361,0.715,1,54634506.683355
2025-10-09 00:00:00+00:00,25 bps decrease,3,2026-01,45883,601698,0.29,0,101211542.667667
2025-10-10 00:00:00+00:00,25 bps decrease,0,2025-10,27824,553811,0.905,1,51626217.76071
2025-10-10 00:00:00+00:00,25 bps decrease,2,2025-12,35090,570361,0.705,1,54634506.683355
2025-10-10 00:00:00+00:00,25 bps decrease,3,2026-01,45883,601698,0.27,0,101211542.667667
2025-10-11 00:00:00+00:00,25 bps decrease,0,2025-10,27824,553811,0.905,1,51626217.76071
2025-10-11 00:00:00+00:00,25 bps decrease,2,2025-12,35090,570361,0.73,1,54634506.683355
2025-10-11 00:00:00+00:00,25 bps decrease,3,2026-01,45883,601698,0.285,0,101211542.667667
2025-10-12 00:00:00+00:00,25 bps decrease,0,2025-10,27824,553811,0.905,1,51626217.76071
2025-10-12 00:00:00+00:00,25 bps decrease,2,2025-12,35090,570361,0.735,1,54634506.683355
2025-10-12 00:00:00+00:00,25 bps decrease,3,2026-01,45883,601698,0.295,0,101211542.667667
2025-10-13 00:00:00+00:00,25 bps decrease,0,2025-10,27824,553811,0.915,1,51626217.76071
2025-10-13 00:00:00+00:00,25 bps decrease,2,2025-12,35090,570361,0.735,1,54634506.683355
2025-10-13 00:00:00+00:00,25 bps decrease,3,2026-01,45883,601698,0.305,0,101211542.667667
2025-10-14 00:00:00+00:00,25 bps decrease,0,2025-10,27824,553811,0.915,1,51626217.76071
2025-10-14 00:00:00+00:00,25 bps decrease,2,2025-12,35090,570361,0.745,1,54634506.683355
2025-10-14 00:00:00+00:00,25 bps decrease,3,2026-01,45883,601698,0.31,0,101211542.667667
2025-10-15 00:00:00+00:00,25 bps decrease,0,2025-10,27824,553811,0.935,1,51626217.76071
2025-10-15 00:00:00+00:00,25 bps decrease,2,2025-12,35090,570361,0.775,1,54634506.683355
2025-10-15 00:00:00+00:00,25 bps decrease,3,2026-01,45883,601698,0.33,0,101211542.667667
2025-10-16 00:00:00+00:00,25 bps decrease,0,2025-10,27824,553811,0.945,1,51626217.76071
2025-10-16 00:00:00+00:00,25 bps decrease,2,2025-12,35090,570361,0.815,1,54634506.683355
2025-10-16 00:00:00+00:00,25 bps decrease,3,2026-01,45883,601698,0.33,0,101211542.667667
2025-10-17 00:00:00+00:00,25 bps decrease,0,2025-10,27824,553811,0.935,1,51626217.76071
2025-10-17 00:00:00+00:00,25 bps decrease,2,2025-12,35090,570361,0.825,1,54634506.683355
2025-10-17 00:00:00+00:00,25 bps decrease,3,2026-01,45883,601698,0.355,0,101211542.667667
2025-10-18 00:00:00+00:00,25 bps decrease,0,2025-10,27824,553811,0.945,1,51626217.76071
2025-10-18 00:00:00+00:00,25 bps decrease,2,2025-12,35090,570361,0.815,1,54634506.683355
2025-10-18 00:00:00+00:00,25 bps decrease,3,2026-01,45883,601698,0.405,0,101211542.667667
2025-10-19 00:00:00+00:00,25 bps decrease,0,2025-10,27824,553811,0.945,1,51626217.76071
2025-10-19 00:00:00+00:00,25 bps decrease,2,2025-12,35090,570361,0.815,1,54634506.683355
2025-10-19 00:00:00+00:00,25 bps decrease,3,2026-01,45883,601698,0.395,0,101211542.667667
2025-10-20 00:00:00+00:00,25 bps decrease,0,2025-10,27824,553811,0.945,1,51626217.76071
2025-10-20 00:00:00+00:00,25 bps decrease,2,2025-12,35090,570361,0.83,1,54634506.683355
2025-10-20 00:00:00+00:00,25 bps decrease,3,2026-01,45883,601698,0.385,0,101211542.667667
2025-10-21 00:00:00+00:00,25 bps decrease,0,2025-10,27824,553811,0.955,1,51626217.76071
2025-10-21 00:00:00+00:00,25 bps decrease,2,2025-12,35090,570361,0.83,1,54634506.683355
2025-10-21 00:00:00+00:00,25 bps decrease,3,2026-01,45883,601698,0.395,0,101211542.667667
2025-10-22 00:00:00+00:00,25 bps decrease,0,2025-10,27824,553811,0.96,1,51626217.76071
2025-10-22 00:00:00+00:00,25 bps decrease,2,2025-12,35090,570361,0.845,1,54634506.683355
2025-10-22 00:00:00+00:00,25 bps decrease,3,2026-01,45883,601698,0.41,0,101211542.667667
2025-10-23 00:00:00+00:00,25 bps decrease,0,2025-10,27824,553811,0.9605,1,51626217.76071
2025-10-23 00:00:00+00:00,25 bps decrease,2,2025-12,35090,570361,0.85,1,54634506.683355
2025-10-23 00:00:00+00:00,25 bps decrease,3,2026-01,45883,601698,0.425,0,101211542.667667
2025-10-24 00:00:00+00:00,25 bps decrease,0,2025-10,27824,553811,0.962,1,51626217.76071
2025-10-24 00:00:00+00:00,25 bps decrease,2,2025-12,35090,570361,0.825,1,54634506.683355
2025-10-24 00:00:00+00:00,25 bps decrease,3,2026-01,45883,601698,0.41,0,101211542.667667
2025-10-25 00:00:00+00:00,25 bps decrease,0,2025-10,27824,553811,0.9765,1,51626217.76071
2025-10-25 00:00:00+00:00,25 bps decrease,2,2025-12,35090,570361,0.845,1,54634506.683355
2025-10-25 00:00:00+00:00,25 bps decrease,3,2026-01,45883,601698,0.41,0,101211542.667667
2025-10-26 00:00:00+00:00,25 bps decrease,0,2025-10,27824,553811,0.9825,1,51626217.76071
2025-10-26 00:00:00+00:00,25 bps decrease,2,2025-12,35090,570361,0.855,1,54634506.683355
2025-10-26 00:00:00+00:00,25 bps decrease,3,2026-01,45883,601698,0.39,0,101211542.667667
2025-10-27 00:00:00+00:00,25 bps decrease,0,2025-10,27824,553811,0.9835,1,51626217.76071
2025-10-27 00:00:00+00:00,25 bps decrease,2,2025-12,35090,570361,0.865,1,54634506.683355
2025-10-27 00:00:00+00:00,25 bps decrease,3,2026-01,45883,601698,0.405,0,101211542.667667
2025-10-28 00:00:00+00:00,25 bps decrease,0,2025-10,27824,553811,0.9845,1,51626217.76071
2025-10-28 00:00:00+00:00,25 bps decrease,2,2025-12,35090,570361,0.9,1,54634506.683355
2025-10-28 00:00:00+00:00,25 bps decrease,3,2026-01,45883,601698,0.445,0,101211542.667667
2025-10-29 00:00:00+00:00,25 bps decrease,0,2025-10,27824,553811,0.9795,1,51626217.76071
2025-10-29 00:00:00+00:00,25 bps decrease,2,2025-12,35090,570361,0.84,1,54634506.683355
2025-10-29 00:00:00+00:00,25 bps decrease,3,2026-01,45883,601698,0.415,0,101211542.667667
2025-10-30 00:00:00+00:00,25 bps decrease,2,2025-12,35090,570361,0.685,1,54634506.683355
2025-10-30 00:00:00+00:00,25 bps decrease,3,2026-01,45883,601698,0.33,0,101211542.667667
2025-10-30 00:00:00+00:00,25 bps decrease,5,2026-03,67284,654413,0.385,0,87103283.7263213
2025-10-31 00:00:00+00:00,25 bps decrease,2,2025-12,35090,570361,0.705,1,54634506.683355
2025-10-31 00:00:00+00:00,25 bps decrease,3,2026-01,45883,601698,0.36,0,101211542.667667
2025-10-31 00:00:00+00:00,25 bps decrease,5,2026-03,67284,654413,0.375,0,87103283.7263213
2025-11-01 00:00:00+00:00,25 bps decrease,1,2025-12,35090,570361,0.645,1,54634506.683355
2025-11-01 00:00:00+00:00,25 bps decrease,2,2026-01,45883,601698,0.26,0,101211542.667667
2025-11-01 00:00:00+00:00,25 bps decrease,4,2026-03,67284,654413,0.41,0,87103283.7263213
2025-11-02 00:00:00+00:00,25 bps decrease,1,2025-12,35090,570361,0.665,1,54634506.683355
2025-11-02 00:00:00+00:00,25 bps decrease,2,2026-01,45883,601698,0.245,0,101211542.667667
2025-11-02 00:00:00+00:00,25 bps decrease,4,2026-03,67284,654413,0.365,0,87103283.7263213
2025-11-03 00:00:00+00:00,25 bps decrease,1,2025-12,35090,570361,0.675,1,54634506.683355
2025-11-03 00:00:00+00:00,25 bps decrease,2,2026-01,45883,601698,0.265,0,101211542.667667
2025-11-03 00:00:00+00:00,25 bps decrease,4,2026-03,67284,654413,0.385,0,87103283.7263213
2025-11-04 00:00:00+00:00,25 bps decrease,1,2025-12,35090,570361,0.665,1,54634506.683355
2025-11-04 00:00:00+00:00,25 bps decrease,2,2026-01,45883,601698,0.255,0,101211542.667667
2025-11-04 00:00:00+00:00,25 bps decrease,4,2026-03,67284,654413,0.375,0,87103283.7263213
2025-11-05 00:00:00+00:00,25 bps decrease,1,2025-12,35090,570361,0.685,1,54634506.683355
2025-11-05 00:00:00+00:00,25 bps decrease,2,2026-01,45883,601698,0.25,0,101211542.667667
2025-11-05 00:00:00+00:00,25 bps decrease,4,2026-03,67284,654413,0.345,0,87103283.7263213
2025-11-06 00:00:00+00:00,25 bps decrease,1,2025-12,35090,570361,0.645,1,54634506.683355
2025-11-06 00:00:00+00:00,25 bps decrease,2,2026-01,45883,601698,0.275,0,101211542.667667
2025-11-06 00:00:00+00:00,25 bps decrease,4,2026-03,67284,654413,0.325,0,87103283.7263213
2025-11-07 00:00:00+00:00,25 bps decrease,1,2025-12,35090,570361,0.735,1,54634506.683355
2025-11-07 00:00:00+00:00,25 bps decrease,2,2026-01,45883,601698,0.29,0,101211542.667667
2025-11-07 00:00:00+00:00,25 bps decrease,4,2026-03,67284,654413,0.32,0,87103283.7263213
2025-11-08 00:00:00+00:00,25 bps decrease,1,2025-12,35090,570361,0.705,1,54634506.683355
2025-11-08 00:00:00+00:00,25 bps decrease,2,2026-01,45883,601698,0.325,0,101211542.667667
2025-11-08 00:00:00+00:00,25 bps decrease,4,2026-03,67284,654413,0.32,0,87103283.7263213
2025-11-09 00:00:00+00:00,25 bps decrease,1,2025-12,35090,570361,0.705,1,54634506.683355
2025-11-09 00:00:00+00:00,25 bps decrease,2,2026-01,45883,601698,0.34,0,101211542.667667
2025-11-09 00:00:00+00:00,25 bps decrease,4,2026-03,67284,654413,0.33,0,87103283.7263213
2025-11-10 00:00:00+00:00,25 bps decrease,1,2025-12,35090,570361,0.725,1,54634506.683355
2025-11-10 00:00:00+00:00,25 bps decrease,2,2026-01,45883,601698,0.37,0,101211542.667667
2025-11-10 00:00:00+00:00,25 bps decrease,4,2026-03,67284,654413,0.335,0,87103283.7263213
2025-11-11 00:00:00+00:00,25 bps decrease,1,2025-12,35090,570361,0.685,1,54634506.683355
2025-11-11 00:00:00+00:00,25 bps decrease,2,2026-01,45883,601698,0.36,0,101211542.667667
2025-11-11 00:00:00+00:00,25 bps decrease,4,2026-03,67284,654413,0.325,0,87103283.7263213
2025-11-12 00:00:00+00:00,25 bps decrease,1,2025-12,35090,570361,0.715,1,54634506.683355
2025-11-12 00:00:00+00:00,25 bps decrease,2,2026-01,45883,601698,0.36,0,101211542.667667
2025-11-12 00:00:00+00:00,25 bps decrease,4,2026-03,67284,654413,0.33,0,87103283.7263213
2025-11-13 00:00:00+00:00,25 bps decrease,1,2025-12,35090,570361,0.635,1,54634506.683355
2025-11-13 00:00:00+00:00,25 bps decrease,2,2026-01,45883,601698,0.355,0,101211542.667667
2025-11-13 00:00:00+00:00,25 bps decrease,4,2026-03,67284,654413,0.32,0,87103283.7263213
2025-11-14 00:00:00+00:00,25 bps decrease,1,2025-12,35090,570361,0.525,1,54634506.683355
2025-11-14 00:00:00+00:00,25 bps decrease,2,2026-01,45883,601698,0.365,0,101211542.667667
2025-11-14 00:00:00+00:00,25 bps decrease,4,2026-03,67284,654413,0.32,0,87103283.7263213
2025-11-14 00:00:00+00:00,25 bps decrease,5,2026-04,75478,669661,0.27,0,65311948.7161929
2025-11-15 00:00:00+00:00,25 bps decrease,1,2025-12,35090,570361,0.465,1,54634506.683355
2025-11-15 00:00:00+00:00,25 bps decrease,2,2026-01,45883,601698,0.355,0,101211542.667667
2025-11-15 00:00:00+00:00,25 bps decrease,4,2026-03,67284,654413,0.315,0,87103283.7263213
2025-11-15 00:00:00+00:00,25 bps decrease,5,2026-04,75478,669661,0.3,0,65311948.7161929
2025-11-16 00:00:00+00:00,25 bps decrease,1,2025-12,35090,570361,0.465,1,54634506.683355
2025-11-16 00:00:00+00:00,25 bps decrease,2,2026-01,45883,601698,0.34,0,101211542.667667
2025-11-16 00:00:00+00:00,25 bps decrease,4,2026-03,67284,654413,0.335,0,87103283.7263213
2025-11-16 00:00:00+00:00,25 bps decrease,5,2026-04,75478,669661,0.29,0,65311948.7161929
2025-11-17 00:00:00+00:00,25 bps decrease,1,2025-12,35090,570361,0.455,1,54634506.683355
2025-11-17 00:00:00+00:00,25 bps decrease,2,2026-01,45883,601698,0.33,0,101211542.667667
2025-11-17 00:00:00+00:00,25 bps decrease,4,2026-03,67284,654413,0.335,0,87103283.7263213
2025-11-17 00:00:00+00:00,25 bps decrease,5,2026-04,75478,669661,0.305,0,65311948.7161929
2025-11-18 00:00:00+00:00,25 bps decrease,1,2025-12,35090,570361,0.435,1,54634506.683355
2025-11-18 00:00:00+00:00,25 bps decrease,2,2026-01,45883,601698,0.395,0,101211542.667667
2025-11-18 00:00:00+00:00,25 bps decrease,4,2026-03,67284,654413,0.355,0,87103283.7263213
2025-11-18 00:00:00+00:00,25 bps decrease,5,2026-04,75478,669661,0.3,0,65311948.7161929
2025-11-19 00:00:00+00:00,25 bps decrease,1,2025-12,35090,570361,0.515,1,54634506.683355
2025-11-19 00:00:00+00:00,25 bps decrease,2,2026-01,45883,601698,0.44,0,101211542.667667
2025-11-19 00:00:00+00:00,25 bps decrease,4,2026-03,67284,654413,0.39,0,87103283.7263213
2025-11-19 00:00:00+00:00,25 bps decrease,5,2026-04,75478,669661,0.31,0,65311948.7161929
2025-11-20 00:00:00+00:00,25 bps decrease,1,2025-12,35090,570361,0.305,1,54634506.683355
2025-11-20 00:00:00+00:00,25 bps decrease,2,2026-01,45883,601698,0.485,0,101211542.667667
2025-11-20 00:00:00+00:00,25 bps decrease,4,2026-03,67284,654413,0.39,0,87103283.7263213
2025-11-20 00:00:00+00:00,25 bps decrease,5,2026-04,75478,669661,0.31,0,65311948.7161929
2025-11-21 00:00:00+00:00,25 bps decrease,1,2025-12,35090,570361,0.335,1,54634506.683355
2025-11-21 00:00:00+00:00,25 bps decrease,2,2026-01,45883,601698,0.445,0,101211542.667667
2025-11-21 00:00:00+00:00,25 bps decrease,4,2026-03,67284,654413,0.385,0,87103283.7263213
2025-11-21 00:00:00+00:00,25 bps decrease,5,2026-04,75478,669661,0.305,0,65311948.7161929
2025-11-22 00:00:00+00:00,25 bps decrease,1,2025-12,35090,570361,0.645,1,54634506.683355
2025-11-22 00:00:00+00:00,25 bps decrease,2,2026-01,45883,601698,0.39,0,101211542.667667
2025-11-22 00:00:00+00:00,25 bps decrease,4,2026-03,67284,654413,0.385,0,87103283.7263213
2025-11-22 00:00:00+00:00,25 bps decrease,5,2026-04,75478,669661,0.3,0,65311948.7161929
2025-11-23 00:00:00+00:00,25 bps decrease,1,2025-12,35090,570361,0.655,1,54634506.683355
2025-11-23 00:00:00+00:00,25 bps decrease,2,2026-01,45883,601698,0.415,0,101211542.667667
2025-11-23 00:00:00+00:00,25 bps decrease,4,2026-03,67284,654413,0.385,0,87103283.7263213
2025-11-23 00:00:00+00:00,25 bps decrease,5,2026-04,75478,669661,0.295,0,65311948.7161929
2025-11-24 00:00:00+00:00,25 bps decrease,1,2025-12,35090,570361,0.695,1,54634506.683355
2025-11-24 00:00:00+00:00,25 bps decrease,2,2026-01,45883,601698,0.42,0,101211542.667667
2025-11-24 00:00:00+00:00,25 bps decrease,4,2026-03,67284,654413,0.385,0,87103283.7263213
2025-11-24 00:00:00+00:00,25 bps decrease,5,2026-04,75478,669661,0.28,0,65311948.7161929
2025-11-25 00:00:00+00:00,25 bps decrease,1,2025-12,35090,570361,0.805,1,54634506.683355
2025-11-25 00:00:00+00:00,25 bps decrease,2,2026-01,45883,601698,0.355,0,101211542.667667
2025-11-25 00:00:00+00:00,25 bps decrease,4,2026-03,67284,654413,0.375,0,87103283.7263213
2025-11-25 00:00:00+00:00,25 bps decrease,5,2026-04,75478,669661,0.28,0,65311948.7161929
2025-11-26 00:00:00+00:00,25 bps decrease,1,2025-12,35090,570361,0.845,1,54634506.683355
2025-11-26 00:00:00+00:00,25 bps decrease,2,2026-01,45883,601698,0.355,0,101211542.667667
2025-11-26 00:00:00+00:00,25 bps decrease,4,2026-03,67284,654413,0.365,0,87103283.7263213
2025-11-26 00:00:00+00:00,25 bps decrease,5,2026-04,75478,669661,0.315,0,65311948.7161929
2025-11-27 00:00:00+00:00,25 bps decrease,1,2025-12,35090,570361,0.835,1,54634506.683355
2025-11-27 00:00:00+00:00,25 bps decrease,2,2026-01,45883,601698,0.305,0,101211542.667667
2025-11-27 00:00:00+00:00,25 bps decrease,4,2026-03,67284,654413,0.37,0,87103283.7263213
2025-11-27 00:00:00+00:00,25 bps decrease,5,2026-04,75478,669661,0.29,0,65311948.7161929
2025-11-28 00:00:00+00:00,25 bps decrease,1,2025-12,35090,570361,0.855,1,54634506.683355
2025-11-28 00:00:00+00:00,25 bps decrease,2,2026-01,45883,601698,0.29,0,101211542.667667
2025-11-28 00:00:00+00:00,25 bps decrease,4,2026-03,67284,654413,0.375,0,87103283.7263213
2025-11-28 00:00:00+00:00,25 bps decrease,5,2026-04,75478,669661,0.295,0,65311948.7161929
2025-11-29 00:00:00+00:00,25 bps decrease,1,2025-12,35090,570361,0.865,1,54634506.683355
2025-11-29 00:00:00+00:00,25 bps decrease,2,2026-01,45883,601698,0.26,0,101211542.667667
2025-11-29 00:00:00+00:00,25 bps decrease,4,2026-03,67284,654413,0.375,0,87103283.7263213
2025-11-29 00:00:00+00:00,25 bps decrease,5,2026-04,75478,669661,0.345,0,65311948.7161929
2025-11-30 00:00:00+00:00,25 bps decrease,1,2025-12,35090,570361,0.875,1,54634506.683355
2025-11-30 00:00:00+00:00,25 bps decrease,2,2026-01,45883,601698,0.255,0,101211542.667667
2025-11-30 00:00:00+00:00,25 bps decrease,4,2026-03,67284,654413,0.4,0,87103283.7263213
2025-11-30 00:00:00+00:00,25 bps decrease,5,2026-04,75478,669661,0.41,0,65311948.7161929
2025-12-01 00:00:00+00:00,25 bps decrease,0,2025-12,35090,570361,0.885,1,54634506.683355
2025-12-01 00:00:00+00:00,25 bps decrease,1,2026-01,45883,601698,0.27,0,101211542.667667
2025-12-01 00:00:00+00:00,25 bps decrease,3,2026-03,67284,654413,0.405,0,87103283.7263213
2025-12-01 00:00:00+00:00,25 bps decrease,4,2026-04,75478,669661,0.36,0,65311948.7161929
2025-12-02 00:00:00+00:00,25 bps decrease,0,2025-12,35090,570361,0.885,1,54634506.683355
2025-12-02 00:00:00+00:00,25 bps decrease,1,2026-01,45883,601698,0.28,0,101211542.667667
2025-12-02 00:00:00+00:00,25 bps decrease,3,2026-03,67284,654413,0.425,0,87103283.7263213
2025-12-02 00:00:00+00:00,25 bps decrease,4,2026-04,75478,669661,0.405,0,65311948.7161929
2025-12-03 00:00:00+00:00,25 bps decrease,0,2025-12,35090,570361,0.915,1,54634506.683355
2025-12-03 00:00:00+00:00,25 bps decrease,1,2026-01,45883,601698,0.275,0,101211542.667667
2025-12-03 00:00:00+00:00,25 bps decrease,3,2026-03,67284,654413,0.39,0,87103283.7263213
2025-12-03 00:00:00+00:00,25 bps decrease,4,2026-04,75478,669661,0.365,0,65311948.7161929
2025-12-04 00:00:00+00:00,25 bps decrease,0,2025-12,35090,570361,0.935,1,54634506.683355
2025-12-04 00:00:00+00:00,25 bps decrease,1,2026-01,45883,601698,0.3,0,101211542.667667
2025-12-04 00:00:00+00:00,25 bps decrease,3,2026-03,67284,654413,0.405,0,87103283.7263213
2025-12-04 00:00:00+00:00,25 bps decrease,4,2026-04,75478,669661,0.41,0,65311948.7161929
2025-12-05 00:00:00+00:00,25 bps decrease,0,2025-12,35090,570361,0.925,1,54634506.683355
2025-12-05 00:00:00+00:00,25 bps decrease,1,2026-01,45883,601698,0.285,0,101211542.667667
2025-12-05 00:00:00+00:00,25 bps decrease,3,2026-03,67284,654413,0.395,0,87103283.7263213
2025-12-05 00:00:00+00:00,25 bps decrease,4,2026-04,75478,669661,0.405,0,65311948.7161929
2025-12-06 00:00:00+00:00,25 bps decrease,0,2025-12,35090,570361,0.935,1,54634506.683355
2025-12-06 00:00:00+00:00,25 bps decrease,1,2026-01,45883,601698,0.265,0,101211542.667667
2025-12-06 00:00:00+00:00,25 bps decrease,3,2026-03,67284,654413,0.395,0,87103283.7263213
2025-12-06 00:00:00+00:00,25 bps decrease,4,2026-04,75478,669661,0.43,0,65311948.7161929
2025-12-07 00:00:00+00:00,25 bps decrease,0,2025-12,35090,570361,0.925,1,54634506.683355
2025-12-07 00:00:00+00:00,25 bps decrease,1,2026-01,45883,601698,0.285,0,101211542.667667
2025-12-07 00:00:00+00:00,25 bps decrease,3,2026-03,67284,654413,0.43,0,87103283.7263213
2025-12-07 00:00:00+00:00,25 bps decrease,4,2026-04,75478,669661,0.395,0,65311948.7161929
2025-12-08 00:00:00+00:00,25 bps decrease,0,2025-12,35090,570361,0.925,1,54634506.683355
2025-12-08 00:00:00+00:00,25 bps decrease,1,2026-01,45883,601698,0.27,0,101211542.667667
2025-12-08 00:00:00+00:00,25 bps decrease,3,2026-03,67284,654413,0.405,0,87103283.7263213
2025-12-08 00:00:00+00:00,25 bps decrease,4,2026-04,75478,669661,0.42,0,65311948.7161929
2025-12-09 00:00:00+00:00,25 bps decrease,0,2025-12,35090,570361,0.935,1,54634506.683355
2025-12-09 00:00:00+00:00,25 bps decrease,1,2026-01,45883,601698,0.265,0,101211542.667667
2025-12-09 00:00:00+00:00,25 bps decrease,3,2026-03,67284,654413,0.415,0,87103283.7263213
2025-12-09 00:00:00+00:00,25 bps decrease,4,2026-04,75478,669661,0.38,0,65311948.7161929
2025-12-10 00:00:00+00:00,25 bps decrease,0,2025-12,35090,570361,0.9685,1,54634506.683355
2025-12-10 00:00:00+00:00,25 bps decrease,1,2026-01,45883,601698,0.25,0,101211542.667667
2025-12-10 00:00:00+00:00,25 bps decrease,3,2026-03,67284,654413,0.385,0,87103283.7263213
2025-12-10 00:00:00+00:00,25 bps decrease,4,2026-04,75478,669661,0.325,0,65311948.7161929
2025-12-11 00:00:00+00:00,25 bps decrease,1,2026-01,45883,601698,0.195,0,101211542.667667
2025-12-11 00:00:00+00:00,25 bps decrease,3,2026-03,67284,654413,0.355,0,87103283.7263213
2025-12-11 00:00:00+00:00,25 bps decrease,4,2026-04,75478,669661,0.28,0,65311948.7161929
2025-12-11 00:00:00+00:00,25 bps decrease,6,2026-06,101772,906973,0.5,0,30934915.761426218
2025-12-12 00:00:00+00:00,25 bps decrease,1,2026-01,45883,601698,0.175,0,101211542.667667
2025-12-12 00:00:00+00:00,25 bps decrease,3,2026-03,67284,654413,0.345,0,87103283.7263213
2025-12-12 00:00:00+00:00,25 bps decrease,4,2026-04,75478,669661,0.335,0,65311948.7161929
2025-12-12 00:00:00+00:00,25 bps decrease,6,2026-06,101772,906973,0.535,0,30934915.761426218
2025-12-13 00:00:00+00:00,25 bps decrease,1,2026-01,45883,601698,0.205,0,101211542.667667
2025-12-13 00:00:00+00:00,25 bps decrease,3,2026-03,67284,654413,0.36,0,87103283.7263213
2025-12-13 00:00:00+00:00,25 bps decrease,4,2026-04,75478,669661,0.31,0,65311948.7161929
2025-12-13 00:00:00+00:00,25 bps decrease,6,2026-06,101772,906973,0.4,0,30934915.761426218
2025-12-14 00:00:00+00:00,25 bps decrease,1,2026-01,45883,601698,0.205,0,101211542.667667
2025-12-14 00:00:00+00:00,25 bps decrease,3,2026-03,67284,654413,0.34,0,87103283.7263213
2025-12-14 00:00:00+00:00,25 bps decrease,4,2026-04,75478,669661,0.315,0,65311948.7161929
2025-12-14 00:00:00+00:00,25 bps decrease,6,2026-06,101772,906973,0.39,0,30934915.761426218
2025-12-15 00:00:00+00:00,25 bps decrease,1,2026-01,45883,601698,0.205,0,101211542.667667
2025-12-15 00:00:00+00:00,25 bps decrease,3,2026-03,67284,654413,0.355,0,87103283.7263213
2025-12-15 00:00:00+00:00,25 bps decrease,4,2026-04,75478,669661,0.315,0,65311948.7161929
2025-12-15 00:00:00+00:00,25 bps decrease,6,2026-06,101772,906973,0.39,0,30934915.761426218
2025-12-16 00:00:00+00:00,25 bps decrease,1,2026-01,45883,601698,0.205,0,101211542.667667
2025-12-16 00:00:00+00:00,25 bps decrease,3,2026-03,67284,654413,0.36,0,87103283.7263213
2025-12-16 00:00:00+00:00,25 bps decrease,4,2026-04,75478,669661,0.325,0,65311948.7161929
2025-12-16 00:00:00+00:00,25 bps decrease,6,2026-06,101772,906973,0.385,0,30934915.761426218
2025-12-17 00:00:00+00:00,25 bps decrease,1,2026-01,45883,601698,0.205,0,101211542.667667
2025-12-17 00:00:00+00:00,25 bps decrease,3,2026-03,67284,654413,0.405,0,87103283.7263213
2025-12-17 00:00:00+00:00,25 bps decrease,4,2026-04,75478,669661,0.31,0,65311948.7161929
2025-12-17 00:00:00+00:00,25 bps decrease,6,2026-06,101772,906973,0.405,0,30934915.761426218
2025-12-18 00:00:00+00:00,25 bps decrease,1,2026-01,45883,601698,0.215,0,101211542.667667
2025-12-18 00:00:00+00:00,25 bps decrease,3,2026-03,67284,654413,0.41,0,87103283.7263213
2025-12-18 00:00:00+00:00,25 bps decrease,4,2026-04,75478,669661,0.31,0,65311948.7161929
2025-12-18 00:00:00+00:00,25 bps decrease,6,2026-06,101772,906973,0.405,0,30934915.761426218
2025-12-19 00:00:00+00:00,25 bps decrease,1,2026-01,45883,601698,0.245,0,101211542.667667
2025-12-19 00:00:00+00:00,25 bps decrease,3,2026-03,67284,654413,0.495,0,87103283.7263213
2025-12-19 00:00:00+00:00,25 bps decrease,4,2026-04,75478,669661,0.295,0,65311948.7161929
2025-12-19 00:00:00+00:00,25 bps decrease,6,2026-06,101772,906973,0.405,0,30934915.761426218
2025-12-20 00:00:00+00:00,25 bps decrease,1,2026-01,45883,601698,0.205,0,101211542.667667
2025-12-20 00:00:00+00:00,25 bps decrease,3,2026-03,67284,654413,0.465,0,87103283.7263213
2025-12-20 00:00:00+00:00,25 bps decrease,4,2026-04,75478,669661,0.32,0,65311948.7161929
2025-12-20 00:00:00+00:00,25 bps decrease,6,2026-06,101772,906973,0.405,0,30934915.761426218
2025-12-21 00:00:00+00:00,25 bps decrease,1,2026-01,45883,601698,0.195,0,101211542.667667
2025-12-21 00:00:00+00:00,25 bps decrease,3,2026-03,67284,654413,0.455,0,87103283.7263213
2025-12-21 00:00:00+00:00,25 bps decrease,4,2026-04,75478,669661,0.295,0,65311948.7161929
2025-12-21 00:00:00+00:00,25 bps decrease,6,2026-06,101772,906973,0.39,0,30934915.761426218
2025-12-22 00:00:00+00:00,25 bps decrease,1,2026-01,45883,601698,0.185,0,101211542.667667
2025-12-22 00:00:00+00:00,25 bps decrease,3,2026-03,67284,654413,0.435,0,87103283.7263213
2025-12-22 00:00:00+00:00,25 bps decrease,4,2026-04,75478,669661,0.325,0,65311948.7161929
2025-12-22 00:00:00+00:00,25 bps decrease,6,2026-06,101772,906973,0.395,0,30934915.761426218
2025-12-23 00:00:00+00:00,25 bps decrease,1,2026-01,45883,601698,0.175,0,101211542.667667
2025-12-23 00:00:00+00:00,25 bps decrease,3,2026-03,67284,654413,0.445,0,87103283.7263213
2025-12-23 00:00:00+00:00,25 bps decrease,4,2026-04,75478,669661,0.295,0,65311948.7161929
2025-12-23 00:00:00+00:00,25 bps decrease,6,2026-06,101772,906973,0.395,0,30934915.761426218
2025-12-24 00:00:00+00:00,25 bps decrease,1,2026-01,45883,601698,0.125,0,101211542.667667
2025-12-24 00:00:00+00:00,25 bps decrease,3,2026-03,67284,654413,0.435,0,87103283.7263213
2025-12-24 00:00:00+00:00,25 bps decrease,4,2026-04,75478,669661,0.25,0,65311948.7161929
2025-12-24 00:00:00+00:00,25 bps decrease,6,2026-06,101772,906973,0.4,0,30934915.761426218
2025-12-25 00:00:00+00:00,25 bps decrease,1,2026-01,45883,601698,0.115,0,101211542.667667
2025-12-25 00:00:00+00:00,25 bps decrease,3,2026-03,67284,654413,0.385,0,87103283.7263213
2025-12-25 00:00:00+00:00,25 bps decrease,4,2026-04,75478,669661,0.265,0,65311948.7161929
2025-12-25 00:00:00+00:00,25 bps decrease,6,2026-06,101772,906973,0.4,0,30934915.761426218
2025-12-26 00:00:00+00:00,25 bps decrease,1,2026-01,45883,601698,0.115,0,101211542.667667
2025-12-26 00:00:00+00:00,25 bps decrease,3,2026-03,67284,654413,0.355,0,87103283.7263213
2025-12-26 00:00:00+00:00,25 bps decrease,4,2026-04,75478,669661,0.26,0,65311948.7161929
2025-12-26 00:00:00+00:00,25 bps decrease,6,2026-06,101772,906973,0.4,0,30934915.761426218
2025-12-27 00:00:00+00:00,25 bps decrease,1,2026-01,45883,601698,0.145,0,101211542.667667
2025-12-27 00:00:00+00:00,25 bps decrease,3,2026-03,67284,654413,0.35,0,87103283.7263213
2025-12-27 00:00:00+00:00,25 bps decrease,4,2026-04,75478,669661,0.26,0,65311948.7161929
2025-12-27 00:00:00+00:00,25 bps decrease,6,2026-06,101772,906973,0.4,0,30934915.761426218
2025-12-28 00:00:00+00:00,25 bps decrease,1,2026-01,45883,601698,0.135,0,101211542.667667
2025-12-28 00:00:00+00:00,25 bps decrease,3,2026-03,67284,654413,0.345,0,87103283.7263213
2025-12-28 00:00:00+00:00,25 bps decrease,4,2026-04,75478,669661,0.26,0,65311948.7161929
2025-12-28 00:00:00+00:00,25 bps decrease,6,2026-06,101772,906973,0.41,0,30934915.761426218
2025-12-29 00:00:00+00:00,25 bps decrease,1,2026-01,45883,601698,0.125,0,101211542.667667
2025-12-29 00:00:00+00:00,25 bps decrease,3,2026-03,67284,654413,0.33,0,87103283.7263213
2025-12-29 00:00:00+00:00,25 bps decrease,4,2026-04,75478,669661,0.26,0,65311948.7161929
2025-12-29 00:00:00+00:00,25 bps decrease,6,2026-06,101772,906973,0.415,0,30934915.761426218
2025-12-30 00:00:00+00:00,25 bps decrease,1,2026-01,45883,601698,0.125,0,101211542.667667
2025-12-30 00:00:00+00:00,25 bps decrease,3,2026-03,67284,654413,0.335,0,87103283.7263213
2025-12-30 00:00:00+00:00,25 bps decrease,4,2026-04,75478,669661,0.265,0,65311948.7161929
2025-12-30 00:00:00+00:00,25 bps decrease,6,2026-06,101772,906973,0.405,0,30934915.761426218
2025-12-31 00:00:00+00:00,25 bps decrease,1,2026-01,45883,601698,0.125,0,101211542.667667
2025-12-31 00:00:00+00:00,25 bps decrease,3,2026-03,67284,654413,0.34,0,87103283.7263213
2025-12-31 00:00:00+00:00,25 bps decrease,4,2026-04,75478,669661,0.255,0,65311948.7161929
2025-12-31 00:00:00+00:00,25 bps decrease,6,2026-06,101772,906973,0.45,0,30934915.761426218
2026-01-01 00:00:00+00:00,25 bps decrease,0,2026-01,45883,601698,0.105,0,101211542.667667
2026-01-01 00:00:00+00:00,25 bps decrease,2,2026-03,67284,654413,0.33,0,87103283.7263213
2026-01-01 00:00:00+00:00,25 bps decrease,3,2026-04,75478,669661,0.29,0,65311948.7161929
2026-01-01 00:00:00+00:00,25 bps decrease,5,2026-06,101772,906973,0.435,0,30934915.761426218
2026-01-02 00:00:00+00:00,25 bps decrease,0,2026-01,45883,601698,0.105,0,101211542.667667
2026-01-02 00:00:00+00:00,25 bps decrease,2,2026-03,67284,654413,0.335,0,87103283.7263213
2026-01-02 00:00:00+00:00,25 bps decrease,3,2026-04,75478,669661,0.345,0,65311948.7161929
2026-01-02 00:00:00+00:00,25 bps decrease,5,2026-06,101772,906973,0.405,0,30934915.761426218
2026-01-03 00:00:00+00:00,25 bps decrease,0,2026-01,45883,601698,0.105,0,101211542.667667
2026-01-03 00:00:00+00:00,25 bps decrease,2,2026-03,67284,654413,0.325,0,87103283.7263213
2026-01-03 00:00:00+00:00,25 bps decrease,3,2026-04,75478,669661,0.295,0,65311948.7161929
2026-01-03 00:00:00+00:00,25 bps decrease,5,2026-06,101772,906973,0.38,0,30934915.761426218
2026-01-04 00:00:00+00:00,25 bps decrease,0,2026-01,45883,601698,0.095,0,101211542.667667
2026-01-04 00:00:00+00:00,25 bps decrease,2,2026-03,67284,654413,0.34,0,87103283.7263213
2026-01-04 00:00:00+00:00,25 bps decrease,3,2026-04,75478,669661,0.29,0,65311948.7161929
2026-01-04 00:00:00+00:00,25 bps decrease,5,2026-06,101772,906973,0.375,0,30934915.761426218
2026-01-05 00:00:00+00:00,25 bps decrease,0,2026-01,45883,601698,0.095,0,101211542.667667
2026-01-05 00:00:00+00:00,25 bps decrease,2,2026-03,67284,654413,0.365,0,87103283.7263213
2026-01-05 00:00:00+00:00,25 bps decrease,3,2026-04,75478,669661,0.31,0,65311948.7161929
2026-01-05 00:00:00+00:00,25 bps decrease,5,2026-06,101772,906973,0.38,0,30934915.761426218
2026-01-06 00:00:00+00:00,25 bps decrease,0,2026-01,45883,601698,0.105,0,101211542.667667
2026-01-06 00:00:00+00:00,25 bps decrease,2,2026-03,67284,654413,0.385,0,87103283.7263213
2026-01-06 00:00:00+00:00,25 bps decrease,3,2026-04,75478,669661,0.325,0,65311948.7161929
2026-01-06 00:00:00+00:00,25 bps decrease,5,2026-06,101772,906973,0.415,0,30934915.761426218
2026-01-07 00:00:00+00:00,25 bps decrease,0,2026-01,45883,601698,0.105,0,101211542.667667
2026-01-07 00:00:00+00:00,25 bps decrease,2,2026-03,67284,654413,0.385,0,87103283.7263213
2026-01-07 00:00:00+00:00,25 bps decrease,3,2026-04,75478,669661,0.355,0,65311948.7161929
2026-01-07 00:00:00+00:00,25 bps decrease,5,2026-06,101772,906973,0.42,0,30934915.761426218
2026-01-08 00:00:00+00:00,25 bps decrease,0,2026-01,45883,601698,0.075,0,101211542.667667
2026-01-08 00:00:00+00:00,25 bps decrease,2,2026-03,67284,654413,0.375,0,87103283.7263213
2026-01-08 00:00:00+00:00,25 bps decrease,3,2026-04,75478,669661,0.315,0,65311948.7161929
2026-01-08 00:00:00+00:00,25 bps decrease,5,2026-06,101772,906973,0.42,0,30934915.761426218
2026-01-09 00:00:00+00:00,25 bps decrease,0,2026-01,45883,601698,0.075,0,101211542.667667
2026-01-09 00:00:00+00:00,25 bps decrease,2,2026-03,67284,654413,0.36,0,87103283.7263213
2026-01-09 00:00:00+00:00,25 bps decrease,3,2026-04,75478,669661,0.295,0,65311948.7161929
2026-01-09 00:00:00+00:00,25 bps decrease,5,2026-06,101772,906973,0.43,0,30934915.761426218
2026-01-10 00:00:00+00:00,25 bps decrease,0,2026-01,45883,601698,0.0245,0,101211542.667667
2026-01-10 00:00:00+00:00,25 bps decrease,2,2026-03,67284,654413,0.305,0,87103283.7263213
2026-01-10 00:00:00+00:00,25 bps decrease,3,2026-04,75478,669661,0.265,0,65311948.7161929
2026-01-10 00:00:00+00:00,25 bps decrease,5,2026-06,101772,906973,0.435,0,30934915.761426218
2026-01-11 00:00:00+00:00,25 bps decrease,0,2026-01,45883,601698,0.0375,0,101211542.667667
2026-01-11 00:00:00+00:00,25 bps decrease,2,2026-03,67284,654413,0.285,0,87103283.7263213
2026-01-11 00:00:00+00:00,25 bps decrease,3,2026-04,75478,669661,0.24,0,65311948.7161929
2026-01-11 00:00:00+00:00,25 bps decrease,5,2026-06,101772,906973,0.44,0,30934915.761426218
2026-01-12 00:00:00+00:00,25 bps decrease,0,2026-01,45883,601698,0.0405,0,101211542.667667
2026-01-12 00:00:00+00:00,25 bps decrease,2,2026-03,67284,654413,0.285,0,87103283.7263213
2026-01-12 00:00:00+00:00,25 bps decrease,3,2026-04,75478,669661,0.255,0,65311948.7161929
2026-01-12 00:00:00+00:00,25 bps decrease,5,2026-06,101772,906973,0.43,0,30934915.761426218
2026-01-13 00:00:00+00:00,25 bps decrease,0,2026-01,45883,601698,0.0655,0,101211542.667667
2026-01-13 00:00:00+00:00,25 bps decrease,2,2026-03,67284,654413,0.285,0,87103283.7263213
2026-01-13 00:00:00+00:00,25 bps decrease,3,2026-04,75478,669661,0.26,0,65311948.7161929
2026-01-13 00:00:00+00:00,25 bps decrease,5,2026-06,101772,906973,0.425,0,30934915.761426218
2026-01-14 00:00:00+00:00,25 bps decrease,0,2026-01,45883,601698,0.041,0,101211542.667667
2026-01-14 00:00:00+00:00,25 bps decrease,2,2026-03,67284,654413,0.305,0,87103283.7263213
2026-01-14 00:00:00+00:00,25 bps decrease,3,2026-04,75478,669661,0.27,0,65311948.7161929
2026-01-14 00:00:00+00:00,25 bps decrease,5,2026-06,101772,906973,0.43,0,30934915.761426218
2026-01-15 00:00:00+00:00,25 bps decrease,0,2026-01,45883,601698,0.056,0,101211542.667667
2026-01-15 00:00:00+00:00,25 bps decrease,2,2026-03,67284,654413,0.265,0,87103283.7263213
2026-01-15 00:00:00+00:00,25 bps decrease,3,2026-04,75478,669661,0.255,0,65311948.7161929
2026-01-15 00:00:00+00:00,25 bps decrease,5,2026-06,101772,906973,0.43,0,30934915.761426218
2026-01-16 00:00:00+00:00,25 bps decrease,0,2026-01,45883,601698,0.049,0,101211542.667667
2026-01-16 00:00:00+00:00,25 bps decrease,2,2026-03,67284,654413,0.205,0,87103283.7263213
2026-01-16 00:00:00+00:00,25 bps decrease,3,2026-04,75478,669661,0.235,0,65311948.7161929
2026-01-16 00:00:00+00:00,25 bps decrease,5,2026-06,101772,906973,0.43,0,30934915.761426218
2026-01-17 00:00:00+00:00,25 bps decrease,0,2026-01,45883,601698,0.0435,0,101211542.667667
2026-01-17 00:00:00+00:00,25 bps decrease,2,2026-03,67284,654413,0.175,0,87103283.7263213
2026-01-17 00:00:00+00:00,25 bps decrease,3,2026-04,75478,669661,0.24,0,65311948.7161929
2026-01-17 00:00:00+00:00,25 bps decrease,5,2026-06,101772,906973,0.43,0,30934915.761426218
2026-01-18 00:00:00+00:00,25 bps decrease,0,2026-01,45883,601698,0.0385,0,101211542.667667
2026-01-18 00:00:00+00:00,25 bps decrease,2,2026-03,67284,654413,0.165,0,87103283.7263213
2026-01-18 00:00:00+00:00,25 bps decrease,3,2026-04,75478,669661,0.25,0,65311948.7161929
2026-01-18 00:00:00+00:00,25 bps decrease,5,2026-06,101772,906973,0.435,0,30934915.761426218
2026-01-19 00:00:00+00:00,25 bps decrease,0,2026-01,45883,601698,0.0375,0,101211542.667667
2026-01-19 00:00:00+00:00,25 bps decrease,2,2026-03,67284,654413,0.175,0,87103283.7263213
2026-01-19 00:00:00+00:00,25 bps decrease,3,2026-04,75478,669661,0.255,0,65311948.7161929
2026-01-19 00:00:00+00:00,25 bps decrease,5,2026-06,101772,906973,0.435,0,30934915.761426218
2026-01-20 00:00:00+00:00,25 bps decrease,0,2026-01,45883,601698,0.0315,0,101211542.667667
2026-01-20 00:00:00+00:00,25 bps decrease,2,2026-03,67284,654413,0.18,0,87103283.7263213
2026-01-20 00:00:00+00:00,25 bps decrease,3,2026-04,75478,669661,0.255,0,65311948.7161929
2026-01-20 00:00:00+00:00,25 bps decrease,5,2026-06,101772,906973,0.445,0,30934915.761426218
2026-01-21 00:00:00+00:00,25 bps decrease,0,2026-01,45883,601698,0.0245,0,101211542.667667
2026-01-21 00:00:00+00:00,25 bps decrease,2,2026-03,67284,654413,0.195,0,87103283.7263213
2026-01-21 00:00:00+00:00,25 bps decrease,3,2026-04,75478,669661,0.24,0,65311948.7161929
2026-01-21 00:00:00+00:00,25 bps decrease,5,2026-06,101772,906973,0.45,0,30934915.761426218
2026-01-22 00:00:00+00:00,25 bps decrease,0,2026-01,45883,601698,0.0185,0,101211542.667667
2026-01-22 00:00:00+00:00,25 bps decrease,2,2026-03,67284,654413,0.205,0,87103283.7263213
2026-01-22 00:00:00+00:00,25 bps decrease,3,2026-04,75478,669661,0.245,0,65311948.7161929
2026-01-22 00:00:00+00:00,25 bps decrease,5,2026-06,101772,906973,0.425,0,30934915.761426218
2026-01-23 00:00:00+00:00,25 bps decrease,0,2026-01,45883,601698,0.0165,0,101211542.667667
2026-01-23 00:00:00+00:00,25 bps decrease,2,2026-03,67284,654413,0.155,0,87103283.7263213
2026-01-23 00:00:00+00:00,25 bps decrease,3,2026-04,75478,669661,0.23,0,65311948.7161929
2026-01-23 00:00:00+00:00,25 bps decrease,5,2026-06,101772,906973,0.475,0,30934915.761426218
2026-01-24 00:00:00+00:00,25 bps decrease,0,2026-01,45883,601698,0.0115,0,101211542.667667
2026-01-24 00:00:00+00:00,25 bps decrease,2,2026-03,67284,654413,0.205,0,87103283.7263213
2026-01-24 00:00:00+00:00,25 bps decrease,3,2026-04,75478,669661,0.235,0,65311948.7161929
2026-01-24 00:00:00+00:00,25 bps decrease,5,2026-06,101772,906973,0.485,0,30934915.761426218
2026-01-25 00:00:00+00:00,25 bps decrease,0,2026-01,45883,601698,0.0065,0,101211542.667667
2026-01-25 00:00:00+00:00,25 bps decrease,2,2026-03,67284,654413,0.175,0,87103283.7263213
2026-01-25 00:00:00+00:00,25 bps decrease,3,2026-04,75478,669661,0.26,0,65311948.7161929
2026-01-25 00:00:00+00:00,25 bps decrease,5,2026-06,101772,906973,0.5,0,30934915.761426218
2026-01-26 00:00:00+00:00,25 bps decrease,0,2026-01,45883,601698,0.0065,0,101211542.667667
2026-01-26 00:00:00+00:00,25 bps decrease,2,2026-03,67284,654413,0.155,0,87103283.7263213
2026-01-26 00:00:00+00:00,25 bps decrease,3,2026-04,75478,669661,0.245,0,65311948.7161929
2026-01-26 00:00:00+00:00,25 bps decrease,5,2026-06,101772,906973,0.495,0,30934915.761426218
2026-01-27 00:00:00+00:00,25 bps decrease,0,2026-01,45883,601698,0.0075,0,101211542.667667
2026-01-27 00:00:00+00:00,25 bps decrease,2,2026-03,67284,654413,0.145,0,87103283.7263213
2026-01-27 00:00:00+00:00,25 bps decrease,3,2026-04,75478,669661,0.24,0,65311948.7161929
2026-01-27 00:00:00+00:00,25 bps decrease,5,2026-06,101772,906973,0.48,0,30934915.761426218
2026-01-28 00:00:00+00:00,25 bps decrease,0,2026-01,45883,601698,0.0035,0,101211542.667667
2026-01-28 00:00:00+00:00,25 bps decrease,2,2026-03,67284,654413,0.145,0,87103283.7263213
2026-01-28 00:00:00+00:00,25 bps decrease,3,2026-04,75478,669661,0.23,0,65311948.7161929
2026-01-28 00:00:00+00:00,25 bps decrease,5,2026-06,101772,906973,0.485,0,30934915.761426218
2026-01-29 00:00:00+00:00,25 bps decrease,2,2026-03,67284,654413,0.075,0,87103283.7263213
2026-01-29 00:00:00+00:00,25 bps decrease,3,2026-04,75478,669661,0.205,0,65311948.7161929
2026-01-29 00:00:00+00:00,25 bps decrease,5,2026-06,101772,906973,0.545,0,30934915.761426218
2026-01-30 00:00:00+00:00,25 bps decrease,2,2026-03,67284,654413,0.075,0,87103283.7263213
2026-01-30 00:00:00+00:00,25 bps decrease,3,2026-04,75478,669661,0.185,0,65311948.7161929
2026-01-30 00:00:00+00:00,25 bps decrease,5,2026-06,101772,906973,0.54,0,30934915.761426218
2026-01-31 00:00:00+00:00,25 bps decrease,2,2026-03,67284,654413,0.065,0,87103283.7263213
2026-01-31 00:00:00+00:00,25 bps decrease,3,2026-04,75478,669661,0.19,0,65311948.7161929
2026-01-31 00:00:00+00:00,25 bps decrease,5,2026-06,101772,906973,0.46,0,30934915.761426218
2026-02-01 00:00:00+00:00,25 bps decrease,1,2026-03,67284,654413,0.075,0,87103283.7263213
2026-02-01 00:00:00+00:00,25 bps decrease,2,2026-04,75478,669661,0.185,0,65311948.7161929
2026-02-01 00:00:00+00:00,25 bps decrease,4,2026-06,101772,906973,0.5,0,30934915.761426218
2026-02-02 00:00:00+00:00,25 bps decrease,1,2026-03,67284,654413,0.075,0,87103283.7263213
2026-02-02 00:00:00+00:00,25 bps decrease,2,2026-04,75478,669661,0.195,0,65311948.7161929
2026-02-02 00:00:00+00:00,25 bps decrease,4,2026-06,101772,906973,0.5,0,30934915.761426218
2026-02-03 00:00:00+00:00,25 bps decrease,1,2026-03,67284,654413,0.075,0,87103283.7263213
2026-02-03 00:00:00+00:00,25 bps decrease,2,2026-04,75478,669661,0.16,0,65311948.7161929
2026-02-03 00:00:00+00:00,25 bps decrease,4,2026-06,101772,906973,0.445,0,30934915.761426218
2026-02-04 00:00:00+00:00,25 bps decrease,1,2026-03,67284,654413,0.065,0,87103283.7263213
2026-02-04 00:00:00+00:00,25 bps decrease,2,2026-04,75478,669661,0.175,0,65311948.7161929
2026-02-04 00:00:00+00:00,25 bps decrease,4,2026-06,101772,906973,0.46,0,30934915.761426218
2026-02-05 00:00:00+00:00,25 bps decrease,1,2026-03,67284,654413,0.075,0,87103283.7263213
2026-02-05 00:00:00+00:00,25 bps decrease,2,2026-04,75478,669661,0.18,0,65311948.7161929
2026-02-05 00:00:00+00:00,25 bps decrease,4,2026-06,101772,906973,0.49,0,30934915.761426218
2026-02-06 00:00:00+00:00,25 bps decrease,1,2026-03,67284,654413,0.175,0,87103283.7263213
2026-02-06 00:00:00+00:00,25 bps decrease,2,2026-04,75478,669661,0.225,0,65311948.7161929
2026-02-06 00:00:00+00:00,25 bps decrease,4,2026-06,101772,906973,0.525,0,30934915.761426218
2026-02-07 00:00:00+00:00,25 bps decrease,1,2026-03,67284,654413,0.115,0,87103283.7263213
2026-02-07 00:00:00+00:00,25 bps decrease,2,2026-04,75478,669661,0.23,0,65311948.7161929
2026-02-07 00:00:00+00:00,25 bps decrease,4,2026-06,101772,906973,0.545,0,30934915.761426218
2026-02-08 00:00:00+00:00,25 bps decrease,1,2026-03,67284,654413,0.145,0,87103283.7263213
2026-02-08 00:00:00+00:00,25 bps decrease,2,2026-04,75478,669661,0.215,0,65311948.7161929
2026-02-08 00:00:00+00:00,25 bps decrease,4,2026-06,101772,906973,0.565,0,30934915.761426218
2026-02-09 00:00:00+00:00,25 bps decrease,1,2026-03,67284,654413,0.135,0,87103283.7263213
2026-02-09 00:00:00+00:00,25 bps decrease,2,2026-04,75478,669661,0.21,0,65311948.7161929
2026-02-09 00:00:00+00:00,25 bps decrease,4,2026-06,101772,906973,0.57,0,30934915.761426218
2026-02-10 00:00:00+00:00,25 bps decrease,1,2026-03,67284,654413,0.145,0,87103283.7263213
2026-02-10 00:00:00+00:00,25 bps decrease,2,2026-04,75478,669661,0.23,0,65311948.7161929
2026-02-10 00:00:00+00:00,25 bps decrease,4,2026-06,101772,906973,0.555,0,30934915.761426218
2026-02-11 00:00:00+00:00,25 bps decrease,1,2026-03,67284,654413,0.155,0,87103283.7263213
2026-02-11 00:00:00+00:00,25 bps decrease,2,2026-04,75478,669661,0.265,0,65311948.7161929
2026-02-11 00:00:00+00:00,25 bps decrease,4,2026-06,101772,906973,0.56,0,30934915.761426218
2026-02-12 00:00:00+00:00,25 bps decrease,1,2026-03,67284,654413,0.075,0,87103283.7263213
2026-02-12 00:00:00+00:00,25 bps decrease,2,2026-04,75478,669661,0.175,0,65311948.7161929
2026-02-12 00:00:00+00:00,25 bps decrease,4,2026-06,101772,906973,0.485,0,30934915.761426218
2026-02-13 00:00:00+00:00,25 bps decrease,1,2026-03,67284,654413,0.065,0,87103283.7263213
2026-02-13 00:00:00+00:00,25 bps decrease,2,2026-04,75478,669661,0.17,0,65311948.7161929
2026-02-13 00:00:00+00:00,25 bps decrease,4,2026-06,101772,906973,0.46,0,30934915.761426218
2026-02-14 00:00:00+00:00,25 bps decrease,1,2026-03,67284,654413,0.055,0,87103283.7263213
2026-02-14 00:00:00+00:00,25 bps decrease,2,2026-04,75478,669661,0.2,0,65311948.7161929
2026-02-14 00:00:00+00:00,25 bps decrease,4,2026-06,101772,906973,0.51,0,30934915.761426218
2026-02-15 00:00:00+00:00,25 bps decrease,1,2026-03,67284,654413,0.065,0,87103283.7263213
2026-02-15 00:00:00+00:00,25 bps decrease,2,2026-04,75478,669661,0.215,0,65311948.7161929
2026-02-15 00:00:00+00:00,25 bps decrease,4,2026-06,101772,906973,0.5,0,30934915.761426218
2026-02-16 00:00:00+00:00,25 bps decrease,1,2026-03,67284,654413,0.065,0,87103283.7263213
2026-02-17 00:00:00+00:00,25 bps decrease,1,2026-03,67284,654413,0.065,0,87103283.7263213
2026-02-17 00:00:00+00:00,25 bps decrease,2,2026-04,75478,669661,0.22,0,65311948.7161929
2026-02-17 00:00:00+00:00,25 bps decrease,4,2026-06,101772,906973,0.555,0,30934915.761426218
2026-02-18 00:00:00+00:00,25 bps decrease,1,2026-03,67284,654413,0.065,0,87103283.7263213
2026-02-18 00:00:00+00:00,25 bps decrease,2,2026-04,75478,669661,0.215,0,65311948.7161929
2026-02-19 00:00:00+00:00,25 bps decrease,1,2026-03,67284,654413,0.055,0,87103283.7263213
2026-02-19 00:00:00+00:00,25 bps decrease,2,2026-04,75478,669661,0.19,0,65311948.7161929
2026-02-20 00:00:00+00:00,25 bps decrease,1,2026-03,67284,654413,0.0545,0,87103283.7263213
2026-02-20 00:00:00+00:00,25 bps decrease,2,2026-04,75478,669661,0.21,0,65311948.7161929
2026-02-20 00:00:00+00:00,25 bps decrease,4,2026-06,101772,906973,0.515,0,30934915.761426218
2026-02-21 00:00:00+00:00,25 bps decrease,1,2026-03,67284,654413,0.0445,0,87103283.7263213
2026-02-21 00:00:00+00:00,25 bps decrease,2,2026-04,75478,669661,0.17,0,65311948.7161929
2026-02-21 00:00:00+00:00,25 bps decrease,4,2026-06,101772,906973,0.455,0,30934915.761426218
2026-02-22 00:00:00+00:00,25 bps decrease,1,2026-03,67284,654413,0.033,0,87103283.7263213
2026-02-22 00:00:00+00:00,25 bps decrease,2,2026-04,75478,669661,0.175,0,65311948.7161929
2026-02-22 00:00:00+00:00,25 bps decrease,4,2026-06,101772,906973,0.445,0,30934915.761426218
2026-02-23 00:00:00+00:00,25 bps decrease,1,2026-03,67284,654413,0.0295,0,87103283.7263213
2026-02-23 00:00:00+00:00,25 bps decrease,2,2026-04,75478,669661,0.155,0,65311948.7161929
2026-02-23 00:00:00+00:00,25 bps decrease,4,2026-06,101772,906973,0.44,0,30934915.761426218
2026-02-24 00:00:00+00:00,25 bps decrease,1,2026-03,67284,654413,0.0265,0,87103283.7263213
2026-02-24 00:00:00+00:00,25 bps decrease,2,2026-04,75478,669661,0.13,0,65311948.7161929
2026-02-24 00:00:00+00:00,25 bps decrease,4,2026-06,101772,906973,0.475,0,30934915.761426218
2026-02-25 00:00:00+00:00,25 bps decrease,1,2026-03,67284,654413,0.0215,0,87103283.7263213
2026-02-25 00:00:00+00:00,25 bps decrease,2,2026-04,75478,669661,0.115,0,65311948.7161929
2026-02-25 00:00:00+00:00,25 bps decrease,4,2026-06,101772,906973,0.47,0,30934915.761426218
2026-02-26 00:00:00+00:00,25 bps decrease,1,2026-03,67284,654413,0.0175,0,87103283.7263213
2026-02-26 00:00:00+00:00,25 bps decrease,2,2026-04,75478,669661,0.11,0,65311948.7161929
2026-02-26 00:00:00+00:00,25 bps decrease,4,2026-06,101772,906973,0.445,0,30934915.761426218
2026-02-27 00:00:00+00:00,25 bps decrease,1,2026-03,67284,654413,0.0175,0,87103283.7263213
2026-02-27 00:00:00+00:00,25 bps decrease,2,2026-04,75478,669661,0.095,0,65311948.7161929
2026-02-27 00:00:00+00:00,25 bps decrease,4,2026-06,101772,906973,0.44,0,30934915.761426218
2026-02-28 00:00:00+00:00,25 bps decrease,1,2026-03,67284,654413,0.0185,0,87103283.7263213
2026-02-28 00:00:00+00:00,25 bps decrease,2,2026-04,75478,669661,0.105,0,65311948.7161929
2026-02-28 00:00:00+00:00,25 bps decrease,4,2026-06,101772,906973,0.465,0,30934915.761426218
2026-03-01 00:00:00+00:00,25 bps decrease,0,2026-03,67284,654413,0.0415,0,87103283.7263213
2026-03-02 00:00:00+00:00,25 bps decrease,0,2026-03,67284,654413,0.027,0,87103283.7263213
2026-03-02 00:00:00+00:00,25 bps decrease,1,2026-04,75478,669661,0.135,0,65311948.7161929
2026-03-03 00:00:00+00:00,25 bps decrease,0,2026-03,67284,654413,0.019,0,87103283.7263213
2026-03-03 00:00:00+00:00,25 bps decrease,1,2026-04,75478,669661,0.115,0,65311948.7161929
2026-03-03 00:00:00+00:00,25 bps decrease,3,2026-06,101772,906973,0.42,0,30934915.761426218
2026-03-04 00:00:00+00:00,25 bps decrease,0,2026-03,67284,654413,0.0185,0,87103283.7263213
2026-03-04 00:00:00+00:00,25 bps decrease,1,2026-04,75478,669661,0.115,0,65311948.7161929
2026-03-04 00:00:00+00:00,25 bps decrease,3,2026-06,101772,906973,0.295,0,30934915.761426218
2026-03-05 00:00:00+00:00,25 bps decrease,0,2026-03,67284,654413,0.0085,0,87103283.7263213
2026-03-05 00:00:00+00:00,25 bps decrease,1,2026-04,75478,669661,0.085,0,65311948.7161929
2026-03-05 00:00:00+00:00,25 bps decrease,3,2026-06,101772,906973,0.275,0,30934915.761426218
2026-03-06 00:00:00+00:00,25 bps decrease,0,2026-03,67284,654413,0.0065,0,87103283.7263213
2026-03-06 00:00:00+00:00,25 bps decrease,1,2026-04,75478,669661,0.085,0,65311948.7161929
2026-03-06 00:00:00+00:00,25 bps decrease,3,2026-06,101772,906973,0.285,0,30934915.761426218
2026-03-07 00:00:00+00:00,25 bps decrease,0,2026-03,67284,654413,0.014,0,87103283.7263213
2026-03-07 00:00:00+00:00,25 bps decrease,1,2026-04,75478,669661,0.1,0,65311948.7161929
2026-03-07 00:00:00+00:00,25 bps decrease,3,2026-06,101772,906973,0.325,0,30934915.761426218
2026-03-08 00:00:00+00:00,25 bps decrease,0,2026-03,67284,654413,0.011,0,87103283.7263213
2026-03-08 00:00:00+00:00,25 bps decrease,1,2026-04,75478,669661,0.095,0,65311948.7161929
2026-03-08 00:00:00+00:00,25 bps decrease,3,2026-06,101772,906973,0.355,0,30934915.761426218
2026-03-09 00:00:00+00:00,25 bps decrease,0,2026-03,67284,654413,0.0125,0,87103283.7263213
2026-03-09 00:00:00+00:00,25 bps decrease,1,2026-04,75478,669661,0.125,0,65311948.7161929
2026-03-09 00:00:00+00:00,25 bps decrease,3,2026-06,101772,906973,0.35,0,30934915.761426218
2026-03-10 00:00:00+00:00,25 bps decrease,0,2026-03,67284,654413,0.0085,0,87103283.7263213
2026-03-10 00:00:00+00:00,25 bps decrease,1,2026-04,75478,669661,0.115,0,65311948.7161929
2026-03-10 00:00:00+00:00,25 bps decrease,3,2026-06,101772,906973,0.29,0,30934915.761426218
2026-03-11 00:00:00+00:00,25 bps decrease,0,2026-03,67284,654413,0.0065,0,87103283.7263213
2026-03-11 00:00:00+00:00,25 bps decrease,1,2026-04,75478,669661,0.095,0,65311948.7161929
2026-03-11 00:00:00+00:00,25 bps decrease,3,2026-06,101772,906973,0.375,0,30934915.761426218
2026-03-12 00:00:00+00:00,25 bps decrease,0,2026-03,67284,654413,0.0045,0,87103283.7263213
2026-03-12 00:00:00+00:00,25 bps decrease,1,2026-04,75478,669661,0.075,0,65311948.7161929
2026-03-12 00:00:00+00:00,25 bps decrease,3,2026-06,101772,906973,0.345,0,30934915.761426218
2026-03-13 00:00:00+00:00,25 bps decrease,0,2026-03,67284,654413,0.0035,0,87103283.7263213
2026-03-14 00:00:00+00:00,25 bps decrease,0,2026-03,67284,654413,0.0025,0,87103283.7263213
2026-03-14 00:00:00+00:00,25 bps decrease,1,2026-04,75478,669661,0.055,0,65311948.7161929
2026-03-14 00:00:00+00:00,25 bps decrease,3,2026-06,101772,906973,0.33,0,30934915.761426218
2026-03-15 00:00:00+00:00,25 bps decrease,0,2026-03,67284,654413,0.0025,0,87103283.7263213
2026-03-15 00:00:00+00:00,25 bps decrease,3,2026-06,101772,906973,0.305,0,30934915.761426218
2026-03-16 00:00:00+00:00,25 bps decrease,0,2026-03,67284,654413,0.0035,0,87103283.7263213
2026-03-16 00:00:00+00:00,25 bps decrease,3,2026-06,101772,906973,0.295,0,30934915.761426218
2026-03-17 00:00:00+00:00,25 bps decrease,0,2026-03,67284,654413,0.0035,0,87103283.7263213
2026-03-17 00:00:00+00:00,25 bps decrease,1,2026-04,75478,669661,0.0385,0,65311948.7161929
2026-03-17 00:00:00+00:00,25 bps decrease,3,2026-06,101772,906973,0.305,0,30934915.761426218
2026-03-18 00:00:00+00:00,25 bps decrease,0,2026-03,67284,654413,0.0045,0,87103283.7263213
2026-03-18 00:00:00+00:00,25 bps decrease,1,2026-04,75478,669661,0.0345,0,65311948.7161929
2026-03-18 00:00:00+00:00,25 bps decrease,3,2026-06,101772,906973,0.295,0,30934915.761426218
2026-03-19 00:00:00+00:00,25 bps decrease,3,2026-06,101772,906973,0.085,0,30934915.761426218
2026-03-20 00:00:00+00:00,25 bps decrease,1,2026-04,75478,669661,0.021,0,65311948.7161929
2026-03-20 00:00:00+00:00,25 bps decrease,3,2026-06,101772,906973,0.115,0,30934915.761426218
2026-03-21 00:00:00+00:00,25 bps decrease,1,2026-04,75478,669661,0.015,0,65311948.7161929
2026-03-21 00:00:00+00:00,25 bps decrease,3,2026-06,101772,906973,0.085,0,30934915.761426218
2026-03-21 00:00:00+00:00,25 bps decrease,4,2026-07,287395,1654957,0.175,0,27994692.422440995
2026-03-22 00:00:00+00:00,25 bps decrease,1,2026-04,75478,669661,0.0125,0,65311948.7161929
2026-03-22 00:00:00+00:00,25 bps decrease,3,2026-06,101772,906973,0.105,0,30934915.761426218
2026-03-22 00:00:00+00:00,25 bps decrease,4,2026-07,287395,1654957,0.16,0,27994692.422440995
2026-03-23 00:00:00+00:00,25 bps decrease,1,2026-04,75478,669661,0.0125,0,65311948.7161929
2026-03-23 00:00:00+00:00,25 bps decrease,3,2026-06,101772,906973,0.105,0,30934915.761426218
2026-03-23 00:00:00+00:00,25 bps decrease,4,2026-07,287395,1654957,0.155,0,27994692.422440995
2026-03-24 00:00:00+00:00,25 bps decrease,1,2026-04,75478,669661,0.0125,0,65311948.7161929
2026-03-24 00:00:00+00:00,25 bps decrease,3,2026-06,101772,906973,0.075,0,30934915.761426218
2026-03-24 00:00:00+00:00,25 bps decrease,4,2026-07,287395,1654957,0.16,0,27994692.422440995
2026-03-25 00:00:00+00:00,25 bps decrease,1,2026-04,75478,669661,0.0125,0,65311948.7161929
2026-03-25 00:00:00+00:00,25 bps decrease,3,2026-06,101772,906973,0.075,0,30934915.761426218
2026-03-25 00:00:00+00:00,25 bps decrease,4,2026-07,287395,1654957,0.165,0,27994692.422440995
2026-03-26 00:00:00+00:00,25 bps decrease,1,2026-04,75478,669661,0.0125,0,65311948.7161929
2026-03-26 00:00:00+00:00,25 bps decrease,3,2026-06,101772,906973,0.08,0,30934915.761426218
2026-03-26 00:00:00+00:00,25 bps decrease,4,2026-07,287395,1654957,0.16,0,27994692.422440995
2026-03-27 00:00:00+00:00,25 bps decrease,1,2026-04,75478,669661,0.0105,0,65311948.7161929
2026-03-27 00:00:00+00:00,25 bps decrease,3,2026-06,101772,906973,0.085,0,30934915.761426218
2026-03-27 00:00:00+00:00,25 bps decrease,4,2026-07,287395,1654957,0.18,0,27994692.422440995
2026-03-28 00:00:00+00:00,25 bps decrease,1,2026-04,75478,669661,0.0105,0,65311948.7161929
2026-03-28 00:00:00+00:00,25 bps decrease,3,2026-06,101772,906973,0.075,0,30934915.761426218
2026-03-28 00:00:00+00:00,25 bps decrease,4,2026-07,287395,1654957,0.16,0,27994692.422440995
2026-03-29 00:00:00+00:00,25 bps decrease,1,2026-04,75478,669661,0.0105,0,65311948.7161929
2026-03-29 00:00:00+00:00,25 bps decrease,3,2026-06,101772,906973,0.065,0,30934915.761426218
2026-03-29 00:00:00+00:00,25 bps decrease,4,2026-07,287395,1654957,0.155,0,27994692.422440995
2026-03-30 00:00:00+00:00,25 bps decrease,4,2026-07,287395,1654957,0.135,0,27994692.422440995
2026-03-31 00:00:00+00:00,25 bps decrease,4,2026-07,287395,1654957,0.125,0,27994692.422440995
2026-04-01 00:00:00+00:00,25 bps decrease,3,2026-07,287395,1654957,0.105,0,27994692.422440995
2026-04-02 00:00:00+00:00,25 bps decrease,3,2026-07,287395,1654957,0.13,0,27994692.422440995
2026-04-03 00:00:00+00:00,25 bps decrease,3,2026-07,287395,1654957,0.125,0,27994692.422440995
2026-04-04 00:00:00+00:00,25 bps decrease,3,2026-07,287395,1654957,0.135,0,27994692.422440995
2026-04-05 00:00:00+00:00,25 bps decrease,0,2026-04,75478,669661,0.0065,0,65311948.7161929
2026-04-06 00:00:00+00:00,25 bps decrease,3,2026-07,287395,1654957,0.135,0,27994692.422440995
2026-04-07 00:00:00+00:00,25 bps decrease,3,2026-07,287395,1654957,0.125,0,27994692.422440995
2026-04-08 00:00:00+00:00,25 bps decrease,3,2026-07,287395,1654957,0.13,0,27994692.422440995
2026-04-09 00:00:00+00:00,25 bps decrease,0,2026-04,75478,669661,0.0065,0,65311948.7161929
2026-04-09 00:00:00+00:00,25 bps decrease,2,2026-06,101772,906973,0.085,0,30934915.761426218
2026-04-09 00:00:00+00:00,25 bps decrease,3,2026-07,287395,1654957,0.125,0,27994692.422440995
2026-04-10 00:00:00+00:00,25 bps decrease,3,2026-07,287395,1654957,0.13,0,27994692.422440995
2026-04-11 00:00:00+00:00,25 bps decrease,3,2026-07,287395,1654957,0.145,0,27994692.422440995
2026-04-12 00:00:00+00:00,25 bps decrease,0,2026-04,75478,669661,0.0075,0,65311948.7161929
2026-04-13 00:00:00+00:00,25 bps decrease,3,2026-07,287395,1654957,0.11,0,27994692.422440995
2026-04-15 00:00:00+00:00,25 bps decrease,3,2026-07,287395,1654957,0.115,0,27994692.422440995
2026-04-16 00:00:00+00:00,25 bps decrease,3,2026-07,287395,1654957,0.095,0,27994692.422440995
2026-04-17 00:00:00+00:00,25 bps decrease,3,2026-07,287395,1654957,0.135,0,27994692.422440995
2026-04-18 00:00:00+00:00,25 bps decrease,0,2026-04,75478,669661,0.0035,0,65311948.7161929
2026-04-18 00:00:00+00:00,25 bps decrease,2,2026-06,101772,906973,0.045,0,30934915.761426218
2026-04-19 00:00:00+00:00,25 bps decrease,3,2026-07,287395,1654957,0.145,0,27994692.422440995
2026-04-20 00:00:00+00:00,25 bps decrease,3,2026-07,287395,1654957,0.13,0,27994692.422440995
2026-04-21 00:00:00+00:00,25 bps decrease,3,2026-07,287395,1654957,0.125,0,27994692.422440995
2026-04-22 00:00:00+00:00,25 bps decrease,0,2026-04,75478,669661,0.0025,0,65311948.7161929
2026-04-22 00:00:00+00:00,25 bps decrease,2,2026-06,101772,906973,0.045,0,30934915.761426218
2026-04-22 00:00:00+00:00,25 bps decrease,3,2026-07,287395,1654957,0.115,0,27994692.422440995
2026-04-23 00:00:00+00:00,25 bps decrease,0,2026-04,75478,669661,0.0035,0,65311948.7161929
2026-04-23 00:00:00+00:00,25 bps decrease,2,2026-06,101772,906973,0.043,0,30934915.761426218
2026-04-23 00:00:00+00:00,25 bps decrease,3,2026-07,287395,1654957,0.115,0,27994692.422440995
2026-04-24 00:00:00+00:00,25 bps decrease,0,2026-04,75478,669661,0.0025,0,65311948.7161929
2026-04-24 00:00:00+00:00,25 bps decrease,2,2026-06,101772,906973,0.0505,0,30934915.761426218
2026-04-24 00:00:00+00:00,25 bps decrease,3,2026-07,287395,1654957,0.115,0,27994692.422440995
2026-04-25 00:00:00+00:00,25 bps decrease,0,2026-04,75478,669661,0.0025,0,65311948.7161929
2026-04-25 00:00:00+00:00,25 bps decrease,2,2026-06,101772,906973,0.0445,0,30934915.761426218
2026-04-25 00:00:00+00:00,25 bps decrease,3,2026-07,287395,1654957,0.095,0,27994692.422440995
2026-04-26 00:00:00+00:00,25 bps decrease,0,2026-04,75478,669661,0.0015,0,65311948.7161929
2026-04-26 00:00:00+00:00,25 bps decrease,2,2026-06,101772,906973,0.053,0,30934915.761426218
2026-04-26 00:00:00+00:00,25 bps decrease,3,2026-07,287395,1654957,0.095,0,27994692.422440995
2026-04-27 00:00:00+00:00,25 bps decrease,0,2026-04,75478,669661,0.0005,0,65311948.7161929
2026-04-27 00:00:00+00:00,25 bps decrease,2,2026-06,101772,906973,0.0445,0,30934915.761426218
2026-04-27 00:00:00+00:00,25 bps decrease,3,2026-07,287395,1654957,0.085,0,27994692.422440995
2026-04-28 00:00:00+00:00,25 bps decrease,0,2026-04,75478,669661,0.0005,0,65311948.7161929
2026-04-28 00:00:00+00:00,25 bps decrease,2,2026-06,101772,906973,0.0375,0,30934915.761426218
2026-04-28 00:00:00+00:00,25 bps decrease,3,2026-07,287395,1654957,0.105,0,27994692.422440995
2026-04-29 00:00:00+00:00,25 bps decrease,0,2026-04,75478,669661,0.0005,0,65311948.7161929
2026-04-29 00:00:00+00:00,25 bps decrease,2,2026-06,101772,906973,0.0445,0,30934915.761426218
2026-04-29 00:00:00+00:00,25 bps decrease,3,2026-07,287395,1654957,0.095,0,27994692.422440995
2026-04-30 00:00:00+00:00,25 bps decrease,2,2026-06,101772,906973,0.0335,0,30934915.761426218
2026-04-30 00:00:00+00:00,25 bps decrease,3,2026-07,287395,1654957,0.095,0,27994692.422440995
2026-05-01 00:00:00+00:00,25 bps decrease,1,2026-06,101772,906973,0.0345,0,30934915.761426218
2026-05-01 00:00:00+00:00,25 bps decrease,2,2026-07,287395,1654957,0.075,0,27994692.422440995
2026-05-02 00:00:00+00:00,25 bps decrease,1,2026-06,101772,906973,0.0405,0,30934915.761426218
2026-05-02 00:00:00+00:00,25 bps decrease,2,2026-07,287395,1654957,0.075,0,27994692.422440995
2026-05-03 00:00:00+00:00,25 bps decrease,1,2026-06,101772,906973,0.0385,0,30934915.761426218
2026-05-03 00:00:00+00:00,25 bps decrease,2,2026-07,287395,1654957,0.065,0,27994692.422440995
2026-05-04 00:00:00+00:00,25 bps decrease,1,2026-06,101772,906973,0.0365,0,30934915.761426218
2026-05-04 00:00:00+00:00,25 bps decrease,2,2026-07,287395,1654957,0.065,0,27994692.422440995
2026-05-05 00:00:00+00:00,25 bps decrease,1,2026-06,101772,906973,0.024,0,30934915.761426218
2026-05-05 00:00:00+00:00,25 bps decrease,2,2026-07,287395,1654957,0.065,0,27994692.422440995
2026-05-06 00:00:00+00:00,25 bps decrease,1,2026-06,101772,906973,0.0285,0,30934915.761426218
2026-05-06 00:00:00+00:00,25 bps decrease,2,2026-07,287395,1654957,0.0335,0,27994692.422440995
2026-05-07 00:00:00+00:00,25 bps decrease,1,2026-06,101772,906973,0.0325,0,30934915.761426218
2026-05-07 00:00:00+00:00,25 bps decrease,2,2026-07,287395,1654957,0.044,0,27994692.422440995
2026-05-08 00:00:00+00:00,25 bps decrease,1,2026-06,101772,906973,0.0295,0,30934915.761426218
2026-05-08 00:00:00+00:00,25 bps decrease,2,2026-07,287395,1654957,0.051,0,27994692.422440995
2026-05-09 00:00:00+00:00,25 bps decrease,1,2026-06,101772,906973,0.0165,0,30934915.761426218
2026-05-09 00:00:00+00:00,25 bps decrease,2,2026-07,287395,1654957,0.0505,0,27994692.422440995
2026-05-10 00:00:00+00:00,25 bps decrease,1,2026-06,101772,906973,0.0155,0,30934915.761426218
2026-05-10 00:00:00+00:00,25 bps decrease,2,2026-07,287395,1654957,0.0565,0,27994692.422440995
2026-05-11 00:00:00+00:00,25 bps decrease,1,2026-06,101772,906973,0.0205,0,30934915.761426218
2026-05-11 00:00:00+00:00,25 bps decrease,2,2026-07,287395,1654957,0.0575,0,27994692.422440995
2026-05-12 00:00:00+00:00,25 bps decrease,1,2026-06,101772,906973,0.0215,0,30934915.761426218
2026-05-12 00:00:00+00:00,25 bps decrease,2,2026-07,287395,1654957,0.0575,0,27994692.422440995
2026-05-13 00:00:00+00:00,25 bps decrease,1,2026-06,101772,906973,0.0145,0,30934915.761426218
2026-05-13 00:00:00+00:00,25 bps decrease,2,2026-07,287395,1654957,0.0535,0,27994692.422440995
2026-05-14 00:00:00+00:00,25 bps decrease,1,2026-06,101772,906973,0.0135,0,30934915.761426218
2026-05-14 00:00:00+00:00,25 bps decrease,2,2026-07,287395,1654957,0.0525,0,27994692.422440995
2026-05-14 00:00:00+00:00,25 bps decrease,4,2026-09,481717,2252243,0.375,0,56255118.64173398
2026-05-15 00:00:00+00:00,25 bps decrease,1,2026-06,101772,906973,0.0145,0,30934915.761426218
2026-05-15 00:00:00+00:00,25 bps decrease,2,2026-07,287395,1654957,0.0425,0,27994692.422440995
2026-05-15 00:00:00+00:00,25 bps decrease,4,2026-09,481717,2252243,0.09,0,56255118.64173398
2026-05-16 00:00:00+00:00,25 bps decrease,1,2026-06,101772,906973,0.0085,0,30934915.761426218
2026-05-16 00:00:00+00:00,25 bps decrease,2,2026-07,287395,1654957,0.0305,0,27994692.422440995
2026-05-16 00:00:00+00:00,25 bps decrease,4,2026-09,481717,2252243,0.135,0,56255118.64173398
2026-05-17 00:00:00+00:00,25 bps decrease,1,2026-06,101772,906973,0.0065,0,30934915.761426218
2026-05-17 00:00:00+00:00,25 bps decrease,2,2026-07,287395,1654957,0.0305,0,27994692.422440995
2026-05-17 00:00:00+00:00,25 bps decrease,4,2026-09,481717,2252243,0.09,0,56255118.64173398
2026-05-18 00:00:00+00:00,25 bps decrease,1,2026-06,101772,906973,0.0105,0,30934915.761426218
2026-05-18 00:00:00+00:00,25 bps decrease,2,2026-07,287395,1654957,0.0205,0,27994692.422440995
2026-05-18 00:00:00+00:00,25 bps decrease,4,2026-09,481717,2252243,0.075,0,56255118.64173398
2026-05-19 00:00:00+00:00,25 bps decrease,1,2026-06,101772,906973,0.0075,0,30934915.761426218
2026-05-19 00:00:00+00:00,25 bps decrease,2,2026-07,287395,1654957,0.0205,0,27994692.422440995
2026-05-19 00:00:00+00:00,25 bps decrease,4,2026-09,481717,2252243,0.07,0,56255118.64173398
2026-05-20 00:00:00+00:00,25 bps decrease,1,2026-06,101772,906973,0.0085,0,30934915.761426218
2026-05-20 00:00:00+00:00,25 bps decrease,2,2026-07,287395,1654957,0.015,0,27994692.422440995
2026-05-20 00:00:00+00:00,25 bps decrease,4,2026-09,481717,2252243,0.095,0,56255118.64173398
2026-05-21 00:00:00+00:00,25 bps decrease,1,2026-06,101772,906973,0.0105,0,30934915.761426218
2026-05-21 00:00:00+00:00,25 bps decrease,2,2026-07,287395,1654957,0.0115,0,27994692.422440995
2026-05-21 00:00:00+00:00,25 bps decrease,4,2026-09,481717,2252243,0.095,0,56255118.64173398
2026-05-22 00:00:00+00:00,25 bps decrease,1,2026-06,101772,906973,0.0085,0,30934915.761426218
2026-05-22 00:00:00+00:00,25 bps decrease,2,2026-07,287395,1654957,0.0145,0,27994692.422440995
2026-05-22 00:00:00+00:00,25 bps decrease,4,2026-09,481717,2252243,0.1,0,56255118.64173398
2026-05-23 00:00:00+00:00,25 bps decrease,1,2026-06,101772,906973,0.0105,0,30934915.761426218
2026-05-23 00:00:00+00:00,25 bps decrease,2,2026-07,287395,1654957,0.0135,0,27994692.422440995
2026-05-23 00:00:00+00:00,25 bps decrease,4,2026-09,481717,2252243,0.095,0,56255118.64173398
2026-05-24 00:00:00+00:00,25 bps decrease,1,2026-06,101772,906973,0.0115,0,30934915.761426218
2026-05-24 00:00:00+00:00,25 bps decrease,2,2026-07,287395,1654957,0.021,0,27994692.422440995
2026-05-24 00:00:00+00:00,25 bps decrease,4,2026-09,481717,2252243,0.095,0,56255118.64173398
2026-05-25 00:00:00+00:00,25 bps decrease,1,2026-06,101772,906973,0.0115,0,30934915.761426218
2026-05-25 00:00:00+00:00,25 bps decrease,2,2026-07,287395,1654957,0.0235,0,27994692.422440995
2026-05-25 00:00:00+00:00,25 bps decrease,4,2026-09,481717,2252243,0.105,0,56255118.64173398
2026-05-26 00:00:00+00:00,25 bps decrease,1,2026-06,101772,906973,0.0135,0,30934915.761426218
2026-05-26 00:00:00+00:00,25 bps decrease,2,2026-07,287395,1654957,0.024,0,27994692.422440995
2026-05-26 00:00:00+00:00,25 bps decrease,4,2026-09,481717,2252243,0.11,0,56255118.64173398
2026-05-27 00:00:00+00:00,25 bps decrease,1,2026-06,101772,906973,0.0165,0,30934915.761426218
2026-05-27 00:00:00+00:00,25 bps decrease,2,2026-07,287395,1654957,0.0295,0,27994692.422440995
2026-05-27 00:00:00+00:00,25 bps decrease,4,2026-09,481717,2252243,0.11,0,56255118.64173398
2026-05-28 00:00:00+00:00,25 bps decrease,1,2026-06,101772,906973,0.0135,0,30934915.761426218
2026-05-28 00:00:00+00:00,25 bps decrease,2,2026-07,287395,1654957,0.0315,0,27994692.422440995
2026-05-28 00:00:00+00:00,25 bps decrease,4,2026-09,481717,2252243,0.085,0,56255118.64173398
2026-05-29 00:00:00+00:00,25 bps decrease,1,2026-06,101772,906973,0.0105,0,30934915.761426218
2026-05-29 00:00:00+00:00,25 bps decrease,2,2026-07,287395,1654957,0.0315,0,27994692.422440995
2026-05-29 00:00:00+00:00,25 bps decrease,4,2026-09,481717,2252243,0.085,0,56255118.64173398
2026-05-30 00:00:00+00:00,25 bps decrease,1,2026-06,101772,906973,0.0105,0,30934915.761426218
2026-05-30 00:00:00+00:00,25 bps decrease,2,2026-07,287395,1654957,0.0345,0,27994692.422440995
2026-05-30 00:00:00+00:00,25 bps decrease,4,2026-09,481717,2252243,0.085,0,56255118.64173398
2026-05-31 00:00:00+00:00,25 bps decrease,1,2026-06,101772,906973,0.0105,0,30934915.761426218
2026-05-31 00:00:00+00:00,25 bps decrease,2,2026-07,287395,1654957,0.0285,0,27994692.422440995
2026-05-31 00:00:00+00:00,25 bps decrease,4,2026-09,481717,2252243,0.075,0,56255118.64173398
2026-06-01 00:00:00+00:00,25 bps decrease,0,2026-06,101772,906973,0.0095,0,30934915.761426218
2026-06-01 00:00:00+00:00,25 bps decrease,1,2026-07,287395,1654957,0.0315,0,27994692.422440995
2026-06-01 00:00:00+00:00,25 bps decrease,3,2026-09,481717,2252243,0.08,0,56255118.64173398
2026-06-02 00:00:00+00:00,25 bps decrease,0,2026-06,101772,906973,0.0085,0,30934915.761426218
2026-06-02 00:00:00+00:00,25 bps decrease,1,2026-07,287395,1654957,0.0235,0,27994692.422440995
2026-06-02 00:00:00+00:00,25 bps decrease,3,2026-09,481717,2252243,0.08,0,56255118.64173398
2026-06-03 00:00:00+00:00,25 bps decrease,0,2026-06,101772,906973,0.0095,0,30934915.761426218
2026-06-03 00:00:00+00:00,25 bps decrease,1,2026-07,287395,1654957,0.0235,0,27994692.422440995
2026-06-03 00:00:00+00:00,25 bps decrease,3,2026-09,481717,2252243,0.08,0,56255118.64173398
2026-06-04 00:00:00+00:00,25 bps decrease,0,2026-06,101772,906973,0.0075,0,30934915.761426218
2026-06-04 00:00:00+00:00,25 bps decrease,1,2026-07,287395,1654957,0.0185,0,27994692.422440995
2026-06-04 00:00:00+00:00,25 bps decrease,3,2026-09,481717,2252243,0.07,0,56255118.64173398
2026-06-05 00:00:00+00:00,25 bps decrease,0,2026-06,101772,906973,0.0085,0,30934915.761426218
2026-06-05 00:00:00+00:00,25 bps decrease,1,2026-07,287395,1654957,0.02,0,27994692.422440995
2026-06-05 00:00:00+00:00,25 bps decrease,3,2026-09,481717,2252243,0.065,0,56255118.64173398
2026-06-06 00:00:00+00:00,25 bps decrease,0,2026-06,101772,906973,0.0065,0,30934915.761426218
2026-06-06 00:00:00+00:00,25 bps decrease,1,2026-07,287395,1654957,0.0155,0,27994692.422440995
2026-06-06 00:00:00+00:00,25 bps decrease,3,2026-09,481717,2252243,0.055,0,56255118.64173398
2026-06-07 00:00:00+00:00,25 bps decrease,0,2026-06,101772,906973,0.0045,0,30934915.761426218
2026-06-07 00:00:00+00:00,25 bps decrease,1,2026-07,287395,1654957,0.0165,0,27994692.422440995
2026-06-07 00:00:00+00:00,25 bps decrease,3,2026-09,481717,2252243,0.045,0,56255118.64173398
2026-06-08 00:00:00+00:00,25 bps decrease,0,2026-06,101772,906973,0.0055,0,30934915.761426218
2026-06-08 00:00:00+00:00,25 bps decrease,1,2026-07,287395,1654957,0.0155,0,27994692.422440995
2026-06-08 00:00:00+00:00,25 bps decrease,3,2026-09,481717,2252243,0.0305,0,56255118.64173398
2026-06-09 00:00:00+00:00,25 bps decrease,0,2026-06,101772,906973,0.0045,0,30934915.761426218
2026-06-09 00:00:00+00:00,25 bps decrease,1,2026-07,287395,1654957,0.0145,0,27994692.422440995
2026-06-09 00:00:00+00:00,25 bps decrease,3,2026-09,481717,2252243,0.0315,0,56255118.64173398
2026-06-10 00:00:00+00:00,25 bps decrease,0,2026-06,101772,906973,0.0035,0,30934915.761426218
2026-06-10 00:00:00+00:00,25 bps decrease,1,2026-07,287395,1654957,0.016,0,27994692.422440995
2026-06-10 00:00:00+00:00,25 bps decrease,3,2026-09,481717,2252243,0.033,0,56255118.64173398
2026-06-11 00:00:00+00:00,25 bps decrease,0,2026-06,101772,906973,0.0025,0,30934915.761426218
2026-06-11 00:00:00+00:00,25 bps decrease,1,2026-07,287395,1654957,0.0155,0,27994692.422440995
2026-06-11 00:00:00+00:00,25 bps decrease,3,2026-09,481717,2252243,0.033,0,56255118.64173398
2026-06-12 00:00:00+00:00,25 bps decrease,0,2026-06,101772,906973,0.0025,0,30934915.761426218
2026-06-12 00:00:00+00:00,25 bps decrease,1,2026-07,287395,1654957,0.0195,0,27994692.422440995
2026-06-12 00:00:00+00:00,25 bps decrease,3,2026-09,481717,2252243,0.0355,0,56255118.64173398
2026-06-13 00:00:00+00:00,25 bps decrease,0,2026-06,101772,906973,0.004,0,30934915.761426218
2026-06-13 00:00:00+00:00,25 bps decrease,1,2026-07,287395,1654957,0.0205,0,27994692.422440995
2026-06-13 00:00:00+00:00,25 bps decrease,3,2026-09,481717,2252243,0.0565,0,56255118.64173398
2026-06-14 00:00:00+00:00,25 bps decrease,0,2026-06,101772,906973,0.003,0,30934915.761426218
2026-06-14 00:00:00+00:00,25 bps decrease,1,2026-07,287395,1654957,0.0205,0,27994692.422440995
2026-06-14 00:00:00+00:00,25 bps decrease,3,2026-09,481717,2252243,0.075,0,56255118.64173398
2026-06-15 00:00:00+00:00,25 bps decrease,0,2026-06,101772,906973,0.0025,0,30934915.761426218
2026-06-15 00:00:00+00:00,25 bps decrease,1,2026-07,287395,1654957,0.031,0,27994692.422440995
2026-06-15 00:00:00+00:00,25 bps decrease,3,2026-09,481717,2252243,0.0835,0,56255118.64173398
2026-06-16 00:00:00+00:00,25 bps decrease,0,2026-06,101772,906973,0.0045,0,30934915.761426218
2026-06-16 00:00:00+00:00,25 bps decrease,1,2026-07,287395,1654957,0.0245,0,27994692.422440995
2026-06-16 00:00:00+00:00,25 bps decrease,3,2026-09,481717,2252243,0.1125,0,56255118.64173398
2026-06-17 00:00:00+00:00,25 bps decrease,0,2026-06,101772,906973,0.0025,0,30934915.761426218
2026-06-17 00:00:00+00:00,25 bps decrease,1,2026-07,287395,1654957,0.039,0,27994692.422440995
2026-06-17 00:00:00+00:00,25 bps decrease,3,2026-09,481717,2252243,0.115,0,56255118.64173398
2026-06-18 00:00:00+00:00,25 bps decrease,1,2026-07,287395,1654957,0.0175,0,27994692.422440995
2026-06-18 00:00:00+00:00,25 bps decrease,3,2026-09,481717,2252243,0.0605,0,56255118.64173398
2026-06-19 00:00:00+00:00,25 bps decrease,1,2026-07,287395,1654957,0.013,0,27994692.422440995
2026-06-19 00:00:00+00:00,25 bps decrease,3,2026-09,481717,2252243,0.0525,0,56255118.64173398
2026-06-20 00:00:00+00:00,25 bps decrease,1,2026-07,287395,1654957,0.0165,0,27994692.422440995
2026-06-20 00:00:00+00:00,25 bps decrease,3,2026-09,481717,2252243,0.0655,0,56255118.64173398
2026-06-21 00:00:00+00:00,25 bps decrease,1,2026-07,287395,1654957,0.0105,0,27994692.422440995
2026-06-21 00:00:00+00:00,25 bps decrease,3,2026-09,481717,2252243,0.066,0,56255118.64173398
2026-06-22 00:00:00+00:00,25 bps decrease,1,2026-07,287395,1654957,0.0155,0,27994692.422440995
2026-06-22 00:00:00+00:00,25 bps decrease,3,2026-09,481717,2252243,0.0435,0,56255118.64173398
2026-06-23 00:00:00+00:00,25 bps decrease,1,2026-07,287395,1654957,0.0145,0,27994692.422440995
2026-06-23 00:00:00+00:00,25 bps decrease,3,2026-09,481717,2252243,0.056,0,56255118.64173398
2026-06-24 00:00:00+00:00,25 bps decrease,1,2026-07,287395,1654957,0.0145,0,27994692.422440995
2026-06-24 00:00:00+00:00,25 bps decrease,3,2026-09,481717,2252243,0.04,0,56255118.64173398
2026-06-25 00:00:00+00:00,25 bps decrease,1,2026-07,287395,1654957,0.0145,0,27994692.422440995
2026-06-25 00:00:00+00:00,25 bps decrease,3,2026-09,481717,2252243,0.045,0,56255118.64173398
2026-06-26 00:00:00+00:00,25 bps decrease,1,2026-07,287395,1654957,0.0115,0,27994692.422440995
2026-06-26 00:00:00+00:00,25 bps decrease,3,2026-09,481717,2252243,0.0425,0,56255118.64173398
2026-06-27 00:00:00+00:00,25 bps decrease,1,2026-07,287395,1654957,0.0135,0,27994692.422440995
2026-06-27 00:00:00+00:00,25 bps decrease,3,2026-09,481717,2252243,0.0395,0,56255118.64173398
2026-06-28 00:00:00+00:00,25 bps decrease,1,2026-07,287395,1654957,0.0135,0,27994692.422440995
2026-06-28 00:00:00+00:00,25 bps decrease,3,2026-09,481717,2252243,0.041,0,56255118.64173398
2026-06-29 00:00:00+00:00,25 bps decrease,1,2026-07,287395,1654957,0.0125,0,27994692.422440995
2026-06-29 00:00:00+00:00,25 bps decrease,3,2026-09,481717,2252243,0.0385,0,56255118.64173398
2026-06-30 00:00:00+00:00,25 bps decrease,1,2026-07,287395,1654957,0.0145,0,27994692.422440995
2026-06-30 00:00:00+00:00,25 bps decrease,3,2026-09,481717,2252243,0.0455,0,56255118.64173398
2026-07-01 00:00:00+00:00,25 bps decrease,0,2026-07,287395,1654957,0.0115,0,27994692.422440995
2026-07-01 00:00:00+00:00,25 bps decrease,2,2026-09,481717,2252243,0.044,0,56255118.64173398
2026-07-02 00:00:00+00:00,25 bps decrease,0,2026-07,287395,1654957,0.0085,0,27994692.422440995
2026-07-02 00:00:00+00:00,25 bps decrease,2,2026-09,481717,2252243,0.042,0,56255118.64173398
2026-07-03 00:00:00+00:00,25 bps decrease,0,2026-07,287395,1654957,0.0085,0,27994692.422440995
2026-07-03 00:00:00+00:00,25 bps decrease,2,2026-09,481717,2252243,0.0385,0,56255118.64173398
2026-07-04 00:00:00+00:00,25 bps decrease,0,2026-07,287395,1654957,0.0065,0,27994692.422440995
2026-07-04 00:00:00+00:00,25 bps decrease,2,2026-09,481717,2252243,0.0385,0,56255118.64173398
2026-07-05 00:00:00+00:00,25 bps decrease,0,2026-07,287395,1654957,0.0065,0,27994692.422440995
2026-07-05 00:00:00+00:00,25 bps decrease,2,2026-09,481717,2252243,0.0405,0,56255118.64173398
2026-07-06 00:00:00+00:00,25 bps decrease,0,2026-07,287395,1654957,0.0055,0,27994692.422440995
2026-07-06 00:00:00+00:00,25 bps decrease,2,2026-09,481717,2252243,0.0405,0,56255118.64173398
2026-07-07 00:00:00+00:00,25 bps decrease,0,2026-07,287395,1654957,0.0065,0,27994692.422440995
2026-07-07 00:00:00+00:00,25 bps decrease,2,2026-09,481717,2252243,0.0455,0,56255118.64173398
2026-07-08 00:00:00+00:00,25 bps decrease,0,2026-07,287395,1654957,0.0085,0,27994692.422440995
2026-07-08 00:00:00+00:00,25 bps decrease,2,2026-09,481717,2252243,0.0415,0,56255118.64173398
2026-07-09 00:00:00+00:00,25 bps decrease,0,2026-07,287395,1654957,0.0055,0,27994692.422440995
2026-07-09 00:00:00+00:00,25 bps decrease,2,2026-09,481717,2252243,0.0375,0,56255118.64173398
2026-07-10 00:00:00+00:00,25 bps decrease,0,2026-07,287395,1654957,0.0055,0,27994692.422440995
2026-07-10 00:00:00+00:00,25 bps decrease,2,2026-09,481717,2252243,0.039,0,56255118.64173398
2026-07-11 00:00:00+00:00,25 bps decrease,0,2026-07,287395,1654957,0.0055,0,27994692.422440995
2026-07-11 00:00:00+00:00,25 bps decrease,2,2026-09,481717,2252243,0.0375,0,56255118.64173398
2026-07-12 00:00:00+00:00,25 bps decrease,0,2026-07,287395,1654957,0.0055,0,27994692.422440995
2026-07-12 00:00:00+00:00,25 bps decrease,2,2026-09,481717,2252243,0.039,0,56255118.64173398
2026-07-13 00:00:00+00:00,25 bps decrease,0,2026-07,287395,1654957,0.0055,0,27994692.422440995
2026-07-13 00:00:00+00:00,25 bps decrease,2,2026-09,481717,2252243,0.0355,0,56255118.64173398
2026-07-14 00:00:00+00:00,25 bps decrease,0,2026-07,287395,1654957,0.0045,0,27994692.422440995
2026-07-14 00:00:00+00:00,25 bps decrease,2,2026-09,481717,2252243,0.0355,0,56255118.64173398
2026-07-15 00:00:00+00:00,25 bps decrease,0,2026-07,287395,1654957,0.0055,0,27994692.422440995
2026-07-15 00:00:00+00:00,25 bps decrease,2,2026-09,481717,2252243,0.0395,0,56255118.64173398
2026-07-16 00:00:00+00:00,25 bps decrease,0,2026-07,287395,1654957,0.0035,0,27994692.422440995
2026-07-16 00:00:00+00:00,25 bps decrease,2,2026-09,481717,2252243,0.0405,0,56255118.64173398
2026-07-17 00:00:00+00:00,25 bps decrease,0,2026-07,287395,1654957,0.0035,0,27994692.422440995
2026-07-17 00:00:00+00:00,25 bps decrease,2,2026-09,481717,2252243,0.0395,0,56255118.64173398
2026-07-18 00:00:00+00:00,25 bps decrease,0,2026-07,287395,1654957,0.0025,0,27994692.422440995
2026-07-18 00:00:00+00:00,25 bps decrease,2,2026-09,481717,2252243,0.0375,0,56255118.64173398
2026-07-19 00:00:00+00:00,25 bps decrease,0,2026-07,287395,1654957,0.0035,0,27994692.422440995
2026-07-19 00:00:00+00:00,25 bps decrease,2,2026-09,481717,2252243,0.0335,0,56255118.64173398
2026-07-20 00:00:00+00:00,25 bps decrease,0,2026-07,287395,1654957,0.0035,0,27994692.422440995
2026-07-20 00:00:00+00:00,25 bps decrease,2,2026-09,481717,2252243,0.0325,0,56255118.64173398
2026-07-21 00:00:00+00:00,25 bps decrease,0,2026-07,287395,1654957,0.0035,0,27994692.422440995
2026-07-21 00:00:00+00:00,25 bps decrease,2,2026-09,481717,2252243,0.034,0,56255118.64173398
2026-07-22 00:00:00+00:00,25 bps decrease,0,2026-07,287395,1654957,0.0045,0,27994692.422440995
2026-07-22 00:00:00+00:00,25 bps decrease,2,2026-09,481717,2252243,0.0265,0,56255118.64173398
2026-07-23 00:00:00+00:00,25 bps decrease,0,2026-07,287395,1654957,0.0035,0,27994692.422440995
2026-07-23 00:00:00+00:00,25 bps decrease,2,2026-09,481717,2252243,0.0315,0,56255118.64173398
2026-07-24 00:00:00+00:00,25 bps decrease,0,2026-07,287395,1654957,0.0035,0,27994692.422440995
2026-07-24 00:00:00+00:00,25 bps decrease,2,2026-09,481717,2252243,0.0405,0,56255118.64173398
2026-07-25 00:00:00+00:00,25 bps decrease,0,2026-07,287395,1654957,0.0035,0,27994692.422440995
2026-07-25 00:00:00+00:00,25 bps decrease,2,2026-09,481717,2252243,0.0355,0,56255118.64173398
2026-07-26 00:00:00+00:00,25 bps decrease,0,2026-07,287395,1654957,0.0045,0,27994692.422440995
2026-07-26 00:00:00+00:00,25 bps decrease,2,2026-09,481717,2252243,0.037,0,56255118.64173398
2026-07-27 00:00:00+00:00,25 bps decrease,0,2026-07,287395,1654957,0.0035,0,27994692.422440995
2026-07-27 00:00:00+00:00,25 bps decrease,2,2026-09,481717,2252243,0.037,0,56255118.64173398
2026-07-28 00:00:00+00:00,25 bps decrease,0,2026-07,287395,1654957,0.0015,0,27994692.422440995
2026-07-28 00:00:00+00:00,25 bps decrease,2,2026-09,481717,2252243,0.0375,0,56255118.64173398
2026-07-29 00:00:00+00:00,25 bps decrease,0,2026-07,287395,1654957,0.0015,0,27994692.422440995
2026-07-30 00:00:00+00:00,25 bps decrease,2,2026-09,481717,2252243,0.0255,0,56255118.64173398
2026-07-31 00:00:00+00:00,25 bps decrease,2,2026-09,481717,2252243,0.0265,0,56255118.64173398
2026-08-01 00:00:00+00:00,25 bps decrease,1,2026-09,481717,2252243,0.0175,0,56255118.64173398
2026-08-02 00:00:00+00:00,25 bps decrease,1,2026-09,481717,2252243,0.0205,0,56255118.64173398
2026-08-03 00:00:00+00:00,25 bps decrease,1,2026-09,481717,2252243,0.0115,0,56255118.64173398
2026-08-04 00:00:00+00:00,25 bps decrease,1,2026-09,481717,2252243,0.0105,0,56255118.64173398
2026-08-05 00:00:00+00:00,25 bps decrease,1,2026-09,481717,2252243,0.0145,0,56255118.64173398
2026-08-06 00:00:00+00:00,25 bps decrease,1,2026-09,481717,2252243,0.0125,0,56255118.64173398
2026-08-07 00:00:00+00:00,25 bps decrease,1,2026-09,481717,2252243,0.0175,0,56255118.64173398
2026-08-08 00:00:00+00:00,25 bps decrease,1,2026-09,481717,2252243,0.0175,0,56255118.64173398
2026-08-09 00:00:00+00:00,25 bps decrease,1,2026-09,481717,2252243,0.0175,0,56255118.64173398
2026-08-10 00:00:00+00:00,25 bps decrease,1,2026-09,481717,2252243,0.019,0,56255118.64173398
2026-08-11 00:00:00+00:00,25 bps decrease,1,2026-09,481717,2252243,0.0155,0,56255118.64173398
2026-08-12 00:00:00+00:00,25 bps decrease,1,2026-09,481717,2252243,0.0145,0,56255118.64173398
2026-08-13 00:00:00+00:00,25 bps decrease,1,2026-09,481717,2252243,0.0105,0,56255118.64173398
2026-08-14 00:00:00+00:00,25 bps decrease,1,2026-09,481717,2252243,0.0135,0,56255118.64173398
2026-08-15 00:00:00+00:00,25 bps decrease,1,2026-09,481717,2252243,0.0105,0,56255118.64173398
2026-08-16 00:00:00+00:00,25 bps decrease,1,2026-09,481717,2252243,0.0125,0,56255118.64173398
2026-08-17 00:00:00+00:00,25 bps decrease,1,2026-09,481717,2252243,0.0125,0,56255118.64173398
2026-08-18 00:00:00+00:00,25 bps decrease,1,2026-09,481717,2252243,0.0085,0,56255118.64173398
2026-08-19 00:00:00+00:00,25 bps decrease,1,2026-09,481717,2252243,0.0095,0,56255118.64173398
2026-08-20 00:00:00+00:00,25 bps decrease,1,2026-09,481717,2252243,0.0125,0,56255118.64173398
2026-08-21 00:00:00+00:00,25 bps decrease,1,2026-09,481717,2252243,0.012,0,56255118.64173398
2026-08-22 00:00:00+00:00,25 bps decrease,1,2026-09,481717,2252243,0.0105,0,56255118.64173398
2026-08-23 00:00:00+00:00,25 bps decrease,1,2026-09,481717,2252243,0.0135,0,56255118.64173398
2026-08-24 00:00:00+00:00,25 bps decrease,1,2026-09,481717,2252243,0.0145,0,56255118.64173398
2026-08-25 00:00:00+00:00,25 bps decrease,1,2026-09,481717,2252243,0.012,0,56255118.64173398
2026-08-26 00:00:00+00:00,25 bps decrease,1,2026-09,481717,2252243,0.0115,0,56255118.64173398
2026-08-27 00:00:00+00:00,25 bps decrease,1,2026-09,481717,2252243,0.0105,0,56255118.64173398
2026-08-28 00:00:00+00:00,25 bps decrease,1,2026-09,481717,2252243,0.0135,0,56255118.64173398
2026-08-29 00:00:00+00:00,25 bps decrease,1,2026-09,481717,2252243,0.0065,0,56255118.64173398
2026-08-30 00:00:00+00:00,25 bps decrease,1,2026-09,481717,2252243,0.0095,0,56255118.64173398
2026-08-31 00:00:00+00:00,25 bps decrease,1,2026-09,481717,2252243,0.0075,0,56255118.64173398
2026-09-01 00:00:00+00:00,25 bps decrease,0,2026-09,481717,2252243,0.0055,0,56255118.64173398
2026-09-02 00:00:00+00:00,25 bps decrease,0,2026-09,481717,2252243,0.0055,0,56255118.64173398
2026-09-03 00:00:00+00:00,25 bps decrease,0,2026-09,481717,2252243,0.0055,0,56255118.64173398
2026-09-04 00:00:00+00:00,25 bps decrease,0,2026-09,481717,2252243,0.0065,0,56255118.64173398
2026-09-05 00:00:00+00:00,25 bps decrease,0,2026-09,481717,2252243,0.0035,0,56255118.64173398
2026-09-06 00:00:00+00:00,25 bps decrease,0,2026-09,481717,2252243,0.0035,0,56255118.64173398
2026-09-07 00:00:00+00:00,25 bps decrease,0,2026-09,481717,2252243,0.0035,0,56255118.64173398
2026-09-08 00:00:00+00:00,25 bps decrease,0,2026-09,481717,2252243,0.0045,0,56255118.64173398
2026-09-09 00:00:00+00:00,25 bps decrease,0,2026-09,481717,2252243,0.0045,0,56255118.64173398
2026-09-10 00:00:00+00:00,25 bps decrease,0,2026-09,481717,2252243,0.0035,0,56255118.64173398
2026-09-11 00:00:00+00:00,25 bps decrease,0,2026-09,481717,2252243,0.0045,0,56255118.64173398
2026-09-12 00:00:00+00:00,25 bps decrease,0,2026-09,481717,2252243,0.0035,0,56255118.64173398
2026-09-13 00:00:00+00:00,25 bps decrease,0,2026-09,481717,2252243,0.0035,0,56255118.64173398
2026-09-14 00:00:00+00:00,25 bps decrease,0,2026-09,481717,2252243,0.0035,0,56255118.64173398
2026-09-15 00:00:00+00:00,25 bps decrease,0,2026-09,481717,2252243,0.002,0,56255118.64173398
2026-09-16 00:00:00+00:00,25 bps decrease,0,2026-09,481717,2252243,0.0015,0,56255118.64173398
2025-12-11 00:00:00+00:00,25 bps increase,6,2026-06,101772,906975,0.25,0,31037182.120555956
2025-12-12 00:00:00+00:00,25 bps increase,6,2026-06,101772,906975,0.0345,0,31037182.120555956
2025-12-13 00:00:00+00:00,25 bps increase,6,2026-06,101772,906975,0.0615,0,31037182.120555956
2025-12-14 00:00:00+00:00,25 bps increase,6,2026-06,101772,906975,0.0495,0,31037182.120555956
2025-12-15 00:00:00+00:00,25 bps increase,6,2026-06,101772,906975,0.0375,0,31037182.120555956
2025-12-16 00:00:00+00:00,25 bps increase,6,2026-06,101772,906975,0.0255,0,31037182.120555956
2025-12-17 00:00:00+00:00,25 bps increase,6,2026-06,101772,906975,0.0645,0,31037182.120555956
2025-12-18 00:00:00+00:00,25 bps increase,6,2026-06,101772,906975,0.065,0,31037182.120555956
2025-12-19 00:00:00+00:00,25 bps increase,6,2026-06,101772,906975,0.061,0,31037182.120555956
2025-12-20 00:00:00+00:00,25 bps increase,6,2026-06,101772,906975,0.064,0,31037182.120555956
2025-12-21 00:00:00+00:00,25 bps increase,6,2026-06,101772,906975,0.0515,0,31037182.120555956
2025-12-22 00:00:00+00:00,25 bps increase,6,2026-06,101772,906975,0.0515,0,31037182.120555956
2025-12-23 00:00:00+00:00,25 bps increase,6,2026-06,101772,906975,0.0555,0,31037182.120555956
2025-12-24 00:00:00+00:00,25 bps increase,6,2026-06,101772,906975,0.0575,0,31037182.120555956
2025-12-25 00:00:00+00:00,25 bps increase,6,2026-06,101772,906975,0.0565,0,31037182.120555956
2025-12-26 00:00:00+00:00,25 bps increase,6,2026-06,101772,906975,0.057,0,31037182.120555956
2025-12-27 00:00:00+00:00,25 bps increase,6,2026-06,101772,906975,0.0575,0,31037182.120555956
2025-12-28 00:00:00+00:00,25 bps increase,6,2026-06,101772,906975,0.058,0,31037182.120555956
2025-12-29 00:00:00+00:00,25 bps increase,6,2026-06,101772,906975,0.058,0,31037182.120555956
2025-12-30 00:00:00+00:00,25 bps increase,6,2026-06,101772,906975,0.058,0,31037182.120555956
2025-12-31 00:00:00+00:00,25 bps increase,6,2026-06,101772,906975,0.0585,0,31037182.120555956
2026-01-01 00:00:00+00:00,25 bps increase,5,2026-06,101772,906975,0.059,0,31037182.120555956
2026-01-02 00:00:00+00:00,25 bps increase,5,2026-06,101772,906975,0.0555,0,31037182.120555956
2026-01-03 00:00:00+00:00,25 bps increase,5,2026-06,101772,906975,0.0555,0,31037182.120555956
2026-01-04 00:00:00+00:00,25 bps increase,5,2026-06,101772,906975,0.0555,0,31037182.120555956
2026-01-05 00:00:00+00:00,25 bps increase,5,2026-06,101772,906975,0.0555,0,31037182.120555956
2026-01-06 00:00:00+00:00,25 bps increase,5,2026-06,101772,906975,0.049,0,31037182.120555956
2026-01-07 00:00:00+00:00,25 bps increase,5,2026-06,101772,906975,0.048,0,31037182.120555956
2026-01-08 00:00:00+00:00,25 bps increase,5,2026-06,101772,906975,0.0475,0,31037182.120555956
2026-01-09 00:00:00+00:00,25 bps increase,5,2026-06,101772,906975,0.0495,0,31037182.120555956
2026-01-10 00:00:00+00:00,25 bps increase,5,2026-06,101772,906975,0.048,0,31037182.120555956
2026-01-11 00:00:00+00:00,25 bps increase,5,2026-06,101772,906975,0.018,0,31037182.120555956
2026-01-12 00:00:00+00:00,25 bps increase,5,2026-06,101772,906975,0.049,0,31037182.120555956
2026-01-13 00:00:00+00:00,25 bps increase,5,2026-06,101772,906975,0.036,0,31037182.120555956
2026-01-14 00:00:00+00:00,25 bps increase,5,2026-06,101772,906975,0.034,0,31037182.120555956
2026-01-15 00:00:00+00:00,25 bps increase,5,2026-06,101772,906975,0.033,0,31037182.120555956
2026-01-16 00:00:00+00:00,25 bps increase,5,2026-06,101772,906975,0.0305,0,31037182.120555956
2026-01-17 00:00:00+00:00,25 bps increase,5,2026-06,101772,906975,0.032,0,31037182.120555956
2026-01-18 00:00:00+00:00,25 bps increase,5,2026-06,101772,906975,0.031,0,31037182.120555956
2026-01-19 00:00:00+00:00,25 bps increase,5,2026-06,101772,906975,0.029,0,31037182.120555956
2026-01-20 00:00:00+00:00,25 bps increase,5,2026-06,101772,906975,0.0295,0,31037182.120555956
2026-01-21 00:00:00+00:00,25 bps increase,5,2026-06,101772,906975,0.0265,0,31037182.120555956
2026-01-22 00:00:00+00:00,25 bps increase,5,2026-06,101772,906975,0.0265,0,31037182.120555956
2026-01-23 00:00:00+00:00,25 bps increase,5,2026-06,101772,906975,0.022,0,31037182.120555956
2026-01-24 00:00:00+00:00,25 bps increase,5,2026-06,101772,906975,0.0215,0,31037182.120555956
2026-01-25 00:00:00+00:00,25 bps increase,5,2026-06,101772,906975,0.0175,0,31037182.120555956
2026-01-26 00:00:00+00:00,25 bps increase,5,2026-06,101772,906975,0.0235,0,31037182.120555956
2026-01-27 00:00:00+00:00,25 bps increase,5,2026-06,101772,906975,0.012,0,31037182.120555956
2026-01-28 00:00:00+00:00,25 bps increase,5,2026-06,101772,906975,0.026,0,31037182.120555956
2026-01-29 00:00:00+00:00,25 bps increase,5,2026-06,101772,906975,0.0535,0,31037182.120555956
2026-01-30 00:00:00+00:00,25 bps increase,5,2026-06,101772,906975,0.0175,0,31037182.120555956
2026-01-31 00:00:00+00:00,25 bps increase,5,2026-06,101772,906975,0.0435,0,31037182.120555956
2026-02-01 00:00:00+00:00,25 bps increase,4,2026-06,101772,906975,0.049,0,31037182.120555956
2026-02-02 00:00:00+00:00,25 bps increase,4,2026-06,101772,906975,0.0415,0,31037182.120555956
2026-02-03 00:00:00+00:00,25 bps increase,4,2026-06,101772,906975,0.024,0,31037182.120555956
2026-02-04 00:00:00+00:00,25 bps increase,4,2026-06,101772,906975,0.024,0,31037182.120555956
2026-02-05 00:00:00+00:00,25 bps increase,4,2026-06,101772,906975,0.023,0,31037182.120555956
2026-02-06 00:00:00+00:00,25 bps increase,4,2026-06,101772,906975,0.0235,0,31037182.120555956
2026-02-07 00:00:00+00:00,25 bps increase,4,2026-06,101772,906975,0.0235,0,31037182.120555956
2026-02-08 00:00:00+00:00,25 bps increase,4,2026-06,101772,906975,0.0225,0,31037182.120555956
2026-02-09 00:00:00+00:00,25 bps increase,4,2026-06,101772,906975,0.023,0,31037182.120555956
2026-02-10 00:00:00+00:00,25 bps increase,4,2026-06,101772,906975,0.023,0,31037182.120555956
2026-02-11 00:00:00+00:00,25 bps increase,4,2026-06,101772,906975,0.023,0,31037182.120555956
2026-02-12 00:00:00+00:00,25 bps increase,4,2026-06,101772,906975,0.023,0,31037182.120555956
2026-02-13 00:00:00+00:00,25 bps increase,4,2026-06,101772,906975,0.0235,0,31037182.120555956
2026-02-14 00:00:00+00:00,25 bps increase,4,2026-06,101772,906975,0.023,0,31037182.120555956
2026-02-15 00:00:00+00:00,25 bps increase,4,2026-06,101772,906975,0.023,0,31037182.120555956
2026-02-17 00:00:00+00:00,25 bps increase,4,2026-06,101772,906975,0.013,0,31037182.120555956
2026-02-18 00:00:00+00:00,25 bps increase,4,2026-06,101772,906975,0.0145,0,31037182.120555956
2026-02-20 00:00:00+00:00,25 bps increase,4,2026-06,101772,906975,0.0135,0,31037182.120555956
2026-02-21 00:00:00+00:00,25 bps increase,4,2026-06,101772,906975,0.018,0,31037182.120555956
2026-02-22 00:00:00+00:00,25 bps increase,4,2026-06,101772,906975,0.0195,0,31037182.120555956
2026-02-23 00:00:00+00:00,25 bps increase,4,2026-06,101772,906975,0.019,0,31037182.120555956
2026-02-24 00:00:00+00:00,25 bps increase,4,2026-06,101772,906975,0.02,0,31037182.120555956
2026-02-25 00:00:00+00:00,25 bps increase,4,2026-06,101772,906975,0.0175,0,31037182.120555956
2026-02-26 00:00:00+00:00,25 bps increase,4,2026-06,101772,906975,0.0165,0,31037182.120555956
2026-02-27 00:00:00+00:00,25 bps increase,4,2026-06,101772,906975,0.0205,0,31037182.120555956
2026-02-28 00:00:00+00:00,25 bps increase,4,2026-06,101772,906975,0.017,0,31037182.120555956
2026-03-03 00:00:00+00:00,25 bps increase,3,2026-06,101772,906975,0.0195,0,31037182.120555956
2026-03-04 00:00:00+00:00,25 bps increase,3,2026-06,101772,906975,0.084,0,31037182.120555956
2026-03-05 00:00:00+00:00,25 bps increase,3,2026-06,101772,906975,0.0435,0,31037182.120555956
2026-03-06 00:00:00+00:00,25 bps increase,3,2026-06,101772,906975,0.048,0,31037182.120555956
2026-03-07 00:00:00+00:00,25 bps increase,3,2026-06,101772,906975,0.0775,0,31037182.120555956
2026-03-08 00:00:00+00:00,25 bps increase,3,2026-06,101772,906975,0.053,0,31037182.120555956
2026-03-09 00:00:00+00:00,25 bps increase,3,2026-06,101772,906975,0.0465,0,31037182.120555956
2026-03-10 00:00:00+00:00,25 bps increase,3,2026-06,101772,906975,0.0415,0,31037182.120555956
2026-03-11 00:00:00+00:00,25 bps increase,3,2026-06,101772,906975,0.04,0,31037182.120555956
2026-03-12 00:00:00+00:00,25 bps increase,3,2026-06,101772,906975,0.0455,0,31037182.120555956
2026-03-14 00:00:00+00:00,25 bps increase,3,2026-06,101772,906975,0.0235,0,31037182.120555956
2026-03-15 00:00:00+00:00,25 bps increase,3,2026-06,101772,906975,0.0355,0,31037182.120555956
2026-03-16 00:00:00+00:00,25 bps increase,3,2026-06,101772,906975,0.043,0,31037182.120555956
2026-03-17 00:00:00+00:00,25 bps increase,3,2026-06,101772,906975,0.04,0,31037182.120555956
2026-03-18 00:00:00+00:00,25 bps increase,3,2026-06,101772,906975,0.0365,0,31037182.120555956
2026-03-19 00:00:00+00:00,25 bps increase,3,2026-06,101772,906975,0.0325,0,31037182.120555956
2026-03-20 00:00:00+00:00,25 bps increase,3,2026-06,101772,906975,0.037,0,31037182.120555956
2026-03-21 00:00:00+00:00,25 bps increase,3,2026-06,101772,906975,0.0475,0,31037182.120555956
2026-03-21 00:00:00+00:00,25 bps increase,4,2026-07,287395,1654959,0.0405,0,25890005.575899016
2026-03-22 00:00:00+00:00,25 bps increase,3,2026-06,101772,906975,0.0395,0,31037182.120555956
2026-03-22 00:00:00+00:00,25 bps increase,4,2026-07,287395,1654959,0.052,0,25890005.575899016
2026-03-23 00:00:00+00:00,25 bps increase,3,2026-06,101772,906975,0.053,0,31037182.120555956
2026-03-23 00:00:00+00:00,25 bps increase,4,2026-07,287395,1654959,0.0645,0,25890005.575899016
2026-03-24 00:00:00+00:00,25 bps increase,3,2026-06,101772,906975,0.0575,0,31037182.120555956
2026-03-24 00:00:00+00:00,25 bps increase,4,2026-07,287395,1654959,0.052,0,25890005.575899016
2026-03-25 00:00:00+00:00,25 bps increase,3,2026-06,101772,906975,0.0515,0,31037182.120555956
2026-03-25 00:00:00+00:00,25 bps increase,4,2026-07,287395,1654959,0.046,0,25890005.575899016
2026-03-26 00:00:00+00:00,25 bps increase,3,2026-06,101772,906975,0.055,0,31037182.120555956
2026-03-26 00:00:00+00:00,25 bps increase,4,2026-07,287395,1654959,0.049,0,25890005.575899016
2026-03-27 00:00:00+00:00,25 bps increase,3,2026-06,101772,906975,0.0595,0,31037182.120555956
2026-03-27 00:00:00+00:00,25 bps increase,4,2026-07,287395,1654959,0.0735,0,25890005.575899016
2026-03-28 00:00:00+00:00,25 bps increase,3,2026-06,101772,906975,0.067,0,31037182.120555956
2026-03-28 00:00:00+00:00,25 bps increase,4,2026-07,287395,1654959,0.073,0,25890005.575899016
2026-03-29 00:00:00+00:00,25 bps increase,4,2026-07,287395,1654959,0.088,0,25890005.575899016
2026-03-30 00:00:00+00:00,25 bps increase,4,2026-07,287395,1654959,0.073,0,25890005.575899016
2026-03-31 00:00:00+00:00,25 bps increase,4,2026-07,287395,1654959,0.0765,0,25890005.575899016
2026-04-01 00:00:00+00:00,25 bps increase,3,2026-07,287395,1654959,0.073,0,25890005.575899016
2026-04-02 00:00:00+00:00,25 bps increase,3,2026-07,287395,1654959,0.0515,0,25890005.575899016
2026-04-03 00:00:00+00:00,25 bps increase,3,2026-07,287395,1654959,0.0435,0,25890005.575899016
2026-04-04 00:00:00+00:00,25 bps increase,3,2026-07,287395,1654959,0.038,0,25890005.575899016
2026-04-05 00:00:00+00:00,25 bps increase,2,2026-06,101772,906975,0.0275,0,31037182.120555956
2026-04-06 00:00:00+00:00,25 bps increase,3,2026-07,287395,1654959,0.039,0,25890005.575899016
2026-04-07 00:00:00+00:00,25 bps increase,3,2026-07,287395,1654959,0.041,0,25890005.575899016
2026-04-08 00:00:00+00:00,25 bps increase,3,2026-07,287395,1654959,0.0395,0,25890005.575899016
2026-04-09 00:00:00+00:00,25 bps increase,2,2026-06,101772,906975,0.0185,0,31037182.120555956
2026-04-09 00:00:00+00:00,25 bps increase,3,2026-07,287395,1654959,0.0315,0,25890005.575899016
2026-04-10 00:00:00+00:00,25 bps increase,3,2026-07,287395,1654959,0.0325,0,25890005.575899016
2026-04-11 00:00:00+00:00,25 bps increase,3,2026-07,287395,1654959,0.021,0,25890005.575899016
2026-04-12 00:00:00+00:00,25 bps increase,2,2026-06,101772,906975,0.0275,0,31037182.120555956
2026-04-13 00:00:00+00:00,25 bps increase,3,2026-07,287395,1654959,0.0205,0,25890005.575899016
2026-04-14 00:00:00+00:00,25 bps increase,3,2026-07,287395,1654959,0.0325,0,25890005.575899016
2026-04-15 00:00:00+00:00,25 bps increase,3,2026-07,287395,1654959,0.0315,0,25890005.575899016
2026-04-16 00:00:00+00:00,25 bps increase,3,2026-07,287395,1654959,0.034,0,25890005.575899016
2026-04-17 00:00:00+00:00,25 bps increase,3,2026-07,287395,1654959,0.0395,0,25890005.575899016
2026-04-18 00:00:00+00:00,25 bps increase,2,2026-06,101772,906975,0.0205,0,31037182.120555956
2026-04-19 00:00:00+00:00,25 bps increase,3,2026-07,287395,1654959,0.04,0,25890005.575899016
2026-04-20 00:00:00+00:00,25 bps increase,3,2026-07,287395,1654959,0.0445,0,25890005.575899016
2026-04-21 00:00:00+00:00,25 bps increase,3,2026-07,287395,1654959,0.0425,0,25890005.575899016
2026-04-22 00:00:00+00:00,25 bps increase,2,2026-06,101772,906975,0.018,0,31037182.120555956
2026-04-22 00:00:00+00:00,25 bps increase,3,2026-07,287395,1654959,0.039,0,25890005.575899016
2026-04-23 00:00:00+00:00,25 bps increase,2,2026-06,101772,906975,0.0165,0,31037182.120555956
2026-04-23 00:00:00+00:00,25 bps increase,3,2026-07,287395,1654959,0.035,0,25890005.575899016
2026-04-24 00:00:00+00:00,25 bps increase,2,2026-06,101772,906975,0.0175,0,31037182.120555956
2026-04-24 00:00:00+00:00,25 bps increase,3,2026-07,287395,1654959,0.0295,0,25890005.575899016
2026-04-25 00:00:00+00:00,25 bps increase,2,2026-06,101772,906975,0.0175,0,31037182.120555956
2026-04-25 00:00:00+00:00,25 bps increase,3,2026-07,287395,1654959,0.0325,0,25890005.575899016
2026-04-26 00:00:00+00:00,25 bps increase,2,2026-06,101772,906975,0.018,0,31037182.120555956
2026-04-26 00:00:00+00:00,25 bps increase,3,2026-07,287395,1654959,0.034,0,25890005.575899016
2026-04-27 00:00:00+00:00,25 bps increase,2,2026-06,101772,906975,0.0155,0,31037182.120555956
2026-04-27 00:00:00+00:00,25 bps increase,3,2026-07,287395,1654959,0.032,0,25890005.575899016
2026-04-28 00:00:00+00:00,25 bps increase,2,2026-06,101772,906975,0.0145,0,31037182.120555956
2026-04-28 00:00:00+00:00,25 bps increase,3,2026-07,287395,1654959,0.029,0,25890005.575899016
2026-04-29 00:00:00+00:00,25 bps increase,2,2026-06,101772,906975,0.0175,0,31037182.120555956
2026-04-29 00:00:00+00:00,25 bps increase,3,2026-07,287395,1654959,0.0275,0,25890005.575899016
2026-04-30 00:00:00+00:00,25 bps increase,2,2026-06,101772,906975,0.0165,0,31037182.120555956
2026-04-30 00:00:00+00:00,25 bps increase,3,2026-07,287395,1654959,0.0345,0,25890005.575899016
2026-05-01 00:00:00+00:00,25 bps increase,1,2026-06,101772,906975,0.0115,0,31037182.120555956
2026-05-01 00:00:00+00:00,25 bps increase,2,2026-07,287395,1654959,0.0325,0,25890005.575899016
2026-05-02 00:00:00+00:00,25 bps increase,1,2026-06,101772,906975,0.0075,0,31037182.120555956
2026-05-02 00:00:00+00:00,25 bps increase,2,2026-07,287395,1654959,0.0345,0,25890005.575899016
2026-05-03 00:00:00+00:00,25 bps increase,1,2026-06,101772,906975,0.0075,0,31037182.120555956
2026-05-03 00:00:00+00:00,25 bps increase,2,2026-07,287395,1654959,0.0335,0,25890005.575899016
2026-05-04 00:00:00+00:00,25 bps increase,1,2026-06,101772,906975,0.0115,0,31037182.120555956
2026-05-04 00:00:00+00:00,25 bps increase,2,2026-07,287395,1654959,0.0345,0,25890005.575899016
2026-05-05 00:00:00+00:00,25 bps increase,1,2026-06,101772,906975,0.0105,0,31037182.120555956
2026-05-05 00:00:00+00:00,25 bps increase,2,2026-07,287395,1654959,0.0435,0,25890005.575899016
2026-05-06 00:00:00+00:00,25 bps increase,1,2026-06,101772,906975,0.0085,0,31037182.120555956
2026-05-06 00:00:00+00:00,25 bps increase,2,2026-07,287395,1654959,0.0495,0,25890005.575899016
2026-05-07 00:00:00+00:00,25 bps increase,1,2026-06,101772,906975,0.0095,0,31037182.120555956
2026-05-07 00:00:00+00:00,25 bps increase,2,2026-07,287395,1654959,0.0495,0,25890005.575899016
2026-05-08 00:00:00+00:00,25 bps increase,1,2026-06,101772,906975,0.01,0,31037182.120555956
2026-05-08 00:00:00+00:00,25 bps increase,2,2026-07,287395,1654959,0.034,0,25890005.575899016
2026-05-09 00:00:00+00:00,25 bps increase,1,2026-06,101772,906975,0.0055,0,31037182.120555956
2026-05-09 00:00:00+00:00,25 bps increase,2,2026-07,287395,1654959,0.0345,0,25890005.575899016
2026-05-10 00:00:00+00:00,25 bps increase,1,2026-06,101772,906975,0.0065,0,31037182.120555956
2026-05-10 00:00:00+00:00,25 bps increase,2,2026-07,287395,1654959,0.0255,0,25890005.575899016
2026-05-11 00:00:00+00:00,25 bps increase,1,2026-06,101772,906975,0.0055,0,31037182.120555956
2026-05-11 00:00:00+00:00,25 bps increase,2,2026-07,287395,1654959,0.0325,0,25890005.575899016
2026-05-12 00:00:00+00:00,25 bps increase,1,2026-06,101772,906975,0.0075,0,31037182.120555956
2026-05-12 00:00:00+00:00,25 bps increase,2,2026-07,287395,1654959,0.0315,0,25890005.575899016
2026-05-13 00:00:00+00:00,25 bps increase,1,2026-06,101772,906975,0.0065,0,31037182.120555956
2026-05-13 00:00:00+00:00,25 bps increase,2,2026-07,287395,1654959,0.0245,0,25890005.575899016
2026-05-14 00:00:00+00:00,25 bps increase,1,2026-06,101772,906975,0.0085,0,31037182.120555956
2026-05-14 00:00:00+00:00,25 bps increase,2,2026-07,287395,1654959,0.028,0,25890005.575899016
2026-05-14 00:00:00+00:00,25 bps increase,4,2026-09,481717,2252245,0.28,1,42158279.47949004
2026-05-15 00:00:00+00:00,25 bps increase,1,2026-06,101772,906975,0.0075,0,31037182.120555956
2026-05-15 00:00:00+00:00,25 bps increase,2,2026-07,287395,1654959,0.0285,0,25890005.575899016
2026-05-15 00:00:00+00:00,25 bps increase,4,2026-09,481717,2252245,0.135,1,42158279.47949004
2026-05-16 00:00:00+00:00,25 bps increase,1,2026-06,101772,906975,0.0065,0,31037182.120555956
2026-05-16 00:00:00+00:00,25 bps increase,2,2026-07,287395,1654959,0.0345,0,25890005.575899016
2026-05-16 00:00:00+00:00,25 bps increase,4,2026-09,481717,2252245,0.1,1,42158279.47949004
2026-05-17 00:00:00+00:00,25 bps increase,1,2026-06,101772,906975,0.0065,0,31037182.120555956
2026-05-17 00:00:00+00:00,25 bps increase,2,2026-07,287395,1654959,0.0345,0,25890005.575899016
2026-05-17 00:00:00+00:00,25 bps increase,4,2026-09,481717,2252245,0.105,1,42158279.47949004
2026-05-18 00:00:00+00:00,25 bps increase,1,2026-06,101772,906975,0.0065,0,31037182.120555956
2026-05-18 00:00:00+00:00,25 bps increase,2,2026-07,287395,1654959,0.0385,0,25890005.575899016
2026-05-18 00:00:00+00:00,25 bps increase,4,2026-09,481717,2252245,0.11,1,42158279.47949004
2026-05-19 00:00:00+00:00,25 bps increase,1,2026-06,101772,906975,0.0075,0,31037182.120555956
2026-05-19 00:00:00+00:00,25 bps increase,2,2026-07,287395,1654959,0.0455,0,25890005.575899016
2026-05-19 00:00:00+00:00,25 bps increase,4,2026-09,481717,2252245,0.11,1,42158279.47949004
2026-05-20 00:00:00+00:00,25 bps increase,1,2026-06,101772,906975,0.0075,0,31037182.120555956
2026-05-20 00:00:00+00:00,25 bps increase,2,2026-07,287395,1654959,0.0515,0,25890005.575899016
2026-05-20 00:00:00+00:00,25 bps increase,4,2026-09,481717,2252245,0.125,1,42158279.47949004
2026-05-21 00:00:00+00:00,25 bps increase,1,2026-06,101772,906975,0.0085,0,31037182.120555956
2026-05-21 00:00:00+00:00,25 bps increase,2,2026-07,287395,1654959,0.0645,0,25890005.575899016
2026-05-21 00:00:00+00:00,25 bps increase,4,2026-09,481717,2252245,0.155,1,42158279.47949004
2026-05-22 00:00:00+00:00,25 bps increase,1,2026-06,101772,906975,0.0105,0,31037182.120555956
2026-05-22 00:00:00+00:00,25 bps increase,2,2026-07,287395,1654959,0.0615,0,25890005.575899016
2026-05-22 00:00:00+00:00,25 bps increase,4,2026-09,481717,2252245,0.145,1,42158279.47949004
2026-05-23 00:00:00+00:00,25 bps increase,1,2026-06,101772,906975,0.0085,0,31037182.120555956
2026-05-23 00:00:00+00:00,25 bps increase,2,2026-07,287395,1654959,0.0625,0,25890005.575899016
2026-05-23 00:00:00+00:00,25 bps increase,4,2026-09,481717,2252245,0.175,1,42158279.47949004
2026-05-24 00:00:00+00:00,25 bps increase,1,2026-06,101772,906975,0.0105,0,31037182.120555956
2026-05-24 00:00:00+00:00,25 bps increase,2,2026-07,287395,1654959,0.0555,0,25890005.575899016
2026-05-24 00:00:00+00:00,25 bps increase,4,2026-09,481717,2252245,0.175,1,42158279.47949004
2026-05-25 00:00:00+00:00,25 bps increase,1,2026-06,101772,906975,0.0075,0,31037182.120555956
2026-05-25 00:00:00+00:00,25 bps increase,2,2026-07,287395,1654959,0.0545,0,25890005.575899016
2026-05-25 00:00:00+00:00,25 bps increase,4,2026-09,481717,2252245,0.175,1,42158279.47949004
2026-05-26 00:00:00+00:00,25 bps increase,1,2026-06,101772,906975,0.0065,0,31037182.120555956
2026-05-26 00:00:00+00:00,25 bps increase,2,2026-07,287395,1654959,0.0515,0,25890005.575899016
2026-05-26 00:00:00+00:00,25 bps increase,4,2026-09,481717,2252245,0.155,1,42158279.47949004
2026-05-27 00:00:00+00:00,25 bps increase,1,2026-06,101772,906975,0.0065,0,31037182.120555956
2026-05-27 00:00:00+00:00,25 bps increase,2,2026-07,287395,1654959,0.0485,0,25890005.575899016
2026-05-27 00:00:00+00:00,25 bps increase,4,2026-09,481717,2252245,0.155,1,42158279.47949004
2026-05-28 00:00:00+00:00,25 bps increase,1,2026-06,101772,906975,0.0065,0,31037182.120555956
2026-05-28 00:00:00+00:00,25 bps increase,2,2026-07,287395,1654959,0.0435,0,25890005.575899016
2026-05-28 00:00:00+00:00,25 bps increase,4,2026-09,481717,2252245,0.155,1,42158279.47949004
2026-05-29 00:00:00+00:00,25 bps increase,1,2026-06,101772,906975,0.0055,0,31037182.120555956
2026-05-29 00:00:00+00:00,25 bps increase,2,2026-07,287395,1654959,0.0405,0,25890005.575899016
2026-05-29 00:00:00+00:00,25 bps increase,4,2026-09,481717,2252245,0.115,1,42158279.47949004
2026-05-30 00:00:00+00:00,25 bps increase,1,2026-06,101772,906975,0.0055,0,31037182.120555956
2026-05-30 00:00:00+00:00,25 bps increase,2,2026-07,287395,1654959,0.0415,0,25890005.575899016
2026-05-30 00:00:00+00:00,25 bps increase,4,2026-09,481717,2252245,0.12,1,42158279.47949004
2026-05-31 00:00:00+00:00,25 bps increase,1,2026-06,101772,906975,0.0055,0,31037182.120555956
2026-05-31 00:00:00+00:00,25 bps increase,2,2026-07,287395,1654959,0.0455,0,25890005.575899016
2026-05-31 00:00:00+00:00,25 bps increase,4,2026-09,481717,2252245,0.12,1,42158279.47949004
2026-06-01 00:00:00+00:00,25 bps increase,0,2026-06,101772,906975,0.0055,0,31037182.120555956
2026-06-01 00:00:00+00:00,25 bps increase,1,2026-07,287395,1654959,0.0575,0,25890005.575899016
2026-06-01 00:00:00+00:00,25 bps increase,3,2026-09,481717,2252245,0.135,1,42158279.47949004
2026-06-02 00:00:00+00:00,25 bps increase,0,2026-06,101772,906975,0.0055,0,31037182.120555956
2026-06-02 00:00:00+00:00,25 bps increase,1,2026-07,287395,1654959,0.053,0,25890005.575899016
2026-06-02 00:00:00+00:00,25 bps increase,3,2026-09,481717,2252245,0.13,1,42158279.47949004
2026-06-03 00:00:00+00:00,25 bps increase,0,2026-06,101772,906975,0.0055,0,31037182.120555956
2026-06-03 00:00:00+00:00,25 bps increase,1,2026-07,287395,1654959,0.0535,0,25890005.575899016
2026-06-03 00:00:00+00:00,25 bps increase,3,2026-09,481717,2252245,0.125,1,42158279.47949004
2026-06-04 00:00:00+00:00,25 bps increase,0,2026-06,101772,906975,0.0055,0,31037182.120555956
2026-06-04 00:00:00+00:00,25 bps increase,1,2026-07,287395,1654959,0.058,0,25890005.575899016
2026-06-04 00:00:00+00:00,25 bps increase,3,2026-09,481717,2252245,0.16,1,42158279.47949004
2026-06-05 00:00:00+00:00,25 bps increase,0,2026-06,101772,906975,0.0035,0,31037182.120555956
2026-06-05 00:00:00+00:00,25 bps increase,1,2026-07,287395,1654959,0.0555,0,25890005.575899016
2026-06-05 00:00:00+00:00,25 bps increase,3,2026-09,481717,2252245,0.17,1,42158279.47949004
2026-06-06 00:00:00+00:00,25 bps increase,0,2026-06,101772,906975,0.0035,0,31037182.120555956
2026-06-06 00:00:00+00:00,25 bps increase,1,2026-07,287395,1654959,0.0415,0,25890005.575899016
2026-06-06 00:00:00+00:00,25 bps increase,3,2026-09,481717,2252245,0.19,1,42158279.47949004
2026-06-07 00:00:00+00:00,25 bps increase,0,2026-06,101772,906975,0.0035,0,31037182.120555956
2026-06-07 00:00:00+00:00,25 bps increase,1,2026-07,287395,1654959,0.0425,0,25890005.575899016
2026-06-07 00:00:00+00:00,25 bps increase,3,2026-09,481717,2252245,0.19,1,42158279.47949004
2026-06-08 00:00:00+00:00,25 bps increase,0,2026-06,101772,906975,0.0025,0,31037182.120555956
2026-06-08 00:00:00+00:00,25 bps increase,1,2026-07,287395,1654959,0.0485,0,25890005.575899016
2026-06-08 00:00:00+00:00,25 bps increase,3,2026-09,481717,2252245,0.155,1,42158279.47949004
2026-06-09 00:00:00+00:00,25 bps increase,0,2026-06,101772,906975,0.0025,0,31037182.120555956
2026-06-09 00:00:00+00:00,25 bps increase,1,2026-07,287395,1654959,0.0545,0,25890005.575899016
2026-06-09 00:00:00+00:00,25 bps increase,3,2026-09,481717,2252245,0.205,1,42158279.47949004
2026-06-10 00:00:00+00:00,25 bps increase,0,2026-06,101772,906975,0.0055,0,31037182.120555956
2026-06-10 00:00:00+00:00,25 bps increase,1,2026-07,287395,1654959,0.0605,0,25890005.575899016
2026-06-10 00:00:00+00:00,25 bps increase,3,2026-09,481717,2252245,0.21,1,42158279.47949004
2026-06-11 00:00:00+00:00,25 bps increase,0,2026-06,101772,906975,0.0035,0,31037182.120555956
2026-06-11 00:00:00+00:00,25 bps increase,1,2026-07,287395,1654959,0.0585,0,25890005.575899016
2026-06-11 00:00:00+00:00,25 bps increase,3,2026-09,481717,2252245,0.195,1,42158279.47949004
2026-06-12 00:00:00+00:00,25 bps increase,0,2026-06,101772,906975,0.0035,0,31037182.120555956
2026-06-12 00:00:00+00:00,25 bps increase,1,2026-07,287395,1654959,0.0535,0,25890005.575899016
2026-06-12 00:00:00+00:00,25 bps increase,3,2026-09,481717,2252245,0.16,1,42158279.47949004
2026-06-13 00:00:00+00:00,25 bps increase,0,2026-06,101772,906975,0.0025,0,31037182.120555956
2026-06-13 00:00:00+00:00,25 bps increase,1,2026-07,287395,1654959,0.046,0,25890005.575899016
2026-06-13 00:00:00+00:00,25 bps increase,3,2026-09,481717,2252245,0.16,1,42158279.47949004
2026-06-14 00:00:00+00:00,25 bps increase,0,2026-06,101772,906975,0.0025,0,31037182.120555956
2026-06-14 00:00:00+00:00,25 bps increase,1,2026-07,287395,1654959,0.0355,0,25890005.575899016
2026-06-14 00:00:00+00:00,25 bps increase,3,2026-09,481717,2252245,0.16,1,42158279.47949004
2026-06-15 00:00:00+00:00,25 bps increase,0,2026-06,101772,906975,0.0015,0,31037182.120555956
2026-06-15 00:00:00+00:00,25 bps increase,1,2026-07,287395,1654959,0.0325,0,25890005.575899016
2026-06-15 00:00:00+00:00,25 bps increase,3,2026-09,481717,2252245,0.16,1,42158279.47949004
2026-06-16 00:00:00+00:00,25 bps increase,0,2026-06,101772,906975,0.0015,0,31037182.120555956
2026-06-16 00:00:00+00:00,25 bps increase,1,2026-07,287395,1654959,0.0225,0,25890005.575899016
2026-06-16 00:00:00+00:00,25 bps increase,3,2026-09,481717,2252245,0.13,1,42158279.47949004
2026-06-17 00:00:00+00:00,25 bps increase,0,2026-06,101772,906975,0.0015,0,31037182.120555956
2026-06-17 00:00:00+00:00,25 bps increase,1,2026-07,287395,1654959,0.0245,0,25890005.575899016
2026-06-17 00:00:00+00:00,25 bps increase,3,2026-09,481717,2252245,0.155,1,42158279.47949004
2026-06-18 00:00:00+00:00,25 bps increase,1,2026-07,287395,1654959,0.184,0,25890005.575899016
2026-06-18 00:00:00+00:00,25 bps increase,3,2026-09,481717,2252245,0.385,1,42158279.47949004
2026-06-19 00:00:00+00:00,25 bps increase,1,2026-07,287395,1654959,0.246,0,25890005.575899016
2026-06-19 00:00:00+00:00,25 bps increase,3,2026-09,481717,2252245,0.395,1,42158279.47949004
2026-06-20 00:00:00+00:00,25 bps increase,1,2026-07,287395,1654959,0.2515,0,25890005.575899016
2026-06-20 00:00:00+00:00,25 bps increase,3,2026-09,481717,2252245,0.375,1,42158279.47949004
2026-06-21 00:00:00+00:00,25 bps increase,1,2026-07,287395,1654959,0.2115,0,25890005.575899016
2026-06-21 00:00:00+00:00,25 bps increase,3,2026-09,481717,2252245,0.375,1,42158279.47949004
2026-06-22 00:00:00+00:00,25 bps increase,1,2026-07,287395,1654959,0.2325,0,25890005.575899016
2026-06-22 00:00:00+00:00,25 bps increase,3,2026-09,481717,2252245,0.385,1,42158279.47949004
2026-06-23 00:00:00+00:00,25 bps increase,1,2026-07,287395,1654959,0.2465,0,25890005.575899016
2026-06-23 00:00:00+00:00,25 bps increase,3,2026-09,481717,2252245,0.395,1,42158279.47949004
2026-06-24 00:00:00+00:00,25 bps increase,1,2026-07,287395,1654959,0.2445,0,25890005.575899016
2026-06-24 00:00:00+00:00,25 bps increase,3,2026-09,481717,2252245,0.375,1,42158279.47949004
2026-06-25 00:00:00+00:00,25 bps increase,1,2026-07,287395,1654959,0.2325,0,25890005.575899016
2026-06-25 00:00:00+00:00,25 bps increase,3,2026-09,481717,2252245,0.365,1,42158279.47949004
2026-06-26 00:00:00+00:00,25 bps increase,1,2026-07,287395,1654959,0.1745,0,25890005.575899016
2026-06-26 00:00:00+00:00,25 bps increase,3,2026-09,481717,2252245,0.345,1,42158279.47949004
2026-06-27 00:00:00+00:00,25 bps increase,1,2026-07,287395,1654959,0.1815,0,25890005.575899016
2026-06-27 00:00:00+00:00,25 bps increase,3,2026-09,481717,2252245,0.315,1,42158279.47949004
2026-06-28 00:00:00+00:00,25 bps increase,1,2026-07,287395,1654959,0.1775,0,25890005.575899016
2026-06-28 00:00:00+00:00,25 bps increase,3,2026-09,481717,2252245,0.315,1,42158279.47949004
2026-06-29 00:00:00+00:00,25 bps increase,1,2026-07,287395,1654959,0.166,0,25890005.575899016
2026-06-29 00:00:00+00:00,25 bps increase,3,2026-09,481717,2252245,0.305,1,42158279.47949004
2026-06-30 00:00:00+00:00,25 bps increase,1,2026-07,287395,1654959,0.1755,0,25890005.575899016
2026-06-30 00:00:00+00:00,25 bps increase,3,2026-09,481717,2252245,0.295,1,42158279.47949004
2026-07-01 00:00:00+00:00,25 bps increase,0,2026-07,287395,1654959,0.1875,0,25890005.575899016
2026-07-01 00:00:00+00:00,25 bps increase,2,2026-09,481717,2252245,0.28,1,42158279.47949004
2026-07-02 00:00:00+00:00,25 bps increase,0,2026-07,287395,1654959,0.1795,0,25890005.575899016
2026-07-02 00:00:00+00:00,25 bps increase,2,2026-09,481717,2252245,0.31,1,42158279.47949004
2026-07-03 00:00:00+00:00,25 bps increase,0,2026-07,287395,1654959,0.0975,0,25890005.575899016
2026-07-03 00:00:00+00:00,25 bps increase,2,2026-09,481717,2252245,0.265,1,42158279.47949004
2026-07-04 00:00:00+00:00,25 bps increase,0,2026-07,287395,1654959,0.096,0,25890005.575899016
2026-07-04 00:00:00+00:00,25 bps increase,2,2026-09,481717,2252245,0.245,1,42158279.47949004
2026-07-05 00:00:00+00:00,25 bps increase,0,2026-07,287395,1654959,0.096,0,25890005.575899016
2026-07-05 00:00:00+00:00,25 bps increase,2,2026-09,481717,2252245,0.245,1,42158279.47949004
2026-07-06 00:00:00+00:00,25 bps increase,0,2026-07,287395,1654959,0.0955,0,25890005.575899016
2026-07-06 00:00:00+00:00,25 bps increase,2,2026-09,481717,2252245,0.235,1,42158279.47949004
2026-07-07 00:00:00+00:00,25 bps increase,0,2026-07,287395,1654959,0.1515,0,25890005.575899016
2026-07-07 00:00:00+00:00,25 bps increase,2,2026-09,481717,2252245,0.235,1,42158279.47949004
2026-07-08 00:00:00+00:00,25 bps increase,0,2026-07,287395,1654959,0.1715,0,25890005.575899016
2026-07-08 00:00:00+00:00,25 bps increase,2,2026-09,481717,2252245,0.285,1,42158279.47949004
2026-07-09 00:00:00+00:00,25 bps increase,0,2026-07,287395,1654959,0.2195,0,25890005.575899016
2026-07-09 00:00:00+00:00,25 bps increase,2,2026-09,481717,2252245,0.375,1,42158279.47949004
2026-07-10 00:00:00+00:00,25 bps increase,0,2026-07,287395,1654959,0.147,0,25890005.575899016
2026-07-10 00:00:00+00:00,25 bps increase,2,2026-09,481717,2252245,0.375,1,42158279.47949004
2026-07-11 00:00:00+00:00,25 bps increase,0,2026-07,287395,1654959,0.2245,0,25890005.575899016
2026-07-11 00:00:00+00:00,25 bps increase,2,2026-09,481717,2252245,0.39,1,42158279.47949004
2026-07-12 00:00:00+00:00,25 bps increase,0,2026-07,287395,1654959,0.2075,0,25890005.575899016
2026-07-12 00:00:00+00:00,25 bps increase,2,2026-09,481717,2252245,0.385,1,42158279.47949004
2026-07-13 00:00:00+00:00,25 bps increase,0,2026-07,287395,1654959,0.214,0,25890005.575899016
2026-07-13 00:00:00+00:00,25 bps increase,2,2026-09,481717,2252245,0.395,1,42158279.47949004
2026-07-14 00:00:00+00:00,25 bps increase,0,2026-07,287395,1654959,0.356,0,25890005.575899016
2026-07-14 00:00:00+00:00,25 bps increase,2,2026-09,481717,2252245,0.495,1,42158279.47949004
2026-07-15 00:00:00+00:00,25 bps increase,0,2026-07,287395,1654959,0.0725,0,25890005.575899016
2026-07-15 00:00:00+00:00,25 bps increase,2,2026-09,481717,2252245,0.385,1,42158279.47949004
2026-07-16 00:00:00+00:00,25 bps increase,0,2026-07,287395,1654959,0.0415,0,25890005.575899016
2026-07-16 00:00:00+00:00,25 bps increase,2,2026-09,481717,2252245,0.305,1,42158279.47949004
2026-07-17 00:00:00+00:00,25 bps increase,0,2026-07,287395,1654959,0.0385,0,25890005.575899016
2026-07-17 00:00:00+00:00,25 bps increase,2,2026-09,481717,2252245,0.325,1,42158279.47949004
2026-07-18 00:00:00+00:00,25 bps increase,0,2026-07,287395,1654959,0.0505,0,25890005.575899016
2026-07-18 00:00:00+00:00,25 bps increase,2,2026-09,481717,2252245,0.355,1,42158279.47949004
2026-07-19 00:00:00+00:00,25 bps increase,0,2026-07,287395,1654959,0.047,0,25890005.575899016
2026-07-19 00:00:00+00:00,25 bps increase,2,2026-09,481717,2252245,0.365,1,42158279.47949004
2026-07-20 00:00:00+00:00,25 bps increase,0,2026-07,287395,1654959,0.0645,0,25890005.575899016
2026-07-20 00:00:00+00:00,25 bps increase,2,2026-09,481717,2252245,0.375,1,42158279.47949004
2026-07-21 00:00:00+00:00,25 bps increase,0,2026-07,287395,1654959,0.0665,0,25890005.575899016
2026-07-21 00:00:00+00:00,25 bps increase,2,2026-09,481717,2252245,0.41,1,42158279.47949004
2026-07-22 00:00:00+00:00,25 bps increase,0,2026-07,287395,1654959,0.1445,0,25890005.575899016
2026-07-22 00:00:00+00:00,25 bps increase,2,2026-09,481717,2252245,0.485,1,42158279.47949004
2026-07-23 00:00:00+00:00,25 bps increase,0,2026-07,287395,1654959,0.227,0,25890005.575899016
2026-07-23 00:00:00+00:00,25 bps increase,2,2026-09,481717,2252245,0.495,1,42158279.47949004
2026-07-24 00:00:00+00:00,25 bps increase,0,2026-07,287395,1654959,0.2465,0,25890005.575899016
2026-07-24 00:00:00+00:00,25 bps increase,2,2026-09,481717,2252245,0.515,1,42158279.47949004
2026-07-25 00:00:00+00:00,25 bps increase,0,2026-07,287395,1654959,0.2515,0,25890005.575899016
2026-07-25 00:00:00+00:00,25 bps increase,2,2026-09,481717,2252245,0.535,1,42158279.47949004
2026-07-26 00:00:00+00:00,25 bps increase,0,2026-07,287395,1654959,0.204,0,25890005.575899016
2026-07-26 00:00:00+00:00,25 bps increase,2,2026-09,481717,2252245,0.535,1,42158279.47949004
2026-07-27 00:00:00+00:00,25 bps increase,0,2026-07,287395,1654959,0.206,0,25890005.575899016
2026-07-27 00:00:00+00:00,25 bps increase,2,2026-09,481717,2252245,0.495,1,42158279.47949004
2026-07-28 00:00:00+00:00,25 bps increase,0,2026-07,287395,1654959,0.2825,0,25890005.575899016
2026-07-28 00:00:00+00:00,25 bps increase,2,2026-09,481717,2252245,0.535,1,42158279.47949004
2026-07-29 00:00:00+00:00,25 bps increase,0,2026-07,287395,1654959,0.242,0,25890005.575899016
2026-07-29 00:00:00+00:00,25 bps increase,2,2026-09,481717,2252245,0.555,1,42158279.47949004
2026-07-30 00:00:00+00:00,25 bps increase,2,2026-09,481717,2252245,0.525,1,42158279.47949004
2026-07-31 00:00:00+00:00,25 bps increase,2,2026-09,481717,2252245,0.525,1,42158279.47949004
2026-08-01 00:00:00+00:00,25 bps increase,1,2026-09,481717,2252245,0.595,1,42158279.47949004
2026-08-02 00:00:00+00:00,25 bps increase,1,2026-09,481717,2252245,0.595,1,42158279.47949004
2026-08-03 00:00:00+00:00,25 bps increase,1,2026-09,481717,2252245,0.575,1,42158279.47949004
2026-08-04 00:00:00+00:00,25 bps increase,1,2026-09,481717,2252245,0.545,1,42158279.47949004
2026-08-05 00:00:00+00:00,25 bps increase,1,2026-09,481717,2252245,0.485,1,42158279.47949004
2026-08-06 00:00:00+00:00,25 bps increase,1,2026-09,481717,2252245,0.445,1,42158279.47949004
2026-08-07 00:00:00+00:00,25 bps increase,1,2026-09,481717,2252245,0.475,1,42158279.47949004
2026-08-08 00:00:00+00:00,25 bps increase,1,2026-09,481717,2252245,0.365,1,42158279.47949004
2026-08-09 00:00:00+00:00,25 bps increase,1,2026-09,481717,2252245,0.355,1,42158279.47949004
2026-08-10 00:00:00+00:00,25 bps increase,1,2026-09,481717,2252245,0.355,1,42158279.47949004
2026-08-11 00:00:00+00:00,25 bps increase,1,2026-09,481717,2252245,0.435,1,42158279.47949004
2026-08-12 00:00:00+00:00,25 bps increase,1,2026-09,481717,2252245,0.395,1,42158279.47949004
2026-08-13 00:00:00+00:00,25 bps increase,1,2026-09,481717,2252245,0.325,1,42158279.47949004
2026-08-14 00:00:00+00:00,25 bps increase,1,2026-09,481717,2252245,0.275,1,42158279.47949004
2026-08-15 00:00:00+00:00,25 bps increase,1,2026-09,481717,2252245,0.245,1,42158279.47949004
2026-08-16 00:00:00+00:00,25 bps increase,1,2026-09,481717,2252245,0.245,1,42158279.47949004
2026-08-17 00:00:00+00:00,25 bps increase,1,2026-09,481717,2252245,0.245,1,42158279.47949004
2026-08-18 00:00:00+00:00,25 bps increase,1,2026-09,481717,2252245,0.275,1,42158279.47949004
2026-08-19 00:00:00+00:00,25 bps increase,1,2026-09,481717,2252245,0.285,1,42158279.47949004
2026-08-20 00:00:00+00:00,25 bps increase,1,2026-09,481717,2252245,0.275,1,42158279.47949004
2026-08-21 00:00:00+00:00,25 bps increase,1,2026-09,481717,2252245,0.275,1,42158279.47949004
2026-08-22 00:00:00+00:00,25 bps increase,1,2026-09,481717,2252245,0.305,1,42158279.47949004
2026-08-23 00:00:00+00:00,25 bps increase,1,2026-09,481717,2252245,0.305,1,42158279.47949004
2026-08-24 00:00:00+00:00,25 bps increase,1,2026-09,481717,2252245,0.315,1,42158279.47949004
2026-08-25 00:00:00+00:00,25 bps increase,1,2026-09,481717,2252245,0.335,1,42158279.47949004
2026-08-26 00:00:00+00:00,25 bps increase,1,2026-09,481717,2252245,0.325,1,42158279.47949004
2026-08-27 00:00:00+00:00,25 bps increase,1,2026-09,481717,2252245,0.325,1,42158279.47949004
2026-08-28 00:00:00+00:00,25 bps increase,1,2026-09,481717,2252245,0.305,1,42158279.47949004
2026-08-29 00:00:00+00:00,25 bps increase,1,2026-09,481717,2252245,0.495,1,42158279.47949004
2026-08-30 00:00:00+00:00,25 bps increase,1,2026-09,481717,2252245,0.465,1,42158279.47949004
2026-08-31 00:00:00+00:00,25 bps increase,1,2026-09,481717,2252245,0.525,1,42158279.47949004
2026-09-01 00:00:00+00:00,25 bps increase,0,2026-09,481717,2252245,0.545,1,42158279.47949004
2026-09-02 00:00:00+00:00,25 bps increase,0,2026-09,481717,2252245,0.585,1,42158279.47949004
2026-09-03 00:00:00+00:00,25 bps increase,0,2026-09,481717,2252245,0.535,1,42158279.47949004
2026-09-04 00:00:00+00:00,25 bps increase,0,2026-09,481717,2252245,0.425,1,42158279.47949004
2026-09-05 00:00:00+00:00,25 bps increase,0,2026-09,481717,2252245,0.49,1,42158279.47949004
2026-09-06 00:00:00+00:00,25 bps increase,0,2026-09,481717,2252245,0.495,1,42158279.47949004
2026-09-07 00:00:00+00:00,25 bps increase,0,2026-09,481717,2252245,0.495,1,42158279.47949004
2026-09-08 00:00:00+00:00,25 bps increase,0,2026-09,481717,2252245,0.515,1,42158279.47949004
2026-09-09 00:00:00+00:00,25 bps increase,0,2026-09,481717,2252245,0.545,1,42158279.47949004
2026-09-10 00:00:00+00:00,25 bps increase,0,2026-09,481717,2252245,0.535,1,42158279.47949004
2026-09-11 00:00:00+00:00,25 bps increase,0,2026-09,481717,2252245,0.635,1,42158279.47949004
2026-09-12 00:00:00+00:00,25 bps increase,0,2026-09,481717,2252245,0.805,1,42158279.47949004
2026-09-13 00:00:00+00:00,25 bps increase,0,2026-09,481717,2252245,0.795,1,42158279.47949004
2026-09-14 00:00:00+00:00,25 bps increase,0,2026-09,481717,2252245,0.785,1,42158279.47949004
2026-09-15 00:00:00+00:00,25 bps increase,0,2026-09,481717,2252245,0.875,1,42158279.47949004
2026-09-16 00:00:00+00:00,25 bps increase,0,2026-09,481717,2252245,0.885,1,42158279.47949004
2025-03-20 00:00:00+00:00,25+ bps increase,4,2025-07,21255,528975,0.0355,0,43479262.352112
2025-03-21 00:00:00+00:00,25+ bps increase,4,2025-07,21255,528975,0.0375,0,43479262.352112
2025-03-22 00:00:00+00:00,25+ bps increase,4,2025-07,21255,528975,0.0225,0,43479262.352112
2025-03-23 00:00:00+00:00,25+ bps increase,4,2025-07,21255,528975,0.021,0,43479262.352112
2025-03-24 00:00:00+00:00,25+ bps increase,4,2025-07,21255,528975,0.0215,0,43479262.352112
2025-03-25 00:00:00+00:00,25+ bps increase,4,2025-07,21255,528975,0.0215,0,43479262.352112
2025-03-26 00:00:00+00:00,25+ bps increase,4,2025-07,21255,528975,0.0215,0,43479262.352112
2025-03-27 00:00:00+00:00,25+ bps increase,4,2025-07,21255,528975,0.019,0,43479262.352112
2025-03-28 00:00:00+00:00,25+ bps increase,4,2025-07,21255,528975,0.017,0,43479262.352112
2025-03-29 00:00:00+00:00,25+ bps increase,4,2025-07,21255,528975,0.018,0,43479262.352112
2025-03-30 00:00:00+00:00,25+ bps increase,4,2025-07,21255,528975,0.019,0,43479262.352112
2025-03-31 00:00:00+00:00,25+ bps increase,4,2025-07,21255,528975,0.0195,0,43479262.352112
2025-04-01 00:00:00+00:00,25+ bps increase,3,2025-07,21255,528975,0.0195,0,43479262.352112
2025-04-02 00:00:00+00:00,25+ bps increase,3,2025-07,21255,528975,0.0165,0,43479262.352112
2025-04-03 00:00:00+00:00,25+ bps increase,3,2025-07,21255,528975,0.017,0,43479262.352112
2025-04-04 00:00:00+00:00,25+ bps increase,3,2025-07,21255,528975,0.0135,0,43479262.352112
2025-04-05 00:00:00+00:00,25+ bps increase,3,2025-07,21255,528975,0.016,0,43479262.352112
2025-04-06 00:00:00+00:00,25+ bps increase,3,2025-07,21255,528975,0.0165,0,43479262.352112
2025-04-07 00:00:00+00:00,25+ bps increase,3,2025-07,21255,528975,0.0195,0,43479262.352112
2025-04-08 00:00:00+00:00,25+ bps increase,3,2025-07,21255,528975,0.038,0,43479262.352112
2025-04-09 00:00:00+00:00,25+ bps increase,3,2025-07,21255,528975,0.0345,0,43479262.352112
2025-04-10 00:00:00+00:00,25+ bps increase,3,2025-07,21255,528975,0.034,0,43479262.352112
2025-04-11 00:00:00+00:00,25+ bps increase,3,2025-07,21255,528975,0.033,0,43479262.352112
2025-04-12 00:00:00+00:00,25+ bps increase,3,2025-07,21255,528975,0.0345,0,43479262.352112
2025-04-13 00:00:00+00:00,25+ bps increase,3,2025-07,21255,528975,0.035,0,43479262.352112
2025-04-14 00:00:00+00:00,25+ bps increase,3,2025-07,21255,528975,0.038,0,43479262.352112
2025-04-15 00:00:00+00:00,25+ bps increase,3,2025-07,21255,528975,0.0335,0,43479262.352112
2025-04-16 00:00:00+00:00,25+ bps increase,3,2025-07,21255,528975,0.034,0,43479262.352112
2025-04-17 00:00:00+00:00,25+ bps increase,3,2025-07,21255,528975,0.0335,0,43479262.352112
2025-04-18 00:00:00+00:00,25+ bps increase,3,2025-07,21255,528975,0.0335,0,43479262.352112
2025-04-19 00:00:00+00:00,25+ bps increase,3,2025-07,21255,528975,0.0335,0,43479262.352112
2025-04-20 00:00:00+00:00,25+ bps increase,3,2025-07,21255,528975,0.0335,0,43479262.352112
2025-04-21 00:00:00+00:00,25+ bps increase,3,2025-07,21255,528975,0.032,0,43479262.352112
2025-04-22 00:00:00+00:00,25+ bps increase,3,2025-07,21255,528975,0.032,0,43479262.352112
2025-04-23 00:00:00+00:00,25+ bps increase,3,2025-07,21255,528975,0.031,0,43479262.352112
2025-04-24 00:00:00+00:00,25+ bps increase,3,2025-07,21255,528975,0.0305,0,43479262.352112
2025-04-25 00:00:00+00:00,25+ bps increase,3,2025-07,21255,528975,0.029,0,43479262.352112
2025-04-26 00:00:00+00:00,25+ bps increase,3,2025-07,21255,528975,0.025,0,43479262.352112
2025-04-27 00:00:00+00:00,25+ bps increase,3,2025-07,21255,528975,0.025,0,43479262.352112
2025-04-28 00:00:00+00:00,25+ bps increase,3,2025-07,21255,528975,0.0285,0,43479262.352112
2025-04-29 00:00:00+00:00,25+ bps increase,3,2025-07,21255,528975,0.0235,0,43479262.352112
2025-04-30 00:00:00+00:00,25+ bps increase,3,2025-07,21255,528975,0.028,0,43479262.352112
2025-05-01 00:00:00+00:00,25+ bps increase,2,2025-07,21255,528975,0.026,0,43479262.352112
2025-05-02 00:00:00+00:00,25+ bps increase,2,2025-07,21255,528975,0.0275,0,43479262.352112
2025-05-03 00:00:00+00:00,25+ bps increase,2,2025-07,21255,528975,0.028,0,43479262.352112
2025-05-04 00:00:00+00:00,25+ bps increase,2,2025-07,21255,528975,0.028,0,43479262.352112
2025-05-05 00:00:00+00:00,25+ bps increase,2,2025-07,21255,528975,0.0245,0,43479262.352112
2025-05-06 00:00:00+00:00,25+ bps increase,2,2025-07,21255,528975,0.0255,0,43479262.352112
2025-05-07 00:00:00+00:00,25+ bps increase,2,2025-07,21255,528975,0.024,0,43479262.352112
2025-05-08 00:00:00+00:00,25+ bps increase,2,2025-07,21255,528975,0.0255,0,43479262.352112
2025-05-08 00:00:00+00:00,25+ bps increase,4,2025-09,24087,542540,0.02,0,67002488.50419
2025-05-09 00:00:00+00:00,25+ bps increase,2,2025-07,21255,528975,0.024,0,43479262.352112
2025-05-09 00:00:00+00:00,25+ bps increase,4,2025-09,24087,542540,0.0285,0,67002488.50419
2025-05-10 00:00:00+00:00,25+ bps increase,2,2025-07,21255,528975,0.019,0,43479262.352112
2025-05-10 00:00:00+00:00,25+ bps increase,4,2025-09,24087,542540,0.0295,0,67002488.50419
2025-05-11 00:00:00+00:00,25+ bps increase,2,2025-07,21255,528975,0.018,0,43479262.352112
2025-05-11 00:00:00+00:00,25+ bps increase,4,2025-09,24087,542540,0.0155,0,67002488.50419
2025-05-12 00:00:00+00:00,25+ bps increase,2,2025-07,21255,528975,0.017,0,43479262.352112
2025-05-12 00:00:00+00:00,25+ bps increase,4,2025-09,24087,542540,0.0175,0,67002488.50419
2025-05-13 00:00:00+00:00,25+ bps increase,2,2025-07,21255,528975,0.018,0,43479262.352112
2025-05-13 00:00:00+00:00,25+ bps increase,4,2025-09,24087,542540,0.0205,0,67002488.50419
2025-05-14 00:00:00+00:00,25+ bps increase,2,2025-07,21255,528975,0.019,0,43479262.352112
2025-05-14 00:00:00+00:00,25+ bps increase,4,2025-09,24087,542540,0.04,0,67002488.50419
2025-05-15 00:00:00+00:00,25+ bps increase,2,2025-07,21255,528975,0.018,0,43479262.352112
2025-05-15 00:00:00+00:00,25+ bps increase,4,2025-09,24087,542540,0.038,0,67002488.50419
2025-05-16 00:00:00+00:00,25+ bps increase,2,2025-07,21255,528975,0.0155,0,43479262.352112
2025-05-16 00:00:00+00:00,25+ bps increase,4,2025-09,24087,542540,0.035,0,67002488.50419
2025-05-17 00:00:00+00:00,25+ bps increase,2,2025-07,21255,528975,0.016,0,43479262.352112
2025-05-17 00:00:00+00:00,25+ bps increase,4,2025-09,24087,542540,0.035,0,67002488.50419
2025-05-18 00:00:00+00:00,25+ bps increase,2,2025-07,21255,528975,0.015,0,43479262.352112
2025-05-18 00:00:00+00:00,25+ bps increase,4,2025-09,24087,542540,0.035,0,67002488.50419
2025-05-19 00:00:00+00:00,25+ bps increase,2,2025-07,21255,528975,0.0115,0,43479262.352112
2025-05-19 00:00:00+00:00,25+ bps increase,4,2025-09,24087,542540,0.0365,0,67002488.50419
2025-05-20 00:00:00+00:00,25+ bps increase,2,2025-07,21255,528975,0.013,0,43479262.352112
2025-05-20 00:00:00+00:00,25+ bps increase,4,2025-09,24087,542540,0.026,0,67002488.50419
2025-05-21 00:00:00+00:00,25+ bps increase,2,2025-07,21255,528975,0.014,0,43479262.352112
2025-05-21 00:00:00+00:00,25+ bps increase,4,2025-09,24087,542540,0.0295,0,67002488.50419
2025-05-22 00:00:00+00:00,25+ bps increase,2,2025-07,21255,528975,0.022,0,43479262.352112
2025-05-22 00:00:00+00:00,25+ bps increase,4,2025-09,24087,542540,0.045,0,67002488.50419
2025-05-23 00:00:00+00:00,25+ bps increase,2,2025-07,21255,528975,0.017,0,43479262.352112
2025-05-23 00:00:00+00:00,25+ bps increase,4,2025-09,24087,542540,0.0405,0,67002488.50419
2025-05-24 00:00:00+00:00,25+ bps increase,2,2025-07,21255,528975,0.017,0,43479262.352112
2025-05-24 00:00:00+00:00,25+ bps increase,4,2025-09,24087,542540,0.0355,0,67002488.50419
2025-05-25 00:00:00+00:00,25+ bps increase,2,2025-07,21255,528975,0.017,0,43479262.352112
2025-05-25 00:00:00+00:00,25+ bps increase,4,2025-09,24087,542540,0.0385,0,67002488.50419
2025-05-26 00:00:00+00:00,25+ bps increase,2,2025-07,21255,528975,0.0165,0,43479262.352112
2025-05-26 00:00:00+00:00,25+ bps increase,4,2025-09,24087,542540,0.0355,0,67002488.50419
2025-05-27 00:00:00+00:00,25+ bps increase,2,2025-07,21255,528975,0.0165,0,43479262.352112
2025-05-27 00:00:00+00:00,25+ bps increase,4,2025-09,24087,542540,0.0355,0,67002488.50419
2025-05-28 00:00:00+00:00,25+ bps increase,2,2025-07,21255,528975,0.015,0,43479262.352112
2025-05-28 00:00:00+00:00,25+ bps increase,4,2025-09,24087,542540,0.0295,0,67002488.50419
2025-05-29 00:00:00+00:00,25+ bps increase,2,2025-07,21255,528975,0.0145,0,43479262.352112
2025-05-29 00:00:00+00:00,25+ bps increase,4,2025-09,24087,542540,0.029,0,67002488.50419
2025-05-30 00:00:00+00:00,25+ bps increase,2,2025-07,21255,528975,0.014,0,43479262.352112
2025-05-30 00:00:00+00:00,25+ bps increase,4,2025-09,24087,542540,0.029,0,67002488.50419
2025-05-31 00:00:00+00:00,25+ bps increase,2,2025-07,21255,528975,0.0105,0,43479262.352112
2025-05-31 00:00:00+00:00,25+ bps increase,4,2025-09,24087,542540,0.0275,0,67002488.50419
2025-06-01 00:00:00+00:00,25+ bps increase,1,2025-07,21255,528975,0.011,0,43479262.352112
2025-06-01 00:00:00+00:00,25+ bps increase,3,2025-09,24087,542540,0.027,0,67002488.50419
2025-06-02 00:00:00+00:00,25+ bps increase,1,2025-07,21255,528975,0.012,0,43479262.352112
2025-06-02 00:00:00+00:00,25+ bps increase,3,2025-09,24087,542540,0.026,0,67002488.50419
2025-06-03 00:00:00+00:00,25+ bps increase,1,2025-07,21255,528975,0.013,0,43479262.352112
2025-06-03 00:00:00+00:00,25+ bps increase,3,2025-09,24087,542540,0.0245,0,67002488.50419
2025-06-04 00:00:00+00:00,25+ bps increase,1,2025-07,21255,528975,0.0075,0,43479262.352112
2025-06-04 00:00:00+00:00,25+ bps increase,3,2025-09,24087,542540,0.0185,0,67002488.50419
2025-06-05 00:00:00+00:00,25+ bps increase,1,2025-07,21255,528975,0.0065,0,43479262.352112
2025-06-05 00:00:00+00:00,25+ bps increase,3,2025-09,24087,542540,0.014,0,67002488.50419
2025-06-06 00:00:00+00:00,25+ bps increase,1,2025-07,21255,528975,0.0065,0,43479262.352112
2025-06-06 00:00:00+00:00,25+ bps increase,3,2025-09,24087,542540,0.0135,0,67002488.50419
2025-06-07 00:00:00+00:00,25+ bps increase,1,2025-07,21255,528975,0.0085,0,43479262.352112
2025-06-07 00:00:00+00:00,25+ bps increase,3,2025-09,24087,542540,0.0085,0,67002488.50419
2025-06-08 00:00:00+00:00,25+ bps increase,1,2025-07,21255,528975,0.0085,0,43479262.352112
2025-06-08 00:00:00+00:00,25+ bps increase,3,2025-09,24087,542540,0.0095,0,67002488.50419
2025-06-09 00:00:00+00:00,25+ bps increase,1,2025-07,21255,528975,0.0075,0,43479262.352112
2025-06-09 00:00:00+00:00,25+ bps increase,3,2025-09,24087,542540,0.0085,0,67002488.50419
2025-06-10 00:00:00+00:00,25+ bps increase,1,2025-07,21255,528975,0.008,0,43479262.352112
2025-06-10 00:00:00+00:00,25+ bps increase,3,2025-09,24087,542540,0.0095,0,67002488.50419
2025-06-11 00:00:00+00:00,25+ bps increase,1,2025-07,21255,528975,0.0075,0,43479262.352112
2025-06-11 00:00:00+00:00,25+ bps increase,3,2025-09,24087,542540,0.0095,0,67002488.50419
2025-06-12 00:00:00+00:00,25+ bps increase,1,2025-07,21255,528975,0.0075,0,43479262.352112
2025-06-12 00:00:00+00:00,25+ bps increase,3,2025-09,24087,542540,0.0085,0,67002488.50419
2025-06-13 00:00:00+00:00,25+ bps increase,1,2025-07,21255,528975,0.0065,0,43479262.352112
2025-06-13 00:00:00+00:00,25+ bps increase,3,2025-09,24087,542540,0.0065,0,67002488.50419
2025-06-14 00:00:00+00:00,25+ bps increase,1,2025-07,21255,528975,0.0065,0,43479262.352112
2025-06-14 00:00:00+00:00,25+ bps increase,3,2025-09,24087,542540,0.0075,0,67002488.50419
2025-06-15 00:00:00+00:00,25+ bps increase,1,2025-07,21255,528975,0.0065,0,43479262.352112
2025-06-15 00:00:00+00:00,25+ bps increase,3,2025-09,24087,542540,0.01,0,67002488.50419
2025-06-16 00:00:00+00:00,25+ bps increase,1,2025-07,21255,528975,0.0065,0,43479262.352112
2025-06-16 00:00:00+00:00,25+ bps increase,3,2025-09,24087,542540,0.011,0,67002488.50419
2025-06-17 00:00:00+00:00,25+ bps increase,1,2025-07,21255,528975,0.007,0,43479262.352112
2025-06-17 00:00:00+00:00,25+ bps increase,3,2025-09,24087,542540,0.0115,0,67002488.50419
2025-06-18 00:00:00+00:00,25+ bps increase,1,2025-07,21255,528975,0.0085,0,43479262.352112
2025-06-18 00:00:00+00:00,25+ bps increase,3,2025-09,24087,542540,0.0115,0,67002488.50419
2025-06-19 00:00:00+00:00,25+ bps increase,1,2025-07,21255,528975,0.0065,0,43479262.352112
2025-06-19 00:00:00+00:00,25+ bps increase,3,2025-09,24087,542540,0.0115,0,67002488.50419
2025-06-20 00:00:00+00:00,25+ bps increase,1,2025-07,21255,528975,0.0065,0,43479262.352112
2025-06-20 00:00:00+00:00,25+ bps increase,3,2025-09,24087,542540,0.009,0,67002488.50419
2025-06-20 00:00:00+00:00,25+ bps increase,4,2025-10,27824,553813,0.011,0,102216689.131463
2025-06-21 00:00:00+00:00,25+ bps increase,1,2025-07,21255,528975,0.0065,0,43479262.352112
2025-06-21 00:00:00+00:00,25+ bps increase,3,2025-09,24087,542540,0.007,0,67002488.50419
2025-06-21 00:00:00+00:00,25+ bps increase,4,2025-10,27824,553813,0.024,0,102216689.131463
2025-06-22 00:00:00+00:00,25+ bps increase,1,2025-07,21255,528975,0.0065,0,43479262.352112
2025-06-22 00:00:00+00:00,25+ bps increase,3,2025-09,24087,542540,0.0075,0,67002488.50419
2025-06-22 00:00:00+00:00,25+ bps increase,4,2025-10,27824,553813,0.024,0,102216689.131463
2025-06-23 00:00:00+00:00,25+ bps increase,1,2025-07,21255,528975,0.0055,0,43479262.352112
2025-06-23 00:00:00+00:00,25+ bps increase,3,2025-09,24087,542540,0.0085,0,67002488.50419
2025-06-23 00:00:00+00:00,25+ bps increase,4,2025-10,27824,553813,0.0245,0,102216689.131463
2025-06-24 00:00:00+00:00,25+ bps increase,1,2025-07,21255,528975,0.0065,0,43479262.352112
2025-06-24 00:00:00+00:00,25+ bps increase,3,2025-09,24087,542540,0.0085,0,67002488.50419
2025-06-24 00:00:00+00:00,25+ bps increase,4,2025-10,27824,553813,0.023,0,102216689.131463
2025-06-25 00:00:00+00:00,25+ bps increase,1,2025-07,21255,528975,0.0045,0,43479262.352112
2025-06-25 00:00:00+00:00,25+ bps increase,3,2025-09,24087,542540,0.0065,0,67002488.50419
2025-06-25 00:00:00+00:00,25+ bps increase,4,2025-10,27824,553813,0.022,0,102216689.131463
2025-06-26 00:00:00+00:00,25+ bps increase,1,2025-07,21255,528975,0.0055,0,43479262.352112
2025-06-26 00:00:00+00:00,25+ bps increase,3,2025-09,24087,542540,0.0065,0,67002488.50419
2025-06-26 00:00:00+00:00,25+ bps increase,4,2025-10,27824,553813,0.0225,0,102216689.131463
2025-06-27 00:00:00+00:00,25+ bps increase,1,2025-07,21255,528975,0.0055,0,43479262.352112
2025-06-27 00:00:00+00:00,25+ bps increase,3,2025-09,24087,542540,0.0065,0,67002488.50419
2025-06-27 00:00:00+00:00,25+ bps increase,4,2025-10,27824,553813,0.024,0,102216689.131463
2025-06-28 00:00:00+00:00,25+ bps increase,1,2025-07,21255,528975,0.0055,0,43479262.352112
2025-06-28 00:00:00+00:00,25+ bps increase,3,2025-09,24087,542540,0.009,0,67002488.50419
2025-06-28 00:00:00+00:00,25+ bps increase,4,2025-10,27824,553813,0.023,0,102216689.131463
2025-06-29 00:00:00+00:00,25+ bps increase,1,2025-07,21255,528975,0.0055,0,43479262.352112
2025-06-29 00:00:00+00:00,25+ bps increase,3,2025-09,24087,542540,0.0085,0,67002488.50419
2025-06-29 00:00:00+00:00,25+ bps increase,4,2025-10,27824,553813,0.0225,0,102216689.131463
2025-06-30 00:00:00+00:00,25+ bps increase,1,2025-07,21255,528975,0.0065,0,43479262.352112
2025-06-30 00:00:00+00:00,25+ bps increase,3,2025-09,24087,542540,0.0085,0,67002488.50419
2025-06-30 00:00:00+00:00,25+ bps increase,4,2025-10,27824,553813,0.023,0,102216689.131463
2025-07-01 00:00:00+00:00,25+ bps increase,0,2025-07,21255,528975,0.0065,0,43479262.352112
2025-07-01 00:00:00+00:00,25+ bps increase,2,2025-09,24087,542540,0.008,0,67002488.50419
2025-07-01 00:00:00+00:00,25+ bps increase,3,2025-10,27824,553813,0.0235,0,102216689.131463
2025-07-02 00:00:00+00:00,25+ bps increase,0,2025-07,21255,528975,0.0045,0,43479262.352112
2025-07-02 00:00:00+00:00,25+ bps increase,2,2025-09,24087,542540,0.0065,0,67002488.50419
2025-07-02 00:00:00+00:00,25+ bps increase,3,2025-10,27824,553813,0.0195,0,102216689.131463
2025-07-03 00:00:00+00:00,25+ bps increase,0,2025-07,21255,528975,0.0055,0,43479262.352112
2025-07-03 00:00:00+00:00,25+ bps increase,2,2025-09,24087,542540,0.0085,0,67002488.50419
2025-07-03 00:00:00+00:00,25+ bps increase,3,2025-10,27824,553813,0.016,0,102216689.131463
2025-07-04 00:00:00+00:00,25+ bps increase,0,2025-07,21255,528975,0.0045,0,43479262.352112
2025-07-04 00:00:00+00:00,25+ bps increase,2,2025-09,24087,542540,0.008,0,67002488.50419
2025-07-04 00:00:00+00:00,25+ bps increase,3,2025-10,27824,553813,0.0165,0,102216689.131463
2025-07-05 00:00:00+00:00,25+ bps increase,0,2025-07,21255,528975,0.0035,0,43479262.352112
2025-07-05 00:00:00+00:00,25+ bps increase,2,2025-09,24087,542540,0.009,0,67002488.50419
2025-07-05 00:00:00+00:00,25+ bps increase,3,2025-10,27824,553813,0.0155,0,102216689.131463
2025-07-06 00:00:00+00:00,25+ bps increase,0,2025-07,21255,528975,0.0025,0,43479262.352112
2025-07-06 00:00:00+00:00,25+ bps increase,2,2025-09,24087,542540,0.0085,0,67002488.50419
2025-07-06 00:00:00+00:00,25+ bps increase,3,2025-10,27824,553813,0.016,0,102216689.131463
2025-07-07 00:00:00+00:00,25+ bps increase,0,2025-07,21255,528975,0.0025,0,43479262.352112
2025-07-07 00:00:00+00:00,25+ bps increase,2,2025-09,24087,542540,0.0085,0,67002488.50419
2025-07-07 00:00:00+00:00,25+ bps increase,3,2025-10,27824,553813,0.016,0,102216689.131463
2025-07-08 00:00:00+00:00,25+ bps increase,0,2025-07,21255,528975,0.0035,0,43479262.352112
2025-07-08 00:00:00+00:00,25+ bps increase,2,2025-09,24087,542540,0.0095,0,67002488.50419
2025-07-08 00:00:00+00:00,25+ bps increase,3,2025-10,27824,553813,0.018,0,102216689.131463
2025-07-09 00:00:00+00:00,25+ bps increase,0,2025-07,21255,528975,0.0035,0,43479262.352112
2025-07-09 00:00:00+00:00,25+ bps increase,2,2025-09,24087,542540,0.0095,0,67002488.50419
2025-07-09 00:00:00+00:00,25+ bps increase,3,2025-10,27824,553813,0.0215,0,102216689.131463
2025-07-10 00:00:00+00:00,25+ bps increase,0,2025-07,21255,528975,0.0025,0,43479262.352112
2025-07-10 00:00:00+00:00,25+ bps increase,2,2025-09,24087,542540,0.0075,0,67002488.50419
2025-07-10 00:00:00+00:00,25+ bps increase,3,2025-10,27824,553813,0.0245,0,102216689.131463
2025-07-11 00:00:00+00:00,25+ bps increase,0,2025-07,21255,528975,0.0035,0,43479262.352112
2025-07-11 00:00:00+00:00,25+ bps increase,2,2025-09,24087,542540,0.008,0,67002488.50419
2025-07-11 00:00:00+00:00,25+ bps increase,3,2025-10,27824,553813,0.0225,0,102216689.131463
2025-07-12 00:00:00+00:00,25+ bps increase,0,2025-07,21255,528975,0.0035,0,43479262.352112
2025-07-12 00:00:00+00:00,25+ bps increase,2,2025-09,24087,542540,0.0105,0,67002488.50419
2025-07-12 00:00:00+00:00,25+ bps increase,3,2025-10,27824,553813,0.0225,0,102216689.131463
2025-07-13 00:00:00+00:00,25+ bps increase,0,2025-07,21255,528975,0.0035,0,43479262.352112
2025-07-13 00:00:00+00:00,25+ bps increase,2,2025-09,24087,542540,0.01,0,67002488.50419
2025-07-13 00:00:00+00:00,25+ bps increase,3,2025-10,27824,553813,0.0225,0,102216689.131463
2025-07-14 00:00:00+00:00,25+ bps increase,0,2025-07,21255,528975,0.0035,0,43479262.352112
2025-07-14 00:00:00+00:00,25+ bps increase,2,2025-09,24087,542540,0.0085,0,67002488.50419
2025-07-14 00:00:00+00:00,25+ bps increase,3,2025-10,27824,553813,0.0225,0,102216689.131463
2025-07-15 00:00:00+00:00,25+ bps increase,0,2025-07,21255,528975,0.0035,0,43479262.352112
2025-07-15 00:00:00+00:00,25+ bps increase,2,2025-09,24087,542540,0.0085,0,67002488.50419
2025-07-15 00:00:00+00:00,25+ bps increase,3,2025-10,27824,553813,0.024,0,102216689.131463
2025-07-16 00:00:00+00:00,25+ bps increase,0,2025-07,21255,528975,0.0035,0,43479262.352112
2025-07-16 00:00:00+00:00,25+ bps increase,2,2025-09,24087,542540,0.0115,0,67002488.50419
2025-07-16 00:00:00+00:00,25+ bps increase,3,2025-10,27824,553813,0.0235,0,102216689.131463
2025-07-17 00:00:00+00:00,25+ bps increase,0,2025-07,21255,528975,0.0025,0,43479262.352112
2025-07-17 00:00:00+00:00,25+ bps increase,2,2025-09,24087,542540,0.0095,0,67002488.50419
2025-07-17 00:00:00+00:00,25+ bps increase,3,2025-10,27824,553813,0.0265,0,102216689.131463
2025-07-18 00:00:00+00:00,25+ bps increase,0,2025-07,21255,528975,0.0025,0,43479262.352112
2025-07-18 00:00:00+00:00,25+ bps increase,2,2025-09,24087,542540,0.008,0,67002488.50419
2025-07-18 00:00:00+00:00,25+ bps increase,3,2025-10,27824,553813,0.0175,0,102216689.131463
2025-07-19 00:00:00+00:00,25+ bps increase,0,2025-07,21255,528975,0.0025,0,43479262.352112
2025-07-19 00:00:00+00:00,25+ bps increase,2,2025-09,24087,542540,0.008,0,67002488.50419
2025-07-19 00:00:00+00:00,25+ bps increase,3,2025-10,27824,553813,0.017,0,102216689.131463
2025-07-20 00:00:00+00:00,25+ bps increase,0,2025-07,21255,528975,0.0025,0,43479262.352112
2025-07-20 00:00:00+00:00,25+ bps increase,2,2025-09,24087,542540,0.0075,0,67002488.50419
2025-07-20 00:00:00+00:00,25+ bps increase,3,2025-10,27824,553813,0.017,0,102216689.131463
2025-07-21 00:00:00+00:00,25+ bps increase,0,2025-07,21255,528975,0.0015,0,43479262.352112
2025-07-21 00:00:00+00:00,25+ bps increase,2,2025-09,24087,542540,0.0075,0,67002488.50419
2025-07-21 00:00:00+00:00,25+ bps increase,3,2025-10,27824,553813,0.017,0,102216689.131463
2025-07-22 00:00:00+00:00,25+ bps increase,0,2025-07,21255,528975,0.0015,0,43479262.352112
2025-07-22 00:00:00+00:00,25+ bps increase,2,2025-09,24087,542540,0.0075,0,67002488.50419
2025-07-22 00:00:00+00:00,25+ bps increase,3,2025-10,27824,553813,0.0205,0,102216689.131463
2025-07-23 00:00:00+00:00,25+ bps increase,0,2025-07,21255,528975,0.0015,0,43479262.352112
2025-07-23 00:00:00+00:00,25+ bps increase,2,2025-09,24087,542540,0.008,0,67002488.50419
2025-07-23 00:00:00+00:00,25+ bps increase,3,2025-10,27824,553813,0.0205,0,102216689.131463
2025-07-24 00:00:00+00:00,25+ bps increase,0,2025-07,21255,528975,0.0015,0,43479262.352112
2025-07-24 00:00:00+00:00,25+ bps increase,2,2025-09,24087,542540,0.0075,0,67002488.50419
2025-07-24 00:00:00+00:00,25+ bps increase,3,2025-10,27824,553813,0.0205,0,102216689.131463
2025-07-25 00:00:00+00:00,25+ bps increase,0,2025-07,21255,528975,0.0005,0,43479262.352112
2025-07-25 00:00:00+00:00,25+ bps increase,2,2025-09,24087,542540,0.0065,0,67002488.50419
2025-07-25 00:00:00+00:00,25+ bps increase,3,2025-10,27824,553813,0.0205,0,102216689.131463
2025-07-26 00:00:00+00:00,25+ bps increase,0,2025-07,21255,528975,0.0005,0,43479262.352112
2025-07-26 00:00:00+00:00,25+ bps increase,2,2025-09,24087,542540,0.0065,0,67002488.50419
2025-07-26 00:00:00+00:00,25+ bps increase,3,2025-10,27824,553813,0.02,0,102216689.131463
2025-07-27 00:00:00+00:00,25+ bps increase,0,2025-07,21255,528975,0.0005,0,43479262.352112
2025-07-27 00:00:00+00:00,25+ bps increase,2,2025-09,24087,542540,0.0065,0,67002488.50419
2025-07-27 00:00:00+00:00,25+ bps increase,3,2025-10,27824,553813,0.0195,0,102216689.131463
2025-07-28 00:00:00+00:00,25+ bps increase,0,2025-07,21255,528975,0.0005,0,43479262.352112
2025-07-28 00:00:00+00:00,25+ bps increase,2,2025-09,24087,542540,0.0065,0,67002488.50419
2025-07-28 00:00:00+00:00,25+ bps increase,3,2025-10,27824,553813,0.0195,0,102216689.131463
2025-07-29 00:00:00+00:00,25+ bps increase,0,2025-07,21255,528975,0.0005,0,43479262.352112
2025-07-29 00:00:00+00:00,25+ bps increase,2,2025-09,24087,542540,0.0065,0,67002488.50419
2025-07-29 00:00:00+00:00,25+ bps increase,3,2025-10,27824,553813,0.019,0,102216689.131463
2025-07-30 00:00:00+00:00,25+ bps increase,0,2025-07,21255,528975,0.0005,0,43479262.352112
2025-07-30 00:00:00+00:00,25+ bps increase,2,2025-09,24087,542540,0.0065,0,67002488.50419
2025-07-30 00:00:00+00:00,25+ bps increase,3,2025-10,27824,553813,0.019,0,102216689.131463
2025-07-31 00:00:00+00:00,25+ bps increase,2,2025-09,24087,542540,0.0065,0,67002488.50419
2025-07-31 00:00:00+00:00,25+ bps increase,3,2025-10,27824,553813,0.0205,0,102216689.131463
2025-08-01 00:00:00+00:00,25+ bps increase,1,2025-09,24087,542540,0.0075,0,67002488.50419
2025-08-01 00:00:00+00:00,25+ bps increase,2,2025-10,27824,553813,0.017,0,102216689.131463
2025-08-01 00:00:00+00:00,25+ bps increase,4,2025-12,35090,570363,0.06,0,133173605.453166
2025-08-02 00:00:00+00:00,25+ bps increase,1,2025-09,24087,542540,0.006,0,67002488.50419
2025-08-02 00:00:00+00:00,25+ bps increase,2,2025-10,27824,553813,0.0165,0,102216689.131463
2025-08-02 00:00:00+00:00,25+ bps increase,4,2025-12,35090,570363,0.03,0,133173605.453166
2025-08-03 00:00:00+00:00,25+ bps increase,1,2025-09,24087,542540,0.0055,0,67002488.50419
2025-08-03 00:00:00+00:00,25+ bps increase,2,2025-10,27824,553813,0.017,0,102216689.131463
2025-08-03 00:00:00+00:00,25+ bps increase,4,2025-12,35090,570363,0.0295,0,133173605.453166
2025-08-04 00:00:00+00:00,25+ bps increase,1,2025-09,24087,542540,0.0055,0,67002488.50419
2025-08-04 00:00:00+00:00,25+ bps increase,2,2025-10,27824,553813,0.0175,0,102216689.131463
2025-08-04 00:00:00+00:00,25+ bps increase,4,2025-12,35090,570363,0.029,0,133173605.453166
2025-08-05 00:00:00+00:00,25+ bps increase,1,2025-09,24087,542540,0.0055,0,67002488.50419
2025-08-05 00:00:00+00:00,25+ bps increase,2,2025-10,27824,553813,0.017,0,102216689.131463
2025-08-05 00:00:00+00:00,25+ bps increase,4,2025-12,35090,570363,0.026,0,133173605.453166
2025-08-06 00:00:00+00:00,25+ bps increase,1,2025-09,24087,542540,0.0055,0,67002488.50419
2025-08-06 00:00:00+00:00,25+ bps increase,2,2025-10,27824,553813,0.017,0,102216689.131463
2025-08-06 00:00:00+00:00,25+ bps increase,4,2025-12,35090,570363,0.027,0,133173605.453166
2025-08-07 00:00:00+00:00,25+ bps increase,1,2025-09,24087,542540,0.0055,0,67002488.50419
2025-08-07 00:00:00+00:00,25+ bps increase,2,2025-10,27824,553813,0.0165,0,102216689.131463
2025-08-07 00:00:00+00:00,25+ bps increase,4,2025-12,35090,570363,0.0285,0,133173605.453166
2025-08-08 00:00:00+00:00,25+ bps increase,1,2025-09,24087,542540,0.0055,0,67002488.50419
2025-08-08 00:00:00+00:00,25+ bps increase,2,2025-10,27824,553813,0.0185,0,102216689.131463
2025-08-08 00:00:00+00:00,25+ bps increase,4,2025-12,35090,570363,0.029,0,133173605.453166
2025-08-09 00:00:00+00:00,25+ bps increase,1,2025-09,24087,542540,0.0065,0,67002488.50419
2025-08-09 00:00:00+00:00,25+ bps increase,2,2025-10,27824,553813,0.0185,0,102216689.131463
2025-08-09 00:00:00+00:00,25+ bps increase,4,2025-12,35090,570363,0.028,0,133173605.453166
2025-08-10 00:00:00+00:00,25+ bps increase,1,2025-09,24087,542540,0.0055,0,67002488.50419
2025-08-10 00:00:00+00:00,25+ bps increase,2,2025-10,27824,553813,0.019,0,102216689.131463
2025-08-10 00:00:00+00:00,25+ bps increase,4,2025-12,35090,570363,0.027,0,133173605.453166
2025-08-11 00:00:00+00:00,25+ bps increase,1,2025-09,24087,542540,0.0055,0,67002488.50419
2025-08-11 00:00:00+00:00,25+ bps increase,2,2025-10,27824,553813,0.0175,0,102216689.131463
2025-08-11 00:00:00+00:00,25+ bps increase,4,2025-12,35090,570363,0.027,0,133173605.453166
2025-08-12 00:00:00+00:00,25+ bps increase,1,2025-09,24087,542540,0.0055,0,67002488.50419
2025-08-12 00:00:00+00:00,25+ bps increase,2,2025-10,27824,553813,0.0175,0,102216689.131463
2025-08-12 00:00:00+00:00,25+ bps increase,4,2025-12,35090,570363,0.027,0,133173605.453166
2025-08-13 00:00:00+00:00,25+ bps increase,1,2025-09,24087,542540,0.0055,0,67002488.50419
2025-08-13 00:00:00+00:00,25+ bps increase,2,2025-10,27824,553813,0.016,0,102216689.131463
2025-08-13 00:00:00+00:00,25+ bps increase,4,2025-12,35090,570363,0.0195,0,133173605.453166
2025-08-14 00:00:00+00:00,25+ bps increase,1,2025-09,24087,542540,0.0045,0,67002488.50419
2025-08-14 00:00:00+00:00,25+ bps increase,2,2025-10,27824,553813,0.0165,0,102216689.131463
2025-08-14 00:00:00+00:00,25+ bps increase,4,2025-12,35090,570363,0.015,0,133173605.453166
2025-08-15 00:00:00+00:00,25+ bps increase,1,2025-09,24087,542540,0.0045,0,67002488.50419
2025-08-15 00:00:00+00:00,25+ bps increase,2,2025-10,27824,553813,0.0175,0,102216689.131463
2025-08-15 00:00:00+00:00,25+ bps increase,4,2025-12,35090,570363,0.018,0,133173605.453166
2025-08-16 00:00:00+00:00,25+ bps increase,1,2025-09,24087,542540,0.0045,0,67002488.50419
2025-08-16 00:00:00+00:00,25+ bps increase,2,2025-10,27824,553813,0.018,0,102216689.131463
2025-08-16 00:00:00+00:00,25+ bps increase,4,2025-12,35090,570363,0.0165,0,133173605.453166
2025-08-17 00:00:00+00:00,25+ bps increase,1,2025-09,24087,542540,0.0055,0,67002488.50419
2025-08-17 00:00:00+00:00,25+ bps increase,2,2025-10,27824,553813,0.0165,0,102216689.131463
2025-08-17 00:00:00+00:00,25+ bps increase,4,2025-12,35090,570363,0.0185,0,133173605.453166
2025-08-18 00:00:00+00:00,25+ bps increase,1,2025-09,24087,542540,0.0055,0,67002488.50419
2025-08-18 00:00:00+00:00,25+ bps increase,2,2025-10,27824,553813,0.0145,0,102216689.131463
2025-08-18 00:00:00+00:00,25+ bps increase,4,2025-12,35090,570363,0.0185,0,133173605.453166
2025-08-19 00:00:00+00:00,25+ bps increase,1,2025-09,24087,542540,0.0055,0,67002488.50419
2025-08-19 00:00:00+00:00,25+ bps increase,2,2025-10,27824,553813,0.0145,0,102216689.131463
2025-08-19 00:00:00+00:00,25+ bps increase,4,2025-12,35090,570363,0.018,0,133173605.453166
2025-08-20 00:00:00+00:00,25+ bps increase,1,2025-09,24087,542540,0.0045,0,67002488.50419
2025-08-20 00:00:00+00:00,25+ bps increase,2,2025-10,27824,553813,0.0145,0,102216689.131463
2025-08-20 00:00:00+00:00,25+ bps increase,4,2025-12,35090,570363,0.018,0,133173605.453166
2025-08-21 00:00:00+00:00,25+ bps increase,1,2025-09,24087,542540,0.0045,0,67002488.50419
2025-08-21 00:00:00+00:00,25+ bps increase,2,2025-10,27824,553813,0.0135,0,102216689.131463
2025-08-21 00:00:00+00:00,25+ bps increase,4,2025-12,35090,570363,0.0155,0,133173605.453166
2025-08-22 00:00:00+00:00,25+ bps increase,1,2025-09,24087,542540,0.0105,0,67002488.50419
2025-08-22 00:00:00+00:00,25+ bps increase,2,2025-10,27824,553813,0.0165,0,102216689.131463
2025-08-22 00:00:00+00:00,25+ bps increase,4,2025-12,35090,570363,0.0235,0,133173605.453166
2025-08-23 00:00:00+00:00,25+ bps increase,1,2025-09,24087,542540,0.0025,0,67002488.50419
2025-08-23 00:00:00+00:00,25+ bps increase,2,2025-10,27824,553813,0.0095,0,102216689.131463
2025-08-23 00:00:00+00:00,25+ bps increase,4,2025-12,35090,570363,0.014,0,133173605.453166
2025-08-24 00:00:00+00:00,25+ bps increase,1,2025-09,24087,542540,0.0035,0,67002488.50419
2025-08-24 00:00:00+00:00,25+ bps increase,2,2025-10,27824,553813,0.0095,0,102216689.131463
2025-08-24 00:00:00+00:00,25+ bps increase,4,2025-12,35090,570363,0.0135,0,133173605.453166
2025-08-25 00:00:00+00:00,25+ bps increase,1,2025-09,24087,542540,0.0035,0,67002488.50419
2025-08-25 00:00:00+00:00,25+ bps increase,2,2025-10,27824,553813,0.0095,0,102216689.131463
2025-08-25 00:00:00+00:00,25+ bps increase,4,2025-12,35090,570363,0.0145,0,133173605.453166
2025-08-26 00:00:00+00:00,25+ bps increase,1,2025-09,24087,542540,0.0055,0,67002488.50419
2025-08-26 00:00:00+00:00,25+ bps increase,2,2025-10,27824,553813,0.0095,0,102216689.131463
2025-08-26 00:00:00+00:00,25+ bps increase,4,2025-12,35090,570363,0.0135,0,133173605.453166
2025-08-27 00:00:00+00:00,25+ bps increase,1,2025-09,24087,542540,0.0045,0,67002488.50419
2025-08-27 00:00:00+00:00,25+ bps increase,2,2025-10,27824,553813,0.0095,0,102216689.131463
2025-08-27 00:00:00+00:00,25+ bps increase,4,2025-12,35090,570363,0.0155,0,133173605.453166
2025-08-28 00:00:00+00:00,25+ bps increase,1,2025-09,24087,542540,0.0065,0,67002488.50419
2025-08-28 00:00:00+00:00,25+ bps increase,2,2025-10,27824,553813,0.0095,0,102216689.131463
2025-08-28 00:00:00+00:00,25+ bps increase,4,2025-12,35090,570363,0.0145,0,133173605.453166
2025-08-29 00:00:00+00:00,25+ bps increase,1,2025-09,24087,542540,0.0055,0,67002488.50419
2025-08-29 00:00:00+00:00,25+ bps increase,2,2025-10,27824,553813,0.0095,0,102216689.131463
2025-08-29 00:00:00+00:00,25+ bps increase,4,2025-12,35090,570363,0.0145,0,133173605.453166
2025-08-30 00:00:00+00:00,25+ bps increase,1,2025-09,24087,542540,0.0055,0,67002488.50419
2025-08-30 00:00:00+00:00,25+ bps increase,2,2025-10,27824,553813,0.0095,0,102216689.131463
2025-08-30 00:00:00+00:00,25+ bps increase,4,2025-12,35090,570363,0.0145,0,133173605.453166
2025-08-31 00:00:00+00:00,25+ bps increase,1,2025-09,24087,542540,0.0055,0,67002488.50419
2025-08-31 00:00:00+00:00,25+ bps increase,2,2025-10,27824,553813,0.0095,0,102216689.131463
2025-08-31 00:00:00+00:00,25+ bps increase,4,2025-12,35090,570363,0.015,0,133173605.453166
2025-09-01 00:00:00+00:00,25+ bps increase,0,2025-09,24087,542540,0.0055,0,67002488.50419
2025-09-01 00:00:00+00:00,25+ bps increase,1,2025-10,27824,553813,0.0095,0,102216689.131463
2025-09-01 00:00:00+00:00,25+ bps increase,3,2025-12,35090,570363,0.015,0,133173605.453166
2025-09-02 00:00:00+00:00,25+ bps increase,0,2025-09,24087,542540,0.0045,0,67002488.50419
2025-09-02 00:00:00+00:00,25+ bps increase,1,2025-10,27824,553813,0.0085,0,102216689.131463
2025-09-02 00:00:00+00:00,25+ bps increase,3,2025-12,35090,570363,0.015,0,133173605.453166
2025-09-03 00:00:00+00:00,25+ bps increase,0,2025-09,24087,542540,0.0035,0,67002488.50419
2025-09-03 00:00:00+00:00,25+ bps increase,1,2025-10,27824,553813,0.0085,0,102216689.131463
2025-09-03 00:00:00+00:00,25+ bps increase,3,2025-12,35090,570363,0.0145,0,133173605.453166
2025-09-04 00:00:00+00:00,25+ bps increase,0,2025-09,24087,542540,0.0035,0,67002488.50419
2025-09-04 00:00:00+00:00,25+ bps increase,1,2025-10,27824,553813,0.0085,0,102216689.131463
2025-09-04 00:00:00+00:00,25+ bps increase,3,2025-12,35090,570363,0.0155,0,133173605.453166
2025-09-05 00:00:00+00:00,25+ bps increase,0,2025-09,24087,542540,0.0035,0,67002488.50419
2025-09-05 00:00:00+00:00,25+ bps increase,1,2025-10,27824,553813,0.0085,0,102216689.131463
2025-09-05 00:00:00+00:00,25+ bps increase,3,2025-12,35090,570363,0.0165,0,133173605.453166
2025-09-06 00:00:00+00:00,25+ bps increase,0,2025-09,24087,542540,0.0025,0,67002488.50419
2025-09-06 00:00:00+00:00,25+ bps increase,1,2025-10,27824,553813,0.0085,0,102216689.131463
2025-09-06 00:00:00+00:00,25+ bps increase,3,2025-12,35090,570363,0.0075,0,133173605.453166
2025-09-07 00:00:00+00:00,25+ bps increase,0,2025-09,24087,542540,0.0025,0,67002488.50419
2025-09-07 00:00:00+00:00,25+ bps increase,1,2025-10,27824,553813,0.0085,0,102216689.131463
2025-09-07 00:00:00+00:00,25+ bps increase,3,2025-12,35090,570363,0.007,0,133173605.453166
2025-09-08 00:00:00+00:00,25+ bps increase,0,2025-09,24087,542540,0.0025,0,67002488.50419
2025-09-08 00:00:00+00:00,25+ bps increase,1,2025-10,27824,553813,0.0085,0,102216689.131463
2025-09-08 00:00:00+00:00,25+ bps increase,3,2025-12,35090,570363,0.0115,0,133173605.453166
2025-09-09 00:00:00+00:00,25+ bps increase,0,2025-09,24087,542540,0.0025,0,67002488.50419
2025-09-09 00:00:00+00:00,25+ bps increase,1,2025-10,27824,553813,0.0085,0,102216689.131463
2025-09-09 00:00:00+00:00,25+ bps increase,3,2025-12,35090,570363,0.011,0,133173605.453166
2025-09-10 00:00:00+00:00,25+ bps increase,0,2025-09,24087,542540,0.0025,0,67002488.50419
2025-09-10 00:00:00+00:00,25+ bps increase,1,2025-10,27824,553813,0.0095,0,102216689.131463
2025-09-10 00:00:00+00:00,25+ bps increase,3,2025-12,35090,570363,0.0095,0,133173605.453166
2025-09-11 00:00:00+00:00,25+ bps increase,0,2025-09,24087,542540,0.0015,0,67002488.50419
2025-09-11 00:00:00+00:00,25+ bps increase,1,2025-10,27824,553813,0.0085,0,102216689.131463
2025-09-11 00:00:00+00:00,25+ bps increase,3,2025-12,35090,570363,0.0095,0,133173605.453166
2025-09-12 00:00:00+00:00,25+ bps increase,0,2025-09,24087,542540,0.0015,0,67002488.50419
2025-09-12 00:00:00+00:00,25+ bps increase,1,2025-10,27824,553813,0.0085,0,102216689.131463
2025-09-12 00:00:00+00:00,25+ bps increase,3,2025-12,35090,570363,0.0075,0,133173605.453166
2025-09-13 00:00:00+00:00,25+ bps increase,0,2025-09,24087,542540,0.0015,0,67002488.50419
2025-09-13 00:00:00+00:00,25+ bps increase,1,2025-10,27824,553813,0.0085,0,102216689.131463
2025-09-13 00:00:00+00:00,25+ bps increase,3,2025-12,35090,570363,0.0075,0,133173605.453166
2025-09-14 00:00:00+00:00,25+ bps increase,0,2025-09,24087,542540,0.0015,0,67002488.50419
2025-09-14 00:00:00+00:00,25+ bps increase,1,2025-10,27824,553813,0.0085,0,102216689.131463
2025-09-14 00:00:00+00:00,25+ bps increase,3,2025-12,35090,570363,0.007,0,133173605.453166
2025-09-15 00:00:00+00:00,25+ bps increase,0,2025-09,24087,542540,0.0015,0,67002488.50419
2025-09-15 00:00:00+00:00,25+ bps increase,1,2025-10,27824,553813,0.0085,0,102216689.131463
2025-09-15 00:00:00+00:00,25+ bps increase,3,2025-12,35090,570363,0.0065,0,133173605.453166
2025-09-16 00:00:00+00:00,25+ bps increase,0,2025-09,24087,542540,0.0015,0,67002488.50419
2025-09-16 00:00:00+00:00,25+ bps increase,1,2025-10,27824,553813,0.0085,0,102216689.131463
2025-09-16 00:00:00+00:00,25+ bps increase,3,2025-12,35090,570363,0.0075,0,133173605.453166
2025-09-17 00:00:00+00:00,25+ bps increase,0,2025-09,24087,542540,0.0005,0,67002488.50419
2025-09-17 00:00:00+00:00,25+ bps increase,1,2025-10,27824,553813,0.0085,0,102216689.131463
2025-09-17 00:00:00+00:00,25+ bps increase,3,2025-12,35090,570363,0.01,0,133173605.453166
2025-09-18 00:00:00+00:00,25+ bps increase,1,2025-10,27824,553813,0.0075,0,102216689.131463
2025-09-18 00:00:00+00:00,25+ bps increase,3,2025-12,35090,570363,0.013,0,133173605.453166
2025-09-18 00:00:00+00:00,25+ bps increase,4,2026-01,45883,601700,0.033,0,216455743.153891
2025-09-19 00:00:00+00:00,25+ bps increase,1,2025-10,27824,553813,0.0065,0,102216689.131463
2025-09-19 00:00:00+00:00,25+ bps increase,3,2025-12,35090,570363,0.0095,0,133173605.453166
2025-09-19 00:00:00+00:00,25+ bps increase,4,2026-01,45883,601700,0.0425,0,216455743.153891
2025-09-20 00:00:00+00:00,25+ bps increase,1,2025-10,27824,553813,0.0055,0,102216689.131463
2025-09-20 00:00:00+00:00,25+ bps increase,3,2025-12,35090,570363,0.0095,0,133173605.453166
2025-09-20 00:00:00+00:00,25+ bps increase,4,2026-01,45883,601700,0.0255,0,216455743.153891
2025-09-21 00:00:00+00:00,25+ bps increase,1,2025-10,27824,553813,0.0055,0,102216689.131463
2025-09-21 00:00:00+00:00,25+ bps increase,3,2025-12,35090,570363,0.009,0,133173605.453166
2025-09-21 00:00:00+00:00,25+ bps increase,4,2026-01,45883,601700,0.026,0,216455743.153891
2025-09-22 00:00:00+00:00,25+ bps increase,1,2025-10,27824,553813,0.0055,0,102216689.131463
2025-09-22 00:00:00+00:00,25+ bps increase,3,2025-12,35090,570363,0.009,0,133173605.453166
2025-09-22 00:00:00+00:00,25+ bps increase,4,2026-01,45883,601700,0.027,0,216455743.153891
2025-09-23 00:00:00+00:00,25+ bps increase,1,2025-10,27824,553813,0.0055,0,102216689.131463
2025-09-23 00:00:00+00:00,25+ bps increase,3,2025-12,35090,570363,0.0085,0,133173605.453166
2025-09-23 00:00:00+00:00,25+ bps increase,4,2026-01,45883,601700,0.0325,0,216455743.153891
2025-09-24 00:00:00+00:00,25+ bps increase,1,2025-10,27824,553813,0.0055,0,102216689.131463
2025-09-24 00:00:00+00:00,25+ bps increase,3,2025-12,35090,570363,0.0095,0,133173605.453166
2025-09-24 00:00:00+00:00,25+ bps increase,4,2026-01,45883,601700,0.0315,0,216455743.153891
2025-09-25 00:00:00+00:00,25+ bps increase,1,2025-10,27824,553813,0.0055,0,102216689.131463
2025-09-25 00:00:00+00:00,25+ bps increase,3,2025-12,35090,570363,0.0095,0,133173605.453166
2025-09-25 00:00:00+00:00,25+ bps increase,4,2026-01,45883,601700,0.0275,0,216455743.153891
2025-09-26 00:00:00+00:00,25+ bps increase,1,2025-10,27824,553813,0.0055,0,102216689.131463
2025-09-26 00:00:00+00:00,25+ bps increase,3,2025-12,35090,570363,0.0095,0,133173605.453166
2025-09-26 00:00:00+00:00,25+ bps increase,4,2026-01,45883,601700,0.022,0,216455743.153891
2025-09-27 00:00:00+00:00,25+ bps increase,1,2025-10,27824,553813,0.0055,0,102216689.131463
2025-09-27 00:00:00+00:00,25+ bps increase,3,2025-12,35090,570363,0.0095,0,133173605.453166
2025-09-27 00:00:00+00:00,25+ bps increase,4,2026-01,45883,601700,0.02,0,216455743.153891
2025-09-28 00:00:00+00:00,25+ bps increase,1,2025-10,27824,553813,0.0055,0,102216689.131463
2025-09-28 00:00:00+00:00,25+ bps increase,3,2025-12,35090,570363,0.0095,0,133173605.453166
2025-09-28 00:00:00+00:00,25+ bps increase,4,2026-01,45883,601700,0.0175,0,216455743.153891
2025-09-29 00:00:00+00:00,25+ bps increase,1,2025-10,27824,553813,0.0055,0,102216689.131463
2025-09-29 00:00:00+00:00,25+ bps increase,3,2025-12,35090,570363,0.0095,0,133173605.453166
2025-09-29 00:00:00+00:00,25+ bps increase,4,2026-01,45883,601700,0.0165,0,216455743.153891
2025-09-30 00:00:00+00:00,25+ bps increase,1,2025-10,27824,553813,0.0055,0,102216689.131463
2025-09-30 00:00:00+00:00,25+ bps increase,3,2025-12,35090,570363,0.0095,0,133173605.453166
2025-09-30 00:00:00+00:00,25+ bps increase,4,2026-01,45883,601700,0.0145,0,216455743.153891
2025-10-01 00:00:00+00:00,25+ bps increase,0,2025-10,27824,553813,0.0055,0,102216689.131463
2025-10-01 00:00:00+00:00,25+ bps increase,2,2025-12,35090,570363,0.0095,0,133173605.453166
2025-10-01 00:00:00+00:00,25+ bps increase,3,2026-01,45883,601700,0.0105,0,216455743.153891
2025-10-02 00:00:00+00:00,25+ bps increase,0,2025-10,27824,553813,0.0055,0,102216689.131463
2025-10-02 00:00:00+00:00,25+ bps increase,2,2025-12,35090,570363,0.0095,0,133173605.453166
2025-10-02 00:00:00+00:00,25+ bps increase,3,2026-01,45883,601700,0.0085,0,216455743.153891
2025-10-03 00:00:00+00:00,25+ bps increase,0,2025-10,27824,553813,0.0055,0,102216689.131463
2025-10-03 00:00:00+00:00,25+ bps increase,2,2025-12,35090,570363,0.0095,0,133173605.453166
2025-10-03 00:00:00+00:00,25+ bps increase,3,2026-01,45883,601700,0.0075,0,216455743.153891
2025-10-04 00:00:00+00:00,25+ bps increase,0,2025-10,27824,553813,0.0045,0,102216689.131463
2025-10-04 00:00:00+00:00,25+ bps increase,2,2025-12,35090,570363,0.0095,0,133173605.453166
2025-10-04 00:00:00+00:00,25+ bps increase,3,2026-01,45883,601700,0.0075,0,216455743.153891
2025-10-05 00:00:00+00:00,25+ bps increase,0,2025-10,27824,553813,0.0045,0,102216689.131463
2025-10-05 00:00:00+00:00,25+ bps increase,2,2025-12,35090,570363,0.0095,0,133173605.453166
2025-10-05 00:00:00+00:00,25+ bps increase,3,2026-01,45883,601700,0.0075,0,216455743.153891
2025-10-06 00:00:00+00:00,25+ bps increase,0,2025-10,27824,553813,0.0045,0,102216689.131463
2025-10-06 00:00:00+00:00,25+ bps increase,2,2025-12,35090,570363,0.0095,0,133173605.453166
2025-10-06 00:00:00+00:00,25+ bps increase,3,2026-01,45883,601700,0.0075,0,216455743.153891
2025-10-07 00:00:00+00:00,25+ bps increase,0,2025-10,27824,553813,0.0045,0,102216689.131463
2025-10-07 00:00:00+00:00,25+ bps increase,2,2025-12,35090,570363,0.0095,0,133173605.453166
2025-10-07 00:00:00+00:00,25+ bps increase,3,2026-01,45883,601700,0.0075,0,216455743.153891
2025-10-08 00:00:00+00:00,25+ bps increase,0,2025-10,27824,553813,0.0035,0,102216689.131463
2025-10-08 00:00:00+00:00,25+ bps increase,2,2025-12,35090,570363,0.0095,0,133173605.453166
2025-10-08 00:00:00+00:00,25+ bps increase,3,2026-01,45883,601700,0.0095,0,216455743.153891
2025-10-09 00:00:00+00:00,25+ bps increase,0,2025-10,27824,553813,0.0035,0,102216689.131463
2025-10-09 00:00:00+00:00,25+ bps increase,2,2025-12,35090,570363,0.0095,0,133173605.453166
2025-10-09 00:00:00+00:00,25+ bps increase,3,2026-01,45883,601700,0.01,0,216455743.153891
2025-10-10 00:00:00+00:00,25+ bps increase,0,2025-10,27824,553813,0.0025,0,102216689.131463
2025-10-10 00:00:00+00:00,25+ bps increase,2,2025-12,35090,570363,0.0095,0,133173605.453166
2025-10-10 00:00:00+00:00,25+ bps increase,3,2026-01,45883,601700,0.0105,0,216455743.153891
2025-10-11 00:00:00+00:00,25+ bps increase,0,2025-10,27824,553813,0.0025,0,102216689.131463
2025-10-11 00:00:00+00:00,25+ bps increase,2,2025-12,35090,570363,0.0095,0,133173605.453166
2025-10-11 00:00:00+00:00,25+ bps increase,3,2026-01,45883,601700,0.009,0,216455743.153891
2025-10-12 00:00:00+00:00,25+ bps increase,0,2025-10,27824,553813,0.0025,0,102216689.131463
2025-10-12 00:00:00+00:00,25+ bps increase,2,2025-12,35090,570363,0.0095,0,133173605.453166
2025-10-12 00:00:00+00:00,25+ bps increase,3,2026-01,45883,601700,0.0095,0,216455743.153891
2025-10-13 00:00:00+00:00,25+ bps increase,0,2025-10,27824,553813,0.0025,0,102216689.131463
2025-10-13 00:00:00+00:00,25+ bps increase,2,2025-12,35090,570363,0.0095,0,133173605.453166
2025-10-13 00:00:00+00:00,25+ bps increase,3,2026-01,45883,601700,0.009,0,216455743.153891
2025-10-14 00:00:00+00:00,25+ bps increase,0,2025-10,27824,553813,0.0025,0,102216689.131463
2025-10-14 00:00:00+00:00,25+ bps increase,2,2025-12,35090,570363,0.0095,0,133173605.453166
2025-10-14 00:00:00+00:00,25+ bps increase,3,2026-01,45883,601700,0.0095,0,216455743.153891
2025-10-15 00:00:00+00:00,25+ bps increase,0,2025-10,27824,553813,0.0025,0,102216689.131463
2025-10-15 00:00:00+00:00,25+ bps increase,2,2025-12,35090,570363,0.0095,0,133173605.453166
2025-10-15 00:00:00+00:00,25+ bps increase,3,2026-01,45883,601700,0.0125,0,216455743.153891
2025-10-16 00:00:00+00:00,25+ bps increase,0,2025-10,27824,553813,0.0025,0,102216689.131463
2025-10-16 00:00:00+00:00,25+ bps increase,2,2025-12,35090,570363,0.0095,0,133173605.453166
2025-10-16 00:00:00+00:00,25+ bps increase,3,2026-01,45883,601700,0.01,0,216455743.153891
2025-10-17 00:00:00+00:00,25+ bps increase,0,2025-10,27824,553813,0.0025,0,102216689.131463
2025-10-17 00:00:00+00:00,25+ bps increase,2,2025-12,35090,570363,0.0095,0,133173605.453166
2025-10-17 00:00:00+00:00,25+ bps increase,3,2026-01,45883,601700,0.0085,0,216455743.153891
2025-10-18 00:00:00+00:00,25+ bps increase,0,2025-10,27824,553813,0.0025,0,102216689.131463
2025-10-18 00:00:00+00:00,25+ bps increase,2,2025-12,35090,570363,0.0095,0,133173605.453166
2025-10-18 00:00:00+00:00,25+ bps increase,3,2026-01,45883,601700,0.012,0,216455743.153891
2025-10-19 00:00:00+00:00,25+ bps increase,0,2025-10,27824,553813,0.0025,0,102216689.131463
2025-10-19 00:00:00+00:00,25+ bps increase,2,2025-12,35090,570363,0.0095,0,133173605.453166
2025-10-19 00:00:00+00:00,25+ bps increase,3,2026-01,45883,601700,0.0085,0,216455743.153891
2025-10-20 00:00:00+00:00,25+ bps increase,0,2025-10,27824,553813,0.0025,0,102216689.131463
2025-10-20 00:00:00+00:00,25+ bps increase,2,2025-12,35090,570363,0.0095,0,133173605.453166
2025-10-20 00:00:00+00:00,25+ bps increase,3,2026-01,45883,601700,0.0085,0,216455743.153891
2025-10-21 00:00:00+00:00,25+ bps increase,0,2025-10,27824,553813,0.0025,0,102216689.131463
2025-10-21 00:00:00+00:00,25+ bps increase,2,2025-12,35090,570363,0.0095,0,133173605.453166
2025-10-21 00:00:00+00:00,25+ bps increase,3,2026-01,45883,601700,0.024,0,216455743.153891
2025-10-22 00:00:00+00:00,25+ bps increase,0,2025-10,27824,553813,0.0015,0,102216689.131463
2025-10-22 00:00:00+00:00,25+ bps increase,2,2025-12,35090,570363,0.0095,0,133173605.453166
2025-10-22 00:00:00+00:00,25+ bps increase,3,2026-01,45883,601700,0.0105,0,216455743.153891
2025-10-23 00:00:00+00:00,25+ bps increase,0,2025-10,27824,553813,0.0015,0,102216689.131463
2025-10-23 00:00:00+00:00,25+ bps increase,2,2025-12,35090,570363,0.0095,0,133173605.453166
2025-10-23 00:00:00+00:00,25+ bps increase,3,2026-01,45883,601700,0.0105,0,216455743.153891
2025-10-24 00:00:00+00:00,25+ bps increase,0,2025-10,27824,553813,0.0015,0,102216689.131463
2025-10-24 00:00:00+00:00,25+ bps increase,2,2025-12,35090,570363,0.0095,0,133173605.453166
2025-10-24 00:00:00+00:00,25+ bps increase,3,2026-01,45883,601700,0.013,0,216455743.153891
2025-10-25 00:00:00+00:00,25+ bps increase,0,2025-10,27824,553813,0.0015,0,102216689.131463
2025-10-25 00:00:00+00:00,25+ bps increase,2,2025-12,35090,570363,0.0095,0,133173605.453166
2025-10-25 00:00:00+00:00,25+ bps increase,3,2026-01,45883,601700,0.0115,0,216455743.153891
2025-10-26 00:00:00+00:00,25+ bps increase,0,2025-10,27824,553813,0.0015,0,102216689.131463
2025-10-26 00:00:00+00:00,25+ bps increase,2,2025-12,35090,570363,0.0095,0,133173605.453166
2025-10-26 00:00:00+00:00,25+ bps increase,3,2026-01,45883,601700,0.0105,0,216455743.153891
2025-10-27 00:00:00+00:00,25+ bps increase,0,2025-10,27824,553813,0.0005,0,102216689.131463
2025-10-27 00:00:00+00:00,25+ bps increase,2,2025-12,35090,570363,0.0095,0,133173605.453166
2025-10-27 00:00:00+00:00,25+ bps increase,3,2026-01,45883,601700,0.0095,0,216455743.153891
2025-10-28 00:00:00+00:00,25+ bps increase,0,2025-10,27824,553813,0.0005,0,102216689.131463
2025-10-28 00:00:00+00:00,25+ bps increase,2,2025-12,35090,570363,0.0095,0,133173605.453166
2025-10-28 00:00:00+00:00,25+ bps increase,3,2026-01,45883,601700,0.01,0,216455743.153891
2025-10-29 00:00:00+00:00,25+ bps increase,0,2025-10,27824,553813,0.0005,0,102216689.131463
2025-10-29 00:00:00+00:00,25+ bps increase,2,2025-12,35090,570363,0.0095,0,133173605.453166
2025-10-29 00:00:00+00:00,25+ bps increase,3,2026-01,45883,601700,0.0195,0,216455743.153891
2025-10-30 00:00:00+00:00,25+ bps increase,0,2025-10,27824,553813,0.0005,0,102216689.131463
2025-10-30 00:00:00+00:00,25+ bps increase,2,2025-12,35090,570363,0.0085,0,133173605.453166
2025-10-30 00:00:00+00:00,25+ bps increase,3,2026-01,45883,601700,0.0175,0,216455743.153891
2025-10-30 00:00:00+00:00,25+ bps increase,5,2026-03,67284,654415,0.16,0,172972056.63332495
2025-10-31 00:00:00+00:00,25+ bps increase,0,2025-10,27824,553813,0.0005,0,102216689.131463
2025-10-31 00:00:00+00:00,25+ bps increase,2,2025-12,35090,570363,0.0105,0,133173605.453166
2025-10-31 00:00:00+00:00,25+ bps increase,3,2026-01,45883,601700,0.022,0,216455743.153891
2025-10-31 00:00:00+00:00,25+ bps increase,5,2026-03,67284,654415,0.04,0,172972056.63332495
2025-11-01 00:00:00+00:00,25+ bps increase,1,2025-12,35090,570363,0.0125,0,133173605.453166
2025-11-01 00:00:00+00:00,25+ bps increase,2,2026-01,45883,601700,0.0215,0,216455743.153891
2025-11-01 00:00:00+00:00,25+ bps increase,4,2026-03,67284,654415,0.04,0,172972056.63332495
2025-11-02 00:00:00+00:00,25+ bps increase,1,2025-12,35090,570363,0.0125,0,133173605.453166
2025-11-02 00:00:00+00:00,25+ bps increase,2,2026-01,45883,601700,0.017,0,216455743.153891
2025-11-02 00:00:00+00:00,25+ bps increase,4,2026-03,67284,654415,0.055,0,172972056.63332495
2025-11-03 00:00:00+00:00,25+ bps increase,1,2025-12,35090,570363,0.0115,0,133173605.453166
2025-11-03 00:00:00+00:00,25+ bps increase,2,2026-01,45883,601700,0.017,0,216455743.153891
2025-11-03 00:00:00+00:00,25+ bps increase,4,2026-03,67284,654415,0.05,0,172972056.63332495
2025-11-04 00:00:00+00:00,25+ bps increase,1,2025-12,35090,570363,0.0115,0,133173605.453166
2025-11-04 00:00:00+00:00,25+ bps increase,2,2026-01,45883,601700,0.017,0,216455743.153891
2025-11-04 00:00:00+00:00,25+ bps increase,4,2026-03,67284,654415,0.045,0,172972056.63332495
2025-11-05 00:00:00+00:00,25+ bps increase,1,2025-12,35090,570363,0.0115,0,133173605.453166
2025-11-05 00:00:00+00:00,25+ bps increase,2,2026-01,45883,601700,0.0175,0,216455743.153891
2025-11-05 00:00:00+00:00,25+ bps increase,4,2026-03,67284,654415,0.045,0,172972056.63332495
2025-11-06 00:00:00+00:00,25+ bps increase,1,2025-12,35090,570363,0.0115,0,133173605.453166
2025-11-06 00:00:00+00:00,25+ bps increase,2,2026-01,45883,601700,0.021,0,216455743.153891
2025-11-06 00:00:00+00:00,25+ bps increase,4,2026-03,67284,654415,0.06,0,172972056.63332495
2025-11-07 00:00:00+00:00,25+ bps increase,1,2025-12,35090,570363,0.0125,0,133173605.453166
2025-11-07 00:00:00+00:00,25+ bps increase,2,2026-01,45883,601700,0.02,0,216455743.153891
2025-11-07 00:00:00+00:00,25+ bps increase,4,2026-03,67284,654415,0.055,0,172972056.63332495
2025-11-08 00:00:00+00:00,25+ bps increase,1,2025-12,35090,570363,0.0145,0,133173605.453166
2025-11-08 00:00:00+00:00,25+ bps increase,2,2026-01,45883,601700,0.0195,0,216455743.153891
2025-11-08 00:00:00+00:00,25+ bps increase,4,2026-03,67284,654415,0.055,0,172972056.63332495
2025-11-09 00:00:00+00:00,25+ bps increase,1,2025-12,35090,570363,0.0135,0,133173605.453166
2025-11-09 00:00:00+00:00,25+ bps increase,2,2026-01,45883,601700,0.0255,0,216455743.153891
2025-11-09 00:00:00+00:00,25+ bps increase,4,2026-03,67284,654415,0.06,0,172972056.63332495
2025-11-10 00:00:00+00:00,25+ bps increase,1,2025-12,35090,570363,0.0045,0,133173605.453166
2025-11-10 00:00:00+00:00,25+ bps increase,2,2026-01,45883,601700,0.0145,0,216455743.153891
2025-11-10 00:00:00+00:00,25+ bps increase,4,2026-03,67284,654415,0.055,0,172972056.63332495
2025-11-11 00:00:00+00:00,25+ bps increase,1,2025-12,35090,570363,0.0055,0,133173605.453166
2025-11-11 00:00:00+00:00,25+ bps increase,2,2026-01,45883,601700,0.0205,0,216455743.153891
2025-11-11 00:00:00+00:00,25+ bps increase,4,2026-03,67284,654415,0.045,0,172972056.63332495
2025-11-12 00:00:00+00:00,25+ bps increase,1,2025-12,35090,570363,0.0055,0,133173605.453166
2025-11-12 00:00:00+00:00,25+ bps increase,2,2026-01,45883,601700,0.0145,0,216455743.153891
2025-11-12 00:00:00+00:00,25+ bps increase,4,2026-03,67284,654415,0.045,0,172972056.63332495
2025-11-13 00:00:00+00:00,25+ bps increase,1,2025-12,35090,570363,0.0055,0,133173605.453166
2025-11-13 00:00:00+00:00,25+ bps increase,2,2026-01,45883,601700,0.0145,0,216455743.153891
2025-11-13 00:00:00+00:00,25+ bps increase,4,2026-03,67284,654415,0.045,0,172972056.63332495
2025-11-14 00:00:00+00:00,25+ bps increase,1,2025-12,35090,570363,0.0055,0,133173605.453166
2025-11-14 00:00:00+00:00,25+ bps increase,2,2026-01,45883,601700,0.0155,0,216455743.153891
2025-11-14 00:00:00+00:00,25+ bps increase,4,2026-03,67284,654415,0.045,0,172972056.63332495
2025-11-14 00:00:00+00:00,25+ bps increase,5,2026-04,75478,669663,0.05,0,75978206.16104123
2025-11-15 00:00:00+00:00,25+ bps increase,1,2025-12,35090,570363,0.0055,0,133173605.453166
2025-11-15 00:00:00+00:00,25+ bps increase,2,2026-01,45883,601700,0.0145,0,216455743.153891
2025-11-15 00:00:00+00:00,25+ bps increase,4,2026-03,67284,654415,0.045,0,172972056.63332495
2025-11-15 00:00:00+00:00,25+ bps increase,5,2026-04,75478,669663,0.045,0,75978206.16104123
2025-11-16 00:00:00+00:00,25+ bps increase,1,2025-12,35090,570363,0.0055,0,133173605.453166
2025-11-16 00:00:00+00:00,25+ bps increase,2,2026-01,45883,601700,0.0145,0,216455743.153891
2025-11-16 00:00:00+00:00,25+ bps increase,4,2026-03,67284,654415,0.04,0,172972056.63332495
2025-11-16 00:00:00+00:00,25+ bps increase,5,2026-04,75478,669663,0.055,0,75978206.16104123
2025-11-17 00:00:00+00:00,25+ bps increase,1,2025-12,35090,570363,0.0055,0,133173605.453166
2025-11-17 00:00:00+00:00,25+ bps increase,2,2026-01,45883,601700,0.0145,0,216455743.153891
2025-11-17 00:00:00+00:00,25+ bps increase,4,2026-03,67284,654415,0.04,0,172972056.63332495
2025-11-17 00:00:00+00:00,25+ bps increase,5,2026-04,75478,669663,0.05,0,75978206.16104123
2025-11-18 00:00:00+00:00,25+ bps increase,1,2025-12,35090,570363,0.0055,0,133173605.453166
2025-11-18 00:00:00+00:00,25+ bps increase,2,2026-01,45883,601700,0.0135,0,216455743.153891
2025-11-18 00:00:00+00:00,25+ bps increase,4,2026-03,67284,654415,0.04,0,172972056.63332495
2025-11-18 00:00:00+00:00,25+ bps increase,5,2026-04,75478,669663,0.05,0,75978206.16104123
2025-11-19 00:00:00+00:00,25+ bps increase,1,2025-12,35090,570363,0.0055,0,133173605.453166
2025-11-19 00:00:00+00:00,25+ bps increase,2,2026-01,45883,601700,0.0135,0,216455743.153891
2025-11-19 00:00:00+00:00,25+ bps increase,4,2026-03,67284,654415,0.04,0,172972056.63332495
2025-11-19 00:00:00+00:00,25+ bps increase,5,2026-04,75478,669663,0.05,0,75978206.16104123
2025-11-20 00:00:00+00:00,25+ bps increase,1,2025-12,35090,570363,0.0055,0,133173605.453166
2025-11-20 00:00:00+00:00,25+ bps increase,2,2026-01,45883,601700,0.0135,0,216455743.153891
2025-11-20 00:00:00+00:00,25+ bps increase,4,2026-03,67284,654415,0.06,0,172972056.63332495
2025-11-20 00:00:00+00:00,25+ bps increase,5,2026-04,75478,669663,0.045,0,75978206.16104123
2025-11-21 00:00:00+00:00,25+ bps increase,1,2025-12,35090,570363,0.0055,0,133173605.453166
2025-11-21 00:00:00+00:00,25+ bps increase,2,2026-01,45883,601700,0.0135,0,216455743.153891
2025-11-21 00:00:00+00:00,25+ bps increase,4,2026-03,67284,654415,0.06,0,172972056.63332495
2025-11-21 00:00:00+00:00,25+ bps increase,5,2026-04,75478,669663,0.045,0,75978206.16104123
2025-11-22 00:00:00+00:00,25+ bps increase,1,2025-12,35090,570363,0.0045,0,133173605.453166
2025-11-22 00:00:00+00:00,25+ bps increase,2,2026-01,45883,601700,0.0135,0,216455743.153891
2025-11-22 00:00:00+00:00,25+ bps increase,4,2026-03,67284,654415,0.055,0,172972056.63332495
2025-11-22 00:00:00+00:00,25+ bps increase,5,2026-04,75478,669663,0.055,0,75978206.16104123
2025-11-23 00:00:00+00:00,25+ bps increase,1,2025-12,35090,570363,0.0045,0,133173605.453166
2025-11-23 00:00:00+00:00,25+ bps increase,2,2026-01,45883,601700,0.0135,0,216455743.153891
2025-11-23 00:00:00+00:00,25+ bps increase,4,2026-03,67284,654415,0.05,0,172972056.63332495
2025-11-23 00:00:00+00:00,25+ bps increase,5,2026-04,75478,669663,0.055,0,75978206.16104123
2025-11-24 00:00:00+00:00,25+ bps increase,1,2025-12,35090,570363,0.0045,0,133173605.453166
2025-11-24 00:00:00+00:00,25+ bps increase,2,2026-01,45883,601700,0.0135,0,216455743.153891
2025-11-24 00:00:00+00:00,25+ bps increase,4,2026-03,67284,654415,0.045,0,172972056.63332495
2025-11-24 00:00:00+00:00,25+ bps increase,5,2026-04,75478,669663,0.05,0,75978206.16104123
2025-11-25 00:00:00+00:00,25+ bps increase,1,2025-12,35090,570363,0.0035,0,133173605.453166
2025-11-25 00:00:00+00:00,25+ bps increase,2,2026-01,45883,601700,0.0135,0,216455743.153891
2025-11-25 00:00:00+00:00,25+ bps increase,4,2026-03,67284,654415,0.0305,0,172972056.63332495
2025-11-25 00:00:00+00:00,25+ bps increase,5,2026-04,75478,669663,0.045,0,75978206.16104123
2025-11-26 00:00:00+00:00,25+ bps increase,1,2025-12,35090,570363,0.0035,0,133173605.453166
2025-11-26 00:00:00+00:00,25+ bps increase,2,2026-01,45883,601700,0.0135,0,216455743.153891
2025-11-26 00:00:00+00:00,25+ bps increase,4,2026-03,67284,654415,0.0265,0,172972056.63332495
2025-11-26 00:00:00+00:00,25+ bps increase,5,2026-04,75478,669663,0.045,0,75978206.16104123
2025-11-27 00:00:00+00:00,25+ bps increase,1,2025-12,35090,570363,0.0035,0,133173605.453166
2025-11-27 00:00:00+00:00,25+ bps increase,2,2026-01,45883,601700,0.0135,0,216455743.153891
2025-11-27 00:00:00+00:00,25+ bps increase,4,2026-03,67284,654415,0.026,0,172972056.63332495
2025-11-27 00:00:00+00:00,25+ bps increase,5,2026-04,75478,669663,0.04,0,75978206.16104123
2025-11-28 00:00:00+00:00,25+ bps increase,1,2025-12,35090,570363,0.0035,0,133173605.453166
2025-11-28 00:00:00+00:00,25+ bps increase,2,2026-01,45883,601700,0.0135,0,216455743.153891
2025-11-28 00:00:00+00:00,25+ bps increase,4,2026-03,67284,654415,0.0275,0,172972056.63332495
2025-11-28 00:00:00+00:00,25+ bps increase,5,2026-04,75478,669663,0.04,0,75978206.16104123
2025-11-29 00:00:00+00:00,25+ bps increase,1,2025-12,35090,570363,0.0035,0,133173605.453166
2025-11-29 00:00:00+00:00,25+ bps increase,2,2026-01,45883,601700,0.0135,0,216455743.153891
2025-11-29 00:00:00+00:00,25+ bps increase,4,2026-03,67284,654415,0.026,0,172972056.63332495
2025-11-29 00:00:00+00:00,25+ bps increase,5,2026-04,75478,669663,0.04,0,75978206.16104123
2025-11-30 00:00:00+00:00,25+ bps increase,1,2025-12,35090,570363,0.0035,0,133173605.453166
2025-11-30 00:00:00+00:00,25+ bps increase,2,2026-01,45883,601700,0.0135,0,216455743.153891
2025-11-30 00:00:00+00:00,25+ bps increase,4,2026-03,67284,654415,0.015,0,172972056.63332495
2025-11-30 00:00:00+00:00,25+ bps increase,5,2026-04,75478,669663,0.035,0,75978206.16104123
2025-12-01 00:00:00+00:00,25+ bps increase,0,2025-12,35090,570363,0.0025,0,133173605.453166
2025-12-01 00:00:00+00:00,25+ bps increase,1,2026-01,45883,601700,0.0125,0,216455743.153891
2025-12-01 00:00:00+00:00,25+ bps increase,3,2026-03,67284,654415,0.017,0,172972056.63332495
2025-12-01 00:00:00+00:00,25+ bps increase,4,2026-04,75478,669663,0.0355,0,75978206.16104123
2025-12-02 00:00:00+00:00,25+ bps increase,0,2025-12,35090,570363,0.0025,0,133173605.453166
2025-12-02 00:00:00+00:00,25+ bps increase,1,2026-01,45883,601700,0.0125,0,216455743.153891
2025-12-02 00:00:00+00:00,25+ bps increase,3,2026-03,67284,654415,0.016,0,172972056.63332495
2025-12-02 00:00:00+00:00,25+ bps increase,4,2026-04,75478,669663,0.036,0,75978206.16104123
2025-12-03 00:00:00+00:00,25+ bps increase,0,2025-12,35090,570363,0.0025,0,133173605.453166
2025-12-03 00:00:00+00:00,25+ bps increase,1,2026-01,45883,601700,0.0125,0,216455743.153891
2025-12-03 00:00:00+00:00,25+ bps increase,3,2026-03,67284,654415,0.0165,0,172972056.63332495
2025-12-03 00:00:00+00:00,25+ bps increase,4,2026-04,75478,669663,0.0355,0,75978206.16104123
2025-12-04 00:00:00+00:00,25+ bps increase,0,2025-12,35090,570363,0.0015,0,133173605.453166
2025-12-04 00:00:00+00:00,25+ bps increase,1,2026-01,45883,601700,0.0125,0,216455743.153891
2025-12-04 00:00:00+00:00,25+ bps increase,3,2026-03,67284,654415,0.0165,0,172972056.63332495
2025-12-04 00:00:00+00:00,25+ bps increase,4,2026-04,75478,669663,0.0355,0,75978206.16104123
2025-12-05 00:00:00+00:00,25+ bps increase,0,2025-12,35090,570363,0.0015,0,133173605.453166
2025-12-05 00:00:00+00:00,25+ bps increase,1,2026-01,45883,601700,0.0115,0,216455743.153891
2025-12-05 00:00:00+00:00,25+ bps increase,3,2026-03,67284,654415,0.02,0,172972056.63332495
2025-12-05 00:00:00+00:00,25+ bps increase,4,2026-04,75478,669663,0.04,0,75978206.16104123
2025-12-06 00:00:00+00:00,25+ bps increase,0,2025-12,35090,570363,0.0015,0,133173605.453166
2025-12-06 00:00:00+00:00,25+ bps increase,1,2026-01,45883,601700,0.0115,0,216455743.153891
2025-12-06 00:00:00+00:00,25+ bps increase,3,2026-03,67284,654415,0.0225,0,172972056.63332495
2025-12-06 00:00:00+00:00,25+ bps increase,4,2026-04,75478,669663,0.04,0,75978206.16104123
2025-12-07 00:00:00+00:00,25+ bps increase,0,2025-12,35090,570363,0.0015,0,133173605.453166
2025-12-07 00:00:00+00:00,25+ bps increase,1,2026-01,45883,601700,0.0115,0,216455743.153891
2025-12-07 00:00:00+00:00,25+ bps increase,3,2026-03,67284,654415,0.012,0,172972056.63332495
2025-12-07 00:00:00+00:00,25+ bps increase,4,2026-04,75478,669663,0.0385,0,75978206.16104123
2025-12-08 00:00:00+00:00,25+ bps increase,0,2025-12,35090,570363,0.0005,0,133173605.453166
2025-12-08 00:00:00+00:00,25+ bps increase,1,2026-01,45883,601700,0.0115,0,216455743.153891
2025-12-08 00:00:00+00:00,25+ bps increase,3,2026-03,67284,654415,0.018,0,172972056.63332495
2025-12-08 00:00:00+00:00,25+ bps increase,4,2026-04,75478,669663,0.04,0,75978206.16104123
2025-12-09 00:00:00+00:00,25+ bps increase,0,2025-12,35090,570363,0.0005,0,133173605.453166
2025-12-09 00:00:00+00:00,25+ bps increase,1,2026-01,45883,601700,0.0105,0,216455743.153891
2025-12-09 00:00:00+00:00,25+ bps increase,3,2026-03,67284,654415,0.022,0,172972056.63332495
2025-12-09 00:00:00+00:00,25+ bps increase,4,2026-04,75478,669663,0.042,0,75978206.16104123
2025-12-10 00:00:00+00:00,25+ bps increase,0,2025-12,35090,570363,0.0005,0,133173605.453166
2025-12-10 00:00:00+00:00,25+ bps increase,1,2026-01,45883,601700,0.0125,0,216455743.153891
2025-12-10 00:00:00+00:00,25+ bps increase,3,2026-03,67284,654415,0.0215,0,172972056.63332495
2025-12-10 00:00:00+00:00,25+ bps increase,4,2026-04,75478,669663,0.042,0,75978206.16104123
2025-12-11 00:00:00+00:00,25+ bps increase,1,2026-01,45883,601700,0.0105,0,216455743.153891
2025-12-11 00:00:00+00:00,25+ bps increase,3,2026-03,67284,654415,0.015,0,172972056.63332495
2025-12-11 00:00:00+00:00,25+ bps increase,4,2026-04,75478,669663,0.027,0,75978206.16104123
2025-12-12 00:00:00+00:00,25+ bps increase,1,2026-01,45883,601700,0.0105,0,216455743.153891
2025-12-12 00:00:00+00:00,25+ bps increase,3,2026-03,67284,654415,0.014,0,172972056.63332495
2025-12-12 00:00:00+00:00,25+ bps increase,4,2026-04,75478,669663,0.034,0,75978206.16104123
2025-12-13 00:00:00+00:00,25+ bps increase,1,2026-01,45883,601700,0.0095,0,216455743.153891
2025-12-13 00:00:00+00:00,25+ bps increase,3,2026-03,67284,654415,0.012,0,172972056.63332495
2025-12-13 00:00:00+00:00,25+ bps increase,4,2026-04,75478,669663,0.036,0,75978206.16104123
2025-12-14 00:00:00+00:00,25+ bps increase,1,2026-01,45883,601700,0.0105,0,216455743.153891
2025-12-14 00:00:00+00:00,25+ bps increase,3,2026-03,67284,654415,0.011,0,172972056.63332495
2025-12-14 00:00:00+00:00,25+ bps increase,4,2026-04,75478,669663,0.0295,0,75978206.16104123
2025-12-15 00:00:00+00:00,25+ bps increase,1,2026-01,45883,601700,0.0135,0,216455743.153891
2025-12-15 00:00:00+00:00,25+ bps increase,3,2026-03,67284,654415,0.0145,0,172972056.63332495
2025-12-15 00:00:00+00:00,25+ bps increase,4,2026-04,75478,669663,0.0325,0,75978206.16104123
2025-12-16 00:00:00+00:00,25+ bps increase,1,2026-01,45883,601700,0.0135,0,216455743.153891
2025-12-16 00:00:00+00:00,25+ bps increase,3,2026-03,67284,654415,0.013,0,172972056.63332495
2025-12-16 00:00:00+00:00,25+ bps increase,4,2026-04,75478,669663,0.0295,0,75978206.16104123
2025-12-17 00:00:00+00:00,25+ bps increase,1,2026-01,45883,601700,0.0125,0,216455743.153891
2025-12-17 00:00:00+00:00,25+ bps increase,3,2026-03,67284,654415,0.0095,0,172972056.63332495
2025-12-17 00:00:00+00:00,25+ bps increase,4,2026-04,75478,669663,0.033,0,75978206.16104123
2025-12-18 00:00:00+00:00,25+ bps increase,1,2026-01,45883,601700,0.0125,0,216455743.153891
2025-12-18 00:00:00+00:00,25+ bps increase,3,2026-03,67284,654415,0.0085,0,172972056.63332495
2025-12-18 00:00:00+00:00,25+ bps increase,4,2026-04,75478,669663,0.031,0,75978206.16104123
2025-12-19 00:00:00+00:00,25+ bps increase,1,2026-01,45883,601700,0.0075,0,216455743.153891
2025-12-19 00:00:00+00:00,25+ bps increase,3,2026-03,67284,654415,0.0105,0,172972056.63332495
2025-12-19 00:00:00+00:00,25+ bps increase,4,2026-04,75478,669663,0.03,0,75978206.16104123
2025-12-20 00:00:00+00:00,25+ bps increase,1,2026-01,45883,601700,0.0075,0,216455743.153891
2025-12-20 00:00:00+00:00,25+ bps increase,3,2026-03,67284,654415,0.0085,0,172972056.63332495
2025-12-20 00:00:00+00:00,25+ bps increase,4,2026-04,75478,669663,0.026,0,75978206.16104123
2025-12-21 00:00:00+00:00,25+ bps increase,1,2026-01,45883,601700,0.0075,0,216455743.153891
2025-12-21 00:00:00+00:00,25+ bps increase,3,2026-03,67284,654415,0.0085,0,172972056.63332495
2025-12-21 00:00:00+00:00,25+ bps increase,4,2026-04,75478,669663,0.026,0,75978206.16104123
2025-12-22 00:00:00+00:00,25+ bps increase,1,2026-01,45883,601700,0.0075,0,216455743.153891
2025-12-22 00:00:00+00:00,25+ bps increase,3,2026-03,67284,654415,0.01,0,172972056.63332495
2025-12-22 00:00:00+00:00,25+ bps increase,4,2026-04,75478,669663,0.026,0,75978206.16104123
2025-12-23 00:00:00+00:00,25+ bps increase,1,2026-01,45883,601700,0.0065,0,216455743.153891
2025-12-23 00:00:00+00:00,25+ bps increase,3,2026-03,67284,654415,0.012,0,172972056.63332495
2025-12-23 00:00:00+00:00,25+ bps increase,4,2026-04,75478,669663,0.0275,0,75978206.16104123
2025-12-24 00:00:00+00:00,25+ bps increase,1,2026-01,45883,601700,0.0065,0,216455743.153891
2025-12-24 00:00:00+00:00,25+ bps increase,3,2026-03,67284,654415,0.0105,0,172972056.63332495
2025-12-24 00:00:00+00:00,25+ bps increase,4,2026-04,75478,669663,0.033,0,75978206.16104123
2025-12-25 00:00:00+00:00,25+ bps increase,1,2026-01,45883,601700,0.0035,0,216455743.153891
2025-12-25 00:00:00+00:00,25+ bps increase,3,2026-03,67284,654415,0.012,0,172972056.63332495
2025-12-25 00:00:00+00:00,25+ bps increase,4,2026-04,75478,669663,0.031,0,75978206.16104123
2025-12-26 00:00:00+00:00,25+ bps increase,1,2026-01,45883,601700,0.0035,0,216455743.153891
2025-12-26 00:00:00+00:00,25+ bps increase,3,2026-03,67284,654415,0.013,0,172972056.63332495
2025-12-26 00:00:00+00:00,25+ bps increase,4,2026-04,75478,669663,0.031,0,75978206.16104123
2025-12-27 00:00:00+00:00,25+ bps increase,1,2026-01,45883,601700,0.0035,0,216455743.153891
2025-12-27 00:00:00+00:00,25+ bps increase,3,2026-03,67284,654415,0.014,0,172972056.63332495
2025-12-27 00:00:00+00:00,25+ bps increase,4,2026-04,75478,669663,0.0305,0,75978206.16104123
2025-12-28 00:00:00+00:00,25+ bps increase,1,2026-01,45883,601700,0.0035,0,216455743.153891
2025-12-28 00:00:00+00:00,25+ bps increase,3,2026-03,67284,654415,0.0115,0,172972056.63332495
2025-12-28 00:00:00+00:00,25+ bps increase,4,2026-04,75478,669663,0.031,0,75978206.16104123
2025-12-29 00:00:00+00:00,25+ bps increase,1,2026-01,45883,601700,0.0035,0,216455743.153891
2025-12-29 00:00:00+00:00,25+ bps increase,3,2026-03,67284,654415,0.0105,0,172972056.63332495
2025-12-29 00:00:00+00:00,25+ bps increase,4,2026-04,75478,669663,0.0325,0,75978206.16104123
2025-12-30 00:00:00+00:00,25+ bps increase,1,2026-01,45883,601700,0.0025,0,216455743.153891
2025-12-30 00:00:00+00:00,25+ bps increase,3,2026-03,67284,654415,0.013,0,172972056.63332495
2025-12-30 00:00:00+00:00,25+ bps increase,4,2026-04,75478,669663,0.0335,0,75978206.16104123
2025-12-31 00:00:00+00:00,25+ bps increase,1,2026-01,45883,601700,0.0025,0,216455743.153891
2025-12-31 00:00:00+00:00,25+ bps increase,3,2026-03,67284,654415,0.0115,0,172972056.63332495
2025-12-31 00:00:00+00:00,25+ bps increase,4,2026-04,75478,669663,0.0255,0,75978206.16104123
2026-01-01 00:00:00+00:00,25+ bps increase,0,2026-01,45883,601700,0.0025,0,216455743.153891
2026-01-01 00:00:00+00:00,25+ bps increase,2,2026-03,67284,654415,0.0105,0,172972056.63332495
2026-01-01 00:00:00+00:00,25+ bps increase,3,2026-04,75478,669663,0.0225,0,75978206.16104123
2026-01-02 00:00:00+00:00,25+ bps increase,0,2026-01,45883,601700,0.0035,0,216455743.153891
2026-01-02 00:00:00+00:00,25+ bps increase,2,2026-03,67284,654415,0.0105,0,172972056.63332495
2026-01-02 00:00:00+00:00,25+ bps increase,3,2026-04,75478,669663,0.022,0,75978206.16104123
2026-01-03 00:00:00+00:00,25+ bps increase,0,2026-01,45883,601700,0.0035,0,216455743.153891
2026-01-03 00:00:00+00:00,25+ bps increase,2,2026-03,67284,654415,0.012,0,172972056.63332495
2026-01-03 00:00:00+00:00,25+ bps increase,3,2026-04,75478,669663,0.022,0,75978206.16104123
2026-01-04 00:00:00+00:00,25+ bps increase,0,2026-01,45883,601700,0.0035,0,216455743.153891
2026-01-04 00:00:00+00:00,25+ bps increase,2,2026-03,67284,654415,0.012,0,172972056.63332495
2026-01-04 00:00:00+00:00,25+ bps increase,3,2026-04,75478,669663,0.0185,0,75978206.16104123
2026-01-05 00:00:00+00:00,25+ bps increase,0,2026-01,45883,601700,0.0035,0,216455743.153891
2026-01-05 00:00:00+00:00,25+ bps increase,2,2026-03,67284,654415,0.0105,0,172972056.63332495
2026-01-05 00:00:00+00:00,25+ bps increase,3,2026-04,75478,669663,0.0175,0,75978206.16104123
2026-01-06 00:00:00+00:00,25+ bps increase,0,2026-01,45883,601700,0.0035,0,216455743.153891
2026-01-06 00:00:00+00:00,25+ bps increase,2,2026-03,67284,654415,0.0115,0,172972056.63332495
2026-01-06 00:00:00+00:00,25+ bps increase,3,2026-04,75478,669663,0.0125,0,75978206.16104123
2026-01-07 00:00:00+00:00,25+ bps increase,0,2026-01,45883,601700,0.0035,0,216455743.153891
2026-01-07 00:00:00+00:00,25+ bps increase,2,2026-03,67284,654415,0.0155,0,172972056.63332495
2026-01-07 00:00:00+00:00,25+ bps increase,3,2026-04,75478,669663,0.015,0,75978206.16104123
2026-01-08 00:00:00+00:00,25+ bps increase,0,2026-01,45883,601700,0.0035,0,216455743.153891
2026-01-08 00:00:00+00:00,25+ bps increase,2,2026-03,67284,654415,0.0135,0,172972056.63332495
2026-01-08 00:00:00+00:00,25+ bps increase,3,2026-04,75478,669663,0.0155,0,75978206.16104123
2026-01-09 00:00:00+00:00,25+ bps increase,0,2026-01,45883,601700,0.0035,0,216455743.153891
2026-01-09 00:00:00+00:00,25+ bps increase,2,2026-03,67284,654415,0.014,0,172972056.63332495
2026-01-09 00:00:00+00:00,25+ bps increase,3,2026-04,75478,669663,0.0175,0,75978206.16104123
2026-01-10 00:00:00+00:00,25+ bps increase,0,2026-01,45883,601700,0.0025,0,216455743.153891
2026-01-10 00:00:00+00:00,25+ bps increase,2,2026-03,67284,654415,0.0095,0,172972056.63332495
2026-01-10 00:00:00+00:00,25+ bps increase,3,2026-04,75478,669663,0.018,0,75978206.16104123
2026-01-11 00:00:00+00:00,25+ bps increase,0,2026-01,45883,601700,0.0005,0,216455743.153891
2026-01-11 00:00:00+00:00,25+ bps increase,2,2026-03,67284,654415,0.0095,0,172972056.63332495
2026-01-11 00:00:00+00:00,25+ bps increase,3,2026-04,75478,669663,0.019,0,75978206.16104123
2026-01-12 00:00:00+00:00,25+ bps increase,0,2026-01,45883,601700,0.0005,0,216455743.153891
2026-01-12 00:00:00+00:00,25+ bps increase,2,2026-03,67284,654415,0.0095,0,172972056.63332495
2026-01-12 00:00:00+00:00,25+ bps increase,3,2026-04,75478,669663,0.0115,0,75978206.16104123
2026-01-13 00:00:00+00:00,25+ bps increase,0,2026-01,45883,601700,0.0005,0,216455743.153891
2026-01-13 00:00:00+00:00,25+ bps increase,2,2026-03,67284,654415,0.0095,0,172972056.63332495
2026-01-13 00:00:00+00:00,25+ bps increase,3,2026-04,75478,669663,0.013,0,75978206.16104123
2026-01-14 00:00:00+00:00,25+ bps increase,0,2026-01,45883,601700,0.0005,0,216455743.153891
2026-01-14 00:00:00+00:00,25+ bps increase,2,2026-03,67284,654415,0.0095,0,172972056.63332495
2026-01-14 00:00:00+00:00,25+ bps increase,3,2026-04,75478,669663,0.0105,0,75978206.16104123
2026-01-15 00:00:00+00:00,25+ bps increase,0,2026-01,45883,601700,0.0005,0,216455743.153891
2026-01-15 00:00:00+00:00,25+ bps increase,2,2026-03,67284,654415,0.0095,0,172972056.63332495
2026-01-15 00:00:00+00:00,25+ bps increase,3,2026-04,75478,669663,0.014,0,75978206.16104123
2026-01-16 00:00:00+00:00,25+ bps increase,0,2026-01,45883,601700,0.0015,0,216455743.153891
2026-01-16 00:00:00+00:00,25+ bps increase,2,2026-03,67284,654415,0.011,0,172972056.63332495
2026-01-16 00:00:00+00:00,25+ bps increase,3,2026-04,75478,669663,0.0165,0,75978206.16104123
2026-01-17 00:00:00+00:00,25+ bps increase,0,2026-01,45883,601700,0.0015,0,216455743.153891
2026-01-17 00:00:00+00:00,25+ bps increase,2,2026-03,67284,654415,0.0125,0,172972056.63332495
2026-01-17 00:00:00+00:00,25+ bps increase,3,2026-04,75478,669663,0.0175,0,75978206.16104123
2026-01-18 00:00:00+00:00,25+ bps increase,0,2026-01,45883,601700,0.0015,0,216455743.153891
2026-01-18 00:00:00+00:00,25+ bps increase,2,2026-03,67284,654415,0.0155,0,172972056.63332495
2026-01-18 00:00:00+00:00,25+ bps increase,3,2026-04,75478,669663,0.015,0,75978206.16104123
2026-01-19 00:00:00+00:00,25+ bps increase,0,2026-01,45883,601700,0.0015,0,216455743.153891
2026-01-19 00:00:00+00:00,25+ bps increase,2,2026-03,67284,654415,0.0155,0,172972056.63332495
2026-01-19 00:00:00+00:00,25+ bps increase,3,2026-04,75478,669663,0.015,0,75978206.16104123
2026-01-20 00:00:00+00:00,25+ bps increase,0,2026-01,45883,601700,0.0005,0,216455743.153891
2026-01-20 00:00:00+00:00,25+ bps increase,2,2026-03,67284,654415,0.0155,0,172972056.63332495
2026-01-20 00:00:00+00:00,25+ bps increase,3,2026-04,75478,669663,0.0135,0,75978206.16104123
2026-01-21 00:00:00+00:00,25+ bps increase,0,2026-01,45883,601700,0.0005,0,216455743.153891
2026-01-21 00:00:00+00:00,25+ bps increase,2,2026-03,67284,654415,0.0135,0,172972056.63332495
2026-01-21 00:00:00+00:00,25+ bps increase,3,2026-04,75478,669663,0.018,0,75978206.16104123
2026-01-22 00:00:00+00:00,25+ bps increase,0,2026-01,45883,601700,0.0005,0,216455743.153891
2026-01-22 00:00:00+00:00,25+ bps increase,2,2026-03,67284,654415,0.0145,0,172972056.63332495
2026-01-22 00:00:00+00:00,25+ bps increase,3,2026-04,75478,669663,0.016,0,75978206.16104123
2026-01-23 00:00:00+00:00,25+ bps increase,0,2026-01,45883,601700,0.0005,0,216455743.153891
2026-01-23 00:00:00+00:00,25+ bps increase,2,2026-03,67284,654415,0.0125,0,172972056.63332495
2026-01-23 00:00:00+00:00,25+ bps increase,3,2026-04,75478,669663,0.0135,0,75978206.16104123
2026-01-24 00:00:00+00:00,25+ bps increase,0,2026-01,45883,601700,0.0005,0,216455743.153891
2026-01-24 00:00:00+00:00,25+ bps increase,2,2026-03,67284,654415,0.0115,0,172972056.63332495
2026-01-24 00:00:00+00:00,25+ bps increase,3,2026-04,75478,669663,0.014,0,75978206.16104123
2026-01-25 00:00:00+00:00,25+ bps increase,0,2026-01,45883,601700,0.0005,0,216455743.153891
2026-01-25 00:00:00+00:00,25+ bps increase,2,2026-03,67284,654415,0.0115,0,172972056.63332495
2026-01-25 00:00:00+00:00,25+ bps increase,3,2026-04,75478,669663,0.0115,0,75978206.16104123
2026-01-26 00:00:00+00:00,25+ bps increase,0,2026-01,45883,601700,0.0005,0,216455743.153891
2026-01-26 00:00:00+00:00,25+ bps increase,2,2026-03,67284,654415,0.0125,0,172972056.63332495
2026-01-26 00:00:00+00:00,25+ bps increase,3,2026-04,75478,669663,0.0135,0,75978206.16104123
2026-01-27 00:00:00+00:00,25+ bps increase,0,2026-01,45883,601700,0.0015,0,216455743.153891
2026-01-27 00:00:00+00:00,25+ bps increase,2,2026-03,67284,654415,0.0125,0,172972056.63332495
2026-01-27 00:00:00+00:00,25+ bps increase,3,2026-04,75478,669663,0.025,0,75978206.16104123
2026-01-28 00:00:00+00:00,25+ bps increase,0,2026-01,45883,601700,0.0015,0,216455743.153891
2026-01-28 00:00:00+00:00,25+ bps increase,2,2026-03,67284,654415,0.0135,0,172972056.63332495
2026-01-28 00:00:00+00:00,25+ bps increase,3,2026-04,75478,669663,0.0325,0,75978206.16104123
2026-01-29 00:00:00+00:00,25+ bps increase,2,2026-03,67284,654415,0.0105,0,172972056.63332495
2026-01-29 00:00:00+00:00,25+ bps increase,3,2026-04,75478,669663,0.0185,0,75978206.16104123
2026-01-30 00:00:00+00:00,25+ bps increase,2,2026-03,67284,654415,0.0075,0,172972056.63332495
2026-01-30 00:00:00+00:00,25+ bps increase,3,2026-04,75478,669663,0.018,0,75978206.16104123
2026-01-31 00:00:00+00:00,25+ bps increase,2,2026-03,67284,654415,0.0075,0,172972056.63332495
2026-01-31 00:00:00+00:00,25+ bps increase,3,2026-04,75478,669663,0.012,0,75978206.16104123
2026-02-01 00:00:00+00:00,25+ bps increase,1,2026-03,67284,654415,0.0135,0,172972056.63332495
2026-02-01 00:00:00+00:00,25+ bps increase,2,2026-04,75478,669663,0.016,0,75978206.16104123
2026-02-02 00:00:00+00:00,25+ bps increase,1,2026-03,67284,654415,0.0155,0,172972056.63332495
2026-02-02 00:00:00+00:00,25+ bps increase,2,2026-04,75478,669663,0.0245,0,75978206.16104123
2026-02-03 00:00:00+00:00,25+ bps increase,1,2026-03,67284,654415,0.0185,0,172972056.63332495
2026-02-03 00:00:00+00:00,25+ bps increase,2,2026-04,75478,669663,0.022,0,75978206.16104123
2026-02-04 00:00:00+00:00,25+ bps increase,1,2026-03,67284,654415,0.0195,0,172972056.63332495
2026-02-04 00:00:00+00:00,25+ bps increase,2,2026-04,75478,669663,0.0165,0,75978206.16104123
2026-02-05 00:00:00+00:00,25+ bps increase,1,2026-03,67284,654415,0.0195,0,172972056.63332495
2026-02-05 00:00:00+00:00,25+ bps increase,2,2026-04,75478,669663,0.0165,0,75978206.16104123
2026-02-06 00:00:00+00:00,25+ bps increase,1,2026-03,67284,654415,0.0115,0,172972056.63332495
2026-02-06 00:00:00+00:00,25+ bps increase,2,2026-04,75478,669663,0.0175,0,75978206.16104123
2026-02-07 00:00:00+00:00,25+ bps increase,1,2026-03,67284,654415,0.0095,0,172972056.63332495
2026-02-07 00:00:00+00:00,25+ bps increase,2,2026-04,75478,669663,0.017,0,75978206.16104123
2026-02-08 00:00:00+00:00,25+ bps increase,1,2026-03,67284,654415,0.0095,0,172972056.63332495
2026-02-08 00:00:00+00:00,25+ bps increase,2,2026-04,75478,669663,0.0165,0,75978206.16104123
2026-02-09 00:00:00+00:00,25+ bps increase,1,2026-03,67284,654415,0.0095,0,172972056.63332495
2026-02-09 00:00:00+00:00,25+ bps increase,2,2026-04,75478,669663,0.017,0,75978206.16104123
2026-02-10 00:00:00+00:00,25+ bps increase,1,2026-03,67284,654415,0.0095,0,172972056.63332495
2026-02-10 00:00:00+00:00,25+ bps increase,2,2026-04,75478,669663,0.0175,0,75978206.16104123
2026-02-11 00:00:00+00:00,25+ bps increase,1,2026-03,67284,654415,0.0095,0,172972056.63332495
2026-02-11 00:00:00+00:00,25+ bps increase,2,2026-04,75478,669663,0.0165,0,75978206.16104123
2026-02-12 00:00:00+00:00,25+ bps increase,1,2026-03,67284,654415,0.0065,0,172972056.63332495
2026-02-12 00:00:00+00:00,25+ bps increase,2,2026-04,75478,669663,0.015,0,75978206.16104123
2026-02-13 00:00:00+00:00,25+ bps increase,1,2026-03,67284,654415,0.0075,0,172972056.63332495
2026-02-13 00:00:00+00:00,25+ bps increase,2,2026-04,75478,669663,0.0165,0,75978206.16104123
2026-02-14 00:00:00+00:00,25+ bps increase,1,2026-03,67284,654415,0.0065,0,172972056.63332495
2026-02-14 00:00:00+00:00,25+ bps increase,2,2026-04,75478,669663,0.0115,0,75978206.16104123
2026-02-15 00:00:00+00:00,25+ bps increase,1,2026-03,67284,654415,0.0055,0,172972056.63332495
2026-02-15 00:00:00+00:00,25+ bps increase,2,2026-04,75478,669663,0.0115,0,75978206.16104123
2026-02-16 00:00:00+00:00,25+ bps increase,1,2026-03,67284,654415,0.0055,0,172972056.63332495
2026-02-16 00:00:00+00:00,25+ bps increase,2,2026-04,75478,669663,0.0125,0,75978206.16104123
2026-02-17 00:00:00+00:00,25+ bps increase,1,2026-03,67284,654415,0.0055,0,172972056.63332495
2026-02-17 00:00:00+00:00,25+ bps increase,2,2026-04,75478,669663,0.0125,0,75978206.16104123
2026-02-18 00:00:00+00:00,25+ bps increase,1,2026-03,67284,654415,0.0055,0,172972056.63332495
2026-02-18 00:00:00+00:00,25+ bps increase,2,2026-04,75478,669663,0.0115,0,75978206.16104123
2026-02-19 00:00:00+00:00,25+ bps increase,1,2026-03,67284,654415,0.0055,0,172972056.63332495
2026-02-19 00:00:00+00:00,25+ bps increase,2,2026-04,75478,669663,0.0115,0,75978206.16104123
2026-02-20 00:00:00+00:00,25+ bps increase,1,2026-03,67284,654415,0.0065,0,172972056.63332495
2026-02-20 00:00:00+00:00,25+ bps increase,2,2026-04,75478,669663,0.0115,0,75978206.16104123
2026-02-21 00:00:00+00:00,25+ bps increase,1,2026-03,67284,654415,0.0065,0,172972056.63332495
2026-02-21 00:00:00+00:00,25+ bps increase,2,2026-04,75478,669663,0.0115,0,75978206.16104123
2026-02-22 00:00:00+00:00,25+ bps increase,1,2026-03,67284,654415,0.0055,0,172972056.63332495
2026-02-22 00:00:00+00:00,25+ bps increase,2,2026-04,75478,669663,0.0115,0,75978206.16104123
2026-02-23 00:00:00+00:00,25+ bps increase,1,2026-03,67284,654415,0.0055,0,172972056.63332495
2026-02-23 00:00:00+00:00,25+ bps increase,2,2026-04,75478,669663,0.0115,0,75978206.16104123
2026-02-24 00:00:00+00:00,25+ bps increase,1,2026-03,67284,654415,0.0065,0,172972056.63332495
2026-02-24 00:00:00+00:00,25+ bps increase,2,2026-04,75478,669663,0.0115,0,75978206.16104123
2026-02-25 00:00:00+00:00,25+ bps increase,1,2026-03,67284,654415,0.0065,0,172972056.63332495
2026-02-25 00:00:00+00:00,25+ bps increase,2,2026-04,75478,669663,0.0115,0,75978206.16104123
2026-02-26 00:00:00+00:00,25+ bps increase,1,2026-03,67284,654415,0.0055,0,172972056.63332495
2026-02-26 00:00:00+00:00,25+ bps increase,2,2026-04,75478,669663,0.0115,0,75978206.16104123
2026-02-27 00:00:00+00:00,25+ bps increase,1,2026-03,67284,654415,0.0045,0,172972056.63332495
2026-02-27 00:00:00+00:00,25+ bps increase,2,2026-04,75478,669663,0.012,0,75978206.16104123
2026-02-28 00:00:00+00:00,25+ bps increase,1,2026-03,67284,654415,0.0035,0,172972056.63332495
2026-02-28 00:00:00+00:00,25+ bps increase,2,2026-04,75478,669663,0.0115,0,75978206.16104123
2026-03-01 00:00:00+00:00,25+ bps increase,0,2026-03,67284,654415,0.0035,0,172972056.63332495
2026-03-01 00:00:00+00:00,25+ bps increase,1,2026-04,75478,669663,0.0115,0,75978206.16104123
2026-03-02 00:00:00+00:00,25+ bps increase,0,2026-03,67284,654415,0.0035,0,172972056.63332495
2026-03-02 00:00:00+00:00,25+ bps increase,1,2026-04,75478,669663,0.0115,0,75978206.16104123
2026-03-03 00:00:00+00:00,25+ bps increase,0,2026-03,67284,654415,0.0045,0,172972056.63332495
2026-03-03 00:00:00+00:00,25+ bps increase,1,2026-04,75478,669663,0.0125,0,75978206.16104123
2026-03-04 00:00:00+00:00,25+ bps increase,0,2026-03,67284,654415,0.0065,0,172972056.63332495
2026-03-04 00:00:00+00:00,25+ bps increase,1,2026-04,75478,669663,0.016,0,75978206.16104123
2026-03-05 00:00:00+00:00,25+ bps increase,0,2026-03,67284,654415,0.0045,0,172972056.63332495
2026-03-05 00:00:00+00:00,25+ bps increase,1,2026-04,75478,669663,0.0165,0,75978206.16104123
2026-03-06 00:00:00+00:00,25+ bps increase,0,2026-03,67284,654415,0.0025,0,172972056.63332495
2026-03-06 00:00:00+00:00,25+ bps increase,1,2026-04,75478,669663,0.035,0,75978206.16104123
2026-03-07 00:00:00+00:00,25+ bps increase,0,2026-03,67284,654415,0.0025,0,172972056.63332495
2026-03-07 00:00:00+00:00,25+ bps increase,1,2026-04,75478,669663,0.0145,0,75978206.16104123
2026-03-08 00:00:00+00:00,25+ bps increase,0,2026-03,67284,654415,0.0025,0,172972056.63332495
2026-03-08 00:00:00+00:00,25+ bps increase,1,2026-04,75478,669663,0.0165,0,75978206.16104123
2026-03-09 00:00:00+00:00,25+ bps increase,0,2026-03,67284,654415,0.0025,0,172972056.63332495
2026-03-09 00:00:00+00:00,25+ bps increase,1,2026-04,75478,669663,0.0245,0,75978206.16104123
2026-03-10 00:00:00+00:00,25+ bps increase,0,2026-03,67284,654415,0.0035,0,172972056.63332495
2026-03-10 00:00:00+00:00,25+ bps increase,1,2026-04,75478,669663,0.021,0,75978206.16104123
2026-03-11 00:00:00+00:00,25+ bps increase,0,2026-03,67284,654415,0.0025,0,172972056.63332495
2026-03-11 00:00:00+00:00,25+ bps increase,1,2026-04,75478,669663,0.0165,0,75978206.16104123
2026-03-12 00:00:00+00:00,25+ bps increase,0,2026-03,67284,654415,0.0015,0,172972056.63332495
2026-03-12 00:00:00+00:00,25+ bps increase,1,2026-04,75478,669663,0.017,0,75978206.16104123
2026-03-13 00:00:00+00:00,25+ bps increase,0,2026-03,67284,654415,0.0015,0,172972056.63332495
2026-03-13 00:00:00+00:00,25+ bps increase,1,2026-04,75478,669663,0.0175,0,75978206.16104123
2026-03-14 00:00:00+00:00,25+ bps increase,0,2026-03,67284,654415,0.0015,0,172972056.63332495
2026-03-14 00:00:00+00:00,25+ bps increase,1,2026-04,75478,669663,0.019,0,75978206.16104123
2026-03-15 00:00:00+00:00,25+ bps increase,0,2026-03,67284,654415,0.0015,0,172972056.63332495
2026-03-15 00:00:00+00:00,25+ bps increase,1,2026-04,75478,669663,0.0195,0,75978206.16104123
2026-03-16 00:00:00+00:00,25+ bps increase,1,2026-04,75478,669663,0.0165,0,75978206.16104123
2026-03-17 00:00:00+00:00,25+ bps increase,0,2026-03,67284,654415,0.0005,0,172972056.63332495
2026-03-17 00:00:00+00:00,25+ bps increase,1,2026-04,75478,669663,0.0165,0,75978206.16104123
2026-03-18 00:00:00+00:00,25+ bps increase,0,2026-03,67284,654415,0.0005,0,172972056.63332495
2026-03-18 00:00:00+00:00,25+ bps increase,1,2026-04,75478,669663,0.0135,0,75978206.16104123
2026-03-19 00:00:00+00:00,25+ bps increase,1,2026-04,75478,669663,0.0115,0,75978206.16104123
2026-03-20 00:00:00+00:00,25+ bps increase,1,2026-04,75478,669663,0.02,0,75978206.16104123
2026-03-21 00:00:00+00:00,25+ bps increase,1,2026-04,75478,669663,0.035,0,75978206.16104123
2026-03-22 00:00:00+00:00,25+ bps increase,1,2026-04,75478,669663,0.0355,0,75978206.16104123
2026-03-23 00:00:00+00:00,25+ bps increase,1,2026-04,75478,669663,0.0415,0,75978206.16104123
2026-03-24 00:00:00+00:00,25+ bps increase,1,2026-04,75478,669663,0.035,0,75978206.16104123
2026-03-25 00:00:00+00:00,25+ bps increase,1,2026-04,75478,669663,0.034,0,75978206.16104123
2026-03-26 00:00:00+00:00,25+ bps increase,1,2026-04,75478,669663,0.03,0,75978206.16104123
2026-03-27 00:00:00+00:00,25+ bps increase,1,2026-04,75478,669663,0.0255,0,75978206.16104123
2026-03-28 00:00:00+00:00,25+ bps increase,1,2026-04,75478,669663,0.0205,0,75978206.16104123
2026-03-29 00:00:00+00:00,25+ bps increase,1,2026-04,75478,669663,0.0175,0,75978206.16104123
2026-03-30 00:00:00+00:00,25+ bps increase,1,2026-04,75478,669663,0.0185,0,75978206.16104123
2026-03-31 00:00:00+00:00,25+ bps increase,1,2026-04,75478,669663,0.0115,0,75978206.16104123
2026-04-01 00:00:00+00:00,25+ bps increase,0,2026-04,75478,669663,0.0105,0,75978206.16104123
2026-04-02 00:00:00+00:00,25+ bps increase,0,2026-04,75478,669663,0.0065,0,75978206.16104123
2026-04-07 00:00:00+00:00,25+ bps increase,0,2026-04,75478,669663,0.0105,0,75978206.16104123
2026-04-09 00:00:00+00:00,25+ bps increase,0,2026-04,75478,669663,0.009,0,75978206.16104123
2026-04-19 00:00:00+00:00,25+ bps increase,0,2026-04,75478,669663,0.0025,0,75978206.16104123
2026-04-20 00:00:00+00:00,25+ bps increase,0,2026-04,75478,669663,0.0025,0,75978206.16104123
2026-04-21 00:00:00+00:00,25+ bps increase,0,2026-04,75478,669663,0.0025,0,75978206.16104123
2026-04-22 00:00:00+00:00,25+ bps increase,0,2026-04,75478,669663,0.0025,0,75978206.16104123
2026-04-23 00:00:00+00:00,25+ bps increase,0,2026-04,75478,669663,0.0025,0,75978206.16104123
2026-04-24 00:00:00+00:00,25+ bps increase,0,2026-04,75478,669663,0.0025,0,75978206.16104123
2026-04-25 00:00:00+00:00,25+ bps increase,0,2026-04,75478,669663,0.0025,0,75978206.16104123
2026-04-26 00:00:00+00:00,25+ bps increase,0,2026-04,75478,669663,0.0015,0,75978206.16104123
2026-04-27 00:00:00+00:00,25+ bps increase,0,2026-04,75478,669663,0.0005,0,75978206.16104123
2026-04-28 00:00:00+00:00,25+ bps increase,0,2026-04,75478,669663,0.0005,0,75978206.16104123
2026-04-29 00:00:00+00:00,25+ bps increase,0,2026-04,75478,669663,0.0015,0,75978206.16104123
2025-03-20 00:00:00+00:00,50+ bps decrease,4,2025-07,21255,528972,0.05,0,40912544.015545
2025-03-21 00:00:00+00:00,50+ bps decrease,4,2025-07,21255,528972,0.055,0,40912544.015545
2025-03-22 00:00:00+00:00,50+ bps decrease,4,2025-07,21255,528972,0.0385,0,40912544.015545
2025-03-23 00:00:00+00:00,50+ bps decrease,4,2025-07,21255,528972,0.0475,0,40912544.015545
2025-03-24 00:00:00+00:00,50+ bps decrease,4,2025-07,21255,528972,0.051,0,40912544.015545
2025-03-25 00:00:00+00:00,50+ bps decrease,4,2025-07,21255,528972,0.054,0,40912544.015545
2025-03-26 00:00:00+00:00,50+ bps decrease,4,2025-07,21255,528972,0.0535,0,40912544.015545
2025-03-27 00:00:00+00:00,50+ bps decrease,4,2025-07,21255,528972,0.0425,0,40912544.015545
2025-03-28 00:00:00+00:00,50+ bps decrease,4,2025-07,21255,528972,0.0535,0,40912544.015545
2025-03-29 00:00:00+00:00,50+ bps decrease,4,2025-07,21255,528972,0.04,0,40912544.015545
2025-03-30 00:00:00+00:00,50+ bps decrease,4,2025-07,21255,528972,0.041,0,40912544.015545
2025-03-31 00:00:00+00:00,50+ bps decrease,4,2025-07,21255,528972,0.041,0,40912544.015545
2025-04-01 00:00:00+00:00,50+ bps decrease,3,2025-07,21255,528972,0.041,0,40912544.015545
2025-04-02 00:00:00+00:00,50+ bps decrease,3,2025-07,21255,528972,0.046,0,40912544.015545
2025-04-03 00:00:00+00:00,50+ bps decrease,3,2025-07,21255,528972,0.043,0,40912544.015545
2025-04-04 00:00:00+00:00,50+ bps decrease,3,2025-07,21255,528972,0.072,0,40912544.015545
2025-04-05 00:00:00+00:00,50+ bps decrease,3,2025-07,21255,528972,0.075,0,40912544.015545
2025-04-06 00:00:00+00:00,50+ bps decrease,3,2025-07,21255,528972,0.0795,0,40912544.015545
2025-04-07 00:00:00+00:00,50+ bps decrease,3,2025-07,21255,528972,0.0785,0,40912544.015545
2025-04-08 00:00:00+00:00,50+ bps decrease,3,2025-07,21255,528972,0.083,0,40912544.015545
2025-04-09 00:00:00+00:00,50+ bps decrease,3,2025-07,21255,528972,0.085,0,40912544.015545
2025-04-10 00:00:00+00:00,50+ bps decrease,3,2025-07,21255,528972,0.074,0,40912544.015545
2025-04-11 00:00:00+00:00,50+ bps decrease,3,2025-07,21255,528972,0.1115,0,40912544.015545
2025-04-12 00:00:00+00:00,50+ bps decrease,3,2025-07,21255,528972,0.115,0,40912544.015545
2025-04-13 00:00:00+00:00,50+ bps decrease,3,2025-07,21255,528972,0.0995,0,40912544.015545
2025-04-14 00:00:00+00:00,50+ bps decrease,3,2025-07,21255,528972,0.103,0,40912544.015545
2025-04-15 00:00:00+00:00,50+ bps decrease,3,2025-07,21255,528972,0.105,0,40912544.015545
2025-04-16 00:00:00+00:00,50+ bps decrease,3,2025-07,21255,528972,0.096,0,40912544.015545
2025-04-17 00:00:00+00:00,50+ bps decrease,3,2025-07,21255,528972,0.0975,0,40912544.015545
2025-04-18 00:00:00+00:00,50+ bps decrease,3,2025-07,21255,528972,0.1,0,40912544.015545
2025-04-19 00:00:00+00:00,50+ bps decrease,3,2025-07,21255,528972,0.1,0,40912544.015545
2025-04-20 00:00:00+00:00,50+ bps decrease,3,2025-07,21255,528972,0.098,0,40912544.015545
2025-04-21 00:00:00+00:00,50+ bps decrease,3,2025-07,21255,528972,0.0975,0,40912544.015545
2025-04-22 00:00:00+00:00,50+ bps decrease,3,2025-07,21255,528972,0.099,0,40912544.015545
2025-04-23 00:00:00+00:00,50+ bps decrease,3,2025-07,21255,528972,0.097,0,40912544.015545
2025-04-24 00:00:00+00:00,50+ bps decrease,3,2025-07,21255,528972,0.098,0,40912544.015545
2025-04-25 00:00:00+00:00,50+ bps decrease,3,2025-07,21255,528972,0.0935,0,40912544.015545
2025-04-26 00:00:00+00:00,50+ bps decrease,3,2025-07,21255,528972,0.084,0,40912544.015545
2025-04-27 00:00:00+00:00,50+ bps decrease,3,2025-07,21255,528972,0.082,0,40912544.015545
2025-04-28 00:00:00+00:00,50+ bps decrease,3,2025-07,21255,528972,0.0815,0,40912544.015545
2025-04-29 00:00:00+00:00,50+ bps decrease,3,2025-07,21255,528972,0.0725,0,40912544.015545
2025-04-30 00:00:00+00:00,50+ bps decrease,3,2025-07,21255,528972,0.06,0,40912544.015545
2025-05-01 00:00:00+00:00,50+ bps decrease,2,2025-07,21255,528972,0.068,0,40912544.015545
2025-05-02 00:00:00+00:00,50+ bps decrease,2,2025-07,21255,528972,0.067,0,40912544.015545
2025-05-03 00:00:00+00:00,50+ bps decrease,2,2025-07,21255,528972,0.067,0,40912544.015545
2025-05-04 00:00:00+00:00,50+ bps decrease,2,2025-07,21255,528972,0.0665,0,40912544.015545
2025-05-05 00:00:00+00:00,50+ bps decrease,2,2025-07,21255,528972,0.057,0,40912544.015545
2025-05-06 00:00:00+00:00,50+ bps decrease,2,2025-07,21255,528972,0.055,0,40912544.015545
2025-05-07 00:00:00+00:00,50+ bps decrease,2,2025-07,21255,528972,0.056,0,40912544.015545
2025-05-08 00:00:00+00:00,50+ bps decrease,2,2025-07,21255,528972,0.0615,0,40912544.015545
2025-05-08 00:00:00+00:00,50+ bps decrease,4,2025-09,24087,542537,0.036,0,49890284.071409
2025-05-09 00:00:00+00:00,50+ bps decrease,2,2025-07,21255,528972,0.0615,0,40912544.015545
2025-05-09 00:00:00+00:00,50+ bps decrease,4,2025-09,24087,542537,0.117,0,49890284.071409
2025-05-10 00:00:00+00:00,50+ bps decrease,2,2025-07,21255,528972,0.0555,0,40912544.015545
2025-05-10 00:00:00+00:00,50+ bps decrease,4,2025-09,24087,542537,0.0985,0,49890284.071409
2025-05-11 00:00:00+00:00,50+ bps decrease,2,2025-07,21255,528972,0.0555,0,40912544.015545
2025-05-11 00:00:00+00:00,50+ bps decrease,4,2025-09,24087,542537,0.099,0,49890284.071409
2025-05-12 00:00:00+00:00,50+ bps decrease,2,2025-07,21255,528972,0.056,0,40912544.015545
2025-05-12 00:00:00+00:00,50+ bps decrease,4,2025-09,24087,542537,0.08,0,49890284.071409
2025-05-13 00:00:00+00:00,50+ bps decrease,2,2025-07,21255,528972,0.0315,0,40912544.015545
2025-05-13 00:00:00+00:00,50+ bps decrease,4,2025-09,24087,542537,0.062,0,49890284.071409
2025-05-14 00:00:00+00:00,50+ bps decrease,2,2025-07,21255,528972,0.0395,0,40912544.015545
2025-05-14 00:00:00+00:00,50+ bps decrease,4,2025-09,24087,542537,0.055,0,49890284.071409
2025-05-15 00:00:00+00:00,50+ bps decrease,2,2025-07,21255,528972,0.0365,0,40912544.015545
2025-05-15 00:00:00+00:00,50+ bps decrease,4,2025-09,24087,542537,0.048,0,49890284.071409
2025-05-16 00:00:00+00:00,50+ bps decrease,2,2025-07,21255,528972,0.0345,0,40912544.015545
2025-05-16 00:00:00+00:00,50+ bps decrease,4,2025-09,24087,542537,0.0525,0,49890284.071409
2025-05-17 00:00:00+00:00,50+ bps decrease,2,2025-07,21255,528972,0.0355,0,40912544.015545
2025-05-17 00:00:00+00:00,50+ bps decrease,4,2025-09,24087,542537,0.0525,0,49890284.071409
2025-05-18 00:00:00+00:00,50+ bps decrease,2,2025-07,21255,528972,0.038,0,40912544.015545
2025-05-18 00:00:00+00:00,50+ bps decrease,4,2025-09,24087,542537,0.0525,0,49890284.071409
2025-05-19 00:00:00+00:00,50+ bps decrease,2,2025-07,21255,528972,0.031,0,40912544.015545
2025-05-19 00:00:00+00:00,50+ bps decrease,4,2025-09,24087,542537,0.0515,0,49890284.071409
2025-05-20 00:00:00+00:00,50+ bps decrease,2,2025-07,21255,528972,0.042,0,40912544.015545
2025-05-20 00:00:00+00:00,50+ bps decrease,4,2025-09,24087,542537,0.047,0,49890284.071409
2025-05-21 00:00:00+00:00,50+ bps decrease,2,2025-07,21255,528972,0.0505,0,40912544.015545
2025-05-21 00:00:00+00:00,50+ bps decrease,4,2025-09,24087,542537,0.051,0,49890284.071409
2025-05-22 00:00:00+00:00,50+ bps decrease,2,2025-07,21255,528972,0.0375,0,40912544.015545
2025-05-22 00:00:00+00:00,50+ bps decrease,4,2025-09,24087,542537,0.0445,0,49890284.071409
2025-05-23 00:00:00+00:00,50+ bps decrease,2,2025-07,21255,528972,0.033,0,40912544.015545
2025-05-23 00:00:00+00:00,50+ bps decrease,4,2025-09,24087,542537,0.045,0,49890284.071409
2025-05-24 00:00:00+00:00,50+ bps decrease,2,2025-07,21255,528972,0.032,0,40912544.015545
2025-05-24 00:00:00+00:00,50+ bps decrease,4,2025-09,24087,542537,0.0355,0,49890284.071409
2025-05-25 00:00:00+00:00,50+ bps decrease,2,2025-07,21255,528972,0.031,0,40912544.015545
2025-05-25 00:00:00+00:00,50+ bps decrease,4,2025-09,24087,542537,0.0385,0,49890284.071409
2025-05-26 00:00:00+00:00,50+ bps decrease,2,2025-07,21255,528972,0.028,0,40912544.015545
2025-05-26 00:00:00+00:00,50+ bps decrease,4,2025-09,24087,542537,0.0345,0,49890284.071409
2025-05-27 00:00:00+00:00,50+ bps decrease,2,2025-07,21255,528972,0.0305,0,40912544.015545
2025-05-27 00:00:00+00:00,50+ bps decrease,4,2025-09,24087,542537,0.034,0,49890284.071409
2025-05-28 00:00:00+00:00,50+ bps decrease,2,2025-07,21255,528972,0.0235,0,40912544.015545
2025-05-28 00:00:00+00:00,50+ bps decrease,4,2025-09,24087,542537,0.0315,0,49890284.071409
2025-05-29 00:00:00+00:00,50+ bps decrease,2,2025-07,21255,528972,0.0265,0,40912544.015545
2025-05-29 00:00:00+00:00,50+ bps decrease,4,2025-09,24087,542537,0.0305,0,49890284.071409
2025-05-30 00:00:00+00:00,50+ bps decrease,2,2025-07,21255,528972,0.0295,0,40912544.015545
2025-05-30 00:00:00+00:00,50+ bps decrease,4,2025-09,24087,542537,0.032,0,49890284.071409
2025-05-31 00:00:00+00:00,50+ bps decrease,2,2025-07,21255,528972,0.0235,0,40912544.015545
2025-05-31 00:00:00+00:00,50+ bps decrease,4,2025-09,24087,542537,0.035,0,49890284.071409
2025-06-01 00:00:00+00:00,50+ bps decrease,1,2025-07,21255,528972,0.024,0,40912544.015545
2025-06-01 00:00:00+00:00,50+ bps decrease,3,2025-09,24087,542537,0.036,0,49890284.071409
2025-06-02 00:00:00+00:00,50+ bps decrease,1,2025-07,21255,528972,0.023,0,40912544.015545
2025-06-02 00:00:00+00:00,50+ bps decrease,3,2025-09,24087,542537,0.0355,0,49890284.071409
2025-06-03 00:00:00+00:00,50+ bps decrease,1,2025-07,21255,528972,0.019,0,40912544.015545
2025-06-03 00:00:00+00:00,50+ bps decrease,3,2025-09,24087,542537,0.0355,0,49890284.071409
2025-06-04 00:00:00+00:00,50+ bps decrease,1,2025-07,21255,528972,0.0165,0,40912544.015545
2025-06-04 00:00:00+00:00,50+ bps decrease,3,2025-09,24087,542537,0.045,0,49890284.071409
2025-06-05 00:00:00+00:00,50+ bps decrease,1,2025-07,21255,528972,0.015,0,40912544.015545
2025-06-05 00:00:00+00:00,50+ bps decrease,3,2025-09,24087,542537,0.0365,0,49890284.071409
2025-06-06 00:00:00+00:00,50+ bps decrease,1,2025-07,21255,528972,0.012,0,40912544.015545
2025-06-06 00:00:00+00:00,50+ bps decrease,3,2025-09,24087,542537,0.0345,0,49890284.071409
2025-06-07 00:00:00+00:00,50+ bps decrease,1,2025-07,21255,528972,0.0125,0,40912544.015545
2025-06-07 00:00:00+00:00,50+ bps decrease,3,2025-09,24087,542537,0.0415,0,49890284.071409
2025-06-08 00:00:00+00:00,50+ bps decrease,1,2025-07,21255,528972,0.013,0,40912544.015545
2025-06-08 00:00:00+00:00,50+ bps decrease,3,2025-09,24087,542537,0.0375,0,49890284.071409
2025-06-09 00:00:00+00:00,50+ bps decrease,1,2025-07,21255,528972,0.0135,0,40912544.015545
2025-06-09 00:00:00+00:00,50+ bps decrease,3,2025-09,24087,542537,0.0325,0,49890284.071409
2025-06-10 00:00:00+00:00,50+ bps decrease,1,2025-07,21255,528972,0.0135,0,40912544.015545
2025-06-10 00:00:00+00:00,50+ bps decrease,3,2025-09,24087,542537,0.036,0,49890284.071409
2025-06-11 00:00:00+00:00,50+ bps decrease,1,2025-07,21255,528972,0.013,0,40912544.015545
2025-06-11 00:00:00+00:00,50+ bps decrease,3,2025-09,24087,542537,0.0345,0,49890284.071409
2025-06-12 00:00:00+00:00,50+ bps decrease,1,2025-07,21255,528972,0.011,0,40912544.015545
2025-06-12 00:00:00+00:00,50+ bps decrease,3,2025-09,24087,542537,0.034,0,49890284.071409
2025-06-13 00:00:00+00:00,50+ bps decrease,1,2025-07,21255,528972,0.012,0,40912544.015545
2025-06-13 00:00:00+00:00,50+ bps decrease,3,2025-09,24087,542537,0.035,0,49890284.071409
2025-06-14 00:00:00+00:00,50+ bps decrease,1,2025-07,21255,528972,0.014,0,40912544.015545
2025-06-14 00:00:00+00:00,50+ bps decrease,3,2025-09,24087,542537,0.0365,0,49890284.071409
2025-06-15 00:00:00+00:00,50+ bps decrease,1,2025-07,21255,528972,0.017,0,40912544.015545
2025-06-15 00:00:00+00:00,50+ bps decrease,3,2025-09,24087,542537,0.0405,0,49890284.071409
2025-06-16 00:00:00+00:00,50+ bps decrease,1,2025-07,21255,528972,0.0145,0,40912544.015545
2025-06-16 00:00:00+00:00,50+ bps decrease,3,2025-09,24087,542537,0.036,0,49890284.071409
2025-06-17 00:00:00+00:00,50+ bps decrease,1,2025-07,21255,528972,0.017,0,40912544.015545
2025-06-17 00:00:00+00:00,50+ bps decrease,3,2025-09,24087,542537,0.037,0,49890284.071409
2025-06-18 00:00:00+00:00,50+ bps decrease,1,2025-07,21255,528972,0.0395,0,40912544.015545
2025-06-18 00:00:00+00:00,50+ bps decrease,3,2025-09,24087,542537,0.0405,0,49890284.071409
2025-06-19 00:00:00+00:00,50+ bps decrease,1,2025-07,21255,528972,0.008,0,40912544.015545
2025-06-19 00:00:00+00:00,50+ bps decrease,3,2025-09,24087,542537,0.0375,0,49890284.071409
2025-06-20 00:00:00+00:00,50+ bps decrease,1,2025-07,21255,528972,0.011,0,40912544.015545
2025-06-20 00:00:00+00:00,50+ bps decrease,3,2025-09,24087,542537,0.036,0,49890284.071409
2025-06-20 00:00:00+00:00,50+ bps decrease,4,2025-10,27824,553810,0.06,0,52589989.131546
2025-06-21 00:00:00+00:00,50+ bps decrease,1,2025-07,21255,528972,0.011,0,40912544.015545
2025-06-21 00:00:00+00:00,50+ bps decrease,3,2025-09,24087,542537,0.031,0,49890284.071409
2025-06-21 00:00:00+00:00,50+ bps decrease,4,2025-10,27824,553810,0.0635,0,52589989.131546
2025-06-22 00:00:00+00:00,50+ bps decrease,1,2025-07,21255,528972,0.0095,0,40912544.015545
2025-06-22 00:00:00+00:00,50+ bps decrease,3,2025-09,24087,542537,0.0275,0,49890284.071409
2025-06-22 00:00:00+00:00,50+ bps decrease,4,2025-10,27824,553810,0.0625,0,52589989.131546
2025-06-23 00:00:00+00:00,50+ bps decrease,1,2025-07,21255,528972,0.015,0,40912544.015545
2025-06-23 00:00:00+00:00,50+ bps decrease,3,2025-09,24087,542537,0.0345,0,49890284.071409
2025-06-23 00:00:00+00:00,50+ bps decrease,4,2025-10,27824,553810,0.0655,0,52589989.131546
2025-06-24 00:00:00+00:00,50+ bps decrease,1,2025-07,21255,528972,0.0135,0,40912544.015545
2025-06-24 00:00:00+00:00,50+ bps decrease,3,2025-09,24087,542537,0.037,0,49890284.071409
2025-06-24 00:00:00+00:00,50+ bps decrease,4,2025-10,27824,553810,0.0675,0,52589989.131546
2025-06-25 00:00:00+00:00,50+ bps decrease,1,2025-07,21255,528972,0.0205,0,40912544.015545
2025-06-25 00:00:00+00:00,50+ bps decrease,3,2025-09,24087,542537,0.04,0,49890284.071409
2025-06-25 00:00:00+00:00,50+ bps decrease,4,2025-10,27824,553810,0.08,0,52589989.131546
2025-06-26 00:00:00+00:00,50+ bps decrease,1,2025-07,21255,528972,0.0175,0,40912544.015545
2025-06-26 00:00:00+00:00,50+ bps decrease,3,2025-09,24087,542537,0.0565,0,49890284.071409
2025-06-26 00:00:00+00:00,50+ bps decrease,4,2025-10,27824,553810,0.0825,0,52589989.131546
2025-06-27 00:00:00+00:00,50+ bps decrease,1,2025-07,21255,528972,0.0175,0,40912544.015545
2025-06-27 00:00:00+00:00,50+ bps decrease,3,2025-09,24087,542537,0.0695,0,49890284.071409
2025-06-27 00:00:00+00:00,50+ bps decrease,4,2025-10,27824,553810,0.084,0,52589989.131546
2025-06-28 00:00:00+00:00,50+ bps decrease,1,2025-07,21255,528972,0.017,0,40912544.015545
2025-06-28 00:00:00+00:00,50+ bps decrease,3,2025-09,24087,542537,0.059,0,49890284.071409
2025-06-28 00:00:00+00:00,50+ bps decrease,4,2025-10,27824,553810,0.0895,0,52589989.131546
2025-06-29 00:00:00+00:00,50+ bps decrease,1,2025-07,21255,528972,0.019,0,40912544.015545
2025-06-29 00:00:00+00:00,50+ bps decrease,3,2025-09,24087,542537,0.057,0,49890284.071409
2025-06-29 00:00:00+00:00,50+ bps decrease,4,2025-10,27824,553810,0.0855,0,52589989.131546
2025-06-30 00:00:00+00:00,50+ bps decrease,1,2025-07,21255,528972,0.0175,0,40912544.015545
2025-06-30 00:00:00+00:00,50+ bps decrease,3,2025-09,24087,542537,0.054,0,49890284.071409
2025-06-30 00:00:00+00:00,50+ bps decrease,4,2025-10,27824,553810,0.0855,0,52589989.131546
2025-07-01 00:00:00+00:00,50+ bps decrease,0,2025-07,21255,528972,0.0165,0,40912544.015545
2025-07-01 00:00:00+00:00,50+ bps decrease,2,2025-09,24087,542537,0.0745,0,49890284.071409
2025-07-01 00:00:00+00:00,50+ bps decrease,3,2025-10,27824,553810,0.0845,0,52589989.131546
2025-07-02 00:00:00+00:00,50+ bps decrease,0,2025-07,21255,528972,0.0115,0,40912544.015545
2025-07-02 00:00:00+00:00,50+ bps decrease,2,2025-09,24087,542537,0.066,0,49890284.071409
2025-07-02 00:00:00+00:00,50+ bps decrease,3,2025-10,27824,553810,0.072,0,52589989.131546
2025-07-03 00:00:00+00:00,50+ bps decrease,0,2025-07,21255,528972,0.018,0,40912544.015545
2025-07-03 00:00:00+00:00,50+ bps decrease,2,2025-09,24087,542537,0.0655,0,49890284.071409
2025-07-03 00:00:00+00:00,50+ bps decrease,3,2025-10,27824,553810,0.074,0,52589989.131546
2025-07-04 00:00:00+00:00,50+ bps decrease,0,2025-07,21255,528972,0.008,0,40912544.015545
2025-07-04 00:00:00+00:00,50+ bps decrease,2,2025-09,24087,542537,0.0545,0,49890284.071409
2025-07-04 00:00:00+00:00,50+ bps decrease,3,2025-10,27824,553810,0.056,0,52589989.131546
2025-07-05 00:00:00+00:00,50+ bps decrease,0,2025-07,21255,528972,0.0085,0,40912544.015545
2025-07-05 00:00:00+00:00,50+ bps decrease,2,2025-09,24087,542537,0.0545,0,49890284.071409
2025-07-05 00:00:00+00:00,50+ bps decrease,3,2025-10,27824,553810,0.0625,0,52589989.131546
2025-07-06 00:00:00+00:00,50+ bps decrease,0,2025-07,21255,528972,0.0085,0,40912544.015545
2025-07-06 00:00:00+00:00,50+ bps decrease,2,2025-09,24087,542537,0.0485,0,49890284.071409
2025-07-06 00:00:00+00:00,50+ bps decrease,3,2025-10,27824,553810,0.0655,0,52589989.131546
2025-07-07 00:00:00+00:00,50+ bps decrease,0,2025-07,21255,528972,0.008,0,40912544.015545
2025-07-07 00:00:00+00:00,50+ bps decrease,2,2025-09,24087,542537,0.051,0,49890284.071409
2025-07-07 00:00:00+00:00,50+ bps decrease,3,2025-10,27824,553810,0.07,0,52589989.131546
2025-07-08 00:00:00+00:00,50+ bps decrease,0,2025-07,21255,528972,0.0085,0,40912544.015545
2025-07-08 00:00:00+00:00,50+ bps decrease,2,2025-09,24087,542537,0.0575,0,49890284.071409
2025-07-08 00:00:00+00:00,50+ bps decrease,3,2025-10,27824,553810,0.0725,0,52589989.131546
2025-07-09 00:00:00+00:00,50+ bps decrease,0,2025-07,21255,528972,0.0085,0,40912544.015545
2025-07-09 00:00:00+00:00,50+ bps decrease,2,2025-09,24087,542537,0.0675,0,49890284.071409
2025-07-09 00:00:00+00:00,50+ bps decrease,3,2025-10,27824,553810,0.0775,0,52589989.131546
2025-07-10 00:00:00+00:00,50+ bps decrease,0,2025-07,21255,528972,0.0115,0,40912544.015545
2025-07-10 00:00:00+00:00,50+ bps decrease,2,2025-09,24087,542537,0.0585,0,49890284.071409
2025-07-10 00:00:00+00:00,50+ bps decrease,3,2025-10,27824,553810,0.0695,0,52589989.131546
2025-07-11 00:00:00+00:00,50+ bps decrease,0,2025-07,21255,528972,0.0105,0,40912544.015545
2025-07-11 00:00:00+00:00,50+ bps decrease,2,2025-09,24087,542537,0.0585,0,49890284.071409
2025-07-11 00:00:00+00:00,50+ bps decrease,3,2025-10,27824,553810,0.0685,0,52589989.131546
2025-07-12 00:00:00+00:00,50+ bps decrease,0,2025-07,21255,528972,0.016,0,40912544.015545
2025-07-12 00:00:00+00:00,50+ bps decrease,2,2025-09,24087,542537,0.06,0,49890284.071409
2025-07-12 00:00:00+00:00,50+ bps decrease,3,2025-10,27824,553810,0.0715,0,52589989.131546
2025-07-13 00:00:00+00:00,50+ bps decrease,0,2025-07,21255,528972,0.0205,0,40912544.015545
2025-07-13 00:00:00+00:00,50+ bps decrease,2,2025-09,24087,542537,0.051,0,49890284.071409
2025-07-13 00:00:00+00:00,50+ bps decrease,3,2025-10,27824,553810,0.053,0,52589989.131546
2025-07-14 00:00:00+00:00,50+ bps decrease,0,2025-07,21255,528972,0.0195,0,40912544.015545
2025-07-14 00:00:00+00:00,50+ bps decrease,2,2025-09,24087,542537,0.0855,0,49890284.071409
2025-07-14 00:00:00+00:00,50+ bps decrease,3,2025-10,27824,553810,0.0755,0,52589989.131546
2025-07-15 00:00:00+00:00,50+ bps decrease,0,2025-07,21255,528972,0.015,0,40912544.015545
2025-07-15 00:00:00+00:00,50+ bps decrease,2,2025-09,24087,542537,0.0775,0,49890284.071409
2025-07-15 00:00:00+00:00,50+ bps decrease,3,2025-10,27824,553810,0.078,0,52589989.131546
2025-07-16 00:00:00+00:00,50+ bps decrease,0,2025-07,21255,528972,0.009,0,40912544.015545
2025-07-16 00:00:00+00:00,50+ bps decrease,2,2025-09,24087,542537,0.056,0,49890284.071409
2025-07-16 00:00:00+00:00,50+ bps decrease,3,2025-10,27824,553810,0.0665,0,52589989.131546
2025-07-17 00:00:00+00:00,50+ bps decrease,0,2025-07,21255,528972,0.0115,0,40912544.015545
2025-07-17 00:00:00+00:00,50+ bps decrease,2,2025-09,24087,542537,0.056,0,49890284.071409
2025-07-17 00:00:00+00:00,50+ bps decrease,3,2025-10,27824,553810,0.0755,0,52589989.131546
2025-07-18 00:00:00+00:00,50+ bps decrease,0,2025-07,21255,528972,0.0085,0,40912544.015545
2025-07-18 00:00:00+00:00,50+ bps decrease,2,2025-09,24087,542537,0.0825,0,49890284.071409
2025-07-18 00:00:00+00:00,50+ bps decrease,3,2025-10,27824,553810,0.0785,0,52589989.131546
2025-07-19 00:00:00+00:00,50+ bps decrease,0,2025-07,21255,528972,0.0075,0,40912544.015545
2025-07-19 00:00:00+00:00,50+ bps decrease,2,2025-09,24087,542537,0.061,0,49890284.071409
2025-07-19 00:00:00+00:00,50+ bps decrease,3,2025-10,27824,553810,0.0765,0,52589989.131546
2025-07-20 00:00:00+00:00,50+ bps decrease,0,2025-07,21255,528972,0.0075,0,40912544.015545
2025-07-20 00:00:00+00:00,50+ bps decrease,2,2025-09,24087,542537,0.072,0,49890284.071409
2025-07-20 00:00:00+00:00,50+ bps decrease,3,2025-10,27824,553810,0.0645,0,52589989.131546
2025-07-21 00:00:00+00:00,50+ bps decrease,0,2025-07,21255,528972,0.0075,0,40912544.015545
2025-07-21 00:00:00+00:00,50+ bps decrease,2,2025-09,24087,542537,0.0675,0,49890284.071409
2025-07-21 00:00:00+00:00,50+ bps decrease,3,2025-10,27824,553810,0.068,0,52589989.131546
2025-07-22 00:00:00+00:00,50+ bps decrease,0,2025-07,21255,528972,0.0065,0,40912544.015545
2025-07-22 00:00:00+00:00,50+ bps decrease,2,2025-09,24087,542537,0.0645,0,49890284.071409
2025-07-22 00:00:00+00:00,50+ bps decrease,3,2025-10,27824,553810,0.076,0,52589989.131546
2025-07-23 00:00:00+00:00,50+ bps decrease,0,2025-07,21255,528972,0.0065,0,40912544.015545
2025-07-23 00:00:00+00:00,50+ bps decrease,2,2025-09,24087,542537,0.066,0,49890284.071409
2025-07-23 00:00:00+00:00,50+ bps decrease,3,2025-10,27824,553810,0.076,0,52589989.131546
2025-07-24 00:00:00+00:00,50+ bps decrease,0,2025-07,21255,528972,0.0065,0,40912544.015545
2025-07-24 00:00:00+00:00,50+ bps decrease,2,2025-09,24087,542537,0.0655,0,49890284.071409
2025-07-24 00:00:00+00:00,50+ bps decrease,3,2025-10,27824,553810,0.0655,0,52589989.131546
2025-07-25 00:00:00+00:00,50+ bps decrease,0,2025-07,21255,528972,0.01,0,40912544.015545
2025-07-25 00:00:00+00:00,50+ bps decrease,2,2025-09,24087,542537,0.065,0,49890284.071409
2025-07-25 00:00:00+00:00,50+ bps decrease,3,2025-10,27824,553810,0.0635,0,52589989.131546
2025-07-26 00:00:00+00:00,50+ bps decrease,0,2025-07,21255,528972,0.0075,0,40912544.015545
2025-07-26 00:00:00+00:00,50+ bps decrease,2,2025-09,24087,542537,0.072,0,49890284.071409
2025-07-26 00:00:00+00:00,50+ bps decrease,3,2025-10,27824,553810,0.076,0,52589989.131546
2025-07-27 00:00:00+00:00,50+ bps decrease,0,2025-07,21255,528972,0.0095,0,40912544.015545
2025-07-27 00:00:00+00:00,50+ bps decrease,2,2025-09,24087,542537,0.079,0,49890284.071409
2025-07-27 00:00:00+00:00,50+ bps decrease,3,2025-10,27824,553810,0.077,0,52589989.131546
2025-07-28 00:00:00+00:00,50+ bps decrease,0,2025-07,21255,528972,0.009,0,40912544.015545
2025-07-28 00:00:00+00:00,50+ bps decrease,2,2025-09,24087,542537,0.0795,0,49890284.071409
2025-07-28 00:00:00+00:00,50+ bps decrease,3,2025-10,27824,553810,0.0775,0,52589989.131546
2025-07-29 00:00:00+00:00,50+ bps decrease,0,2025-07,21255,528972,0.0045,0,40912544.015545
2025-07-29 00:00:00+00:00,50+ bps decrease,2,2025-09,24087,542537,0.058,0,49890284.071409
2025-07-29 00:00:00+00:00,50+ bps decrease,3,2025-10,27824,553810,0.0725,0,52589989.131546
2025-07-30 00:00:00+00:00,50+ bps decrease,0,2025-07,21255,528972,0.0025,0,40912544.015545
2025-07-30 00:00:00+00:00,50+ bps decrease,2,2025-09,24087,542537,0.0565,0,49890284.071409
2025-07-30 00:00:00+00:00,50+ bps decrease,3,2025-10,27824,553810,0.073,0,52589989.131546
2025-07-31 00:00:00+00:00,50+ bps decrease,2,2025-09,24087,542537,0.016,0,49890284.071409
2025-07-31 00:00:00+00:00,50+ bps decrease,3,2025-10,27824,553810,0.06,0,52589989.131546
2025-08-01 00:00:00+00:00,50+ bps decrease,1,2025-09,24087,542537,0.0205,0,49890284.071409
2025-08-01 00:00:00+00:00,50+ bps decrease,2,2025-10,27824,553810,0.057,0,52589989.131546
2025-08-01 00:00:00+00:00,50+ bps decrease,4,2025-12,35090,570360,0.11,0,161574382.129451
2025-08-02 00:00:00+00:00,50+ bps decrease,1,2025-09,24087,542537,0.0825,0,49890284.071409
2025-08-02 00:00:00+00:00,50+ bps decrease,2,2025-10,27824,553810,0.0535,0,52589989.131546
2025-08-02 00:00:00+00:00,50+ bps decrease,4,2025-12,35090,570360,0.07,0,161574382.129451
2025-08-03 00:00:00+00:00,50+ bps decrease,1,2025-09,24087,542537,0.0735,0,49890284.071409
2025-08-03 00:00:00+00:00,50+ bps decrease,2,2025-10,27824,553810,0.057,0,52589989.131546
2025-08-03 00:00:00+00:00,50+ bps decrease,4,2025-12,35090,570360,0.065,0,161574382.129451
2025-08-04 00:00:00+00:00,50+ bps decrease,1,2025-09,24087,542537,0.0775,0,49890284.071409
2025-08-04 00:00:00+00:00,50+ bps decrease,2,2025-10,27824,553810,0.0575,0,52589989.131546
2025-08-04 00:00:00+00:00,50+ bps decrease,4,2025-12,35090,570360,0.065,0,161574382.129451
2025-08-05 00:00:00+00:00,50+ bps decrease,1,2025-09,24087,542537,0.079,0,49890284.071409
2025-08-05 00:00:00+00:00,50+ bps decrease,2,2025-10,27824,553810,0.054,0,52589989.131546
2025-08-05 00:00:00+00:00,50+ bps decrease,4,2025-12,35090,570360,0.065,0,161574382.129451
2025-08-06 00:00:00+00:00,50+ bps decrease,1,2025-09,24087,542537,0.0695,0,49890284.071409
2025-08-06 00:00:00+00:00,50+ bps decrease,2,2025-10,27824,553810,0.0555,0,52589989.131546
2025-08-06 00:00:00+00:00,50+ bps decrease,4,2025-12,35090,570360,0.065,0,161574382.129451
2025-08-07 00:00:00+00:00,50+ bps decrease,1,2025-09,24087,542537,0.066,0,49890284.071409
2025-08-07 00:00:00+00:00,50+ bps decrease,2,2025-10,27824,553810,0.057,0,52589989.131546
2025-08-07 00:00:00+00:00,50+ bps decrease,4,2025-12,35090,570360,0.065,0,161574382.129451
2025-08-08 00:00:00+00:00,50+ bps decrease,1,2025-09,24087,542537,0.0675,0,49890284.071409
2025-08-08 00:00:00+00:00,50+ bps decrease,2,2025-10,27824,553810,0.058,0,52589989.131546
2025-08-08 00:00:00+00:00,50+ bps decrease,4,2025-12,35090,570360,0.065,0,161574382.129451
2025-08-09 00:00:00+00:00,50+ bps decrease,1,2025-09,24087,542537,0.0665,0,49890284.071409
2025-08-09 00:00:00+00:00,50+ bps decrease,2,2025-10,27824,553810,0.058,0,52589989.131546
2025-08-09 00:00:00+00:00,50+ bps decrease,4,2025-12,35090,570360,0.065,0,161574382.129451
2025-08-10 00:00:00+00:00,50+ bps decrease,1,2025-09,24087,542537,0.067,0,49890284.071409
2025-08-10 00:00:00+00:00,50+ bps decrease,2,2025-10,27824,553810,0.0585,0,52589989.131546
2025-08-10 00:00:00+00:00,50+ bps decrease,4,2025-12,35090,570360,0.065,0,161574382.129451
2025-08-11 00:00:00+00:00,50+ bps decrease,1,2025-09,24087,542537,0.0665,0,49890284.071409
2025-08-11 00:00:00+00:00,50+ bps decrease,2,2025-10,27824,553810,0.0575,0,52589989.131546
2025-08-11 00:00:00+00:00,50+ bps decrease,4,2025-12,35090,570360,0.065,0,161574382.129451
2025-08-12 00:00:00+00:00,50+ bps decrease,1,2025-09,24087,542537,0.0635,0,49890284.071409
2025-08-12 00:00:00+00:00,50+ bps decrease,2,2025-10,27824,553810,0.0675,0,52589989.131546
2025-08-12 00:00:00+00:00,50+ bps decrease,4,2025-12,35090,570360,0.065,0,161574382.129451
2025-08-13 00:00:00+00:00,50+ bps decrease,1,2025-09,24087,542537,0.0575,0,49890284.071409
2025-08-13 00:00:00+00:00,50+ bps decrease,2,2025-10,27824,553810,0.0665,0,52589989.131546
2025-08-13 00:00:00+00:00,50+ bps decrease,4,2025-12,35090,570360,0.055,0,161574382.129451
2025-08-14 00:00:00+00:00,50+ bps decrease,1,2025-09,24087,542537,0.085,0,49890284.071409
2025-08-14 00:00:00+00:00,50+ bps decrease,2,2025-10,27824,553810,0.068,0,52589989.131546
2025-08-14 00:00:00+00:00,50+ bps decrease,4,2025-12,35090,570360,0.065,0,161574382.129451
2025-08-15 00:00:00+00:00,50+ bps decrease,1,2025-09,24087,542537,0.0375,0,49890284.071409
2025-08-15 00:00:00+00:00,50+ bps decrease,2,2025-10,27824,553810,0.056,0,52589989.131546
2025-08-15 00:00:00+00:00,50+ bps decrease,4,2025-12,35090,570360,0.065,0,161574382.129451
2025-08-16 00:00:00+00:00,50+ bps decrease,1,2025-09,24087,542537,0.0375,0,49890284.071409
2025-08-16 00:00:00+00:00,50+ bps decrease,2,2025-10,27824,553810,0.058,0,52589989.131546
2025-08-16 00:00:00+00:00,50+ bps decrease,4,2025-12,35090,570360,0.065,0,161574382.129451
2025-08-17 00:00:00+00:00,50+ bps decrease,1,2025-09,24087,542537,0.0375,0,49890284.071409
2025-08-17 00:00:00+00:00,50+ bps decrease,2,2025-10,27824,553810,0.058,0,52589989.131546
2025-08-17 00:00:00+00:00,50+ bps decrease,4,2025-12,35090,570360,0.065,0,161574382.129451
2025-08-18 00:00:00+00:00,50+ bps decrease,1,2025-09,24087,542537,0.035,0,49890284.071409
2025-08-18 00:00:00+00:00,50+ bps decrease,2,2025-10,27824,553810,0.0565,0,52589989.131546
2025-08-18 00:00:00+00:00,50+ bps decrease,4,2025-12,35090,570360,0.065,0,161574382.129451
2025-08-19 00:00:00+00:00,50+ bps decrease,1,2025-09,24087,542537,0.03,0,49890284.071409
2025-08-19 00:00:00+00:00,50+ bps decrease,2,2025-10,27824,553810,0.057,0,52589989.131546
2025-08-19 00:00:00+00:00,50+ bps decrease,4,2025-12,35090,570360,0.065,0,161574382.129451
2025-08-20 00:00:00+00:00,50+ bps decrease,1,2025-09,24087,542537,0.0265,0,49890284.071409
2025-08-20 00:00:00+00:00,50+ bps decrease,2,2025-10,27824,553810,0.058,0,52589989.131546
2025-08-20 00:00:00+00:00,50+ bps decrease,4,2025-12,35090,570360,0.06,0,161574382.129451
2025-08-21 00:00:00+00:00,50+ bps decrease,1,2025-09,24087,542537,0.0245,0,49890284.071409
2025-08-21 00:00:00+00:00,50+ bps decrease,2,2025-10,27824,553810,0.059,0,52589989.131546
2025-08-21 00:00:00+00:00,50+ bps decrease,4,2025-12,35090,570360,0.06,0,161574382.129451
2025-08-22 00:00:00+00:00,50+ bps decrease,1,2025-09,24087,542537,0.0225,0,49890284.071409
2025-08-22 00:00:00+00:00,50+ bps decrease,2,2025-10,27824,553810,0.055,0,52589989.131546
2025-08-22 00:00:00+00:00,50+ bps decrease,4,2025-12,35090,570360,0.06,0,161574382.129451
2025-08-23 00:00:00+00:00,50+ bps decrease,1,2025-09,24087,542537,0.032,0,49890284.071409
2025-08-23 00:00:00+00:00,50+ bps decrease,2,2025-10,27824,553810,0.0525,0,52589989.131546
2025-08-23 00:00:00+00:00,50+ bps decrease,4,2025-12,35090,570360,0.065,0,161574382.129451
2025-08-24 00:00:00+00:00,50+ bps decrease,1,2025-09,24087,542537,0.0375,0,49890284.071409
2025-08-24 00:00:00+00:00,50+ bps decrease,2,2025-10,27824,553810,0.047,0,52589989.131546
2025-08-24 00:00:00+00:00,50+ bps decrease,4,2025-12,35090,570360,0.06,0,161574382.129451
2025-08-25 00:00:00+00:00,50+ bps decrease,1,2025-09,24087,542537,0.042,0,49890284.071409
2025-08-25 00:00:00+00:00,50+ bps decrease,2,2025-10,27824,553810,0.0415,0,52589989.131546
2025-08-25 00:00:00+00:00,50+ bps decrease,4,2025-12,35090,570360,0.06,0,161574382.129451
2025-08-26 00:00:00+00:00,50+ bps decrease,1,2025-09,24087,542537,0.0385,0,49890284.071409
2025-08-26 00:00:00+00:00,50+ bps decrease,2,2025-10,27824,553810,0.0325,0,52589989.131546
2025-08-26 00:00:00+00:00,50+ bps decrease,4,2025-12,35090,570360,0.06,0,161574382.129451
2025-08-27 00:00:00+00:00,50+ bps decrease,1,2025-09,24087,542537,0.045,0,49890284.071409
2025-08-27 00:00:00+00:00,50+ bps decrease,2,2025-10,27824,553810,0.0365,0,52589989.131546
2025-08-27 00:00:00+00:00,50+ bps decrease,4,2025-12,35090,570360,0.065,0,161574382.129451
2025-08-28 00:00:00+00:00,50+ bps decrease,1,2025-09,24087,542537,0.0465,0,49890284.071409
2025-08-28 00:00:00+00:00,50+ bps decrease,2,2025-10,27824,553810,0.0545,0,52589989.131546
2025-08-28 00:00:00+00:00,50+ bps decrease,4,2025-12,35090,570360,0.065,0,161574382.129451
2025-08-29 00:00:00+00:00,50+ bps decrease,1,2025-09,24087,542537,0.0395,0,49890284.071409
2025-08-29 00:00:00+00:00,50+ bps decrease,2,2025-10,27824,553810,0.057,0,52589989.131546
2025-08-29 00:00:00+00:00,50+ bps decrease,4,2025-12,35090,570360,0.065,0,161574382.129451
2025-08-30 00:00:00+00:00,50+ bps decrease,1,2025-09,24087,542537,0.046,0,49890284.071409
2025-08-30 00:00:00+00:00,50+ bps decrease,2,2025-10,27824,553810,0.0665,0,52589989.131546
2025-08-30 00:00:00+00:00,50+ bps decrease,4,2025-12,35090,570360,0.055,0,161574382.129451
2025-08-31 00:00:00+00:00,50+ bps decrease,1,2025-09,24087,542537,0.0545,0,49890284.071409
2025-08-31 00:00:00+00:00,50+ bps decrease,2,2025-10,27824,553810,0.0665,0,52589989.131546
2025-08-31 00:00:00+00:00,50+ bps decrease,4,2025-12,35090,570360,0.055,0,161574382.129451
2025-09-01 00:00:00+00:00,50+ bps decrease,0,2025-09,24087,542537,0.042,0,49890284.071409
2025-09-01 00:00:00+00:00,50+ bps decrease,1,2025-10,27824,553810,0.0675,0,52589989.131546
2025-09-01 00:00:00+00:00,50+ bps decrease,3,2025-12,35090,570360,0.055,0,161574382.129451
2025-09-02 00:00:00+00:00,50+ bps decrease,0,2025-09,24087,542537,0.046,0,49890284.071409
2025-09-02 00:00:00+00:00,50+ bps decrease,1,2025-10,27824,553810,0.0665,0,52589989.131546
2025-09-02 00:00:00+00:00,50+ bps decrease,3,2025-12,35090,570360,0.055,0,161574382.129451
2025-09-03 00:00:00+00:00,50+ bps decrease,0,2025-09,24087,542537,0.046,0,49890284.071409
2025-09-03 00:00:00+00:00,50+ bps decrease,1,2025-10,27824,553810,0.0675,0,52589989.131546
2025-09-03 00:00:00+00:00,50+ bps decrease,3,2025-12,35090,570360,0.055,0,161574382.129451
2025-09-04 00:00:00+00:00,50+ bps decrease,0,2025-09,24087,542537,0.055,0,49890284.071409
2025-09-04 00:00:00+00:00,50+ bps decrease,1,2025-10,27824,553810,0.068,0,52589989.131546
2025-09-04 00:00:00+00:00,50+ bps decrease,3,2025-12,35090,570360,0.055,0,161574382.129451
2025-09-05 00:00:00+00:00,50+ bps decrease,0,2025-09,24087,542537,0.0565,0,49890284.071409
2025-09-05 00:00:00+00:00,50+ bps decrease,1,2025-10,27824,553810,0.068,0,52589989.131546
2025-09-05 00:00:00+00:00,50+ bps decrease,3,2025-12,35090,570360,0.065,0,161574382.129451
2025-09-06 00:00:00+00:00,50+ bps decrease,0,2025-09,24087,542537,0.1025,0,49890284.071409
2025-09-06 00:00:00+00:00,50+ bps decrease,1,2025-10,27824,553810,0.065,0,52589989.131546
2025-09-06 00:00:00+00:00,50+ bps decrease,3,2025-12,35090,570360,0.06,0,161574382.129451
2025-09-07 00:00:00+00:00,50+ bps decrease,0,2025-09,24087,542537,0.1045,0,49890284.071409
2025-09-07 00:00:00+00:00,50+ bps decrease,1,2025-10,27824,553810,0.0595,0,52589989.131546
2025-09-07 00:00:00+00:00,50+ bps decrease,3,2025-12,35090,570360,0.05,0,161574382.129451
2025-09-08 00:00:00+00:00,50+ bps decrease,0,2025-09,24087,542537,0.093,0,49890284.071409
2025-09-08 00:00:00+00:00,50+ bps decrease,1,2025-10,27824,553810,0.0535,0,52589989.131546
2025-09-08 00:00:00+00:00,50+ bps decrease,3,2025-12,35090,570360,0.065,0,161574382.129451
2025-09-09 00:00:00+00:00,50+ bps decrease,0,2025-09,24087,542537,0.175,0,49890284.071409
2025-09-09 00:00:00+00:00,50+ bps decrease,1,2025-10,27824,553810,0.0535,0,52589989.131546
2025-09-09 00:00:00+00:00,50+ bps decrease,3,2025-12,35090,570360,0.065,0,161574382.129451
2025-09-10 00:00:00+00:00,50+ bps decrease,0,2025-09,24087,542537,0.1455,0,49890284.071409
2025-09-10 00:00:00+00:00,50+ bps decrease,1,2025-10,27824,553810,0.0645,0,52589989.131546
2025-09-10 00:00:00+00:00,50+ bps decrease,3,2025-12,35090,570360,0.065,0,161574382.129451
2025-09-11 00:00:00+00:00,50+ bps decrease,0,2025-09,24087,542537,0.149,0,49890284.071409
2025-09-11 00:00:00+00:00,50+ bps decrease,1,2025-10,27824,553810,0.0655,0,52589989.131546
2025-09-11 00:00:00+00:00,50+ bps decrease,3,2025-12,35090,570360,0.065,0,161574382.129451
2025-09-12 00:00:00+00:00,50+ bps decrease,0,2025-09,24087,542537,0.113,0,49890284.071409
2025-09-12 00:00:00+00:00,50+ bps decrease,1,2025-10,27824,553810,0.119,0,52589989.131546
2025-09-12 00:00:00+00:00,50+ bps decrease,3,2025-12,35090,570360,0.09,0,161574382.129451
2025-09-13 00:00:00+00:00,50+ bps decrease,0,2025-09,24087,542537,0.0735,0,49890284.071409
2025-09-13 00:00:00+00:00,50+ bps decrease,1,2025-10,27824,553810,0.1195,0,52589989.131546
2025-09-13 00:00:00+00:00,50+ bps decrease,3,2025-12,35090,570360,0.095,0,161574382.129451
2025-09-14 00:00:00+00:00,50+ bps decrease,0,2025-09,24087,542537,0.0725,0,49890284.071409
2025-09-14 00:00:00+00:00,50+ bps decrease,1,2025-10,27824,553810,0.09,0,52589989.131546
2025-09-14 00:00:00+00:00,50+ bps decrease,3,2025-12,35090,570360,0.1,0,161574382.129451
2025-09-15 00:00:00+00:00,50+ bps decrease,0,2025-09,24087,542537,0.0685,0,49890284.071409
2025-09-15 00:00:00+00:00,50+ bps decrease,1,2025-10,27824,553810,0.0875,0,52589989.131546
2025-09-15 00:00:00+00:00,50+ bps decrease,3,2025-12,35090,570360,0.105,0,161574382.129451
2025-09-16 00:00:00+00:00,50+ bps decrease,0,2025-09,24087,542537,0.068,0,49890284.071409
2025-09-16 00:00:00+00:00,50+ bps decrease,1,2025-10,27824,553810,0.095,0,52589989.131546
2025-09-16 00:00:00+00:00,50+ bps decrease,3,2025-12,35090,570360,0.095,0,161574382.129451
2025-09-17 00:00:00+00:00,50+ bps decrease,0,2025-09,24087,542537,0.0445,0,49890284.071409
2025-09-17 00:00:00+00:00,50+ bps decrease,1,2025-10,27824,553810,0.0915,0,52589989.131546
2025-09-17 00:00:00+00:00,50+ bps decrease,3,2025-12,35090,570360,0.07,0,161574382.129451
2025-09-18 00:00:00+00:00,50+ bps decrease,1,2025-10,27824,553810,0.0735,0,52589989.131546
2025-09-18 00:00:00+00:00,50+ bps decrease,3,2025-12,35090,570360,0.06,0,161574382.129451
2025-09-18 00:00:00+00:00,50+ bps decrease,4,2026-01,45883,601697,0.12,0,235065166.637259
2025-09-19 00:00:00+00:00,50+ bps decrease,1,2025-10,27824,553810,0.044,0,52589989.131546
2025-09-19 00:00:00+00:00,50+ bps decrease,3,2025-12,35090,570360,0.06,0,161574382.129451
2025-09-19 00:00:00+00:00,50+ bps decrease,4,2026-01,45883,601697,0.105,0,235065166.637259
2025-09-20 00:00:00+00:00,50+ bps decrease,1,2025-10,27824,553810,0.0435,0,52589989.131546
2025-09-20 00:00:00+00:00,50+ bps decrease,3,2025-12,35090,570360,0.065,0,161574382.129451
2025-09-20 00:00:00+00:00,50+ bps decrease,4,2026-01,45883,601697,0.125,0,235065166.637259
2025-09-21 00:00:00+00:00,50+ bps decrease,1,2025-10,27824,553810,0.044,0,52589989.131546
2025-09-21 00:00:00+00:00,50+ bps decrease,3,2025-12,35090,570360,0.065,0,161574382.129451
2025-09-21 00:00:00+00:00,50+ bps decrease,4,2026-01,45883,601697,0.085,0,235065166.637259
2025-09-22 00:00:00+00:00,50+ bps decrease,1,2025-10,27824,553810,0.041,0,52589989.131546
2025-09-22 00:00:00+00:00,50+ bps decrease,3,2025-12,35090,570360,0.065,0,161574382.129451
2025-09-22 00:00:00+00:00,50+ bps decrease,4,2026-01,45883,601697,0.11,0,235065166.637259
2025-09-23 00:00:00+00:00,50+ bps decrease,1,2025-10,27824,553810,0.041,0,52589989.131546
2025-09-23 00:00:00+00:00,50+ bps decrease,3,2025-12,35090,570360,0.075,0,161574382.129451
2025-09-23 00:00:00+00:00,50+ bps decrease,4,2026-01,45883,601697,0.095,0,235065166.637259
2025-09-24 00:00:00+00:00,50+ bps decrease,1,2025-10,27824,553810,0.0395,0,52589989.131546
2025-09-24 00:00:00+00:00,50+ bps decrease,3,2025-12,35090,570360,0.065,0,161574382.129451
2025-09-24 00:00:00+00:00,50+ bps decrease,4,2026-01,45883,601697,0.105,0,235065166.637259
2025-09-25 00:00:00+00:00,50+ bps decrease,1,2025-10,27824,553810,0.0415,0,52589989.131546
2025-09-25 00:00:00+00:00,50+ bps decrease,3,2025-12,35090,570360,0.065,0,161574382.129451
2025-09-25 00:00:00+00:00,50+ bps decrease,4,2026-01,45883,601697,0.1,0,235065166.637259
2025-09-26 00:00:00+00:00,50+ bps decrease,1,2025-10,27824,553810,0.036,0,52589989.131546
2025-09-26 00:00:00+00:00,50+ bps decrease,3,2025-12,35090,570360,0.055,0,161574382.129451
2025-09-26 00:00:00+00:00,50+ bps decrease,4,2026-01,45883,601697,0.07,0,235065166.637259
2025-09-27 00:00:00+00:00,50+ bps decrease,1,2025-10,27824,553810,0.0375,0,52589989.131546
2025-09-27 00:00:00+00:00,50+ bps decrease,3,2025-12,35090,570360,0.055,0,161574382.129451
2025-09-27 00:00:00+00:00,50+ bps decrease,4,2026-01,45883,601697,0.07,0,235065166.637259
2025-09-28 00:00:00+00:00,50+ bps decrease,1,2025-10,27824,553810,0.0355,0,52589989.131546
2025-09-28 00:00:00+00:00,50+ bps decrease,3,2025-12,35090,570360,0.055,0,161574382.129451
2025-09-28 00:00:00+00:00,50+ bps decrease,4,2026-01,45883,601697,0.07,0,235065166.637259
2025-09-29 00:00:00+00:00,50+ bps decrease,1,2025-10,27824,553810,0.035,0,52589989.131546
2025-09-29 00:00:00+00:00,50+ bps decrease,3,2025-12,35090,570360,0.055,0,161574382.129451
2025-09-29 00:00:00+00:00,50+ bps decrease,4,2026-01,45883,601697,0.07,0,235065166.637259
2025-09-30 00:00:00+00:00,50+ bps decrease,1,2025-10,27824,553810,0.0325,0,52589989.131546
2025-09-30 00:00:00+00:00,50+ bps decrease,3,2025-12,35090,570360,0.065,0,161574382.129451
2025-09-30 00:00:00+00:00,50+ bps decrease,4,2026-01,45883,601697,0.065,0,235065166.637259
2025-10-01 00:00:00+00:00,50+ bps decrease,0,2025-10,27824,553810,0.036,0,52589989.131546
2025-10-01 00:00:00+00:00,50+ bps decrease,2,2025-12,35090,570360,0.065,0,161574382.129451
2025-10-01 00:00:00+00:00,50+ bps decrease,3,2026-01,45883,601697,0.09,0,235065166.637259
2025-10-02 00:00:00+00:00,50+ bps decrease,0,2025-10,27824,553810,0.037,0,52589989.131546
2025-10-02 00:00:00+00:00,50+ bps decrease,2,2025-12,35090,570360,0.055,0,161574382.129451
2025-10-02 00:00:00+00:00,50+ bps decrease,3,2026-01,45883,601697,0.075,0,235065166.637259
2025-10-03 00:00:00+00:00,50+ bps decrease,0,2025-10,27824,553810,0.038,0,52589989.131546
2025-10-03 00:00:00+00:00,50+ bps decrease,2,2025-12,35090,570360,0.055,0,161574382.129451
2025-10-03 00:00:00+00:00,50+ bps decrease,3,2026-01,45883,601697,0.075,0,235065166.637259
2025-10-04 00:00:00+00:00,50+ bps decrease,0,2025-10,27824,553810,0.0335,0,52589989.131546
2025-10-04 00:00:00+00:00,50+ bps decrease,2,2025-12,35090,570360,0.045,0,161574382.129451
2025-10-04 00:00:00+00:00,50+ bps decrease,3,2026-01,45883,601697,0.08,0,235065166.637259
2025-10-05 00:00:00+00:00,50+ bps decrease,0,2025-10,27824,553810,0.036,0,52589989.131546
2025-10-05 00:00:00+00:00,50+ bps decrease,2,2025-12,35090,570360,0.05,0,161574382.129451
2025-10-05 00:00:00+00:00,50+ bps decrease,3,2026-01,45883,601697,0.085,0,235065166.637259
2025-10-06 00:00:00+00:00,50+ bps decrease,0,2025-10,27824,553810,0.0325,0,52589989.131546
2025-10-06 00:00:00+00:00,50+ bps decrease,2,2025-12,35090,570360,0.05,0,161574382.129451
2025-10-06 00:00:00+00:00,50+ bps decrease,3,2026-01,45883,601697,0.095,0,235065166.637259
2025-10-07 00:00:00+00:00,50+ bps decrease,0,2025-10,27824,553810,0.0285,0,52589989.131546
2025-10-07 00:00:00+00:00,50+ bps decrease,2,2025-12,35090,570360,0.055,0,161574382.129451
2025-10-07 00:00:00+00:00,50+ bps decrease,3,2026-01,45883,601697,0.095,0,235065166.637259
2025-10-08 00:00:00+00:00,50+ bps decrease,0,2025-10,27824,553810,0.0285,0,52589989.131546
2025-10-08 00:00:00+00:00,50+ bps decrease,2,2025-12,35090,570360,0.065,0,161574382.129451
2025-10-08 00:00:00+00:00,50+ bps decrease,3,2026-01,45883,601697,0.115,0,235065166.637259
2025-10-09 00:00:00+00:00,50+ bps decrease,0,2025-10,27824,553810,0.0235,0,52589989.131546
2025-10-09 00:00:00+00:00,50+ bps decrease,2,2025-12,35090,570360,0.07,0,161574382.129451
2025-10-09 00:00:00+00:00,50+ bps decrease,3,2026-01,45883,601697,0.115,0,235065166.637259
2025-10-10 00:00:00+00:00,50+ bps decrease,0,2025-10,27824,553810,0.022,0,52589989.131546
2025-10-10 00:00:00+00:00,50+ bps decrease,2,2025-12,35090,570360,0.07,0,161574382.129451
2025-10-10 00:00:00+00:00,50+ bps decrease,3,2026-01,45883,601697,0.105,0,235065166.637259
2025-10-11 00:00:00+00:00,50+ bps decrease,0,2025-10,27824,553810,0.031,0,52589989.131546
2025-10-11 00:00:00+00:00,50+ bps decrease,2,2025-12,35090,570360,0.07,0,161574382.129451
2025-10-11 00:00:00+00:00,50+ bps decrease,3,2026-01,45883,601697,0.115,0,235065166.637259
2025-10-12 00:00:00+00:00,50+ bps decrease,0,2025-10,27824,553810,0.0385,0,52589989.131546
2025-10-12 00:00:00+00:00,50+ bps decrease,2,2025-12,35090,570360,0.065,0,161574382.129451
2025-10-12 00:00:00+00:00,50+ bps decrease,3,2026-01,45883,601697,0.105,0,235065166.637259
2025-10-13 00:00:00+00:00,50+ bps decrease,0,2025-10,27824,553810,0.031,0,52589989.131546
2025-10-13 00:00:00+00:00,50+ bps decrease,2,2025-12,35090,570360,0.065,0,161574382.129451
2025-10-13 00:00:00+00:00,50+ bps decrease,3,2026-01,45883,601697,0.1,0,235065166.637259
2025-10-14 00:00:00+00:00,50+ bps decrease,0,2025-10,27824,553810,0.0295,0,52589989.131546
2025-10-14 00:00:00+00:00,50+ bps decrease,2,2025-12,35090,570360,0.065,0,161574382.129451
2025-10-14 00:00:00+00:00,50+ bps decrease,3,2026-01,45883,601697,0.095,0,235065166.637259
2025-10-15 00:00:00+00:00,50+ bps decrease,0,2025-10,27824,553810,0.024,0,52589989.131546
2025-10-15 00:00:00+00:00,50+ bps decrease,2,2025-12,35090,570360,0.055,0,161574382.129451
2025-10-15 00:00:00+00:00,50+ bps decrease,3,2026-01,45883,601697,0.1,0,235065166.637259
2025-10-16 00:00:00+00:00,50+ bps decrease,0,2025-10,27824,553810,0.02,0,52589989.131546
2025-10-16 00:00:00+00:00,50+ bps decrease,2,2025-12,35090,570360,0.05,0,161574382.129451
2025-10-16 00:00:00+00:00,50+ bps decrease,3,2026-01,45883,601697,0.095,0,235065166.637259
2025-10-17 00:00:00+00:00,50+ bps decrease,0,2025-10,27824,553810,0.038,0,52589989.131546
2025-10-17 00:00:00+00:00,50+ bps decrease,2,2025-12,35090,570360,0.075,0,161574382.129451
2025-10-17 00:00:00+00:00,50+ bps decrease,3,2026-01,45883,601697,0.09,0,235065166.637259
2025-10-18 00:00:00+00:00,50+ bps decrease,0,2025-10,27824,553810,0.0295,0,52589989.131546
2025-10-18 00:00:00+00:00,50+ bps decrease,2,2025-12,35090,570360,0.095,0,161574382.129451
2025-10-18 00:00:00+00:00,50+ bps decrease,3,2026-01,45883,601697,0.115,0,235065166.637259
2025-10-19 00:00:00+00:00,50+ bps decrease,0,2025-10,27824,553810,0.027,0,52589989.131546
2025-10-19 00:00:00+00:00,50+ bps decrease,2,2025-12,35090,570360,0.095,0,161574382.129451
2025-10-19 00:00:00+00:00,50+ bps decrease,3,2026-01,45883,601697,0.115,0,235065166.637259
2025-10-20 00:00:00+00:00,50+ bps decrease,0,2025-10,27824,553810,0.0255,0,52589989.131546
2025-10-20 00:00:00+00:00,50+ bps decrease,2,2025-12,35090,570360,0.06,0,161574382.129451
2025-10-20 00:00:00+00:00,50+ bps decrease,3,2026-01,45883,601697,0.115,0,235065166.637259
2025-10-21 00:00:00+00:00,50+ bps decrease,0,2025-10,27824,553810,0.019,0,52589989.131546
2025-10-21 00:00:00+00:00,50+ bps decrease,2,2025-12,35090,570360,0.06,0,161574382.129451
2025-10-21 00:00:00+00:00,50+ bps decrease,3,2026-01,45883,601697,0.11,0,235065166.637259
2025-10-22 00:00:00+00:00,50+ bps decrease,0,2025-10,27824,553810,0.017,0,52589989.131546
2025-10-22 00:00:00+00:00,50+ bps decrease,2,2025-12,35090,570360,0.06,0,161574382.129451
2025-10-22 00:00:00+00:00,50+ bps decrease,3,2026-01,45883,601697,0.115,0,235065166.637259
2025-10-23 00:00:00+00:00,50+ bps decrease,0,2025-10,27824,553810,0.0145,0,52589989.131546
2025-10-23 00:00:00+00:00,50+ bps decrease,2,2025-12,35090,570360,0.055,0,161574382.129451
2025-10-23 00:00:00+00:00,50+ bps decrease,3,2026-01,45883,601697,0.105,0,235065166.637259
2025-10-24 00:00:00+00:00,50+ bps decrease,0,2025-10,27824,553810,0.015,0,52589989.131546
2025-10-24 00:00:00+00:00,50+ bps decrease,2,2025-12,35090,570360,0.06,0,161574382.129451
2025-10-24 00:00:00+00:00,50+ bps decrease,3,2026-01,45883,601697,0.095,0,235065166.637259
2025-10-25 00:00:00+00:00,50+ bps decrease,0,2025-10,27824,553810,0.0095,0,52589989.131546
2025-10-25 00:00:00+00:00,50+ bps decrease,2,2025-12,35090,570360,0.055,0,161574382.129451
2025-10-25 00:00:00+00:00,50+ bps decrease,3,2026-01,45883,601697,0.105,0,235065166.637259
2025-10-26 00:00:00+00:00,50+ bps decrease,0,2025-10,27824,553810,0.0065,0,52589989.131546
2025-10-26 00:00:00+00:00,50+ bps decrease,2,2025-12,35090,570360,0.045,0,161574382.129451
2025-10-26 00:00:00+00:00,50+ bps decrease,3,2026-01,45883,601697,0.065,0,235065166.637259
2025-10-27 00:00:00+00:00,50+ bps decrease,0,2025-10,27824,553810,0.0065,0,52589989.131546
2025-10-27 00:00:00+00:00,50+ bps decrease,2,2025-12,35090,570360,0.045,0,161574382.129451
2025-10-27 00:00:00+00:00,50+ bps decrease,3,2026-01,45883,601697,0.085,0,235065166.637259
2025-10-28 00:00:00+00:00,50+ bps decrease,0,2025-10,27824,553810,0.0045,0,52589989.131546
2025-10-28 00:00:00+00:00,50+ bps decrease,2,2025-12,35090,570360,0.045,0,161574382.129451
2025-10-28 00:00:00+00:00,50+ bps decrease,3,2026-01,45883,601697,0.07,0,235065166.637259
2025-10-29 00:00:00+00:00,50+ bps decrease,0,2025-10,27824,553810,0.009,0,52589989.131546
2025-10-29 00:00:00+00:00,50+ bps decrease,2,2025-12,35090,570360,0.0345,0,161574382.129451
2025-10-29 00:00:00+00:00,50+ bps decrease,3,2026-01,45883,601697,0.095,0,235065166.637259
2025-10-30 00:00:00+00:00,50+ bps decrease,2,2025-12,35090,570360,0.0205,0,161574382.129451
2025-10-30 00:00:00+00:00,50+ bps decrease,3,2026-01,45883,601697,0.085,0,235065166.637259
2025-10-30 00:00:00+00:00,50+ bps decrease,5,2026-03,67284,654412,0.09,0,
2025-10-31 00:00:00+00:00,50+ bps decrease,2,2025-12,35090,570360,0.035,0,161574382.129451
2025-10-31 00:00:00+00:00,50+ bps decrease,3,2026-01,45883,601697,0.07,0,235065166.637259
2025-10-31 00:00:00+00:00,50+ bps decrease,5,2026-03,67284,654412,0.11,0,
2025-11-01 00:00:00+00:00,50+ bps decrease,1,2025-12,35090,570360,0.023,0,161574382.129451
2025-11-01 00:00:00+00:00,50+ bps decrease,2,2026-01,45883,601697,0.06,0,235065166.637259
2025-11-01 00:00:00+00:00,50+ bps decrease,4,2026-03,67284,654412,0.085,0,
2025-11-02 00:00:00+00:00,50+ bps decrease,1,2025-12,35090,570360,0.023,0,161574382.129451
2025-11-02 00:00:00+00:00,50+ bps decrease,2,2026-01,45883,601697,0.075,0,235065166.637259
2025-11-02 00:00:00+00:00,50+ bps decrease,4,2026-03,67284,654412,0.085,0,
2025-11-03 00:00:00+00:00,50+ bps decrease,1,2025-12,35090,570360,0.027,0,161574382.129451
2025-11-03 00:00:00+00:00,50+ bps decrease,2,2026-01,45883,601697,0.07,0,235065166.637259
2025-11-03 00:00:00+00:00,50+ bps decrease,4,2026-03,67284,654412,0.08,0,
2025-11-04 00:00:00+00:00,50+ bps decrease,1,2025-12,35090,570360,0.025,0,161574382.129451
2025-11-04 00:00:00+00:00,50+ bps decrease,2,2026-01,45883,601697,0.065,0,235065166.637259
2025-11-04 00:00:00+00:00,50+ bps decrease,4,2026-03,67284,654412,0.08,0,
2025-11-05 00:00:00+00:00,50+ bps decrease,1,2025-12,35090,570360,0.029,0,161574382.129451
2025-11-05 00:00:00+00:00,50+ bps decrease,2,2026-01,45883,601697,0.07,0,235065166.637259
2025-11-05 00:00:00+00:00,50+ bps decrease,4,2026-03,67284,654412,0.08,0,
2025-11-06 00:00:00+00:00,50+ bps decrease,1,2025-12,35090,570360,0.0185,0,161574382.129451
2025-11-06 00:00:00+00:00,50+ bps decrease,2,2026-01,45883,601697,0.07,0,235065166.637259
2025-11-06 00:00:00+00:00,50+ bps decrease,4,2026-03,67284,654412,0.075,0,
2025-11-07 00:00:00+00:00,50+ bps decrease,1,2025-12,35090,570360,0.0205,0,161574382.129451
2025-11-07 00:00:00+00:00,50+ bps decrease,2,2026-01,45883,601697,0.07,0,235065166.637259
2025-11-07 00:00:00+00:00,50+ bps decrease,4,2026-03,67284,654412,0.075,0,
2025-11-08 00:00:00+00:00,50+ bps decrease,1,2025-12,35090,570360,0.0245,0,161574382.129451
2025-11-08 00:00:00+00:00,50+ bps decrease,2,2026-01,45883,601697,0.075,0,235065166.637259
2025-11-08 00:00:00+00:00,50+ bps decrease,4,2026-03,67284,654412,0.085,0,
2025-11-09 00:00:00+00:00,50+ bps decrease,1,2025-12,35090,570360,0.0235,0,161574382.129451
2025-11-09 00:00:00+00:00,50+ bps decrease,2,2026-01,45883,601697,0.075,0,235065166.637259
2025-11-09 00:00:00+00:00,50+ bps decrease,4,2026-03,67284,654412,0.085,0,
2025-11-10 00:00:00+00:00,50+ bps decrease,1,2025-12,35090,570360,0.0225,0,161574382.129451
2025-11-10 00:00:00+00:00,50+ bps decrease,2,2026-01,45883,601697,0.024,0,235065166.637259
2025-11-10 00:00:00+00:00,50+ bps decrease,4,2026-03,67284,654412,0.08,0,
2025-11-11 00:00:00+00:00,50+ bps decrease,1,2025-12,35090,570360,0.0275,0,161574382.129451
2025-11-11 00:00:00+00:00,50+ bps decrease,2,2026-01,45883,601697,0.0265,0,235065166.637259
2025-11-11 00:00:00+00:00,50+ bps decrease,4,2026-03,67284,654412,0.08,0,
2025-11-12 00:00:00+00:00,50+ bps decrease,1,2025-12,35090,570360,0.0245,0,161574382.129451
2025-11-12 00:00:00+00:00,50+ bps decrease,2,2026-01,45883,601697,0.045,0,235065166.637259
2025-11-12 00:00:00+00:00,50+ bps decrease,4,2026-03,67284,654412,0.075,0,
2025-11-13 00:00:00+00:00,50+ bps decrease,1,2025-12,35090,570360,0.0205,0,161574382.129451
2025-11-13 00:00:00+00:00,50+ bps decrease,2,2026-01,45883,601697,0.063,0,235065166.637259
2025-11-13 00:00:00+00:00,50+ bps decrease,4,2026-03,67284,654412,0.095,0,
2025-11-14 00:00:00+00:00,50+ bps decrease,1,2025-12,35090,570360,0.0165,0,161574382.129451
2025-11-14 00:00:00+00:00,50+ bps decrease,2,2026-01,45883,601697,0.077,0,235065166.637259
2025-11-14 00:00:00+00:00,50+ bps decrease,4,2026-03,67284,654412,0.1,0,
2025-11-14 00:00:00+00:00,50+ bps decrease,5,2026-04,75478,669660,0.095,0,66025383.9220003
2025-11-15 00:00:00+00:00,50+ bps decrease,1,2025-12,35090,570360,0.0185,0,161574382.129451
2025-11-15 00:00:00+00:00,50+ bps decrease,2,2026-01,45883,601697,0.085,0,235065166.637259
2025-11-15 00:00:00+00:00,50+ bps decrease,4,2026-03,67284,654412,0.095,0,
2025-11-15 00:00:00+00:00,50+ bps decrease,5,2026-04,75478,669660,0.095,0,66025383.9220003
2025-11-16 00:00:00+00:00,50+ bps decrease,1,2025-12,35090,570360,0.0195,0,161574382.129451
2025-11-16 00:00:00+00:00,50+ bps decrease,2,2026-01,45883,601697,0.0685,0,235065166.637259
2025-11-16 00:00:00+00:00,50+ bps decrease,4,2026-03,67284,654412,0.085,0,
2025-11-16 00:00:00+00:00,50+ bps decrease,5,2026-04,75478,669660,0.09,0,66025383.9220003
2025-11-17 00:00:00+00:00,50+ bps decrease,1,2025-12,35090,570360,0.0215,0,161574382.129451
2025-11-17 00:00:00+00:00,50+ bps decrease,2,2026-01,45883,601697,0.0755,0,235065166.637259
2025-11-17 00:00:00+00:00,50+ bps decrease,4,2026-03,67284,654412,0.08,0,
2025-11-17 00:00:00+00:00,50+ bps decrease,5,2026-04,75478,669660,0.075,0,66025383.9220003
2025-11-18 00:00:00+00:00,50+ bps decrease,1,2025-12,35090,570360,0.0195,0,161574382.129451
2025-11-18 00:00:00+00:00,50+ bps decrease,2,2026-01,45883,601697,0.082,0,235065166.637259
2025-11-18 00:00:00+00:00,50+ bps decrease,4,2026-03,67284,654412,0.095,0,
2025-11-18 00:00:00+00:00,50+ bps decrease,5,2026-04,75478,669660,0.09,0,66025383.9220003
2025-11-19 00:00:00+00:00,50+ bps decrease,1,2025-12,35090,570360,0.0215,0,161574382.129451
2025-11-19 00:00:00+00:00,50+ bps decrease,2,2026-01,45883,601697,0.053,0,235065166.637259
2025-11-19 00:00:00+00:00,50+ bps decrease,4,2026-03,67284,654412,0.065,0,
2025-11-19 00:00:00+00:00,50+ bps decrease,5,2026-04,75478,669660,0.085,0,66025383.9220003
2025-11-20 00:00:00+00:00,50+ bps decrease,1,2025-12,35090,570360,0.0175,0,161574382.129451
2025-11-20 00:00:00+00:00,50+ bps decrease,2,2026-01,45883,601697,0.051,0,235065166.637259
2025-11-20 00:00:00+00:00,50+ bps decrease,4,2026-03,67284,654412,0.06,0,
2025-11-20 00:00:00+00:00,50+ bps decrease,5,2026-04,75478,669660,0.075,0,66025383.9220003
2025-11-21 00:00:00+00:00,50+ bps decrease,1,2025-12,35090,570360,0.0135,0,161574382.129451
2025-11-21 00:00:00+00:00,50+ bps decrease,2,2026-01,45883,601697,0.09,0,235065166.637259
2025-11-21 00:00:00+00:00,50+ bps decrease,4,2026-03,67284,654412,0.065,0,
2025-11-21 00:00:00+00:00,50+ bps decrease,5,2026-04,75478,669660,0.075,0,66025383.9220003
2025-11-22 00:00:00+00:00,50+ bps decrease,1,2025-12,35090,570360,0.0185,0,161574382.129451
2025-11-22 00:00:00+00:00,50+ bps decrease,2,2026-01,45883,601697,0.0565,0,235065166.637259
2025-11-22 00:00:00+00:00,50+ bps decrease,4,2026-03,67284,654412,0.085,0,
2025-11-22 00:00:00+00:00,50+ bps decrease,5,2026-04,75478,669660,0.08,0,66025383.9220003
2025-11-23 00:00:00+00:00,50+ bps decrease,1,2025-12,35090,570360,0.0195,0,161574382.129451
2025-11-23 00:00:00+00:00,50+ bps decrease,2,2026-01,45883,601697,0.0685,0,235065166.637259
2025-11-23 00:00:00+00:00,50+ bps decrease,4,2026-03,67284,654412,0.07,0,
2025-11-23 00:00:00+00:00,50+ bps decrease,5,2026-04,75478,669660,0.105,0,66025383.9220003
2025-11-24 00:00:00+00:00,50+ bps decrease,1,2025-12,35090,570360,0.0185,0,161574382.129451
2025-11-24 00:00:00+00:00,50+ bps decrease,2,2026-01,45883,601697,0.067,0,235065166.637259
2025-11-24 00:00:00+00:00,50+ bps decrease,4,2026-03,67284,654412,0.055,0,
2025-11-24 00:00:00+00:00,50+ bps decrease,5,2026-04,75478,669660,0.12,0,66025383.9220003
2025-11-25 00:00:00+00:00,50+ bps decrease,1,2025-12,35090,570360,0.0165,0,161574382.129451
2025-11-25 00:00:00+00:00,50+ bps decrease,2,2026-01,45883,601697,0.0405,0,235065166.637259
2025-11-25 00:00:00+00:00,50+ bps decrease,4,2026-03,67284,654412,0.075,0,
2025-11-25 00:00:00+00:00,50+ bps decrease,5,2026-04,75478,669660,0.115,0,66025383.9220003
2025-11-26 00:00:00+00:00,50+ bps decrease,1,2025-12,35090,570360,0.0115,0,161574382.129451
2025-11-26 00:00:00+00:00,50+ bps decrease,2,2026-01,45883,601697,0.044,0,235065166.637259
2025-11-26 00:00:00+00:00,50+ bps decrease,4,2026-03,67284,654412,0.075,0,
2025-11-26 00:00:00+00:00,50+ bps decrease,5,2026-04,75478,669660,0.075,0,66025383.9220003
2025-11-27 00:00:00+00:00,50+ bps decrease,1,2025-12,35090,570360,0.0135,0,161574382.129451
2025-11-27 00:00:00+00:00,50+ bps decrease,2,2026-01,45883,601697,0.044,0,235065166.637259
2025-11-27 00:00:00+00:00,50+ bps decrease,4,2026-03,67284,654412,0.07,0,
2025-11-27 00:00:00+00:00,50+ bps decrease,5,2026-04,75478,669660,0.095,0,66025383.9220003
2025-11-28 00:00:00+00:00,50+ bps decrease,1,2025-12,35090,570360,0.0105,0,161574382.129451
2025-11-28 00:00:00+00:00,50+ bps decrease,2,2026-01,45883,601697,0.041,0,235065166.637259
2025-11-28 00:00:00+00:00,50+ bps decrease,4,2026-03,67284,654412,0.06,0,
2025-11-28 00:00:00+00:00,50+ bps decrease,5,2026-04,75478,669660,0.07,0,66025383.9220003
2025-11-29 00:00:00+00:00,50+ bps decrease,1,2025-12,35090,570360,0.0115,0,161574382.129451
2025-11-29 00:00:00+00:00,50+ bps decrease,2,2026-01,45883,601697,0.0405,0,235065166.637259
2025-11-29 00:00:00+00:00,50+ bps decrease,4,2026-03,67284,654412,0.055,0,
2025-11-29 00:00:00+00:00,50+ bps decrease,5,2026-04,75478,669660,0.06,0,66025383.9220003
2025-11-30 00:00:00+00:00,50+ bps decrease,1,2025-12,35090,570360,0.0115,0,161574382.129451
2025-11-30 00:00:00+00:00,50+ bps decrease,2,2026-01,45883,601697,0.0425,0,235065166.637259
2025-11-30 00:00:00+00:00,50+ bps decrease,4,2026-03,67284,654412,0.055,0,
2025-11-30 00:00:00+00:00,50+ bps decrease,5,2026-04,75478,669660,0.09,0,66025383.9220003
2025-12-01 00:00:00+00:00,50+ bps decrease,0,2025-12,35090,570360,0.0105,0,161574382.129451
2025-12-01 00:00:00+00:00,50+ bps decrease,1,2026-01,45883,601697,0.0375,0,235065166.637259
2025-12-01 00:00:00+00:00,50+ bps decrease,3,2026-03,67284,654412,0.0575,0,
2025-12-01 00:00:00+00:00,50+ bps decrease,4,2026-04,75478,669660,0.105,0,66025383.9220003
2025-12-02 00:00:00+00:00,50+ bps decrease,0,2025-12,35090,570360,0.0095,0,161574382.129451
2025-12-02 00:00:00+00:00,50+ bps decrease,1,2026-01,45883,601697,0.037,0,235065166.637259
2025-12-02 00:00:00+00:00,50+ bps decrease,3,2026-03,67284,654412,0.061,0,
2025-12-02 00:00:00+00:00,50+ bps decrease,4,2026-04,75478,669660,0.105,0,66025383.9220003
2025-12-03 00:00:00+00:00,50+ bps decrease,0,2025-12,35090,570360,0.0075,0,161574382.129451
2025-12-03 00:00:00+00:00,50+ bps decrease,1,2026-01,45883,601697,0.0385,0,235065166.637259
2025-12-03 00:00:00+00:00,50+ bps decrease,3,2026-03,67284,654412,0.059,0,
2025-12-03 00:00:00+00:00,50+ bps decrease,4,2026-04,75478,669660,0.075,0,66025383.9220003
2025-12-04 00:00:00+00:00,50+ bps decrease,0,2025-12,35090,570360,0.0065,0,161574382.129451
2025-12-04 00:00:00+00:00,50+ bps decrease,1,2026-01,45883,601697,0.033,0,235065166.637259
2025-12-04 00:00:00+00:00,50+ bps decrease,3,2026-03,67284,654412,0.0475,0,
2025-12-04 00:00:00+00:00,50+ bps decrease,4,2026-04,75478,669660,0.065,0,66025383.9220003
2025-12-05 00:00:00+00:00,50+ bps decrease,0,2025-12,35090,570360,0.0045,0,161574382.129451
2025-12-05 00:00:00+00:00,50+ bps decrease,1,2026-01,45883,601697,0.0195,0,235065166.637259
2025-12-05 00:00:00+00:00,50+ bps decrease,3,2026-03,67284,654412,0.0645,0,
2025-12-05 00:00:00+00:00,50+ bps decrease,4,2026-04,75478,669660,0.06,0,66025383.9220003
2025-12-06 00:00:00+00:00,50+ bps decrease,0,2025-12,35090,570360,0.0065,0,161574382.129451
2025-12-06 00:00:00+00:00,50+ bps decrease,1,2026-01,45883,601697,0.03,0,235065166.637259
2025-12-06 00:00:00+00:00,50+ bps decrease,3,2026-03,67284,654412,0.065,0,
2025-12-06 00:00:00+00:00,50+ bps decrease,4,2026-04,75478,669660,0.065,0,66025383.9220003
2025-12-07 00:00:00+00:00,50+ bps decrease,0,2025-12,35090,570360,0.0065,0,161574382.129451
2025-12-07 00:00:00+00:00,50+ bps decrease,1,2026-01,45883,601697,0.037,0,235065166.637259
2025-12-07 00:00:00+00:00,50+ bps decrease,3,2026-03,67284,654412,0.044,0,
2025-12-07 00:00:00+00:00,50+ bps decrease,4,2026-04,75478,669660,0.065,0,66025383.9220003
2025-12-08 00:00:00+00:00,50+ bps decrease,0,2025-12,35090,570360,0.0065,0,161574382.129451
2025-12-08 00:00:00+00:00,50+ bps decrease,1,2026-01,45883,601697,0.0395,0,235065166.637259
2025-12-08 00:00:00+00:00,50+ bps decrease,3,2026-03,67284,654412,0.0445,0,
2025-12-08 00:00:00+00:00,50+ bps decrease,4,2026-04,75478,669660,0.06,0,66025383.9220003
2025-12-09 00:00:00+00:00,50+ bps decrease,0,2025-12,35090,570360,0.008,0,161574382.129451
2025-12-09 00:00:00+00:00,50+ bps decrease,1,2026-01,45883,601697,0.0355,0,235065166.637259
2025-12-09 00:00:00+00:00,50+ bps decrease,3,2026-03,67284,654412,0.0535,0,
2025-12-09 00:00:00+00:00,50+ bps decrease,4,2026-04,75478,669660,0.075,0,66025383.9220003
2025-12-10 00:00:00+00:00,50+ bps decrease,0,2025-12,35090,570360,0.0045,0,161574382.129451
2025-12-10 00:00:00+00:00,50+ bps decrease,1,2026-01,45883,601697,0.034,0,235065166.637259
2025-12-10 00:00:00+00:00,50+ bps decrease,3,2026-03,67284,654412,0.067,0,
2025-12-10 00:00:00+00:00,50+ bps decrease,4,2026-04,75478,669660,0.085,0,66025383.9220003
2025-12-11 00:00:00+00:00,50+ bps decrease,1,2026-01,45883,601697,0.013,0,235065166.637259
2025-12-11 00:00:00+00:00,50+ bps decrease,3,2026-03,67284,654412,0.0245,0,
2025-12-11 00:00:00+00:00,50+ bps decrease,4,2026-04,75478,669660,0.065,0,66025383.9220003
2025-12-11 00:00:00+00:00,50+ bps decrease,6,2026-06,101772,906972,0.15,0,37866883.42341023
2025-12-12 00:00:00+00:00,50+ bps decrease,1,2026-01,45883,601697,0.0105,0,235065166.637259
2025-12-12 00:00:00+00:00,50+ bps decrease,3,2026-03,67284,654412,0.0215,0,
2025-12-12 00:00:00+00:00,50+ bps decrease,4,2026-04,75478,669660,0.013,0,66025383.9220003
2025-12-12 00:00:00+00:00,50+ bps decrease,6,2026-06,101772,906972,0.13,0,37866883.42341023
2025-12-13 00:00:00+00:00,50+ bps decrease,1,2026-01,45883,601697,0.0135,0,235065166.637259
2025-12-13 00:00:00+00:00,50+ bps decrease,3,2026-03,67284,654412,0.042,0,
2025-12-13 00:00:00+00:00,50+ bps decrease,4,2026-04,75478,669660,0.025,0,66025383.9220003
2025-12-13 00:00:00+00:00,50+ bps decrease,6,2026-06,101772,906972,0.125,0,37866883.42341023
2025-12-14 00:00:00+00:00,50+ bps decrease,1,2026-01,45883,601697,0.0135,0,235065166.637259
2025-12-14 00:00:00+00:00,50+ bps decrease,3,2026-03,67284,654412,0.037,0,
2025-12-14 00:00:00+00:00,50+ bps decrease,4,2026-04,75478,669660,0.036,0,66025383.9220003
2025-12-14 00:00:00+00:00,50+ bps decrease,6,2026-06,101772,906972,0.125,0,37866883.42341023
2025-12-15 00:00:00+00:00,50+ bps decrease,1,2026-01,45883,601697,0.0135,0,235065166.637259
2025-12-15 00:00:00+00:00,50+ bps decrease,3,2026-03,67284,654412,0.0265,0,
2025-12-15 00:00:00+00:00,50+ bps decrease,4,2026-04,75478,669660,0.033,0,66025383.9220003
2025-12-15 00:00:00+00:00,50+ bps decrease,6,2026-06,101772,906972,0.125,0,37866883.42341023
2025-12-16 00:00:00+00:00,50+ bps decrease,1,2026-01,45883,601697,0.0165,0,235065166.637259
2025-12-16 00:00:00+00:00,50+ bps decrease,3,2026-03,67284,654412,0.0275,0,
2025-12-16 00:00:00+00:00,50+ bps decrease,4,2026-04,75478,669660,0.0335,0,66025383.9220003
2025-12-16 00:00:00+00:00,50+ bps decrease,6,2026-06,101772,906972,0.12,0,37866883.42341023
2025-12-17 00:00:00+00:00,50+ bps decrease,1,2026-01,45883,601697,0.0165,0,235065166.637259
2025-12-17 00:00:00+00:00,50+ bps decrease,3,2026-03,67284,654412,0.025,0,
2025-12-17 00:00:00+00:00,50+ bps decrease,4,2026-04,75478,669660,0.0325,0,66025383.9220003
2025-12-17 00:00:00+00:00,50+ bps decrease,6,2026-06,101772,906972,0.12,0,37866883.42341023
2025-12-18 00:00:00+00:00,50+ bps decrease,1,2026-01,45883,601697,0.0155,0,235065166.637259
2025-12-18 00:00:00+00:00,50+ bps decrease,3,2026-03,67284,654412,0.03,0,
2025-12-18 00:00:00+00:00,50+ bps decrease,4,2026-04,75478,669660,0.046,0,66025383.9220003
2025-12-18 00:00:00+00:00,50+ bps decrease,6,2026-06,101772,906972,0.115,0,37866883.42341023
2025-12-19 00:00:00+00:00,50+ bps decrease,1,2026-01,45883,601697,0.0145,0,235065166.637259
2025-12-19 00:00:00+00:00,50+ bps decrease,3,2026-03,67284,654412,0.031,0,
2025-12-19 00:00:00+00:00,50+ bps decrease,4,2026-04,75478,669660,0.036,0,66025383.9220003
2025-12-19 00:00:00+00:00,50+ bps decrease,6,2026-06,101772,906972,0.115,0,37866883.42341023
2025-12-20 00:00:00+00:00,50+ bps decrease,1,2026-01,45883,601697,0.0155,0,235065166.637259
2025-12-20 00:00:00+00:00,50+ bps decrease,3,2026-03,67284,654412,0.0175,0,
2025-12-20 00:00:00+00:00,50+ bps decrease,4,2026-04,75478,669660,0.0315,0,66025383.9220003
2025-12-20 00:00:00+00:00,50+ bps decrease,6,2026-06,101772,906972,0.12,0,37866883.42341023
2025-12-21 00:00:00+00:00,50+ bps decrease,1,2026-01,45883,601697,0.0145,0,235065166.637259
2025-12-21 00:00:00+00:00,50+ bps decrease,3,2026-03,67284,654412,0.013,0,
2025-12-21 00:00:00+00:00,50+ bps decrease,4,2026-04,75478,669660,0.0305,0,66025383.9220003
2025-12-21 00:00:00+00:00,50+ bps decrease,6,2026-06,101772,906972,0.1,0,37866883.42341023
2025-12-22 00:00:00+00:00,50+ bps decrease,1,2026-01,45883,601697,0.0135,0,235065166.637259
2025-12-22 00:00:00+00:00,50+ bps decrease,3,2026-03,67284,654412,0.0145,0,
2025-12-22 00:00:00+00:00,50+ bps decrease,4,2026-04,75478,669660,0.0335,0,66025383.9220003
2025-12-22 00:00:00+00:00,50+ bps decrease,6,2026-06,101772,906972,0.1,0,37866883.42341023
2025-12-23 00:00:00+00:00,50+ bps decrease,1,2026-01,45883,601697,0.0145,0,235065166.637259
2025-12-23 00:00:00+00:00,50+ bps decrease,3,2026-03,67284,654412,0.0165,0,
2025-12-23 00:00:00+00:00,50+ bps decrease,4,2026-04,75478,669660,0.032,0,66025383.9220003
2025-12-23 00:00:00+00:00,50+ bps decrease,6,2026-06,101772,906972,0.1,0,37866883.42341023
2025-12-24 00:00:00+00:00,50+ bps decrease,1,2026-01,45883,601697,0.0155,0,235065166.637259
2025-12-24 00:00:00+00:00,50+ bps decrease,3,2026-03,67284,654412,0.024,0,
2025-12-24 00:00:00+00:00,50+ bps decrease,4,2026-04,75478,669660,0.035,0,66025383.9220003
2025-12-24 00:00:00+00:00,50+ bps decrease,6,2026-06,101772,906972,0.1,0,37866883.42341023
2025-12-25 00:00:00+00:00,50+ bps decrease,1,2026-01,45883,601697,0.0155,0,235065166.637259
2025-12-25 00:00:00+00:00,50+ bps decrease,3,2026-03,67284,654412,0.0255,0,
2025-12-25 00:00:00+00:00,50+ bps decrease,4,2026-04,75478,669660,0.0325,0,66025383.9220003
2025-12-25 00:00:00+00:00,50+ bps decrease,6,2026-06,101772,906972,0.1,0,37866883.42341023
2025-12-26 00:00:00+00:00,50+ bps decrease,1,2026-01,45883,601697,0.0125,0,235065166.637259
2025-12-26 00:00:00+00:00,50+ bps decrease,3,2026-03,67284,654412,0.024,0,
2025-12-26 00:00:00+00:00,50+ bps decrease,4,2026-04,75478,669660,0.0325,0,66025383.9220003
2025-12-26 00:00:00+00:00,50+ bps decrease,6,2026-06,101772,906972,0.1,0,37866883.42341023
2025-12-27 00:00:00+00:00,50+ bps decrease,1,2026-01,45883,601697,0.0125,0,235065166.637259
2025-12-27 00:00:00+00:00,50+ bps decrease,3,2026-03,67284,654412,0.0255,0,
2025-12-27 00:00:00+00:00,50+ bps decrease,4,2026-04,75478,669660,0.039,0,66025383.9220003
2025-12-27 00:00:00+00:00,50+ bps decrease,6,2026-06,101772,906972,0.1,0,37866883.42341023
2025-12-28 00:00:00+00:00,50+ bps decrease,1,2026-01,45883,601697,0.0125,0,235065166.637259
2025-12-28 00:00:00+00:00,50+ bps decrease,3,2026-03,67284,654412,0.0235,0,
2025-12-28 00:00:00+00:00,50+ bps decrease,4,2026-04,75478,669660,0.0405,0,66025383.9220003
2025-12-28 00:00:00+00:00,50+ bps decrease,6,2026-06,101772,906972,0.1,0,37866883.42341023
2025-12-29 00:00:00+00:00,50+ bps decrease,1,2026-01,45883,601697,0.0125,0,235065166.637259
2025-12-29 00:00:00+00:00,50+ bps decrease,3,2026-03,67284,654412,0.027,0,
2025-12-29 00:00:00+00:00,50+ bps decrease,4,2026-04,75478,669660,0.0335,0,66025383.9220003
2025-12-29 00:00:00+00:00,50+ bps decrease,6,2026-06,101772,906972,0.1,0,37866883.42341023
2025-12-30 00:00:00+00:00,50+ bps decrease,1,2026-01,45883,601697,0.0125,0,235065166.637259
2025-12-30 00:00:00+00:00,50+ bps decrease,3,2026-03,67284,654412,0.0205,0,
2025-12-30 00:00:00+00:00,50+ bps decrease,4,2026-04,75478,669660,0.0385,0,66025383.9220003
2025-12-30 00:00:00+00:00,50+ bps decrease,6,2026-06,101772,906972,0.1,0,37866883.42341023
2025-12-31 00:00:00+00:00,50+ bps decrease,1,2026-01,45883,601697,0.0115,0,235065166.637259
2025-12-31 00:00:00+00:00,50+ bps decrease,3,2026-03,67284,654412,0.0185,0,
2025-12-31 00:00:00+00:00,50+ bps decrease,4,2026-04,75478,669660,0.053,0,66025383.9220003
2025-12-31 00:00:00+00:00,50+ bps decrease,6,2026-06,101772,906972,0.11,0,37866883.42341023
2026-01-01 00:00:00+00:00,50+ bps decrease,0,2026-01,45883,601697,0.0105,0,235065166.637259
2026-01-01 00:00:00+00:00,50+ bps decrease,2,2026-03,67284,654412,0.0185,0,
2026-01-01 00:00:00+00:00,50+ bps decrease,3,2026-04,75478,669660,0.0465,0,66025383.9220003
2026-01-01 00:00:00+00:00,50+ bps decrease,5,2026-06,101772,906972,0.105,0,37866883.42341023
2026-01-02 00:00:00+00:00,50+ bps decrease,0,2026-01,45883,601697,0.0075,0,235065166.637259
2026-01-02 00:00:00+00:00,50+ bps decrease,2,2026-03,67284,654412,0.0165,0,
2026-01-02 00:00:00+00:00,50+ bps decrease,3,2026-04,75478,669660,0.041,0,66025383.9220003
2026-01-02 00:00:00+00:00,50+ bps decrease,5,2026-06,101772,906972,0.1,0,37866883.42341023
2026-01-03 00:00:00+00:00,50+ bps decrease,0,2026-01,45883,601697,0.0075,0,235065166.637259
2026-01-03 00:00:00+00:00,50+ bps decrease,2,2026-03,67284,654412,0.0165,0,
2026-01-03 00:00:00+00:00,50+ bps decrease,3,2026-04,75478,669660,0.0425,0,66025383.9220003
2026-01-03 00:00:00+00:00,50+ bps decrease,5,2026-06,101772,906972,0.1,0,37866883.42341023
2026-01-04 00:00:00+00:00,50+ bps decrease,0,2026-01,45883,601697,0.0075,0,235065166.637259
2026-01-04 00:00:00+00:00,50+ bps decrease,2,2026-03,67284,654412,0.0175,0,
2026-01-04 00:00:00+00:00,50+ bps decrease,3,2026-04,75478,669660,0.046,0,66025383.9220003
2026-01-04 00:00:00+00:00,50+ bps decrease,5,2026-06,101772,906972,0.1,0,37866883.42341023
2026-01-05 00:00:00+00:00,50+ bps decrease,0,2026-01,45883,601697,0.0075,0,235065166.637259
2026-01-05 00:00:00+00:00,50+ bps decrease,2,2026-03,67284,654412,0.0165,0,
2026-01-05 00:00:00+00:00,50+ bps decrease,3,2026-04,75478,669660,0.0405,0,66025383.9220003
2026-01-05 00:00:00+00:00,50+ bps decrease,5,2026-06,101772,906972,0.1,0,37866883.42341023
2026-01-06 00:00:00+00:00,50+ bps decrease,0,2026-01,45883,601697,0.0065,0,235065166.637259
2026-01-06 00:00:00+00:00,50+ bps decrease,2,2026-03,67284,654412,0.0175,0,
2026-01-06 00:00:00+00:00,50+ bps decrease,3,2026-04,75478,669660,0.04,0,66025383.9220003
2026-01-06 00:00:00+00:00,50+ bps decrease,5,2026-06,101772,906972,0.1,0,37866883.42341023
2026-01-07 00:00:00+00:00,50+ bps decrease,0,2026-01,45883,601697,0.0055,0,235065166.637259
2026-01-07 00:00:00+00:00,50+ bps decrease,2,2026-03,67284,654412,0.0175,0,
2026-01-07 00:00:00+00:00,50+ bps decrease,3,2026-04,75478,669660,0.039,0,66025383.9220003
2026-01-07 00:00:00+00:00,50+ bps decrease,5,2026-06,101772,906972,0.095,0,37866883.42341023
2026-01-08 00:00:00+00:00,50+ bps decrease,0,2026-01,45883,601697,0.0055,0,235065166.637259
2026-01-08 00:00:00+00:00,50+ bps decrease,2,2026-03,67284,654412,0.0165,0,
2026-01-08 00:00:00+00:00,50+ bps decrease,3,2026-04,75478,669660,0.0655,0,66025383.9220003
2026-01-08 00:00:00+00:00,50+ bps decrease,5,2026-06,101772,906972,0.095,0,37866883.42341023
2026-01-09 00:00:00+00:00,50+ bps decrease,0,2026-01,45883,601697,0.0065,0,235065166.637259
2026-01-09 00:00:00+00:00,50+ bps decrease,2,2026-03,67284,654412,0.0165,0,
2026-01-09 00:00:00+00:00,50+ bps decrease,3,2026-04,75478,669660,0.045,0,66025383.9220003
2026-01-09 00:00:00+00:00,50+ bps decrease,5,2026-06,101772,906972,0.095,0,37866883.42341023
2026-01-10 00:00:00+00:00,50+ bps decrease,0,2026-01,45883,601697,0.0045,0,235065166.637259
2026-01-10 00:00:00+00:00,50+ bps decrease,2,2026-03,67284,654412,0.0145,0,
2026-01-10 00:00:00+00:00,50+ bps decrease,3,2026-04,75478,669660,0.057,0,66025383.9220003
2026-01-10 00:00:00+00:00,50+ bps decrease,5,2026-06,101772,906972,0.09,0,37866883.42341023
2026-01-11 00:00:00+00:00,50+ bps decrease,0,2026-01,45883,601697,0.0025,0,235065166.637259
2026-01-11 00:00:00+00:00,50+ bps decrease,2,2026-03,67284,654412,0.0145,0,
2026-01-11 00:00:00+00:00,50+ bps decrease,3,2026-04,75478,669660,0.0585,0,66025383.9220003
2026-01-11 00:00:00+00:00,50+ bps decrease,5,2026-06,101772,906972,0.09,0,37866883.42341023
2026-01-12 00:00:00+00:00,50+ bps decrease,0,2026-01,45883,601697,0.0025,0,235065166.637259
2026-01-12 00:00:00+00:00,50+ bps decrease,2,2026-03,67284,654412,0.0145,0,
2026-01-12 00:00:00+00:00,50+ bps decrease,3,2026-04,75478,669660,0.0485,0,66025383.9220003
2026-01-12 00:00:00+00:00,50+ bps decrease,5,2026-06,101772,906972,0.095,0,37866883.42341023
2026-01-13 00:00:00+00:00,50+ bps decrease,0,2026-01,45883,601697,0.0025,0,235065166.637259
2026-01-13 00:00:00+00:00,50+ bps decrease,2,2026-03,67284,654412,0.015,0,
2026-01-13 00:00:00+00:00,50+ bps decrease,3,2026-04,75478,669660,0.029,0,66025383.9220003
2026-01-13 00:00:00+00:00,50+ bps decrease,5,2026-06,101772,906972,0.095,0,37866883.42341023
2026-01-14 00:00:00+00:00,50+ bps decrease,0,2026-01,45883,601697,0.0025,0,235065166.637259
2026-01-14 00:00:00+00:00,50+ bps decrease,2,2026-03,67284,654412,0.017,0,
2026-01-14 00:00:00+00:00,50+ bps decrease,3,2026-04,75478,669660,0.0315,0,66025383.9220003
2026-01-14 00:00:00+00:00,50+ bps decrease,5,2026-06,101772,906972,0.095,0,37866883.42341023
2026-01-15 00:00:00+00:00,50+ bps decrease,0,2026-01,45883,601697,0.0035,0,235065166.637259
2026-01-15 00:00:00+00:00,50+ bps decrease,2,2026-03,67284,654412,0.0155,0,
2026-01-15 00:00:00+00:00,50+ bps decrease,3,2026-04,75478,669660,0.0325,0,66025383.9220003
2026-01-15 00:00:00+00:00,50+ bps decrease,5,2026-06,101772,906972,0.095,0,37866883.42341023
2026-01-16 00:00:00+00:00,50+ bps decrease,0,2026-01,45883,601697,0.0035,0,235065166.637259
2026-01-16 00:00:00+00:00,50+ bps decrease,2,2026-03,67284,654412,0.0165,0,
2026-01-16 00:00:00+00:00,50+ bps decrease,3,2026-04,75478,669660,0.0365,0,66025383.9220003
2026-01-16 00:00:00+00:00,50+ bps decrease,5,2026-06,101772,906972,0.1,0,37866883.42341023
2026-01-17 00:00:00+00:00,50+ bps decrease,0,2026-01,45883,601697,0.0035,0,235065166.637259
2026-01-17 00:00:00+00:00,50+ bps decrease,2,2026-03,67284,654412,0.0145,0,
2026-01-17 00:00:00+00:00,50+ bps decrease,3,2026-04,75478,669660,0.0235,0,66025383.9220003
2026-01-17 00:00:00+00:00,50+ bps decrease,5,2026-06,101772,906972,0.1,0,37866883.42341023
2026-01-18 00:00:00+00:00,50+ bps decrease,0,2026-01,45883,601697,0.0035,0,235065166.637259
2026-01-18 00:00:00+00:00,50+ bps decrease,2,2026-03,67284,654412,0.0165,0,
2026-01-18 00:00:00+00:00,50+ bps decrease,3,2026-04,75478,669660,0.0255,0,66025383.9220003
2026-01-18 00:00:00+00:00,50+ bps decrease,5,2026-06,101772,906972,0.1,0,37866883.42341023
2026-01-19 00:00:00+00:00,50+ bps decrease,0,2026-01,45883,601697,0.0035,0,235065166.637259
2026-01-19 00:00:00+00:00,50+ bps decrease,2,2026-03,67284,654412,0.015,0,
2026-01-19 00:00:00+00:00,50+ bps decrease,3,2026-04,75478,669660,0.0255,0,66025383.9220003
2026-01-19 00:00:00+00:00,50+ bps decrease,5,2026-06,101772,906972,0.1,0,37866883.42341023
2026-01-20 00:00:00+00:00,50+ bps decrease,0,2026-01,45883,601697,0.0015,0,235065166.637259
2026-01-20 00:00:00+00:00,50+ bps decrease,2,2026-03,67284,654412,0.0165,0,
2026-01-20 00:00:00+00:00,50+ bps decrease,3,2026-04,75478,669660,0.0265,0,66025383.9220003
2026-01-20 00:00:00+00:00,50+ bps decrease,5,2026-06,101772,906972,0.105,0,37866883.42341023
2026-01-21 00:00:00+00:00,50+ bps decrease,0,2026-01,45883,601697,0.0015,0,235065166.637259
2026-01-21 00:00:00+00:00,50+ bps decrease,2,2026-03,67284,654412,0.0155,0,
2026-01-21 00:00:00+00:00,50+ bps decrease,3,2026-04,75478,669660,0.024,0,66025383.9220003
2026-01-21 00:00:00+00:00,50+ bps decrease,5,2026-06,101772,906972,0.105,0,37866883.42341023
2026-01-22 00:00:00+00:00,50+ bps decrease,0,2026-01,45883,601697,0.0015,0,235065166.637259
2026-01-22 00:00:00+00:00,50+ bps decrease,2,2026-03,67284,654412,0.01,0,
2026-01-22 00:00:00+00:00,50+ bps decrease,3,2026-04,75478,669660,0.0245,0,66025383.9220003
2026-01-22 00:00:00+00:00,50+ bps decrease,5,2026-06,101772,906972,0.1,0,37866883.42341023
2026-01-23 00:00:00+00:00,50+ bps decrease,0,2026-01,45883,601697,0.0015,0,235065166.637259
2026-01-23 00:00:00+00:00,50+ bps decrease,2,2026-03,67284,654412,0.0105,0,
2026-01-23 00:00:00+00:00,50+ bps decrease,3,2026-04,75478,669660,0.03,0,66025383.9220003
2026-01-23 00:00:00+00:00,50+ bps decrease,5,2026-06,101772,906972,0.08,0,37866883.42341023
2026-01-24 00:00:00+00:00,50+ bps decrease,0,2026-01,45883,601697,0.0005,0,235065166.637259
2026-01-24 00:00:00+00:00,50+ bps decrease,2,2026-03,67284,654412,0.016,0,
2026-01-24 00:00:00+00:00,50+ bps decrease,3,2026-04,75478,669660,0.026,0,66025383.9220003
2026-01-24 00:00:00+00:00,50+ bps decrease,5,2026-06,101772,906972,0.085,0,37866883.42341023
2026-01-25 00:00:00+00:00,50+ bps decrease,0,2026-01,45883,601697,0.0005,0,235065166.637259
2026-01-25 00:00:00+00:00,50+ bps decrease,2,2026-03,67284,654412,0.0115,0,
2026-01-25 00:00:00+00:00,50+ bps decrease,3,2026-04,75478,669660,0.0195,0,66025383.9220003
2026-01-25 00:00:00+00:00,50+ bps decrease,5,2026-06,101772,906972,0.08,0,37866883.42341023
2026-01-26 00:00:00+00:00,50+ bps decrease,0,2026-01,45883,601697,0.0005,0,235065166.637259
2026-01-26 00:00:00+00:00,50+ bps decrease,2,2026-03,67284,654412,0.0125,0,
2026-01-26 00:00:00+00:00,50+ bps decrease,3,2026-04,75478,669660,0.024,0,66025383.9220003
2026-01-26 00:00:00+00:00,50+ bps decrease,5,2026-06,101772,906972,0.08,0,37866883.42341023
2026-01-27 00:00:00+00:00,50+ bps decrease,0,2026-01,45883,601697,0.0005,0,235065166.637259
2026-01-27 00:00:00+00:00,50+ bps decrease,2,2026-03,67284,654412,0.012,0,
2026-01-27 00:00:00+00:00,50+ bps decrease,3,2026-04,75478,669660,0.0205,0,66025383.9220003
2026-01-27 00:00:00+00:00,50+ bps decrease,5,2026-06,101772,906972,0.1,0,37866883.42341023
2026-01-28 00:00:00+00:00,50+ bps decrease,0,2026-01,45883,601697,0.0005,0,235065166.637259
2026-01-28 00:00:00+00:00,50+ bps decrease,2,2026-03,67284,654412,0.013,0,
2026-01-28 00:00:00+00:00,50+ bps decrease,3,2026-04,75478,669660,0.024,0,66025383.9220003
2026-01-28 00:00:00+00:00,50+ bps decrease,5,2026-06,101772,906972,0.095,0,37866883.42341023
2026-01-29 00:00:00+00:00,50+ bps decrease,2,2026-03,67284,654412,0.0135,0,
2026-01-29 00:00:00+00:00,50+ bps decrease,3,2026-04,75478,669660,0.02,0,66025383.9220003
2026-01-29 00:00:00+00:00,50+ bps decrease,5,2026-06,101772,906972,0.09,0,37866883.42341023
2026-01-30 00:00:00+00:00,50+ bps decrease,2,2026-03,67284,654412,0.0125,0,
2026-01-30 00:00:00+00:00,50+ bps decrease,3,2026-04,75478,669660,0.0275,0,66025383.9220003
2026-01-30 00:00:00+00:00,50+ bps decrease,5,2026-06,101772,906972,0.1,0,37866883.42341023
2026-01-31 00:00:00+00:00,50+ bps decrease,2,2026-03,67284,654412,0.0175,0,
2026-01-31 00:00:00+00:00,50+ bps decrease,3,2026-04,75478,669660,0.0295,0,66025383.9220003
2026-01-31 00:00:00+00:00,50+ bps decrease,5,2026-06,101772,906972,0.125,0,37866883.42341023
2026-02-01 00:00:00+00:00,50+ bps decrease,1,2026-03,67284,654412,0.0235,0,
2026-02-01 00:00:00+00:00,50+ bps decrease,2,2026-04,75478,669660,0.0345,0,66025383.9220003
2026-02-01 00:00:00+00:00,50+ bps decrease,4,2026-06,101772,906972,0.075,0,37866883.42341023
2026-02-02 00:00:00+00:00,50+ bps decrease,1,2026-03,67284,654412,0.0145,0,
2026-02-02 00:00:00+00:00,50+ bps decrease,2,2026-04,75478,669660,0.034,0,66025383.9220003
2026-02-02 00:00:00+00:00,50+ bps decrease,4,2026-06,101772,906972,0.075,0,37866883.42341023
2026-02-03 00:00:00+00:00,50+ bps decrease,1,2026-03,67284,654412,0.0125,0,
2026-02-03 00:00:00+00:00,50+ bps decrease,2,2026-04,75478,669660,0.0355,0,66025383.9220003
2026-02-03 00:00:00+00:00,50+ bps decrease,4,2026-06,101772,906972,0.08,0,37866883.42341023
2026-02-04 00:00:00+00:00,50+ bps decrease,1,2026-03,67284,654412,0.0095,0,
2026-02-04 00:00:00+00:00,50+ bps decrease,2,2026-04,75478,669660,0.0345,0,66025383.9220003
2026-02-04 00:00:00+00:00,50+ bps decrease,4,2026-06,101772,906972,0.075,0,37866883.42341023
2026-02-05 00:00:00+00:00,50+ bps decrease,1,2026-03,67284,654412,0.0105,0,
2026-02-05 00:00:00+00:00,50+ bps decrease,2,2026-04,75478,669660,0.0285,0,66025383.9220003
2026-02-05 00:00:00+00:00,50+ bps decrease,4,2026-06,101772,906972,0.07,0,37866883.42341023
2026-02-06 00:00:00+00:00,50+ bps decrease,1,2026-03,67284,654412,0.0135,0,
2026-02-06 00:00:00+00:00,50+ bps decrease,2,2026-04,75478,669660,0.034,0,66025383.9220003
2026-02-06 00:00:00+00:00,50+ bps decrease,4,2026-06,101772,906972,0.07,0,37866883.42341023
2026-02-07 00:00:00+00:00,50+ bps decrease,1,2026-03,67284,654412,0.0115,0,
2026-02-07 00:00:00+00:00,50+ bps decrease,2,2026-04,75478,669660,0.0275,0,66025383.9220003
2026-02-07 00:00:00+00:00,50+ bps decrease,4,2026-06,101772,906972,0.07,0,37866883.42341023
2026-02-08 00:00:00+00:00,50+ bps decrease,1,2026-03,67284,654412,0.0105,0,
2026-02-08 00:00:00+00:00,50+ bps decrease,2,2026-04,75478,669660,0.026,0,66025383.9220003
2026-02-08 00:00:00+00:00,50+ bps decrease,4,2026-06,101772,906972,0.07,0,37866883.42341023
2026-02-09 00:00:00+00:00,50+ bps decrease,1,2026-03,67284,654412,0.0105,0,
2026-02-09 00:00:00+00:00,50+ bps decrease,2,2026-04,75478,669660,0.0245,0,66025383.9220003
2026-02-09 00:00:00+00:00,50+ bps decrease,4,2026-06,101772,906972,0.075,0,37866883.42341023
2026-02-10 00:00:00+00:00,50+ bps decrease,1,2026-03,67284,654412,0.0095,0,
2026-02-10 00:00:00+00:00,50+ bps decrease,2,2026-04,75478,669660,0.0215,0,66025383.9220003
2026-02-10 00:00:00+00:00,50+ bps decrease,4,2026-06,101772,906972,0.075,0,37866883.42341023
2026-02-11 00:00:00+00:00,50+ bps decrease,1,2026-03,67284,654412,0.0105,0,
2026-02-11 00:00:00+00:00,50+ bps decrease,2,2026-04,75478,669660,0.0265,0,66025383.9220003
2026-02-11 00:00:00+00:00,50+ bps decrease,4,2026-06,101772,906972,0.09,0,37866883.42341023
2026-02-12 00:00:00+00:00,50+ bps decrease,1,2026-03,67284,654412,0.0065,0,
2026-02-12 00:00:00+00:00,50+ bps decrease,2,2026-04,75478,669660,0.027,0,66025383.9220003
2026-02-12 00:00:00+00:00,50+ bps decrease,4,2026-06,101772,906972,0.1,0,37866883.42341023
2026-02-13 00:00:00+00:00,50+ bps decrease,1,2026-03,67284,654412,0.0065,0,
2026-02-13 00:00:00+00:00,50+ bps decrease,2,2026-04,75478,669660,0.0255,0,66025383.9220003
2026-02-13 00:00:00+00:00,50+ bps decrease,4,2026-06,101772,906972,0.105,0,37866883.42341023
2026-02-14 00:00:00+00:00,50+ bps decrease,1,2026-03,67284,654412,0.0065,0,
2026-02-14 00:00:00+00:00,50+ bps decrease,2,2026-04,75478,669660,0.0255,0,66025383.9220003
2026-02-14 00:00:00+00:00,50+ bps decrease,4,2026-06,101772,906972,0.095,0,37866883.42341023
2026-02-15 00:00:00+00:00,50+ bps decrease,1,2026-03,67284,654412,0.0105,0,
2026-02-15 00:00:00+00:00,50+ bps decrease,2,2026-04,75478,669660,0.0245,0,66025383.9220003
2026-02-15 00:00:00+00:00,50+ bps decrease,4,2026-06,101772,906972,0.085,0,37866883.42341023
2026-02-16 00:00:00+00:00,50+ bps decrease,1,2026-03,67284,654412,0.0075,0,
2026-02-16 00:00:00+00:00,50+ bps decrease,2,2026-04,75478,669660,0.0245,0,66025383.9220003
2026-02-16 00:00:00+00:00,50+ bps decrease,4,2026-06,101772,906972,0.08,0,37866883.42341023
2026-02-17 00:00:00+00:00,50+ bps decrease,1,2026-03,67284,654412,0.0065,0,
2026-02-17 00:00:00+00:00,50+ bps decrease,2,2026-04,75478,669660,0.0255,0,66025383.9220003
2026-02-17 00:00:00+00:00,50+ bps decrease,4,2026-06,101772,906972,0.065,0,37866883.42341023
2026-02-18 00:00:00+00:00,50+ bps decrease,1,2026-03,67284,654412,0.0075,0,
2026-02-18 00:00:00+00:00,50+ bps decrease,2,2026-04,75478,669660,0.0245,0,66025383.9220003
2026-02-18 00:00:00+00:00,50+ bps decrease,4,2026-06,101772,906972,0.075,0,37866883.42341023
2026-02-19 00:00:00+00:00,50+ bps decrease,1,2026-03,67284,654412,0.0075,0,
2026-02-19 00:00:00+00:00,50+ bps decrease,2,2026-04,75478,669660,0.0235,0,66025383.9220003
2026-02-19 00:00:00+00:00,50+ bps decrease,4,2026-06,101772,906972,0.075,0,37866883.42341023
2026-02-20 00:00:00+00:00,50+ bps decrease,1,2026-03,67284,654412,0.0075,0,
2026-02-20 00:00:00+00:00,50+ bps decrease,2,2026-04,75478,669660,0.022,0,66025383.9220003
2026-02-20 00:00:00+00:00,50+ bps decrease,4,2026-06,101772,906972,0.085,0,37866883.42341023
2026-02-21 00:00:00+00:00,50+ bps decrease,1,2026-03,67284,654412,0.0065,0,
2026-02-21 00:00:00+00:00,50+ bps decrease,2,2026-04,75478,669660,0.018,0,66025383.9220003
2026-02-21 00:00:00+00:00,50+ bps decrease,4,2026-06,101772,906972,0.07,0,37866883.42341023
2026-02-22 00:00:00+00:00,50+ bps decrease,1,2026-03,67284,654412,0.0075,0,
2026-02-22 00:00:00+00:00,50+ bps decrease,2,2026-04,75478,669660,0.0135,0,66025383.9220003
2026-02-22 00:00:00+00:00,50+ bps decrease,4,2026-06,101772,906972,0.065,0,37866883.42341023
2026-02-23 00:00:00+00:00,50+ bps decrease,1,2026-03,67284,654412,0.0075,0,
2026-02-23 00:00:00+00:00,50+ bps decrease,2,2026-04,75478,669660,0.0135,0,66025383.9220003
2026-02-23 00:00:00+00:00,50+ bps decrease,4,2026-06,101772,906972,0.065,0,37866883.42341023
2026-02-24 00:00:00+00:00,50+ bps decrease,1,2026-03,67284,654412,0.0075,0,
2026-02-24 00:00:00+00:00,50+ bps decrease,2,2026-04,75478,669660,0.0145,0,66025383.9220003
2026-02-24 00:00:00+00:00,50+ bps decrease,4,2026-06,101772,906972,0.06,0,37866883.42341023
2026-02-25 00:00:00+00:00,50+ bps decrease,1,2026-03,67284,654412,0.0065,0,
2026-02-25 00:00:00+00:00,50+ bps decrease,2,2026-04,75478,669660,0.015,0,66025383.9220003
2026-02-25 00:00:00+00:00,50+ bps decrease,4,2026-06,101772,906972,0.055,0,37866883.42341023
2026-02-26 00:00:00+00:00,50+ bps decrease,1,2026-03,67284,654412,0.0055,0,
2026-02-26 00:00:00+00:00,50+ bps decrease,2,2026-04,75478,669660,0.0145,0,66025383.9220003
2026-02-26 00:00:00+00:00,50+ bps decrease,4,2026-06,101772,906972,0.045,0,37866883.42341023
2026-02-27 00:00:00+00:00,50+ bps decrease,1,2026-03,67284,654412,0.0055,0,
2026-02-27 00:00:00+00:00,50+ bps decrease,2,2026-04,75478,669660,0.0135,0,66025383.9220003
2026-02-27 00:00:00+00:00,50+ bps decrease,4,2026-06,101772,906972,0.05,0,37866883.42341023
2026-02-28 00:00:00+00:00,50+ bps decrease,1,2026-03,67284,654412,0.0045,0,
2026-02-28 00:00:00+00:00,50+ bps decrease,2,2026-04,75478,669660,0.0165,0,66025383.9220003
2026-02-28 00:00:00+00:00,50+ bps decrease,4,2026-06,101772,906972,0.05,0,37866883.42341023
2026-03-01 00:00:00+00:00,50+ bps decrease,0,2026-03,67284,654412,0.0055,0,
2026-03-01 00:00:00+00:00,50+ bps decrease,1,2026-04,75478,669660,0.0165,0,66025383.9220003
2026-03-02 00:00:00+00:00,50+ bps decrease,0,2026-03,67284,654412,0.0055,0,
2026-03-02 00:00:00+00:00,50+ bps decrease,1,2026-04,75478,669660,0.016,0,66025383.9220003
2026-03-02 00:00:00+00:00,50+ bps decrease,3,2026-06,101772,906972,0.045,0,37866883.42341023
2026-03-03 00:00:00+00:00,50+ bps decrease,0,2026-03,67284,654412,0.0055,0,
2026-03-03 00:00:00+00:00,50+ bps decrease,1,2026-04,75478,669660,0.0145,0,66025383.9220003
2026-03-03 00:00:00+00:00,50+ bps decrease,3,2026-06,101772,906972,0.045,0,37866883.42341023
2026-03-04 00:00:00+00:00,50+ bps decrease,0,2026-03,67284,654412,0.0045,0,
2026-03-04 00:00:00+00:00,50+ bps decrease,1,2026-04,75478,669660,0.018,0,66025383.9220003
2026-03-04 00:00:00+00:00,50+ bps decrease,3,2026-06,101772,906972,0.05,0,37866883.42341023
2026-03-05 00:00:00+00:00,50+ bps decrease,0,2026-03,67284,654412,0.0035,0,
2026-03-05 00:00:00+00:00,50+ bps decrease,1,2026-04,75478,669660,0.0145,0,66025383.9220003
2026-03-05 00:00:00+00:00,50+ bps decrease,3,2026-06,101772,906972,0.045,0,37866883.42341023
2026-03-06 00:00:00+00:00,50+ bps decrease,0,2026-03,67284,654412,0.0025,0,
2026-03-06 00:00:00+00:00,50+ bps decrease,1,2026-04,75478,669660,0.0145,0,66025383.9220003
2026-03-06 00:00:00+00:00,50+ bps decrease,3,2026-06,101772,906972,0.0315,0,37866883.42341023
2026-03-07 00:00:00+00:00,50+ bps decrease,0,2026-03,67284,654412,0.0015,0,
2026-03-07 00:00:00+00:00,50+ bps decrease,1,2026-04,75478,669660,0.0145,0,66025383.9220003
2026-03-07 00:00:00+00:00,50+ bps decrease,3,2026-06,101772,906972,0.0405,0,37866883.42341023
2026-03-08 00:00:00+00:00,50+ bps decrease,0,2026-03,67284,654412,0.0025,0,
2026-03-08 00:00:00+00:00,50+ bps decrease,1,2026-04,75478,669660,0.0175,0,66025383.9220003
2026-03-08 00:00:00+00:00,50+ bps decrease,3,2026-06,101772,906972,0.047,0,37866883.42341023
2026-03-09 00:00:00+00:00,50+ bps decrease,0,2026-03,67284,654412,0.0025,0,
2026-03-09 00:00:00+00:00,50+ bps decrease,1,2026-04,75478,669660,0.021,0,66025383.9220003
2026-03-09 00:00:00+00:00,50+ bps decrease,3,2026-06,101772,906972,0.0545,0,37866883.42341023
2026-03-10 00:00:00+00:00,50+ bps decrease,0,2026-03,67284,654412,0.0025,0,
2026-03-10 00:00:00+00:00,50+ bps decrease,1,2026-04,75478,669660,0.0165,0,66025383.9220003
2026-03-10 00:00:00+00:00,50+ bps decrease,3,2026-06,101772,906972,0.055,0,37866883.42341023
2026-03-11 00:00:00+00:00,50+ bps decrease,0,2026-03,67284,654412,0.0025,0,
2026-03-11 00:00:00+00:00,50+ bps decrease,1,2026-04,75478,669660,0.0155,0,66025383.9220003
2026-03-11 00:00:00+00:00,50+ bps decrease,3,2026-06,101772,906972,0.053,0,37866883.42341023
2026-03-12 00:00:00+00:00,50+ bps decrease,0,2026-03,67284,654412,0.0015,0,
2026-03-12 00:00:00+00:00,50+ bps decrease,1,2026-04,75478,669660,0.0155,0,66025383.9220003
2026-03-12 00:00:00+00:00,50+ bps decrease,3,2026-06,101772,906972,0.0475,0,37866883.42341023
2026-03-13 00:00:00+00:00,50+ bps decrease,0,2026-03,67284,654412,0.0015,0,
2026-03-13 00:00:00+00:00,50+ bps decrease,1,2026-04,75478,669660,0.0145,0,66025383.9220003
2026-03-14 00:00:00+00:00,50+ bps decrease,0,2026-03,67284,654412,0.0015,0,
2026-03-14 00:00:00+00:00,50+ bps decrease,1,2026-04,75478,669660,0.0125,0,66025383.9220003
2026-03-14 00:00:00+00:00,50+ bps decrease,3,2026-06,101772,906972,0.0365,0,37866883.42341023
2026-03-15 00:00:00+00:00,50+ bps decrease,0,2026-03,67284,654412,0.0005,0,
2026-03-15 00:00:00+00:00,50+ bps decrease,1,2026-04,75478,669660,0.0135,0,66025383.9220003
2026-03-15 00:00:00+00:00,50+ bps decrease,3,2026-06,101772,906972,0.0335,0,37866883.42341023
2026-03-16 00:00:00+00:00,50+ bps decrease,3,2026-06,101772,906972,0.032,0,37866883.42341023
2026-03-17 00:00:00+00:00,50+ bps decrease,0,2026-03,67284,654412,0.0005,0,
2026-03-17 00:00:00+00:00,50+ bps decrease,1,2026-04,75478,669660,0.0095,0,66025383.9220003
2026-03-17 00:00:00+00:00,50+ bps decrease,3,2026-06,101772,906972,0.054,0,37866883.42341023
2026-03-18 00:00:00+00:00,50+ bps decrease,0,2026-03,67284,654412,0.0005,0,
2026-03-18 00:00:00+00:00,50+ bps decrease,1,2026-04,75478,669660,0.0105,0,66025383.9220003
2026-03-18 00:00:00+00:00,50+ bps decrease,3,2026-06,101772,906972,0.0345,0,37866883.42341023
2026-03-19 00:00:00+00:00,50+ bps decrease,3,2026-06,101772,906972,0.013,0,37866883.42341023
2026-03-20 00:00:00+00:00,50+ bps decrease,1,2026-04,75478,669660,0.0065,0,66025383.9220003
2026-03-20 00:00:00+00:00,50+ bps decrease,3,2026-06,101772,906972,0.0125,0,37866883.42341023
2026-03-21 00:00:00+00:00,50+ bps decrease,1,2026-04,75478,669660,0.0055,0,66025383.9220003
2026-03-21 00:00:00+00:00,50+ bps decrease,3,2026-06,101772,906972,0.0105,0,37866883.42341023
2026-03-21 00:00:00+00:00,50+ bps decrease,4,2026-07,287395,1654956,0.0225,0,22015343.545755006
2026-03-22 00:00:00+00:00,50+ bps decrease,1,2026-04,75478,669660,0.0055,0,66025383.9220003
2026-03-22 00:00:00+00:00,50+ bps decrease,3,2026-06,101772,906972,0.009,0,37866883.42341023
2026-03-22 00:00:00+00:00,50+ bps decrease,4,2026-07,287395,1654956,0.022,0,22015343.545755006
2026-03-23 00:00:00+00:00,50+ bps decrease,1,2026-04,75478,669660,0.0045,0,66025383.9220003
2026-03-23 00:00:00+00:00,50+ bps decrease,3,2026-06,101772,906972,0.0085,0,37866883.42341023
2026-03-23 00:00:00+00:00,50+ bps decrease,4,2026-07,287395,1654956,0.0215,0,22015343.545755006
2026-03-24 00:00:00+00:00,50+ bps decrease,1,2026-04,75478,669660,0.0045,0,66025383.9220003
2026-03-24 00:00:00+00:00,50+ bps decrease,3,2026-06,101772,906972,0.0075,0,37866883.42341023
2026-03-24 00:00:00+00:00,50+ bps decrease,4,2026-07,287395,1654956,0.02,0,22015343.545755006
2026-03-25 00:00:00+00:00,50+ bps decrease,1,2026-04,75478,669660,0.0045,0,66025383.9220003
2026-03-25 00:00:00+00:00,50+ bps decrease,3,2026-06,101772,906972,0.0075,0,37866883.42341023
2026-03-25 00:00:00+00:00,50+ bps decrease,4,2026-07,287395,1654956,0.0255,0,22015343.545755006
2026-03-26 00:00:00+00:00,50+ bps decrease,1,2026-04,75478,669660,0.0045,0,66025383.9220003
2026-03-26 00:00:00+00:00,50+ bps decrease,3,2026-06,101772,906972,0.0085,0,37866883.42341023
2026-03-26 00:00:00+00:00,50+ bps decrease,4,2026-07,287395,1654956,0.023,0,22015343.545755006
2026-03-27 00:00:00+00:00,50+ bps decrease,1,2026-04,75478,669660,0.0045,0,66025383.9220003
2026-03-27 00:00:00+00:00,50+ bps decrease,3,2026-06,101772,906972,0.01,0,37866883.42341023
2026-03-27 00:00:00+00:00,50+ bps decrease,4,2026-07,287395,1654956,0.0215,0,22015343.545755006
2026-03-28 00:00:00+00:00,50+ bps decrease,1,2026-04,75478,669660,0.0045,0,66025383.9220003
2026-03-28 00:00:00+00:00,50+ bps decrease,3,2026-06,101772,906972,0.0095,0,37866883.42341023
2026-03-28 00:00:00+00:00,50+ bps decrease,4,2026-07,287395,1654956,0.02,0,22015343.545755006
2026-03-29 00:00:00+00:00,50+ bps decrease,1,2026-04,75478,669660,0.0045,0,66025383.9220003
2026-03-29 00:00:00+00:00,50+ bps decrease,3,2026-06,101772,906972,0.015,0,37866883.42341023
2026-03-29 00:00:00+00:00,50+ bps decrease,4,2026-07,287395,1654956,0.0185,0,22015343.545755006
2026-03-30 00:00:00+00:00,50+ bps decrease,1,2026-04,75478,669660,0.0045,0,66025383.9220003
2026-03-31 00:00:00+00:00,50+ bps decrease,1,2026-04,75478,669660,0.0045,0,66025383.9220003
2026-04-01 00:00:00+00:00,50+ bps decrease,0,2026-04,75478,669660,0.0045,0,66025383.9220003
2026-04-02 00:00:00+00:00,50+ bps decrease,0,2026-04,75478,669660,0.0045,0,66025383.9220003
2026-04-03 00:00:00+00:00,50+ bps decrease,0,2026-04,75478,669660,0.0045,0,66025383.9220003
2026-04-04 00:00:00+00:00,50+ bps decrease,0,2026-04,75478,669660,0.0045,0,66025383.9220003
2026-04-05 00:00:00+00:00,50+ bps decrease,3,2026-07,287395,1654956,0.0175,0,22015343.545755006
2026-04-06 00:00:00+00:00,50+ bps decrease,0,2026-04,75478,669660,0.0035,0,66025383.9220003
2026-04-07 00:00:00+00:00,50+ bps decrease,0,2026-04,75478,669660,0.0035,0,66025383.9220003
2026-04-09 00:00:00+00:00,50+ bps decrease,0,2026-04,75478,669660,0.0035,0,66025383.9220003
2026-04-09 00:00:00+00:00,50+ bps decrease,2,2026-06,101772,906972,0.0075,0,37866883.42341023
2026-04-09 00:00:00+00:00,50+ bps decrease,3,2026-07,287395,1654956,0.021,0,22015343.545755006
2026-04-13 00:00:00+00:00,50+ bps decrease,0,2026-04,75478,669660,0.0035,0,66025383.9220003
2026-04-15 00:00:00+00:00,50+ bps decrease,0,2026-04,75478,669660,0.0035,0,66025383.9220003
2026-04-16 00:00:00+00:00,50+ bps decrease,0,2026-04,75478,669660,0.0025,0,66025383.9220003
2026-04-18 00:00:00+00:00,50+ bps decrease,0,2026-04,75478,669660,0.0015,0,66025383.9220003
2026-04-22 00:00:00+00:00,50+ bps decrease,0,2026-04,75478,669660,0.0015,0,66025383.9220003
2026-04-22 00:00:00+00:00,50+ bps decrease,2,2026-06,101772,906972,0.0095,0,37866883.42341023
2026-04-22 00:00:00+00:00,50+ bps decrease,3,2026-07,287395,1654956,0.0245,0,22015343.545755006
2026-04-23 00:00:00+00:00,50+ bps decrease,0,2026-04,75478,669660,0.0015,0,66025383.9220003
2026-04-23 00:00:00+00:00,50+ bps decrease,2,2026-06,101772,906972,0.0085,0,37866883.42341023
2026-04-23 00:00:00+00:00,50+ bps decrease,3,2026-07,287395,1654956,0.0375,0,22015343.545755006
2026-04-24 00:00:00+00:00,50+ bps decrease,0,2026-04,75478,669660,0.0015,0,66025383.9220003
2026-04-24 00:00:00+00:00,50+ bps decrease,2,2026-06,101772,906972,0.0085,0,37866883.42341023
2026-04-24 00:00:00+00:00,50+ bps decrease,3,2026-07,287395,1654956,0.0305,0,22015343.545755006
2026-04-25 00:00:00+00:00,50+ bps decrease,0,2026-04,75478,669660,0.0015,0,66025383.9220003
2026-04-25 00:00:00+00:00,50+ bps decrease,2,2026-06,101772,906972,0.0075,0,37866883.42341023
2026-04-25 00:00:00+00:00,50+ bps decrease,3,2026-07,287395,1654956,0.0245,0,22015343.545755006
2026-04-26 00:00:00+00:00,50+ bps decrease,0,2026-04,75478,669660,0.0005,0,66025383.9220003
2026-04-26 00:00:00+00:00,50+ bps decrease,2,2026-06,101772,906972,0.0075,0,37866883.42341023
2026-04-26 00:00:00+00:00,50+ bps decrease,3,2026-07,287395,1654956,0.0235,0,22015343.545755006
2026-04-27 00:00:00+00:00,50+ bps decrease,0,2026-04,75478,669660,0.0005,0,66025383.9220003
2026-04-27 00:00:00+00:00,50+ bps decrease,2,2026-06,101772,906972,0.0085,0,37866883.42341023
2026-04-27 00:00:00+00:00,50+ bps decrease,3,2026-07,287395,1654956,0.0225,0,22015343.545755006
2026-04-28 00:00:00+00:00,50+ bps decrease,0,2026-04,75478,669660,0.0005,0,66025383.9220003
2026-04-28 00:00:00+00:00,50+ bps decrease,2,2026-06,101772,906972,0.0085,0,37866883.42341023
2026-04-28 00:00:00+00:00,50+ bps decrease,3,2026-07,287395,1654956,0.0215,0,22015343.545755006
2026-04-29 00:00:00+00:00,50+ bps decrease,0,2026-04,75478,669660,0.0005,0,66025383.9220003
2026-04-29 00:00:00+00:00,50+ bps decrease,2,2026-06,101772,906972,0.0085,0,37866883.42341023
2026-04-29 00:00:00+00:00,50+ bps decrease,3,2026-07,287395,1654956,0.0215,0,22015343.545755006
2026-04-30 00:00:00+00:00,50+ bps decrease,2,2026-06,101772,906972,0.0075,0,37866883.42341023
2026-04-30 00:00:00+00:00,50+ bps decrease,3,2026-07,287395,1654956,0.0225,0,22015343.545755006
2026-05-01 00:00:00+00:00,50+ bps decrease,1,2026-06,101772,906972,0.0055,0,37866883.42341023
2026-05-01 00:00:00+00:00,50+ bps decrease,2,2026-07,287395,1654956,0.0205,0,22015343.545755006
2026-05-02 00:00:00+00:00,50+ bps decrease,1,2026-06,101772,906972,0.0045,0,37866883.42341023
2026-05-02 00:00:00+00:00,50+ bps decrease,2,2026-07,287395,1654956,0.0185,0,22015343.545755006
2026-05-03 00:00:00+00:00,50+ bps decrease,1,2026-06,101772,906972,0.0045,0,37866883.42341023
2026-05-03 00:00:00+00:00,50+ bps decrease,2,2026-07,287395,1654956,0.0175,0,22015343.545755006
2026-05-04 00:00:00+00:00,50+ bps decrease,1,2026-06,101772,906972,0.0045,0,37866883.42341023
2026-05-04 00:00:00+00:00,50+ bps decrease,2,2026-07,287395,1654956,0.0175,0,22015343.545755006
2026-05-05 00:00:00+00:00,50+ bps decrease,1,2026-06,101772,906972,0.0045,0,37866883.42341023
2026-05-05 00:00:00+00:00,50+ bps decrease,2,2026-07,287395,1654956,0.0185,0,22015343.545755006
2026-05-06 00:00:00+00:00,50+ bps decrease,1,2026-06,101772,906972,0.0055,0,37866883.42341023
2026-05-06 00:00:00+00:00,50+ bps decrease,2,2026-07,287395,1654956,0.0185,0,22015343.545755006
2026-05-07 00:00:00+00:00,50+ bps decrease,1,2026-06,101772,906972,0.0065,0,37866883.42341023
2026-05-07 00:00:00+00:00,50+ bps decrease,2,2026-07,287395,1654956,0.019,0,22015343.545755006
2026-05-08 00:00:00+00:00,50+ bps decrease,1,2026-06,101772,906972,0.0075,0,37866883.42341023
2026-05-08 00:00:00+00:00,50+ bps decrease,2,2026-07,287395,1654956,0.0175,0,22015343.545755006
2026-05-09 00:00:00+00:00,50+ bps decrease,1,2026-06,101772,906972,0.0055,0,37866883.42341023
2026-05-09 00:00:00+00:00,50+ bps decrease,2,2026-07,287395,1654956,0.0165,0,22015343.545755006
2026-05-10 00:00:00+00:00,50+ bps decrease,1,2026-06,101772,906972,0.0045,0,37866883.42341023
2026-05-10 00:00:00+00:00,50+ bps decrease,2,2026-07,287395,1654956,0.0135,0,22015343.545755006
2026-05-11 00:00:00+00:00,50+ bps decrease,1,2026-06,101772,906972,0.0045,0,37866883.42341023
2026-05-11 00:00:00+00:00,50+ bps decrease,2,2026-07,287395,1654956,0.0125,0,22015343.545755006
2026-05-12 00:00:00+00:00,50+ bps decrease,1,2026-06,101772,906972,0.0045,0,37866883.42341023
2026-05-12 00:00:00+00:00,50+ bps decrease,2,2026-07,287395,1654956,0.0135,0,22015343.545755006
2026-05-13 00:00:00+00:00,50+ bps decrease,1,2026-06,101772,906972,0.0045,0,37866883.42341023
2026-05-13 00:00:00+00:00,50+ bps decrease,2,2026-07,287395,1654956,0.0155,0,22015343.545755006
2026-05-14 00:00:00+00:00,50+ bps decrease,1,2026-06,101772,906972,0.0045,0,37866883.42341023
2026-05-14 00:00:00+00:00,50+ bps decrease,2,2026-07,287395,1654956,0.0135,0,22015343.545755006
2026-05-14 00:00:00+00:00,50+ bps decrease,4,2026-09,481717,2252242,0.05,0,19739407.147784986
2026-05-15 00:00:00+00:00,50+ bps decrease,1,2026-06,101772,906972,0.0045,0,37866883.42341023
2026-05-15 00:00:00+00:00,50+ bps decrease,2,2026-07,287395,1654956,0.0115,0,22015343.545755006
2026-05-15 00:00:00+00:00,50+ bps decrease,4,2026-09,481717,2252242,0.0215,0,19739407.147784986
2026-05-16 00:00:00+00:00,50+ bps decrease,1,2026-06,101772,906972,0.0045,0,37866883.42341023
2026-05-16 00:00:00+00:00,50+ bps decrease,2,2026-07,287395,1654956,0.0085,0,22015343.545755006
2026-05-16 00:00:00+00:00,50+ bps decrease,4,2026-09,481717,2252242,0.0085,0,19739407.147784986
2026-05-17 00:00:00+00:00,50+ bps decrease,1,2026-06,101772,906972,0.0065,0,37866883.42341023
2026-05-17 00:00:00+00:00,50+ bps decrease,2,2026-07,287395,1654956,0.0085,0,22015343.545755006
2026-05-17 00:00:00+00:00,50+ bps decrease,4,2026-09,481717,2252242,0.0225,0,19739407.147784986
2026-05-18 00:00:00+00:00,50+ bps decrease,1,2026-06,101772,906972,0.0055,0,37866883.42341023
2026-05-18 00:00:00+00:00,50+ bps decrease,2,2026-07,287395,1654956,0.008,0,22015343.545755006
2026-05-18 00:00:00+00:00,50+ bps decrease,4,2026-09,481717,2252242,0.014,0,19739407.147784986
2026-05-19 00:00:00+00:00,50+ bps decrease,1,2026-06,101772,906972,0.0045,0,37866883.42341023
2026-05-19 00:00:00+00:00,50+ bps decrease,2,2026-07,287395,1654956,0.0075,0,22015343.545755006
2026-05-19 00:00:00+00:00,50+ bps decrease,4,2026-09,481717,2252242,0.02,0,19739407.147784986
2026-05-20 00:00:00+00:00,50+ bps decrease,1,2026-06,101772,906972,0.0055,0,37866883.42341023
2026-05-20 00:00:00+00:00,50+ bps decrease,2,2026-07,287395,1654956,0.0075,0,22015343.545755006
2026-05-20 00:00:00+00:00,50+ bps decrease,4,2026-09,481717,2252242,0.0205,0,19739407.147784986
2026-05-21 00:00:00+00:00,50+ bps decrease,1,2026-06,101772,906972,0.0045,0,37866883.42341023
2026-05-21 00:00:00+00:00,50+ bps decrease,2,2026-07,287395,1654956,0.0065,0,22015343.545755006
2026-05-21 00:00:00+00:00,50+ bps decrease,4,2026-09,481717,2252242,0.0245,0,19739407.147784986
2026-05-22 00:00:00+00:00,50+ bps decrease,1,2026-06,101772,906972,0.0045,0,37866883.42341023
2026-05-22 00:00:00+00:00,50+ bps decrease,2,2026-07,287395,1654956,0.0065,0,22015343.545755006
2026-05-22 00:00:00+00:00,50+ bps decrease,4,2026-09,481717,2252242,0.027,0,19739407.147784986
2026-05-23 00:00:00+00:00,50+ bps decrease,1,2026-06,101772,906972,0.0055,0,37866883.42341023
2026-05-23 00:00:00+00:00,50+ bps decrease,2,2026-07,287395,1654956,0.0065,0,22015343.545755006
2026-05-23 00:00:00+00:00,50+ bps decrease,4,2026-09,481717,2252242,0.0265,0,19739407.147784986
2026-05-24 00:00:00+00:00,50+ bps decrease,1,2026-06,101772,906972,0.0055,0,37866883.42341023
2026-05-24 00:00:00+00:00,50+ bps decrease,2,2026-07,287395,1654956,0.0065,0,22015343.545755006
2026-05-24 00:00:00+00:00,50+ bps decrease,4,2026-09,481717,2252242,0.0415,0,19739407.147784986
2026-05-25 00:00:00+00:00,50+ bps decrease,1,2026-06,101772,906972,0.0065,0,37866883.42341023
2026-05-25 00:00:00+00:00,50+ bps decrease,2,2026-07,287395,1654956,0.0065,0,22015343.545755006
2026-05-25 00:00:00+00:00,50+ bps decrease,4,2026-09,481717,2252242,0.057,0,19739407.147784986
2026-05-26 00:00:00+00:00,50+ bps decrease,1,2026-06,101772,906972,0.0045,0,37866883.42341023
2026-05-26 00:00:00+00:00,50+ bps decrease,2,2026-07,287395,1654956,0.0065,0,22015343.545755006
2026-05-26 00:00:00+00:00,50+ bps decrease,4,2026-09,481717,2252242,0.0455,0,19739407.147784986
2026-05-27 00:00:00+00:00,50+ bps decrease,1,2026-06,101772,906972,0.0055,0,37866883.42341023
2026-05-27 00:00:00+00:00,50+ bps decrease,2,2026-07,287395,1654956,0.008,0,22015343.545755006
2026-05-27 00:00:00+00:00,50+ bps decrease,4,2026-09,481717,2252242,0.035,0,19739407.147784986
2026-05-28 00:00:00+00:00,50+ bps decrease,1,2026-06,101772,906972,0.0055,0,37866883.42341023
2026-05-28 00:00:00+00:00,50+ bps decrease,2,2026-07,287395,1654956,0.0075,0,22015343.545755006
2026-05-28 00:00:00+00:00,50+ bps decrease,4,2026-09,481717,2252242,0.021,0,19739407.147784986
2026-05-29 00:00:00+00:00,50+ bps decrease,1,2026-06,101772,906972,0.0055,0,37866883.42341023
2026-05-29 00:00:00+00:00,50+ bps decrease,2,2026-07,287395,1654956,0.01,0,22015343.545755006
2026-05-29 00:00:00+00:00,50+ bps decrease,4,2026-09,481717,2252242,0.019,0,19739407.147784986
2026-05-30 00:00:00+00:00,50+ bps decrease,1,2026-06,101772,906972,0.0055,0,37866883.42341023
2026-05-30 00:00:00+00:00,50+ bps decrease,2,2026-07,287395,1654956,0.009,0,22015343.545755006
2026-05-30 00:00:00+00:00,50+ bps decrease,4,2026-09,481717,2252242,0.016,0,19739407.147784986
2026-05-31 00:00:00+00:00,50+ bps decrease,1,2026-06,101772,906972,0.0055,0,37866883.42341023
2026-05-31 00:00:00+00:00,50+ bps decrease,2,2026-07,287395,1654956,0.009,0,22015343.545755006
2026-05-31 00:00:00+00:00,50+ bps decrease,4,2026-09,481717,2252242,0.0145,0,19739407.147784986
2026-06-01 00:00:00+00:00,50+ bps decrease,0,2026-06,101772,906972,0.0055,0,37866883.42341023
2026-06-01 00:00:00+00:00,50+ bps decrease,1,2026-07,287395,1654956,0.0075,0,22015343.545755006
2026-06-01 00:00:00+00:00,50+ bps decrease,3,2026-09,481717,2252242,0.0245,0,19739407.147784986
2026-06-02 00:00:00+00:00,50+ bps decrease,0,2026-06,101772,906972,0.0045,0,37866883.42341023
2026-06-02 00:00:00+00:00,50+ bps decrease,1,2026-07,287395,1654956,0.0075,0,22015343.545755006
2026-06-02 00:00:00+00:00,50+ bps decrease,3,2026-09,481717,2252242,0.023,0,19739407.147784986
2026-06-03 00:00:00+00:00,50+ bps decrease,0,2026-06,101772,906972,0.0055,0,37866883.42341023
2026-06-03 00:00:00+00:00,50+ bps decrease,1,2026-07,287395,1654956,0.0075,0,22015343.545755006
2026-06-03 00:00:00+00:00,50+ bps decrease,3,2026-09,481717,2252242,0.0215,0,19739407.147784986
2026-06-04 00:00:00+00:00,50+ bps decrease,0,2026-06,101772,906972,0.0045,0,37866883.42341023
2026-06-04 00:00:00+00:00,50+ bps decrease,1,2026-07,287395,1654956,0.0075,0,22015343.545755006
2026-06-04 00:00:00+00:00,50+ bps decrease,3,2026-09,481717,2252242,0.018,0,19739407.147784986
2026-06-05 00:00:00+00:00,50+ bps decrease,0,2026-06,101772,906972,0.0045,0,37866883.42341023
2026-06-05 00:00:00+00:00,50+ bps decrease,1,2026-07,287395,1654956,0.0075,0,22015343.545755006
2026-06-05 00:00:00+00:00,50+ bps decrease,3,2026-09,481717,2252242,0.0175,0,19739407.147784986
2026-06-06 00:00:00+00:00,50+ bps decrease,0,2026-06,101772,906972,0.0025,0,37866883.42341023
2026-06-06 00:00:00+00:00,50+ bps decrease,1,2026-07,287395,1654956,0.0065,0,22015343.545755006
2026-06-06 00:00:00+00:00,50+ bps decrease,3,2026-09,481717,2252242,0.0145,0,19739407.147784986
2026-06-07 00:00:00+00:00,50+ bps decrease,0,2026-06,101772,906972,0.0025,0,37866883.42341023
2026-06-07 00:00:00+00:00,50+ bps decrease,1,2026-07,287395,1654956,0.0075,0,22015343.545755006
2026-06-07 00:00:00+00:00,50+ bps decrease,3,2026-09,481717,2252242,0.0175,0,19739407.147784986
2026-06-08 00:00:00+00:00,50+ bps decrease,0,2026-06,101772,906972,0.0015,0,37866883.42341023
2026-06-08 00:00:00+00:00,50+ bps decrease,1,2026-07,287395,1654956,0.0075,0,22015343.545755006
2026-06-08 00:00:00+00:00,50+ bps decrease,3,2026-09,481717,2252242,0.0245,0,19739407.147784986
2026-06-09 00:00:00+00:00,50+ bps decrease,0,2026-06,101772,906972,0.0015,0,37866883.42341023
2026-06-09 00:00:00+00:00,50+ bps decrease,1,2026-07,287395,1654956,0.0065,0,22015343.545755006
2026-06-09 00:00:00+00:00,50+ bps decrease,3,2026-09,481717,2252242,0.012,0,19739407.147784986
2026-06-10 00:00:00+00:00,50+ bps decrease,0,2026-06,101772,906972,0.0015,0,37866883.42341023
2026-06-10 00:00:00+00:00,50+ bps decrease,1,2026-07,287395,1654956,0.0075,0,22015343.545755006
2026-06-10 00:00:00+00:00,50+ bps decrease,3,2026-09,481717,2252242,0.0115,0,19739407.147784986
2026-06-11 00:00:00+00:00,50+ bps decrease,0,2026-06,101772,906972,0.0015,0,37866883.42341023
2026-06-11 00:00:00+00:00,50+ bps decrease,1,2026-07,287395,1654956,0.0075,0,22015343.545755006
2026-06-11 00:00:00+00:00,50+ bps decrease,3,2026-09,481717,2252242,0.0105,0,19739407.147784986
2026-06-12 00:00:00+00:00,50+ bps decrease,0,2026-06,101772,906972,0.0005,0,37866883.42341023
2026-06-12 00:00:00+00:00,50+ bps decrease,1,2026-07,287395,1654956,0.0075,0,22015343.545755006
2026-06-12 00:00:00+00:00,50+ bps decrease,3,2026-09,481717,2252242,0.0105,0,19739407.147784986
2026-06-13 00:00:00+00:00,50+ bps decrease,0,2026-06,101772,906972,0.0025,0,37866883.42341023
2026-06-13 00:00:00+00:00,50+ bps decrease,1,2026-07,287395,1654956,0.0075,0,22015343.545755006
2026-06-13 00:00:00+00:00,50+ bps decrease,3,2026-09,481717,2252242,0.0215,0,19739407.147784986
2026-06-14 00:00:00+00:00,50+ bps decrease,0,2026-06,101772,906972,0.0015,0,37866883.42341023
2026-06-14 00:00:00+00:00,50+ bps decrease,1,2026-07,287395,1654956,0.0075,0,22015343.545755006
2026-06-14 00:00:00+00:00,50+ bps decrease,3,2026-09,481717,2252242,0.0215,0,19739407.147784986
2026-06-15 00:00:00+00:00,50+ bps decrease,0,2026-06,101772,906972,0.0015,0,37866883.42341023
2026-06-15 00:00:00+00:00,50+ bps decrease,1,2026-07,287395,1654956,0.008,0,22015343.545755006
2026-06-15 00:00:00+00:00,50+ bps decrease,3,2026-09,481717,2252242,0.0205,0,19739407.147784986
2026-06-16 00:00:00+00:00,50+ bps decrease,0,2026-06,101772,906972,0.0015,0,37866883.42341023
2026-06-16 00:00:00+00:00,50+ bps decrease,1,2026-07,287395,1654956,0.0235,0,22015343.545755006
2026-06-16 00:00:00+00:00,50+ bps decrease,3,2026-09,481717,2252242,0.026,0,19739407.147784986
2026-06-17 00:00:00+00:00,50+ bps decrease,0,2026-06,101772,906972,0.0005,0,37866883.42341023
2026-06-17 00:00:00+00:00,50+ bps decrease,1,2026-07,287395,1654956,0.0085,0,22015343.545755006
2026-06-17 00:00:00+00:00,50+ bps decrease,3,2026-09,481717,2252242,0.025,0,19739407.147784986
2026-06-18 00:00:00+00:00,50+ bps decrease,1,2026-07,287395,1654956,0.0065,0,22015343.545755006
2026-06-18 00:00:00+00:00,50+ bps decrease,3,2026-09,481717,2252242,0.01,0,19739407.147784986
2026-06-19 00:00:00+00:00,50+ bps decrease,1,2026-07,287395,1654956,0.0055,0,22015343.545755006
2026-06-19 00:00:00+00:00,50+ bps decrease,3,2026-09,481717,2252242,0.012,0,19739407.147784986
2026-06-20 00:00:00+00:00,50+ bps decrease,1,2026-07,287395,1654956,0.0055,0,22015343.545755006
2026-06-20 00:00:00+00:00,50+ bps decrease,3,2026-09,481717,2252242,0.012,0,19739407.147784986
2026-06-21 00:00:00+00:00,50+ bps decrease,1,2026-07,287395,1654956,0.0045,0,22015343.545755006
2026-06-21 00:00:00+00:00,50+ bps decrease,3,2026-09,481717,2252242,0.0115,0,19739407.147784986
2026-06-22 00:00:00+00:00,50+ bps decrease,1,2026-07,287395,1654956,0.0045,0,22015343.545755006
2026-06-22 00:00:00+00:00,50+ bps decrease,3,2026-09,481717,2252242,0.017,0,19739407.147784986
2026-06-23 00:00:00+00:00,50+ bps decrease,1,2026-07,287395,1654956,0.0045,0,22015343.545755006
2026-06-23 00:00:00+00:00,50+ bps decrease,3,2026-09,481717,2252242,0.0215,0,19739407.147784986
2026-06-24 00:00:00+00:00,50+ bps decrease,1,2026-07,287395,1654956,0.0045,0,22015343.545755006
2026-06-24 00:00:00+00:00,50+ bps decrease,3,2026-09,481717,2252242,0.027,0,19739407.147784986
2026-06-25 00:00:00+00:00,50+ bps decrease,1,2026-07,287395,1654956,0.0045,0,22015343.545755006
2026-06-25 00:00:00+00:00,50+ bps decrease,3,2026-09,481717,2252242,0.031,0,19739407.147784986
2026-06-26 00:00:00+00:00,50+ bps decrease,1,2026-07,287395,1654956,0.0045,0,22015343.545755006
2026-06-26 00:00:00+00:00,50+ bps decrease,3,2026-09,481717,2252242,0.0255,0,19739407.147784986
2026-06-27 00:00:00+00:00,50+ bps decrease,1,2026-07,287395,1654956,0.0045,0,22015343.545755006
2026-06-27 00:00:00+00:00,50+ bps decrease,3,2026-09,481717,2252242,0.027,0,19739407.147784986
2026-06-28 00:00:00+00:00,50+ bps decrease,1,2026-07,287395,1654956,0.0045,0,22015343.545755006
2026-06-28 00:00:00+00:00,50+ bps decrease,3,2026-09,481717,2252242,0.0245,0,19739407.147784986
2026-06-29 00:00:00+00:00,50+ bps decrease,1,2026-07,287395,1654956,0.0045,0,22015343.545755006
2026-06-29 00:00:00+00:00,50+ bps decrease,3,2026-09,481717,2252242,0.0235,0,19739407.147784986
2026-06-30 00:00:00+00:00,50+ bps decrease,1,2026-07,287395,1654956,0.008,0,22015343.545755006
2026-06-30 00:00:00+00:00,50+ bps decrease,3,2026-09,481717,2252242,0.0235,0,19739407.147784986
2026-07-01 00:00:00+00:00,50+ bps decrease,0,2026-07,287395,1654956,0.0075,0,22015343.545755006
2026-07-01 00:00:00+00:00,50+ bps decrease,2,2026-09,481717,2252242,0.0265,0,19739407.147784986
2026-07-02 00:00:00+00:00,50+ bps decrease,0,2026-07,287395,1654956,0.0025,0,22015343.545755006
2026-07-02 00:00:00+00:00,50+ bps decrease,2,2026-09,481717,2252242,0.0245,0,19739407.147784986
2026-07-03 00:00:00+00:00,50+ bps decrease,0,2026-07,287395,1654956,0.0015,0,22015343.545755006
2026-07-03 00:00:00+00:00,50+ bps decrease,2,2026-09,481717,2252242,0.0305,0,19739407.147784986
2026-07-04 00:00:00+00:00,50+ bps decrease,0,2026-07,287395,1654956,0.0015,0,22015343.545755006
2026-07-04 00:00:00+00:00,50+ bps decrease,2,2026-09,481717,2252242,0.0235,0,19739407.147784986
2026-07-05 00:00:00+00:00,50+ bps decrease,0,2026-07,287395,1654956,0.0015,0,22015343.545755006
2026-07-05 00:00:00+00:00,50+ bps decrease,2,2026-09,481717,2252242,0.0255,0,19739407.147784986
2026-07-06 00:00:00+00:00,50+ bps decrease,0,2026-07,287395,1654956,0.0015,0,22015343.545755006
2026-07-06 00:00:00+00:00,50+ bps decrease,2,2026-09,481717,2252242,0.0245,0,19739407.147784986
2026-07-07 00:00:00+00:00,50+ bps decrease,0,2026-07,287395,1654956,0.0015,0,22015343.545755006
2026-07-07 00:00:00+00:00,50+ bps decrease,2,2026-09,481717,2252242,0.023,0,19739407.147784986
2026-07-08 00:00:00+00:00,50+ bps decrease,0,2026-07,287395,1654956,0.0015,0,22015343.545755006
2026-07-08 00:00:00+00:00,50+ bps decrease,2,2026-09,481717,2252242,0.0225,0,19739407.147784986
2026-07-09 00:00:00+00:00,50+ bps decrease,0,2026-07,287395,1654956,0.0015,0,22015343.545755006
2026-07-09 00:00:00+00:00,50+ bps decrease,2,2026-09,481717,2252242,0.0215,0,19739407.147784986
2026-07-10 00:00:00+00:00,50+ bps decrease,0,2026-07,287395,1654956,0.0015,0,22015343.545755006
2026-07-10 00:00:00+00:00,50+ bps decrease,2,2026-09,481717,2252242,0.0215,0,19739407.147784986
2026-07-11 00:00:00+00:00,50+ bps decrease,0,2026-07,287395,1654956,0.0015,0,22015343.545755006
2026-07-11 00:00:00+00:00,50+ bps decrease,2,2026-09,481717,2252242,0.0215,0,19739407.147784986
2026-07-12 00:00:00+00:00,50+ bps decrease,0,2026-07,287395,1654956,0.0015,0,22015343.545755006
2026-07-12 00:00:00+00:00,50+ bps decrease,2,2026-09,481717,2252242,0.022,0,19739407.147784986
2026-07-13 00:00:00+00:00,50+ bps decrease,0,2026-07,287395,1654956,0.0015,0,22015343.545755006
2026-07-13 00:00:00+00:00,50+ bps decrease,2,2026-09,481717,2252242,0.0215,0,19739407.147784986
2026-07-14 00:00:00+00:00,50+ bps decrease,0,2026-07,287395,1654956,0.0015,0,22015343.545755006
2026-07-14 00:00:00+00:00,50+ bps decrease,2,2026-09,481717,2252242,0.0185,0,19739407.147784986
2026-07-15 00:00:00+00:00,50+ bps decrease,0,2026-07,287395,1654956,0.0015,0,22015343.545755006
2026-07-15 00:00:00+00:00,50+ bps decrease,2,2026-09,481717,2252242,0.0205,0,19739407.147784986
2026-07-16 00:00:00+00:00,50+ bps decrease,0,2026-07,287395,1654956,0.0015,0,22015343.545755006
2026-07-16 00:00:00+00:00,50+ bps decrease,2,2026-09,481717,2252242,0.0225,0,19739407.147784986
2026-07-17 00:00:00+00:00,50+ bps decrease,0,2026-07,287395,1654956,0.0015,0,22015343.545755006
2026-07-17 00:00:00+00:00,50+ bps decrease,2,2026-09,481717,2252242,0.0215,0,19739407.147784986
2026-07-18 00:00:00+00:00,50+ bps decrease,0,2026-07,287395,1654956,0.0015,0,22015343.545755006
2026-07-18 00:00:00+00:00,50+ bps decrease,2,2026-09,481717,2252242,0.0215,0,19739407.147784986
2026-07-19 00:00:00+00:00,50+ bps decrease,0,2026-07,287395,1654956,0.0015,0,22015343.545755006
2026-07-19 00:00:00+00:00,50+ bps decrease,2,2026-09,481717,2252242,0.0215,0,19739407.147784986
2026-07-20 00:00:00+00:00,50+ bps decrease,0,2026-07,287395,1654956,0.0015,0,22015343.545755006
2026-07-20 00:00:00+00:00,50+ bps decrease,2,2026-09,481717,2252242,0.022,0,19739407.147784986
2026-07-21 00:00:00+00:00,50+ bps decrease,0,2026-07,287395,1654956,0.0015,0,22015343.545755006
2026-07-21 00:00:00+00:00,50+ bps decrease,2,2026-09,481717,2252242,0.0205,0,19739407.147784986
2026-07-22 00:00:00+00:00,50+ bps decrease,0,2026-07,287395,1654956,0.0015,0,22015343.545755006
2026-07-22 00:00:00+00:00,50+ bps decrease,2,2026-09,481717,2252242,0.0195,0,19739407.147784986
2026-07-23 00:00:00+00:00,50+ bps decrease,0,2026-07,287395,1654956,0.0015,0,22015343.545755006
2026-07-23 00:00:00+00:00,50+ bps decrease,2,2026-09,481717,2252242,0.0195,0,19739407.147784986
2026-07-24 00:00:00+00:00,50+ bps decrease,0,2026-07,287395,1654956,0.0015,0,22015343.545755006
2026-07-24 00:00:00+00:00,50+ bps decrease,2,2026-09,481717,2252242,0.0195,0,19739407.147784986
2026-07-25 00:00:00+00:00,50+ bps decrease,0,2026-07,287395,1654956,0.0015,0,22015343.545755006
2026-07-25 00:00:00+00:00,50+ bps decrease,2,2026-09,481717,2252242,0.0195,0,19739407.147784986
2026-07-26 00:00:00+00:00,50+ bps decrease,0,2026-07,287395,1654956,0.0015,0,22015343.545755006
2026-07-26 00:00:00+00:00,50+ bps decrease,2,2026-09,481717,2252242,0.02,0,19739407.147784986
2026-07-27 00:00:00+00:00,50+ bps decrease,0,2026-07,287395,1654956,0.0015,0,22015343.545755006
2026-07-27 00:00:00+00:00,50+ bps decrease,2,2026-09,481717,2252242,0.02,0,19739407.147784986
2026-07-28 00:00:00+00:00,50+ bps decrease,0,2026-07,287395,1654956,0.0015,0,22015343.545755006
2026-07-28 00:00:00+00:00,50+ bps decrease,2,2026-09,481717,2252242,0.019,0,19739407.147784986
2026-07-30 00:00:00+00:00,50+ bps decrease,2,2026-09,481717,2252242,0.0105,0,19739407.147784986
2026-07-31 00:00:00+00:00,50+ bps decrease,2,2026-09,481717,2252242,0.0105,0,19739407.147784986
2026-08-01 00:00:00+00:00,50+ bps decrease,1,2026-09,481717,2252242,0.0105,0,19739407.147784986
2026-08-02 00:00:00+00:00,50+ bps decrease,1,2026-09,481717,2252242,0.0095,0,19739407.147784986
2026-08-03 00:00:00+00:00,50+ bps decrease,1,2026-09,481717,2252242,0.0095,0,19739407.147784986
2026-08-04 00:00:00+00:00,50+ bps decrease,1,2026-09,481717,2252242,0.0095,0,19739407.147784986
2026-08-05 00:00:00+00:00,50+ bps decrease,1,2026-09,481717,2252242,0.0095,0,19739407.147784986
2026-08-06 00:00:00+00:00,50+ bps decrease,1,2026-09,481717,2252242,0.0125,0,19739407.147784986
2026-08-07 00:00:00+00:00,50+ bps decrease,1,2026-09,481717,2252242,0.0105,0,19739407.147784986
2026-08-08 00:00:00+00:00,50+ bps decrease,1,2026-09,481717,2252242,0.0095,0,19739407.147784986
2026-08-09 00:00:00+00:00,50+ bps decrease,1,2026-09,481717,2252242,0.0095,0,19739407.147784986
2026-08-10 00:00:00+00:00,50+ bps decrease,1,2026-09,481717,2252242,0.0095,0,19739407.147784986
2026-08-11 00:00:00+00:00,50+ bps decrease,1,2026-09,481717,2252242,0.0085,0,19739407.147784986
2026-08-12 00:00:00+00:00,50+ bps decrease,1,2026-09,481717,2252242,0.0065,0,19739407.147784986
2026-08-13 00:00:00+00:00,50+ bps decrease,1,2026-09,481717,2252242,0.0055,0,19739407.147784986
2026-08-14 00:00:00+00:00,50+ bps decrease,1,2026-09,481717,2252242,0.0045,0,19739407.147784986
2026-08-15 00:00:00+00:00,50+ bps decrease,1,2026-09,481717,2252242,0.0045,0,19739407.147784986
2026-08-16 00:00:00+00:00,50+ bps decrease,1,2026-09,481717,2252242,0.0045,0,19739407.147784986
2026-08-17 00:00:00+00:00,50+ bps decrease,1,2026-09,481717,2252242,0.0035,0,19739407.147784986
2026-08-18 00:00:00+00:00,50+ bps decrease,1,2026-09,481717,2252242,0.0035,0,19739407.147784986
2026-08-19 00:00:00+00:00,50+ bps decrease,1,2026-09,481717,2252242,0.0035,0,19739407.147784986
2026-08-20 00:00:00+00:00,50+ bps decrease,1,2026-09,481717,2252242,0.0025,0,19739407.147784986
2026-08-21 00:00:00+00:00,50+ bps decrease,1,2026-09,481717,2252242,0.0025,0,19739407.147784986
2026-08-22 00:00:00+00:00,50+ bps decrease,1,2026-09,481717,2252242,0.0025,0,19739407.147784986
2026-08-23 00:00:00+00:00,50+ bps decrease,1,2026-09,481717,2252242,0.0025,0,19739407.147784986
2026-08-24 00:00:00+00:00,50+ bps decrease,1,2026-09,481717,2252242,0.0025,0,19739407.147784986
2026-08-25 00:00:00+00:00,50+ bps decrease,1,2026-09,481717,2252242,0.0025,0,19739407.147784986
2026-08-26 00:00:00+00:00,50+ bps decrease,1,2026-09,481717,2252242,0.0035,0,19739407.147784986
2026-08-27 00:00:00+00:00,50+ bps decrease,1,2026-09,481717,2252242,0.0035,0,19739407.147784986
2026-08-28 00:00:00+00:00,50+ bps decrease,1,2026-09,481717,2252242,0.0035,0,19739407.147784986
2026-08-29 00:00:00+00:00,50+ bps decrease,1,2026-09,481717,2252242,0.0025,0,19739407.147784986
2026-08-30 00:00:00+00:00,50+ bps decrease,1,2026-09,481717,2252242,0.0025,0,19739407.147784986
2026-08-31 00:00:00+00:00,50+ bps decrease,1,2026-09,481717,2252242,0.0025,0,19739407.147784986
2026-09-01 00:00:00+00:00,50+ bps decrease,0,2026-09,481717,2252242,0.0025,0,19739407.147784986
2026-09-02 00:00:00+00:00,50+ bps decrease,0,2026-09,481717,2252242,0.0015,0,19739407.147784986
2026-09-03 00:00:00+00:00,50+ bps decrease,0,2026-09,481717,2252242,0.0015,0,19739407.147784986
2026-09-04 00:00:00+00:00,50+ bps decrease,0,2026-09,481717,2252242,0.0015,0,19739407.147784986
2026-09-05 00:00:00+00:00,50+ bps decrease,0,2026-09,481717,2252242,0.0015,0,19739407.147784986
2026-09-06 00:00:00+00:00,50+ bps decrease,0,2026-09,481717,2252242,0.0015,0,19739407.147784986
2026-09-07 00:00:00+00:00,50+ bps decrease,0,2026-09,481717,2252242,0.0015,0,19739407.147784986
2026-09-08 00:00:00+00:00,50+ bps decrease,0,2026-09,481717,2252242,0.0015,0,19739407.147784986
2026-09-09 00:00:00+00:00,50+ bps decrease,0,2026-09,481717,2252242,0.0015,0,19739407.147784986
2026-09-10 00:00:00+00:00,50+ bps decrease,0,2026-09,481717,2252242,0.0015,0,19739407.147784986
2026-09-11 00:00:00+00:00,50+ bps decrease,0,2026-09,481717,2252242,0.0015,0,19739407.147784986
2026-09-12 00:00:00+00:00,50+ bps decrease,0,2026-09,481717,2252242,0.0005,0,19739407.147784986
2026-09-13 00:00:00+00:00,50+ bps decrease,0,2026-09,481717,2252242,0.0005,0,19739407.147784986
2026-09-14 00:00:00+00:00,50+ bps decrease,0,2026-09,481717,2252242,0.0005,0,19739407.147784986
2026-09-15 00:00:00+00:00,50+ bps decrease,0,2026-09,481717,2252242,0.0005,0,19739407.147784986
2026-09-16 00:00:00+00:00,50+ bps decrease,0,2026-09,481717,2252242,0.0005,0,19739407.147784986
2025-12-11 00:00:00+00:00,50+ bps increase,6,2026-06,101772,906976,0.095,0,21740489.034398697
2025-12-12 00:00:00+00:00,50+ bps increase,6,2026-06,101772,906976,0.04,0,21740489.034398697
2025-12-13 00:00:00+00:00,50+ bps increase,6,2026-06,101772,906976,0.036,0,21740489.034398697
2025-12-14 00:00:00+00:00,50+ bps increase,6,2026-06,101772,906976,0.0365,0,21740489.034398697
2025-12-15 00:00:00+00:00,50+ bps increase,6,2026-06,101772,906976,0.0385,0,21740489.034398697
2025-12-16 00:00:00+00:00,50+ bps increase,6,2026-06,101772,906976,0.038,0,21740489.034398697
2025-12-17 00:00:00+00:00,50+ bps increase,6,2026-06,101772,906976,0.0375,0,21740489.034398697
2025-12-18 00:00:00+00:00,50+ bps increase,6,2026-06,101772,906976,0.038,0,21740489.034398697
2025-12-19 00:00:00+00:00,50+ bps increase,6,2026-06,101772,906976,0.038,0,21740489.034398697
2025-12-20 00:00:00+00:00,50+ bps increase,6,2026-06,101772,906976,0.0375,0,21740489.034398697
2025-12-21 00:00:00+00:00,50+ bps increase,6,2026-06,101772,906976,0.037,0,21740489.034398697
2025-12-22 00:00:00+00:00,50+ bps increase,6,2026-06,101772,906976,0.0375,0,21740489.034398697
2025-12-23 00:00:00+00:00,50+ bps increase,6,2026-06,101772,906976,0.037,0,21740489.034398697
2025-12-24 00:00:00+00:00,50+ bps increase,6,2026-06,101772,906976,0.0365,0,21740489.034398697
2025-12-25 00:00:00+00:00,50+ bps increase,6,2026-06,101772,906976,0.0335,0,21740489.034398697
2025-12-26 00:00:00+00:00,50+ bps increase,6,2026-06,101772,906976,0.0325,0,21740489.034398697
2025-12-27 00:00:00+00:00,50+ bps increase,6,2026-06,101772,906976,0.033,0,21740489.034398697
2025-12-28 00:00:00+00:00,50+ bps increase,6,2026-06,101772,906976,0.0315,0,21740489.034398697
2025-12-29 00:00:00+00:00,50+ bps increase,6,2026-06,101772,906976,0.0325,0,21740489.034398697
2025-12-30 00:00:00+00:00,50+ bps increase,6,2026-06,101772,906976,0.033,0,21740489.034398697
2025-12-31 00:00:00+00:00,50+ bps increase,6,2026-06,101772,906976,0.0295,0,21740489.034398697
2026-01-01 00:00:00+00:00,50+ bps increase,5,2026-06,101772,906976,0.031,0,21740489.034398697
2026-01-02 00:00:00+00:00,50+ bps increase,5,2026-06,101772,906976,0.06,0,21740489.034398697
2026-01-03 00:00:00+00:00,50+ bps increase,5,2026-06,101772,906976,0.058,0,21740489.034398697
2026-01-04 00:00:00+00:00,50+ bps increase,5,2026-06,101772,906976,0.061,0,21740489.034398697
2026-01-05 00:00:00+00:00,50+ bps increase,5,2026-06,101772,906976,0.058,0,21740489.034398697
2026-01-06 00:00:00+00:00,50+ bps increase,5,2026-06,101772,906976,0.0515,0,21740489.034398697
2026-01-07 00:00:00+00:00,50+ bps increase,5,2026-06,101772,906976,0.0435,0,21740489.034398697
2026-01-08 00:00:00+00:00,50+ bps increase,5,2026-06,101772,906976,0.0415,0,21740489.034398697
2026-01-09 00:00:00+00:00,50+ bps increase,5,2026-06,101772,906976,0.042,0,21740489.034398697
2026-01-10 00:00:00+00:00,50+ bps increase,5,2026-06,101772,906976,0.013,0,21740489.034398697
2026-01-11 00:00:00+00:00,50+ bps increase,5,2026-06,101772,906976,0.0025,0,21740489.034398697
2026-01-12 00:00:00+00:00,50+ bps increase,5,2026-06,101772,906976,0.002,0,21740489.034398697
2026-01-13 00:00:00+00:00,50+ bps increase,5,2026-06,101772,906976,0.0025,0,21740489.034398697
2026-01-14 00:00:00+00:00,50+ bps increase,5,2026-06,101772,906976,0.003,0,21740489.034398697
2026-01-15 00:00:00+00:00,50+ bps increase,5,2026-06,101772,906976,0.003,0,21740489.034398697
2026-01-16 00:00:00+00:00,50+ bps increase,5,2026-06,101772,906976,0.003,0,21740489.034398697
2026-01-17 00:00:00+00:00,50+ bps increase,5,2026-06,101772,906976,0.0035,0,21740489.034398697
2026-01-18 00:00:00+00:00,50+ bps increase,5,2026-06,101772,906976,0.0035,0,21740489.034398697
2026-01-19 00:00:00+00:00,50+ bps increase,5,2026-06,101772,906976,0.0035,0,21740489.034398697
2026-01-20 00:00:00+00:00,50+ bps increase,5,2026-06,101772,906976,0.0035,0,21740489.034398697
2026-01-21 00:00:00+00:00,50+ bps increase,5,2026-06,101772,906976,0.0035,0,21740489.034398697
2026-01-22 00:00:00+00:00,50+ bps increase,5,2026-06,101772,906976,0.0035,0,21740489.034398697
2026-01-23 00:00:00+00:00,50+ bps increase,5,2026-06,101772,906976,0.0025,0,21740489.034398697
2026-01-24 00:00:00+00:00,50+ bps increase,5,2026-06,101772,906976,0.0025,0,21740489.034398697
2026-01-25 00:00:00+00:00,50+ bps increase,5,2026-06,101772,906976,0.0025,0,21740489.034398697
2026-01-26 00:00:00+00:00,50+ bps increase,5,2026-06,101772,906976,0.003,0,21740489.034398697
2026-01-27 00:00:00+00:00,50+ bps increase,5,2026-06,101772,906976,0.002,0,21740489.034398697
2026-01-28 00:00:00+00:00,50+ bps increase,5,2026-06,101772,906976,0.0045,0,21740489.034398697
2026-01-29 00:00:00+00:00,50+ bps increase,5,2026-06,101772,906976,0.0365,0,21740489.034398697
2026-01-30 00:00:00+00:00,50+ bps increase,5,2026-06,101772,906976,0.0125,0,21740489.034398697
2026-01-31 00:00:00+00:00,50+ bps increase,5,2026-06,101772,906976,0.0445,0,21740489.034398697
2026-02-01 00:00:00+00:00,50+ bps increase,4,2026-06,101772,906976,0.02,0,21740489.034398697
2026-02-02 00:00:00+00:00,50+ bps increase,4,2026-06,101772,906976,0.019,0,21740489.034398697
2026-02-03 00:00:00+00:00,50+ bps increase,4,2026-06,101772,906976,0.0175,0,21740489.034398697
2026-02-04 00:00:00+00:00,50+ bps increase,4,2026-06,101772,906976,0.0175,0,21740489.034398697
2026-02-05 00:00:00+00:00,50+ bps increase,4,2026-06,101772,906976,0.0175,0,21740489.034398697
2026-02-06 00:00:00+00:00,50+ bps increase,4,2026-06,101772,906976,0.0235,0,21740489.034398697
2026-02-07 00:00:00+00:00,50+ bps increase,4,2026-06,101772,906976,0.0245,0,21740489.034398697
2026-02-08 00:00:00+00:00,50+ bps increase,4,2026-06,101772,906976,0.0345,0,21740489.034398697
2026-02-09 00:00:00+00:00,50+ bps increase,4,2026-06,101772,906976,0.0265,0,21740489.034398697
2026-02-10 00:00:00+00:00,50+ bps increase,4,2026-06,101772,906976,0.0295,0,21740489.034398697
2026-02-11 00:00:00+00:00,50+ bps increase,4,2026-06,101772,906976,0.021,0,21740489.034398697
2026-02-12 00:00:00+00:00,50+ bps increase,4,2026-06,101772,906976,0.018,0,21740489.034398697
2026-02-13 00:00:00+00:00,50+ bps increase,4,2026-06,101772,906976,0.0175,0,21740489.034398697
2026-02-14 00:00:00+00:00,50+ bps increase,4,2026-06,101772,906976,0.0175,0,21740489.034398697
2026-02-15 00:00:00+00:00,50+ bps increase,4,2026-06,101772,906976,0.019,0,21740489.034398697
2026-02-16 00:00:00+00:00,50+ bps increase,4,2026-06,101772,906976,0.019,0,21740489.034398697
2026-02-17 00:00:00+00:00,50+ bps increase,4,2026-06,101772,906976,0.018,0,21740489.034398697
2026-02-18 00:00:00+00:00,50+ bps increase,4,2026-06,101772,906976,0.0175,0,21740489.034398697
2026-02-19 00:00:00+00:00,50+ bps increase,4,2026-06,101772,906976,0.018,0,21740489.034398697
2026-02-20 00:00:00+00:00,50+ bps increase,4,2026-06,101772,906976,0.018,0,21740489.034398697
2026-02-21 00:00:00+00:00,50+ bps increase,4,2026-06,101772,906976,0.0185,0,21740489.034398697
2026-02-22 00:00:00+00:00,50+ bps increase,4,2026-06,101772,906976,0.0185,0,21740489.034398697
2026-02-23 00:00:00+00:00,50+ bps increase,4,2026-06,101772,906976,0.018,0,21740489.034398697
2026-02-24 00:00:00+00:00,50+ bps increase,4,2026-06,101772,906976,0.015,0,21740489.034398697
2026-02-25 00:00:00+00:00,50+ bps increase,4,2026-06,101772,906976,0.0125,0,21740489.034398697
2026-02-26 00:00:00+00:00,50+ bps increase,4,2026-06,101772,906976,0.009,0,21740489.034398697
2026-02-27 00:00:00+00:00,50+ bps increase,4,2026-06,101772,906976,0.009,0,21740489.034398697
2026-02-28 00:00:00+00:00,50+ bps increase,4,2026-06,101772,906976,0.0085,0,21740489.034398697
2026-03-02 00:00:00+00:00,50+ bps increase,3,2026-06,101772,906976,0.0085,0,21740489.034398697
2026-03-03 00:00:00+00:00,50+ bps increase,3,2026-06,101772,906976,0.01,0,21740489.034398697
2026-03-04 00:00:00+00:00,50+ bps increase,3,2026-06,101772,906976,0.008,0,21740489.034398697
2026-03-05 00:00:00+00:00,50+ bps increase,3,2026-06,101772,906976,0.009,0,21740489.034398697
2026-03-06 00:00:00+00:00,50+ bps increase,3,2026-06,101772,906976,0.0065,0,21740489.034398697
2026-03-07 00:00:00+00:00,50+ bps increase,3,2026-06,101772,906976,0.007,0,21740489.034398697
2026-03-08 00:00:00+00:00,50+ bps increase,3,2026-06,101772,906976,0.007,0,21740489.034398697
2026-03-09 00:00:00+00:00,50+ bps increase,3,2026-06,101772,906976,0.01,0,21740489.034398697
2026-03-10 00:00:00+00:00,50+ bps increase,3,2026-06,101772,906976,0.0125,0,21740489.034398697
2026-03-11 00:00:00+00:00,50+ bps increase,3,2026-06,101772,906976,0.013,0,21740489.034398697
2026-03-12 00:00:00+00:00,50+ bps increase,3,2026-06,101772,906976,0.014,0,21740489.034398697
2026-03-14 00:00:00+00:00,50+ bps increase,3,2026-06,101772,906976,0.0105,0,21740489.034398697
2026-03-15 00:00:00+00:00,50+ bps increase,3,2026-06,101772,906976,0.0115,0,21740489.034398697
2026-03-16 00:00:00+00:00,50+ bps increase,3,2026-06,101772,906976,0.0115,0,21740489.034398697
2026-03-17 00:00:00+00:00,50+ bps increase,3,2026-06,101772,906976,0.0155,0,21740489.034398697
2026-03-18 00:00:00+00:00,50+ bps increase,3,2026-06,101772,906976,0.0105,0,21740489.034398697
2026-03-19 00:00:00+00:00,50+ bps increase,3,2026-06,101772,906976,0.008,0,21740489.034398697
2026-03-20 00:00:00+00:00,50+ bps increase,3,2026-06,101772,906976,0.0075,0,21740489.034398697
2026-03-21 00:00:00+00:00,50+ bps increase,3,2026-06,101772,906976,0.0075,0,21740489.034398697
2026-03-21 00:00:00+00:00,50+ bps increase,4,2026-07,287395,1654960,0.0085,0,27556966.68968001
2026-03-22 00:00:00+00:00,50+ bps increase,3,2026-06,101772,906976,0.0075,0,21740489.034398697
2026-03-22 00:00:00+00:00,50+ bps increase,4,2026-07,287395,1654960,0.0125,0,27556966.68968001
2026-03-23 00:00:00+00:00,50+ bps increase,3,2026-06,101772,906976,0.0095,0,21740489.034398697
2026-03-23 00:00:00+00:00,50+ bps increase,4,2026-07,287395,1654960,0.0055,0,27556966.68968001
2026-03-24 00:00:00+00:00,50+ bps increase,3,2026-06,101772,906976,0.0085,0,21740489.034398697
2026-03-24 00:00:00+00:00,50+ bps increase,4,2026-07,287395,1654960,0.0105,0,27556966.68968001
2026-03-25 00:00:00+00:00,50+ bps increase,3,2026-06,101772,906976,0.0125,0,21740489.034398697
2026-03-25 00:00:00+00:00,50+ bps increase,4,2026-07,287395,1654960,0.0085,0,27556966.68968001
2026-03-26 00:00:00+00:00,50+ bps increase,3,2026-06,101772,906976,0.0105,0,21740489.034398697
2026-03-26 00:00:00+00:00,50+ bps increase,4,2026-07,287395,1654960,0.023,0,27556966.68968001
2026-03-27 00:00:00+00:00,50+ bps increase,3,2026-06,101772,906976,0.0105,0,21740489.034398697
2026-03-27 00:00:00+00:00,50+ bps increase,4,2026-07,287395,1654960,0.0085,0,27556966.68968001
2026-03-28 00:00:00+00:00,50+ bps increase,3,2026-06,101772,906976,0.01,0,21740489.034398697
2026-03-28 00:00:00+00:00,50+ bps increase,4,2026-07,287395,1654960,0.0105,0,27556966.68968001
2026-03-29 00:00:00+00:00,50+ bps increase,3,2026-06,101772,906976,0.0095,0,21740489.034398697
2026-03-29 00:00:00+00:00,50+ bps increase,4,2026-07,287395,1654960,0.0085,0,27556966.68968001
2026-03-31 00:00:00+00:00,50+ bps increase,3,2026-06,101772,906976,0.0095,0,21740489.034398697
2026-04-02 00:00:00+00:00,50+ bps increase,2,2026-06,101772,906976,0.0075,0,21740489.034398697
2026-04-09 00:00:00+00:00,50+ bps increase,2,2026-06,101772,906976,0.0065,0,21740489.034398697
2026-04-09 00:00:00+00:00,50+ bps increase,3,2026-07,287395,1654960,0.0085,0,27556966.68968001
2026-04-18 00:00:00+00:00,50+ bps increase,3,2026-07,287395,1654960,0.0095,0,27556966.68968001
2026-04-19 00:00:00+00:00,50+ bps increase,2,2026-06,101772,906976,0.0055,0,21740489.034398697
2026-04-22 00:00:00+00:00,50+ bps increase,2,2026-06,101772,906976,0.0055,0,21740489.034398697
2026-04-22 00:00:00+00:00,50+ bps increase,3,2026-07,287395,1654960,0.0085,0,27556966.68968001
2026-04-23 00:00:00+00:00,50+ bps increase,2,2026-06,101772,906976,0.0055,0,21740489.034398697
2026-04-23 00:00:00+00:00,50+ bps increase,3,2026-07,287395,1654960,0.0085,0,27556966.68968001
2026-04-24 00:00:00+00:00,50+ bps increase,2,2026-06,101772,906976,0.0035,0,21740489.034398697
2026-04-24 00:00:00+00:00,50+ bps increase,3,2026-07,287395,1654960,0.0085,0,27556966.68968001
2026-04-25 00:00:00+00:00,50+ bps increase,2,2026-06,101772,906976,0.0035,0,21740489.034398697
2026-04-25 00:00:00+00:00,50+ bps increase,3,2026-07,287395,1654960,0.0075,0,27556966.68968001
2026-04-26 00:00:00+00:00,50+ bps increase,2,2026-06,101772,906976,0.0035,0,21740489.034398697
2026-04-26 00:00:00+00:00,50+ bps increase,3,2026-07,287395,1654960,0.008,0,27556966.68968001
2026-04-27 00:00:00+00:00,50+ bps increase,2,2026-06,101772,906976,0.0035,0,21740489.034398697
2026-04-27 00:00:00+00:00,50+ bps increase,3,2026-07,287395,1654960,0.0085,0,27556966.68968001
2026-04-28 00:00:00+00:00,50+ bps increase,2,2026-06,101772,906976,0.0025,0,21740489.034398697
2026-04-28 00:00:00+00:00,50+ bps increase,3,2026-07,287395,1654960,0.0085,0,27556966.68968001
2026-04-29 00:00:00+00:00,50+ bps increase,2,2026-06,101772,906976,0.0025,0,21740489.034398697
2026-04-29 00:00:00+00:00,50+ bps increase,3,2026-07,287395,1654960,0.0085,0,27556966.68968001
2026-04-30 00:00:00+00:00,50+ bps increase,2,2026-06,101772,906976,0.0035,0,21740489.034398697
2026-04-30 00:00:00+00:00,50+ bps increase,3,2026-07,287395,1654960,0.0085,0,27556966.68968001
2026-05-01 00:00:00+00:00,50+ bps increase,1,2026-06,101772,906976,0.0035,0,21740489.034398697
2026-05-01 00:00:00+00:00,50+ bps increase,2,2026-07,287395,1654960,0.008,0,27556966.68968001
2026-05-02 00:00:00+00:00,50+ bps increase,1,2026-06,101772,906976,0.0035,0,21740489.034398697
2026-05-02 00:00:00+00:00,50+ bps increase,2,2026-07,287395,1654960,0.0075,0,27556966.68968001
2026-05-03 00:00:00+00:00,50+ bps increase,1,2026-06,101772,906976,0.0035,0,21740489.034398697
2026-05-03 00:00:00+00:00,50+ bps increase,2,2026-07,287395,1654960,0.0075,0,27556966.68968001
2026-05-04 00:00:00+00:00,50+ bps increase,1,2026-06,101772,906976,0.0035,0,21740489.034398697
2026-05-04 00:00:00+00:00,50+ bps increase,2,2026-07,287395,1654960,0.0075,0,27556966.68968001
2026-05-05 00:00:00+00:00,50+ bps increase,1,2026-06,101772,906976,0.0035,0,21740489.034398697
2026-05-05 00:00:00+00:00,50+ bps increase,2,2026-07,287395,1654960,0.0065,0,27556966.68968001
2026-05-06 00:00:00+00:00,50+ bps increase,1,2026-06,101772,906976,0.0035,0,21740489.034398697
2026-05-06 00:00:00+00:00,50+ bps increase,2,2026-07,287395,1654960,0.0065,0,27556966.68968001
2026-05-07 00:00:00+00:00,50+ bps increase,1,2026-06,101772,906976,0.0035,0,21740489.034398697
2026-05-07 00:00:00+00:00,50+ bps increase,2,2026-07,287395,1654960,0.0065,0,27556966.68968001
2026-05-08 00:00:00+00:00,50+ bps increase,1,2026-06,101772,906976,0.0035,0,21740489.034398697
2026-05-08 00:00:00+00:00,50+ bps increase,2,2026-07,287395,1654960,0.0065,0,27556966.68968001
2026-05-09 00:00:00+00:00,50+ bps increase,1,2026-06,101772,906976,0.0035,0,21740489.034398697
2026-05-09 00:00:00+00:00,50+ bps increase,2,2026-07,287395,1654960,0.0065,0,27556966.68968001
2026-05-10 00:00:00+00:00,50+ bps increase,1,2026-06,101772,906976,0.0035,0,21740489.034398697
2026-05-10 00:00:00+00:00,50+ bps increase,2,2026-07,287395,1654960,0.0055,0,27556966.68968001
2026-05-11 00:00:00+00:00,50+ bps increase,1,2026-06,101772,906976,0.0035,0,21740489.034398697
2026-05-11 00:00:00+00:00,50+ bps increase,2,2026-07,287395,1654960,0.0055,0,27556966.68968001
2026-05-12 00:00:00+00:00,50+ bps increase,1,2026-06,101772,906976,0.0025,0,21740489.034398697
2026-05-12 00:00:00+00:00,50+ bps increase,2,2026-07,287395,1654960,0.0055,0,27556966.68968001
2026-05-13 00:00:00+00:00,50+ bps increase,1,2026-06,101772,906976,0.0025,0,21740489.034398697
2026-05-13 00:00:00+00:00,50+ bps increase,2,2026-07,287395,1654960,0.0045,0,27556966.68968001
2026-05-14 00:00:00+00:00,50+ bps increase,1,2026-06,101772,906976,0.0025,0,21740489.034398697
2026-05-14 00:00:00+00:00,50+ bps increase,2,2026-07,287395,1654960,0.0045,0,27556966.68968001
2026-05-14 00:00:00+00:00,50+ bps increase,4,2026-09,481717,2252246,0.2,0,33434867.861863
2026-05-15 00:00:00+00:00,50+ bps increase,1,2026-06,101772,906976,0.0025,0,21740489.034398697
2026-05-15 00:00:00+00:00,50+ bps increase,2,2026-07,287395,1654960,0.004,0,27556966.68968001
2026-05-15 00:00:00+00:00,50+ bps increase,4,2026-09,481717,2252246,0.0195,0,33434867.861863
2026-05-16 00:00:00+00:00,50+ bps increase,1,2026-06,101772,906976,0.0025,0,21740489.034398697
2026-05-16 00:00:00+00:00,50+ bps increase,2,2026-07,287395,1654960,0.0035,0,27556966.68968001
2026-05-16 00:00:00+00:00,50+ bps increase,4,2026-09,481717,2252246,0.024,0,33434867.861863
2026-05-17 00:00:00+00:00,50+ bps increase,1,2026-06,101772,906976,0.0025,0,21740489.034398697
2026-05-17 00:00:00+00:00,50+ bps increase,2,2026-07,287395,1654960,0.0035,0,27556966.68968001
2026-05-17 00:00:00+00:00,50+ bps increase,4,2026-09,481717,2252246,0.011,0,33434867.861863
2026-05-18 00:00:00+00:00,50+ bps increase,1,2026-06,101772,906976,0.0025,0,21740489.034398697
2026-05-18 00:00:00+00:00,50+ bps increase,2,2026-07,287395,1654960,0.0035,0,27556966.68968001
2026-05-18 00:00:00+00:00,50+ bps increase,4,2026-09,481717,2252246,0.011,0,33434867.861863
2026-05-19 00:00:00+00:00,50+ bps increase,1,2026-06,101772,906976,0.0025,0,21740489.034398697
2026-05-19 00:00:00+00:00,50+ bps increase,2,2026-07,287395,1654960,0.0035,0,27556966.68968001
2026-05-19 00:00:00+00:00,50+ bps increase,4,2026-09,481717,2252246,0.028,0,33434867.861863
2026-05-20 00:00:00+00:00,50+ bps increase,1,2026-06,101772,906976,0.0025,0,21740489.034398697
2026-05-20 00:00:00+00:00,50+ bps increase,2,2026-07,287395,1654960,0.0035,0,27556966.68968001
2026-05-20 00:00:00+00:00,50+ bps increase,4,2026-09,481717,2252246,0.048,0,33434867.861863
2026-05-21 00:00:00+00:00,50+ bps increase,1,2026-06,101772,906976,0.0025,0,21740489.034398697
2026-05-21 00:00:00+00:00,50+ bps increase,2,2026-07,287395,1654960,0.0035,0,27556966.68968001
2026-05-21 00:00:00+00:00,50+ bps increase,4,2026-09,481717,2252246,0.0305,0,33434867.861863
2026-05-22 00:00:00+00:00,50+ bps increase,1,2026-06,101772,906976,0.0025,0,21740489.034398697
2026-05-22 00:00:00+00:00,50+ bps increase,2,2026-07,287395,1654960,0.0035,0,27556966.68968001
2026-05-22 00:00:00+00:00,50+ bps increase,4,2026-09,481717,2252246,0.0315,0,33434867.861863
2026-05-23 00:00:00+00:00,50+ bps increase,1,2026-06,101772,906976,0.0025,0,21740489.034398697
2026-05-23 00:00:00+00:00,50+ bps increase,2,2026-07,287395,1654960,0.0035,0,27556966.68968001
2026-05-23 00:00:00+00:00,50+ bps increase,4,2026-09,481717,2252246,0.0275,0,33434867.861863
2026-05-24 00:00:00+00:00,50+ bps increase,1,2026-06,101772,906976,0.0025,0,21740489.034398697
2026-05-24 00:00:00+00:00,50+ bps increase,2,2026-07,287395,1654960,0.0025,0,27556966.68968001
2026-05-24 00:00:00+00:00,50+ bps increase,4,2026-09,481717,2252246,0.0205,0,33434867.861863
2026-05-25 00:00:00+00:00,50+ bps increase,1,2026-06,101772,906976,0.0025,0,21740489.034398697
2026-05-25 00:00:00+00:00,50+ bps increase,2,2026-07,287395,1654960,0.0025,0,27556966.68968001
2026-05-25 00:00:00+00:00,50+ bps increase,4,2026-09,481717,2252246,0.0175,0,33434867.861863
2026-05-26 00:00:00+00:00,50+ bps increase,1,2026-06,101772,906976,0.0025,0,21740489.034398697
2026-05-26 00:00:00+00:00,50+ bps increase,2,2026-07,287395,1654960,0.0025,0,27556966.68968001
2026-05-26 00:00:00+00:00,50+ bps increase,4,2026-09,481717,2252246,0.015,0,33434867.861863
2026-05-27 00:00:00+00:00,50+ bps increase,1,2026-06,101772,906976,0.0025,0,21740489.034398697
2026-05-27 00:00:00+00:00,50+ bps increase,2,2026-07,287395,1654960,0.0025,0,27556966.68968001
2026-05-27 00:00:00+00:00,50+ bps increase,4,2026-09,481717,2252246,0.011,0,33434867.861863
2026-05-28 00:00:00+00:00,50+ bps increase,1,2026-06,101772,906976,0.0025,0,21740489.034398697
2026-05-28 00:00:00+00:00,50+ bps increase,2,2026-07,287395,1654960,0.0025,0,27556966.68968001
2026-05-28 00:00:00+00:00,50+ bps increase,4,2026-09,481717,2252246,0.007,0,33434867.861863
2026-05-29 00:00:00+00:00,50+ bps increase,1,2026-06,101772,906976,0.0025,0,21740489.034398697
2026-05-29 00:00:00+00:00,50+ bps increase,2,2026-07,287395,1654960,0.0025,0,27556966.68968001
2026-05-29 00:00:00+00:00,50+ bps increase,4,2026-09,481717,2252246,0.006,0,33434867.861863
2026-05-30 00:00:00+00:00,50+ bps increase,1,2026-06,101772,906976,0.0015,0,21740489.034398697
2026-05-30 00:00:00+00:00,50+ bps increase,2,2026-07,287395,1654960,0.0025,0,27556966.68968001
2026-05-30 00:00:00+00:00,50+ bps increase,4,2026-09,481717,2252246,0.01,0,33434867.861863
2026-05-31 00:00:00+00:00,50+ bps increase,1,2026-06,101772,906976,0.0015,0,21740489.034398697
2026-05-31 00:00:00+00:00,50+ bps increase,2,2026-07,287395,1654960,0.0025,0,27556966.68968001
2026-05-31 00:00:00+00:00,50+ bps increase,4,2026-09,481717,2252246,0.01,0,33434867.861863
2026-06-01 00:00:00+00:00,50+ bps increase,0,2026-06,101772,906976,0.0015,0,21740489.034398697
2026-06-01 00:00:00+00:00,50+ bps increase,1,2026-07,287395,1654960,0.0025,0,27556966.68968001
2026-06-01 00:00:00+00:00,50+ bps increase,3,2026-09,481717,2252246,0.01,0,33434867.861863
2026-06-02 00:00:00+00:00,50+ bps increase,0,2026-06,101772,906976,0.0015,0,21740489.034398697
2026-06-02 00:00:00+00:00,50+ bps increase,1,2026-07,287395,1654960,0.0025,0,27556966.68968001
2026-06-02 00:00:00+00:00,50+ bps increase,3,2026-09,481717,2252246,0.0135,0,33434867.861863
2026-06-03 00:00:00+00:00,50+ bps increase,0,2026-06,101772,906976,0.0015,0,21740489.034398697
2026-06-03 00:00:00+00:00,50+ bps increase,1,2026-07,287395,1654960,0.0025,0,27556966.68968001
2026-06-03 00:00:00+00:00,50+ bps increase,3,2026-09,481717,2252246,0.0125,0,33434867.861863
2026-06-04 00:00:00+00:00,50+ bps increase,0,2026-06,101772,906976,0.0015,0,21740489.034398697
2026-06-04 00:00:00+00:00,50+ bps increase,1,2026-07,287395,1654960,0.0025,0,27556966.68968001
2026-06-04 00:00:00+00:00,50+ bps increase,3,2026-09,481717,2252246,0.018,0,33434867.861863
2026-06-05 00:00:00+00:00,50+ bps increase,0,2026-06,101772,906976,0.0015,0,21740489.034398697
2026-06-05 00:00:00+00:00,50+ bps increase,1,2026-07,287395,1654960,0.0025,0,27556966.68968001
2026-06-05 00:00:00+00:00,50+ bps increase,3,2026-09,481717,2252246,0.015,0,33434867.861863
2026-06-06 00:00:00+00:00,50+ bps increase,0,2026-06,101772,906976,0.0005,0,21740489.034398697
2026-06-06 00:00:00+00:00,50+ bps increase,1,2026-07,287395,1654960,0.0025,0,27556966.68968001
2026-06-06 00:00:00+00:00,50+ bps increase,3,2026-09,481717,2252246,0.012,0,33434867.861863
2026-06-07 00:00:00+00:00,50+ bps increase,0,2026-06,101772,906976,0.0005,0,21740489.034398697
2026-06-07 00:00:00+00:00,50+ bps increase,1,2026-07,287395,1654960,0.0035,0,27556966.68968001
2026-06-07 00:00:00+00:00,50+ bps increase,3,2026-09,481717,2252246,0.019,0,33434867.861863
2026-06-08 00:00:00+00:00,50+ bps increase,0,2026-06,101772,906976,0.0005,0,21740489.034398697
2026-06-08 00:00:00+00:00,50+ bps increase,1,2026-07,287395,1654960,0.0035,0,27556966.68968001
2026-06-08 00:00:00+00:00,50+ bps increase,3,2026-09,481717,2252246,0.0085,0,33434867.861863
2026-06-09 00:00:00+00:00,50+ bps increase,0,2026-06,101772,906976,0.0005,0,21740489.034398697
2026-06-09 00:00:00+00:00,50+ bps increase,1,2026-07,287395,1654960,0.003,0,27556966.68968001
2026-06-09 00:00:00+00:00,50+ bps increase,3,2026-09,481717,2252246,0.015,0,33434867.861863
2026-06-10 00:00:00+00:00,50+ bps increase,0,2026-06,101772,906976,0.0005,0,21740489.034398697
2026-06-10 00:00:00+00:00,50+ bps increase,1,2026-07,287395,1654960,0.0025,0,27556966.68968001
2026-06-10 00:00:00+00:00,50+ bps increase,3,2026-09,481717,2252246,0.0145,0,33434867.861863
2026-06-11 00:00:00+00:00,50+ bps increase,0,2026-06,101772,906976,0.0005,0,21740489.034398697
2026-06-11 00:00:00+00:00,50+ bps increase,1,2026-07,287395,1654960,0.0025,0,27556966.68968001
2026-06-11 00:00:00+00:00,50+ bps increase,3,2026-09,481717,2252246,0.0145,0,33434867.861863
2026-06-12 00:00:00+00:00,50+ bps increase,0,2026-06,101772,906976,0.0005,0,21740489.034398697
2026-06-12 00:00:00+00:00,50+ bps increase,1,2026-07,287395,1654960,0.0035,0,27556966.68968001
2026-06-12 00:00:00+00:00,50+ bps increase,3,2026-09,481717,2252246,0.0145,0,33434867.861863
2026-06-13 00:00:00+00:00,50+ bps increase,0,2026-06,101772,906976,0.0005,0,21740489.034398697
2026-06-13 00:00:00+00:00,50+ bps increase,1,2026-07,287395,1654960,0.003,0,27556966.68968001
2026-06-13 00:00:00+00:00,50+ bps increase,3,2026-09,481717,2252246,0.0115,0,33434867.861863
2026-06-14 00:00:00+00:00,50+ bps increase,0,2026-06,101772,906976,0.0005,0,21740489.034398697
2026-06-14 00:00:00+00:00,50+ bps increase,1,2026-07,287395,1654960,0.0035,0,27556966.68968001
2026-06-14 00:00:00+00:00,50+ bps increase,3,2026-09,481717,2252246,0.0115,0,33434867.861863
2026-06-15 00:00:00+00:00,50+ bps increase,0,2026-06,101772,906976,0.0005,0,21740489.034398697
2026-06-15 00:00:00+00:00,50+ bps increase,1,2026-07,287395,1654960,0.003,0,27556966.68968001
2026-06-15 00:00:00+00:00,50+ bps increase,3,2026-09,481717,2252246,0.0065,0,33434867.861863
2026-06-16 00:00:00+00:00,50+ bps increase,0,2026-06,101772,906976,0.0005,0,21740489.034398697
2026-06-16 00:00:00+00:00,50+ bps increase,1,2026-07,287395,1654960,0.003,0,27556966.68968001
2026-06-16 00:00:00+00:00,50+ bps increase,3,2026-09,481717,2252246,0.0045,0,33434867.861863
2026-06-17 00:00:00+00:00,50+ bps increase,0,2026-06,101772,906976,0.0005,0,21740489.034398697
2026-06-17 00:00:00+00:00,50+ bps increase,1,2026-07,287395,1654960,0.0025,0,27556966.68968001
2026-06-17 00:00:00+00:00,50+ bps increase,3,2026-09,481717,2252246,0.0055,0,33434867.861863
2026-06-18 00:00:00+00:00,50+ bps increase,1,2026-07,287395,1654960,0.008,0,27556966.68968001
2026-06-18 00:00:00+00:00,50+ bps increase,3,2026-09,481717,2252246,0.0075,0,33434867.861863
2026-06-19 00:00:00+00:00,50+ bps increase,1,2026-07,287395,1654960,0.005,0,27556966.68968001
2026-06-19 00:00:00+00:00,50+ bps increase,3,2026-09,481717,2252246,0.036,0,33434867.861863
2026-06-20 00:00:00+00:00,50+ bps increase,1,2026-07,287395,1654960,0.0055,0,27556966.68968001
2026-06-20 00:00:00+00:00,50+ bps increase,3,2026-09,481717,2252246,0.0225,0,33434867.861863
2026-06-21 00:00:00+00:00,50+ bps increase,1,2026-07,287395,1654960,0.0055,0,27556966.68968001
2026-06-21 00:00:00+00:00,50+ bps increase,3,2026-09,481717,2252246,0.0155,0,33434867.861863
2026-06-22 00:00:00+00:00,50+ bps increase,1,2026-07,287395,1654960,0.0045,0,27556966.68968001
2026-06-22 00:00:00+00:00,50+ bps increase,3,2026-09,481717,2252246,0.0165,0,33434867.861863
2026-06-23 00:00:00+00:00,50+ bps increase,1,2026-07,287395,1654960,0.0035,0,27556966.68968001
2026-06-23 00:00:00+00:00,50+ bps increase,3,2026-09,481717,2252246,0.01,0,33434867.861863
2026-06-24 00:00:00+00:00,50+ bps increase,1,2026-07,287395,1654960,0.0045,0,27556966.68968001
2026-06-24 00:00:00+00:00,50+ bps increase,3,2026-09,481717,2252246,0.012,0,33434867.861863
2026-06-25 00:00:00+00:00,50+ bps increase,1,2026-07,287395,1654960,0.0035,0,27556966.68968001
2026-06-25 00:00:00+00:00,50+ bps increase,3,2026-09,481717,2252246,0.0115,0,33434867.861863
2026-06-26 00:00:00+00:00,50+ bps increase,1,2026-07,287395,1654960,0.0035,0,27556966.68968001
2026-06-26 00:00:00+00:00,50+ bps increase,3,2026-09,481717,2252246,0.011,0,33434867.861863
2026-06-27 00:00:00+00:00,50+ bps increase,1,2026-07,287395,1654960,0.0045,0,27556966.68968001
2026-06-27 00:00:00+00:00,50+ bps increase,3,2026-09,481717,2252246,0.0125,0,33434867.861863
2026-06-28 00:00:00+00:00,50+ bps increase,1,2026-07,287395,1654960,0.0045,0,27556966.68968001
2026-06-28 00:00:00+00:00,50+ bps increase,3,2026-09,481717,2252246,0.0125,0,33434867.861863
2026-06-29 00:00:00+00:00,50+ bps increase,1,2026-07,287395,1654960,0.0045,0,27556966.68968001
2026-06-29 00:00:00+00:00,50+ bps increase,3,2026-09,481717,2252246,0.0165,0,33434867.861863
2026-06-30 00:00:00+00:00,50+ bps increase,1,2026-07,287395,1654960,0.0045,0,27556966.68968001
2026-06-30 00:00:00+00:00,50+ bps increase,3,2026-09,481717,2252246,0.029,0,33434867.861863
2026-07-01 00:00:00+00:00,50+ bps increase,0,2026-07,287395,1654960,0.0045,0,27556966.68968001
2026-07-01 00:00:00+00:00,50+ bps increase,2,2026-09,481717,2252246,0.021,0,33434867.861863
2026-07-02 00:00:00+00:00,50+ bps increase,0,2026-07,287395,1654960,0.0035,0,27556966.68968001
2026-07-02 00:00:00+00:00,50+ bps increase,2,2026-09,481717,2252246,0.018,0,33434867.861863
2026-07-03 00:00:00+00:00,50+ bps increase,0,2026-07,287395,1654960,0.0015,0,27556966.68968001
2026-07-03 00:00:00+00:00,50+ bps increase,2,2026-09,481717,2252246,0.0095,0,33434867.861863
2026-07-04 00:00:00+00:00,50+ bps increase,0,2026-07,287395,1654960,0.0015,0,27556966.68968001
2026-07-04 00:00:00+00:00,50+ bps increase,2,2026-09,481717,2252246,0.0145,0,33434867.861863
2026-07-05 00:00:00+00:00,50+ bps increase,0,2026-07,287395,1654960,0.0015,0,27556966.68968001
2026-07-05 00:00:00+00:00,50+ bps increase,2,2026-09,481717,2252246,0.0145,0,33434867.861863
2026-07-06 00:00:00+00:00,50+ bps increase,0,2026-07,287395,1654960,0.0015,0,27556966.68968001
2026-07-06 00:00:00+00:00,50+ bps increase,2,2026-09,481717,2252246,0.0105,0,33434867.861863
2026-07-07 00:00:00+00:00,50+ bps increase,0,2026-07,287395,1654960,0.0035,0,27556966.68968001
2026-07-07 00:00:00+00:00,50+ bps increase,2,2026-09,481717,2252246,0.0105,0,33434867.861863
2026-07-08 00:00:00+00:00,50+ bps increase,0,2026-07,287395,1654960,0.0035,0,27556966.68968001
2026-07-08 00:00:00+00:00,50+ bps increase,2,2026-09,481717,2252246,0.0105,0,33434867.861863
2026-07-09 00:00:00+00:00,50+ bps increase,0,2026-07,287395,1654960,0.0035,0,27556966.68968001
2026-07-09 00:00:00+00:00,50+ bps increase,2,2026-09,481717,2252246,0.01,0,33434867.861863
2026-07-10 00:00:00+00:00,50+ bps increase,0,2026-07,287395,1654960,0.0025,0,27556966.68968001
2026-07-10 00:00:00+00:00,50+ bps increase,2,2026-09,481717,2252246,0.011,0,33434867.861863
2026-07-11 00:00:00+00:00,50+ bps increase,0,2026-07,287395,1654960,0.0035,0,27556966.68968001
2026-07-11 00:00:00+00:00,50+ bps increase,2,2026-09,481717,2252246,0.009,0,33434867.861863
2026-07-12 00:00:00+00:00,50+ bps increase,0,2026-07,287395,1654960,0.0045,0,27556966.68968001
2026-07-12 00:00:00+00:00,50+ bps increase,2,2026-09,481717,2252246,0.009,0,33434867.861863
2026-07-13 00:00:00+00:00,50+ bps increase,0,2026-07,287395,1654960,0.0055,0,27556966.68968001
2026-07-13 00:00:00+00:00,50+ bps increase,2,2026-09,481717,2252246,0.0115,0,33434867.861863
2026-07-14 00:00:00+00:00,50+ bps increase,0,2026-07,287395,1654960,0.0075,0,27556966.68968001
2026-07-14 00:00:00+00:00,50+ bps increase,2,2026-09,481717,2252246,0.009,0,33434867.861863
2026-07-15 00:00:00+00:00,50+ bps increase,0,2026-07,287395,1654960,0.0045,0,27556966.68968001
2026-07-15 00:00:00+00:00,50+ bps increase,2,2026-09,481717,2252246,0.0075,0,33434867.861863
2026-07-16 00:00:00+00:00,50+ bps increase,0,2026-07,287395,1654960,0.0035,0,27556966.68968001
2026-07-16 00:00:00+00:00,50+ bps increase,2,2026-09,481717,2252246,0.0055,0,33434867.861863
2026-07-17 00:00:00+00:00,50+ bps increase,0,2026-07,287395,1654960,0.0025,0,27556966.68968001
2026-07-17 00:00:00+00:00,50+ bps increase,2,2026-09,481717,2252246,0.0085,0,33434867.861863
2026-07-18 00:00:00+00:00,50+ bps increase,0,2026-07,287395,1654960,0.0045,0,27556966.68968001
2026-07-18 00:00:00+00:00,50+ bps increase,2,2026-09,481717,2252246,0.0045,0,33434867.861863
2026-07-19 00:00:00+00:00,50+ bps increase,0,2026-07,287395,1654960,0.0035,0,27556966.68968001
2026-07-19 00:00:00+00:00,50+ bps increase,2,2026-09,481717,2252246,0.0075,0,33434867.861863
2026-07-20 00:00:00+00:00,50+ bps increase,0,2026-07,287395,1654960,0.0045,0,27556966.68968001
2026-07-20 00:00:00+00:00,50+ bps increase,2,2026-09,481717,2252246,0.0055,0,33434867.861863
2026-07-21 00:00:00+00:00,50+ bps increase,0,2026-07,287395,1654960,0.0035,0,27556966.68968001
2026-07-21 00:00:00+00:00,50+ bps increase,2,2026-09,481717,2252246,0.0075,0,33434867.861863
2026-07-22 00:00:00+00:00,50+ bps increase,0,2026-07,287395,1654960,0.0055,0,27556966.68968001
2026-07-22 00:00:00+00:00,50+ bps increase,2,2026-09,481717,2252246,0.0065,0,33434867.861863
2026-07-23 00:00:00+00:00,50+ bps increase,0,2026-07,287395,1654960,0.0085,0,27556966.68968001
2026-07-23 00:00:00+00:00,50+ bps increase,2,2026-09,481717,2252246,0.0085,0,33434867.861863
2026-07-24 00:00:00+00:00,50+ bps increase,0,2026-07,287395,1654960,0.0065,0,27556966.68968001
2026-07-24 00:00:00+00:00,50+ bps increase,2,2026-09,481717,2252246,0.0095,0,33434867.861863
2026-07-25 00:00:00+00:00,50+ bps increase,0,2026-07,287395,1654960,0.0065,0,27556966.68968001
2026-07-25 00:00:00+00:00,50+ bps increase,2,2026-09,481717,2252246,0.0095,0,33434867.861863
2026-07-26 00:00:00+00:00,50+ bps increase,0,2026-07,287395,1654960,0.0065,0,27556966.68968001
2026-07-26 00:00:00+00:00,50+ bps increase,2,2026-09,481717,2252246,0.0115,0,33434867.861863
2026-07-27 00:00:00+00:00,50+ bps increase,0,2026-07,287395,1654960,0.0065,0,27556966.68968001
2026-07-27 00:00:00+00:00,50+ bps increase,2,2026-09,481717,2252246,0.0095,0,33434867.861863
2026-07-28 00:00:00+00:00,50+ bps increase,0,2026-07,287395,1654960,0.0065,0,27556966.68968001
2026-07-28 00:00:00+00:00,50+ bps increase,2,2026-09,481717,2252246,0.0115,0,33434867.861863
2026-07-30 00:00:00+00:00,50+ bps increase,2,2026-09,481717,2252246,0.0185,0,33434867.861863
2026-07-31 00:00:00+00:00,50+ bps increase,2,2026-09,481717,2252246,0.0155,0,33434867.861863
2026-08-01 00:00:00+00:00,50+ bps increase,1,2026-09,481717,2252246,0.0165,0,33434867.861863
2026-08-02 00:00:00+00:00,50+ bps increase,1,2026-09,481717,2252246,0.0155,0,33434867.861863
2026-08-03 00:00:00+00:00,50+ bps increase,1,2026-09,481717,2252246,0.0125,0,33434867.861863
2026-08-04 00:00:00+00:00,50+ bps increase,1,2026-09,481717,2252246,0.0125,0,33434867.861863
2026-08-05 00:00:00+00:00,50+ bps increase,1,2026-09,481717,2252246,0.0135,0,33434867.861863
2026-08-06 00:00:00+00:00,50+ bps increase,1,2026-09,481717,2252246,0.0135,0,33434867.861863
2026-08-07 00:00:00+00:00,50+ bps increase,1,2026-09,481717,2252246,0.0105,0,33434867.861863
2026-08-08 00:00:00+00:00,50+ bps increase,1,2026-09,481717,2252246,0.0055,0,33434867.861863
2026-08-09 00:00:00+00:00,50+ bps increase,1,2026-09,481717,2252246,0.0055,0,33434867.861863
2026-08-10 00:00:00+00:00,50+ bps increase,1,2026-09,481717,2252246,0.0055,0,33434867.861863
2026-08-11 00:00:00+00:00,50+ bps increase,1,2026-09,481717,2252246,0.0055,0,33434867.861863
2026-08-12 00:00:00+00:00,50+ bps increase,1,2026-09,481717,2252246,0.0055,0,33434867.861863
2026-08-13 00:00:00+00:00,50+ bps increase,1,2026-09,481717,2252246,0.0045,0,33434867.861863
2026-08-14 00:00:00+00:00,50+ bps increase,1,2026-09,481717,2252246,0.0045,0,33434867.861863
2026-08-15 00:00:00+00:00,50+ bps increase,1,2026-09,481717,2252246,0.0045,0,33434867.861863
2026-08-16 00:00:00+00:00,50+ bps increase,1,2026-09,481717,2252246,0.0045,0,33434867.861863
2026-08-17 00:00:00+00:00,50+ bps increase,1,2026-09,481717,2252246,0.0035,0,33434867.861863
2026-08-18 00:00:00+00:00,50+ bps increase,1,2026-09,481717,2252246,0.0035,0,33434867.861863
2026-08-19 00:00:00+00:00,50+ bps increase,1,2026-09,481717,2252246,0.0035,0,33434867.861863
2026-08-20 00:00:00+00:00,50+ bps increase,1,2026-09,481717,2252246,0.0035,0,33434867.861863
2026-08-21 00:00:00+00:00,50+ bps increase,1,2026-09,481717,2252246,0.0035,0,33434867.861863
2026-08-22 00:00:00+00:00,50+ bps increase,1,2026-09,481717,2252246,0.0045,0,33434867.861863
2026-08-23 00:00:00+00:00,50+ bps increase,1,2026-09,481717,2252246,0.0045,0,33434867.861863
2026-08-24 00:00:00+00:00,50+ bps increase,1,2026-09,481717,2252246,0.0035,0,33434867.861863
2026-08-25 00:00:00+00:00,50+ bps increase,1,2026-09,481717,2252246,0.0035,0,33434867.861863
2026-08-26 00:00:00+00:00,50+ bps increase,1,2026-09,481717,2252246,0.0035,0,33434867.861863
2026-08-27 00:00:00+00:00,50+ bps increase,1,2026-09,481717,2252246,0.0035,0,33434867.861863
2026-08-28 00:00:00+00:00,50+ bps increase,1,2026-09,481717,2252246,0.0035,0,33434867.861863
2026-08-29 00:00:00+00:00,50+ bps increase,1,2026-09,481717,2252246,0.0055,0,33434867.861863
2026-08-30 00:00:00+00:00,50+ bps increase,1,2026-09,481717,2252246,0.0055,0,33434867.861863
2026-08-31 00:00:00+00:00,50+ bps increase,1,2026-09,481717,2252246,0.0065,0,33434867.861863
2026-09-01 00:00:00+00:00,50+ bps increase,0,2026-09,481717,2252246,0.0065,0,33434867.861863
2026-09-02 00:00:00+00:00,50+ bps increase,0,2026-09,481717,2252246,0.0095,0,33434867.861863
2026-09-03 00:00:00+00:00,50+ bps increase,0,2026-09,481717,2252246,0.0075,0,33434867.861863
2026-09-04 00:00:00+00:00,50+ bps increase,0,2026-09,481717,2252246,0.0045,0,33434867.861863
2026-09-05 00:00:00+00:00,50+ bps increase,0,2026-09,481717,2252246,0.0075,0,33434867.861863
2026-09-06 00:00:00+00:00,50+ bps increase,0,2026-09,481717,2252246,0.0075,0,33434867.861863
2026-09-07 00:00:00+00:00,50+ bps increase,0,2026-09,481717,2252246,0.0055,0,33434867.861863
2026-09-08 00:00:00+00:00,50+ bps increase,0,2026-09,481717,2252246,0.0055,0,33434867.861863
2026-09-09 00:00:00+00:00,50+ bps increase,0,2026-09,481717,2252246,0.0045,0,33434867.861863
2026-09-10 00:00:00+00:00,50+ bps increase,0,2026-09,481717,2252246,0.0075,0,33434867.861863
2026-09-11 00:00:00+00:00,50+ bps increase,0,2026-09,481717,2252246,0.0085,0,33434867.861863
2026-09-12 00:00:00+00:00,50+ bps increase,0,2026-09,481717,2252246,0.007,0,33434867.861863
2026-09-13 00:00:00+00:00,50+ bps increase,0,2026-09,481717,2252246,0.0055,0,33434867.861863
2026-09-14 00:00:00+00:00,50+ bps increase,0,2026-09,481717,2252246,0.0065,0,33434867.861863
2026-09-15 00:00:00+00:00,50+ bps increase,0,2026-09,481717,2252246,0.0075,0,33434867.861863
2026-09-16 00:00:00+00:00,50+ bps increase,0,2026-09,481717,2252246,0.0095,0,33434867.861863
2025-03-20 00:00:00+00:00,No change,4,2025-07,21255,528974,0.595,1,28670116.640169
2025-03-21 00:00:00+00:00,No change,4,2025-07,21255,528974,0.585,1,28670116.640169
2025-03-22 00:00:00+00:00,No change,4,2025-07,21255,528974,0.595,1,28670116.640169
2025-03-23 00:00:00+00:00,No change,4,2025-07,21255,528974,0.585,1,28670116.640169
2025-03-24 00:00:00+00:00,No change,4,2025-07,21255,528974,0.585,1,28670116.640169
2025-03-25 00:00:00+00:00,No change,4,2025-07,21255,528974,0.59,1,28670116.640169
2025-03-26 00:00:00+00:00,No change,4,2025-07,21255,528974,0.59,1,28670116.640169
2025-03-27 00:00:00+00:00,No change,4,2025-07,21255,528974,0.585,1,28670116.640169
2025-03-28 00:00:00+00:00,No change,4,2025-07,21255,528974,0.575,1,28670116.640169
2025-03-29 00:00:00+00:00,No change,4,2025-07,21255,528974,0.575,1,28670116.640169
2025-03-30 00:00:00+00:00,No change,4,2025-07,21255,528974,0.575,1,28670116.640169
2025-03-31 00:00:00+00:00,No change,4,2025-07,21255,528974,0.565,1,28670116.640169
2025-04-01 00:00:00+00:00,No change,3,2025-07,21255,528974,0.565,1,28670116.640169
2025-04-02 00:00:00+00:00,No change,3,2025-07,21255,528974,0.415,1,28670116.640169
2025-04-03 00:00:00+00:00,No change,3,2025-07,21255,528974,0.415,1,28670116.640169
2025-04-04 00:00:00+00:00,No change,3,2025-07,21255,528974,0.34,1,28670116.640169
2025-04-05 00:00:00+00:00,No change,3,2025-07,21255,528974,0.32,1,28670116.640169
2025-04-06 00:00:00+00:00,No change,3,2025-07,21255,528974,0.325,1,28670116.640169
2025-04-07 00:00:00+00:00,No change,3,2025-07,21255,528974,0.325,1,28670116.640169
2025-04-08 00:00:00+00:00,No change,3,2025-07,21255,528974,0.29,1,28670116.640169
2025-04-09 00:00:00+00:00,No change,3,2025-07,21255,528974,0.295,1,28670116.640169
2025-04-10 00:00:00+00:00,No change,3,2025-07,21255,528974,0.305,1,28670116.640169
2025-04-11 00:00:00+00:00,No change,3,2025-07,21255,528974,0.3,1,28670116.640169
2025-04-12 00:00:00+00:00,No change,3,2025-07,21255,528974,0.3,1,28670116.640169
2025-04-13 00:00:00+00:00,No change,3,2025-07,21255,528974,0.305,1,28670116.640169
2025-04-14 00:00:00+00:00,No change,3,2025-07,21255,528974,0.295,1,28670116.640169
2025-04-15 00:00:00+00:00,No change,3,2025-07,21255,528974,0.29,1,28670116.640169
2025-04-16 00:00:00+00:00,No change,3,2025-07,21255,528974,0.295,1,28670116.640169
2025-04-17 00:00:00+00:00,No change,3,2025-07,21255,528974,0.325,1,28670116.640169
2025-04-18 00:00:00+00:00,No change,3,2025-07,21255,528974,0.33,1,28670116.640169
2025-04-19 00:00:00+00:00,No change,3,2025-07,21255,528974,0.335,1,28670116.640169
2025-04-20 00:00:00+00:00,No change,3,2025-07,21255,528974,0.345,1,28670116.640169
2025-04-21 00:00:00+00:00,No change,3,2025-07,21255,528974,0.365,1,28670116.640169
2025-04-22 00:00:00+00:00,No change,3,2025-07,21255,528974,0.365,1,28670116.640169
2025-04-23 00:00:00+00:00,No change,3,2025-07,21255,528974,0.36,1,28670116.640169
2025-04-24 00:00:00+00:00,No change,3,2025-07,21255,528974,0.365,1,28670116.640169
2025-04-25 00:00:00+00:00,No change,3,2025-07,21255,528974,0.39,1,28670116.640169
2025-04-26 00:00:00+00:00,No change,3,2025-07,21255,528974,0.42,1,28670116.640169
2025-04-27 00:00:00+00:00,No change,3,2025-07,21255,528974,0.425,1,28670116.640169
2025-04-28 00:00:00+00:00,No change,3,2025-07,21255,528974,0.425,1,28670116.640169
2025-04-29 00:00:00+00:00,No change,3,2025-07,21255,528974,0.395,1,28670116.640169
2025-04-30 00:00:00+00:00,No change,3,2025-07,21255,528974,0.39,1,28670116.640169
2025-05-01 00:00:00+00:00,No change,2,2025-07,21255,528974,0.4,1,28670116.640169
2025-05-02 00:00:00+00:00,No change,2,2025-07,21255,528974,0.38,1,28670116.640169
2025-05-03 00:00:00+00:00,No change,2,2025-07,21255,528974,0.46,1,28670116.640169
2025-05-04 00:00:00+00:00,No change,2,2025-07,21255,528974,0.47,1,28670116.640169
2025-05-05 00:00:00+00:00,No change,2,2025-07,21255,528974,0.505,1,28670116.640169
2025-05-06 00:00:00+00:00,No change,2,2025-07,21255,528974,0.485,1,28670116.640169
2025-05-07 00:00:00+00:00,No change,2,2025-07,21255,528974,0.51,1,28670116.640169
2025-05-08 00:00:00+00:00,No change,2,2025-07,21255,528974,0.48,1,28670116.640169
2025-05-08 00:00:00+00:00,No change,4,2025-09,24087,542539,0.425,0,67368762.49652
2025-05-09 00:00:00+00:00,No change,2,2025-07,21255,528974,0.51,1,28670116.640169
2025-05-09 00:00:00+00:00,No change,4,2025-09,24087,542539,0.385,0,67368762.49652
2025-05-10 00:00:00+00:00,No change,2,2025-07,21255,528974,0.615,1,28670116.640169
2025-05-10 00:00:00+00:00,No change,4,2025-09,24087,542539,0.39,0,67368762.49652
2025-05-11 00:00:00+00:00,No change,2,2025-07,21255,528974,0.675,1,28670116.640169
2025-05-11 00:00:00+00:00,No change,4,2025-09,24087,542539,0.4,0,67368762.49652
2025-05-12 00:00:00+00:00,No change,2,2025-07,21255,528974,0.63,1,28670116.640169
2025-05-12 00:00:00+00:00,No change,4,2025-09,24087,542539,0.435,0,67368762.49652
2025-05-13 00:00:00+00:00,No change,2,2025-07,21255,528974,0.72,1,28670116.640169
2025-05-13 00:00:00+00:00,No change,4,2025-09,24087,542539,0.52,0,67368762.49652
2025-05-14 00:00:00+00:00,No change,2,2025-07,21255,528974,0.705,1,28670116.640169
2025-05-14 00:00:00+00:00,No change,4,2025-09,24087,542539,0.515,0,67368762.49652
2025-05-15 00:00:00+00:00,No change,2,2025-07,21255,528974,0.705,1,28670116.640169
2025-05-15 00:00:00+00:00,No change,4,2025-09,24087,542539,0.54,0,67368762.49652
2025-05-16 00:00:00+00:00,No change,2,2025-07,21255,528974,0.71,1,28670116.640169
2025-05-16 00:00:00+00:00,No change,4,2025-09,24087,542539,0.535,0,67368762.49652
2025-05-17 00:00:00+00:00,No change,2,2025-07,21255,528974,0.72,1,28670116.640169
2025-05-17 00:00:00+00:00,No change,4,2025-09,24087,542539,0.545,0,67368762.49652
2025-05-18 00:00:00+00:00,No change,2,2025-07,21255,528974,0.72,1,28670116.640169
2025-05-18 00:00:00+00:00,No change,4,2025-09,24087,542539,0.535,0,67368762.49652
2025-05-19 00:00:00+00:00,No change,2,2025-07,21255,528974,0.725,1,28670116.640169
2025-05-19 00:00:00+00:00,No change,4,2025-09,24087,542539,0.555,0,67368762.49652
2025-05-20 00:00:00+00:00,No change,2,2025-07,21255,528974,0.735,1,28670116.640169
2025-05-20 00:00:00+00:00,No change,4,2025-09,24087,542539,0.595,0,67368762.49652
2025-05-21 00:00:00+00:00,No change,2,2025-07,21255,528974,0.75,1,28670116.640169
2025-05-21 00:00:00+00:00,No change,4,2025-09,24087,542539,0.595,0,67368762.49652
2025-05-22 00:00:00+00:00,No change,2,2025-07,21255,528974,0.775,1,28670116.640169
2025-05-22 00:00:00+00:00,No change,4,2025-09,24087,542539,0.6,0,67368762.49652
2025-05-23 00:00:00+00:00,No change,2,2025-07,21255,528974,0.775,1,28670116.640169
2025-05-23 00:00:00+00:00,No change,4,2025-09,24087,542539,0.575,0,67368762.49652
2025-05-24 00:00:00+00:00,No change,2,2025-07,21255,528974,0.78,1,28670116.640169
2025-05-24 00:00:00+00:00,No change,4,2025-09,24087,542539,0.595,0,67368762.49652
2025-05-25 00:00:00+00:00,No change,2,2025-07,21255,528974,0.785,1,28670116.640169
2025-05-25 00:00:00+00:00,No change,4,2025-09,24087,542539,0.595,0,67368762.49652
2025-05-26 00:00:00+00:00,No change,2,2025-07,21255,528974,0.795,1,28670116.640169
2025-05-26 00:00:00+00:00,No change,4,2025-09,24087,542539,0.665,0,67368762.49652
2025-05-27 00:00:00+00:00,No change,2,2025-07,21255,528974,0.8,1,28670116.640169
2025-05-27 00:00:00+00:00,No change,4,2025-09,24087,542539,0.685,0,67368762.49652
2025-05-28 00:00:00+00:00,No change,2,2025-07,21255,528974,0.79,1,28670116.640169
2025-05-28 00:00:00+00:00,No change,4,2025-09,24087,542539,0.685,0,67368762.49652
2025-05-29 00:00:00+00:00,No change,2,2025-07,21255,528974,0.815,1,28670116.640169
2025-05-29 00:00:00+00:00,No change,4,2025-09,24087,542539,0.68,0,67368762.49652
2025-05-30 00:00:00+00:00,No change,2,2025-07,21255,528974,0.79,1,28670116.640169
2025-05-30 00:00:00+00:00,No change,4,2025-09,24087,542539,0.665,0,67368762.49652
2025-05-31 00:00:00+00:00,No change,2,2025-07,21255,528974,0.785,1,28670116.640169
2025-05-31 00:00:00+00:00,No change,4,2025-09,24087,542539,0.605,0,67368762.49652
2025-06-01 00:00:00+00:00,No change,1,2025-07,21255,528974,0.79,1,28670116.640169
2025-06-01 00:00:00+00:00,No change,3,2025-09,24087,542539,0.605,0,67368762.49652
2025-06-02 00:00:00+00:00,No change,1,2025-07,21255,528974,0.8,1,28670116.640169
2025-06-02 00:00:00+00:00,No change,3,2025-09,24087,542539,0.6,0,67368762.49652
2025-06-03 00:00:00+00:00,No change,1,2025-07,21255,528974,0.83,1,28670116.640169
2025-06-03 00:00:00+00:00,No change,3,2025-09,24087,542539,0.595,0,67368762.49652
2025-06-04 00:00:00+00:00,No change,1,2025-07,21255,528974,0.85,1,28670116.640169
2025-06-04 00:00:00+00:00,No change,3,2025-09,24087,542539,0.585,0,67368762.49652
2025-06-05 00:00:00+00:00,No change,1,2025-07,21255,528974,0.785,1,28670116.640169
2025-06-05 00:00:00+00:00,No change,3,2025-09,24087,542539,0.575,0,67368762.49652
2025-06-06 00:00:00+00:00,No change,1,2025-07,21255,528974,0.77,1,28670116.640169
2025-06-06 00:00:00+00:00,No change,3,2025-09,24087,542539,0.465,0,67368762.49652
2025-06-07 00:00:00+00:00,No change,1,2025-07,21255,528974,0.875,1,28670116.640169
2025-06-07 00:00:00+00:00,No change,3,2025-09,24087,542539,0.575,0,67368762.49652
2025-06-08 00:00:00+00:00,No change,1,2025-07,21255,528974,0.88,1,28670116.640169
2025-06-08 00:00:00+00:00,No change,3,2025-09,24087,542539,0.61,0,67368762.49652
2025-06-09 00:00:00+00:00,No change,1,2025-07,21255,528974,0.875,1,28670116.640169
2025-06-09 00:00:00+00:00,No change,3,2025-09,24087,542539,0.605,0,67368762.49652
2025-06-10 00:00:00+00:00,No change,1,2025-07,21255,528974,0.885,1,28670116.640169
2025-06-10 00:00:00+00:00,No change,3,2025-09,24087,542539,0.595,0,67368762.49652
2025-06-11 00:00:00+00:00,No change,1,2025-07,21255,528974,0.865,1,28670116.640169
2025-06-11 00:00:00+00:00,No change,3,2025-09,24087,542539,0.595,0,67368762.49652
2025-06-12 00:00:00+00:00,No change,1,2025-07,21255,528974,0.84,1,28670116.640169
2025-06-12 00:00:00+00:00,No change,3,2025-09,24087,542539,0.545,0,67368762.49652
2025-06-13 00:00:00+00:00,No change,1,2025-07,21255,528974,0.765,1,28670116.640169
2025-06-13 00:00:00+00:00,No change,3,2025-09,24087,542539,0.525,0,67368762.49652
2025-06-14 00:00:00+00:00,No change,1,2025-07,21255,528974,0.815,1,28670116.640169
2025-06-14 00:00:00+00:00,No change,3,2025-09,24087,542539,0.52,0,67368762.49652
2025-06-15 00:00:00+00:00,No change,1,2025-07,21255,528974,0.8,1,28670116.640169
2025-06-15 00:00:00+00:00,No change,3,2025-09,24087,542539,0.52,0,67368762.49652
2025-06-16 00:00:00+00:00,No change,1,2025-07,21255,528974,0.835,1,28670116.640169
2025-06-16 00:00:00+00:00,No change,3,2025-09,24087,542539,0.53,0,67368762.49652
2025-06-17 00:00:00+00:00,No change,1,2025-07,21255,528974,0.865,1,28670116.640169
2025-06-17 00:00:00+00:00,No change,3,2025-09,24087,542539,0.55,0,67368762.49652
2025-06-18 00:00:00+00:00,No change,1,2025-07,21255,528974,0.775,1,28670116.640169
2025-06-18 00:00:00+00:00,No change,3,2025-09,24087,542539,0.56,0,67368762.49652
2025-06-19 00:00:00+00:00,No change,1,2025-07,21255,528974,0.93,1,28670116.640169
2025-06-19 00:00:00+00:00,No change,3,2025-09,24087,542539,0.51,0,67368762.49652
2025-06-20 00:00:00+00:00,No change,1,2025-07,21255,528974,0.925,1,28670116.640169
2025-06-20 00:00:00+00:00,No change,3,2025-09,24087,542539,0.535,0,67368762.49652
2025-06-20 00:00:00+00:00,No change,4,2025-10,27824,553812,0.475,0,46052653.992844
2025-06-21 00:00:00+00:00,No change,1,2025-07,21255,528974,0.865,1,28670116.640169
2025-06-21 00:00:00+00:00,No change,3,2025-09,24087,542539,0.555,0,67368762.49652
2025-06-21 00:00:00+00:00,No change,4,2025-10,27824,553812,0.515,0,46052653.992844
2025-06-22 00:00:00+00:00,No change,1,2025-07,21255,528974,0.875,1,28670116.640169
2025-06-22 00:00:00+00:00,No change,3,2025-09,24087,542539,0.55,0,67368762.49652
2025-06-22 00:00:00+00:00,No change,4,2025-10,27824,553812,0.505,0,46052653.992844
2025-06-23 00:00:00+00:00,No change,1,2025-07,21255,528974,0.865,1,28670116.640169
2025-06-23 00:00:00+00:00,No change,3,2025-09,24087,542539,0.53,0,67368762.49652
2025-06-23 00:00:00+00:00,No change,4,2025-10,27824,553812,0.505,0,46052653.992844
2025-06-24 00:00:00+00:00,No change,1,2025-07,21255,528974,0.77,1,28670116.640169
2025-06-24 00:00:00+00:00,No change,3,2025-09,24087,542539,0.495,0,67368762.49652
2025-06-24 00:00:00+00:00,No change,4,2025-10,27824,553812,0.49,0,46052653.992844
2025-06-25 00:00:00+00:00,No change,1,2025-07,21255,528974,0.805,1,28670116.640169
2025-06-25 00:00:00+00:00,No change,3,2025-09,24087,542539,0.455,0,67368762.49652
2025-06-25 00:00:00+00:00,No change,4,2025-10,27824,553812,0.435,0,46052653.992844
2025-06-26 00:00:00+00:00,No change,1,2025-07,21255,528974,0.745,1,28670116.640169
2025-06-26 00:00:00+00:00,No change,3,2025-09,24087,542539,0.315,0,67368762.49652
2025-06-26 00:00:00+00:00,No change,4,2025-10,27824,553812,0.425,0,46052653.992844
2025-06-27 00:00:00+00:00,No change,1,2025-07,21255,528974,0.765,1,28670116.640169
2025-06-27 00:00:00+00:00,No change,3,2025-09,24087,542539,0.375,0,67368762.49652
2025-06-27 00:00:00+00:00,No change,4,2025-10,27824,553812,0.405,0,46052653.992844
2025-06-28 00:00:00+00:00,No change,1,2025-07,21255,528974,0.815,1,28670116.640169
2025-06-28 00:00:00+00:00,No change,3,2025-09,24087,542539,0.345,0,67368762.49652
2025-06-28 00:00:00+00:00,No change,4,2025-10,27824,553812,0.325,0,46052653.992844
2025-06-29 00:00:00+00:00,No change,1,2025-07,21255,528974,0.825,1,28670116.640169
2025-06-29 00:00:00+00:00,No change,3,2025-09,24087,542539,0.335,0,67368762.49652
2025-06-29 00:00:00+00:00,No change,4,2025-10,27824,553812,0.305,0,46052653.992844
2025-06-30 00:00:00+00:00,No change,1,2025-07,21255,528974,0.815,1,28670116.640169
2025-06-30 00:00:00+00:00,No change,3,2025-09,24087,542539,0.34,0,67368762.49652
2025-06-30 00:00:00+00:00,No change,4,2025-10,27824,553812,0.32,0,46052653.992844
2025-07-01 00:00:00+00:00,No change,0,2025-07,21255,528974,0.805,1,28670116.640169
2025-07-01 00:00:00+00:00,No change,2,2025-09,24087,542539,0.34,0,67368762.49652
2025-07-01 00:00:00+00:00,No change,3,2025-10,27824,553812,0.305,0,46052653.992844
2025-07-02 00:00:00+00:00,No change,0,2025-07,21255,528974,0.825,1,28670116.640169
2025-07-02 00:00:00+00:00,No change,2,2025-09,24087,542539,0.325,0,67368762.49652
2025-07-02 00:00:00+00:00,No change,3,2025-10,27824,553812,0.305,0,46052653.992844
2025-07-03 00:00:00+00:00,No change,0,2025-07,21255,528974,0.775,1,28670116.640169
2025-07-03 00:00:00+00:00,No change,2,2025-09,24087,542539,0.31,0,67368762.49652
2025-07-03 00:00:00+00:00,No change,3,2025-10,27824,553812,0.365,0,46052653.992844
2025-07-04 00:00:00+00:00,No change,0,2025-07,21255,528974,0.935,1,28670116.640169
2025-07-04 00:00:00+00:00,No change,2,2025-09,24087,542539,0.475,0,67368762.49652
2025-07-04 00:00:00+00:00,No change,3,2025-10,27824,553812,0.385,0,46052653.992844
2025-07-05 00:00:00+00:00,No change,0,2025-07,21255,528974,0.925,1,28670116.640169
2025-07-05 00:00:00+00:00,No change,2,2025-09,24087,542539,0.43,0,67368762.49652
2025-07-05 00:00:00+00:00,No change,3,2025-10,27824,553812,0.39,0,46052653.992844
2025-07-06 00:00:00+00:00,No change,0,2025-07,21255,528974,0.935,1,28670116.640169
2025-07-06 00:00:00+00:00,No change,2,2025-09,24087,542539,0.43,0,67368762.49652
2025-07-06 00:00:00+00:00,No change,3,2025-10,27824,553812,0.415,0,46052653.992844
2025-07-07 00:00:00+00:00,No change,0,2025-07,21255,528974,0.935,1,28670116.640169
2025-07-07 00:00:00+00:00,No change,2,2025-09,24087,542539,0.43,0,67368762.49652
2025-07-07 00:00:00+00:00,No change,3,2025-10,27824,553812,0.41,0,46052653.992844
2025-07-08 00:00:00+00:00,No change,0,2025-07,21255,528974,0.935,1,28670116.640169
2025-07-08 00:00:00+00:00,No change,2,2025-09,24087,542539,0.435,0,67368762.49652
2025-07-08 00:00:00+00:00,No change,3,2025-10,27824,553812,0.405,0,46052653.992844
2025-07-09 00:00:00+00:00,No change,0,2025-07,21255,528974,0.935,1,28670116.640169
2025-07-09 00:00:00+00:00,No change,2,2025-09,24087,542539,0.435,0,67368762.49652
2025-07-09 00:00:00+00:00,No change,3,2025-10,27824,553812,0.39,0,46052653.992844
2025-07-10 00:00:00+00:00,No change,0,2025-07,21255,528974,0.945,1,28670116.640169
2025-07-10 00:00:00+00:00,No change,2,2025-09,24087,542539,0.465,0,67368762.49652
2025-07-10 00:00:00+00:00,No change,3,2025-10,27824,553812,0.385,0,46052653.992844
2025-07-11 00:00:00+00:00,No change,0,2025-07,21255,528974,0.945,1,28670116.640169
2025-07-11 00:00:00+00:00,No change,2,2025-09,24087,542539,0.45,0,67368762.49652
2025-07-11 00:00:00+00:00,No change,3,2025-10,27824,553812,0.37,0,46052653.992844
2025-07-12 00:00:00+00:00,No change,0,2025-07,21255,528974,0.935,1,28670116.640169
2025-07-12 00:00:00+00:00,No change,2,2025-09,24087,542539,0.465,0,67368762.49652
2025-07-12 00:00:00+00:00,No change,3,2025-10,27824,553812,0.37,0,46052653.992844
2025-07-13 00:00:00+00:00,No change,0,2025-07,21255,528974,0.935,1,28670116.640169
2025-07-13 00:00:00+00:00,No change,2,2025-09,24087,542539,0.46,0,67368762.49652
2025-07-13 00:00:00+00:00,No change,3,2025-10,27824,553812,0.375,0,46052653.992844
2025-07-14 00:00:00+00:00,No change,0,2025-07,21255,528974,0.935,1,28670116.640169
2025-07-14 00:00:00+00:00,No change,2,2025-09,24087,542539,0.435,0,67368762.49652
2025-07-14 00:00:00+00:00,No change,3,2025-10,27824,553812,0.375,0,46052653.992844
2025-07-15 00:00:00+00:00,No change,0,2025-07,21255,528974,0.935,1,28670116.640169
2025-07-15 00:00:00+00:00,No change,2,2025-09,24087,542539,0.475,0,67368762.49652
2025-07-15 00:00:00+00:00,No change,3,2025-10,27824,553812,0.37,0,46052653.992844
2025-07-16 00:00:00+00:00,No change,0,2025-07,21255,528974,0.961,1,28670116.640169
2025-07-16 00:00:00+00:00,No change,2,2025-09,24087,542539,0.545,0,67368762.49652
2025-07-16 00:00:00+00:00,No change,3,2025-10,27824,553812,0.37,0,46052653.992844
2025-07-17 00:00:00+00:00,No change,0,2025-07,21255,528974,0.961,1,28670116.640169
2025-07-17 00:00:00+00:00,No change,2,2025-09,24087,542539,0.54,0,67368762.49652
2025-07-17 00:00:00+00:00,No change,3,2025-10,27824,553812,0.375,0,46052653.992844
2025-07-18 00:00:00+00:00,No change,0,2025-07,21255,528974,0.9495,1,28670116.640169
2025-07-18 00:00:00+00:00,No change,2,2025-09,24087,542539,0.515,0,67368762.49652
2025-07-18 00:00:00+00:00,No change,3,2025-10,27824,553812,0.395,0,46052653.992844
2025-07-19 00:00:00+00:00,No change,0,2025-07,21255,528974,0.9555,1,28670116.640169
2025-07-19 00:00:00+00:00,No change,2,2025-09,24087,542539,0.485,0,67368762.49652
2025-07-19 00:00:00+00:00,No change,3,2025-10,27824,553812,0.405,0,46052653.992844
2025-07-20 00:00:00+00:00,No change,0,2025-07,21255,528974,0.9565,1,28670116.640169
2025-07-20 00:00:00+00:00,No change,2,2025-09,24087,542539,0.495,0,67368762.49652
2025-07-20 00:00:00+00:00,No change,3,2025-10,27824,553812,0.44,0,46052653.992844
2025-07-21 00:00:00+00:00,No change,0,2025-07,21255,528974,0.956,1,28670116.640169
2025-07-21 00:00:00+00:00,No change,2,2025-09,24087,542539,0.51,0,67368762.49652
2025-07-21 00:00:00+00:00,No change,3,2025-10,27824,553812,0.435,0,46052653.992844
2025-07-22 00:00:00+00:00,No change,0,2025-07,21255,528974,0.9535,1,28670116.640169
2025-07-22 00:00:00+00:00,No change,2,2025-09,24087,542539,0.485,0,67368762.49652
2025-07-22 00:00:00+00:00,No change,3,2025-10,27824,553812,0.435,0,46052653.992844
2025-07-23 00:00:00+00:00,No change,0,2025-07,21255,528974,0.9555,1,28670116.640169
2025-07-23 00:00:00+00:00,No change,2,2025-09,24087,542539,0.435,0,67368762.49652
2025-07-23 00:00:00+00:00,No change,3,2025-10,27824,553812,0.435,0,46052653.992844
2025-07-24 00:00:00+00:00,No change,0,2025-07,21255,528974,0.962,1,28670116.640169
2025-07-24 00:00:00+00:00,No change,2,2025-09,24087,542539,0.42,0,67368762.49652
2025-07-24 00:00:00+00:00,No change,3,2025-10,27824,553812,0.455,0,46052653.992844
2025-07-25 00:00:00+00:00,No change,0,2025-07,21255,528974,0.9635,1,28670116.640169
2025-07-25 00:00:00+00:00,No change,2,2025-09,24087,542539,0.435,0,67368762.49652
2025-07-25 00:00:00+00:00,No change,3,2025-10,27824,553812,0.45,0,46052653.992844
2025-07-26 00:00:00+00:00,No change,0,2025-07,21255,528974,0.9595,1,28670116.640169
2025-07-26 00:00:00+00:00,No change,2,2025-09,24087,542539,0.425,0,67368762.49652
2025-07-26 00:00:00+00:00,No change,3,2025-10,27824,553812,0.46,0,46052653.992844
2025-07-27 00:00:00+00:00,No change,0,2025-07,21255,528974,0.9515,1,28670116.640169
2025-07-27 00:00:00+00:00,No change,2,2025-09,24087,542539,0.43,0,67368762.49652
2025-07-27 00:00:00+00:00,No change,3,2025-10,27824,553812,0.455,0,46052653.992844
2025-07-28 00:00:00+00:00,No change,0,2025-07,21255,528974,0.9505,1,28670116.640169
2025-07-28 00:00:00+00:00,No change,2,2025-09,24087,542539,0.355,0,67368762.49652
2025-07-28 00:00:00+00:00,No change,3,2025-10,27824,553812,0.455,0,46052653.992844
2025-07-29 00:00:00+00:00,No change,0,2025-07,21255,528974,0.9635,1,28670116.640169
2025-07-29 00:00:00+00:00,No change,2,2025-09,24087,542539,0.405,0,67368762.49652
2025-07-29 00:00:00+00:00,No change,3,2025-10,27824,553812,0.455,0,46052653.992844
2025-07-30 00:00:00+00:00,No change,0,2025-07,21255,528974,0.9815,1,28670116.640169
2025-07-30 00:00:00+00:00,No change,2,2025-09,24087,542539,0.375,0,67368762.49652
2025-07-30 00:00:00+00:00,No change,3,2025-10,27824,553812,0.455,0,46052653.992844
2025-07-31 00:00:00+00:00,No change,2,2025-09,24087,542539,0.555,0,67368762.49652
2025-07-31 00:00:00+00:00,No change,3,2025-10,27824,553812,0.49,0,46052653.992844
2025-08-01 00:00:00+00:00,No change,1,2025-09,24087,542539,0.625,0,67368762.49652
2025-08-01 00:00:00+00:00,No change,2,2025-10,27824,553812,0.52,0,46052653.992844
2025-08-01 00:00:00+00:00,No change,4,2025-12,35090,570362,0.385,0,44523455.111481
2025-08-02 00:00:00+00:00,No change,1,2025-09,24087,542539,0.195,0,67368762.49652
2025-08-02 00:00:00+00:00,No change,2,2025-10,27824,553812,0.355,0,46052653.992844
2025-08-02 00:00:00+00:00,No change,4,2025-12,35090,570362,0.34,0,44523455.111481
2025-08-03 00:00:00+00:00,No change,1,2025-09,24087,542539,0.205,0,67368762.49652
2025-08-03 00:00:00+00:00,No change,2,2025-10,27824,553812,0.355,0,46052653.992844
2025-08-03 00:00:00+00:00,No change,4,2025-12,35090,570362,0.325,0,44523455.111481
2025-08-04 00:00:00+00:00,No change,1,2025-09,24087,542539,0.205,0,67368762.49652
2025-08-04 00:00:00+00:00,No change,2,2025-10,27824,553812,0.34,0,46052653.992844
2025-08-04 00:00:00+00:00,No change,4,2025-12,35090,570362,0.335,0,44523455.111481
2025-08-05 00:00:00+00:00,No change,1,2025-09,24087,542539,0.165,0,67368762.49652
2025-08-05 00:00:00+00:00,No change,2,2025-10,27824,553812,0.35,0,46052653.992844
2025-08-05 00:00:00+00:00,No change,4,2025-12,35090,570362,0.32,0,44523455.111481
2025-08-06 00:00:00+00:00,No change,1,2025-09,24087,542539,0.185,0,67368762.49652
2025-08-06 00:00:00+00:00,No change,2,2025-10,27824,553812,0.345,0,46052653.992844
2025-08-06 00:00:00+00:00,No change,4,2025-12,35090,570362,0.335,0,44523455.111481
2025-08-07 00:00:00+00:00,No change,1,2025-09,24087,542539,0.145,0,67368762.49652
2025-08-07 00:00:00+00:00,No change,2,2025-10,27824,553812,0.345,0,46052653.992844
2025-08-07 00:00:00+00:00,No change,4,2025-12,35090,570362,0.32,0,44523455.111481
2025-08-08 00:00:00+00:00,No change,1,2025-09,24087,542539,0.175,0,67368762.49652
2025-08-08 00:00:00+00:00,No change,2,2025-10,27824,553812,0.35,0,46052653.992844
2025-08-08 00:00:00+00:00,No change,4,2025-12,35090,570362,0.32,0,44523455.111481
2025-08-09 00:00:00+00:00,No change,1,2025-09,24087,542539,0.175,0,67368762.49652
2025-08-09 00:00:00+00:00,No change,2,2025-10,27824,553812,0.335,0,46052653.992844
2025-08-09 00:00:00+00:00,No change,4,2025-12,35090,570362,0.315,0,44523455.111481
2025-08-10 00:00:00+00:00,No change,1,2025-09,24087,542539,0.175,0,67368762.49652
2025-08-10 00:00:00+00:00,No change,2,2025-10,27824,553812,0.34,0,46052653.992844
2025-08-10 00:00:00+00:00,No change,4,2025-12,35090,570362,0.315,0,44523455.111481
2025-08-11 00:00:00+00:00,No change,1,2025-09,24087,542539,0.175,0,67368762.49652
2025-08-11 00:00:00+00:00,No change,2,2025-10,27824,553812,0.355,0,46052653.992844
2025-08-11 00:00:00+00:00,No change,4,2025-12,35090,570362,0.315,0,44523455.111481
2025-08-12 00:00:00+00:00,No change,1,2025-09,24087,542539,0.21,0,67368762.49652
2025-08-12 00:00:00+00:00,No change,2,2025-10,27824,553812,0.36,0,46052653.992844
2025-08-12 00:00:00+00:00,No change,4,2025-12,35090,570362,0.315,0,44523455.111481
2025-08-13 00:00:00+00:00,No change,1,2025-09,24087,542539,0.125,0,67368762.49652
2025-08-13 00:00:00+00:00,No change,2,2025-10,27824,553812,0.365,0,46052653.992844
2025-08-13 00:00:00+00:00,No change,4,2025-12,35090,570362,0.305,0,44523455.111481
2025-08-14 00:00:00+00:00,No change,1,2025-09,24087,542539,0.125,0,67368762.49652
2025-08-14 00:00:00+00:00,No change,2,2025-10,27824,553812,0.34,0,46052653.992844
2025-08-14 00:00:00+00:00,No change,4,2025-12,35090,570362,0.3,0,44523455.111481
2025-08-15 00:00:00+00:00,No change,1,2025-09,24087,542539,0.235,0,67368762.49652
2025-08-15 00:00:00+00:00,No change,2,2025-10,27824,553812,0.365,0,46052653.992844
2025-08-15 00:00:00+00:00,No change,4,2025-12,35090,570362,0.305,0,44523455.111481
2025-08-16 00:00:00+00:00,No change,1,2025-09,24087,542539,0.295,0,67368762.49652
2025-08-16 00:00:00+00:00,No change,2,2025-10,27824,553812,0.37,0,46052653.992844
2025-08-16 00:00:00+00:00,No change,4,2025-12,35090,570362,0.31,0,44523455.111481
2025-08-17 00:00:00+00:00,No change,1,2025-09,24087,542539,0.265,0,67368762.49652
2025-08-17 00:00:00+00:00,No change,2,2025-10,27824,553812,0.365,0,46052653.992844
2025-08-17 00:00:00+00:00,No change,4,2025-12,35090,570362,0.31,0,44523455.111481
2025-08-18 00:00:00+00:00,No change,1,2025-09,24087,542539,0.245,0,67368762.49652
2025-08-18 00:00:00+00:00,No change,2,2025-10,27824,553812,0.365,0,46052653.992844
2025-08-18 00:00:00+00:00,No change,4,2025-12,35090,570362,0.31,0,44523455.111481
2025-08-19 00:00:00+00:00,No change,1,2025-09,24087,542539,0.265,0,67368762.49652
2025-08-19 00:00:00+00:00,No change,2,2025-10,27824,553812,0.365,0,46052653.992844
2025-08-19 00:00:00+00:00,No change,4,2025-12,35090,570362,0.315,0,44523455.111481
2025-08-20 00:00:00+00:00,No change,1,2025-09,24087,542539,0.285,0,67368762.49652
2025-08-20 00:00:00+00:00,No change,2,2025-10,27824,553812,0.365,0,46052653.992844
2025-08-20 00:00:00+00:00,No change,4,2025-12,35090,570362,0.315,0,44523455.111481
2025-08-21 00:00:00+00:00,No change,1,2025-09,24087,542539,0.295,0,67368762.49652
2025-08-21 00:00:00+00:00,No change,2,2025-10,27824,553812,0.37,0,46052653.992844
2025-08-21 00:00:00+00:00,No change,4,2025-12,35090,570362,0.325,0,44523455.111481
2025-08-22 00:00:00+00:00,No change,1,2025-09,24087,542539,0.365,0,67368762.49652
2025-08-22 00:00:00+00:00,No change,2,2025-10,27824,553812,0.39,0,46052653.992844
2025-08-22 00:00:00+00:00,No change,4,2025-12,35090,570362,0.32,0,44523455.111481
2025-08-23 00:00:00+00:00,No change,1,2025-09,24087,542539,0.185,0,67368762.49652
2025-08-23 00:00:00+00:00,No change,2,2025-10,27824,553812,0.445,0,46052653.992844
2025-08-23 00:00:00+00:00,No change,4,2025-12,35090,570362,0.23,0,44523455.111481
2025-08-24 00:00:00+00:00,No change,1,2025-09,24087,542539,0.185,0,67368762.49652
2025-08-24 00:00:00+00:00,No change,2,2025-10,27824,553812,0.425,0,46052653.992844
2025-08-24 00:00:00+00:00,No change,4,2025-12,35090,570362,0.29,0,44523455.111481
2025-08-25 00:00:00+00:00,No change,1,2025-09,24087,542539,0.145,0,67368762.49652
2025-08-25 00:00:00+00:00,No change,2,2025-10,27824,553812,0.45,0,46052653.992844
2025-08-25 00:00:00+00:00,No change,4,2025-12,35090,570362,0.31,0,44523455.111481
2025-08-26 00:00:00+00:00,No change,1,2025-09,24087,542539,0.205,0,67368762.49652
2025-08-26 00:00:00+00:00,No change,2,2025-10,27824,553812,0.45,0,46052653.992844
2025-08-26 00:00:00+00:00,No change,4,2025-12,35090,570362,0.33,0,44523455.111481
2025-08-27 00:00:00+00:00,No change,1,2025-09,24087,542539,0.175,0,67368762.49652
2025-08-27 00:00:00+00:00,No change,2,2025-10,27824,553812,0.45,0,46052653.992844
2025-08-27 00:00:00+00:00,No change,4,2025-12,35090,570362,0.32,0,44523455.111481
2025-08-28 00:00:00+00:00,No change,1,2025-09,24087,542539,0.165,0,67368762.49652
2025-08-28 00:00:00+00:00,No change,2,2025-10,27824,553812,0.45,0,46052653.992844
2025-08-28 00:00:00+00:00,No change,4,2025-12,35090,570362,0.32,0,44523455.111481
2025-08-29 00:00:00+00:00,No change,1,2025-09,24087,542539,0.175,0,67368762.49652
2025-08-29 00:00:00+00:00,No change,2,2025-10,27824,553812,0.45,0,46052653.992844
2025-08-29 00:00:00+00:00,No change,4,2025-12,35090,570362,0.315,0,44523455.111481
2025-08-30 00:00:00+00:00,No change,1,2025-09,24087,542539,0.145,0,67368762.49652
2025-08-30 00:00:00+00:00,No change,2,2025-10,27824,553812,0.45,0,46052653.992844
2025-08-30 00:00:00+00:00,No change,4,2025-12,35090,570362,0.315,0,44523455.111481
2025-08-31 00:00:00+00:00,No change,1,2025-09,24087,542539,0.145,0,67368762.49652
2025-08-31 00:00:00+00:00,No change,2,2025-10,27824,553812,0.435,0,46052653.992844
2025-08-31 00:00:00+00:00,No change,4,2025-12,35090,570362,0.32,0,44523455.111481
2025-09-01 00:00:00+00:00,No change,0,2025-09,24087,542539,0.145,0,67368762.49652
2025-09-01 00:00:00+00:00,No change,1,2025-10,27824,553812,0.445,0,46052653.992844
2025-09-01 00:00:00+00:00,No change,3,2025-12,35090,570362,0.315,0,44523455.111481
2025-09-02 00:00:00+00:00,No change,0,2025-09,24087,542539,0.135,0,67368762.49652
2025-09-02 00:00:00+00:00,No change,1,2025-10,27824,553812,0.455,0,46052653.992844
2025-09-02 00:00:00+00:00,No change,3,2025-12,35090,570362,0.32,0,44523455.111481
2025-09-03 00:00:00+00:00,No change,0,2025-09,24087,542539,0.125,0,67368762.49652
2025-09-03 00:00:00+00:00,No change,1,2025-10,27824,553812,0.44,0,46052653.992844
2025-09-03 00:00:00+00:00,No change,3,2025-12,35090,570362,0.325,0,44523455.111481
2025-09-04 00:00:00+00:00,No change,0,2025-09,24087,542539,0.085,0,67368762.49652
2025-09-04 00:00:00+00:00,No change,1,2025-10,27824,553812,0.435,0,46052653.992844
2025-09-04 00:00:00+00:00,No change,3,2025-12,35090,570362,0.325,0,44523455.111481
2025-09-05 00:00:00+00:00,No change,0,2025-09,24087,542539,0.065,0,67368762.49652
2025-09-05 00:00:00+00:00,No change,1,2025-10,27824,553812,0.455,0,46052653.992844
2025-09-05 00:00:00+00:00,No change,3,2025-12,35090,570362,0.345,0,44523455.111481
2025-09-06 00:00:00+00:00,No change,0,2025-09,24087,542539,0.019,0,67368762.49652
2025-09-06 00:00:00+00:00,No change,1,2025-10,27824,553812,0.36,0,46052653.992844
2025-09-06 00:00:00+00:00,No change,3,2025-12,35090,570362,0.3,0,44523455.111481
2025-09-07 00:00:00+00:00,No change,0,2025-09,24087,542539,0.029,0,67368762.49652
2025-09-07 00:00:00+00:00,No change,1,2025-10,27824,553812,0.425,0,46052653.992844
2025-09-07 00:00:00+00:00,No change,3,2025-12,35090,570362,0.32,0,44523455.111481
2025-09-08 00:00:00+00:00,No change,0,2025-09,24087,542539,0.037,0,67368762.49652
2025-09-08 00:00:00+00:00,No change,1,2025-10,27824,553812,0.4,0,46052653.992844
2025-09-08 00:00:00+00:00,No change,3,2025-12,35090,570362,0.305,0,44523455.111481
2025-09-09 00:00:00+00:00,No change,0,2025-09,24087,542539,0.0315,0,67368762.49652
2025-09-09 00:00:00+00:00,No change,1,2025-10,27824,553812,0.42,0,46052653.992844
2025-09-09 00:00:00+00:00,No change,3,2025-12,35090,570362,0.315,0,44523455.111481
2025-09-10 00:00:00+00:00,No change,0,2025-09,24087,542539,0.0395,0,67368762.49652
2025-09-10 00:00:00+00:00,No change,1,2025-10,27824,553812,0.375,0,46052653.992844
2025-09-10 00:00:00+00:00,No change,3,2025-12,35090,570362,0.32,0,44523455.111481
2025-09-11 00:00:00+00:00,No change,0,2025-09,24087,542539,0.0265,0,67368762.49652
2025-09-11 00:00:00+00:00,No change,1,2025-10,27824,553812,0.285,0,46052653.992844
2025-09-11 00:00:00+00:00,No change,3,2025-12,35090,570362,0.32,0,44523455.111481
2025-09-12 00:00:00+00:00,No change,0,2025-09,24087,542539,0.0245,0,67368762.49652
2025-09-12 00:00:00+00:00,No change,1,2025-10,27824,553812,0.265,0,46052653.992844
2025-09-12 00:00:00+00:00,No change,3,2025-12,35090,570362,0.32,0,44523455.111481
2025-09-13 00:00:00+00:00,No change,0,2025-09,24087,542539,0.023,0,67368762.49652
2025-09-13 00:00:00+00:00,No change,1,2025-10,27824,553812,0.26,0,46052653.992844
2025-09-13 00:00:00+00:00,No change,3,2025-12,35090,570362,0.32,0,44523455.111481
2025-09-14 00:00:00+00:00,No change,0,2025-09,24087,542539,0.021,0,67368762.49652
2025-09-14 00:00:00+00:00,No change,1,2025-10,27824,553812,0.26,0,46052653.992844
2025-09-14 00:00:00+00:00,No change,3,2025-12,35090,570362,0.32,0,44523455.111481
2025-09-15 00:00:00+00:00,No change,0,2025-09,24087,542539,0.0275,0,67368762.49652
2025-09-15 00:00:00+00:00,No change,1,2025-10,27824,553812,0.225,0,46052653.992844
2025-09-15 00:00:00+00:00,No change,3,2025-12,35090,570362,0.305,0,44523455.111481
2025-09-16 00:00:00+00:00,No change,0,2025-09,24087,542539,0.024,0,67368762.49652
2025-09-16 00:00:00+00:00,No change,1,2025-10,27824,553812,0.22,0,46052653.992844
2025-09-16 00:00:00+00:00,No change,3,2025-12,35090,570362,0.31,0,44523455.111481
2025-09-17 00:00:00+00:00,No change,0,2025-09,24087,542539,0.0155,0,67368762.49652
2025-09-17 00:00:00+00:00,No change,1,2025-10,27824,553812,0.195,0,46052653.992844
2025-09-17 00:00:00+00:00,No change,3,2025-12,35090,570362,0.29,0,44523455.111481
2025-09-18 00:00:00+00:00,No change,1,2025-10,27824,553812,0.145,0,46052653.992844
2025-09-18 00:00:00+00:00,No change,3,2025-12,35090,570362,0.255,0,44523455.111481
2025-09-18 00:00:00+00:00,No change,4,2026-01,45883,601699,0.495,1,106767096.072298
2025-09-19 00:00:00+00:00,No change,1,2025-10,27824,553812,0.115,0,46052653.992844
2025-09-19 00:00:00+00:00,No change,3,2025-12,35090,570362,0.215,0,44523455.111481
2025-09-19 00:00:00+00:00,No change,4,2026-01,45883,601699,0.475,1,106767096.072298
2025-09-20 00:00:00+00:00,No change,1,2025-10,27824,553812,0.105,0,46052653.992844
2025-09-20 00:00:00+00:00,No change,3,2025-12,35090,570362,0.195,0,44523455.111481
2025-09-20 00:00:00+00:00,No change,4,2026-01,45883,601699,0.505,1,106767096.072298
2025-09-21 00:00:00+00:00,No change,1,2025-10,27824,553812,0.105,0,46052653.992844
2025-09-21 00:00:00+00:00,No change,3,2025-12,35090,570362,0.195,0,44523455.111481
2025-09-21 00:00:00+00:00,No change,4,2026-01,45883,601699,0.48,1,106767096.072298
2025-09-22 00:00:00+00:00,No change,1,2025-10,27824,553812,0.105,0,46052653.992844
2025-09-22 00:00:00+00:00,No change,3,2025-12,35090,570362,0.2,0,44523455.111481
2025-09-22 00:00:00+00:00,No change,4,2026-01,45883,601699,0.49,1,106767096.072298
2025-09-23 00:00:00+00:00,No change,1,2025-10,27824,553812,0.125,0,46052653.992844
2025-09-23 00:00:00+00:00,No change,3,2025-12,35090,570362,0.205,0,44523455.111481
2025-09-23 00:00:00+00:00,No change,4,2026-01,45883,601699,0.495,1,106767096.072298
2025-09-24 00:00:00+00:00,No change,1,2025-10,27824,553812,0.125,0,46052653.992844
2025-09-24 00:00:00+00:00,No change,3,2025-12,35090,570362,0.21,0,44523455.111481
2025-09-24 00:00:00+00:00,No change,4,2026-01,45883,601699,0.49,1,106767096.072298
2025-09-25 00:00:00+00:00,No change,1,2025-10,27824,553812,0.135,0,46052653.992844
2025-09-25 00:00:00+00:00,No change,3,2025-12,35090,570362,0.215,0,44523455.111481
2025-09-25 00:00:00+00:00,No change,4,2026-01,45883,601699,0.515,1,106767096.072298
2025-09-26 00:00:00+00:00,No change,1,2025-10,27824,553812,0.165,0,46052653.992844
2025-09-26 00:00:00+00:00,No change,3,2025-12,35090,570362,0.26,0,44523455.111481
2025-09-26 00:00:00+00:00,No change,4,2026-01,45883,601699,0.545,1,106767096.072298
2025-09-27 00:00:00+00:00,No change,1,2025-10,27824,553812,0.155,0,46052653.992844
2025-09-27 00:00:00+00:00,No change,3,2025-12,35090,570362,0.285,0,44523455.111481
2025-09-27 00:00:00+00:00,No change,4,2026-01,45883,601699,0.565,1,106767096.072298
2025-09-28 00:00:00+00:00,No change,1,2025-10,27824,553812,0.155,0,46052653.992844
2025-09-28 00:00:00+00:00,No change,3,2025-12,35090,570362,0.275,0,44523455.111481
2025-09-28 00:00:00+00:00,No change,4,2026-01,45883,601699,0.57,1,106767096.072298
2025-09-29 00:00:00+00:00,No change,1,2025-10,27824,553812,0.155,0,46052653.992844
2025-09-29 00:00:00+00:00,No change,3,2025-12,35090,570362,0.275,0,44523455.111481
2025-09-29 00:00:00+00:00,No change,4,2026-01,45883,601699,0.57,1,106767096.072298
2025-09-30 00:00:00+00:00,No change,1,2025-10,27824,553812,0.155,0,46052653.992844
2025-09-30 00:00:00+00:00,No change,3,2025-12,35090,570362,0.275,0,44523455.111481
2025-09-30 00:00:00+00:00,No change,4,2026-01,45883,601699,0.57,1,106767096.072298
2025-10-01 00:00:00+00:00,No change,0,2025-10,27824,553812,0.105,0,46052653.992844
2025-10-01 00:00:00+00:00,No change,2,2025-12,35090,570362,0.25,0,44523455.111481
2025-10-01 00:00:00+00:00,No change,3,2026-01,45883,601699,0.565,1,106767096.072298
2025-10-02 00:00:00+00:00,No change,0,2025-10,27824,553812,0.055,0,46052653.992844
2025-10-02 00:00:00+00:00,No change,2,2025-12,35090,570362,0.235,0,44523455.111481
2025-10-02 00:00:00+00:00,No change,3,2026-01,45883,601699,0.565,1,106767096.072298
2025-10-03 00:00:00+00:00,No change,0,2025-10,27824,553812,0.065,0,46052653.992844
2025-10-03 00:00:00+00:00,No change,2,2025-12,35090,570362,0.205,0,44523455.111481
2025-10-03 00:00:00+00:00,No change,3,2026-01,45883,601699,0.565,1,106767096.072298
2025-10-04 00:00:00+00:00,No change,0,2025-10,27824,553812,0.065,0,46052653.992844
2025-10-04 00:00:00+00:00,No change,2,2025-12,35090,570362,0.21,0,44523455.111481
2025-10-04 00:00:00+00:00,No change,3,2026-01,45883,601699,0.565,1,106767096.072298
2025-10-05 00:00:00+00:00,No change,0,2025-10,27824,553812,0.065,0,46052653.992844
2025-10-05 00:00:00+00:00,No change,2,2025-12,35090,570362,0.21,0,44523455.111481
2025-10-05 00:00:00+00:00,No change,3,2026-01,45883,601699,0.595,1,106767096.072298
2025-10-06 00:00:00+00:00,No change,0,2025-10,27824,553812,0.075,0,46052653.992844
2025-10-06 00:00:00+00:00,No change,2,2025-12,35090,570362,0.21,0,44523455.111481
2025-10-06 00:00:00+00:00,No change,3,2026-01,45883,601699,0.595,1,106767096.072298
2025-10-07 00:00:00+00:00,No change,0,2025-10,27824,553812,0.075,0,46052653.992844
2025-10-07 00:00:00+00:00,No change,2,2025-12,35090,570362,0.205,0,44523455.111481
2025-10-07 00:00:00+00:00,No change,3,2026-01,45883,601699,0.595,1,106767096.072298
2025-10-08 00:00:00+00:00,No change,0,2025-10,27824,553812,0.085,0,46052653.992844
2025-10-08 00:00:00+00:00,No change,2,2025-12,35090,570362,0.22,0,44523455.111481
2025-10-08 00:00:00+00:00,No change,3,2026-01,45883,601699,0.585,1,106767096.072298
2025-10-09 00:00:00+00:00,No change,0,2025-10,27824,553812,0.085,0,46052653.992844
2025-10-09 00:00:00+00:00,No change,2,2025-12,35090,570362,0.22,0,44523455.111481
2025-10-09 00:00:00+00:00,No change,3,2026-01,45883,601699,0.595,1,106767096.072298
2025-10-10 00:00:00+00:00,No change,0,2025-10,27824,553812,0.075,0,46052653.992844
2025-10-10 00:00:00+00:00,No change,2,2025-12,35090,570362,0.22,0,44523455.111481
2025-10-10 00:00:00+00:00,No change,3,2026-01,45883,601699,0.58,1,106767096.072298
2025-10-11 00:00:00+00:00,No change,0,2025-10,27824,553812,0.065,0,46052653.992844
2025-10-11 00:00:00+00:00,No change,2,2025-12,35090,570362,0.21,0,44523455.111481
2025-10-11 00:00:00+00:00,No change,3,2026-01,45883,601699,0.615,1,106767096.072298
2025-10-12 00:00:00+00:00,No change,0,2025-10,27824,553812,0.055,0,46052653.992844
2025-10-12 00:00:00+00:00,No change,2,2025-12,35090,570362,0.205,0,44523455.111481
2025-10-12 00:00:00+00:00,No change,3,2026-01,45883,601699,0.6,1,106767096.072298
2025-10-13 00:00:00+00:00,No change,0,2025-10,27824,553812,0.055,0,46052653.992844
2025-10-13 00:00:00+00:00,No change,2,2025-12,35090,570362,0.205,0,44523455.111481
2025-10-13 00:00:00+00:00,No change,3,2026-01,45883,601699,0.6,1,106767096.072298
2025-10-14 00:00:00+00:00,No change,0,2025-10,27824,553812,0.055,0,46052653.992844
2025-10-14 00:00:00+00:00,No change,2,2025-12,35090,570362,0.195,0,44523455.111481
2025-10-14 00:00:00+00:00,No change,3,2026-01,45883,601699,0.605,1,106767096.072298
2025-10-15 00:00:00+00:00,No change,0,2025-10,27824,553812,0.045,0,46052653.992844
2025-10-15 00:00:00+00:00,No change,2,2025-12,35090,570362,0.17,0,44523455.111481
2025-10-15 00:00:00+00:00,No change,3,2026-01,45883,601699,0.565,1,106767096.072298
2025-10-16 00:00:00+00:00,No change,0,2025-10,27824,553812,0.0315,0,46052653.992844
2025-10-16 00:00:00+00:00,No change,2,2025-12,35090,570362,0.135,0,44523455.111481
2025-10-16 00:00:00+00:00,No change,3,2026-01,45883,601699,0.575,1,106767096.072298
2025-10-17 00:00:00+00:00,No change,0,2025-10,27824,553812,0.0275,0,46052653.992844
2025-10-17 00:00:00+00:00,No change,2,2025-12,35090,570362,0.105,0,44523455.111481
2025-10-17 00:00:00+00:00,No change,3,2026-01,45883,601699,0.525,1,106767096.072298
2025-10-18 00:00:00+00:00,No change,0,2025-10,27824,553812,0.0245,0,46052653.992844
2025-10-18 00:00:00+00:00,No change,2,2025-12,35090,570362,0.09,0,44523455.111481
2025-10-18 00:00:00+00:00,No change,3,2026-01,45883,601699,0.48,1,106767096.072298
2025-10-19 00:00:00+00:00,No change,0,2025-10,27824,553812,0.0265,0,46052653.992844
2025-10-19 00:00:00+00:00,No change,2,2025-12,35090,570362,0.085,0,44523455.111481
2025-10-19 00:00:00+00:00,No change,3,2026-01,45883,601699,0.485,1,106767096.072298
2025-10-20 00:00:00+00:00,No change,0,2025-10,27824,553812,0.026,0,46052653.992844
2025-10-20 00:00:00+00:00,No change,2,2025-12,35090,570362,0.085,0,44523455.111481
2025-10-20 00:00:00+00:00,No change,3,2026-01,45883,601699,0.475,1,106767096.072298
2025-10-21 00:00:00+00:00,No change,0,2025-10,27824,553812,0.0235,0,46052653.992844
2025-10-21 00:00:00+00:00,No change,2,2025-12,35090,570362,0.1,0,44523455.111481
2025-10-21 00:00:00+00:00,No change,3,2026-01,45883,601699,0.445,1,106767096.072298
2025-10-22 00:00:00+00:00,No change,0,2025-10,27824,553812,0.0225,0,46052653.992844
2025-10-22 00:00:00+00:00,No change,2,2025-12,35090,570362,0.09,0,44523455.111481
2025-10-22 00:00:00+00:00,No change,3,2026-01,45883,601699,0.475,1,106767096.072298
2025-10-23 00:00:00+00:00,No change,0,2025-10,27824,553812,0.0235,0,46052653.992844
2025-10-23 00:00:00+00:00,No change,2,2025-12,35090,570362,0.095,0,44523455.111481
2025-10-23 00:00:00+00:00,No change,3,2026-01,45883,601699,0.465,1,106767096.072298
2025-10-24 00:00:00+00:00,No change,0,2025-10,27824,553812,0.0225,0,46052653.992844
2025-10-24 00:00:00+00:00,No change,2,2025-12,35090,570362,0.12,0,44523455.111481
2025-10-24 00:00:00+00:00,No change,3,2026-01,45883,601699,0.47,1,106767096.072298
2025-10-25 00:00:00+00:00,No change,0,2025-10,27824,553812,0.0145,0,46052653.992844
2025-10-25 00:00:00+00:00,No change,2,2025-12,35090,570362,0.105,0,44523455.111481
2025-10-25 00:00:00+00:00,No change,3,2026-01,45883,601699,0.47,1,106767096.072298
2025-10-26 00:00:00+00:00,No change,0,2025-10,27824,553812,0.01,0,46052653.992844
2025-10-26 00:00:00+00:00,No change,2,2025-12,35090,570362,0.095,0,44523455.111481
2025-10-26 00:00:00+00:00,No change,3,2026-01,45883,601699,0.53,1,106767096.072298
2025-10-27 00:00:00+00:00,No change,0,2025-10,27824,553812,0.0085,0,46052653.992844
2025-10-27 00:00:00+00:00,No change,2,2025-12,35090,570362,0.085,0,44523455.111481
2025-10-27 00:00:00+00:00,No change,3,2026-01,45883,601699,0.51,1,106767096.072298
2025-10-28 00:00:00+00:00,No change,0,2025-10,27824,553812,0.0115,0,46052653.992844
2025-10-28 00:00:00+00:00,No change,2,2025-12,35090,570362,0.06,0,44523455.111481
2025-10-28 00:00:00+00:00,No change,3,2026-01,45883,601699,0.485,1,106767096.072298
2025-10-29 00:00:00+00:00,No change,0,2025-10,27824,553812,0.0115,0,46052653.992844
2025-10-29 00:00:00+00:00,No change,2,2025-12,35090,570362,0.115,0,44523455.111481
2025-10-29 00:00:00+00:00,No change,3,2026-01,45883,601699,0.48,1,106767096.072298
2025-10-30 00:00:00+00:00,No change,2,2025-12,35090,570362,0.295,0,44523455.111481
2025-10-30 00:00:00+00:00,No change,3,2026-01,45883,601699,0.575,1,106767096.072298
2025-10-30 00:00:00+00:00,No change,5,2026-03,67284,654414,0.575,1,
2025-10-31 00:00:00+00:00,No change,2,2025-12,35090,570362,0.255,0,44523455.111481
2025-10-31 00:00:00+00:00,No change,3,2026-01,45883,601699,0.555,1,106767096.072298
2025-10-31 00:00:00+00:00,No change,5,2026-03,67284,654414,0.54,1,
2025-11-01 00:00:00+00:00,No change,1,2025-12,35090,570362,0.325,0,44523455.111481
2025-11-01 00:00:00+00:00,No change,2,2026-01,45883,601699,0.685,1,106767096.072298
2025-11-01 00:00:00+00:00,No change,4,2026-03,67284,654414,0.505,1,
2025-11-02 00:00:00+00:00,No change,1,2025-12,35090,570362,0.305,0,44523455.111481
2025-11-02 00:00:00+00:00,No change,2,2026-01,45883,601699,0.64,1,106767096.072298
2025-11-02 00:00:00+00:00,No change,4,2026-03,67284,654414,0.53,1,
2025-11-03 00:00:00+00:00,No change,1,2025-12,35090,570362,0.295,0,44523455.111481
2025-11-03 00:00:00+00:00,No change,2,2026-01,45883,601699,0.645,1,106767096.072298
2025-11-03 00:00:00+00:00,No change,4,2026-03,67284,654414,0.52,1,
2025-11-04 00:00:00+00:00,No change,1,2025-12,35090,570362,0.305,0,44523455.111481
2025-11-04 00:00:00+00:00,No change,2,2026-01,45883,601699,0.625,1,106767096.072298
2025-11-04 00:00:00+00:00,No change,4,2026-03,67284,654414,0.535,1,
2025-11-05 00:00:00+00:00,No change,1,2025-12,35090,570362,0.275,0,44523455.111481
2025-11-05 00:00:00+00:00,No change,2,2026-01,45883,601699,0.615,1,106767096.072298
2025-11-05 00:00:00+00:00,No change,4,2026-03,67284,654414,0.55,1,
2025-11-06 00:00:00+00:00,No change,1,2025-12,35090,570362,0.325,0,44523455.111481
2025-11-06 00:00:00+00:00,No change,2,2026-01,45883,601699,0.64,1,106767096.072298
2025-11-06 00:00:00+00:00,No change,4,2026-03,67284,654414,0.575,1,
2025-11-07 00:00:00+00:00,No change,1,2025-12,35090,570362,0.235,0,44523455.111481
2025-11-07 00:00:00+00:00,No change,2,2026-01,45883,601699,0.6,1,106767096.072298
2025-11-07 00:00:00+00:00,No change,4,2026-03,67284,654414,0.575,1,
2025-11-08 00:00:00+00:00,No change,1,2025-12,35090,570362,0.265,0,44523455.111481
2025-11-08 00:00:00+00:00,No change,2,2026-01,45883,601699,0.56,1,106767096.072298
2025-11-08 00:00:00+00:00,No change,4,2026-03,67284,654414,0.57,1,
2025-11-09 00:00:00+00:00,No change,1,2025-12,35090,570362,0.265,0,44523455.111481
2025-11-09 00:00:00+00:00,No change,2,2026-01,45883,601699,0.565,1,106767096.072298
2025-11-09 00:00:00+00:00,No change,4,2026-03,67284,654414,0.54,1,
2025-11-10 00:00:00+00:00,No change,1,2025-12,35090,570362,0.245,0,44523455.111481
2025-11-10 00:00:00+00:00,No change,2,2026-01,45883,601699,0.59,1,106767096.072298
2025-11-10 00:00:00+00:00,No change,4,2026-03,67284,654414,0.545,1,
2025-11-11 00:00:00+00:00,No change,1,2025-12,35090,570362,0.285,0,44523455.111481
2025-11-11 00:00:00+00:00,No change,2,2026-01,45883,601699,0.605,1,106767096.072298
2025-11-11 00:00:00+00:00,No change,4,2026-03,67284,654414,0.57,1,
2025-11-12 00:00:00+00:00,No change,1,2025-12,35090,570362,0.255,0,44523455.111481
2025-11-12 00:00:00+00:00,No change,2,2026-01,45883,601699,0.59,1,106767096.072298
2025-11-12 00:00:00+00:00,No change,4,2026-03,67284,654414,0.57,1,
2025-11-13 00:00:00+00:00,No change,1,2025-12,35090,570362,0.33,0,44523455.111481
2025-11-13 00:00:00+00:00,No change,2,2026-01,45883,601699,0.555,1,106767096.072298
2025-11-13 00:00:00+00:00,No change,4,2026-03,67284,654414,0.575,1,
2025-11-14 00:00:00+00:00,No change,1,2025-12,35090,570362,0.445,0,44523455.111481
2025-11-14 00:00:00+00:00,No change,2,2026-01,45883,601699,0.525,1,106767096.072298
2025-11-14 00:00:00+00:00,No change,4,2026-03,67284,654414,0.56,1,
2025-11-14 00:00:00+00:00,No change,5,2026-04,75478,669662,0.63,1,76909226.49304736
2025-11-15 00:00:00+00:00,No change,1,2025-12,35090,570362,0.51,0,44523455.111481
2025-11-15 00:00:00+00:00,No change,2,2026-01,45883,601699,0.535,1,106767096.072298
2025-11-15 00:00:00+00:00,No change,4,2026-03,67284,654414,0.545,1,
2025-11-15 00:00:00+00:00,No change,5,2026-04,75478,669662,0.62,1,76909226.49304736
2025-11-16 00:00:00+00:00,No change,1,2025-12,35090,570362,0.505,0,44523455.111481
2025-11-16 00:00:00+00:00,No change,2,2026-01,45883,601699,0.58,1,106767096.072298
2025-11-16 00:00:00+00:00,No change,4,2026-03,67284,654414,0.545,1,
2025-11-16 00:00:00+00:00,No change,5,2026-04,75478,669662,0.62,1,76909226.49304736
2025-11-17 00:00:00+00:00,No change,1,2025-12,35090,570362,0.515,0,44523455.111481
2025-11-17 00:00:00+00:00,No change,2,2026-01,45883,601699,0.575,1,106767096.072298
2025-11-17 00:00:00+00:00,No change,4,2026-03,67284,654414,0.545,1,
2025-11-17 00:00:00+00:00,No change,5,2026-04,75478,669662,0.6,1,76909226.49304736
2025-11-18 00:00:00+00:00,No change,1,2025-12,35090,570362,0.535,0,44523455.111481
2025-11-18 00:00:00+00:00,No change,2,2026-01,45883,601699,0.525,1,106767096.072298
2025-11-18 00:00:00+00:00,No change,4,2026-03,67284,654414,0.545,1,
2025-11-18 00:00:00+00:00,No change,5,2026-04,75478,669662,0.595,1,76909226.49304736
2025-11-19 00:00:00+00:00,No change,1,2025-12,35090,570362,0.46,0,44523455.111481
2025-11-19 00:00:00+00:00,No change,2,2026-01,45883,601699,0.51,1,106767096.072298
2025-11-19 00:00:00+00:00,No change,4,2026-03,67284,654414,0.52,1,
2025-11-19 00:00:00+00:00,No change,5,2026-04,75478,669662,0.595,1,76909226.49304736
2025-11-20 00:00:00+00:00,No change,1,2025-12,35090,570362,0.665,0,44523455.111481
2025-11-20 00:00:00+00:00,No change,2,2026-01,45883,601699,0.425,1,106767096.072298
2025-11-20 00:00:00+00:00,No change,4,2026-03,67284,654414,0.51,1,
2025-11-20 00:00:00+00:00,No change,5,2026-04,75478,669662,0.61,1,76909226.49304736
2025-11-21 00:00:00+00:00,No change,1,2025-12,35090,570362,0.645,0,44523455.111481
2025-11-21 00:00:00+00:00,No change,2,2026-01,45883,601699,0.44,1,106767096.072298
2025-11-21 00:00:00+00:00,No change,4,2026-03,67284,654414,0.52,1,
2025-11-21 00:00:00+00:00,No change,5,2026-04,75478,669662,0.61,1,76909226.49304736
2025-11-22 00:00:00+00:00,No change,1,2025-12,35090,570362,0.325,0,44523455.111481
2025-11-22 00:00:00+00:00,No change,2,2026-01,45883,601699,0.505,1,106767096.072298
2025-11-22 00:00:00+00:00,No change,4,2026-03,67284,654414,0.52,1,
2025-11-22 00:00:00+00:00,No change,5,2026-04,75478,669662,0.61,1,76909226.49304736
2025-11-23 00:00:00+00:00,No change,1,2025-12,35090,570362,0.315,0,44523455.111481
2025-11-23 00:00:00+00:00,No change,2,2026-01,45883,601699,0.49,1,106767096.072298
2025-11-23 00:00:00+00:00,No change,4,2026-03,67284,654414,0.49,1,
2025-11-23 00:00:00+00:00,No change,5,2026-04,75478,669662,0.605,1,76909226.49304736
2025-11-24 00:00:00+00:00,No change,1,2025-12,35090,570362,0.285,0,44523455.111481
2025-11-24 00:00:00+00:00,No change,2,2026-01,45883,601699,0.5,1,106767096.072298
2025-11-24 00:00:00+00:00,No change,4,2026-03,67284,654414,0.535,1,
2025-11-24 00:00:00+00:00,No change,5,2026-04,75478,669662,0.6,1,76909226.49304736
2025-11-25 00:00:00+00:00,No change,1,2025-12,35090,570362,0.175,0,44523455.111481
2025-11-25 00:00:00+00:00,No change,2,2026-01,45883,601699,0.585,1,106767096.072298
2025-11-25 00:00:00+00:00,No change,4,2026-03,67284,654414,0.555,1,
2025-11-25 00:00:00+00:00,No change,5,2026-04,75478,669662,0.6,1,76909226.49304736
2025-11-26 00:00:00+00:00,No change,1,2025-12,35090,570362,0.145,0,44523455.111481
2025-11-26 00:00:00+00:00,No change,2,2026-01,45883,601699,0.585,1,106767096.072298
2025-11-26 00:00:00+00:00,No change,4,2026-03,67284,654414,0.545,1,
2025-11-26 00:00:00+00:00,No change,5,2026-04,75478,669662,0.6,1,76909226.49304736
2025-11-27 00:00:00+00:00,No change,1,2025-12,35090,570362,0.145,0,44523455.111481
2025-11-27 00:00:00+00:00,No change,2,2026-01,45883,601699,0.62,1,106767096.072298
2025-11-27 00:00:00+00:00,No change,4,2026-03,67284,654414,0.55,1,
2025-11-27 00:00:00+00:00,No change,5,2026-04,75478,669662,0.59,1,76909226.49304736
2025-11-28 00:00:00+00:00,No change,1,2025-12,35090,570362,0.135,0,44523455.111481
2025-11-28 00:00:00+00:00,No change,2,2026-01,45883,601699,0.645,1,106767096.072298
2025-11-28 00:00:00+00:00,No change,4,2026-03,67284,654414,0.55,1,
2025-11-28 00:00:00+00:00,No change,5,2026-04,75478,669662,0.59,1,76909226.49304736
2025-11-29 00:00:00+00:00,No change,1,2025-12,35090,570362,0.115,0,44523455.111481
2025-11-29 00:00:00+00:00,No change,2,2026-01,45883,601699,0.685,1,106767096.072298
2025-11-29 00:00:00+00:00,No change,4,2026-03,67284,654414,0.555,1,
2025-11-29 00:00:00+00:00,No change,5,2026-04,75478,669662,0.58,1,76909226.49304736
2025-11-30 00:00:00+00:00,No change,1,2025-12,35090,570362,0.115,0,44523455.111481
2025-11-30 00:00:00+00:00,No change,2,2026-01,45883,601699,0.68,1,106767096.072298
2025-11-30 00:00:00+00:00,No change,4,2026-03,67284,654414,0.525,1,
2025-11-30 00:00:00+00:00,No change,5,2026-04,75478,669662,0.48,1,76909226.49304736
2025-12-01 00:00:00+00:00,No change,0,2025-12,35090,570362,0.105,0,44523455.111481
2025-12-01 00:00:00+00:00,No change,1,2026-01,45883,601699,0.685,1,106767096.072298
2025-12-01 00:00:00+00:00,No change,3,2026-03,67284,654414,0.525,1,
2025-12-01 00:00:00+00:00,No change,4,2026-04,75478,669662,0.495,1,76909226.49304736
2025-12-02 00:00:00+00:00,No change,0,2025-12,35090,570362,0.105,0,44523455.111481
2025-12-02 00:00:00+00:00,No change,1,2026-01,45883,601699,0.675,1,106767096.072298
2025-12-02 00:00:00+00:00,No change,3,2026-03,67284,654414,0.51,1,
2025-12-02 00:00:00+00:00,No change,4,2026-04,75478,669662,0.465,1,76909226.49304736
2025-12-03 00:00:00+00:00,No change,0,2025-12,35090,570362,0.075,0,44523455.111481
2025-12-03 00:00:00+00:00,No change,1,2026-01,45883,601699,0.67,1,106767096.072298
2025-12-03 00:00:00+00:00,No change,3,2026-03,67284,654414,0.54,1,
2025-12-03 00:00:00+00:00,No change,4,2026-04,75478,669662,0.515,1,76909226.49304736
2025-12-04 00:00:00+00:00,No change,0,2025-12,35090,570362,0.055,0,44523455.111481
2025-12-04 00:00:00+00:00,No change,1,2026-01,45883,601699,0.655,1,106767096.072298
2025-12-04 00:00:00+00:00,No change,3,2026-03,67284,654414,0.535,1,
2025-12-04 00:00:00+00:00,No change,4,2026-04,75478,669662,0.475,1,76909226.49304736
2025-12-05 00:00:00+00:00,No change,0,2025-12,35090,570362,0.075,0,44523455.111481
2025-12-05 00:00:00+00:00,No change,1,2026-01,45883,601699,0.69,1,106767096.072298
2025-12-05 00:00:00+00:00,No change,3,2026-03,67284,654414,0.545,1,
2025-12-05 00:00:00+00:00,No change,4,2026-04,75478,669662,0.475,1,76909226.49304736
2025-12-06 00:00:00+00:00,No change,0,2025-12,35090,570362,0.065,0,44523455.111481
2025-12-06 00:00:00+00:00,No change,1,2026-01,45883,601699,0.685,1,106767096.072298
2025-12-06 00:00:00+00:00,No change,3,2026-03,67284,654414,0.535,1,
2025-12-06 00:00:00+00:00,No change,4,2026-04,75478,669662,0.48,1,76909226.49304736
2025-12-07 00:00:00+00:00,No change,0,2025-12,35090,570362,0.075,0,44523455.111481
2025-12-07 00:00:00+00:00,No change,1,2026-01,45883,601699,0.645,1,106767096.072298
2025-12-07 00:00:00+00:00,No change,3,2026-03,67284,654414,0.515,1,
2025-12-07 00:00:00+00:00,No change,4,2026-04,75478,669662,0.51,1,76909226.49304736
2025-12-08 00:00:00+00:00,No change,0,2025-12,35090,570362,0.065,0,44523455.111481
2025-12-08 00:00:00+00:00,No change,1,2026-01,45883,601699,0.665,1,106767096.072298
2025-12-08 00:00:00+00:00,No change,3,2026-03,67284,654414,0.545,1,
2025-12-08 00:00:00+00:00,No change,4,2026-04,75478,669662,0.49,1,76909226.49304736
2025-12-09 00:00:00+00:00,No change,0,2025-12,35090,570362,0.055,0,44523455.111481
2025-12-09 00:00:00+00:00,No change,1,2026-01,45883,601699,0.695,1,106767096.072298
2025-12-09 00:00:00+00:00,No change,3,2026-03,67284,654414,0.525,1,
2025-12-09 00:00:00+00:00,No change,4,2026-04,75478,669662,0.455,1,76909226.49304736
2025-12-10 00:00:00+00:00,No change,0,2025-12,35090,570362,0.028,0,44523455.111481
2025-12-10 00:00:00+00:00,No change,1,2026-01,45883,601699,0.71,1,106767096.072298
2025-12-10 00:00:00+00:00,No change,3,2026-03,67284,654414,0.55,1,
2025-12-10 00:00:00+00:00,No change,4,2026-04,75478,669662,0.565,1,76909226.49304736
2025-12-11 00:00:00+00:00,No change,1,2026-01,45883,601699,0.785,1,106767096.072298
2025-12-11 00:00:00+00:00,No change,3,2026-03,67284,654414,0.605,1,
2025-12-11 00:00:00+00:00,No change,4,2026-04,75478,669662,0.625,1,76909226.49304736
2025-12-11 00:00:00+00:00,No change,6,2026-06,101772,906974,0.575,1,43061416.20801809
2025-12-12 00:00:00+00:00,No change,1,2026-01,45883,601699,0.805,1,106767096.072298
2025-12-12 00:00:00+00:00,No change,3,2026-03,67284,654414,0.625,1,
2025-12-12 00:00:00+00:00,No change,4,2026-04,75478,669662,0.59,1,76909226.49304736
2025-12-12 00:00:00+00:00,No change,6,2026-06,101772,906974,0.36,1,43061416.20801809
2025-12-13 00:00:00+00:00,No change,1,2026-01,45883,601699,0.765,1,106767096.072298
2025-12-13 00:00:00+00:00,No change,3,2026-03,67284,654414,0.59,1,
2025-12-13 00:00:00+00:00,No change,4,2026-04,75478,669662,0.64,1,76909226.49304736
2025-12-13 00:00:00+00:00,No change,6,2026-06,101772,906974,0.43,1,43061416.20801809
2025-12-14 00:00:00+00:00,No change,1,2026-01,45883,601699,0.775,1,106767096.072298
2025-12-14 00:00:00+00:00,No change,3,2026-03,67284,654414,0.62,1,
2025-12-14 00:00:00+00:00,No change,4,2026-04,75478,669662,0.61,1,76909226.49304736
2025-12-14 00:00:00+00:00,No change,6,2026-06,101772,906974,0.43,1,43061416.20801809
2025-12-15 00:00:00+00:00,No change,1,2026-01,45883,601699,0.775,1,106767096.072298
2025-12-15 00:00:00+00:00,No change,3,2026-03,67284,654414,0.615,1,
2025-12-15 00:00:00+00:00,No change,4,2026-04,75478,669662,0.595,1,76909226.49304736
2025-12-15 00:00:00+00:00,No change,6,2026-06,101772,906974,0.43,1,43061416.20801809
2025-12-16 00:00:00+00:00,No change,1,2026-01,45883,601699,0.775,1,106767096.072298
2025-12-16 00:00:00+00:00,No change,3,2026-03,67284,654414,0.605,1,
2025-12-16 00:00:00+00:00,No change,4,2026-04,75478,669662,0.6,1,76909226.49304736
2025-12-16 00:00:00+00:00,No change,6,2026-06,101772,906974,0.435,1,43061416.20801809
2025-12-17 00:00:00+00:00,No change,1,2026-01,45883,601699,0.765,1,106767096.072298
2025-12-17 00:00:00+00:00,No change,3,2026-03,67284,654414,0.535,1,
2025-12-17 00:00:00+00:00,No change,4,2026-04,75478,669662,0.6,1,76909226.49304736
2025-12-17 00:00:00+00:00,No change,6,2026-06,101772,906974,0.425,1,43061416.20801809
2025-12-18 00:00:00+00:00,No change,1,2026-01,45883,601699,0.765,1,106767096.072298
2025-12-18 00:00:00+00:00,No change,3,2026-03,67284,654414,0.56,1,
2025-12-18 00:00:00+00:00,No change,4,2026-04,75478,669662,0.6,1,76909226.49304736
2025-12-18 00:00:00+00:00,No change,6,2026-06,101772,906974,0.44,1,43061416.20801809
2025-12-19 00:00:00+00:00,No change,1,2026-01,45883,601699,0.725,1,106767096.072298
2025-12-19 00:00:00+00:00,No change,3,2026-03,67284,654414,0.455,1,
2025-12-19 00:00:00+00:00,No change,4,2026-04,75478,669662,0.63,1,76909226.49304736
2025-12-19 00:00:00+00:00,No change,6,2026-06,101772,906974,0.435,1,43061416.20801809
2025-12-20 00:00:00+00:00,No change,1,2026-01,45883,601699,0.765,1,106767096.072298
2025-12-20 00:00:00+00:00,No change,3,2026-03,67284,654414,0.51,1,
2025-12-20 00:00:00+00:00,No change,4,2026-04,75478,669662,0.615,1,76909226.49304736
2025-12-20 00:00:00+00:00,No change,6,2026-06,101772,906974,0.43,1,43061416.20801809
2025-12-21 00:00:00+00:00,No change,1,2026-01,45883,601699,0.785,1,106767096.072298
2025-12-21 00:00:00+00:00,No change,3,2026-03,67284,654414,0.525,1,
2025-12-21 00:00:00+00:00,No change,4,2026-04,75478,669662,0.605,1,76909226.49304736
2025-12-21 00:00:00+00:00,No change,6,2026-06,101772,906974,0.43,1,43061416.20801809
2025-12-22 00:00:00+00:00,No change,1,2026-01,45883,601699,0.795,1,106767096.072298
2025-12-22 00:00:00+00:00,No change,3,2026-03,67284,654414,0.54,1,
2025-12-22 00:00:00+00:00,No change,4,2026-04,75478,669662,0.61,1,76909226.49304736
2025-12-22 00:00:00+00:00,No change,6,2026-06,101772,906974,0.435,1,43061416.20801809
2025-12-23 00:00:00+00:00,No change,1,2026-01,45883,601699,0.795,1,106767096.072298
2025-12-23 00:00:00+00:00,No change,3,2026-03,67284,654414,0.53,1,
2025-12-23 00:00:00+00:00,No change,4,2026-04,75478,669662,0.625,1,76909226.49304736
2025-12-23 00:00:00+00:00,No change,6,2026-06,101772,906974,0.43,1,43061416.20801809
2025-12-24 00:00:00+00:00,No change,1,2026-01,45883,601699,0.855,1,106767096.072298
2025-12-24 00:00:00+00:00,No change,3,2026-03,67284,654414,0.535,1,
2025-12-24 00:00:00+00:00,No change,4,2026-04,75478,669662,0.625,1,76909226.49304736
2025-12-24 00:00:00+00:00,No change,6,2026-06,101772,906974,0.435,1,43061416.20801809
2025-12-25 00:00:00+00:00,No change,1,2026-01,45883,601699,0.875,1,106767096.072298
2025-12-25 00:00:00+00:00,No change,3,2026-03,67284,654414,0.565,1,
2025-12-25 00:00:00+00:00,No change,4,2026-04,75478,669662,0.655,1,76909226.49304736
2025-12-25 00:00:00+00:00,No change,6,2026-06,101772,906974,0.435,1,43061416.20801809
2025-12-26 00:00:00+00:00,No change,1,2026-01,45883,601699,0.865,1,106767096.072298
2025-12-26 00:00:00+00:00,No change,3,2026-03,67284,654414,0.605,1,
2025-12-26 00:00:00+00:00,No change,4,2026-04,75478,669662,0.655,1,76909226.49304736
2025-12-26 00:00:00+00:00,No change,6,2026-06,101772,906974,0.435,1,43061416.20801809
2025-12-27 00:00:00+00:00,No change,1,2026-01,45883,601699,0.845,1,106767096.072298
2025-12-27 00:00:00+00:00,No change,3,2026-03,67284,654414,0.605,1,
2025-12-27 00:00:00+00:00,No change,4,2026-04,75478,669662,0.65,1,76909226.49304736
2025-12-27 00:00:00+00:00,No change,6,2026-06,101772,906974,0.41,1,43061416.20801809
2025-12-28 00:00:00+00:00,No change,1,2026-01,45883,601699,0.855,1,106767096.072298
2025-12-28 00:00:00+00:00,No change,3,2026-03,67284,654414,0.61,1,
2025-12-28 00:00:00+00:00,No change,4,2026-04,75478,669662,0.64,1,76909226.49304736
2025-12-28 00:00:00+00:00,No change,6,2026-06,101772,906974,0.44,1,43061416.20801809
2025-12-29 00:00:00+00:00,No change,1,2026-01,45883,601699,0.865,1,106767096.072298
2025-12-29 00:00:00+00:00,No change,3,2026-03,67284,654414,0.635,1,
2025-12-29 00:00:00+00:00,No change,4,2026-04,75478,669662,0.615,1,76909226.49304736
2025-12-29 00:00:00+00:00,No change,6,2026-06,101772,906974,0.44,1,43061416.20801809
2025-12-30 00:00:00+00:00,No change,1,2026-01,45883,601699,0.865,1,106767096.072298
2025-12-30 00:00:00+00:00,No change,3,2026-03,67284,654414,0.635,1,
2025-12-30 00:00:00+00:00,No change,4,2026-04,75478,669662,0.61,1,76909226.49304736
2025-12-30 00:00:00+00:00,No change,6,2026-06,101772,906974,0.445,1,43061416.20801809
2025-12-31 00:00:00+00:00,No change,1,2026-01,45883,601699,0.865,1,106767096.072298
2025-12-31 00:00:00+00:00,No change,3,2026-03,67284,654414,0.64,1,
2025-12-31 00:00:00+00:00,No change,4,2026-04,75478,669662,0.635,1,76909226.49304736
2025-12-31 00:00:00+00:00,No change,6,2026-06,101772,906974,0.46,1,43061416.20801809
2026-01-01 00:00:00+00:00,No change,0,2026-01,45883,601699,0.875,1,106767096.072298
2026-01-01 00:00:00+00:00,No change,2,2026-03,67284,654414,0.65,1,
2026-01-01 00:00:00+00:00,No change,3,2026-04,75478,669662,0.645,1,76909226.49304736
2026-01-01 00:00:00+00:00,No change,5,2026-06,101772,906974,0.43,1,43061416.20801809
2026-01-02 00:00:00+00:00,No change,0,2026-01,45883,601699,0.885,1,106767096.072298
2026-01-02 00:00:00+00:00,No change,2,2026-03,67284,654414,0.645,1,
2026-01-02 00:00:00+00:00,No change,3,2026-04,75478,669662,0.56,1,76909226.49304736
2026-01-02 00:00:00+00:00,No change,5,2026-06,101772,906974,0.445,1,43061416.20801809
2026-01-03 00:00:00+00:00,No change,0,2026-01,45883,601699,0.885,1,106767096.072298
2026-01-03 00:00:00+00:00,No change,2,2026-03,67284,654414,0.645,1,
2026-01-03 00:00:00+00:00,No change,3,2026-04,75478,669662,0.625,1,76909226.49304736
2026-01-03 00:00:00+00:00,No change,5,2026-06,101772,906974,0.475,1,43061416.20801809
2026-01-04 00:00:00+00:00,No change,0,2026-01,45883,601699,0.895,1,106767096.072298
2026-01-04 00:00:00+00:00,No change,2,2026-03,67284,654414,0.635,1,
2026-01-04 00:00:00+00:00,No change,3,2026-04,75478,669662,0.635,1,76909226.49304736
2026-01-04 00:00:00+00:00,No change,5,2026-06,101772,906974,0.475,1,43061416.20801809
2026-01-05 00:00:00+00:00,No change,0,2026-01,45883,601699,0.895,1,106767096.072298
2026-01-05 00:00:00+00:00,No change,2,2026-03,67284,654414,0.605,1,
2026-01-05 00:00:00+00:00,No change,3,2026-04,75478,669662,0.635,1,76909226.49304736
2026-01-05 00:00:00+00:00,No change,5,2026-06,101772,906974,0.475,1,43061416.20801809
2026-01-06 00:00:00+00:00,No change,0,2026-01,45883,601699,0.895,1,106767096.072298
2026-01-06 00:00:00+00:00,No change,2,2026-03,67284,654414,0.585,1,
2026-01-06 00:00:00+00:00,No change,3,2026-04,75478,669662,0.625,1,76909226.49304736
2026-01-06 00:00:00+00:00,No change,5,2026-06,101772,906974,0.475,1,43061416.20801809
2026-01-07 00:00:00+00:00,No change,0,2026-01,45883,601699,0.895,1,106767096.072298
2026-01-07 00:00:00+00:00,No change,2,2026-03,67284,654414,0.59,1,
2026-01-07 00:00:00+00:00,No change,3,2026-04,75478,669662,0.595,1,76909226.49304736
2026-01-07 00:00:00+00:00,No change,5,2026-06,101772,906974,0.475,1,43061416.20801809
2026-01-08 00:00:00+00:00,No change,0,2026-01,45883,601699,0.915,1,106767096.072298
2026-01-08 00:00:00+00:00,No change,2,2026-03,67284,654414,0.605,1,
2026-01-08 00:00:00+00:00,No change,3,2026-04,75478,669662,0.61,1,76909226.49304736
2026-01-08 00:00:00+00:00,No change,5,2026-06,101772,906974,0.475,1,43061416.20801809
2026-01-09 00:00:00+00:00,No change,0,2026-01,45883,601699,0.925,1,106767096.072298
2026-01-09 00:00:00+00:00,No change,2,2026-03,67284,654414,0.615,1,
2026-01-09 00:00:00+00:00,No change,3,2026-04,75478,669662,0.645,1,76909226.49304736
2026-01-09 00:00:00+00:00,No change,5,2026-06,101772,906974,0.48,1,43061416.20801809
2026-01-10 00:00:00+00:00,No change,0,2026-01,45883,601699,0.9705,1,106767096.072298
2026-01-10 00:00:00+00:00,No change,2,2026-03,67284,654414,0.675,1,
2026-01-10 00:00:00+00:00,No change,3,2026-04,75478,669662,0.67,1,76909226.49304736
2026-01-10 00:00:00+00:00,No change,5,2026-06,101772,906974,0.475,1,43061416.20801809
2026-01-11 00:00:00+00:00,No change,0,2026-01,45883,601699,0.957,1,106767096.072298
2026-01-11 00:00:00+00:00,No change,2,2026-03,67284,654414,0.69,1,
2026-01-11 00:00:00+00:00,No change,3,2026-04,75478,669662,0.675,1,76909226.49304736
2026-01-11 00:00:00+00:00,No change,5,2026-06,101772,906974,0.475,1,43061416.20801809
2026-01-12 00:00:00+00:00,No change,0,2026-01,45883,601699,0.9575,1,106767096.072298
2026-01-12 00:00:00+00:00,No change,2,2026-03,67284,654414,0.68,1,
2026-01-12 00:00:00+00:00,No change,3,2026-04,75478,669662,0.675,1,76909226.49304736
2026-01-12 00:00:00+00:00,No change,5,2026-06,101772,906974,0.475,1,43061416.20801809
2026-01-13 00:00:00+00:00,No change,0,2026-01,45883,601699,0.9315,1,106767096.072298
2026-01-13 00:00:00+00:00,No change,2,2026-03,67284,654414,0.68,1,
2026-01-13 00:00:00+00:00,No change,3,2026-04,75478,669662,0.7,1,76909226.49304736
2026-01-13 00:00:00+00:00,No change,5,2026-06,101772,906974,0.475,1,43061416.20801809
2026-01-14 00:00:00+00:00,No change,0,2026-01,45883,601699,0.9545,1,106767096.072298
2026-01-14 00:00:00+00:00,No change,2,2026-03,67284,654414,0.675,1,
2026-01-14 00:00:00+00:00,No change,3,2026-04,75478,669662,0.69,1,76909226.49304736
2026-01-14 00:00:00+00:00,No change,5,2026-06,101772,906974,0.47,1,43061416.20801809
2026-01-15 00:00:00+00:00,No change,0,2026-01,45883,601699,0.9415,1,106767096.072298
2026-01-15 00:00:00+00:00,No change,2,2026-03,67284,654414,0.71,1,
2026-01-15 00:00:00+00:00,No change,3,2026-04,75478,669662,0.705,1,76909226.49304736
2026-01-15 00:00:00+00:00,No change,5,2026-06,101772,906974,0.47,1,43061416.20801809
2026-01-16 00:00:00+00:00,No change,0,2026-01,45883,601699,0.9475,1,106767096.072298
2026-01-16 00:00:00+00:00,No change,2,2026-03,67284,654414,0.765,1,
2026-01-16 00:00:00+00:00,No change,3,2026-04,75478,669662,0.715,1,76909226.49304736
2026-01-16 00:00:00+00:00,No change,5,2026-06,101772,906974,0.475,1,43061416.20801809
2026-01-17 00:00:00+00:00,No change,0,2026-01,45883,601699,0.9525,1,106767096.072298
2026-01-17 00:00:00+00:00,No change,2,2026-03,67284,654414,0.8,1,
2026-01-17 00:00:00+00:00,No change,3,2026-04,75478,669662,0.715,1,76909226.49304736
2026-01-17 00:00:00+00:00,No change,5,2026-06,101772,906974,0.475,1,43061416.20801809
2026-01-18 00:00:00+00:00,No change,0,2026-01,45883,601699,0.9555,1,106767096.072298
2026-01-18 00:00:00+00:00,No change,2,2026-03,67284,654414,0.805,1,
2026-01-18 00:00:00+00:00,No change,3,2026-04,75478,669662,0.705,1,76909226.49304736
2026-01-18 00:00:00+00:00,No change,5,2026-06,101772,906974,0.465,1,43061416.20801809
2026-01-19 00:00:00+00:00,No change,0,2026-01,45883,601699,0.9565,1,106767096.072298
2026-01-19 00:00:00+00:00,No change,2,2026-03,67284,654414,0.805,1,
2026-01-19 00:00:00+00:00,No change,3,2026-04,75478,669662,0.71,1,76909226.49304736
2026-01-19 00:00:00+00:00,No change,5,2026-06,101772,906974,0.475,1,43061416.20801809
2026-01-20 00:00:00+00:00,No change,0,2026-01,45883,601699,0.9645,1,106767096.072298
2026-01-20 00:00:00+00:00,No change,2,2026-03,67284,654414,0.795,1,
2026-01-20 00:00:00+00:00,No change,3,2026-04,75478,669662,0.715,1,76909226.49304736
2026-01-20 00:00:00+00:00,No change,5,2026-06,101772,906974,0.44,1,43061416.20801809
2026-01-21 00:00:00+00:00,No change,0,2026-01,45883,601699,0.9715,1,106767096.072298
2026-01-21 00:00:00+00:00,No change,2,2026-03,67284,654414,0.775,1,
2026-01-21 00:00:00+00:00,No change,3,2026-04,75478,669662,0.725,1,76909226.49304736
2026-01-21 00:00:00+00:00,No change,5,2026-06,101772,906974,0.445,1,43061416.20801809
2026-01-22 00:00:00+00:00,No change,0,2026-01,45883,601699,0.9795,1,106767096.072298
2026-01-22 00:00:00+00:00,No change,2,2026-03,67284,654414,0.765,1,
2026-01-22 00:00:00+00:00,No change,3,2026-04,75478,669662,0.725,1,76909226.49304736
2026-01-22 00:00:00+00:00,No change,5,2026-06,101772,906974,0.47,1,43061416.20801809
2026-01-23 00:00:00+00:00,No change,0,2026-01,45883,601699,0.9805,1,106767096.072298
2026-01-23 00:00:00+00:00,No change,2,2026-03,67284,654414,0.815,1,
2026-01-23 00:00:00+00:00,No change,3,2026-04,75478,669662,0.72,1,76909226.49304736
2026-01-23 00:00:00+00:00,No change,5,2026-06,101772,906974,0.435,1,43061416.20801809
2026-01-24 00:00:00+00:00,No change,0,2026-01,45883,601699,0.9865,1,106767096.072298
2026-01-24 00:00:00+00:00,No change,2,2026-03,67284,654414,0.775,1,
2026-01-24 00:00:00+00:00,No change,3,2026-04,75478,669662,0.735,1,76909226.49304736
2026-01-24 00:00:00+00:00,No change,5,2026-06,101772,906974,0.42,1,43061416.20801809
2026-01-25 00:00:00+00:00,No change,0,2026-01,45883,601699,0.9905,1,106767096.072298
2026-01-25 00:00:00+00:00,No change,2,2026-03,67284,654414,0.805,1,
2026-01-25 00:00:00+00:00,No change,3,2026-04,75478,669662,0.68,1,76909226.49304736
2026-01-25 00:00:00+00:00,No change,5,2026-06,101772,906974,0.42,1,43061416.20801809
2026-01-26 00:00:00+00:00,No change,0,2026-01,45883,601699,0.9905,1,106767096.072298
2026-01-26 00:00:00+00:00,No change,2,2026-03,67284,654414,0.825,1,
2026-01-26 00:00:00+00:00,No change,3,2026-04,75478,669662,0.71,1,76909226.49304736
2026-01-26 00:00:00+00:00,No change,5,2026-06,101772,906974,0.425,1,43061416.20801809
2026-01-27 00:00:00+00:00,No change,0,2026-01,45883,601699,0.988,1,106767096.072298
2026-01-27 00:00:00+00:00,No change,2,2026-03,67284,654414,0.835,1,
2026-01-27 00:00:00+00:00,No change,3,2026-04,75478,669662,0.715,1,76909226.49304736
2026-01-27 00:00:00+00:00,No change,5,2026-06,101772,906974,0.425,1,43061416.20801809
2026-01-28 00:00:00+00:00,No change,0,2026-01,45883,601699,0.9925,1,106767096.072298
2026-01-28 00:00:00+00:00,No change,2,2026-03,67284,654414,0.825,1,
2026-01-28 00:00:00+00:00,No change,3,2026-04,75478,669662,0.72,1,76909226.49304736
2026-01-28 00:00:00+00:00,No change,5,2026-06,101772,906974,0.425,1,43061416.20801809
2026-01-29 00:00:00+00:00,No change,2,2026-03,67284,654414,0.905,1,
2026-01-29 00:00:00+00:00,No change,3,2026-04,75478,669662,0.76,1,76909226.49304736
2026-01-29 00:00:00+00:00,No change,5,2026-06,101772,906974,0.31,1,43061416.20801809
2026-01-30 00:00:00+00:00,No change,2,2026-03,67284,654414,0.905,1,
2026-01-30 00:00:00+00:00,No change,3,2026-04,75478,669662,0.76,1,76909226.49304736
2026-01-30 00:00:00+00:00,No change,5,2026-06,101772,906974,0.335,1,43061416.20801809
2026-01-31 00:00:00+00:00,No change,2,2026-03,67284,654414,0.915,1,
2026-01-31 00:00:00+00:00,No change,3,2026-04,75478,669662,0.755,1,76909226.49304736
2026-01-31 00:00:00+00:00,No change,5,2026-06,101772,906974,0.355,1,43061416.20801809
2026-02-01 00:00:00+00:00,No change,1,2026-03,67284,654414,0.885,1,
2026-02-01 00:00:00+00:00,No change,2,2026-04,75478,669662,0.765,1,76909226.49304736
2026-02-01 00:00:00+00:00,No change,4,2026-06,101772,906974,0.32,1,43061416.20801809
2026-02-02 00:00:00+00:00,No change,1,2026-03,67284,654414,0.895,1,
2026-02-02 00:00:00+00:00,No change,2,2026-04,75478,669662,0.755,1,76909226.49304736
2026-02-02 00:00:00+00:00,No change,4,2026-06,101772,906974,0.35,1,43061416.20801809
2026-02-03 00:00:00+00:00,No change,1,2026-03,67284,654414,0.895,1,
2026-02-03 00:00:00+00:00,No change,2,2026-04,75478,669662,0.76,1,76909226.49304736
2026-02-03 00:00:00+00:00,No change,4,2026-06,101772,906974,0.43,1,43061416.20801809
2026-02-04 00:00:00+00:00,No change,1,2026-03,67284,654414,0.905,1,
2026-02-04 00:00:00+00:00,No change,2,2026-04,75478,669662,0.775,1,76909226.49304736
2026-02-04 00:00:00+00:00,No change,4,2026-06,101772,906974,0.435,1,43061416.20801809
2026-02-05 00:00:00+00:00,No change,1,2026-03,67284,654414,0.905,1,
2026-02-05 00:00:00+00:00,No change,2,2026-04,75478,669662,0.77,1,76909226.49304736
2026-02-05 00:00:00+00:00,No change,4,2026-06,101772,906974,0.415,1,43061416.20801809
2026-02-06 00:00:00+00:00,No change,1,2026-03,67284,654414,0.805,1,
2026-02-06 00:00:00+00:00,No change,2,2026-04,75478,669662,0.72,1,76909226.49304736
2026-02-06 00:00:00+00:00,No change,4,2026-06,101772,906974,0.34,1,43061416.20801809
2026-02-07 00:00:00+00:00,No change,1,2026-03,67284,654414,0.865,1,
2026-02-07 00:00:00+00:00,No change,2,2026-04,75478,669662,0.725,1,76909226.49304736
2026-02-07 00:00:00+00:00,No change,4,2026-06,101772,906974,0.305,1,43061416.20801809
2026-02-08 00:00:00+00:00,No change,1,2026-03,67284,654414,0.845,1,
2026-02-08 00:00:00+00:00,No change,2,2026-04,75478,669662,0.735,1,76909226.49304736
2026-02-08 00:00:00+00:00,No change,4,2026-06,101772,906974,0.3,1,43061416.20801809
2026-02-09 00:00:00+00:00,No change,1,2026-03,67284,654414,0.845,1,
2026-02-09 00:00:00+00:00,No change,2,2026-04,75478,669662,0.735,1,76909226.49304736
2026-02-09 00:00:00+00:00,No change,4,2026-06,101772,906974,0.32,1,43061416.20801809
2026-02-10 00:00:00+00:00,No change,1,2026-03,67284,654414,0.835,1,
2026-02-10 00:00:00+00:00,No change,2,2026-04,75478,669662,0.725,1,76909226.49304736
2026-02-10 00:00:00+00:00,No change,4,2026-06,101772,906974,0.315,1,43061416.20801809
2026-02-11 00:00:00+00:00,No change,1,2026-03,67284,654414,0.825,1,
2026-02-11 00:00:00+00:00,No change,4,2026-06,101772,906974,0.315,1,43061416.20801809
2026-02-12 00:00:00+00:00,No change,1,2026-03,67284,654414,0.915,1,
2026-02-12 00:00:00+00:00,No change,2,2026-04,75478,669662,0.785,1,76909226.49304736
2026-02-12 00:00:00+00:00,No change,4,2026-06,101772,906974,0.385,1,43061416.20801809
2026-02-13 00:00:00+00:00,No change,1,2026-03,67284,654414,0.925,1,
2026-02-13 00:00:00+00:00,No change,2,2026-04,75478,669662,0.78,1,76909226.49304736
2026-02-13 00:00:00+00:00,No change,4,2026-06,101772,906974,0.385,1,43061416.20801809
2026-02-14 00:00:00+00:00,No change,1,2026-03,67284,654414,0.925,1,
2026-02-14 00:00:00+00:00,No change,2,2026-04,75478,669662,0.765,1,76909226.49304736
2026-02-14 00:00:00+00:00,No change,4,2026-06,101772,906974,0.365,1,43061416.20801809
2026-02-15 00:00:00+00:00,No change,1,2026-03,67284,654414,0.925,1,
2026-02-15 00:00:00+00:00,No change,2,2026-04,75478,669662,0.745,1,76909226.49304736
2026-02-15 00:00:00+00:00,No change,4,2026-06,101772,906974,0.38,1,43061416.20801809
2026-02-16 00:00:00+00:00,No change,1,2026-03,67284,654414,0.925,1,
2026-02-16 00:00:00+00:00,No change,4,2026-06,101772,906974,0.375,1,43061416.20801809
2026-02-17 00:00:00+00:00,No change,1,2026-03,67284,654414,0.925,1,
2026-02-17 00:00:00+00:00,No change,2,2026-04,75478,669662,0.745,1,76909226.49304736
2026-02-17 00:00:00+00:00,No change,4,2026-06,101772,906974,0.365,1,43061416.20801809
2026-02-18 00:00:00+00:00,No change,1,2026-03,67284,654414,0.925,1,
2026-02-18 00:00:00+00:00,No change,4,2026-06,101772,906974,0.37,1,43061416.20801809
2026-02-19 00:00:00+00:00,No change,1,2026-03,67284,654414,0.925,1,
2026-02-19 00:00:00+00:00,No change,4,2026-06,101772,906974,0.39,1,43061416.20801809
2026-02-20 00:00:00+00:00,No change,1,2026-03,67284,654414,0.926,1,
2026-02-20 00:00:00+00:00,No change,2,2026-04,75478,669662,0.75,1,76909226.49304736
2026-02-20 00:00:00+00:00,No change,4,2026-06,101772,906974,0.38,1,43061416.20801809
2026-02-21 00:00:00+00:00,No change,1,2026-03,67284,654414,0.9395,1,
2026-02-21 00:00:00+00:00,No change,2,2026-04,75478,669662,0.795,1,76909226.49304736
2026-02-21 00:00:00+00:00,No change,4,2026-06,101772,906974,0.445,1,43061416.20801809
2026-02-22 00:00:00+00:00,No change,1,2026-03,67284,654414,0.955,1,
2026-02-22 00:00:00+00:00,No change,2,2026-04,75478,669662,0.805,1,76909226.49304736
2026-02-22 00:00:00+00:00,No change,4,2026-06,101772,906974,0.465,1,43061416.20801809
2026-02-23 00:00:00+00:00,No change,1,2026-03,67284,654414,0.9575,1,
2026-02-23 00:00:00+00:00,No change,2,2026-04,75478,669662,0.82,1,76909226.49304736
2026-02-23 00:00:00+00:00,No change,4,2026-06,101772,906974,0.47,1,43061416.20801809
2026-02-24 00:00:00+00:00,No change,1,2026-03,67284,654414,0.9575,1,
2026-02-24 00:00:00+00:00,No change,2,2026-04,75478,669662,0.845,1,76909226.49304736
2026-02-24 00:00:00+00:00,No change,4,2026-06,101772,906974,0.44,1,43061416.20801809
2026-02-25 00:00:00+00:00,No change,1,2026-03,67284,654414,0.962,1,
2026-02-25 00:00:00+00:00,No change,2,2026-04,75478,669662,0.845,1,76909226.49304736
2026-02-25 00:00:00+00:00,No change,4,2026-06,101772,906974,0.46,1,43061416.20801809
2026-02-26 00:00:00+00:00,No change,1,2026-03,67284,654414,0.9695,1,
2026-02-26 00:00:00+00:00,No change,2,2026-04,75478,669662,0.865,1,76909226.49304736
2026-02-26 00:00:00+00:00,No change,4,2026-06,101772,906974,0.495,1,43061416.20801809
2026-02-27 00:00:00+00:00,No change,1,2026-03,67284,654414,0.9735,1,
2026-02-27 00:00:00+00:00,No change,2,2026-04,75478,669662,0.885,1,76909226.49304736
2026-02-27 00:00:00+00:00,No change,4,2026-06,101772,906974,0.5,1,43061416.20801809
2026-02-28 00:00:00+00:00,No change,1,2026-03,67284,654414,0.9735,1,
2026-02-28 00:00:00+00:00,No change,2,2026-04,75478,669662,0.87,1,76909226.49304736
2026-02-28 00:00:00+00:00,No change,4,2026-06,101772,906974,0.465,1,43061416.20801809
2026-03-01 00:00:00+00:00,No change,0,2026-03,67284,654414,0.9405,1,
2026-03-01 00:00:00+00:00,No change,3,2026-06,101772,906974,0.42,1,43061416.20801809
2026-03-02 00:00:00+00:00,No change,0,2026-03,67284,654414,0.9635,1,
2026-03-02 00:00:00+00:00,No change,3,2026-06,101772,906974,0.455,1,43061416.20801809
2026-03-03 00:00:00+00:00,No change,0,2026-03,67284,654414,0.9665,1,
2026-03-03 00:00:00+00:00,No change,1,2026-04,75478,669662,0.845,1,76909226.49304736
2026-03-03 00:00:00+00:00,No change,3,2026-06,101772,906974,0.51,1,43061416.20801809
2026-03-04 00:00:00+00:00,No change,0,2026-03,67284,654414,0.9715,1,
2026-03-04 00:00:00+00:00,No change,1,2026-04,75478,669662,0.855,1,76909226.49304736
2026-03-04 00:00:00+00:00,No change,3,2026-06,101772,906974,0.545,1,43061416.20801809
2026-03-05 00:00:00+00:00,No change,0,2026-03,67284,654414,0.9845,1,
2026-03-05 00:00:00+00:00,No change,1,2026-04,75478,669662,0.885,1,76909226.49304736
2026-03-05 00:00:00+00:00,No change,3,2026-06,101772,906974,0.63,1,43061416.20801809
2026-03-06 00:00:00+00:00,No change,0,2026-03,67284,654414,0.9895,1,
2026-03-06 00:00:00+00:00,No change,1,2026-04,75478,669662,0.875,1,76909226.49304736
2026-03-06 00:00:00+00:00,No change,3,2026-06,101772,906974,0.635,1,43061416.20801809
2026-03-07 00:00:00+00:00,No change,0,2026-03,67284,654414,0.9835,1,
2026-03-07 00:00:00+00:00,No change,1,2026-04,75478,669662,0.865,1,76909226.49304736
2026-03-07 00:00:00+00:00,No change,3,2026-06,101772,906974,0.515,1,43061416.20801809
2026-03-08 00:00:00+00:00,No change,0,2026-03,67284,654414,0.9835,1,
2026-03-08 00:00:00+00:00,No change,1,2026-04,75478,669662,0.875,1,76909226.49304736
2026-03-08 00:00:00+00:00,No change,3,2026-06,101772,906974,0.515,1,43061416.20801809
2026-03-09 00:00:00+00:00,No change,0,2026-03,67284,654414,0.9835,1,
2026-03-09 00:00:00+00:00,No change,1,2026-04,75478,669662,0.82,1,76909226.49304736
2026-03-09 00:00:00+00:00,No change,3,2026-06,101772,906974,0.545,1,43061416.20801809
2026-03-10 00:00:00+00:00,No change,0,2026-03,67284,654414,0.9865,1,
2026-03-10 00:00:00+00:00,No change,1,2026-04,75478,669662,0.855,1,76909226.49304736
2026-03-10 00:00:00+00:00,No change,3,2026-06,101772,906974,0.59,1,43061416.20801809
2026-03-11 00:00:00+00:00,No change,0,2026-03,67284,654414,0.9885,1,
2026-03-11 00:00:00+00:00,No change,1,2026-04,75478,669662,0.875,1,76909226.49304736
2026-03-11 00:00:00+00:00,No change,3,2026-06,101772,906974,0.515,1,43061416.20801809
2026-03-12 00:00:00+00:00,No change,0,2026-03,67284,654414,0.9925,1,
2026-03-12 00:00:00+00:00,No change,1,2026-04,75478,669662,0.885,1,76909226.49304736
2026-03-12 00:00:00+00:00,No change,3,2026-06,101772,906974,0.555,1,43061416.20801809
2026-03-13 00:00:00+00:00,No change,0,2026-03,67284,654414,0.9945,1,
2026-03-14 00:00:00+00:00,No change,0,2026-03,67284,654414,0.9945,1,
2026-03-14 00:00:00+00:00,No change,1,2026-04,75478,669662,0.915,1,76909226.49304736
2026-03-14 00:00:00+00:00,No change,3,2026-06,101772,906974,0.605,1,43061416.20801809
2026-03-15 00:00:00+00:00,No change,0,2026-03,67284,654414,0.9965,1,
2026-03-15 00:00:00+00:00,No change,1,2026-04,75478,669662,0.915,1,76909226.49304736
2026-03-15 00:00:00+00:00,No change,3,2026-06,101772,906974,0.625,1,43061416.20801809
2026-03-16 00:00:00+00:00,No change,0,2026-03,67284,654414,0.9955,1,
2026-03-16 00:00:00+00:00,No change,3,2026-06,101772,906974,0.625,1,43061416.20801809
2026-03-17 00:00:00+00:00,No change,0,2026-03,67284,654414,0.9945,1,
2026-03-17 00:00:00+00:00,No change,1,2026-04,75478,669662,0.935,1,76909226.49304736
2026-03-17 00:00:00+00:00,No change,3,2026-06,101772,906974,0.595,1,43061416.20801809
2026-03-18 00:00:00+00:00,No change,0,2026-03,67284,654414,0.9945,1,
2026-03-18 00:00:00+00:00,No change,1,2026-04,75478,669662,0.945,1,76909226.49304736
2026-03-18 00:00:00+00:00,No change,3,2026-06,101772,906974,0.635,1,43061416.20801809
2026-03-19 00:00:00+00:00,No change,1,2026-04,75478,669662,0.945,1,76909226.49304736
2026-03-19 00:00:00+00:00,No change,3,2026-06,101772,906974,0.865,1,43061416.20801809
2026-03-20 00:00:00+00:00,No change,1,2026-04,75478,669662,0.955,1,76909226.49304736
2026-03-20 00:00:00+00:00,No change,3,2026-06,101772,906974,0.835,1,43061416.20801809
2026-03-21 00:00:00+00:00,No change,1,2026-04,75478,669662,0.9455,1,76909226.49304736
2026-03-21 00:00:00+00:00,No change,3,2026-06,101772,906974,0.845,1,43061416.20801809
2026-03-21 00:00:00+00:00,No change,4,2026-07,287395,1654958,0.765,1,40497085.547722
2026-03-22 00:00:00+00:00,No change,1,2026-04,75478,669662,0.948,1,76909226.49304736
2026-03-22 00:00:00+00:00,No change,3,2026-06,101772,906974,0.845,1,43061416.20801809
2026-03-22 00:00:00+00:00,No change,4,2026-07,287395,1654958,0.77,1,40497085.547722
2026-03-23 00:00:00+00:00,No change,1,2026-04,75478,669662,0.9425,1,76909226.49304736
2026-03-23 00:00:00+00:00,No change,3,2026-06,101772,906974,0.835,1,43061416.20801809
2026-03-23 00:00:00+00:00,No change,4,2026-07,287395,1654958,0.765,1,40497085.547722
2026-03-24 00:00:00+00:00,No change,1,2026-04,75478,669662,0.9485,1,76909226.49304736
2026-03-24 00:00:00+00:00,No change,3,2026-06,101772,906974,0.855,1,43061416.20801809
2026-03-24 00:00:00+00:00,No change,4,2026-07,287395,1654958,0.76,1,40497085.547722
2026-03-25 00:00:00+00:00,No change,1,2026-04,75478,669662,0.9485,1,76909226.49304736
2026-03-25 00:00:00+00:00,No change,3,2026-06,101772,906974,0.865,1,43061416.20801809
2026-03-25 00:00:00+00:00,No change,4,2026-07,287395,1654958,0.765,1,40497085.547722
2026-03-26 00:00:00+00:00,No change,1,2026-04,75478,669662,0.9545,1,76909226.49304736
2026-03-26 00:00:00+00:00,No change,3,2026-06,101772,906974,0.855,1,43061416.20801809
2026-03-26 00:00:00+00:00,No change,4,2026-07,287395,1654958,0.76,1,40497085.547722
2026-03-27 00:00:00+00:00,No change,1,2026-04,75478,669662,0.9595,1,76909226.49304736
2026-03-27 00:00:00+00:00,No change,3,2026-06,101772,906974,0.845,1,43061416.20801809
2026-03-27 00:00:00+00:00,No change,4,2026-07,287395,1654958,0.715,1,40497085.547722
2026-03-28 00:00:00+00:00,No change,1,2026-04,75478,669662,0.966,1,76909226.49304736
2026-03-28 00:00:00+00:00,No change,3,2026-06,101772,906974,0.845,1,43061416.20801809
2026-03-28 00:00:00+00:00,No change,4,2026-07,287395,1654958,0.735,1,40497085.547722
2026-03-29 00:00:00+00:00,No change,4,2026-07,287395,1654958,0.74,1,40497085.547722
2026-04-05 00:00:00+00:00,No change,0,2026-04,75478,669662,0.9835,1,76909226.49304736
2026-04-05 00:00:00+00:00,No change,2,2026-06,101772,906974,0.905,1,43061416.20801809
2026-04-09 00:00:00+00:00,No change,0,2026-04,75478,669662,0.9805,1,76909226.49304736
2026-04-09 00:00:00+00:00,No change,2,2026-06,101772,906974,0.885,1,43061416.20801809
2026-04-09 00:00:00+00:00,No change,3,2026-07,287395,1654958,0.825,1,40497085.547722
2026-04-12 00:00:00+00:00,No change,0,2026-04,75478,669662,0.9835,1,76909226.49304736
2026-04-12 00:00:00+00:00,No change,2,2026-06,101772,906974,0.905,1,43061416.20801809
2026-04-18 00:00:00+00:00,No change,3,2026-07,287395,1654958,0.805,1,40497085.547722
2026-04-22 00:00:00+00:00,No change,0,2026-04,75478,669662,0.9935,1,76909226.49304736
2026-04-22 00:00:00+00:00,No change,2,2026-06,101772,906974,0.925,1,43061416.20801809
2026-04-22 00:00:00+00:00,No change,3,2026-07,287395,1654958,0.815,1,40497085.547722
2026-04-23 00:00:00+00:00,No change,0,2026-04,75478,669662,0.9935,1,76909226.49304736
2026-04-23 00:00:00+00:00,No change,2,2026-06,101772,906974,0.93,1,43061416.20801809
2026-04-23 00:00:00+00:00,No change,3,2026-07,287395,1654958,0.815,1,40497085.547722
2026-04-24 00:00:00+00:00,No change,0,2026-04,75478,669662,0.9945,1,76909226.49304736
2026-04-24 00:00:00+00:00,No change,2,2026-06,101772,906974,0.925,1,43061416.20801809
2026-04-24 00:00:00+00:00,No change,3,2026-07,287395,1654958,0.825,1,40497085.547722
2026-04-25 00:00:00+00:00,No change,0,2026-04,75478,669662,0.9945,1,76909226.49304736
2026-04-25 00:00:00+00:00,No change,2,2026-06,101772,906974,0.925,1,43061416.20801809
2026-04-25 00:00:00+00:00,No change,3,2026-07,287395,1654958,0.84,1,40497085.547722
2026-04-26 00:00:00+00:00,No change,0,2026-04,75478,669662,0.9965,1,76909226.49304736
2026-04-26 00:00:00+00:00,No change,2,2026-06,101772,906974,0.925,1,43061416.20801809
2026-04-26 00:00:00+00:00,No change,3,2026-07,287395,1654958,0.83,1,40497085.547722
2026-04-27 00:00:00+00:00,No change,0,2026-04,75478,669662,0.9985,1,76909226.49304736
2026-04-27 00:00:00+00:00,No change,2,2026-06,101772,906974,0.935,1,43061416.20801809
2026-04-27 00:00:00+00:00,No change,3,2026-07,287395,1654958,0.835,1,40497085.547722
2026-04-28 00:00:00+00:00,No change,0,2026-04,75478,669662,0.9985,1,76909226.49304736
2026-04-28 00:00:00+00:00,No change,2,2026-06,101772,906974,0.935,1,43061416.20801809
2026-04-28 00:00:00+00:00,No change,3,2026-07,287395,1654958,0.845,1,40497085.547722
2026-04-29 00:00:00+00:00,No change,0,2026-04,75478,669662,0.9975,1,76909226.49304736
2026-04-29 00:00:00+00:00,No change,2,2026-06,101772,906974,0.925,1,43061416.20801809
2026-04-29 00:00:00+00:00,No change,3,2026-07,287395,1654958,0.855,1,40497085.547722
2026-04-30 00:00:00+00:00,No change,2,2026-06,101772,906974,0.945,1,43061416.20801809
2026-04-30 00:00:00+00:00,No change,3,2026-07,287395,1654958,0.855,1,40497085.547722
2026-05-01 00:00:00+00:00,No change,1,2026-06,101772,906974,0.955,1,43061416.20801809
2026-05-01 00:00:00+00:00,No change,2,2026-07,287395,1654958,0.875,1,40497085.547722
2026-05-02 00:00:00+00:00,No change,1,2026-06,101772,906974,0.955,1,43061416.20801809
2026-05-02 00:00:00+00:00,No change,2,2026-07,287395,1654958,0.885,1,40497085.547722
2026-05-03 00:00:00+00:00,No change,1,2026-06,101772,906974,0.955,1,43061416.20801809
2026-05-03 00:00:00+00:00,No change,2,2026-07,287395,1654958,0.885,1,40497085.547722
2026-05-04 00:00:00+00:00,No change,1,2026-06,101772,906974,0.955,1,43061416.20801809
2026-05-04 00:00:00+00:00,No change,2,2026-07,287395,1654958,0.885,1,40497085.547722
2026-05-05 00:00:00+00:00,No change,1,2026-06,101772,906974,0.955,1,43061416.20801809
2026-05-05 00:00:00+00:00,No change,2,2026-07,287395,1654958,0.885,1,40497085.547722
2026-05-06 00:00:00+00:00,No change,1,2026-06,101772,906974,0.955,1,43061416.20801809
2026-05-06 00:00:00+00:00,No change,2,2026-07,287395,1654958,0.885,1,40497085.547722
2026-05-07 00:00:00+00:00,No change,1,2026-06,101772,906974,0.955,1,43061416.20801809
2026-05-07 00:00:00+00:00,No change,2,2026-07,287395,1654958,0.895,1,40497085.547722
2026-05-08 00:00:00+00:00,No change,1,2026-06,101772,906974,0.955,1,43061416.20801809
2026-05-08 00:00:00+00:00,No change,2,2026-07,287395,1654958,0.905,1,40497085.547722
2026-05-09 00:00:00+00:00,No change,1,2026-06,101772,906974,0.9705,1,43061416.20801809
2026-05-09 00:00:00+00:00,No change,2,2026-07,287395,1654958,0.905,1,40497085.547722
2026-05-10 00:00:00+00:00,No change,1,2026-06,101772,906974,0.9745,1,43061416.20801809
2026-05-10 00:00:00+00:00,No change,2,2026-07,287395,1654958,0.905,1,40497085.547722
2026-05-11 00:00:00+00:00,No change,1,2026-06,101772,906974,0.9695,1,43061416.20801809
2026-05-11 00:00:00+00:00,No change,2,2026-07,287395,1654958,0.905,1,40497085.547722
2026-05-12 00:00:00+00:00,No change,1,2026-06,101772,906974,0.9665,1,43061416.20801809
2026-05-12 00:00:00+00:00,No change,2,2026-07,287395,1654958,0.905,1,40497085.547722
2026-05-13 00:00:00+00:00,No change,1,2026-06,101772,906974,0.9755,1,43061416.20801809
2026-05-13 00:00:00+00:00,No change,2,2026-07,287395,1654958,0.915,1,40497085.547722
2026-05-14 00:00:00+00:00,No change,1,2026-06,101772,906974,0.9755,1,43061416.20801809
2026-05-14 00:00:00+00:00,No change,2,2026-07,287395,1654958,0.915,1,40497085.547722
2026-05-14 00:00:00+00:00,No change,4,2026-09,481717,2252244,0.515,0,56435144.72298723
2026-05-15 00:00:00+00:00,No change,1,2026-06,101772,906974,0.9755,1,43061416.20801809
2026-05-15 00:00:00+00:00,No change,2,2026-07,287395,1654958,0.925,1,40497085.547722
2026-05-15 00:00:00+00:00,No change,4,2026-09,481717,2252244,0.785,0,56435144.72298723
2026-05-16 00:00:00+00:00,No change,1,2026-06,101772,906974,0.9805,1,43061416.20801809
2026-05-16 00:00:00+00:00,No change,2,2026-07,287395,1654958,0.925,1,40497085.547722
2026-05-16 00:00:00+00:00,No change,4,2026-09,481717,2252244,0.76,0,56435144.72298723
2026-05-17 00:00:00+00:00,No change,1,2026-06,101772,906974,0.9805,1,43061416.20801809
2026-05-17 00:00:00+00:00,No change,2,2026-07,287395,1654958,0.935,1,40497085.547722
2026-05-17 00:00:00+00:00,No change,4,2026-09,481717,2252244,0.8,0,56435144.72298723
2026-05-18 00:00:00+00:00,No change,1,2026-06,101772,906974,0.9795,1,43061416.20801809
2026-05-18 00:00:00+00:00,No change,2,2026-07,287395,1654958,0.935,1,40497085.547722
2026-05-18 00:00:00+00:00,No change,4,2026-09,481717,2252244,0.805,0,56435144.72298723
2026-05-19 00:00:00+00:00,No change,1,2026-06,101772,906974,0.9795,1,43061416.20801809
2026-05-19 00:00:00+00:00,No change,2,2026-07,287395,1654958,0.935,1,40497085.547722
2026-05-19 00:00:00+00:00,No change,4,2026-09,481717,2252244,0.815,0,56435144.72298723
2026-05-20 00:00:00+00:00,No change,1,2026-06,101772,906974,0.9795,1,43061416.20801809
2026-05-20 00:00:00+00:00,No change,2,2026-07,287395,1654958,0.935,1,40497085.547722
2026-05-20 00:00:00+00:00,No change,4,2026-09,481717,2252244,0.76,0,56435144.72298723
2026-05-21 00:00:00+00:00,No change,1,2026-06,101772,906974,0.9775,1,43061416.20801809
2026-05-21 00:00:00+00:00,No change,2,2026-07,287395,1654958,0.925,1,40497085.547722
2026-05-21 00:00:00+00:00,No change,4,2026-09,481717,2252244,0.73,0,56435144.72298723
2026-05-22 00:00:00+00:00,No change,1,2026-06,101772,906974,0.9775,1,43061416.20801809
2026-05-22 00:00:00+00:00,No change,2,2026-07,287395,1654958,0.925,1,40497085.547722
2026-05-22 00:00:00+00:00,No change,4,2026-09,481717,2252244,0.725,0,56435144.72298723
2026-05-23 00:00:00+00:00,No change,1,2026-06,101772,906974,0.9735,1,43061416.20801809
2026-05-23 00:00:00+00:00,No change,2,2026-07,287395,1654958,0.925,1,40497085.547722
2026-05-23 00:00:00+00:00,No change,4,2026-09,481717,2252244,0.715,0,56435144.72298723
2026-05-24 00:00:00+00:00,No change,1,2026-06,101772,906974,0.9725,1,43061416.20801809
2026-05-24 00:00:00+00:00,No change,2,2026-07,287395,1654958,0.925,1,40497085.547722
2026-05-24 00:00:00+00:00,No change,4,2026-09,481717,2252244,0.705,0,56435144.72298723
2026-05-25 00:00:00+00:00,No change,1,2026-06,101772,906974,0.9735,1,43061416.20801809
2026-05-25 00:00:00+00:00,No change,2,2026-07,287395,1654958,0.925,1,40497085.547722
2026-05-25 00:00:00+00:00,No change,4,2026-09,481717,2252244,0.695,0,56435144.72298723
2026-05-26 00:00:00+00:00,No change,1,2026-06,101772,906974,0.9745,1,43061416.20801809
2026-05-26 00:00:00+00:00,No change,2,2026-07,287395,1654958,0.925,1,40497085.547722
2026-05-26 00:00:00+00:00,No change,4,2026-09,481717,2252244,0.665,0,56435144.72298723
2026-05-27 00:00:00+00:00,No change,1,2026-06,101772,906974,0.9725,1,43061416.20801809
2026-05-27 00:00:00+00:00,No change,2,2026-07,287395,1654958,0.925,1,40497085.547722
2026-05-27 00:00:00+00:00,No change,4,2026-09,481717,2252244,0.725,0,56435144.72298723
2026-05-28 00:00:00+00:00,No change,1,2026-06,101772,906974,0.9745,1,43061416.20801809
2026-05-28 00:00:00+00:00,No change,2,2026-07,287395,1654958,0.925,1,40497085.547722
2026-05-28 00:00:00+00:00,No change,4,2026-09,481717,2252244,0.755,0,56435144.72298723
2026-05-29 00:00:00+00:00,No change,1,2026-06,101772,906974,0.9755,1,43061416.20801809
2026-05-29 00:00:00+00:00,No change,2,2026-07,287395,1654958,0.925,1,40497085.547722
2026-05-29 00:00:00+00:00,No change,4,2026-09,481717,2252244,0.755,0,56435144.72298723
2026-05-30 00:00:00+00:00,No change,1,2026-06,101772,906974,0.9775,1,43061416.20801809
2026-05-30 00:00:00+00:00,No change,2,2026-07,287395,1654958,0.925,1,40497085.547722
2026-05-30 00:00:00+00:00,No change,4,2026-09,481717,2252244,0.735,0,56435144.72298723
2026-05-31 00:00:00+00:00,No change,1,2026-06,101772,906974,0.9805,1,43061416.20801809
2026-05-31 00:00:00+00:00,No change,2,2026-07,287395,1654958,0.915,1,40497085.547722
2026-05-31 00:00:00+00:00,No change,4,2026-09,481717,2252244,0.75,0,56435144.72298723
2026-06-01 00:00:00+00:00,No change,0,2026-06,101772,906974,0.9815,1,43061416.20801809
2026-06-01 00:00:00+00:00,No change,1,2026-07,287395,1654958,0.915,1,40497085.547722
2026-06-01 00:00:00+00:00,No change,3,2026-09,481717,2252244,0.745,0,56435144.72298723
2026-06-02 00:00:00+00:00,No change,0,2026-06,101772,906974,0.9825,1,43061416.20801809
2026-06-02 00:00:00+00:00,No change,1,2026-07,287395,1654958,0.925,1,40497085.547722
2026-06-02 00:00:00+00:00,No change,3,2026-09,481717,2252244,0.785,0,56435144.72298723
2026-06-03 00:00:00+00:00,No change,0,2026-06,101772,906974,0.9815,1,43061416.20801809
2026-06-03 00:00:00+00:00,No change,1,2026-07,287395,1654958,0.925,1,40497085.547722
2026-06-03 00:00:00+00:00,No change,3,2026-09,481717,2252244,0.795,0,56435144.72298723
2026-06-04 00:00:00+00:00,No change,0,2026-06,101772,906974,0.9825,1,43061416.20801809
2026-06-04 00:00:00+00:00,No change,1,2026-07,287395,1654958,0.925,1,40497085.547722
2026-06-04 00:00:00+00:00,No change,3,2026-09,481717,2252244,0.755,0,56435144.72298723
2026-06-05 00:00:00+00:00,No change,0,2026-06,101772,906974,0.9825,1,43061416.20801809
2026-06-05 00:00:00+00:00,No change,1,2026-07,287395,1654958,0.925,1,40497085.547722
2026-06-05 00:00:00+00:00,No change,3,2026-09,481717,2252244,0.765,0,56435144.72298723
2026-06-06 00:00:00+00:00,No change,0,2026-06,101772,906974,0.9865,1,43061416.20801809
2026-06-06 00:00:00+00:00,No change,1,2026-07,287395,1654958,0.945,1,40497085.547722
2026-06-06 00:00:00+00:00,No change,3,2026-09,481717,2252244,0.73,0,56435144.72298723
2026-06-07 00:00:00+00:00,No change,0,2026-06,101772,906974,0.991,1,43061416.20801809
2026-06-07 00:00:00+00:00,No change,1,2026-07,287395,1654958,0.935,1,40497085.547722
2026-06-07 00:00:00+00:00,No change,3,2026-09,481717,2252244,0.755,0,56435144.72298723
2026-06-08 00:00:00+00:00,No change,0,2026-06,101772,906974,0.9915,1,43061416.20801809
2026-06-08 00:00:00+00:00,No change,1,2026-07,287395,1654958,0.935,1,40497085.547722
2026-06-08 00:00:00+00:00,No change,3,2026-09,481717,2252244,0.785,0,56435144.72298723
2026-06-09 00:00:00+00:00,No change,0,2026-06,101772,906974,0.9905,1,43061416.20801809
2026-06-09 00:00:00+00:00,No change,1,2026-07,287395,1654958,0.925,1,40497085.547722
2026-06-09 00:00:00+00:00,No change,3,2026-09,481717,2252244,0.74,0,56435144.72298723
2026-06-10 00:00:00+00:00,No change,0,2026-06,101772,906974,0.9905,1,43061416.20801809
2026-06-10 00:00:00+00:00,No change,1,2026-07,287395,1654958,0.925,1,40497085.547722
2026-06-10 00:00:00+00:00,No change,3,2026-09,481717,2252244,0.735,0,56435144.72298723
2026-06-11 00:00:00+00:00,No change,0,2026-06,101772,906974,0.9935,1,43061416.20801809
2026-06-11 00:00:00+00:00,No change,1,2026-07,287395,1654958,0.925,1,40497085.547722
2026-06-11 00:00:00+00:00,No change,3,2026-09,481717,2252244,0.745,0,56435144.72298723
2026-06-12 00:00:00+00:00,No change,0,2026-06,101772,906974,0.9925,1,43061416.20801809
2026-06-12 00:00:00+00:00,No change,1,2026-07,287395,1654958,0.925,1,40497085.547722
2026-06-12 00:00:00+00:00,No change,3,2026-09,481717,2252244,0.735,0,56435144.72298723
2026-06-13 00:00:00+00:00,No change,0,2026-06,101772,906974,0.9925,1,43061416.20801809
2026-06-13 00:00:00+00:00,No change,1,2026-07,287395,1654958,0.925,1,40497085.547722
2026-06-13 00:00:00+00:00,No change,3,2026-09,481717,2252244,0.735,0,56435144.72298723
2026-06-14 00:00:00+00:00,No change,0,2026-06,101772,906974,0.9955,1,43061416.20801809
2026-06-14 00:00:00+00:00,No change,1,2026-07,287395,1654958,0.935,1,40497085.547722
2026-06-14 00:00:00+00:00,No change,3,2026-09,481717,2252244,0.735,0,56435144.72298723
2026-06-15 00:00:00+00:00,No change,0,2026-06,101772,906974,0.9955,1,43061416.20801809
2026-06-15 00:00:00+00:00,No change,1,2026-07,287395,1654958,0.935,1,40497085.547722
2026-06-15 00:00:00+00:00,No change,3,2026-09,481717,2252244,0.735,0,56435144.72298723
2026-06-16 00:00:00+00:00,No change,0,2026-06,101772,906974,0.9945,1,43061416.20801809
2026-06-16 00:00:00+00:00,No change,1,2026-07,287395,1654958,0.935,1,40497085.547722
2026-06-16 00:00:00+00:00,No change,3,2026-09,481717,2252244,0.735,0,56435144.72298723
2026-06-17 00:00:00+00:00,No change,0,2026-06,101772,906974,0.9955,1,43061416.20801809
2026-06-17 00:00:00+00:00,No change,1,2026-07,287395,1654958,0.925,1,40497085.547722
2026-06-17 00:00:00+00:00,No change,3,2026-09,481717,2252244,0.695,0,56435144.72298723
2026-06-18 00:00:00+00:00,No change,1,2026-07,287395,1654958,0.79,1,40497085.547722
2026-06-18 00:00:00+00:00,No change,3,2026-09,481717,2252244,0.545,0,56435144.72298723
2026-06-19 00:00:00+00:00,No change,1,2026-07,287395,1654958,0.745,1,40497085.547722
2026-06-19 00:00:00+00:00,No change,3,2026-09,481717,2252244,0.475,0,56435144.72298723
2026-06-20 00:00:00+00:00,No change,1,2026-07,287395,1654958,0.725,1,40497085.547722
2026-06-20 00:00:00+00:00,No change,3,2026-09,481717,2252244,0.495,0,56435144.72298723
2026-06-21 00:00:00+00:00,No change,1,2026-07,287395,1654958,0.785,1,40497085.547722
2026-06-21 00:00:00+00:00,No change,3,2026-09,481717,2252244,0.495,0,56435144.72298723
2026-06-22 00:00:00+00:00,No change,1,2026-07,287395,1654958,0.755,1,40497085.547722
2026-06-22 00:00:00+00:00,No change,3,2026-09,481717,2252244,0.515,0,56435144.72298723
2026-06-23 00:00:00+00:00,No change,1,2026-07,287395,1654958,0.725,1,40497085.547722
2026-06-23 00:00:00+00:00,No change,3,2026-09,481717,2252244,0.545,0,56435144.72298723
2026-06-24 00:00:00+00:00,No change,1,2026-07,287395,1654958,0.735,1,40497085.547722
2026-06-24 00:00:00+00:00,No change,3,2026-09,481717,2252244,0.565,0,56435144.72298723
2026-06-25 00:00:00+00:00,No change,1,2026-07,287395,1654958,0.755,1,40497085.547722
2026-06-25 00:00:00+00:00,No change,3,2026-09,481717,2252244,0.565,0,56435144.72298723
2026-06-26 00:00:00+00:00,No change,1,2026-07,287395,1654958,0.785,1,40497085.547722
2026-06-26 00:00:00+00:00,No change,3,2026-09,481717,2252244,0.595,0,56435144.72298723
2026-06-27 00:00:00+00:00,No change,1,2026-07,287395,1654958,0.805,1,40497085.547722
2026-06-27 00:00:00+00:00,No change,3,2026-09,481717,2252244,0.625,0,56435144.72298723
2026-06-28 00:00:00+00:00,No change,1,2026-07,287395,1654958,0.805,1,40497085.547722
2026-06-28 00:00:00+00:00,No change,3,2026-09,481717,2252244,0.625,0,56435144.72298723
2026-06-29 00:00:00+00:00,No change,1,2026-07,287395,1654958,0.815,1,40497085.547722
2026-06-29 00:00:00+00:00,No change,3,2026-09,481717,2252244,0.625,0,56435144.72298723
2026-06-30 00:00:00+00:00,No change,1,2026-07,287395,1654958,0.805,1,40497085.547722
2026-06-30 00:00:00+00:00,No change,3,2026-09,481717,2252244,0.625,0,56435144.72298723
2026-07-01 00:00:00+00:00,No change,0,2026-07,287395,1654958,0.795,1,40497085.547722
2026-07-01 00:00:00+00:00,No change,2,2026-09,481717,2252244,0.645,0,56435144.72298723
2026-07-02 00:00:00+00:00,No change,0,2026-07,287395,1654958,0.795,1,40497085.547722
2026-07-02 00:00:00+00:00,No change,2,2026-09,481717,2252244,0.625,0,56435144.72298723
2026-07-03 00:00:00+00:00,No change,0,2026-07,287395,1654958,0.895,1,40497085.547722
2026-07-03 00:00:00+00:00,No change,2,2026-09,481717,2252244,0.655,0,56435144.72298723
2026-07-04 00:00:00+00:00,No change,0,2026-07,287395,1654958,0.895,1,40497085.547722
2026-07-04 00:00:00+00:00,No change,2,2026-09,481717,2252244,0.685,0,56435144.72298723
2026-07-05 00:00:00+00:00,No change,0,2026-07,287395,1654958,0.895,1,40497085.547722
2026-07-05 00:00:00+00:00,No change,2,2026-09,481717,2252244,0.685,0,56435144.72298723
2026-07-06 00:00:00+00:00,No change,0,2026-07,287395,1654958,0.895,1,40497085.547722
2026-07-06 00:00:00+00:00,No change,2,2026-09,481717,2252244,0.705,0,56435144.72298723
2026-07-07 00:00:00+00:00,No change,0,2026-07,287395,1654958,0.845,1,40497085.547722
2026-07-07 00:00:00+00:00,No change,2,2026-09,481717,2252244,0.695,0,56435144.72298723
2026-07-08 00:00:00+00:00,No change,0,2026-07,287395,1654958,0.815,1,40497085.547722
2026-07-08 00:00:00+00:00,No change,2,2026-09,481717,2252244,0.655,0,56435144.72298723
2026-07-09 00:00:00+00:00,No change,0,2026-07,287395,1654958,0.775,1,40497085.547722
2026-07-09 00:00:00+00:00,No change,2,2026-09,481717,2252244,0.565,0,56435144.72298723
2026-07-10 00:00:00+00:00,No change,0,2026-07,287395,1654958,0.845,1,40497085.547722
2026-07-10 00:00:00+00:00,No change,2,2026-09,481717,2252244,0.565,0,56435144.72298723
2026-07-11 00:00:00+00:00,No change,0,2026-07,287395,1654958,0.775,1,40497085.547722
2026-07-11 00:00:00+00:00,No change,2,2026-09,481717,2252244,0.565,0,56435144.72298723
2026-07-12 00:00:00+00:00,No change,0,2026-07,287395,1654958,0.775,1,40497085.547722
2026-07-12 00:00:00+00:00,No change,2,2026-09,481717,2252244,0.555,0,56435144.72298723
2026-07-13 00:00:00+00:00,No change,0,2026-07,287395,1654958,0.775,1,40497085.547722
2026-07-13 00:00:00+00:00,No change,2,2026-09,481717,2252244,0.555,0,56435144.72298723
2026-07-14 00:00:00+00:00,No change,0,2026-07,287395,1654958,0.635,1,40497085.547722
2026-07-14 00:00:00+00:00,No change,2,2026-09,481717,2252244,0.44,0,56435144.72298723
2026-07-15 00:00:00+00:00,No change,0,2026-07,287395,1654958,0.915,1,40497085.547722
2026-07-15 00:00:00+00:00,No change,2,2026-09,481717,2252244,0.565,0,56435144.72298723
2026-07-16 00:00:00+00:00,No change,0,2026-07,287395,1654958,0.953,1,40497085.547722
2026-07-16 00:00:00+00:00,No change,2,2026-09,481717,2252244,0.64,0,56435144.72298723
2026-07-17 00:00:00+00:00,No change,0,2026-07,287395,1654958,0.9575,1,40497085.547722
2026-07-17 00:00:00+00:00,No change,2,2026-09,481717,2252244,0.605,0,56435144.72298723
2026-07-18 00:00:00+00:00,No change,0,2026-07,287395,1654958,0.9435,1,40497085.547722
2026-07-18 00:00:00+00:00,No change,2,2026-09,481717,2252244,0.605,0,56435144.72298723
2026-07-19 00:00:00+00:00,No change,0,2026-07,287395,1654958,0.945,1,40497085.547722
2026-07-19 00:00:00+00:00,No change,2,2026-09,481717,2252244,0.585,0,56435144.72298723
2026-07-20 00:00:00+00:00,No change,0,2026-07,287395,1654958,0.9295,1,40497085.547722
2026-07-20 00:00:00+00:00,No change,2,2026-09,481717,2252244,0.585,0,56435144.72298723
2026-07-21 00:00:00+00:00,No change,0,2026-07,287395,1654958,0.9265,1,40497085.547722
2026-07-21 00:00:00+00:00,No change,2,2026-09,481717,2252244,0.535,0,56435144.72298723
2026-07-22 00:00:00+00:00,No change,0,2026-07,287395,1654958,0.845,1,40497085.547722
2026-07-22 00:00:00+00:00,No change,2,2026-09,481717,2252244,0.445,0,56435144.72298723
2026-07-23 00:00:00+00:00,No change,0,2026-07,287395,1654958,0.7695,1,40497085.547722
2026-07-23 00:00:00+00:00,No change,2,2026-09,481717,2252244,0.455,0,56435144.72298723
2026-07-24 00:00:00+00:00,No change,0,2026-07,287395,1654958,0.7375,1,40497085.547722
2026-07-24 00:00:00+00:00,No change,2,2026-09,481717,2252244,0.415,0,56435144.72298723
2026-07-25 00:00:00+00:00,No change,0,2026-07,287395,1654958,0.7345,1,40497085.547722
2026-07-25 00:00:00+00:00,No change,2,2026-09,481717,2252244,0.405,0,56435144.72298723
2026-07-26 00:00:00+00:00,No change,0,2026-07,287395,1654958,0.7865,1,40497085.547722
2026-07-26 00:00:00+00:00,No change,2,2026-09,481717,2252244,0.405,0,56435144.72298723
2026-07-27 00:00:00+00:00,No change,0,2026-07,287395,1654958,0.791,1,40497085.547722
2026-07-27 00:00:00+00:00,No change,2,2026-09,481717,2252244,0.445,0,56435144.72298723
2026-07-28 00:00:00+00:00,No change,0,2026-07,287395,1654958,0.721,1,40497085.547722
2026-07-28 00:00:00+00:00,No change,2,2026-09,481717,2252244,0.415,0,56435144.72298723
2026-07-30 00:00:00+00:00,No change,2,2026-09,481717,2252244,0.445,0,56435144.72298723
2026-07-31 00:00:00+00:00,No change,2,2026-09,481717,2252244,0.445,0,56435144.72298723
2026-08-01 00:00:00+00:00,No change,1,2026-09,481717,2252244,0.385,0,56435144.72298723
2026-08-02 00:00:00+00:00,No change,1,2026-09,481717,2252244,0.385,0,56435144.72298723
2026-08-03 00:00:00+00:00,No change,1,2026-09,481717,2252244,0.405,0,56435144.72298723
2026-08-04 00:00:00+00:00,No change,1,2026-09,481717,2252244,0.425,0,56435144.72298723
2026-08-05 00:00:00+00:00,No change,1,2026-09,481717,2252244,0.495,0,56435144.72298723
2026-08-06 00:00:00+00:00,No change,1,2026-09,481717,2252244,0.535,0,56435144.72298723
2026-08-07 00:00:00+00:00,No change,1,2026-09,481717,2252244,0.485,0,56435144.72298723
2026-08-08 00:00:00+00:00,No change,1,2026-09,481717,2252244,0.625,0,56435144.72298723
2026-08-09 00:00:00+00:00,No change,1,2026-09,481717,2252244,0.625,0,56435144.72298723
2026-08-10 00:00:00+00:00,No change,1,2026-09,481717,2252244,0.625,0,56435144.72298723
2026-08-11 00:00:00+00:00,No change,1,2026-09,481717,2252244,0.555,0,56435144.72298723
2026-08-12 00:00:00+00:00,No change,1,2026-09,481717,2252244,0.595,0,56435144.72298723
2026-08-13 00:00:00+00:00,No change,1,2026-09,481717,2252244,0.665,0,56435144.72298723
2026-08-14 00:00:00+00:00,No change,1,2026-09,481717,2252244,0.705,0,56435144.72298723
2026-08-15 00:00:00+00:00,No change,1,2026-09,481717,2252244,0.745,0,56435144.72298723
2026-08-16 00:00:00+00:00,No change,1,2026-09,481717,2252244,0.735,0,56435144.72298723
2026-08-17 00:00:00+00:00,No change,1,2026-09,481717,2252244,0.745,0,56435144.72298723
2026-08-18 00:00:00+00:00,No change,1,2026-09,481717,2252244,0.705,0,56435144.72298723
2026-08-19 00:00:00+00:00,No change,1,2026-09,481717,2252244,0.705,0,56435144.72298723
2026-08-20 00:00:00+00:00,No change,1,2026-09,481717,2252244,0.715,0,56435144.72298723
2026-08-21 00:00:00+00:00,No change,1,2026-09,481717,2252244,0.705,0,56435144.72298723
2026-08-22 00:00:00+00:00,No change,1,2026-09,481717,2252244,0.675,0,56435144.72298723
2026-08-23 00:00:00+00:00,No change,1,2026-09,481717,2252244,0.685,0,56435144.72298723
2026-08-24 00:00:00+00:00,No change,1,2026-09,481717,2252244,0.675,0,56435144.72298723
2026-08-25 00:00:00+00:00,No change,1,2026-09,481717,2252244,0.645,0,56435144.72298723
2026-08-26 00:00:00+00:00,No change,1,2026-09,481717,2252244,0.675,0,56435144.72298723
2026-08-27 00:00:00+00:00,No change,1,2026-09,481717,2252244,0.665,0,56435144.72298723
2026-08-28 00:00:00+00:00,No change,1,2026-09,481717,2252244,0.685,0,56435144.72298723
2026-08-29 00:00:00+00:00,No change,1,2026-09,481717,2252244,0.495,0,56435144.72298723
2026-08-30 00:00:00+00:00,No change,1,2026-09,481717,2252244,0.535,0,56435144.72298723
2026-08-31 00:00:00+00:00,No change,1,2026-09,481717,2252244,0.465,0,56435144.72298723
2026-09-01 00:00:00+00:00,No change,0,2026-09,481717,2252244,0.435,0,56435144.72298723
2026-09-02 00:00:00+00:00,No change,0,2026-09,481717,2252244,0.405,0,56435144.72298723
2026-09-03 00:00:00+00:00,No change,0,2026-09,481717,2252244,0.445,0,56435144.72298723
2026-09-04 00:00:00+00:00,No change,0,2026-09,481717,2252244,0.565,0,56435144.72298723
2026-09-05 00:00:00+00:00,No change,0,2026-09,481717,2252244,0.495,0,56435144.72298723
2026-09-06 00:00:00+00:00,No change,0,2026-09,481717,2252244,0.495,0,56435144.72298723
2026-09-07 00:00:00+00:00,No change,0,2026-09,481717,2252244,0.505,0,56435144.72298723
2026-09-08 00:00:00+00:00,No change,0,2026-09,481717,2252244,0.475,0,56435144.72298723
2026-09-09 00:00:00+00:00,No change,0,2026-09,481717,2252244,0.455,0,56435144.72298723
2026-09-10 00:00:00+00:00,No change,0,2026-09,481717,2252244,0.455,0,56435144.72298723
2026-09-11 00:00:00+00:00,No change,0,2026-09,481717,2252244,0.365,0,56435144.72298723
2026-09-12 00:00:00+00:00,No change,0,2026-09,481717,2252244,0.195,0,56435144.72298723
2026-09-13 00:00:00+00:00,No change,0,2026-09,481717,2252244,0.205,0,56435144.72298723
2026-09-14 00:00:00+00:00,No change,0,2026-09,481717,2252244,0.205,0,56435144.72298723
2026-09-15 00:00:00+00:00,No change,0,2026-09,481717,2252244,0.125,0,56435144.72298723
2026-09-16 00:00:00+00:00,No change,0,2026-09,481717,2252244,0.105,0,56435144.72298723
