date,ticker,open,high,low,close,volume,return_1d,return_5d,return_20d,volatility_5d,volatility_20d
2023-08-07 00:00:00+00:00,SPY,431.2157929076751,433.2915828601554,430.523862923515,433.1378173828125,58357500,,,,,
2023-08-08 00:00:00+00:00,SPY,430.610350839472,433.1282275391779,427.90990879603123,431.2542419433594,71361300,-0.004348674633940841,,,,
2023-08-09 00:00:00+00:00,SPY,431.5233656089487,431.68675060935874,427.61203838498926,428.3712463378906,78789600,-0.006685141443425802,,,,
2023-08-10 00:00:00+00:00,SPY,430.71610074530616,434.08926326921943,427.3621772369706,428.5249938964844,93005500,0.0003589119482414471,,,,
2023-08-11 00:00:00+00:00,SPY,426.66056157281855,429.2841352767268,426.0647387376173,428.2750549316406,68690900,-0.0005832541121373325,,,,
2023-08-14 00:00:00+00:00,SPY,427.3621343832933,430.63916015625,427.0546034425639,430.63916015625,47867400,0.005520062860039143,-0.005768734860558622,,0.004689270641432029,
2023-08-15 00:00:00+00:00,SPY,428.87093856214887,429.2265377401817,425.0557186470054,425.62274169921875,75707500,-0.011648774475621626,-0.013058422843015838,,0.006658195196393126,
2023-08-16 00:00:00+00:00,SPY,425.20945229682616,426.8623944636419,422.3936935729571,422.4994201660156,80107200,-0.007338239307265071,-0.013707330317038635,,0.0067637544818292565,
2023-08-17 00:00:00+00:00,SPY,423.96015411160533,424.2196168527754,418.76107448676936,419.280029296875,95711300,-0.0076198705027230584,-0.02157392154783533,,0.006791519969214697,
2023-08-18 00:00:00+00:00,SPY,416.4738387437825,420.5101015823301,416.12788844047134,419.4818115234375,98852000,0.00048125885437677596,-0.020531766459306544,,0.006953254484079303,
2023-08-21 00:00:00+00:00,SPY,420.4909004571907,422.95108948384575,418.34786189824484,422.21112060546875,68719000,0.006506382415292666,-0.019571001271048605,,0.007300476222618874,
2023-08-22 00:00:00+00:00,SPY,423.9794015102556,423.9794015102556,420.51016116793335,421.0675354003906,64994200,-0.0027085624922389417,-0.010702450439190159,,0.005895014309639178,
2023-08-23 00:00:00+00:00,SPY,422.12457747554333,426.37226398805007,421.98043152181,425.7572021484375,68441000,0.011137564294971147,0.007710737167738069,,0.007413682711640956,
2023-08-24 00:00:00+00:00,SPY,427.3524806823666,427.86181593129874,419.8277393822269,419.8565979003906,88517300,-0.013859082637408093,0.0013751396757020196,,0.009559488010174767,
2023-08-25 00:00:00+00:00,SPY,421.57687525748486,424.09472283005493,418.04035697735236,422.81658935546875,102325100,0.007050005811223059,0.007949755485035848,,0.010028509865085399,
2023-08-28 00:00:00+00:00,SPY,424.99802710166506,426.1128047760357,422.8165399597136,425.4977722167969,61595400,0.006341243292783849,0.007784379545983766,,0.010008667857706148,
2023-08-29 00:00:00+00:00,SPY,425.3921155769581,431.9270172260521,425.20952088221264,431.6483154296875,83081900,0.014454936346310232,0.025128463108027743,,0.011053606467248584,
2023-08-30 00:00:00+00:00,SPY,431.9845986592022,434.0603885077203,431.2830492029172,433.4261169433594,69053900,0.004118634198542193,0.018012413545145822,,0.0105158560027082,
2023-08-31 00:00:00+00:00,SPY,434.0411436980902,435.17513102782067,432.6092449398333,432.7918395996094,66084600,-0.0014634036089543612,0.030808713651053754,,0.005742311270487327,
2023-09-01 00:00:00+00:00,SPY,435.5019359140747,435.98244204092543,432.14798320577563,433.59912109375,58944100,0.001865288159978773,0.025501676163458775,,0.005990690809863516,
2023-09-05 00:00:00+00:00,SPY,433.1570257317341,433.4741468434639,431.65784909348326,431.72509765625,55166200,-0.004322018533554184,0.0146353890574078,-0.003261594046667926,0.007198339844487105,0.007426537063752793
2023-09-06 00:00:00+00:00,SPY,430.91784492057485,431.0235715081806,426.50680264350075,428.8228454589844,70758500,-0.006722454202967021,-0.006545768556725395,-0.0056379653761048365,0.004414262036129414,0.007515819162215781
2023-09-07 00:00:00+00:00,SPY,425.8341358343982,428.17900813567496,425.4881854921281,427.5063171386719,70355400,-0.003070098373381569,-0.013658152043156901,-0.0020191112419728485,0.0032136441249640563,0.007395567016880219
2023-09-08 00:00:00+00:00,SPY,427.5543540855631,429.67818299559536,427.1987842372508,428.1501770019531,61659700,0.0015060826880657352,-0.010724930955145595,-0.0008746675220110411,0.003740356044128186,0.007403554374033075
2023-09-11 00:00:00+00:00,SPY,430.7640781970579,431.2734134651807,429.0630972437641,430.9659118652344,60180100,0.00657651220185862,-0.006072911822038285,0.006283011122427462,0.005280591565308393,0.007546489650131596
2023-09-12 00:00:00+00:00,SPY,429.5244300194834,431.04281644605425,428.02525327961035,428.6018371582031,67565400,-0.00548552598232066,-0.0072343732504838165,-0.004730928318984473,0.005474296543735001,0.007550162716766546
2023-09-13 00:00:00+00:00,SPY,428.8228607530232,430.25475953176647,427.72729277869223,429.1015625,60199300,0.0011659430699371143,0.0006499584711194828,0.008173484308880541,0.004644854532684808,0.0070559088661972975
2023-09-14 00:00:00+00:00,SPY,431.56170711908345,433.4933214807943,430.2643349295537,432.8013916015625,83430800,0.008622269003186078,0.012385956068043491,0.02438339780797527,0.00549166873815529,0.007033523828126304
2023-09-15 00:00:00+00:00,SPY,431.2227284727568,431.5506216241027,427.15295081713646,427.5869140625,111848900,-0.012048199567396334,-0.0013155732957936817,0.01981225955253696,0.008572197123102265,0.007387534085878276
2023-09-18 00:00:00+00:00,SPY,427.2783682987907,429.1300334090885,426.8058206549706,427.8377380371094,55752200,0.0005866034865902314,-0.007258517998758096,0.01991963962233667,0.007762846760783819,0.007387176801235847
2023-09-19 00:00:00+00:00,SPY,426.9214475367596,427.50974802962753,424.27899561562054,426.95037841796875,66514600,-0.00207405644768921,-0.0038531303346345247,0.011224853115435973,0.007461554975787823,0.007299970979047545
2023-09-20 00:00:00+00:00,SPY,428.20413300123477,428.61881878957314,422.8227534657827,423.0252990722656,82562600,-0.009193291642572654,-0.014160431838871168,0.004649524143468753,0.008198557857098448,0.00759206106562333
2023-09-21 00:00:00+00:00,SPY,420.1899872517448,420.45036521142913,415.8791088874586,416.0334167480469,104095800,-0.016528284099207813,-0.03874288571824247,-0.0228388042558596,0.007058323434270782,0.008014353745725613
2023-09-22 00:00:00+00:00,SPY,417.055696495469,418.64695406116914,414.68324615845955,415.09796142578125,100829700,-0.0022485100585853957,-0.029207986086527526,-0.011333956637590736,0.006961556575133217,0.007443499798465287
2023-09-25 00:00:00+00:00,SPY,413.89240765921994,416.8820302302398,413.4584149989299,416.8434753417969,70874500,0.004205065016508636,-0.025697271927795362,-0.014126962290616718,0.00792479153477843,0.007316856627673261
2023-09-26 00:00:00+00:00,SPY,413.8152964968598,414.51932063009883,409.8901728584851,410.7195739746094,96168400,-0.014691129235418932,-0.0380156694169036,-0.03473155256535121,0.008667371849599401,0.007752246039143333
2023-09-27 00:00:00+00:00,SPY,411.8864702649676,412.44583993852024,407.257352172029,410.88348388671875,104705800,0.0003990798649384786,-0.028702338163166696,-0.04810590195932596,0.009290957236688328,0.0067836754893408815
2023-09-28 00:00:00+00:00,SPY,410.333802865898,414.93399013925836,409.745502299644,413.26556396484375,92258300,0.005797458821152679,-0.0066529578437189985,-0.04651439355037812,0.00812077981371049,0.006878824039838369
2023-09-29 00:00:00+00:00,SPY,416.30341993440965,416.47700522910236,410.7484550545368,412.2625732421875,115111300,-0.0024269883825634997,-0.0068306482977048555,-0.04743450425593565,0.008126339955668825,0.006875616000266541
2023-10-02 00:00:00+00:00,SPY,411.4332235195831,413.34275029290137,409.3501114299314,412.0986633300781,83798600,-0.0003975862053650081,-0.011382718675944647,-0.04958602708750226,0.007583249950585835,0.006820052638830958
2023-10-03 00:00:00+00:00,SPY,409.928751834983,412.15651831824437,405.22246490596143,406.582275390625,103760600,-0.013386085494372701,-0.01007329293792103,-0.058238037126218556,0.007052462341558513,0.0072348281535301595
2023-10-04 00:00:00+00:00,SPY,407.0452013606301,410.28557828924926,405.58894477181923,409.5429992675781,87453000,0.007281979702899344,-0.0032624446387098383,-0.044959932511921874,0.008214506676445642,0.007524508993421252
2023-10-05 00:00:00+00:00,SPY,409.2535804454479,410.227635792642,406.1771654289247,409.38861083984375,70142700,-0.0003769773332971127,-0.009381263437013176,-0.04237997328341514,0.007434479125542775,0.007533537535672071
2023-10-06 00:00:00+00:00,SPY,406.9487369471333,415.7826633161712,405.62751083875975,414.249267578125,113273300,0.01187296522077097,0.004819002414683027,-0.032467368158450416,0.009598091018551592,0.008130312923538822
2023-10-09 00:00:00+00:00,SPY,412.3590123769111,417.47036086082164,411.80932558041656,416.9013671875,80374400,0.006402182977607307,0.011654257304821725,-0.03263493536382622,0.009829698380243106,0.008121154175402228
2023-10-10 00:00:00+00:00,SPY,417.52817903423306,421.65581816785743,417.1327707063527,419.07122802734375,78607300,0.0052047342863903445,0.030716913630137954,-0.022236510216687377,0.004403566843619831,0.008205139483445274
2023-10-11 00:00:00+00:00,SPY,420.13214698196236,421.0386578835823,417.7596966141307,420.7879333496094,62451700,0.004096452362875258,0.027457273356257028,-0.019374502162039176,0.004416065359480219,0.008273458513261497
2023-10-12 00:00:00+00:00,SPY,421.39545544096734,421.7715569076046,415.879074957657,418.2225646972656,81154200,-0.006096583216924967,0.021578406490838642,-0.03368479673863467,0.006532951321245477,0.008028641922081832
2023-10-13 00:00:00+00:00,SPY,419.7174500912721,420.91332876659834,414.57719959828006,416.1395263671875,95143100,-0.004980693309998618,0.004563095066199452,-0.02677207210705057,0.005969790890962485,0.007697009757180521
2023-10-16 00:00:00+00:00,SPY,418.3768791839652,421.5787008605216,418.1357786859934,420.5178527832031,75433200,0.010521294274152604,0.00867467914557496,-0.01710902195652353,0.007093090421995412,0.008135154687951602
2023-10-17 00:00:00+00:00,SPY,417.40284337508905,422.54312271495667,417.0556727686725,420.4985656738281,75324700,-4.5865138060929844e-05,0.0034059547662175227,-0.015111387810563204,0.006837650158543908,0.008131483503043789
2023-10-18 00:00:00+00:00,SPY,418.733716385894,419.68846496991176,413.8152601862858,414.8953857421875,93559800,-0.013325086906448291,-0.014003604049467988,-0.019218503829221967,0.008823851353910174,0.008405695394547644
2023-10-19 00:00:00+00:00,SPY,415.60905485320427,417.41248188933355,410.57487522165394,411.24993896484375,121323000,-0.008786424006192783,-0.01667204575025516,-0.011497821065897806,0.009152087025483403,0.007806790549453112
2023-10-20 00:00:00+00:00,SPY,410.8159967559263,411.3560595506144,406.09040315558224,406.1965026855469,123919900,-0.012287992776404688,-0.023893485361607403,-0.02144423622235958,0.010024737185147537,0.008232953462796424
2023-10-23 00:00:00+00:00,SPY,404.6727145608842,409.3404462034215,402.9271492717955,405.4924621582031,92035100,-0.0017332510809153767,-0.03573068426359127,-0.027230876468166687,0.006061800672748401,0.008139975689898604
2023-10-24 00:00:00+00:00,SPY,407.60452747929617,409.69729291312706,405.7625160007192,408.5496520996094,78564200,0.007539449500823192,-0.028416062620977622,-0.005283220017982759,0.00869031056976834,0.007729503659892535
2023-10-25 00:00:00+00:00,SPY,406.8715964855641,406.90052736992106,402.1749337627123,402.6860656738281,94223200,-0.014352200266594894,-0.029427466508258893,-0.019950712390159442,0.008924058548555209,0.008344968140773335
2023-10-26 00:00:00+00:00,SPY,401.62526644318154,402.4739155692253,396.9479103704744,397.86407470703125,115156800,-0.011974566238660556,-0.03254921883151163,-0.03726777791512936,0.009286250326296746,0.008530133345691323
2023-10-27 00:00:00+00:00,SPY,399.4456991403426,399.8411075241665,394.6429661954743,396.0606384277344,107367700,-0.004532794976839338,-0.02495310567865494,-0.0393000380486519,0.008721172188106112,0.008550439103902423
2023-10-30 00:00:00+00:00,SPY,398.8381328209202,401.84706268429056,397.54583752991965,400.7958679199219,86562700,0.01195581946993074,-0.011582445240249317,-0.027427401289829123,0.01166059184298711,0.00909847511840203
2023-10-31 00:00:00+00:00,SPY,401.3648771149318,403.6312280389458,399.4650037145309,403.31298828125,79665200,0.00628030516979039,-0.012817692516557622,-0.008040899240465027,0.011406530367284866,0.00878660991257144
2023-11-01 00:00:00+00:00,SPY,404.27734347074426,408.4242604346672,403.746904694568,407.6141662597656,98068100,0.010664615580186165,0.012238070810051793,-0.0047097203743246,0.010360202410826396,0.008972186180947436
2023-11-02 00:00:00+00:00,SPY,411.39458907062107,415.5801196181461,411.37531162600504,415.4258117675781,94938900,0.019164313103961828,0.04414004223296253,0.014746870743055807,0.008731029455148092,0.009961150553035618
2023-11-03 00:00:00+00:00,SPY,417.72110052299064,420.75896096668146,417.59572355276106,419.2159118652344,100167800,0.009123410222224626,0.05846396029007295,0.011989506502078973,0.004809400065848062,0.009817928917970982
2023-11-06 00:00:00+00:00,SPY,419.96815874248256,420.62394506807493,418.24187084518337,420.1803283691406,67831700,0.0023005245664822205,0.04836492090056099,0.00786507658576685,0.006266892339259527,0.009733748860129038
2023-11-07 00:00:00+00:00,SPY,420.18031060348386,422.0126685210308,419.04232330462156,421.37615966796875,64256100,0.002845995440742266,0.04478698160378225,0.0055000951782702145,0.006868256113022261,0.009687116202811676
2023-11-08 00:00:00+00:00,SPY,421.97409276953505,422.4948781019278,419.38950241519393,421.6847839355469,61746000,0.0007324198593041675,0.03451945207128615,0.0021313600387689036,0.007598747894633796,0.009647194894440167
2023-11-09 00:00:00+00:00,SPY,422.822781049031,422.86136537152765,417.9718399454001,418.39617919921875,83174400,-0.007798727536800998,0.007150175428440875,0.000415124664731481,0.006074678425276291,0.00971249542435972
2023-11-10 00:00:00+00:00,SPY,420.4600141525394,425.23378661631307,418.38652621092507,424.9251708984375,89462200,0.015604807175139124,0.013618898690654913,0.021112256766250725,0.008378585032343346,0.010226733586763213
2023-11-13 00:00:00+00:00,SPY,423.5942934214088,425.61951403994044,422.81313016998365,424.5201110839844,52236100,-0.0009532497535900131,0.010328381463472702,0.009517451576175118,0.008545653821347142,0.009989173151688397
2023-11-14 00:00:00+00:00,SPY,430.43195196006246,434.03880639292726,430.21012888201807,432.75616455078125,97176900,0.019400855817564677,0.02700676016360193,0.029150156213519907,0.011581434603352692,0.01084120787817538
2023-11-15 00:00:00+00:00,SPY,434.08695751300667,435.31176685348777,432.82359328411655,433.6722717285156,77327600,0.00211691306277606,0.02842760338917283,0.045256916879755194,0.011457914249227517,0.010264866189080402
2023-11-16 00:00:00+00:00,SPY,433.2285814744421,434.52087636573765,432.1677335991375,434.20263671875,66665800,0.001222962649007897,0.03777868514426608,0.055812039295812355,0.009316010445446329,0.009936414491529467
2023-11-17 00:00:00+00:00,SPY,434.2123285978125,435.35034527714225,433.2961643954989,434.7427673339844,83133200,0.0012439597772047062,0.02310429484511145,0.07027698283886097,0.00834770666154278,0.00929757488485311
2023-11-20 00:00:00+00:00,SPY,434.4920338445369,438.92828895080976,434.482380406505,438.0892639160156,69936200,0.007697647513616568,0.03196351003815412,0.08038818177856744,0.007784877320133807,0.00926033531299068
2023-11-21 00:00:00+00:00,SPY,437.0477288286672,437.9639225798321,435.8711571103787,437.134521484375,49244600,-0.0021793330955118817,0.010117376232268604,0.0699666961845713,0.003574806915048942,0.009314919753860857
2023-11-22 00:00:00+00:00,SPY,438.7836191839142,440.1337760565273,437.7324245676935,438.8221740722656,59394900,0.003860716792990493,0.011875101728832549,0.08973766782312098,0.0036703594576513194,0.008322595677574474
2023-11-24 00:00:00+00:00,SPY,438.8704609965596,439.285146826889,438.5425678215631,439.0922546386719,29737400,0.0006154669986246919,0.011261142854572359,0.10362378146858098,0.003727400304155866,0.00745462580722494
2023-11-27 00:00:00+00:00,SPY,438.46541503211625,439.275509275739,437.9156987639097,438.3014831542969,50506000,-0.0018009233276631287,0.008185796493259678,0.10665246840546572,0.004156428597056088,0.007294683441195048
2023-11-28 00:00:00+00:00,SPY,437.91569543871145,440.0277384058116,437.35635516684414,438.7354431152344,62115000,0.0009900946668361943,0.0014749943731617865,0.09466059466185106,0.0024400505377359266,0.007163579084448224
2023-11-29 00:00:00+00:00,SPY,440.8763470143407,442.0047102493057,438.0313789111588,438.4267578125,63146000,-0.0007035795889718255,0.0029561525448436043,0.0870633243945107,0.0021358925200891366,0.007244891409570962
2023-11-30 00:00:00+00:00,SPY,439.2658732507552,440.5003067450598,437.2020386572685,440.1531066894531,79752700,0.003937599259604019,0.0030329657337879734,0.07982779580077448,0.002165377309883171,0.007083694025191302
2023-12-01 00:00:00+00:00,SPY,439.54548291042204,443.2873673280454,438.9572118254806,442.7569580078125,89183400,0.005915785391005901,0.008346089757734987,0.06579067902387714,0.0032137258656601483,0.006134105388075605
2023-12-04 00:00:00+00:00,SPY,439.38160552881834,442.77629034785133,438.16644945685704,440.43280029296875,72430900,-0.005249285579387197,0.004862673800082984,0.05061088529138402,0.004322843223848754,0.006245595471230029
2023-12-05 00:00:00+00:00,SPY,439.0536217240435,441.3006652182618,438.6774908532252,440.3459167480469,69793500,-0.00019726856143342797,0.0036707169618606095,0.04799269984193599,0.004354518614682798,0.006274491039327318
2023-12-06 00:00:00+00:00,SPY,442.47728857768345,442.50621946104377,438.1374794863498,438.57147216796875,69124700,-0.004029660574991545,0.0003300764674829537,0.040807511543959674,0.0048555337404518,0.006433113666886386
2023-12-07 00:00:00+00:00,SPY,440.6449205313009,442.56407108973934,440.04699600140833,441.9179382324219,66995400,0.0076303778900863595,0.004009585564992868,0.047981703556008615,0.00578226524819828,0.00654432136594185
2023-12-08 00:00:00+00:00,SPY,441.17541958558616,444.3483110457317,440.9343190369992,443.8179016113281,83194400,0.004299357900033884,0.0023962211871031425,0.060759929645545,0.00546203419740808,0.006099294448457657
2023-12-11 00:00:00+00:00,SPY,443.32601530242187,445.7177431682356,443.11384565762216,445.54412841796875,65002200,0.0038894934169473316,0.011605239486250918,0.04852373766405904,0.004506553538680812,0.005337052119199736
2023-12-12 00:00:00+00:00,SPY,445.19687499100826,447.6753950554409,444.20354216398823,447.5789489746094,68327600,0.004567046060882429,0.01642579606500827,0.054317421692333445,0.004342338349543396,0.0052979029291266005
2023-12-13 00:00:00+00:00,SPY,447.9550337360085,454.0018525473876,447.59820973831967,453.7510986328125,93278000,0.013790080325143395,0.03461152270075174,0.048514465654867944,0.004160975634078938,0.004444700956011541
2023-12-14 00:00:00+00:00,SPY,455.6799755722313,456.8662007070536,452.54566886194607,455.2074279785156,119026000,0.003209533486731253,0.030072302109411808,0.049657673902382404,0.0044119122401491085,0.004447999423449826
2023-12-15 00:00:00+00:00,SPY,454.61281921772417,455.7844980857444,452.6180987398149,454.4578857421875,141553700,-0.0016465949153261494,0.02397376061720302,0.04664929991329747,0.005607712326734656,0.004534608629764025
2023-12-18 00:00:00+00:00,SPY,456.0556626634462,457.9922869448393,455.00020597615196,457.0142822265625,70375300,0.005625155959611217,0.025744147609624735,0.05122917864546861,0.005593910133877909,0.004586837026803857
2023-12-19 00:00:00+00:00,SPY,457.5565059029809,459.87078595804843,457.47905393883144,459.7933044433594,55761800,0.006080821376648338,0.02728983455708267,0.049542507235476485,0.00559820525147933,0.004504116752435563
2023-12-20 00:00:00+00:00,SPY,458.94114407885615,460.8196717099361,452.99572380616274,453.4217834472656,102921000,-0.013857359240599054,-0.0007257617370826086,0.03725915287491843,0.008270252417763335,0.005724707736950547
2023-12-21 00:00:00+00:00,SPY,456.39454843299563,457.99228710614074,453.98346065798535,457.7211608886719,86667500,0.009482070774630813,0.005522170236367252,0.04306752924772206,0.009311341598826942,0.005961896342209653
2023-12-22 00:00:00+00:00,SPY,458.84435899601766,460.3162123050925,456.7528308577729,458.6410217285156,67160400,0.0020096532964695157,0.009204672462656216,0.044520865224394246,0.00918075633453412,0.005951429096427188
2023-12-26 00:00:00+00:00,SPY,459.04768621247854,461.4781292872484,458.97020470261134,460.5776062011719,55387000,0.004222440603672384,0.007796964150111441,0.05082374553369484,0.00905785552792165,0.005890555268913668
2023-12-27 00:00:00+00:00,SPY,460.3742993690924,461.5556412930502,459.8417395433534,461.410400390625,68000300,0.001808151716975459,0.003517006297478309,0.051682529030222524,0.008723342432366811,0.00588236600303315
2023-12-28 00:00:00+00:00,SPY,461.76869846768426,462.41745105376606,461.16834966842947,461.584716796875,77158100,0.0003777903707902208,0.018002958057172336,0.052820587639130556,0.003574449292285049,0.0058559011609311444
2023-12-29 00:00:00+00:00,SPY,461.39101424995863,461.9139110481109,458.3020963459827,460.2484130859375,122283100,-0.002895034567458543,0.005521379418768735,0.04565526425027033,0.0026248983517528145,0.005971510728115215
2024-01-02 00:00:00+00:00,SPY,457.19820502535833,458.66036562570554,455.5811109563851,457.67266845703125,123623700,-0.005596422618029284,-0.0021113533801117024,0.03368825758567873,0.0038753862466927667,0.006151846808684372
2024-01-03 00:00:00+00:00,SPY,455.5231057691351,456.25903250476523,453.3347402693324,453.9350891113281,103585900,-0.008166490164911444,-0.01442214515080531,0.030656864814286866,0.004120591092655554,0.006355887421645156
2024-01-04 00:00:00+00:00,SPY,453.4605069773082,456.0362204956158,452.25011695275793,452.47283935546875,84232200,-0.003221275003705948,-0.019370090114114946,0.027539536864515934,0.00319573548708882,0.006434625374324718
2024-01-05 00:00:00+00:00,SPY,452.6762546685268,455.53278743928377,451.6498461147491,453.0926513671875,86118900,0.0013698325243161058,-0.01839763129207872,0.03311017729319454,0.003539995914542833,0.006307776676688363
2024-01-08 00:00:00+00:00,SPY,453.58644474883687,459.7061845131588,453.4605594436324,459.5609436035156,74879100,0.014275870987557004,-0.0014936922385292428,0.039923713985592135,0.00885588428602656,0.006795612582171462
2024-01-09 00:00:00+00:00,SPY,456.9173918638988,459.88042430514423,456.41388024759897,458.86370849609375,65931400,-0.0015171765945876103,0.0026023840206099713,0.03390085625239592,0.008419390976901388,0.006815616383967462
2024-01-10 00:00:00+00:00,SPY,459.134858193739,462.32061320272817,458.854039417125,461.45880126953125,67310600,0.005655476180373542,0.01657442294873568,0.035719633222576874,0.006990618526114822,0.006856920677883484
2024-01-11 00:00:00+00:00,SPY,462.45619075983615,462.96939501130794,457.29510006298005,461.2554931640625,77940700,-0.0004405769375498414,0.01941034476479153,0.030556719034229962,0.006428912236132259,0.006841153139911681
2024-01-12 00:00:00+00:00,SPY,462.69825780727723,463.43418447136196,460.1709773696293,461.57501220703125,58026400,0.0006927159626370916,0.018721029383832688,0.017242742987934934,0.006501431933374607,0.006202698805606444
2024-01-16 00:00:00+00:00,SPY,460.1999916518418,461.5071892712775,458.0696933340662,459.88043212890625,85014900,-0.003671299427632224,0.0006952038240792824,0.010265658825345803,0.0034761762880745894,0.006256894548446675
2024-01-17 00:00:00+00:00,SPY,456.8690803054333,457.8083443440887,454.980859649715,457.3241882324219,68843900,-0.005558496769803578,-0.0033550708743508295,0.006307080546205768,0.004325110483794806,0.006388262860545458
2024-01-18 00:00:00+00:00,SPY,458.9896569986018,461.9429972701223,457.4500442083185,461.39105224609375,91856200,0.008892737620965319,-0.0001468148906275113,0.00957687798772433,0.0055706514295756505,0.006569912702586637
2024-01-19 00:00:00+00:00,SPY,462.514291382207,467.42364106257526,461.4394790826515,467.142822265625,110834500,0.012466149899377443,0.01276370512398084,0.015984395055868017,0.007849539931226793,0.006996811237523748
2024-01-22 00:00:00+00:00,SPY,468.6727761250073,469.8444255597238,467.4817415348223,468.1305236816406,75844900,0.00211434569673008,0.014202483456078108,0.032439421243831035,0.007790320269975061,0.0060860559157907244
2024-01-23 00:00:00+00:00,SPY,468.67274693324026,469.737866598163,467.5882421140563,469.49578857421875,49945300,0.0029164192965691615,0.02090838351351576,0.02572445561111114,0.006920460811298413,0.005810196393952473
2024-01-24 00:00:00+00:00,SPY,472.3523626504235,473.28193407003323,469.5152150522186,470.0090637207031,81765000,0.0010932476051448425,0.027737162858821884,0.024786361126930778,0.004939505680887365,0.0058078082984489715
2024-01-25 00:00:00+00:00,SPY,472.129646862115,472.8365254024004,470.009070342345,472.5653991699219,72525000,0.005438906707420088,0.024218820173105726,0.026027737361407732,0.004573798084648746,0.005846914365801563
2024-01-26 00:00:00+00:00,SPY,472.1393159497028,473.6208323517754,471.12260001612924,471.96502685546875,76641600,-0.001270453392287485,0.010322762889636738,0.02287470428908467,0.0024586549494796574,0.005873345689970202
2024-01-29 00:00:00+00:00,SPY,472.2748334350306,475.8479071625746,471.7325810664014,475.70263671875,61322800,0.007919251746646427,0.016175217496090744,0.03058576120077161,0.003598121775110663,0.0060604123647580565
2024-01-30 00:00:00+00:00,SPY,475.0151877688741,476.0415962445669,474.5794354978266,475.3347473144531,58618400,-0.0007733600276729202,0.01243665839467134,0.03277867733940165,0.00402845849112892,0.005997212170618708
2024-01-31 00:00:00+00:00,SPY,473.13665425188526,473.58206954437225,467.55916709172027,467.57855224609375,126011100,-0.016317332389816475,-0.005171201285713245,0.02164403616772348,0.00943077080328847,0.007061847027670601
2024-02-01 00:00:00+00:00,SPY,469.2730794881658,473.7273208849261,468.4693639281419,473.6982727050781,91891600,0.013088111996556018,0.002397284137065858,0.04353746618804144,0.011192410418058416,0.007192828361789297
2024-02-02 00:00:00+00:00,SPY,474.1340406811921,480.33123256171854,473.7951255169084,478.68511962890625,99228200,0.010527475423016686,0.014238539703272046,0.057931168444885994,0.011936998257893025,0.007307776758728273
2024-02-05 00:00:00+00:00,SPY,478.0556906983339,478.7141358274664,474.69564656369516,476.9421081542969,75757100,-0.003641248501646821,0.0026055593134743926,0.05263704170691064,0.011838237238833526,0.007445624292314568
2024-02-06 00:00:00+00:00,SPY,477.8813679101815,478.6560353058455,476.4579479680973,478.3268127441406,55918600,0.002903296995944382,0.006294649079605641,0.040834342869691787,0.011847595308418392,0.006922443006988151
2024-02-07 00:00:00+00:00,SPY,480.5636415654776,482.73265130891053,479.66308881437243,482.3162841796875,70556500,0.008340472098269824,0.03151926422372986,0.051110112326072876,0.006679514573764083,0.007007310863761241
2024-02-08 00:00:00+00:00,SPY,482.31629753326854,482.9069537723974,481.50291885696174,482.5293273925781,52343600,0.00044170852172853436,0.01864278422859722,0.04566068750900243,0.005772618605008534,0.006981411501987986
2024-02-09 00:00:00+00:00,SPY,483.0328221928446,485.7537769299286,482.693907035265,485.31805419921875,63979400,0.005779393392956855,0.013856571466968948,0.05216753272702501,0.004653742727191151,0.006993396239087674
2024-02-12 00:00:00+00:00,SPY,485.2890537093788,487.5452082048899,484.3885008763266,485.1050720214844,56502300,-0.0004388507204534653,0.017115209010957422,0.050977759177091464,0.003667581603036417,0.0070139228505204185
2024-02-13 00:00:00+00:00,SPY,478.8593667536311,481.33824328857344,475.17010013129357,478.4236145019531,113099200,-0.013773217195377718,0.0002023757716134167,0.04032174686625756,0.008559054273023451,0.007802126612952509
2024-02-14 00:00:00+00:00,SPY,481.0477679790003,483.2555183461787,478.73348791641325,482.7713623046875,68387800,0.009087653014913322,0.0009435263538197791,0.055643621586297654,0.008744076410817238,0.007741723255713105
2024-02-15 00:00:00+00:00,SPY,483.46851556940845,486.2863070868507,482.9940225863916,486.1023254394531,61683000,0.006899670102352484,0.007404727223902174,0.05355819770032966,0.009247592005763663,0.00767085497478956
2024-02-16 00:00:00+00:00,SPY,485.802216073848,486.9351247377766,482.9456834193714,483.6816101074219,75532900,-0.00497984725714451,-0.0033719002984486934,0.03540413563797129,0.009257834295374334,0.007484341112911582
2024-02-20 00:00:00+00:00,SPY,481.9483091532552,482.6164468795506,478.78193916164605,481.01873779296875,71736700,-0.005505423937581022,-0.008423606480730927,0.02753124066759849,0.00950419030210714,0.007657704246179683
2024-02-21 00:00:00+00:00,SPY,479.7211799226085,481.609370733512,477.92010410161913,481.4544372558594,59293400,0.0009057848034978999,0.0063350191379274445,0.025471258683612552,0.006669104664167348,0.007649760005014815
2024-02-22 00:00:00+00:00,SPY,488.03896587947617,492.37698495204523,487.08031685540794,491.4183654785156,76402500,0.020695474901939903,0.017911176695627695,0.045550827442201625,0.010804216253769287,0.008793914348197849
2024-02-23 00:00:00+00:00,SPY,493.132341506589,493.9651053615798,491.03112058919874,491.7573547363281,61321800,0.0006898180483800864,0.011633413380120361,0.04061227419552438,0.010686815875200869,0.008767819533071
2024-02-26 00:00:00+00:00,SPY,492.1929751015984,492.62872731944213,489.83029147041157,489.9561767578125,50386700,-0.0036627372446343953,0.012972514396396129,0.03811966751479923,0.010474756864166554,0.008831288482256111
2024-02-27 00:00:00+00:00,SPY,490.64373169951057,491.089146972122,488.755511365846,490.8664245605469,48854500,0.0018578147310188697,0.020472563735794758,0.031876610872691336,0.00952010484264527,0.008717458603346606
2024-02-28 00:00:00+00:00,SPY,489.3171291941457,490.79864549092105,488.9588584535033,490.2176818847656,56506600,-0.0013216277246137498,0.018201607360509575,0.03131042839682596,0.009755972693841456,0.008726193119792423
2024-02-29 00:00:00+00:00,SPY,491.9703479594554,493.5874126583201,489.3365378000111,491.9800109863281,83924800,0.0035949929320924223,0.001142907036584928,0.05218686490861857,0.0028171496708886143,0.007645948877970043
2024-03-01 00:00:00+00:00,SPY,492.8515431020925,497.02493667557957,492.44483898500675,496.598876953125,76844800,0.009388320386303661,0.009845347853298048,0.048344284891038036,0.005006176128405338,0.007419594836216685
2024-03-04 00:00:00+00:00,SPY,495.80488009764395,497.90610083671146,495.7758023657051,496.0662841796875,49799300,-0.0010724808253800289,0.012470722304813942,0.036310225319424516,0.00437113444977249,0.007200098067896177
2024-03-05 00:00:00+00:00,SPY,494.0716145533947,494.51705944817036,488.91052345565936,491.10858154296875,72855600,-0.009994032642063111,0.0004933256183465851,0.029702710552218292,0.007137424102916675,0.00758315656154281
2024-03-06 00:00:00+00:00,SPY,494.3716836843407,495.8435368483092,492.3092039305024,493.5970458984375,68382400,0.005067034967400685,0.006893598779789123,0.03192426756654565,0.007382673821793187,0.007619700432845859
2024-03-07 00:00:00+00:00,SPY,496.8797004283906,499.54255878511856,493.65520448812254,498.49676513671875,58652100,0.009926557054981577,0.013245973423444024,0.033547449024141196,0.0083355094592516,0.007701362410844914
2024-03-08 00:00:00+00:00,SPY,499.1262072798715,501.7986991966138,494.93339907868494,495.50469970703125,86532500,-0.006002176220475386,-0.002203342167841904,0.02689032889372256,0.008068568572173038,0.007888385672461197
2024-03-11 00:00:00+00:00,SPY,494.30400588507405,495.65963700941484,492.3867371553007,495.0786437988281,62557200,-0.0008598423152293977,-0.001990944380532933,0.02011173809660649,0.008064796403891607,0.0078319863841764
2024-03-12 00:00:00+00:00,SPY,497.17986205272086,500.98532153263085,494.6719076966977,500.40435791015625,73114400,0.010757309324560982,0.018928148919699073,0.031538086841512714,0.00716481946123403,0.00811679305238838
2024-03-13 00:00:00+00:00,SPY,500.7238851600706,500.89817425614416,498.1869120376378,499.6199951171875,55104100,-0.0015674579578892622,0.012202158154709153,0.044304628728036644,0.0074740316632519906,0.007321128591615482
2024-03-14 00:00:00+00:00,SPY,500.5882744583001,500.7432374898184,495.60150263891603,498.63232421875,110171800,-0.001976844217785656,0.00027193573060402265,0.03285398255261929,0.006301296513472687,0.00718975635495736
2024-03-15 00:00:00+00:00,SPY,495.57751113868864,497.0247990949515,493.5474544938414,495.2084045410156,107646300,-0.006866621980632592,-0.000597966409179973,0.01873284414619958,0.006517699747591919,0.007317742563000655
2024-03-18 00:00:00+00:00,SPY,499.25887018669476,500.696405939081,497.74361217385916,498.15155029296875,88893300,0.005943246772398769,0.0062069057767502045,0.029916250448995152,0.007011514227472372,0.007258971388403518
2024-03-19 00:00:00+00:00,SPY,497.461870313395,501.2014309193572,496.46138163610317,500.9197692871094,60755300,0.005556981590266297,0.0010299897848724537,0.04137267414041168,0.005465350967628675,0.007117170266007085
2024-03-20 00:00:00+00:00,SPY,500.9780657234889,505.688947116047,500.30785211015336,505.5529479980469,69594600,0.009249342898826507,0.01187493082511204,0.05005356452739651,0.006604163716625488,0.007288848890468836
2024-03-21 00:00:00+00:00,SPY,508.37953729329536,509.07885971572495,506.941942394898,507.2236633300781,60256100,0.0033047286909257956,0.017229807804355568,0.03216261125318787,0.0061388322380042035,0.00590642523458082
2024-03-22 00:00:00+00:00,SPY,507.13623802282444,507.621898374332,506.02891819305677,506.2620849609375,79070800,-0.0018957679593013532,0.022321269830157586,0.029495705727444754,0.004125155467082776,0.0059555025804755145
2024-03-25 00:00:00+00:00,SPY,504.8925121146531,506.0095546868827,504.7079588014511,504.8634033203125,48512100,-0.0027627619807494286,0.013473516289162157,0.030425632474205377,0.005059257203104823,0.005917950333150455
2024-03-26 00:00:00+00:00,SPY,506.2814877823347,506.6214856104456,503.53269278700975,503.930908203125,65463700,-0.0018470245833919208,0.006011219961034708,0.026615150250445918,0.005093941346586522,0.005964499714679958
2024-03-27 00:00:00+00:00,SPY,506.7476813791001,508.2046622498039,504.5913188624126,508.165771484375,82999800,0.008403658541902725,0.005168248937474695,0.03661248923254545,0.004763588581589353,0.006130961377220548
2024-03-28 00:00:00+00:00,SPY,508.2048162894885,509.56462994349044,507.78715542745584,508.0688171386719,96294900,-0.0001907927513887797,0.0016662349761937811,0.03270215413851618,0.004601988324077581,0.00613163126116287
2024-04-01 00:00:00+00:00,SPY,508.8069933985052,509.34120798380326,506.0289708424648,507.1848449707031,62477500,-0.0017398669986224968,0.0018226923113091598,0.021316939100886056,0.004583531868236922,0.005890540126045611
2024-04-02 00:00:00+00:00,SPY,503.37719402358005,504.0959618045382,501.6676602284869,503.96002197265625,74230300,-0.00635827949124379,-0.001789357956459181,0.01591266740899777,0.005406571407039618,0.006106426591127128
2024-04-03 00:00:00+00:00,SPY,502.87207664118336,506.0094825181492,502.8235224677317,504.51361083984375,59155800,0.0010984777423823644,0.0011563145408097775,0.027295449113837522,0.005362485849911637,0.00555234769768051
2024-04-04 00:00:00+00:00,SPY,508.50584318362684,508.8457817223291,498.0544227328248,498.35552978515625,96858100,-0.012205976057685364,-0.01930519970001643,0.00964042213432914,0.00544149345377388,0.006245787667143917
2024-04-05 00:00:00+00:00,SPY,499.70568326072845,505.51416224528475,499.26857707601863,503.5617980957031,74546500,0.0104468958391839,-0.008870883020042908,0.010160613494844206,0.008477055150786336,0.006288068702821001
2024-04-08 00:00:00+00:00,SPY,504.26113435269997,505.2615637846118,503.0372608598177,503.8434143066406,48401800,0.000559248560956016,-0.006588191065242666,0.016828729585288915,0.008539983047973876,0.006097925707197777
2024-04-09 00:00:00+00:00,SPY,505.57239024819654,505.81522040681716,499.5987446322458,504.4262390136719,68049200,0.0011567576165172344,0.0009251071924132326,0.01888103098755778,0.00807400472640113,0.006084781079439615
2024-04-10 00:00:00+00:00,SPY,498.75370676862974,501.3568389879978,497.4036161258989,499.3753662109375,82652800,-0.010013104815107532,-0.010184551057706437,-0.0020563204195825913,0.009216985037593087,0.00609589177950017
2024-04-11 00:00:00+00:00,SPY,500.89069371082206,504.5817008252079,497.393962609765,503.1441650390625,70099000,0.007547025911031957,0.009608873520417616,0.007053700725184964,0.007893077223995687,0.006315974675069842
2024-04-12 00:00:00+00:00,SPY,499.61822644383983,501.0266533234711,494.47993161292834,496.1991882324219,92561100,-0.013803154819655772,-0.01462106516245687,-0.004879619447335948,0.00876125721356776,0.007057387956196119
2024-04-15 00:00:00+00:00,SPY,500.3564247602264,500.5215326754904,489.13765316276323,489.98272705078125,92101400,-0.012528156694058934,-0.027509910544198823,-0.010552481424619176,0.009397324527742,0.00744109726559087
2024-04-16 00:00:00+00:00,SPY,490.4587076764823,491.97396569301293,487.80699132637494,489.0891418457031,73484000,-0.0018237075630331834,-0.03040503443666631,-0.01819207115171262,0.008951218383991415,0.007288015208456146
2024-04-17 00:00:00+00:00,SPY,491.5368440989878,491.7019816659058,484.8055985468662,486.194580078125,75910300,-0.005918270351811028,-0.02639454611632741,-0.029396302785056228,0.008689975477819273,0.007204793080846718
2024-04-18 00:00:00+00:00,SPY,487.58356199441425,489.6718955124249,484.26163225086344,485.194091796875,74548100,-0.0020577939825845437,-0.03567580524519032,-0.04027047272059525,0.005678404369649755,0.006748918351603981
2024-04-19 00:00:00+00:00,SPY,485.1164497249613,486.107186243166,479.6964632064661,480.9591979980469,102212600,-0.008728246840649989,-0.03071345257267233,-0.05178083601146888,0.0045504435463814595,0.0067844408095961446
2024-04-22 00:00:00+00:00,SPY,483.552617207762,487.9721446001498,481.22145323365453,485.388427734375,67961000,0.009209159019651691,-0.009376451582404632,-0.041230931263938286,0.0068229213460502935,0.007283984910855579
2024-04-23 00:00:00+00:00,SPY,487.3893089914972,491.5756989172583,485.2038373746558,491.1483154296875,64633600,0.011866553395592172,0.004210221425512639,-0.027165937955545227,0.00918211035822258,0.007918489809777777
2024-04-24 00:00:00+00:00,SPY,492.03223509825074,492.81900253172324,488.7006120510912,490.91522216796875,55928100,-0.00047458833593849725,0.009709367984080064,-0.0258283146028222,0.008470516078575704,0.007919869070068744
2024-04-25 00:00:00+00:00,SPY,484.8638422405587,489.8078608662871,483.2223079459974,489.05023193359375,69122400,-0.003799006733054333,0.007947623851803032,-0.03761673970079471,0.008709566601001834,0.007598285922752498
2024-04-26 00:00:00+00:00,SPY,491.8282759764292,495.2570370959967,491.19692340676465,493.6835021972656,64306100,0.009474017107308219,0.026456099087370788,-0.02831371352885048,0.006927325193957207,0.008008174957436996
2024-04-29 00:00:00+00:00,SPY,495.4609621651781,496.1020373711397,492.70241499072074,495.43182373046875,46415400,0.003541381321072734,0.020691461564036118,-0.02317305289536653,0.00657324660878367,0.008083258247904995
2024-04-30 00:00:00+00:00,SPY,493.9748958846082,494.9462166692865,487.5836181640625,487.5836181640625,77483600,-0.015841141385128155,-0.007257883522427178,-0.032495442286258,0.00945803505438747,0.00866277239437989
2024-05-01 00:00:00+00:00,SPY,487.00079486473084,493.6154866987963,485.5340910693037,486.0003356933594,80242800,-0.00324720193977146,-0.010011680739709705,-0.036695293741760615,0.009470029421740902,0.008645621126003944
2024-05-02 00:00:00+00:00,SPY,489.69131460230034,491.3814327412964,485.22323354848663,490.54608154296875,62550200,0.009353380061197125,0.003058682956678549,-0.015670435613615474,0.01059620132674152,0.008628106148555042
2024-05-03 00:00:00+00:00,SPY,496.5003714953683,497.8504920689657,493.9749313454401,496.62664794921875,72756700,0.01239550499949793,0.005961604426426792,-0.013772192753125245,0.011263535805017376,0.008771063819266735
2024-05-06 00:00:00+00:00,SPY,499.0160258932404,501.79398895747323,498.5789197070483,501.7551574707031,47264700,0.010326690165866292,0.012763277281264251,-0.004144654423659078,0.011995074352326301,0.00910778510243378
2024-05-07 00:00:00+00:00,SPY,502.71671493011996,503.69775827546636,501.6385632333307,502.30877685546875,52561300,0.0011033656087491295,0.03020027364096456,-0.004197763705439894,0.0067148106820977965,0.009107384119088652
2024-05-08 00:00:00+00:00,SPY,500.4826885782833,502.89154482386346,500.36613484283316,502.3573303222656,42047200,9.666059809032568e-05,0.03365634430184139,0.005971388084186291,0.005646866859827267,0.008807998690536882
2024-05-09 00:00:00+00:00,SPY,502.5418982172586,505.290752341684,501.89112996130467,505.2518615722656,43643700,0.005761897110455605,0.02997838650151108,0.00418905093143529,0.005442561740695662,0.008739845818518865
2024-05-10 00:00:00+00:00,SPY,506.8448626028078,507.65107540024,504.68855906076743,505.9027099609375,52233200,0.0012881662358383839,0.018678139906554536,0.019555698515110187,0.004292632360701752,0.00809045005236878
2024-05-13 00:00:00+00:00,SPY,507.57328373764415,507.68011477392025,504.8341525672422,505.9705810546875,36716400,0.00013415839135411112,0.008401355763304696,0.03262942369445865,0.002347576689666706,0.007445860384373885
2024-05-14 00:00:00+00:00,SPY,506.16491953750125,508.80694268932734,505.6307050054446,508.2921142578125,57535900,0.004588277046238209,0.01191167201935106,0.039262724867785925,0.0026345336244726503,0.007427206147333243
2024-05-15 00:00:00+00:00,SPY,510.7495145476232,514.8776269913382,510.1181324599974,514.5862426757812,59504900,0.012382896058025894,0.024343055461479413,0.05839567893392417,0.004810629118934837,0.0075329448744007625
2024-05-16 00:00:00+00:00,SPY,514.683461995483,516.2764423102767,513.3818660590745,513.527587890625,50244800,-0.0020572932141585953,0.01637940787116854,0.058396210037965135,0.005633025641803427,0.00753292763839638
2024-05-17 00:00:00+00:00,SPY,513.6440876053468,514.3337466322346,512.1968292743588,514.2657470703125,59187600,0.0014374284791973668,0.016530919769180086,0.06925025908829974,0.005620296536868974,0.007035798135330285
2024-05-20 00:00:00+00:00,SPY,514.3823386833988,516.3152574978291,513.9937866680089,514.8582763671875,37764200,0.0011521850332256722,0.017565636511857496,0.06071394979556377,0.005494090714828461,0.006913894777377184
2024-05-21 00:00:00+00:00,SPY,514.1006672352606,516.2764161967744,513.8966685383514,516.1209716796875,33437000,0.0024525104683361665,0.015402279913994787,0.05084544823930082,0.005471373300701625,0.006589478251713628
2024-05-22 00:00:00+00:00,SPY,515.4313778215733,516.1404229953789,512.468802117107,514.6348876953125,48390000,-0.0028793326873322034,9.453229701272825e-05,0.04831723372233898,0.002341437843789155,0.006668148229337078
2024-05-23 00:00:00+00:00,SPY,517.6750993626108,517.7819304108156,509.67136703027006,510.8758544921875,57211200,-0.0073042720052638455,-0.0051637603528367215,0.04462859054846002,0.00405476633266573,0.006881833809807741
2024-05-24 00:00:00+00:00,SPY,512.7116164560648,515.0622552748287,511.7694638177849,514.2560424804688,41291100,0.006616456735151877,-1.8870768467516008e-05,0.04167151665315871,0.0053094844844822535,0.006751468036369279
2024-05-28 00:00:00+00:00,SPY,515.0623074329295,515.2954149429256,511.9929004587325,514.615478515625,36269600,0.0006989437273747789,-0.0004715819143000788,0.03872107899873778,0.005288884940372203,0.006748672445306422
2024-05-29 00:00:00+00:00,SPY,510.6038721974795,512.1871297238472,510.30276514376794,511.0118103027344,45190300,-0.007002642484219779,-0.009899154766615403,0.04804958834935413,0.005819348054202355,0.00573788918641657
2024-05-30 00:00:00+00:00,SPY,509.4771735375275,510.13766452658996,506.3786580054075,507.6219177246094,46377600,-0.0066336873429926335,-0.013627078416912797,0.04448882118651887,0.006195401493065225,0.0059579644650336345
2024-05-31 00:00:00+00:00,SPY,508.57373953818643,512.3715767039372,503.49369288115616,512.2453002929688,90785800,0.009107925420327456,0.0026805843117061467,0.044234822306086,0.007394417956268904,0.005942677353040394
2024-06-03 00:00:00+00:00,SPY,513.848128094292,514.1297897725609,507.61220612199116,512.6630859375,46835700,0.0008155968327914209,-0.003097594216463162,0.032290731990525456,0.006620690305002409,0.0054380213529727295
2024-06-04 00:00:00+00:00,SPY,511.36150323340104,513.974358217118,509.90452222280885,513.2361450195312,34632700,0.0011178083574776565,-0.00268031871111285,0.02288165328823455,0.006643888253866973,0.0050355880484378645
2024-06-05 00:00:00+00:00,SPY,515.5478835476441,519.3554439193825,513.566351467224,519.3359985351562,47610400,0.011885081701314748,0.016289620052989395,0.03389791790277008,0.007366128505003415,0.005578841089370251
2024-06-06 00:00:00+00:00,SPY,519.6371847519142,520.0645682770622,517.4031587596616,519.3263549804688,30808500,-1.856900872398981e-05,0.023057391430858498,0.03377879376681414,0.005503877135126841,0.0055806247356918115
2024-06-07 00:00:00+00:00,SPY,518.3549484930342,521.4923544849469,517.2670741151577,518.6949462890625,43224500,-0.0012158225465564998,0.012590932493484974,0.026606700022764995,0.0053145211202609444,0.005529700440141264
2024-06-10 00:00:00+00:00,SPY,517.8886903629937,520.6180987720378,517.2961990482391,520.2975463867188,35686100,0.0030896774860096343,0.014891769387409104,0.028453764216627153,0.00522915528704707,0.005543667574138972
2024-06-11 00:00:00+00:00,SPY,518.7531901267605,521.6088750080388,516.7911035808329,521.5505981445312,36383400,0.002408336857466553,0.016200053729036545,0.030792337881319964,0.005145964398643034,0.005539261828762337
2024-06-12 00:00:00+00:00,SPY,526.0964430443454,528.5150221365492,524.8045698950608,525.8341674804688,63251300,0.008213142408764806,0.012512456220330037,0.03451175560390207,0.0036450835700303414,0.005701450956098557
2024-06-13 00:00:00+00:00,SPY,527.5728807070939,527.7477113251548,524.1149812633378,526.8929443359375,44760900,0.002013518559552452,0.01457000840204481,0.023915722262925376,0.003399743422486099,0.005122182679808627
2024-06-14 00:00:00+00:00,SPY,525.3679678522572,527.2426097707814,524.3674790309985,527.2135009765625,40089900,0.0006083904597147249,0.01642305318076631,0.026650784512189496,0.0029100038683431816,0.005067494763900702
2024-06-17 00:00:00+00:00,SPY,526.5336166388124,532.7986479029511,526.0770650167459,531.4096069335938,55839500,0.007959025990910362,0.02135712655968547,0.033336577364809994,0.003574836048027579,0.005280255099409047
2024-06-18 00:00:00+00:00,SPY,531.4678314025467,532.8859810291509,531.0501705974204,532.7597045898438,41376400,0.002540597005839862,0.02149188685659653,0.034769623106707614,0.003558341097884052,0.005282433861788794
2024-06-20 00:00:00+00:00,SPY,533.6824639158926,534.3429548976981,529.5446281232266,531.3124389648438,70328200,-0.002716544837253032,0.010418249370565125,0.02943392754554508,0.0038714334562910584,0.005370612119433384
2024-06-21 00:00:00+00:00,SPY,530.4928609392509,531.7109286219036,529.1481094595256,530.6000366210938,64338600,-0.0013408350558062887,0.007035759967954025,0.03102228260753548,0.004165514211719293,0.005315848165989021
2024-06-24 00:00:00+00:00,SPY,530.4247136467889,532.9777790963483,528.7583754205319,528.8753051757812,45528700,-0.00325053020406052,0.0031520516757264083,0.03523253355061229,0.004677251402547505,0.005030412279048777
2024-06-25 00:00:00+00:00,SPY,530.0933585291979,531.2724695843536,528.5829663352164,530.9119262695312,37936200,0.0038508530722058953,-0.0009365292941057035,0.032388309350191324,0.0031960570960044856,0.004926383654569923
2024-06-26 00:00:00+00:00,SPY,529.8010101320955,532.2858564645144,529.1578965249615,531.5745239257812,38550600,0.0012480368653720042,-0.00222460642922484,0.03295479074798435,0.002964545179921674,0.0049225881616098525
2024-06-27 00:00:00+00:00,SPY,531.4381433443106,532.9875518697215,530.6975485510812,532.41259765625,35041500,0.0015765874637472255,0.0020706435812978263,0.04187924216631567,0.002755330016651538,0.004484697389947601
2024-06-28 00:00:00+00:00,SPY,533.1823416161415,536.2226934820135,529.0799274394088,530.3174438476562,76144500,-0.003935207051480205,-0.0005325909422040365,0.04470950786518135,0.00334932909526872,0.004243385632087485
2024-07-01 00:00:00+00:00,SPY,531.6915058832783,531.9351194589271,528.6609672764391,531.408935546875,40297800,0.0020581855488281953,0.0047906006317530725,0.03741105139070289,0.0029150145763363025,0.003919623922967233
2024-07-02 00:00:00+00:00,SPY,529.8107580224772,534.985107421875,529.7620472078919,534.985107421875,40434800,0.006729604332527339,0.0076720468137985165,0.04354130831080805,0.0037836780670250044,0.004058468480323512
2024-07-03 00:00:00+00:00,SPY,534.6733620352073,537.7331629819162,534.6344052723863,537.3726196289062,32789900,0.004462763867459474,0.010907399512499083,0.04702801009554092,0.003990131582337632,0.004082929445645274
2024-07-05 00:00:00+00:00,SPY,537.6746345682784,540.8708135451888,537.0412155224441,540.4713134765625,41488400,0.0057663783647854405,0.015136223026630091,0.0406968032276227,0.004262782289083197,0.0035176828140655687
2024-07-08 00:00:00+00:00,SPY,541.2509793152082,542.0402850366268,540.0329112589461,541.0950927734375,36110500,0.001154139509944585,0.020323014169749465,0.04191725989678963,0.00237953225069138,0.003491902446478559
2024-07-09 00:00:00+00:00,SPY,542.0499170234392,542.9463982576794,541.3288304126829,541.6211547851562,27289700,0.0009722173029187431,0.019217251640249122,0.04419979153472853,0.0026402635077033623,0.003417314364375764
2024-07-10 00:00:00+00:00,SPY,542.83922140572,547.3216870432971,542.546897033872,546.9806518554688,38701200,0.009895287551016096,0.022422202538311842,0.051284319240124665,0.003685845905729028,0.0038278445357136782
2024-07-11 00:00:00+00:00,SPY,547.0975967198616,547.9648752769439,541.6309226493873,542.2642822265625,53054200,-0.008622552942059936,0.009102924896013942,0.03971557918967461,0.006909998762888134,0.00456675769484936
2024-07-12 00:00:00+00:00,SPY,543.3850551249718,549.2707387585696,542.9173360080182,545.6847534179688,53084400,0.006307756759050376,0.009646099268194153,0.0377506582210394,0.006990808151753353,0.004447747431594905
2024-07-15 00:00:00+00:00,SPY,547.6725298408394,550.4107438001307,545.3338159394242,547.185302734375,40584300,0.002749846513041332,0.011255341329601709,0.03851324755166852,0.006982303378529971,0.004452096595206054
2024-07-16 00:00:00+00:00,SPY,548.4910822924977,550.722561208659,547.7407334557406,550.4302368164062,36475300,0.0059302288745983756,0.01626428722996298,0.04403668683908735,0.007104593485814414,0.004529163151995511
2024-07-17 00:00:00+00:00,SPY,544.5250561904461,546.1913944708481,542.3909988738491,542.7125854492188,57119000,-0.014021125386979194,-0.00780295681715959,0.021269804625563493,0.009243038541034717,0.0055917956721129045
2024-07-18 00:00:00+00:00,SPY,544.2425249574461,545.2267333968008,536.3689169185834,538.5419311523438,56270400,-0.007684830624340222,-0.00686445926133028,0.010853348165570376,0.00907109429550593,0.005908542084668021
2024-07-19 00:00:00+00:00,SPY,538.3080081974957,539.9256355832753,533.9132099479913,534.9656372070312,65509100,-0.006640697294749476,-0.019643422587486414,0.006875800328155268,0.008141281415550618,0.00608545938033707
2024-07-22 00:00:00+00:00,SPY,538.8732666357521,541.0852970880696,536.9438660153718,540.4811401367188,43346700,0.010310013477656366,-0.012252088212447276,0.018622508167448926,0.010147640052996718,0.006460158057988838
2024-07-23 00:00:00+00:00,SPY,540.3738971671513,542.517708645555,539.1461346384042,539.6333618164062,34439600,-0.0015685622630570162,-0.019615337744610994,0.020341385833943182,0.009105374993317861,0.006413474758834792
2024-07-24 00:00:00+00:00,SPY,534.8390224206132,535.1411009025868,526.4879411580819,527.4039306640625,74515300,-0.022662481636012033,-0.02820766496963556,-0.006607490681397543,0.011894607076882937,0.008270388542745186
2024-07-25 00:00:00+00:00,SPY,527.520781647899,533.4747422855404,523.7204457786454,524.6558837890625,61158300,-0.0052105164850400065,-0.02578452402688236,-0.013015371928705721,0.011840095731804834,0.008332671403634195
2024-07-26 00:00:00+00:00,SPY,528.4271261891337,533.2116708123141,527.6572691986129,530.5319213867188,53763800,0.01119979357749612,-0.008287851615031205,-0.0035323662096092834,0.013805317412416125,0.008734441152495064
2024-07-29 00:00:00+00:00,SPY,532.0715107948711,533.0751677112492,528.8557642968128,530.8436889648438,39515800,0.0005876509321249834,-0.017831244156710335,0.0009923209641558017,0.012315083148837487,0.008689455991653635
2024-07-30 00:00:00+00:00,SPY,532.3054207151831,533.3578480228961,524.7631538745112,528.1542358398438,46853600,-0.005066374868738621,-0.0212720835826824,-0.006124661234161999,0.012275031612632936,0.00875016038985976
2024-07-31 00:00:00+00:00,SPY,534.9558678357408,539.3604200179711,533.5916675899294,536.7391357421875,65663400,0.016254531952569762,0.017700294850610865,0.003278648874480483,0.009742798691383496,0.009387228808145165
2024-08-01 00:00:00+00:00,SPY,538.4542082657176,540.6954412129795,525.6498647611072,529.138427734375,76428700,-0.01416089772791107,0.008543779044160482,-0.01532305814207191,0.012254079899335241,0.009854773718658243
2024-08-02 00:00:00+00:00,SPY,522.0639756127396,523.2722896238993,515.0966024511276,519.2868041992188,82789100,-0.018618234886734975,-0.021195929470383623,-0.03919636204385235,0.013685439916605995,0.010496839801767499
2024-08-05 00:00:00+00:00,SPY,498.5698192467497,510.2048061292907,497.23479185731094,504.1631774902344,146267400,-0.029123841751199864,-0.05026057958160324,-0.0682540199984163,0.017108822855656916,0.012089038004845006
2024-08-06 00:00:00+00:00,SPY,505.9561368728723,516.2171692769037,504.6406473484446,508.81134033203125,84826300,0.009219560351344525,-0.0366235735609588,-0.06057705494560972,0.019229958824186905,0.012385167875917284
2024-08-07 00:00:00+00:00,SPY,514.9697628304073,518.0101145360155,504.81596710801136,505.4103698730469,70698300,-0.006684148306845938,-0.05836870051560539,-0.0759995474088655,0.014319082491304293,0.012022920148345422
2024-08-08 00:00:00+00:00,SPY,510.52624530905064,517.7177216624609,508.5091775662785,517.0941162109375,63276600,0.023117345892260666,-0.022762118364768824,-0.046416787608203,0.020984154982227443,0.013381356792362176
2024-08-09 00:00:00+00:00,SPY,516.2755107587682,520.8554568034616,515.0574431658156,519.374267578125,45619600,0.004409548079749026,0.00016842981219422626,-0.048215541436781084,0.019567549299436524,0.013323786590030884
2024-08-12 00:00:00+00:00,SPY,520.5632672781688,522.044397411093,517.3865366569688,519.6472778320312,42542100,0.0005256522530068253,0.030712477692000473,-0.05032668963280207,0.011143222145115908,0.013287922049671254
2024-08-13 00:00:00+00:00,SPY,522.8239227343687,528.4270341942479,522.5803091926349,528.193115234375,52333100,0.016445457845939204,0.038092262035071656,-0.04039952766884125,0.012075652057568418,0.013835543987737701
2024-08-14 00:00:00+00:00,SPY,528.9825253913183,531.0386692920978,526.3222840215557,529.8595581054688,42446900,0.003154987869075754,0.04837492400198129,-0.023682935845519726,0.009751635884690937,0.013578737988518273
2024-08-15 00:00:00+00:00,SPY,535.4625975238755,539.22397656437,534.8584406614526,538.94140625,60846800,0.017140104402388667,0.0422501230513912,0.0007417715771944611,0.007850748381257638,0.014071760827904121
2024-08-16 00:00:00+00:00,SPY,537.3335929699142,540.8416642629177,537.1777064456791,540.1497802734375,44430700,0.0022421250425819217,0.04000104354840306,0.009690609463201882,0.008174840352333875,0.013986689994668771
2024-08-19 00:00:00+00:00,SPY,540.5589895349276,545.3143310546875,539.7112190916396,545.3143310546875,39121800,0.00956133089350808,0.04939322174406313,0.008942385883707438,0.007059254202087525,0.013960242324388607
2024-08-20 00:00:00+00:00,SPY,544.8660675368706,546.5128974468605,543.0925538279611,544.4275512695312,33732300,-0.001626180965097923,0.030735796372416857,0.008884160603020774,0.007367406802938587,0.013960705900393531
2024-08-21 00:00:00+00:00,SPY,545.4702606482219,547.7504502285475,540.5589732888145,546.2985229492188,41514600,0.003436585226674671,0.031025135986086694,0.03582565693313233,0.007340345136873016,0.012854138648496317
2024-08-22 00:00:00+00:00,SPY,548.18892980085,548.7930866218962,540.8025506157201,542.0108642578125,56121500,-0.00784856358069419,0.005695346418398417,0.03307878745857651,0.006439195931500971,0.012943521903569642
2024-08-23 00:00:00+00:00,SPY,545.236462053231,548.7055171032431,543.053634385247,547.77001953125,50639400,0.010625534750716925,0.01410764113234464,0.03249210358440613,0.007751425544547627,0.012921977581104069
2024-08-26 00:00:00+00:00,SPY,548.7931322733509,549.504464836925,544.7686315002069,546.4641723632812,35788600,-0.0023839332592284768,0.002108584431239624,0.02942576830648158,0.006958243813517115,0.012952242385018138
2024-08-27 00:00:00+00:00,SPY,545.197411094177,547.7017657101911,544.057316249273,547.2145385742188,32693900,0.0013731297473582593,0.005119115111255068,0.03608851627227083,0.006864163325025695,0.012859313439669642
2024-08-28 00:00:00+00:00,SPY,546.8735985635415,547.3023608968704,540.8611718363641,544.0379028320312,41066000,-0.005805101140887614,-0.004138067415931146,0.013598350863220032,0.007288812739856388,0.012500080268227175
2024-08-29 00:00:00+00:00,SPY,545.9965609867917,549.2804676679931,542.9465138533585,544.0866088867188,38715200,8.952695103392472e-05,0.0038297103725930537,0.02825003887233768,0.006146892324959473,0.012001611940817794
2024-08-30 00:00:00+00:00,SPY,546.4448203697416,549.7871918701893,542.9075460914414,549.2804565429688,62700100,0.009545994279986703,0.002757429136065692,0.05775931932259004,0.005718649243534002,0.01114303742167026
2024-09-03 00:00:00+00:00,SPY,546.1523100029519,546.4836505961764,535.4723301709399,537.9766845703125,60600100,-0.020579235685535435,-0.015531645480550194,0.06706857737688132,0.011213176454162992,0.009951925736452929
2024-09-04 00:00:00+00:00,SPY,536.1447696240151,540.2666922950722,535.4236829556569,536.8756103515625,47224900,-0.0020466950526479843,-0.018893738184651676,0.055156534052911654,0.010975801554551594,0.00991789939388575
2024-09-05 00:00:00+00:00,SPY,536.8172154733717,539.6528516965958,533.1239951172813,535.5698852539062,44264300,-0.0024320812353558763,-0.015565124293811294,0.05967332128233749,0.01092213691205394,0.009749512775754199
2024-09-06 00:00:00+00:00,SPY,535.8913798019039,537.5089477091443,525.659610039857,526.5560913085938,68493800,-0.016830285259671007,-0.032220086456446695,0.018298361557447018,0.012235077827976188,0.009488321312653545
2024-09-09 00:00:00+00:00,SPY,530.7365485093424,533.718376233379,528.8168426461983,532.4515380859375,40445800,0.011196236972005114,-0.03063811620560497,0.025178895690756153,0.012784977833520308,0.00973666956891581
2024-09-10 00:00:00+00:00,SPY,534.351804730089,535.1216617767944,529.4990408120743,534.7708129882812,36394600,0.004355842243748853,-0.0059591273636547815,0.029103462678271796,0.010381028327765926,0.009758503706779576
2024-09-11 00:00:00+00:00,SPY,534.683107736862,541.1729474655668,526.1663863296421,540.2569580078125,75248600,0.010258871438541872,0.0062981956919887505,0.022839833434944445,0.0115127131612982,0.009348623888994075
2024-09-12 00:00:00+00:00,SPY,540.8319486336209,545.1098177442108,538.6199181027828,544.8077392578125,51819600,0.008423364442692094,0.017248643469799818,0.02821159102195203,0.011653379839331126,0.009480748026176503
2024-09-13 00:00:00+00:00,SPY,545.4118431545087,548.6470386001909,545.1584755178029,547.653076171875,39310500,0.005222644079797112,0.040065978176895056,0.016164410121114248,0.003017957976894485,0.008791136812013716
2024-09-16 00:00:00+00:00,SPY,547.389917673041,548.7249152296453,545.5969551700833,548.4618530273438,36656100,0.0014768050991735837,0.03006905567210927,0.015388459011680844,0.003455565504873091,0.008786371995761101
2024-09-17 00:00:00+00:00,SPY,550.6640853659264,552.1063181322738,546.4641898322706,548.6859741210938,49321000,0.000408635700938742,0.026020793945456866,0.006182935005366819,0.00426595037347111,0.008540992796822168
2024-09-18 00:00:00+00:00,SPY,549.3388444863224,554.1624050516696,546.5032087102647,547.0586547851562,59044900,-0.0029658482496188743,0.012589743966324729,0.00483278906346607,0.004410056857070403,0.008562475710166354
2024-09-19 00:00:00+00:00,SPY,556.4231220387844,558.2453466994866,553.5679782684008,556.3938598632812,75315500,0.01706435863224054,0.02126643909510606,0.018479524454070084,0.007740616940286393,0.009334643303094465
2024-09-20 00:00:00+00:00,SPY,555.0312814396932,556.4680940708006,552.4214655718796,555.4320068359375,77503100,-0.0017287268906599484,0.014204121190074748,0.02476175933577074,0.00813453656555706,0.009128822701638504
2024-09-23 00:00:00+00:00,SPY,556.4975550473902,557.4652143001452,555.2854753286341,556.820068359375,44116900,0.002499066503827807,0.015239374052901544,0.016521621310836787,0.00810415157058203,0.008867293089374114
2024-09-24 00:00:00+00:00,SPY,557.6117584874984,558.471913246618,554.7967173955426,558.4132690429688,46805700,0.0028612486764134637,0.017728346232025682,0.02186620328284561,0.00797712174950341,0.008843925265578775
2024-09-25 00:00:00+00:00,SPY,558.2568638249757,558.9899461465259,556.0771251545262,557.181640625,38428600,-0.0022055858738448952,0.018504388425806484,0.01821424934496574,0.00782781623891747,0.008874671145699961
2024-09-26 00:00:00+00:00,SPY,561.4237844305269,561.7463573647025,557.0448583405533,559.3906860351562,48336000,0.003964677313628595,0.0053861596758300045,0.028220061733208013,0.0028368981168042794,0.008751862954245113
2024-09-27 00:00:00+00:00,SPY,560.4562017753216,561.2674367221593,557.5531642883332,558.5794677734375,42100900,-0.0014501819246732772,0.005666689889604504,0.02663704390073729,0.0027699439756206814,0.008771016207604362
2024-09-30 00:00:00+00:00,SPY,557.5531235786384,561.4238200592039,555.2659399397932,560.8178100585938,63557400,0.004007204729666425,0.007179593420542085,0.02100448573801117,0.0030260464675876033,0.008584128395119859
2024-10-01 00:00:00+00:00,SPY,560.465907913519,561.1109941219235,553.232804974523,555.793701171875,72668800,-0.008958540182940733,-0.004691091734949748,0.03311856649660028,0.0053546477731806,0.00734514360231617
2024-10-02 00:00:00+00:00,SPY,554.904357347643,557.0449605610858,552.5193933091881,556.0283813476562,38097800,0.00042224331669538095,-0.002069808466858558,0.03567450378971748,0.005326851677540445,0.007300247755894511
2024-10-03 00:00:00+00:00,SPY,554.562134456547,556.9470981426042,552.7343205282026,555.0117797851562,40846500,-0.0018283267484224819,-0.007827992777349913,0.036301321389705876,0.004736705120817589,0.007283143852214733
2024-10-04 00:00:00+00:00,SPY,559.4395649274686,560.4267920576441,555.2854315259468,560.0553588867188,42939100,0.009087337035467602,0.0026422222770992043,0.06361956139349334,0.0067253885361153645,0.0059814144747119425
2024-10-07 00:00:00+00:00,SPY,558.4132383947003,559.0583842578297,553.8485957624074,554.9921875,49964700,-0.00904048377785971,-0.01038772744750227,0.04233371077317538,0.007529861795421206,0.006246516507622519
2024-10-08 00:00:00+00:00,SPY,557.5531808736639,560.8374356454558,556.6833016920415,560.2411499023438,37398700,0.009457723046495614,0.008001977570259333,0.04762850981289568,0.00781285026918545,0.006444786471821752
2024-10-09 00:00:00+00:00,SPY,560.231438761104,564.6788540044063,559.6352125988788,564.1217041015625,37912200,0.006926578313455112,0.01455559288950381,0.044172954628387995,0.008099850554708398,0.006270238633932829
2024-10-10 00:00:00+00:00,SPY,562.7825341526946,564.5517040960426,561.5313781232933,563.1343994140625,44138100,-0.0017501625630100826,0.014635040056357962,0.033638766184225455,0.0080884611816214,0.006148763092294149
2024-10-11 00:00:00+00:00,SPY,563.0560670625003,567.2395520271365,562.9192107150462,566.5064697265625,42268000,0.005988038230320569,0.011518702102355283,0.03442579686847336,0.007603435184745143,0.006174343936066997
2024-10-14 00:00:00+00:00,SPY,568.1095385598273,572.0682314590191,567.6306009114653,571.1396484375,36217200,0.008178509793848932,0.029094933768774922,0.041347990356998654,0.0043970954440383965,0.0063405352919052894
2024-10-15 00:00:00+00:00,SPY,571.4035871421002,571.7065921692961,565.4900076351577,566.7020874023438,54203600,-0.007769660270121936,0.011532422245538854,0.03283501698782976,0.0068440581955617405,0.0067049937996790645
2024-10-16 00:00:00+00:00,SPY,566.7020448464575,569.6832346627543,565.9005342666823,569.1651611328125,30725400,0.004346329024053963,0.008940370481370419,0.04040975525071988,0.006497901299037941,0.006639786434380203
2024-10-17 00:00:00+00:00,SPY,572.6937458614649,572.8990304200946,569.0283336899422,569.2140502929688,34393700,8.589626262245353e-05,0.010796092167752569,0.023041574241738916,0.006295956267964492,0.005619915907915145
2024-10-18 00:00:00+00:00,SPY,570.8953358633636,572.1855682246422,569.4389548394798,571.4036254882812,37416800,0.0038466639995720087,0.008644483379126155,0.02875530840098195,0.006038523414585579,0.005607628106965393
2024-10-21 00:00:00+00:00,SPY,570.6801577821931,571.6576009296549,567.5034675529424,570.4651489257812,36439000,-0.0016424056842447854,-0.0011809712625695523,0.024505367787138743,0.004911798992003513,0.005642563577262545
2024-10-22 00:00:00+00:00,SPY,567.9433552717076,571.3155462187071,567.288485036852,570.1621704101562,34183800,-0.000531107844529144,0.006105647190524532,0.021039796184147308,0.002702740619493392,0.005641819162784834
2024-10-23 00:00:00+00:00,SPY,568.1485895916966,568.5884509212708,561.462852493989,564.9523315429688,49314600,-0.009137468491534073,-0.007401769956296933,0.013946423125593688,0.004753653410098201,0.006050875862568279
2024-10-24 00:00:00+00:00,SPY,566.897492764615,566.9757049256177,563.5644376745634,566.1741943359375,34979900,0.002162771484864434,-0.005340444346843998,0.012126602158611721,0.005008144059801034,0.00601316393078112
2024-10-25 00:00:00+00:00,SPY,568.39295320261,571.27642231265,565.0403304898274,565.9786376953125,47268200,-0.00034540013052763996,-0.009494143108267683,0.013246405120060922,0.004279137046719835,0.005998200958226835
2024-10-28 00:00:00+00:00,SPY,569.4387968461247,569.5658692170972,567.425266520915,567.728271484375,30174700,0.003091342450992629,-0.004797624266022149,0.012322114779235172,0.0048372881764792005,0.005974875413489692
2024-10-29 00:00:00+00:00,SPY,566.7703610094676,569.7613345267463,565.3824085036434,568.6470947265625,42899700,0.0016184207980081133,-0.0026572714961146104,0.0231261950748749,0.0049775276896982185,0.005533332308831875
2024-10-30 00:00:00+00:00,SPY,568.1779762445088,570.1622147162088,566.2230897069062,566.9268798828125,41435800,-0.0030251009100419335,0.0034950706981791146,0.01960061554545356,0.0024326401960003464,0.005610622941086206
2024-10-31 00:00:00+00:00,SPY,562.5771216497128,562.6455498224844,555.6177318794403,555.813232421875,60182500,-0.01960331720950459,-0.01829995435629983,0.0014440281556347134,0.009206263158780157,0.0072486072723477995
2024-11-01 00:00:00+00:00,SPY,558.4328313722141,562.5673968338307,557.748609230934,558.1591186523438,45667500,0.004220637605633959,-0.013815926118360466,-0.003385808571039095,0.009822214765026989,0.007008641361906443
2024-11-04 00:00:00+00:00,SPY,558.2960015952809,559.5862337823984,555.0802349340614,556.9569091796875,38217000,-0.0021538830639530326,-0.018972742499725803,0.0035400888948324827,0.009310535318387596,0.0067115376797994165
2024-11-05 00:00:00+00:00,SPY,557.8658847297456,563.7305435334926,557.6508758763042,563.6914672851562,39478300,0.012091704033957873,-0.008714767889193564,0.006158628982205094,0.011702088902130005,0.006925238716198407
2024-11-06 00:00:00+00:00,SPY,575.9095457320777,578.57794657906,572.1854895240832,577.7080078125,68182000,0.02486562479799459,0.019016787371090915,0.024083993954062466,0.01655157402656056,0.008746771311871368
2024-11-07 00:00:00+00:00,SPY,579.7020264980958,583.1915058614667,579.6238143381844,582.1749267578125,47233200,0.007732139566883456,0.04742905133990827,0.03381169284554719,0.010118284225102763,0.008833471735668764
2024-11-08 00:00:00+00:00,SPY,582.722322897382,586.1140819812399,582.722322897382,584.69677734375,46444900,0.004331774643717257,0.04754497025056326,0.03210962025900166,0.010104308275008717,0.00879886149690813
2024-11-11 00:00:00+00:00,SPY,586.2802096893201,586.6320749270757,583.5335966542183,585.25390625,37586800,0.0009528509953158348,0.05080643870993473,0.024712446161132773,0.009280150415312678,0.008662603973118323
2024-11-12 00:00:00+00:00,SPY,585.175669871058,585.7718958867575,580.9628921945897,583.4358520507812,43006100,-0.003106436676122093,0.03502693567585413,0.029528327176527425,0.010788118908214238,0.008467417943201938
2024-11-13 00:00:00+00:00,SPY,583.8951708775321,585.7132006975053,581.5395592925206,583.71923828125,47388600,0.0004857196030594313,0.010405309234870375,0.025570920608475767,0.004114865971827649,0.008442845972103093
2024-11-14 00:00:00+00:00,SPY,583.846361756873,584.3252993650702,579.2817188550297,579.9658813476562,38904100,-0.006430072348900917,-0.003794470198946298,0.01888890664092635,0.00412513943470119,0.00861598750876035
2024-11-15 00:00:00+00:00,SPY,576.4177129287726,576.8869261817384,570.6899107142463,572.5372924804688,75988800,-0.012808665313079781,-0.020796223503268152,0.0019840038488008194,0.005674158944359562,0.009113947470950233
2024-11-18 00:00:00+00:00,SPY,572.9967827127789,576.1930413945956,572.1366874944769,574.88330078125,37001700,0.0040975641789504635,-0.017719839813115312,0.0077448234371344515,0.006499744049680716,0.00914523871900882
2024-11-19 00:00:00+00:00,SPY,571.5209272840522,577.7081007856062,570.8562729596783,576.9848022460938,49412000,0.0036555270643412463,-0.01105699929480164,0.01196612506057626,0.007273185226850364,0.00917007258067889
2024-11-20 00:00:00+00:00,SPY,577.0628873767942,577.4636128156191,571.4425893061045,577.18017578125,50032600,0.00033861123273215554,-0.011202410458929113,0.021644028275598304,0.007259890266265789,0.008878760393762652
2024-11-21 00:00:00+00:00,SPY,580.014817427747,581.6959910919024,574.1990184692589,580.2786865234375,46750300,0.005368359607974105,0.0005393509960522902,0.02491193051291063,0.007467661888403728,0.008927591415357747
2024-11-22 00:00:00+00:00,SPY,580.2688429124006,582.7027263378066,579.7703970458107,582.0771484375,38226400,0.0030993072050216064,0.01666241847007144,0.028443672022218536,0.0018607804590603503,0.008928037483026447
2024-11-25 00:00:00+00:00,SPY,585.9967993093868,587.3065398623395,581.7742372889147,584.0516967773438,42441400,0.0033922450746333155,0.015948273299353444,0.028752179718458892,0.0018124341995815817,0.008931217719904185
2024-11-26 00:00:00+00:00,SPY,585.2929516850081,587.7659115133398,584.5794372696156,587.1012573242188,45621300,0.00522138804441763,0.01753331290311899,0.032452751045057404,0.002038333041823837,0.008970911947992844
2024-11-27 00:00:00+00:00,SPY,586.9155638447446,587.2967213513849,583.807301635719,585.3223266601562,34000200,-0.003030023597922704,0.014106775008142503,0.03244765318085863,0.003423761800592079,0.008971046640364059
2024-11-29 00:00:00+00:00,SPY,586.1336096679657,589.7403777490892,585.8599565725738,588.9584350585938,30177400,0.006212147107364174,0.014957896501693435,0.059633705538627346,0.0035977477077496047,0.007489015713890231
2024-12-02 00:00:00+00:00,SPY,589.3687702344156,590.6883540641337,588.8800487400871,590.013916015625,31746000,0.001792114509619358,0.013635250240333407,0.05707117611944357,0.003634131961234513,0.007486621423056991
2024-12-03 00:00:00+00:00,SPY,589.7794898104154,590.5320805361104,588.7531863419945,590.2877197265625,26906600,0.0004640631407246687,0.010677176324677351,0.05984450501918759,0.0037328254053067946,0.0074179199625594595
2024-12-04 00:00:00+00:00,SPY,591.9690071030493,594.1975468669885,591.3043527994741,593.9531860351562,42787600,0.006209626570398141,0.011670778465312726,0.053684897690124966,0.003956749352813093,0.007147500348082735
2024-12-05 00:00:00+00:00,SPY,593.9530901421784,594.7546007001943,592.6237817496434,592.9756469726562,28762200,-0.001645818366638352,0.013075394468838653,0.026427951410899375,0.0035113630911792326,0.004920482257562708
2024-12-06 00:00:00+00:00,SPY,593.7380212466719,595.331258224569,593.3275118613312,594.0996704101562,31241500,0.0018955642499629555,0.008729368738985777,0.02048309383359026,0.002876465294261521,0.004687524230588833
2024-12-09 00:00:00+00:00,SPY,593.9825191407734,594.1486677967985,590.4539631589937,591.0404052734375,34742700,-0.005149413960466753,0.00173977126631919,0.010849432005605175,0.0042119987015892795,0.004813220989437453
2024-12-10 00:00:00+00:00,SPY,591.7147950136848,592.1350884376395,588.5478885385655,589.2027587890625,37234500,-0.0031091723475737965,-0.0018380205131195426,0.00674724678791927,0.004483227821278712,0.004880590103867077
2024-12-11 00:00:00+00:00,SPY,592.1155929499696,594.7057817338718,591.841880207483,593.7576904296875,28677700,0.007730669235131105,-0.0003291431211502882,0.017691470866291414,0.005055518512618875,0.00507465086218579
2024-12-12 00:00:00+00:00,SPY,592.8975505621333,593.4644247000379,590.6983032226562,590.6983032226562,31543800,-0.005152585400312493,-0.003840535039890125,0.01195620168688638,0.005550311079314465,0.00525178482545384
2024-12-13 00:00:00+00:00,SPY,592.7215354493896,593.4350498406591,589.2124883774769,590.5809326171875,35904700,-0.00019869805758443437,-0.005922807179036926,0.018302889205939588,0.005376390078284043,0.004990642654081665
2024-12-16 00:00:00+00:00,SPY,592.3306244931046,594.0705021581772,591.5584657830842,593.102783203125,43695200,0.004270118533562961,0.003489402604773373,0.0359199147247824,0.0052854975864206725,0.003848553563328396
2024-12-17 00:00:00+00:00,SPY,590.5614592226143,591.5193345487469,589.2907948870824,590.6591796875,55773500,-0.00412003380329462,0.002471850100347117,0.027441880612658398,0.005483630427689009,0.004022077487059366
2024-12-18 00:00:00+00:00,SPY,590.3561794711514,592.7313595079198,572.6742637557415,573.0554809570312,108248700,-0.029803479461340654,-0.034866427511321296,-0.006810094951836487,0.013275721233105038,0.008004702555577869
2024-12-19 00:00:00+00:00,SPY,578.0208781053541,579.6238994978684,572.6351557670356,572.8795166015625,85919500,-0.00030706338446473413,-0.030165630278401467,-0.007451155393315978,0.01361685359635939,0.008003247680194775
2024-12-20 00:00:00+00:00,SPY,570.561095027684,584.2717241370053,569.7176190978377,579.7603759765625,125716700,0.01201100611140471,-0.01832188620224018,-0.0008932096920193366,0.015838070977190314,0.008381632647983464
2024-12-23 00:00:00+00:00,SPY,579.5052825841503,583.8302883719545,576.3374745859168,583.2320556640625,57635800,0.005988128598219955,-0.01664252439645353,0.0019841136688885097,0.016068185685501588,0.008462552971244283
2024-12-24 00:00:00+00:00,SPY,584.5757510081671,589.7540503475091,583.9970921591193,589.7147827148438,33160100,0.011115176177002306,-0.0015988864731704133,0.009696206635041893,0.01726131711127627,0.008788977119808578
2024-12-26 00:00:00+00:00,SPY,587.9493923534018,590.8719573339298,586.5567683514358,589.7539672851562,41219100,6.644664753374663e-05,0.02913938856363041,0.0045183176289342875,0.0058529854277930395,0.008719147130697612
2024-12-27 00:00:00+00:00,SPY,586.0271828680434,586.2626090728168,579.3778441686201,583.5459594726562,64969300,-0.010526436712376186,0.018618998518866947,-0.003034852946129596,0.009285508081346944,0.009023913329280963
2024-12-30 00:00:00+00:00,SPY,576.5631199685903,580.338917958557,573.150128529516,576.88671875,56578800,-0.011411681658586303,-0.004956629231037124,-0.020496720294688964,0.009948544167083124,0.009231855992132098
2024-12-31 00:00:00+00:00,SPY,578.5441892688881,579.2601650774656,573.1599745686183,574.7880249023438,57052700,-0.0036379652702070997,-0.01447799495880664,-0.02580598643520471,0.009170313457105185,0.00922544869316411
2025-01-02 00:00:00+00:00,SPY,578.0341524534392,579.7406180456738,569.3154229960469,573.3756713867188,50204000,-0.0024571728262170467,-0.027706803029263316,-0.02865051698462895,0.0050960956279958395,0.009219746343571658
2025-01-03 00:00:00+00:00,SPY,576.2100986967752,581.1823624210723,575.1312564616488,580.544921875,37888500,0.012503583332969637,-0.015615063095800297,-0.02257461442316877,0.009597008445003295,0.009593418145235736
2025-01-06 00:00:00+00:00,SPY,584.7817217986171,588.1456290168214,582.1631214255088,583.8892211914062,47679400,0.005760621082697703,0.0005882342481819958,-0.015323438369921782,0.00920473509939511,0.0097133166669059
2025-01-07 00:00:00+00:00,SPY,585.909501046868,586.2331597023842,575.4745472605013,577.2888793945312,60393100,-0.011304099403320444,0.0006971223837544116,-0.028296246998452457,0.009171012359536587,0.009970793062615163
2025-01-08 00:00:00+00:00,SPY,577.3575056942733,579.2012884483527,573.92494033326,578.1322631835938,47304700,0.001460938914927823,0.005818211473383128,-0.02183969484095083,0.008921399888079938,0.00994903453955331
2025-01-10 00:00:00+00:00,SPY,574.5917058578824,574.6603643331848,567.4029180711015,569.3055419921875,73105000,-0.01526765024805965,-0.0070985387027104885,-0.03376972782301302,0.011652974917708257,0.010440418592612029
2025-01-13 00:00:00+00:00,SPY,564.6766400021115,570.5414039943755,564.2646890570356,570.1883544921875,47910100,0.001550683130381536,-0.017839390187694093,-0.03969520953984351,0.009154821637592502,0.010237210567380655
2025-01-14 00:00:00+00:00,SPY,573.1010128011978,573.7286961683375,567.2067990118115,570.9728393554688,48420600,0.0013758345941314865,-0.02212128836627958,-0.033393466274698635,0.008198888913196098,0.010234572850277245
2025-01-15 00:00:00+00:00,SPY,578.9560183196553,582.4964494087538,577.8477854521145,581.3588256835938,56900200,0.018189983151998934,0.007050103395948248,-0.015615314386676071,0.011829221318918129,0.011155996987950046
2025-01-16 00:00:00+00:00,SPY,582.7221292073649,582.8986539701259,579.5445637592774,580.2409057617188,43319700,-0.0019229430645703038,0.0036473359340185585,-0.02168574791024258,0.011925700505189306,0.011095775858322129
2025-01-17 00:00:00+00:00,SPY,585.4584175885924,587.8121409710091,584.1343920679883,586.0664672851562,58070600,0.010039901471251778,0.029441001459983518,-0.007775571023502237,0.008196818427305517,0.011337804874854321
2025-01-21 00:00:00+00:00,SPY,589.0967593301249,591.440725108679,587.1352937130949,591.430908203125,42532900,0.00915329782101093,0.03725532719772251,0.03206570368266237,0.007900464089557824,0.009141125200580174
2025-01-22 00:00:00+00:00,SPY,594.2457369774064,596.1091536661693,593.6965288784859,594.7557373046875,48196000,0.005621669506018723,0.041653291207451426,0.03818642501463332,0.007300928025742612,0.009171457523966309
2025-01-23 00:00:00+00:00,SPY,594.1279851220985,598.0018920898438,593.8534110339756,598.0018920898438,41152100,0.005457962961176621,0.028627872616675543,0.03146388899475028,0.004715121485712702,0.008904993471748262
2025-01-24 00:00:00+00:00,SPY,598.0606782414739,599.0120202031255,595.1086628774257,596.256103515625,34604700,-0.0029193696496807586,0.027600945736292237,0.022330816224998884,0.005119945105816975,0.008896078449887518
2025-01-27 00:00:00+00:00,SPY,583.3498201579582,588.1358022067521,583.1831123008667,587.8219604492188,70361100,-0.014145168521843443,0.0029953823705262117,-0.003209724974013839,0.009377848349467184,0.00919386302768194
2025-01-28 00:00:00+00:00,SPY,589.0478589949998,593.7063408187366,585.742793521421,592.8727416992188,44433300,0.008592365698859128,0.0024378730906613466,0.005288263559157125,0.009252972740714474,0.00939837914077941
2025-01-29 00:00:00+00:00,SPY,592.0880171861997,592.4901511824414,587.6747192887742,590.21484375,37177400,-0.004483083404376087,-0.007634888190008793,0.011428207442941263,0.008959391389049155,0.009124957158251776
2025-01-30 00:00:00+00:00,SPY,592.3234809305729,594.9125703683252,589.1458559611356,593.3826293945312,39281300,0.0053671737979417156,-0.007724495116845698,0.028594713846549658,0.008941840602273021,0.008724244363466492
2025-01-31 00:00:00+00:00,SPY,595.7952876097377,598.2079122989969,589.4695478929073,590.2247314453125,66566900,-0.005321857757179305,-0.010115405166924996,0.026856346816883425,0.009099162099599715,0.00878382054706321
2025-02-03 00:00:00+00:00,SPY,581.250851661741,588.7240302927481,579.1128614885382,586.2526245117188,65857200,-0.006729821239220279,-0.0026697470375225407,0.022458143530674768,0.0069824717863610835,0.008932314758701845
2025-02-04 00:00:00+00:00,SPY,586.3115181961311,590.6953651665444,585.7721271172848,590.1854248046875,33457800,0.006708371320715667,-0.004532704416177369,0.016605955140476247,0.006394188324372893,0.008633592676515861
2025-02-05 00:00:00+00:00,SPY,589.0674493379312,592.7255640609287,587.0471418694162,592.5784301757812,30653100,0.004054667008907664,0.004004620437473072,0.014881605395360653,0.006335118434294345,0.008590941473423134
2025-02-06 00:00:00+00:00,SPY,594.3144028610088,594.7655616068429,591.0191542265169,594.6380615234375,35771500,0.0034757109654586227,0.002115721065490739,0.030052860445020757,0.006045228400283328,0.0081200840690879
2025-02-07 00:00:00+00:00,SPY,595.1971503944336,596.4132499119787,588.4889093709678,589.195068359375,50788500,-0.009153455717445635,-0.0017445271793611328,0.01913542260184875,0.007107363932610492,0.008463281134166539
2025-02-10 00:00:00+00:00,SPY,592.3922016880001,593.8338505117428,591.1270177676121,593.1963500976562,26048700,0.006791098488693859,0.011844255011601579,0.04196482616674868,0.006618500011272842,0.00763051723681705
2025-02-11 00:00:00+00:00,SPY,590.940628411795,594.1868520894046,590.8229452462591,593.6474609375,30056700,0.0007604747395519862,0.005866014285185406,0.041142731626298,0.006163898352683973,0.007635474557328483
2025-02-12 00:00:00+00:00,SPY,587.6551628450902,592.9020598913557,586.9784547529548,591.7349853515625,45076100,-0.0032215678694511585,-0.0014233471575544332,0.03636275592290983,0.006176141150475191,0.007725375147354723
2025-02-13 00:00:00+00:00,SPY,592.8333911581238,598.1882142232939,591.5780842005947,597.9822387695312,40921300,0.010557519113488123,0.00562388697004379,0.028594066782061445,0.0078381581471029,0.007031274517395493
2025-02-14 00:00:00+00:00,SPY,598.1881861265014,599.2179436285784,597.3349533511362,597.9528198242188,26910400,-4.9197021926628004e-05,0.014863925268807643,0.03052510411903553,0.005579074249460025,0.006996586814306326
2025-02-18 00:00:00+00:00,SPY,599.1100803238464,599.7083129882812,596.658248231066,599.7083129882812,26749000,0.0029358389255167427,0.010977752795601203,0.023276959977454936,0.005169962420059575,0.0067164218319730185
2025-02-19 00:00:00+00:00,SPY,598.3256621675536,601.4149354951375,597.8156618042251,601.1207275390625,31011100,0.0023551692050813866,0.012588728316567765,0.016383687767311583,0.005108034865215163,0.006458339181044761
2025-02-20 00:00:00+00:00,SPY,599.7573748000233,599.8946917719264,595.3245028060013,598.6197509765625,36554000,-0.004160522916484277,0.011634880132885161,0.006496807730490994,0.005381616536846509,0.006446976957635773
2025-02-21 00:00:00+00:00,SPY,598.4039822903428,598.5412992676794,587.9199448031515,588.3809204101562,76519800,-0.0171040640568626,-0.016056193205891245,-0.016088530499569154,0.008256535009403685,0.007407391189802561
2025-02-24 00:00:00+00:00,SPY,590.4209369132893,591.4114868830001,584.9974543500997,585.70361328125,50737200,-0.00455029562658138,-0.020485239197583605,-0.017697915664352526,0.008069762016684795,0.0074410314745031745
2025-02-25 00:00:00+00:00,SPY,585.6447380509082,586.3704708973501,578.2009482027341,582.790771484375,58266500,-0.004973235149697275,-0.028209616471060683,-0.008559035393980285,0.007056159113507591,0.0068377338351566916
2025-02-26 00:00:00+00:00,SPY,584.4480717821488,588.0277703322722,580.4564822296608,583.0848388671875,43321600,0.000504584830784971,-0.030003771032338866,-0.016509281239644014,0.006559979973015896,0.006508707626167282
2025-02-27 00:00:00+00:00,SPY,585.350344974499,586.4978454436941,573.3854527582961,573.7777099609375,74196700,-0.015961877733490448,-0.04149886630886934,-0.027849407657434044,0.007726510481571245,0.007306666230430039
2025-02-28 00:00:00+00:00,SPY,574.2780799729966,583.2615689612778,571.218197445341,582.7319946289062,88744100,0.01560584266784848,-0.00960079700971983,-0.017949016769318926,0.011472125744120357,0.008118306391787348
2025-03-03 00:00:00+00:00,SPY,584.6933298193593,585.8310134980443,568.727029424783,572.5224609375,74249200,-0.01752011865747627,-0.022504816505921954,-0.02999242418131831,0.01351303115602566,0.008891465895652487
2025-03-04 00:00:00+00:00,SPY,568.5407916793482,574.1113483546197,561.224501400552,565.7456665039062,109648200,-0.011836731125791644,-0.029247383133838345,-0.03497972913109337,0.013919557064886894,0.009120434373160149
2025-03-05 00:00:00+00:00,SPY,565.5788471805596,573.611051865237,562.038415848593,571.8261108398438,71230500,0.010747664005121393,-0.019308902027391217,-0.031107704787727508,0.015723890969676683,0.009358946645340071
2025-03-06 00:00:00+00:00,SPY,564.3921264239905,568.991765926103,559.1354126670572,561.675537109375,80094900,-0.017751154657069668,-0.021092093055316563,-0.052149878383590975,0.016086259855860117,0.009926200576214447
2025-03-07 00:00:00+00:00,SPY,559.9004310284239,566.2653779091431,554.7319495414885,564.8236694335938,81158800,0.0056048948480476035,-0.030731666289778414,-0.05013872138197906,0.01341560559895764,0.010006197582484524
2025-03-10 00:00:00+00:00,SPY,556.654306267924,558.566687855828,544.8855094970885,549.7793579101562,99326600,-0.02663541267405445,-0.03972438564262115,-0.0668975566258091,0.015761098123507827,0.011296463849134951
2025-03-11 00:00:00+00:00,SPY,548.6219753669684,553.1529563050404,541.3841622094388,545.208984375,88102100,-0.008313105010943511,-0.0363002022725426,-0.08089625924831845,0.01562338800427934,0.011082500367099814
2025-03-12 00:00:00+00:00,SPY,551.3386407379146,552.2605321303586,543.022044250635,548.1022338867188,69588200,0.005306679813861459,-0.041487921770976155,-0.07672100033722928,0.014177297787824216,0.01123411044446313
2025-03-13 00:00:00+00:00,SPY,547.7295658893665,548.337615563181,539.0893105175023,540.7957763671875,74079400,-0.013330464770631378,-0.03717406111301158,-0.08608449769808846,0.013569868073246668,0.011426652430238271
2025-03-14 00:00:00+00:00,SPY,545.3953255555126,552.966614210826,540.8643446212099,551.9662475585938,62660300,0.020655618404500586,-0.022763603175294467,-0.07695210363709903,0.01810706186472013,0.012312447579366958
2025-03-17 00:00:00+00:00,SPY,551.9466155584751,558.7333299355132,551.5150907128783,556.22265625,49008700,0.007711356827039273,0.011719789488525478,-0.06978838829873946,0.01352908775625823,0.0125607559582034
2025-03-18 00:00:00+00:00,SPY,553.9178933850532,554.1336857355857,548.2884964881091,550.2107543945312,66041400,-0.0108084447620318,0.009174041813095002,-0.08253605548188758,0.014059000153011546,0.012564051397488443
2025-03-19 00:00:00+00:00,SPY,551.9859243939003,559.9494708906026,550.8090329217521,556.2030639648438,66556000,0.010890935014359338,0.014779779350067912,-0.07472319871269095,0.014607694838122458,0.012938646050359097
2025-03-20 00:00:00+00:00,SPY,552.4763086964069,559.5768056668136,551.7603329396793,554.5946655273438,62958200,-0.002891746812818119,0.02551589668996801,-0.07354432488637086,0.012240070897904387,0.01293987453215125
2025-03-21 00:00:00+00:00,SPY,550.1543252489805,555.6727731535583,548.9247213465745,554.777587890625,83763000,0.00032983072981296324,0.005093319282593933,-0.05711152648543838,0.008629836836876629,0.012573723359327325
2025-03-24 00:00:00+00:00,SPY,561.4863807824129,565.7654388953832,560.8961948547495,564.712890625,58766800,0.0179086231153478,0.015264093038281468,-0.03583847219014924,0.011368956501350277,0.013391207662900943
2025-03-25 00:00:00+00:00,SPY,565.9128895780813,567.0047634369732,564.329174156886,566.0703125,38355700,0.0024037380720982604,0.028824514931412137,-0.02869032902114732,0.008507562239144572,0.013398994293872944
2025-03-26 00:00:00+00:00,SPY,565.8047856022024,566.9261989456277,557.9353193986783,559.3125,51848300,-0.011938115019942908,0.005590469086939054,-0.040769948526482414,0.010848152844767533,0.013594858999173148
2025-03-27 00:00:00+00:00,SPY,557.925492752828,561.5848258877031,555.7220517439531,557.8271484375,42164200,-0.002655673818303672,0.005828550310851943,-0.02779920036371475,0.010826588620319447,0.013194875184105996
2025-03-28 00:00:00+00:00,SPY,556.3024543870055,557.0303704343938,546.013105289902,546.5934448242188,71662700,-0.02013832357343559,-0.014752115523491094,-0.06201572959401547,0.014491671431722898,0.013201552765256511
2025-03-31 00:00:00+00:00,SPY,540.8585640195936,551.5610423029548,537.9468400615768,550.2625732421875,95328200,0.006712719394482924,-0.02558878612956672,-0.03888037450768678,0.01089414375641827,0.012918686920873983
2025-04-01 00:00:00+00:00,SPY,548.3542481941281,553.7546597137996,544.6457430717568,551.8167724609375,54609600,0.002824468343526565,-0.02517980491877947,-0.02462041667776982,0.010968188629364068,0.012739972630816089
2025-04-02 00:00:00+00:00,SPY,545.9933271249679,558.1614830372098,545.7572527723408,555.308837890625,76014500,0.006328306068178913,-0.007158184573695436,-0.028885132448673523,0.011136533663755282,0.01255946603969325
2025-04-03 00:00:00+00:00,SPY,536.2156217305293,539.0289417295002,527.94287109375,527.94287109375,125986000,-0.049280625355840435,-0.053572647777106686,-0.06005721059034874,0.02425707773760158,0.0161786559154996
2025-04-04 00:00:00+00:00,SPY,515.1253487932553,517.2894637749819,496.8190194100305,497.0354309082031,217965100,-0.05854315282544742,-0.09066704766639344,-0.12001663916345573,0.03262553158934451,0.020239193410792545
2025-04-07 00:00:00+00:00,SPY,481.20799599577117,514.6335325434056,473.93856260259804,496.150146484375,256611400,-0.0017811294100512631,-0.09833928271548276,-0.0975467897333192,0.031180731498916557,0.019671743567788343
2025-04-08 00:00:00+00:00,SPY,513.3449138965836,516.4140007584771,481.17849041906084,488.3790588378906,165816600,-0.015662774064562512,-0.11496155388705143,-0.10423512298179816,0.02878848787376802,0.019806448061531246
2025-04-09 00:00:00+00:00,SPY,485.38869689536773,539.6683349609375,485.0050459934576,539.6683349609375,241867300,0.10501940080127703,-0.02816541330244071,-0.015387455851027187,0.06529060357494981,0.0316343687678495
2025-04-10 00:00:00+00:00,SPY,523.4866290700438,524.7949444304113,501.0094937975821,516.0205078125,162331200,-0.043819186000878085,-0.02258267690318494,-0.045812614738073854,0.06438412289968733,0.03299986645477379
2025-04-11 00:00:00+00:00,SPY,514.47613358467,527.6771446389012,511.58410272380377,525.227783203125,97866300,0.017842847815596086,0.05672101130377705,-0.04844220905487584,0.056473813525821814,0.03290482056872128
2025-04-14 00:00:00+00:00,SPY,535.1728543881914,535.3991423599505,525.1491197771261,530.3233032226562,68034000,0.009701543182761618,0.06887664345244215,-0.04656292356365832,0.055988423870941495,0.03293865475921507
2025-04-15 00:00:00+00:00,SPY,530.8642755383438,534.3661851955569,528.0509561027874,528.837890625,56892900,-0.0028009566779919615,0.08284309299293491,-0.03884486735096737,0.054525833231161384,0.03287298922132153
2025-04-16 00:00:00+00:00,SPY,523.0046778330362,529.1133721339063,511.80051174858437,517.0828857421875,83484800,-0.022227992908980143,-0.04185061037606508,-0.0703343450569861,0.024966664693786767,0.03305083723979461
2025-04-17 00:00:00+00:00,SPY,519.0306499479765,522.5030206369137,515.3614705598376,517.8206787109375,79868100,0.0014268369522441038,0.0034885646426510153,-0.0663078624844673,0.015110788673330317,0.03306660260205595
2025-04-21 00:00:00+00:00,SPY,512.656330465215,513.1875578394483,500.1635713405903,505.4951477050781,69368100,-0.023802701422705907,-0.03756967191968885,-0.08883278860079502,0.014835313436001626,0.03338068492885086
2025-04-22 00:00:00+00:00,SPY,511.6529994400941,520.6635112296127,510.71848838241135,518.64697265625,75948100,0.026017707609816698,-0.022017381652761236,-0.08157405069639234,0.020346823650204023,0.03371001126877747
2025-04-23 00:00:00+00:00,SPY,531.6118557355538,536.5302712837308,525.1687433752924,526.68359375,90590700,0.015495359112173146,-0.004073643196129462,-0.06957919869715834,0.02223625864087712,0.03396132273842885
2025-04-24 00:00:00+00:00,SPY,527.9624825083663,538.4977524760462,526.7132455190999,537.7698364257812,64150400,0.02104915134501706,0.04000703031178654,-0.038516327767068925,0.02003565503833116,0.0343069337169443
2025-04-25 00:00:00+00:00,SPY,537.7303874976484,542.0585570888795,534.8186639244827,541.6552734375,61119600,0.007225092871595118,0.04602866534008698,-0.02899083532470259,0.019722751679128896,0.03435922692346578
2025-04-28 00:00:00+00:00,SPY,542.3931048050576,544.5178341418862,536.127047500035,541.8618774414062,47613800,0.00038143079932573265,0.07194278699099521,-0.008656465655811463,0.010340587854077765,0.034060238649513214
2025-04-29 00:00:00+00:00,SPY,539.9535089190233,546.3868353532918,539.5993973829874,545.2752685546875,47775100,0.006299374906016286,0.05134185159138349,-0.009063499736343017,0.008157109670141837,0.034056143525580576
2025-04-30 00:00:00+00:00,SPY,538.6353953740775,547.4393716679848,532.6841242611865,545.4916381835938,93101500,0.00039680807361719417,0.03571032904154081,-0.01146238134287858,0.008445457905130264,0.03405019011194244
2025-05-01 00:00:00+00:00,SPY,551.2265660956555,554.8662060499098,548.7575115851928,549.3575439453125,63186100,0.007087011956024902,0.021547708210165606,-0.010717088472639635,0.0035675188633977925,0.03405807634691287
2025-05-02 00:00:00+00:00,SPY,555.5154232826195,559.1058911654948,553.2037916578166,557.5123291015625,60717300,0.014844221666066248,0.02927518006688845,0.05600882145932351,0.005963620547477332,0.03213877442251597
2025-05-05 00:00:00+00:00,SPY,553.3907039776933,557.4041485271615,552.5349043366007,554.3153686523438,38659200,-0.00573433139025048,0.022982777953933775,0.1152431681569992,0.0077214008214707254,0.028793727470472118
2025-05-06 00:00:00+00:00,SPY,548.8263293740373,554.157875203981,547.872185543118,549.68212890625,48264700,-0.008358490505789407,0.008081900290918043,0.10789472259797228,0.009485742761932935,0.02892272122801354
2025-05-07 00:00:00+00:00,SPY,551.0101522781708,554.6202527049248,546.9671688153295,551.9938354492188,55588000,0.0042055333826633845,0.011919884395068525,0.13025697040061668,0.009513132549810874,0.028494941118740135
2025-05-08 00:00:00+00:00,SPY,556.0170826268422,561.0043636579312,552.5348657113146,555.8400268554688,65130800,0.0069678158690302805,0.011800116302401298,0.029965982524621904,0.009498616716015793,0.016611902416464635
2025-05-09 00:00:00+00:00,SPY,557.2368724786456,558.2402486138279,553.5775995797053,555.1318359375,37603400,-0.0012740912560312845,-0.004269848467564286,0.07579413518040146,0.006463164896886359,0.012767487410564755
2025-05-12 00:00:00+00:00,SPY,571.9822603015932,573.487324465949,567.6245507869492,573.4774780273438,78993600,0.033047360828913463,0.03456896643798113,0.09186432318939008,0.01573677996540676,0.01404077915788143
2025-05-13 00:00:00+00:00,SPY,573.890562385163,579.4680890959,573.3299158219985,577.2646484375,67947200,0.006603869472230128,0.050179036357127504,0.08851458144417124,0.013346809068260265,0.013997368227381924
2025-05-14 00:00:00+00:00,SPY,578.2187618347115,579.3696542531599,575.9857819804191,578.0023803710938,66283500,0.0012779787149457267,0.047117455398227426,0.09296703322068955,0.013718660264721938,0.013917294927347605
2025-05-15 00:00:00+00:00,SPY,576.0054901792878,581.3271894858746,575.5529743261593,580.8255615234375,71268100,0.004884376342068286,0.044950945345405335,0.12327361345513865,0.013839251363093079,0.012410994900627798
2025-05-16 00:00:00+00:00,SPY,581.6027001482121,584.7996705930015,579.664873035907,584.5045776367188,76052100,0.0063341153643989845,0.05291129025164709,0.12877797598153884,0.012820627821299524,0.01236629227847871
2025-05-19 00:00:00+00:00,SPY,578.5040593733968,585.8226647003453,578.5040593733968,585.1439208984375,68168500,0.0010938207948751888,0.02034333224597451,0.1575658511361795,0.002685986320290065,0.010267777312114632
2025-05-20 00:00:00+00:00,SPY,583.4127701733858,584.3570677411167,579.9796649330231,583.1766357421875,60614500,-0.003362053481183569,0.010241381177055642,0.12441924177335673,0.0037811326809834107,0.009538575488085965
2025-05-21 00:00:00+00:00,SPY,578.8385171464103,582.910979810613,572.3265394745135,573.3495483398438,95197700,-0.016850962127172964,-0.008049849255400532,0.08860339517618354,0.009326691534736392,0.010521724838578507
2025-05-22 00:00:00+00:00,SPY,573.1528300863163,577.0482371941405,571.9232260794693,573.5758666992188,70860400,0.0003947301607376552,-0.012481707597722935,0.06658244447367623,0.00874682014227075,0.009779295463903099
2025-05-23 00:00:00+00:00,SPY,566.5817119553482,572.3166006242293,566.2079076143013,569.66064453125,76029000,-0.006825988322172294,-0.02539575167312813,0.05170331106724002,0.007291083101683329,0.009983042818588521
2025-05-27 00:00:00+00:00,SPY,576.507266661779,581.6617574386509,568.9919119990551,581.50439453125,72588500,0.020790886844124,-0.006219882386540587,0.07315981939351412,0.013851144400020166,0.010760355468300498
2025-05-28 00:00:00+00:00,SPY,581.9076603733905,583.0979387188073,577.4122207207761,578.14013671875,68445500,-0.005785438328822834,-0.008636318252063901,0.060272068181589145,0.013988710942309406,0.01093810893268587
2025-05-29 00:00:00+00:00,SPY,583.3831371525944,583.5208672055215,576.5072014152614,580.4222412109375,69973300,0.003947320636030538,0.012335743337677618,0.06403508428407356,0.011143449798038533,0.01092266145351176
2025-05-30 00:00:00+00:00,SPY,579.320555390729,581.4846704969287,573.7233954302501,579.7730712890625,90601200,-0.0011184442562377495,0.010804507214550396,0.05536563150715157,0.011235234220228934,0.010921671524695746
2025-06-02 00:00:00+00:00,SPY,578.1696961697437,583.1175918640782,575.5137392971141,583.0389404296875,61630500,0.005633012815451588,0.023484676406680505,0.04578663106744463,0.010051768199110649,0.010573676997948263
2025-06-03 00:00:00+00:00,SPY,582.6748967264019,587.3375451970118,582.1928415555221,586.3637084960938,63606200,0.005702480290520562,0.00835645269501506,0.05781607665265742,0.0050127679926069615,0.010424879472394852
2025-06-04 00:00:00+00:00,SPY,587.2195213026215,588.1933580255613,585.77347583579,586.206298828125,57314200,-0.0002684505635119905,0.01395191511033067,0.0664459839626772,0.0032609096034330026,0.010118916956636945
2025-06-05 00:00:00+00:00,SPY,587.8785767379185,589.2262178754949,581.405924678812,583.373291015625,92278700,-0.004832782960816684,0.005084315512325466,0.05684747464773632,0.004574209657411002,0.01027554715082657
2025-06-06 00:00:00+00:00,SPY,588.8917438854173,591.0263796061765,587.1211261759919,589.3639526367188,66588700,0.010269002220969492,0.016542474672602392,0.06031218365273827,0.005887653358584124,0.01037177910132791
2025-06-09 00:00:00+00:00,SPY,589.9344062766999,591.4394702547755,588.7244952632093,589.8950805664062,53016400,0.0009011883528189379,0.011759317708120776,0.06262160153398244,0.005798649367889532,0.010336131295114282
2025-06-10 00:00:00+00:00,SPY,590.426305457828,593.6232758793388,589.3147986704665,593.2396850585938,66247000,0.005669829436407703,0.01172647021442641,0.034460301909725155,0.005793952625771593,0.007614773747219753
2025-06-11 00:00:00+00:00,SPY,594.3315085062023,595.1873080200999,589.4918043518763,591.5476684570312,73658200,-0.0028521635422879,0.009111757481255367,0.024742585672258954,0.006187468519793769,0.007589285332448212
2025-06-12 00:00:00+00:00,SPY,590.2197163908625,593.898681640625,589.7377212700143,593.898681640625,64129000,0.003974342743545911,0.01804229090892351,0.02750213806961388,0.004945038673059811,0.007613716376052042
2025-06-13 00:00:00+00:00,SPY,588.7344360351562,592.0297509680191,585.7636933525403,587.2589111328125,89506000,-0.011179971791603127,-0.00357171743281659,0.011076216398777428,0.006697939850406316,0.008059426287635403
2025-06-16 00:00:00+00:00,SPY,590.6034249017806,594.5873299052357,590.4263090889528,592.84619140625,79984100,0.009514168567761327,0.005002772420156676,0.01427125481764091,0.008159852623683904,0.0082088707283995
2025-06-17 00:00:00+00:00,SPY,590.4165373080118,591.9313878788944,587.0228181324287,587.7802734375,82209400,-0.008545079722505178,-0.009202708042963303,0.004505477105554823,0.008601437237792343,0.00846597435284527
2025-06-18 00:00:00+00:00,SPY,588.675394655937,591.4100028153547,586.7375074721152,587.6917114257812,76605000,-0.0001506719699877479,-0.006518421484624781,0.007742209490007479,0.008605061979417425,0.008424036011420982
2025-06-20 00:00:00+00:00,SPY,590.3565237964918,591.4220592916591,584.910520395366,586.3115234375,94051400,-0.002348489797368125,-0.012775172664410972,0.02260745671674136,0.008089478031783117,0.0074240166118231775
2025-06-23 00:00:00+00:00,SPY,587.0611954614843,592.4874469643536,583.9534693671619,592.1027221679688,87426000,0.009877340797457723,0.008248169492758528,0.03230061887953428,0.007948307719306607,0.007672264748608807
2025-06-24 00:00:00+00:00,SPY,596.2266384998721,599.6993983536543,595.3189312980566,598.643798828125,67735300,0.011047199101207106,0.009779277502184547,0.05087792982561412,0.008346180319707394,0.007677801169876626
2025-06-25 00:00:00+00:00,SPY,599.7586945360007,600.4493204937829,597.4204779573378,598.9793090820312,62114800,0.000560450562693493,0.019053098837489513,0.030051216663405933,0.006191977514803711,0.0063629767033032865
2025-06-26 00:00:00+00:00,SPY,600.8242007377552,604.0996909412141,600.2125189749694,603.6655883789062,78548400,0.00782377492146935,0.027180708256666186,0.044150976621389226,0.005942897871944034,0.006269784524791396
2025-06-27 00:00:00+00:00,SPY,604.6620460106875,608.1249909093486,602.6395460052738,606.664794921875,86258400,0.00496832451725937,0.03471409083868138,0.045212867198520135,0.004207983429474902,0.006289048604246362
2025-06-30 00:00:00+00:00,SPY,609.1016996773074,610.9169938229498,606.7930496988761,609.5653686523438,92502500,0.004781180241128613,0.029492596184047315,0.051386135090823126,0.00389887074582592,0.006261915354641804
2025-07-01 00:00:00+00:00,SPY,608.0953617899536,610.5322734636828,607.2666588703396,609.3681030273438,70030100,-0.00032361685086557124,0.01791433273043519,0.045158497609528725,0.0033813529808060247,0.006248062914357532
2025-07-02 00:00:00+00:00,SPY,608.9636353224103,612.1700572103479,608.3420779544849,612.130615234375,66510400,0.004533404674952779,0.021956194400936546,0.043943556473452716,0.0029373230527786572,0.006219262664790545
2025-07-03 00:00:00+00:00,SPY,614.1037538406599,617.8824153010514,614.0840027457131,616.9550170898438,51065800,0.00788132750658388,0.02201455402920205,0.05245374934248903,0.0029543698529094766,0.006317236833386519
2025-07-07 00:00:00+00:00,SPY,615.0014177796149,615.6624771771144,609.5850422388708,612.3573608398438,74814500,-0.007452174182304261,0.009383379364714672,0.04968357357217856,0.005987876422866446,0.006503384002892512
2025-07-08 00:00:00+00:00,SPY,613.0184402574613,613.7682592313246,611.2130216520668,612.0220336914062,59024600,-0.0005476004207373153,0.004030191289399854,0.03844497267489633,0.005815040016056779,0.006264058568288772
2025-07-09 00:00:00+00:00,SPY,614.4194576258184,616.3432624074327,612.5843521193799,615.692138671875,66113300,0.005996687665528189,0.010378022107021101,0.043731604068809826,0.006180243504457039,0.006324345338287314
2025-07-10 00:00:00+00:00,SPY,615.8301939872533,618.4643754376677,614.6561481365566,617.428466796875,57529000,0.0028201239157372715,0.008654773067462873,0.04077404520888073,0.006056631540017289,0.006273035062461247
2025-07-11 00:00:00+00:00,SPY,614.389851486408,616.4814202079069,613.196114561925,615.258056640625,63670200,-0.0035152414781096653,-0.002750541615210822,0.0400819569544395,0.005259491165193362,0.006301820639938246
2025-07-14 00:00:00+00:00,SPY,614.804168244691,616.7773507170579,613.4624186155016,616.4320678710938,51898500,0.0019081606779420834,0.006654132524285483,0.03794146531563447,0.0035824025357776104,0.006284417180775029
2025-07-15 00:00:00+00:00,SPY,619.1057784945341,619.4411858079188,613.7189684346675,613.7979125976562,74317300,-0.004273228812600283,0.002901658450985556,0.045191313340227524,0.004371705542546254,0.005690547311136643
2025-07-16 00:00:00+00:00,SPY,615.3763700559891,616.3530856848711,609.7626638597798,615.8499145507812,88987500,0.0033431230556661973,0.0002562577447335901,0.038802177492218926,0.0036528086544042816,0.005436295944922841
2025-07-17 00:00:00+00:00,SPY,616.0276278697462,619.9739930445255,615.8105464724214,619.6187744140625,68885700,0.0061197700514912245,0.0035474678201192766,0.054167352011257996,0.00448105904493309,0.004914544728282977
2025-07-18 00:00:00+00:00,SPY,620.8618249379944,621.0295285799061,618.0599396747441,619.1649169921875,65621600,-0.0007324784861533207,0.006349953989866153,0.05355393815245413,0.003967449321055302,0.004933695210067378
2025-07-21 00:00:00+00:00,SPY,620.3389892578125,623.0718060276608,619.9147622533486,620.3389892578125,63375000,0.0018962189772129268,0.006337959347591404,0.058036495037334435,0.003966974993667543,0.004797992072121548
2025-07-22 00:00:00+00:00,SPY,620.6645066309135,621.2860639110608,617.7935527028395,620.427734375,60046300,0.00014305906725886608,0.010801310400821773,0.04783800368848157,0.002719532968435969,0.004532458426295522
2025-07-23 00:00:00+00:00,SPY,623.0816274772815,625.7059936523438,621.2860243619085,625.7059936523438,70511000,0.008507452173557084,0.016004027716317593,0.04520583839203596,0.003974995439270165,0.004305842837335215
2025-07-24 00:00:00+00:00,SPY,626.0907872079496,627.6200518287297,625.488980993582,625.9132080078125,71307100,0.0003311688837424054,0.010158558542229912,0.04496632607737139,0.003743432263989327,0.004310801648069403
2025-07-25 00:00:00+00:00,SPY,626.5742531786653,629.0308557161836,626.3276053702117,628.5572509765625,56865400,0.004224296491786017,0.01516935751140669,0.041234191706207346,0.0034760590516593657,0.0041356964148099775
2025-07-28 00:00:00+00:00,SPY,628.9322127301592,629.4847014583399,627.0182231688269,628.3994750976562,54917100,-0.00025101274173688903,0.012993679229299282,0.0358265064294363,0.00376989229488719,0.004105119417491014
2025-07-29 00:00:00+00:00,SPY,629.7904764849706,630.1061928990167,625.8342963044605,626.741943359375,60556300,-0.002637703887361842,0.01017718685760527,0.02817839659265098,0.004377462520893328,0.004153564098108347
2025-07-30 00:00:00+00:00,SPY,627.3930824208583,629.129492632239,623.0718079865017,625.9526977539062,80418900,-0.0012592832087132688,0.00039428118647610866,0.027216053226563952,0.00257523937920613,0.004179173386175582
2025-07-31 00:00:00+00:00,SPY,630.8856625012866,631.2703873241156,622.3121821287813,623.6046142578125,103385200,-0.003751215554337106,-0.0036883608149889113,0.0187443639280227,0.003074962462959245,0.004257073274314417
2025-08-01 00:00:00+00:00,SPY,617.9020271938194,617.9415293786636,610.9860135753424,613.3834228515625,140103600,-0.016390499961926763,-0.0241407256084073,-0.005789067499812783,0.006582710994231077,0.005462412542353749
2025-08-04 00:00:00+00:00,SPY,617.2805351933534,622.7561046288977,617.191775701563,622.706787109375,73218000,0.015199896036428573,-0.009059027281008714,0.01690095838047423,0.011254724811330791,0.006195380233803728
2025-08-05 00:00:00+00:00,SPY,623.3184684441039,624.1274805006751,618.6321599743907,619.5496826171875,68051400,-0.005069969618996528,-0.011475633342227787,0.012299637123157625,0.01135385307505973,0.0063303849844173025
2025-08-06 00:00:00+00:00,SPY,620.615200817688,624.9463507668227,619.7075537473198,624.2952270507812,64357500,0.007659667282124971,-0.0026479168618850357,0.013973035935563871,0.01221705310270789,0.006414936382622139
2025-08-07 00:00:00+00:00,SPY,627.7088284528788,628.4388963678413,620.674427785601,623.7723388671875,74205800,-0.0008375655634337287,0.0002689598594047826,0.010274667287732298,0.012090273741995356,0.006403850054245279
2025-08-08 00:00:00+00:00,SPY,625.5580097272857,629.0998986072367,625.2422933193634,628.6361694335938,64051600,0.007797445098702616,0.024866577761626818,0.021743905095716665,0.0079750598021065,0.006526113613105044
2025-08-11 00:00:00+00:00,SPY,628.912516593768,630.3825280073482,626.1500127592028,627.3931274414062,58742300,-0.001977363143624844,0.007525757594172733,0.017781455802855284,0.005880455781957786,0.006558429475938998
2025-08-12 00:00:00+00:00,SPY,629.7313011159781,634.2301547632397,628.2514142554742,634.0723266601562,64730800,0.010645955345396807,0.023440644794813226,0.033031089950593895,0.0056778300308290746,0.006783404154277592
2025-08-13 00:00:00+00:00,SPY,636.2625497647373,637.5254154950222,634.0624705008762,636.2428588867188,60092800,0.0034231618938416197,0.019137791413813998,0.03311349706171951,0.0054284685894977775,0.006784480339498332
2025-08-14 00:00:00+00:00,SPY,634.1709312549185,636.9630011917295,633.7270133914775,636.302001953125,59327500,9.295674690901201e-05,0.02008691682079422,0.026924987150105162,0.005242037947725765,0.0067090215026034275
2025-08-15 00:00:00+00:00,SPY,637.3280514224831,637.4267466743545,633.9046087993034,634.812255859375,68592500,-0.0023412563361064898,0.00982458014044263,0.02527168196673668,0.005363668763858767,0.006744861402717726
2025-08-18 00:00:00+00:00,SPY,634.2400307460651,635.3647592128409,633.5691559281859,634.6741333007812,43804900,-0.00021758017007211805,0.011605173121783885,0.023108565302528694,0.00509079664401569,0.006751095162023623
2025-08-19 00:00:00+00:00,SPY,634.4965717210093,635.4732874420525,629.9187737835771,631.23095703125,69750700,-0.005425108869057227,-0.004481144357572853,0.017412539861927367,0.0032670710034088993,0.00690841861115644
2025-08-20 00:00:00+00:00,SPY,630.8264521540534,631.0829152899969,624.4629267215348,629.5537109375,88890300,-0.002657103671908412,-0.010513513599073265,0.0061494013549343585,0.00222356803629328,0.0067083499935215694
2025-08-21 00:00:00+00:00,SPY,627.7483898591755,629.4156714771482,625.3114778468331,627.0281372070312,54805800,-0.004011689053040168,-0.014574627641635085,0.0017812840262110274,0.0019476865005644683,0.00677816393067943
2025-08-22 00:00:00+00:00,SPY,629.2085346450407,637.8313337606579,628.70536340136,636.6572875976562,84083200,0.015356807484774304,0.0029064211052187705,0.012886712560405744,0.008464775997161377,0.007547219215166719
2025-08-25 00:00:00+00:00,SPY,635.404241216521,636.6374803454853,633.736899505491,633.8552856445312,51274300,-0.0044011150232772245,-0.0012901859604571575,0.008682073685734926,0.008768236721105152,0.007630393720281652
2025-08-26 00:00:00+00:00,SPY,633.5889446007113,636.8545593934813,632.9673872646679,636.5092163085938,51581600,0.004186966211639165,0.008361851107822726,0.015584201843689582,0.008389347468515149,0.007637173724175876
2025-08-27 00:00:00+00:00,SPY,635.9270971923372,638.6895405097797,635.7790844255956,637.95947265625,48341100,0.002278453022356741,0.013351937368826894,0.019181601014625294,0.0080320375643813,0.0076279032444540006
2025-08-28 00:00:00+00:00,SPY,638.5612839961418,640.7712386679527,636.6867968305069,640.21875,61519500,0.003541412018451817,0.021036715914733328,0.0266420987951812,0.007116521320103089,0.007563969706326174
2025-08-29 00:00:00+00:00,SPY,638.7881685836082,639.1532627231435,634.5162720889837,636.400634765625,74522200,-0.005963766656904346,-0.0004031255701159031,0.037524998323328784,0.004748007989707131,0.006571637244102767
2025-09-02 00:00:00+00:00,SPY,628.9519373540064,631.9018356294255,626.4065150056712,631.684814453125,81983500,-0.007410143948452741,-0.0034242377409525737,0.014417744481999728,0.005555918797057057,0.006083391072294328
2025-09-03 00:00:00+00:00,SPY,634.05255551225,635.5719445130327,631.8722274787872,635.1082153320312,70820900,0.005419476296687709,-0.0022010694278513654,0.025112647381432263,0.005845278852903814,0.006008423084369189
2025-09-04 00:00:00+00:00,SPY,635.7791465574808,640.4457643382553,634.8813749728572,640.4161376953125,65219200,0.008357508586952056,0.00385081677498067,0.025822575515574098,0.007055586861515185,0.00604944176460548
2025-09-05 00:00:00+00:00,SPY,642.7444163544111,643.4646688785257,634.7037341963564,638.561279296875,85178900,-0.002896333007960439,-0.0025889130912285507,0.02370887503050434,0.007014999933366205,0.00610486397079164
2025-09-08 00:00:00+00:00,SPY,639.922799046398,641.1264716601992,638.5514227841185,640.1300048828125,63133100,0.002456656294075321,0.005860098047452356,0.018283764135898828,0.006354654914845765,0.005914465321042676
2025-09-09 00:00:00+00:00,SPY,640.2680535026645,642.1327252974712,638.5415189260096,641.60986328125,66133900,0.00231180914368867,0.015712026949258773,0.02266001206902213,0.004183541117594621,0.0058814375187869845
2025-09-10 00:00:00+00:00,SPY,644.8557277247635,645.7732503039375,641.9058297062181,643.4646606445312,78034500,0.002890849205147372,0.01315751412242605,0.014812717082051341,0.003985720534995292,0.005462258016649963
2025-09-11 00:00:00+00:00,SPY,645.4082598463015,649.502637640468,644.8262047273438,648.81201171875,69934400,0.00831024825646609,0.013110028822278075,0.01975527529538712,0.003968744568792991,0.005692609695852946
2025-09-12 00:00:00+00:00,SPY,648.7823033562848,650.2720655980789,648.091737738302,648.5948486328125,72780100,-0.0003347087939420401,0.0157127744215646,0.019319201640030537,0.0031630347086363964,0.005696973805566317
2025-09-15 00:00:00+00:00,SPY,650.7950437367242,652.1762353081463,650.499078415473,652.0479736328125,63772400,0.005324009290667231,0.018618044239594456,0.02715089006922944,0.0032692685765486314,0.005720096056034399
2025-09-16 00:00:00+00:00,SPY,652.6004677140577,652.9063688014267,650.3708221309846,651.1502075195312,61169000,-0.0013768405847186527,0.014869385251484513,0.02595989556571654,0.003996302469104251,0.005742707774326267
2025-09-17 00:00:00+00:00,SPY,651.1601352003632,652.8471677889224,645.5266771850337,650.3412475585938,101952200,-0.0012423553760646522,0.010686813642841742,0.03027464086555831,0.004419911783906367,0.005558183599383255
2025-09-18 00:00:00+00:00,SPY,653.0147878931265,655.9745611489898,651.4165151522997,653.3798217773438,90459200,0.004672276639620998,0.007040267405798106,0.03784603350898075,0.0033093573489721075,0.005510601348427228
2025-09-19 00:00:00+00:00,SPY,655.2606553211801,657.4569312262267,653.3215535907623,656.6160278320312,97945600,0.00495302417801069,0.012367010339546791,0.04718750063879629,0.0034547245306330355,0.005369494547967287
2025-09-22 00:00:00+00:00,SPY,655.131983947701,660.1676217378205,655.1022751701781,659.7224731445312,69452200,0.004730992209795115,0.01176983875735571,0.036228573828014365,0.0033403649561107966,0.004460608139124073
2025-09-23 00:00:00+00:00,SPY,659.6037721086419,660.2172101260659,654.914373896894,656.1312866210938,81708900,-0.005443480659860334,0.007649662157887205,0.035143669984405435,0.004694482167323249,0.004542103401127485
2025-09-24 00:00:00+00:00,SPY,657.4173382288552,657.5162467217733,652.6289715744526,654.043701171875,68082200,-0.0031816581403536492,0.005693093629199231,0.02754788841074718,0.005048022118993285,0.004631008711454167
2025-09-25 00:00:00+00:00,SPY,650.91749472694,652.3717757310584,647.4251431178142,651.0263061523438,89622100,-0.0046134455757694814,-0.003602063526537913,0.02048223132683935,0.005133859546616105,0.004812692867830563
2025-09-26 00:00:00+00:00,SPY,652.4707616041429,655.3002210405111,650.8581544995363,654.756103515625,69179200,0.005729103921045642,-0.00283259049059037,0.02270685373651582,0.005354886318553915,0.004897013026027739
2025-09-29 00:00:00+00:00,SPY,657.2689872647139,658.1792111877495,654.7956708332731,656.5962524414062,73499000,0.002810434169152165,-0.004738690631871378,0.03173412560032873,0.004933134780619409,0.0046123701199829075
2025-09-30 00:00:00+00:00,SPY,655.8542079251938,659.5345338964465,654.5482897020846,659.0695190429688,86288000,0.003766799753069261,0.004478116623589434,0.04335184883865195,0.00453449374984921,0.004117143793680793
2025-10-01 00:00:00+00:00,SPY,656.0916952927918,662.2255322042525,655.9828838603935,661.3153686523438,72545400,0.0034076065490575846,0.011118014694491807,0.04126407545619859,0.003973707337471542,0.00405673420866256
2025-10-02 00:00:00+00:00,SPY,663.2939389771905,663.4126533220159,659.6631277666079,662.0770263671875,56896000,0.001151731459675398,0.016974306737549627,0.033823146227743184,0.0016551446837392058,0.0037755864082752535
2025-10-03 00:00:00+00:00,SPY,662.838842966907,665.5001336306916,661.0283585893458,662.0671997070312,70494400,-1.48421705706836e-05,0.011166136752525535,0.03681075125012101,0.0016036859156856377,0.0036448265375888084
2025-10-06 00:00:00+00:00,SPY,664.451431246289,665.3319462864663,662.314512664693,664.4415283203125,54623300,0.0035862350745239358,0.011948401852333701,0.03797904058871704,0.0017086619940295477,0.0036639874411813753
2025-10-07 00:00:00+00:00,SPY,665.3616291701808,665.8068381763353,660.5436138980969,661.9781494140625,72020100,-0.0037074427188158454,0.004413237582762575,0.031745593854569654,0.002984610773294152,0.0038675105797545384
2025-10-08 00:00:00+00:00,SPY,663.0960778489103,666.0245059882836,662.2749199573431,665.925537109375,60702200,0.005963018112918661,0.006971210220663826,0.034906153886284264,0.0036657214201833554,0.0039820087713725565
2025-10-09 00:00:00+00:00,SPY,666.3410972158545,666.7466945063586,662.0671995495462,663.996337890625,66501900,-0.002897019428214409,0.002898924818413917,0.023403275367314125,0.004148488288507786,0.0037904207050798613
2025-10-10 00:00:00+00:00,SPY,664.9560020556908,666.7565834688588,645.8719162752307,646.0499877929688,159422600,-0.027027784753554496,-0.024192728353179538,-0.0039236525624711804,0.01308682115290531,0.007362394685076832
2025-10-13 00:00:00+00:00,SPY,653.5985682812151,658.030731623523,652.7279561413051,655.9630126953125,79560500,0.01534405245669701,-0.012760363799706242,0.006004219353198392,0.015757970509048713,0.008063509534142548
2025-10-14 00:00:00+00:00,SPY,650.1556923521978,658.7232938317348,646.1983862715207,655.1616821289062,88779600,-0.0012216093756775015,-0.010297118252603488,0.0061605979128167565,0.01574818399404436,0.008061854150888335
2025-10-15 00:00:00+00:00,SPY,659.7027866181304,663.0763638369173,651.896985063197,658.0703735351562,81702600,0.004439654341197752,-0.011795858750688781,0.011884723605611658,0.01557011926095255,0.008103231764605137
2025-10-16 00:00:00+00:00,SPY,659.7027147054259,661.5725563129243,650.0963324960569,653.5886840820312,110563300,-0.006810349824820983,-0.0156742638696723,0.0003196644550780281,0.015707111105416366,0.008207301828527708
2025-10-17 00:00:00+00:00,SPY,652.4608239631079,658.6540174880462,651.1153544209424,657.2986450195312,96500900,0.005676293099704743,0.017411434779203594,0.001039598728276303,0.008283970266607711,0.008231608415027727
2025-10-20 00:00:00+00:00,SPY,660.197387427611,665.0352086527322,660.1479331778372,664.1348876953125,60493400,0.010400512350939195,0.012457828935235726,0.006688288985745361,0.0066483481855503755,0.008493502728076691
2025-10-21 00:00:00+00:00,SPY,664.273301038831,665.806744837326,662.8288627988705,664.1248779296875,56249000,-1.5071886465323203e-05,0.013680891366625536,0.012182914412996126,0.006499878428452884,0.008384049481085126
2025-10-22 00:00:00+00:00,SPY,664.8274246920023,664.8274246920023,656.2202718491607,660.6722412109375,80564000,-0.005198776364940705,0.003953783334454064,0.010134705107909259,0.007254560682777879,0.008444348619094497
2025-10-23 00:00:00+00:00,SPY,660.988802941274,665.5298380529869,660.6722112216523,664.5899658203125,65604500,0.005929906487662118,0.016832117823050385,0.020834272808624155,0.006045291559579221,0.00843489308338533
2025-10-24 00:00:00+00:00,SPY,669.2398161192735,671.2283116328227,668.4384640813665,670.0213623046875,74356500,0.008172552647061071,0.01935606802411427,0.023314419991043556,0.006378450295890918,0.008523227952871413
2025-10-27 00:00:00+00:00,SPY,675.4428672302427,678.2228723013301,674.8393925526769,677.9260864257812,63339800,0.01179771954420028,0.020765659184577956,0.032485464096185135,0.006756168361359661,0.008844153156492791
2025-10-28 00:00:00+00:00,SPY,679.7167206093349,681.5568533012904,677.520444889974,679.7266235351562,61738100,0.0026559489971360595,0.023492186671435933,0.03134283090831391,0.00644415942693183,0.008833556595822158
2025-10-29 00:00:00+00:00,SPY,681.3688612448931,682.338442194909,675.5813258562629,680.0531005859375,85657100,0.00048030640477669806,0.02933505930183644,0.028334033687706706,0.00446661092599065,0.008825957266721857
2025-10-30 00:00:00+00:00,SPY,676.6003572463494,678.6185613884796,672.5737915039062,672.5737915039062,76335800,-0.010998125110505352,0.012013160135120549,0.01585429597869359,0.008730659143792025,0.009254246356213885
2025-10-31 00:00:00+00:00,SPY,677.7282029402567,677.7678146457715,671.9901213244605,674.780029296875,87164100,0.003280291056295015,0.00710226159927041,0.01920172090607908,0.00818192326484799,0.00926777801994156
2025-11-03 00:00:00+00:00,SPY,678.3514739521635,678.4800912258883,672.6826525168186,676.04638671875,57315000,0.001876696652084675,-0.0027727207208407822,0.017465582604046848,0.005938487553138567,0.009250464421623292
2025-11-04 00:00:00+00:00,SPY,668.8935461650569,672.7024895383894,667.3799079726423,668.0328369140625,78427000,-0.011853550232820531,-0.01720366131942297,0.009146355518470095,0.007360560760248355,0.009635657421637385
2025-11-05 00:00:00+00:00,SPY,667.7755543304748,673.5927987432043,666.9742023136038,670.3478393554688,74402400,0.0034654021681033154,-0.014271328550824358,0.006640835948850787,0.007862286690486397,0.009577132279845052
2025-11-06 00:00:00+00:00,SPY,669.2496813312496,670.150002278421,661.5824008089137,663.1554565429688,85035300,-0.010729329446956037,-0.014003422494173745,-0.00126639455622235,0.0077932249473243774,0.009873511207127976
2025-11-07 00:00:00+00:00,SPY,660.781013040124,663.9172214121945,654.1525740278607,663.808349609375,100592400,0.0009845249103577203,-0.016259639009963855,0.027487597170417377,0.007403922673415999,0.007554751228876771
2025-11-10 00:00:00+00:00,SPY,670.0115034227329,674.8987789977223,667.8251303916195,674.1666870117188,75842900,0.015604409628832139,-0.0027804300769279644,0.02775106822198481,0.011300689790238237,0.007580253882131983
2025-11-11 00:00:00+00:00,SPY,672.6925273614432,676.2738842563608,671.485517700804,675.7099609375,58953400,0.0022891577936339225,0.011492135714318286,0.031363676126209716,0.009352230872303897,0.00755703992548203
2025-11-12 00:00:00+00:00,SPY,677.4808612736824,677.6490902522322,673.6818813898049,676.0859375,62312500,0.0005564170786802602,0.008559881613176223,0.02737634862372551,0.00935386566173835,0.007529329881387657
2025-11-13 00:00:00+00:00,SPY,673.2366670865612,673.5928101259233,663.3632081763918,664.866943359375,103457800,-0.016594035637111593,0.0025808229420718476,0.01725589740462552,0.011442957364753158,0.008361217352370217
2025-11-14 00:00:00+00:00,SPY,658.2781019123212,668.448347404196,656.1906373926532,664.7581787109375,96846700,-0.00016358859396425895,0.0014308785090175746,0.011348773876119322,0.011444031266680617,0.008286877525535176
2025-11-17 00:00:00+00:00,SPY,662.5519561070769,666.5191649555097,655.1022987242936,658.56494140625,90456100,-0.009316526675455239,-0.02314226719600221,-0.008386769603975108,0.008059512139428756,0.008231864330773612
2025-11-18 00:00:00+00:00,SPY,655.0330664835586,658.0208519047019,648.8596786437042,653.03466796875,114467500,-0.008397461039591714,-0.0335577308010816,-0.016698982871278134,0.007123294752884071,0.008423008118514526
2025-11-19 00:00:00+00:00,SPY,653.7272650457925,660.2172451791961,651.7189030472904,655.5574951171875,94703000,0.003863236168279771,-0.03036365829279286,-0.0077417299754796165,0.008066192740384268,0.008418113358920754
2025-11-20 00:00:00+00:00,SPY,665.7276649913678,668.3494043558474,644.9320631333248,645.5652465820312,165293500,-0.015242367922847166,-0.0290309165918492,-0.02862625109724426,0.007638801651402179,0.00890344936365775
2025-11-21 00:00:00+00:00,SPY,648.0583498819193,657.4569521849606,643.9031662606766,651.9959106445312,123956200,0.00996129221104658,-0.019198361863187796,-0.026902801424351197,0.01037534787918938,0.009013119133164525
2025-11-24 00:00:00+00:00,SPY,655.6167144034767,662.9080451404715,654.5284795169995,661.5922241210938,80437900,0.0147183645171578,0.0045967869294401,-0.024093868980325395,0.012538154916935815,0.009257262636057416
2025-11-25 00:00:00+00:00,SPY,661.4933143363089,668.9924253407057,657.3875856310649,667.8151245117188,81077100,0.009405945480831512,0.022633494465068793,-0.017523955382956147,0.011709686379762458,0.009523608382033918
2025-11-26 00:00:00+00:00,SPY,670.3973686817876,674.4239350690651,669.4970476879164,672.4254760742188,71879600,0.006903634543873105,0.025730742280684282,-0.011216219005761086,0.011744563698393386,0.009677555879548343
2025-11-28 00:00:00+00:00,SPY,673.5928002628821,676.3728052050843,673.2366572287348,676.0958251953125,49212000,0.005458373086222323,0.0472927853147711,0.005236650217265826,0.0035463827230109686,0.009436301722175224
2025-12-01 00:00:00+00:00,SPY,671.5647168500374,675.7000943604489,671.4954567492206,673.0091552734375,61201200,-0.0045654326011898005,0.03222910494658415,-0.0026243723088289483,0.007064181937210015,0.009469063643130804
2025-12-02 00:00:00+00:00,SPY,674.6415287588202,676.5212733146432,672.0792068673397,674.2557373046875,62953800,0.0018522512234526722,0.019140964361267887,-0.002648707913008086,0.005421783869773041,0.009468798164720604
2025-12-03 00:00:00+00:00,SPY,673.3059439079583,677.5995871066391,672.4353317565424,676.5905151367188,57238500,0.003462748187155862,0.01314044905978462,0.012810265827931433,0.004453536915913316,0.009078647572241047
2025-12-04 00:00:00+00:00,SPY,677.9854045442221,678.05466464181,674.0677104452674,677.0851440429688,61970300,0.0007310609522068745,0.006929642219914545,0.010050460808492812,0.0037736909899126554,0.009054985870133876
2025-12-05 00:00:00+00:00,SPY,678.1535936302283,681.0424704296607,677.2731389541586,678.3712768554688,79241000,0.001899514150938808,0.003365575670429388,0.022944575306399706,0.003087157539472369,0.008659526551951539
2025-12-08 00:00:00+00:00,SPY,679.2617413091358,679.3111955598065,674.2953027143022,676.3333129882812,55231500,-0.0030042012931831286,0.0049392459059389715,0.018868342626718437,0.002434432956401776,0.008709822810954867
2025-12-09 00:00:00+00:00,SPY,675.8583224740703,678.074403844281,675.3043021315176,675.7494506835938,58310100,-0.0008632759816424862,0.0022153513811795644,0.002347733435021482,0.002495637286678129,0.008003395689420446
2025-12-10 00:00:00+00:00,SPY,675.2747265375898,681.616283144729,674.0380683519487,680.2312622070312,85671300,0.006632356887458224,0.005381019965343237,0.006691186353473766,0.0036082906798273317,0.008122592900150084
2025-12-11 00:00:00+00:00,SPY,677.82719343181,681.8933109790751,674.8888622374254,681.8141479492188,86173700,0.0023269817636015766,0.006984356321883656,0.00847260700377861,0.0036402527555933514,0.008134430009933608
2025-12-12 00:00:00+00:00,SPY,680.8247713558317,681.5272148787925,671.9208332382598,674.4832153320312,113160300,-0.010752098118288811,-0.005731465432116001,0.01446345327994214,0.0064879394030632484,0.007575762205212232
2025-12-15 00:00:00+00:00,SPY,678.4207075198718,678.4405133715769,671.999988545765,673.4641723632812,90811000,-0.001510850004248554,-0.0042421991788680335,0.013096482196316872,0.006414162888405505,0.007590247597132936
2025-12-16 00:00:00+00:00,SPY,671.9802275249427,673.8105178026394,667.7755898483048,671.6240844726562,122030600,-0.0027322728752857683,-0.006104875419083555,0.01982969673198931,0.0064705529828529,0.007269962558259455
2025-12-17 00:00:00+00:00,SPY,672.6331978735437,673.1773153631458,664.035948310003,664.2338256835938,110625200,-0.01100356428531768,-0.023517643795925136,0.01714940762590511,0.005911387558801034,0.007468061706039458
2025-12-18 00:00:00+00:00,SPY,670.3675775068244,673.4740770479272,667.6964444022054,669.2496337890625,108650100,0.007551268712199022,-0.01842806312827061,0.020886251433106295,0.007671269604237484,0.0075902101729554755
2025-12-19 00:00:00+00:00,SPY,671.3463691548195,675.8114935895343,671.2272434527378,675.3153686523438,103599500,0.009063486264369258,0.0012337643122859454,0.04608383463612031,0.008210062884994172,0.006740654841068552
2025-12-22 00:00:00+00:00,SPY,678.6394050189502,680.0483829319917,675.3153920494597,679.5225219726562,69556700,0.006229909040435855,0.00899580090224461,0.04221899382913841,0.008513662634062313,0.006566147071401859
2025-12-23 00:00:00+00:00,SPY,678.6194459960617,682.8663040830753,678.569845619967,682.628173828125,64840000,0.004570344256512593,0.01638429831489585,0.03179594460164181,0.008155973024859585,0.005896935525331749
2025-12-24 00:00:00+00:00,SPY,682.6183200290311,685.4760045408373,682.4694583215327,685.0294799804688,39445600,0.003517736660175297,0.03130773154389299,0.025777127287041512,0.0022291133375829135,0.005626591252567738
2025-12-26 00:00:00+00:00,SPY,685.2874813951044,686.2995351048382,683.9281038851597,684.9600219726562,41613300,-0.00010139418790333643,0.023474630975361066,0.01864079566350929,0.003385221729558568,0.005474626544605813
2025-12-29 00:00:00+00:00,SPY,682.2114479341877,683.8586166189733,680.7528697076866,682.51904296875,62559500,-0.0035636809822511273,0.01066712628024713,0.00950045471968708,0.003939780092796979,0.00545422733320628
2025-12-30 00:00:00+00:00,SPY,682.1222002850684,683.2235831301442,681.2589477241032,681.6856079101562,47160700,-0.001221116197679395,0.00318324392136482,0.01289202764737074,0.003369470514398435,0.00534127121913263
2025-12-31 00:00:00+00:00,SPY,681.8145855439083,682.0328514439952,676.4266760541103,676.635009765625,74144800,-0.007408984561101173,-0.008779543962990632,0.0035287389180380657,0.004063867096327676,0.00562581734797429
2026-01-02 00:00:00+00:00,SPY,680.3956585252009,681.5466416904673,674.5512924418268,677.8753051757812,89377200,0.0018330346379591411,-0.010443601354048981,0.0018989181939728095,0.003555383798725543,0.0055876102875995265
2026-01-05 00:00:00+00:00,SPY,681.2191671325683,684.086783636805,681.060433809282,682.3900146484375,71927200,0.006660088423615873,-0.0037520544875264683,0.007834864864694424,0.005339986376389519,0.005776404205816123
2026-01-06 00:00:00+00:00,SPY,682.5984300063299,686.9544213697425,682.4496288665487,686.4483642578125,69273800,0.005947258198767402,0.0057570866769829365,0.011906588144156682,0.005760186172569683,0.005901045773276238
2026-01-07 00:00:00+00:00,SPY,686.8254142672773,688.5817158514149,683.9776620917838,684.2356567382812,75588300,-0.0032234143669693793,0.003740798982015514,0.011684096581143777,0.006030546832510062,0.005908308423025433
2026-01-08 00:00:00+00:00,SPY,683.4815439165204,685.2675815209567,682.1618346683338,684.1661987304688,64019200,-0.00010151182144413351,0.01113035662676154,0.012455427138506003,0.004146586259111546,0.005900845874720674
2026-01-09 00:00:00+00:00,SPY,685.2775150455628,689.9212370510019,683.8387406584166,688.6908569335938,80125500,0.006613390447410161,0.015955075624134007,0.012436350983215716,0.004564234196961287,0.0058998328664033985
2026-01-12 00:00:00+00:00,SPY,685.3271398200249,690.6952455853734,685.2775394384523,689.7723999023438,63976000,0.0015704331745678424,0.010818425087462114,0.011672171921134344,0.0041418346952023614,0.005890830234230837
2026-01-13 00:00:00+00:00,SPY,690.0998291255927,690.6952153647912,685.9919002674054,688.3931884765625,78309700,-0.001999516689819014,0.0028331689898521972,0.020623156853034175,0.0038394906479272137,0.005298693576561002
2026-01-14 00:00:00+00:00,SPY,685.6446980414748,686.3590889175136,680.7231166120667,685.0096435546875,94676700,-0.00491513422636114,0.0011311699540708098,0.017143408165116725,0.004303993008922495,0.005437622454327839
2026-01-15 00:00:00+00:00,SPY,689.1870202593807,690.0602050162862,685.8927433241695,686.8750610351562,77862000,0.0027231988600753265,0.003959362958465329,0.02270760819197659,0.004432488322297331,0.0053842796757230275
2026-01-16 00:00:00+00:00,SPY,688.2839991969948,688.869453251486,684.7515921796883,686.2994995117188,79289200,-0.0008379420888714462,-0.0034723234638580625,0.03321973825319158,0.003014462994823953,0.004600670000231178
2026-01-20 00:00:00+00:00,SPY,676.2082832182709,679.4628915199756,671.3264313278333,672.32861328125,111623300,-0.020356835813531315,-0.02528919194731971,0.004600644268948351,0.008969158272514433,0.006539079205172986
2026-01-21 00:00:00+00:00,SPY,674.3826370735425,683.402154325963,672.8743979165272,680.0880737304688,127844500,0.011541172420654888,-0.012064492916429415,0.007067372222920643,0.011745345471982029,0.006735365537439832
2026-01-22 00:00:00+00:00,SPY,684.5035723961656,685.7736813437502,681.5962874434288,683.6403198242188,77112200,0.005223214802554832,-0.001998984603140741,0.006059840135406391,0.012066652976802955,0.006692926639042329
2026-01-23 00:00:00+00:00,SPY,682.8167194920136,685.6049389887335,681.8343413244536,683.8883056640625,63059600,0.00036274314526618667,-0.004348324084721522,0.0018460003326126184,0.011962503670821514,0.006618120558869469
2026-01-26 00:00:00+00:00,SPY,685.138576123168,688.7503800429489,684.5729864520383,687.3612060546875,60473800,0.005078168996109245,0.0015470017736047836,0.003403833181435001,0.012248647042618145,0.006669369777498448
2026-01-27 00:00:00+00:00,SPY,688.799947686109,691.1317710154308,688.1946898528689,690.0997924804688,55506100,0.003984202776732504,0.02643228154828603,0.007503752544579356,0.004034101013345568,0.0067222973953003
2026-01-28 00:00:00+00:00,SPY,691.6477064811113,692.4316225777728,688.5618241580821,690.0303344726562,61172200,-0.00010064922286501243,0.014619078213872427,0.011005248251000355,0.0025864239924602854,0.006659256359429287
2026-01-29 00:00:00+00:00,SPY,690.9928952881424,691.657685737667,679.5224893166136,688.6610717773438,97486200,-0.0019843514508082194,0.007344142537432541,0.010232669996616428,0.002956585033054354,0.006672226588803397
2026-01-30 00:00:00+00:00,SPY,686.4285189892349,688.8298072906449,681.7947290319643,686.6071166992188,101835100,-0.0029825340247910948,0.003975519120064774,0.014737793329742122,0.003581662240651317,0.006465212578634416
2026-02-02 00:00:00+00:00,SPY,684.2357342361453,691.528747109235,684.0769403301045,690.0205078125,79286500,0.004971389066997567,0.003868856336941562,0.017916573363842225,0.0035499462497353773,0.006530592819611821
2026-02-03 00:00:00+00:00,SPY,690.8142565672537,691.5584439188771,678.7286612443456,684.18603515625,107904600,-0.00845550616277535,-0.00856942342057887,0.0026319560211294224,0.004858688974343483,0.0067023526342616675
2026-02-04 00:00:00+00:00,SPY,684.9996810996682,686.0911923060062,676.4762885369656,680.8719482421875,105204600,-0.00484383887388995,-0.013272440026086518,-0.008123576813609645,0.0049283787100527976,0.006645454591335403
2026-02-05 00:00:00+00:00,SPY,675.6626239798336,678.3913111024622,670.5525129616972,672.3683471679688,113610800,-0.012489280981794804,-0.02365855320865695,-0.01734389234680256,0.006543410764028892,0.007156934806641606
2026-02-06 00:00:00+00:00,SPY,676.1785962582386,686.9444827733389,675.5732778299765,685.267578125,89127600,0.0191847683064843,-0.0019509535244237597,0.0016098126399330948,0.01268047270807305,0.008446253328507897
2026-02-09 00:00:00+00:00,SPY,684.0769172088077,690.4769412520913,683.0053309088385,688.5718383789062,73885200,0.004821854060201192,-0.0020994585192638526,-0.00017281854911999073,0.012665020756946449,0.008382963031839207
2026-02-10 00:00:00+00:00,SPY,689.5640042757049,691.1416475283962,686.2994637039938,686.7559204101562,65185700,-0.0026372236962597384,0.0037561205898033467,-0.004373151915928464,0.011983813724351712,0.0083949210751868
2026-02-11 00:00:00+00:00,SPY,690.9928885783248,691.7370759669038,683.8387453470867,686.5972290039062,76353900,-0.0002310739544192364,0.00840874818899473,-0.0026089152285639905,0.011611792534820465,0.008384116310263553
2026-02-12 00:00:00+00:00,SPY,688.8595645054852,689.9609473653614,675.097063165144,675.9901123046875,118829000,-0.015448819557001725,0.005386578877446757,-0.013167013537496164,0.012554938146620035,0.009010189805948431
2026-02-13 00:00:00+00:00,SPY,676.4067760275798,680.96122930703,672.2691112734435,676.46630859375,96267500,0.0007044426839897255,-0.012843551646397278,-0.015153778367960724,0.0076925267004474005,0.008981983937686625
2026-02-17 00:00:00+00:00,SPY,674.8688419019007,679.6316291710169,670.5426469985775,677.5578002929688,81354700,0.00161351967622414,-0.015995481476366646,-0.012737440760148377,0.007028148116240684,0.008997073069749218
2026-02-18 00:00:00+00:00,SPY,678.7187643851827,683.8090109802145,677.53798463666,680.9711303710938,73570300,0.005037695790158558,-0.008423356635364199,0.012854602524894121,0.007958311788984446,0.007770793663070869
2026-02-19 00:00:00+00:00,SPY,678.5401160314528,680.86194660128,676.2678252760687,679.1751098632812,58649400,-0.002637440014283343,-0.010810004507872506,-0.0013424200518318274,0.007922610338102194,0.007362613674961749
2026-02-20 00:00:00+00:00,SPY,677.0319706522042,684.71197532004,676.4465165538227,684.0868530273438,100034000,0.0072319245695726675,0.011977602298133716,0.0006531697885223675,0.003846222328030678,0.007451375719992401
2026-02-23 00:00:00+00:00,SPY,682.4992209190492,684.6523861034582,675.0970153480879,677.1013793945312,90558100,-0.01021138412746736,0.0009388062534871899,-0.009924027378916955,0.006915508863300806,0.007795865688270636
2026-02-24 00:00:00+00:00,SPY,676.6151751251432,683.0151380016027,674.7298762460771,682.0228881835938,73798700,0.007268496179203332,0.006589973414363071,-0.007766393890243806,0.007628716760273241,0.007892687813920048
2026-02-25 00:00:00+00:00,SPY,684.8310015582731,688.3038760705598,684.7516046120257,687.7780151367188,56369500,0.00843831937730477,0.009995849254160971,-0.0033644081175632223,0.008173190599667118,0.008082287204130295
2026-02-26 00:00:00+00:00,SPY,687.9069589925494,687.926762805978,679.0461151309984,683.957763671875,71671000,-0.005554483250070685,0.007041856715798156,-0.008800440353715855,0.008677148622691835,0.008172480344381334
2026-02-27 00:00:00+00:00,SPY,677.795973699009,681.5367144347911,676.35719931042,680.6734619140625,83308900,-0.004801907270092998,-0.004989704301691655,-0.011598753277379692,0.008329067315251416,0.008225159115297167
2026-03-02 00:00:00+00:00,SPY,673.4400139353526,683.2831159083878,672.765291276125,681.0604858398438,87477200,0.0005685897092166936,0.005847139831339332,-0.008078318334420631,0.006543378625988499,0.008208219855362235
2026-03-03 00:00:00+00:00,SPY,669.8281968363514,677.3196712649806,664.4700232973693,675.057373046875,105003100,-0.008814360718000014,-0.010213022550122575,-0.021685058047131167,0.006754097704117019,0.008313909060961255
2026-03-04 00:00:00+00:00,SPY,676.3472549970834,681.7649608594664,674.3528231531807,679.8201293945312,79182200,0.007055335646745986,-0.011570427619157941,-0.006381167602641402,0.0062257282752263,0.008311446933278857
2026-03-05 00:00:00+00:00,SPY,676.7938369684096,680.2171112774074,670.3739485451397,676.02978515625,106606500,-0.005575510454003507,-0.011591327618043379,-0.007111708888049462,0.006228474842637918,0.008334138074462998
2026-03-06 00:00:00+00:00,SPY,668.1909311447467,670.8700177972564,664.5692556037578,667.1689453125,100687000,-0.01310717373451531,-0.019839934061168796,-0.007732966427358989,0.007932372819781382,0.008382613225069599
2026-03-09 00:00:00+00:00,SPY,661.2254329083217,674.6505427155427,657.2564332632285,673.0133666992188,102667700,0.00876003211447629,-0.01181557190284177,-0.017882374443149218,0.009744240382733856,0.00736617161028914
2026-03-10 00:00:00+00:00,SPY,672.4675558251363,678.0638596518006,669.5305349566006,671.9317626953125,81505300,-0.0016071062736999764,-0.004630140305638131,-0.024166070635083248,0.009055094460273444,0.007243698292665096
2026-03-11 00:00:00+00:00,SPY,672.3286912573745,674.8093159596237,668.1215614523004,671.08837890625,68441700,-0.0012551628541557225,-0.012844207034672595,-0.0228138426452138,0.007922907690895375,0.007235827859392706
2026-03-12 00:00:00+00:00,SPY,665.9583993556241,666.4446526664856,660.7094193200438,660.89794921875,108882200,-0.015184929448649576,-0.022383386456859444,-0.037429920628197055,0.00978487580544072,0.007881990528689337
2026-03-13 00:00:00+00:00,SPY,664.0831110227487,667.1293254881115,656.2343803863124,657.1571655273438,97200200,-0.005660153274538393,-0.01500636361374219,-0.027859796222663102,0.008643369293891891,0.007275398808731781
2026-03-16 00:00:00+00:00,SPY,663.1999840519829,666.8613885560293,661.9497395049242,663.844970703125,82023100,0.010176873245252516,-0.013622903273169729,-0.018657747962145366,0.009134161436699241,0.00771380010994428
2026-03-17 00:00:00+00:00,SPY,667.1788836379297,669.2129836950214,664.5097291491037,665.5912475585938,87128000,0.0026305491982852036,-0.009436248572749606,-0.01766130170621727,0.009452672598496704,0.007734655889639575
2026-03-18 00:00:00+00:00,SPY,663.1800557566115,664.5295009374192,656.0656417127632,656.3037719726562,82062600,-0.01395372252866034,-0.022030789681814933,-0.036223794663652,0.010852305566431275,0.008127998435155478
2026-03-19 00:00:00+00:00,SPY,651.8783782687178,657.8418097710767,650.0923405870744,654.6864624023438,111272500,-0.0024642698082495418,-0.009398556651218026,-0.03605645599389984,0.009029335658138017,0.008127164652378614
2026-03-20 00:00:00+00:00,SPY,653.2010079047443,653.380093364961,641.4703940766159,645.301025390625,163617500,-0.014335773764557858,-0.01804155955174691,-0.05669722706272862,0.010634468669380129,0.008294409918034651
2026-03-23 00:00:00+00:00,SPY,654.7531040433624,659.2801583045331,650.6439158314106,652.07666015625,134802700,0.010499959707213291,-0.017727498235635242,-0.03695860029211362,0.010739489182707028,0.00861770234286649
2026-03-24 00:00:00+00:00,SPY,648.0371459178807,653.7183875512989,646.604401549905,649.8877563476562,96457500,-0.0033568197458091475,-0.023593295838156392,-0.04711738035877622,0.01020194181071753,0.008349593672867164
2026-03-25 00:00:00+00:00,SPY,655.3500504609481,657.5588924447279,650.9423865337293,653.5093994140625,90653800,0.005572720875308912,-0.004257742645901175,-0.04982511067301887,0.009497677821514254,0.008177035978118152
2026-03-26 00:00:00+00:00,SPY,648.773401781548,651.5493174066021,641.5699034672713,641.8385620117188,96494400,-0.01785871391108962,-0.019624509026015535,-0.0615815828071552,0.012259050757437356,0.008852308007037863
2026-03-27 00:00:00+00:00,SPY,639.2615657472361,639.4207325687934,629.9188801961861,630.8939819335938,103649400,-0.017051920414101196,-0.022326081766738448,-0.07313268808877638,0.012881698926569058,0.00938164107599447
2026-03-30 00:00:00+00:00,SPY,636.8836547011163,637.1423539459004,626.108284608157,628.78466796875,99275900,-0.003343373094761515,-0.03571971458374046,-0.07675649807612939,0.01004308508100636,0.009327530250742129
2026-03-31 00:00:00+00:00,SPY,635.719508676349,648.255975728372,634.7643255692599,647.0620727539062,152534100,0.029067828330166412,-0.004347956345000625,-0.0414709940380501,0.0193278441745991,0.011803961030691498
2026-04-01 00:00:00+00:00,SPY,650.6041659517412,655.2008748639518,649.7086779392242,651.9373779296875,97841500,0.007534524709556623,-0.002405507075773472,-0.041014895351329184,0.01950667776692357,0.011823884178755892
2026-04-02 00:00:00+00:00,SPY,643.161809607987,654.8824636102106,641.858414876014,652.5244140625,68358700,0.0009004486514896382,0.01664881589116196,-0.034769727029582365,0.01692580338139594,0.0118102176768915
2026-04-06 00:00:00+00:00,SPY,652.5542919409455,656.3948220300638,652.2160396308291,655.6088256835938,39105800,0.004726890756302504,0.039174321609873,-0.017327124876130973,0.012585815304508871,0.011574670022706365
2026-04-07 00:00:00+00:00,SPY,653.3402849463747,656.285326673986,647.7784337275787,655.8972778320312,69980400,0.00043997599961653755,0.04311906960274148,-0.02543201920510585,0.011841827015177404,0.011360135130309553
2026-04-08 00:00:00+00:00,SPY,672.980811715349,673.6673363432215,668.0756676404139,672.6027221679688,93606100,0.0254696046172882,0.03947171452247411,0.000998552992888424,0.010289583885072433,0.012830595156175755
2026-04-09 00:00:00+00:00,SPY,671.438579338256,677.7266707213284,670.3739652533407,676.4829711914062,57134400,0.005769005826991691,0.03765023159074965,0.008038572049106962,0.010331791346842305,0.012886761804430673
2026-04-10 00:00:00+00:00,SPY,677.885949822129,678.5923930707559,675.0304203424645,676.0353393554688,42253500,-0.0006617045143784139,0.03603072128227969,0.022904277664369754,0.010599925216674133,0.012355910930618252
2026-04-13 00:00:00+00:00,SPY,673.9956432299357,682.8408497944083,673.1698703787699,682.641845703125,54185800,0.009772427509418202,0.04123345958826019,0.03878019066463456,0.010551781909507224,0.012386455762834118
2026-04-14 00:00:00+00:00,SPY,684.2238203737314,691.0791070995066,684.193942434314,690.959716796875,63480500,0.01218482451098879,0.05345721067899123,0.04084499738701175,0.00967500359093004,0.012464312655607105
2026-04-15 00:00:00+00:00,SPY,691.7557051691649,696.7504224001667,690.7010502942645,696.412109375,58240400,0.00789104262604634,0.035398886180965095,0.0463059902447005,0.004888235490491888,0.01253192648972276
2026-04-16 00:00:00+00:00,SPY,697.5264615426626,699.2378238459212,695.0092450197437,698.1234130859375,49972400,0.0024573146961406334,0.03198963287489498,0.06371994631020272,0.005302069108878454,0.011931805923733456
2026-04-17 00:00:00+00:00,SPY,702.5808909886877,708.7993894133457,702.2028014262665,706.5607299804688,70661900,0.012085709684531931,0.0451535427927523,0.07923528369255517,0.004006986854781013,0.01201407570564716
2026-04-20 00:00:00+00:00,SPY,705.20752199003,706.3317705126415,702.5808139687996,705.1477661132812,43546800,-0.0019997769579219726,0.03296885555993856,0.09274236111189937,0.006205623601477988,0.011326188868519506
2026-04-21 00:00:00+00:00,SPY,706.7000123508461,707.6949720613851,699.098505587723,700.53125,58941400,-0.006546877598048839,0.013852519865407364,0.07430811866834697,0.007460898020187813,0.011491514497533913
2026-04-22 00:00:00+00:00,SPY,705.5756906371417,707.8640857857167,704.6503246823615,707.6253051757812,42518500,0.010126679110719516,0.016101379700081075,0.08884233971818123,0.007898141817488042,0.011454103320133866
2026-04-23 00:00:00+00:00,SPY,705.9239069650033,708.7694771316526,698.7403270820959,704.8792114257812,56174000,-0.0038807172806204493,0.009677083182156654,0.07860607981733247,0.008535006997527815,0.01159418279237493
2026-04-24 00:00:00+00:00,SPY,707.1676287635845,710.8688498134599,705.4364085481575,710.341552734375,45182000,0.007749329558953688,0.005351023052202031,0.10672931602605318,0.007392308342702731,0.010425200472632805
2026-04-27 00:00:00+00:00,SPY,709.5753882284523,712.023010938504,708.7097781525541,711.5653076171875,33135900,0.0017227696705925943,0.009100988207449312,0.1278682758018208,0.007187995642760204,0.009080885578013264
2026-04-28 00:00:00+00:00,SPY,708.2321938525355,709.2868486650957,705.6751402340362,708.1028442382812,43117400,-0.0048659811570929135,0.010808360424008567,0.1261452136321386,0.006722237078415266,0.009169931948578534
2026-04-29 00:00:00+00:00,SPY,707.4163145996059,708.6102783309316,704.7995658491443,707.993408203125,41859200,-0.00015454822141547364,0.0005201948328463768,0.09416613647264782,0.005042729761889635,0.007471194317906033
2026-04-30 00:00:00+00:00,SPY,711.0280636665188,716.1620290590424,706.8691393587039,715.0377197265625,67240900,0.009949685183250345,0.014411700807906325,0.09678896153685557,0.006004971016965507,0.007541398395557885
2026-05-01 00:00:00+00:00,SPY,717.6146516977453,721.216400793299,716.8385540170647,717.0177001953125,43049800,0.00276905737155686,0.009398503347070708,0.09883658717271415,0.00537546564318667,0.007503893368795292
2026-05-04 00:00:00+00:00,SPY,716.4406056700121,718.4802608161392,711.3861936216806,714.3909912109375,51950600,-0.0036633809509297732,0.003971081169221513,0.08966042436364763,0.005927266602763701,0.00773620491456851
2026-05-05 00:00:00+00:00,SPY,718.1320898558575,721.3855668152729,717.8534719876392,720.1220092773438,36933200,0.008022242913074518,0.016973756194965883,0.09791888702084206,0.005638851248196271,0.0077212739165612955
2026-05-06 00:00:00+00:00,SPY,724.489821452625,730.8874657022126,724.1515691652952,730.1312866210938,53288900,0.013899418730159985,0.03126848097944057,0.08553126913863185,0.006813943471050273,0.006405303350102139
2026-05-07 00:00:00+00:00,SPY,731.3451201928577,732.4196936796947,726.0718458933673,727.8926391601562,51724600,-0.0030660889376450395,0.017977959873934468,0.07599550935954591,0.007475256993074757,0.006588459413217746
2026-05-08 00:00:00+00:00,SPY,731.2257166531052,734.359863963193,730.8675457398152,733.9021606445312,47227100,0.008256054754597786,0.023548178022131827,0.08559733185580609,0.007722853601438677,0.006580237556937991
2026-05-11 00:00:00+00:00,SPY,732.7380586745534,737.0561496205491,732.7380586745534,735.5736694335938,44024000,0.0022775635209937306,0.02965137926326622,0.07753967041963072,0.006472170234234779,0.006454532132920194
2026-05-12 00:00:00+00:00,SPY,733.1758744234386,735.1160580011854,728.1413807257971,734.4593505859375,54185300,-0.0015148976832113359,0.019909600212027367,0.06295538326129413,0.007060782750635133,0.006236737903427686
2026-05-13 00:00:00+00:00,SPY,734.7478704606156,740.1604537310201,731.7629913201908,738.5685424804688,44200200,0.005594852718878274,0.01155580648847554,0.060533745088525714,0.004734951159763895,0.006164141690389774
2026-05-14 00:00:00+00:00,SPY,739.9018102364839,745.7521781705404,739.8122371427646,744.3989868164062,45307600,0.007894249484761584,0.022676898718601013,0.06628566362774646,0.0041214616692342365,0.0062599071640632945
2026-05-15 00:00:00+00:00,SPY,738.0511867146383,739.712813256131,734.2405345152865,735.4443969726562,60410800,-0.012029288059682064,0.0021014195226929377,0.040879241891897955,0.007823356859835201,0.006766875203797359
2026-05-18 00:00:00+00:00,SPY,736.1010471042457,737.682999009625,729.6935042484962,734.927001953125,47843900,-0.0007035134425675826,-0.0008791335352810181,0.0422311992903055,0.007762088561957979,0.00673239658436739
2026-05-19 00:00:00+00:00,SPY,731.0765556379026,733.9320852676053,727.8429364442825,730.0317993164062,54255900,-0.006660801173054454,-0.006028313569701349,0.042111682121827254,0.0083098420767676,0.006740134100973742
2026-05-20 00:00:00+00:00,SPY,732.0018002736176,738.1307251173267,730.1909663879147,737.5138549804688,45768000,0.0102489448693448,-0.0014280157349483291,0.04223781934602089,0.009442090821452512,0.006747861705652992
2026-05-21 00:00:00+00:00,SPY,734.9170485709385,741.1156280791548,733.3151780259534,738.9764404296875,43332200,0.0019831294549137457,-0.007284462341773934,0.04837315167081857,0.008489422099867833,0.006600460417862316
2026-05-22 00:00:00+00:00,SPY,742.4787264390759,745.1651298094138,740.7275876279662,741.8817749023438,41762000,0.003931565762728351,0.008753045038055962,0.04440148833551749,0.006200936630806454,0.006491475803124687
2026-05-26 00:00:00+00:00,SPY,746.2297301040182,748.3390397979183,744.5979816306177,746.8068237304688,41123600,0.006638589859918387,0.016164628249842883,0.04952674861467621,0.006339536373808994,0.006565317709983945
2026-05-27 00:00:00+00:00,SPY,747.0953563113346,747.5928361692701,744.4487294597059,746.677490234375,42106300,-0.0001731819956434233,0.022801323084221226,0.054476050068107185,0.004065617659476808,0.006371447659967752
2026-05-28 00:00:00+00:00,SPY,746.4685193943138,751.3438462445121,745.4536410614309,750.7965698242188,41562600,0.005516544483684438,0.018010122459464428,0.06045700584942937,0.0027324505181444093,0.00636508454407599
2026-05-29 00:00:00+00:00,SPY,752.0900813404212,754.2590862562773,750.8861582097875,752.6671142578125,55075700,0.002491413132097442,0.018526536272474914,0.05262574755586291,0.002666888650816321,0.006148737523906476
2026-06-01 00:00:00+00:00,SPY,751.5527711685265,756.4480167905853,750.8861651495049,754.7167358398438,43634900,0.002723144858072235,0.0173005475693071,0.052577552317414566,0.0026931298763359503,0.006148674005031554
2026-06-02 00:00:00+00:00,SPY,753.2144012702464,756.5674107365072,752.9357833937803,755.7415771484375,31581900,0.0013579151752256546,0.011963941857598082,0.05788228917529903,0.00209352681593079,0.005980394461386603
2026-06-03 00:00:00+00:00,SPY,754.3287420712209,754.9754294579049,749.7718095132926,750.4384155273438,51402500,-0.00701716271996522,0.005036880503506591,0.04209898580995053,0.00474327640272218,0.006233894682294677
2026-06-04 00:00:00+00:00,SPY,748.3091480570178,754.4878695071194,747.6823186029123,753.2740478515625,49923000,0.003778634283035931,0.003299799342348919,0.031696712159218654,0.004380702087818029,0.005603014408307287
2026-06-05 00:00:00+00:00,SPY,748.5181345185488,749.0255736853693,731.82274221843,733.83251953125,93989400,-0.025809369612244448,-0.025023804507700365,0.008160379775164595,0.012391862863425838,0.008268665383851492
2026-06-08 00:00:00+00:00,SPY,739.6132273185567,741.5832888174093,734.4693026781229,735.4940795898438,49319100,0.002264222440912178,-0.02547002780931995,0.0021691160357322214,0.012321921396745159,0.008076862130379647
2026-06-09 00:00:00+00:00,SPY,739.881873688386,743.1354112835509,718.9479438267383,733.3350219726562,87683500,-0.002935520049857532,-0.02964843519702276,-0.003043403474000561,0.011903151605528533,0.00808834537887378
2026-06-10 00:00:00+00:00,SPY,729.69352181897,734.6583610930755,721.6741489247238,721.7736206054688,60341300,-0.0157655110158077,-0.03819739811924716,-0.0172722016138106,0.012715606238703193,0.008812844426446722
2026-06-11 00:00:00+00:00,SPY,725.0868662900759,736.2702039965386,720.7587550057447,734.04150390625,86330500,0.016996857394830034,-0.025531934891645736,-0.006129476566947734,0.016506107955072985,0.009585507847014278
2026-06-12 00:00:00+00:00,SPY,736.9766163198905,740.6877965432628,731.3252525489901,738.0113525390625,57079500,0.005408207317551872,0.005694532330730917,-0.008580928225953022,0.011971979476666622,0.009489794614141503
2026-06-15 00:00:00+00:00,SPY,748.0604304424444,752.8661028247,747.9709180763429,751.0254516601562,60176400,0.017634009390668393,0.021116923305451785,0.021185904402341027,0.014099701719359191,0.009884414121532922
2026-06-16 00:00:00+00:00,SPY,750.7468576807364,751.6323864215939,746.100412710964,746.5481567382812,67093100,-0.005961575485861181,0.01801786955446638,0.015812665413397653,0.014544123355848383,0.010003982688140291
2026-06-17 00:00:00+00:00,SPY,747.5032315039188,748.3589429763433,735.4940609532621,737.225341796875,85945200,-0.01248789492983049,0.021407988253220323,0.00985373854564231,0.013484860580078842,0.010313760259834001
2026-06-18 00:00:00+00:00,SPY,745.907751654771,746.3765582049119,742.0173878962117,744.8902587890625,80875700,0.010396979807429707,0.014779484300383672,0.010001715572908187,0.012194811468793374,0.010321144285941759
2026-06-22 00:00:00+00:00,SPY,745.8479411927095,748.321778689857,741.2892538871644,742.546142578125,46628100,-0.0031469282666526377,0.006144607428410165,0.004830603457888216,0.012370991723107348,0.010347328751632717
2026-06-23 00:00:00+00:00,SPY,731.9922892059834,737.7978798883457,730.4860198600484,731.7628784179688,66846800,-0.014522012225013592,-0.025648362781324097,-0.013639500021020212,0.009849602583117768,0.01081777426312397
2026-06-24 00:00:00+00:00,SPY,733.3489180103626,738.1171068570358,729.0296875445486,731.4237060546875,57439500,-0.0004635003677893046,-0.020259176246142596,-0.02059852318828459,0.010040601483858606,0.010682314266587112
2026-06-25 00:00:00+00:00,SPY,737.0796452204372,737.5385276888334,727.7927091295785,732.4810791015625,53934400,0.0014456368287247834,-0.006435295189051837,-0.01901277501797516,0.008990015383392088,0.010694920649229129
2026-06-26 00:00:00+00:00,SPY,727.144386135875,734.7056273477464,714.8050317832251,727.1842651367188,71034000,-0.007231332133985857,-0.02376993583071907,-0.03144967043872915,0.006343764890103534,0.010671928912152958
2026-06-29 00:00:00+00:00,SPY,734.7055914816465,739.7231001504891,730.27658724538,739.1644897460938,58035200,0.01647481275894025,-0.004554131572605202,-0.017939703031975007,0.011545706508598897,0.011384377358606422
2026-06-30 00:00:00+00:00,SPY,739.4537599262709,746.1671307285668,739.0547872797607,744.9202270507812,55626000,0.007786815227913024,0.017980344481614008,-0.012980378364289225,0.008968852576102701,0.01152332049320969
2026-07-01 00:00:00+00:00,SPY,743.1545925484338,747.5835968507926,740.541087308444,743.9127197265625,47100900,-0.0013525036475483532,0.01707493695992013,-0.015651987107163867,0.009077759619644955,0.011515143343990857
2026-07-02 00:00:00+00:00,SPY,745.5486859530862,749.4489739445169,738.1969465958291,742.9351806640625,57447800,-0.0013140507435593918,0.014272179665477003,-0.009998468505918123,0.009309117748007086,0.011421368390610436
2026-07-06 00:00:00+00:00,SPY,746.885320136641,750.5462122974698,745.5585975722108,749.4190673828125,50673300,0.008727392224116226,0.030576572283110837,-0.005117633455904769,0.007547962153179288,0.011570213908737081
2026-07-07 00:00:00+00:00,SPY,748.3616416292718,749.0998597580657,743.364102770238,745.85791015625,43721500,-0.004751890339538711,0.009055386863153325,0.01638710510223973,0.006049622794083247,0.009962908566019483
2026-07-08 00:00:00+00:00,SPY,741.3191472958572,744.3017921335774,737.6782249675691,743.5536499023438,43767400,-0.0030894091522385425,-0.0018345281800816737,0.0109580356064789,0.0052729088858075755,0.009995065897527189
2026-07-09 00:00:00+00:00,SPY,745.4987759890873,750.1073272936331,743.7431866839036,749.8480224609375,41441700,0.008465256756416295,0.007978493413254961,0.022517676087338012,0.006495382067809745,0.010107739628259733
2026-07-10 00:00:00+00:00,SPY,750.187115173852,753.5487626123848,746.2468873823584,753.0799560546875,42191300,0.004310118179872147,0.013654993941136562,0.04337417516444697,0.0063482839540860946,0.009302974318897527
2026-07-13 00:00:00+00:00,SPY,750.6060836597362,752.0425191788765,746.1471851864706,747.3142700195312,44013600,-0.007656140611366324,-0.002808571939104554,0.018081765189910115,0.0066988275595798435,0.008857067324884367
2026-07-14 00:00:00+00:00,SPY,749.0499474324819,751.4739818301254,746.8055207475287,749.9677124023438,35143100,0.0035506379166867497,0.00551016780827962,0.016200780410960514,0.006418281401678222,0.008817325758838285
2026-07-15 00:00:00+00:00,SPY,752.3717122204262,753.7084197839658,748.3417413555546,752.9403076171875,43844800,0.003963630921285599,0.012624049005847127,0.0025496552118153826,0.006025995747586912,0.007932456670854461
2026-07-16 00:00:00+00:00,SPY,750.8953984161742,752.7009125511715,746.0274814662645,748.8604125976562,46409800,-0.005418616825605738,-0.0013170800398192295,0.0030972628336227714,0.005799994192815957,0.007911314632807706
2026-07-17 00:00:00+00:00,SPY,740.241827732839,745.438883195828,738.9649691671198,741.4487915039062,62651000,-0.009897199757215702,-0.015444793686603675,0.005728844991596871,0.00645100446112836,0.00771159534890884
2026-07-20 00:00:00+00:00,SPY,745.2094908804986,746.8753371556621,739.6732506975046,740.2518310546875,50422300,-0.0016143534967409945,-0.00945042701333565,-0.006226994754791826,0.005926796542119509,0.007343959372220125
2026-07-21 00:00:00+00:00,SPY,744.4413918284653,747.1845799829406,742.3366329839115,746.426513671875,34324300,0.008341327043244195,-0.004721801581464513,0.005225764260625265,0.007261743902984477,0.0075547251615578105
2026-07-22 00:00:00+00:00,SPY,744.7705725456777,748.1621748950539,744.5211918106933,745.55859375,32836200,-0.001162766737217713,-0.00980385004297113,0.018852712728277377,0.006742275084158947,0.0067209630900159365
2026-07-23 00:00:00+00:00,SPY,737.5385562389782,740.7206569606348,733.3888874570794,736.3515014648438,55437300,-0.012349253784127878,-0.016703928959766245,0.006737265102790824,0.00819046795661202,0.007349183626328622
2026-07-24 00:00:00+00:00,SPY,736.6806667930385,741.8777222786117,735.4636571620507,737.099609375,44782000,0.0010159657563921787,-0.005865788950960016,0.006305323653004624,0.007423201741194994,0.007346474844644748
2026-07-27 00:00:00+00:00,SPY,743.0648074406847,743.6833276942111,734.0472217265344,737.25927734375,41461200,0.00021661654234961247,-0.004042615749661582,0.013854827022607541,0.007439946195449211,0.007128005842959688
2026-07-28 00:00:00+00:00,SPY,737.3589950224286,740.9500533043114,734.156924420905,739.0248413085938,47322200,0.0023947666975516757,-0.009916143421634938,-0.0001889274166132493,0.005939881437340029,0.006112209205820761
2026-07-29 00:00:00+00:00,SPY,738.1370526174048,740.8403618199718,727.2939826612791,727.6531372070312,70697200,-0.015387445003102407,-0.024016162771202332,-0.023179783843583213,0.008364200499154631,0.006725814633816836
2026-07-30 00:00:00+00:00,SPY,734.2267392747757,740.6109103701467,732.7703947650456,739.852783203125,66811300,0.01676574369337569,0.004754905410413457,-0.005457544165839545,0.011398095676946947,0.007827175108631828
2026-07-31 00:00:00+00:00,SPY,742.835410914187,747.0449895804718,735.8527500027326,745.1796264648438,62445900,0.007199869193782904,0.010961906623034201,0.003021051982994072,0.0117307540370818,0.007995652783860286
2026-08-03 00:00:00+00:00,SPY,747.5836183167282,756.7009928898597,746.9451890027125,755.793212890625,59927500,0.014242990614400597,0.025138965512445433,0.008505448800592674,0.012758632902886974,0.008391267799494905
2026-08-04 00:00:00+00:00,SPY,758.7458651152236,771.494176400126,758.6361522059436,769.4193725585938,69154800,0.01802895214665101,0.041127888470136265,0.031589746628024384,0.013819020686427808,0.00915810570504603
2026-08-05 00:00:00+00:00,SPY,773.928165423025,774.9256883846499,767.6039039413469,767.8831787109375,44689100,-0.0019965624761277834,0.05528738824424262,0.03272060975262403,0.008312691634031519,0.009131901159937606
2026-08-06 00:00:00+00:00,SPY,768.3021872511085,769.9081846177485,765.5589990885744,766.65625,38416900,-0.0015978064697251826,0.036228108355329525,0.022415512257936365,0.009067043032584468,0.009013123879784578
2026-08-07 00:00:00+00:00,SPY,769.1101628301597,772.0029428489042,767.703621378493,771.3446044921875,43586300,0.0061153280785064545,0.03511230996943815,0.024253265925688217,0.00907927829530913,0.009055401926087668
2026-08-10 00:00:00+00:00,SPY,770.6861849056471,773.1301282404592,769.7086319253093,771.1151733398438,39249500,-0.0002974431285415191,0.020272688597742228,0.031848586699261716,0.008471062203539808,0.008821484778338237
2026-08-11 00:00:00+00:00,SPY,772.6115040483734,772.6912620504304,767.2946895097219,768.6513061523438,36740600,-0.003195199981383512,-0.0009982415749371087,0.024912530821028955,0.003675779717589209,0.008872026048337272
2026-08-12 00:00:00+00:00,SPY,772.7910096110111,772.9805414027246,769.369513273419,770.5764770507812,33179100,0.0025046088948632583,0.0035074323992421164,0.02342306455794163,0.0036752417546999433,0.008854679590990818
2026-08-13 00:00:00+00:00,SPY,772.9506321027081,777.4394855444215,772.1925048911166,775.9531860351562,35634500,0.006977515074108265,0.01212660307035418,0.03617866959146676,0.004282187387487398,0.008801029272721896
2026-08-14 00:00:00+00:00,SPY,776.6114939657781,776.8708596736758,773.509212209858,774.4169921875,31367900,-0.0019797506799419384,0.003983158341186899,0.04446456864097548,0.004060799896395838,0.008416118441627872
2026-08-17 00:00:00+00:00,SPY,774.2573577843602,774.8559080861019,770.5964655970525,770.7560424804688,34356600,-0.004727362317670902,-0.000465729208542931,0.04120788378506246,0.004780171040954167,0.008518753027031289
2026-08-18 00:00:00+00:00,SPY,766.7959149360092,767.5939211307613,765.0202948350139,765.5490112304688,43920900,-0.00675574496080833,-0.004036023743203221,0.025618727642088945,0.00556095744722612,0.008600931366956817
2026-08-19 00:00:00+00:00,SPY,768.4517358705159,770.5564946026684,766.1973243479778,767.1549682617188,40306000,0.0020977847370853286,-0.004440193661448877,0.02896670321120376,0.005503265878690804,0.008582662518668583
2026-08-20 00:00:00+00:00,SPY,764.0627220124634,766.2472997692572,760.1523881029335,760.7109985351562,45520300,-0.008399827926766523,-0.019643179220491525,0.03308134365429205,0.004145328808922696,0.008288519592769866
2026-08-21 00:00:00+00:00,SPY,764.1524418077088,765.9479709365374,762.2770937955632,763.8232421875,39188700,0.004091229991858514,-0.013679645600331858,0.0362551173173995,0.005526737864791609,0.008304430484523896
2026-08-24 00:00:00+00:00,SPY,762.8856098637509,763.3244615010249,760.1922857963137,761.5787963867188,32430900,-0.0029384361156037375,-0.011906810440584503,0.03298638591648362,0.005422745888749043,0.008366127844237448
2026-08-25 00:00:00+00:00,SPY,764.262137078792,764.8806573052586,761.159855395616,764.0127563476562,27422300,0.003195939766817757,-0.0020067361596395328,0.03381200961366382,0.00523882923491395,0.008371761720608734
2026-08-26 00:00:00+00:00,SPY,762.8356805789958,765.449185749943,762.0376744224566,764.182373046875,28751600,0.00022200767959623668,-0.0038748301683808606,0.050201440730476055,0.00508086155119499,0.007361883485495031
2026-08-27 00:00:00+00:00,SPY,766.5964060257239,770.4468300957561,765.2596984507333,769.18994140625,34557100,0.006552844629756693,0.01114607635149345,0.03965269695426765,0.0036684065992003633,0.006637185987221842
2026-08-28 00:00:00+00:00,SPY,769.8483393622295,773.3795487683207,766.4068729286823,767.4442749023438,36744300,-0.0022694869107554583,0.0047406684097142104,0.029878230223663316,0.00395129992759041,0.006581772565147681
2026-08-31 00:00:00+00:00,SPY,765.4292990280279,766.097622354185,762.8257178677422,765.1499633789062,38810800,-0.002989548034258882,0.0046891628405763,0.012380040371750889,0.003963928871059955,0.005919538500321884
2026-09-01 00:00:00+00:00,SPY,760.1224772031874,762.7758614763637,757.5987149009983,759.89306640625,41126300,-0.006870413937474118,-0.005392174289209906,-0.012381162331103535,0.0049634986455824644,0.00452134556730479
2026-09-02 00:00:00+00:00,SPY,760.5614001563074,764.5315220914426,759.8431519587122,763.2646484375,29566200,0.004436916429827686,-0.0012009235514238714,-0.00601462618466353,0.005560053471859392,0.004644900349179318
2026-09-03 00:00:00+00:00,SPY,765.99791709853,772.112737807933,765.5490195828438,771.2548217773438,43531600,0.010468417941536634,0.0026844869647133507,0.0059982185984184255,0.006874289954496436,0.005214921849769845
2026-09-04 00:00:00+00:00,SPY,770.0977256925568,770.9555808433835,767.0951717806925,768.2822265625,34054200,-0.0038542322600894074,0.0010918729705331476,-0.003970181306581666,0.0070708084769998325,0.005106350210618907
2026-09-08 00:00:00+00:00,SPY,767.1649647963771,767.7934091111229,763.2447069992287,764.0626831054688,44746100,-0.005492178930014524,-0.0014210028432022348,-0.009145832526974318,0.007435585440795566,0.0052425887510686615
2026-09-09 00:00:00+00:00,SPY,762.1873669257697,762.5763546117217,759.055130192088,760.5115356445312,32812400,-0.004647717444469568,0.0008138898295337871,-0.010589678886461451,0.006995147524939105,0.0052924977878354975
2026-09-10 00:00:00+00:00,SPY,756.1523365872063,758.2271404471661,754.7657651010062,755.9528198242188,42740400,-0.005994275703456675,-0.009579676758578404,-0.018977554677676478,0.006964436451851125,0.005377473412089717
2026-09-11 00:00:00+00:00,SPY,762.8257171109622,764.4816392943262,761.7084962835214,762.3967895507812,45512700,0.008524301461116268,-0.01148522119595874,-0.017470637054334825,0.006101850924354529,0.0055069588529958954
2026-09-14 00:00:00+00:00,SPY,757.119891309806,761.6287143614769,756.0525344863368,758.9952392578125,43992400,-0.004461653484890693,-0.01208798926175858,-0.01991401671872617,0.00614659207292023,0.005561064105850778
2026-09-15 00:00:00+00:00,SPY,758.2371341657202,758.4665449596201,754.2769973083872,755.513916015625,46195000,-0.004586752409134642,-0.011188567743026012,-0.01977555234700612,0.006045755463497947,0.005556178016325622
2026-09-16 00:00:00+00:00,SPY,757.6187023523285,759.7833101686804,747.7432005092232,752.1821899414062,59217700,-0.0044098804847823025,-0.010952293703297866,-0.017460438316781235,0.006022901625053708,0.00545168964542804
2026-09-17 00:00:00+00:00,SPY,761.2596848801362,761.6786274833105,758.0775841455181,760.7109985351562,49652800,0.011338753705953053,0.006294279994939256,-0.008399827926766523,0.007959562389510493,0.006072389115976599
2026-09-18 00:00:00+00:00,SPY,761.3099975585938,762.0,757.969970703125,761.6900024414062,65395100,0.0012869590529585029,-0.0009270593988092157,0.0012869590529585029,0.006900664076988385,0.005780377583392196
2026-09-21 00:00:00+00:00,SPY,766.25,774.8900146484375,766.030029296875,773.5,50484700,0.015504992215651825,0.019110476577390623,0.01266884441063465,0.009190908326859927,0.00668921388443311
2026-09-22 00:00:00+00:00,SPY,774.030029296875,775.1400146484375,772.5700073242188,773.3800048828125,34802300,-0.00015513266604716414,0.023647597335345383,0.015495715679170852,0.008352112436736885,0.006639378074192731
2026-09-23 00:00:00+00:00,SPY,772.7899780273438,773.0499877929688,766.5,767.8099975585938,54931700,-0.007202161019229769,0.020776625432203932,0.00497012802389607,0.00916810570657726,0.006844995885186875
2026-09-24 00:00:00+00:00,SPY,764.0700073242188,768.9500122070312,763.25,767.1799926757812,43983700,-0.000820521854125067,0.00850387880953729,0.003922649533192546,0.00836344465431644,0.006849349486683942
2026-09-25 00:00:00+00:00,SPY,768.780029296875,772.280029296875,766.2899780273438,771.3499755859375,36629600,0.005435468794763754,0.012682289531920743,0.0028081934817536514,0.008513820034899193,0.006799331976175948
